日付,曜日,始値,終値,高値,安値
2026/07/17,Fri,24904.0,24933.0,24990.0,24715.0
2026/07/16,Thu,25136.0,24977.0,25174.0,24795.0
2026/07/15,Wed,25196.0,25127.0,25251.0,24942.0
2026/07/14,Tue,25095.0,25264.0,25343.0,24898.0
2026/07/13,Mon,25174.0,25200.0,25271.0,24892.0
2026/07/12,Sun,,,,
2026/07/11,Sat,,,,
2026/07/10,Fri,25222.0,25199.0,25319.0,25047.0
2026/07/09,Thu,25158.0,25226.0,25261.0,24986.0
2026/07/08,Wed,25592.0,24988.0,25661.0,24958.0
2026/07/07,Tue,25949.0,25624.0,25958.0,25550.0
2026/07/06,Mon,25995.0,25967.0,26064.0,25834.0
2026/07/05,Sun,,,,
2026/07/04,Sat,,,,
2026/07/03,Fri,25799.0,25946.0,25978.0,25754.0
2026/07/02,Thu,25161.0,25707.0,25810.0,25096.0
2026/07/01,Wed,25164.0,25204.0,25242.0,25028.0
2026/06/30,Tue,24916.0,25136.0,25196.0,24835.0
2026/06/29,Mon,24897.0,24794.0,24966.0,24718.0
2026/06/28,Sun,,,,
2026/06/27,Sat,,,,
2026/06/26,Fri,25136.0,24838.0,25149.0,24712.0
2026/06/25,Thu,24921.0,25167.0,25258.0,24848.0
2026/06/24,Wed,25091.0,24884.0,25120.0,24755.0
2026/06/23,Tue,25209.0,25109.0,25264.0,24896.0
2026/06/22,Mon,25111.0,25320.0,25353.0,25070.0
2026/06/21,Sun,,,,
2026/06/20,Sat,,,,
2026/06/19,Fri,25045.0,25045.3,25168.0,24906.0
2026/06/18,Thu,25060.0,25032.0,25074.0,24831.0
2026/06/17,Wed,24774.0,24934.0,24982.0,24764.0
2026/06/16,Tue,24854.0,24929.0,25123.0,24769.0
2026/06/15,Mon,24915.0,24919.0,25105.0,24847.0
2026/06/14,Sun,,,,
2026/06/13,Sat,,,,
2026/06/12,Fri,24549.0,24786.0,24907.0,24549.0
2026/06/11,Thu,24322.0,24394.0,24804.0,24280.0
2026/06/10,Wed,24280.0,24400.0,24489.0,24272.0
2026/06/09,Tue,24795.0,24610.0,24921.0,24630.0
2026/06/08,Mon,24740.0,24829.0,24908.0,24555.0
2026/06/07,Sun,,,,
2026/06/06,Sat,,,,
2026/06/05,Fri,24862.0,24798.0,25055.0,24517.0
2026/06/04,Thu,24724.0,24945.0,25036.0,24699.0
2026/06/03,Wed,25108.0,24839.0,25151.0,24737.0
2026/06/02,Tue,25033.0,25151.0,25397.0,25013.0
2026/06/01,Mon,25133.0,25026.0,25336.0,24929.0
2026/05/31,Sun,,,,
2026/05/30,Sat,,,,
2026/05/29,Fri,25145.0,25179.0,25243.0,25063.0
2026/05/28,Thu,25229.0,25136.0,25294.0,24960.0
2026/05/27,Wed,25327.0,25258.0,25441.0,25149.0
2026/05/26,Tue,25308.0,25249.0,25425.0,25206.0
2026/05/25,Mon,25095.0,25447.0,25494.0,25073.0
2026/05/24,Sun,,,,
2026/05/23,Sat,,,,
2026/05/22,Fri,24931.0,24970.0,25000.0,24709.0
2026/05/21,Thu,24768.0,24711.0,24965.0,24569.0
2026/05/20,Wed,24318.0,24790.0,24944.0,24200.0
2026/05/19,Tue,24414.0,24484.0,24742.0,24242.0
2026/05/18,Mon,23792.0,24303.0,24482.0,23674.0
2026/05/17,Sun,,,,
2026/05/16,Sat,,,,
2026/05/15,Fri,24359.0,23990.0,24396.0,23906.0
2026/05/14,Thu,24327.0,24504.0,24545.0,24241.0
2026/05/13,Wed,24044.0,24158.0,24288.0,24041.0
2026/05/12,Tue,24312.0,24019.0,24328.0,23985.0
2026/05/11,Mon,24386.0,24413.0,24424.0,24260.0
2026/05/10,Sun,,,,
2026/05/09,Sat,,,,
2026/05/08,Fri,24533.0,24358.0,24584.0,24334.0
2026/05/07,Thu,25009.0,24746.0,25106.0,24482.0
2026/05/06,Wed,24609.0,25051.0,25252.0,24588.0
2026/05/05,Tue,24030.0,24487.0,24534.0,23976.0
2026/05/04,Mon,24500.0,24124.0,24520.0,23939.0
2026/05/03,Sun,,,,
2026/05/02,Sat,,,,
2026/05/01,Fri,,,,
2026/04/30,Thu,24011.0,24387.0,24448.0,23729.0
2026/04/29,Wed,24153.0,24052.0,24245.0,23903.0
2026/04/28,Tue,24290.0,24166.0,24295.0,24022.0
2026/04/27,Mon,24294.0,24221.0,24511.0,24176.0
2026/04/26,Sun,,,,
2026/04/25,Sat,,,,
2026/04/24,Fri,24333.0,24265.0,24468.0,24126.0
2026/04/23,Thu,24196.0,24321.0,24399.0,23983.0
2026/04/22,Wed,24390.0,24357.0,24545.0,24280.0
2026/04/21,Tue,24654.0,24444.0,24765.0,24179.0
2026/04/20,Mon,24560.0,24592.0,24658.0,24446.0
2026/04/19,Sun,,,,
2026/04/18,Sat,,,,
2026/04/17,Fri,24287.0,24867.0,24966.0,24270.0
2026/04/16,Thu,24287.0,24319.0,24426.0,24219.0
2026/04/15,Wed,24239.0,24258.0,24324.0,24154.0
2026/04/14,Tue,24115.0,24219.0,24271.0,24041.0
2026/04/13,Mon,23649.0,23922.0,24129.0,23602.0
2026/04/12,Sun,,,,
2026/04/11,Sat,,,,
2026/04/10,Fri,24041.0,24037.0,24240.0,23892.0
2026/04/09,Thu,24131.0,23938.0,24190.0,23853.0
2026/04/08,Wed,23988.0,24201.0,24424.0,23988.0
2026/04/07,Tue,23454.0,23102.0,23590.0,23016.0
2026/04/06,Mon,,,,
2026/04/05,Sun,,,,
2026/04/04,Sat,,,,
2026/04/03,Fri,,,,
2026/04/02,Thu,23452.0,23289.0,23530.0,22848.0
2026/04/01,Wed,23266.0,23459.0,23600.0,23196.0
2026/03/31,Tue,22513.0,22837.0,23257.0,22481.0
2026/03/30,Mon,22179.0,22687.0,22814.0,22124.0
2026/03/29,Sun,,,,
2026/03/28,Sat,,,,
2026/03/27,Fri,22857.0,22502.0,22972.0,22247.0
2026/03/26,Thu,23062.0,22771.0,23112.0,22699.0
2026/03/25,Wed,23135.0,23138.0,23284.0,23005.0
2026/03/24,Tue,22954.0,22833.0,23130.0,22545.0
2026/03/23,Mon,22298.0,22814.0,23710.0,22057.0
2026/03/22,Sun,,,,
2026/03/21,Sat,,,,
2026/03/20,Fri,23046.0,22862.6,23173.0,22703.0
2026/03/19,Thu,23164.0,22853.0,23271.0,22726.0
2026/03/18,Wed,23716.0,23532.0,23963.0,23121.0
2026/03/17,Tue,23603.0,23728.0,23828.0,23415.0
2026/03/16,Mon,23536.0,23571.0,23708.0,23336.0
2026/03/15,Sun,,,,
2026/03/14,Sat,,,,
2026/03/13,Fri,23836.0,23657.0,23984.0,23524.0
2026/03/12,Thu,23627.0,23796.0,23906.0,23603.0
2026/03/11,Wed,24165.0,23816.0,24221.0,23790.0
2026/03/10,Tue,23959.0,24173.0,24284.0,23959.0
2026/03/09,Mon,23235.0,23625.0,24110.0,22976.0
2026/03/08,Sun,,,,
2026/03/07,Sat,,,,
2026/03/06,Fri,23908.0,23547.0,24047.0,23353.0
2026/03/05,Thu,24322.0,23782.0,24388.0,23693.0
2026/03/04,Wed,24012.0,24239.0,24318.0,23730.0
2026/03/03,Tue,24600.0,23764.0,24689.0,23613.0
2026/03/02,Mon,24983.0,24695.0,25052.0,24602.0
2026/03/01,Sun,,,,
2026/02/28,Sat,,,,
2026/02/27,Fri,25321.0,25347.0,25443.0,25187.0
2026/02/26,Thu,25235.0,25313.0,25390.0,25124.0
2026/02/25,Wed,25082.0,25212.0,25264.0,25031.0
2026/02/24,Tue,25029.0,25062.0,25134.0,24919.0
2026/02/23,Mon,25200.0,25027.0,25239.0,24976.0
2026/02/22,Sun,,,,
2026/02/21,Sat,,,,
2026/02/20,Fri,25072.0,25295.0,25385.0,25044.0
2026/02/19,Thu,25262.0,25059.0,25322.0,25016.0
2026/02/18,Wed,25077.0,25339.0,25371.0,25053.0
2026/02/17,Tue,24902.0,25058.0,25106.0,24731.0
2026/02/16,Mon,25006.0,24870.0,25074.0,24843.0
2026/02/15,Sun,,,,
2026/02/14,Sat,,,,
2026/02/13,Fri,24981.0,24959.0,25040.0,24806.0
2026/02/12,Thu,24977.0,24888.0,25310.0,24881.0
2026/02/11,Wed,25095.0,24953.0,25124.0,24903.0
2026/02/10,Tue,25076.0,25061.0,25158.0,25011.0
2026/02/09,Mon,24903.0,25081.0,25117.0,24788.0
2026/02/08,Sun,,,,
2026/02/07,Sat,,,,
2026/02/06,Fri,24394.0,24797.0,24861.0,24278.0
2026/02/05,Thu,24711.0,24528.0,24809.0,24358.0
2026/02/04,Wed,24844.0,24744.0,24964.0,24606.0
2026/02/03,Tue,24960.0,24861.0,25190.0,24708.0
2026/02/02,Mon,24587.0,24880.0,24947.0,24294.0
2026/02/01,Sun,,,,
2026/01/31,Sat,,,,
2026/01/30,Fri,24565.0,24616.0,24677.0,24397.0
2026/01/29,Thu,24933.0,24394.0,25017.0,24356.0
2026/01/28,Wed,24978.0,24934.0,25046.0,24804.0
2026/01/27,Tue,25045.0,25009.0,25122.0,24946.0
2026/01/26,Mon,24900.0,25053.0,25092.0,24839.0
2026/01/25,Sun,,,,
2026/01/24,Sat,,,,
2026/01/23,Fri,24932.0,24956.0,25036.0,24898.0
2026/01/22,Thu,25005.0,24984.0,25056.0,24876.0
2026/01/21,Wed,24713.0,24689.0,25010.0,24455.0
2026/01/20,Tue,25034.0,24803.0,25052.0,24621.0
2026/01/19,Mon,25231.0,25072.0,25231.0,25026.0
2026/01/18,Sun,,,,
2026/01/17,Sat,,,,
2026/01/16,Fri,25397.0,25398.0,25476.0,25322.0
2026/01/15,Thu,25438.0,25502.0,25517.0,25360.0
2026/01/14,Wed,25521.0,25446.0,25592.0,25347.0
2026/01/13,Tue,25559.0,25546.0,25641.0,25466.0
2026/01/12,Mon,25379.0,25532.0,25589.0,25331.0
2026/01/11,Sun,,,,
2026/01/10,Sat,,,,
2026/01/09,Fri,25323.0,25387.0,25413.0,25238.0
2026/01/08,Thu,25240.0,25261.0,25357.0,25140.0
2026/01/07,Wed,25116.0,25235.0,25289.0,25079.0
2026/01/06,Tue,25005.0,25039.0,25124.0,24975.0
2026/01/05,Mon,24729.0,25001.0,25024.0,24728.0
2026/01/04,Sun,,,,
2026/01/03,Sat,,,,
2026/01/02,Fri,24642.0,24673.0,24829.0,24592.0
2026/01/01,Thu,,,,
2025/12/31,Wed,,,,
2025/12/30,Tue,24511.0,24690.0,24802.0,24471.0
2025/12/29,Mon,24519.0,24530.0,24590.0,24408.0
2025/12/28,Sun,,,,
2025/12/27,Sat,,,,
2025/12/26,Fri,,,,
2025/12/25,Thu,,,,
2025/12/24,Wed,,,,
2025/12/23,Tue,24457.0,24496.0,24527.0,24415.0
2025/12/22,Mon,24466.0,24467.0,24524.0,24367.0
2025/12/21,Sun,,,,
2025/12/20,Sat,,,,
2025/12/19,Fri,24131.0,24154.3,24258.0,24125.0
2025/12/18,Thu,23909.0,24201.0,24225.0,23868.0
2025/12/17,Wed,24085.0,23966.0,24198.0,23890.0
2025/12/16,Tue,24169.0,24097.0,24208.0,24010.0
2025/12/15,Mon,24241.0,24270.0,24345.0,24164.0
2025/12/14,Sun,,,,
2025/12/13,Sat,,,,
2025/12/12,Fri,24517.0,24386.0,24654.0,24346.0
2025/12/11,Thu,24249.0,24454.0,24562.0,24195.0
2025/12/10,Wed,24300.0,24287.0,24407.0,24224.0
2025/12/09,Tue,24238.0,24355.0,24345.0,24238.0
2025/12/08,Mon,24229.0,24238.0,24295.0,24180.0
2025/12/07,Sun,,,,
2025/12/06,Sat,,,,
2025/12/05,Fri,23892.0,24062.0,24154.0,23892.0
2025/12/04,Thu,23818.0,23921.0,23956.0,23789.0
2025/12/03,Wed,23770.0,23708.0,23873.0,23672.0
2025/12/02,Tue,23591.0,23745.0,23828.0,23587.0
2025/12/01,Mon,23866.0,23629.0,23866.0,23461.0
2025/11/30,Sun,,,,
2025/11/29,Sat,,,,
2025/11/28,Fri,23840.0,23868.0,23922.0,23748.0
2025/11/27,Thu,23772.0,23812.0,23875.0,23732.0
2025/11/26,Wed,23738.0,23743.0,23825.0,23483.0
2025/11/25,Tue,23294.0,23505.0,23623.0,23176.0
2025/11/24,Mon,23310.0,23299.0,23438.0,23191.0
2025/11/23,Sun,,,,
2025/11/22,Sat,,,,
2025/11/21,Fri,23025.0,23138.0,23345.0,22977.0
2025/11/20,Thu,23500.0,23357.0,23558.0,22963.0
2025/11/19,Wed,23230.0,23251.0,23426.0,23121.0
2025/11/18,Tue,23516.0,23223.0,23525.0,23135.0
2025/11/17,Mon,23892.0,23632.0,23989.0,23409.0
2025/11/16,Sun,,,,
2025/11/15,Sat,,,,
2025/11/14,Fri,24143.0,23939.0,24180.0,23666.0
2025/11/13,Thu,24481.0,24111.0,24569.0,23998.0
2025/11/12,Wed,24255.0,24452.0,24513.0,24253.0
2025/11/11,Tue,24159.0,24164.0,24260.0,24013.0
2025/11/10,Mon,23867.0,24056.0,24158.0,23867.0
2025/11/09,Sun,,,,
2025/11/08,Sat,,,,
2025/11/07,Fri,23826.0,23610.0,23903.0,23514.0
2025/11/06,Thu,24156.0,23807.0,24174.0,23752.0
2025/11/05,Wed,23905.0,24123.0,24194.0,23656.0
2025/11/04,Tue,24166.0,24017.0,24176.0,23744.0
2025/11/03,Mon,24113.0,24188.0,24332.0,24040.0
2025/11/02,Sun,,,,
2025/11/01,Sat,,,,
2025/10/31,Fri,24223.0,24034.0,24225.0,23987.0
2025/10/30,Thu,24230.0,24219.0,24341.0,24110.0
2025/10/29,Wed,24334.0,24207.0,24408.0,24090.0
2025/10/28,Tue,24400.0,24380.0,24435.0,24270.0
2025/10/27,Mon,24420.0,24397.0,24498.0,24275.0
2025/10/26,Sun,,,,
2025/10/25,Sat,,,,
2025/10/24,Fri,24292.0,24334.0,24395.0,24229.0
2025/10/23,Thu,24219.0,24310.0,24324.0,24127.0
2025/10/22,Wed,24420.0,24251.0,24461.0,24042.0
2025/10/21,Tue,24448.0,24451.0,24487.0,24300.0
2025/10/20,Mon,24033.0,24397.0,24441.0,24011.0
2025/10/19,Sun,,,,
2025/10/18,Sat,,,,
2025/10/17,Fri,24127.0,23945.0,24149.0,23778.0
2025/10/16,Thu,24266.0,24374.0,24392.0,24122.0
2025/10/15,Wed,24398.0,24324.0,24472.0,24114.0
2025/10/14,Tue,24530.0,24342.0,24593.0,24091.0
2025/10/13,Mon,24497.0,24488.0,24563.0,24367.0
2025/10/12,Sun,,,,
2025/10/11,Sat,,,,
2025/10/10,Fri,24787.0,24378.0,24809.0,24281.0
2025/10/09,Thu,24746.0,24769.0,24891.0,24669.0
2025/10/08,Wed,24485.0,24746.0,24754.0,24481.0
2025/10/07,Tue,24537.0,24505.0,24579.0,24426.0
2025/10/06,Mon,24558.0,24512.0,24606.0,24387.0
2025/10/05,Sun,,,,
2025/10/04,Sat,,,,
2025/10/03,Fri,24613.0,24510.0,24667.0,24461.0
2025/10/02,Thu,24341.0,24568.0,24630.0,24340.0
2025/10/01,Wed,24019.0,24286.0,24395.0,23869.0
2025/09/30,Tue,23892.0,24011.0,24083.0,23801.0
2025/09/29,Mon,23904.0,23906.0,24008.0,23794.0
2025/09/28,Sun,,,,
2025/09/27,Sat,,,,
2025/09/26,Fri,23707.0,23864.0,23894.0,23659.0
2025/09/25,Thu,23847.0,23648.0,23862.0,23507.0
2025/09/24,Wed,23684.0,23818.0,23872.0,23630.0
2025/09/23,Tue,23703.0,23768.0,23861.0,23637.0
2025/09/22,Mon,23796.0,23668.0,23825.0,23553.0
2025/09/21,Sun,,,,
2025/09/20,Sat,,,,
2025/09/19,Fri,23697.0,23633.2,23778.0,23613.0
2025/09/18,Thu,23435.0,23673.0,23726.0,23397.0
2025/09/17,Wed,23402.0,23348.0,23479.0,23283.0
2025/09/16,Tue,23753.0,23327.0,23796.0,23322.0
2025/09/15,Mon,23703.0,23745.0,23865.0,23664.0
2025/09/14,Sun,,,,
2025/09/13,Sat,,,,
2025/09/12,Fri,23858.0,23827.0,23932.0,23746.0
2025/09/11,Thu,23745.0,23833.0,23930.0,23710.0
2025/09/10,Wed,23974.0,23777.0,24128.0,23742.0
2025/09/09,Tue,23889.0,23881.0,24009.0,23800.0
2025/09/08,Mon,23855.0,23978.0,23970.0,23815.0
2025/09/07,Sun,,,,
2025/09/06,Sat,,,,
2025/09/05,Fri,23854.0,23611.0,23916.0,23565.0
2025/09/04,Thu,23655.0,23810.0,23860.0,23590.0
2025/09/03,Wed,23665.0,23635.0,23737.0,23532.0
2025/09/02,Tue,24042.0,23538.0,24126.0,23506.0
2025/09/01,Mon,24043.0,24053.0,24083.0,23960.0
2025/08/31,Sun,,,,
2025/08/30,Sat,,,,
2025/08/29,Fri,24090.0,23958.0,24099.0,23910.0
2025/08/28,Thu,24028.0,24079.0,24242.0,24001.0
2025/08/27,Wed,24256.0,24091.0,24294.0,24014.0
2025/08/26,Tue,24283.0,24226.0,24311.0,24075.0
2025/08/25,Mon,24408.0,24304.0,24419.0,24256.0
2025/08/24,Sun,,,,
2025/08/23,Sat,,,,
2025/08/22,Fri,24318.0,24417.0,24493.0,24243.0
2025/08/21,Thu,24341.0,24335.0,24373.0,24219.0
2025/08/20,Wed,24390.0,24325.0,24420.0,24256.0
2025/08/19,Tue,24403.0,24484.0,24494.0,24328.0
2025/08/18,Mon,24494.0,24350.0,24510.0,24291.0
2025/08/17,Sun,,,,
2025/08/16,Sat,,,,
2025/08/15,Fri,24494.0,24427.0,24595.0,24380.0
2025/08/14,Thu,24296.0,24426.0,24493.0,24172.0
2025/08/13,Wed,24190.0,24247.0,24310.0,24133.0
2025/08/12,Tue,24111.0,24112.0,24255.0,24001.0
2025/08/11,Mon,24314.0,24134.0,24345.0,24087.0
2025/08/10,Sun,,,,
2025/08/09,Sat,,,,
2025/08/08,Fri,24302.0,24254.0,24369.0,24151.0
2025/08/07,Thu,24031.0,24255.0,24455.0,23966.0
2025/08/06,Wed,23939.0,23972.0,24106.0,23870.0
2025/08/05,Tue,23869.0,23921.0,24050.0,23851.0
2025/08/04,Mon,23549.0,23824.0,23882.0,23544.0
2025/08/03,Sun,,,,
2025/08/02,Sat,,,,
2025/08/01,Fri,24053.0,23538.0,24103.0,23446.0
2025/07/31,Thu,24376.0,24161.0,24510.0,24041.0
2025/07/30,Wed,24302.0,24352.0,24395.0,24212.0
2025/07/29,Tue,24063.0,24278.0,24393.0,24042.0
2025/07/28,Mon,24545.0,24030.0,24645.0,24006.0
2025/07/27,Sun,,,,
2025/07/26,Sat,,,,
2025/07/25,Fri,24363.0,24320.0,24402.0,24145.0
2025/07/24,Thu,24623.0,24395.0,24652.0,24315.0
2025/07/23,Wed,24197.0,24309.0,24625.0,24154.0
2025/07/22,Tue,24357.0,24112.0,24358.0,23997.0
2025/07/21,Mon,24313.0,24391.0,24423.0,24270.0
2025/07/20,Sun,,,,
2025/07/19,Sat,,,,
2025/07/18,Fri,24510.0,24383.0,24588.0,24263.0
2025/07/17,Thu,24263.0,24458.0,24513.0,24247.0
2025/07/16,Wed,24095.0,24173.0,24303.0,24016.0
2025/07/15,Tue,24295.0,24179.0,24391.0,24131.0
2025/07/14,Mon,24225.0,24260.0,24332.0,24064.0
2025/07/13,Sun,,,,
2025/07/12,Sat,,,,
2025/07/11,Fri,24535.0,24332.0,24550.0,24261.0
2025/07/10,Thu,24690.0,24577.0,24748.0,24531.0
2025/07/09,Wed,24331.0,24632.0,24741.0,24301.0
2025/07/08,Tue,24107.0,24301.0,24384.0,24085.0
2025/07/07,Mon,23992.0,24150.0,24231.0,23896.0
2025/07/06,Sun,,,,
2025/07/05,Sat,,,,
2025/07/04,Fri,23990.0,23898.0,24009.0,23804.0
2025/07/03,Thu,23937.0,24009.0,24059.0,23866.0
2025/07/02,Wed,23827.0,23896.0,23965.0,23724.0
2025/07/01,Tue,24002.0,23824.0,24108.0,23745.0
2025/06/30,Mon,24222.0,24049.0,24287.0,23963.0
2025/06/29,Sun,,,,
2025/06/28,Sat,,,,
2025/06/27,Fri,23855.0,24123.0,24217.0,23852.0
2025/06/26,Thu,23633.0,23748.0,23853.0,23609.0
2025/06/25,Wed,23868.0,23634.0,23878.0,23583.0
2025/06/24,Tue,23670.0,23775.0,23937.0,23618.0
2025/06/23,Mon,23340.0,23395.0,23560.0,23195.0
2025/06/22,Sun,,,,
2025/06/21,Sat,,,,
2025/06/20,Fri,23137.0,23340.3,23315.0,23137.0
2025/06/19,Thu,23320.0,23055.0,23320.0,23024.0
2025/06/18,Wed,23339.0,23347.0,23512.0,23263.0
2025/06/17,Tue,23500.0,23462.0,23565.0,23299.0
2025/06/16,Mon,23471.0,23697.0,23723.0,23409.0
2025/06/15,Sun,,,,
2025/06/14,Sat,,,,
2025/06/13,Fri,23799.0,23629.0,23799.0,23457.0
2025/06/12,Thu,23929.0,23915.0,24021.0,23761.0
2025/06/11,Wed,24139.0,24121.0,24250.0,23975.0
2025/06/10,Tue,24350.0,24191.0,24350.0,24115.0
2025/06/09,Mon,24370.0,24324.0,24370.0,24258.0
2025/06/08,Sun,,,,
2025/06/07,Sat,,,,
2025/06/06,Fri,24276.0,24312.0,24374.0,24232.0
2025/06/05,Thu,24297.0,24348.0,24512.0,24201.0
2025/06/04,Wed,24177.0,24289.0,24371.0,24150.0
2025/06/03,Tue,24080.0,24114.0,24171.0,23844.0
2025/06/02,Mon,24020.0,23976.0,24120.0,23765.0
2025/06/01,Sun,,,,
2025/05/31,Sat,,,,
2025/05/30,Fri,23947.0,24045.0,24215.0,23914.0
2025/05/29,Thu,24336.0,24005.0,24424.0,23874.0
2025/05/28,Wed,24296.0,24105.0,24365.0,24059.0
2025/05/27,Tue,24019.0,24303.0,24343.0,23995.0
2025/05/26,Mon,23859.0,24039.0,24085.0,23843.0
2025/05/25,Sun,,,,
2025/05/24,Sat,,,,
2025/05/23,Fri,24102.0,23647.0,24190.0,23307.0
2025/05/22,Thu,23974.0,24060.0,24138.0,23889.0
2025/05/21,Wed,24091.0,24176.0,24215.0,23924.0
2025/05/20,Tue,24114.0,24074.0,24145.0,23957.0
2025/05/19,Mon,23800.0,23967.0,24101.0,23728.0
2025/05/18,Sun,,,,
2025/05/17,Sat,,,,
2025/05/16,Fri,23820.0,23816.0,23955.0,23728.0
2025/05/15,Thu,23551.0,23758.0,23805.0,23411.0
2025/05/14,Wed,23674.0,23587.0,23786.0,23520.0
2025/05/13,Tue,23704.0,23715.0,23750.0,23580.0
2025/05/12,Mon,23711.0,23641.0,24017.0,23444.0
2025/05/11,Sun,,,,
2025/05/10,Sat,,,,
2025/05/09,Fri,23455.0,23581.0,23636.0,23427.0
2025/05/08,Thu,23308.0,23469.0,23583.0,23268.0
2025/05/07,Wed,23389.0,23241.0,23480.0,23153.0
2025/05/06,Tue,23455.0,23358.0,23552.0,22977.0
2025/05/05,Mon,23184.0,23459.0,23534.0,23133.0
2025/05/04,Sun,,,,
2025/05/03,Sat,,,,
2025/05/02,Fri,22799.0,23193.0,23293.0,22791.0
2025/05/01,Thu,,,,
2025/04/30,Wed,22657.0,22605.0,22790.0,22375.0
2025/04/29,Tue,22495.0,22601.0,22683.0,22445.0
2025/04/28,Mon,22490.0,22414.0,22598.0,22387.0
2025/04/27,Sun,,,,
2025/04/26,Sat,,,,
2025/04/25,Fri,22292.0,22396.0,22519.0,22230.0
2025/04/24,Thu,22099.0,22227.0,22300.0,21887.0
2025/04/23,Wed,21883.0,22094.0,22228.0,21837.0
2025/04/22,Tue,21111.0,21444.0,21641.0,21111.0
2025/04/21,Mon,,,,
2025/04/20,Sun,,,,
2025/04/19,Sat,,,,
2025/04/18,Fri,,,,
2025/04/17,Thu,21320.0,21360.0,21604.0,21292.0
2025/04/16,Wed,21337.0,21476.0,21486.0,21118.0
2025/04/15,Tue,21088.0,21406.0,21499.0,21034.0
2025/04/14,Mon,21000.0,21082.0,21227.0,20875.0
2025/04/13,Sun,,,,
2025/04/12,Sat,,,,
2025/04/11,Fri,20698.0,20535.0,21083.0,20279.0
2025/04/10,Thu,21613.0,20783.0,21650.0,20322.0
2025/04/09,Wed,19594.0,19856.0,21700.0,19478.0
2025/04/08,Tue,20342.0,20442.0,20654.0,19568.0
2025/04/07,Mon,20032.0,19943.0,21026.0,19004.0
2025/04/06,Sun,,,,
2025/04/05,Sat,,,,
2025/04/04,Fri,21860.0,20899.0,21913.0,20521.0
2025/04/03,Thu,22223.0,21911.0,22361.0,21841.0
2025/04/02,Wed,22725.0,22586.0,22737.0,22354.0
2025/04/01,Tue,22448.0,22760.0,22797.0,22438.0
2025/03/31,Mon,22600.0,22376.0,22612.0,22193.0
2025/03/30,Sun,,,,
2025/03/29,Sat,,,,
2025/03/28,Fri,22864.0,22679.0,22906.0,22599.0
2025/03/27,Thu,22870.0,22887.0,22970.0,22694.0
2025/03/26,Wed,23384.0,23078.0,23461.0,22895.0
2025/03/25,Tue,23107.0,23341.0,23423.0,23031.0
2025/03/24,Mon,23224.0,23098.0,23375.0,23042.0
2025/03/23,Sun,,,,
2025/03/22,Sat,,,,
2025/03/21,Fri,23221.0,23126.0,23253.0,22956.0
2025/03/20,Thu,23596.0,23246.0,23599.0,23057.0
2025/03/19,Wed,23662.0,23551.0,23692.0,23385.0
2025/03/18,Tue,23494.0,23650.0,23737.0,23448.0
2025/03/17,Mon,23292.0,23386.0,23519.0,23189.0
2025/03/16,Sun,,,,
2025/03/15,Sat,,,,
2025/03/14,Fri,22860.0,23202.0,23400.0,22724.0
2025/03/13,Thu,22899.0,22797.0,22994.0,22716.0
2025/03/12,Wed,22768.0,22938.0,23080.0,22718.0
2025/03/11,Tue,22730.0,22585.0,23082.0,22515.0
2025/03/10,Mon,23117.0,22626.0,23238.0,22474.0
2025/03/09,Sun,,,,
2025/03/08,Sat,,,,
2025/03/07,Fri,23267.0,23020.0,23315.0,22881.0
2025/03/06,Thu,23235.0,23474.0,23506.0,23084.0
2025/03/05,Wed,22849.0,23150.0,23264.0,22710.0
2025/03/04,Tue,23053.0,22355.0,23094.0,22348.0
2025/03/03,Mon,22637.0,23183.0,23352.0,22561.0
2025/03/02,Sun,,,,
2025/03/01,Sat,,,,
2025/02/28,Fri,22474.0,22532.0,22614.0,22256.0
2025/02/27,Thu,22705.0,22560.0,22747.0,22410.0
2025/02/26,Wed,22603.0,22844.0,22881.0,22555.0
2025/02/25,Tue,22353.0,22446.0,22640.0,22305.0
2025/02/24,Mon,22304.0,22473.0,22642.0,22282.0
2025/02/23,Sun,,,,
2025/02/22,Sat,,,,
2025/02/21,Fri,22383.0,22318.0,22449.0,22171.0
2025/02/20,Thu,22471.0,22393.0,22634.0,22329.0
2025/02/19,Wed,22932.0,22490.0,23001.0,22431.0
2025/02/18,Tue,22909.0,22929.0,22948.0,22775.0
2025/02/17,Mon,22572.0,22861.0,22948.0,22562.0
2025/02/16,Sun,,,,
2025/02/15,Sat,,,,
2025/02/14,Fri,22558.0,22547.0,22678.0,22531.0
2025/02/13,Thu,22410.0,22696.0,22709.0,22387.0
2025/02/12,Wed,22169.0,22229.0,22402.0,22048.0
2025/02/11,Tue,21997.0,22119.0,22202.0,21968.0
2025/02/10,Mon,21863.0,22026.0,22039.0,21850.0
2025/02/09,Sun,,,,
2025/02/08,Sat,,,,
2025/02/07,Fri,21990.0,21852.0,22038.0,21818.0
2025/02/06,Thu,21748.0,22011.0,22016.0,21728.0
2025/02/05,Wed,21569.0,21645.0,21745.0,21480.0
2025/02/04,Tue,21573.0,21609.0,21615.0,21396.0
2025/02/03,Mon,21446.0,21496.0,21568.0,21194.0
2025/02/02,Sun,,,,
2025/02/01,Sat,,,,
2025/01/31,Fri,21843.0,21816.0,21908.0,21705.0
2025/01/30,Thu,21769.0,21837.0,21899.0,21736.0
2025/01/29,Wed,21586.0,21732.0,21784.0,21582.0
2025/01/28,Tue,21476.0,21549.0,21626.0,21408.0
2025/01/27,Mon,21434.0,21394.0,21500.0,21192.0
2025/01/26,Sun,,,,
2025/01/25,Sat,,,,
2025/01/24,Fri,21583.0,21501.0,21645.0,21463.0
2025/01/23,Thu,21344.0,21540.0,21613.0,21339.0
2025/01/22,Wed,21250.0,21379.0,21454.0,21241.0
2025/01/21,Tue,21154.0,21164.0,21254.0,20987.0
2025/01/20,Mon,21005.0,21123.0,21177.0,20983.0
2025/01/19,Sun,,,,
2025/01/18,Sat,,,,
2025/01/17,Fri,20762.0,21022.0,21050.0,20755.0
2025/01/16,Thu,20774.0,20757.0,20830.0,20701.0
2025/01/15,Wed,20412.0,20747.0,20759.0,20390.0
2025/01/14,Tue,20374.0,20390.0,20491.0,20333.0
2025/01/13,Mon,20387.0,20268.0,20392.0,20151.0
2025/01/12,Sun,,,,
2025/01/11,Sat,,,,
2025/01/10,Fri,20410.0,20349.0,20535.0,20319.0
2025/01/09,Thu,20449.0,20451.0,20497.0,20382.0
2025/01/08,Wed,20431.0,20454.0,20622.0,20378.0
2025/01/07,Tue,20265.0,20483.0,20533.0,20244.0
2025/01/06,Mon,20047.0,20351.0,20387.0,20046.0
2025/01/05,Sun,,,,
2025/01/04,Sat,,,,
2025/01/03,Fri,20115.0,20046.0,20172.0,20003.0
2025/01/02,Thu,19981.0,20144.0,20180.0,19921.0
2025/01/01,Wed,,,,
2024/12/31,Tue,,,,
2024/12/30,Mon,20096.0,20052.0,20156.0,19910.0
2024/12/29,Sun,,,,
2024/12/28,Sat,,,,
2024/12/27,Fri,20164.0,20103.0,20166.0,19964.0
2024/12/26,Thu,,,,
2024/12/25,Wed,,,,
2024/12/24,Tue,,,,
2024/12/23,Mon,20065.0,20011.0,20113.0,19982.0
2024/12/22,Sun,,,,
2024/12/21,Sat,,,,
2024/12/20,Fri,19934.0,19683.7,19934.0,19680.0
2024/12/19,Thu,20014.0,20002.0,20110.0,19942.0
2024/12/18,Wed,20263.0,20270.0,20343.0,19999.0
2024/12/17,Tue,20326.0,20263.0,20371.0,20235.0
2024/12/16,Mon,20430.0,20328.0,20490.0,20313.0
2024/12/15,Sun,,,,
2024/12/14,Sat,,,,
2024/12/13,Fri,20452.0,20402.0,20545.0,20380.0
2024/12/12,Thu,20435.0,20449.0,20478.0,20382.0
2024/12/11,Wed,20335.0,20439.0,20453.0,20306.0
2024/12/10,Tue,20344.0,20378.0,20424.0,20287.0
2024/12/09,Mon,20411.0,20385.0,20505.0,20345.0
2024/12/08,Sun,,,,
2024/12/07,Sat,,,,
2024/12/06,Fri,20358.0,20418.0,20459.0,20334.0
2024/12/05,Thu,20252.0,20400.0,20410.0,20226.0
2024/12/04,Wed,20061.0,20253.0,20302.0,20040.0
2024/12/03,Tue,19956.0,20074.0,20079.0,19932.0
2024/12/02,Mon,19684.0,19948.0,19991.0,19600.0
2024/12/01,Sun,,,,
2024/11/30,Sat,,,,
2024/11/29,Fri,19460.0,19669.0,19722.0,19386.0
2024/11/28,Thu,19340.0,19465.0,19479.0,19334.0
2024/11/27,Wed,19374.0,19304.0,19386.0,19190.0
2024/11/26,Tue,19351.0,19353.0,19433.0,19269.0
2024/11/25,Mon,19481.0,19461.0,19520.0,19375.0
2024/11/24,Sun,,,,
2024/11/23,Sat,,,,
2024/11/22,Fri,19215.0,19358.0,19421.0,19081.0
2024/11/21,Thu,19131.0,19204.0,19252.0,18952.0
2024/11/20,Wed,19147.0,19058.0,19261.0,19018.0
2024/11/19,Tue,19208.0,19119.0,19312.0,18869.0
2024/11/18,Mon,19318.0,19238.0,19358.0,19151.0
2024/11/17,Sun,,,,
2024/11/16,Sat,,,,
2024/11/15,Fri,19259.0,19279.0,19354.0,19182.0
2024/11/14,Thu,19054.0,19317.0,19371.0,18997.0
2024/11/13,Wed,19119.0,19045.0,19196.0,18903.0
2024/11/12,Tue,19482.0,19114.0,19491.0,19032.0
2024/11/11,Mon,19329.0,19526.0,19621.0,19322.0
2024/11/10,Sun,,,,
2024/11/09,Sat,,,,
2024/11/08,Fri,19523.0,19282.0,19530.0,19219.0
2024/11/07,Thu,19204.0,19448.0,19530.0,19111.0
2024/11/06,Wed,19387.0,19121.0,19650.0,19086.0
2024/11/05,Tue,19210.0,19341.0,19393.0,19188.0
2024/11/04,Mon,19277.0,19250.0,19383.0,19182.0
2024/11/03,Sun,,,,
2024/11/02,Sat,,,,
2024/11/01,Fri,19171.0,19344.0,19389.0,19137.0
2024/10/31,Thu,19319.0,19152.0,19323.0,19097.0
2024/10/30,Wed,19592.0,19364.0,19605.0,19297.0
2024/10/29,Tue,19621.0,19584.0,19747.0,19562.0
2024/10/28,Mon,19591.0,19630.0,19685.0,19496.0
2024/10/27,Sun,,,,
2024/10/26,Sat,,,,
2024/10/25,Fri,19547.0,19549.0,19622.0,19459.0
2024/10/24,Thu,19454.0,19558.0,19666.0,19439.0
2024/10/23,Wed,19578.0,19496.0,19591.0,19412.0
2024/10/22,Tue,19680.0,19553.0,19706.0,19484.0
2024/10/21,Mon,19783.0,19574.0,19783.0,19569.0
2024/10/20,Sun,,,,
2024/10/19,Sat,,,,
2024/10/18,Fri,19675.0,19779.0,19791.0,19598.0
2024/10/17,Thu,19585.0,19709.0,19802.0,19560.0
2024/10/16,Wed,19595.0,19580.0,19640.0,19530.0
2024/10/15,Tue,19690.0,19647.0,19767.0,19583.0
2024/10/14,Mon,19479.0,19632.0,19680.0,19472.0
2024/10/13,Sun,,,,
2024/10/12,Sat,,,,
2024/10/11,Fri,19365.0,19489.0,19531.0,19306.0
2024/10/10,Thu,19410.0,19340.0,19443.0,19275.0
2024/10/09,Wed,19233.0,19395.0,19424.0,19143.0
2024/10/08,Tue,19184.0,19212.0,19260.0,19049.0
2024/10/07,Mon,19339.0,19235.0,19377.0,19127.0
2024/10/06,Sun,,,,
2024/10/05,Sat,,,,
2024/10/04,Fri,19140.0,19266.0,19349.0,19095.0
2024/10/03,Thu,19295.0,19138.0,19301.0,19109.0
2024/10/02,Wed,19372.0,19305.0,19429.0,19212.0
2024/10/01,Tue,19535.0,19356.0,19611.0,19285.0
2024/09/30,Mon,19603.0,19503.0,19646.0,19471.0
2024/09/29,Sun,,,,
2024/09/28,Sat,,,,
2024/09/27,Fri,19443.0,19647.0,19663.0,19397.0
2024/09/26,Thu,19112.0,19388.0,19463.0,19112.0
2024/09/25,Wed,19157.0,19087.0,19157.0,19008.0
2024/09/24,Tue,19034.0,19155.0,19200.0,19015.0
2024/09/23,Mon,18915.0,19002.0,19059.0,18851.0
2024/09/22,Sun,,,,
2024/09/21,Sat,,,,
2024/09/20,Fri,18949.0,18858.1,18950.0,18806.0
2024/09/19,Thu,18833.0,19003.0,19053.0,18774.0
2024/09/18,Wed,18720.0,18725.0,18928.0,18697.0
2024/09/17,Tue,18715.0,18740.0,18818.0,18626.0
2024/09/16,Mon,18707.0,18638.0,18738.0,18606.0
2024/09/15,Sun,,,,
2024/09/14,Sat,,,,
2024/09/13,Fri,18610.0,18703.0,18738.0,18543.0
2024/09/12,Thu,18495.0,18520.0,18611.0,18391.0
2024/09/11,Wed,18321.0,18346.0,18506.0,18225.0
2024/09/10,Tue,18498.0,18303.0,18516.0,18210.0
2024/09/09,Mon,18310.0,18454.0,18521.0,18310.0
2024/09/08,Sun,,,,
2024/09/07,Sat,,,,
2024/09/06,Fri,18630.0,18307.0,18638.0,18282.0
2024/09/05,Thu,18595.0,18624.0,18709.0,18534.0
2024/09/04,Wed,18682.0,18625.0,18695.0,18509.0
2024/09/03,Tue,18968.0,18794.0,19035.0,18663.0
2024/09/02,Mon,18975.0,18966.0,18991.0,18812.0
2024/09/01,Sun,,,,
2024/08/31,Sat,,,,
2024/08/30,Fri,18889.0,18951.0,19014.0,18889.0
2024/08/29,Thu,18775.0,18950.0,19018.0,18775.0
2024/08/28,Wed,18748.0,18844.0,18911.0,18725.0
2024/08/27,Tue,18678.0,18753.0,18781.0,18672.0
2024/08/26,Mon,18656.0,18675.0,18698.0,18603.0
2024/08/25,Sun,,,,
2024/08/24,Sat,,,,
2024/08/23,Fri,18541.0,18694.0,18730.0,18507.0
2024/08/22,Thu,18549.0,18549.0,18610.0,18489.0
2024/08/21,Wed,18420.0,18512.0,18539.0,18405.0
2024/08/20,Tue,18483.0,18419.0,18561.0,18379.0
2024/08/19,Mon,18395.0,18494.0,18521.0,18347.0
2024/08/18,Sun,,,,
2024/08/17,Sat,,,,
2024/08/16,Fri,18282.0,18399.0,18423.0,18261.0
2024/08/15,Thu,17977.0,18250.0,18279.0,17965.0
2024/08/14,Wed,17931.0,17950.0,17993.0,17894.0
2024/08/13,Tue,17775.0,17882.0,17937.0,17736.0
2024/08/12,Mon,17845.0,17782.0,17902.0,17746.0
2024/08/11,Sun,,,,
2024/08/10,Sat,,,,
2024/08/09,Fri,17775.0,17776.0,17863.0,17687.0
2024/08/08,Thu,17475.0,17744.0,17803.0,17455.0
2024/08/07,Wed,17390.0,17693.0,17752.0,17369.0
2024/08/06,Tue,17542.0,17408.0,17656.0,17311.0
2024/08/05,Mon,17650.0,17401.0,17741.0,17110.0
2024/08/04,Sun,,,,
2024/08/03,Sat,,,,
2024/08/02,Fri,18111.0,17731.0,18144.0,17714.0
2024/08/01,Thu,18636.0,18176.0,18648.0,18079.0
2024/07/31,Wed,18554.0,18606.0,18684.0,18518.0
2024/07/30,Tue,18455.0,18535.0,18579.0,18373.0
2024/07/29,Mon,18613.0,18432.0,18656.0,18417.0
2024/07/28,Sun,,,,
2024/07/27,Sat,,,,
2024/07/26,Fri,18407.0,18535.0,18589.0,18326.0
2024/07/25,Thu,18500.0,18417.0,18508.0,18207.0
2024/07/24,Wed,18633.0,18494.0,18644.0,18441.0
2024/07/23,Tue,18624.0,18670.0,18774.0,18567.0
2024/07/22,Mon,18339.0,18542.0,18603.0,18292.0
2024/07/21,Sun,,,,
2024/07/20,Sat,,,,
2024/07/19,Fri,18475.0,18286.0,18489.0,18274.0
2024/07/18,Thu,18610.0,18492.0,18669.0,18421.0
2024/07/17,Wed,18712.0,18580.0,18717.0,18480.0
2024/07/16,Tue,18719.0,18665.0,18729.0,18588.0
2024/07/15,Mon,18863.0,18744.0,18890.0,18680.0
2024/07/14,Sun,,,,
2024/07/13,Sat,,,,
2024/07/12,Fri,18660.0,18917.0,18928.0,18660.0
2024/07/11,Thu,18623.0,18685.0,18722.0,18558.0
2024/07/10,Wed,18425.0,18566.0,18611.0,18371.0
2024/07/09,Tue,18648.0,18369.0,18656.0,18362.0
2024/07/08,Mon,18567.0,18645.0,18785.0,18567.0
2024/07/07,Sun,,,,
2024/07/06,Sat,,,,
2024/07/05,Fri,18619.0,18614.0,18823.0,18573.0
2024/07/04,Thu,18576.0,18609.0,18629.0,18545.0
2024/07/03,Wed,18345.0,18547.0,18577.0,18344.0
2024/07/02,Tue,18486.0,18315.0,18489.0,18191.0
2024/07/01,Mon,18505.0,18490.0,18632.0,18427.0
2024/06/30,Sun,,,,
2024/06/29,Sat,,,,
2024/06/28,Fri,18421.0,18403.0,18525.0,18360.0
2024/06/27,Thu,18300.0,18369.0,18436.0,18259.0
2024/06/26,Wed,18379.0,18342.0,18543.0,18221.0
2024/06/25,Tue,18399.0,18335.0,18435.0,18252.0
2024/06/24,Mon,18370.0,18526.0,18538.0,18304.0
2024/06/23,Sun,,,,
2024/06/22,Sat,,,,
2024/06/21,Fri,18236.0,18191.9,18253.0,18116.0
2024/06/20,Thu,18076.0,18239.0,18261.0,18076.0
2024/06/19,Wed,18156.0,18073.0,18179.0,18056.0
2024/06/18,Tue,18169.0,18133.0,18221.0,18077.0
2024/06/17,Mon,18029.0,18085.0,18173.0,17978.0
2024/06/16,Sun,,,,
2024/06/15,Sat,,,,
2024/06/14,Fri,18313.0,18032.0,18356.0,17961.0
2024/06/13,Thu,18652.0,18276.0,18652.0,18240.0
2024/06/12,Wed,18415.0,18665.0,18672.0,18413.0
2024/06/11,Tue,18548.0,18396.0,18575.0,18299.0
2024/06/10,Mon,18541.0,18514.0,18556.0,18383.0
2024/06/09,Sun,,,,
2024/06/08,Sat,,,,
2024/06/07,Fri,18656.0,18583.0,18684.0,18450.0
2024/06/06,Thu,18688.0,18677.0,18818.0,18631.0
2024/06/05,Wed,18518.0,18610.0,18680.0,18510.0
2024/06/04,Tue,18633.0,18461.0,18637.0,18402.0
2024/06/03,Mon,18657.0,18655.0,18746.0,18549.0
2024/06/02,Sun,,,,
2024/06/01,Sat,,,,
2024/05/31,Fri,18511.0,18531.0,18643.0,18469.0
2024/05/30,Thu,18521.0,18564.0,18588.0,18435.0
2024/05/29,Wed,18720.0,18534.0,18736.0,18492.0
2024/05/28,Tue,18845.0,18747.0,18916.0,18680.0
2024/05/27,Mon,18748.0,18826.0,18862.0,18731.0
2024/05/26,Sun,,,,
2024/05/25,Sat,,,,
2024/05/24,Fri,18661.0,18760.0,18774.0,18577.0
2024/05/23,Thu,18737.0,18755.0,18833.0,18617.0
2024/05/22,Wed,18831.0,18756.0,18837.0,18665.0
2024/05/21,Tue,18823.0,18802.0,18830.0,18710.0
2024/05/20,Mon,18818.0,18848.0,18887.0,18804.0
2024/05/19,Sun,,,,
2024/05/18,Sat,,,,
2024/05/17,Fri,18785.0,18793.0,18814.0,18708.0
2024/05/16,Thu,19003.0,18814.0,19018.0,18773.0
2024/05/15,Wed,18899.0,18985.0,19003.0,18855.0
2024/05/14,Tue,18854.0,18842.0,18890.0,18736.0
2024/05/13,Mon,18892.0,18853.0,18918.0,18819.0
2024/05/12,Sun,,,,
2024/05/11,Sat,,,,
2024/05/10,Fri,18838.0,18877.0,18966.0,18829.0
2024/05/09,Thu,18657.0,18804.0,18843.0,18612.0
2024/05/08,Wed,18599.0,18629.0,18691.0,18560.0
2024/05/07,Tue,18373.0,18588.0,18598.0,18347.0
2024/05/06,Mon,18200.0,18320.0,18370.0,18163.0
2024/05/05,Sun,,,,
2024/05/04,Sat,,,,
2024/05/03,Fri,18122.0,18149.0,18266.0,18063.0
2024/05/02,Thu,18055.0,18071.0,18146.0,18033.0
2024/05/01,Wed,18036.0,18036.0,18036.0,18036.0
2024/04/30,Tue,18302.0,18095.0,18323.0,18065.0
2024/04/29,Mon,18377.0,18308.0,18420.0,18257.0
2024/04/28,Sun,,,,
2024/04/27,Sat,,,,
2024/04/26,Fri,18167.0,18349.0,18383.0,18150.0
2024/04/25,Thu,18239.0,18110.0,18278.0,17983.0
2024/04/24,Wed,18385.0,18265.0,18439.0,18252.0
2024/04/23,Tue,18163.0,18346.0,18380.0,18143.0
2024/04/22,Mon,17988.0,18058.0,18186.0,17965.0
2024/04/21,Sun,,,,
2024/04/20,Sat,,,,
2024/04/19,Fri,17934.0,17946.0,17979.0,17608.0
2024/04/18,Thu,17989.0,18062.0,18076.0,17925.0
2024/04/17,Wed,18010.0,18008.0,18127.0,17945.0
2024/04/16,Tue,18124.0,17964.0,18124.0,17933.0
2024/04/15,Mon,18110.0,18227.0,18424.0,18100.0
2024/04/14,Sun,,,,
2024/04/13,Sat,,,,
2024/04/12,Fri,18277.0,18132.0,18395.0,18062.0
2024/04/11,Thu,18305.0,18181.0,18343.0,18095.0
2024/04/10,Wed,18379.0,18334.0,18478.0,18213.0
2024/04/09,Tue,18537.0,18319.0,18545.0,18299.0
2024/04/08,Mon,18433.0,18562.0,18574.0,18409.0
2024/04/07,Sun,,,,
2024/04/06,Sat,,,,
2024/04/05,Fri,18460.0,18408.0,18470.0,18331.0
2024/04/04,Thu,18620.0,18653.0,18679.0,18423.0
2024/04/03,Wed,18553.0,18630.0,18638.0,18496.0
2024/04/02,Tue,18750.0,18553.0,18839.0,18517.0
2024/04/01,Mon,,,,
2024/03/31,Sun,,,,
2024/03/30,Sat,,,,
2024/03/29,Fri,,,,
2024/03/28,Thu,18800.0,18776.0,18812.0,18739.0
2024/03/27,Wed,18657.0,18744.0,18812.0,18651.0
2024/03/26,Tue,18550.0,18676.0,18688.0,18528.0
2024/03/25,Mon,18508.0,18546.0,18563.0,18451.0
2024/03/24,Sun,,,,
2024/03/23,Sat,,,,
2024/03/22,Fri,18445.0,18493.0,18535.0,18407.0
2024/03/21,Thu,18440.0,18452.0,18484.0,18328.0
2024/03/20,Wed,18285.0,18294.0,18434.0,18232.0
2024/03/19,Tue,18190.0,18275.0,18295.0,18157.0
2024/03/18,Mon,18273.0,18224.0,18295.0,18182.0
2024/03/17,Sun,,,,
2024/03/16,Sat,,,,
2024/03/15,Fri,17929.0,18032.4,18027.0,17907.0
2024/03/14,Thu,17977.0,17940.0,18040.0,17871.0
2024/03/13,Wed,18000.0,17970.0,18024.0,17946.0
2024/03/12,Tue,17806.0,17980.0,18004.0,17755.0
2024/03/11,Mon,17764.0,17759.0,17802.0,17672.0
2024/03/10,Sun,,,,
2024/03/09,Sat,,,,
2024/03/08,Fri,17882.0,17830.0,17925.0,17756.0
2024/03/07,Thu,17729.0,17880.0,17904.0,17636.0
2024/03/06,Wed,17694.0,17735.0,17769.0,17694.0
2024/03/05,Tue,17721.0,17719.0,17773.0,17649.0
2024/03/04,Mon,17774.0,17743.0,17794.0,17711.0
2024/03/03,Sun,,,,
2024/03/02,Sat,,,,
2024/03/01,Fri,17770.0,17764.0,17847.0,17718.0
2024/02/29,Thu,17605.0,17748.0,17780.0,17605.0
2024/02/28,Wed,17620.0,17635.0,17660.0,17591.0
2024/02/27,Tue,17446.0,17601.0,17627.0,17420.0
2024/02/26,Mon,17458.0,17470.0,17502.0,17412.0
2024/02/25,Sun,,,,
2024/02/24,Sat,,,,
2024/02/23,Fri,17465.0,17460.0,17487.0,17399.0
2024/02/22,Thu,17219.0,17422.0,17478.0,17213.0
2024/02/21,Wed,17124.0,17161.0,17209.0,17105.0
2024/02/20,Tue,17114.0,17126.0,17136.0,17069.0
2024/02/19,Mon,17150.0,17143.0,17163.0,17101.0
2024/02/18,Sun,,,,
2024/02/17,Sat,,,,
2024/02/16,Fri,17161.0,17170.0,17255.0,17114.0
2024/02/15,Thu,17053.0,17097.0,17168.0,17024.0
2024/02/14,Wed,16892.0,17007.0,17054.0,16887.0
2024/02/13,Tue,17061.0,16940.0,17074.0,16847.0
2024/02/12,Mon,17024.0,17098.0,17110.0,17012.0
2024/02/11,Sun,,,,
2024/02/10,Sat,,,,
2024/02/09,Fri,17052.0,16989.0,17063.0,16941.0
2024/02/08,Thu,17026.0,17042.0,17108.0,16968.0
2024/02/07,Wed,17123.0,16997.0,17152.0,16995.0
2024/02/06,Tue,16998.0,17131.0,17139.0,16956.0
2024/02/05,Mon,17026.0,16973.0,17060.0,16942.0
2024/02/04,Sun,,,,
2024/02/03,Sat,,,,
2024/02/02,Fri,17052.0,16994.0,17094.0,16978.0
2024/02/01,Thu,16922.0,16924.0,17038.0,16878.0
2024/01/31,Wed,17048.0,16993.0,17092.0,16890.0
2024/01/30,Tue,17085.0,17074.0,17117.0,17046.0
2024/01/29,Mon,17022.0,17038.0,17106.0,16960.0
2024/01/28,Sun,,,,
2024/01/27,Sat,,,,
2024/01/26,Fri,16995.0,17063.0,17073.0,16948.0
2024/01/25,Thu,16963.0,17016.0,17023.0,16889.0
2024/01/24,Wed,16796.0,17005.0,17037.0,16785.0
2024/01/23,Tue,16789.0,16744.0,16871.0,16733.0
2024/01/22,Mon,16757.0,16793.0,16820.0,16718.0
2024/01/21,Sun,,,,
2024/01/20,Sat,,,,
2024/01/19,Fri,16715.0,16664.0,16770.0,16626.0
2024/01/18,Thu,16545.0,16672.0,16721.0,16523.0
2024/01/17,Wed,16657.0,16538.0,16658.0,16464.0
2024/01/16,Tue,16742.0,16680.0,16742.0,16594.0
2024/01/15,Mon,16817.0,16753.0,16918.0,16732.0
2024/01/14,Sun,,,,
2024/01/13,Sat,,,,
2024/01/12,Fri,16749.0,16817.0,16880.0,16733.0
2024/01/11,Thu,16854.0,16672.0,16975.0,16663.0
2024/01/10,Wed,16821.0,16830.0,16892.0,16756.0
2024/01/09,Tue,16915.0,16822.0,16915.0,16744.0
2024/01/08,Mon,16722.0,16844.0,16924.0,16653.0
2024/01/07,Sun,,,,
2024/01/06,Sat,,,,
2024/01/05,Fri,16721.0,16732.0,16788.0,16584.0
2024/01/04,Thu,16654.0,16768.0,16771.0,16635.0
2024/01/03,Wed,16885.0,16665.0,16938.0,16622.0
2024/01/02,Tue,16940.0,16920.0,17123.0,16798.0
2024/01/01,Mon,16930.3,16940.7,16949.2,16930.3
2023/12/31,Sun,,,,
2023/12/30,Sat,,,,
2023/12/29,Fri,16867.0,16913.0,16953.0,16861.0
2023/12/28,Thu,16940.0,16864.0,16983.0,16848.0
2023/12/27,Wed,16956.0,16916.0,16976.0,16871.0
2023/12/26,Tue,16980.7,16972.7,16984.2,16971.8
2023/12/25,Mon,,,,
2023/12/24,Sun,,,,
2023/12/23,Sat,,,,
2023/12/22,Fri,16899.0,16891.0,16916.0,16830.0
2023/12/21,Thu,16845.0,16869.0,16914.0,16803.0
2023/12/20,Wed,16964.0,16931.0,16999.0,16795.0
2023/12/19,Tue,16853.0,16939.0,16967.0,16836.0
2023/12/18,Mon,16926.0,16832.0,16936.0,16812.0
2023/12/17,Sun,,,,
2023/12/16,Sat,,,,
2023/12/15,Fri,16761.0,16796.2,16892.0,16756.0
2023/12/14,Thu,16925.0,16773.0,17010.0,16672.0
2023/12/13,Wed,16834.0,16773.0,16910.0,16745.0
2023/12/12,Tue,16839.0,16810.0,16867.0,16765.0
2023/12/11,Mon,16815.0,16831.0,16842.0,16747.0
2023/12/10,Sun,,,,
2023/12/09,Sat,,,,
2023/12/08,Fri,16664.0,16776.0,16815.0,16645.0
2023/12/07,Thu,16643.0,16658.0,16687.0,16612.0
2023/12/06,Wed,16564.0,16703.0,16752.0,16555.0
2023/12/05,Tue,16445.0,16556.0,16576.0,16414.0
2023/12/04,Mon,16437.0,16435.0,16483.0,16406.0
2023/12/03,Sun,,,,
2023/12/02,Sat,,,,
2023/12/01,Fri,16282.0,16414.0,16468.0,16268.0
2023/11/30,Thu,16209.0,16259.0,16295.0,16197.0
2023/11/29,Wed,16023.0,16199.0,16245.0,16023.0
2023/11/28,Tue,15999.0,16024.0,16037.0,15948.0
2023/11/27,Mon,16061.0,16017.0,16077.0,15993.0
2023/11/26,Sun,,,,
2023/11/25,Sat,,,,
2023/11/24,Fri,16034.0,16074.0,16086.0,16012.0
2023/11/23,Thu,15994.0,16038.0,16045.0,15984.0
2023/11/22,Wed,15967.0,16008.0,16044.0,15954.0
2023/11/21,Tue,15984.0,15955.0,15994.0,15935.0
2023/11/20,Mon,15996.0,15960.0,16003.0,15903.0
2023/11/19,Sun,,,,
2023/11/18,Sat,,,,
2023/11/17,Fri,15876.0,15970.0,15998.0,15862.0
2023/11/16,Thu,15801.0,15839.0,15926.0,15760.0
2023/11/15,Wed,15688.0,15805.0,15820.0,15665.0
2023/11/14,Tue,15418.0,15676.0,15690.0,15387.0
2023/11/13,Mon,15353.0,15392.0,15423.0,15282.0
2023/11/12,Sun,,,,
2023/11/11,Sat,,,,
2023/11/10,Fri,15319.0,15292.0,15391.0,15228.0
2023/11/09,Thu,15275.0,15407.0,15426.0,15262.0
2023/11/08,Wed,15214.0,15291.0,15354.0,15141.0
2023/11/07,Tue,15194.0,15221.0,15262.0,15133.0
2023/11/06,Mon,15267.0,15206.0,15300.0,15168.0
2023/11/05,Sun,,,,
2023/11/04,Sat,,,,
2023/11/03,Fri,15284.0,15263.0,15338.0,15218.0
2023/11/02,Thu,15068.0,15215.0,15295.0,15062.0
2023/11/01,Wed,14923.0,14987.0,15063.0,14857.0
2023/10/31,Tue,14815.0,14861.0,14924.0,14767.0
2023/10/30,Mon,14735.0,14780.0,14877.0,14733.0
2023/10/29,Sun,,,,
2023/10/28,Sat,,,,
2023/10/27,Fri,14813.0,14790.0,14903.0,14666.0
2023/10/26,Thu,14870.0,14811.0,14876.0,14733.0
2023/10/25,Wed,14974.0,14984.0,15020.0,14870.0
2023/10/24,Tue,14858.0,14958.0,15004.0,14803.0
2023/10/23,Mon,14905.0,14881.0,14941.0,14714.0
2023/10/22,Sun,,,,
2023/10/21,Sat,,,,
2023/10/20,Fri,15020.0,14903.0,15073.0,14867.0
2023/10/19,Thu,15161.0,15134.0,15197.0,15036.0
2023/10/18,Wed,15307.0,15199.0,15390.0,15130.0
2023/10/17,Tue,15359.0,15342.0,15405.0,15216.0
2023/10/16,Mon,15287.0,15328.0,15375.0,15202.0
2023/10/15,Sun,,,,
2023/10/14,Sat,,,,
2023/10/13,Fri,15503.0,15287.0,15537.0,15231.0
2023/10/12,Thu,15610.0,15537.0,15684.0,15449.0
2023/10/11,Wed,15528.0,15570.0,15599.0,15472.0
2023/10/10,Tue,15318.0,15535.0,15558.0,15315.0
2023/10/09,Mon,15252.0,15239.0,15322.0,15189.0
2023/10/08,Sun,,,,
2023/10/07,Sat,,,,
2023/10/06,Fri,15217.0,15345.0,15409.0,15148.0
2023/10/05,Thu,15244.0,15186.0,15293.0,15161.0
2023/10/04,Wed,15208.0,15214.0,15296.0,15066.0
2023/10/03,Tue,15308.0,15215.0,15384.0,15182.0
2023/10/02,Mon,15539.0,15375.0,15605.0,15293.0
2023/10/01,Sun,,,,
2023/09/30,Sat,,,,
2023/09/29,Fri,15456.0,15526.0,15647.0,15422.0
2023/09/28,Thu,15390.0,15441.0,15498.0,15264.0
2023/09/27,Wed,15357.0,15347.0,15434.0,15265.0
2023/09/26,Tue,15539.0,15391.0,15547.0,15332.0
2023/09/25,Mon,15643.0,15535.0,15715.0,15467.0
2023/09/24,Sun,,,,
2023/09/23,Sat,,,,
2023/09/22,Fri,15626.0,15707.0,15735.0,15596.0
2023/09/21,Thu,15828.0,15720.0,15847.0,15630.0
2023/09/20,Wed,15827.0,15929.0,15963.0,15806.0
2023/09/19,Tue,15887.0,15811.0,15902.0,15783.0
2023/09/18,Mon,16051.0,15873.0,16063.0,15847.0
2023/09/17,Sun,,,,
2023/09/16,Sat,,,,
2023/09/15,Fri,15872.0,15985.0,15992.0,15851.0
2023/09/14,Thu,15641.0,15817.0,15873.0,15588.0
2023/09/13,Wed,15723.0,15672.0,15746.0,15568.0
2023/09/12,Tue,15830.0,15728.0,15848.0,15693.0
2023/09/11,Mon,15752.0,15818.0,15883.0,15730.0
2023/09/10,Sun,,,,
2023/09/09,Sat,,,,
2023/09/08,Fri,15740.0,15753.0,15802.0,15585.0
2023/09/07,Thu,15750.0,15726.0,15809.0,15667.0
2023/09/06,Wed,15787.0,15759.0,15803.0,15691.0
2023/09/05,Tue,15836.0,15791.0,15861.0,15707.0
2023/09/04,Mon,15879.0,15830.0,15982.0,15816.0
2023/09/03,Sun,,,,
2023/09/02,Sat,,,,
2023/09/01,Fri,15985.0,15870.0,16032.0,15847.0
2023/08/31,Thu,15936.0,15999.0,16070.0,15924.0
2023/08/30,Wed,15998.0,15933.0,16036.0,15851.0
2023/08/29,Tue,15848.0,15972.0,16002.0,15819.0
2023/08/28,Mon,15728.0,15831.0,15858.0,15704.0
2023/08/27,Sun,,,,
2023/08/26,Sat,,,,
2023/08/25,Fri,15624.0,15672.0,15775.0,15592.0
2023/08/24,Thu,15828.0,15670.0,15935.0,15587.0
2023/08/23,Wed,15738.0,15772.0,15866.0,15711.0
2023/08/22,Tue,15687.0,15746.0,15840.0,15672.0
2023/08/21,Mon,15640.0,15634.0,15756.0,15605.0
2023/08/20,Sun,,,,
2023/08/19,Sat,,,,
2023/08/18,Fri,15663.0,15626.0,15708.0,15511.0
2023/08/17,Thu,15760.0,15715.0,15843.0,15647.0
2023/08/16,Wed,15792.0,15832.0,15868.0,15721.0
2023/08/15,Tue,15987.0,15817.0,16017.0,15753.0
2023/08/14,Mon,15924.0,15950.0,15996.0,15807.0
2023/08/13,Sun,,,,
2023/08/12,Sat,,,,
2023/08/11,Fri,16026.0,15887.0,16033.0,15856.0
2023/08/10,Thu,15957.0,16052.0,16123.0,15933.0
2023/08/09,Wed,15903.0,15898.0,16048.0,15891.0
2023/08/08,Tue,16045.0,15831.0,16054.0,15769.0
2023/08/07,Mon,15940.0,16011.0,16057.0,15888.0
2023/08/06,Sun,,,,
2023/08/05,Sat,,,,
2023/08/04,Fri,15993.0,16025.0,16052.0,15850.0
2023/08/03,Thu,16082.0,15959.0,16123.0,15877.0
2023/08/02,Wed,16274.0,16086.0,16305.0,16029.0
2023/08/01,Tue,16552.0,16345.0,16561.0,16305.0
2023/07/31,Mon,16558.0,16549.0,16615.0,16505.0
2023/07/30,Sun,,,,
2023/07/29,Sat,,,,
2023/07/28,Fri,16430.0,16561.0,16576.0,16399.0
2023/07/27,Thu,16218.0,16491.0,16533.0,16214.0
2023/07/26,Wed,16305.0,16213.0,16335.0,16085.0
2023/07/25,Tue,16258.0,16295.0,16324.0,16221.0
2023/07/24,Mon,16259.0,16281.0,16304.0,16203.0
2023/07/23,Sun,,,,
2023/07/22,Sat,,,,
2023/07/21,Fri,16221.0,16270.0,16282.0,16194.0
2023/07/20,Thu,16199.0,16298.0,16330.0,16142.0
2023/07/19,Wed,16237.0,16224.0,16341.0,16168.0
2023/07/18,Tue,16181.0,16236.0,16254.0,16126.0
2023/07/17,Mon,16157.0,16172.0,16211.0,16092.0
2023/07/16,Sun,,,,
2023/07/15,Sat,,,,
2023/07/14,Fri,16258.0,16209.0,16258.0,16167.0
2023/07/13,Thu,16128.0,16253.0,16292.0,16098.0
2023/07/12,Wed,15935.0,16131.0,16150.0,15909.0
2023/07/11,Tue,15794.0,15892.0,15942.0,15761.0
2023/07/10,Mon,15732.0,15761.0,15829.0,15648.0
2023/07/09,Sun,,,,
2023/07/08,Sat,,,,
2023/07/07,Fri,15623.0,15705.0,15805.0,15559.0
2023/07/06,Thu,16016.0,15617.0,16030.0,15600.0
2023/07/05,Wed,16145.0,16042.0,16151.0,16015.0
2023/07/04,Tue,16227.0,16153.0,16227.0,16138.0
2023/07/03,Mon,16296.0,16192.0,16332.0,16189.0
2023/07/02,Sun,,,,
2023/07/01,Sat,,,,
2023/06/30,Fri,16062.0,16272.0,16308.0,16054.0
2023/06/29,Thu,16110.0,16059.0,16120.0,16038.0
2023/06/28,Wed,16017.0,16081.0,16121.0,15995.0
2023/06/27,Tue,15953.0,15980.0,16051.0,15879.0
2023/06/26,Mon,15980.0,15934.0,16007.0,15833.0
2023/06/25,Sun,,,,
2023/06/24,Sat,,,,
2023/06/23,Fri,16103.0,15944.0,16111.0,15855.0
2023/06/22,Thu,16145.0,16105.0,16146.0,15938.0
2023/06/21,Wed,16283.0,16161.0,16295.0,16137.0
2023/06/20,Tue,16340.0,16248.0,16354.0,16205.0
2023/06/19,Mon,16463.0,16333.0,16463.0,16327.0
2023/06/18,Sun,,,,
2023/06/17,Sat,,,,
2023/06/16,Fri,16297.0,16361.1,16365.0,16274.0
2023/06/15,Thu,16289.0,16298.0,16338.0,16163.0
2023/06/14,Wed,16223.0,16324.0,16345.0,16204.0
2023/06/13,Tue,16159.0,16235.0,16248.0,16088.0
2023/06/12,Mon,15984.0,16091.0,16153.0,15984.0
2023/06/11,Sun,,,,
2023/06/10,Sat,,,,
2023/06/09,Fri,16015.0,15957.0,16023.0,15928.0
2023/06/08,Thu,15958.0,16007.0,16031.0,15900.0
2023/06/07,Wed,16061.0,15979.0,16061.0,15921.0
2023/06/06,Tue,15945.0,16012.0,16054.0,15923.0
2023/06/05,Mon,16060.0,15982.0,16135.0,15938.0
2023/06/04,Sun,,,,
2023/06/03,Sat,,,,
2023/06/02,Fri,15906.0,16086.0,16094.0,15900.0
2023/06/01,Thu,15741.0,15875.0,15923.0,15719.0
2023/05/31,Wed,15944.0,15665.0,15944.0,15649.0
2023/05/30,Tue,15971.0,15929.0,16089.0,15910.0
2023/05/29,Mon,16060.0,15980.0,16112.0,15950.0
2023/05/28,Sun,,,,
2023/05/27,Sat,,,,
2023/05/26,Fri,15856.0,16014.0,16047.0,15753.0
2023/05/25,Thu,15922.0,15838.0,15942.0,15756.0
2023/05/24,Wed,16123.0,15862.0,16129.0,15836.0
2023/05/23,Tue,16291.0,16188.0,16298.0,16095.0
2023/05/22,Mon,16325.0,16265.0,16343.0,16231.0
2023/05/21,Sun,,,,
2023/05/20,Sat,,,,
2023/05/19,Fri,16261.0,16334.0,16375.0,16241.0
2023/05/18,Thu,16067.0,16212.0,16273.0,16045.0
2023/05/17,Wed,15939.0,15989.0,16075.0,15903.0
2023/05/16,Tue,15982.0,15958.0,16025.0,15908.0
2023/05/15,Mon,15945.0,15965.0,16035.0,15925.0
2023/05/14,Sun,,,,
2023/05/13,Sat,,,,
2023/05/12,Fri,15922.0,15960.0,15993.0,15908.0
2023/05/11,Thu,15992.0,15899.0,16039.0,15820.0
2023/05/10,Wed,16033.0,15955.0,16062.0,15891.0
2023/05/09,Tue,16034.0,16014.0,16057.0,15952.0
2023/05/08,Mon,16052.0,16029.0,16077.0,16008.0
2023/05/07,Sun,,,,
2023/05/06,Sat,,,,
2023/05/05,Fri,15874.0,16040.0,16087.0,15834.0
2023/05/04,Thu,15848.0,15833.0,15934.0,15753.0
2023/05/03,Wed,15868.0,15924.0,15998.0,15851.0
2023/05/02,Tue,16059.0,15818.0,16126.0,15811.0
2023/05/01,Mon,16029.7,16033.7,16038.5,16025.9
2023/04/30,Sun,,,,
2023/04/29,Sat,,,,
2023/04/28,Fri,15972.0,16022.0,16080.0,15800.0
2023/04/27,Thu,15882.0,15921.0,16004.0,15827.0
2023/04/26,Wed,15933.0,15918.0,15956.0,15817.0
2023/04/25,Tue,15997.0,16006.0,16023.0,15913.0
2023/04/24,Mon,16012.0,15992.0,16054.0,15963.0
2023/04/23,Sun,,,,
2023/04/22,Sat,,,,
2023/04/21,Fri,15923.0,16008.0,16047.0,15840.0
2023/04/20,Thu,16018.0,15929.0,16042.0,15869.0
2023/04/19,Wed,16023.0,16038.0,16064.0,15966.0
2023/04/18,Tue,15951.0,16006.0,16057.0,15938.0
2023/04/17,Mon,15979.0,15930.0,16045.0,15902.0
2023/04/16,Sun,,,,
2023/04/15,Sat,,,,
2023/04/14,Fri,15909.0,15935.0,15986.0,15897.0
2023/04/13,Thu,15812.0,15867.0,15924.0,15800.0
2023/04/12,Wed,15817.0,15846.0,15977.0,15799.0
2023/04/11,Tue,15846.0,15803.0,15886.0,15768.0
2023/04/10,Mon,15817.1,15827.2,15828.1,15815.1
2023/04/09,Sun,,,,
2023/04/08,Sat,,,,
2023/04/07,Fri,,,,
2023/04/06,Thu,15664.0,15742.0,15810.0,15636.0
2023/04/05,Wed,15770.0,15648.0,15787.0,15628.0
2023/04/04,Tue,15764.0,15766.0,15891.0,15737.0
2023/04/03,Mon,15774.0,15718.0,15814.0,15706.0
2023/04/02,Sun,,,,
2023/04/01,Sat,,,,
2023/03/31,Fri,15700.0,15797.0,15817.0,15655.0
2023/03/30,Thu,15485.0,15686.0,15695.0,15485.0
2023/03/29,Wed,15307.0,15465.0,15528.0,15299.0
2023/03/28,Tue,15335.0,15299.0,15418.0,15233.0
2023/03/27,Mon,15200.0,15291.0,15343.0,15169.0
2023/03/26,Sun,,,,
2023/03/25,Sat,,,,
2023/03/24,Fri,15278.0,15088.0,15340.0,14957.0
2023/03/23,Thu,15271.0,15366.0,15403.0,15166.0
2023/03/22,Wed,15407.0,15386.0,15465.0,15228.0
2023/03/21,Tue,15146.0,15358.0,15427.0,15144.0
2023/03/20,Mon,15007.0,15087.0,15156.0,14617.0
2023/03/19,Sun,,,,
2023/03/18,Sat,,,,
2023/03/17,Fri,15038.0,14967.2,15150.0,14913.0
2023/03/16,Thu,14905.0,14989.0,15054.0,14661.0
2023/03/15,Wed,15215.0,14724.0,15260.0,14699.0
2023/03/14,Tue,14986.0,15224.0,15278.0,14916.0
2023/03/13,Mon,15412.0,14990.0,15494.0,14890.0
2023/03/12,Sun,,,,
2023/03/11,Sat,,,,
2023/03/10,Fri,15489.0,15398.0,15506.0,15278.0
2023/03/09,Thu,15656.0,15646.0,15676.0,15484.0
2023/03/08,Wed,15531.0,15662.0,15683.0,15501.0
2023/03/07,Tue,15656.0,15569.0,15720.0,15526.0
2023/03/06,Mon,15618.0,15662.0,15691.0,15595.0
2023/03/05,Sun,,,,
2023/03/04,Sat,,,,
2023/03/03,Fri,15382.0,15601.0,15650.0,15364.0
2023/03/02,Thu,15356.0,15332.0,15407.0,15160.0
2023/03/01,Wed,15344.0,15301.0,15500.0,15269.0
2023/02/28,Tue,15449.0,15406.0,15465.0,15305.0
2023/02/27,Mon,15258.0,15424.0,15504.0,15253.0
2023/02/26,Sun,,,,
2023/02/25,Sat,,,,
2023/02/24,Fri,15543.0,15283.0,15568.0,15204.0
2023/02/23,Thu,15445.0,15505.0,15579.0,15445.0
2023/02/22,Wed,15406.0,15410.0,15474.0,15267.0
2023/02/21,Tue,15492.0,15416.0,15514.0,15308.0
2023/02/20,Mon,15525.0,15510.0,15583.0,15461.0
2023/02/19,Sun,,,,
2023/02/18,Sat,,,,
2023/02/17,Fri,15489.0,15502.0,15567.0,15324.0
2023/02/16,Thu,15603.0,15570.0,15666.0,15441.0
2023/02/15,Wed,15474.0,15552.0,15599.0,15386.0
2023/02/14,Tue,15457.0,15449.0,15563.0,15395.0
2023/02/13,Mon,15327.0,15441.0,15468.0,15279.0
2023/02/12,Sun,,,,
2023/02/11,Sat,,,,
2023/02/10,Fri,15484.0,15331.0,15523.0,15272.0
2023/02/09,Thu,15486.0,15568.0,15705.0,15445.0
2023/02/08,Wed,15449.0,15451.0,15537.0,15411.0
2023/02/07,Tue,15430.0,15355.0,15483.0,15317.0
2023/02/06,Mon,15427.0,15395.0,15451.0,15320.0
2023/02/05,Sun,,,,
2023/02/04,Sat,,,,
2023/02/03,Fri,15551.0,15509.0,15556.0,15392.0
2023/02/02,Thu,15307.0,15565.0,15596.0,15302.0
2023/02/01,Wed,15207.0,15219.0,15366.0,15151.0
2023/01/31,Tue,15164.0,15174.0,15243.0,15038.0
2023/01/30,Mon,15204.0,15183.0,15212.0,15033.0
2023/01/29,Sun,,,,
2023/01/28,Sat,,,,
2023/01/27,Fri,15202.0,15195.0,15239.0,15124.0
2023/01/26,Thu,15207.0,15177.0,15274.0,15119.0
2023/01/25,Wed,15143.0,15134.0,15200.0,15018.0
2023/01/24,Tue,15177.0,15154.0,15215.0,15073.0
2023/01/23,Mon,15141.0,15160.0,15209.0,15071.0
2023/01/22,Sun,,,,
2023/01/21,Sat,,,,
2023/01/20,Fri,15052.0,15081.0,15157.0,14995.0
2023/01/19,Thu,15171.0,14996.0,15195.0,14961.0
2023/01/18,Wed,15218.0,15246.0,15330.0,15178.0
2023/01/17,Tue,15189.0,15237.0,15332.0,15140.0
2023/01/16,Mon,15192.0,15203.0,15258.0,15143.0
2023/01/15,Sun,,,,
2023/01/14,Sat,,,,
2023/01/13,Fri,15168.0,15153.0,15213.0,15098.0
2023/01/12,Thu,15058.0,15137.0,15189.0,15005.0
2023/01/11,Wed,14916.0,15003.0,15067.0,14856.0
2023/01/10,Tue,14782.0,14834.0,14909.0,14739.0
2023/01/09,Mon,14734.0,14886.0,14894.0,14685.0
2023/01/08,Sun,,,,
2023/01/07,Sat,,,,
2023/01/06,Fri,14521.0,14665.0,14744.0,14446.0
2023/01/05,Thu,14544.0,14496.0,14574.0,14463.0
2023/01/04,Wed,14265.0,14550.0,14570.0,14261.0
2023/01/03,Tue,14036.0,14258.0,14358.0,13962.0
2023/01/02,Mon,13953.0,14150.0,14159.0,13903.0
2023/01/01,Sun,,,,
2022/12/31,Sat,,,,
2022/12/30,Fri,14098.0,13988.0,14109.0,13880.0
2022/12/29,Thu,13946.0,14123.0,14146.0,13926.0
2022/12/28,Wed,14042.0,13989.0,14086.0,13935.0
2022/12/27,Tue,14075.0,14056.0,14129.0,14027.0
2022/12/26,Mon,14060.5,14084.5,14092.0,14057.7
2022/12/25,Sun,,,,
2022/12/24,Sat,,,,
2022/12/23,Fri,13999.0,14003.0,14069.0,13935.0
2022/12/22,Thu,14148.0,13956.0,14228.0,13904.0
2022/12/21,Wed,14019.0,14159.0,14171.0,13975.0
2022/12/20,Tue,13990.0,13939.0,14021.0,13765.0
2022/12/19,Mon,14004.0,14016.0,14072.0,13946.0
2022/12/18,Sun,,,,
2022/12/17,Sat,,,,
2022/12/16,Fri,14001.0,13931.5,14043.0,13817.0
2022/12/15,Thu,14407.0,13985.0,14450.0,13967.0
2022/12/14,Wed,14477.0,14464.0,14507.0,14363.0
2022/12/13,Tue,14367.0,14487.0,14682.0,14302.0
2022/12/12,Mon,14302.0,14324.0,14373.0,14261.0
2022/12/11,Sun,,,,
2022/12/10,Sat,,,,
2022/12/09,Fri,14291.0,14369.0,14393.0,14215.0
2022/12/08,Thu,14282.0,14276.0,14309.0,14197.0
2022/12/07,Wed,14324.0,14277.0,14381.0,14221.0
2022/12/06,Tue,14470.0,14353.0,14482.0,14249.0
2022/12/05,Mon,14544.0,14477.0,14554.0,14396.0
2022/12/04,Sun,,,,
2022/12/03,Sat,,,,
2022/12/02,Fri,14478.0,14535.0,14594.0,14372.0
2022/12/01,Thu,14585.0,14471.0,14618.0,14426.0
2022/11/30,Wed,14415.0,14418.0,14575.0,14365.0
2022/11/29,Tue,14371.0,14357.0,14482.0,14337.0
2022/11/28,Mon,14505.0,14409.0,14527.0,14350.0
2022/11/27,Sun,,,,
2022/11/26,Sat,,,,
2022/11/25,Fri,14548.0,14554.0,14597.0,14509.0
2022/11/24,Thu,14457.0,14553.0,14589.0,14454.0
2022/11/23,Wed,14499.0,14455.0,14503.0,14374.0
2022/11/22,Tue,14426.0,14451.0,14509.0,14356.0
2022/11/21,Mon,14431.0,14402.0,14454.0,14335.0
2022/11/20,Sun,,,,
2022/11/19,Sat,,,,
2022/11/18,Fri,14329.0,14447.0,14474.0,14314.0
2022/11/17,Thu,14281.0,14273.0,14401.0,14163.0
2022/11/16,Wed,14251.0,14260.0,14404.0,14200.0
2022/11/15,Tue,14280.0,14377.0,14461.0,14142.0
2022/11/14,Mon,14305.0,14325.0,14453.0,14261.0
2022/11/13,Sun,,,,
2022/11/12,Sat,,,,
2022/11/11,Fri,14205.0,14257.0,14351.0,14167.0
2022/11/10,Thu,13601.0,14175.0,14205.0,13590.0
2022/11/09,Wed,13665.0,13699.0,13712.0,13575.0
2022/11/08,Tue,13564.0,13707.0,13721.0,13506.0
2022/11/07,Mon,13437.0,13554.0,13632.0,13405.0
2022/11/06,Sun,,,,
2022/11/05,Sat,,,,
2022/11/04,Fri,13132.0,13482.0,13564.0,13116.0
2022/11/03,Thu,13149.0,13145.0,13216.0,13036.0
2022/11/02,Wed,13375.0,13277.0,13438.0,13152.0
2022/11/01,Tue,13317.0,13346.0,13464.0,13298.0
2022/10/31,Mon,13340.0,13289.0,13347.0,13234.0
2022/10/30,Sun,,,,
2022/10/29,Sat,,,,
2022/10/28,Fri,13152.0,13262.0,13376.0,13068.0
2022/10/27,Thu,13203.0,13244.0,13280.0,13060.0
2022/10/26,Wed,13034.0,13217.0,13238.0,13032.0
2022/10/25,Tue,12968.0,13069.0,13117.0,12804.0
2022/10/24,Mon,12900.0,12964.0,13042.0,12761.0
2022/10/23,Sun,,,,
2022/10/22,Sat,,,,
2022/10/21,Fri,12642.0,12735.0,12871.0,12560.0
2022/10/20,Thu,12738.0,12769.0,12838.0,12644.0
2022/10/19,Wed,12886.0,12772.0,12964.0,12686.0
2022/10/18,Tue,12728.0,12809.0,12952.0,12671.0
2022/10/17,Mon,12420.0,12674.0,12737.0,12390.0
2022/10/16,Sun,,,,
2022/10/15,Sat,,,,
2022/10/14,Fri,12458.0,12489.0,12699.0,12372.0
2022/10/13,Thu,12209.0,12379.0,12513.0,12011.0
2022/10/12,Wed,12173.0,12208.0,12318.0,12117.0
2022/10/11,Tue,12312.0,12220.0,12333.0,12113.0
2022/10/10,Mon,12199.0,12303.0,12430.0,12137.0
2022/10/09,Sun,,,,
2022/10/08,Sat,,,,
2022/10/07,Fri,12440.0,12299.0,12516.0,12213.0
2022/10/06,Thu,12674.0,12495.0,12721.0,12435.0
2022/10/05,Wed,12645.0,12534.0,12683.0,12471.0
2022/10/04,Tue,12277.0,12683.0,12694.0,12277.0
2022/10/03,Mon,11900.0,12219.0,12292.0,11829.0
2022/10/02,Sun,,,,
2022/10/01,Sat,,,,
2022/09/30,Fri,12034.0,12134.0,12157.0,11939.0
2022/09/29,Thu,12305.0,11976.0,12316.0,11882.0
2022/09/28,Wed,12160.0,12204.0,12341.0,11878.0
2022/09/27,Tue,12266.0,12167.0,12435.0,12003.0
2022/09/26,Mon,12308.0,12260.0,12390.0,12184.0
2022/09/25,Sun,,,,
2022/09/24,Sat,,,,
2022/09/23,Fri,12625.0,12299.0,12641.0,12198.0
2022/09/22,Thu,12560.0,12559.0,12804.0,12465.0
2022/09/21,Wed,12671.0,12783.0,12882.0,12536.0
2022/09/20,Tue,12918.0,12684.0,12962.0,12555.0
2022/09/19,Mon,12785.0,12846.0,12904.0,12624.0
2022/09/18,Sun,,,,
2022/09/17,Sat,,,,
2022/09/16,Fri,12886.0,12750.9,12904.0,12700.0
2022/09/15,Thu,13067.0,12969.0,13112.0,12907.0
2022/09/14,Wed,13074.0,13031.0,13196.0,12951.0
2022/09/13,Tue,13410.0,13186.0,13572.0,13067.0
2022/09/12,Mon,13146.0,13405.0,13446.0,13141.0
2022/09/11,Sun,,,,
2022/09/10,Sat,,,,
2022/09/09,Fri,12884.0,13084.0,13137.0,12873.0
2022/09/08,Thu,12985.0,12900.0,13039.0,12685.0
2022/09/07,Wed,12790.0,12942.0,12993.0,12700.0
2022/09/06,Tue,12750.0,12859.0,12929.0,12721.0
2022/09/05,Mon,12718.0,12759.0,12795.0,12593.0
2022/09/04,Sun,,,,
2022/09/03,Sat,,,,
2022/09/02,Fri,12771.0,13042.0,13055.0,12632.0
2022/09/01,Thu,12764.0,12619.0,12785.0,12598.0
2022/08/31,Wed,12939.0,12847.0,13050.0,12794.0
2022/08/30,Tue,12912.0,12941.0,13155.0,12877.0
2022/08/29,Mon,12793.0,12884.0,12944.0,12701.0
2022/08/28,Sun,,,,
2022/08/27,Sat,,,,
2022/08/26,Fri,13318.0,12965.0,13374.0,12846.0
2022/08/25,Thu,13205.0,13262.0,13368.0,13188.0
2022/08/24,Wed,13137.0,13226.0,13240.0,13077.0
2022/08/23,Tue,13220.0,13185.0,13296.0,13117.0
2022/08/22,Mon,13492.0,13220.0,13529.0,13177.0
2022/08/21,Sun,,,,
2022/08/20,Sat,,,,
2022/08/19,Fri,13661.0,13529.0,13687.0,13505.0
2022/08/18,Thu,13632.0,13689.0,13778.0,13605.0
2022/08/17,Wed,13943.0,13615.0,13961.0,13600.0
2022/08/16,Tue,13826.0,13910.0,13970.0,13812.0
2022/08/15,Mon,13862.0,13805.0,13870.0,13729.0
2022/08/14,Sun,,,,
2022/08/13,Sat,,,,
2022/08/12,Fri,13655.0,13804.0,13882.0,13650.0
2022/08/11,Thu,13730.0,13684.0,13797.0,13626.0
2022/08/10,Wed,13521.0,13708.0,13722.0,13447.0
2022/08/09,Tue,13678.0,13544.0,13680.0,13505.0
2022/08/08,Mon,13605.0,13681.0,13742.0,13596.0
2022/08/07,Sun,,,,
2022/08/06,Sat,,,,
2022/08/05,Fri,13646.0,13556.0,13688.0,13550.0
2022/08/04,Thu,13624.0,13640.0,13790.0,13605.0
2022/08/03,Wed,13408.0,13578.0,13640.0,13377.0
2022/08/02,Tue,13449.0,13446.0,13501.0,13324.0
2022/08/01,Mon,13478.0,13495.0,13566.0,13414.0
2022/07/31,Sun,,,,
2022/07/30,Sat,,,,
2022/07/29,Fri,13387.0,13472.0,13545.0,13332.0
2022/07/28,Thu,13206.0,13280.0,13350.0,13084.0
2022/07/27,Wed,13155.0,13163.0,13252.0,13081.0
2022/07/26,Tue,13179.0,13096.0,13197.0,13020.0
2022/07/25,Mon,13172.0,13186.0,13330.0,13123.0
2022/07/24,Sun,,,,
2022/07/23,Sat,,,,
2022/07/22,Fri,13198.0,13263.0,13359.0,13142.0
2022/07/21,Thu,13200.0,13196.0,13359.0,13083.0
2022/07/20,Wed,13340.0,13271.0,13438.0,13112.0
2022/07/19,Tue,12864.0,13304.0,13352.0,12810.0
2022/07/18,Mon,12854.0,12923.0,13054.0,12822.0
2022/07/17,Sun,,,,
2022/07/16,Sat,,,,
2022/07/15,Fri,12611.0,12859.0,12868.0,12517.0
2022/07/14,Thu,12710.0,12509.0,12797.0,12418.0
2022/07/13,Wed,12809.0,12740.0,12852.0,12605.0
2022/07/12,Tue,12823.0,12881.0,12927.0,12635.0
2022/07/11,Mon,12932.0,12818.0,12956.0,12755.0
2022/07/10,Sun,,,,
2022/07/09,Sat,,,,
2022/07/08,Fri,12823.0,12988.0,13005.0,12748.0
2022/07/07,Thu,12610.0,12831.0,12861.0,12597.0
2022/07/06,Wed,12549.0,12579.0,12671.0,12435.0
2022/07/05,Tue,12850.0,12373.0,12891.0,12367.0
2022/07/04,Mon,12854.0,12779.0,12948.0,12721.0
2022/07/03,Sun,,,,
2022/07/02,Sat,,,,
2022/07/01,Fri,12824.0,12780.0,12910.0,12604.0
2022/06/30,Thu,12956.0,12771.0,12987.0,12597.0
2022/06/29,Wed,13120.0,12993.0,13155.0,12923.0
2022/06/28,Tue,13162.0,13210.0,13344.0,13088.0
2022/06/27,Mon,13151.0,13195.0,13365.0,13101.0
2022/06/26,Sun,,,,
2022/06/25,Sat,,,,
2022/06/24,Fri,12927.0,13116.0,13216.0,12883.0
2022/06/23,Thu,13066.0,12918.0,13137.0,12813.0
2022/06/22,Wed,13196.0,13138.0,13204.0,12944.0
2022/06/21,Tue,13236.0,13268.0,13420.0,13208.0
2022/06/20,Mon,13151.0,13231.0,13270.0,13035.0
2022/06/19,Sun,,,,
2022/06/18,Sat,,,,
2022/06/17,Fri,13022.0,13193.6,13236.0,13013.0
2022/06/16,Thu,13618.0,13065.0,13676.0,12947.0
2022/06/15,Wed,13361.0,13490.0,13621.0,13303.0
2022/06/14,Tue,13494.0,13308.0,13604.0,13218.0
2022/06/13,Mon,13655.0,13422.0,13658.0,13377.0
2022/06/12,Sun,,,,
2022/06/11,Sat,,,,
2022/06/10,Fri,14089.0,13750.0,14129.0,13738.0
2022/06/09,Thu,14386.0,14194.0,14423.0,14083.0
2022/06/08,Wed,14586.0,14432.0,14628.0,14350.0
2022/06/07,Tue,14593.0,14549.0,14604.0,14452.0
2022/06/06,Mon,14484.0,14652.0,14709.0,14480.0
2022/06/05,Sun,,,,
2022/06/04,Sat,,,,
2022/06/03,Fri,14603.0,14444.0,14637.0,14435.0
2022/06/02,Thu,14349.0,14482.0,14602.0,14323.0
2022/06/01,Wed,14468.0,14327.0,14495.0,14305.0
2022/05/31,Tue,14560.0,14377.0,14578.0,14350.0
2022/05/30,Mon,14500.0,14572.0,14602.0,14481.0
2022/05/29,Sun,,,,
2022/05/28,Sat,,,,
2022/05/27,Fri,14241.0,14450.0,14494.0,14216.0
2022/05/26,Thu,14075.0,14246.0,14286.0,13976.0
2022/05/25,Wed,14032.0,14027.0,14095.0,13858.0
2022/05/24,Tue,14096.0,13912.0,14129.0,13897.0
2022/05/23,Mon,14100.0,14139.0,14218.0,14013.0
2022/05/22,Sun,,,,
2022/05/21,Sat,,,,
2022/05/20,Fri,13935.0,13960.0,14150.0,13842.0
2022/05/19,Thu,13834.0,13838.0,13972.0,13671.0
2022/05/18,Wed,14247.0,13993.0,14258.0,13855.0
2022/05/17,Tue,14000.0,14174.0,14247.0,13987.0
2022/05/16,Mon,14067.0,13933.0,14093.0,13855.0
2022/05/15,Sun,,,,
2022/05/14,Sat,,,,
2022/05/13,Fri,13756.0,14014.0,14060.0,13756.0
2022/05/12,Thu,13638.0,13751.0,13806.0,13473.0
2022/05/11,Wed,13585.0,13813.0,13878.0,13507.0
2022/05/10,Tue,13353.0,13550.0,13722.0,13272.0
2022/05/09,Mon,13580.0,13389.0,13695.0,13342.0
2022/05/08,Sun,,,,
2022/05/07,Sat,,,,
2022/05/06,Fri,13825.0,13715.0,13900.0,13587.0
2022/05/05,Thu,14225.0,13879.0,14322.0,13790.0
2022/05/04,Wed,14028.0,13991.0,14271.0,13966.0
2022/05/03,Tue,13958.0,14016.0,14085.0,13923.0
2022/05/02,Mon,13937.0,13890.0,14045.0,13809.0
2022/05/01,Sun,,,,
2022/04/30,Sat,,,,
2022/04/29,Fri,14072.0,14090.0,14207.0,13895.0
2022/04/28,Thu,13835.0,13978.0,14141.0,13779.0
2022/04/27,Wed,13638.0,13767.0,13869.0,13577.0
2022/04/26,Tue,14099.0,13787.0,14182.0,13649.0
2022/04/25,Mon,14045.0,13942.0,14123.0,13870.0
2022/04/24,Sun,,,,
2022/04/23,Sat,,,,
2022/04/22,Fri,14324.0,14173.0,14392.0,14059.0
2022/04/21,Thu,14377.0,14538.0,14617.0,14320.0
2022/04/20,Wed,14231.0,14368.0,14398.0,14153.0
2022/04/19,Tue,14203.0,14171.0,14260.0,14006.0
2022/04/18,Mon,14155.7,14193.7,14194.5,14139.7
2022/04/17,Sun,,,,
2022/04/16,Sat,,,,
2022/04/15,Fri,,,,
2022/04/14,Thu,14119.0,14195.0,14221.0,14054.0
2022/04/13,Wed,14065.0,14083.0,14167.0,13976.0
2022/04/12,Tue,14080.0,14141.0,14198.0,13897.0
2022/04/11,Mon,14240.0,14188.0,14321.0,14075.0
2022/04/10,Sun,,,,
2022/04/09,Sat,,,,
2022/04/08,Fri,14220.0,14277.0,14343.0,14156.0
2022/04/07,Thu,14122.0,14088.0,14336.0,14049.0
2022/04/06,Wed,14387.0,14149.0,14454.0,14042.0
2022/04/05,Tue,14551.0,14412.0,14623.0,14354.0
2022/04/04,Mon,14460.0,14550.0,14586.0,14348.0
2022/04/03,Sun,,,,
2022/04/02,Sat,,,,
2022/04/01,Fri,14400.0,14465.0,14527.0,14379.0
2022/03/31,Thu,14633.0,14433.0,14749.0,14340.0
2022/03/30,Wed,14826.0,14580.0,14840.0,14543.0
2022/03/29,Tue,14554.0,14813.0,14945.0,14548.0
2022/03/28,Mon,14349.0,14472.0,14647.0,14315.0
2022/03/27,Sun,,,,
2022/03/26,Sat,,,,
2022/03/25,Fri,14322.0,14328.0,14446.0,14260.0
2022/03/24,Thu,14260.0,14312.0,14394.0,14201.0
2022/03/23,Wed,14518.0,14282.0,14602.0,14208.0
2022/03/22,Tue,14261.0,14457.0,14543.0,14246.0
2022/03/21,Mon,14440.0,14366.0,14475.0,14238.0
2022/03/20,Sun,,,,
2022/03/19,Sat,,,,
2022/03/18,Fri,14340.0,14227.4,14416.0,14112.0
2022/03/17,Thu,14476.0,14389.0,14529.0,14241.0
2022/03/16,Wed,13961.0,14448.0,14558.0,13928.0
2022/03/15,Tue,13886.0,13916.0,14010.0,13572.0
2022/03/14,Mon,13775.0,13937.0,14079.0,13677.0
2022/03/13,Sun,,,,
2022/03/12,Sat,,,,
2022/03/11,Fri,13495.0,13643.0,14093.0,13270.0
2022/03/10,Thu,13842.0,13411.0,13851.0,13333.0
2022/03/09,Wed,13028.0,13748.0,13989.0,12957.0
2022/03/08,Tue,12600.0,12859.0,13336.0,12470.0
2022/03/07,Mon,12821.0,12864.0,13142.0,12425.0
2022/03/06,Sun,,,,
2022/03/05,Sat,,,,
2022/03/04,Fri,13595.0,13113.0,13605.0,12948.0
2022/03/03,Thu,13978.0,13701.0,14061.0,13596.0
2022/03/02,Wed,13851.0,14042.0,14111.0,13701.0
2022/03/01,Tue,14332.0,13936.0,14470.0,13753.0
2022/02/28,Mon,14187.0,14492.0,14510.0,13934.0
2022/02/27,Sun,,,,
2022/02/26,Sat,,,,
2022/02/25,Fri,14238.0,14540.0,14663.0,14014.0
2022/02/24,Thu,14486.0,14033.0,14499.0,13782.0
2022/02/23,Wed,14747.0,14611.0,14893.0,14467.0
2022/02/22,Tue,14417.0,14652.0,14775.0,14296.0
2022/02/21,Mon,14949.0,14712.0,15226.0,14382.0
2022/02/20,Sun,,,,
2022/02/19,Sat,,,,
2022/02/18,Fri,15162.0,15028.0,15349.0,14976.0
2022/02/17,Thu,15391.0,15241.0,15429.0,15124.0
2022/02/16,Wed,15398.0,15374.0,15535.0,15314.0
2022/02/15,Tue,15084.0,15368.0,15428.0,15003.0
2022/02/14,Mon,15245.0,15080.0,15245.0,14831.0
2022/02/13,Sun,,,,
2022/02/12,Sat,,,,
2022/02/11,Fri,15351.0,15399.0,15502.0,15110.0
2022/02/10,Thu,15519.0,15502.0,15611.0,15352.0
2022/02/09,Wed,15300.0,15470.0,15533.0,15288.0
2022/02/08,Tue,15216.0,15237.0,15335.0,15151.0
2022/02/07,Mon,15117.0,15225.0,15255.0,15069.0
2022/02/06,Sun,,,,
2022/02/05,Sat,,,,
2022/02/04,Fri,15398.0,15086.0,15496.0,15051.0
2022/02/03,Thu,15553.0,15364.0,15596.0,15284.0
2022/02/02,Wed,15671.0,15618.0,15731.0,15582.0
2022/02/01,Tue,15539.0,15579.0,15680.0,15474.0
2022/01/31,Mon,15400.0,15404.0,15572.0,15329.0
2022/01/30,Sun,,,,
2022/01/29,Sat,,,,
2022/01/28,Fri,15460.0,15315.0,15502.0,15113.0
2022/01/27,Thu,15408.0,15479.0,15577.0,15037.0
2022/01/26,Wed,15179.0,15453.0,15547.0,15125.0
2022/01/25,Tue,15242.0,15131.0,15256.0,14972.0
2022/01/24,Mon,15514.0,15027.0,15580.0,14829.0
2022/01/23,Sun,,,,
2022/01/22,Sat,,,,
2022/01/21,Fri,15732.0,15571.0,15735.0,15437.0
2022/01/20,Thu,15764.0,15893.0,15912.0,15718.0
2022/01/19,Wed,15747.0,15780.0,15890.0,15614.0
2022/01/18,Tue,15929.0,15779.0,15955.0,15656.0
2022/01/17,Mon,15931.0,15928.0,15959.0,15878.0
2022/01/16,Sun,,,,
2022/01/15,Sat,,,,
2022/01/14,Fri,15922.0,15851.0,15961.0,15821.0
2022/01/13,Thu,15982.0,16000.0,16078.0,15876.0
2022/01/12,Wed,15987.0,15989.0,16065.0,15938.0
2022/01/11,Tue,15857.0,15929.0,15995.0,15814.0
2022/01/10,Mon,15894.0,15801.0,16003.0,15711.0
2022/01/09,Sun,,,,
2022/01/08,Sat,,,,
2022/01/07,Fri,16048.0,15923.0,16070.0,15848.0
2022/01/06,Thu,16084.0,16034.0,16144.0,15954.0
2022/01/05,Wed,16119.0,16253.0,16274.0,16063.0
2022/01/04,Tue,16030.0,16119.0,16190.0,15995.0
2022/01/03,Mon,15876.0,16030.0,16059.0,15844.0
2022/01/02,Sun,,,,
2022/01/01,Sat,,,,
2021/12/31,Fri,,,,
2021/12/30,Thu,15832.0,15856.0,15917.0,15802.0
2021/12/29,Wed,15960.0,15833.0,15960.0,15787.0
2021/12/28,Tue,15864.0,15961.0,15965.0,15818.0
2021/12/27,Mon,15747.0,15836.0,15885.0,15652.0
2021/12/26,Sun,,,,
2021/12/25,Sat,,,,
2021/12/24,Fri,,,,
2021/12/23,Thu,15616.0,15740.0,15764.0,15590.0
2021/12/22,Wed,15499.0,15550.0,15626.0,15409.0
2021/12/21,Tue,15361.0,15423.0,15501.0,15288.0
2021/12/20,Mon,15354.0,15220.0,15413.0,15046.0
2021/12/19,Sun,,,,
2021/12/18,Sat,,,,
2021/12/17,Fri,15581.0,15531.0,15611.0,15487.0
2021/12/16,Thu,15634.0,15641.0,15780.0,15471.0
2021/12/15,Wed,15536.0,15488.0,15639.0,15447.0
2021/12/14,Tue,15626.0,15480.0,15697.0,15426.0
2021/12/13,Mon,15674.0,15610.0,15795.0,15586.0
2021/12/12,Sun,,,,
2021/12/11,Sat,,,,
2021/12/10,Fri,15627.0,15628.0,15688.0,15526.0
2021/12/09,Thu,15701.0,15638.0,15755.0,15598.0
2021/12/08,Wed,15783.0,15688.0,15840.0,15676.0
2021/12/07,Tue,15401.0,15817.0,15842.0,15369.0
2021/12/06,Mon,15199.0,15396.0,15417.0,15144.0
2021/12/05,Sun,,,,
2021/12/04,Sat,,,,
2021/12/03,Fri,15276.0,15123.0,15433.0,15080.0
2021/12/02,Thu,15242.0,15268.0,15393.0,15166.0
2021/12/01,Wed,15169.0,15470.0,15506.0,15106.0
2021/11/30,Tue,15350.0,15143.0,15424.0,14909.0
2021/11/29,Mon,15349.0,15275.0,15459.0,15231.0
2021/11/28,Sun,,,,
2021/11/27,Sat,,,,
2021/11/26,Fri,15848.0,15243.0,15848.0,15021.0
2021/11/25,Thu,15912.0,15908.0,15964.0,15859.0
2021/11/24,Wed,15995.0,15895.0,16024.0,15735.0
2021/11/23,Tue,16073.0,15963.0,16092.0,15860.0
2021/11/22,Mon,16169.0,16128.0,16199.0,16054.0
2021/11/21,Sun,,,,
2021/11/20,Sat,,,,
2021/11/19,Fri,16245.0,16170.0,16295.0,16087.0
2021/11/18,Thu,16257.0,16215.0,16285.0,16187.0
2021/11/17,Wed,16239.0,16247.0,16279.0,16205.0
2021/11/16,Tue,16130.0,16246.0,16261.0,16112.0
2021/11/15,Mon,16100.0,16132.0,16146.0,16063.0
2021/11/14,Sun,,,,
2021/11/13,Sat,,,,
2021/11/12,Fri,16099.0,16095.0,16120.0,16059.0
2021/11/11,Thu,16021.0,16075.0,16110.0,15993.0
2021/11/10,Wed,16016.0,16056.0,16070.0,15977.0
2021/11/09,Tue,16015.0,16027.0,16098.0,15986.0
2021/11/08,Mon,16027.0,16040.0,16061.0,16000.0
2021/11/07,Sun,,,,
2021/11/06,Sat,,,,
2021/11/05,Fri,16018.0,16032.0,16078.0,15982.0
2021/11/04,Thu,16024.0,16024.0,16055.0,15985.0
2021/11/03,Wed,15938.0,15946.0,16021.0,15909.0
2021/11/02,Tue,15804.0,15938.0,15950.0,15760.0
2021/11/01,Mon,15735.0,15808.0,15838.0,15716.0
2021/10/31,Sun,,,,
2021/10/30,Sat,,,,
2021/10/29,Fri,15645.0,15664.0,15715.0,15483.0
2021/10/28,Thu,15694.0,15669.0,15704.0,15614.0
2021/10/27,Wed,15740.0,15687.0,15740.0,15654.0
2021/10/26,Tue,15635.0,15761.0,15768.0,15619.0
2021/10/25,Mon,15536.0,15600.0,15624.0,15513.0
2021/10/24,Sun,,,,
2021/10/23,Sat,,,,
2021/10/22,Fri,15476.0,15539.0,15598.0,15468.0
2021/10/21,Thu,15480.0,15463.0,15517.0,15380.0
2021/10/20,Wed,15503.0,15508.0,15556.0,15445.0
2021/10/19,Tue,15489.0,15506.0,15512.0,15438.0
2021/10/18,Mon,15559.0,15467.0,15580.0,15401.0
2021/10/17,Sun,,,,
2021/10/16,Sat,,,,
2021/10/15,Fri,15483.0,15569.0,15598.0,15447.0
2021/10/14,Thu,15286.0,15442.0,15485.0,15280.0
2021/10/13,Wed,15126.0,15235.0,15287.0,15092.0
2021/10/12,Tue,15085.0,15129.0,15164.0,14992.0
2021/10/11,Mon,15139.0,15170.0,15224.0,15076.0
2021/10/10,Sun,,,,
2021/10/09,Sat,,,,
2021/10/08,Fri,15214.0,15201.0,15253.0,15166.0
2021/10/07,Thu,15070.0,15228.0,15246.0,15070.0
2021/10/06,Wed,15145.0,14943.0,15177.0,14795.0
2021/10/05,Tue,15065.0,15181.0,15190.0,14975.0
2021/10/04,Mon,15250.0,15025.0,15250.0,14995.0
2021/10/03,Sun,,,,
2021/10/02,Sat,,,,
2021/10/01,Fri,15249.0,15113.0,15254.0,14962.0
2021/09/30,Thu,15369.0,15288.0,15456.0,15185.0
2021/09/29,Wed,15293.0,15339.0,15406.0,15220.0
2021/09/28,Tue,15570.0,15245.0,15608.0,15207.0
2021/09/27,Mon,15536.0,15563.0,15699.0,15531.0
2021/09/26,Sun,,,,
2021/09/25,Sat,,,,
2021/09/24,Fri,15672.0,15501.0,15749.0,15473.0
2021/09/23,Thu,15528.0,15626.0,15677.0,15521.0
2021/09/22,Wed,15248.0,15471.0,15530.0,15231.0
2021/09/21,Tue,15150.0,15294.0,15375.0,15107.0
2021/09/20,Mon,15466.0,15100.0,15493.0,14998.0
2021/09/19,Sun,,,,
2021/09/18,Sat,,,,
2021/09/17,Fri,15711.0,15637.2,15786.0,15579.0
2021/09/16,Thu,15686.0,15660.0,15746.0,15637.0
2021/09/15,Wed,15717.0,15634.0,15791.0,15612.0
2021/09/14,Tue,15728.0,15719.0,15763.0,15660.0
2021/09/13,Mon,15605.0,15700.0,15787.0,15554.0
2021/09/12,Sun,,,,
2021/09/11,Sat,,,,
2021/09/10,Fri,15588.0,15602.0,15702.0,15546.0
2021/09/09,Thu,15604.0,15626.0,15693.0,15448.0
2021/09/08,Wed,15815.0,15622.0,15847.0,15586.0
2021/09/07,Tue,15910.0,15842.0,15927.0,15814.0
2021/09/06,Mon,15742.0,15926.0,15958.0,15724.0
2021/09/05,Sun,,,,
2021/09/04,Sat,,,,
2021/09/03,Fri,15819.0,15778.0,15868.0,15682.0
2021/09/02,Thu,15814.0,15833.0,15873.0,15762.0
2021/09/01,Wed,15839.0,15814.0,15977.0,15767.0
2021/08/31,Tue,15868.0,15800.0,16005.0,15755.0
2021/08/30,Mon,15855.0,15886.0,15894.0,15812.0
2021/08/29,Sun,,,,
2021/08/28,Sat,,,,
2021/08/27,Fri,15739.0,15835.0,15870.0,15722.0
2021/08/26,Thu,15837.0,15797.0,15837.0,15690.0
2021/08/25,Wed,15903.0,15852.0,15929.0,15833.0
2021/08/24,Tue,15863.0,15900.0,15922.0,15847.0
2021/08/23,Mon,15830.0,15861.0,15935.0,15790.0
2021/08/22,Sun,,,,
2021/08/21,Sat,,,,
2021/08/20,Fri,15788.0,15786.0,15824.0,15646.0
2021/08/19,Thu,15880.0,15745.0,15893.0,15615.0
2021/08/18,Wed,15881.0,15956.0,15970.0,15863.0
2021/08/17,Tue,15936.0,15907.0,15936.0,15800.0
2021/08/16,Mon,15928.0,15890.0,15957.0,15841.0
2021/08/15,Sun,,,,
2021/08/14,Sat,,,,
2021/08/13,Fri,15942.0,15969.0,16024.0,15920.0
2021/08/12,Thu,15850.0,15937.0,15967.0,15804.0
2021/08/11,Wed,15775.0,15812.0,15880.0,15713.0
2021/08/10,Tue,15744.0,15767.0,15791.0,15709.0
2021/08/09,Mon,15718.0,15750.0,15788.0,15685.0
2021/08/08,Sun,,,,
2021/08/07,Sat,,,,
2021/08/06,Fri,15740.0,15753.0,15795.0,15712.0
2021/08/05,Thu,15683.0,15737.0,15746.0,15648.0
2021/08/04,Wed,15546.0,15673.0,15702.0,15542.0
2021/08/03,Tue,15537.0,15544.0,15596.0,15481.0
2021/08/02,Mon,15592.0,15578.0,15695.0,15499.0
2021/08/01,Sun,,,,
2021/07/31,Sat,,,,
2021/07/30,Fri,15562.0,15549.0,15601.0,15426.0
2021/07/29,Thu,15534.0,15624.0,15650.0,15496.0
2021/07/28,Wed,15541.0,15561.0,15577.0,15474.0
2021/07/27,Tue,15614.0,15516.0,15624.0,15407.0
2021/07/26,Mon,15651.0,15599.0,15651.0,15531.0
2021/07/25,Sun,,,,
2021/07/24,Sat,,,,
2021/07/23,Fri,15542.0,15653.0,15679.0,15529.0
2021/07/22,Thu,15449.0,15499.0,15566.0,15425.0
2021/07/21,Wed,15273.0,15410.0,15451.0,15182.0
2021/07/20,Tue,15137.0,15210.0,15287.0,15077.0
2021/07/19,Mon,15472.0,15094.0,15477.0,15032.0
2021/07/18,Sun,,,,
2021/07/17,Sat,,,,
2021/07/16,Fri,15605.0,15514.0,15687.0,15461.0
2021/07/15,Thu,15748.0,15611.0,15767.0,15574.0
2021/07/14,Wed,15763.0,15777.0,15797.0,15698.0
2021/07/13,Tue,15787.0,15771.0,15802.0,15732.0
2021/07/12,Mon,15665.0,15789.0,15792.0,15616.0
2021/07/11,Sun,,,,
2021/07/10,Sat,,,,
2021/07/09,Fri,15413.0,15658.0,15683.0,15343.0
2021/07/08,Thu,15695.0,15394.0,15695.0,15287.0
2021/07/07,Wed,15486.0,15668.0,15700.0,15462.0
2021/07/06,Tue,15644.0,15478.0,15678.0,15447.0
2021/07/05,Mon,15625.0,15647.0,15657.0,15515.0
2021/07/04,Sun,,,,
2021/07/03,Sat,,,,
2021/07/02,Fri,15615.0,15616.0,15694.0,15583.0
2021/07/01,Thu,15560.0,15578.0,15693.0,15473.0
2021/06/30,Wed,15700.0,15528.0,15706.0,15440.0
2021/06/29,Tue,15537.0,15683.0,15738.0,15515.0
2021/06/28,Mon,15599.0,15533.0,15652.0,15522.0
2021/06/27,Sun,,,,
2021/06/26,Sat,,,,
2021/06/25,Fri,15594.0,15591.0,15620.0,15514.0
2021/06/24,Thu,15479.0,15569.0,15589.0,15456.0
2021/06/23,Wed,15632.0,15473.0,15656.0,15433.0
2021/06/22,Tue,15618.0,15628.0,15640.0,15493.0
2021/06/21,Mon,15410.0,15575.0,15626.0,15257.0
2021/06/20,Sun,,,,
2021/06/19,Sat,,,,
2021/06/18,Fri,15742.0,15613.5,15742.0,15603.0
2021/06/17,Thu,15665.0,15724.0,15763.0,15619.0
2021/06/16,Wed,15742.0,15716.0,15761.0,15670.0
2021/06/15,Tue,15728.0,15731.0,15793.0,15713.0
2021/06/14,Mon,15719.0,15693.0,15806.0,15670.0
2021/06/13,Sun,,,,
2021/06/12,Sat,,,,
2021/06/11,Fri,15596.0,15693.0,15725.0,15546.0
2021/06/10,Thu,15572.0,15581.0,15639.0,15513.0
2021/06/09,Wed,15660.0,15591.0,15678.0,15500.0
2021/06/08,Tue,15711.0,15653.0,15727.0,15633.0
2021/06/07,Mon,15690.0,15689.0,15730.0,15608.0
2021/06/06,Sun,,,,
2021/06/05,Sat,,,,
2021/06/04,Fri,15607.0,15691.0,15704.0,15580.0
2021/06/03,Thu,15605.0,15651.0,15656.0,15469.0
2021/06/02,Wed,15562.0,15583.0,15628.0,15546.0
2021/06/01,Tue,15455.0,15567.0,15683.0,15432.0
2021/05/31,Mon,15521.0,15414.0,15524.0,15408.0
2021/05/30,Sun,,,,
2021/05/29,Sat,,,,
2021/05/28,Fri,15482.0,15512.0,15545.0,15427.0
2021/05/27,Thu,15449.0,15420.0,15487.0,15345.0
2021/05/26,Wed,15501.0,15446.0,15540.0,15399.0
2021/05/25,Tue,15554.0,15467.0,15600.0,15451.0
2021/05/24,Mon,15460.0,15560.0,15585.0,15427.0
2021/05/23,Sun,,,,
2021/05/22,Sat,,,,
2021/05/21,Fri,15400.0,15431.0,15462.0,15347.0
2021/05/20,Thu,15134.0,15337.0,15393.0,15095.0
2021/05/19,Wed,15299.0,15123.0,15328.0,14954.0
2021/05/18,Tue,15439.0,15405.0,15538.0,15319.0
2021/05/17,Mon,15432.0,15401.0,15479.0,15346.0
2021/05/16,Sun,,,,
2021/05/15,Sat,,,,
2021/05/14,Fri,15264.0,15407.0,15462.0,15208.0
2021/05/13,Thu,15092.0,15180.0,15263.0,14806.0
2021/05/12,Wed,15126.0,15156.0,15226.0,14995.0
2021/05/11,Tue,15315.0,15089.0,15315.0,15003.0
2021/05/10,Mon,15439.0,15409.0,15472.0,15308.0
2021/05/09,Sun,,,,
2021/05/08,Sat,,,,
2021/05/07,Fri,15243.0,15380.0,15417.0,15233.0
2021/05/06,Thu,15170.0,15172.0,15285.0,15094.0
2021/05/05,Wed,14924.0,15167.0,15197.0,14924.0
2021/05/04,Tue,15250.0,14855.0,15272.0,14833.0
2021/05/03,Mon,15188.0,15236.0,15280.0,15116.0
2021/05/02,Sun,,,,
2021/05/01,Sat,,,,
2021/04/30,Fri,15180.0,15168.0,15254.0,15105.0
2021/04/29,Thu,15332.0,15162.0,15348.0,15094.0
2021/04/28,Wed,15278.0,15309.0,15369.0,15249.0
2021/04/27,Tue,15307.0,15262.0,15328.0,15200.0
2021/04/26,Mon,15288.0,15316.0,15344.0,15250.0
2021/04/25,Sun,,,,
2021/04/24,Sat,,,,
2021/04/23,Fri,15272.0,15291.0,15327.0,15164.0
2021/04/22,Thu,15255.0,15333.0,15355.0,15228.0
2021/04/21,Wed,15161.0,15210.0,15283.0,15089.0
2021/04/20,Tue,15416.0,15136.0,15418.0,15121.0
2021/04/19,Mon,15480.0,15405.0,15516.0,15351.0
2021/04/18,Sun,,,,
2021/04/17,Sat,,,,
2021/04/16,Fri,15291.0,15477.0,15529.0,15275.0
2021/04/15,Thu,15208.0,15271.0,15300.0,15195.0
2021/04/14,Wed,15264.0,15227.0,15317.0,15181.0
2021/04/13,Tue,15263.0,15259.0,15298.0,15196.0
2021/04/12,Mon,15216.0,15247.0,15291.0,15203.0
2021/04/11,Sun,,,,
2021/04/10,Sat,,,,
2021/04/09,Fri,15246.0,15241.0,15278.0,15170.0
2021/04/08,Thu,15226.0,15211.0,15273.0,15160.0
2021/04/07,Wed,15229.0,15198.0,15257.0,15171.0
2021/04/06,Tue,15255.0,15233.0,15338.0,15182.0
2021/04/05,Mon,,,,
2021/04/04,Sun,,,,
2021/04/03,Sat,,,,
2021/04/02,Fri,,,,
2021/04/01,Thu,15045.0,15113.0,15210.0,15028.0
2021/03/31,Wed,15006.0,15029.0,15061.0,14969.0
2021/03/30,Tue,14886.0,15034.0,15043.0,14865.0
2021/03/29,Mon,14816.0,14841.0,14906.0,14733.0
2021/03/28,Sun,,,,
2021/03/27,Sat,,,,
2021/03/26,Fri,14709.0,14757.0,14869.0,14687.0
2021/03/25,Thu,14591.0,14612.0,14710.0,14430.0
2021/03/24,Wed,14608.0,14616.0,14631.0,14530.0
2021/03/23,Tue,14686.0,14698.0,14720.0,14526.0
2021/03/22,Mon,14624.0,14667.0,14693.0,14551.0
2021/03/21,Sun,,,,
2021/03/20,Sat,,,,
2021/03/19,Fri,14693.0,14699.5,14748.0,14663.0
2021/03/18,Thu,14695.0,14790.0,14805.0,14660.0
2021/03/17,Wed,14561.0,14594.0,14684.0,14529.0
2021/03/16,Tue,14496.0,14560.0,14604.0,14475.0
2021/03/15,Mon,14578.0,14466.0,14587.0,14406.0
2021/03/14,Sun,,,,
2021/03/13,Sat,,,,
2021/03/12,Fri,14563.0,14502.0,14569.0,14448.0
2021/03/11,Thu,14542.0,14577.0,14595.0,14513.0
2021/03/10,Wed,14440.0,14537.0,14562.0,14386.0
2021/03/09,Tue,14396.0,14460.0,14476.0,14304.0
2021/03/08,Mon,14040.0,14397.0,14408.0,13957.0
2021/03/07,Sun,,,,
2021/03/06,Sat,,,,
2021/03/05,Fri,13920.0,13912.0,14065.0,13860.0
2021/03/04,Thu,13986.0,14050.0,14093.0,13893.0
2021/03/03,Wed,14061.0,14069.0,14195.0,13972.0
2021/03/02,Tue,14026.0,14042.0,14098.0,13920.0
2021/03/01,Mon,13875.0,13997.0,14033.0,13846.0
2021/02/28,Sun,,,,
2021/02/27,Sat,,,,
2021/02/26,Fri,13742.0,13759.0,13875.0,13637.0
2021/02/25,Thu,14025.0,13894.0,14069.0,13737.0
2021/02/24,Wed,13857.0,13980.0,14019.0,13782.0
2021/02/23,Tue,13909.0,13844.0,14006.0,13655.0
2021/02/22,Mon,13970.0,13960.0,14032.0,13791.0
2021/02/21,Sun,,,,
2021/02/20,Sat,,,,
2021/02/19,Fri,13897.0,14003.0,14020.0,13844.0
2021/02/18,Thu,13966.0,13883.0,13975.0,13845.0
2021/02/17,Wed,14020.0,13907.0,14064.0,13875.0
2021/02/16,Tue,14118.0,14054.0,14153.0,14028.0
2021/02/15,Mon,14073.0,14116.0,14152.0,14066.0
2021/02/14,Sun,,,,
2021/02/13,Sat,,,,
2021/02/12,Fri,14041.0,14035.0,14069.0,13905.0
2021/02/11,Thu,13919.0,14024.0,14044.0,13892.0
2021/02/10,Wed,14034.0,13918.0,14090.0,13816.0
2021/02/09,Tue,14068.0,13996.0,14078.0,13948.0
2021/02/08,Mon,14082.0,14075.0,14185.0,14032.0
2021/02/07,Sun,,,,
2021/02/06,Sat,,,,
2021/02/05,Fri,14049.0,14041.0,14105.0,14001.0
2021/02/04,Thu,13960.0,14044.0,14061.0,13898.0
2021/02/03,Wed,13881.0,13916.0,13983.0,13853.0
2021/02/02,Tue,13645.0,13825.0,13876.0,13626.0
2021/02/01,Mon,13356.0,13628.0,13679.0,13356.0
2021/01/31,Sun,,,,
2021/01/30,Sat,,,,
2021/01/29,Fri,13615.0,13442.0,13615.0,13358.0
2021/01/28,Thu,13496.0,13651.0,13710.0,13298.0
2021/01/27,Wed,13874.0,13634.0,13884.0,13464.0
2021/01/26,Tue,13704.0,13884.0,13922.0,13579.0
2021/01/25,Mon,13881.0,13629.0,13946.0,13588.0
2021/01/24,Sun,,,,
2021/01/23,Sat,,,,
2021/01/22,Fri,13923.0,13846.0,13934.0,13731.0
2021/01/21,Thu,13953.0,13919.0,14017.0,13859.0
2021/01/20,Wed,13865.0,13903.0,13959.0,13785.0
2021/01/19,Tue,13888.0,13810.0,13952.0,13790.0
2021/01/18,Mon,13725.0,13829.0,13900.0,13681.0
2021/01/17,Sun,,,,
2021/01/16,Sat,,,,
2021/01/15,Fri,13960.0,13777.0,13976.0,13659.0
2021/01/14,Thu,13957.0,13977.0,14021.0,13925.0
2021/01/13,Wed,13920.0,13940.0,13967.0,13855.0
2021/01/12,Tue,13945.0,13918.0,13992.0,13830.0
2021/01/11,Mon,14046.0,13933.0,14046.0,13793.0
2021/01/10,Sun,,,,
2021/01/09,Sat,,,,
2021/01/08,Fri,13981.0,14009.0,14123.0,13973.0
2021/01/07,Thu,13877.0,13980.0,14003.0,13877.0
2021/01/06,Wed,13688.0,13906.0,13927.0,13602.0
2021/01/05,Tue,13688.0,13620.0,13758.0,13552.0
2021/01/04,Mon,13712.0,13722.0,13912.0,13580.0
2021/01/03,Sun,,,,
2021/01/02,Sat,,,,
2021/01/01,Fri,,,,
2020/12/31,Thu,,,,
2020/12/30,Wed,13684.0,13746.0,13788.0,13648.0
2020/12/29,Tue,13795.0,13763.0,13896.0,13679.0
2020/12/28,Mon,13626.0,13785.0,13815.0,13602.0
2020/12/27,Sun,,,,
2020/12/26,Sat,,,,
2020/12/25,Fri,,,,
2020/12/24,Thu,,,,
2020/12/23,Wed,13412.0,13584.0,13609.0,13320.0
2020/12/22,Tue,13400.0,13408.0,13428.0,13218.0
2020/12/21,Mon,13590.0,13239.0,13600.0,13031.0
2020/12/20,Sun,,,,
2020/12/19,Sat,,,,
2020/12/18,Fri,13693.5,13719.2,13775.5,13623.0
2020/12/17,Thu,13574.0,13688.0,13736.5,13554.0
2020/12/16,Wed,13411.5,13560.5,13597.5,13380.0
2020/12/15,Tue,13219.5,13372.0,13429.0,13180.5
2020/12/14,Mon,13190.5,13240.0,13292.5,13143.5
2020/12/13,Sun,,,,
2020/12/12,Sat,,,,
2020/12/11,Fri,13293.5,13111.0,13312.0,13002.5
2020/12/10,Thu,13333.0,13303.0,13369.0,13206.5
2020/12/09,Wed,13325.0,13354.5,13457.0,13280.0
2020/12/08,Tue,13231.5,13284.5,13316.0,13195.0
2020/12/07,Mon,13288.0,13266.0,13299.0,13154.0
2020/12/06,Sun,,,,
2020/12/05,Sat,,,,
2020/12/04,Fri,13201.5,13282.0,13314.5,13199.0
2020/12/03,Thu,13286.0,13257.5,13330.0,13177.0
2020/12/02,Wed,13346.5,13305.5,13372.0,13264.0
2020/12/01,Tue,13331.0,13393.5,13433.0,13330.0
2020/11/30,Mon,13360.5,13332.0,13443.0,13220.0
2020/11/29,Sun,,,,
2020/11/28,Sat,,,,
2020/11/27,Fri,13263.0,13350.5,13374.0,13236.0
2020/11/26,Thu,13280.5,13299.0,13327.5,13243.0
2020/11/25,Wed,13344.5,13299.0,13370.5,13226.0
2020/11/24,Tue,13222.0,13286.0,13329.0,13183.0
2020/11/23,Mon,13132.0,13163.0,13308.5,13116.0
2020/11/22,Sun,,,,
2020/11/21,Sat,,,,
2020/11/20,Fri,13093.0,13124.0,13164.0,13032.0
2020/11/19,Thu,13089.0,13084.0,13141.5,13024.5
2020/11/18,Wed,13110.0,13194.0,13207.0,13065.5
2020/11/17,Tue,13140.5,13124.0,13162.0,13041.5
2020/11/16,Mon,13166.5,13158.0,13275.0,13066.0
2020/11/15,Sun,,,,
2020/11/14,Sat,,,,
2020/11/13,Fri,13002.0,13092.5,13134.5,12921.0
2020/11/12,Thu,13220.0,13066.5,13224.5,12931.0
2020/11/11,Wed,13120.0,13225.5,13239.5,13092.0
2020/11/10,Tue,12990.5,13195.0,13232.5,12865.5
2020/11/09,Mon,12597.5,13113.0,13290.5,12597.5
2020/11/08,Sun,,,,
2020/11/07,Sat,,,,
2020/11/06,Fri,12502.0,12470.0,12586.0,12358.5
2020/11/05,Thu,12254.0,12559.0,12582.0,12245.5
2020/11/04,Wed,12224.5,12305.0,12356.0,11772.5
2020/11/03,Tue,11802.0,12071.0,12178.0,11802.0
2020/11/02,Mon,11538.0,11764.5,11830.0,11497.0
2020/11/01,Sun,,,,
2020/10/31,Sat,,,,
2020/10/30,Fri,11584.0,11564.0,11632.5,11313.5
2020/10/29,Thu,11554.0,11567.0,11696.0,11442.0
2020/10/28,Wed,11930.5,11517.0,11953.0,11444.0
2020/10/27,Tue,12192.0,12065.0,12269.0,11927.5
2020/10/26,Mon,12565.0,12170.5,12592.5,12077.5
2020/10/25,Sun,,,,
2020/10/24,Sat,,,,
2020/10/23,Fri,12553.0,12615.0,12708.5,12493.5
2020/10/22,Thu,12478.5,12526.5,12591.5,12328.5
2020/10/21,Wed,12758.0,12541.0,12806.5,12521.0
2020/10/20,Tue,12784.5,12744.5,12837.0,12702.5
2020/10/19,Mon,12908.5,12849.5,13018.0,12708.5
2020/10/18,Sun,,,,
2020/10/17,Sat,,,,
2020/10/16,Fri,12745.5,12906.5,12944.0,12689.5
2020/10/15,Thu,12983.5,12669.5,12983.5,12581.5
2020/10/14,Wed,12997.5,13018.0,13052.5,12935.5
2020/10/13,Tue,13136.0,12985.0,13152.5,12941.0
2020/10/12,Mon,13037.5,13125.5,13163.0,13018.0
2020/10/11,Sun,,,,
2020/10/10,Sat,,,,
2020/10/09,Fri,13087.5,13023.0,13094.0,12993.0
2020/10/08,Thu,12933.0,13041.0,13087.5,12921.0
2020/10/07,Wed,12799.0,12899.5,12947.0,12782.0
2020/10/06,Tue,12852.5,12899.5,12950.0,12758.5
2020/10/05,Mon,12756.0,12820.0,12873.0,12709.5
2020/10/04,Sun,,,,
2020/10/03,Sat,,,,
2020/10/02,Fri,12676.5,12662.0,12724.5,12521.0
2020/10/01,Thu,12777.0,12692.5,12842.5,12650.0
2020/09/30,Wed,12835.0,12779.0,12883.0,12667.0
2020/09/29,Tue,12883.0,12797.0,12930.5,12716.0
2020/09/28,Mon,12549.5,12849.0,12866.5,12543.0
2020/09/27,Sun,,,,
2020/09/26,Sat,,,,
2020/09/25,Fri,12641.0,12421.5,12692.5,12316.0
2020/09/24,Thu,12497.0,12583.0,12675.0,12435.5
2020/09/23,Wed,12659.5,12631.0,12809.5,12506.5
2020/09/22,Tue,12642.0,12616.0,12679.5,12537.0
2020/09/21,Mon,13134.5,12490.5,13136.5,12478.5
2020/09/20,Sun,,,,
2020/09/19,Sat,,,,
2020/09/18,Fri,13247.5,13252.6,13260.0,13180.0
2020/09/17,Thu,13204.0,13225.5,13249.5,13032.0
2020/09/16,Wed,13192.0,13235.0,13279.0,13171.0
2020/09/15,Tue,13164.0,13224.0,13262.5,13133.5
2020/09/14,Mon,13244.0,13199.0,13339.0,13143.0
2020/09/13,Sun,,,,
2020/09/12,Sat,,,,
2020/09/11,Fri,13142.5,13214.5,13257.0,13110.5
2020/09/10,Thu,13271.0,13216.5,13308.0,13092.5
2020/09/09,Wed,12907.0,13250.0,13315.5,12872.0
2020/09/08,Tue,13123.5,12980.5,13159.5,12852.0
2020/09/07,Mon,12875.0,13085.0,13136.5,12864.0
2020/09/06,Sun,,,,
2020/09/05,Sat,,,,
2020/09/04,Fri,12943.5,12797.5,13127.0,12744.0
2020/09/03,Thu,13370.0,13035.5,13461.0,12930.5
2020/09/02,Wed,13023.5,13220.5,13352.5,13005.5
2020/09/01,Tue,12942.5,12958.5,13126.0,12844.5
2020/08/31,Mon,13102.5,12926.0,13153.0,12898.5
2020/08/30,Sun,,,,
2020/08/29,Sat,,,,
2020/08/28,Fri,13099.0,13024.0,13190.0,12942.5
2020/08/27,Thu,13216.5,13091.0,13231.0,13018.0
2020/08/26,Wed,13113.0,13188.0,13245.5,13005.0
2020/08/25,Tue,13094.0,13075.0,13222.0,13007.0
2020/08/24,Mon,12796.0,13065.0,13104.5,12780.0
2020/08/23,Sun,,,,
2020/08/22,Sat,,,,
2020/08/21,Fri,12895.0,12750.5,12935.5,12625.5
2020/08/20,Thu,12897.0,12826.0,12906.0,12732.0
2020/08/19,Wed,12865.5,12975.5,12990.5,12825.5
2020/08/18,Tue,12937.0,12852.5,13050.0,12795.0
2020/08/17,Mon,12873.0,12933.0,12958.0,12838.5
2020/08/16,Sun,,,,
2020/08/15,Sat,,,,
2020/08/14,Fri,13000.0,12898.0,13012.0,12785.5
2020/08/13,Thu,13067.0,13010.0,13087.0,12915.5
2020/08/12,Wed,12880.5,13061.5,13098.0,12820.0
2020/08/11,Tue,12741.0,12941.0,13043.5,12720.0
2020/08/10,Mon,12685.0,12670.5,12774.5,12593.5
2020/08/09,Sun,,,,
2020/08/08,Sat,,,,
2020/08/07,Fri,12637.0,12649.5,12701.0,12508.5
2020/08/06,Thu,12617.0,12602.5,12796.0,12509.5
2020/08/05,Wed,12602.5,12650.0,12756.5,12571.0
2020/08/04,Tue,12671.0,12584.0,12763.0,12517.5
2020/08/03,Mon,12297.0,12654.0,12693.0,12267.0
2020/08/02,Sun,,,,
2020/08/01,Sat,,,,
2020/07/31,Fri,12491.5,12350.5,12517.0,12199.5
2020/07/30,Thu,12858.5,12336.0,12867.5,12240.0
2020/07/29,Wed,12792.5,12826.5,12872.5,12741.0
2020/07/28,Tue,12912.0,12837.0,12973.0,12735.0
2020/07/27,Mon,12824.0,12846.5,12903.0,12798.5
2020/07/26,Sun,,,,
2020/07/25,Sat,,,,
2020/07/24,Fri,12993.5,12831.5,13024.5,12765.5
2020/07/23,Thu,13124.5,13103.5,13208.0,12941.0
2020/07/22,Wed,13107.0,13088.5,13191.5,13053.0
2020/07/21,Tue,13097.0,13159.0,13304.5,13065.0
2020/07/20,Mon,12963.5,13046.0,13090.5,12792.5
2020/07/19,Sun,,,,
2020/07/18,Sat,,,,
2020/07/17,Fri,12915.5,12917.0,12963.0,12854.5
2020/07/16,Thu,12874.5,12872.0,12909.0,12791.0
2020/07/15,Wed,12841.0,12934.5,12989.0,12758.0
2020/07/14,Tue,12592.0,12659.0,12782.0,12515.0
2020/07/13,Mon,12720.0,12792.5,12865.0,12520.0
2020/07/12,Sun,,,,
2020/07/11,Sat,,,,
2020/07/10,Fri,12574.0,12618.0,12706.0,12384.5
2020/07/09,Thu,12605.0,12475.0,12695.0,12430.0
2020/07/08,Wed,12556.5,12472.0,12659.0,12445.0
2020/07/07,Tue,12763.0,12607.5,12805.5,12504.5
2020/07/06,Mon,12598.5,12733.0,12833.0,12597.0
2020/07/05,Sun,,,,
2020/07/04,Sat,,,,
2020/07/03,Fri,12553.5,12489.0,12648.5,12456.5
2020/07/02,Thu,12264.0,12593.0,12644.5,12217.5
2020/07/01,Wed,12325.5,12220.5,12388.0,12064.5
2020/06/30,Tue,12289.5,12325.5,12392.5,12171.5
2020/06/29,Mon,12033.0,12246.5,12285.5,11935.5
2020/06/28,Sun,,,,
2020/06/27,Sat,,,,
2020/06/26,Fri,12273.5,12062.0,12339.0,12013.5
2020/06/25,Thu,12107.0,12198.0,12310.0,11925.0
2020/06/24,Wed,12434.0,12087.0,12492.0,12002.5
2020/06/23,Tue,12353.0,12517.5,12591.0,12130.0
2020/06/22,Mon,12090.0,12222.0,12373.0,12050.0
2020/06/21,Sun,,,,
2020/06/20,Sat,,,,
2020/06/19,Fri,12303.0,12423.8,12440.5,12241.0
2020/06/18,Thu,12286.5,12303.0,12491.5,12163.0
2020/06/17,Wed,12325.0,12378.0,12440.0,12220.5
2020/06/16,Tue,12180.0,12322.0,12439.0,12134.0
2020/06/15,Mon,11824.5,11928.0,12101.0,11589.5
2020/06/14,Sun,,,,
2020/06/13,Sat,,,,
2020/06/12,Fri,11859.0,11939.0,12175.5,11794.5
2020/06/11,Thu,12436.0,12028.5,12495.0,11757.0
2020/06/10,Wed,12665.0,12566.0,12770.5,12465.5
2020/06/09,Tue,12936.0,12646.5,12936.5,12502.5
2020/06/08,Mon,12839.5,12843.0,12934.0,12676.5
2020/06/07,Sun,,,,
2020/06/06,Sat,,,,
2020/06/05,Fri,12420.0,12857.5,12867.0,12400.0
2020/06/04,Thu,12547.0,12427.5,12564.5,12325.5
2020/06/03,Wed,12100.0,12475.5,12563.0,12100.0
2020/06/02,Tue,11910.0,11995.0,12082.0,11848.0
2020/06/01,Mon,11627.5,11856.5,11942.0,11624.0
2020/05/31,Sun,,,,
2020/05/30,Sat,,,,
2020/05/29,Fri,11674.5,11602.5,11730.0,11510.5
2020/05/28,Thu,11753.0,11802.5,11835.0,11653.0
2020/05/27,Wed,11439.0,11651.5,11746.0,11429.5
2020/05/26,Tue,11362.0,11513.5,11543.0,11351.0
2020/05/25,Mon,11164.0,11370.0,11402.5,11111.0
2020/05/24,Sun,,,,
2020/05/23,Sat,,,,
2020/05/22,Fri,11085.5,11072.0,11136.0,10856.5
2020/05/21,Thu,11191.0,11047.5,11201.0,11030.0
2020/05/20,Wed,10998.0,11243.5,11246.5,10973.0
2020/05/19,Tue,11108.5,11092.0,11230.5,10930.5
2020/05/18,Mon,10554.5,11072.0,11145.0,10554.5
2020/05/17,Sun,,,,
2020/05/16,Sat,,,,
2020/05/15,Fri,10492.0,10454.5,10544.5,10370.5
2020/05/14,Thu,10485.0,10317.0,10515.5,10159.0
2020/05/13,Wed,10572.5,10540.0,10703.5,10431.0
2020/05/12,Tue,10849.0,10833.5,10884.5,10658.5
2020/05/11,Mon,10957.0,10826.5,11030.5,10734.0
2020/05/10,Sun,,,,
2020/05/09,Sat,,,,
2020/05/08,Fri,10792.0,10908.0,10926.0,10792.0
2020/05/07,Thu,10562.0,10745.5,10799.0,10553.5
2020/05/06,Wed,10638.5,10619.5,10776.0,10535.0
2020/05/05,Tue,10605.0,10738.5,10753.0,10519.5
2020/05/04,Mon,10445.0,10478.0,10612.0,10367.5
2020/05/03,Sun,,,,
2020/05/02,Sat,,,,
2020/05/01,Fri,,,,
2020/04/30,Thu,11142.5,10851.0,11337.0,10756.0
2020/04/29,Wed,10769.0,11115.5,11155.0,10759.5
2020/04/28,Tue,10685.0,10795.0,10897.5,10630.0
2020/04/27,Mon,10411.0,10630.5,10718.0,10411.0
2020/04/26,Sun,,,,
2020/04/25,Sat,,,,
2020/04/24,Fri,10335.0,10342.5,10483.0,10255.5
2020/04/23,Thu,10382.5,10532.5,10605.5,10315.0
2020/04/22,Wed,10255.5,10410.5,10468.0,10224.0
2020/04/21,Tue,10554.5,10251.5,10622.0,10223.5
2020/04/20,Mon,10645.5,10651.5,10767.5,10433.5
2020/04/19,Sun,,,,
2020/04/18,Sat,,,,
2020/04/17,Fri,10498.0,10586.5,10752.5,10498.0
2020/04/16,Thu,10230.0,10332.5,10439.0,10165.0
2020/04/15,Wed,10692.0,10261.5,10733.0,10229.5
2020/04/14,Tue,10552.5,10691.0,10811.5,10552.5
2020/04/13,Mon,10645.4,10637.2,10675.7,10629.5
2020/04/12,Sun,,,,
2020/04/11,Sat,,,,
2020/04/10,Fri,,,,
2020/04/09,Thu,10422.5,10551.0,10698.0,10294.5
2020/04/08,Wed,10166.5,10308.0,10409.0,10141.0
2020/04/07,Tue,10238.5,10334.0,10572.0,10080.5
2020/04/06,Mon,9654.5,10046.5,10250.0,9654.5
2020/04/05,Sun,,,,
2020/04/04,Sat,,,,
2020/04/03,Fri,9555.5,9506.0,9605.0,9416.5
2020/04/02,Thu,9399.5,9519.5,9633.0,9309.5
2020/04/01,Wed,9680.0,9487.0,9740.0,9300.0
2020/03/31,Tue,9867.0,9907.5,10073.0,9674.5
2020/03/30,Mon,9450.5,9761.0,9858.0,9422.0
2020/03/29,Sun,,,,
2020/03/28,Sat,,,,
2020/03/27,Fri,10045.5,9580.0,10045.5,9504.5
2020/03/26,Thu,9819.5,9949.5,10053.0,9492.0
2020/03/25,Wed,9600.0,9811.5,10117.0,9411.5
2020/03/24,Tue,8875.0,9603.5,9719.0,8860.5
2020/03/23,Mon,8281.0,8684.0,9087.5,8133.0
2020/03/22,Sun,,,,
2020/03/21,Sat,,,,
2020/03/20,Fri,8500.0,9006.7,9188.5,8500.0
2020/03/19,Thu,8627.5,8627.5,8812.5,7969.5
2020/03/18,Wed,8662.5,8476.0,8892.5,8185.0
2020/03/17,Tue,8740.0,8904.5,9165.0,8416.0
2020/03/16,Mon,9117.5,8719.0,9117.5,8226.5
2020/03/15,Sun,,,,
2020/03/14,Sat,,,,
2020/03/13,Fri,9051.5,9175.0,9990.5,8809.5
2020/03/12,Thu,10282.5,9253.0,10282.5,8967.0
2020/03/11,Wed,10702.5,10407.0,10757.5,10205.5
2020/03/10,Tue,10530.0,10506.5,11031.0,10414.5
2020/03/09,Mon,11046.0,10685.5,11092.0,10350.0
2020/03/08,Sun,,,,
2020/03/07,Sat,,,,
2020/03/06,Fri,11836.0,11545.0,11862.0,11417.5
2020/03/05,Thu,12159.0,11956.0,12219.5,11746.0
2020/03/04,Wed,11841.5,12085.0,12275.5,11841.5
2020/03/03,Tue,12049.5,11924.0,12269.0,11731.0
2020/03/02,Mon,11744.5,11864.0,12213.0,11617.0
2020/03/01,Sun,,,,
2020/02/29,Sat,,,,
2020/02/28,Fri,12090.0,11819.0,12156.0,11718.0
2020/02/27,Thu,12541.0,12382.0,12597.0,12136.5
2020/02/26,Wed,12698.0,12767.5,12848.5,12362.5
2020/02/25,Tue,13037.5,12798.5,13158.5,12606.0
2020/02/24,Mon,13421.0,13033.0,13421.0,12961.0
2020/02/23,Sun,,,,
2020/02/22,Sat,,,,
2020/02/21,Fri,13690.5,13561.5,13706.0,13492.5
2020/02/20,Thu,13801.5,13707.5,13824.0,13638.5
2020/02/19,Wed,13726.0,13780.5,13784.5,13706.0
2020/02/18,Tue,13737.0,13660.0,13750.5,13651.0
2020/02/17,Mon,13768.0,13780.5,13804.5,13746.5
2020/02/16,Sun,,,,
2020/02/15,Sat,,,,
2020/02/14,Fri,13728.0,13736.5,13788.5,13705.0
2020/02/13,Thu,13743.0,13725.0,13760.5,13572.0
2020/02/12,Wed,13638.5,13738.5,13779.0,13605.0
2020/02/11,Tue,13530.5,13642.0,13664.5,13525.5
2020/02/10,Mon,13428.5,13482.0,13522.5,13421.0
2020/02/09,Sun,,,,
2020/02/08,Sat,,,,
2020/02/07,Fri,13590.0,13513.5,13594.0,13453.5
2020/02/06,Thu,13502.0,13565.0,13604.0,13488.5
2020/02/05,Wed,13274.0,13477.0,13515.5,13219.0
2020/02/04,Tue,13043.0,13274.0,13292.0,13013.5
2020/02/03,Mon,12958.0,13041.0,13078.5,12958.0
2020/02/02,Sun,,,,
2020/02/01,Sat,,,,
2020/01/31,Fri,13235.5,12994.0,13275.0,12880.5
2020/01/30,Thu,13321.0,13149.0,13321.5,13115.0
2020/01/29,Wed,13309.5,13349.5,13373.5,13278.5
2020/01/28,Tue,13204.0,13311.5,13334.0,13157.5
2020/01/27,Mon,13410.5,13211.0,13434.5,13187.0
2020/01/26,Sun,,,,
2020/01/25,Sat,,,,
2020/01/24,Fri,13488.0,13564.5,13603.0,13473.0
2020/01/23,Thu,13462.0,13382.5,13495.5,13376.5
2020/01/22,Wed,13536.0,13502.5,13639.0,13476.0
2020/01/21,Tue,13565.5,13546.5,13570.5,13433.5
2020/01/20,Mon,13539.0,13544.0,13576.0,13483.0
2020/01/19,Sun,,,,
2020/01/18,Sat,,,,
2020/01/17,Fri,13479.0,13509.0,13557.5,13466.0
2020/01/16,Thu,13428.0,13423.0,13492.5,13377.0
2020/01/15,Wed,13442.0,13416.0,13458.0,13382.0
2020/01/14,Tue,13493.5,13446.5,13504.0,13357.0
2020/01/13,Mon,13473.5,13435.0,13527.0,13398.5
2020/01/12,Sun,,,,
2020/01/11,Sat,,,,
2020/01/10,Fri,13514.5,13491.0,13547.0,13427.0
2020/01/09,Thu,13391.0,13484.0,13522.0,13384.0
2020/01/08,Wed,13002.0,13315.0,13399.5,12964.5
2020/01/07,Tue,13133.5,13224.0,13278.5,13132.5
2020/01/06,Mon,13114.0,13114.0,13158.5,12939.0
2020/01/05,Sun,,,,
2020/01/04,Sat,,,,
2020/01/03,Fri,13445.0,13193.5,13449.5,13111.5
2020/01/02,Thu,13174.0,13384.0,13443.0,13171.5
2020/01/01,Wed,,,,
2019/12/31,Tue,,,,
2019/12/30,Mon,13298.0,13246.5,13310.5,13100.5
2019/12/29,Sun,,,,
2019/12/28,Sat,,,,
2019/12/27,Fri,13347.0,13321.0,13397.0,13279.0
2019/12/26,Thu,13339.4,13345.5,13347.6,13338.3
2019/12/25,Wed,,,,
2019/12/24,Tue,,,,
2019/12/23,Mon,13314.0,13299.0,13335.5,13282.0
2019/12/22,Sun,,,,
2019/12/21,Sat,,,,
2019/12/20,Fri,13228.5,13292.6,13320.5,13187.5
2019/12/19,Thu,13215.0,13202.5,13251.0,13138.0
2019/12/18,Wed,13275.5,13229.0,13287.0,13205.5
2019/12/17,Tue,13388.0,13292.0,13411.0,13268.5
2019/12/16,Mon,13359.0,13409.0,13429.5,13321.5
2019/12/15,Sun,,,,
2019/12/14,Sat,,,,
2019/12/13,Fri,13329.5,13272.0,13458.5,13253.0
2019/12/12,Thu,13149.5,13235.5,13292.5,13103.0
2019/12/11,Wed,13066.0,13153.5,13172.0,13040.0
2019/12/10,Tue,13075.0,13064.5,13095.0,12882.0
2019/12/09,Mon,13166.5,13103.0,13179.5,13073.0
2019/12/08,Sun,,,,
2019/12/07,Sat,,,,
2019/12/06,Fri,13088.5,13168.5,13179.5,13045.0
2019/12/05,Thu,13143.0,13080.5,13190.5,13044.0
2019/12/04,Wed,13042.0,13135.0,13173.0,12992.5
2019/12/03,Tue,12966.0,12989.5,13086.0,12924.0
2019/12/02,Mon,13258.5,12977.5,13338.5,12948.0
2019/12/01,Sun,,,,
2019/11/30,Sat,,,,
2019/11/29,Fri,13253.0,13246.5,13291.5,13160.5
2019/11/28,Thu,13268.5,13238.5,13271.0,13209.5
2019/11/27,Wed,13265.5,13279.0,13315.5,13214.0
2019/11/26,Tue,13263.0,13241.0,13315.0,13188.5
2019/11/25,Mon,13214.5,13246.0,13269.5,13206.0
2019/11/24,Sun,,,,
2019/11/23,Sat,,,,
2019/11/22,Fri,13169.5,13161.0,13245.0,13116.0
2019/11/21,Thu,13110.0,13158.5,13181.0,13038.5
2019/11/20,Wed,13198.5,13168.5,13203.5,13066.0
2019/11/19,Tue,13199.5,13217.5,13374.0,13171.5
2019/11/18,Mon,13216.5,13189.0,13284.0,13132.0
2019/11/17,Sun,,,,
2019/11/16,Sat,,,,
2019/11/15,Fri,13208.5,13231.0,13278.5,13168.5
2019/11/14,Thu,13241.5,13184.0,13273.5,13153.0
2019/11/13,Wed,13248.5,13225.0,13267.5,13131.5
2019/11/12,Tue,13193.0,13290.5,13306.5,13183.0
2019/11/11,Mon,13241.0,13203.0,13241.0,13133.5
2019/11/10,Sun,,,,
2019/11/09,Sat,,,,
2019/11/08,Fri,13285.0,13219.0,13286.0,13190.5
2019/11/07,Thu,13172.5,13272.5,13298.0,13157.5
2019/11/06,Wed,13139.0,13166.5,13208.0,13103.5
2019/11/05,Tue,13139.0,13139.5,13168.0,13107.0
2019/11/04,Mon,12985.0,13119.0,13166.5,12970.5
2019/11/03,Sun,,,,
2019/11/02,Sat,,,,
2019/11/01,Fri,12902.0,12946.5,12986.5,12888.5
2019/10/31,Thu,12944.0,12893.5,12947.5,12786.5
2019/10/30,Wed,12931.0,12904.5,12945.0,12821.0
2019/10/29,Tue,12969.0,12934.5,12969.0,12889.0
2019/10/28,Mon,12914.0,12949.5,12979.0,12879.5
2019/10/27,Sun,,,,
2019/10/26,Sat,,,,
2019/10/25,Fri,12859.5,12886.0,12892.5,12823.5
2019/10/24,Thu,12820.0,12868.5,12908.5,12797.5
2019/10/23,Wed,12665.0,12799.0,12813.0,12640.5
2019/10/22,Tue,12755.5,12753.0,12788.5,12684.5
2019/10/21,Mon,12663.5,12749.5,12779.0,12637.0
2019/10/20,Sun,,,,
2019/10/19,Sat,,,,
2019/10/18,Fri,12661.5,12646.5,12692.5,12590.0
2019/10/17,Thu,12658.0,12679.5,12808.5,12613.5
2019/10/16,Wed,12627.0,12681.0,12692.5,12588.5
2019/10/15,Tue,12520.0,12623.0,12645.0,12495.5
2019/10/14,Mon,12451.5,12458.0,12470.0,12379.0
2019/10/13,Sun,,,,
2019/10/12,Sat,,,,
2019/10/11,Fri,12147.0,12474.0,12500.0,12147.0
2019/10/10,Thu,11997.5,12162.0,12164.5,11997.5
2019/10/09,Wed,11957.0,12063.5,12106.0,11957.0
2019/10/08,Tue,12093.5,11963.0,12104.0,11936.5
2019/10/07,Mon,11991.0,12064.0,12108.0,11979.0
2019/10/06,Sun,,,,
2019/10/05,Sat,,,,
2019/10/04,Fri,11960.5,11972.0,12032.0,11865.0
2019/10/03,Thu,11932.0,11915.0,11942.5,11806.0
2019/10/02,Wed,12210.0,11932.5,12218.0,11885.5
2019/10/01,Tue,12444.5,12258.5,12472.0,12227.5
2019/09/30,Mon,12362.0,12399.5,12413.5,12357.5
2019/09/29,Sun,,,,
2019/09/28,Sat,,,,
2019/09/27,Fri,12265.0,12347.0,12363.0,12265.0
2019/09/26,Thu,12208.5,12259.0,12297.0,12206.5
2019/09/25,Wed,12220.5,12207.5,12230.5,12116.0
2019/09/24,Tue,12327.0,12288.5,12340.0,12209.5
2019/09/23,Mon,12311.5,12321.0,12340.0,12250.0
2019/09/22,Sun,,,,
2019/09/21,Sat,,,,
2019/09/20,Fri,12425.0,12451.0,12474.5,12388.0
2019/09/19,Thu,12402.0,12439.5,12458.5,12333.5
2019/09/18,Wed,12375.0,12387.5,12410.0,12332.5
2019/09/17,Tue,12375.0,12362.0,12393.5,12286.5
2019/09/16,Mon,12448.0,12383.0,12448.0,12308.0
2019/09/15,Sun,,,,
2019/09/14,Sat,,,,
2019/09/13,Fri,12390.0,12467.0,12479.0,12389.0
2019/09/12,Thu,12403.5,12397.5,12450.0,12292.0
2019/09/11,Wed,12266.0,12328.5,12374.0,12266.0
2019/09/10,Tue,12202.0,12250.0,12290.0,12162.0
2019/09/09,Mon,12187.0,12200.0,12224.0,12171.5
2019/09/08,Sun,,,,
2019/09/07,Sat,,,,
2019/09/06,Fri,12124.5,12162.0,12177.0,12100.0
2019/09/05,Thu,12031.5,12107.0,12125.0,12031.5
2019/09/04,Wed,11961.5,12000.5,12055.0,11961.5
2019/09/03,Tue,11937.5,11877.0,11937.5,11850.5
2019/09/02,Mon,11897.5,11931.0,11970.0,11897.5
2019/09/01,Sun,,,,
2019/08/31,Sat,,,,
2019/08/30,Fri,11820.5,11892.5,11960.0,11820.5
2019/08/29,Thu,11632.0,11816.0,11841.5,11632.0
2019/08/28,Wed,11688.5,11682.0,11688.5,11549.0
2019/08/27,Tue,11653.0,11701.5,11775.5,11608.5
2019/08/26,Mon,11482.0,11656.5,11694.0,11474.0
2019/08/25,Sun,,,,
2019/08/24,Sat,,,,
2019/08/23,Fri,11756.5,11634.0,11819.5,11526.0
2019/08/22,Thu,11803.5,11726.5,11847.5,11704.5
2019/08/21,Wed,11609.0,11786.0,11819.0,11609.0
2019/08/20,Tue,11675.0,11643.0,11760.0,11611.5
2019/08/19,Mon,11600.0,11713.0,11754.5,11564.0
2019/08/18,Sun,,,,
2019/08/17,Sat,,,,
2019/08/16,Fri,11427.0,11547.5,11575.5,11416.0
2019/08/15,Thu,11453.0,11410.0,11539.5,11257.0
2019/08/14,Wed,11787.0,11474.0,11787.5,11426.5
2019/08/13,Tue,11640.5,11760.0,11833.5,11529.0
2019/08/12,Mon,11715.5,11680.5,11830.0,11607.5
2019/08/11,Sun,,,,
2019/08/10,Sat,,,,
2019/08/09,Fri,11814.5,11670.0,11853.0,11662.0
2019/08/08,Thu,11669.5,11795.0,11845.0,11644.5
2019/08/07,Wed,11608.5,11630.0,11736.5,11547.5
2019/08/06,Tue,11480.0,11578.0,11741.0,11435.0
2019/08/05,Mon,11900.0,11667.5,11900.0,11540.5
2019/08/04,Sun,,,,
2019/08/03,Sat,,,,
2019/08/02,Fri,12048.5,11885.5,12070.0,11826.0
2019/08/01,Thu,12095.0,12231.5,12260.0,12022.5
2019/07/31,Wed,12128.5,12184.5,12216.0,12036.0
2019/07/30,Tue,12424.5,12142.0,12451.5,12082.0
2019/07/29,Mon,12403.0,12418.5,12466.0,12371.0
2019/07/28,Sun,,,,
2019/07/27,Sat,,,,
2019/07/26,Fri,12358.0,12412.5,12438.5,12343.0
2019/07/25,Thu,12559.5,12371.5,12598.0,12286.0
2019/07/24,Wed,12510.0,12520.0,12571.5,12466.0
2019/07/23,Tue,12297.5,12496.0,12542.5,12297.5
2019/07/22,Mon,12215.5,12279.0,12339.0,12215.5
2019/07/21,Sun,,,,
2019/07/20,Sat,,,,
2019/07/19,Fri,12252.0,12248.5,12329.5,12199.5
2019/07/18,Thu,12268.5,12226.0,12291.5,12181.5
2019/07/17,Wed,12405.5,12329.0,12443.0,12295.0
2019/07/16,Tue,12400.0,12414.5,12454.5,12353.0
2019/07/15,Mon,12317.0,12386.0,12425.0,12281.5
2019/07/14,Sun,,,,
2019/07/13,Sat,,,,
2019/07/12,Fri,12332.0,12306.0,12377.0,12291.5
2019/07/11,Thu,12375.5,12322.5,12426.5,12294.5
2019/07/10,Wed,12447.0,12359.5,12464.0,12343.5
2019/07/09,Tue,12480.0,12426.5,12492.0,12353.0
2019/07/08,Mon,12533.5,12533.5,12577.5,12470.0
2019/07/07,Sun,,,,
2019/07/06,Sat,,,,
2019/07/05,Fri,12613.5,12552.5,12631.5,12508.0
2019/07/04,Thu,12637.0,12617.5,12643.0,12603.5
2019/07/03,Wed,12530.5,12600.5,12650.0,12506.0
2019/07/02,Tue,12514.5,12517.5,12548.5,12470.0
2019/07/01,Mon,12476.5,12509.0,12607.0,12455.0
2019/06/30,Sun,,,,
2019/06/29,Sat,,,,
2019/06/28,Fri,12290.0,12388.0,12399.5,12252.0
2019/06/27,Thu,12233.0,12263.0,12319.0,12191.0
2019/06/26,Wed,12170.0,12222.5,12303.0,12170.0
2019/06/25,Tue,12256.5,12222.5,12274.0,12155.5
2019/06/24,Mon,12280.0,12244.5,12328.0,12226.5
2019/06/23,Sun,,,,
2019/06/22,Sat,,,,
2019/06/21,Fri,12364.5,12364.0,12427.5,12292.0
2019/06/20,Thu,12350.0,12363.5,12440.5,12320.0
2019/06/19,Wed,12353.0,12314.5,12357.5,12280.0
2019/06/18,Tue,12079.0,12347.5,12360.5,11984.5
2019/06/17,Mon,12113.0,12101.0,12126.5,12057.0
2019/06/16,Sun,,,,
2019/06/15,Sat,,,,
2019/06/14,Fri,12142.5,12098.5,12185.0,12047.5
2019/06/13,Thu,12106.5,12164.0,12203.5,12061.5
2019/06/12,Wed,12133.5,12113.0,12155.0,12064.0
2019/06/11,Tue,12073.0,12166.5,12224.0,12073.0
2019/06/10,Mon,12100.5,12116.0,12129.0,12050.0
2019/06/09,Sun,,,,
2019/06/08,Sat,,,,
2019/06/07,Fri,11970.0,12032.5,12097.0,11962.0
2019/06/06,Thu,11982.5,11941.5,12077.0,11895.0
2019/06/05,Wed,11994.0,11980.5,12057.5,11924.5
2019/06/04,Tue,11756.0,11982.0,11995.5,11709.0
2019/06/03,Mon,11631.0,11782.0,11792.5,11595.0
2019/06/02,Sun,,,,
2019/06/01,Sat,,,,
2019/05/31,Fri,11851.5,11726.0,11851.5,11658.0
2019/05/30,Thu,11860.0,11901.0,11922.5,11849.0
2019/05/29,Wed,11943.0,11837.5,11958.0,11806.0
2019/05/28,Tue,12066.0,12024.0,12117.0,11965.0
2019/05/27,Mon,12020.5,12065.0,12120.5,12013.0
2019/05/26,Sun,,,,
2019/05/25,Sat,,,,
2019/05/24,Fri,11964.0,12002.5,12078.5,11960.5
2019/05/23,Thu,12118.0,11955.0,12123.5,11919.0
2019/05/22,Wed,12152.0,12166.5,12210.5,12049.0
2019/05/21,Tue,12056.0,12145.0,12177.0,12046.5
2019/05/20,Mon,12219.0,12024.0,12266.5,11986.5
2019/05/19,Sun,,,,
2019/05/18,Sat,,,,
2019/05/17,Fri,12270.0,12247.0,12303.0,12146.5
2019/05/16,Thu,12082.0,12301.0,12318.5,11992.5
2019/05/15,Wed,11982.5,12096.5,12134.5,11861.0
2019/05/14,Tue,11841.5,11977.5,12023.0,11837.5
2019/05/13,Mon,12099.0,11882.0,12107.0,11841.5
2019/05/12,Sun,,,,
2019/05/11,Sat,,,,
2019/05/10,Fri,12120.0,12083.0,12214.0,11969.5
2019/05/09,Thu,12198.0,11965.5,12204.0,11960.5
2019/05/08,Wed,12077.0,12210.5,12229.5,12070.0
2019/05/07,Tue,12281.5,12089.0,12332.0,12038.5
2019/05/06,Mon,12336.0,12308.0,12350.5,12144.0
2019/05/05,Sun,,,,
2019/05/04,Sat,,,,
2019/05/03,Fri,12326.0,12407.5,12470.0,12325.0
2019/05/02,Thu,12314.0,12353.0,12420.5,12276.5
2019/05/01,Wed,12326.1,12338.8,12343.0,12319.7
2019/04/30,Tue,12331.0,12351.0,12395.0,12295.0
2019/04/29,Mon,12335.0,12342.0,12396.5,12283.5
2019/04/28,Sun,,,,
2019/04/27,Sat,,,,
2019/04/26,Fri,12291.0,12344.5,12350.0,12275.0
2019/04/25,Thu,12329.5,12310.0,12358.0,12261.0
2019/04/24,Wed,12260.0,12323.5,12379.0,12216.5
2019/04/23,Tue,12253.5,12268.5,12279.0,12206.0
2019/04/22,Mon,12290.1,12292.4,12301.6,12285.2
2019/04/21,Sun,,,,
2019/04/20,Sat,,,,
2019/04/19,Fri,,,,
2019/04/18,Thu,12214.0,12239.5,12292.0,12124.0
2019/04/17,Wed,12136.0,12183.0,12221.0,12111.0
2019/04/16,Tue,12050.0,12137.5,12143.0,12045.5
2019/04/15,Mon,12032.0,12046.5,12061.5,12006.0
2019/04/14,Sun,,,,
2019/04/13,Sat,,,,
2019/04/12,Fri,11948.5,12025.0,12059.0,11916.0
2019/04/11,Thu,11951.0,11974.0,11992.0,11871.0
2019/04/10,Wed,11874.0,11938.5,11972.0,11866.5
2019/04/09,Tue,11970.0,11894.0,12014.5,11866.5
2019/04/08,Mon,12028.5,11974.5,12028.5,11962.0
2019/04/07,Sun,,,,
2019/04/06,Sat,,,,
2019/04/05,Fri,12030.0,12037.5,12047.0,11989.5
2019/04/04,Thu,11970.5,12014.5,12053.0,11931.0
2019/04/03,Wed,11784.0,11979.5,11997.5,11784.0
2019/04/02,Tue,11719.5,11777.0,11829.5,11675.0
2019/04/01,Mon,11601.5,11703.5,11733.5,11601.5
2019/03/31,Sun,,,,
2019/03/30,Sat,,,,
2019/03/29,Fri,11497.0,11534.5,11570.0,11456.5
2019/03/28,Thu,11433.5,11447.5,11513.0,11403.5
2019/03/27,Wed,11441.0,11432.5,11521.5,11382.5
2019/03/26,Tue,11387.5,11441.5,11464.5,11316.5
2019/03/25,Mon,11336.0,11371.0,11409.5,11285.0
2019/03/24,Sun,,,,
2019/03/23,Sat,,,,
2019/03/22,Fri,11604.5,11375.5,11640.0,11324.5
2019/03/21,Thu,11600.0,11571.5,11652.0,11482.0
2019/03/20,Wed,11745.0,11635.5,11750.5,11587.0
2019/03/19,Tue,11664.5,11806.0,11840.0,11660.0
2019/03/18,Mon,11690.0,11673.0,11728.5,11649.0
2019/03/17,Sun,,,,
2019/03/16,Sat,,,,
2019/03/15,Fri,11590.5,11709.8,11720.0,11573.5
2019/03/14,Thu,11605.5,11598.0,11637.5,11537.5
2019/03/13,Wed,11519.0,11577.0,11611.5,11472.5
2019/03/12,Tue,11605.5,11536.0,11634.0,11496.0
2019/03/11,Mon,11493.0,11540.0,11597.5,11459.0
2019/03/10,Sun,,,,
2019/03/09,Sat,,,,
2019/03/08,Fri,11479.5,11465.5,11498.5,11404.5
2019/03/07,Thu,11554.5,11510.5,11614.0,11448.5
2019/03/06,Wed,11600.0,11589.5,11653.5,11560.5
2019/03/05,Tue,11546.0,11618.5,11634.0,11543.5
2019/03/04,Mon,11668.0,11598.0,11678.5,11522.5
2019/03/03,Sun,,,,
2019/03/02,Sat,,,,
2019/03/01,Fri,11522.5,11599.5,11675.5,11522.5
2019/02/28,Thu,11496.5,11520.0,11538.0,11397.0
2019/02/27,Wed,11518.0,11483.5,11545.5,11437.0
2019/02/26,Tue,11468.0,11548.0,11555.5,11421.5
2019/02/25,Mon,11479.0,11513.0,11543.0,11464.0
2019/02/24,Sun,,,,
2019/02/23,Sat,,,,
2019/02/22,Fri,11409.5,11464.5,11501.5,11395.5
2019/02/21,Thu,11403.5,11421.5,11481.5,11385.5
2019/02/20,Wed,11315.0,11406.5,11444.0,11292.0
2019/02/19,Tue,11300.0,11297.0,11368.5,11235.0
2019/02/18,Mon,11318.5,11286.0,11343.5,11250.5
2019/02/17,Sun,,,,
2019/02/16,Sat,,,,
2019/02/15,Fri,11075.0,11299.0,11322.0,11011.5
2019/02/14,Thu,11182.0,11091.5,11268.0,11071.5
2019/02/13,Wed,11150.0,11173.0,11218.0,11118.0
2019/02/12,Tue,11012.5,11137.0,11162.5,11010.0
2019/02/11,Mon,10945.0,11022.0,11038.0,10921.5
2019/02/10,Sun,,,,
2019/02/09,Sat,,,,
2019/02/08,Fri,11016.5,10904.0,11041.0,10856.5
2019/02/07,Thu,11287.5,11029.5,11297.5,10994.5
2019/02/06,Wed,11357.0,11314.5,11372.5,11291.0
2019/02/05,Tue,11205.0,11356.5,11385.0,11168.5
2019/02/04,Mon,11190.0,11141.5,11207.0,11091.5
2019/02/03,Sun,,,,
2019/02/02,Sat,,,,
2019/02/01,Fri,11192.0,11178.5,11214.0,11106.5
2019/01/31,Thu,11233.0,11154.0,11306.0,11040.5
2019/01/30,Wed,11237.0,11161.5,11237.0,11127.0
2019/01/29,Tue,11209.0,11210.0,11275.0,11156.0
2019/01/28,Mon,11253.0,11207.5,11273.5,11174.5
2019/01/27,Sun,,,,
2019/01/26,Sat,,,,
2019/01/25,Fri,11156.5,11278.5,11319.5,11152.0
2019/01/24,Thu,11041.0,11121.0,11158.0,11026.0
2019/01/23,Wed,11051.5,11051.5,11133.0,11002.5
2019/01/22,Tue,11134.5,11078.0,11140.5,11001.0
2019/01/21,Mon,11220.0,11123.0,11228.5,11120.5
2019/01/20,Sun,,,,
2019/01/19,Sat,,,,
2019/01/18,Fri,10986.5,11212.0,11254.0,10960.0
2019/01/17,Thu,10913.5,10904.5,10977.5,10814.5
2019/01/16,Wed,10888.0,10917.5,10941.0,10855.0
2019/01/15,Tue,10870.5,10885.0,10990.5,10807.0
2019/01/14,Mon,10855.0,10841.5,10882.0,10779.0
2019/01/13,Sun,,,,
2019/01/12,Sat,,,,
2019/01/11,Fri,10940.0,10880.0,10958.5,10822.0
2019/01/10,Thu,10879.5,10895.0,10967.0,10778.5
2019/01/09,Wed,10860.5,10895.0,10955.5,10831.5
2019/01/08,Tue,10750.0,10825.0,10904.0,10734.0
2019/01/07,Mon,10847.5,10727.0,10890.0,10673.0
2019/01/06,Sun,,,,
2019/01/05,Sat,,,,
2019/01/04,Fri,10410.5,10751.0,10828.5,10393.0
2019/01/03,Thu,10549.5,10421.0,10555.0,10391.0
2019/01/02,Wed,10668.0,10570.0,10707.0,10378.5
2019/01/01,Tue,,,,
2018/12/31,Mon,,,,
2018/12/30,Sun,,,,
2018/12/29,Sat,,,,
2018/12/28,Fri,10472.0,10561.5,10611.0,10407.5
2018/12/27,Thu,10626.0,10366.5,10701.0,10268.5
2018/12/26,Wed,10623.5,10588.5,10623.5,10582.5
2018/12/25,Tue,,,,
2018/12/24,Mon,,,,
2018/12/23,Sun,,,,
2018/12/22,Sat,,,,
2018/12/21,Fri,10598.0,10570.7,10612.5,10510.0
2018/12/20,Thu,10668.5,10608.5,10700.0,10482.5
2018/12/19,Wed,10745.0,10783.5,10834.0,10601.5
2018/12/18,Tue,10752.5,10757.5,10844.0,10687.0
2018/12/17,Mon,10849.0,10782.5,10917.5,10669.5
2018/12/16,Sun,,,,
2018/12/15,Sat,,,,
2018/12/14,Fri,10908.5,10851.0,10909.5,10730.0
2018/12/13,Thu,10934.5,10912.5,10985.0,10882.5
2018/12/12,Wed,10812.0,10948.0,10970.0,10812.0
2018/12/11,Tue,10700.5,10822.0,10884.5,10678.5
2018/12/10,Mon,10651.0,10599.0,10757.5,10581.5
2018/12/09,Sun,,,,
2018/12/08,Sat,,,,
2018/12/07,Fri,10928.0,10816.5,10934.0,10676.5
2018/12/06,Thu,11039.0,10761.5,11088.5,10755.0
2018/12/05,Wed,11228.0,11193.0,11263.0,11171.5
2018/12/04,Tue,11424.5,11328.0,11441.0,11145.0
2018/12/03,Mon,11536.5,11467.0,11566.5,11427.5
2018/12/02,Sun,,,,
2018/12/01,Sat,,,,
2018/11/30,Fri,11331.0,11248.0,11331.0,11203.5
2018/11/29,Thu,11391.0,11312.0,11401.0,11270.5
2018/11/28,Wed,11383.0,11296.5,11417.5,11273.5
2018/11/27,Tue,11341.0,11311.5,11440.0,11260.5
2018/11/26,Mon,11249.0,11362.0,11388.0,11247.0
2018/11/25,Sun,,,,
2018/11/24,Sat,,,,
2018/11/23,Fri,11149.0,11190.5,11204.0,11087.0
2018/11/22,Thu,11245.5,11134.0,11263.0,11111.0
2018/11/21,Wed,11130.0,11251.0,11260.5,11105.5
2018/11/20,Tue,11189.0,11063.0,11196.0,11002.0
2018/11/19,Mon,11347.0,11231.5,11415.0,11186.5
2018/11/18,Sun,,,,
2018/11/17,Sat,,,,
2018/11/16,Fri,11405.0,11350.5,11443.0,11223.5
2018/11/15,Thu,11426.5,11344.5,11495.5,11245.5
2018/11/14,Wed,11429.5,11399.0,11561.5,11306.0
2018/11/13,Tue,11336.0,11484.5,11492.0,11319.5
2018/11/12,Mon,11568.5,11319.5,11596.0,11288.5
2018/11/11,Sun,,,,
2018/11/10,Sat,,,,
2018/11/09,Fri,11475.0,11514.5,11548.5,11407.5
2018/11/08,Thu,11615.0,11503.5,11641.0,11484.5
2018/11/07,Wed,11537.0,11564.5,11653.0,11502.0
2018/11/06,Tue,11519.0,11486.0,11541.0,11426.0
2018/11/05,Mon,11519.0,11486.5,11550.0,11464.5
2018/11/04,Sun,,,,
2018/11/03,Sat,,,,
2018/11/02,Fri,11595.0,11528.0,11682.5,11475.0
2018/11/01,Thu,11417.0,11430.0,11566.0,11399.0
2018/10/31,Wed,11436.5,11457.5,11493.0,11384.5
2018/10/30,Tue,11336.0,11299.0,11427.0,11201.0
2018/10/29,Mon,11192.0,11331.5,11438.5,11145.5
2018/10/28,Sun,,,,
2018/10/27,Sat,,,,
2018/10/26,Fri,11170.0,11147.0,11280.5,11035.0
2018/10/25,Thu,11102.0,11309.5,11364.0,11068.5
2018/10/24,Wed,11360.5,11176.5,11384.0,11041.0
2018/10/23,Tue,11359.5,11278.5,11425.0,11216.0
2018/10/22,Mon,11575.0,11517.5,11669.5,11483.0
2018/10/21,Sun,,,,
2018/10/20,Sat,,,,
2018/10/19,Fri,11589.0,11544.0,11613.0,11488.5
2018/10/18,Thu,11689.0,11578.5,11783.0,11477.0
2018/10/17,Wed,11794.5,11711.0,11838.0,11656.5
2018/10/16,Tue,11633.0,11768.0,11807.0,11592.0
2018/10/15,Mon,11450.5,11609.5,11639.0,11428.5
2018/10/14,Sun,,,,
2018/10/13,Sat,,,,
2018/10/12,Fri,11626.5,11503.5,11696.5,11412.5
2018/10/11,Thu,11500.0,11539.5,11687.0,11383.0
2018/10/10,Wed,11941.0,11720.5,11983.5,11605.5
2018/10/09,Tue,11934.0,11971.0,11994.5,11787.0
2018/10/08,Mon,12099.5,11931.0,12112.0,11885.5
2018/10/07,Sun,,,,
2018/10/06,Sat,,,,
2018/10/05,Fri,12220.5,12092.0,12241.0,12041.0
2018/10/04,Thu,12269.5,12232.5,12337.5,12157.5
2018/10/03,Wed,12302.5,12269.0,12304.5,12294.5
2018/10/02,Tue,12270.0,12269.0,12298.0,12187.0
2018/10/01,Mon,12260.0,12328.0,12361.0,12230.0
2018/09/30,Sun,,,,
2018/09/29,Sat,,,,
2018/09/28,Fri,12413.5,12241.5,12422.0,12174.5
2018/09/27,Thu,12312.5,12427.5,12447.0,12257.5
2018/09/26,Wed,12397.0,12376.5,12406.5,12314.5
2018/09/25,Tue,12335.0,12362.5,12404.0,12305.0
2018/09/24,Mon,12360.0,12341.0,12395.5,12325.0
2018/09/23,Sun,,,,
2018/09/22,Sat,,,,
2018/09/21,Fri,12391.0,12382.7,12460.0,12377.0
2018/09/20,Thu,12217.0,12332.0,12366.0,12202.5
2018/09/19,Wed,12180.0,12219.0,12241.5,12153.0
2018/09/18,Tue,12063.0,12144.0,12185.0,12053.5
2018/09/17,Mon,12070.0,12100.5,12125.0,12037.5
2018/09/16,Sun,,,,
2018/09/15,Sat,,,,
2018/09/14,Fri,12088.0,12130.5,12134.5,12072.5
2018/09/13,Thu,12002.5,12056.0,12128.0,11999.0
2018/09/12,Wed,11998.0,12040.0,12046.0,11947.5
2018/09/11,Tue,12006.0,11964.0,12022.0,11859.0
2018/09/10,Mon,11940.0,11991.5,12039.0,11925.0
2018/09/09,Sun,,,,
2018/09/08,Sat,,,,
2018/09/07,Fri,11940.0,11947.5,11987.5,11882.0
2018/09/06,Thu,12019.5,11951.0,12090.5,11933.5
2018/09/05,Wed,12178.0,12040.5,12180.0,12031.5
2018/09/04,Tue,12335.5,12204.5,12401.0,12156.5
2018/09/03,Mon,12325.5,12334.0,12356.0,12294.5
2018/09/02,Sun,,,,
2018/09/01,Sat,,,,
2018/08/31,Fri,12455.5,12349.5,12466.5,12306.0
2018/08/30,Thu,12542.5,12488.0,12543.5,12393.0
2018/08/29,Wed,12546.0,12560.0,12571.5,12492.5
2018/08/28,Tue,12549.5,12547.0,12593.5,12511.5
2018/08/27,Mon,12424.5,12541.0,12561.0,12423.5
2018/08/26,Sun,,,,
2018/08/25,Sat,,,,
2018/08/24,Fri,12380.5,12392.5,12444.0,12336.5
2018/08/23,Thu,12353.5,12365.5,12408.5,12346.0
2018/08/22,Wed,12346.5,12384.0,12437.5,12327.0
2018/08/21,Tue,12321.0,12379.0,12427.0,12303.0
2018/08/20,Mon,12247.0,12330.0,12368.5,12228.0
2018/08/19,Sun,,,,
2018/08/18,Sat,,,,
2018/08/17,Fri,12241.0,12200.5,12248.0,12127.5
2018/08/16,Thu,12227.5,12243.5,12267.0,12161.5
2018/08/15,Wed,12378.0,12129.0,12427.0,12105.0
2018/08/14,Tue,12381.5,12359.5,12457.0,12286.0
2018/08/13,Mon,12333.0,12369.5,12394.5,12315.5
2018/08/12,Sun,,,,
2018/08/11,Sat,,,,
2018/08/10,Fri,12599.0,12411.5,12622.0,12377.5
2018/08/09,Thu,12620.5,12658.5,12694.0,12567.0
2018/08/08,Wed,12649.0,12621.5,12700.5,12578.0
2018/08/07,Tue,12609.5,12653.5,12734.0,12608.5
2018/08/06,Mon,12641.0,12577.5,12712.0,12528.0
2018/08/05,Sun,,,,
2018/08/04,Sat,,,,
2018/08/03,Fri,12580.0,12611.5,12641.0,12552.0
2018/08/02,Thu,12680.0,12532.5,12692.0,12484.5
2018/08/01,Wed,12818.0,12737.0,12832.0,12689.0
2018/07/31,Tue,12802.0,12814.5,12854.0,12727.5
2018/07/30,Mon,12784.5,12801.0,12841.5,12758.0
2018/07/29,Sun,,,,
2018/07/28,Sat,,,,
2018/07/27,Fri,12822.5,12865.0,12880.5,12783.5
2018/07/26,Thu,12675.5,12809.5,12826.0,12670.0
2018/07/25,Wed,12660.0,12550.0,12737.0,12524.5
2018/07/24,Tue,12606.0,12694.0,12746.5,12571.5
2018/07/23,Mon,12518.5,12538.5,12586.0,12477.0
2018/07/22,Sun,,,,
2018/07/21,Sat,,,,
2018/07/20,Fri,12651.0,12561.5,12698.0,12454.5
2018/07/19,Thu,12748.0,12677.0,12752.0,12648.0
2018/07/18,Wed,12709.0,12749.5,12769.5,12689.5
2018/07/17,Tue,12560.0,12664.0,12723.5,12508.5
2018/07/16,Mon,12525.5,12561.5,12593.5,12491.5
2018/07/15,Sun,,,,
2018/07/14,Sat,,,,
2018/07/13,Fri,12525.0,12533.0,12572.5,12484.0
2018/07/12,Thu,12450.0,12478.5,12503.0,12393.0
2018/07/11,Wed,12497.0,12416.0,12509.0,12376.5
2018/07/10,Tue,12565.5,12600.0,12630.0,12516.5
2018/07/09,Mon,12550.0,12542.0,12560.5,12475.0
2018/07/08,Sun,,,,
2018/07/07,Sat,,,,
2018/07/06,Fri,12509.0,12481.0,12544.5,12412.5
2018/07/05,Thu,12313.0,12455.5,12505.0,12294.5
2018/07/04,Wed,12304.0,12305.0,12337.0,12268.0
2018/07/03,Tue,12302.0,12333.0,12415.5,12262.0
2018/07/02,Mon,12196.0,12233.5,12295.0,12115.0
2018/07/01,Sun,,,,
2018/06/30,Sat,,,,
2018/06/29,Fri,12239.0,12308.5,12369.5,12239.0
2018/06/28,Thu,12276.5,12143.5,12361.5,12086.5
2018/06/27,Wed,12256.0,12326.0,12427.5,12105.5
2018/06/26,Tue,12300.0,12230.0,12341.5,12170.0
2018/06/25,Mon,12495.0,12272.0,12523.0,12234.0
2018/06/24,Sun,,,,
2018/06/23,Sat,,,,
2018/06/22,Fri,12501.5,12538.5,12589.0,12467.0
2018/06/21,Thu,12701.0,12492.0,12705.0,12431.0
2018/06/20,Wed,12741.0,12691.5,12749.0,12649.5
2018/06/19,Tue,12677.0,12675.0,12720.0,12572.5
2018/06/18,Mon,12997.0,12821.0,12999.0,12764.0
2018/06/17,Sun,,,,
2018/06/16,Sat,,,,
2018/06/15,Fri,13145.0,13075.1,13174.0,13055.0
2018/06/14,Thu,12839.0,13131.0,13188.0,12798.0
2018/06/13,Wed,12864.0,12900.5,12907.5,12777.0
2018/06/12,Tue,12894.5,12841.0,12955.0,12811.5
2018/06/11,Mon,12755.0,12849.5,12894.5,12740.5
2018/06/10,Sun,,,,
2018/06/09,Sat,,,,
2018/06/08,Fri,12698.0,12754.5,12810.0,12605.5
2018/06/07,Thu,12903.0,12811.0,12916.5,12661.5
2018/06/06,Wed,12815.0,12833.0,12899.0,12724.0
2018/06/05,Tue,12765.0,12789.5,12925.0,12746.5
2018/06/04,Mon,12748.0,12772.5,12843.5,12707.5
2018/06/03,Sun,,,,
2018/06/02,Sat,,,,
2018/06/01,Fri,12623.5,12694.5,12797.0,12623.5
2018/05/31,Thu,12778.0,12612.0,12806.0,12540.0
2018/05/30,Wed,12651.0,12742.5,12830.0,12636.5
2018/05/29,Tue,12849.5,12665.5,12857.5,12572.0
2018/05/28,Mon,12975.0,12877.0,13037.5,12821.0
2018/05/27,Sun,,,,
2018/05/26,Sat,,,,
2018/05/25,Fri,12925.0,12932.0,13000.0,12849.5
2018/05/24,Thu,12966.5,12844.5,13007.5,12797.0
2018/05/23,Wed,13120.5,12974.0,13150.5,12926.0
2018/05/22,Tue,13140.0,13194.0,13206.0,13057.5
2018/05/21,Mon,13141.5,13065.5,13143.5,13135.5
2018/05/20,Sun,,,,
2018/05/19,Sat,,,,
2018/05/18,Fri,13125.5,13065.5,13138.0,13047.0
2018/05/17,Thu,13008.5,13101.5,13127.0,12977.0
2018/05/16,Wed,13005.0,12995.5,13036.5,12961.0
2018/05/15,Tue,12952.5,12980.0,13016.0,12918.0
2018/05/14,Mon,13033.5,12981.0,13034.5,12926.0
2018/05/13,Sun,,,,
2018/05/12,Sat,,,,
2018/05/11,Fri,13055.0,13002.5,13055.0,12963.5
2018/05/10,Thu,12993.5,13024.5,13040.0,12928.5
2018/05/09,Wed,12950.0,12957.0,13003.0,12895.5
2018/05/08,Tue,12940.0,12918.0,12956.5,12860.5
2018/05/07,Mon,12881.0,12963.0,12972.0,12818.0
2018/05/06,Sun,,,,
2018/05/05,Sat,,,,
2018/05/04,Fri,12771.5,12827.0,12862.0,12718.0
2018/05/03,Thu,12794.0,12703.0,12815.0,12678.0
2018/05/02,Wed,12619.0,12821.0,12843.5,12602.0
2018/05/01,Tue,12623.5,12621.5,12626.5,12607.5
2018/04/30,Mon,12620.5,12611.0,12634.0,12563.5
2018/04/29,Sun,,,,
2018/04/28,Sat,,,,
2018/04/27,Fri,12580.0,12597.0,12640.0,12527.0
2018/04/26,Thu,12455.5,12511.5,12586.5,12389.5
2018/04/25,Wed,12449.0,12424.0,12496.0,12322.0
2018/04/24,Tue,12616.0,12550.0,12660.0,12387.5
2018/04/23,Mon,12589.5,12594.0,12602.0,12473.0
2018/04/22,Sun,,,,
2018/04/21,Sat,,,,
2018/04/20,Fri,12583.0,12549.0,12597.5,12499.0
2018/04/19,Thu,12606.5,12578.0,12630.5,12534.5
2018/04/18,Wed,12626.0,12606.5,12650.0,12555.0
2018/04/17,Tue,12466.0,12606.5,12628.5,12424.0
2018/04/16,Mon,12499.0,12397.0,12508.5,12383.5
2018/04/15,Sun,,,,
2018/04/14,Sat,,,,
2018/04/13,Fri,12425.0,12453.5,12534.0,12402.5
2018/04/12,Thu,12292.0,12429.5,12443.5,12267.5
2018/04/11,Wed,12360.0,12299.0,12398.0,12260.0
2018/04/10,Tue,12395.0,12406.0,12434.0,12338.0
2018/04/09,Mon,12258.0,12256.0,12380.0,12209.0
2018/04/08,Sun,,,,
2018/04/07,Sat,,,,
2018/04/06,Fri,12196.5,12228.5,12298.0,12153.0
2018/04/05,Thu,12114.0,12328.0,12332.5,12101.0
2018/04/04,Wed,12038.0,11963.0,12082.0,11793.0
2018/04/03,Tue,11980.0,12017.5,12074.5,11913.0
2018/04/02,Mon,11992.5,11993.5,12000.5,11964.5
2018/04/01,Sun,,,,
2018/03/31,Sat,,,,
2018/03/30,Fri,,,,
2018/03/29,Thu,11946.0,12119.5,12168.0,11930.0
2018/03/28,Wed,11844.5,11921.0,12017.5,11771.5
2018/03/27,Tue,11991.0,11978.0,12047.0,11805.0
2018/03/26,Mon,11880.0,11762.5,11987.5,11706.5
2018/03/25,Sun,,,,
2018/03/24,Sat,,,,
2018/03/23,Fri,11924.0,11908.0,12008.0,11759.5
2018/03/22,Thu,12247.0,12087.0,12276.0,11975.5
2018/03/21,Wed,12344.0,12310.5,12375.5,12221.0
2018/03/20,Tue,12284.0,12323.5,12352.5,12193.0
2018/03/19,Mon,12344.0,12214.5,12377.5,12160.0
2018/03/18,Sun,,,,
2018/03/17,Sat,,,,
2018/03/16,Fri,12374.0,12363.2,12431.0,12357.0
2018/03/15,Thu,12264.5,12360.5,12387.5,12237.5
2018/03/14,Wed,12176.0,12223.0,12323.5,12164.5
2018/03/13,Tue,12414.0,12197.0,12460.5,12115.0
2018/03/12,Mon,12435.0,12425.0,12476.0,12357.5
2018/03/11,Sun,,,,
2018/03/10,Sat,,,,
2018/03/09,Fri,12362.0,12327.5,12409.5,12281.0
2018/03/08,Thu,12250.0,12360.0,12382.5,12172.0
2018/03/07,Wed,11999.0,12239.5,12274.5,11965.5
2018/03/06,Tue,12182.0,12110.0,12270.5,12100.5
2018/03/05,Mon,11926.0,12106.5,12179.0,11725.0
2018/03/04,Sun,,,,
2018/03/03,Sat,,,,
2018/03/02,Fri,12086.0,11919.0,12099.0,11867.0
2018/03/01,Thu,12350.5,12154.5,12397.0,12006.0
2018/02/28,Wed,12426.5,12432.5,12515.5,12357.5
2018/02/27,Tue,12563.0,12473.5,12573.0,12420.0
2018/02/26,Mon,12568.0,12538.5,12598.0,12476.5
2018/02/25,Sun,,,,
2018/02/24,Sat,,,,
2018/02/23,Fri,12502.5,12476.0,12547.0,12425.0
2018/02/22,Thu,12360.0,12490.0,12494.5,12274.0
2018/02/21,Wed,12436.0,12461.5,12509.0,12363.5
2018/02/20,Tue,12399.0,12489.5,12500.0,12325.0
2018/02/19,Mon,12504.0,12373.5,12529.0,12353.5
2018/02/18,Sun,,,,
2018/02/17,Sat,,,,
2018/02/16,Fri,12378.0,12447.5,12529.5,12356.0
2018/02/15,Thu,12441.0,12325.5,12476.5,12266.5
2018/02/14,Wed,12244.0,12374.5,12438.5,12062.0
2018/02/13,Tue,12278.0,12197.0,12297.0,12175.0
2018/02/12,Mon,12319.0,12302.5,12373.0,12211.0
2018/02/11,Sun,,,,
2018/02/10,Sat,,,,
2018/02/09,Fri,12156.5,12048.5,12290.5,11900.0
2018/02/08,Thu,12500.0,12191.5,12543.0,12124.5
2018/02/07,Wed,12527.0,12583.0,12644.0,12404.5
2018/02/06,Tue,12073.0,12377.0,12642.0,12070.5
2018/02/05,Mon,12611.0,12687.5,12747.0,12138.0
2018/02/04,Sun,,,,
2018/02/03,Sat,,,,
2018/02/02,Fri,12979.5,12777.0,12983.5,12687.5
2018/02/01,Thu,13243.0,12969.5,13294.0,12928.5
2018/01/31,Wed,13200.0,13181.5,13265.0,13155.0
2018/01/30,Tue,13233.0,13198.0,13307.5,13166.5
2018/01/29,Mon,13365.5,13317.0,13370.5,13267.0
2018/01/28,Sun,,,,
2018/01/27,Sat,,,,
2018/01/26,Fri,13316.0,13329.5,13385.0,13259.0
2018/01/25,Thu,13394.5,13275.0,13443.0,13214.0
2018/01/24,Wed,13566.5,13446.5,13572.0,13368.0
2018/01/23,Tue,13548.0,13555.0,13596.0,13512.0
2018/01/22,Mon,13452.5,13446.5,13515.0,13404.0
2018/01/21,Sun,,,,
2018/01/20,Sat,,,,
2018/01/19,Fri,13259.0,13429.0,13468.5,13251.5
2018/01/18,Thu,13230.0,13259.0,13301.5,13192.0
2018/01/17,Wed,13175.5,13159.5,13251.5,13127.5
2018/01/16,Tue,13216.0,13222.5,13346.0,13125.0
2018/01/15,Mon,13256.5,13204.0,13263.0,13164.0
2018/01/14,Sun,,,,
2018/01/13,Sat,,,,
2018/01/12,Fri,13243.5,13224.5,13259.0,13157.5
2018/01/11,Thu,13284.5,13193.5,13297.5,13142.5
2018/01/10,Wed,13368.0,13268.0,13376.5,13219.0
2018/01/09,Tue,13363.0,13383.5,13421.5,13354.0
2018/01/08,Mon,13367.0,13367.5,13408.5,13328.0
2018/01/07,Sun,,,,
2018/01/06,Sat,,,,
2018/01/05,Fri,13168.5,13307.5,13343.0,13165.5
2018/01/04,Thu,13020.0,13157.5,13203.0,13015.5
2018/01/03,Wed,12898.0,12986.0,13018.5,12881.5
2018/01/02,Tue,12922.0,12848.5,12940.0,12731.0
2018/01/01,Mon,,,,
2017/12/31,Sun,,,,
2017/12/30,Sat,,,,
2017/12/29,Fri,12997.5,12910.0,12997.5,12823.0
2017/12/28,Thu,13046.5,12965.0,13067.0,12958.0
2017/12/27,Wed,13050.0,13076.5,13129.0,13012.5
2017/12/26,Tue,13077.5,13083.5,13084.5,13077.5
2017/12/25,Mon,,,,
2017/12/24,Sun,,,,
2017/12/23,Sat,,,,
2017/12/22,Fri,13060.5,13071.5,13105.0,13045.5
2017/12/21,Thu,13046.5,13098.5,13136.5,13008.0
2017/12/20,Wed,13244.0,13051.5,13253.5,13018.0
2017/12/19,Tue,13310.0,13218.5,13336.5,13197.5
2017/12/18,Mon,13198.5,13315.0,13331.5,13183.5
2017/12/17,Sun,,,,
2017/12/16,Sat,,,,
2017/12/15,Fri,13040.5,13028.3,13059.5,13005.0
2017/12/14,Thu,13073.5,13086.5,13163.0,13008.0
2017/12/13,Wed,13175.0,13133.0,13191.0,13068.5
2017/12/12,Tue,13162.5,13173.5,13186.0,13077.0
2017/12/11,Mon,13189.0,13121.5,13204.5,13111.5
2017/12/10,Sun,,,,
2017/12/09,Sat,,,,
2017/12/08,Fri,13144.0,13166.0,13244.0,13136.5
2017/12/07,Thu,13040.5,13046.0,13107.5,12985.5
2017/12/06,Wed,12962.5,13001.0,13035.0,12860.5
2017/12/05,Tue,13064.5,13065.0,13096.0,12957.5
2017/12/04,Mon,13012.5,13049.5,13118.5,12971.5
2017/12/03,Sun,,,,
2017/12/02,Sat,,,,
2017/12/01,Fri,13055.5,12863.0,13073.0,12806.0
2017/11/30,Thu,13050.0,13052.5,13177.5,13019.0
2017/11/29,Wed,13124.5,13052.0,13197.0,13028.5
2017/11/28,Tue,12998.0,13057.0,13129.0,12960.5
2017/11/27,Mon,13033.0,12994.5,13116.0,12983.0
2017/11/26,Sun,,,,
2017/11/25,Sat,,,,
2017/11/24,Fri,12998.5,13065.0,13160.0,12975.0
2017/11/23,Thu,12970.0,12994.5,13049.0,12900.5
2017/11/22,Wed,13175.0,13009.0,13189.5,12961.5
2017/11/21,Tue,13053.0,13163.0,13209.0,13020.5
2017/11/20,Mon,12868.0,13060.0,13084.0,12853.0
2017/11/19,Sun,,,,
2017/11/18,Sat,,,,
2017/11/17,Fri,13055.5,12992.0,13087.0,12963.5
2017/11/16,Thu,13014.0,13040.5,13094.0,13002.5
2017/11/15,Wed,12979.0,12986.0,12996.0,12842.5
2017/11/14,Tue,13075.5,13033.0,13136.0,12996.5
2017/11/13,Mon,13123.0,13087.5,13161.0,12957.5
2017/11/12,Sun,,,,
2017/11/11,Sat,,,,
2017/11/10,Fri,13192.0,13121.0,13215.5,13106.5
2017/11/09,Thu,13388.5,13198.0,13401.5,13102.0
2017/11/08,Wed,13362.5,13388.5,13418.0,13341.5
2017/11/07,Tue,13507.0,13388.5,13533.0,13335.0
2017/11/06,Mon,13475.0,13465.5,13480.5,13437.5
2017/11/05,Sun,,,,
2017/11/04,Sat,,,,
2017/11/03,Fri,13476.0,13481.0,13503.0,13424.5
2017/11/02,Thu,13435.0,13439.5,13467.5,13400.0
2017/11/01,Wed,13325.0,13475.0,13486.0,13311.0
2017/10/31,Tue,13281.5,13222.0,13286.5,13271.5
2017/10/30,Mon,13200.5,13222.0,13249.5,13200.0
2017/10/29,Sun,,,,
2017/10/28,Sat,,,,
2017/10/27,Fri,13165.0,13219.0,13245.0,13165.0
2017/10/26,Thu,12977.0,13136.0,13163.5,12933.5
2017/10/25,Wed,12995.5,12939.5,13042.0,12906.5
2017/10/24,Tue,12982.5,13017.0,13051.5,12975.0
2017/10/23,Mon,12991.0,12997.0,13066.0,12965.0
2017/10/22,Sun,,,,
2017/10/21,Sat,,,,
2017/10/20,Fri,13022.0,12979.0,13058.5,12947.5
2017/10/19,Thu,13039.0,12977.0,13043.5,12903.0
2017/10/18,Wed,13010.0,13029.5,13089.0,12995.0
2017/10/17,Tue,12992.5,13012.0,13026.0,12958.5
2017/10/16,Mon,13017.5,12998.0,13020.0,12970.5
2017/10/15,Sun,,,,
2017/10/14,Sat,,,,
2017/10/13,Fri,12994.0,12991.0,13031.5,12955.0
2017/10/12,Thu,12962.5,12980.5,12995.5,12934.0
2017/10/11,Wed,12970.0,12964.5,12978.0,12915.5
2017/10/10,Tue,12957.5,12940.0,12974.5,12899.0
2017/10/09,Mon,12979.0,12968.5,12988.5,12926.5
2017/10/08,Sun,,,,
2017/10/07,Sat,,,,
2017/10/06,Fri,12972.0,12945.5,12985.0,12931.0
2017/10/05,Thu,12945.0,12954.5,12979.0,12923.5
2017/10/04,Wed,12954.0,12956.0,12974.5,12883.5
2017/10/03,Tue,12942.0,12885.5,12942.0,12925.5
2017/10/02,Mon,12863.5,12885.5,12907.0,12838.5
2017/10/01,Sun,,,,
2017/09/30,Sat,,,,
2017/09/29,Fri,12715.0,12798.0,12840.0,12710.5
2017/09/28,Thu,12682.0,12690.0,12715.0,12654.0
2017/09/27,Wed,12628.5,12651.0,12693.5,12613.0
2017/09/26,Tue,12550.0,12584.5,12621.0,12540.5
2017/09/25,Mon,12552.0,12583.0,12624.5,12538.5
2017/09/24,Sun,,,,
2017/09/23,Sat,,,,
2017/09/22,Fri,12550.5,12586.5,12637.0,12543.5
2017/09/21,Thu,12597.5,12598.5,12614.0,12568.5
2017/09/20,Wed,12548.5,12556.0,12629.0,12504.0
2017/09/19,Tue,12559.0,12551.0,12565.0,12514.0
2017/09/18,Mon,12567.0,12553.5,12604.5,12522.5
2017/09/17,Sun,,,,
2017/09/16,Sat,,,,
2017/09/15,Fri,12541.0,12544.5,12565.0,12517.0
2017/09/14,Thu,12537.0,12548.5,12557.0,12497.5
2017/09/13,Wed,12509.0,12560.0,12567.5,12474.0
2017/09/12,Tue,12489.0,12523.5,12559.0,12489.0
2017/09/11,Mon,12368.5,12466.0,12509.0,12368.5
2017/09/10,Sun,,,,
2017/09/09,Sat,,,,
2017/09/08,Fri,12259.5,12301.5,12323.5,12242.5
2017/09/07,Thu,12264.5,12305.0,12365.0,12259.5
2017/09/06,Wed,12061.0,12218.0,12301.0,12050.0
2017/09/05,Tue,12110.5,12117.0,12209.0,12038.5
2017/09/04,Mon,12080.0,12106.0,12137.0,12030.0
2017/09/03,Sun,,,,
2017/09/02,Sat,,,,
2017/09/01,Fri,12061.5,12142.5,12189.5,12060.0
2017/08/31,Thu,12043.0,12066.0,12113.5,12028.5
2017/08/30,Wed,12010.0,12006.5,12037.5,11984.0
2017/08/29,Tue,12045.0,11943.5,12074.0,11863.0
2017/08/28,Mon,12139.0,12132.5,12171.5,12058.5
2017/08/27,Sun,,,,
2017/08/26,Sat,,,,
2017/08/25,Fri,12201.0,12173.0,12249.0,12126.0
2017/08/24,Thu,12174.5,12181.0,12254.0,12164.0
2017/08/23,Wed,12235.0,12179.5,12267.0,12149.0
2017/08/22,Tue,12118.0,12222.0,12249.5,12104.5
2017/08/21,Mon,12150.0,12052.0,12158.0,12013.0
2017/08/20,Sun,,,,
2017/08/19,Sat,,,,
2017/08/18,Fri,12135.0,12169.0,12196.5,12075.0
2017/08/17,Thu,12225.5,12199.5,12287.0,12111.0
2017/08/16,Wed,12188.0,12256.5,12295.0,12188.0
2017/08/15,Tue,12205.0,12172.5,12230.5,12148.0
2017/08/14,Mon,12054.0,12177.0,12191.0,12053.0
2017/08/13,Sun,,,,
2017/08/12,Sat,,,,
2017/08/11,Fri,11930.0,12006.0,12043.0,11926.0
2017/08/10,Thu,12131.5,11998.5,12157.5,11942.0
2017/08/09,Wed,12198.0,12147.0,12222.0,12090.5
2017/08/08,Tue,12230.5,12286.5,12325.5,12174.0
2017/08/07,Mon,12296.0,12243.5,12331.0,12214.5
2017/08/06,Sun,,,,
2017/08/05,Sat,,,,
2017/08/04,Fri,12136.5,12291.5,12318.5,12117.0
2017/08/03,Thu,12166.0,12149.0,12178.5,12085.0
2017/08/02,Wed,12257.5,12166.5,12275.5,12143.5
2017/08/01,Tue,12128.0,12251.0,12296.5,12081.0
2017/07/31,Mon,12139.0,12109.5,12203.5,12076.5
2017/07/30,Sun,,,,
2017/07/29,Sat,,,,
2017/07/28,Fri,12144.0,12139.0,12177.0,12088.0
2017/07/27,Thu,12275.5,12188.5,12288.5,12138.0
2017/07/26,Wed,12248.5,12294.0,12339.5,12234.0
2017/07/25,Tue,12240.5,12264.0,12294.0,12202.5
2017/07/24,Mon,12230.0,12190.5,12249.0,12133.0
2017/07/23,Sun,,,,
2017/07/22,Sat,,,,
2017/07/21,Fri,12437.0,12224.5,12457.5,12180.5
2017/07/20,Thu,12493.0,12422.0,12567.0,12381.0
2017/07/19,Wed,12446.5,12432.5,12481.5,12408.0
2017/07/18,Tue,12554.0,12425.5,12569.0,12373.5
2017/07/17,Mon,12646.5,12587.0,12668.0,12531.0
2017/07/16,Sun,,,,
2017/07/15,Sat,,,,
2017/07/14,Fri,12642.5,12611.0,12658.5,12567.0
2017/07/13,Thu,12652.0,12623.5,12672.0,12605.0
2017/07/12,Wed,12459.5,12630.0,12649.0,12445.0
2017/07/11,Tue,12467.5,12418.5,12533.5,12406.0
2017/07/10,Mon,12451.0,12435.0,12479.0,12394.5
2017/07/09,Sun,,,,
2017/07/08,Sat,,,,
2017/07/07,Fri,12337.5,12367.0,12417.5,12328.0
2017/07/06,Thu,12473.0,12367.0,12484.0,12306.5
2017/07/05,Wed,12428.0,12450.0,12492.0,12396.5
2017/07/04,Tue,12431.5,12454.5,12477.0,12407.0
2017/07/03,Mon,12405.0,12472.5,12480.5,12377.0
2017/07/02,Sun,,,,
2017/07/01,Sat,,,,
2017/06/30,Fri,12390.0,12320.0,12452.5,12303.0
2017/06/29,Thu,12710.5,12404.0,12730.0,12341.5
2017/06/28,Wed,12575.0,12642.5,12683.0,12526.5
2017/06/27,Tue,12748.0,12663.5,12751.5,12578.5
2017/06/26,Mon,12751.5,12769.5,12835.0,12742.0
2017/06/25,Sun,,,,
2017/06/24,Sat,,,,
2017/06/23,Fri,12785.0,12725.5,12788.5,12665.5
2017/06/22,Thu,12773.5,12797.0,12800.0,12708.0
2017/06/21,Wed,12788.0,12764.0,12801.5,12701.5
2017/06/20,Tue,12926.5,12821.5,12948.5,12772.5
2017/06/19,Mon,12770.0,12889.5,12911.0,12770.0
2017/06/18,Sun,,,,
2017/06/17,Sat,,,,
2017/06/16,Fri,12722.0,12736.2,12765.0,12717.5
2017/06/15,Thu,12809.5,12695.0,12813.0,12617.0
2017/06/14,Wed,12781.0,12826.5,12922.5,12777.0
2017/06/13,Tue,12714.0,12762.5,12810.5,12694.0
2017/06/12,Mon,12762.0,12704.5,12784.5,12662.5
2017/06/11,Sun,,,,
2017/06/10,Sat,,,,
2017/06/09,Fri,12723.0,12803.0,12827.0,12698.5
2017/06/08,Thu,12695.0,12715.5,12742.5,12671.5
2017/06/07,Wed,12678.5,12660.5,12745.5,12633.5
2017/06/06,Tue,12775.0,12686.0,12791.5,12651.5
2017/06/05,Mon,12817.0,12817.0,12817.2,12813.6
2017/06/04,Sun,,,,
2017/06/03,Sat,,,,
2017/06/02,Fri,12735.0,12817.0,12879.5,12727.5
2017/06/01,Thu,12642.5,12665.0,12696.5,12616.5
2017/05/31,Wed,12575.5,12638.0,12708.5,12575.5
2017/05/30,Tue,12610.0,12588.5,12647.5,12562.5
2017/05/29,Mon,12614.0,12628.0,12645.0,12574.5
2017/05/28,Sun,,,,
2017/05/27,Sat,,,,
2017/05/26,Fri,12593.5,12593.0,12610.0,12526.0
2017/05/25,Thu,12665.0,12613.0,12709.0,12537.5
2017/05/24,Wed,12643.0,12631.0,12661.0,12611.0
2017/05/23,Tue,12592.0,12659.0,12702.0,12582.0
2017/05/22,Mon,12665.0,12619.0,12686.5,12564.5
2017/05/21,Sun,,,,
2017/05/20,Sat,,,,
2017/05/19,Fri,12625.0,12636.0,12655.5,12594.0
2017/05/18,Thu,12565.0,12591.5,12641.5,12491.5
2017/05/17,Wed,12750.0,12628.0,12787.5,12544.5
2017/05/16,Tue,12801.0,12800.5,12841.0,12772.0
2017/05/15,Mon,12815.5,12792.5,12843.5,12726.0
2017/05/14,Sun,,,,
2017/05/13,Sat,,,,
2017/05/12,Fri,12720.0,12765.5,12790.5,12714.5
2017/05/11,Thu,12769.0,12708.0,12780.5,12667.0
2017/05/10,Wed,12740.5,12765.0,12788.5,12717.5
2017/05/09,Tue,12715.5,12772.5,12792.5,12711.0
2017/05/08,Mon,12811.5,12707.5,12820.5,12666.5
2017/05/07,Sun,,,,
2017/05/06,Sat,,,,
2017/05/05,Fri,12613.0,12718.5,12840.0,12601.5
2017/05/04,Thu,12559.5,12638.5,12663.0,12544.0
2017/05/03,Wed,12517.5,12529.0,12548.5,12487.5
2017/05/02,Tue,12471.0,12511.5,12541.5,12442.5
2017/05/01,Mon,12482.0,12482.8,12490.6,12479.1
2017/04/30,Sun,,,,
2017/04/29,Sat,,,,
2017/04/28,Fri,12454.0,12467.5,12479.0,12426.0
2017/04/27,Thu,12459.0,12465.5,12497.0,12445.5
2017/04/26,Wed,12507.0,12501.0,12511.0,12451.5
2017/04/25,Tue,12450.0,12496.0,12518.5,12450.0
2017/04/24,Mon,12305.0,12466.5,12503.0,12271.5
2017/04/23,Sun,,,,
2017/04/22,Sat,,,,
2017/04/21,Fri,12071.0,12085.5,12114.5,12031.0
2017/04/20,Thu,12020.0,12055.0,12085.5,11962.5
2017/04/19,Wed,12042.5,12044.0,12064.5,11988.0
2017/04/18,Tue,12185.0,12055.0,12210.0,11980.5
2017/04/17,Mon,12175.0,12166.9,12175.0,12162.8
2017/04/16,Sun,,,,
2017/04/15,Sat,,,,
2017/04/14,Fri,,,,
2017/04/13,Thu,12171.0,12129.0,12179.5,12090.5
2017/04/12,Wed,12200.0,12186.5,12268.0,12144.0
2017/04/11,Tue,12200.5,12154.5,12248.0,12070.0
2017/04/10,Mon,12262.5,12243.5,12297.5,12200.5
2017/04/09,Sun,,,,
2017/04/08,Sat,,,,
2017/04/07,Fri,12211.5,12245.0,12279.5,12168.0
2017/04/06,Thu,12167.0,12263.0,12270.0,12142.0
2017/04/05,Wed,12326.5,12240.0,12326.5,12193.0
2017/04/04,Tue,12282.0,12307.5,12326.5,12253.0
2017/04/03,Mon,12363.0,12297.0,12411.5,12234.0
2017/04/02,Sun,,,,
2017/04/01,Sat,,,,
2017/03/31,Fri,12250.0,12329.5,12367.0,12241.5
2017/03/30,Thu,12234.0,12280.5,12286.0,12223.5
2017/03/29,Wed,12195.0,12232.5,12265.5,12191.5
2017/03/28,Tue,12090.0,12185.5,12215.0,12070.5
2017/03/27,Mon,12027.5,12020.5,12062.0,11942.5
2017/03/26,Sun,,,,
2017/03/25,Sat,,,,
2017/03/24,Fri,12065.5,12094.0,12130.5,12036.5
2017/03/23,Thu,11973.0,12072.0,12075.0,11922.5
2017/03/22,Wed,11904.5,11943.5,11977.5,11878.5
2017/03/21,Tue,12097.0,11987.0,12142.0,11923.5
2017/03/20,Mon,12074.5,12086.5,12111.5,12058.0
2017/03/19,Sun,,,,
2017/03/18,Sat,,,,
2017/03/17,Fri,12054.0,12084.8,12119.5,12020.0
2017/03/16,Thu,12100.0,12084.0,12178.5,12043.0
2017/03/15,Wed,12000.0,12020.0,12064.0,11976.5
2017/03/14,Tue,12011.5,11988.0,12011.5,11927.5
2017/03/13,Mon,11955.0,11996.5,12017.0,11944.5
2017/03/12,Sun,,,,
2017/03/11,Sat,,,,
2017/03/10,Fri,12008.5,11964.5,12068.0,11931.0
2017/03/09,Thu,11945.0,11983.5,12025.0,11915.5
2017/03/08,Wed,11929.5,11979.5,12019.0,11912.0
2017/03/07,Tue,11989.0,11955.5,11989.0,11931.0
2017/03/06,Mon,11993.5,11959.5,12001.0,11917.0
2017/03/05,Sun,,,,
2017/03/04,Sat,,,,
2017/03/03,Fri,12008.5,12020.5,12056.0,11987.5
2017/03/02,Thu,12072.5,12058.5,12089.0,12038.0
2017/03/01,Wed,11864.5,12062.0,12099.5,11857.0
2017/02/28,Tue,11848.0,11847.0,11852.5,11776.5
2017/02/27,Mon,11835.0,11827.5,11864.0,11790.5
2017/02/26,Sun,,,,
2017/02/25,Sat,,,,
2017/02/24,Fri,11932.5,11811.5,11935.0,11719.0
2017/02/23,Thu,12002.5,11939.0,12014.5,11924.0
2017/02/22,Wed,11992.5,11999.0,12030.0,11964.5
2017/02/21,Tue,11825.5,11960.0,11996.0,11795.0
2017/02/20,Mon,11820.0,11831.5,11858.0,11801.0
2017/02/19,Sun,,,,
2017/02/18,Sat,,,,
2017/02/17,Fri,11748.5,11735.5,11796.0,11688.0
2017/02/16,Thu,11781.0,11743.0,11811.5,11723.5
2017/02/15,Wed,11810.0,11797.0,11846.0,11718.0
2017/02/14,Tue,11768.0,11771.0,11801.0,11747.5
2017/02/13,Mon,11665.5,11780.5,11809.0,11664.0
2017/02/12,Sun,,,,
2017/02/11,Sat,,,,
2017/02/10,Fri,11675.0,11660.0,11717.5,11639.5
2017/02/09,Thu,11570.0,11650.5,11658.0,11541.5
2017/02/08,Wed,11569.0,11541.5,11588.0,11475.0
2017/02/07,Tue,11476.5,11541.0,11604.0,11460.0
2017/02/06,Mon,11647.0,11523.5,11678.5,11476.0
2017/02/05,Sun,,,,
2017/02/04,Sat,,,,
2017/02/03,Fri,11620.5,11661.5,11701.0,11620.5
2017/02/02,Thu,11617.0,11631.5,11673.0,11594.0
2017/02/01,Wed,11640.0,11649.0,11725.0,11611.5
2017/01/31,Tue,11677.0,11565.0,11735.0,11535.0
2017/01/30,Mon,11778.0,11674.0,11796.5,11662.5
2017/01/29,Sun,,,,
2017/01/28,Sat,,,,
2017/01/27,Fri,11840.0,11813.5,11854.5,11800.5
2017/01/26,Thu,11845.0,11840.0,11895.0,11821.0
2017/01/25,Wed,11645.0,11825.5,11831.5,11638.0
2017/01/24,Tue,11573.5,11587.0,11645.0,11539.0
2017/01/23,Mon,11564.0,11548.5,11607.0,11506.5
2017/01/22,Sun,,,,
2017/01/21,Sat,,,,
2017/01/20,Fri,11592.5,11616.0,11634.0,11545.0
2017/01/19,Thu,11630.0,11592.0,11644.5,11558.5
2017/01/18,Wed,11586.5,11592.5,11625.5,11529.0
2017/01/17,Tue,11539.0,11557.5,11587.0,11423.0
2017/01/16,Mon,11564.0,11562.5,11578.0,11527.5
2017/01/15,Sun,,,,
2017/01/14,Sat,,,,
2017/01/13,Fri,11574.0,11619.0,11635.0,11553.0
2017/01/12,Thu,11618.0,11526.0,11625.5,11488.0
2017/01/11,Wed,11575.0,11637.0,11692.5,11520.0
2017/01/10,Tue,11544.0,11585.0,11603.0,11541.0
2017/01/09,Mon,11630.0,11565.0,11631.5,11519.0
2017/01/08,Sun,,,,
2017/01/07,Sat,,,,
2017/01/06,Fri,11564.5,11591.5,11618.0,11541.5
2017/01/05,Thu,11548.0,11570.5,11602.0,11529.5
2017/01/04,Wed,11597.0,11572.5,11617.5,11528.5
2017/01/03,Tue,11610.0,11579.0,11649.5,11551.0
2017/01/02,Mon,11425.0,11585.5,11622.5,11402.5
2017/01/01,Sun,,,,
2016/12/31,Sat,,,,
2016/12/30,Fri,11456.0,11465.0,11486.0,11403.0
2016/12/29,Thu,11451.5,11442.5,11465.0,11412.5
2016/12/28,Wed,11473.0,11471.5,11481.0,11433.0
2016/12/27,Tue,11426.0,11475.5,11483.5,11425.5
2016/12/26,Mon,11457.3,11462.6,11467.6,11457.3
2016/12/25,Sun,,,,
2016/12/24,Sat,,,,
2016/12/23,Fri,11462.0,11447.5,11487.0,11406.0
2016/12/22,Thu,11448.0,11444.5,11478.5,11428.0
2016/12/21,Wed,11447.0,11470.0,11483.0,11444.0
2016/12/20,Tue,11415.5,11468.5,11476.5,11408.5
2016/12/19,Mon,11419.0,11417.0,11431.5,11377.0
2016/12/18,Sun,,,,
2016/12/17,Sat,,,,
2016/12/16,Fri,11370.5,11406.8,11453.0,11353.0
2016/12/15,Thu,11269.5,11381.0,11399.0,11257.0
2016/12/14,Wed,11275.0,11265.0,11322.0,11221.0
2016/12/13,Tue,11177.0,11295.0,11308.5,11174.0
2016/12/12,Mon,11248.5,11181.5,11248.5,11141.0
2016/12/11,Sun,,,,
2016/12/10,Sat,,,,
2016/12/09,Fri,11179.0,11204.0,11238.5,11143.5
2016/12/08,Thu,11026.0,11184.5,11206.0,10980.0
2016/12/07,Wed,10864.0,10976.0,11086.0,10844.5
2016/12/06,Tue,10706.0,10777.5,10840.0,10664.0
2016/12/05,Mon,10444.0,10696.0,10741.5,10420.0
2016/12/04,Sun,,,,
2016/12/03,Sat,,,,
2016/12/02,Fri,10471.0,10527.0,10545.0,10400.0
2016/12/01,Thu,10610.0,10511.0,10626.0,10477.5
2016/11/30,Wed,10625.0,10637.5,10693.0,10602.0
2016/11/29,Tue,10568.0,10606.5,10645.0,10536.0
2016/11/28,Mon,10679.0,10575.0,10689.5,10550.5
2016/11/27,Sun,,,,
2016/11/26,Sat,,,,
2016/11/25,Fri,10705.0,10691.0,10714.5,10646.0
2016/11/24,Thu,10677.0,10687.5,10717.0,10648.5
2016/11/23,Wed,10743.5,10667.5,10745.5,10599.5
2016/11/22,Tue,10768.5,10709.5,10781.5,10698.0
2016/11/21,Mon,10688.0,10674.5,10727.0,10587.5
2016/11/20,Sun,,,,
2016/11/19,Sat,,,,
2016/11/18,Fri,10732.0,10674.0,10747.5,10644.5
2016/11/17,Thu,10677.0,10681.0,10733.0,10597.5
2016/11/16,Wed,10778.0,10669.5,10782.0,10606.0
2016/11/15,Tue,10704.0,10741.5,10757.0,10660.5
2016/11/14,Mon,10765.0,10701.5,10798.0,10664.5
2016/11/13,Sun,,,,
2016/11/12,Sat,,,,
2016/11/11,Fri,10672.0,10657.0,10709.5,10581.5
2016/11/10,Thu,10686.0,10629.0,10794.5,10570.0
2016/11/09,Wed,10025.0,10628.0,10678.5,10013.0
2016/11/08,Tue,10440.0,10471.0,10550.0,10407.5
2016/11/07,Mon,10439.0,10433.5,10469.5,10375.5
2016/11/06,Sun,,,,
2016/11/05,Sat,,,,
2016/11/04,Fri,10315.0,10258.0,10320.0,10196.5
2016/11/03,Thu,10379.5,10326.5,10404.0,10290.5
2016/11/02,Wed,10439.0,10375.5,10465.5,10323.0
2016/11/01,Tue,10720.0,10503.5,10739.0,10451.0
2016/10/31,Mon,10680.0,10677.0,10689.0,10627.5
2016/10/30,Sun,,,,
2016/10/29,Sat,,,,
2016/10/28,Fri,10680.0,10687.0,10712.5,10571.5
2016/10/27,Thu,10642.0,10710.5,10771.0,10641.0
2016/10/26,Wed,10770.0,10705.0,10770.0,10625.0
2016/10/25,Tue,10789.0,10743.5,10826.0,10735.5
2016/10/24,Mon,10699.0,10765.0,10818.0,10698.5
2016/10/23,Sun,,,,
2016/10/22,Sat,,,,
2016/10/21,Fri,10695.0,10699.0,10732.5,10664.5
2016/10/20,Thu,10676.5,10695.0,10744.5,10585.0
2016/10/19,Wed,10615.5,10647.5,10668.5,10581.0
2016/10/18,Tue,10550.5,10625.0,10652.0,10531.5
2016/10/17,Mon,10521.5,10488.0,10576.5,10479.0
2016/10/16,Sun,,,,
2016/10/15,Sat,,,,
2016/10/14,Fri,10460.0,10577.0,10610.0,10432.5
2016/10/13,Thu,10453.0,10397.0,10466.0,10337.0
2016/10/12,Wed,10575.0,10508.5,10595.0,10492.5
2016/10/11,Tue,10587.0,10562.0,10684.5,10536.5
2016/10/10,Mon,10496.0,10623.0,10646.0,10442.5
2016/10/09,Sun,,,,
2016/10/08,Sat,,,,
2016/10/07,Fri,10560.5,10488.5,10573.0,10442.0
2016/10/06,Thu,10590.0,10584.0,10637.0,10524.5
2016/10/05,Wed,10590.0,10580.5,10614.5,10471.5
2016/10/04,Tue,10500.0,10624.0,10637.5,10478.0
2016/10/03,Mon,10520.8,10512.5,10520.8,10483.2
2016/10/02,Sun,,,,
2016/10/01,Sat,,,,
2016/09/30,Fri,10240.0,10512.5,10543.5,10173.5
2016/09/29,Thu,10529.0,10390.0,10568.0,10246.5
2016/09/28,Wed,10367.0,10427.0,10514.0,10361.5
2016/09/27,Tue,10439.5,10333.5,10456.0,10252.5
2016/09/26,Mon,10550.0,10377.5,10570.0,10369.0
2016/09/25,Sun,,,,
2016/09/24,Sat,,,,
2016/09/23,Fri,10672.0,10618.0,10672.0,10595.0
2016/09/22,Thu,10500.0,10655.0,10698.0,10482.0
2016/09/21,Wed,10436.5,10435.5,10527.5,10394.0
2016/09/20,Tue,10341.0,10398.5,10459.0,10341.0
2016/09/19,Mon,10336.0,10363.5,10377.0,10314.0
2016/09/18,Sun,,,,
2016/09/17,Sat,,,,
2016/09/16,Fri,10415.0,10264.2,10429.0,10288.0
2016/09/15,Thu,10345.0,10444.5,10476.0,10335.0
2016/09/14,Wed,10435.0,10393.5,10453.0,10347.5
2016/09/13,Tue,10525.0,10387.5,10526.0,10351.0
2016/09/12,Mon,10390.0,10422.5,10547.0,10320.0
2016/09/11,Sun,,,,
2016/09/10,Sat,,,,
2016/09/09,Fri,10664.5,10567.5,10671.5,10466.0
2016/09/08,Thu,10751.0,10673.0,10780.5,10566.0
2016/09/07,Wed,10717.5,10748.5,10777.5,10657.0
2016/09/06,Tue,10692.0,10684.5,10741.5,10653.5
2016/09/05,Mon,10750.0,10678.5,10754.5,10670.0
2016/09/04,Sun,,,,
2016/09/03,Sat,,,,
2016/09/02,Fri,10561.5,10689.0,10727.0,10512.5
2016/09/01,Thu,10612.5,10523.5,10678.0,10488.5
2016/08/31,Wed,10645.0,10610.5,10665.5,10551.0
2016/08/30,Tue,10569.5,10664.0,10690.0,10568.5
2016/08/29,Mon,10519.0,10544.5,10572.5,10436.0
2016/08/28,Sun,,,,
2016/08/27,Sat,,,,
2016/08/26,Fri,10507.0,10589.5,10616.0,10452.5
2016/08/25,Thu,10619.0,10528.5,10619.0,10466.0
2016/08/24,Wed,10555.0,10621.0,10653.5,10513.5
2016/08/23,Tue,10519.5,10595.0,10625.0,10509.5
2016/08/22,Mon,10528.0,10476.5,10657.0,10386.0
2016/08/21,Sun,,,,
2016/08/20,Sat,,,,
2016/08/19,Fri,10631.0,10548.0,10632.5,10487.5
2016/08/18,Thu,10614.0,10600.5,10626.5,10546.5
2016/08/17,Wed,10660.0,10539.5,10703.0,10512.0
2016/08/16,Tue,10710.0,10698.5,10738.5,10630.5
2016/08/15,Mon,10721.0,10747.5,10804.0,10710.5
2016/08/14,Sun,,,,
2016/08/13,Sat,,,,
2016/08/12,Fri,10723.0,10717.0,10734.5,10680.0
2016/08/11,Thu,10676.0,10720.5,10744.0,10629.0
2016/08/10,Wed,10696.5,10654.0,10714.0,10630.5
2016/08/09,Tue,10406.0,10697.0,10700.5,10406.0
2016/08/08,Mon,10427.5,10433.5,10479.0,10396.5
2016/08/07,Sun,,,,
2016/08/06,Sat,,,,
2016/08/05,Fri,10250.0,10353.0,10374.5,10209.0
2016/08/04,Thu,10233.5,10214.0,10279.5,10175.5
2016/08/03,Wed,10129.0,10164.5,10216.5,10088.0
2016/08/02,Tue,10300.0,10146.0,10336.0,10111.0
2016/08/01,Mon,10434.0,10336.5,10472.0,10271.0
2016/07/31,Sun,,,,
2016/07/30,Sat,,,,
2016/07/29,Fri,10340.0,10326.0,10354.0,10279.0
2016/07/28,Thu,10305.5,10295.5,10381.0,10259.0
2016/07/27,Wed,10282.0,10307.5,10346.0,10274.5
2016/07/26,Tue,10210.5,10246.5,10271.0,10138.5
2016/07/25,Mon,10117.5,10177.5,10257.0,10107.0
2016/07/24,Sun,,,,
2016/07/23,Sat,,,,
2016/07/22,Fri,10107.0,10136.5,10174.0,10059.5
2016/07/21,Thu,10130.0,10163.5,10189.0,10078.5
2016/07/20,Wed,9992.0,10135.0,10139.0,9978.5
2016/07/19,Tue,10020.0,9973.0,10043.5,9910.5
2016/07/18,Mon,10085.0,10068.5,10154.5,10000.5
2016/07/17,Sun,,,,
2016/07/16,Sat,,,,
2016/07/15,Fri,10025.0,10049.5,10092.0,9964.0
2016/07/14,Thu,9940.0,10071.0,10101.5,9939.0
2016/07/13,Wed,9929.5,9942.0,9992.5,9887.5
2016/07/12,Tue,9798.5,9964.5,10005.0,9786.0
2016/07/11,Mon,9712.0,9822.5,9834.0,9675.5
2016/07/10,Sun,,,,
2016/07/09,Sat,,,,
2016/07/08,Fri,9382.5,9629.5,9644.5,9356.5
2016/07/07,Thu,9425.0,9413.0,9497.0,9351.5
2016/07/06,Wed,9438.0,9358.5,9522.0,9290.0
2016/07/05,Tue,9692.5,9519.0,9692.5,9453.5
2016/07/04,Mon,9760.0,9704.5,9801.0,9687.0
2016/07/03,Sun,,,,
2016/07/02,Sat,,,,
2016/07/01,Fri,9718.5,9757.0,9795.0,9645.5
2016/06/30,Thu,9616.5,9668.5,9784.5,9501.0
2016/06/29,Wed,9538.0,9587.5,9631.5,9493.0
2016/06/28,Tue,9418.5,9415.0,9544.5,9397.0
2016/06/27,Mon,9402.5,9255.0,9580.5,9201.5
2016/06/26,Sun,,,,
2016/06/25,Sat,,,,
2016/06/24,Fri,9350.0,9558.0,9708.5,9152.5
2016/06/23,Thu,10130.0,10236.5,10340.0,10090.0
2016/06/22,Wed,10097.5,10129.5,10141.5,10032.5
2016/06/21,Tue,9968.0,10029.5,10111.5,9917.5
2016/06/20,Mon,9865.0,9951.5,9985.0,9838.0
2016/06/19,Sun,,,,
2016/06/18,Sat,,,,
2016/06/17,Fri,9674.0,9631.9,9703.0,9609.5
2016/06/16,Thu,9491.0,9569.0,9664.5,9429.5
2016/06/15,Wed,9565.5,9625.5,9667.0,9559.5
2016/06/14,Tue,9615.0,9512.5,9632.5,9504.0
2016/06/13,Mon,9709.5,9684.0,9757.5,9597.5
2016/06/12,Sun,,,,
2016/06/11,Sat,,,,
2016/06/10,Fri,10065.0,9836.0,10081.5,9773.0
2016/06/09,Thu,10205.0,10087.0,10212.0,10043.0
2016/06/08,Wed,10253.0,10205.0,10271.0,10175.5
2016/06/07,Tue,10161.0,10288.5,10319.0,10156.0
2016/06/06,Mon,10127.5,10132.5,10153.0,10092.0
2016/06/05,Sun,,,,
2016/06/04,Sat,,,,
2016/06/03,Fri,10250.5,10090.5,10285.5,10037.0
2016/06/02,Thu,10178.5,10220.0,10258.0,10152.5
2016/06/01,Wed,10252.5,10195.0,10288.0,10160.5
2016/05/31,Tue,10362.0,10263.5,10374.5,10229.0
2016/05/30,Mon,10325.0,10336.5,10349.5,10285.0
2016/05/29,Sun,,,,
2016/05/28,Sat,,,,
2016/05/27,Fri,10280.0,10272.0,10307.5,10241.5
2016/05/26,Thu,10175.5,10277.0,10287.5,10173.0
2016/05/25,Wed,10140.0,10207.0,10234.0,10128.5
2016/05/24,Tue,9811.0,10071.5,10123.0,9767.0
2016/05/23,Mon,9929.0,9858.0,9972.0,9806.0
2016/05/22,Sun,,,,
2016/05/21,Sat,,,,
2016/05/20,Fri,9896.5,9909.5,9921.5,9846.0
2016/05/19,Thu,9879.0,9794.5,9907.0,9766.0
2016/05/18,Wed,9835.5,9942.5,9960.0,9791.0
2016/05/17,Tue,9996.5,9871.5,10079.5,9812.0
2016/05/16,Mon,9882.5,9945.5,9960.9,9882.5
2016/05/15,Sun,,,,
2016/05/14,Sat,,,,
2016/05/13,Fri,9818.0,9945.5,9979.5,9761.0
2016/05/12,Thu,9967.5,9861.0,10087.5,9838.5
2016/05/11,Wed,10060.5,9978.5,10068.0,9928.0
2016/05/10,Tue,10034.0,10037.0,10114.5,9993.5
2016/05/09,Mon,9960.0,9982.0,10076.0,9879.0
2016/05/08,Sun,,,,
2016/05/07,Sat,,,,
2016/05/06,Fri,9814.0,9876.5,9931.5,9736.0
2016/05/05,Thu,9890.0,9829.0,9929.0,9805.5
2016/05/04,Wed,9955.0,9828.0,9974.5,9817.0
2016/05/03,Tue,10135.0,9956.5,10144.0,9930.0
2016/05/02,Mon,10080.5,10122.0,10169.0,10076.0
2016/05/01,Sun,,,,
2016/04/30,Sat,,,,
2016/04/29,Fri,10229.0,10085.5,10282.5,10054.5
2016/04/28,Thu,10281.5,10342.5,10364.0,10152.5
2016/04/27,Wed,10283.0,10328.5,10378.5,10252.0
2016/04/26,Tue,10353.0,10301.5,10421.5,10243.0
2016/04/25,Mon,10398.0,10329.5,10438.0,10261.5
2016/04/24,Sun,,,,
2016/04/23,Sat,,,,
2016/04/22,Fri,10428.0,10396.5,10462.0,10357.0
2016/04/21,Thu,10495.5,10485.0,10522.0,10371.0
2016/04/20,Wed,10342.0,10473.5,10495.0,10313.5
2016/04/19,Tue,10215.0,10381.5,10408.0,10181.5
2016/04/18,Mon,9972.5,10166.5,10183.5,9938.0
2016/04/17,Sun,,,,
2016/04/16,Sat,,,,
2016/04/15,Fri,10104.0,10085.5,10125.0,10043.0
2016/04/14,Thu,10075.5,10121.5,10137.0,10045.5
2016/04/13,Wed,9883.0,10031.5,10073.0,9883.0
2016/04/12,Tue,9706.0,9797.0,9829.5,9645.0
2016/04/11,Mon,9649.5,9726.0,9784.5,9551.5
2016/04/10,Sun,,,,
2016/04/09,Sat,,,,
2016/04/08,Fri,9579.5,9650.5,9707.5,9570.0
2016/04/07,Thu,9679.0,9534.5,9736.0,9472.5
2016/04/06,Wed,9617.0,9666.0,9700.5,9537.5
2016/04/05,Tue,9760.0,9614.5,9760.0,9556.0
2016/04/04,Mon,9860.5,9842.0,9946.0,9767.0
2016/04/03,Sun,,,,
2016/04/02,Sat,,,,
2016/04/01,Fri,9915.0,9838.0,9919.0,9712.5
2016/03/31,Thu,10058.0,10000.0,10070.5,9963.0
2016/03/30,Wed,9988.0,10091.0,10139.0,9964.0
2016/03/29,Tue,9945.0,9925.5,9994.0,9845.5
2016/03/28,Mon,,,,
2016/03/27,Sun,,,,
2016/03/26,Sat,,,,
2016/03/25,Fri,,,,
2016/03/24,Thu,9999.0,9905.5,10023.5,9876.5
2016/03/23,Wed,10016.0,10068.5,10153.0,10000.5
2016/03/22,Tue,9988.0,10006.0,10037.5,9791.0
2016/03/21,Mon,9952.0,9978.5,10133.0,9893.0
2016/03/20,Sun,,,,
2016/03/19,Sat,,,,
2016/03/18,Fri,9875.0,9901.5,9937.0,9819.0
2016/03/17,Thu,10039.5,9871.5,10069.5,9747.5
2016/03/16,Wed,9961.0,9983.5,10023.5,9916.0
2016/03/15,Tue,9954.0,9940.0,9976.0,9889.0
2016/03/14,Mon,9878.0,9989.5,10040.0,9868.5
2016/03/13,Sun,,,,
2016/03/12,Sat,,,,
2016/03/11,Fri,9629.5,9831.5,9895.0,9623.5
2016/03/10,Thu,9730.0,9513.0,9996.5,9394.5
2016/03/09,Wed,9713.0,9726.5,9840.0,9678.0
2016/03/08,Tue,9713.0,9690.0,9788.0,9613.0
2016/03/07,Mon,9786.5,9772.5,9809.5,9686.0
2016/03/06,Sun,,,,
2016/03/05,Sat,,,,
2016/03/04,Fri,9780.0,9818.5,9900.0,9738.0
2016/03/03,Thu,9806.0,9734.0,9818.0,9706.0
2016/03/02,Wed,9811.0,9776.0,9838.5,9692.0
2016/03/01,Tue,9432.0,9714.5,9776.5,9425.0
2016/02/29,Mon,9434.5,9464.0,9506.5,9326.0
2016/02/28,Sun,,,,
2016/02/27,Sat,,,,
2016/02/26,Fri,9420.0,9525.5,9575.5,9411.0
2016/02/25,Thu,9268.0,9327.0,9398.0,9197.0
2016/02/24,Wed,9378.0,9149.0,9425.0,9120.5
2016/02/23,Tue,9495.0,9424.0,9534.0,9394.0
2016/02/22,Mon,9435.0,9571.5,9586.0,9434.0
2016/02/21,Sun,,,,
2016/02/20,Sat,,,,
2016/02/19,Fri,9458.0,9362.5,9474.0,9316.0
2016/02/18,Thu,9391.0,9456.5,9548.5,9342.5
2016/02/17,Wed,9161.0,9376.5,9418.0,9130.0
2016/02/16,Tue,9262.0,9105.5,9268.0,9072.0
2016/02/15,Mon,9108.0,9209.0,9245.0,9105.5
2016/02/14,Sun,,,,
2016/02/13,Sat,,,,
2016/02/12,Fri,8831.0,8942.5,8991.0,8806.5
2016/02/11,Thu,8885.0,8773.5,8914.5,8690.5
2016/02/10,Wed,8910.5,9024.5,9125.0,8868.0
2016/02/09,Tue,8925.5,8906.5,9037.5,8767.5
2016/02/08,Mon,9314.0,8972.5,9334.5,8915.5
2016/02/07,Sun,,,,
2016/02/06,Sat,,,,
2016/02/05,Fri,9360.0,9266.5,9467.5,9221.0
2016/02/04,Thu,9602.0,9394.0,9620.0,9260.5
2016/02/03,Wed,9475.0,9435.0,9574.0,9345.0
2016/02/02,Tue,9735.0,9562.5,9735.0,9478.5
2016/02/01,Mon,9842.0,9739.5,9846.0,9630.5
2016/01/31,Sun,,,,
2016/01/30,Sat,,,,
2016/01/29,Fri,9796.0,9756.0,9836.0,9646.0
2016/01/28,Thu,9789.0,9623.5,9902.5,9586.0
2016/01/27,Wed,9817.5,9857.0,9923.5,9711.0
2016/01/26,Tue,9591.5,9835.0,9870.5,9563.0
2016/01/25,Mon,9840.0,9736.0,9848.0,9670.0
2016/01/24,Sun,,,,
2016/01/23,Sat,,,,
2016/01/22,Fri,9720.0,9792.5,9841.5,9704.5
2016/01/21,Thu,9401.0,9569.5,9667.5,9333.0
2016/01/20,Wed,9390.5,9357.5,9518.0,9251.5
2016/01/19,Tue,9682.5,9655.0,9760.0,9525.5
2016/01/18,Mon,9566.0,9524.0,9660.5,9454.0
2016/01/17,Sun,,,,
2016/01/16,Sat,,,,
2016/01/15,Fri,9786.0,9509.5,9834.0,9410.0
2016/01/14,Thu,9840.0,9817.5,9943.5,9612.0
2016/01/13,Wed,10107.0,9949.5,10165.5,9734.5
2016/01/12,Tue,9811.5,9994.5,10094.5,9776.0
2016/01/11,Mon,9696.5,9857.0,9980.5,9657.0
2016/01/10,Sun,,,,
2016/01/09,Sat,,,,
2016/01/08,Fri,9973.5,9859.5,10125.5,9723.0
2016/01/07,Thu,9986.5,9973.5,10041.0,9810.5
2016/01/06,Wed,10240.0,10219.0,10287.5,10093.5
2016/01/05,Tue,10389.0,10285.5,10403.5,10172.0
2016/01/04,Mon,10519.5,10264.0,10523.5,10250.0
2016/01/03,Sun,,,,
2016/01/02,Sat,,,,
2016/01/01,Fri,,,,
2015/12/31,Thu,,,,
2015/12/30,Wed,10884.0,10772.0,10886.0,10693.5
2015/12/29,Tue,10732.0,10846.0,10884.0,10731.0
2015/12/28,Mon,10727.5,10652.0,10774.5,10628.5
2015/12/27,Sun,,,,
2015/12/26,Sat,,,,
2015/12/25,Fri,,,,
2015/12/24,Thu,10765.8,10765.8,10765.8,10765.8
2015/12/23,Wed,10567.5,10743.5,10767.0,10565.0
2015/12/22,Tue,10595.0,10477.5,10639.5,10401.5
2015/12/21,Mon,10551.0,10539.5,10803.5,10475.5
2015/12/20,Sun,,,,
2015/12/19,Sat,,,,
2015/12/18,Fri,10665.5,10599.6,10735.0,10620.5
2015/12/17,Thu,10627.0,10754.0,10833.0,10526.0
2015/12/16,Wed,10481.0,10463.0,10650.0,10421.0
2015/12/15,Tue,10262.0,10453.0,10489.0,10224.0
2015/12/14,Mon,10350.0,10144.5,10446.5,10119.5
2015/12/13,Sun,,,,
2015/12/12,Sat,,,,
2015/12/11,Fri,10598.0,10353.5,10606.0,10268.5
2015/12/10,Thu,10510.0,10613.5,10664.0,10497.5
2015/12/09,Wed,10689.0,10610.5,10719.5,10447.5
2015/12/08,Tue,10885.0,10687.0,10900.0,10612.5
2015/12/07,Mon,10877.0,10868.5,10994.5,10805.0
2015/12/06,Sun,,,,
2015/12/05,Sat,,,,
2015/12/04,Fri,10684.0,10753.0,10879.5,10630.5
2015/12/03,Thu,11150.0,10827.0,11323.5,10641.0
2015/12/02,Wed,11314.5,11191.0,11334.0,11078.5
2015/12/01,Tue,11415.0,11266.5,11419.0,11234.0
2015/11/30,Mon,11283.0,11378.5,11433.5,11252.5
2015/11/29,Sun,,,,
2015/11/28,Sat,,,,
2015/11/27,Fri,11251.5,11294.0,11356.0,11243.0
2015/11/26,Thu,11175.5,11315.0,11369.0,11163.0
2015/11/25,Wed,10977.5,11164.5,11189.0,10920.0
2015/11/24,Tue,11071.0,10919.0,11083.0,10867.0
2015/11/23,Mon,11135.0,11112.5,11143.0,11027.0
2015/11/22,Sun,,,,
2015/11/21,Sat,,,,
2015/11/20,Fri,11064.0,11126.0,11166.0,11049.0
2015/11/19,Thu,11050.0,11089.0,11153.5,11034.5
2015/11/18,Wed,10898.5,10964.0,11048.5,10876.0
2015/11/17,Tue,10829.0,10959.0,10978.5,10782.0
2015/11/16,Mon,10500.0,10687.5,10820.5,10482.0
2015/11/15,Sun,,,,
2015/11/14,Sat,,,,
2015/11/13,Fri,10719.0,10693.5,10817.0,10605.5
2015/11/12,Thu,10890.0,10787.0,10960.5,10711.0
2015/11/11,Wed,10864.0,10910.0,10996.5,10836.0
2015/11/10,Tue,10854.0,10832.0,10872.5,10727.0
2015/11/09,Mon,10995.0,10811.5,11013.5,10786.0
2015/11/08,Sun,,,,
2015/11/07,Sat,,,,
2015/11/06,Fri,10902.0,10987.0,11059.0,10841.5
2015/11/05,Thu,10868.5,10893.0,10966.0,10781.5
2015/11/04,Wed,10972.0,10840.0,11009.0,10812.0
2015/11/03,Tue,10964.5,10941.5,10999.0,10882.5
2015/11/02,Mon,10761.0,10956.0,10995.0,10727.5
2015/11/01,Sun,,,,
2015/10/31,Sat,,,,
2015/10/30,Fri,10845.5,10819.5,10880.0,10746.5
2015/10/29,Thu,10877.0,10789.0,10893.5,10741.0
2015/10/28,Wed,10719.5,10841.5,10927.0,10691.0
2015/10/27,Tue,10786.0,10713.5,10809.5,10685.5
2015/10/26,Mon,10810.0,10808.5,10867.5,10757.5
2015/10/25,Sun,,,,
2015/10/24,Sat,,,,
2015/10/23,Fri,10640.0,10783.5,10860.0,10583.5
2015/10/22,Thu,10206.0,10502.0,10587.0,10188.5
2015/10/21,Wed,10191.0,10231.0,10276.5,10102.5
2015/10/20,Tue,10157.5,10163.0,10193.0,10076.0
2015/10/19,Mon,10124.0,10166.5,10208.0,10066.0
2015/10/18,Sun,,,,
2015/10/17,Sat,,,,
2015/10/16,Fri,10139.0,10098.5,10166.0,10052.5
2015/10/15,Thu,9980.0,10059.5,10148.5,9956.0
2015/10/14,Wed,9970.0,9928.0,10039.0,9885.5
2015/10/13,Tue,10104.5,10019.5,10116.5,9935.5
2015/10/12,Mon,10120.5,10132.0,10188.0,10053.0
2015/10/11,Sun,,,,
2015/10/10,Sat,,,,
2015/10/09,Fri,10119.0,10098.0,10147.0,10044.5
2015/10/08,Thu,9939.0,10001.0,10105.0,9907.5
2015/10/07,Wed,9898.5,9947.0,10093.5,9889.0
2015/10/06,Tue,9827.5,9916.5,9956.0,9728.0
2015/10/05,Mon,9739.0,9799.0,9892.5,9647.5
2015/10/04,Sun,,,,
2015/10/03,Sat,,,,
2015/10/02,Fri,9580.0,9536.0,9681.0,9390.0
2015/10/01,Thu,9748.5,9509.0,9787.5,9449.0
2015/09/30,Wed,9589.5,9659.5,9734.5,9581.0
2015/09/29,Tue,9420.0,9466.5,9539.0,9301.0
2015/09/28,Mon,9577.0,9490.5,9678.5,9434.0
2015/09/27,Sun,,,,
2015/09/26,Sat,,,,
2015/09/25,Fri,9598.0,9705.0,9746.5,9561.5
2015/09/24,Thu,9591.5,9415.5,9708.0,9361.0
2015/09/23,Wed,9510.0,9620.5,9712.0,9483.0
2015/09/22,Tue,9991.0,9569.0,10019.0,9557.5
2015/09/21,Mon,9885.0,9969.5,10000.5,9782.0
2015/09/20,Sun,,,,
2015/09/19,Sat,,,,
2015/09/18,Fri,10200.5,9948.6,10220.0,9968.0
2015/09/17,Thu,10281.0,10244.5,10328.5,10128.0
2015/09/16,Wed,10229.5,10238.0,10339.0,10171.5
2015/09/15,Tue,10178.5,10212.5,10262.0,10067.5
2015/09/14,Mon,10179.0,10166.5,10227.0,10081.5
2015/09/13,Sun,,,,
2015/09/12,Sat,,,,
2015/09/11,Fri,10250.0,10138.5,10250.5,10076.5
2015/09/10,Thu,10235.5,10215.0,10327.0,10153.0
2015/09/09,Wed,10447.5,10305.5,10524.0,10155.5
2015/09/08,Tue,10145.5,10280.5,10372.5,10092.5
2015/09/07,Mon,10100.0,10114.0,10183.0,10052.5
2015/09/06,Sun,,,,
2015/09/05,Sat,,,,
2015/09/04,Fri,10143.0,10053.5,10217.0,9955.0
2015/09/03,Thu,10125.5,10325.0,10380.5,10111.0
2015/09/02,Wed,10027.5,10067.0,10138.0,9960.0
2015/09/01,Tue,10014.0,9995.0,10118.0,9885.0
2015/08/31,Mon,10191.5,10247.0,10309.0,10129.5
2015/08/30,Sun,,,,
2015/08/29,Sat,,,,
2015/08/28,Fri,10313.0,10271.0,10353.0,10183.0
2015/08/27,Thu,10217.5,10332.5,10383.0,10165.5
2015/08/26,Wed,9993.0,10033.0,10204.0,9849.0
2015/08/25,Tue,9701.5,10162.5,10187.5,9701.5
2015/08/24,Mon,9806.5,9630.5,9936.5,9317.5
2015/08/23,Sun,,,,
2015/08/22,Sat,,,,
2015/08/21,Fri,10153.0,10152.0,10437.0,9980.0
2015/08/20,Thu,10658.0,10430.0,10658.0,10300.0
2015/08/19,Wed,10847.0,10686.0,10856.0,10670.0
2015/08/18,Tue,10973.5,10916.5,10984.0,10880.0
2015/08/17,Mon,11031.0,10951.0,11114.0,10811.5
2015/08/16,Sun,,,,
2015/08/15,Sat,,,,
2015/08/14,Fri,10983.0,10992.0,11094.0,10909.0
2015/08/13,Thu,11080.0,11002.0,11156.5,10977.5
2015/08/12,Wed,11200.0,10946.0,11202.0,10892.5
2015/08/11,Tue,11563.0,11288.0,11573.5,11262.5
2015/08/10,Mon,11544.0,11600.0,11621.5,11430.0
2015/08/09,Sun,,,,
2015/08/08,Sat,,,,
2015/08/07,Fri,11587.5,11494.5,11588.0,11482.5
2015/08/06,Thu,11607.5,11589.5,11673.0,11532.5
2015/08/05,Wed,11480.0,11650.0,11659.0,11476.5
2015/08/04,Tue,11426.0,11460.5,11480.5,11381.5
2015/08/03,Mon,11290.0,11439.0,11464.5,11246.5
2015/08/02,Sun,,,,
2015/08/01,Sat,,,,
2015/07/31,Fri,11282.0,11306.0,11329.0,11169.5
2015/07/30,Thu,11243.5,11247.5,11314.0,11137.5
2015/07/29,Wed,11194.0,11209.0,11280.0,11119.5
2015/07/28,Tue,11100.0,11165.0,11248.5,11066.0
2015/07/27,Mon,11315.0,11076.5,11320.0,11029.5
2015/07/26,Sun,,,,
2015/07/25,Sat,,,,
2015/07/24,Fri,11482.0,11349.0,11549.5,11282.0
2015/07/23,Thu,11589.0,11504.0,11630.0,11436.5
2015/07/22,Wed,11567.0,11521.5,11595.5,11480.0
2015/07/21,Tue,11783.0,11609.5,11783.0,11570.0
2015/07/20,Mon,11758.0,11756.0,11807.0,11717.0
2015/07/19,Sun,,,,
2015/07/18,Sat,,,,
2015/07/17,Fri,11737.5,11675.0,11767.0,11650.5
2015/07/16,Thu,11623.0,11730.5,11791.5,11603.5
2015/07/15,Wed,11535.0,11553.5,11571.5,11478.0
2015/07/14,Tue,11514.0,11511.0,11548.5,11415.5
2015/07/13,Mon,11326.0,11486.0,11517.0,11254.0
2015/07/12,Sun,,,,
2015/07/11,Sat,,,,
2015/07/10,Fri,11206.0,11340.0,11403.0,11147.5
2015/07/09,Thu,10806.0,11013.0,11035.5,10780.5
2015/07/08,Wed,10761.0,10751.0,10806.0,10650.0
2015/07/07,Tue,10905.5,10668.0,10949.5,10659.5
2015/07/06,Mon,10757.0,10878.0,10997.0,10727.5
2015/07/05,Sun,,,,
2015/07/04,Sat,,,,
2015/07/03,Fri,11133.0,11047.0,11134.5,11006.5
2015/07/02,Thu,11176.5,11100.0,11231.0,11071.0
2015/07/01,Wed,11079.0,11167.5,11287.5,10978.5
2015/06/30,Tue,11015.5,11001.5,11140.0,10897.5
2015/06/29,Mon,10955.0,11098.0,11293.0,10841.0
2015/06/28,Sun,,,,
2015/06/27,Sat,,,,
2015/06/26,Fri,11400.0,11501.5,11566.0,11372.0
2015/06/25,Thu,11437.5,11480.0,11610.0,11350.5
2015/06/24,Wed,11590.5,11480.0,11595.0,11367.0
2015/06/23,Tue,11525.0,11544.0,11643.0,11522.0
2015/06/22,Mon,11224.0,11472.5,11489.5,11214.5
2015/06/21,Sun,,,,
2015/06/20,Sat,,,,
2015/06/19,Fri,11090.5,11177.1,11246.0,11075.0
2015/06/18,Thu,10875.0,11106.5,11290.0,10805.0
2015/06/17,Wed,11088.0,10973.5,11119.5,10872.0
2015/06/16,Tue,10998.0,11051.0,11076.5,10798.0
2015/06/15,Mon,11100.0,11004.5,11117.0,10953.5
2015/06/14,Sun,,,,
2015/06/13,Sat,,,,
2015/06/12,Fri,11310.5,11193.5,11367.5,11066.0
2015/06/11,Thu,11260.5,11319.5,11454.0,11238.0
2015/06/10,Wed,10976.5,11276.5,11306.5,10936.5
2015/06/09,Tue,11020.0,10986.5,11072.0,10861.0
2015/06/08,Mon,11201.5,11086.0,11224.0,10991.5
2015/06/07,Sun,,,,
2015/06/06,Sat,,,,
2015/06/05,Fri,11255.0,11214.5,11291.0,11139.5
2015/06/04,Thu,11369.0,11362.5,11453.5,11186.0
2015/06/03,Wed,11344.0,11420.5,11518.5,11298.0
2015/06/02,Tue,11468.0,11332.5,11487.5,11268.0
2015/06/01,Mon,11499.0,11440.5,11513.5,11346.0
2015/05/31,Sun,,,,
2015/05/30,Sat,,,,
2015/05/29,Fri,11697.5,11413.5,11722.0,11401.5
2015/05/28,Thu,11745.5,11673.5,11779.0,11608.0
2015/05/27,Wed,11657.5,11780.5,11803.5,11602.5
2015/05/26,Tue,11798.0,11621.0,11938.0,11592.0
2015/05/25,Mon,11839.0,11787.1,11854.3,11773.8
2015/05/24,Sun,,,,
2015/05/23,Sat,,,,
2015/05/22,Fri,11887.0,11826.5,11888.0,11796.5
2015/05/21,Thu,11851.5,11874.0,11902.5,11766.0
2015/05/20,Wed,11846.5,11865.0,11893.0,11788.5
2015/05/19,Tue,11669.0,11883.5,11888.0,11655.0
2015/05/18,Mon,11480.5,11600.5,11645.5,11385.5
2015/05/17,Sun,,,,
2015/05/16,Sat,,,,
2015/05/15,Fri,11570.0,11438.0,11649.0,11388.0
2015/05/14,Thu,11333.5,11587.5,11593.5,11225.0
2015/05/13,Wed,11530.5,11347.0,11608.0,11304.0
2015/05/12,Tue,11645.5,11482.0,11659.5,11387.5
2015/05/11,Mon,11727.0,11673.5,11731.5,11612.0
2015/05/10,Sun,,,,
2015/05/09,Sat,,,,
2015/05/08,Fri,11445.0,11700.5,11745.0,11424.5
2015/05/07,Thu,11367.0,11430.0,11453.0,11178.0
2015/05/06,Wed,11390.0,11371.0,11475.5,11252.0
2015/05/05,Tue,11606.5,11353.0,11771.5,11312.0
2015/05/04,Mon,11535.5,11653.0,11680.5,11424.5
2015/05/03,Sun,,,,
2015/05/02,Sat,,,,
2015/05/01,Fri,11417.6,11519.8,11524.7,11416.5
2015/04/30,Thu,11476.0,11489.5,11592.0,11353.0
2015/04/29,Wed,11836.5,11472.5,11912.5,11384.0
2015/04/28,Tue,12037.5,11830.0,12085.0,11773.0
2015/04/27,Mon,11863.0,12065.0,12085.0,11758.5
2015/04/26,Sun,,,,
2015/04/25,Sat,,,,
2015/04/24,Fri,11790.0,11826.0,11916.0,11737.0
2015/04/23,Thu,11947.0,11749.0,11979.0,11703.0
2015/04/22,Wed,12013.0,11907.5,12075.5,11816.0
2015/04/21,Tue,11945.0,11983.5,12113.5,11940.5
2015/04/20,Mon,11740.5,11918.0,11938.5,11717.5
2015/04/19,Sun,,,,
2015/04/18,Sat,,,,
2015/04/17,Fri,12025.5,11712.0,12052.5,11665.0
2015/04/16,Thu,12271.5,12035.0,12282.0,11997.5
2015/04/15,Wed,12294.0,12270.0,12361.0,12229.5
2015/04/14,Tue,12350.0,12261.0,12376.5,12213.5
2015/04/13,Mon,12408.5,12381.5,12426.5,12306.0
2015/04/12,Sun,,,,
2015/04/11,Sat,,,,
2015/04/10,Fri,12236.5,12406.0,12429.5,12233.0
2015/04/09,Thu,12106.5,12185.5,12253.5,12074.0
2015/04/08,Wed,12105.0,12068.5,12158.0,12044.5
2015/04/07,Tue,12081.0,12136.0,12177.5,12061.5
2015/04/06,Mon,11915.4,12031.9,12056.1,11910.4
2015/04/05,Sun,,,,
2015/04/04,Sat,,,,
2015/04/03,Fri,11997.8,11905.4,12026.6,11895.4
2015/04/02,Thu,12056.0,11980.0,12058.0,11959.0
2015/04/01,Wed,11902.0,12035.0,12147.5,11870.0
2015/03/31,Tue,12092.0,12010.5,12154.0,11945.5
2015/03/30,Mon,11930.0,12118.5,12139.5,11917.0
2015/03/29,Sun,,,,
2015/03/28,Sat,,,,
2015/03/27,Fri,11919.5,11889.0,11984.0,11828.0
2015/03/26,Thu,11814.0,11876.0,11924.5,11650.0
2015/03/25,Wed,11990.0,11925.5,12050.0,11867.5
2015/03/24,Tue,11905.0,12049.5,12061.0,11822.5
2015/03/23,Mon,12068.5,11910.5,12069.0,11850.5
2015/03/22,Sun,,,,
2015/03/21,Sat,,,,
2015/03/20,Fri,11932.0,12036.4,12073.0,11926.0
2015/03/19,Thu,11900.0,11922.0,12004.0,11785.5
2015/03/18,Wed,12023.0,11916.5,12031.5,11814.5
2015/03/17,Tue,12152.5,11986.0,12198.0,11928.5
2015/03/16,Mon,11947.5,12167.0,12223.5,11933.0
2015/03/15,Sun,,,,
2015/03/14,Sat,,,,
2015/03/13,Fri,11850.0,11899.0,11978.0,11742.5
2015/03/12,Thu,11843.0,11793.5,11852.0,11756.5
2015/03/11,Wed,11536.5,11807.5,11854.5,11531.0
2015/03/10,Tue,11575.0,11522.0,11578.0,11403.0
2015/03/09,Mon,11519.0,11581.0,11609.5,11463.0
2015/03/08,Sun,,,,
2015/03/07,Sat,,,,
2015/03/06,Fri,11521.5,11556.0,11603.5,11495.5
2015/03/05,Thu,11426.0,11495.5,11535.0,11408.5
2015/03/04,Wed,11317.5,11377.0,11422.0,11194.0
2015/03/03,Tue,11417.0,11293.0,11475.5,11258.5
2015/03/02,Mon,11403.5,11400.5,11457.0,11365.0
2015/03/01,Sun,,,,
2015/02/28,Sat,,,,
2015/02/27,Fri,11318.5,11384.5,11402.5,11303.5
2015/02/26,Thu,11229.5,11324.5,11335.5,11189.0
2015/02/25,Wed,11223.0,11213.5,11233.0,11177.0
2015/02/24,Tue,11134.5,11215.0,11234.5,11090.0
2015/02/23,Mon,11134.5,11119.5,11161.5,11070.0
2015/02/22,Sun,,,,
2015/02/21,Sat,,,,
2015/02/20,Fri,10976.0,11049.0,11164.5,10948.0
2015/02/19,Thu,10952.5,10999.0,11025.0,10872.5
2015/02/18,Wed,10905.5,10955.0,10984.0,10898.0
2015/02/17,Tue,10839.5,10878.0,10949.0,10765.5
2015/02/16,Mon,10961.5,10926.0,10968.0,10843.5
2015/02/15,Sun,,,,
2015/02/14,Sat,,,,
2015/02/13,Fri,10980.0,10971.0,11016.5,10942.5
2015/02/12,Thu,10787.5,10912.0,10978.5,10732.0
2015/02/11,Wed,10771.0,10756.5,10800.0,10698.0
2015/02/10,Tue,10679.5,10750.0,10816.0,10592.5
2015/02/09,Mon,10750.0,10680.0,10779.5,10600.5
2015/02/08,Sun,,,,
2015/02/07,Sat,,,,
2015/02/06,Fri,10885.0,10850.0,10891.0,10757.0
2015/02/05,Thu,10798.0,10904.5,10932.5,10793.0
2015/02/04,Wed,10933.0,10903.0,10942.0,10805.0
2015/02/03,Tue,10854.5,10902.5,10989.5,10846.5
2015/02/02,Mon,10699.0,10808.5,10884.0,10681.0
2015/02/01,Sun,,,,
2015/01/31,Sat,,,,
2015/01/30,Fri,10799.0,10695.0,10821.5,10643.5
2015/01/29,Thu,10605.0,10735.5,10832.0,10599.0
2015/01/28,Wed,10722.0,10693.5,10756.5,10553.0
2015/01/27,Tue,10825.5,10635.0,10828.0,10596.0
2015/01/26,Mon,10576.0,10805.0,10857.5,10572.5
2015/01/25,Sun,,,,
2015/01/24,Sat,,,,
2015/01/23,Fri,10500.0,10664.0,10711.5,10486.5
2015/01/22,Thu,10320.0,10443.5,10548.5,10229.0
2015/01/21,Wed,10276.0,10298.5,10319.5,10153.0
2015/01/20,Tue,10315.0,10249.0,10315.0,10215.0
2015/01/19,Mon,10255.0,10241.5,10301.0,10195.5
2015/01/18,Sun,,,,
2015/01/17,Sat,,,,
2015/01/16,Fri,9961.0,10201.0,10316.0,9944.0
2015/01/15,Thu,9954.0,10015.0,10070.0,9582.5
2015/01/14,Wed,9786.0,9834.5,9969.5,9766.0
2015/01/13,Tue,9787.5,9942.5,9986.0,9756.5
2015/01/12,Mon,9661.5,9786.5,9823.0,9625.0
2015/01/11,Sun,,,,
2015/01/10,Sat,,,,
2015/01/09,Fri,9815.5,9623.0,9868.0,9602.5
2015/01/08,Thu,9658.0,9850.0,9863.0,9613.0
2015/01/07,Wed,9510.0,9502.5,9611.5,9463.0
2015/01/06,Tue,9475.0,9491.5,9631.5,9383.5
2015/01/05,Mon,9726.5,9477.5,9796.0,9450.5
2015/01/04,Sun,,,,
2015/01/03,Sat,,,,
2015/01/02,Fri,9797.5,9768.5,9891.0,9692.5
2015/01/01,Thu,9801.3,9727.7,9804.3,9711.0
2014/12/31,Wed,9801.3,9801.3,9801.3,9801.3
2014/12/30,Tue,9930.5,9843.5,9932.5,9774.5
2014/12/29,Mon,9948.5,9943.5,9958.5,9791.5
2014/12/28,Sun,,,,
2014/12/27,Sat,,,,
2014/12/26,Fri,,,,
2014/12/25,Thu,,,,
2014/12/24,Wed,9927.1,9927.1,9927.1,9927.1
2014/12/23,Tue,9928.5,9930.0,9949.0,9865.0
2014/12/22,Mon,9819.0,9889.0,9947.0,9817.0
2014/12/21,Sun,,,,
2014/12/20,Sat,,,,
2014/12/19,Fri,9910.0,9751.9,9922.5,9726.5
2014/12/18,Thu,9674.5,9796.0,9862.0,9651.5
2014/12/17,Wed,9441.0,9573.5,9673.0,9428.0
2014/12/16,Tue,9363.5,9564.5,9577.5,9216.5
2014/12/15,Mon,9570.5,9339.5,9682.0,9298.0
2014/12/14,Sun,,,,
2014/12/13,Sat,,,,
2014/12/12,Fri,9770.0,9589.5,9801.5,9544.5
2014/12/11,Thu,9773.0,9875.0,9911.0,9763.5
2014/12/10,Wed,9885.0,9814.5,9914.0,9735.0
2014/12/09,Tue,9957.0,9819.0,9957.0,9787.5
2014/12/08,Mon,10089.5,10027.0,10093.0,9952.0
2014/12/07,Sun,,,,
2014/12/06,Sat,,,,
2014/12/05,Fri,9905.0,10092.0,10099.5,9905.0
2014/12/04,Thu,10016.5,9854.0,10127.0,9836.5
2014/12/03,Wed,9963.0,9984.0,10000.0,9932.5
2014/12/02,Tue,9983.0,9941.5,10043.0,9911.5
2014/12/01,Mon,9927.0,9959.5,9984.0,9897.5
2014/11/30,Sun,,,,
2014/11/29,Sat,,,,
2014/11/28,Fri,9972.0,9974.5,10000.0,9903.5
2014/11/27,Thu,9951.5,9969.0,9997.5,9922.0
2014/11/26,Wed,9899.0,9919.0,9947.5,9866.5
2014/11/25,Tue,9820.0,9846.5,9925.0,9785.0
2014/11/24,Mon,9710.0,9785.0,9833.5,9706.5
2014/11/23,Sun,,,,
2014/11/22,Sat,,,,
2014/11/21,Fri,9509.5,9732.0,9737.5,9507.0
2014/11/20,Thu,9466.0,9486.5,9490.5,9377.5
2014/11/19,Wed,9465.5,9462.0,9523.5,9436.0
2014/11/18,Tue,9323.5,9454.5,9489.5,9313.0
2014/11/17,Mon,9173.0,9305.5,9333.0,9125.0
2014/11/16,Sun,,,,
2014/11/15,Sat,,,,
2014/11/14,Fri,9260.0,9243.0,9290.0,9182.0
2014/11/13,Thu,9277.0,9253.0,9311.0,9166.5
2014/11/12,Wed,9352.0,9204.5,9359.0,9187.0
2014/11/11,Tue,9360.0,9365.5,9400.0,9322.0
2014/11/10,Mon,9301.0,9341.5,9352.5,9221.0
2014/11/09,Sun,,,,
2014/11/08,Sat,,,,
2014/11/07,Fri,9439.5,9292.0,9449.0,9237.5
2014/11/06,Thu,9282.0,9379.0,9469.0,9266.5
2014/11/05,Wed,9259.5,9310.5,9331.5,9222.5
2014/11/04,Tue,9260.0,9174.0,9319.5,9147.5
2014/11/03,Mon,9309.0,9254.0,9344.0,9234.0
2014/11/02,Sun,,,,
2014/11/01,Sat,,,,
2014/10/31,Fri,9307.0,9309.0,9344.0,9217.0
2014/10/30,Thu,9104.5,9106.0,9160.0,8898.0
2014/10/29,Wed,9097.5,9074.5,9160.0,9029.0
2014/10/28,Tue,8953.0,9071.5,9119.0,8950.0
2014/10/27,Mon,9033.0,8905.5,9096.0,8835.0
2014/10/26,Sun,,,,
2014/10/25,Sat,,,,
2014/10/24,Fri,8995.5,8994.0,9044.0,8953.5
2014/10/23,Thu,8876.5,9047.5,9074.0,8817.0
2014/10/22,Wed,8948.0,8925.5,8962.5,8840.0
2014/10/21,Tue,8728.0,8887.5,8945.0,8641.5
2014/10/20,Mon,8870.0,8721.5,8885.0,8681.0
2014/10/19,Sun,,,,
2014/10/18,Sat,,,,
2014/10/17,Fri,8580.5,8843.0,8857.5,8563.0
2014/10/16,Thu,8626.0,8605.5,8665.0,8350.0
2014/10/15,Wed,8828.0,8575.0,8856.5,8477.0
2014/10/14,Tue,8769.5,8839.5,8860.0,8700.5
2014/10/13,Mon,8700.0,8808.5,8874.5,8682.0
2014/10/12,Sun,,,,
2014/10/11,Sat,,,,
2014/10/10,Fri,8922.0,8809.5,8961.5,8765.5
2014/10/09,Thu,9105.0,9021.5,9143.5,8890.5
2014/10/08,Wed,9018.5,9014.0,9127.0,8960.0
2014/10/07,Tue,9170.0,9086.0,9182.0,9010.0
2014/10/06,Mon,9337.0,9192.5,9352.5,9146.5
2014/10/05,Sun,,,,
2014/10/04,Sat,,,,
2014/10/03,Fri,9234.3,9286.5,9308.0,9232.9
2014/10/02,Thu,9367.0,9216.0,9416.0,9166.0
2014/10/01,Wed,9435.0,9393.0,9523.5,9329.5
2014/09/30,Tue,9435.0,9490.5,9499.5,9405.5
2014/09/29,Mon,9514.5,9432.0,9515.0,9371.0
2014/09/28,Sun,,,,
2014/09/27,Sat,,,,
2014/09/26,Fri,9502.0,9493.0,9551.5,9456.0
2014/09/25,Thu,9678.0,9511.5,9725.0,9470.5
2014/09/24,Wed,9590.5,9672.5,9687.5,9536.5
2014/09/23,Tue,9744.5,9594.0,9750.0,9572.5
2014/09/22,Mon,9762.5,9753.5,9817.0,9723.5
2014/09/21,Sun,,,,
2014/09/20,Sat,,,,
2014/09/19,Fri,9849.0,9828.2,9893.0,9839.0
2014/09/18,Thu,9699.0,9786.5,9797.5,9682.5
2014/09/17,Wed,9675.0,9670.0,9719.0,9649.0
2014/09/16,Tue,9660.5,9628.0,9677.0,9587.0
2014/09/15,Mon,9600.0,9661.5,9686.0,9586.5
2014/09/14,Sun,,,,
2014/09/13,Sat,,,,
2014/09/12,Fri,9711.5,9649.5,9721.5,9617.0
2014/09/11,Thu,9724.0,9683.5,9737.5,9628.0
2014/09/10,Wed,9675.5,9705.5,9747.0,9636.0
2014/09/09,Tue,9726.0,9711.5,9771.0,9675.0
2014/09/08,Mon,9784.5,9752.0,9784.5,9713.5
2014/09/07,Sun,,,,
2014/09/06,Sat,,,,
2014/09/05,Fri,9702.5,9750.5,9790.0,9688.5
2014/09/04,Thu,9613.5,9727.0,9736.5,9537.5
2014/09/03,Wed,9516.5,9618.0,9685.5,9516.0
2014/09/02,Tue,9496.0,9505.5,9580.5,9467.0
2014/09/01,Mon,9482.5,9470.5,9510.0,9423.5
2014/08/31,Sun,,,,
2014/08/30,Sat,,,,
2014/08/29,Fri,9490.0,9440.5,9518.0,9368.0
2014/08/28,Thu,9564.0,9453.0,9568.0,9414.5
2014/08/27,Wed,9587.0,9570.0,9601.0,9545.0
2014/08/26,Tue,9462.0,9591.5,9593.0,9443.0
2014/08/25,Mon,9403.0,9498.5,9515.5,9402.5
2014/08/24,Sun,,,,
2014/08/23,Sat,,,,
2014/08/22,Fri,9388.5,9347.5,9415.5,9288.0
2014/08/21,Thu,9343.5,9394.0,9407.5,9276.5
2014/08/20,Wed,9327.5,9314.5,9342.0,9245.5
2014/08/19,Tue,9271.5,9338.0,9353.0,9268.0
2014/08/18,Mon,9222.0,9256.0,9270.0,9191.5
2014/08/17,Sun,,,,
2014/08/16,Sat,,,,
2014/08/15,Fri,9244.5,9074.0,9326.0,9042.5
2014/08/14,Thu,9210.5,9228.5,9266.0,9141.0
2014/08/13,Wed,9099.0,9210.0,9215.5,9099.0
2014/08/12,Tue,9173.0,9070.5,9182.0,9047.0
2014/08/11,Mon,9102.0,9186.5,9201.0,9087.0
2014/08/10,Sun,,,,
2014/08/09,Sat,,,,
2014/08/08,Fri,8950.0,9014.5,9101.5,8903.0
2014/08/07,Thu,9136.0,9041.0,9172.5,8975.0
2014/08/06,Wed,9114.0,9127.5,9168.5,9031.0
2014/08/05,Tue,9175.0,9192.0,9239.5,9080.5
2014/08/04,Mon,9226.5,9163.0,9263.0,9130.5
2014/08/03,Sun,,,,
2014/08/02,Sat,,,,
2014/08/01,Fri,9396.0,9212.5,9409.5,9152.5
2014/07/31,Thu,9599.0,9418.5,9607.5,9367.5
2014/07/30,Wed,9645.0,9598.5,9710.0,9574.5
2014/07/29,Tue,9622.0,9656.5,9697.0,9575.5
2014/07/28,Mon,9650.5,9596.0,9677.5,9529.0
2014/07/27,Sun,,,,
2014/07/26,Sat,,,,
2014/07/25,Fri,9780.0,9639.0,9798.0,9622.0
2014/07/24,Thu,9755.0,9796.5,9819.0,9675.5
2014/07/23,Wed,9700.0,9761.5,9806.0,9696.0
2014/07/22,Tue,9664.0,9735.0,9744.0,9648.5
2014/07/21,Mon,9729.0,9625.0,9734.0,9595.0
2014/07/20,Sun,,,,
2014/07/19,Sat,,,,
2014/07/18,Fri,9702.0,9708.5,9751.5,9653.0
2014/07/17,Thu,9839.0,9752.0,9853.0,9686.0
2014/07/16,Wed,9737.0,9859.0,9877.0,9735.0
2014/07/15,Tue,9769.5,9746.0,9793.0,9690.0
2014/07/14,Mon,9709.0,9791.0,9799.0,9694.0
2014/07/13,Sun,,,,
2014/07/12,Sat,,,,
2014/07/11,Fri,9690.0,9650.5,9712.0,9626.0
2014/07/10,Thu,9825.5,9667.5,9826.0,9620.5
2014/07/09,Wed,9794.5,9816.5,9834.5,9755.5
2014/07/08,Tue,9929.0,9783.0,9934.0,9751.0
2014/07/07,Mon,10014.0,9918.5,10020.5,9903.0
2014/07/06,Sun,,,,
2014/07/05,Sat,,,,
2014/07/04,Fri,10034.0,10015.5,10043.0,10012.0
2014/07/03,Thu,9930.0,10036.0,10044.0,9912.5
2014/07/02,Wed,9908.5,9922.0,9944.0,9896.0
2014/07/01,Tue,9860.0,9901.0,9935.0,9840.5
2014/06/30,Mon,9848.0,9859.5,9898.0,9805.5
2014/06/29,Sun,,,,
2014/06/28,Sat,,,,
2014/06/27,Fri,9827.0,9825.0,9855.0,9796.5
2014/06/26,Thu,9897.0,9804.5,9914.0,9756.5
2014/06/25,Wed,9899.0,9886.0,9923.0,9842.0
2014/06/24,Tue,9935.0,9954.0,9959.0,9901.0
2014/06/23,Mon,10012.5,9932.5,10020.5,9881.0
2014/06/22,Sun,,,,
2014/06/21,Sat,,,,
2014/06/20,Fri,9994.0,10018.1,10049.0,9990.0
2014/06/19,Thu,10006.0,10005.0,10024.0,9992.5
2014/06/18,Wed,9945.0,9935.5,10007.0,9921.0
2014/06/17,Tue,9920.0,9921.0,9986.0,9859.0
2014/06/16,Mon,9885.0,9901.0,9927.5,9872.5
2014/06/15,Sun,,,,
2014/06/14,Sat,,,,
2014/06/13,Fri,9942.0,9921.0,9947.5,9828.0
2014/06/12,Thu,9960.0,9943.5,9973.0,9895.0
2014/06/11,Wed,10020.0,9945.5,10024.5,9920.0
2014/06/10,Tue,9999.5,10022.5,10038.0,9987.5
2014/06/09,Mon,10008.0,10006.0,10022.5,9985.0
2014/06/08,Sun,,,,
2014/06/07,Sat,,,,
2014/06/06,Fri,9976.0,9982.0,10010.0,9942.5
2014/06/05,Thu,9934.0,9948.5,10017.0,9896.0
2014/06/04,Wed,9899.0,9929.5,9942.5,9868.0
2014/06/03,Tue,9954.0,9924.5,9961.5,9887.0
2014/06/02,Mon,9972.0,9960.5,9993.0,9907.5
2014/06/01,Sun,,,,
2014/05/31,Sat,,,,
2014/05/30,Fri,9943.0,9939.0,9978.0,9925.0
2014/05/29,Thu,9939.5,9939.0,9963.5,9920.5
2014/05/28,Wed,9963.5,9929.5,9974.0,9900.5
2014/05/27,Tue,9885.0,9941.5,9955.0,9882.0
2014/05/26,Mon,9795.0,9897.5,9899.5,9785.5
2014/05/25,Sun,,,,
2014/05/24,Sat,,,,
2014/05/23,Fri,9734.0,9764.0,9783.0,9707.5
2014/05/22,Thu,9745.0,9732.5,9745.0,9692.0
2014/05/21,Wed,9629.0,9694.5,9715.5,9586.0
2014/05/20,Tue,9666.5,9646.5,9693.5,9594.0
2014/05/19,Mon,9632.5,9670.0,9684.5,9536.5
2014/05/18,Sun,,,,
2014/05/17,Sat,,,,
2014/05/16,Fri,9678.5,9617.5,9690.0,9582.0
2014/05/15,Thu,9747.0,9656.0,9822.5,9636.0
2014/05/14,Wed,9779.5,9765.0,9787.5,9728.0
2014/05/13,Tue,9741.5,9765.0,9794.5,9739.0
2014/05/12,Mon,9632.0,9705.5,9737.0,9593.0
2014/05/11,Sun,,,,
2014/05/10,Sat,,,,
2014/05/09,Fri,9580.0,9592.5,9626.0,9565.0
2014/05/08,Thu,9559.0,9610.5,9633.0,9493.5
2014/05/07,Wed,9431.0,9525.0,9564.0,9401.5
2014/05/06,Tue,9583.5,9475.5,9595.0,9443.0
2014/05/05,Mon,9564.5,9536.0,9564.5,9415.0
2014/05/04,Sun,,,,
2014/05/03,Sat,,,,
2014/05/02,Fri,9644.0,9548.5,9650.0,9542.5
2014/05/01,Thu,9642.9,9638.7,9652.5,9603.5
2014/04/30,Wed,9586.0,9617.0,9638.5,9572.5
2014/04/29,Tue,9509.5,9605.0,9630.5,9495.0
2014/04/28,Mon,9431.0,9452.5,9514.0,9388.0
2014/04/27,Sun,,,,
2014/04/26,Sat,,,,
2014/04/25,Fri,9535.0,9420.0,9536.0,9382.0
2014/04/24,Thu,9613.0,9550.0,9665.0,9423.0
2014/04/23,Wed,9626.0,9567.0,9634.0,9555.5
2014/04/22,Tue,9471.5,9618.0,9630.5,9453.0
2014/04/21,Mon,9485.0,9491.1,9500.5,9463.9
2014/04/20,Sun,,,,
2014/04/19,Sat,,,,
2014/04/18,Fri,,,,
2014/04/17,Thu,9328.5,9429.0,9484.5,9292.0
2014/04/16,Wed,9272.0,9332.0,9371.0,9236.5
2014/04/15,Tue,9359.0,9187.0,9363.0,9102.5
2014/04/14,Mon,9275.0,9349.0,9363.5,9212.5
2014/04/13,Sun,,,,
2014/04/12,Sat,,,,
2014/04/11,Fri,9371.5,9323.5,9408.0,9276.5
2014/04/10,Thu,9557.0,9464.5,9601.0,9352.0
2014/04/09,Wed,9502.5,9522.5,9573.0,9498.0
2014/04/08,Tue,9535.0,9502.0,9548.5,9411.0
2014/04/07,Mon,9629.0,9524.0,9642.0,9470.5
2014/04/06,Sun,,,,
2014/04/05,Sat,,,,
2014/04/04,Fri,9663.5,9706.0,9741.5,9634.5
2014/04/03,Thu,9656.5,9645.0,9712.0,9610.5
2014/04/02,Wed,9656.0,9651.5,9667.0,9626.5
2014/04/01,Tue,9608.5,9610.0,9652.5,9594.0
2014/03/31,Mon,9642.0,9586.5,9655.0,9562.0
2014/03/30,Sun,,,,
2014/03/29,Sat,,,,
2014/03/28,Fri,9486.0,9603.0,9612.0,9473.0
2014/03/27,Thu,9435.5,9471.0,9491.5,9415.5
2014/03/26,Wed,9411.0,9459.0,9509.5,9378.5
2014/03/25,Tue,9240.0,9344.0,9403.5,9233.5
2014/03/24,Mon,9336.5,9204.5,9381.5,9197.5
2014/03/23,Sun,,,,
2014/03/22,Sat,,,,
2014/03/21,Fri,9306.5,9343.1,9358.0,9288.0
2014/03/20,Thu,9195.0,9293.5,9303.0,9155.0
2014/03/19,Wed,9255.5,9284.0,9328.5,9169.5
2014/03/18,Tue,9189.0,9241.5,9317.5,9103.0
2014/03/17,Mon,9072.0,9182.0,9199.5,9053.0
2014/03/16,Sun,,,,
2014/03/15,Sat,,,,
2014/03/14,Fri,8941.0,9052.5,9095.5,8909.5
2014/03/13,Thu,9220.5,9022.0,9229.0,8928.0
2014/03/12,Wed,9270.0,9202.0,9274.5,9141.5
2014/03/11,Tue,9291.0,9297.0,9377.5,9256.5
2014/03/10,Mon,9353.0,9264.0,9384.5,9215.0
2014/03/09,Sun,,,,
2014/03/08,Sat,,,,
2014/03/07,Fri,9548.0,9357.5,9556.5,9345.5
2014/03/06,Thu,9568.0,9541.0,9590.0,9502.5
2014/03/05,Wed,9557.0,9537.0,9603.0,9524.5
2014/03/04,Tue,9423.0,9588.0,9592.0,9415.0
2014/03/03,Mon,9527.5,9377.0,9550.0,9322.0
2014/03/02,Sun,,,,
2014/03/01,Sat,,,,
2014/02/28,Fri,9619.5,9669.0,9698.0,9566.0
2014/02/27,Thu,9656.5,9603.0,9676.5,9493.0
2014/02/26,Wed,9716.0,9678.5,9724.5,9613.0
2014/02/25,Tue,9700.0,9713.0,9716.0,9631.0
2014/02/24,Mon,9629.5,9690.0,9737.5,9604.5
2014/02/23,Sun,,,,
2014/02/22,Sat,,,,
2014/02/21,Fri,9647.5,9664.5,9671.5,9600.0
2014/02/20,Thu,9570.0,9606.0,9627.5,9504.5
2014/02/19,Wed,9644.0,9656.5,9701.0,9581.0
2014/02/18,Tue,9676.5,9671.5,9698.5,9615.5
2014/02/17,Mon,9656.0,9664.0,9687.0,9647.0
2014/02/16,Sun,,,,
2014/02/15,Sat,,,,
2014/02/14,Fri,9614.0,9653.5,9681.5,9595.5
2014/02/13,Thu,9512.0,9600.5,9643.5,9482.0
2014/02/12,Wed,9512.0,9533.5,9600.0,9495.5
2014/02/11,Tue,9328.0,9469.0,9521.0,9327.5
2014/02/10,Mon,9349.0,9291.5,9351.5,9282.5
2014/02/09,Sun,,,,
2014/02/08,Sat,,,,
2014/02/07,Fri,9285.0,9303.5,9353.0,9225.0
2014/02/06,Thu,9126.5,9251.0,9278.0,9010.0
2014/02/05,Wed,9113.0,9127.0,9158.5,9085.5
2014/02/04,Tue,9120.0,9141.0,9173.0,9074.5
2014/02/03,Mon,9290.5,9194.5,9363.0,9092.0
2014/02/02,Sun,,,,
2014/02/01,Sat,,,,
2014/01/31,Fri,9380.0,9323.5,9385.0,9167.0
2014/01/30,Thu,9322.0,9359.5,9436.0,9272.0
2014/01/29,Wed,9498.0,9349.0,9544.0,9226.0
2014/01/28,Tue,9360.0,9409.5,9469.0,9352.5
2014/01/27,Mon,9344.0,9373.5,9413.5,9291.0
2014/01/26,Sun,,,,
2014/01/25,Sat,,,,
2014/01/24,Fri,9667.5,9388.0,9675.5,9346.5
2014/01/23,Thu,9711.0,9646.5,9737.5,9603.0
2014/01/22,Wed,9771.0,9728.5,9775.5,9683.5
2014/01/21,Tue,9752.5,9735.5,9802.5,9720.0
2014/01/20,Mon,9723.5,9717.0,9742.0,9679.0
2014/01/19,Sun,,,,
2014/01/18,Sat,,,,
2014/01/17,Fri,9739.0,9750.0,9799.0,9703.0
2014/01/16,Thu,9764.0,9725.5,9768.5,9710.5
2014/01/15,Wed,9583.0,9727.5,9781.0,9573.5
2014/01/14,Tue,9443.0,9538.5,9581.5,9386.5
2014/01/13,Mon,9496.5,9509.0,9526.0,9432.5
2014/01/12,Sun,,,,
2014/01/11,Sat,,,,
2014/01/10,Fri,9477.0,9476.5,9539.0,9448.0
2014/01/09,Thu,9492.0,9425.5,9557.5,9410.0
2014/01/08,Wed,9510.5,9490.5,9536.0,9474.5
2014/01/07,Tue,9447.0,9509.5,9527.0,9424.0
2014/01/06,Mon,9434.0,9437.0,9478.5,9407.0
2014/01/05,Sun,,,,
2014/01/04,Sat,,,,
2014/01/03,Fri,9387.0,9442.5,9461.5,9376.5
2014/01/02,Thu,9637.0,9419.0,9642.5,9382.5
2014/01/01,Wed,9613.5,9613.5,9613.5,9613.5
2013/12/31,Tue,,,,
2013/12/30,Mon,9599.0,9605.5,9616.0,9566.0
2013/12/29,Sun,,,,
2013/12/28,Sat,,,,
2013/12/27,Fri,9563.5,9591.0,9607.0,9557.0
2013/12/26,Thu,9509.8,9509.8,9509.8,9509.8
2013/12/25,Wed,,,,
2013/12/24,Tue,9509.8,9509.8,9509.8,9509.8
2013/12/23,Mon,9450.0,9492.0,9517.0,9435.0
2013/12/22,Sun,,,,
2013/12/21,Sat,,,,
2013/12/20,Fri,9361.0,9370.9,9402.0,9348.0
2013/12/19,Thu,9251.0,9324.5,9354.0,9251.0
2013/12/18,Wed,9124.0,9181.0,9279.0,9122.5
2013/12/17,Tue,9153.5,9100.5,9164.0,9081.0
2013/12/16,Mon,8995.0,9157.5,9189.5,8985.5
2013/12/15,Sun,,,,
2013/12/14,Sat,,,,
2013/12/13,Fri,9029.5,9012.5,9048.0,8990.5
2013/12/12,Thu,9026.5,9017.0,9064.0,8983.5
2013/12/11,Wed,9112.5,9080.5,9155.5,9036.0
2013/12/10,Tue,9192.0,9129.5,9227.0,9091.0
2013/12/09,Mon,9219.0,9206.5,9229.0,9172.5
2013/12/08,Sun,,,,
2013/12/07,Sat,,,,
2013/12/06,Fri,9110.5,9174.0,9216.5,9085.5
2013/12/05,Thu,9120.0,9096.5,9175.5,9076.5
2013/12/04,Wed,9235.0,9142.0,9264.0,9066.0
2013/12/03,Tue,9385.0,9230.0,9407.0,9204.0
2013/12/02,Mon,9408.5,9407.5,9429.5,9386.0
2013/12/01,Sun,,,,
2013/11/30,Sat,,,,
2013/11/29,Fri,9384.5,9411.0,9428.0,9382.0
2013/11/28,Thu,9358.0,9394.0,9404.0,9356.5
2013/11/27,Wed,9313.5,9354.5,9368.0,9298.5
2013/11/26,Tue,9299.0,9303.0,9319.5,9290.0
2013/11/25,Mon,9241.0,9305.5,9327.0,9237.0
2013/11/24,Sun,,,,
2013/11/23,Sat,,,,
2013/11/22,Fri,9214.0,9218.0,9231.5,9171.0
2013/11/21,Thu,9150.0,9204.0,9219.5,9117.5
2013/11/20,Wed,9172.5,9202.0,9239.0,9145.0
2013/11/19,Tue,9201.5,9199.5,9220.5,9162.5
2013/11/18,Mon,9165.0,9235.0,9257.0,9140.0
2013/11/17,Sun,,,,
2013/11/16,Sat,,,,
2013/11/15,Fri,9154.0,9175.0,9192.0,9136.0
2013/11/14,Thu,9123.0,9152.0,9157.5,9103.5
2013/11/13,Wed,9052.5,9051.0,9111.0,8983.0
2013/11/12,Tue,9119.0,9083.5,9126.5,9060.0
2013/11/11,Mon,9087.0,9117.5,9125.5,9066.0
2013/11/10,Sun,,,,
2013/11/09,Sat,,,,
2013/11/08,Fri,9030.5,9073.5,9100.0,8990.0
2013/11/07,Thu,9032.0,9085.5,9197.5,9003.0
2013/11/06,Wed,9045.0,9039.5,9067.5,9023.0
2013/11/05,Tue,9056.0,9006.5,9057.5,8965.0
2013/11/04,Mon,9038.0,9034.5,9059.5,9020.0
2013/11/03,Sun,,,,
2013/11/02,Sat,,,,
2013/11/01,Fri,9036.0,9005.0,9050.0,8993.5
2013/10/31,Thu,8977.0,9032.5,9054.5,8975.0
2013/10/30,Wed,9041.0,9012.0,9075.0,8976.5
2013/10/29,Tue,8990.0,9021.0,9042.5,8963.5
2013/10/28,Mon,9023.5,8986.0,9032.0,8952.5
2013/10/27,Sun,,,,
2013/10/26,Sat,,,,
2013/10/25,Fri,8951.0,8989.0,9012.5,8936.0
2013/10/24,Thu,8961.5,8976.5,9001.5,8952.0
2013/10/23,Wed,8916.5,8913.0,8935.5,8898.0
2013/10/22,Tue,8867.0,8944.0,8990.5,8849.0
2013/10/21,Mon,8872.0,8869.5,8887.5,8836.0
2013/10/20,Sun,,,,
2013/10/19,Sat,,,,
2013/10/18,Fri,8850.0,8852.5,8869.0,8806.5
2013/10/17,Thu,8831.0,8811.5,8845.0,8766.5
2013/10/16,Wed,8801.5,8842.5,8867.0,8784.5
2013/10/15,Tue,8753.5,8810.5,8826.0,8746.0
2013/10/14,Mon,8690.0,8721.0,8763.0,8678.0
2013/10/13,Sun,,,,
2013/10/12,Sat,,,,
2013/10/11,Fri,8729.0,8720.5,8750.0,8698.5
2013/10/10,Thu,8570.0,8688.0,8744.0,8550.0
2013/10/09,Wed,8558.0,8507.5,8594.0,8487.0
2013/10/08,Tue,8591.0,8570.5,8615.0,8522.5
2013/10/07,Mon,8599.0,8591.0,8609.0,8510.5
2013/10/06,Sun,,,,
2013/10/05,Sat,,,,
2013/10/04,Fri,8582.0,8624.5,8649.0,8573.0
2013/10/03,Thu,8638.5,8598.5,8659.5,8565.0
2013/10/02,Wed,8682.5,8633.5,8686.0,8583.5
2013/10/01,Tue,8627.5,8681.0,8707.0,8614.0
2013/09/30,Mon,8592.0,8589.0,8626.0,8549.5
2013/09/29,Sun,,,,
2013/09/28,Sat,,,,
2013/09/27,Fri,8670.0,8664.0,8696.5,8615.5
2013/09/26,Thu,8684.0,8660.5,8697.5,8629.5
2013/09/25,Wed,8670.0,8667.0,8688.0,8614.0
2013/09/24,Tue,8652.0,8667.5,8692.0,8636.0
2013/09/23,Mon,8683.0,8632.0,8705.0,8609.0
2013/09/22,Sun,,,,
2013/09/21,Sat,,,,
2013/09/20,Fri,8695.0,8712.8,8712.5,8668.0
2013/09/19,Thu,8746.5,8685.0,8772.5,8666.5
2013/09/18,Wed,8626.0,8627.0,8758.5,8594.0
2013/09/17,Tue,8604.0,8601.0,8626.0,8586.0
2013/09/16,Mon,8615.0,8612.0,8629.5,8577.0
2013/09/15,Sun,,,,
2013/09/14,Sat,,,,
2013/09/13,Fri,8477.0,8513.0,8521.5,8455.5
2013/09/12,Thu,8506.0,8490.0,8518.0,8467.0
2013/09/11,Wed,8470.0,8484.0,8514.0,8445.5
2013/09/10,Tue,8325.0,8458.0,8479.0,8324.0
2013/09/09,Mon,8287.0,8280.0,8320.0,8245.5
2013/09/08,Sun,,,,
2013/09/07,Sat,,,,
2013/09/06,Fri,8209.5,8263.5,8300.0,8172.0
2013/09/05,Thu,8218.5,8220.0,8259.0,8164.0
2013/09/04,Wed,8194.0,8197.5,8216.5,8094.5
2013/09/03,Tue,8253.5,8180.0,8277.0,8139.5
2013/09/02,Mon,8185.0,8234.5,8269.0,8173.0
2013/09/01,Sun,,,,
2013/08/31,Sat,,,,
2013/08/30,Fri,8214.0,8117.5,8220.0,8086.0
2013/08/29,Thu,8150.5,8191.0,8202.0,8131.0
2013/08/28,Wed,8221.0,8159.5,8239.0,8095.0
2013/08/27,Tue,8388.0,8268.5,8425.5,8190.0
2013/08/26,Mon,8432.0,8428.5,8450.0,8386.5
2013/08/25,Sun,,,,
2013/08/24,Sat,,,,
2013/08/23,Fri,8418.0,8417.0,8441.0,8359.0
2013/08/22,Thu,8255.0,8387.5,8433.5,8247.5
2013/08/21,Wed,8300.0,8281.5,8346.0,8260.5
2013/08/20,Tue,8316.5,8297.5,8322.5,8244.5
2013/08/19,Mon,8380.0,8368.0,8397.0,8325.5
2013/08/18,Sun,,,,
2013/08/17,Sat,,,,
2013/08/16,Fri,8353.5,8389.0,8404.0,8330.5
2013/08/15,Thu,8417.5,8377.5,8424.0,8308.0
2013/08/14,Wed,8447.5,8436.0,8462.0,8401.5
2013/08/13,Tue,8388.0,8416.0,8447.0,8382.5
2013/08/12,Mon,8356.0,8364.0,8373.5,8237.0
2013/08/11,Sun,,,,
2013/08/10,Sat,,,,
2013/08/09,Fri,8339.0,8328.0,8377.0,8285.0
2013/08/08,Thu,8284.0,8310.5,8354.0,8251.5
2013/08/07,Wed,8248.5,8253.0,8284.0,8231.0
2013/08/06,Tue,8400.5,8296.0,8442.5,8267.0
2013/08/05,Mon,8428.0,8400.5,8437.0,8368.0
2013/08/04,Sun,,,,
2013/08/03,Sat,,,,
2013/08/02,Fri,8442.5,8405.0,8446.5,8378.5
2013/08/01,Thu,8322.0,8398.0,8464.5,8310.5
2013/07/31,Wed,8269.5,8249.5,8306.5,8213.5
2013/07/30,Tue,8291.0,8278.0,8339.5,8246.0
2013/07/29,Mon,8266.5,8254.5,8329.0,8243.5
2013/07/28,Sun,,,,
2013/07/27,Sat,,,,
2013/07/26,Fri,8338.0,8250.0,8365.0,8217.5
2013/07/25,Thu,8373.0,8298.0,8374.5,8266.5
2013/07/24,Wed,8316.5,8367.0,8419.0,8316.5
2013/07/23,Tue,8355.0,8319.0,8369.5,8307.0
2013/07/22,Mon,8362.0,8331.5,8381.0,8311.0
2013/07/21,Sun,,,,
2013/07/20,Sat,,,,
2013/07/19,Fri,8294.5,8336.5,8341.5,8285.5
2013/07/18,Thu,8238.5,8325.0,8341.0,8217.0
2013/07/17,Wed,8211.5,8251.5,8272.0,8138.5
2013/07/16,Tue,8240.0,8210.0,8262.5,8179.0
2013/07/15,Mon,8234.0,8228.5,8274.5,8212.5
2013/07/14,Sun,,,,
2013/07/13,Sat,,,,
2013/07/12,Fri,8181.5,8206.5,8245.0,8176.5
2013/07/11,Thu,8198.0,8161.5,8211.5,8131.0
2013/07/10,Wed,8058.0,8049.5,8100.0,7991.5
2013/07/09,Tue,8025.5,8063.0,8091.5,8006.0
2013/07/08,Mon,7869.5,7970.0,8019.0,7846.5
2013/07/07,Sun,,,,
2013/07/06,Sat,,,,
2013/07/05,Fri,8016.0,7820.0,8038.0,7806.0
2013/07/04,Thu,7868.5,8000.5,8022.5,7863.5
2013/07/03,Wed,7866.0,7839.0,7878.0,7731.0
2013/07/02,Tue,7982.5,7909.5,7997.0,7848.0
2013/07/01,Mon,7955.5,7981.5,8028.5,7892.5
2013/06/30,Sun,,,,
2013/06/29,Sat,,,,
2013/06/28,Fri,8003.5,7966.5,8045.0,7907.0
2013/06/27,Thu,7957.5,8003.0,8030.0,7922.5
2013/06/26,Wed,7821.0,7940.0,7973.0,7805.5
2013/06/25,Tue,7716.0,7812.0,7850.5,7714.0
2013/06/24,Mon,7755.0,7704.5,7831.0,7660.0
2013/06/23,Sun,,,,
2013/06/22,Sat,,,,
2013/06/21,Fri,7935.5,7954.4,7985.5,7921.0
2013/06/20,Thu,8061.5,7947.5,8076.0,7873.0
2013/06/19,Wed,8240.5,8198.5,8286.5,8131.0
2013/06/18,Tue,8203.5,8230.5,8243.5,8174.0
2013/06/17,Mon,8139.0,8220.0,8268.0,8137.5
2013/06/16,Sun,,,,
2013/06/15,Sat,,,,
2013/06/14,Fri,8142.0,8132.5,8188.0,8076.5
2013/06/13,Thu,8031.0,8104.0,8170.5,7966.5
2013/06/12,Wed,8199.0,8147.0,8249.5,8100.5
2013/06/11,Tue,8278.0,8224.5,8282.5,8140.5
2013/06/10,Mon,8245.0,8313.0,8358.5,8239.0
2013/06/09,Sun,,,,
2013/06/08,Sat,,,,
2013/06/07,Fri,8131.5,8263.0,8284.0,8035.0
2013/06/06,Thu,8186.5,8111.0,8237.0,8052.0
2013/06/05,Wed,8244.0,8206.5,8296.5,8165.0
2013/06/04,Tue,8347.0,8297.5,8389.0,8240.0
2013/06/03,Mon,8315.0,8293.0,8399.0,8215.0
2013/06/02,Sun,,,,
2013/06/01,Sat,,,,
2013/05/31,Fri,8397.0,8366.5,8406.5,8298.0
2013/05/30,Thu,8328.5,8399.0,8423.0,8298.5
2013/05/29,Wed,8442.0,8338.0,8451.0,8317.0
2013/05/28,Tue,8402.0,8496.0,8530.0,8395.5
2013/05/27,Mon,8342.0,8382.0,8394.0,8331.5
2013/05/26,Sun,,,,
2013/05/25,Sat,,,,
2013/05/24,Fri,8384.0,8310.5,8401.0,8261.0
2013/05/23,Thu,8385.0,8354.5,8424.5,8281.0
2013/05/22,Wed,8470.5,8530.0,8561.0,8436.5
2013/05/21,Tue,8434.5,8455.5,8487.5,8395.5
2013/05/20,Mon,8449.0,8448.0,8463.0,8400.0
2013/05/19,Sun,,,,
2013/05/18,Sat,,,,
2013/05/17,Fri,8354.5,8394.5,8477.5,8327.0
2013/05/16,Thu,8352.0,8364.5,8404.0,8320.0
2013/05/15,Wed,8347.0,8356.5,8376.5,8299.0
2013/05/14,Tue,8301.5,8334.5,8354.0,8235.0
2013/05/13,Mon,8280.5,8275.5,8296.5,8217.5
2013/05/12,Sun,,,,
2013/05/11,Sat,,,,
2013/05/10,Fri,8275.5,8277.0,8360.0,8253.0
2013/05/09,Thu,8247.0,8268.0,8280.0,8225.0
2013/05/08,Wed,8189.5,8253.0,8263.5,8164.5
2013/05/07,Tue,8124.0,8174.0,8210.0,8119.5
2013/05/06,Mon,8132.0,8113.0,8153.0,8105.5
2013/05/05,Sun,,,,
2013/05/04,Sat,,,,
2013/05/03,Fri,7982.0,8124.0,8138.0,7961.0
2013/05/02,Thu,7907.0,7977.5,8012.5,7897.0
2013/05/01,Wed,7942.5,7897.0,7950.0,7887.0
2013/04/30,Tue,7920.0,7921.0,7971.5,7896.0
2013/04/29,Mon,7841.0,7873.0,7933.0,7828.5
2013/04/28,Sun,,,,
2013/04/27,Sat,,,,
2013/04/26,Fri,7820.0,7818.0,7853.5,7774.5
2013/04/25,Thu,7770.0,7835.0,7865.0,7749.0
2013/04/24,Wed,7678.5,7765.0,7785.0,7660.5
2013/04/23,Tue,7485.5,7670.0,7690.0,7450.5
2013/04/22,Mon,7514.0,7481.0,7545.5,7443.5
2013/04/21,Sun,,,,
2013/04/20,Sat,,,,
2013/04/19,Fri,7505.0,7462.5,7539.5,7422.0
2013/04/18,Thu,7527.0,7483.5,7566.0,7445.0
2013/04/17,Wed,7708.0,7519.0,7741.0,7481.5
2013/04/16,Tue,7693.0,7701.0,7751.5,7647.0
2013/04/15,Mon,7759.0,7720.5,7784.0,7657.5
2013/04/14,Sun,,,,
2013/04/13,Sat,,,,
2013/04/12,Fri,7840.0,7749.0,7849.0,7735.0
2013/04/11,Thu,7819.0,7889.5,7897.5,7796.5
2013/04/10,Wed,7663.0,7822.0,7835.5,7662.0
2013/04/09,Tue,7714.0,7633.5,7735.5,7618.0
2013/04/08,Mon,7673.5,7665.0,7710.0,7657.0
2013/04/07,Sun,,,,
2013/04/06,Sat,,,,
2013/04/05,Fri,7820.0,7673.5,7838.5,7643.0
2013/04/04,Thu,7902.0,7841.5,7942.5,7817.0
2013/04/03,Wed,7923.0,7894.5,7967.0,7865.0
2013/04/02,Tue,7800.5,7956.5,7962.5,7793.5
2013/04/01,Mon,7838.6,7806.1,7842.1,7793.1
2013/03/31,Sun,,,,
2013/03/30,Sat,,,,
2013/03/29,Fri,,,,
2013/03/28,Thu,7810.0,7800.5,7857.5,7786.0
2013/03/27,Wed,7915.0,7807.0,7931.5,7757.5
2013/03/26,Tue,7905.0,7894.5,7927.5,7871.5
2013/03/25,Mon,8014.5,7889.0,8044.5,7860.0
2013/03/24,Sun,,,,
2013/03/23,Sat,,,,
2013/03/22,Fri,7915.0,7927.0,7967.0,7884.5
2013/03/21,Thu,8001.0,7939.5,8013.5,7898.0
2013/03/20,Wed,7975.5,8014.0,8047.5,7974.0
2013/03/19,Tue,7996.5,7967.5,8014.5,7932.0
2013/03/18,Mon,7913.5,8024.5,8033.5,7858.5
2013/03/17,Sun,,,,
2013/03/16,Sat,,,,
2013/03/15,Fri,8073.0,8055.0,8077.5,8044.0
2013/03/14,Thu,7995.0,8055.5,8061.5,7986.0
2013/03/13,Wed,7977.0,7976.0,7991.0,7940.5
2013/03/12,Tue,7981.0,7964.5,8003.0,7933.5
2013/03/11,Mon,7985.0,7988.0,7999.0,7955.0
2013/03/10,Sun,,,,
2013/03/09,Sat,,,,
2013/03/08,Fri,7946.0,7982.0,8028.0,7942.0
2013/03/07,Thu,7936.5,7932.0,7958.0,7909.5
2013/03/06,Wed,7854.0,7919.5,7977.5,7851.0
2013/03/05,Tue,7748.5,7872.5,7884.5,7737.5
2013/03/04,Mon,7665.5,7701.5,7734.0,7635.5
2013/03/03,Sun,,,,
2013/03/02,Sat,,,,
2013/03/01,Fri,7726.5,7714.0,7768.5,7627.5
2013/02/28,Thu,7722.5,7750.5,7784.5,7691.0
2013/02/27,Wed,7628.5,7676.5,7724.0,7564.0
2013/02/26,Tue,7607.5,7597.5,7680.0,7587.0
2013/02/25,Mon,7695.5,7768.0,7864.0,7633.0
2013/02/24,Sun,,,,
2013/02/23,Sat,,,,
2013/02/22,Fri,7622.5,7660.5,7700.0,7607.5
2013/02/21,Thu,7693.0,7583.0,7698.0,7559.5
2013/02/20,Wed,7753.0,7732.5,7784.5,7705.0
2013/02/19,Tue,7620.0,7757.5,7765.5,7609.0
2013/02/18,Mon,7607.5,7628.5,7633.0,7567.5
2013/02/17,Sun,,,,
2013/02/16,Sat,,,,
2013/02/15,Fri,7631.0,7591.5,7651.0,7570.0
2013/02/14,Thu,7696.5,7633.5,7728.5,7606.0
2013/02/13,Wed,7662.0,7709.0,7739.0,7648.5
2013/02/12,Tue,7615.5,7654.0,7669.0,7592.0
2013/02/11,Mon,7654.0,7629.5,7678.0,7596.5
2013/02/10,Sun,,,,
2013/02/09,Sat,,,,
2013/02/08,Fri,7619.5,7643.0,7655.0,7576.0
2013/02/07,Thu,7579.5,7589.5,7662.5,7565.0
2013/02/06,Wed,7674.5,7588.0,7695.0,7536.5
2013/02/05,Tue,7625.5,7665.5,7684.0,7621.5
2013/02/04,Mon,7830.5,7646.5,7838.5,7602.0
2013/02/03,Sun,,,,
2013/02/02,Sat,,,,
2013/02/01,Fri,7796.5,7830.5,7856.0,7785.0
2013/01/31,Thu,7786.5,7796.0,7813.5,7762.0
2013/01/30,Wed,7858.0,7807.5,7869.0,7774.5
2013/01/29,Tue,7850.0,7855.5,7859.5,7801.5
2013/01/28,Mon,7883.0,7837.0,7888.0,7833.0
2013/01/27,Sun,,,,
2013/01/26,Sat,,,,
2013/01/25,Fri,7741.5,7852.5,7878.0,7740.5
2013/01/24,Thu,7705.0,7751.5,7759.5,7661.5
2013/01/23,Wed,7713.5,7714.0,7735.0,7687.0
2013/01/22,Tue,7741.5,7706.5,7750.5,7633.0
2013/01/21,Mon,7723.5,7749.0,7762.0,7721.0
2013/01/20,Sun,,,,
2013/01/19,Sat,,,,
2013/01/18,Fri,7743.5,7718.0,7756.5,7706.5
2013/01/17,Thu,7676.0,7732.0,7769.0,7664.5
2013/01/16,Wed,7674.5,7693.5,7699.0,7646.0
2013/01/15,Tue,7720.0,7672.5,7739.0,7636.5
2013/01/14,Mon,7745.0,7739.0,7790.5,7705.0
2013/01/13,Sun,,,,
2013/01/12,Sat,,,,
2013/01/11,Fri,7730.5,7716.5,7735.0,7686.5
2013/01/10,Thu,7744.0,7707.5,7779.0,7687.5
2013/01/09,Wed,7714.0,7726.0,7739.0,7692.0
2013/01/08,Tue,7716.0,7699.0,7758.5,7686.0
2013/01/07,Mon,7765.0,7731.5,7778.0,7715.0
2013/01/06,Sun,,,,
2013/01/05,Sat,,,,
2013/01/04,Fri,7747.5,7769.5,7792.5,7730.0
2013/01/03,Thu,7769.0,7760.0,7781.0,7740.0
2013/01/02,Wed,7744.5,7778.5,7805.5,7727.0
2013/01/01,Tue,,,,
2012/12/31,Mon,7502.0,7502.0,7502.0,7502.0
2012/12/30,Sun,,,,
2012/12/29,Sat,,,,
2012/12/28,Fri,7666.5,7618.5,7675.5,7611.5
2012/12/27,Thu,7631.5,7657.5,7685.5,7630.0
2012/12/26,Wed,7665.7,7665.7,7665.7,7665.7
2012/12/25,Tue,,,,
2012/12/24,Mon,7665.7,7665.7,7665.7,7665.7
2012/12/23,Sun,,,,
2012/12/22,Sat,,,,
2012/12/21,Fri,7610.0,7629.2,7650.0,7596.0
2012/12/20,Thu,7645.0,7671.5,7694.5,7636.5
2012/12/19,Wed,7673.0,7673.0,7683.0,7654.0
2012/12/18,Tue,7642.0,7661.5,7674.0,7625.0
2012/12/17,Mon,7610.5,7599.5,7629.0,7565.5
2012/12/16,Sun,,,,
2012/12/15,Sat,,,,
2012/12/14,Fri,7592.0,7595.0,7622.0,7571.0
2012/12/13,Thu,7597.5,7572.0,7621.5,7561.5
2012/12/12,Wed,7596.5,7615.0,7644.0,7587.0
2012/12/11,Tue,7534.0,7592.5,7598.5,7521.0
2012/12/10,Mon,7522.5,7531.5,7541.5,7457.5
2012/12/09,Sun,,,,
2012/12/08,Sat,,,,
2012/12/07,Fri,7546.5,7509.0,7555.0,7487.5
2012/12/06,Thu,7468.0,7537.5,7558.0,7461.0
2012/12/05,Wed,7499.5,7445.0,7507.0,7428.5
2012/12/04,Tue,7418.5,7428.5,7468.0,7413.5
2012/12/03,Mon,7429.0,7435.5,7489.0,7417.0
2012/12/02,Sun,,,,
2012/12/01,Sat,,,,
2012/11/30,Fri,7396.0,7419.0,7445.0,7390.5
2012/11/29,Thu,7391.0,7401.0,7418.5,7371.0
2012/11/28,Wed,7315.0,7349.0,7387.0,7265.0
2012/11/27,Tue,7330.5,7338.5,7365.0,7306.5
2012/11/26,Mon,7292.0,7293.0,7315.5,7274.0
2012/11/25,Sun,,,,
2012/11/24,Sat,,,,
2012/11/23,Fri,7258.0,7306.5,7336.0,7220.5
2012/11/22,Thu,7211.0,7248.0,7255.0,7206.5
2012/11/21,Wed,7142.5,7187.5,7196.0,7136.0
2012/11/20,Tue,7103.5,7174.5,7188.0,7092.5
2012/11/19,Mon,7012.0,7125.0,7131.0,7006.0
2012/11/18,Sun,,,,
2012/11/17,Sat,,,,
2012/11/16,Fri,7034.0,6958.5,7060.0,6948.0
2012/11/15,Thu,7050.0,7045.5,7080.0,7011.5
2012/11/14,Wed,7153.0,7116.0,7185.0,7031.5
2012/11/13,Tue,7146.5,7175.5,7187.5,7075.5
2012/11/12,Mon,7167.5,7171.5,7202.5,7137.5
2012/11/11,Sun,,,,
2012/11/10,Sat,,,,
2012/11/09,Fri,7233.0,7170.0,7238.0,7063.5
2012/11/08,Thu,7260.5,7210.0,7289.5,7184.0
2012/11/07,Wed,7416.5,7231.0,7440.0,7223.5
2012/11/06,Tue,7356.5,7375.5,7420.0,7320.0
2012/11/05,Mon,7322.5,7328.0,7355.0,7306.0
2012/11/04,Sun,,,,
2012/11/03,Sat,,,,
2012/11/02,Fri,7349.0,7360.5,7392.5,7313.5
2012/11/01,Thu,7268.5,7333.5,7359.5,7246.0
2012/10/31,Wed,7287.5,7271.0,7350.0,7254.5
2012/10/30,Tue,7198.0,7276.5,7295.0,7198.0
2012/10/29,Mon,7227.0,7206.5,7228.0,7172.5
2012/10/28,Sun,,,,
2012/10/27,Sat,,,,
2012/10/26,Fri,7153.5,7232.0,7259.0,7145.5
2012/10/25,Thu,7210.0,7199.0,7259.5,7183.0
2012/10/24,Wed,7215.5,7195.5,7218.0,7120.0
2012/10/23,Tue,7338.5,7177.5,7346.5,7154.0
2012/10/22,Mon,7366.5,7323.5,7393.0,7303.5
2012/10/21,Sun,,,,
2012/10/20,Sat,,,,
2012/10/19,Fri,7416.0,7367.5,7433.5,7330.5
2012/10/18,Thu,7408.0,7441.0,7449.5,7391.0
2012/10/17,Wed,7390.0,7398.5,7404.5,7369.5
2012/10/16,Tue,7313.0,7380.5,7394.0,7296.0
2012/10/15,Mon,7235.0,7265.0,7306.0,7222.0
2012/10/14,Sun,,,,
2012/10/13,Sat,,,,
2012/10/12,Fri,7270.5,7245.5,7294.5,7232.5
2012/10/11,Thu,7193.5,7285.5,7308.5,7183.0
2012/10/10,Wed,7225.0,7217.5,7249.0,7185.5
2012/10/09,Tue,7328.0,7228.0,7329.0,7221.0
2012/10/08,Mon,7352.5,7300.0,7359.0,7287.0
2012/10/07,Sun,,,,
2012/10/06,Sat,,,,
2012/10/05,Fri,7338.0,7392.5,7412.5,7315.0
2012/10/04,Thu,7352.5,7304.0,7378.0,7285.0
2012/10/03,Wed,7308.0,7328.0,7343.5,7275.0
2012/10/02,Tue,7286.0,7312.5,7378.0,7269.0
2012/10/01,Mon,7211.0,7333.5,7343.5,7209.5
2012/09/30,Sun,,,,
2012/09/29,Sat,,,,
2012/09/28,Fri,7347.5,7238.5,7354.5,7220.0
2012/09/27,Thu,7331.0,7291.5,7351.0,7271.5
2012/09/26,Wed,7367.5,7294.5,7376.0,7258.5
2012/09/25,Tue,7434.5,7426.0,7443.5,7351.5
2012/09/24,Mon,7422.0,7418.5,7445.5,7390.0
2012/09/23,Sun,,,,
2012/09/22,Sat,,,,
2012/09/21,Fri,7426.0,7476.1,7431.0,7391.0
2012/09/20,Thu,7352.0,7383.0,7402.0,7312.5
2012/09/19,Wed,7391.0,7392.5,7403.5,7325.0
2012/09/18,Tue,7387.0,7369.0,7389.5,7305.0
2012/09/17,Mon,7382.0,7398.5,7416.0,7369.5
2012/09/16,Sun,,,,
2012/09/15,Sat,,,,
2012/09/14,Fri,7421.5,7410.5,7447.5,7382.0
2012/09/13,Thu,7340.0,7314.5,7406.0,7279.5
2012/09/12,Wed,7313.0,7352.0,7411.5,7307.0
2012/09/11,Tue,7182.0,7313.0,7315.0,7173.5
2012/09/10,Mon,7208.0,7216.0,7235.0,7185.5
2012/09/09,Sun,,,,
2012/09/08,Sat,,,,
2012/09/07,Fri,7166.0,7222.5,7250.0,7165.0
2012/09/06,Thu,6990.5,7158.5,7174.5,6977.5
2012/09/05,Wed,6943.5,6966.5,7004.0,6892.5
2012/09/04,Tue,7002.5,6941.5,7019.0,6919.5
2012/09/03,Mon,6951.0,7011.5,7019.5,6940.0
2012/09/02,Sun,,,,
2012/09/01,Sat,,,,
2012/08/31,Fri,6907.0,6969.5,7014.0,6890.0
2012/08/30,Thu,6970.0,6907.5,6981.5,6870.5
2012/08/29,Wed,7010.0,7001.0,7032.5,6945.0
2012/08/28,Tue,7010.0,7003.5,7031.5,6975.0
2012/08/27,Mon,6968.5,7045.0,7051.5,6946.0
2012/08/26,Sun,,,,
2012/08/25,Sat,,,,
2012/08/24,Fri,6960.0,6978.0,6993.0,6885.5
2012/08/23,Thu,7079.5,6963.0,7083.0,6923.5
2012/08/22,Wed,7047.5,7023.0,7062.0,7005.0
2012/08/21,Tue,7049.0,7093.0,7108.0,7042.0
2012/08/20,Mon,7047.0,7035.0,7087.0,7010.0
2012/08/19,Sun,,,,
2012/08/18,Sat,,,,
2012/08/17,Fri,7010.0,7035.5,7055.0,6999.5
2012/08/16,Thu,6984.0,6992.5,7018.0,6928.5
2012/08/15,Wed,6943.5,6952.0,6975.0,6907.5
2012/08/14,Tue,6962.5,6969.5,6997.0,6939.0
2012/08/13,Mon,6940.0,6914.0,6979.0,6882.0
2012/08/12,Sun,,,,
2012/08/11,Sat,,,,
2012/08/10,Fri,6925.5,6951.5,6968.5,6891.0
2012/08/09,Thu,6982.0,6960.5,7004.0,6890.5
2012/08/08,Wed,6958.5,6961.0,6972.0,6907.5
2012/08/07,Tue,6910.0,6964.5,6990.0,6896.5
2012/08/06,Mon,6869.0,6921.0,6945.0,6847.0
2012/08/05,Sun,,,,
2012/08/04,Sat,,,,
2012/08/03,Fri,6612.0,6867.5,6890.5,6606.5
2012/08/02,Thu,6766.5,6613.0,6864.0,6552.0
2012/08/01,Wed,6776.5,6758.0,6803.5,6726.0
2012/07/31,Tue,6810.5,6784.0,6838.0,6755.0
2012/07/30,Mon,6756.5,6782.5,6798.0,6703.0
2012/07/29,Sun,,,,
2012/07/28,Sat,,,,
2012/07/27,Fri,6612.5,6682.5,6817.5,6513.5
2012/07/26,Thu,6407.5,6575.0,6597.5,6323.0
2012/07/25,Wed,6345.0,6402.5,6477.0,6341.5
2012/07/24,Tue,6440.0,6405.5,6457.5,6314.0
2012/07/23,Mon,6546.0,6427.0,6575.5,6371.0
2012/07/22,Sun,,,,
2012/07/21,Sat,,,,
2012/07/20,Fri,6742.0,6633.5,6781.5,6621.0
2012/07/19,Thu,6713.0,6753.0,6776.5,6699.0
2012/07/18,Wed,6590.0,6681.5,6698.5,6579.5
2012/07/17,Tue,6586.5,6568.0,6630.0,6542.0
2012/07/16,Mon,6555.0,6576.0,6578.5,6510.5
2012/07/15,Sun,,,,
2012/07/14,Sat,,,,
2012/07/13,Fri,6464.0,6542.5,6577.5,6437.5
2012/07/12,Thu,6428.0,6425.0,6463.0,6367.0
2012/07/11,Wed,6419.0,6451.5,6503.5,6401.5
2012/07/10,Tue,6394.5,6450.0,6494.5,6350.5
2012/07/09,Mon,6406.0,6399.5,6425.0,6378.0
2012/07/08,Sun,,,,
2012/07/07,Sat,,,,
2012/07/06,Fri,6517.0,6414.5,6537.0,6406.0
2012/07/05,Thu,6557.5,6538.0,6647.5,6478.0
2012/07/04,Wed,6592.5,6561.5,6592.5,6528.0
2012/07/03,Tue,6522.0,6577.0,6597.0,6507.5
2012/07/02,Mon,6445.0,6489.0,6547.0,6395.0
2012/07/01,Sun,,,,
2012/06/30,Sat,,,,
2012/06/29,Fri,6290.0,6411.5,6438.5,6264.0
2012/06/28,Thu,6250.0,6151.0,6250.0,6098.0
2012/06/27,Wed,6164.5,6219.5,6248.0,6134.5
2012/06/26,Tue,6165.5,6141.5,6184.0,6110.5
2012/06/25,Mon,6263.5,6150.0,6270.0,6120.5
2012/06/24,Sun,,,,
2012/06/23,Sat,,,,
2012/06/22,Fri,6305.0,6261.0,6322.5,6258.5
2012/06/21,Thu,6363.0,6355.5,6431.5,6267.0
2012/06/20,Wed,6325.0,6394.0,6424.0,6321.0
2012/06/19,Tue,6247.0,6364.5,6384.5,6236.0
2012/06/18,Mon,6322.0,6248.0,6339.5,6225.5
2012/06/17,Sun,,,,
2012/06/16,Sat,,,,
2012/06/15,Fri,6162.0,6243.9,6218.5,6152.0
2012/06/14,Thu,6148.0,6137.0,6169.5,6077.0
2012/06/13,Wed,6180.0,6132.5,6222.5,6092.0
2012/06/12,Tue,6127.0,6167.0,6213.0,6083.0
2012/06/11,Mon,6304.0,6137.0,6322.0,6098.0
2012/06/10,Sun,,,,
2012/06/09,Sat,,,,
2012/06/08,Fri,6094.5,6125.0,6171.5,6052.5
2012/06/07,Thu,6146.0,6138.5,6232.5,6099.0
2012/06/06,Wed,6028.5,6101.0,6136.0,5994.5
2012/06/05,Tue,6011.5,5966.5,6027.0,5913.0
2012/06/04,Mon,5980.0,5979.5,6032.0,5942.0
2012/06/03,Sun,,,,
2012/06/02,Sat,,,,
2012/06/01,Fri,6245.0,6064.5,6261.5,6008.5
2012/05/31,Thu,6289.0,6239.0,6323.5,6208.5
2012/05/30,Wed,6379.0,6283.5,6396.0,6258.5
2012/05/29,Tue,6372.5,6401.0,6443.5,6334.5
2012/05/28,Mon,6400.0,6323.5,6429.5,6311.5
2012/05/27,Sun,,,,
2012/05/26,Sat,,,,
2012/05/25,Fri,6292.5,6344.5,6409.0,6279.0
2012/05/24,Thu,6350.0,6323.5,6356.0,6243.0
2012/05/23,Wed,6336.0,6284.5,6375.5,6259.0
2012/05/22,Tue,6374.5,6437.5,6447.5,6350.5
2012/05/21,Mon,6273.0,6337.5,6369.0,6243.0
2012/05/20,Sun,,,,
2012/05/19,Sat,,,,
2012/05/18,Fri,6225.0,6274.5,6338.0,6221.5
2012/05/17,Thu,6400.5,6318.5,6423.5,6261.0
2012/05/16,Wed,6327.0,6391.0,6445.0,6298.5
2012/05/15,Tue,6463.0,6394.5,6513.0,6353.5
2012/05/14,Mon,6510.0,6468.0,6528.0,6406.0
2012/05/13,Sun,,,,
2012/05/12,Sat,,,,
2012/05/11,Fri,6461.0,6585.0,6593.0,6448.0
2012/05/10,Thu,6503.5,6519.5,6554.5,6442.0
2012/05/09,Wed,6482.0,6471.5,6511.5,6377.5
2012/05/08,Tue,6573.5,6445.0,6582.0,6416.5
2012/05/07,Mon,6404.0,6574.0,6599.0,6370.0
2012/05/06,Sun,,,,
2012/05/05,Sat,,,,
2012/05/04,Fri,6667.0,6565.0,6691.5,6538.0
2012/05/03,Thu,6747.0,6699.5,6799.0,6652.5
2012/05/02,Wed,6830.0,6710.0,6885.0,6668.5
2012/05/01,Tue,6790.7,6810.0,6847.6,6763.1
2012/04/30,Mon,6824.0,6775.0,6856.0,6754.5
2012/04/29,Sun,,,,
2012/04/28,Sat,,,,
2012/04/27,Fri,6717.5,6803.0,6834.5,6654.0
2012/04/26,Thu,6705.5,6744.5,6789.5,6647.0
2012/04/25,Wed,6614.0,6720.5,6741.0,6602.0
2012/04/24,Tue,6567.0,6604.5,6611.5,6512.5
2012/04/23,Mon,6710.5,6527.5,6720.0,6505.0
2012/04/22,Sun,,,,
2012/04/21,Sat,,,,
2012/04/20,Fri,6692.5,6752.5,6770.0,6657.0
2012/04/19,Thu,6754.5,6684.5,6816.0,6638.0
2012/04/18,Wed,6812.5,6742.0,6821.5,6724.0
2012/04/17,Tue,6632.0,6802.0,6818.5,6624.0
2012/04/16,Mon,6575.5,6653.0,6683.5,6536.0
2012/04/15,Sun,,,,
2012/04/14,Sat,,,,
2012/04/13,Fri,6764.0,6588.0,6764.0,6558.0
2012/04/12,Thu,6690.0,6755.0,6773.5,6657.0
2012/04/11,Wed,6604.0,6673.0,6731.5,6601.0
2012/04/10,Tue,6688.0,6639.0,6748.5,6568.0
2012/04/09,Mon,6648.0,6664.7,6697.7,6637.8
2012/04/08,Sun,,,,
2012/04/07,Sat,,,,
2012/04/06,Fri,,,,
2012/04/05,Thu,6814.0,6790.0,6842.5,6695.0
2012/04/04,Wed,6932.0,6786.5,6958.0,6782.0
2012/04/03,Tue,7089.0,6997.5,7095.0,6937.5
2012/04/02,Mon,6982.5,7066.5,7103.5,6922.5
2012/04/01,Sun,,,,
2012/03/31,Sat,,,,
2012/03/30,Fri,6936.0,6961.0,6976.5,6911.0
2012/03/29,Thu,6982.5,6893.0,7007.5,6854.5
2012/03/28,Wed,7065.0,7018.5,7124.5,6962.5
2012/03/27,Tue,7143.5,7092.0,7167.0,7075.0
2012/03/26,Mon,7051.0,7093.0,7124.5,6981.0
2012/03/25,Sun,,,,
2012/03/24,Sat,,,,
2012/03/23,Fri,7002.0,7017.0,7042.0,6921.0
2012/03/22,Thu,7066.5,6996.5,7091.5,6951.0
2012/03/21,Wed,7100.5,7088.5,7129.0,7025.5
2012/03/20,Tue,7161.0,7067.5,7165.0,7045.0
2012/03/19,Mon,7186.0,7166.5,7188.0,7107.0
2012/03/18,Sun,,,,
2012/03/17,Sat,,,,
2012/03/16,Fri,7150.0,7193.4,7196.5,7142.5
2012/03/15,Thu,7090.0,7146.0,7164.0,7072.5
2012/03/14,Wed,7019.0,7086.5,7100.5,7018.5
2012/03/13,Tue,6963.0,7000.5,7048.0,6940.0
2012/03/12,Mon,6864.5,6898.0,6924.0,6848.0
2012/03/11,Sun,,,,
2012/03/10,Sat,,,,
2012/03/09,Fri,6849.5,6889.5,6915.0,6831.5
2012/03/08,Thu,6700.0,6834.0,6875.0,6699.0
2012/03/07,Wed,6636.0,6676.0,6683.0,6613.5
2012/03/06,Tue,6863.0,6659.5,6868.0,6602.0
2012/03/05,Mon,6884.5,6870.0,6906.0,6815.0
2012/03/04,Sun,,,,
2012/03/03,Sat,,,,
2012/03/02,Fri,6962.0,6925.0,6965.0,6898.5
2012/03/01,Thu,6823.0,6934.0,6962.0,6817.0
2012/02/29,Wed,6906.5,6854.5,6970.0,6842.5
2012/02/28,Tue,6875.0,6891.5,6904.5,6810.5
2012/02/27,Mon,6826.5,6864.5,6872.5,6744.0
2012/02/26,Sun,,,,
2012/02/25,Sat,,,,
2012/02/24,Fri,6853.5,6868.0,6893.5,6827.5
2012/02/23,Thu,6850.0,6812.0,6908.0,6732.0
2012/02/22,Wed,6905.5,6849.5,6922.5,6821.0
2012/02/21,Tue,6958.5,6916.0,6975.5,6872.0
2012/02/20,Mon,6920.0,6945.0,6960.0,6880.0
2012/02/19,Sun,,,,
2012/02/18,Sat,,,,
2012/02/17,Fri,6793.5,6842.5,6879.0,6793.5
2012/02/16,Thu,6673.0,6747.5,6808.0,6653.0
2012/02/15,Wed,6800.0,6767.0,6834.0,6715.0
2012/02/14,Tue,6722.0,6732.5,6796.0,6694.0
2012/02/13,Mon,6742.0,6731.5,6777.0,6711.0
2012/02/12,Sun,,,,
2012/02/11,Sat,,,,
2012/02/10,Fri,6765.0,6697.5,6770.0,6651.0
2012/02/09,Thu,6780.0,6789.0,6849.0,6748.5
2012/02/08,Wed,6787.5,6749.0,6835.0,6737.0
2012/02/07,Tue,6754.5,6759.0,6792.5,6685.5
2012/02/06,Mon,6754.0,6766.5,6786.5,6718.5
2012/02/05,Sun,,,,
2012/02/04,Sat,,,,
2012/02/03,Fri,6663.0,6768.0,6795.0,6639.5
2012/02/02,Thu,6639.0,6662.0,6677.0,6610.0
2012/02/01,Wed,6475.0,6611.5,6636.0,6465.5
2012/01/31,Tue,6484.0,6468.5,6538.0,6453.5
2012/01/30,Mon,6492.0,6451.0,6496.5,6416.0
2012/01/29,Sun,,,,
2012/01/28,Sat,,,,
2012/01/27,Fri,6524.0,6523.0,6579.0,6486.0
2012/01/26,Thu,6459.5,6542.0,6564.5,6433.5
2012/01/25,Wed,6465.0,6419.5,6480.5,6369.0
2012/01/24,Tue,6412.0,6416.0,6429.5,6338.0
2012/01/23,Mon,6415.5,6437.0,6480.0,6355.5
2012/01/22,Sun,,,,
2012/01/21,Sat,,,,
2012/01/20,Fri,6427.0,6413.5,6440.0,6376.0
2012/01/19,Thu,6400.0,6417.5,6427.0,6336.0
2012/01/18,Wed,6320.0,6358.5,6404.0,6285.5
2012/01/17,Tue,6278.0,6327.5,6349.0,6267.5
2012/01/16,Mon,6109.0,6226.5,6238.0,6097.5
2012/01/15,Sun,,,,
2012/01/14,Sat,,,,
2012/01/13,Fri,6238.0,6134.5,6264.5,6067.0
2012/01/12,Thu,6173.0,6184.5,6264.0,6152.0
2012/01/11,Wed,6138.5,6147.0,6187.0,6110.5
2012/01/10,Tue,6095.0,6169.5,6198.0,6075.0
2012/01/09,Mon,6022.5,6027.5,6083.5,5992.5
2012/01/08,Sun,,,,
2012/01/07,Sat,,,,
2012/01/06,Fri,6105.0,6060.5,6160.0,6016.5
2012/01/05,Thu,6120.0,6106.0,6149.0,6045.5
2012/01/04,Wed,6133.5,6122.5,6170.0,6092.5
2012/01/03,Tue,6105.0,6173.0,6186.0,6078.0
2012/01/02,Mon,5890.0,6073.5,6081.5,5880.0
2012/01/01,Sun,,,,
2011/12/31,Sat,,,,
2011/12/30,Fri,5880.0,5900.0,5900.0,5822.0
2011/12/29,Thu,5795.0,5834.5,5886.5,5780.5
2011/12/28,Wed,5865.5,5790.5,5910.0,5774.0
2011/12/27,Tue,5905.0,5906.5,5932.0,5884.5
2011/12/26,Mon,5905.8,5905.8,5905.8,5905.8
2011/12/25,Sun,,,,
2011/12/24,Sat,,,,
2011/12/23,Fri,5927.5,5886.0,5937.5,5851.5
2011/12/22,Thu,5805.5,5860.0,5895.0,5804.0
2011/12/21,Wed,5891.0,5799.5,5976.0,5773.0
2011/12/20,Tue,5675.0,5850.0,5888.0,5643.5
2011/12/19,Mon,5632.0,5674.0,5786.0,5614.5
2011/12/18,Sun,,,,
2011/12/17,Sat,,,,
2011/12/16,Fri,5783.0,5727.9,5789.5,5714.5
2011/12/15,Thu,5659.5,5747.5,5797.0,5650.0
2011/12/14,Wed,5713.0,5685.5,5772.0,5669.5
2011/12/13,Tue,5819.0,5769.5,5854.5,5700.0
2011/12/12,Mon,6001.5,5797.5,6010.0,5759.0
2011/12/11,Sun,,,,
2011/12/10,Sat,,,,
2011/12/09,Fri,5798.0,5990.0,6029.0,5770.0
2011/12/08,Thu,6070.0,5879.0,6080.5,5815.5
2011/12/07,Wed,6098.0,5999.5,6138.5,5919.5
2011/12/06,Tue,6049.0,6043.5,6098.0,6007.0
2011/12/05,Mon,6115.5,6114.5,6175.0,6053.5
2011/12/04,Sun,,,,
2011/12/03,Sat,,,,
2011/12/02,Fri,6090.0,6078.0,6175.0,6046.5
2011/12/01,Thu,6118.5,6040.0,6126.5,6017.5
2011/11/30,Wed,5739.0,6082.5,6134.5,5704.5
2011/11/29,Tue,5757.0,5796.0,5829.0,5692.0
2011/11/28,Mon,5595.5,5738.5,5757.5,5567.0
2011/11/27,Sun,,,,
2011/11/26,Sat,,,,
2011/11/25,Fri,5435.0,5488.0,5532.0,5366.0
2011/11/24,Thu,5494.0,5441.0,5567.0,5400.5
2011/11/23,Wed,5483.5,5479.5,5592.5,5453.0
2011/11/22,Tue,5656.5,5557.5,5685.0,5535.5
2011/11/21,Mon,5750.0,5622.0,5783.5,5590.0
2011/11/20,Sun,,,,
2011/11/19,Sat,,,,
2011/11/18,Fri,5758.0,5820.0,5904.0,5755.0
2011/11/17,Thu,5870.0,5849.0,5927.0,5760.0
2011/11/16,Wed,5849.0,5925.5,6036.0,5835.0
2011/11/15,Tue,5928.0,5949.5,6018.0,5817.5
2011/11/14,Mon,6089.0,6001.0,6135.0,5924.5
2011/11/13,Sun,,,,
2011/11/12,Sat,,,,
2011/11/11,Fri,5921.5,6048.5,6070.5,5856.5
2011/11/10,Thu,5695.0,5871.0,5939.5,5666.0
2011/11/09,Wed,6094.0,5838.5,6102.0,5733.0
2011/11/08,Tue,5955.0,5974.5,6093.5,5937.5
2011/11/07,Mon,6003.5,5928.5,6034.5,5837.5
2011/11/06,Sun,,,,
2011/11/05,Sat,,,,
2011/11/04,Fri,6180.0,5986.5,6194.0,5932.0
2011/11/03,Thu,5810.0,6158.0,6202.0,5794.5
2011/11/02,Wed,5941.0,5975.5,5999.0,5816.0
2011/11/01,Tue,6045.0,5840.5,6045.0,5767.5
2011/10/31,Mon,6300.0,6172.0,6314.5,6098.0
2011/10/30,Sun,,,,
2011/10/29,Sat,,,,
2011/10/28,Fri,6402.0,6351.5,6440.0,6313.5
2011/10/27,Thu,6200.0,6331.0,6442.0,6177.5
2011/10/26,Wed,6040.0,6016.5,6155.0,5958.0
2011/10/25,Tue,6019.0,6051.0,6169.0,5966.0
2011/10/24,Mon,6038.0,6066.0,6078.0,5944.0
2011/10/23,Sun,,,,
2011/10/22,Sat,,,,
2011/10/21,Fri,5828.0,5974.5,5995.0,5776.0
2011/10/20,Thu,5825.0,5782.0,5925.0,5754.0
2011/10/19,Wed,5950.0,5919.0,5988.5,5844.0
2011/10/18,Tue,5812.0,5873.0,5998.0,5756.0
2011/10/17,Mon,6043.5,5869.0,6091.0,5821.0
2011/10/16,Sun,,,,
2011/10/15,Sat,,,,
2011/10/14,Fri,5959.0,5965.5,6048.0,5895.0
2011/10/13,Thu,5979.5,5911.5,6046.0,5885.0
2011/10/12,Wed,5845.5,5994.5,6038.5,5807.0
2011/10/11,Tue,5878.5,5861.5,5894.0,5783.0
2011/10/10,Mon,5743.5,5853.0,5884.5,5660.5
2011/10/09,Sun,,,,
2011/10/08,Sat,,,,
2011/10/07,Fri,5653.0,5681.5,5759.0,5613.5
2011/10/06,Thu,5493.0,5645.5,5689.5,5464.0
2011/10/05,Wed,5315.0,5472.0,5524.5,5272.0
2011/10/04,Tue,5291.5,5232.5,5344.0,5132.0
2011/10/03,Mon,5356.0,5393.5,5448.5,5267.0
2011/10/02,Sun,,,,
2011/10/01,Sat,,,,
2011/09/30,Fri,5630.0,5471.0,5637.5,5427.0
2011/09/29,Thu,5561.0,5647.5,5715.5,5540.5
2011/09/28,Wed,5560.5,5591.5,5711.5,5496.0
2011/09/27,Tue,5478.5,5621.5,5683.5,5478.0
2011/09/26,Mon,5158.0,5353.0,5425.5,5085.0
2011/09/25,Sun,,,,
2011/09/24,Sat,,,,
2011/09/23,Fri,5193.0,5194.0,5242.0,4980.0
2011/09/22,Thu,5288.0,5176.5,5312.5,5107.5
2011/09/21,Wed,5534.5,5443.5,5588.0,5346.0
2011/09/20,Tue,5396.5,5577.0,5589.0,5370.0
2011/09/19,Mon,5487.0,5444.5,5507.0,5370.0
2011/09/18,Sun,,,,
2011/09/17,Sat,,,,
2011/09/16,Fri,5572.5,5575.9,5636.5,5529.0
2011/09/15,Thu,5392.0,5499.5,5582.0,5373.5
2011/09/14,Wed,5101.0,5339.0,5450.5,5071.0
2011/09/13,Tue,5154.5,5147.0,5224.5,4963.0
2011/09/12,Mon,5079.0,5080.0,5149.0,4962.0
2011/09/11,Sun,,,,
2011/09/10,Sat,,,,
2011/09/09,Fri,5352.0,5185.5,5402.5,5140.5
2011/09/08,Thu,5424.5,5406.0,5474.0,5307.5
2011/09/07,Wed,5315.5,5400.5,5454.0,5277.0
2011/09/06,Tue,5202.0,5198.0,5335.0,5152.0
2011/09/05,Mon,5465.0,5259.5,5465.0,5206.5
2011/09/04,Sun,,,,
2011/09/03,Sat,,,,
2011/09/02,Fri,5638.5,5541.5,5650.0,5493.0
2011/09/01,Thu,5777.5,5724.0,5797.5,5638.0
2011/08/31,Wed,5662.0,5792.5,5872.5,5648.5
2011/08/30,Tue,5710.5,5646.0,5731.5,5572.0
2011/08/29,Mon,5637.5,5676.5,5718.5,5588.0
2011/08/28,Sun,,,,
2011/08/27,Sat,,,,
2011/08/26,Fri,5582.0,5532.5,5592.0,5405.0
2011/08/25,Thu,5689.5,5588.5,5779.5,5419.0
2011/08/24,Wed,5576.0,5672.5,5747.0,5515.5
2011/08/23,Tue,5522.5,5524.0,5639.0,5453.0
2011/08/22,Mon,5411.0,5475.5,5595.0,5393.0
2011/08/21,Sun,,,,
2011/08/20,Sat,,,,
2011/08/19,Fri,5538.0,5499.0,5598.0,5346.0
2011/08/18,Thu,5867.0,5596.5,5898.0,5533.5
2011/08/17,Wed,5964.0,5956.0,6023.0,5875.0
2011/08/16,Tue,6037.5,5999.0,6050.0,5851.5
2011/08/15,Mon,6077.0,6026.5,6112.0,6010.5
2011/08/14,Sun,,,,
2011/08/13,Sat,,,,
2011/08/12,Fri,5818.5,5994.5,6067.5,5680.0
2011/08/11,Thu,5771.0,5812.5,5951.5,5491.5
2011/08/10,Wed,5990.0,5609.5,6121.0,5541.0
2011/08/09,Tue,5748.0,5941.0,6034.5,5497.5
2011/08/08,Mon,6081.5,5962.5,6283.5,5717.5
2011/08/07,Sun,,,,
2011/08/06,Sat,,,,
2011/08/05,Fri,6261.5,6257.5,6449.5,6125.0
2011/08/04,Thu,6700.0,6417.0,6750.5,6257.5
2011/08/03,Wed,6712.0,6645.0,6797.5,6551.5
2011/08/02,Tue,6957.0,6822.5,6972.5,6714.5
2011/08/01,Mon,7260.0,7004.5,7299.0,6860.0
2011/07/31,Sun,,,,
2011/07/30,Sat,,,,
2011/07/29,Fri,7090.5,7181.0,7206.5,7078.5
2011/07/28,Thu,7201.0,7211.0,7221.0,7125.5
2011/07/27,Wed,7346.0,7270.0,7362.0,7203.0
2011/07/26,Tue,7371.0,7370.5,7399.0,7317.5
2011/07/25,Mon,7288.0,7370.5,7384.5,7274.5
2011/07/24,Sun,,,,
2011/07/23,Sat,,,,
2011/07/22,Fri,7359.0,7336.5,7373.5,7281.5
2011/07/21,Thu,7260.5,7311.5,7344.5,7156.5
2011/07/20,Wed,7255.0,7236.5,7282.0,7182.5
2011/07/19,Tue,7154.0,7208.0,7256.5,7151.0
2011/07/18,Mon,7207.5,7143.5,7212.5,7106.5
2011/07/17,Sun,,,,
2011/07/16,Sat,,,,
2011/07/15,Fri,7217.0,7250.0,7274.0,7157.0
2011/07/14,Thu,7220.0,7244.0,7290.0,7176.0
2011/07/13,Wed,7180.5,7289.0,7301.5,7167.5
2011/07/12,Tue,7163.0,7195.0,7225.0,7014.5
2011/07/11,Mon,7410.0,7255.0,7416.5,7209.5
2011/07/10,Sun,,,,
2011/07/09,Sat,,,,
2011/07/08,Fri,7524.5,7427.0,7547.0,7411.0
2011/07/07,Thu,7505.0,7498.0,7540.0,7464.0
2011/07/06,Wed,7490.5,7450.5,7495.0,7419.0
2011/07/05,Tue,7466.0,7471.0,7499.0,7445.5
2011/07/04,Mon,7449.0,7463.0,7474.0,7438.5
2011/07/03,Sun,,,,
2011/07/02,Sat,,,,
2011/07/01,Fri,7419.5,7435.0,7477.0,7380.0
2011/06/30,Thu,7344.0,7391.5,7415.5,7309.0
2011/06/29,Wed,7224.0,7322.5,7345.0,7223.5
2011/06/28,Tue,7149.5,7194.5,7233.5,7098.0
2011/06/27,Mon,7119.0,7131.0,7171.5,7101.5
2011/06/26,Sun,,,,
2011/06/25,Sat,,,,
2011/06/24,Fri,7259.0,7152.0,7298.0,7121.0
2011/06/23,Thu,7261.5,7171.0,7275.5,7143.0
2011/06/22,Wed,7308.5,7311.5,7337.0,7276.0
2011/06/21,Tue,7199.0,7305.0,7339.0,7198.5
2011/06/20,Mon,7138.0,7179.5,7195.0,7086.0
2011/06/19,Sun,,,,
2011/06/18,Sat,,,,
2011/06/17,Fri,7076.5,7203.7,7166.5,7036.0
2011/06/16,Thu,7065.0,7107.0,7118.5,7016.5
2011/06/15,Wed,7191.5,7120.0,7203.5,7072.0
2011/06/14,Tue,7131.5,7201.0,7234.0,7126.0
2011/06/13,Mon,7066.0,7092.5,7125.5,7042.0
2011/06/12,Sun,,,,
2011/06/11,Sat,,,,
2011/06/10,Fri,7147.0,7074.0,7185.0,7046.0
2011/06/09,Thu,7050.0,7156.5,7192.5,7035.5
2011/06/08,Wed,7060.0,7057.0,7092.0,6992.5
2011/06/07,Tue,7066.0,7110.0,7152.0,7066.0
2011/06/06,Mon,7100.0,7093.5,7128.5,7042.0
2011/06/05,Sun,,,,
2011/06/04,Sat,,,,
2011/06/03,Fri,7100.0,7103.0,7148.5,7023.0
2011/06/02,Thu,7145.0,7088.0,7161.0,7069.5
2011/06/01,Wed,7345.0,7226.5,7347.5,7131.0
2011/05/31,Tue,7231.5,7296.0,7337.5,7222.0
2011/05/30,Mon,7153.5,7167.0,7209.0,7143.0
2011/05/29,Sun,,,,
2011/05/28,Sat,,,,
2011/05/27,Fri,7190.0,7169.0,7211.0,7117.5
2011/05/26,Thu,7200.5,7118.5,7221.5,7091.0
2011/05/25,Wed,7078.0,7180.5,7207.5,7067.5
2011/05/24,Tue,7130.0,7150.0,7209.0,7121.0
2011/05/23,Mon,7200.0,7139.0,7202.0,7107.0
2011/05/22,Sun,,,,
2011/05/21,Sat,,,,
2011/05/20,Fri,7384.0,7271.5,7417.5,7232.5
2011/05/19,Thu,7345.0,7353.5,7429.0,7321.0
2011/05/18,Wed,7330.0,7313.0,7350.0,7268.0
2011/05/17,Tue,7342.0,7280.5,7377.5,7251.5
2011/05/16,Mon,7348.0,7389.5,7411.5,7292.5
2011/05/15,Sun,,,,
2011/05/14,Sat,,,,
2011/05/13,Fri,7499.5,7410.5,7519.5,7356.5
2011/05/12,Thu,7454.0,7452.5,7504.5,7366.0
2011/05/11,Wed,7535.0,7513.5,7579.5,7450.0
2011/05/10,Tue,7429.5,7507.0,7547.0,7426.0
2011/05/09,Mon,7452.5,7426.5,7502.0,7390.5
2011/05/08,Sun,,,,
2011/05/07,Sat,,,,
2011/05/06,Fri,7387.5,7504.5,7519.0,7378.0
2011/05/05,Thu,7428.5,7386.5,7443.5,7309.0
2011/05/04,Wed,7479.0,7394.0,7561.5,7378.5
2011/05/03,Tue,7525.0,7520.0,7545.5,7469.5
2011/05/02,Mon,7599.5,7555.0,7624.0,7518.0
2011/05/01,Sun,,,,
2011/04/30,Sat,,,,
2011/04/29,Fri,7495.5,7529.5,7548.5,7484.0
2011/04/28,Thu,7484.5,7494.5,7516.0,7442.5
2011/04/27,Wed,7385.5,7418.0,7479.0,7373.5
2011/04/26,Tue,7306.5,7372.0,7393.0,7291.5
2011/04/25,Mon,7331.3,7331.7,7334.1,7329.9
2011/04/24,Sun,,,,
2011/04/23,Sat,,,,
2011/04/22,Fri,7321.3,7321.3,7321.3,7321.3
2011/04/21,Thu,7305.0,7313.0,7334.5,7293.0
2011/04/20,Wed,7136.0,7257.5,7281.5,7128.0
2011/04/19,Tue,7051.0,7049.0,7098.0,7043.5
2011/04/18,Mon,7198.0,7046.5,7201.5,7009.0
2011/04/17,Sun,,,,
2011/04/16,Sat,,,,
2011/04/15,Fri,7172.0,7192.0,7212.0,7160.5
2011/04/14,Thu,7190.0,7168.5,7205.0,7114.0
2011/04/13,Wed,7152.0,7201.5,7222.5,7143.5
2011/04/12,Tue,7175.0,7128.0,7200.5,7109.0
2011/04/11,Mon,7224.0,7226.5,7245.0,7173.5
2011/04/10,Sun,,,,
2011/04/09,Sat,,,,
2011/04/08,Fri,7241.0,7223.0,7253.0,7189.0
2011/04/07,Thu,7224.0,7200.5,7261.0,7192.5
2011/04/06,Wed,7215.5,7236.5,7262.5,7175.5
2011/04/05,Tue,7213.5,7198.5,7217.0,7148.0
2011/04/04,Mon,7195.5,7199.5,7220.0,7182.0
2011/04/03,Sun,,,,
2011/04/02,Sat,,,,
2011/04/01,Fri,7100.0,7198.5,7213.5,7090.5
2011/03/31,Thu,7099.0,7078.5,7100.5,7056.0
2011/03/30,Wed,7017.0,7071.5,7091.0,7015.0
2011/03/29,Tue,6955.0,6959.0,6980.0,6885.0
2011/03/28,Mon,6963.0,6960.5,7003.5,6935.0
2011/03/27,Sun,,,,
2011/03/26,Sat,,,,
2011/03/25,Fri,6996.0,6981.5,7006.0,6940.0
2011/03/24,Thu,6822.0,6959.0,6980.0,6805.5
2011/03/23,Wed,6788.0,6822.0,6840.0,6738.5
2011/03/22,Tue,6841.0,6807.5,6847.5,6785.5
2011/03/21,Mon,6740.0,6828.0,6849.0,6733.0
2011/03/20,Sun,,,,
2011/03/19,Sat,,,,
2011/03/18,Fri,6725.0,6689.7,6735.0,6668.0
2011/03/17,Thu,6520.0,6653.5,6692.5,6515.0
2011/03/16,Wed,6623.5,6529.5,6736.0,6412.5
2011/03/15,Tue,6661.5,6664.0,6717.5,6483.5
2011/03/14,Mon,6935.0,6875.0,6949.0,6848.0
2011/03/13,Sun,,,,
2011/03/12,Sat,,,,
2011/03/11,Fri,6991.5,6982.5,7018.0,6967.0
2011/03/10,Thu,7087.5,7055.0,7111.5,7023.0
2011/03/09,Wed,7150.5,7128.0,7220.0,7109.5
2011/03/08,Tue,7194.0,7164.0,7226.5,7072.0
2011/03/07,Mon,7146.0,7165.0,7274.0,7124.5
2011/03/06,Sun,,,,
2011/03/05,Sat,,,,
2011/03/04,Fri,7266.5,7173.0,7315.0,7130.0
2011/03/03,Thu,7220.0,7222.5,7297.5,7192.0
2011/03/02,Wed,7155.5,7191.5,7207.0,7125.5
2011/03/01,Tue,7330.0,7224.5,7360.5,7168.5
2011/02/28,Mon,7179.5,7275.5,7309.5,7151.5
2011/02/27,Sun,,,,
2011/02/26,Sat,,,,
2011/02/25,Fri,7142.0,7185.5,7203.5,7131.5
2011/02/24,Thu,7179.0,7135.0,7182.5,7083.5
2011/02/23,Wed,7283.0,7208.0,7316.0,7149.0
2011/02/22,Tue,7310.5,7325.5,7356.5,7252.0
2011/02/21,Mon,7418.0,7326.5,7448.0,7315.5
2011/02/20,Sun,,,,
2011/02/19,Sat,,,,
2011/02/18,Fri,7419.0,7421.0,7430.5,7383.5
2011/02/17,Thu,7422.0,7403.0,7439.0,7368.0
2011/02/16,Wed,7430.0,7428.5,7443.5,7406.0
2011/02/15,Tue,7413.0,7406.0,7427.0,7382.0
2011/02/14,Mon,7408.5,7399.5,7429.0,7384.5
2011/02/13,Sun,,,,
2011/02/12,Sat,,,,
2011/02/11,Fri,7320.0,7385.0,7403.5,7287.0
2011/02/10,Thu,7336.0,7341.0,7360.0,7275.0
2011/02/09,Wed,7324.0,7321.0,7358.0,7318.5
2011/02/08,Tue,7288.0,7318.5,7341.0,7277.5
2011/02/07,Mon,7236.0,7287.0,7295.0,7218.5
2011/02/06,Sun,,,,
2011/02/05,Sat,,,,
2011/02/04,Fri,7212.5,7216.5,7236.0,7192.0
2011/02/03,Thu,7176.5,7191.0,7222.5,7152.5
2011/02/02,Wed,7199.5,7186.0,7228.0,7166.5
2011/02/01,Tue,7123.0,7185.5,7205.0,7113.0
2011/01/31,Mon,7100.0,7096.0,7116.0,7041.0
2011/01/30,Sun,,,,
2011/01/29,Sat,,,,
2011/01/28,Fri,7162.0,7115.0,7184.5,7080.0
2011/01/27,Thu,7150.0,7163.0,7189.0,7122.5
2011/01/26,Wed,7102.0,7130.5,7169.5,7094.0
2011/01/25,Tue,7102.0,7063.5,7113.5,7053.5
2011/01/24,Mon,7097.5,7076.0,7104.5,7010.5
2011/01/23,Sun,,,,
2011/01/22,Sat,,,,
2011/01/21,Fri,7051.0,7070.0,7131.5,7033.0
2011/01/20,Thu,7080.0,7033.5,7095.0,7015.5
2011/01/19,Wed,7181.0,7089.5,7193.0,7073.0
2011/01/18,Tue,7086.0,7149.0,7165.0,7085.0
2011/01/17,Mon,7087.5,7081.5,7095.0,7063.5
2011/01/16,Sun,,,,
2011/01/15,Sat,,,,
2011/01/14,Fri,7061.0,7090.0,7110.5,7023.0
2011/01/13,Thu,7094.5,7076.0,7098.0,7045.5
2011/01/12,Wed,6952.5,7077.5,7097.0,6952.0
2011/01/11,Tue,6890.5,6953.0,6959.5,6867.0
2011/01/10,Mon,6945.0,6880.0,6952.0,6842.5
2011/01/09,Sun,,,,
2011/01/08,Sat,,,,
2011/01/07,Fri,6991.0,6961.5,7022.5,6934.0
2011/01/06,Thu,6962.0,6989.5,7059.0,6956.0
2011/01/05,Wed,6960.5,6946.5,6981.0,6852.5
2011/01/04,Tue,6989.5,6983.0,7038.0,6963.0
2011/01/03,Mon,7001.5,6998.0,7042.5,6977.0
2011/01/02,Sun,,,,
2011/01/01,Sat,,,,
2010/12/31,Fri,6936.5,6957.5,6957.5,6903.1
2010/12/30,Thu,7010.0,6927.0,7023.0,6910.0
2010/12/29,Wed,7006.5,7005.0,7024.0,6996.5
2010/12/28,Tue,7005.5,6986.5,7010.0,6971.0
2010/12/27,Mon,7080.5,6996.5,7083.5,6915.0
2010/12/26,Sun,,,,
2010/12/25,Sat,,,,
2010/12/24,Fri,7074.0,7074.0,7074.0,7074.0
2010/12/23,Thu,7100.0,7073.5,7100.5,7057.0
2010/12/22,Wed,7094.0,7094.0,7102.0,7084.0
2010/12/21,Tue,7065.0,7088.5,7105.5,7059.0
2010/12/20,Mon,7005.0,7037.0,7086.5,7003.0
2010/12/19,Sun,,,,
2010/12/18,Sat,,,,
2010/12/17,Fri,7033.0,7009.4,7042.0,7005.0
2010/12/16,Thu,7012.0,7023.0,7035.0,6990.0
2010/12/15,Wed,7006.0,7023.0,7031.5,6964.5
2010/12/14,Tue,7022.5,7026.0,7038.0,7012.0
2010/12/13,Mon,7013.0,7027.0,7046.0,7013.0
2010/12/12,Sun,,,,
2010/12/11,Sat,,,,
2010/12/10,Fri,7005.0,7002.5,7028.5,6974.0
2010/12/09,Thu,7010.5,6964.0,7029.0,6946.5
2010/12/08,Wed,6981.5,6975.0,7014.5,6957.0
2010/12/07,Tue,6974.5,6999.0,7043.5,6962.5
2010/12/06,Mon,6969.0,6951.5,6979.0,6927.5
2010/12/05,Sun,,,,
2010/12/04,Sat,,,,
2010/12/03,Fri,6956.0,6953.0,6980.0,6916.5
2010/12/02,Thu,6876.0,6958.0,6967.5,6843.0
2010/12/01,Wed,6727.0,6863.5,6889.5,6725.0
2010/11/30,Tue,6728.0,6702.0,6766.5,6660.5
2010/11/29,Mon,6861.5,6720.5,6910.5,6687.0
2010/11/28,Sun,,,,
2010/11/27,Sat,,,,
2010/11/26,Fri,6850.0,6857.0,6875.0,6781.5
2010/11/25,Thu,6833.5,6885.5,6889.5,6825.0
2010/11/24,Wed,6747.5,6824.5,6854.5,6703.5
2010/11/23,Tue,6802.0,6720.5,6833.0,6711.5
2010/11/22,Mon,6887.5,6829.0,6907.5,6797.0
2010/11/21,Sun,,,,
2010/11/20,Sat,,,,
2010/11/19,Fri,6845.0,6844.0,6873.0,6798.5
2010/11/18,Thu,6760.5,6829.5,6845.0,6759.5
2010/11/17,Wed,6675.0,6706.0,6714.0,6660.0
2010/11/16,Tue,6761.0,6677.5,6776.5,6654.5
2010/11/15,Mon,6710.0,6790.0,6820.5,6685.0
2010/11/14,Sun,,,,
2010/11/13,Sat,,,,
2010/11/12,Fri,6681.0,6739.5,6767.5,6625.5
2010/11/11,Thu,6756.5,6733.0,6768.5,6708.0
2010/11/10,Wed,6775.5,6731.5,6791.0,6690.0
2010/11/09,Tue,6753.5,6796.5,6818.5,6740.5
2010/11/08,Mon,6753.5,6760.5,6776.0,6735.5
2010/11/07,Sun,,,,
2010/11/06,Sat,,,,
2010/11/05,Fri,6745.0,6756.0,6786.0,6720.0
2010/11/04,Thu,6670.5,6738.0,6766.5,6665.0
2010/11/03,Wed,6674.0,6617.5,6693.5,6608.5
2010/11/02,Tue,6609.5,6664.0,6684.0,6603.0
2010/11/01,Mon,6666.5,6612.5,6680.0,6565.5
2010/10/31,Sun,,,,
2010/10/30,Sat,,,,
2010/10/29,Fri,6583.5,6619.5,6640.0,6578.0
2010/10/28,Thu,6611.0,6611.5,6657.5,6585.0
2010/10/27,Wed,6613.0,6580.0,6639.0,6562.5
2010/10/26,Tue,6649.5,6633.0,6656.0,6588.0
2010/10/25,Mon,6667.5,6649.5,6684.0,6635.0
2010/10/24,Sun,,,,
2010/10/23,Sat,,,,
2010/10/22,Fri,6614.0,6614.0,6633.0,6595.5
2010/10/21,Thu,6525.0,6613.0,6631.5,6514.0
2010/10/20,Wed,6499.5,6537.0,6546.5,6471.0
2010/10/19,Tue,6516.5,6497.5,6556.0,6463.0
2010/10/18,Mon,6476.0,6526.5,6561.5,6467.0
2010/10/17,Sun,,,,
2010/10/16,Sat,,,,
2010/10/15,Fri,6486.0,6490.5,6523.5,6447.0
2010/10/14,Thu,6460.0,6468.0,6494.5,6450.5
2010/10/13,Wed,6329.5,6444.5,6466.5,6329.5
2010/10/12,Tue,6278.0,6316.5,6341.5,6230.0
2010/10/11,Mon,6305.0,6315.0,6335.0,6295.0
2010/10/10,Sun,,,,
2010/10/09,Sat,,,,
2010/10/08,Fri,6293.0,6299.0,6314.0,6245.0
2010/10/07,Thu,6260.5,6280.0,6332.5,6242.5
2010/10/06,Wed,6254.0,6271.5,6299.0,6250.0
2010/10/05,Tue,6164.0,6223.5,6271.5,6125.0
2010/10/04,Mon,6217.0,6147.0,6234.0,6118.5
2010/10/03,Sun,,,,
2010/10/02,Sat,,,,
2010/10/01,Fri,6250.0,6212.0,6304.0,6195.0
2010/09/30,Thu,6231.5,6241.0,6348.0,6193.5
2010/09/29,Wed,6286.0,6258.0,6336.5,6230.0
2010/09/28,Tue,6290.0,6286.0,6322.0,6205.0
2010/09/27,Mon,6332.5,6285.5,6340.0,6280.5
2010/09/26,Sun,,,,
2010/09/25,Sat,,,,
2010/09/24,Fri,6182.0,6301.5,6323.0,6152.5
2010/09/23,Thu,6263.5,6186.0,6274.0,6136.5
2010/09/22,Wed,6313.0,6221.0,6314.0,6201.5
2010/09/21,Tue,6303.5,6295.5,6349.5,6275.0
2010/09/20,Mon,6248.0,6299.0,6327.5,6227.5
2010/09/19,Sun,,,,
2010/09/18,Sat,,,,
2010/09/17,Fri,6310.0,6303.5,6328.5,6297.0
2010/09/16,Thu,6254.5,6251.5,6282.0,6232.0
2010/09/15,Wed,6280.5,6268.0,6288.5,6228.5
2010/09/14,Tue,6253.5,6280.0,6290.0,6231.0
2010/09/13,Mon,6268.5,6264.5,6293.0,6232.0
2010/09/12,Sun,,,,
2010/09/11,Sat,,,,
2010/09/10,Fri,6202.0,6217.5,6226.0,6183.5
2010/09/09,Thu,6144.0,6214.0,6234.5,6132.5
2010/09/08,Wed,6104.0,6169.0,6182.0,6063.0
2010/09/07,Tue,6152.5,6122.0,6152.5,6082.0
2010/09/06,Mon,6175.0,6150.0,6176.0,6142.0
2010/09/05,Sun,,,,
2010/09/04,Sat,,,,
2010/09/03,Fri,6097.0,6129.0,6179.5,6087.5
2010/09/02,Thu,6057.0,6086.0,6109.0,6052.5
2010/09/01,Wed,5932.0,6076.0,6088.5,5876.0
2010/08/31,Tue,5850.5,5909.5,5936.0,5816.0
2010/08/30,Mon,5977.0,5917.5,5987.5,5880.0
2010/08/29,Sun,,,,
2010/08/28,Sat,,,,
2010/08/27,Fri,5895.5,5955.0,5980.0,5845.0
2010/08/26,Thu,5923.0,5907.0,5952.0,5872.0
2010/08/25,Wed,5909.0,5911.0,5957.5,5836.5
2010/08/24,Tue,5991.5,5937.0,5992.0,5870.5
2010/08/23,Mon,6020.0,6006.5,6057.0,5996.5
2010/08/22,Sun,,,,
2010/08/21,Sat,,,,
2010/08/20,Fri,6073.0,6011.5,6100.0,5990.0
2010/08/19,Thu,6200.5,6083.5,6233.5,6053.5
2010/08/18,Wed,6175.5,6193.5,6220.0,6157.0
2010/08/17,Tue,6143.0,6210.0,6219.5,6125.5
2010/08/16,Mon,6127.0,6107.0,6159.0,6063.5
2010/08/15,Sun,,,,
2010/08/14,Sat,,,,
2010/08/13,Fri,6160.0,6113.5,6178.5,6071.0
2010/08/12,Thu,6134.5,6142.0,6178.0,6100.5
2010/08/11,Wed,6277.0,6164.5,6277.0,6144.0
2010/08/10,Tue,6340.0,6283.0,6342.0,6250.5
2010/08/09,Mon,6329.5,6354.5,6374.0,6320.5
2010/08/08,Sun,,,,
2010/08/07,Sat,,,,
2010/08/06,Fri,6361.0,6266.0,6391.5,6247.5
2010/08/05,Thu,6348.0,6342.0,6387.5,6324.0
2010/08/04,Wed,6289.0,6342.5,6376.5,6267.5
2010/08/03,Tue,6295.5,6304.0,6318.0,6270.5
2010/08/02,Mon,6185.5,6284.0,6310.0,6185.5
2010/08/01,Sun,,,,
2010/07/31,Sat,,,,
2010/07/30,Fri,6120.5,6167.0,6190.0,6063.0
2010/07/29,Thu,6190.0,6131.5,6249.5,6092.0
2010/07/28,Wed,6245.0,6177.5,6254.0,6151.5
2010/07/27,Tue,6201.5,6210.5,6259.0,6187.5
2010/07/26,Mon,6213.0,6193.0,6220.0,6135.5
2010/07/25,Sun,,,,
2010/07/24,Sat,,,,
2010/07/23,Fri,6140.0,6173.0,6199.5,6116.0
2010/07/22,Thu,5970.0,6143.0,6154.5,5954.5
2010/07/21,Wed,6009.5,5995.0,6067.5,5944.5
2010/07/20,Tue,6034.5,5971.5,6055.0,5911.5
2010/07/19,Mon,6050.5,6021.0,6091.0,5999.0
2010/07/18,Sun,,,,
2010/07/17,Sat,,,,
2010/07/16,Fri,6155.5,6053.5,6212.0,6015.0
2010/07/15,Thu,6218.0,6150.5,6264.5,6132.0
2010/07/14,Wed,6240.0,6210.0,6246.0,6166.0
2010/07/13,Tue,6090.0,6190.0,6207.5,6073.0
2010/07/12,Mon,6079.0,6073.5,6126.5,6066.0
2010/07/11,Sun,,,,
2010/07/10,Sat,,,,
2010/07/09,Fri,6080.0,6069.5,6105.0,6044.0
2010/07/08,Thu,6046.0,6035.5,6079.0,6010.5
2010/07/07,Wed,5902.5,5988.0,6053.5,5853.0
2010/07/06,Tue,5848.5,5928.0,6002.5,5846.5
2010/07/05,Mon,5834.0,5830.5,5872.0,5813.5
2010/07/04,Sun,,,,
2010/07/03,Sat,,,,
2010/07/02,Fri,5890.5,5841.5,5947.0,5805.0
2010/07/01,Thu,5883.0,5868.5,5962.0,5833.0
2010/06/30,Wed,5967.0,5961.5,6009.0,5902.5
2010/06/29,Tue,6089.0,5971.5,6089.0,5932.5
2010/06/28,Mon,6100.0,6161.0,6177.0,6065.0
2010/06/27,Sun,,,,
2010/06/26,Sat,,,,
2010/06/25,Fri,6142.0,6080.0,6157.5,6046.0
2010/06/24,Thu,6235.0,6123.0,6252.0,6102.0
2010/06/23,Wed,6232.0,6214.5,6279.0,6184.0
2010/06/22,Tue,6281.0,6273.0,6302.5,6200.0
2010/06/21,Mon,6304.0,6294.5,6359.5,6232.0
2010/06/20,Sun,,,,
2010/06/19,Sat,,,,
2010/06/18,Fri,6232.5,6223.8,6258.0,6188.5
2010/06/17,Thu,6181.5,6218.5,6243.5,6166.5
2010/06/16,Wed,6200.0,6192.0,6218.5,6143.0
2010/06/15,Tue,6103.0,6175.0,6224.0,6078.0
2010/06/14,Mon,6105.0,6118.5,6138.5,6071.0
2010/06/13,Sun,,,,
2010/06/12,Sat,,,,
2010/06/11,Fri,6069.0,6043.5,6094.0,5982.5
2010/06/10,Thu,5951.0,6054.5,6090.0,5924.0
2010/06/09,Wed,5889.0,5992.0,5995.0,5833.0
2010/06/08,Tue,5898.5,5855.0,5932.0,5798.5
2010/06/07,Mon,5861.5,5890.5,5956.0,5831.0
2010/06/06,Sun,,,,
2010/06/05,Sat,,,,
2010/06/04,Fri,6055.5,5930.5,6115.5,5865.0
2010/06/03,Thu,6070.0,6049.5,6104.5,6028.5
2010/06/02,Wed,5921.0,5983.5,6040.0,5868.0
2010/06/01,Tue,5934.0,5974.0,6013.0,5832.0
2010/05/31,Mon,5967.5,5962.5,5996.0,5931.5
2010/05/30,Sun,,,,
2010/05/29,Sat,,,,
2010/05/28,Fri,5949.0,5942.5,5982.0,5890.5
2010/05/27,Thu,5752.5,5948.5,5974.0,5752.0
2010/05/26,Wed,5722.0,5763.0,5830.0,5695.5
2010/05/25,Tue,5658.5,5682.5,5749.0,5608.0
2010/05/24,Mon,5818.5,5800.5,5872.5,5733.5
2010/05/23,Sun,,,,
2010/05/22,Sat,,,,
2010/05/21,Fri,5831.0,5823.0,5873.0,5688.0
2010/05/20,Thu,5999.0,5850.0,6047.5,5782.0
2010/05/19,Wed,6083.0,5987.5,6128.0,5960.0
2010/05/18,Tue,6115.0,6160.0,6187.0,6096.0
2010/05/17,Mon,5997.5,6067.0,6156.0,5982.0
2010/05/16,Sun,,,,
2010/05/15,Sat,,,,
2010/05/14,Fri,6238.0,6035.0,6239.5,6016.5
2010/05/13,Thu,6225.0,6258.5,6280.0,6200.0
2010/05/12,Wed,6025.0,6196.0,6226.0,6006.5
2010/05/11,Tue,5943.0,6042.5,6096.0,5912.0
2010/05/10,Mon,5852.0,6000.5,6020.0,5850.0
2010/05/09,Sun,,,,
2010/05/08,Sat,,,,
2010/05/07,Fri,5749.0,5722.0,5908.5,5659.0
2010/05/06,Thu,5963.0,5932.5,6018.0,5557.0
2010/05/05,Wed,6023.5,5972.5,6039.0,5941.0
2010/05/04,Tue,6182.0,6016.0,6206.0,5997.5
2010/05/03,Mon,6112.5,6172.0,6207.5,6093.5
2010/05/02,Sun,,,,
2010/05/01,Sat,,,,
2010/04/30,Fri,6145.0,6130.5,6218.0,6089.0
2010/04/29,Thu,6084.0,6153.5,6171.5,6082.0
2010/04/28,Wed,6149.0,6090.0,6169.0,6032.5
2010/04/27,Tue,6329.5,6184.0,6339.0,6111.0
2010/04/26,Mon,6288.5,6343.0,6347.0,6288.0
2010/04/25,Sun,,,,
2010/04/24,Sat,,,,
2010/04/23,Fri,6209.0,6262.0,6294.0,6174.5
2010/04/22,Thu,6234.0,6185.0,6293.0,6145.5
2010/04/21,Wed,6288.5,6236.0,6293.5,6223.0
2010/04/20,Tue,6194.0,6266.0,6274.0,6178.0
2010/04/19,Mon,6165.0,6168.0,6201.0,6139.5
2010/04/18,Sun,,,,
2010/04/17,Sat,,,,
2010/04/16,Fri,6265.0,6189.0,6310.0,6168.0
2010/04/15,Thu,6291.0,6295.5,6316.5,6256.0
2010/04/14,Wed,6272.0,6289.5,6313.0,6256.5
2010/04/13,Tue,6240.0,6241.0,6263.0,6205.0
2010/04/12,Mon,6291.0,6261.0,6303.0,6229.0
2010/04/11,Sun,,,,
2010/04/10,Sat,,,,
2010/04/09,Fri,6212.5,6258.5,6264.0,6212.5
2010/04/08,Thu,6210.0,6181.0,6223.0,6143.0
2010/04/07,Wed,6264.0,6233.5,6264.5,6200.0
2010/04/06,Tue,6260.0,6253.0,6273.5,6220.5
2010/04/05,Mon,6231.5,6290.2,6290.2,6231.5
2010/04/04,Sun,,,,
2010/04/03,Sat,,,,
2010/04/02,Fri,,,,
2010/04/01,Thu,6194.0,6229.5,6249.0,6183.5
2010/03/31,Wed,6158.0,6141.5,6174.5,6115.0
2010/03/30,Tue,6165.5,6158.5,6214.0,6142.0
2010/03/29,Mon,6145.5,6166.5,6180.5,6134.5
2010/03/28,Sun,,,,
2010/03/27,Sat,,,,
2010/03/26,Fri,6114.0,6120.0,6143.5,6106.5
2010/03/25,Thu,6053.0,6138.0,6147.0,6045.0
2010/03/24,Wed,6038.5,6047.0,6055.0,5970.5
2010/03/23,Tue,5996.0,6033.0,6055.5,5988.5
2010/03/22,Mon,5968.0,5990.0,6013.5,5917.5
2010/03/21,Sun,,,,
2010/03/20,Sat,,,,
2010/03/19,Fri,6039.0,6041.5,6042.0,6011.0
2010/03/18,Thu,6012.0,6013.0,6041.0,5996.0
2010/03/17,Wed,5998.5,6021.5,6037.0,5990.5
2010/03/16,Tue,5948.5,5972.0,5992.0,5929.0
2010/03/15,Mon,5939.0,5909.5,5954.0,5898.0
2010/03/14,Sun,,,,
2010/03/13,Sat,,,,
2010/03/12,Fri,5945.5,5946.0,5991.0,5934.0
2010/03/11,Thu,5920.0,5929.5,5955.5,5907.0
2010/03/10,Wed,5896.0,5936.0,5956.0,5874.0
2010/03/09,Tue,5875.5,5890.0,5909.5,5838.5
2010/03/08,Mon,5910.0,5872.5,5914.5,5866.5
2010/03/07,Sun,,,,
2010/03/06,Sat,,,,
2010/03/05,Fri,5815.0,5878.0,5895.0,5808.5
2010/03/04,Thu,5775.0,5797.0,5825.0,5764.5
2010/03/03,Wed,5763.5,5815.0,5831.5,5750.5
2010/03/02,Tue,5725.0,5776.0,5783.5,5711.0
2010/03/01,Mon,5642.0,5714.0,5720.0,5637.5
2010/02/28,Sun,,,,
2010/02/27,Sat,,,,
2010/02/26,Fri,5597.0,5594.5,5619.0,5530.5
2010/02/25,Thu,5596.5,5539.5,5658.5,5518.5
2010/02/24,Wed,5635.0,5616.5,5642.0,5572.0
2010/02/23,Tue,5705.0,5596.5,5734.0,5584.0
2010/02/22,Mon,5725.0,5688.5,5757.5,5683.0
2010/02/21,Sun,,,,
2010/02/20,Sat,,,,
2010/02/19,Fri,5640.0,5727.5,5732.0,5627.0
2010/02/18,Thu,5654.0,5688.0,5712.0,5626.0
2010/02/17,Wed,5626.5,5644.0,5683.5,5613.0
2010/02/16,Tue,5532.0,5590.5,5617.0,5496.5
2010/02/15,Mon,5525.0,5513.5,5549.0,5502.0
2010/02/14,Sun,,,,
2010/02/13,Sat,,,,
2010/02/12,Fri,5569.0,5504.5,5570.0,5460.5
2010/02/11,Thu,5568.0,5511.5,5584.0,5455.5
2010/02/10,Wed,5535.0,5532.5,5595.0,5506.0
2010/02/09,Tue,5465.0,5478.0,5571.5,5462.0
2010/02/08,Mon,5443.5,5488.5,5508.0,5424.0
2010/02/07,Sun,,,,
2010/02/06,Sat,,,,
2010/02/05,Fri,5536.0,5457.0,5537.0,5383.0
2010/02/04,Thu,5695.0,5533.5,5698.0,5507.0
2010/02/03,Wed,5739.5,5672.0,5740.0,5656.5
2010/02/02,Tue,5642.0,5717.5,5737.5,5625.5
2010/02/01,Mon,5565.0,5658.0,5677.0,5565.0
2010/01/31,Sun,,,,
2010/01/30,Sat,,,,
2010/01/29,Fri,5560.0,5607.5,5660.0,5543.5
2010/01/28,Thu,5708.0,5570.5,5729.0,5536.0
2010/01/27,Wed,5618.5,5643.0,5690.0,5590.5
2010/01/26,Tue,5557.0,5675.5,5689.0,5549.5
2010/01/25,Mon,5618.0,5640.5,5697.0,5612.5
2010/01/24,Sun,,,,
2010/01/23,Sat,,,,
2010/01/22,Fri,5726.0,5702.5,5744.5,5565.0
2010/01/21,Thu,5906.0,5749.0,5914.0,5689.5
2010/01/20,Wed,5966.0,5853.0,5977.5,5834.5
2010/01/19,Tue,5905.0,5977.5,6004.5,5852.0
2010/01/18,Mon,5910.0,5923.5,5928.0,5882.5
2010/01/17,Sun,,,,
2010/01/16,Sat,,,,
2010/01/15,Fri,5995.5,5877.0,6033.0,5864.0
2010/01/14,Thu,6011.5,5990.0,6016.5,5955.0
2010/01/13,Wed,5945.5,5970.5,6010.0,5931.0
2010/01/12,Tue,6056.0,5952.5,6061.5,5922.5
2010/01/11,Mon,6085.0,6038.5,6100.5,6036.0
2010/01/10,Sun,,,,
2010/01/09,Sat,,,,
2010/01/08,Fri,6060.0,6045.5,6063.0,5975.5
2010/01/07,Thu,6027.5,6029.5,6046.0,5966.0
2010/01/06,Wed,6035.0,6036.5,6053.5,6004.0
2010/01/05,Tue,6032.0,6037.0,6064.5,6017.0
2010/01/04,Mon,6003.0,6045.5,6063.0,5980.5
2010/01/03,Sun,,,,
2010/01/02,Sat,,,,
2010/01/01,Fri,5988.2,5988.2,5988.2,5988.2
2009/12/31,Thu,5988.2,5988.2,5988.2,5988.2
2009/12/30,Wed,6014.0,5959.5,6017.5,5956.5
2009/12/29,Tue,6037.0,6009.0,6040.0,6007.0
2009/12/28,Mon,6035.0,6010.5,6036.0,5987.5
2009/12/27,Sun,,,,
2009/12/26,Sat,,,,
2009/12/25,Fri,5981.0,5981.0,5981.0,5981.0
2009/12/24,Thu,5981.0,5981.0,5981.0,5981.0
2009/12/23,Wed,5995.0,5958.0,5998.5,5942.0
2009/12/22,Tue,5941.5,5960.0,5990.0,5934.5
2009/12/21,Mon,5866.0,5928.0,5948.0,5852.5
2009/12/20,Sun,,,,
2009/12/19,Sat,,,,
2009/12/18,Fri,5856.0,5883.7,5901.0,5844.5
2009/12/17,Thu,5857.5,5856.5,5893.0,5823.0
2009/12/16,Wed,5812.5,5893.5,5932.5,5804.0
2009/12/15,Tue,5828.0,5806.0,5830.5,5751.5
2009/12/14,Mon,5824.0,5797.5,5841.0,5778.5
2009/12/13,Sun,,,,
2009/12/12,Sat,,,,
2009/12/11,Fri,5720.0,5761.0,5798.5,5718.0
2009/12/10,Thu,5648.0,5705.5,5743.5,5637.0
2009/12/09,Wed,5670.0,5657.5,5719.5,5604.5
2009/12/08,Tue,5795.0,5695.0,5812.0,5657.5
2009/12/07,Mon,5796.0,5784.0,5814.5,5744.0
2009/12/06,Sun,,,,
2009/12/05,Sat,,,,
2009/12/04,Fri,5744.0,5817.5,5862.0,5724.5
2009/12/03,Thu,5830.0,5772.0,5856.5,5724.0
2009/12/02,Wed,5775.0,5777.0,5816.0,5753.5
2009/12/01,Tue,5675.0,5771.0,5792.0,5673.0
2009/11/30,Mon,5694.0,5636.5,5723.5,5608.0
2009/11/29,Sun,,,,
2009/11/28,Sat,,,,
2009/11/27,Fri,5561.0,5695.0,5722.5,5509.5
2009/11/26,Thu,5775.0,5629.5,5778.5,5596.0
2009/11/25,Wed,5830.0,5803.0,5836.0,5754.5
2009/11/24,Tue,5759.0,5776.0,5819.0,5747.5
2009/11/23,Mon,5711.0,5796.5,5827.0,5711.0
2009/11/22,Sun,,,,
2009/11/21,Sat,,,,
2009/11/20,Fri,5736.0,5664.0,5746.5,5637.5
2009/11/19,Thu,5800.0,5713.5,5800.0,5690.0
2009/11/18,Wed,5809.5,5798.5,5847.5,5772.0
2009/11/17,Tue,5787.0,5782.5,5814.0,5763.0
2009/11/16,Mon,5735.0,5802.5,5816.5,5731.5
2009/11/15,Sun,,,,
2009/11/14,Sat,,,,
2009/11/13,Fri,5671.5,5690.0,5704.5,5616.5
2009/11/12,Thu,5654.5,5673.0,5730.5,5635.5
2009/11/11,Wed,5657.0,5669.5,5708.5,5646.0
2009/11/10,Tue,5635.0,5619.0,5654.0,5597.0
2009/11/09,Mon,5528.5,5620.0,5657.5,5528.5
2009/11/08,Sun,,,,
2009/11/07,Sat,,,,
2009/11/06,Fri,5480.0,5489.0,5533.0,5411.0
2009/11/05,Thu,5383.0,5490.5,5516.5,5358.0
2009/11/04,Wed,5385.0,5447.5,5474.5,5376.0
2009/11/03,Tue,5387.5,5368.5,5398.0,5316.0
2009/11/02,Mon,5413.0,5425.5,5476.0,5336.5
2009/11/01,Sun,,,,
2009/10/31,Sat,,,,
2009/10/30,Fri,5599.5,5403.5,5603.5,5382.5
2009/10/29,Thu,5466.0,5593.5,5616.0,5463.0
2009/10/28,Wed,5621.0,5512.0,5632.0,5461.5
2009/10/27,Tue,5656.0,5640.5,5677.0,5600.5
2009/10/26,Mon,5775.0,5644.5,5804.0,5625.5
2009/10/25,Sun,,,,
2009/10/24,Sat,,,,
2009/10/23,Fri,5832.0,5751.0,5852.0,5727.5
2009/10/22,Thu,5772.5,5774.5,5823.5,5714.0
2009/10/21,Wed,5828.0,5840.0,5862.5,5739.5
2009/10/20,Tue,5857.5,5819.0,5894.0,5785.5
2009/10/19,Mon,5769.5,5855.0,5861.0,5762.0
2009/10/18,Sun,,,,
2009/10/17,Sat,,,,
2009/10/16,Fri,5865.0,5762.0,5890.0,5732.5
2009/10/15,Thu,5862.0,5836.5,5873.0,5809.0
2009/10/14,Wed,5785.0,5847.0,5867.5,5783.0
2009/10/13,Tue,5773.0,5722.0,5792.0,5697.5
2009/10/12,Mon,5733.0,5780.0,5818.5,5733.0
2009/10/11,Sun,,,,
2009/10/10,Sat,,,,
2009/10/09,Fri,5714.0,5710.5,5751.0,5676.0
2009/10/08,Thu,5721.0,5712.5,5733.5,5668.0
2009/10/07,Wed,5640.0,5653.5,5695.0,5628.0
2009/10/06,Tue,5520.0,5651.5,5665.0,5519.0
2009/10/05,Mon,5470.5,5508.5,5549.0,5442.0
2009/10/04,Sun,,,,
2009/10/03,Sat,,,,
2009/10/02,Fri,5522.0,5484.0,5538.0,5443.5
2009/10/01,Thu,5679.0,5559.5,5729.0,5531.0
2009/09/30,Wed,5719.5,5674.5,5746.5,5619.0
2009/09/29,Tue,5734.0,5719.5,5759.0,5690.5
2009/09/28,Mon,5566.0,5722.0,5754.5,5554.0
2009/09/27,Sun,,,,
2009/09/26,Sat,,,,
2009/09/25,Fri,5622.5,5589.5,5630.5,5560.0
2009/09/24,Thu,5679.0,5613.5,5744.0,5585.5
2009/09/23,Wed,5712.0,5696.0,5756.5,5671.5
2009/09/22,Tue,5704.0,5708.5,5754.0,5692.0
2009/09/21,Mon,5709.5,5674.5,5713.0,5617.0
2009/09/20,Sun,,,,
2009/09/19,Sat,,,,
2009/09/18,Fri,5720.0,5736.9,5744.5,5702.5
2009/09/17,Thu,5735.0,5737.5,5749.0,5696.0
2009/09/16,Wed,5650.0,5694.0,5729.0,5641.5
2009/09/15,Tue,5625.5,5620.5,5650.0,5583.0
2009/09/14,Mon,5570.0,5618.0,5643.5,5532.0
2009/09/13,Sun,,,,
2009/09/12,Sat,,,,
2009/09/11,Fri,5610.0,5624.0,5653.5,5598.5
2009/09/10,Thu,5592.5,5592.0,5629.0,5546.0
2009/09/09,Wed,5462.0,5573.0,5586.0,5449.5
2009/09/08,Tue,5473.0,5481.5,5504.0,5454.5
2009/09/07,Mon,5415.0,5455.0,5478.0,5415.0
2009/09/06,Sun,,,,
2009/09/05,Sat,,,,
2009/09/04,Fri,5323.0,5368.5,5431.5,5321.0
2009/09/03,Thu,5309.0,5300.5,5367.0,5277.0
2009/09/02,Wed,5329.0,5320.0,5340.5,5263.5
2009/09/01,Tue,5504.0,5337.0,5514.0,5303.0
2009/08/31,Mon,5480.0,5469.0,5497.0,5437.5
2009/08/30,Sun,,,,
2009/08/29,Sat,,,,
2009/08/28,Fri,5506.5,5516.0,5576.0,5493.0
2009/08/27,Thu,5514.0,5472.0,5543.5,5432.0
2009/08/26,Wed,5550.0,5527.5,5574.0,5501.0
2009/08/25,Tue,5469.0,5556.5,5578.5,5460.5
2009/08/24,Mon,5493.0,5507.5,5534.0,5468.0
2009/08/23,Sun,,,,
2009/08/22,Sat,,,,
2009/08/21,Fri,5289.0,5448.5,5481.5,5282.0
2009/08/20,Thu,5288.0,5305.5,5336.0,5266.0
2009/08/19,Wed,5220.0,5232.0,5280.5,5160.0
2009/08/18,Tue,5235.0,5233.0,5262.0,5198.0
2009/08/17,Mon,5309.0,5211.5,5309.0,5177.0
2009/08/16,Sun,,,,
2009/08/15,Sat,,,,
2009/08/14,Fri,5400.0,5311.0,5447.5,5292.0
2009/08/13,Thu,5361.0,5399.5,5457.0,5352.0
2009/08/12,Wed,5314.5,5351.5,5385.5,5254.5
2009/08/11,Tue,5435.0,5291.0,5457.0,5272.5
2009/08/10,Mon,5430.0,5422.5,5446.0,5391.5
2009/08/09,Sun,,,,
2009/08/08,Sat,,,,
2009/08/07,Fri,5364.0,5463.5,5483.5,5315.5
2009/08/06,Thu,5400.0,5370.5,5427.0,5337.0
2009/08/05,Wed,5428.0,5361.0,5456.0,5334.0
2009/08/04,Tue,5413.0,5418.5,5436.5,5361.5
2009/08/03,Mon,5362.0,5426.5,5466.5,5308.0
2009/08/02,Sun,,,,
2009/08/01,Sat,,,,
2009/07/31,Fri,5350.0,5342.0,5389.5,5305.5
2009/07/30,Thu,5308.0,5374.5,5401.0,5255.5
2009/07/29,Wed,5219.0,5271.0,5313.0,5147.5
2009/07/28,Tue,5285.5,5178.0,5306.0,5165.5
2009/07/27,Mon,5305.0,5242.5,5325.5,5217.5
2009/07/26,Sun,,,,
2009/07/25,Sat,,,,
2009/07/24,Fri,5229.0,5225.0,5307.0,5202.0
2009/07/23,Thu,5137.0,5249.0,5271.0,5102.0
2009/07/22,Wed,5117.0,5116.0,5142.0,5050.5
2009/07/21,Tue,5065.0,5092.0,5143.0,5029.5
2009/07/20,Mon,5037.0,5035.5,5063.0,5007.0
2009/07/19,Sun,,,,
2009/07/18,Sat,,,,
2009/07/17,Fri,5009.5,4988.0,5023.5,4960.0
2009/07/16,Thu,4921.0,4966.0,5022.5,4903.5
2009/07/15,Wed,4829.0,4921.0,4948.5,4812.5
2009/07/14,Tue,4737.5,4777.0,4804.5,4704.5
2009/07/13,Mon,4554.0,4706.0,4752.5,4521.0
2009/07/12,Sun,,,,
2009/07/11,Sat,,,,
2009/07/10,Fri,4602.0,4574.5,4646.5,4568.0
2009/07/09,Thu,4590.5,4622.0,4671.5,4588.5
2009/07/08,Wed,4575.0,4565.5,4633.0,4553.5
2009/07/07,Tue,4669.5,4596.0,4705.5,4573.0
2009/07/06,Mon,4668.5,4662.0,4693.5,4609.5
2009/07/05,Sun,,,,
2009/07/04,Sat,,,,
2009/07/03,Fri,4734.5,4696.0,4751.5,4685.5
2009/07/02,Thu,4862.0,4731.5,4881.5,4705.0
2009/07/01,Wed,4819.5,4895.5,4931.5,4807.0
2009/06/30,Tue,4884.5,4819.5,4908.0,4790.5
2009/06/29,Mon,4748.0,4884.5,4905.5,4741.0
2009/06/28,Sun,,,,
2009/06/27,Sat,,,,
2009/06/26,Fri,4821.0,4778.0,4869.5,4753.5
2009/06/25,Thu,4836.0,4802.0,4846.5,4721.0
2009/06/24,Wed,4724.0,4836.0,4844.0,4700.0
2009/06/23,Tue,4684.0,4707.5,4757.0,4673.0
2009/06/22,Mon,4850.0,4712.0,4867.0,4683.5
2009/06/21,Sun,,,,
2009/06/20,Sat,,,,
2009/06/19,Fri,4839.0,4841.2,4865.5,4815.5
2009/06/18,Thu,4816.0,4841.0,4858.0,4769.0
2009/06/17,Wed,4869.0,4808.0,4887.5,4760.0
2009/06/16,Tue,4890.0,4900.5,4934.5,4844.0
2009/06/15,Mon,5060.0,4898.5,5060.0,4881.0
2009/06/14,Sun,,,,
2009/06/13,Sat,,,,
2009/06/12,Fri,5092.5,5068.0,5107.5,5044.0
2009/06/11,Thu,5061.5,5110.0,5129.5,5038.5
2009/06/10,Wed,5041.5,5046.0,5136.0,5009.0
2009/06/09,Tue,5035.0,4999.0,5067.5,4979.0
2009/06/08,Mon,5053.0,5008.5,5061.0,4966.5
2009/06/07,Sun,,,,
2009/06/06,Sat,,,,
2009/06/05,Fri,5096.0,5082.0,5165.0,5046.5
2009/06/04,Thu,5055.0,5075.5,5123.5,5045.0
2009/06/03,Wed,5148.0,5061.5,5171.0,5017.0
2009/06/02,Tue,5110.0,5154.0,5179.5,5101.0
2009/06/01,Mon,5014.5,5136.5,5158.0,5008.0
2009/05/31,Sun,,,,
2009/05/30,Sat,,,,
2009/05/29,Fri,4975.0,4936.0,5012.0,4918.0
2009/05/28,Thu,4960.0,4942.5,4991.0,4884.0
2009/05/27,Wed,4987.5,5003.0,5037.5,4927.5
2009/05/26,Tue,4890.0,4994.0,5014.0,4804.0
2009/05/25,Mon,4914.5,4926.5,4943.0,4829.0
2009/05/24,Sun,,,,
2009/05/23,Sat,,,,
2009/05/22,Fri,4911.5,4919.5,4967.0,4870.0
2009/05/21,Thu,4975.0,4898.0,4991.5,4863.5
2009/05/20,Wed,4953.5,5035.5,5063.5,4939.0
2009/05/19,Tue,4892.5,4949.0,5014.5,4887.0
2009/05/18,Mon,4675.0,4846.5,4891.5,4659.0
2009/05/17,Sun,,,,
2009/05/16,Sat,,,,
2009/05/15,Fri,4751.0,4737.0,4777.0,4685.0
2009/05/14,Thu,4728.0,4740.0,4771.5,4656.5
2009/05/13,Wed,4909.5,4730.0,4913.5,4706.0
2009/05/12,Tue,4840.0,4863.0,4933.0,4821.5
2009/05/11,Mon,4923.0,4869.0,4937.0,4835.0
2009/05/10,Sun,,,,
2009/05/09,Sat,,,,
2009/05/08,Fri,4873.0,4919.0,4971.5,4852.0
2009/05/07,Thu,4928.5,4812.5,4985.0,4792.0
2009/05/06,Wed,4847.0,4890.0,4953.0,4831.0
2009/05/05,Tue,4906.0,4861.0,4936.0,4850.0
2009/05/04,Mon,4821.0,4899.5,4921.5,4810.0
2009/05/03,Sun,,,,
2009/05/02,Sat,,,,
2009/05/01,Fri,,,,
2009/04/30,Thu,4722.5,4798.5,4847.5,4713.5
2009/04/29,Wed,4640.0,4720.0,4744.0,4628.0
2009/04/28,Tue,4642.0,4624.0,4655.0,4555.5
2009/04/27,Mon,4637.5,4713.0,4723.5,4578.5
2009/04/26,Sun,,,,
2009/04/25,Sat,,,,
2009/04/24,Fri,4568.0,4675.5,4688.5,4556.0
2009/04/23,Thu,4569.0,4542.5,4616.5,4528.5
2009/04/22,Wed,4527.0,4600.0,4624.0,4464.0
2009/04/21,Tue,4513.0,4511.0,4558.0,4399.0
2009/04/20,Mon,4667.0,4499.0,4674.0,4467.0
2009/04/19,Sun,,,,
2009/04/18,Sat,,,,
2009/04/17,Fri,4620.0,4661.5,4699.0,4598.0
2009/04/16,Thu,4581.0,4613.0,4668.0,4538.5
2009/04/15,Wed,4508.0,4549.5,4609.0,4495.0
2009/04/14,Tue,4486.0,4553.0,4593.0,4471.0
2009/04/13,Mon,,,,
2009/04/12,Sun,,,,
2009/04/11,Sat,,,,
2009/04/10,Fri,,,,
2009/04/09,Thu,4417.0,4492.5,4520.0,4386.0
2009/04/08,Wed,4260.0,4366.5,4399.5,4232.0
2009/04/07,Tue,4392.0,4329.0,4398.0,4284.5
2009/04/06,Mon,4458.5,4340.0,4471.5,4314.0
2009/04/05,Sun,,,,
2009/04/04,Sat,,,,
2009/04/03,Fri,4376.5,4390.0,4470.0,4343.5
2009/04/02,Thu,4237.0,4389.0,4413.5,4225.0
2009/04/01,Wed,4059.0,4141.0,4189.0,4006.0
2009/03/31,Tue,4001.5,4102.0,4142.5,4001.5
2009/03/30,Mon,4170.0,4005.0,4170.0,3976.0
2009/03/29,Sun,,,,
2009/03/28,Sat,,,,
2009/03/27,Fri,4269.0,4212.5,4285.0,4167.5
2009/03/26,Thu,4255.0,4272.5,4310.5,4227.5
2009/03/25,Wed,4193.0,4235.5,4279.0,4145.5
2009/03/24,Tue,4241.0,4206.5,4263.0,4163.0
2009/03/23,Mon,4120.0,4189.5,4259.5,4109.5
2009/03/22,Sun,,,,
2009/03/21,Sat,,,,
2009/03/20,Fri,4007.0,4072.8,4084.0,3998.0
2009/03/19,Thu,4037.0,4045.5,4137.5,4002.5
2009/03/18,Wed,4049.0,3992.5,4088.5,3947.0
2009/03/17,Tue,4038.5,3989.5,4058.5,3947.0
2009/03/16,Mon,4005.0,4031.5,4073.0,3982.5
2009/03/15,Sun,,,,
2009/03/14,Sat,,,,
2009/03/13,Fri,4008.5,3958.5,4054.0,3936.5
2009/03/12,Thu,3874.5,3952.5,4012.0,3801.0
2009/03/11,Wed,3865.5,3911.5,3995.0,3828.0
2009/03/10,Tue,3681.5,3885.5,3908.0,3667.0
2009/03/09,Mon,3674.0,3696.0,3709.0,3588.5
2009/03/08,Sun,,,,
2009/03/07,Sat,,,,
2009/03/06,Fri,3713.5,3656.0,3772.0,3621.0
