日付,曜日,始値,終値,高値,安値
2026/08/07,Fri,65827.5,66292.5,66730.0,64697.5
2026/08/06,Thu,65610.0,65872.5,66375.0,64947.5
2026/08/05,Wed,65540.0,65527.5,66810.0,65450.0
2026/08/04,Tue,64185.0,65572.5,65867.5,62920.0
2026/08/03,Mon,63782.5,64225.0,64225.0,62107.5
2026/08/02,Sun,,,,
2026/08/01,Sat,,,,
2026/07/31,Fri,64342.5,62977.5,65507.5,62640.0
2026/07/30,Thu,61582.5,64355.0,64492.5,61320.0
2026/07/29,Wed,62722.5,61697.5,63232.5,60520.0
2026/07/28,Tue,63545.0,62785.0,63630.0,61922.5
2026/07/27,Mon,65345.0,63532.5,65345.0,63390.0
2026/07/26,Sun,,,,
2026/07/25,Sat,,,,
2026/07/24,Fri,65442.5,64327.5,65720.0,64227.5
2026/07/23,Thu,66710.0,65585.0,67095.0,65007.5
2026/07/22,Wed,67547.5,66630.0,67667.5,65645.0
2026/07/21,Tue,64897.5,67520.0,67552.5,64315.0
2026/07/20,Mon,65097.5,64907.5,65982.5,64635.0
2026/07/19,Sun,,,,
2026/07/18,Sat,,,,
2026/07/17,Fri,65500.0,65022.5,65790.0,62792.5
2026/07/16,Thu,67445.0,65560.0,67827.5,65542.5
2026/07/15,Wed,68377.5,67480.0,68922.5,67100.0
2026/07/14,Tue,66987.5,68392.5,68737.5,66382.5
2026/07/13,Mon,68525.0,66910.0,69202.5,66487.5
2026/07/12,Sun,,,,
2026/07/11,Sat,,,,
2026/07/10,Fri,69267.5,69335.0,69500.0,68262.5
2026/07/09,Thu,67767.5,69225.0,69305.0,67485.0
2026/07/08,Wed,67257.5,67797.5,68562.5,65430.0
2026/07/07,Tue,69657.5,67382.5,70102.5,67357.5
2026/07/06,Mon,70180.0,69655.0,70522.5,68962.5
2026/07/05,Sun,,,,
2026/07/04,Sat,,,,
2026/07/03,Fri,68417.5,69677.5,70032.5,67767.5
2026/07/02,Thu,69167.5,68547.5,70042.5,67622.5
2026/07/01,Wed,71325.0,69202.5,72112.5,69180.0
2026/06/30,Tue,70717.5,71255.0,71392.5,69480.0
2026/06/29,Mon,69795.0,70695.0,70865.0,68190.0
2026/06/28,Sun,,,,
2026/06/27,Sat,,,,
2026/06/26,Fri,70985.0,69660.0,71425.0,68777.5
2026/06/25,Thu,71465.0,70882.5,72715.0,70780.0
2026/06/24,Wed,69665.0,71347.5,71482.5,68590.0
2026/06/23,Tue,72725.0,69617.5,72855.0,68410.0
2026/06/22,Mon,71390.0,72807.5,73765.0,71360.0
2026/06/21,Sun,,,,
2026/06/20,Sat,,,,
2026/06/19,Fri,72237.5,71887.5,72237.5,70820.0
2026/06/18,Thu,70607.5,72290.0,72325.0,70455.0
2026/06/17,Wed,68955.0,70452.5,71002.5,68955.0
2026/06/16,Tue,69545.0,68935.0,70142.5,68930.0
2026/06/15,Mon,68605.0,69657.5,69900.0,68532.5
2026/06/14,Sun,,,,
2026/06/13,Sat,,,,
2026/06/12,Fri,66885.0,67425.0,67537.5,65957.5
2026/06/11,Thu,62740.0,66962.5,67102.5,62475.0
2026/06/10,Wed,64637.5,62720.0,65252.5,62630.0
2026/06/09,Tue,65247.5,64457.5,66277.5,63270.0
2026/06/08,Mon,63960.0,65215.0,66067.5,63552.5
2026/06/07,Sun,,,,
2026/06/06,Sat,,,,
2026/06/05,Fri,66992.5,63850.0,67167.5,63510.0
2026/06/04,Thu,67587.5,67017.5,67907.5,66932.5
2026/06/03,Wed,67775.0,67760.0,68797.5,67172.5
2026/06/02,Tue,67155.0,67702.5,67752.5,65590.0
2026/06/01,Mon,66332.5,67182.5,67582.5,66327.5
2026/05/31,Sun,,,,
2026/05/30,Sat,,,,
2026/05/29,Fri,65772.5,66245.0,66660.0,65597.5
2026/05/28,Thu,64597.5,65767.5,65915.0,63922.5
2026/05/27,Wed,66257.5,64710.0,66515.0,64710.0
2026/05/26,Tue,65390.0,66090.0,66240.0,64652.5
2026/05/25,Mon,64032.5,65372.5,65690.0,63852.5
2026/05/24,Sun,,,,
2026/05/23,Sat,,,,
2026/05/22,Fri,62427.5,63295.0,63802.5,62347.5
2026/05/21,Thu,61387.5,62347.5,62417.5,61030.0
2026/05/20,Wed,60467.5,61370.0,61560.0,59347.5
2026/05/19,Tue,61375.0,60592.5,61517.5,59970.0
2026/05/18,Mon,61745.0,61300.0,61830.0,60417.5
2026/05/17,Sun,,,,
2026/05/16,Sat,,,,
2026/05/15,Fri,62985.0,61825.0,63282.5,60997.5
2026/05/14,Thu,63687.5,62930.0,63852.5,62555.0
2026/05/13,Wed,62322.5,63727.5,63742.5,62282.5
2026/05/12,Tue,62877.5,62287.5,63265.0,61792.5
2026/05/11,Mon,63462.5,62835.0,63517.5,62362.5
2026/05/10,Sun,,,,
2026/05/09,Sat,,,,
2026/05/08,Fri,62615.0,63782.5,63882.5,62147.5
2026/05/07,Thu,61955.0,62387.5,63385.0,61865.0
2026/05/06,Wed,61057.5,61860.0,62370.0,61002.5
2026/05/05,Tue,59405.0,61087.5,61270.0,59325.0
2026/05/04,Mon,59492.5,59385.0,60040.0,59142.5
2026/05/03,Sun,,,,
2026/05/02,Sat,,,,
2026/05/01,Fri,59740.0,59305.0,59765.0,59110.0
2026/04/30,Thu,59225.0,59697.5,59912.5,58860.0
2026/04/29,Wed,59345.0,59210.0,59545.0,58617.5
2026/04/28,Tue,60457.5,59327.5,60520.0,58915.0
2026/04/27,Mon,60155.0,60455.0,60977.5,59682.5
2026/04/26,Sun,,,,
2026/04/25,Sat,,,,
2026/04/24,Fri,59520.0,60112.5,60145.0,59330.0
2026/04/23,Thu,59992.5,59372.5,60267.5,58370.0
2026/04/22,Wed,59145.0,60042.5,60052.5,59095.0
2026/04/21,Tue,59177.5,59092.5,59712.5,58337.5
2026/04/20,Mon,59005.0,59122.5,59435.0,58697.5
2026/04/19,Sun,,,,
2026/04/18,Sat,,,,
2026/04/17,Fri,59347.5,59762.5,60105.0,58622.5
2026/04/16,Thu,58672.5,59377.5,59792.5,58637.5
2026/04/15,Wed,58757.5,58615.0,58767.5,58137.5
2026/04/14,Tue,57507.5,58770.0,58897.5,57457.5
2026/04/13,Mon,56462.5,57492.5,57830.0,56330.0
2026/04/12,Sun,,,,
2026/04/11,Sat,,,,
2026/04/10,Fri,56602.5,57472.5,57480.0,56577.5
2026/04/09,Thu,56452.5,56680.0,56870.0,55777.5
2026/04/08,Wed,56235.0,56495.0,57357.5,55707.5
2026/04/07,Tue,53752.5,56267.5,56442.5,52860.0
2026/04/06,Mon,53290.0,53785.0,54190.0,53275.0
2026/04/05,Sun,,,,
2026/04/04,Sat,,,,
2026/04/03,Fri,53265.0,53307.5,53605.0,52992.5
2026/04/02,Thu,54265.0,53162.5,54357.5,52225.0
2026/04/01,Wed,53327.5,54285.0,54722.5,52782.5
2026/03/31,Tue,51070.0,53255.0,53260.0,50637.5
2026/03/30,Mon,50877.5,51007.5,52252.5,50490.0
2026/03/29,Sun,,,,
2026/03/28,Sat,,,,
2026/03/27,Fri,52647.5,51242.5,53437.5,51207.5
2026/03/26,Thu,53647.5,52635.0,53922.5,52080.0
2026/03/25,Wed,53247.5,53635.0,54125.0,53142.5
2026/03/24,Tue,52740.0,53237.5,53372.5,51390.0
2026/03/23,Mon,50982.5,52757.5,54057.5,50425.0
2026/03/22,Sun,,,,
2026/03/21,Sat,,,,
2026/03/20,Fri,53157.5,51065.0,53455.0,50892.5
2026/03/19,Thu,53397.5,53187.5,53717.5,51675.0
2026/03/18,Wed,54037.5,53470.0,55097.5,53140.0
2026/03/17,Tue,54112.5,54112.5,54397.5,53247.5
2026/03/16,Mon,53450.0,54100.0,54377.5,52885.0
2026/03/15,Sun,,,,
2026/03/14,Sat,,,,
2026/03/13,Fri,53172.5,52952.5,54060.0,52485.0
2026/03/12,Thu,54017.5,53322.5,54575.0,53280.0
2026/03/11,Wed,54952.5,53945.0,55547.5,53572.5
2026/03/10,Tue,54047.5,54867.5,55585.0,53337.5
2026/03/09,Mon,52065.0,53962.5,54727.5,51177.5
2026/03/08,Sun,,,,
2026/03/07,Sat,,,,
2026/03/06,Fri,54350.0,53802.5,55567.5,53530.0
2026/03/05,Thu,56032.5,54480.0,56422.5,53742.5
2026/03/04,Wed,54867.5,55937.5,56270.0,53437.5
2026/03/03,Tue,57512.5,54982.5,57685.0,53407.5
2026/03/02,Mon,57297.5,57472.5,58197.5,56880.0
2026/03/01,Sun,,,,
2026/02/28,Sat,,,,
2026/02/27,Fri,58420.0,58707.5,59420.0,58172.5
2026/02/26,Thu,59297.5,58402.5,59370.0,58280.0
2026/02/25,Wed,57912.5,59270.0,59710.0,57757.5
2026/02/24,Tue,56700.0,57940.0,58137.5,56685.0
2026/02/23,Mon,56982.5,56665.0,57167.5,56467.5
2026/02/22,Sun,,,,
2026/02/21,Sat,,,,
2026/02/20,Fri,57085.0,57165.0,57275.0,56662.5
2026/02/19,Thu,57550.0,57020.0,57727.5,56775.0
2026/02/18,Wed,56845.0,57505.0,57752.5,56780.0
2026/02/17,Tue,56870.0,56830.0,57205.0,56152.5
2026/02/16,Mon,57412.5,56852.5,57412.5,56707.5
2026/02/15,Sun,,,,
2026/02/14,Sat,,,,
2026/02/13,Fri,56890.0,57612.5,57702.5,56677.5
2026/02/12,Thu,57887.5,57082.5,58057.5,56555.0
2026/02/11,Wed,58082.5,58002.5,58522.5,57755.0
2026/02/10,Tue,57100.0,58052.5,58482.5,57100.0
2026/02/09,Mon,57425.0,57140.0,57617.5,56087.5
2026/02/08,Sun,,,,
2026/02/07,Sat,,,,
2026/02/06,Fri,53347.5,56455.0,56467.5,52972.5
2026/02/05,Thu,54295.0,53347.5,54500.0,53252.5
2026/02/04,Wed,54155.0,54332.5,55117.5,53992.5
2026/02/03,Tue,54027.5,54082.5,54830.0,53517.5
2026/02/02,Mon,53612.5,54010.0,54280.0,52560.0
2026/02/01,Sun,,,,
2026/01/31,Sat,,,,
2026/01/30,Fri,53295.0,53477.5,53802.5,52920.0
2026/01/29,Thu,54062.5,53292.5,54062.5,52397.5
2026/01/28,Wed,52972.5,54057.5,54132.5,52815.0
2026/01/27,Tue,52920.0,52965.0,53392.5,52662.5
2026/01/26,Mon,52672.5,52855.0,53167.5,52210.0
2026/01/25,Sun,,,,
2026/01/24,Sat,,,,
2026/01/23,Fri,53987.5,52920.0,54085.0,52872.5
2026/01/22,Thu,53620.0,54012.5,54155.0,53325.0
2026/01/21,Wed,52037.5,53585.0,53595.0,52037.5
2026/01/20,Tue,53445.0,51925.0,53455.0,51867.5
2026/01/19,Mon,53402.5,53430.0,53732.5,53130.0
2026/01/18,Sun,,,,
2026/01/17,Sat,,,,
2026/01/16,Fri,54122.5,53712.5,54172.5,53592.5
2026/01/15,Thu,54017.5,54092.5,54502.5,53765.0
2026/01/14,Wed,53970.0,54012.5,54570.0,53692.5
2026/01/13,Tue,53892.5,53952.5,54192.5,53512.5
2026/01/12,Mon,53832.5,53972.5,54227.5,53677.5
2026/01/11,Sun,,,,
2026/01/10,Sat,,,,
2026/01/09,Fri,51505.0,53617.5,53860.0,51375.0
2026/01/08,Thu,51797.5,51427.5,51900.0,51095.0
2026/01/07,Wed,52222.5,51797.5,52462.5,51762.5
2026/01/06,Tue,52242.5,52222.5,52710.0,51960.0
2026/01/05,Mon,51290.0,52187.5,52305.0,51290.0
2026/01/04,Sun,,,,
2026/01/03,Sat,,,,
2026/01/02,Fri,50587.5,51077.5,51347.5,50567.5
2026/01/01,Thu,50560.0,50577.5,50577.5,50485.0
2025/12/31,Wed,50530.0,50560.0,50790.0,50292.5
2025/12/30,Tue,50357.5,50537.5,50730.0,50255.0
2025/12/29,Mon,50757.5,50347.5,50777.5,50247.5
2025/12/28,Sun,,,,
2025/12/27,Sat,,,,
2025/12/26,Fri,50527.5,50685.0,50972.5,50430.0
2025/12/25,Thu,50530.0,50547.5,50555.0,50437.5
2025/12/24,Wed,50547.5,50475.0,50672.5,50242.5
2025/12/23,Tue,50452.5,50550.0,50712.5,50287.5
2025/12/22,Mon,50467.5,50435.0,50625.0,50165.0
2025/12/21,Sun,,,,
2025/12/20,Sat,,,,
2025/12/19,Fri,49417.5,50305.0,50457.5,49287.5
2025/12/18,Thu,48837.5,49387.5,49575.0,48675.0
2025/12/17,Wed,49537.5,48830.0,49777.5,48830.0
2025/12/16,Tue,50047.5,49582.5,50067.5,49395.0
2025/12/15,Mon,50067.5,49997.5,50412.5,49917.5
2025/12/14,Sun,,,,
2025/12/13,Sat,,,,
2025/12/12,Fri,50687.5,49995.0,51172.5,49747.5
2025/12/11,Thu,50832.5,50797.5,50947.5,49967.5
2025/12/10,Wed,50905.0,50867.5,51155.0,50370.0
2025/12/09,Tue,50675.0,50915.0,51075.0,50447.5
2025/12/08,Mon,50752.5,50582.5,50752.5,50220.0
2025/12/07,Sun,,,,
2025/12/06,Sat,,,,
2025/12/05,Fri,50487.5,50667.5,50850.0,50227.5
2025/12/04,Thu,49925.0,50487.5,51057.5,49907.5
2025/12/03,Wed,49602.5,49892.5,50165.0,49297.5
2025/12/02,Tue,49567.5,49610.0,49740.0,49205.0
2025/12/01,Mon,50310.0,49595.0,50385.0,49067.5
2025/11/30,Sun,,,,
2025/11/29,Sat,,,,
2025/11/28,Fri,50225.0,50280.0,50347.5,50022.5
2025/11/27,Thu,49977.5,50220.0,50347.5,49960.0
2025/11/26,Wed,49010.0,49972.5,50200.0,48987.5
2025/11/25,Tue,49487.5,49040.0,49487.5,48265.0
2025/11/24,Mon,48925.0,49517.5,49727.5,48652.5
2025/11/23,Sun,,,,
2025/11/22,Sat,,,,
2025/11/21,Fri,48337.5,48787.5,49067.5,48025.0
2025/11/20,Thu,50285.0,48407.5,50615.0,48172.5
2025/11/19,Wed,48865.0,50222.5,50245.0,48275.0
2025/11/18,Tue,49762.5,48912.5,49967.5,48375.0
2025/11/17,Mon,50195.0,49785.0,50495.0,49497.5
2025/11/16,Sun,,,,
2025/11/15,Sat,,,,
2025/11/14,Fri,50050.0,50420.0,50760.0,49700.0
2025/11/13,Thu,51005.0,50075.0,51367.5,50020.0
2025/11/12,Wed,50870.0,51022.5,51435.0,50590.0
2025/11/11,Tue,51432.5,50910.0,51552.5,50612.5
2025/11/10,Mon,50822.5,51415.0,51450.0,50472.5
2025/11/09,Sun,,,,
2025/11/08,Sat,,,,
2025/11/07,Fri,50140.0,50405.0,50505.0,49522.5
2025/11/06,Thu,51175.0,50147.5,51305.0,50037.5
2025/11/05,Wed,50630.0,51140.0,51382.5,49127.5
2025/11/04,Tue,52445.0,50750.0,52697.5,50715.0
2025/11/03,Mon,52417.5,52400.0,52640.0,52165.0
2025/11/02,Sun,,,,
2025/11/01,Sat,,,,
2025/10/31,Fri,51750.0,52295.0,52675.0,51745.0
2025/10/30,Thu,51185.0,51722.5,51880.0,51027.5
2025/10/29,Wed,50767.5,51162.5,51555.0,50692.5
2025/10/28,Tue,50392.5,50737.5,50807.5,50155.0
2025/10/27,Mon,50082.5,50390.0,50682.5,50007.5
2025/10/26,Sun,,,,
2025/10/25,Sat,,,,
2025/10/24,Fri,49162.5,49555.0,49662.5,49012.5
2025/10/23,Thu,48685.0,49127.5,49157.5,48452.5
2025/10/22,Wed,49265.0,48725.0,49690.0,48452.5
2025/10/21,Tue,49772.5,49285.0,50010.0,49130.0
2025/10/20,Mon,48505.0,49847.5,49850.0,48330.0
2025/10/19,Sun,,,,
2025/10/18,Sat,,,,
2025/10/17,Fri,47800.0,48292.5,48295.0,47025.0
2025/10/16,Thu,48167.5,47775.0,48537.5,47680.0
2025/10/15,Wed,47057.5,48135.0,48287.5,46965.0
2025/10/14,Tue,47285.0,47062.5,47920.0,46500.0
2025/10/13,Mon,46597.5,47242.5,47255.0,46365.0
2025/10/12,Sun,,,,
2025/10/11,Sat,,,,
2025/10/10,Fri,48715.0,45245.0,48715.0,45197.5
2025/10/09,Thu,48222.5,48667.5,48945.0,48092.5
2025/10/08,Wed,47967.5,48210.0,48242.5,47750.0
2025/10/07,Tue,48432.5,47947.5,48587.5,47832.5
2025/10/06,Mon,47622.5,48425.0,48725.0,47340.0
2025/10/05,Sun,,,,
2025/10/04,Sat,,,,
2025/10/03,Fri,45162.5,46080.0,46220.0,45135.0
2025/10/02,Thu,44957.5,45145.0,45235.0,44730.0
2025/10/01,Wed,44860.0,44952.5,44952.5,44372.5
2025/09/30,Tue,45110.0,44840.0,45182.5,44625.0
2025/09/29,Mon,45207.5,45122.5,45275.0,44932.5
2025/09/28,Sun,,,,
2025/09/27,Sat,,,,
2025/09/26,Fri,45377.5,45200.0,45515.0,44925.0
2025/09/25,Thu,45387.5,45380.0,45580.0,45020.0
2025/09/24,Wed,45202.5,45382.5,45602.5,44975.0
2025/09/23,Tue,45487.5,45237.5,45655.0,45225.0
2025/09/22,Mon,45005.0,45490.0,45535.0,44992.5
2025/09/21,Sun,,,,
2025/09/20,Sat,,,,
2025/09/19,Fri,45575.0,45047.5,45640.0,44247.5
2025/09/18,Thu,44732.5,45560.0,45710.0,44580.0
2025/09/17,Wed,44542.5,44720.0,44842.5,44350.0
2025/09/16,Tue,44712.5,44547.5,44825.0,44380.0
2025/09/15,Mon,44470.0,44702.5,44737.5,44382.5
2025/09/14,Sun,,,,
2025/09/13,Sat,,,,
2025/09/12,Fri,44620.0,44437.5,44682.5,44320.0
2025/09/11,Thu,43700.0,44632.5,44647.5,43632.5
2025/09/10,Wed,43272.5,43705.0,43790.0,43247.5
2025/09/09,Tue,43672.5,43267.5,43972.5,42852.5
2025/09/08,Mon,43315.0,43642.5,43807.5,43117.5
2025/09/07,Sun,,,,
2025/09/06,Sat,,,,
2025/09/05,Fri,43025.0,42905.0,43237.5,42587.5
2025/09/04,Thu,42060.0,43025.0,43035.0,42030.0
2025/09/03,Wed,42072.5,42065.0,42300.0,41870.0
2025/09/02,Tue,42330.0,42095.0,42487.5,41715.0
2025/09/01,Mon,42305.0,42327.5,42470.0,41780.0
2025/08/31,Sun,,,,
2025/08/30,Sat,,,,
2025/08/29,Fri,42802.5,42107.5,42817.5,42032.5
2025/08/28,Thu,42342.5,42805.0,43045.0,42277.5
2025/08/27,Wed,42477.5,42342.5,42615.0,42255.0
2025/08/26,Tue,42640.0,42465.0,42697.5,42122.5
2025/08/25,Mon,43082.5,42637.5,43197.5,42512.5
2025/08/24,Sun,,,,
2025/08/23,Sat,,,,
2025/08/22,Fri,42657.5,42957.5,43107.5,42320.0
2025/08/21,Thu,42795.0,42647.5,42917.5,42507.5
2025/08/20,Wed,43217.5,42797.5,43227.5,42562.5
2025/08/19,Tue,43820.0,43222.5,43880.0,43222.5
2025/08/18,Mon,43460.0,43827.5,43937.5,43385.0
2025/08/17,Sun,,,,
2025/08/16,Sat,,,,
2025/08/15,Fri,42775.0,43395.0,43497.5,42732.5
2025/08/14,Thu,43075.0,42772.5,43205.0,42522.5
2025/08/13,Wed,43202.5,43085.0,43482.5,43020.0
2025/08/12,Tue,42222.5,43207.5,43370.0,42222.5
2025/08/11,Mon,42252.5,42210.0,42490.0,42192.5
2025/08/10,Sun,,,,
2025/08/09,Sat,,,,
2025/08/08,Fri,41212.5,42290.0,42390.0,41210.0
2025/08/07,Thu,40645.0,41225.0,41342.5,40635.0
2025/08/06,Wed,40422.5,40650.0,40905.0,40422.5
2025/08/05,Tue,40507.5,40430.0,40677.5,40342.5
2025/08/04,Mon,39857.5,40535.0,40642.5,39747.5
2025/08/03,Sun,,,,
2025/08/02,Sat,,,,
2025/08/01,Fri,40710.0,39927.5,41010.0,39735.0
2025/07/31,Thu,40737.5,40720.0,41287.5,40580.0
2025/07/30,Wed,40755.0,40742.5,40862.5,40487.5
2025/07/29,Tue,40805.0,40757.5,40960.0,40562.5
2025/07/28,Mon,41457.5,40805.0,41457.5,40677.5
2025/07/27,Sun,,,,
2025/07/26,Sat,,,,
2025/07/25,Fri,41692.5,41380.0,41750.0,41280.0
2025/07/24,Thu,41742.5,41682.5,42082.5,41537.5
2025/07/23,Wed,40400.0,41755.0,41760.0,40265.0
2025/07/22,Tue,39802.5,40380.0,40442.5,39455.0
2025/07/21,Mon,39820.0,39795.0,39930.0,39670.0
2025/07/20,Sun,,,,
2025/07/19,Sat,,,,
2025/07/18,Fri,40102.5,39715.0,40102.5,39630.0
2025/07/17,Thu,39430.0,40100.0,40135.0,39350.0
2025/07/16,Wed,39700.0,39430.0,39915.0,39132.5
2025/07/15,Tue,39522.5,39682.5,39817.5,39372.5
2025/07/14,Mon,39392.5,39517.5,39602.5,39292.5
2025/07/13,Sun,,,,
2025/07/12,Sat,,,,
2025/07/11,Fri,39900.0,39462.5,39957.5,39270.0
2025/07/10,Thu,39795.0,39895.0,39900.0,39537.5
2025/07/09,Wed,39950.0,39800.0,39987.5,39572.5
2025/07/08,Tue,39510.0,39952.5,40050.0,39500.0
2025/07/07,Mon,39750.0,39507.5,39915.0,39345.0
2025/07/06,Sun,,,,
2025/07/05,Sat,,,,
2025/07/04,Fri,39967.5,39742.5,40005.0,39607.5
2025/07/03,Thu,39807.5,39965.0,40135.0,39655.0
2025/07/02,Wed,39465.0,39802.5,39952.5,39450.0
2025/07/01,Tue,40332.5,39460.0,40350.0,39432.5
2025/06/30,Mon,40612.5,40325.0,40872.5,40222.5
2025/06/29,Sun,,,,
2025/06/28,Sat,,,,
2025/06/27,Fri,39942.5,40570.0,40647.5,39895.0
2025/06/26,Thu,39035.0,39930.0,39965.0,39035.0
2025/06/25,Wed,38875.0,39015.0,39135.0,38680.0
2025/06/24,Tue,38807.5,38862.5,38967.5,38597.5
2025/06/23,Mon,38195.0,38770.0,38835.0,38005.0
2025/06/22,Sun,,,,
2025/06/21,Sat,,,,
2025/06/20,Fri,38445.0,38375.0,38620.0,38227.5
2025/06/19,Thu,38822.5,38450.0,38837.5,38362.5
2025/06/18,Wed,38317.5,38817.5,38955.0,38317.5
2025/06/17,Tue,38330.0,38315.0,38560.0,38162.5
2025/06/16,Mon,38030.0,38335.0,38607.5,38030.0
2025/06/15,Sun,,,,
2025/06/14,Sat,,,,
2025/06/13,Fri,37940.0,37930.0,38145.0,37852.5
2025/06/12,Thu,38302.5,38190.0,38402.5,37972.5
2025/06/11,Wed,38420.0,38290.0,38765.0,38237.5
2025/06/10,Tue,38275.0,38420.0,38500.0,38125.0
2025/06/09,Mon,38040.0,38270.0,38332.5,38035.0
2025/06/08,Sun,,,,
2025/06/07,Sat,,,,
2025/06/06,Fri,37555.0,38012.5,38155.0,37555.0
2025/06/05,Thu,37565.0,37550.0,37730.0,37307.5
2025/06/04,Wed,37715.0,37572.5,37875.0,37482.5
2025/06/03,Tue,37627.5,37717.5,37787.5,37365.0
2025/06/02,Mon,37610.0,37617.5,37842.5,37275.0
2025/06/01,Sun,,,,
2025/05/31,Sat,,,,
2025/05/30,Fri,37820.0,37680.0,38117.5,37390.0
2025/05/29,Thu,38190.0,37805.0,38465.0,37715.0
2025/05/28,Wed,38150.0,38165.0,38415.0,37657.5
2025/05/27,Tue,37547.5,38172.5,38385.0,37420.0
2025/05/26,Mon,37225.0,37555.0,37662.5,37170.0
2025/05/25,Sun,,,,
2025/05/24,Sat,,,,
2025/05/23,Fri,37120.0,36862.5,37382.5,36465.0
2025/05/22,Thu,36900.0,37125.0,37212.5,36705.0
2025/05/21,Wed,37615.0,36895.0,37670.0,36822.5
2025/05/20,Tue,37747.5,37625.0,37940.0,37397.5
2025/05/19,Mon,37620.0,37730.0,37735.0,37247.5
2025/05/18,Sun,,,,
2025/05/17,Sat,,,,
2025/05/16,Fri,37767.5,37807.5,37997.5,37490.0
2025/05/15,Thu,37785.0,37760.0,37875.0,37592.5
2025/05/14,Wed,38347.5,37777.5,38385.0,37587.5
2025/05/13,Tue,38545.0,38342.5,38565.0,38027.5
2025/05/12,Mon,37727.5,38555.0,38792.5,37445.0
2025/05/11,Sun,,,,
2025/05/10,Sat,,,,
2025/05/09,Fri,37485.0,37462.5,37657.5,37282.5
2025/05/08,Thu,36957.5,37462.5,37682.5,36700.0
2025/05/07,Wed,36975.0,36947.5,37077.5,36587.5
2025/05/06,Tue,37102.5,36970.0,37202.5,36632.5
2025/05/05,Mon,37035.0,37105.0,37342.5,36920.0
2025/05/04,Sun,,,,
2025/05/03,Sat,,,,
2025/05/02,Fri,36662.5,37215.0,37240.0,36645.0
2025/05/01,Thu,36222.5,36650.0,37067.5,36065.0
2025/04/30,Wed,35960.0,36220.0,36350.0,35622.5
2025/04/29,Tue,35977.5,35950.0,36225.0,35855.0
2025/04/28,Mon,35985.0,35965.0,36100.0,35712.5
2025/04/27,Sun,,,,
2025/04/26,Sat,,,,
2025/04/25,Fri,35500.0,36000.0,36045.0,35430.0
2025/04/24,Thu,35302.5,35495.0,35660.0,34792.5
2025/04/23,Wed,35275.0,35315.0,35495.0,34705.0
2025/04/22,Tue,34210.0,35282.5,35490.0,34140.0
2025/04/21,Mon,34545.0,34200.0,34630.0,33857.5
2025/04/20,Sun,,,,
2025/04/19,Sat,,,,
2025/04/18,Fri,,,,
2025/04/17,Thu,34040.0,34522.5,34742.5,33960.0
2025/04/16,Wed,34237.5,34040.0,34355.0,33602.5
2025/04/15,Tue,34375.0,34255.0,34632.5,34212.5
2025/04/14,Mon,34030.0,34357.5,34502.5,33912.5
2025/04/13,Sun,,,,
2025/04/12,Sat,,,,
2025/04/11,Fri,32950.0,33707.5,33740.0,32647.5
2025/04/10,Thu,34812.5,33057.5,34960.0,32470.0
2025/04/09,Wed,32222.5,34832.5,35222.5,31120.0
2025/04/08,Tue,32657.5,32227.5,33925.0,31737.5
2025/04/07,Mon,31055.0,32665.0,33692.5,30490.0
2025/04/06,Sun,,,,
2025/04/05,Sat,,,,
2025/04/04,Fri,33977.5,32237.5,34342.5,31972.5
2025/04/03,Thu,33865.0,33975.0,34870.0,33605.0
2025/04/02,Wed,35772.5,33782.5,36477.5,33407.5
2025/04/01,Tue,35980.0,35775.0,36082.5,35132.5
2025/03/31,Mon,36132.5,35982.5,36147.5,35475.0
2025/03/30,Sun,,,,
2025/03/29,Sat,,,,
2025/03/28,Fri,37390.0,36317.5,37395.0,36302.5
2025/03/27,Thu,37430.0,37395.0,37590.0,37252.5
2025/03/26,Wed,37860.0,37425.0,37967.5,37252.5
2025/03/25,Tue,37715.0,37862.5,37900.0,37432.5
2025/03/24,Mon,37560.0,37720.0,37765.0,37317.5
2025/03/23,Sun,,,,
2025/03/22,Sat,,,,
2025/03/21,Fri,37365.0,37307.5,37720.0,37102.5
2025/03/20,Thu,37657.5,37375.0,37657.5,37157.5
2025/03/19,Wed,37575.0,37655.0,37872.5,37300.0
2025/03/18,Tue,37680.0,37565.0,37752.5,37392.5
2025/03/17,Mon,37245.0,37690.0,37777.5,37120.0
2025/03/16,Sun,,,,
2025/03/15,Sat,,,,
2025/03/14,Fri,36467.5,37252.5,37367.5,36282.5
2025/03/13,Thu,36882.5,36470.0,37070.0,36302.5
2025/03/12,Wed,36482.5,36870.0,36960.0,36410.0
2025/03/11,Tue,36067.5,36475.0,36680.0,35725.0
2025/03/10,Mon,36710.0,36062.5,36905.0,35925.0
2025/03/09,Sun,,,,
2025/03/08,Sat,,,,
2025/03/07,Fri,37037.5,37200.0,37322.5,36237.5
2025/03/06,Thu,37415.0,36800.0,37882.5,36607.5
2025/03/05,Wed,37095.0,37665.0,37832.5,36862.5
2025/03/04,Tue,37090.0,37335.0,37555.0,36030.0
2025/03/03,Mon,37715.0,37102.5,38257.5,36865.0
2025/03/02,Sun,,,,
2025/03/01,Sat,,,,
2025/02/28,Fri,37682.5,37590.0,37727.5,36845.0
2025/02/27,Thu,38275.0,37670.0,38400.0,37562.5
2025/02/26,Wed,38085.0,38287.5,38475.0,37725.0
2025/02/25,Tue,38107.5,38090.0,38477.5,37675.0
2025/02/24,Mon,38327.5,38110.0,38377.5,37875.0
2025/02/23,Sun,,,,
2025/02/22,Sat,,,,
2025/02/21,Fri,38507.5,38147.5,38867.5,38052.5
2025/02/20,Thu,38922.5,38552.5,38952.5,38385.0
2025/02/19,Wed,39212.5,38912.5,39290.0,38757.5
2025/02/18,Tue,39157.5,39205.0,39497.5,39142.5
2025/02/17,Mon,39067.5,39150.0,39235.0,38987.5
2025/02/16,Sun,,,,
2025/02/15,Sat,,,,
2025/02/14,Fri,39505.0,39132.5,39585.0,38992.5
2025/02/13,Thu,39192.5,39510.0,39595.0,39115.0
2025/02/12,Wed,39030.0,39190.0,39250.0,38762.5
2025/02/11,Tue,38847.5,39047.5,39122.5,38760.0
2025/02/10,Mon,38740.0,38852.5,38967.5,38612.5
2025/02/09,Sun,,,,
2025/02/08,Sat,,,,
2025/02/07,Fri,38880.0,38417.5,39007.5,38330.0
2025/02/06,Thu,38900.0,38912.5,39190.0,38832.5
2025/02/05,Wed,38977.5,38902.5,39115.0,38567.5
2025/02/04,Tue,39267.5,38965.0,39307.5,38587.5
2025/02/03,Mon,38640.0,39262.5,39290.0,38377.5
2025/02/02,Sun,,,,
2025/02/01,Sat,,,,
2025/01/31,Fri,39617.5,39307.5,39822.5,39287.5
2025/01/30,Thu,39297.5,39627.5,39707.5,39215.0
2025/01/29,Wed,39375.0,39287.5,39625.0,39125.0
2025/01/28,Tue,39170.0,39362.5,39450.0,38887.5
2025/01/27,Mon,40217.5,39172.5,40282.5,38657.5
2025/01/26,Sun,,,,
2025/01/25,Sat,,,,
2025/01/24,Fri,39987.5,40482.5,40617.5,39817.5
2025/01/23,Thu,39797.5,39982.5,40042.5,39680.0
2025/01/22,Wed,39372.5,39795.0,39950.0,39335.0
2025/01/21,Tue,39172.5,39342.5,39392.5,38637.5
2025/01/20,Mon,38715.0,39160.0,39202.5,38715.0
2025/01/19,Sun,,,,
2025/01/18,Sat,,,,
2025/01/17,Fri,38472.5,38800.0,38922.5,38062.5
2025/01/16,Thu,38767.5,38482.5,38950.0,38265.0
2025/01/15,Wed,38540.0,38390.0,38820.0,38320.0
2025/01/14,Tue,39280.0,38500.0,39330.0,38310.0
2025/01/13,Mon,38767.5,38952.5,38965.0,38135.0
2025/01/12,Sun,,,,
2025/01/11,Sat,,,,
2025/01/10,Fri,39480.0,39250.0,39610.0,39160.0
2025/01/09,Thu,39960.0,39560.0,40060.0,39380.0
2025/01/08,Wed,40000.0,39960.0,40210.0,39650.0
2025/01/07,Tue,39360.0,40000.0,40320.0,39340.0
2025/01/06,Mon,39930.0,39340.0,40010.0,39220.0
2025/01/05,Sun,,,,
2025/01/04,Sat,,,,
2025/01/03,Fri,39357.5,39535.0,39635.0,39227.5
2025/01/02,Thu,39552.5,39362.5,39685.0,39190.0
2025/01/01,Wed,39422.5,39552.5,39605.0,39422.5
2024/12/31,Tue,39485.0,39375.0,39527.5,39177.5
2024/12/30,Mon,40180.0,39900.0,40360.0,39880.0
2024/12/29,Sun,,,,
2024/12/28,Sat,,,,
2024/12/27,Fri,39460.0,40230.0,40460.0,39340.0
2024/12/26,Thu,39170.0,39490.0,39600.0,39080.0
2024/12/25,Wed,39110.0,39200.0,39300.0,38940.0
2024/12/24,Tue,39180.0,39120.0,39310.0,38870.0
2024/12/23,Mon,38720.0,39190.0,39220.0,38340.0
2024/12/22,Sun,,,,
2024/12/21,Sat,,,,
2024/12/20,Fri,39190.0,38710.0,39360.0,38690.0
2024/12/19,Thu,39240.0,39080.0,39440.0,38210.0
2024/12/18,Wed,39360.0,39200.0,39470.0,39090.0
2024/12/17,Tue,39430.0,39400.0,39780.0,39340.0
2024/12/16,Mon,39500.0,39460.0,39740.0,39370.0
2024/12/15,Sun,,,,
2024/12/14,Sat,,,,
2024/12/13,Fri,39850.0,39470.0,39880.0,39240.0
2024/12/12,Thu,39370.0,39810.0,40150.0,39230.0
2024/12/11,Wed,39390.0,39410.0,39500.0,39130.0
2024/12/10,Tue,39310.0,39410.0,39520.0,39170.0
2024/12/09,Mon,39100.0,39210.0,39450.0,38980.0
2024/12/08,Sun,,,,
2024/12/07,Sat,,,,
2024/12/06,Fri,39420.0,39030.0,39630.0,38940.0
2024/12/05,Thu,39350.0,39380.0,39760.0,39330.0
2024/12/04,Wed,39180.0,39260.0,39420.0,38850.0
2024/12/03,Tue,38440.0,39150.0,39420.0,38390.0
2024/12/02,Mon,38100.0,38470.0,38550.0,37960.0
2024/12/01,Sun,,,,
2024/11/30,Sat,,,,
2024/11/29,Fri,38390.0,38170.0,38430.0,37990.0
2024/11/28,Thu,38100.0,38390.0,38480.0,37660.0
2024/11/27,Wed,38310.0,38100.0,38510.0,38010.0
2024/11/26,Tue,38740.0,38480.0,38860.0,38030.0
2024/11/25,Mon,38440.0,38740.0,39070.0,38070.0
2024/11/24,Sun,,,,
2024/11/23,Sat,,,,
2024/11/22,Fri,38040.0,38330.0,38500.0,37720.0
2024/11/21,Thu,38440.0,38040.0,38510.0,37880.0
2024/11/20,Wed,38420.0,38430.0,38530.0,37720.0
2024/11/19,Tue,38190.0,38420.0,38580.0,38140.0
2024/11/18,Mon,38600.0,38250.0,38610.0,37790.0
2024/11/17,Sun,,,,
2024/11/16,Sat,,,,
2024/11/15,Fri,38630.0,38660.0,39100.0,38630.0
2024/11/14,Thu,38670.0,38580.0,39090.0,38500.0
2024/11/13,Wed,39400.0,38650.0,39500.0,38610.0
2024/11/12,Tue,39600.0,39400.0,39870.0,39140.0
2024/11/11,Mon,39660.0,39540.0,39660.0,38950.0
2024/11/10,Sun,,,,
2024/11/09,Sat,,,,
2024/11/08,Fri,39240.0,39490.0,39930.0,39160.0
2024/11/07,Thu,39760.0,39240.0,40170.0,39050.0
2024/11/06,Wed,38640.0,39690.0,39820.0,38560.0
2024/11/05,Tue,38050.0,38640.0,38750.0,37990.0
2024/11/04,Mon,38327.5,38320.0,38657.5,38255.0
2024/11/03,Sun,,,,
2024/11/02,Sat,,,,
2024/11/01,Fri,38810.0,38120.0,38920.0,37940.0
2024/10/31,Thu,39530.0,39050.0,39680.0,38850.0
2024/10/30,Wed,39050.0,39470.0,39470.0,38910.0
2024/10/29,Tue,38690.0,38950.0,38950.0,38260.0
2024/10/28,Mon,37970.0,38640.0,38740.0,37510.0
2024/10/27,Sun,,,,
2024/10/26,Sat,,,,
2024/10/25,Fri,38200.0,37990.0,38200.0,37760.0
2024/10/24,Thu,38150.0,38150.0,38330.0,37650.0
2024/10/23,Wed,38500.0,38060.0,38550.0,38000.0
2024/10/22,Tue,39070.0,38420.0,39180.0,38230.0
2024/10/21,Mon,39100.0,39010.0,39250.0,38770.0
2024/10/20,Sun,,,,
2024/10/19,Sat,,,,
2024/10/18,Fri,39170.0,39000.0,39380.0,38920.0
2024/10/17,Thu,39130.0,39090.0,39480.0,38800.0
2024/10/16,Wed,39810.0,39160.0,39850.0,38830.0
2024/10/15,Tue,39470.0,39890.0,40270.0,39440.0
2024/10/14,Mon,39742.5,40050.0,40227.5,39562.5
2024/10/13,Sun,,,,
2024/10/12,Sat,,,,
2024/10/11,Fri,39300.0,39580.0,39680.0,38940.0
2024/10/10,Thu,39270.0,39300.0,39660.0,39220.0
2024/10/09,Wed,38830.0,39270.0,39490.0,38830.0
2024/10/08,Tue,39270.0,38950.0,39270.0,38700.0
2024/10/07,Mon,38550.0,39370.0,39950.0,38550.0
2024/10/06,Sun,,,,
2024/10/05,Sat,,,,
2024/10/04,Fri,38430.0,38550.0,38760.0,38340.0
2024/10/03,Thu,37880.0,38590.0,39000.0,37770.0
2024/10/02,Wed,38710.0,37720.0,38710.0,37610.0
2024/10/01,Tue,38060.0,38740.0,38750.0,37860.0
2024/09/30,Mon,38490.0,37930.0,38490.0,37350.0
2024/09/29,Sun,,,,
2024/09/28,Sat,,,,
2024/09/27,Fri,38770.0,39800.0,39850.0,38750.0
2024/09/26,Thu,37740.0,38640.0,38670.0,37740.0
2024/09/25,Wed,37880.0,37650.0,38010.0,37470.0
2024/09/24,Tue,37750.0,37800.0,38370.0,37700.0
2024/09/23,Mon,38207.5,38070.0,38425.0,37892.5
2024/09/22,Sun,,,,
2024/09/21,Sat,,,,
2024/09/20,Fri,36840.0,37520.0,37700.0,36840.0
2024/09/19,Thu,36180.0,36860.0,37130.0,36060.0
2024/09/18,Wed,35980.0,36140.0,36520.0,35900.0
2024/09/17,Tue,36400.0,35970.0,36460.0,35560.0
2024/09/16,Mon,36360.0,36340.0,36522.5,35975.0
2024/09/15,Sun,,,,
2024/09/14,Sat,,,,
2024/09/13,Fri,36630.0,36290.0,36770.0,36150.0
2024/09/12,Thu,35570.0,36630.0,36620.0,35200.0
2024/09/11,Wed,35950.0,35540.0,35960.0,35400.0
2024/09/10,Tue,36000.0,35920.0,36320.0,35900.0
2024/09/09,Mon,36110.0,36000.0,36230.0,34970.0
2024/09/08,Sun,,,,
2024/09/07,Sat,,,,
2024/09/06,Fri,36580.0,36130.0,36830.0,36200.0
2024/09/05,Thu,37280.0,36380.0,37280.0,36030.0
2024/09/04,Wed,38560.0,36770.0,38580.0,36670.0
2024/09/03,Tue,38560.0,38560.0,38700.0,38530.0
2024/09/02,Mon,38480.0,38470.0,38720.0,38260.0
2024/09/01,Sun,,,,
2024/08/31,Sat,,,,
2024/08/30,Fri,38250.0,38480.0,38550.0,38070.0
2024/08/29,Thu,38150.0,38120.0,38310.0,37740.0
2024/08/28,Wed,38000.0,38140.0,38100.0,37980.0
2024/08/27,Tue,37810.0,38070.0,38000.0,37770.0
2024/08/26,Mon,38180.0,37810.0,38400.0,37600.0
2024/08/25,Sun,,,,
2024/08/24,Sat,,,,
2024/08/23,Fri,38100.0,38180.0,38530.0,37780.0
2024/08/22,Thu,37740.0,38000.0,38100.0,37730.0
2024/08/21,Wed,37720.0,37740.0,37720.0,37320.0
2024/08/20,Tue,37560.0,37840.0,37920.0,37560.0
2024/08/19,Mon,37850.0,36940.0,37850.0,37000.0
2024/08/18,Sun,,,,
2024/08/17,Sat,,,,
2024/08/16,Fri,36410.0,37850.0,37770.0,36410.0
2024/08/15,Thu,36140.0,36410.0,36500.0,35810.0
2024/08/14,Wed,35980.0,36140.0,36340.0,35740.0
2024/08/13,Tue,34810.0,35980.0,35830.0,34720.0
2024/08/12,Mon,35135.0,35425.0,35570.0,34795.0
2024/08/11,Sun,,,,
2024/08/10,Sat,,,,
2024/08/09,Fri,34140.0,34810.0,35330.0,34140.0
2024/08/08,Thu,34830.0,34550.0,35180.0,34830.0
2024/08/07,Wed,33740.0,34830.0,35620.0,32830.0
2024/08/06,Tue,31810.0,33990.0,34480.0,31810.0
2024/08/05,Mon,35720.0,31160.0,35720.0,30480.0
2024/08/04,Sun,,,,
2024/08/03,Sat,,,,
2024/08/02,Fri,37740.0,35720.0,37900.0,35620.0
2024/08/01,Thu,39020.0,37740.0,39020.0,37750.0
2024/07/31,Wed,38270.0,39020.0,38520.0,37740.0
2024/07/30,Tue,38180.0,38270.0,38300.0,37960.0
2024/07/29,Mon,37470.0,38230.0,38320.0,37470.0
2024/07/28,Sun,,,,
2024/07/27,Sat,,,,
2024/07/26,Fri,37510.0,37470.0,38050.0,37200.0
2024/07/25,Thu,38720.0,37510.0,38790.0,37600.0
2024/07/24,Wed,39260.0,38890.0,39360.0,38980.0
2024/07/23,Tue,39600.0,39310.0,39680.0,39600.0
2024/07/22,Mon,39560.0,39250.0,39640.0,39460.0
2024/07/21,Sun,,,,
2024/07/20,Sat,,,,
2024/07/19,Fri,39950.0,39810.0,39950.0,39630.0
2024/07/18,Thu,40850.0,40010.0,40850.0,39940.0
2024/07/17,Wed,41010.0,40850.0,41390.0,40850.0
2024/07/16,Tue,40950.0,41010.0,41260.0,40950.0
2024/07/15,Mon,41210.0,41210.0,41480.0,41015.0
2024/07/14,Sun,,,,
2024/07/13,Sat,,,,
2024/07/12,Fri,41550.0,40950.0,41550.0,41000.0
2024/07/11,Thu,41740.0,42140.0,42250.0,41740.0
2024/07/10,Wed,41390.0,41710.0,41390.0,41390.0
2024/07/09,Tue,40620.0,41390.0,41530.0,40620.0
2024/07/08,Mon,40640.0,40620.0,40850.0,40570.0
2024/07/07,Sun,,,,
2024/07/06,Sat,,,,
2024/07/05,Fri,40660.0,40630.0,40800.0,40640.0
2024/07/04,Thu,40400.0,40660.0,40730.0,40310.0
2024/07/03,Wed,39880.0,40370.0,40440.0,39860.0
2024/07/02,Tue,39400.0,39880.0,39900.0,39250.0
2024/07/01,Mon,39700.0,39440.0,39700.0,39570.0
2024/06/30,Sun,,,,
2024/06/29,Sat,,,,
2024/06/28,Fri,39240.0,39350.0,39550.0,39240.0
2024/06/27,Thu,39330.0,39180.0,39330.0,39000.0
2024/06/26,Wed,38880.0,39390.0,39500.0,38880.0
2024/06/25,Tue,38580.0,38920.0,38950.0,38440.0
2024/06/24,Mon,38300.0,38510.0,38590.0,38300.0
2024/06/23,Sun,,,,
2024/06/22,Sat,,,,
2024/06/21,Fri,38410.0,38370.0,38500.0,38200.0
2024/06/20,Thu,38140.0,38370.0,38380.0,38100.0
2024/06/19,Wed,38200.0,38260.0,38520.0,38200.0
2024/06/18,Tue,37890.0,38170.0,38200.0,37860.0
2024/06/17,Mon,38530.0,37780.0,38530.0,37800.0
2024/06/16,Sun,,,,
2024/06/15,Sat,,,,
2024/06/14,Fri,38490.0,38620.0,38730.0,38300.0
2024/06/13,Thu,38710.0,38490.0,38710.0,38500.0
2024/06/12,Wed,38930.0,38710.0,38930.0,38930.0
2024/06/11,Tue,38660.0,38930.0,39060.0,38600.0
2024/06/10,Mon,38800.0,38750.0,38800.0,38800.0
2024/06/09,Sun,,,,
2024/06/08,Sat,,,,
2024/06/07,Fri,38795.0,38400.0,38860.0,38540.0
2024/06/06,Thu,38640.0,38510.0,38720.0,38640.0
2024/06/05,Wed,38700.0,38270.0,38710.0,38290.0
2024/06/04,Tue,38955.0,38510.0,38955.0,38430.0
2024/06/03,Mon,38700.0,38690.0,38700.0,38700.0
2024/06/02,Sun,,,,
2024/06/01,Sat,,,,
2024/05/31,Fri,37890.0,38240.0,37890.0,37890.0
2024/05/30,Thu,38000.0,37750.0,38000.0,37680.0
2024/05/29,Wed,38875.0,38230.0,39185.0,38480.0
2024/05/28,Tue,38900.0,38590.0,38995.0,38755.0
2024/05/27,Mon,38585.0,38660.0,38935.0,38560.0
2024/05/26,Sun,,,,
2024/05/25,Sat,,,,
2024/05/24,Fri,39095.0,38340.0,39190.0,38365.0
2024/05/23,Thu,38510.0,38830.0,38510.0,38510.0
2024/05/22,Wed,38600.0,38350.0,38610.0,38480.0
2024/05/21,Tue,39125.0,38670.0,39365.0,38905.0
2024/05/20,Mon,38980.0,38800.0,38980.0,38980.0
2024/05/19,Sun,,,,
2024/05/18,Sat,,,,
2024/05/17,Fri,38880.0,38470.0,38975.0,38525.0
2024/05/16,Thu,38405.0,38610.0,38970.0,38275.0
2024/05/15,Wed,38280.0,38100.0,38835.0,38170.0
2024/05/14,Tue,38115.0,38020.0,38495.0,38010.0
2024/05/13,Mon,37950.0,37830.0,37950.0,37750.0
2024/05/12,Sun,,,,
2024/05/11,Sat,,,,
2024/05/10,Fri,37900.0,37950.0,37940.0,37900.0
2024/05/09,Thu,38030.0,37750.0,38030.0,38030.0
2024/05/08,Wed,38500.0,37920.0,38500.0,37940.0
2024/05/07,Tue,37900.0,38590.0,37900.0,37900.0
2024/05/06,Mon,38520.0,38580.0,38520.0,38520.0
2024/05/05,Sun,,,,
2024/05/04,Sat,,,,
2024/05/03,Fri,37970.0,37820.0,37970.0,37970.0
2024/05/02,Thu,38190.0,37900.0,38495.0,37755.0
2024/05/01,Wed,38455.0,37920.0,38590.0,38040.0
2024/04/30,Tue,37720.0,38180.0,38350.0,37720.0
2024/04/29,Mon,37940.0,38575.0,38755.0,37700.0
2024/04/28,Sun,,,,
2024/04/27,Sat,,,,
2024/04/26,Fri,37120.0,37620.0,37530.0,36900.0
2024/04/25,Thu,37660.0,37330.0,37660.0,37620.0
2024/04/24,Wed,37270.0,38160.0,37270.0,37270.0
2024/04/23,Tue,37150.0,37270.0,37540.0,37150.0
2024/04/22,Mon,36820.0,37150.0,37160.0,36820.0
2024/04/21,Sun,,,,
2024/04/20,Sat,,,,
2024/04/19,Fri,37660.0,36820.0,37770.0,36500.0
2024/04/18,Thu,37840.0,37890.0,37840.0,37460.0
2024/04/17,Wed,37980.0,37570.0,37980.0,37980.0
2024/04/16,Tue,38600.0,38120.0,38600.0,38140.0
2024/04/15,Mon,39010.0,38950.0,39010.0,38680.0
2024/04/14,Sun,,,,
2024/04/13,Sat,,,,
2024/04/12,Fri,38930.0,39270.0,38940.0,38840.0
2024/04/11,Thu,38930.0,39120.0,39100.0,38750.0
2024/04/10,Wed,39280.0,39240.0,39410.0,39280.0
2024/04/09,Tue,39100.0,39500.0,39390.0,39100.0
2024/04/08,Mon,39480.0,39100.0,39595.0,39340.0
2024/04/07,Sun,,,,
2024/04/06,Sat,,,,
2024/04/05,Fri,38920.0,38690.0,38920.0,38700.0
2024/04/04,Thu,39940.0,39530.0,39940.0,39940.0
2024/04/03,Wed,39390.0,39240.0,39390.0,39150.0
2024/04/02,Tue,39670.0,39630.0,39670.0,39670.0
2024/04/01,Mon,40190.0,39580.0,40190.0,39460.0
2024/03/31,Sun,,,,
2024/03/30,Sat,,,,
2024/03/29,Fri,40300.0,40100.0,40420.0,40300.0
2024/03/28,Thu,40140.0,39950.0,40140.0,40140.0
2024/03/27,Wed,40290.0,40150.0,40490.0,40290.0
2024/03/26,Tue,40130.0,39910.0,40260.0,39940.0
2024/03/25,Mon,39910.0,39830.0,39910.0,39910.0
2024/03/24,Sun,,,,
2024/03/23,Sat,,,,
2024/03/22,Fri,40490.0,40420.0,40490.0,40470.0
2024/03/21,Thu,40150.0,40280.0,40545.0,40150.0
2024/03/20,Wed,39535.0,39970.0,39535.0,39535.0
2024/03/19,Tue,39200.0,39300.0,39330.0,39000.0
2024/03/18,Mon,38340.0,39220.0,39000.0,38340.0
2024/03/17,Sun,,,,
2024/03/16,Sat,,,,
2024/03/15,Fri,37920.0,38090.0,38130.0,37920.0
2024/03/14,Thu,38140.0,38290.0,38300.0,37940.0
2024/03/13,Wed,38410.0,38050.0,38540.0,38410.0
2024/03/12,Tue,38090.0,38190.0,38090.0,37850.0
2024/03/11,Mon,38550.0,38220.0,38550.0,38010.0
2024/03/10,Sun,,,,
2024/03/09,Sat,,,,
2024/03/08,Fri,38860.0,39230.0,39450.0,38730.0
2024/03/07,Thu,39620.0,39050.0,39720.0,38950.0
2024/03/06,Wed,39490.0,39520.0,39490.0,39140.0
2024/03/05,Tue,39480.0,39540.0,39480.0,38890.0
2024/03/04,Mon,39490.0,39550.0,39490.0,39300.0
2024/03/03,Sun,,,,
2024/03/02,Sat,,,,
2024/03/01,Fri,38840.0,39410.0,39280.0,38840.0
2024/02/29,Thu,38350.0,38650.0,38520.0,38350.0
2024/02/28,Wed,38600.0,38560.0,38600.0,38600.0
2024/02/27,Tue,39190.0,38660.0,39490.0,39095.0
2024/02/26,Mon,38780.0,38630.0,38780.0,38600.0
2024/02/25,Sun,,,,
2024/02/24,Sat,,,,
2024/02/23,Fri,39115.0,39460.0,39530.0,39075.0
2024/02/22,Thu,38460.0,38480.0,38460.0,38460.0
2024/02/21,Wed,37910.0,37660.0,37910.0,37910.0
2024/02/20,Tue,38490.0,37880.0,38740.0,38265.0
2024/02/19,Mon,38585.0,37890.0,38685.0,38230.0
2024/02/18,Sun,,,,
2024/02/17,Sat,,,,
2024/02/16,Fri,37600.0,37970.0,38000.0,37600.0
2024/02/15,Thu,37240.0,37510.0,37240.0,37240.0
2024/02/14,Wed,37480.0,37150.0,37500.0,37480.0
2024/02/13,Tue,37230.0,37500.0,38385.0,37165.0
2024/02/12,Mon,36955.0,37230.0,37255.0,36915.0
2024/02/11,Sun,,,,
2024/02/10,Sat,,,,
2024/02/09,Fri,36300.0,36270.0,36520.0,36300.0
2024/02/08,Thu,36000.0,36240.0,36280.0,36000.0
2024/02/07,Wed,36200.0,35510.0,36205.0,35915.0
2024/02/06,Tue,35580.0,35460.0,35580.0,35580.0
2024/02/05,Mon,35750.0,35760.0,35750.0,35750.0
2024/02/04,Sun,,,,
2024/02/03,Sat,,,,
2024/02/02,Fri,35500.0,35510.0,35730.0,35500.0
2024/02/01,Thu,35530.0,35300.0,35530.0,35500.0
2024/01/31,Wed,35430.0,35740.0,35470.0,35430.0
2024/01/30,Tue,35620.0,35380.0,35620.0,35620.0
2024/01/29,Mon,35200.0,35420.0,35200.0,35200.0
2024/01/28,Sun,,,,
2024/01/27,Sat,,,,
2024/01/26,Fri,35510.0,35070.0,35550.0,35200.0
2024/01/25,Thu,35590.0,35600.0,35620.0,35400.0
2024/01/24,Wed,35820.0,35630.0,35820.0,35510.0
2024/01/23,Tue,36110.0,35910.0,36300.0,36000.0
2024/01/22,Mon,35500.0,35970.0,35500.0,35390.0
2024/01/21,Sun,,,,
2024/01/20,Sat,,,,
2024/01/19,Fri,36015.0,35350.0,36015.0,36015.0
2024/01/18,Thu,35490.0,34970.0,35720.0,35285.0
2024/01/17,Wed,35070.0,34870.0,35500.0,35000.0
2024/01/16,Tue,35935.0,35665.0,35935.0,35935.0
2024/01/15,Mon,36020.0,36020.0,36020.0,36020.0
2024/01/14,Sun,,,,
2024/01/13,Sat,,,,
2024/01/12,Fri,35675.0,35640.0,35675.0,35550.0
2024/01/11,Thu,35025.0,35300.0,35055.0,35015.0
2024/01/10,Wed,33910.0,34475.0,33910.0,33910.0
2024/01/09,Tue,33790.0,33790.0,33790.0,33790.0
2024/01/08,Mon,33320.0,33320.0,33320.0,33320.0
2024/01/07,Sun,,,,
2024/01/06,Sat,,,,
2024/01/05,Fri,33345.0,33345.0,33345.0,33345.0
2024/01/04,Thu,33040.0,33260.0,33040.0,33040.0
2024/01/03,Wed,33265.0,33265.0,33265.0,33265.0
2024/01/02,Tue,33370.0,33370.0,33370.0,33370.0
2024/01/01,Mon,33200.0,33060.0,33302.5,33042.5
2023/12/31,Sun,,,,
2023/12/30,Sat,,,,
2023/12/29,Fri,33430.0,33435.0,33430.0,33410.0
2023/12/28,Thu,33510.0,33510.0,33510.0,33510.0
2023/12/27,Wed,33550.0,33625.0,33550.0,33550.0
2023/12/26,Tue,33245.0,33240.0,33285.0,33145.0
2023/12/25,Mon,33220.0,33220.0,33220.0,33220.0
2023/12/24,Sun,,,,
2023/12/23,Sat,,,,
2023/12/22,Fri,33185.0,33080.0,33190.0,33185.0
2023/12/21,Thu,33525.0,33135.0,33525.0,33525.0
2023/12/20,Wed,33630.0,33630.0,33630.0,33630.0
2023/12/19,Tue,33155.0,33155.0,33155.0,33155.0
2023/12/18,Mon,32715.0,32715.0,32715.0,32715.0
2023/12/17,Sun,,,,
2023/12/16,Sat,,,,
2023/12/15,Fri,32535.0,32910.0,32925.0,32535.0
2023/12/14,Thu,32450.0,32550.0,32450.0,32450.0
2023/12/13,Wed,32840.0,32840.0,32840.0,32840.0
2023/12/12,Tue,32765.0,32735.0,33165.0,32765.0
2023/12/11,Mon,32795.0,32740.0,32795.0,32760.0
2023/12/10,Sun,,,,
2023/12/09,Sat,,,,
2023/12/08,Fri,32380.0,32220.0,32525.0,32305.0
2023/12/07,Thu,33405.0,32905.0,33465.0,32795.0
2023/12/06,Wed,32740.0,33415.0,33450.0,32690.0
2023/12/05,Tue,33145.0,32775.0,33175.0,32715.0
2023/12/04,Mon,33420.0,33135.0,33490.0,33015.0
2023/12/03,Sun,,,,
2023/12/02,Sat,,,,
2023/12/01,Fri,33475.0,33415.0,33585.0,33370.0
2023/11/30,Thu,33310.0,33475.0,33505.0,33155.0
2023/11/29,Wed,33395.0,33285.0,33525.0,33170.0
2023/11/28,Tue,33435.0,33380.0,33620.0,33300.0
2023/11/27,Mon,33625.0,33430.0,33815.0,33395.0
2023/11/26,Sun,,,,
2023/11/25,Sat,,,,
2023/11/24,Fri,33720.0,33600.0,33830.0,33595.0
2023/11/23,Thu,33435.0,33710.0,33770.0,33425.0
2023/11/22,Wed,33340.0,33435.0,33600.0,33105.0
2023/11/21,Tue,33340.0,33355.0,33470.0,33185.0
2023/11/20,Mon,33595.0,33335.0,33860.0,33315.0
2023/11/19,Sun,,,,
2023/11/18,Sat,,,,
2023/11/17,Fri,33435.0,33590.0,33610.0,33205.0
2023/11/16,Thu,33490.0,33425.0,33620.0,33225.0
2023/11/15,Wed,32710.0,33460.0,33565.0,32680.0
2023/11/14,Tue,32595.0,32690.0,32860.0,32575.0
2023/11/13,Mon,32595.0,32590.0,33000.0,32425.0
2023/11/12,Sun,,,,
2023/11/11,Sat,,,,
2023/11/10,Fri,32660.0,32575.0,32875.0,32245.0
2023/11/09,Thu,32560.0,32560.0,32560.0,32560.0
2023/11/08,Wed,32150.0,32150.0,32150.0,32150.0
2023/11/07,Tue,32275.0,32275.0,32275.0,32275.0
2023/11/06,Mon,32670.0,32710.0,32670.0,32620.0
2023/11/05,Sun,,,,
2023/11/04,Sat,,,,
2023/11/03,Fri,32375.0,32375.0,32375.0,32375.0
2023/11/02,Thu,31885.0,31885.0,31885.0,31885.0
2023/11/01,Wed,31350.0,31610.0,31530.0,31350.0
2023/10/31,Tue,30765.0,30840.0,30775.0,30760.0
2023/10/30,Mon,30630.0,30700.0,30630.0,30630.0
2023/10/29,Sun,,,,
2023/10/28,Sat,,,,
2023/10/27,Fri,31025.0,31025.0,31025.0,31025.0
2023/10/26,Thu,30590.0,30590.0,30590.0,30590.0
2023/10/25,Wed,31055.0,31250.0,31055.0,31035.0
2023/10/24,Tue,31145.0,31145.0,31145.0,31145.0
2023/10/23,Mon,31010.0,31010.0,31010.0,31010.0
2023/10/22,Sun,,,,
2023/10/21,Sat,,,,
2023/10/20,Fri,31225.0,31225.0,31225.0,31225.0
2023/10/19,Thu,31510.0,31405.0,31525.0,31475.0
2023/10/18,Wed,31945.0,32040.0,31945.0,31935.0
2023/10/17,Tue,32030.0,32030.0,32030.0,32030.0
2023/10/16,Mon,31680.0,31680.0,31680.0,31680.0
2023/10/15,Sun,,,,
2023/10/14,Sat,,,,
2023/10/13,Fri,32260.0,32260.0,32260.0,32260.0
2023/10/12,Thu,32475.0,32650.0,32705.0,32475.0
2023/10/11,Wed,31905.0,31905.0,31905.0,31905.0
2023/10/10,Tue,31720.0,31730.0,31720.0,31720.0
2023/10/09,Mon,31105.0,31105.0,31105.0,31105.0
2023/10/08,Sun,,,,
2023/10/07,Sat,,,,
2023/10/06,Fri,30880.0,31030.0,30880.0,30880.0
2023/10/05,Thu,31010.0,31010.0,31010.0,31010.0
2023/10/04,Wed,30250.0,30250.0,30250.0,30250.0
2023/10/03,Tue,31200.0,31200.0,31200.0,31200.0
2023/10/02,Mon,31810.0,31810.0,31810.0,31810.0
2023/10/01,Sun,,,,
2023/09/30,Sat,,,,
2023/09/29,Fri,31740.0,32015.0,31740.0,31715.0
2023/09/28,Thu,31855.0,31855.0,31855.0,31855.0
2023/09/27,Wed,32150.0,32150.0,32150.0,32150.0
2023/09/26,Tue,32090.0,32090.0,32090.0,32090.0
2023/09/25,Mon,32240.0,32485.0,32490.0,32240.0
2023/09/24,Sun,,,,
2023/09/23,Sat,,,,
2023/09/22,Fri,32240.0,32255.0,32240.0,32240.0
2023/09/21,Thu,32400.0,32400.0,32400.0,32400.0
2023/09/20,Wed,32985.0,32880.0,32985.0,32985.0
2023/09/19,Tue,32990.0,33040.0,32990.0,32945.0
2023/09/18,Mon,33060.0,33045.0,33060.0,33060.0
2023/09/17,Sun,,,,
2023/09/16,Sat,,,,
2023/09/15,Fri,33290.0,33290.0,33290.0,33290.0
2023/09/14,Thu,32980.0,32980.0,32980.0,32980.0
2023/09/13,Wed,32455.0,32455.0,32455.0,32455.0
2023/09/12,Tue,32620.0,32620.0,32620.0,32620.0
2023/09/11,Mon,32275.0,32275.0,32275.0,32275.0
2023/09/10,Sun,,,,
2023/09/09,Sat,,,,
2023/09/08,Fri,32425.0,32425.0,32425.0,32425.0
2023/09/07,Thu,33200.0,32980.0,33330.0,32970.0
2023/09/06,Wed,32940.0,33230.0,33290.0,32825.0
2023/09/05,Tue,32970.0,32985.0,33095.0,32785.0
2023/09/04,Mon,32655.0,32980.0,32985.0,32610.0
2023/09/03,Sun,,,,
2023/09/02,Sat,,,,
2023/09/01,Fri,32615.0,32655.0,32845.0,32395.0
2023/08/31,Thu,32295.0,32600.0,32700.0,32195.0
2023/08/30,Wed,32215.0,32285.0,32565.0,32145.0
2023/08/29,Tue,32175.0,32220.0,32485.0,32100.0
2023/08/28,Mon,31570.0,32175.0,32210.0,31560.0
2023/08/27,Sun,,,,
2023/08/26,Sat,,,,
2023/08/25,Fri,32215.0,31585.0,32270.0,31545.0
2023/08/24,Thu,31960.0,32210.0,32290.0,31825.0
2023/08/23,Wed,31905.0,31965.0,32025.0,31690.0
2023/08/22,Tue,31545.0,31915.0,31940.0,31525.0
2023/08/21,Mon,31440.0,31525.0,31765.0,31265.0
2023/08/20,Sun,,,,
2023/08/19,Sat,,,,
2023/08/18,Fri,31655.0,31450.0,31780.0,31230.0
2023/08/17,Thu,31790.0,31665.0,31905.0,31285.0
2023/08/16,Wed,32220.0,31795.0,32225.0,31700.0
2023/08/15,Tue,32135.0,32250.0,32390.0,32065.0
2023/08/14,Mon,32630.0,32110.0,32660.0,32015.0
2023/08/13,Sun,,,,
2023/08/12,Sat,,,,
2023/08/11,Fri,32485.0,32610.0,32810.0,32465.0
2023/08/10,Thu,32265.0,32550.0,32575.0,32010.0
2023/08/09,Wed,32225.0,32235.0,32350.0,32225.0
2023/08/08,Tue,32390.0,32315.0,32390.0,32260.0
2023/08/07,Mon,32080.0,32345.0,32080.0,32080.0
2023/08/06,Sun,,,,
2023/08/05,Sat,,,,
2023/08/04,Fri,31955.0,32175.0,31955.0,31955.0
2023/08/03,Thu,32240.0,32195.0,32240.0,32210.0
2023/08/02,Wed,33400.0,32640.0,33410.0,32565.0
2023/08/01,Tue,33365.0,33425.0,33365.0,33365.0
2023/07/31,Mon,33380.0,33275.0,33385.0,33355.0
2023/07/30,Sun,,,,
2023/07/29,Sat,,,,
2023/07/28,Fri,32495.0,32800.0,32510.0,32470.0
2023/07/27,Thu,32875.0,32935.0,32895.0,32840.0
2023/07/26,Wed,32705.0,32620.0,32705.0,32705.0
2023/07/25,Tue,32620.0,32655.0,32755.0,32485.0
2023/07/24,Mon,32750.0,32625.0,32750.0,32750.0
2023/07/23,Sun,,,,
2023/07/22,Sat,,,,
2023/07/21,Fri,32380.0,32295.0,32495.0,32055.0
2023/07/20,Thu,32990.0,32440.0,33045.0,32385.0
2023/07/19,Wed,32950.0,32990.0,32950.0,32950.0
2023/07/18,Tue,32220.0,32400.0,32695.0,32090.0
2023/07/17,Mon,32420.0,32235.0,32420.0,32420.0
2023/07/16,Sun,,,,
2023/07/15,Sat,,,,
2023/07/14,Fri,32475.0,32355.0,32865.0,32200.0
2023/07/13,Thu,31900.0,32580.0,32565.0,31845.0
2023/07/12,Wed,32150.0,31955.0,32300.0,31890.0
2023/07/11,Tue,32325.0,32250.0,32360.0,32180.0
2023/07/10,Mon,32355.0,32165.0,32595.0,32335.0
2023/07/09,Sun,,,,
2023/07/08,Sat,,,,
2023/07/07,Fri,32680.0,32460.0,32680.0,32380.0
2023/07/06,Thu,33050.0,32740.0,33125.0,32880.0
2023/07/05,Wed,33280.0,33335.0,34205.0,33165.0
2023/07/04,Tue,33650.0,33335.0,33715.0,33600.0
2023/07/03,Mon,33280.0,33675.0,33675.0,33280.0
2023/07/02,Sun,,,,
2023/07/01,Sat,,,,
2023/06/30,Fri,33280.0,33205.0,33280.0,33060.0
2023/06/29,Thu,33140.0,33200.0,33455.0,33140.0
2023/06/28,Wed,32545.0,33155.0,32960.0,32495.0
2023/06/27,Tue,32550.0,32585.0,32625.0,32530.0
2023/06/26,Mon,32595.0,32670.0,32825.0,32495.0
2023/06/25,Sun,,,,
2023/06/24,Sat,,,,
2023/06/23,Fri,33155.0,32695.0,33230.0,32665.0
2023/06/22,Thu,33660.0,33195.0,33660.0,33480.0
2023/06/21,Wed,33425.0,33580.0,33425.0,33385.0
2023/06/20,Tue,32570.0,33355.0,32680.0,32570.0
2023/06/19,Mon,33820.0,33425.0,33820.0,33615.0
2023/06/18,Sun,,,,
2023/06/17,Sat,,,,
2023/06/16,Fri,33315.0,33660.0,33660.0,33215.0
2023/06/15,Thu,33550.0,33430.0,33695.0,33430.0
2023/06/14,Wed,33300.0,33575.0,33300.0,33300.0
2023/06/13,Tue,32560.0,33060.0,32925.0,32540.0
2023/06/12,Mon,33460.0,32435.0,33460.0,31945.0
2023/06/11,Sun,,,,
2023/06/10,Sat,,,,
2023/06/09,Fri,33470.0,32210.0,33470.0,31600.0
2023/06/08,Thu,31905.0,31710.0,32090.0,31410.0
2023/06/07,Wed,32390.0,31905.0,32715.0,31840.0
2023/06/06,Tue,32300.0,32415.0,32570.0,31930.0
2023/06/05,Mon,31605.0,32260.0,32315.0,31575.0
2023/06/04,Sun,,,,
2023/06/03,Sat,,,,
2023/06/02,Fri,31175.0,31585.0,31585.0,31160.0
2023/06/01,Thu,30860.0,31145.0,31200.0,30640.0
2023/05/31,Wed,31365.0,30860.0,31445.0,30785.0
2023/05/30,Tue,31315.0,31395.0,31395.0,31065.0
2023/05/29,Mon,30980.0,31270.0,31665.0,30930.0
2023/05/28,Sun,,,,
2023/05/27,Sat,,,,
2023/05/26,Fri,30870.0,30955.0,31110.0,30715.0
2023/05/25,Thu,30615.0,30830.0,30910.0,30405.0
2023/05/24,Wed,30865.0,30625.0,30905.0,30545.0
2023/05/23,Tue,31020.0,30875.0,31360.0,30825.0
2023/05/22,Mon,30900.0,31030.0,31095.0,30670.0
2023/05/21,Sun,,,,
2023/05/20,Sat,,,,
2023/05/19,Fri,30575.0,30905.0,30955.0,30570.0
2023/05/18,Thu,30060.0,30585.0,30670.0,30040.0
2023/05/17,Wed,29830.0,30055.0,30140.0,29800.0
2023/05/16,Tue,29680.0,29835.0,29925.0,29635.0
2023/05/15,Mon,29420.0,29660.0,29675.0,29400.0
2023/05/14,Sun,,,,
2023/05/13,Sat,,,,
2023/05/12,Fri,29075.0,29415.0,29435.0,28960.0
2023/05/11,Thu,29155.0,29130.0,29225.0,28895.0
2023/05/10,Wed,29215.0,29145.0,29270.0,29070.0
2023/05/09,Tue,28960.0,29250.0,29265.0,28940.0
2023/05/08,Mon,28780.0,28960.0,29145.0,28715.0
2023/05/07,Sun,,,,
2023/05/06,Sat,,,,
2023/05/05,Fri,28710.0,28790.0,28765.0,28565.0
2023/05/04,Thu,28850.0,28745.0,28945.0,28590.0
2023/05/03,Wed,29115.0,28900.0,29175.0,28660.0
2023/05/02,Tue,29090.0,29130.0,29090.0,29090.0
2023/05/01,Mon,28910.0,29165.0,29175.0,28740.0
2023/04/30,Sun,,,,
2023/04/29,Sat,,,,
2023/04/28,Fri,28460.0,28875.0,28880.0,28415.0
2023/04/27,Thu,28395.0,28445.0,28460.0,28240.0
2023/04/26,Wed,28430.0,28405.0,28430.0,28430.0
2023/04/25,Tue,28595.0,28625.0,28800.0,28575.0
2023/04/24,Mon,28545.0,28590.0,28705.0,28485.0
2023/04/23,Sun,,,,
2023/04/22,Sat,,,,
2023/04/21,Fri,28640.0,28570.0,28780.0,28495.0
2023/04/20,Thu,28570.0,28650.0,28695.0,28405.0
2023/04/19,Wed,28655.0,28600.0,28760.0,28525.0
2023/04/18,Tue,28535.0,28660.0,28725.0,28435.0
2023/04/17,Mon,28435.0,28530.0,28600.0,28330.0
2023/04/16,Sun,,,,
2023/04/15,Sat,,,,
2023/04/14,Fri,28475.0,28430.0,28475.0,28475.0
2023/04/13,Thu,28100.0,28205.0,28240.0,27900.0
2023/04/12,Wed,27930.0,28095.0,28120.0,27870.0
2023/04/11,Tue,27650.0,27935.0,28070.0,27630.0
2023/04/10,Mon,27520.0,27665.0,27740.0,27480.0
2023/04/09,Sun,,,,
2023/04/08,Sat,,,,
2023/04/07,Fri,27560.0,27530.0,27680.0,27450.0
2023/04/06,Thu,27820.0,27540.0,27840.0,27430.0
2023/04/05,Wed,28260.0,27820.0,28330.0,27780.0
2023/04/04,Tue,28240.0,28270.0,28300.0,28040.0
2023/04/03,Mon,28050.0,28245.0,28260.0,28000.0
2023/04/02,Sun,,,,
2023/04/01,Sat,,,,
2023/03/31,Fri,27250.0,28090.0,27350.0,27250.0
2023/03/30,Thu,27600.0,27800.0,27870.0,27590.0
2023/03/29,Wed,27290.0,27595.0,27610.0,27150.0
2023/03/28,Tue,27240.0,27290.0,27350.0,27130.0
2023/03/27,Mon,27190.0,27275.0,27290.0,26850.0
2023/03/26,Sun,,,,
2023/03/25,Sat,,,,
2023/03/24,Fri,27160.0,27170.0,27370.0,26930.0
2023/03/23,Thu,26670.0,27125.0,26670.0,26630.0
2023/03/22,Wed,27235.0,27230.0,27250.0,27210.0
2023/03/21,Tue,26883.0,26910.0,27148.0,26813.0
2023/03/20,Mon,27120.0,26675.0,27120.0,27000.0
2023/03/19,Sun,,,,
2023/03/18,Sat,,,,
2023/03/17,Fri,26670.0,27040.0,27100.0,26430.0
2023/03/16,Thu,27060.0,26740.0,27090.0,26190.0
2023/03/15,Wed,27125.0,27035.0,27125.0,26895.0
2023/03/14,Tue,27360.0,26905.0,27360.0,26885.0
2023/03/13,Mon,27840.0,27635.0,27925.0,27400.0
2023/03/12,Sun,,,,
2023/03/11,Sat,,,,
2023/03/10,Fri,28335.0,27855.0,28350.0,27940.0
2023/03/09,Thu,28425.0,28615.0,28730.0,28390.0
2023/03/08,Wed,28305.0,28420.0,28475.0,28170.0
2023/03/07,Tue,28230.0,28310.0,28405.0,28175.0
2023/03/06,Mon,27905.0,28235.0,28320.0,27860.0
2023/03/05,Sun,,,,
2023/03/04,Sat,,,,
2023/03/03,Fri,27535.0,27895.0,27970.0,27460.0
2023/03/02,Thu,27535.0,27535.0,27620.0,27395.0
2023/03/01,Wed,27445.0,27535.0,27560.0,27300.0
2023/02/28,Tue,27420.0,27445.0,27585.0,27400.0
2023/02/27,Mon,27400.0,27425.0,27465.0,27270.0
2023/02/26,Sun,,,,
2023/02/25,Sat,,,,
2023/02/24,Fri,27130.0,27380.0,27450.0,27005.0
2023/02/23,Thu,27115.0,27120.0,27160.0,26940.0
2023/02/22,Wed,27445.0,27120.0,27465.0,27020.0
2023/02/21,Tue,27515.0,27460.0,27520.0,27325.0
2023/02/20,Mon,27455.0,27515.0,27525.0,27380.0
2023/02/19,Sun,,,,
2023/02/18,Sat,,,,
2023/02/17,Fri,27655.0,27450.0,27680.0,27435.0
2023/02/16,Thu,27440.0,27665.0,27725.0,27435.0
2023/02/15,Wed,27625.0,27445.0,27770.0,27425.0
2023/02/14,Tue,27425.0,27630.0,27715.0,27425.0
2023/02/13,Mon,27640.0,27450.0,27685.0,27235.0
2023/02/12,Sun,,,,
2023/02/11,Sat,,,,
2023/02/10,Fri,27615.0,27635.0,27790.0,27495.0
2023/02/09,Thu,27515.0,27650.0,27515.0,27485.0
2023/02/08,Wed,27595.0,27620.0,27670.0,27355.0
2023/02/07,Tue,27650.0,27620.0,27795.0,27520.0
2023/02/06,Mon,27495.0,27705.0,27935.0,27405.0
2023/02/05,Sun,,,,
2023/02/04,Sat,,,,
2023/02/03,Fri,27380.0,27515.0,27600.0,27355.0
2023/02/02,Thu,27325.0,27410.0,27505.0,27120.0
2023/02/01,Wed,27315.0,27330.0,27520.0,27190.0
2023/01/31,Tue,27450.0,27335.0,27450.0,27165.0
2023/01/30,Mon,27375.0,27400.0,27475.0,27285.0
2023/01/29,Sun,,,,
2023/01/28,Sat,,,,
2023/01/27,Fri,27365.0,27385.0,27515.0,27300.0
2023/01/26,Thu,27350.0,27410.0,27485.0,27155.0
2023/01/25,Wed,27325.0,27335.0,27340.0,27280.0
2023/01/24,Tue,26895.0,27295.0,27365.0,26885.0
2023/01/23,Mon,26530.0,26900.0,26925.0,26510.0
2023/01/22,Sun,,,,
2023/01/21,Sat,,,,
2023/01/20,Fri,26330.0,26545.0,26545.0,26225.0
2023/01/19,Thu,26750.0,26355.0,26765.0,26320.0
2023/01/18,Wed,26120.0,26750.0,27005.0,26100.0
2023/01/17,Tue,25780.0,26155.0,26170.0,25770.0
2023/01/16,Mon,26070.0,25780.0,26080.0,25675.0
2023/01/15,Sun,,,,
2023/01/14,Sat,,,,
2023/01/13,Fri,26365.0,26110.0,26365.0,25980.0
2023/01/12,Thu,26090.0,26395.0,26260.0,26090.0
2023/01/11,Wed,26465.0,26435.0,26475.0,26395.0
2023/01/10,Tue,26165.0,26185.0,26295.0,26160.0
2023/01/09,Mon,25915.0,26270.0,26030.0,25910.0
2023/01/08,Sun,,,,
2023/01/07,Sat,,,,
2023/01/06,Fri,25740.0,25960.0,25985.0,25720.0
2023/01/05,Thu,25910.0,25815.0,25915.0,25845.0
2023/01/04,Wed,25855.0,25640.0,25910.0,25645.0
2023/01/03,Tue,26035.0,25770.0,26035.0,26035.0
2023/01/02,Mon,25743.0,25855.0,25918.0,25743.0
2023/01/01,Sun,,,,
2022/12/31,Sat,,,,
2022/12/30,Fri,26015.0,26020.0,26050.0,26015.0
2022/12/29,Thu,26730.0,26000.0,26730.0,25940.0
2022/12/28,Wed,26190.0,26255.0,26205.0,26140.0
2022/12/27,Tue,26415.0,26385.0,26530.0,26370.0
2022/12/26,Mon,26265.0,26385.0,26355.0,26240.0
2022/12/25,Sun,,,,
2022/12/24,Sat,,,,
2022/12/23,Fri,26435.0,26180.0,26445.0,26160.0
2022/12/22,Thu,26280.0,26460.0,26545.0,26280.0
2022/12/21,Wed,26440.0,26345.0,26560.0,26255.0
2022/12/20,Tue,27200.0,26540.0,27300.0,26430.0
2022/12/19,Mon,27255.0,27240.0,27255.0,27160.0
2022/12/18,Sun,,,,
2022/12/17,Sat,,,,
2022/12/16,Fri,27690.0,27495.0,27690.0,27180.0
2022/12/15,Thu,28080.0,27990.0,28080.0,28080.0
2022/12/14,Wed,28220.0,28105.0,28220.0,27925.0
2022/12/13,Tue,27900.0,27915.0,27925.0,27865.0
2022/12/12,Mon,27805.0,27790.0,27805.0,27785.0
2022/12/11,Sun,,,,
2022/12/10,Sat,,,,
2022/12/09,Fri,27830.0,27870.0,27920.0,27825.0
2022/12/08,Thu,27670.0,27560.0,27720.0,27415.0
2022/12/07,Wed,27865.0,27680.0,27910.0,27550.0
2022/12/06,Tue,27860.0,27855.0,27945.0,27630.0
2022/12/05,Mon,27765.0,27845.0,27860.0,27485.0
2022/12/04,Sun,,,,
2022/12/03,Sat,,,,
2022/12/02,Fri,28230.0,27760.0,28260.0,27660.0
2022/12/01,Thu,28035.0,28245.0,28510.0,27970.0
2022/11/30,Wed,28060.0,28050.0,28120.0,27805.0
2022/11/29,Tue,28180.0,28050.0,28305.0,27905.0
2022/11/28,Mon,28335.0,28180.0,28390.0,28040.0
2022/11/27,Sun,,,,
2022/11/26,Sat,,,,
2022/11/25,Fri,28370.0,28330.0,28415.0,28250.0
2022/11/24,Thu,28370.0,28355.0,28505.0,28295.0
2022/11/23,Wed,28085.0,28360.0,28410.0,28045.0
2022/11/22,Tue,27945.0,28100.0,28200.0,27915.0
2022/11/21,Mon,27870.0,27960.0,28020.0,27840.0
2022/11/20,Sun,,,,
2022/11/19,Sat,,,,
2022/11/18,Fri,28005.0,27890.0,28050.0,27780.0
2022/11/17,Thu,28050.0,28000.0,28105.0,27885.0
2022/11/16,Wed,28040.0,28040.0,28215.0,27730.0
2022/11/15,Tue,27970.0,28040.0,28165.0,27885.0
2022/11/14,Mon,28255.0,27965.0,28300.0,27935.0
2022/11/13,Sun,,,,
2022/11/12,Sat,,,,
2022/11/11,Fri,27375.0,28245.0,28330.0,27365.0
2022/11/10,Thu,27655.0,27450.0,27775.0,27355.0
2022/11/09,Wed,27870.0,27660.0,28000.0,27645.0
2022/11/08,Tue,27535.0,27890.0,27940.0,27480.0
2022/11/07,Mon,27220.0,27555.0,27575.0,27170.0
2022/11/06,Sun,,,,
2022/11/05,Sat,,,,
2022/11/04,Fri,27105.0,27185.0,27105.0,27105.0
2022/11/03,Thu,27630.0,27360.0,27740.0,27180.0
2022/11/02,Wed,27675.0,27650.0,27775.0,27505.0
2022/11/01,Tue,27625.0,27700.0,27625.0,27625.0
2022/10/31,Mon,27300.0,27560.0,27600.0,27300.0
2022/10/30,Sun,,,,
2022/10/29,Sat,,,,
2022/10/28,Fri,27255.0,27015.0,27255.0,27010.0
2022/10/27,Thu,27415.0,27305.0,27630.0,27275.0
2022/10/26,Wed,27570.0,27440.0,27570.0,27565.0
2022/10/25,Tue,27000.0,27265.0,27330.0,26860.0
2022/10/24,Mon,26890.0,26965.0,27380.0,26790.0
2022/10/23,Sun,,,,
2022/10/22,Sat,,,,
2022/10/21,Fri,27005.0,26905.0,27290.0,26865.0
2022/10/20,Thu,26900.0,27000.0,26900.0,26900.0
2022/10/19,Wed,27345.0,27230.0,27345.0,27315.0
2022/10/18,Tue,26745.0,27195.0,27265.0,26665.0
2022/10/17,Mon,27040.0,26730.0,27120.0,26550.0
2022/10/16,Sun,,,,
2022/10/15,Sat,,,,
2022/10/14,Fri,26200.0,27060.0,26200.0,26200.0
2022/10/13,Thu,26000.0,26255.0,26000.0,26000.0
2022/10/12,Wed,26335.0,26390.0,26335.0,26335.0
2022/10/11,Tue,26500.0,26425.0,26500.0,26100.0
2022/10/10,Mon,27130.0,26615.0,27130.0,27130.0
2022/10/09,Sun,,,,
2022/10/08,Sat,,,,
2022/10/07,Fri,26680.0,27110.0,26680.0,26680.0
2022/10/06,Thu,26935.0,27300.0,27395.0,26935.0
2022/10/05,Wed,27155.0,27090.0,27155.0,27155.0
2022/10/04,Tue,26535.0,26920.0,26540.0,26535.0
2022/10/03,Mon,25650.0,26235.0,25820.0,25400.0
2022/10/02,Sun,,,,
2022/10/01,Sat,,,,
2022/09/30,Fri,25750.0,26010.0,25830.0,25630.0
2022/09/29,Thu,26390.0,26330.0,26390.0,26390.0
2022/09/28,Wed,25450.0,25930.0,25670.0,25450.0
2022/09/27,Tue,26345.0,26320.0,26425.0,26345.0
2022/09/26,Mon,26395.0,26205.0,26400.0,26370.0
2022/09/25,Sun,,,,
2022/09/24,Sat,,,,
2022/09/23,Fri,27100.0,26740.0,27100.0,26710.0
2022/09/22,Thu,26850.0,27030.0,26850.0,26850.0
2022/09/21,Wed,27105.0,27125.0,27105.0,27105.0
2022/09/20,Tue,26900.0,27455.0,26900.0,26840.0
2022/09/19,Mon,27265.0,27260.0,27265.0,27265.0
2022/09/18,Sun,,,,
2022/09/17,Sat,,,,
2022/09/16,Fri,27050.0,27365.0,27050.0,26990.0
2022/09/15,Thu,27695.0,27685.0,27695.0,27650.0
2022/09/14,Wed,28355.0,27650.0,28355.0,27560.0
2022/09/13,Tue,28325.0,28405.0,28345.0,28325.0
2022/09/12,Mon,28365.0,28265.0,28390.0,28280.0
2022/09/11,Sun,,,,
2022/09/10,Sat,,,,
2022/09/09,Fri,27865.0,28000.0,27865.0,27860.0
2022/09/08,Thu,27500.0,28050.0,28085.0,27465.0
2022/09/07,Wed,27620.0,27505.0,27765.0,27260.0
2022/09/06,Tue,27650.0,27625.0,27815.0,27560.0
2022/09/05,Mon,27700.0,27635.0,27905.0,27460.0
2022/09/04,Sun,,,,
2022/09/03,Sat,,,,
2022/09/02,Fri,27645.0,27675.0,27815.0,27550.0
2022/09/01,Thu,28070.0,27625.0,28085.0,27585.0
2022/08/31,Wed,28190.0,28075.0,28340.0,27850.0
2022/08/30,Tue,27925.0,28205.0,28225.0,27885.0
2022/08/29,Mon,28645.0,27920.0,28750.0,27765.0
2022/08/28,Sun,,,,
2022/08/27,Sat,,,,
2022/08/26,Fri,28595.0,28640.0,28790.0,28455.0
2022/08/25,Thu,28300.0,28570.0,28600.0,28250.0
2022/08/24,Wed,28370.0,28300.0,28575.0,28260.0
2022/08/23,Tue,28715.0,28380.0,28740.0,28375.0
2022/08/22,Mon,28885.0,28730.0,28925.0,28550.0
2022/08/21,Sun,,,,
2022/08/20,Sat,,,,
2022/08/19,Fri,28905.0,28925.0,29135.0,28880.0
2022/08/18,Thu,29150.0,28930.0,29190.0,28830.0
2022/08/17,Wed,28850.0,29175.0,29225.0,28780.0
2022/08/16,Tue,28855.0,28855.0,28925.0,28620.0
2022/08/15,Mon,28515.0,28860.0,28895.0,28505.0
2022/08/14,Sun,,,,
2022/08/13,Sat,,,,
2022/08/12,Fri,28170.0,28520.0,28560.0,28035.0
2022/08/11,Thu,27820.0,28155.0,28185.0,27785.0
2022/08/10,Wed,27750.0,27810.0,27755.0,27750.0
2022/08/09,Tue,28190.0,27980.0,28315.0,27945.0
2022/08/08,Mon,28115.0,28260.0,28260.0,27980.0
2022/08/07,Sun,,,,
2022/08/06,Sat,,,,
2022/08/05,Fri,28175.0,28185.0,28175.0,28170.0
2022/08/04,Thu,27700.0,27970.0,28015.0,27635.0
2022/08/03,Wed,27670.0,27730.0,27910.0,27575.0
2022/08/02,Tue,27980.0,27685.0,28060.0,27510.0
2022/08/01,Mon,27760.0,28010.0,27995.0,27730.0
2022/07/31,Sun,,,,
2022/07/30,Sat,,,,
2022/07/29,Fri,27840.0,27765.0,28000.0,27590.0
2022/07/28,Thu,27740.0,27835.0,28050.0,27625.0
2022/07/27,Wed,27635.0,27775.0,27760.0,27400.0
2022/07/26,Tue,27665.0,27680.0,27805.0,27510.0
2022/07/25,Mon,27900.0,27715.0,27955.0,27570.0
2022/07/24,Sun,,,,
2022/07/23,Sat,,,,
2022/07/22,Fri,27755.0,27920.0,27755.0,27755.0
2022/07/21,Thu,27665.0,27800.0,27815.0,27460.0
2022/07/20,Wed,26920.0,27695.0,27695.0,26895.0
2022/07/19,Tue,27145.0,26950.0,27215.0,26760.0
2022/07/18,Mon,26710.0,27100.0,27155.0,26610.0
2022/07/17,Sun,,,,
2022/07/16,Sat,,,,
2022/07/15,Fri,26665.0,26765.0,26855.0,26415.0
2022/07/14,Thu,26455.0,26670.0,26705.0,26205.0
2022/07/13,Wed,26295.0,26420.0,26555.0,26235.0
2022/07/12,Tue,26665.0,26305.0,26820.0,26245.0
2022/07/11,Mon,26575.0,26680.0,27040.0,26520.0
2022/07/10,Sun,,,,
2022/07/09,Sat,,,,
2022/07/08,Fri,26485.0,26575.0,26860.0,26390.0
2022/07/07,Thu,26265.0,26505.0,26490.0,26265.0
2022/07/06,Wed,26130.0,26015.0,26130.0,26130.0
2022/07/05,Tue,25590.0,26370.0,25700.0,25590.0
2022/07/04,Mon,25500.0,26195.0,25500.0,25500.0
2022/07/03,Sun,,,,
2022/07/02,Sat,,,,
2022/07/01,Fri,25720.0,25860.0,25720.0,25380.0
2022/06/30,Thu,26380.0,26330.0,26500.0,26160.0
2022/06/29,Wed,26600.0,26695.0,26600.0,26600.0
2022/06/28,Tue,26270.0,27085.0,26270.0,26270.0
2022/06/27,Mon,26110.0,26780.0,26110.0,26110.0
2022/06/26,Sun,,,,
2022/06/25,Sat,,,,
2022/06/24,Fri,25720.0,26505.0,26160.0,25720.0
2022/06/23,Thu,26050.0,26135.0,26125.0,26050.0
2022/06/22,Wed,26360.0,26120.0,26400.0,26360.0
2022/06/21,Tue,26230.0,26245.0,26235.0,26180.0
2022/06/20,Mon,25750.0,25800.0,25800.0,25290.0
2022/06/19,Sun,,,,
2022/06/18,Sat,,,,
2022/06/17,Fri,25900.0,25795.0,25910.0,25645.0
2022/06/16,Thu,26815.0,26440.0,26815.0,26815.0
2022/06/15,Wed,26465.0,26300.0,26465.0,26410.0
2022/06/14,Tue,25790.0,26675.0,25870.0,25790.0
2022/06/13,Mon,27105.0,26855.0,27105.0,27105.0
2022/06/12,Sun,,,,
2022/06/11,Sat,,,,
2022/06/10,Fri,27970.0,27865.0,27970.0,27970.0
2022/06/09,Thu,28205.0,28285.0,28395.0,28105.0
2022/06/08,Wed,28005.0,28210.0,28240.0,27880.0
2022/06/07,Tue,27915.0,28045.0,28125.0,27865.0
2022/06/06,Mon,27800.0,27935.0,27985.0,27510.0
2022/06/05,Sun,,,,
2022/06/04,Sat,,,,
2022/06/03,Fri,27465.0,27795.0,27800.0,27410.0
2022/06/02,Thu,27520.0,27465.0,27615.0,27255.0
2022/06/01,Wed,27240.0,27485.0,27520.0,27135.0
2022/05/31,Tue,27370.0,27285.0,27475.0,27235.0
2022/05/30,Mon,26840.0,27385.0,27415.0,26830.0
2022/05/29,Sun,,,,
2022/05/28,Sat,,,,
2022/05/27,Fri,26645.0,26820.0,27025.0,26585.0
2022/05/26,Thu,26720.0,26635.0,26910.0,26490.0
2022/05/25,Wed,26740.0,26675.0,26840.0,26515.0
2022/05/24,Tue,27050.0,26765.0,27145.0,26730.0
2022/05/23,Mon,26705.0,27045.0,27085.0,26365.0
2022/05/22,Sun,,,,
2022/05/21,Sat,,,,
2022/05/20,Fri,26335.0,26720.0,26800.0,26075.0
2022/05/19,Thu,26870.0,26340.0,26930.0,26115.0
2022/05/18,Wed,26630.0,26845.0,27055.0,26625.0
2022/05/17,Tue,26490.0,26610.0,26710.0,26425.0
2022/05/16,Mon,26350.0,26490.0,26870.0,26270.0
2022/05/15,Sun,,,,
2022/05/14,Sat,,,,
2022/05/13,Fri,25745.0,26340.0,26475.0,25535.0
2022/05/12,Thu,26005.0,25700.0,26020.0,25860.0
2022/05/11,Wed,26200.0,26255.0,26200.0,26200.0
2022/05/10,Tue,26120.0,26260.0,26125.0,26120.0
2022/05/09,Mon,26930.0,26395.0,26930.0,26915.0
2022/05/08,Sun,,,,
2022/05/07,Sat,,,,
2022/05/06,Fri,27000.0,27105.0,27185.0,27000.0
2022/05/05,Thu,27427.5,27375.0,27450.0,26585.0
2022/05/04,Wed,27080.0,27095.0,27483.0,26782.5
2022/05/03,Tue,26818.0,26915.0,27113.0,26812.5
2022/05/02,Mon,26360.0,26810.0,26360.0,26360.0
2022/05/01,Sun,,,,
2022/04/30,Sat,,,,
2022/04/29,Fri,27167.5,27365.0,27465.0,26700.0
2022/04/28,Thu,26520.0,26865.0,26520.0,26520.0
2022/04/27,Wed,26145.0,26390.0,26380.0,26135.0
2022/04/26,Tue,26600.0,26650.0,26850.0,26400.0
2022/04/25,Mon,27070.0,26540.0,27195.0,26500.0
2022/04/24,Sun,,,,
2022/04/23,Sat,,,,
2022/04/22,Fri,27635.0,27100.0,27670.0,27130.0
2022/04/21,Thu,27245.0,27520.0,27500.0,27245.0
2022/04/20,Wed,26950.0,27180.0,27390.0,26870.0
2022/04/19,Tue,26730.0,27050.0,27110.0,26660.0
2022/04/18,Mon,27110.0,26755.0,27120.0,26560.0
2022/04/17,Sun,,,,
2022/04/16,Sat,,,,
2022/04/15,Fri,27020.0,27095.0,27095.0,27020.0
2022/04/14,Thu,24300.0,27195.0,26880.0,24300.0
2022/04/13,Wed,26595.0,26880.0,26790.0,26595.0
2022/04/12,Tue,26370.0,26325.0,26405.0,26310.0
2022/04/11,Mon,27170.0,26825.0,27170.0,27040.0
2022/04/10,Sun,,,,
2022/04/09,Sat,,,,
2022/04/08,Fri,26610.0,27040.0,26610.0,26610.0
2022/04/07,Thu,26840.0,26900.0,26840.0,26500.0
2022/04/06,Wed,27840.0,27430.0,27880.0,27200.0
2022/04/05,Tue,27690.0,27810.0,28020.0,27630.0
2022/04/04,Mon,27755.0,27795.0,27755.0,27660.0
2022/04/03,Sun,,,,
2022/04/02,Sat,,,,
2022/04/01,Fri,27860.0,27670.0,27860.0,27740.0
2022/03/31,Thu,27380.0,27795.0,27680.0,27380.0
2022/03/30,Wed,27720.0,28005.0,27720.0,27720.0
2022/03/29,Tue,27900.0,27920.0,27910.0,27900.0
2022/03/28,Mon,27940.0,27650.0,27940.0,27750.0
2022/03/27,Sun,,,,
2022/03/26,Sat,,,,
2022/03/25,Fri,27860.0,27910.0,28140.0,27700.0
2022/03/24,Thu,27585.0,27840.0,27940.0,27585.0
2022/03/23,Wed,27675.0,27865.0,27675.0,27675.0
2022/03/22,Tue,27055.0,27075.0,27055.0,27055.0
2022/03/21,Mon,27052.5,26950.0,27142.5,26917.5
2022/03/20,Sun,,,,
2022/03/19,Sat,,,,
2022/03/18,Fri,26455.0,26735.0,26610.0,26385.0
2022/03/17,Thu,25745.0,26450.0,25795.0,25745.0
2022/03/16,Wed,24945.0,25600.0,25515.0,24945.0
2022/03/15,Tue,25070.0,25135.0,25145.0,25070.0
2022/03/14,Mon,25175.0,25055.0,25180.0,25030.0
2022/03/13,Sun,,,,
2022/03/12,Sat,,,,
2022/03/11,Fri,25335.0,25090.0,25335.0,25335.0
2022/03/10,Thu,24760.0,25695.0,25755.0,24730.0
2022/03/09,Wed,24635.0,24740.0,25160.0,24550.0
2022/03/08,Tue,25205.0,24560.0,25530.0,24505.0
2022/03/07,Mon,26080.0,25210.0,26185.0,25000.0
2022/03/06,Sun,,,,
2022/03/05,Sat,,,,
2022/03/04,Fri,26645.0,26105.0,26700.0,25770.0
2022/03/03,Thu,26325.0,26640.0,26725.0,26195.0
2022/03/02,Wed,26880.0,26355.0,26960.0,26280.0
2022/03/01,Tue,26530.0,26885.0,27020.0,26485.0
2022/02/28,Mon,26485.0,26550.0,26990.0,26255.0
2022/02/27,Sun,,,,
2022/02/26,Sat,,,,
2022/02/25,Fri,25860.0,26505.0,26520.0,25540.0
2022/02/24,Thu,26765.0,25920.0,26890.0,25750.0
2022/02/23,Wed,26445.0,26740.0,26910.0,26355.0
2022/02/22,Tue,26980.0,26465.0,27020.0,26225.0
2022/02/21,Mon,27090.0,26950.0,27125.0,26530.0
2022/02/20,Sun,,,,
2022/02/19,Sat,,,,
2022/02/18,Fri,27205.0,27105.0,27320.0,26780.0
2022/02/17,Thu,27430.0,27220.0,27545.0,27055.0
2022/02/16,Wed,26850.0,27420.0,27465.0,26815.0
2022/02/15,Tue,27035.0,26850.0,27155.0,26695.0
2022/02/14,Mon,27225.0,27075.0,27440.0,26845.0
2022/02/13,Sun,,,,
2022/02/12,Sat,,,,
2022/02/11,Fri,27705.0,27235.0,27755.0,27155.0
2022/02/10,Thu,27555.0,27710.0,27880.0,27515.0
2022/02/09,Wed,27600.0,27575.0,27605.0,27600.0
2022/02/08,Tue,27270.0,27295.0,27450.0,27130.0
2022/02/07,Mon,27390.0,27235.0,27440.0,27070.0
2022/02/06,Sun,,,,
2022/02/05,Sat,,,,
2022/02/04,Fri,27180.0,27425.0,27430.0,26940.0
2022/02/03,Thu,27490.0,27215.0,27570.0,27150.0
2022/02/02,Wed,27560.0,27555.0,27560.0,27560.0
2022/02/01,Tue,26950.0,27060.0,27210.0,26950.0
2022/01/31,Mon,26660.0,27070.0,27120.0,26230.0
2022/01/30,Sun,,,,
2022/01/29,Sat,,,,
2022/01/28,Fri,26710.0,26720.0,26740.0,26670.0
2022/01/27,Thu,26200.0,26230.0,26200.0,26200.0
2022/01/26,Wed,26960.0,27025.0,27340.0,26840.0
2022/01/25,Tue,26300.0,27075.0,26300.0,26300.0
2022/01/24,Mon,27270.0,27595.0,27270.0,27270.0
2022/01/23,Sun,,,,
2022/01/22,Sat,,,,
2022/01/21,Fri,27800.0,27540.0,27940.0,27100.0
2022/01/20,Thu,27650.0,27800.0,27765.0,27650.0
2022/01/19,Wed,27520.0,27540.0,27520.0,27520.0
2022/01/18,Tue,28460.0,28270.0,28500.0,28460.0
2022/01/17,Mon,28305.0,28350.0,28310.0,28305.0
2022/01/16,Sun,,,,
2022/01/15,Sat,,,,
2022/01/14,Fri,28240.0,28210.0,28240.0,27965.0
2022/01/13,Thu,28710.0,28590.0,28790.0,28440.0
2022/01/12,Wed,28150.0,28765.0,28790.0,28120.0
2022/01/11,Tue,28490.0,28175.0,28490.0,28060.0
2022/01/10,Mon,28400.0,28510.0,28475.0,28320.0
2022/01/09,Sun,,,,
2022/01/08,Sat,,,,
2022/01/07,Fri,28650.0,28475.0,28740.0,28650.0
2022/01/06,Thu,28525.0,28520.0,28600.0,28525.0
2022/01/05,Wed,29300.0,29295.0,29350.0,29300.0
2022/01/04,Tue,28840.0,29260.0,29300.0,28800.0
2022/01/03,Mon,29020.0,28930.0,29020.0,29020.0
2022/01/02,Sun,,,,
2022/01/01,Sat,,,,
2021/12/31,Fri,28790.0,28805.0,28985.0,28702.5
2021/12/30,Thu,28010.0,28895.0,28010.0,28010.0
2021/12/29,Wed,28920.0,28850.0,29080.0,28700.0
2021/12/28,Tue,28660.0,28960.0,29070.0,28630.0
2021/12/27,Mon,28730.0,28670.0,28750.0,28600.0
2021/12/26,Sun,,,,
2021/12/25,Sat,,,,
2021/12/24,Fri,27890.0,28735.0,27890.0,27890.0
2021/12/23,Thu,27620.0,28730.0,27620.0,27620.0
2021/12/22,Wed,28520.0,28460.0,28660.0,28360.0
2021/12/21,Tue,27790.0,28515.0,28520.0,27780.0
2021/12/20,Mon,28540.0,27920.0,28630.0,27830.0
2021/12/19,Sun,,,,
2021/12/18,Sat,,,,
2021/12/17,Fri,29090.0,28535.0,29150.0,28440.0
2021/12/16,Thu,28420.0,29020.0,29030.0,28390.0
2021/12/15,Wed,28420.0,28485.0,28470.0,28110.0
2021/12/14,Tue,28610.0,28380.0,28670.0,28230.0
2021/12/13,Mon,28380.0,28670.0,28740.0,28370.0
2021/12/12,Sun,,,,
2021/12/11,Sat,,,,
2021/12/10,Fri,28690.0,28410.0,28710.0,28320.0
2021/12/09,Thu,28870.0,28760.0,28935.0,28720.0
2021/12/08,Wed,28540.0,28890.0,28925.0,28530.0
2021/12/07,Tue,27865.0,28545.0,28615.0,27700.0
2021/12/06,Mon,28075.0,27855.0,28175.0,27580.0
2021/12/05,Sun,,,,
2021/12/04,Sat,,,,
2021/12/03,Fri,27760.0,28075.0,28120.0,27510.0
2021/12/02,Thu,28165.0,27715.0,28230.0,27405.0
2021/12/01,Wed,27635.0,28175.0,28225.0,27375.0
2021/11/30,Tue,28315.0,27575.0,28715.0,27390.0
2021/11/29,Mon,28740.0,28225.0,28790.0,27505.0
2021/11/28,Sun,,,,
2021/11/27,Sat,,,,
2021/11/26,Fri,29525.0,28760.0,29535.0,28595.0
2021/11/25,Thu,29390.0,29535.0,29585.0,29220.0
2021/11/24,Wed,29705.0,29395.0,29790.0,29200.0
2021/11/23,Tue,29790.0,29690.0,29915.0,29610.0
2021/11/22,Mon,29765.0,29810.0,29815.0,29475.0
2021/11/21,Sun,,,,
2021/11/20,Sat,,,,
2021/11/19,Fri,29575.0,29770.0,29775.0,29425.0
2021/11/18,Thu,29710.0,29565.0,29750.0,29380.0
2021/11/17,Wed,29760.0,29705.0,29925.0,29615.0
2021/11/16,Tue,29735.0,29755.0,29965.0,29645.0
2021/11/15,Mon,29595.0,29720.0,29850.0,29570.0
2021/11/14,Sun,,,,
2021/11/13,Sat,,,,
2021/11/12,Fri,29325.0,29595.0,29660.0,29300.0
2021/11/11,Thu,29250.0,29350.0,29380.0,28970.0
2021/11/10,Wed,29255.0,29110.0,29255.0,29255.0
2021/11/09,Tue,29500.0,29310.0,29800.0,29230.0
2021/11/08,Mon,29550.0,29495.0,29840.0,29490.0
2021/11/07,Sun,,,,
2021/11/06,Sat,,,,
2021/11/05,Fri,29530.0,29610.0,29530.0,29530.0
2021/11/04,Thu,29500.0,29820.0,29950.0,29410.0
2021/11/03,Wed,29475.0,29505.0,29952.5,29412.5
2021/11/02,Tue,29580.0,29500.0,29660.0,29390.0
2021/11/01,Mon,28770.0,29565.0,28770.0,28770.0
2021/10/31,Sun,,,,
2021/10/30,Sat,,,,
2021/10/29,Fri,29010.0,28785.0,29010.0,29010.0
2021/10/28,Thu,29010.0,28765.0,29020.0,28640.0
2021/10/27,Wed,29130.0,29000.0,29250.0,28860.0
2021/10/26,Tue,29050.0,29130.0,29050.0,29050.0
2021/10/25,Mon,28910.0,28625.0,28940.0,28370.0
2021/10/24,Sun,,,,
2021/10/23,Sat,,,,
2021/10/22,Fri,28730.0,28870.0,28990.0,28420.0
2021/10/21,Thu,28825.0,28735.0,28845.0,28825.0
2021/10/20,Wed,29240.0,29280.0,29490.0,29210.0
2021/10/19,Tue,28920.0,29270.0,29280.0,28860.0
2021/10/18,Mon,29100.0,28915.0,29260.0,28910.0
2021/10/17,Sun,,,,
2021/10/16,Sat,,,,
2021/10/15,Fri,28620.0,29120.0,29150.0,28590.0
2021/10/14,Thu,28120.0,28570.0,28590.0,28070.0
2021/10/13,Wed,28070.0,28145.0,28380.0,27990.0
2021/10/12,Tue,28520.0,28095.0,28780.0,28090.0
2021/10/11,Mon,28080.0,28505.0,28600.0,27900.0
2021/10/10,Sun,,,,
2021/10/09,Sat,,,,
2021/10/08,Fri,27770.0,28125.0,28330.0,27760.0
2021/10/07,Thu,27790.0,27800.0,27790.0,27790.0
2021/10/06,Wed,27500.0,27410.0,27560.0,27500.0
2021/10/05,Tue,27810.0,27745.0,27810.0,27705.0
2021/10/04,Mon,28830.0,28240.0,29140.0,28230.0
2021/10/03,Sun,,,,
2021/10/02,Sat,,,,
2021/10/01,Fri,29660.0,28800.0,29740.0,28680.0
2021/09/30,Thu,29680.0,29455.0,29850.0,29300.0
2021/09/29,Wed,29760.0,29580.0,29850.0,29330.0
2021/09/28,Tue,30015.0,29930.0,30015.0,30015.0
2021/09/27,Mon,30030.0,30085.0,30230.0,29880.0
2021/09/26,Sun,,,,
2021/09/25,Sat,,,,
2021/09/24,Fri,30065.0,30135.0,30100.0,30065.0
2021/09/23,Thu,29885.0,29840.0,30167.5,29858.0
2021/09/22,Wed,28905.0,29520.0,29815.0,28905.0
2021/09/21,Tue,30785.0,29750.0,31215.0,29680.0
2021/09/20,Mon,30163.0,29760.0,30195.0,29252.5
2021/09/19,Sun,,,,
2021/09/18,Sat,,,,
2021/09/17,Fri,30230.0,30365.0,30360.0,30110.0
2021/09/16,Thu,30380.0,30200.0,30460.0,30020.0
2021/09/15,Wed,30350.0,30355.0,30400.0,30100.0
2021/09/14,Tue,30445.0,30405.0,30455.0,30445.0
2021/09/13,Mon,30220.0,30335.0,30350.0,29910.0
2021/09/12,Sun,,,,
2021/09/11,Sat,,,,
2021/09/10,Fri,29855.0,30165.0,30155.0,29855.0
2021/09/09,Thu,30015.0,30010.0,30255.0,29860.0
2021/09/08,Wed,29870.0,30125.0,30245.0,29615.0
2021/09/07,Tue,29795.0,29910.0,30205.0,29765.0
2021/09/06,Mon,29155.0,29745.0,29790.0,29055.0
2021/09/05,Sun,,,,
2021/09/04,Sat,,,,
2021/09/03,Fri,28525.0,29115.0,29190.0,28505.0
2021/09/02,Thu,28535.0,28495.0,28660.0,28415.0
2021/09/01,Wed,28190.0,28490.0,28510.0,28005.0
2021/08/31,Tue,27750.0,28180.0,28200.0,27595.0
2021/08/30,Mon,27655.0,27745.0,27925.0,27605.0
2021/08/29,Sun,,,,
2021/08/28,Sat,,,,
2021/08/27,Fri,27690.0,27640.0,27770.0,27460.0
2021/08/26,Thu,27740.0,27700.0,27830.0,27650.0
2021/08/25,Wed,27795.0,27730.0,27880.0,27640.0
2021/08/24,Tue,27505.0,27740.0,27800.0,27435.0
2021/08/23,Mon,26970.0,27500.0,27535.0,26845.0
2021/08/22,Sun,,,,
2021/08/21,Sat,,,,
2021/08/20,Fri,27180.0,27020.0,27315.0,26920.0
2021/08/19,Thu,27590.0,27170.0,27630.0,27170.0
2021/08/18,Wed,27330.0,27580.0,27665.0,27225.0
2021/08/17,Tue,27500.0,27400.0,27740.0,27345.0
2021/08/16,Mon,27985.0,27505.0,28070.0,27385.0
2021/08/15,Sun,,,,
2021/08/14,Sat,,,,
2021/08/13,Fri,28000.0,27985.0,28110.0,27910.0
2021/08/12,Thu,28070.0,28050.0,28260.0,27980.0
2021/08/11,Wed,27890.0,28090.0,28130.0,27860.0
2021/08/10,Tue,27830.0,27870.0,28120.0,27780.0
2021/08/09,Mon,27753.0,27720.0,27938.0,27677.5
2021/08/08,Sun,,,,
2021/08/07,Sat,,,,
2021/08/06,Fri,27710.0,27850.0,27900.0,27650.0
2021/08/05,Thu,27580.0,27690.0,27720.0,27430.0
2021/08/04,Wed,27590.0,27605.0,27680.0,27410.0
2021/08/03,Tue,27780.0,27620.0,27820.0,27460.0
2021/08/02,Mon,27370.0,27750.0,27820.0,27310.0
2021/08/01,Sun,,,,
2021/07/31,Sat,,,,
2021/07/30,Fri,27900.0,27365.0,27930.0,27250.0
2021/07/29,Thu,27560.0,27835.0,27890.0,27550.0
2021/07/28,Wed,27660.0,27535.0,27840.0,27350.0
2021/07/27,Tue,27790.0,27930.0,28020.0,27640.0
2021/07/26,Mon,27845.0,27835.0,27845.0,27845.0
2021/07/25,Sun,,,,
2021/07/24,Sat,,,,
2021/07/23,Fri,28022.5,28115.0,28232.5,27992.5
2021/07/22,Thu,27975.0,27915.0,28055.0,27857.5
2021/07/21,Wed,27490.0,27570.0,27870.0,27310.0
2021/07/20,Tue,27570.0,27420.0,27630.0,27060.0
2021/07/19,Mon,27960.0,27610.0,28100.0,27460.0
2021/07/18,Sun,,,,
2021/07/17,Sat,,,,
2021/07/16,Fri,27915.0,27950.0,27915.0,27915.0
2021/07/15,Thu,28550.0,28230.0,28670.0,28220.0
2021/07/14,Wed,28660.0,28570.0,28690.0,28440.0
2021/07/13,Tue,28490.0,28665.0,28840.0,28380.0
2021/07/12,Mon,28525.0,28515.0,28530.0,28525.0
2021/07/11,Sun,,,,
2021/07/10,Sat,,,,
2021/07/09,Fri,27880.0,28220.0,28210.0,27380.0
2021/07/08,Thu,28420.0,28170.0,28470.0,28090.0
2021/07/07,Wed,28370.0,28400.0,28370.0,28345.0
2021/07/06,Tue,28530.0,28635.0,28740.0,28490.0
2021/07/05,Mon,28780.0,28590.0,28820.0,28550.0
2021/07/04,Sun,,,,
2021/07/03,Sat,,,,
2021/07/02,Fri,28730.0,28780.0,28830.0,28560.0
2021/07/01,Thu,28740.0,28650.0,28830.0,28530.0
2021/06/30,Wed,28840.0,28790.0,29000.0,28740.0
2021/06/29,Tue,28985.0,28780.0,28985.0,28790.0
2021/06/28,Mon,29015.0,28970.0,29015.0,29015.0
2021/06/27,Sun,,,,
2021/06/26,Sat,,,,
2021/06/25,Fri,29065.0,29050.0,29065.0,29065.0
2021/06/24,Thu,28810.0,28825.0,28900.0,28670.0
2021/06/23,Wed,28710.0,28830.0,28710.0,28710.0
2021/06/22,Tue,28710.0,28770.0,28845.0,28710.0
2021/06/21,Mon,28895.0,28035.0,28895.0,27835.0
2021/06/20,Sun,,,,
2021/06/19,Sat,,,,
2021/06/18,Fri,29045.0,28940.0,29045.0,29045.0
2021/06/17,Thu,29250.0,29005.0,29265.0,28945.0
2021/06/16,Wed,29385.0,29265.0,29385.0,29385.0
2021/06/15,Tue,29145.0,29425.0,29480.0,29145.0
2021/06/14,Mon,28950.0,29155.0,29175.0,28950.0
2021/06/13,Sun,,,,
2021/06/12,Sat,,,,
2021/06/11,Fri,28920.0,28895.0,28940.0,28920.0
2021/06/10,Thu,28865.0,28970.0,29020.0,28765.0
2021/06/09,Wed,29045.0,28865.0,29130.0,28830.0
2021/06/08,Tue,29025.0,29045.0,29210.0,28945.0
2021/06/07,Mon,28965.0,29030.0,29280.0,28925.0
2021/06/06,Sun,,,,
2021/06/05,Sat,,,,
2021/06/04,Fri,29010.0,28950.0,29065.0,28765.0
2021/06/03,Thu,28905.0,29030.0,29160.0,28830.0
2021/06/02,Wed,28795.0,28900.0,29020.0,28560.0
2021/06/01,Tue,28965.0,28760.0,29095.0,28605.0
2021/05/31,Mon,29120.0,28965.0,29155.0,28790.0
2021/05/30,Sun,,,,
2021/05/29,Sat,,,,
2021/05/28,Fri,28490.0,29105.0,29200.0,28490.0
2021/05/27,Thu,28620.0,28535.0,28645.0,28360.0
2021/05/26,Wed,28595.0,28570.0,28720.0,28355.0
2021/05/25,Tue,28370.0,28595.0,28625.0,28330.0
2021/05/24,Mon,28335.0,28345.0,28595.0,28205.0
2021/05/23,Sun,,,,
2021/05/22,Sat,,,,
2021/05/21,Fri,28075.0,28330.0,28420.0,27870.0
2021/05/20,Thu,28035.0,28090.0,28175.0,27595.0
2021/05/19,Wed,28455.0,28000.0,28460.0,27835.0
2021/05/18,Tue,27805.0,28435.0,28490.0,27635.0
2021/05/17,Mon,28070.0,27820.0,28345.0,27625.0
2021/05/16,Sun,,,,
2021/05/15,Sat,,,,
2021/05/14,Fri,27515.0,28015.0,28145.0,27130.0
2021/05/13,Thu,28250.0,27450.0,28320.0,27380.0
2021/05/12,Wed,28305.0,28130.0,28305.0,27935.0
2021/05/11,Tue,28730.0,28690.0,28730.0,28595.0
2021/05/10,Mon,29360.0,29570.0,29360.0,29360.0
2021/05/09,Sun,,,,
2021/05/08,Sat,,,,
2021/05/07,Fri,29400.0,29390.0,29460.0,29190.0
2021/05/06,Thu,28910.0,29315.0,29440.0,28800.0
2021/05/05,Wed,28763.0,28785.0,29178.0,28742.5
2021/05/04,Tue,29075.0,29050.0,29143.0,28585.0
2021/05/03,Mon,28945.0,28935.0,28945.0,28910.0
2021/05/02,Sun,,,,
2021/05/01,Sat,,,,
2021/04/30,Fri,29040.0,28885.0,29090.0,28770.0
2021/04/29,Thu,28952.5,29055.0,29193.0,28855.0
2021/04/28,Wed,29000.0,29050.0,29140.0,28830.0
2021/04/27,Tue,29160.0,28990.0,29280.0,28990.0
2021/04/26,Mon,29010.0,29170.0,29310.0,28860.0
2021/04/25,Sun,,,,
2021/04/24,Sat,,,,
2021/04/23,Fri,29200.0,28975.0,29210.0,28765.0
2021/04/22,Thu,28600.0,29120.0,29175.0,28485.0
2021/04/21,Wed,29135.0,28530.0,29140.0,28405.0
2021/04/20,Tue,29675.0,29135.0,29695.0,29005.0
2021/04/19,Mon,29750.0,29695.0,29815.0,29515.0
2021/04/18,Sun,,,,
2021/04/17,Sat,,,,
2021/04/16,Fri,29660.0,29730.0,29835.0,29615.0
2021/04/15,Thu,29635.0,29615.0,29785.0,29525.0
2021/04/14,Wed,29770.0,29620.0,29855.0,29555.0
2021/04/13,Tue,29590.0,29780.0,29900.0,29535.0
2021/04/12,Mon,29765.0,29575.0,29950.0,29540.0
2021/04/11,Sun,,,,
2021/04/10,Sat,,,,
2021/04/09,Fri,29680.0,29775.0,30075.0,29545.0
2021/04/08,Thu,29695.0,29680.0,29748.0,29515.0
2021/04/07,Wed,29735.0,29720.0,29870.0,29520.0
2021/04/06,Tue,30070.0,29710.0,30280.0,29670.0
2021/04/05,Mon,29930.0,30080.0,30215.0,29905.0
2021/04/04,Sun,,,,
2021/04/03,Sat,,,,
2021/04/02,Fri,29450.0,29930.0,29930.0,29445.0
2021/04/01,Thu,29225.0,29410.0,29595.0,29175.0
2021/03/31,Wed,29490.0,29215.0,29545.0,29140.0
2021/03/30,Tue,29205.0,29480.0,29485.0,29155.0
2021/03/29,Mon,29080.0,29090.0,29475.0,29010.0
2021/03/28,Sun,,,,
2021/03/27,Sat,,,,
2021/03/26,Fri,28605.0,29110.0,29110.0,28480.0
2021/03/25,Thu,28190.0,28615.0,28655.0,28120.0
2021/03/24,Wed,28835.0,28190.0,28935.0,28150.0
2021/03/23,Tue,28925.0,28815.0,29325.0,28730.0
2021/03/22,Mon,29560.0,28935.0,29630.0,28925.0
2021/03/21,Sun,,,,
2021/03/20,Sat,,,,
2021/03/19,Fri,30020.0,29500.0,30055.0,29450.0
2021/03/18,Thu,29725.0,30055.0,30320.0,29660.0
2021/03/17,Wed,29760.0,29725.0,29820.0,29630.0
2021/03/16,Tue,29535.0,29725.0,29865.0,29415.0
2021/03/15,Mon,29500.0,29530.0,29725.0,29345.0
2021/03/14,Sun,,,,
2021/03/13,Sat,,,,
2021/03/12,Fri,29150.0,29590.0,29595.0,29030.0
2021/03/11,Thu,29015.0,29230.0,29260.0,28965.0
2021/03/10,Wed,29005.0,28985.0,29285.0,28925.0
2021/03/09,Tue,28710.0,29070.0,29100.0,28560.0
2021/03/08,Mon,28735.0,28765.0,29405.0,28605.0
2021/03/07,Sun,,,,
2021/03/06,Sat,,,,
2021/03/05,Fri,29050.0,28760.0,29295.0,28295.0
2021/03/04,Thu,29680.0,28985.0,29765.0,28705.0
2021/03/03,Wed,29500.0,29590.0,29645.0,29330.0
2021/03/02,Tue,29635.0,29490.0,30010.0,29310.0
2021/03/01,Mon,29260.0,29580.0,29715.0,29130.0
2021/02/28,Sun,,,,
2021/02/27,Sat,,,,
2021/02/26,Fri,30175.0,29250.0,30225.0,28970.0
2021/02/25,Thu,29690.0,30190.0,30240.0,29690.0
2021/02/24,Wed,30100.0,29640.0,30165.0,29615.0
2021/02/23,Tue,29987.5,29995.0,30137.5,29642.5
2021/02/22,Mon,30070.0,30170.0,30455.0,30005.0
2021/02/21,Sun,,,,
2021/02/20,Sat,,,,
2021/02/19,Fri,30200.0,30040.0,30230.0,29740.0
2021/02/18,Thu,30375.0,30230.0,30565.0,30130.0
2021/02/17,Wed,30550.0,30400.0,30585.0,30160.0
2021/02/16,Tue,30135.0,30600.0,30710.0,30040.0
2021/02/15,Mon,29395.0,30095.0,30125.0,29300.0
2021/02/14,Sun,,,,
2021/02/13,Sat,,,,
2021/02/12,Fri,29435.0,29380.0,29670.0,29165.0
2021/02/11,Thu,29330.0,29630.0,29633.0,29228.0
2021/02/10,Wed,29490.0,29445.0,29570.0,29365.0
2021/02/09,Tue,29360.0,29520.0,29595.0,29280.0
2021/02/08,Mon,28795.0,29420.0,29425.0,28720.0
2021/02/07,Sun,,,,
2021/02/06,Sat,,,,
2021/02/05,Fri,28400.0,28800.0,28820.0,28380.0
2021/02/04,Thu,28650.0,28340.0,28735.0,28300.0
2021/02/03,Wed,28315.0,28645.0,28680.0,28275.0
2021/02/02,Tue,28160.0,28370.0,28395.0,28070.0
2021/02/01,Mon,27700.0,28155.0,28155.0,27590.0
2021/01/31,Sun,,,,
2021/01/30,Sat,,,,
2021/01/29,Fri,28070.0,27580.0,28540.0,27580.0
2021/01/28,Thu,28645.0,28070.0,28660.0,27890.0
2021/01/27,Wed,28590.0,28660.0,28760.0,28540.0
2021/01/26,Tue,28810.0,28550.0,28830.0,28480.0
2021/01/25,Mon,28610.0,28800.0,28815.0,28405.0
2021/01/24,Sun,,,,
2021/01/23,Sat,,,,
2021/01/22,Fri,28735.0,28660.0,28760.0,28520.0
2021/01/21,Thu,28545.0,28750.0,28850.0,28500.0
2021/01/20,Wed,28715.0,28500.0,28835.0,28395.0
2021/01/19,Tue,28205.0,28685.0,28725.0,28160.0
2021/01/18,Mon,28520.0,28205.0,28585.0,28105.0
2021/01/17,Sun,,,,
2021/01/16,Sat,,,,
2021/01/15,Fri,28815.0,28485.0,28960.0,28455.0
2021/01/14,Thu,28455.0,28830.0,28985.0,28360.0
2021/01/13,Wed,28225.0,28475.0,28505.0,28095.0
2021/01/12,Tue,28175.0,28210.0,28285.0,27960.0
2021/01/11,Mon,28170.0,28053.0,28240.0,27937.5
2021/01/10,Sun,,,,
2021/01/09,Sat,,,,
2021/01/08,Fri,27550.0,28160.0,28185.0,27400.0
2021/01/07,Thu,27115.0,27530.0,27615.0,26950.0
2021/01/06,Wed,27130.0,27045.0,27215.0,26960.0
2021/01/05,Tue,27390.0,27095.0,27465.0,27050.0
2021/01/04,Mon,27525.0,27340.0,27680.0,27035.0
2021/01/03,Sun,,,,
2021/01/02,Sat,,,,
2021/01/01,Fri,,,,
2020/12/31,Thu,27470.0,27487.5,27557.5,27422.5
2020/12/30,Wed,27555.0,27495.0,27710.0,27340.0
2020/12/29,Tue,26830.0,27585.0,27610.0,26795.0
2020/12/28,Mon,26650.0,26805.0,26830.0,26625.0
2020/12/27,Sun,,,,
2020/12/26,Sat,,,,
2020/12/25,Fri,26665.0,26670.0,26675.0,26610.0
2020/12/24,Thu,26550.0,26665.0,26720.0,26515.0
2020/12/23,Wed,26400.0,26500.0,26595.0,26380.0
2020/12/22,Tue,26590.0,26380.0,26615.0,26185.0
2020/12/21,Mon,26760.0,26660.0,26855.0,26485.0
2020/12/20,Sun,,,,
2020/12/19,Sat,,,,
2020/12/18,Fri,26810.0,26760.0,26825.0,26670.0
2020/12/17,Thu,26690.0,26790.0,26800.0,26645.0
2020/12/16,Wed,26655.0,26700.0,26835.0,26640.0
2020/12/15,Tue,26745.0,26660.0,26800.0,26565.0
2020/12/14,Mon,26585.0,26715.0,26825.0,26395.0
2020/12/13,Sun,,,,
2020/12/12,Sat,,,,
2020/12/11,Fri,26650.0,26550.0,26780.0,26510.0
2020/12/10,Thu,26845.0,26710.0,26920.0,26515.0
2020/12/09,Wed,26455.0,26865.0,26865.0,26355.0
2020/12/08,Tue,26550.0,26490.0,26555.0,26315.0
2020/12/07,Mon,26750.0,26565.0,26955.0,26500.0
2020/12/06,Sun,,,,
2020/12/05,Sat,,,,
2020/12/04,Fri,26825.0,26775.0,26860.0,26645.0
2020/12/03,Thu,26880.0,26850.0,26925.0,26715.0
2020/12/02,Wed,26790.0,26840.0,26975.0,26685.0
2020/12/01,Tue,26515.0,26800.0,26870.0,26365.0
2020/11/30,Mon,26630.0,26460.0,26890.0,26405.0
2020/11/29,Sun,,,,
2020/11/28,Sat,,,,
2020/11/27,Fri,26580.0,26630.0,26670.0,26410.0
2020/11/26,Thu,26430.0,26575.0,26575.0,26180.0
2020/11/25,Wed,26250.0,26380.0,26715.0,26220.0
2020/11/24,Tue,25535.0,26225.0,26275.0,25505.0
2020/11/23,Mon,25712.5,25968.0,26053.0,25702.5
2020/11/22,Sun,,,,
2020/11/21,Sat,,,,
2020/11/20,Fri,25600.0,25545.0,25620.0,25405.0
2020/11/19,Thu,25700.0,25540.0,25930.0,25470.0
2020/11/18,Wed,26055.0,25700.0,26075.0,25650.0
2020/11/17,Tue,25940.0,26040.0,26220.0,25845.0
2020/11/16,Mon,25360.0,25985.0,25985.0,25340.0
2020/11/15,Sun,,,,
2020/11/14,Sat,,,,
2020/11/13,Fri,25415.0,25340.0,25485.0,25205.0
2020/11/12,Thu,25455.0,25360.0,25700.0,25315.0
2020/11/11,Wed,25145.0,25420.0,25455.0,25105.0
2020/11/10,Tue,24855.0,24965.0,25905.0,24830.0
2020/11/09,Mon,24370.0,24865.0,24975.0,24265.0
2020/11/08,Sun,,,,
2020/11/07,Sat,,,,
2020/11/06,Fri,24190.0,24350.0,24390.0,24090.0
2020/11/05,Thu,23665.0,24135.0,24190.0,23495.0
2020/11/04,Wed,23280.0,23745.0,23855.0,23260.0
2020/11/03,Tue,23473.0,23775.0,23908.0,23472.5
2020/11/02,Mon,22935.0,23280.0,23360.0,22925.0
2020/11/01,Sun,,,,
2020/10/31,Sat,,,,
2020/10/30,Fri,23300.0,22900.0,23395.0,22900.0
2020/10/29,Thu,23365.0,23335.0,23375.0,23060.0
2020/10/28,Wed,23500.0,23430.0,23500.0,23330.0
2020/10/27,Tue,23445.0,23500.0,23500.0,23235.0
2020/10/26,Mon,23535.0,23485.0,23590.0,23470.0
2020/10/25,Sun,,,,
2020/10/24,Sat,,,,
2020/10/23,Fri,23465.0,23500.0,23605.0,23460.0
2020/10/22,Thu,23600.0,23505.0,23615.0,23435.0
2020/10/21,Wed,23540.0,23660.0,23685.0,23540.0
2020/10/20,Tue,23700.0,23530.0,23715.0,23495.0
2020/10/19,Mon,23430.0,23670.0,23695.0,23390.0
2020/10/18,Sun,,,,
2020/10/17,Sat,,,,
2020/10/16,Fri,23445.0,23415.0,23530.0,23360.0
2020/10/15,Thu,23600.0,23505.0,23635.0,23450.0
2020/10/14,Wed,23540.0,23600.0,23650.0,23495.0
2020/10/13,Tue,23505.0,23590.0,23645.0,23480.0
2020/10/12,Mon,23605.0,23525.0,23610.0,23485.0
2020/10/11,Sun,,,,
2020/10/10,Sat,,,,
2020/10/09,Fri,23680.0,23580.0,23725.0,23535.0
2020/10/08,Thu,23450.0,23655.0,23705.0,23425.0
2020/10/07,Wed,23385.0,23425.0,23445.0,23230.0
2020/10/06,Tue,23275.0,23415.0,23430.0,23255.0
2020/10/05,Mon,23090.0,23295.0,23365.0,22995.0
2020/10/04,Sun,,,,
2020/10/03,Sat,,,,
2020/10/02,Fri,23355.0,23000.0,23375.0,22950.0
2020/10/01,Thu,23250.0,23320.0,23385.0,23180.0
2020/09/30,Wed,23475.0,23180.0,23535.0,23130.0
2020/09/29,Tue,23320.0,23540.0,23615.0,23265.0
2020/09/28,Mon,23050.0,23315.0,23360.0,22850.0
2020/09/27,Sun,,,,
2020/09/26,Sat,,,,
2020/09/25,Fri,22960.0,23040.0,23140.0,22875.0
2020/09/24,Thu,23150.0,22940.0,23265.0,22890.0
2020/09/23,Wed,23185.0,23200.0,23220.0,23010.0
2020/09/22,Tue,22797.5,23063.0,23068.0,22572.5
2020/09/21,Mon,23103.0,22793.0,23230.0,22463.0
2020/09/20,Sun,,,,
2020/09/19,Sat,,,,
2020/09/18,Fri,23115.0,23225.0,23250.0,23075.0
2020/09/17,Thu,23350.0,23120.0,23375.0,23110.0
2020/09/16,Wed,23315.0,23315.0,23370.0,23245.0
2020/09/15,Tue,23375.0,23325.0,23405.0,23200.0
2020/09/14,Mon,23260.0,23430.0,23430.0,23155.0
2020/09/13,Sun,,,,
2020/09/12,Sat,,,,
2020/09/11,Fri,23060.0,23210.0,23265.0,22910.0
2020/09/10,Thu,23030.0,23240.0,23260.0,22995.0
2020/09/09,Wed,23220.0,22965.0,23235.0,22875.0
2020/09/08,Tue,23080.0,23255.0,23315.0,23065.0
2020/09/07,Mon,23215.0,23055.0,23320.0,22825.0
2020/09/06,Sun,,,,
2020/09/05,Sat,,,,
2020/09/04,Fri,23535.0,23170.0,23555.0,22970.0
2020/09/03,Thu,23315.0,23470.0,23615.0,23310.0
2020/09/02,Wed,23185.0,23295.0,23295.0,23050.0
2020/09/01,Tue,23150.0,23160.0,23220.0,23010.0
2020/08/31,Mon,22780.0,23160.0,23375.0,22745.0
2020/08/30,Sun,,,,
2020/08/29,Sat,,,,
2020/08/28,Fri,23180.0,22895.0,23390.0,22555.0
2020/08/27,Thu,23230.0,23200.0,23345.0,23140.0
2020/08/26,Wed,23400.0,23220.0,23405.0,23185.0
2020/08/25,Tue,23080.0,23330.0,23425.0,23015.0
2020/08/24,Mon,22840.0,23000.0,23005.0,22700.0
2020/08/23,Sun,,,,
2020/08/22,Sat,,,,
2020/08/21,Fri,22910.0,22900.0,23130.0,22845.0
2020/08/20,Thu,23110.0,22880.0,23195.0,22830.0
2020/08/19,Wed,23000.0,23130.0,23150.0,22945.0
2020/08/18,Tue,23105.0,23060.0,23150.0,22925.0
2020/08/17,Mon,23230.0,23085.0,23240.0,23045.0
2020/08/16,Sun,,,,
2020/08/15,Sat,,,,
2020/08/14,Fri,23250.0,23280.0,23345.0,23165.0
2020/08/13,Thu,23015.0,23235.0,23320.0,22960.0
2020/08/12,Wed,22810.0,22925.0,22965.0,22670.0
2020/08/11,Tue,22315.0,22750.0,22765.0,22260.0
2020/08/10,Mon,22435.0,22535.0,22538.0,22327.5
2020/08/09,Sun,,,,
2020/08/08,Sat,,,,
2020/08/07,Fri,22450.0,22365.0,22490.0,22205.0
2020/08/06,Thu,22575.0,22420.0,22640.0,22355.0
2020/08/05,Wed,22590.0,22540.0,22605.0,22360.0
2020/08/04,Tue,22065.0,22615.0,22615.0,22050.0
2020/08/03,Mon,21835.0,22115.0,22220.0,21795.0
2020/08/02,Sun,,,,
2020/08/01,Sat,,,,
2020/07/31,Fri,22235.0,21785.0,22330.0,21700.0
2020/07/30,Thu,22415.0,22335.0,22565.0,22335.0
2020/07/29,Wed,22640.0,22365.0,22655.0,22365.0
2020/07/28,Tue,22655.0,22635.0,22830.0,22635.0
2020/07/27,Mon,22780.0,22715.0,22805.0,22415.0
2020/07/26,Sun,,,,
2020/07/25,Sat,,,,
2020/07/24,Fri,22590.0,22338.0,22623.0,22252.5
2020/07/23,Thu,22715.0,22590.0,22885.0,22467.5
2020/07/22,Wed,22915.0,22780.0,22950.0,22720.0
2020/07/21,Tue,22620.0,22875.0,22925.0,22615.0
2020/07/20,Mon,22655.0,22675.0,22790.0,22570.0
2020/07/19,Sun,,,,
2020/07/18,Sat,,,,
2020/07/17,Fri,22735.0,22690.0,22855.0,22640.0
2020/07/16,Thu,22940.0,22770.0,23030.0,22730.0
2020/07/15,Wed,22595.0,22965.0,22965.0,22500.0
2020/07/14,Tue,22740.0,22595.0,22870.0,22525.0
2020/07/13,Mon,22300.0,22720.0,22795.0,22300.0
2020/07/12,Sun,,,,
2020/07/11,Sat,,,,
2020/07/10,Fri,22520.0,22315.0,22565.0,22280.0
2020/07/09,Thu,22475.0,22530.0,22695.0,22355.0
2020/07/08,Wed,22500.0,22405.0,22670.0,22405.0
2020/07/07,Tue,22715.0,22565.0,22775.0,22505.0
2020/07/06,Mon,22320.0,22685.0,22740.0,22170.0
2020/07/05,Sun,,,,
2020/07/04,Sat,,,,
2020/07/03,Fri,22225.0,22310.0,22455.0,22145.0
2020/07/02,Thu,22160.0,22210.0,22275.0,21975.0
2020/07/01,Wed,22270.0,22115.0,22385.0,22035.0
2020/06/30,Tue,22140.0,22250.0,22445.0,22065.0
2020/06/29,Mon,22430.0,22075.0,22500.0,21955.0
2020/06/28,Sun,,,,
2020/06/27,Sat,,,,
2020/06/26,Fri,22110.0,22460.0,22550.0,22080.0
2020/06/25,Thu,22495.0,22255.0,22505.0,22070.0
2020/06/24,Wed,22700.0,22490.0,22790.0,22445.0
2020/06/23,Tue,22460.0,22595.0,22710.0,22205.0
2020/06/22,Mon,22570.0,22345.0,22690.0,22260.0
2020/06/21,Sun,,,,
2020/06/20,Sat,,,,
2020/06/19,Fri,22345.0,22530.0,22530.0,22240.0
2020/06/18,Thu,22650.0,22235.0,22740.0,22080.0
2020/06/17,Wed,22340.0,22560.0,22585.0,22165.0
2020/06/16,Tue,21410.0,22385.0,22590.0,21360.0
2020/06/15,Mon,22125.0,21400.0,22445.0,21365.0
2020/06/14,Sun,,,,
2020/06/13,Sat,,,,
2020/06/12,Fri,22280.0,22180.0,22340.0,21580.0
2020/06/11,Thu,23050.0,22525.0,23055.0,22455.0
2020/06/10,Wed,22995.0,23015.0,23180.0,22700.0
2020/06/09,Tue,23110.0,23110.0,23235.0,22925.0
2020/06/08,Mon,22970.0,23185.0,23315.0,22905.0
2020/06/07,Sun,,,,
2020/06/06,Sat,,,,
2020/06/05,Fri,22705.0,22870.0,22900.0,22555.0
2020/06/04,Thu,22720.0,22760.0,22980.0,22490.0
2020/06/03,Wed,22395.0,22725.0,22825.0,22375.0
2020/06/02,Tue,22170.0,22365.0,22410.0,21915.0
2020/06/01,Mon,21790.0,22115.0,22165.0,21655.0
2020/05/31,Sun,,,,
2020/05/30,Sat,,,,
2020/05/29,Fri,21945.0,21810.0,22105.0,21700.0
2020/05/28,Thu,21500.0,22025.0,22025.0,21400.0
2020/05/27,Wed,21255.0,21485.0,21485.0,21135.0
2020/05/26,Tue,20775.0,21275.0,21330.0,20750.0
2020/05/25,Mon,20290.0,20815.0,20815.0,20260.0
2020/05/24,Sun,,,,
2020/05/23,Sat,,,,
2020/05/22,Fri,20605.0,20365.0,20670.0,20315.0
2020/05/21,Thu,20585.0,20620.0,20815.0,20490.0
2020/05/20,Wed,20575.0,20555.0,20680.0,20355.0
2020/05/19,Tue,20275.0,20530.0,20680.0,20245.0
2020/05/18,Mon,20080.0,20210.0,20210.0,19870.0
2020/05/17,Sun,,,,
2020/05/16,Sat,,,,
2020/05/15,Fri,19860.0,20045.0,20180.0,19605.0
2020/05/14,Thu,20275.0,19780.0,20415.0,19780.0
2020/05/13,Wed,20380.0,20350.0,20500.0,20035.0
2020/05/12,Tue,20580.0,20295.0,20615.0,20275.0
2020/05/11,Mon,20135.0,20490.0,20525.0,20045.0
2020/05/10,Sun,,,,
2020/05/09,Sat,,,,
2020/05/08,Fri,19740.0,20135.0,20195.0,19710.0
2020/05/07,Thu,19570.0,19710.0,19745.0,19365.0
2020/05/06,Wed,19598.0,19407.5,19748.0,19282.5
2020/05/05,Tue,19402.5,19595.0,19743.0,19372.5
2020/05/04,Mon,19263.0,19408.0,19438.0,19062.5
2020/05/03,Sun,,,,
2020/05/02,Sat,,,,
2020/05/01,Fri,20090.0,19635.0,20205.0,19545.0
2020/04/30,Thu,19840.0,20085.0,20365.0,19835.0
2020/04/29,Wed,19933.0,20297.5,20507.5,19932.5
2020/04/28,Tue,19740.0,19820.0,19840.0,19635.0
2020/04/27,Mon,19265.0,19730.0,19815.0,19240.0
2020/04/26,Sun,,,,
2020/04/25,Sat,,,,
2020/04/24,Fri,19400.0,19210.0,19670.0,19165.0
2020/04/23,Thu,19095.0,19460.0,19480.0,19055.0
2020/04/22,Wed,19285.0,19050.0,19350.0,18845.0
2020/04/21,Tue,19595.0,19325.0,19630.0,19175.0
2020/04/20,Mon,19710.0,19665.0,19780.0,19380.0
2020/04/19,Sun,,,,
2020/04/18,Sat,,,,
2020/04/17,Fri,19320.0,19720.0,19920.0,19005.0
2020/04/16,Thu,19490.0,19260.0,19500.0,19145.0
2020/04/15,Wed,19555.0,19595.0,19655.0,19430.0
2020/04/14,Tue,19060.0,19630.0,19705.0,18950.0
2020/04/13,Mon,19320.0,19075.0,19365.0,18995.0
2020/04/12,Sun,,,,
2020/04/11,Sat,,,,
2020/04/10,Fri,19515.0,19335.0,19635.0,19225.0
2020/04/09,Thu,19030.0,19515.0,19515.0,18810.0
2020/04/08,Wed,19285.0,18970.0,19885.0,18725.0
2020/04/07,Tue,18620.0,19175.0,19175.0,18440.0
2020/04/06,Mon,17730.0,18610.0,18725.0,17600.0
2020/04/05,Sun,,,,
2020/04/04,Sat,,,,
2020/04/03,Fri,17895.0,17730.0,18155.0,17545.0
2020/04/02,Thu,17860.0,17895.0,18140.0,17590.0
2020/04/01,Wed,18900.0,17860.0,18945.0,17860.0
2020/03/31,Tue,18630.0,18735.0,19345.0,18480.0
2020/03/30,Mon,19040.0,18845.0,19115.0,18565.0
2020/03/29,Sun,,,,
2020/03/28,Sat,,,,
2020/03/27,Fri,18350.0,19125.0,19240.0,18245.0
2020/03/26,Thu,19280.0,18380.0,19445.0,18275.0
2020/03/25,Wed,18410.0,19260.0,19485.0,18310.0
2020/03/24,Tue,17010.0,18255.0,18255.0,16910.0
2020/03/23,Mon,16800.0,16910.0,17360.0,16210.0
2020/03/22,Sun,,,,
2020/03/21,Sat,,,,
2020/03/20,Fri,17130.0,16920.0,17837.5,16875.0
2020/03/19,Thu,16300.0,16550.0,17030.0,16020.0
2020/03/18,Wed,16885.0,16520.0,17345.0,16230.0
2020/03/17,Tue,16800.0,16700.0,17365.0,15875.0
2020/03/16,Mon,17205.0,16850.0,18250.0,16670.0
2020/03/15,Sun,,,,
2020/03/14,Sat,,,,
2020/03/13,Fri,18030.0,16820.0,18180.0,16490.0
2020/03/12,Thu,19370.0,18355.0,19665.0,18330.0
2020/03/11,Wed,19655.0,19370.0,20195.0,19020.0
2020/03/10,Tue,19085.0,19825.0,19970.0,18500.0
2020/03/09,Mon,20675.0,19420.0,20750.0,19420.0
2020/03/08,Sun,,,,
2020/03/07,Sat,,,,
2020/03/06,Fri,21275.0,20715.0,21325.0,20610.0
2020/03/05,Thu,21175.0,21370.0,21440.0,21035.0
2020/03/04,Wed,21120.0,21130.0,21510.0,20675.0
2020/03/03,Tue,21250.0,20980.0,21730.0,20680.0
2020/03/02,Mon,21175.0,21170.0,21595.0,20455.0
2020/03/01,Sun,,,,
2020/02/29,Sat,,,,
2020/02/28,Fri,22035.0,20920.0,22115.0,20910.0
2020/02/27,Thu,22285.0,21850.0,22500.0,21835.0
2020/02/26,Wed,22635.0,22330.0,22665.0,21885.0
2020/02/25,Tue,23255.0,22670.0,23340.0,22260.0
2020/02/24,Mon,22805.0,22355.0,22848.0,22067.5
2020/02/23,Sun,,,,
2020/02/22,Sat,,,,
2020/02/21,Fri,23595.0,23300.0,23635.0,23300.0
2020/02/20,Thu,23395.0,23510.0,23790.0,23340.0
2020/02/19,Wed,23150.0,23375.0,23450.0,23080.0
2020/02/18,Tue,23520.0,23200.0,23545.0,23110.0
2020/02/17,Mon,23655.0,23545.0,23665.0,23315.0
2020/02/16,Sun,,,,
2020/02/15,Sat,,,,
2020/02/14,Fri,23750.0,23635.0,23775.0,23555.0
2020/02/13,Thu,23885.0,23820.0,23990.0,23785.0
2020/02/12,Wed,23675.0,23900.0,23910.0,23575.0
2020/02/11,Tue,23718.0,23838.0,24013.0,23672.5
2020/02/10,Mon,23865.0,23660.0,23880.0,23610.0
2020/02/09,Sun,,,,
2020/02/08,Sat,,,,
2020/02/07,Fri,23920.0,23860.0,23985.0,23755.0
2020/02/06,Thu,23360.0,23960.0,24005.0,23335.0
2020/02/05,Wed,23110.0,23390.0,23420.0,23070.0
2020/02/04,Tue,22950.0,23110.0,23110.0,22810.0
2020/02/03,Mon,23150.0,22915.0,23165.0,22665.0
2020/02/02,Sun,,,,
2020/02/01,Sat,,,,
2020/01/31,Fri,22910.0,23150.0,23415.0,22835.0
2020/01/30,Thu,23320.0,22995.0,23415.0,22880.0
2020/01/29,Wed,23240.0,23385.0,23390.0,23015.0
2020/01/28,Tue,23345.0,23165.0,23400.0,23075.0
2020/01/27,Mon,23795.0,23320.0,23915.0,23295.0
2020/01/26,Sun,,,,
2020/01/25,Sat,,,,
2020/01/24,Fri,23805.0,23820.0,23860.0,23630.0
2020/01/23,Thu,23990.0,23770.0,24010.0,23760.0
2020/01/22,Wed,23880.0,24025.0,24035.0,23780.0
2020/01/21,Tue,24070.0,23870.0,24075.0,23800.0
2020/01/20,Mon,24050.0,24095.0,24100.0,24005.0
2020/01/19,Sun,,,,
2020/01/18,Sat,,,,
2020/01/17,Fri,23960.0,24055.0,24130.0,23950.0
2020/01/16,Thu,23950.0,23955.0,23990.0,23885.0
2020/01/15,Wed,24000.0,23915.0,24035.0,23860.0
2020/01/14,Tue,23815.0,24020.0,24050.0,23690.0
2020/01/13,Mon,23712.5,23955.0,23957.5,23697.5
2020/01/12,Sun,,,,
2020/01/11,Sat,,,,
2020/01/10,Fri,23735.0,23815.0,23900.0,23710.0
2020/01/09,Thu,23240.0,23730.0,23775.0,23235.0
2020/01/08,Wed,23485.0,23170.0,23530.0,22940.0
2020/01/07,Tue,23170.0,23500.0,23570.0,23050.0
2020/01/06,Mon,23675.0,23135.0,23685.0,23135.0
2020/01/05,Sun,,,,
2020/01/04,Sat,,,,
2020/01/03,Fri,23687.5,23275.0,23690.0,23142.5
2020/01/02,Thu,23532.5,23692.5,23767.5,23477.5
2020/01/01,Wed,23417.5,23512.5,23527.5,23417.5
2019/12/31,Tue,23420.0,23442.5,23442.5,23287.5
2019/12/30,Mon,23865.0,23655.0,23885.0,23640.0
2019/12/29,Sun,,,,
2019/12/28,Sat,,,,
2019/12/27,Fri,23870.0,23865.0,23950.0,23840.0
2019/12/26,Thu,23730.0,23850.0,23890.0,23710.0
2019/12/25,Wed,23795.0,23740.0,23795.0,23740.0
2019/12/24,Tue,23765.0,23775.0,23815.0,23750.0
2019/12/23,Mon,23720.0,23770.0,23890.0,23705.0
2019/12/22,Sun,,,,
2019/12/21,Sat,,,,
2019/12/20,Fri,23840.0,23750.0,23865.0,23695.0
2019/12/19,Thu,23845.0,23850.0,23905.0,23770.0
2019/12/18,Wed,24020.0,23840.0,24045.0,23840.0
2019/12/17,Tue,23950.0,24030.0,24125.0,23940.0
2019/12/16,Mon,23985.0,23945.0,24060.0,23750.0
2019/12/15,Sun,,,,
2019/12/14,Sat,,,,
2019/12/13,Fri,23430.0,23985.0,24045.0,23365.0
2019/12/12,Thu,23380.0,23480.0,23480.0,23320.0
2019/12/11,Wed,23440.0,23375.0,23485.0,23260.0
2019/12/10,Tue,23450.0,23450.0,23475.0,23330.0
2019/12/09,Mon,23415.0,23445.0,23560.0,23335.0
2019/12/08,Sun,,,,
2019/12/07,Sat,,,,
2019/12/06,Fri,23360.0,23420.0,23440.0,23245.0
2019/12/05,Thu,23050.0,23315.0,23380.0,22965.0
2019/12/04,Wed,23320.0,23105.0,23325.0,22900.0
2019/12/03,Tue,23530.0,23330.0,23590.0,23065.0
2019/12/02,Mon,23320.0,23560.0,23565.0,23290.0
2019/12/01,Sun,,,,
2019/11/30,Sat,,,,
2019/11/29,Fri,23430.0,23290.0,23495.0,23275.0
2019/11/28,Thu,23500.0,23410.0,23590.0,23370.0
2019/11/27,Wed,23380.0,23475.0,23505.0,23310.0
2019/11/26,Tue,23310.0,23380.0,23620.0,23295.0
2019/11/25,Mon,23115.0,23325.0,23345.0,23075.0
2019/11/24,Sun,,,,
2019/11/23,Sat,,,,
2019/11/22,Fri,23070.0,23130.0,23210.0,22975.0
2019/11/21,Thu,23160.0,23050.0,23220.0,22720.0
2019/11/20,Wed,23315.0,23140.0,23405.0,23020.0
2019/11/19,Tue,23450.0,23285.0,23495.0,23235.0
2019/11/18,Mon,23315.0,23400.0,23430.0,23255.0
2019/11/17,Sun,,,,
2019/11/16,Sat,,,,
2019/11/15,Fri,23115.0,23340.0,23395.0,23005.0
2019/11/14,Thu,23340.0,23125.0,23380.0,23050.0
2019/11/13,Wed,23545.0,23300.0,23580.0,23260.0
2019/11/12,Tue,23255.0,23545.0,23550.0,23220.0
2019/11/11,Mon,23395.0,23295.0,23480.0,23295.0
2019/11/10,Sun,,,,
2019/11/09,Sat,,,,
2019/11/08,Fri,23475.0,23385.0,23650.0,23300.0
2019/11/07,Thu,23320.0,23385.0,23385.0,23255.0
2019/11/06,Wed,23305.0,23310.0,23385.0,23250.0
2019/11/05,Tue,22855.0,23335.0,23335.0,22775.0
2019/11/04,Mon,22960.0,23202.5,23220.0,22947.5
2019/11/03,Sun,,,,
2019/11/02,Sat,,,,
2019/11/01,Fri,22955.0,22860.0,22955.0,22660.0
2019/10/31,Thu,22860.0,22955.0,22985.0,22755.0
2019/10/30,Wed,22970.0,22840.0,22980.0,22820.0
2019/10/29,Tue,22860.0,22980.0,23000.0,22840.0
2019/10/28,Mon,22790.0,22860.0,22895.0,22730.0
2019/10/27,Sun,,,,
2019/10/26,Sat,,,,
2019/10/25,Fri,22855.0,22775.0,22990.0,22715.0
2019/10/24,Thu,22660.0,22790.0,22805.0,22625.0
2019/10/23,Wed,22580.0,22655.0,22730.0,22485.0
2019/10/22,Tue,22677.5,22680.0,22802.5,22617.5
2019/10/21,Mon,22495.0,22580.0,22585.0,22410.0
2019/10/20,Sun,,,,
2019/10/19,Sat,,,,
2019/10/18,Fri,22490.0,22470.0,22700.0,22455.0
2019/10/17,Thu,22455.0,22470.0,22585.0,22420.0
2019/10/16,Wed,22270.0,22490.0,22625.0,22210.0
2019/10/15,Tue,21820.0,22200.0,22250.0,21805.0
2019/10/14,Mon,22100.0,22087.5,22107.5,21877.5
2019/10/13,Sun,,,,
2019/10/12,Sat,,,,
2019/10/11,Fri,21535.0,21810.0,21810.0,21460.0
2019/10/10,Thu,21460.0,21535.0,21620.0,21315.0
2019/10/09,Wed,21595.0,21445.0,21600.0,21330.0
2019/10/08,Tue,21410.0,21630.0,21640.0,21360.0
2019/10/07,Mon,21325.0,21385.0,21555.0,21280.0
2019/10/06,Sun,,,,
2019/10/05,Sat,,,,
2019/10/04,Fri,21345.0,21355.0,21415.0,21045.0
2019/10/03,Thu,21655.0,21285.0,21655.0,21270.0
2019/10/02,Wed,21975.0,21735.0,22035.0,21660.0
2019/10/01,Tue,21735.0,21980.0,21980.0,21690.0
2019/09/30,Mon,21825.0,21725.0,21935.0,21665.0
2019/09/29,Sun,,,,
2019/09/28,Sat,,,,
2019/09/27,Fri,21880.0,21830.0,22000.0,21730.0
2019/09/26,Thu,21810.0,21860.0,22020.0,21670.0
2019/09/25,Wed,21940.0,21820.0,21985.0,21665.0
2019/09/24,Tue,21935.0,21950.0,22030.0,21800.0
2019/09/23,Mon,21897.5,21905.0,21957.5,21687.5
2019/09/22,Sun,,,,
2019/09/21,Sat,,,,
2019/09/20,Fri,21890.0,21925.0,22045.0,21865.0
2019/09/19,Thu,21815.0,21885.0,22100.0,21765.0
2019/09/18,Wed,21830.0,21815.0,21875.0,21735.0
2019/09/17,Tue,21850.0,21825.0,21930.0,21710.0
2019/09/16,Mon,21697.5,21762.5,21847.5,21622.5
2019/09/15,Sun,,,,
2019/09/14,Sat,,,,
2019/09/13,Fri,21605.0,21815.0,21850.0,21525.0
2019/09/12,Thu,21570.0,21820.0,21825.0,21535.0
2019/09/11,Wed,21340.0,21565.0,21620.0,21290.0
2019/09/10,Tue,21335.0,21350.0,21440.0,21285.0
2019/09/09,Mon,21225.0,21325.0,21335.0,21130.0
2019/09/08,Sun,,,,
2019/09/07,Sat,,,,
2019/09/06,Fri,21050.0,21195.0,21265.0,21015.0
2019/09/05,Thu,20745.0,21070.0,21165.0,20735.0
2019/09/04,Wed,20590.0,20695.0,20695.0,20515.0
2019/09/03,Tue,20625.0,20655.0,20660.0,20515.0
2019/09/02,Mon,20720.0,20595.0,20790.0,20580.0
2019/09/01,Sun,,,,
2019/08/31,Sat,,,,
2019/08/30,Fri,20530.0,20695.0,20740.0,20525.0
2019/08/29,Thu,20435.0,20455.0,20520.0,20310.0
2019/08/28,Wed,20390.0,20480.0,20560.0,20380.0
2019/08/27,Tue,20420.0,20425.0,20600.0,20415.0
2019/08/26,Mon,20700.0,20300.0,20705.0,20065.0
2019/08/25,Sun,,,,
2019/08/24,Sat,,,,
2019/08/23,Fri,20625.0,20715.0,20715.0,20525.0
2019/08/22,Thu,20625.0,20615.0,20725.0,20560.0
2019/08/21,Wed,20625.0,20570.0,20655.0,20460.0
2019/08/20,Tue,20600.0,20660.0,20680.0,20560.0
2019/08/19,Mon,20415.0,20580.0,20615.0,20410.0
2019/08/18,Sun,,,,
2019/08/17,Sat,,,,
2019/08/16,Fri,20395.0,20385.0,20485.0,20145.0
2019/08/15,Thu,20540.0,20380.0,20615.0,20090.0
2019/08/14,Wed,20310.0,20585.0,20750.0,20210.0
2019/08/13,Tue,20630.0,20350.0,20680.0,20310.0
2019/08/12,Mon,20403.0,20373.0,20578.0,20207.5
2019/08/11,Sun,,,,
2019/08/10,Sat,,,,
2019/08/09,Fri,20565.0,20650.0,20790.0,20510.0
2019/08/08,Thu,20515.0,20595.0,20685.0,20235.0
2019/08/07,Wed,20600.0,20495.0,20670.0,20370.0
2019/08/06,Tue,20635.0,20560.0,20665.0,19990.0
2019/08/05,Mon,21000.0,20620.0,21075.0,20510.0
2019/08/04,Sun,,,,
2019/08/03,Sat,,,,
2019/08/02,Fri,21505.0,21040.0,21595.0,20950.0
2019/08/01,Thu,21555.0,21525.0,21570.0,21265.0
2019/07/31,Wed,21650.0,21575.0,21660.0,21465.0
2019/07/30,Tue,21595.0,21680.0,21790.0,21575.0
2019/07/29,Mon,21630.0,21595.0,21685.0,21510.0
2019/07/28,Sun,,,,
2019/07/27,Sat,,,,
2019/07/26,Fri,21770.0,21625.0,21785.0,21585.0
2019/07/25,Thu,21680.0,21780.0,21825.0,21625.0
2019/07/24,Wed,21620.0,21690.0,21740.0,21605.0
2019/07/23,Tue,21385.0,21630.0,21680.0,21360.0
2019/07/22,Mon,21390.0,21385.0,21445.0,21280.0
2019/07/21,Sun,,,,
2019/07/20,Sat,,,,
2019/07/19,Fri,21040.0,21395.0,21470.0,21035.0
2019/07/18,Thu,21450.0,21035.0,21475.0,20985.0
2019/07/17,Wed,21520.0,21440.0,21535.0,21370.0
2019/07/16,Tue,21640.0,21520.0,21655.0,21505.0
2019/07/15,Mon,21550.0,21603.0,21678.0,21507.5
2019/07/14,Sun,,,,
2019/07/13,Sat,,,,
2019/07/12,Fri,21620.0,21655.0,21710.0,21555.0
2019/07/11,Thu,21530.0,21640.0,21650.0,21495.0
2019/07/10,Wed,21530.0,21535.0,21605.0,21480.0
2019/07/09,Tue,21580.0,21540.0,21690.0,21510.0
2019/07/08,Mon,21710.0,21565.0,21720.0,21500.0
2019/07/07,Sun,,,,
2019/07/06,Sat,,,,
2019/07/05,Fri,21700.0,21740.0,21740.0,21645.0
2019/07/04,Thu,21640.0,21700.0,21755.0,21640.0
2019/07/03,Wed,21720.0,21625.0,21760.0,21560.0
2019/07/02,Tue,21805.0,21760.0,21810.0,21665.0
2019/07/01,Mon,21270.0,21795.0,21795.0,21245.0
2019/06/30,Sun,,,,
2019/06/29,Sat,,,,
2019/06/28,Fri,21300.0,21250.0,21320.0,21190.0
2019/06/27,Thu,21070.0,21285.0,21320.0,21055.0
2019/06/26,Wed,21115.0,21080.0,21170.0,21030.0
2019/06/25,Tue,21295.0,21110.0,21295.0,21075.0
2019/06/24,Mon,21300.0,21260.0,21380.0,21145.0
2019/06/23,Sun,,,,
2019/06/22,Sat,,,,
2019/06/21,Fri,21480.0,21220.0,21595.0,21175.0
2019/06/20,Thu,21280.0,21430.0,21450.0,21235.0
2019/06/19,Wed,20900.0,21290.0,21320.0,20865.0
2019/06/18,Tue,21100.0,20935.0,21140.0,20885.0
2019/06/17,Mon,21000.0,21100.0,21155.0,20945.0
2019/06/16,Sun,,,,
2019/06/15,Sat,,,,
2019/06/14,Fri,20970.0,21060.0,21095.0,20935.0
2019/06/13,Thu,21140.0,21020.0,21160.0,20930.0
2019/06/12,Wed,21235.0,21120.0,21330.0,21120.0
2019/06/11,Tue,21155.0,21210.0,21230.0,21065.0
2019/06/10,Mon,20935.0,21145.0,21160.0,20865.0
2019/06/09,Sun,,,,
2019/06/08,Sat,,,,
2019/06/07,Fri,20800.0,20915.0,20915.0,20745.0
2019/06/06,Thu,20730.0,20740.0,20870.0,20640.0
2019/06/05,Wed,20400.0,20730.0,20800.0,20395.0
2019/06/04,Tue,20335.0,20360.0,20530.0,20285.0
2019/06/03,Mon,20520.0,20360.0,20545.0,20290.0
2019/06/02,Sun,,,,
2019/06/01,Sat,,,,
2019/05/31,Fri,20955.0,20545.0,20990.0,20545.0
2019/05/30,Thu,20900.0,20925.0,20945.0,20720.0
2019/05/29,Wed,21185.0,20950.0,21225.0,20880.0
2019/05/28,Tue,21230.0,21230.0,21290.0,21175.0
2019/05/27,Mon,21105.0,21200.0,21230.0,21040.0
2019/05/26,Sun,,,,
2019/05/25,Sat,,,,
2019/05/24,Fri,21070.0,21105.0,21120.0,20810.0
2019/05/23,Thu,21280.0,21105.0,21335.0,21070.0
2019/05/22,Wed,21210.0,21275.0,21400.0,21205.0
2019/05/21,Tue,21290.0,21245.0,21340.0,21050.0
2019/05/20,Mon,21280.0,21305.0,21435.0,21135.0
2019/05/19,Sun,,,,
2019/05/18,Sat,,,,
2019/05/17,Fri,21020.0,21270.0,21390.0,21005.0
2019/05/16,Thu,21100.0,21050.0,21180.0,20875.0
2019/05/15,Wed,21075.0,21165.0,21185.0,20955.0
2019/05/14,Tue,21120.0,21035.0,21140.0,20750.0
2019/05/13,Mon,21325.0,21175.0,21510.0,21065.0
2019/05/12,Sun,,,,
2019/05/11,Sat,,,,
2019/05/10,Fri,21330.0,21310.0,21585.0,21060.0
2019/05/09,Thu,21590.0,21415.0,21675.0,21305.0
2019/05/08,Wed,22000.0,21580.0,22020.0,21515.0
2019/05/07,Tue,22230.0,21950.0,22360.0,21875.0
2019/05/06,Mon,22038.0,22128.0,22227.5,21912.5
2019/05/05,Sun,,,,
2019/05/04,Sat,,,,
2019/05/03,Fri,22278.0,22482.5,22487.5,22212.5
2019/05/02,Thu,22198.0,22283.0,22363.0,22172.5
2019/05/01,Wed,22413.0,22190.0,22478.0,22153.0
2019/04/30,Tue,22380.0,22408.0,22426.0,22263.0
2019/04/29,Mon,22360.0,22377.5,22453.0,22347.0
2019/04/28,Sun,,,,
2019/04/27,Sat,,,,
2019/04/26,Fri,22265.0,22260.0,22310.0,22065.0
2019/04/25,Thu,22170.0,22345.0,22365.0,22135.0
2019/04/24,Wed,22235.0,22170.0,22375.0,22125.0
2019/04/23,Tue,22230.0,22255.0,22270.0,22105.0
2019/04/22,Mon,22190.0,22240.0,22280.0,22090.0
2019/04/21,Sun,,,,
2019/04/20,Sat,,,,
2019/04/19,Fri,22120.0,22200.0,22270.0,22055.0
2019/04/18,Thu,22285.0,22100.0,22345.0,22055.0
2019/04/17,Wed,22225.0,22275.0,22335.0,22175.0
2019/04/16,Tue,22175.0,22230.0,22260.0,22110.0
2019/04/15,Mon,21845.0,22185.0,22225.0,21840.0
2019/04/14,Sun,,,,
2019/04/13,Sat,,,,
2019/04/12,Fri,21700.0,21870.0,21870.0,21630.0
2019/04/11,Thu,21710.0,21690.0,21735.0,21620.0
2019/04/10,Wed,21740.0,21700.0,21780.0,21550.0
2019/04/09,Tue,21795.0,21755.0,21820.0,21695.0
2019/04/08,Mon,21800.0,21775.0,21970.0,21740.0
2019/04/07,Sun,,,,
2019/04/06,Sat,,,,
2019/04/05,Fri,21705.0,21810.0,21835.0,21690.0
2019/04/04,Thu,21750.0,21715.0,21840.0,21665.0
2019/04/03,Wed,21475.0,21725.0,21735.0,21472.0
2019/04/02,Tue,21490.0,21480.0,21750.0,21475.0
2019/04/01,Mon,21210.0,21460.0,21680.0,21160.0
2019/03/31,Sun,,,,
2019/03/30,Sat,,,,
2019/03/29,Fri,21085.0,21195.0,21285.0,21050.0
2019/03/28,Thu,21375.0,21055.0,21385.0,20970.0
2019/03/27,Wed,21150.0,21390.0,21390.0,21140.0
2019/03/26,Tue,20770.0,21165.0,21275.0,20760.0
2019/03/25,Mon,21360.0,20740.0,21410.0,20690.0
2019/03/24,Sun,,,,
2019/03/23,Sat,,,,
2019/03/22,Fri,21450.0,21335.0,21490.0,21260.0
2019/03/21,Thu,21268.0,21423.0,21438.0,21132.5
2019/03/20,Wed,21395.0,21440.0,21505.0,21315.0
2019/03/19,Tue,21420.0,21380.0,21435.0,21255.0
2019/03/18,Mon,21270.0,21415.0,21455.0,21225.0
2019/03/17,Sun,,,,
2019/03/16,Sat,,,,
2019/03/15,Fri,21130.0,21265.0,21375.0,21095.0
2019/03/14,Thu,21055.0,21130.0,21350.0,21055.0
2019/03/13,Wed,21340.0,21055.0,21355.0,20990.0
2019/03/12,Tue,20965.0,21340.0,21385.0,20900.0
2019/03/11,Mon,20755.0,20930.0,20965.0,20650.0
2019/03/10,Sun,,,,
2019/03/09,Sat,,,,
2019/03/08,Fri,21200.0,20785.0,21310.0,20785.0
2019/03/07,Thu,21595.0,21425.0,21645.0,21405.0
2019/03/06,Wed,21760.0,21590.0,21835.0,21550.0
2019/03/05,Tue,21825.0,21755.0,21840.0,21595.0
2019/03/04,Mon,21650.0,21820.0,21870.0,21630.0
2019/03/03,Sun,,,,
2019/03/02,Sat,,,,
2019/03/01,Fri,21340.0,21620.0,21650.0,21280.0
2019/02/28,Thu,21510.0,21390.0,21595.0,21365.0
2019/02/27,Wed,21475.0,21560.0,21585.0,21445.0
2019/02/26,Tue,21565.0,21475.0,21625.0,21370.0
2019/02/25,Mon,21405.0,21545.0,21580.0,21390.0
2019/02/24,Sun,,,,
2019/02/23,Sat,,,,
2019/02/22,Fri,21450.0,21400.0,21480.0,21315.0
2019/02/21,Thu,21430.0,21440.0,21550.0,21295.0
2019/02/20,Wed,21290.0,21420.0,21480.0,21215.0
2019/02/19,Tue,21300.0,21295.0,21325.0,21195.0
2019/02/18,Mon,20875.0,21295.0,21320.0,20835.0
2019/02/17,Sun,,,,
2019/02/16,Sat,,,,
2019/02/15,Fri,21210.0,20900.0,21235.0,20810.0
2019/02/14,Thu,21145.0,21190.0,21215.0,21055.0
2019/02/13,Wed,20840.0,21160.0,21195.0,20835.0
2019/02/12,Tue,20280.0,20880.0,20880.0,20160.0
2019/02/11,Mon,20297.0,20417.5,20472.5,20202.0
2019/02/10,Sun,,,,
2019/02/09,Sat,,,,
2019/02/08,Fri,20705.0,20300.0,20785.0,20285.0
2019/02/07,Thu,20870.0,20775.0,20915.0,20660.0
2019/02/06,Wed,20845.0,20885.0,20970.0,20825.0
2019/02/05,Tue,20875.0,20855.0,20975.0,20810.0
2019/02/04,Mon,20775.0,20865.0,20915.0,20725.0
2019/02/03,Sun,,,,
2019/02/02,Sat,,,,
2019/02/01,Fri,20775.0,20750.0,20930.0,20640.0
2019/01/31,Thu,20610.0,20770.0,20895.0,20600.0
2019/01/30,Wed,20615.0,20635.0,20760.0,20520.0
2019/01/29,Tue,20660.0,20650.0,20680.0,20405.0
2019/01/28,Mon,20805.0,20660.0,20910.0,20620.0
2019/01/27,Sun,,,,
2019/01/26,Sat,,,,
2019/01/25,Fri,20580.0,20800.0,20840.0,20510.0
2019/01/24,Thu,20560.0,20580.0,20735.0,20435.0
2019/01/23,Wed,20570.0,20575.0,20690.0,20345.0
2019/01/22,Tue,20730.0,20570.0,20810.0,20555.0
2019/01/21,Mon,20650.0,20725.0,20945.0,20625.0
2019/01/20,Sun,,,,
2019/01/19,Sat,,,,
2019/01/18,Fri,20300.0,20650.0,20690.0,20200.0
2019/01/17,Thu,20485.0,20370.0,20585.0,20335.0
2019/01/16,Wed,20510.0,20450.0,20575.0,20315.0
2019/01/15,Tue,20345.0,20530.0,20580.0,20175.0
2019/01/14,Mon,20150.0,20187.0,20212.5,19967.0
2019/01/13,Sun,,,,
2019/01/12,Sat,,,,
2019/01/11,Fri,20110.0,20340.0,20385.0,20035.0
2019/01/10,Thu,20455.0,20125.0,20480.0,20100.0
2019/01/09,Wed,20275.0,20450.0,20495.0,20210.0
2019/01/08,Tue,20120.0,20230.0,20345.0,19975.0
2019/01/07,Mon,19555.0,20095.0,20270.0,19505.0
2019/01/06,Sun,,,,
2019/01/05,Sat,,,,
2019/01/04,Fri,19845.0,19510.0,20060.0,19235.0
2019/01/03,Thu,19365.0,19405.0,19650.0,19282.0
2019/01/02,Wed,19802.0,19365.0,19942.5,19272.0
2019/01/01,Tue,19802.0,19885.0,19950.0,19802.0
2018/12/31,Mon,19950.0,19950.0,19950.0,19950.0
2018/12/30,Sun,,,,
2018/12/29,Sat,,,,
2018/12/28,Fri,19960.0,19870.0,20080.0,19525.0
2018/12/27,Thu,19355.0,20045.0,20210.0,19345.0
2018/12/26,Wed,18975.0,19400.0,19535.0,18865.0
2018/12/25,Tue,20090.0,19035.0,20185.0,19030.0
2018/12/24,Mon,19795.0,19795.0,19795.0,19795.0
2018/12/23,Sun,,,,
2018/12/22,Sat,,,,
2018/12/21,Fri,20335.0,20100.0,20495.0,19965.0
2018/12/20,Thu,20945.0,20225.0,21140.0,20225.0
2018/12/19,Wed,21080.0,20940.0,21240.0,20835.0
2018/12/18,Tue,21465.0,21110.0,21470.0,21030.0
2018/12/17,Mon,21340.0,21470.0,21515.0,21220.0
2018/12/16,Sun,,,,
2018/12/15,Sat,,,,
2018/12/14,Fri,21820.0,21310.0,21870.0,21285.0
2018/12/13,Thu,21645.0,21850.0,21880.0,21565.0
2018/12/12,Wed,21160.0,21660.0,21660.0,21145.0
2018/12/11,Tue,21215.0,21135.0,21365.0,20940.0
2018/12/10,Mon,21545.0,21145.0,21690.0,21140.0
2018/12/09,Sun,,,,
2018/12/08,Sat,,,,
2018/12/07,Fri,21530.0,21625.0,21735.0,21070.0
2018/12/06,Thu,21900.0,21455.0,21955.0,21295.0
2018/12/05,Wed,22070.0,21880.0,22180.0,21575.0
2018/12/04,Tue,22660.0,22075.0,22710.0,22010.0
2018/12/03,Mon,22350.0,22635.0,22720.0,22255.0
2018/12/02,Sun,,,,
2018/12/01,Sat,,,,
2018/11/30,Fri,22260.0,22350.0,22380.0,22190.0
2018/11/29,Thu,22230.0,22250.0,22435.0,22170.0
2018/11/28,Wed,21970.0,22225.0,22225.0,21910.0
2018/11/27,Tue,21870.0,22000.0,22070.0,21815.0
2018/11/26,Mon,21710.0,21830.0,21835.0,21525.0
2018/11/25,Sun,,,,
2018/11/24,Sat,,,,
2018/11/23,Fri,21637.5,21483.0,21688.0,21447.5
2018/11/22,Thu,21530.0,21700.0,21750.0,21470.0
2018/11/21,Wed,21515.0,21525.0,21560.0,21170.0
2018/11/20,Tue,21810.0,21550.0,21920.0,21515.0
2018/11/19,Mon,21650.0,21835.0,21850.0,21490.0
2018/11/18,Sun,,,,
2018/11/17,Sat,,,,
2018/11/16,Fri,21865.0,21650.0,21935.0,21540.0
2018/11/15,Thu,21775.0,21820.0,21940.0,21550.0
2018/11/14,Wed,21745.0,21825.0,21985.0,21615.0
2018/11/13,Tue,22240.0,21760.0,22260.0,21470.0
2018/11/12,Mon,22220.0,22255.0,22325.0,22005.0
2018/11/11,Sun,,,,
2018/11/10,Sat,,,,
2018/11/09,Fri,22460.0,22270.0,22505.0,22215.0
2018/11/08,Thu,22110.0,22515.0,22585.0,22095.0
2018/11/07,Wed,22205.0,22120.0,22440.0,21990.0
2018/11/06,Tue,21905.0,22200.0,22200.0,21885.0
2018/11/05,Mon,22260.0,21880.0,22285.0,21845.0
2018/11/04,Sun,,,,
2018/11/03,Sat,,,,
2018/11/02,Fri,21575.0,22240.0,22305.0,21540.0
2018/11/01,Thu,21860.0,21560.0,21945.0,21560.0
2018/10/31,Wed,21510.0,21885.0,21910.0,21315.0
2018/10/30,Tue,21120.0,21480.0,21575.0,20810.0
2018/10/29,Mon,21175.0,21105.0,21475.0,20795.0
2018/10/28,Sun,,,,
2018/10/27,Sat,,,,
2018/10/26,Fri,21375.0,21255.0,21795.0,20970.0
2018/10/25,Thu,21930.0,21270.0,22105.0,21205.0
2018/10/24,Wed,21985.0,22025.0,22215.0,21645.0
2018/10/23,Tue,22680.0,21940.0,22695.0,21940.0
2018/10/22,Mon,22530.0,22640.0,22695.0,22270.0
2018/10/21,Sun,,,,
2018/10/20,Sat,,,,
2018/10/19,Fri,22640.0,22540.0,22755.0,22165.0
2018/10/18,Thu,22900.0,22595.0,22920.0,22595.0
2018/10/17,Wed,22475.0,22895.0,22950.0,22440.0
2018/10/16,Tue,22210.0,22450.0,22545.0,22035.0
2018/10/15,Mon,22680.0,22200.0,22680.0,22200.0
2018/10/14,Sun,,,,
2018/10/13,Sat,,,,
2018/10/12,Fri,22795.0,22640.0,22910.0,22245.0
2018/10/11,Thu,23520.0,22570.0,23590.0,22415.0
2018/10/10,Wed,23495.0,23530.0,23600.0,23325.0
2018/10/09,Tue,23785.0,23460.0,23885.0,23450.0
2018/10/08,Mon,23685.0,23685.0,23685.0,23685.0
2018/10/07,Sun,,,,
2018/10/06,Sat,,,,
2018/10/05,Fri,23920.0,23815.0,24025.0,23620.0
2018/10/04,Thu,24170.0,23910.0,24360.0,23910.0
2018/10/03,Wed,24235.0,24135.0,24305.0,24035.0
2018/10/02,Tue,24325.0,24285.0,24480.0,24215.0
2018/10/01,Mon,24115.0,24305.0,24315.0,24000.0
2018/09/30,Sun,,,,
2018/09/29,Sat,,,,
2018/09/28,Fri,23815.0,24135.0,24290.0,23775.0
2018/09/27,Thu,23960.0,23835.0,24090.0,23770.0
2018/09/26,Wed,23770.0,24000.0,24030.0,23750.0
2018/09/25,Tue,23760.0,23750.0,23815.0,23655.0
2018/09/24,Mon,23665.0,23713.0,23728.0,23587.5
2018/09/23,Sun,,,,
2018/09/22,Sat,,,,
2018/09/21,Fri,23520.0,23750.0,23820.0,23485.0
2018/09/20,Thu,23540.0,23470.0,23645.0,23420.0
2018/09/19,Wed,23280.0,23520.0,23730.0,23280.0
2018/09/18,Tue,23020.0,23280.0,23325.0,22885.0
2018/09/17,Mon,23045.0,23000.0,23050.0,23000.0
2018/09/16,Sun,,,,
2018/09/15,Sat,,,,
2018/09/14,Fri,22690.0,22970.0,22970.0,22655.0
2018/09/13,Thu,22625.0,22815.0,22870.0,22545.0
2018/09/12,Wed,22655.0,22620.0,22740.0,22525.0
2018/09/11,Tue,22370.0,22655.0,22675.0,22360.0
2018/09/10,Mon,22380.0,22365.0,22445.0,22240.0
2018/09/09,Sun,,,,
2018/09/08,Sat,,,,
2018/09/07,Fri,22485.0,22380.0,22560.0,22175.0
2018/09/06,Thu,22510.0,22480.0,22610.0,22430.0
2018/09/05,Wed,22780.0,22560.0,22785.0,22560.0
2018/09/04,Tue,22725.0,22770.0,22790.0,22610.0
2018/09/03,Mon,22780.0,22705.0,22845.0,22690.0
2018/09/02,Sun,,,,
2018/09/01,Sat,,,,
2018/08/31,Fri,22860.0,22860.0,22895.0,22660.0
2018/08/30,Thu,22850.0,22875.0,23060.0,22805.0
2018/08/29,Wed,22815.0,22850.0,22965.0,22765.0
2018/08/28,Tue,22785.0,22795.0,22990.0,22770.0
2018/08/27,Mon,22585.0,22775.0,22825.0,22565.0
2018/08/26,Sun,,,,
2018/08/25,Sat,,,,
2018/08/24,Fri,22410.0,22585.0,22590.0,22395.0
2018/08/23,Thu,22345.0,22410.0,22450.0,22305.0
2018/08/22,Wed,22235.0,22320.0,22370.0,22140.0
2018/08/21,Tue,22220.0,22210.0,22290.0,22035.0
2018/08/20,Mon,22240.0,22160.0,22305.0,22075.0
2018/08/19,Sun,,,,
2018/08/18,Sat,,,,
2018/08/17,Fri,22145.0,22260.0,22345.0,22110.0
2018/08/16,Thu,22185.0,22165.0,22230.0,21840.0
2018/08/15,Wed,22340.0,22180.0,22375.0,22085.0
2018/08/14,Tue,21890.0,22320.0,22340.0,21850.0
2018/08/13,Mon,22290.0,21890.0,22305.0,21820.0
2018/08/12,Sun,,,,
2018/08/11,Sat,,,,
2018/08/10,Fri,22575.0,22300.0,22625.0,22240.0
2018/08/09,Thu,22600.0,22605.0,22650.0,22500.0
2018/08/08,Wed,22670.0,22650.0,22800.0,22610.0
2018/08/07,Tue,22480.0,22650.0,22670.0,22460.0
2018/08/06,Mon,22495.0,22510.0,22630.0,22450.0
2018/08/05,Sun,,,,
2018/08/04,Sat,,,,
2018/08/03,Fri,22490.0,22525.0,22635.0,22390.0
2018/08/02,Thu,22770.0,22525.0,22785.0,22455.0
2018/08/01,Wed,22505.0,22795.0,22795.0,22485.0
2018/07/31,Tue,22555.0,22520.0,22685.0,22350.0
2018/07/30,Mon,22700.0,22530.0,22755.0,22515.0
2018/07/29,Sun,,,,
2018/07/28,Sat,,,,
2018/07/27,Fri,22585.0,22700.0,22710.0,22580.0
2018/07/26,Thu,22630.0,22580.0,22665.0,22510.0
2018/07/25,Wed,22500.0,22615.0,22650.0,22490.0
2018/07/24,Tue,22400.0,22530.0,22575.0,22390.0
2018/07/23,Mon,22725.0,22400.0,22755.0,22335.0
2018/07/22,Sun,,,,
2018/07/21,Sat,,,,
2018/07/20,Fri,22800.0,22735.0,22865.0,22535.0
2018/07/19,Thu,22860.0,22810.0,22920.0,22755.0
2018/07/18,Wed,22680.0,22815.0,22945.0,22660.0
2018/07/17,Tue,22610.0,22720.0,22835.0,22520.0
2018/07/16,Mon,22660.0,22660.0,22660.0,22660.0
2018/07/15,Sun,,,,
2018/07/14,Sat,,,,
2018/07/13,Fri,22240.0,22615.0,22690.0,22205.0
2018/07/12,Thu,21890.0,22250.0,22250.0,21885.0
2018/07/11,Wed,22220.0,21950.0,22270.0,21755.0
2018/07/10,Tue,22085.0,22210.0,22320.0,22060.0
2018/07/09,Mon,21760.0,22095.0,22105.0,21705.0
2018/07/08,Sun,,,,
2018/07/07,Sat,,,,
2018/07/06,Fri,21630.0,21815.0,21870.0,21610.0
2018/07/05,Thu,21700.0,21520.0,21745.0,21460.0
2018/07/04,Wed,21810.0,21730.0,21905.0,21600.0
2018/07/03,Tue,21725.0,21725.0,21930.0,21565.0
2018/07/02,Mon,22260.0,21760.0,22350.0,21760.0
2018/07/01,Sun,,,,
2018/06/30,Sat,,,,
2018/06/29,Fri,22275.0,22235.0,22330.0,22105.0
2018/06/28,Thu,22180.0,22250.0,22420.0,22040.0
2018/06/27,Wed,22330.0,22250.0,22385.0,22175.0
2018/06/26,Tue,22260.0,22345.0,22345.0,22005.0
2018/06/25,Mon,22540.0,22330.0,22605.0,22280.0
2018/06/24,Sun,,,,
2018/06/23,Sat,,,,
2018/06/22,Fri,22615.0,22480.0,22620.0,22380.0
2018/06/21,Thu,22485.0,22630.0,22750.0,22365.0
2018/06/20,Wed,22155.0,22485.0,22550.0,22090.0
2018/06/19,Tue,22645.0,22200.0,22690.0,22200.0
2018/06/18,Mon,22795.0,22640.0,22810.0,22570.0
2018/06/17,Sun,,,,
2018/06/16,Sat,,,,
2018/06/15,Fri,22685.0,22840.0,22890.0,22680.0
2018/06/14,Thu,22905.0,22715.0,22920.0,22690.0
2018/06/13,Wed,22855.0,22925.0,22950.0,22780.0
2018/06/12,Tue,22850.0,22865.0,22990.0,22760.0
2018/06/11,Mon,22575.0,22805.0,22810.0,22490.0
2018/06/10,Sun,,,,
2018/06/09,Sat,,,,
2018/06/08,Fri,22830.0,22635.0,22845.0,22605.0
2018/06/07,Thu,22670.0,22870.0,22870.0,22595.0
2018/06/06,Wed,22530.0,22640.0,22660.0,22440.0
2018/06/05,Tue,22500.0,22520.0,22600.0,22460.0
2018/06/04,Mon,22240.0,22510.0,22520.0,22230.0
2018/06/03,Sun,,,,
2018/06/02,Sat,,,,
2018/06/01,Fri,22190.0,22220.0,22320.0,22010.0
2018/05/31,Thu,22080.0,22190.0,22270.0,22040.0
2018/05/30,Wed,22220.0,22030.0,22230.0,21920.0
2018/05/29,Tue,22490.0,22300.0,22500.0,22230.0
2018/05/28,Mon,22400.0,22490.0,22550.0,22260.0
2018/05/27,Sun,,,,
2018/05/26,Sat,,,,
2018/05/25,Fri,22480.0,22440.0,22540.0,22080.0
2018/05/24,Thu,22620.0,22410.0,22640.0,22360.0
2018/05/23,Wed,22990.0,22720.0,23000.0,22640.0
2018/05/22,Tue,23000.0,22960.0,23040.0,22950.0
2018/05/21,Mon,22910.0,23010.0,23050.0,22820.0
2018/05/20,Sun,,,,
2018/05/19,Sat,,,,
2018/05/18,Fri,22850.0,22930.0,22960.0,22840.0
2018/05/17,Thu,22730.0,22840.0,22880.0,22700.0
2018/05/16,Wed,22830.0,22740.0,22830.0,22700.0
2018/05/15,Tue,22870.0,22820.0,22910.0,22800.0
2018/05/14,Mon,22710.0,22860.0,22890.0,22670.0
2018/05/13,Sun,,,,
2018/05/12,Sat,,,,
2018/05/11,Fri,22500.0,22730.0,22780.0,22470.0
2018/05/10,Thu,22440.0,22500.0,22540.0,22410.0
2018/05/09,Wed,22520.0,22420.0,22520.0,22360.0
2018/05/08,Tue,22440.0,22520.0,22570.0,22410.0
2018/05/07,Mon,22480.0,22450.0,22530.0,22350.0
2018/05/06,Sun,,,,
2018/05/05,Sat,,,,
2018/05/04,Fri,22305.0,22468.0,22508.0,22163.0
2018/05/03,Thu,22365.0,22300.0,22395.0,22090.0
2018/05/02,Wed,22510.0,22470.0,22580.0,22420.0
2018/05/01,Tue,22510.0,22500.0,22560.0,22410.0
2018/04/30,Mon,22455.0,22463.0,22640.0,22423.0
2018/04/29,Sun,,,,
2018/04/28,Sat,,,,
2018/04/27,Fri,22310.0,22510.0,22510.0,22280.0
2018/04/26,Thu,22250.0,22320.0,22390.0,22150.0
2018/04/25,Wed,22290.0,22220.0,22350.0,21960.0
2018/04/24,Tue,22060.0,22280.0,22300.0,22020.0
2018/04/23,Mon,22140.0,22100.0,22210.0,22050.0
2018/04/22,Sun,,,,
2018/04/21,Sat,,,,
2018/04/20,Fri,22180.0,22160.0,22270.0,22050.0
2018/04/19,Thu,22170.0,22200.0,22360.0,22090.0
2018/04/18,Wed,21810.0,22180.0,22200.0,21800.0
2018/04/17,Tue,21830.0,21830.0,21890.0,21770.0
2018/04/16,Mon,21830.0,21850.0,21920.0,21690.0
2018/04/15,Sun,,,,
2018/04/14,Sat,,,,
2018/04/13,Fri,21670.0,21810.0,21910.0,21620.0
2018/04/12,Thu,21690.0,21660.0,21760.0,21560.0
2018/04/11,Wed,21840.0,21670.0,21920.0,21670.0
2018/04/10,Tue,21720.0,21860.0,21960.0,21530.0
2018/04/09,Mon,21680.0,21730.0,21740.0,21300.0
2018/04/08,Sun,,,,
2018/04/07,Sat,,,,
2018/04/06,Fri,21720.0,21640.0,21920.0,21540.0
2018/04/05,Thu,21280.0,21650.0,21740.0,21030.0
2018/04/04,Wed,21350.0,21340.0,21520.0,21220.0
2018/04/03,Tue,21400.0,21320.0,21450.0,20920.0
2018/04/02,Mon,21430.0,21430.0,21600.0,21340.0
2018/04/01,Sun,,,,
2018/03/31,Sat,,,,
2018/03/30,Fri,21210.0,21460.0,21630.0,21180.0
2018/03/29,Thu,20980.0,21210.0,21330.0,20870.0
2018/03/28,Wed,21110.0,21030.0,21180.0,20610.0
2018/03/27,Tue,20500.0,21110.0,21150.0,20350.0
2018/03/26,Mon,20410.0,20480.0,20620.0,20140.0
2018/03/25,Sun,,,,
2018/03/24,Sat,,,,
2018/03/23,Fri,21340.0,20350.0,21340.0,20340.0
2018/03/22,Thu,21230.0,21380.0,21400.0,21120.0
2018/03/21,Wed,21293.0,21183.0,21368.0,21125.0
2018/03/20,Tue,21250.0,21170.0,21350.0,20900.0
2018/03/19,Mon,21430.0,21270.0,21510.0,21170.0
2018/03/18,Sun,,,,
2018/03/17,Sat,,,,
2018/03/16,Fri,21660.0,21440.0,21700.0,21430.0
2018/03/15,Thu,21620.0,21640.0,21730.0,21360.0
2018/03/14,Wed,21800.0,21610.0,21920.0,21480.0
2018/03/13,Tue,21720.0,21800.0,21800.0,21510.0
2018/03/12,Mon,21340.0,21720.0,21810.0,21310.0
2018/03/11,Sun,,,,
2018/03/10,Sat,,,,
2018/03/09,Fri,21190.0,21350.0,21720.0,21140.0
2018/03/08,Thu,21220.0,21380.0,21510.0,21220.0
2018/03/07,Wed,21500.0,21200.0,21810.0,21190.0
2018/03/06,Tue,20890.0,21450.0,21550.0,20850.0
2018/03/05,Mon,21130.0,20990.0,21170.0,20690.0
2018/03/04,Sun,,,,
2018/03/03,Sat,,,,
2018/03/02,Fri,21700.0,21130.0,21740.0,21020.0
2018/03/01,Thu,22120.0,21640.0,22180.0,21640.0
2018/02/28,Wed,22340.0,22100.0,22410.0,22070.0
2018/02/27,Tue,22170.0,22380.0,22510.0,22160.0
2018/02/26,Mon,21940.0,22220.0,22230.0,21800.0
2018/02/25,Sun,,,,
2018/02/24,Sat,,,,
2018/02/23,Fri,21690.0,21910.0,21920.0,21600.0
2018/02/22,Thu,21970.0,21660.0,22110.0,21590.0
2018/02/21,Wed,21910.0,21970.0,22170.0,21790.0
2018/02/20,Tue,22090.0,21930.0,22120.0,21810.0
2018/02/19,Mon,21760.0,22100.0,22150.0,21740.0
2018/02/18,Sun,,,,
2018/02/17,Sat,,,,
2018/02/16,Fri,21460.0,21740.0,21850.0,21310.0
2018/02/15,Thu,21230.0,21450.0,21560.0,20930.0
2018/02/14,Wed,21170.0,21180.0,21350.0,20900.0
2018/02/13,Tue,21650.0,21170.0,21690.0,21170.0
2018/02/12,Mon,21373.0,21675.0,21705.0,21273.0
2018/02/11,Sun,,,,
2018/02/10,Sat,,,,
2018/02/09,Fri,21920.0,21360.0,21990.0,21050.0
2018/02/08,Thu,21660.0,21940.0,22160.0,21440.0
2018/02/07,Wed,21650.0,21610.0,22340.0,21460.0
2018/02/06,Tue,22690.0,21510.0,22740.0,21050.0
2018/02/05,Mon,23310.0,22650.0,23320.0,22560.0
2018/02/04,Sun,,,,
2018/02/03,Sat,,,,
2018/02/02,Fri,23460.0,23320.0,23490.0,23100.0
2018/02/01,Thu,23120.0,23440.0,23490.0,23120.0
2018/01/31,Wed,23280.0,23090.0,23370.0,23070.0
2018/01/30,Tue,23630.0,23260.0,23640.0,23210.0
2018/01/29,Mon,23570.0,23610.0,23780.0,23530.0
2018/01/28,Sun,,,,
2018/01/27,Sat,,,,
2018/01/26,Fri,23690.0,23630.0,23790.0,23440.0
2018/01/25,Thu,23930.0,23660.0,23940.0,23590.0
2018/01/24,Wed,24150.0,23910.0,24170.0,23870.0
2018/01/23,Tue,23800.0,24120.0,24140.0,23760.0
2018/01/22,Mon,23800.0,23790.0,23890.0,23670.0
2018/01/21,Sun,,,,
2018/01/20,Sat,,,,
2018/01/19,Fri,23790.0,23800.0,23870.0,23700.0
2018/01/18,Thu,23850.0,23770.0,24130.0,23690.0
2018/01/17,Wed,23950.0,23820.0,23990.0,23640.0
2018/01/16,Tue,23720.0,23950.0,23950.0,23670.0
2018/01/15,Mon,23660.0,23720.0,23830.0,23630.0
2018/01/14,Sun,,,,
2018/01/13,Sat,,,,
2018/01/12,Fri,23670.0,23640.0,23760.0,23570.0
2018/01/11,Thu,23730.0,23650.0,23750.0,23540.0
2018/01/10,Wed,23870.0,23800.0,23930.0,23710.0
2018/01/09,Tue,23750.0,23860.0,24000.0,23700.0
2018/01/08,Mon,23888.0,23968.0,24000.0,23813.0
2018/01/07,Sun,,,,
2018/01/06,Sat,,,,
2018/01/05,Fri,23430.0,23720.0,23730.0,23420.0
2018/01/04,Thu,22760.0,23410.0,23490.0,22720.0
2018/01/03,Wed,22830.0,23133.0,23213.0,22810.0
2018/01/02,Tue,22840.0,22825.0,22900.0,22615.0
2018/01/01,Mon,,,,
2017/12/31,Sun,,,,
2017/12/30,Sat,,,,
2017/12/29,Fri,22790.0,22750.0,22880.0,22740.0
2017/12/28,Thu,22880.0,22780.0,22960.0,22720.0
2017/12/27,Wed,22860.0,22890.0,22940.0,22850.0
2017/12/26,Tue,22880.0,22850.0,22920.0,22840.0
2017/12/25,Mon,22850.0,22880.0,22920.0,22820.0
2017/12/24,Sun,,,,
2017/12/23,Sat,,,,
2017/12/22,Fri,22820.0,22850.0,22900.0,22770.0
2017/12/21,Thu,22880.0,22800.0,22900.0,22690.0
2017/12/20,Wed,22810.0,22860.0,22900.0,22770.0
2017/12/19,Tue,22900.0,22800.0,22980.0,22790.0
2017/12/18,Mon,22520.0,22880.0,22890.0,22470.0
2017/12/17,Sun,,,,
2017/12/16,Sat,,,,
2017/12/15,Fri,22670.0,22520.0,22720.0,22440.0
2017/12/14,Thu,22730.0,22630.0,22800.0,22600.0
2017/12/13,Wed,22830.0,22700.0,22940.0,22650.0
2017/12/12,Tue,22890.0,22840.0,22970.0,22800.0
2017/12/11,Mon,22800.0,22890.0,22920.0,22750.0
2017/12/10,Sun,,,,
2017/12/09,Sat,,,,
2017/12/08,Fri,22510.0,22790.0,22800.0,22430.0
2017/12/07,Thu,22140.0,22530.0,22570.0,22050.0
2017/12/06,Wed,22630.0,22200.0,22660.0,22110.0
2017/12/05,Tue,22770.0,22610.0,22800.0,22520.0
2017/12/04,Mon,22830.0,22710.0,22870.0,22370.0
2017/12/03,Sun,,,,
2017/12/02,Sat,,,,
2017/12/01,Fri,22770.0,22780.0,23000.0,22670.0
2017/11/30,Thu,22620.0,22760.0,22800.0,22510.0
2017/11/29,Wed,22510.0,22620.0,22670.0,22500.0
2017/11/28,Tue,22520.0,22500.0,22590.0,22370.0
2017/11/27,Mon,22580.0,22500.0,22690.0,22420.0
2017/11/26,Sun,,,,
2017/11/25,Sat,,,,
2017/11/24,Fri,22600.0,22580.0,22650.0,22350.0
2017/11/23,Thu,22400.0,22418.0,22490.0,22320.0
2017/11/22,Wed,22440.0,22580.0,22690.0,22430.0
2017/11/21,Tue,22220.0,22450.0,22570.0,22160.0
2017/11/20,Mon,22490.0,22240.0,22500.0,22210.0
2017/11/19,Sun,,,,
2017/11/18,Sat,,,,
2017/11/17,Fri,22480.0,22450.0,22770.0,22320.0
2017/11/16,Thu,21980.0,22410.0,22430.0,21830.0
2017/11/15,Wed,22440.0,22040.0,22490.0,22010.0
2017/11/14,Tue,22280.0,22430.0,22550.0,22110.0
2017/11/13,Mon,22490.0,22280.0,22630.0,22270.0
2017/11/12,Sun,,,,
2017/11/11,Sat,,,,
2017/11/10,Fri,22890.0,22520.0,22950.0,22320.0
2017/11/09,Thu,22910.0,22900.0,23430.0,22520.0
2017/11/08,Wed,22970.0,22940.0,23000.0,22760.0
2017/11/07,Tue,22600.0,22990.0,22990.0,22520.0
2017/11/06,Mon,22510.0,22600.0,22660.0,22360.0
2017/11/05,Sun,,,,
2017/11/04,Sat,,,,
2017/11/03,Fri,22548.0,22608.0,22643.0,22508.0
2017/11/02,Thu,22470.0,22480.0,22600.0,22400.0
2017/11/01,Wed,21990.0,22430.0,22470.0,21980.0
2017/10/31,Tue,22030.0,21950.0,22040.0,21840.0
2017/10/30,Mon,22080.0,22020.0,22130.0,21920.0
2017/10/29,Sun,,,,
2017/10/28,Sat,,,,
2017/10/27,Fri,21780.0,22050.0,22050.0,21750.0
2017/10/26,Thu,21780.0,21770.0,21830.0,21590.0
2017/10/25,Wed,21830.0,21760.0,21930.0,21650.0
2017/10/24,Tue,21730.0,21810.0,21840.0,21610.0
2017/10/23,Mon,21470.0,21740.0,21760.0,21460.0
2017/10/22,Sun,,,,
2017/10/21,Sat,,,,
2017/10/20,Fri,21420.0,21450.0,21500.0,21210.0
2017/10/19,Thu,21360.0,21470.0,21520.0,21340.0
2017/10/18,Wed,21350.0,21350.0,21420.0,21310.0
2017/10/17,Tue,21250.0,21350.0,21400.0,21230.0
2017/10/16,Mon,21140.0,21270.0,21360.0,21130.0
2017/10/15,Sun,,,,
2017/10/14,Sat,,,,
2017/10/13,Fri,20950.0,21160.0,21220.0,20920.0
2017/10/12,Thu,20860.0,20950.0,21000.0,20840.0
2017/10/11,Wed,20830.0,20870.0,20910.0,20740.0
2017/10/10,Tue,20710.0,20830.0,20830.0,20630.0
2017/10/09,Mon,20690.0,20668.0,20740.0,20663.0
2017/10/08,Sun,,,,
2017/10/07,Sat,,,,
2017/10/06,Fri,20630.0,20710.0,20720.0,20600.0
2017/10/05,Thu,20620.0,20640.0,20680.0,20590.0
2017/10/04,Wed,20600.0,20630.0,20690.0,20570.0
2017/10/03,Tue,20410.0,20600.0,20630.0,20370.0
2017/10/02,Mon,20330.0,20410.0,20420.0,20310.0
2017/10/01,Sun,,,,
2017/09/30,Sat,,,,
2017/09/29,Fri,20370.0,20360.0,20370.0,20270.0
2017/09/28,Thu,20340.0,20390.0,20430.0,20290.0
2017/09/27,Wed,20180.0,20320.0,20320.0,20170.0
2017/09/26,Tue,20260.0,20150.0,20280.0,20100.0
2017/09/25,Mon,20170.0,20270.0,20320.0,20150.0
2017/09/24,Sun,,,,
2017/09/23,Sat,,,,
2017/09/22,Fri,20260.0,20180.0,20290.0,20120.0
2017/09/21,Thu,20160.0,20220.0,20370.0,20120.0
2017/09/20,Wed,20120.0,20140.0,20220.0,20070.0
2017/09/19,Tue,19780.0,20150.0,20190.0,19770.0
2017/09/18,Mon,19873.0,19993.0,20015.0,19868.0
2017/09/17,Sun,,,,
2017/09/16,Sat,,,,
2017/09/15,Fri,19660.0,19790.0,19800.0,19630.0
2017/09/14,Thu,19690.0,19690.0,19780.0,19650.0
2017/09/13,Wed,19650.0,19690.0,19760.0,19640.0
2017/09/12,Tue,19450.0,19630.0,19650.0,19420.0
2017/09/11,Mon,19100.0,19410.0,19420.0,19080.0
2017/09/10,Sun,,,,
2017/09/09,Sat,,,,
2017/09/08,Fri,19240.0,19140.0,19340.0,19080.0
2017/09/07,Thu,19330.0,19400.0,19490.0,19290.0
2017/09/06,Wed,19430.0,19340.0,19470.0,19250.0
2017/09/05,Tue,19460.0,19430.0,19570.0,19350.0
2017/09/04,Mon,19710.0,19470.0,19730.0,19450.0
2017/09/03,Sun,,,,
2017/09/02,Sat,,,,
2017/09/01,Fri,19680.0,19690.0,19740.0,19610.0
2017/08/31,Thu,19550.0,19690.0,19690.0,19490.0
2017/08/30,Wed,19330.0,19520.0,19530.0,19240.0
2017/08/29,Tue,19400.0,19380.0,19480.0,19260.0
2017/08/28,Mon,19440.0,19430.0,19530.0,19400.0
2017/08/27,Sun,,,,
2017/08/26,Sat,,,,
2017/08/25,Fri,19360.0,19450.0,19470.0,19320.0
2017/08/24,Thu,19440.0,19320.0,19440.0,19300.0
2017/08/23,Wed,19380.0,19420.0,19550.0,19330.0
2017/08/22,Tue,19320.0,19340.0,19420.0,19250.0
2017/08/21,Mon,19410.0,19360.0,19550.0,19310.0
2017/08/20,Sun,,,,
2017/08/19,Sat,,,,
2017/08/18,Fri,19690.0,19440.0,19690.0,19410.0
2017/08/17,Thu,19770.0,19680.0,19790.0,19650.0
2017/08/16,Wed,19730.0,19730.0,19820.0,19680.0
2017/08/15,Tue,19550.0,19740.0,19810.0,19520.0
2017/08/14,Mon,19710.0,19530.0,19720.0,19350.0
2017/08/13,Sun,,,,
2017/08/12,Sat,,,,
2017/08/11,Fri,19385.0,19395.0,19485.0,19295.0
2017/08/10,Thu,19740.0,19710.0,19820.0,19660.0
2017/08/09,Wed,19980.0,19730.0,20030.0,19640.0
2017/08/08,Tue,20040.0,19980.0,20060.0,19950.0
2017/08/07,Mon,19950.0,20040.0,20070.0,19940.0
2017/08/06,Sun,,,,
2017/08/05,Sat,,,,
2017/08/04,Fri,19990.0,19950.0,20010.0,19920.0
2017/08/03,Thu,20060.0,20010.0,20090.0,19970.0
2017/08/02,Wed,19970.0,20070.0,20100.0,19950.0
2017/08/01,Tue,19970.0,19980.0,19980.0,19910.0
2017/07/31,Mon,19960.0,19940.0,19980.0,19890.0
2017/07/30,Sun,,,,
2017/07/29,Sat,,,,
2017/07/28,Fri,20090.0,19950.0,20130.0,19910.0
2017/07/27,Thu,20060.0,20050.0,20170.0,19990.0
2017/07/26,Wed,19940.0,20040.0,20110.0,19930.0
2017/07/25,Tue,19910.0,19920.0,20020.0,19850.0
2017/07/24,Mon,20070.0,19940.0,20080.0,19870.0
2017/07/23,Sun,,,,
2017/07/22,Sat,,,,
2017/07/21,Fri,20100.0,20080.0,20140.0,20020.0
2017/07/20,Thu,20000.0,20090.0,20140.0,19950.0
2017/07/19,Wed,19990.0,20010.0,20010.0,19890.0
2017/07/18,Tue,20090.0,19980.0,20110.0,19920.0
2017/07/17,Mon,20000.0,20060.0,20115.0,19975.0
2017/07/16,Sun,,,,
2017/07/15,Sat,,,,
2017/07/14,Fri,20100.0,20110.0,20140.0,20080.0
2017/07/13,Thu,20080.0,20080.0,20170.0,20040.0
2017/07/12,Wed,20180.0,20060.0,20180.0,20040.0
2017/07/11,Tue,20100.0,20180.0,20190.0,20050.0
2017/07/10,Mon,19940.0,20100.0,20120.0,19920.0
2017/07/09,Sun,,,,
2017/07/08,Sat,,,,
2017/07/07,Fri,19970.0,19950.0,19990.0,19830.0
2017/07/06,Thu,20080.0,19970.0,20130.0,19930.0
2017/07/05,Wed,20020.0,20070.0,20080.0,19870.0
2017/07/04,Tue,20070.0,20010.0,20190.0,19960.0
2017/07/03,Mon,19980.0,20070.0,20090.0,19980.0
2017/07/02,Sun,,,,
2017/07/01,Sat,,,,
2017/06/30,Fri,20210.0,20020.0,20250.0,19850.0
2017/06/29,Thu,20130.0,20210.0,20270.0,20050.0
2017/06/28,Wed,20140.0,20140.0,20220.0,20100.0
2017/06/27,Tue,20150.0,20150.0,20220.0,20130.0
2017/06/26,Mon,20090.0,20120.0,20160.0,20040.0
2017/06/25,Sun,,,,
2017/06/24,Sat,,,,
2017/06/23,Fri,20060.0,20080.0,20130.0,20040.0
2017/06/22,Thu,20050.0,20070.0,20160.0,20040.0
2017/06/21,Wed,20230.0,20110.0,20240.0,20080.0
2017/06/20,Tue,20070.0,20200.0,20290.0,20030.0
2017/06/19,Mon,19940.0,20030.0,20050.0,19860.0
2017/06/18,Sun,,,,
2017/06/17,Sat,,,,
2017/06/16,Fri,19750.0,19940.0,19980.0,19700.0
2017/06/15,Thu,19900.0,19810.0,19940.0,19710.0
2017/06/14,Wed,19910.0,19880.0,19980.0,19850.0
2017/06/13,Tue,19860.0,19890.0,19900.0,19750.0
2017/06/12,Mon,20000.0,19860.0,20060.0,19800.0
2017/06/11,Sun,,,,
2017/06/10,Sat,,,,
2017/06/09,Fri,19940.0,19950.0,20070.0,19890.0
2017/06/08,Thu,19910.0,19970.0,20070.0,19890.0
2017/06/07,Wed,19970.0,19950.0,20030.0,19890.0
2017/06/06,Tue,20150.0,19970.0,20170.0,19940.0
2017/06/05,Mon,20200.0,20150.0,20240.0,20060.0
2017/06/04,Sun,,,,
2017/06/03,Sat,,,,
2017/06/02,Fri,19860.0,20170.0,20250.0,19850.0
2017/06/01,Thu,19670.0,19860.0,19890.0,19590.0
2017/05/31,Wed,19620.0,19660.0,19690.0,19580.0
2017/05/30,Tue,19690.0,19670.0,19700.0,19560.0
2017/05/29,Mon,19690.0,19680.0,19740.0,19590.0
2017/05/28,Sun,,,,
2017/05/27,Sat,,,,
2017/05/26,Fri,19800.0,19710.0,19850.0,19680.0
2017/05/25,Thu,19730.0,19800.0,19850.0,19690.0
2017/05/24,Wed,19660.0,19740.0,19790.0,19640.0
2017/05/23,Tue,19660.0,19640.0,19700.0,19580.0
2017/05/22,Mon,19610.0,19670.0,19750.0,19590.0
2017/05/21,Sun,,,,
2017/05/20,Sat,,,,
2017/05/19,Fri,19520.0,19600.0,19650.0,19280.0
2017/05/18,Thu,19760.0,19570.0,19810.0,19440.0
2017/05/17,Wed,19900.0,19770.0,19980.0,19760.0
2017/05/16,Tue,19910.0,19880.0,20000.0,19850.0
2017/05/15,Mon,19860.0,19890.0,19890.0,19750.0
2017/05/14,Sun,,,,
2017/05/13,Sat,,,,
2017/05/12,Fri,19950.0,19880.0,19980.0,19790.0
2017/05/11,Thu,19940.0,19960.0,20000.0,19860.0
2017/05/10,Wed,19910.0,19900.0,20030.0,19860.0
2017/05/09,Tue,19850.0,19890.0,19930.0,19780.0
2017/05/08,Mon,19470.0,19870.0,19930.0,19450.0
2017/05/07,Sun,,,,
2017/05/06,Sat,,,,
2017/05/05,Fri,19600.0,19705.0,19715.0,19455.0
2017/05/04,Thu,19597.5,19595.0,19670.0,19505.0
2017/05/03,Wed,19440.0,19595.0,19625.0,19425.0
2017/05/02,Tue,19320.0,19480.0,19480.0,19280.0
2017/05/01,Mon,19190.0,19310.0,19310.0,19180.0
2017/04/30,Sun,,,,
2017/04/29,Sat,,,,
2017/04/28,Fri,19260.0,19200.0,19300.0,19160.0
2017/04/27,Thu,19260.0,19290.0,19330.0,19170.0
2017/04/26,Wed,19100.0,19280.0,19290.0,19070.0
2017/04/25,Tue,18890.0,19090.0,19110.0,18850.0
2017/04/24,Mon,18630.0,18940.0,18940.0,18540.0
2017/04/23,Sun,,,,
2017/04/22,Sat,,,,
2017/04/21,Fri,18470.0,18650.0,18650.0,18470.0
2017/04/20,Thu,18440.0,18470.0,18520.0,18370.0
2017/04/19,Wed,18400.0,18410.0,18470.0,18260.0
2017/04/18,Tue,18290.0,18440.0,18550.0,18290.0
2017/04/17,Mon,18300.0,18310.0,18360.0,18190.0
2017/04/16,Sun,,,,
2017/04/15,Sat,,,,
2017/04/14,Fri,18390.0,18320.0,18420.0,18280.0
2017/04/13,Thu,18610.0,18400.0,18620.0,18300.0
2017/04/12,Wed,18700.0,18530.0,18750.0,18450.0
2017/04/11,Tue,18780.0,18710.0,18810.0,18640.0
2017/04/10,Mon,18700.0,18800.0,18860.0,18630.0
2017/04/09,Sun,,,,
2017/04/08,Sat,,,,
2017/04/07,Fri,18630.0,18710.0,18780.0,18500.0
2017/04/06,Thu,18870.0,18610.0,19030.0,18520.0
2017/04/05,Wed,18810.0,18860.0,18940.0,18750.0
2017/04/04,Tue,19030.0,18820.0,19050.0,18690.0
2017/04/03,Mon,18950.0,19050.0,19070.0,18910.0
2017/04/02,Sun,,,,
2017/04/01,Sat,,,,
2017/03/31,Fri,19040.0,18910.0,19210.0,18880.0
2017/03/30,Thu,19210.0,19070.0,19220.0,19020.0
2017/03/29,Wed,19020.0,19220.0,19250.0,18930.0
2017/03/28,Tue,18800.0,19040.0,19080.0,18760.0
2017/03/27,Mon,19110.0,18810.0,19140.0,18790.0
2017/03/26,Sun,,,,
2017/03/25,Sat,,,,
2017/03/24,Fri,18890.0,19140.0,19170.0,18820.0
2017/03/23,Thu,18930.0,18930.0,18980.0,18760.0
2017/03/22,Wed,19320.0,18910.0,19340.0,18870.0
2017/03/21,Tue,19340.0,19310.0,19390.0,19200.0
2017/03/20,Mon,19347.5,19280.0,19370.0,19225.0
2017/03/19,Sun,,,,
2017/03/18,Sat,,,,
2017/03/17,Fri,19440.0,19350.0,19490.0,19320.0
2017/03/16,Thu,19440.0,19440.0,19490.0,19300.0
2017/03/15,Wed,19530.0,19450.0,19530.0,19370.0
2017/03/14,Tue,19500.0,19480.0,19540.0,19450.0
2017/03/13,Mon,19480.0,19520.0,19530.0,19400.0
2017/03/12,Sun,,,,
2017/03/11,Sat,,,,
2017/03/10,Fri,19180.0,19470.0,19500.0,19160.0
2017/03/09,Thu,19250.0,19310.0,19410.0,19240.0
2017/03/08,Wed,19330.0,19250.0,19400.0,19193.0
2017/03/07,Tue,19340.0,19350.0,19410.0,19300.0
2017/03/06,Mon,19440.0,19360.0,19590.0,19340.0
2017/03/05,Sun,,,,
2017/03/04,Sat,,,,
2017/03/03,Fri,19620.0,19470.0,19660.0,19390.0
2017/03/02,Thu,19410.0,19620.0,19680.0,19390.0
2017/03/01,Wed,19110.0,19390.0,19420.0,19020.0
2017/02/28,Tue,19130.0,19130.0,19270.0,19070.0
2017/02/27,Mon,19280.0,19140.0,19280.0,18990.0
2017/02/26,Sun,,,,
2017/02/25,Sat,,,,
2017/02/24,Fri,19340.0,19270.0,19390.0,19210.0
2017/02/23,Thu,19380.0,19360.0,19400.0,19240.0
2017/02/22,Wed,19370.0,19390.0,19470.0,19310.0
2017/02/21,Tue,19270.0,19380.0,19390.0,19220.0
2017/02/20,Mon,19190.0,19250.0,19270.0,19020.0
2017/02/19,Sun,,,,
2017/02/18,Sat,,,,
2017/02/17,Fri,19340.0,19200.0,19340.0,19150.0
2017/02/16,Thu,19460.0,19330.0,19470.0,19240.0
2017/02/15,Wed,19270.0,19440.0,19490.0,19260.0
2017/02/14,Tue,19420.0,19280.0,19530.0,19220.0
2017/02/13,Mon,19420.0,19440.0,19520.0,19270.0
2017/02/12,Sun,,,,
2017/02/11,Sat,,,,
2017/02/10,Fri,18930.0,19380.0,19410.0,18900.0
2017/02/09,Thu,19010.0,18910.0,19040.0,18860.0
2017/02/08,Wed,18890.0,18990.0,19000.0,18850.0
2017/02/07,Tue,19000.0,18880.0,19020.0,18780.0
2017/02/06,Mon,18950.0,18950.0,19100.0,18880.0
2017/02/05,Sun,,,,
2017/02/04,Sat,,,,
2017/02/03,Fri,18940.0,18940.0,19050.0,18800.0
2017/02/02,Thu,19180.0,18930.0,19280.0,18840.0
2017/02/01,Wed,19030.0,19190.0,19190.0,18820.0
2017/01/31,Tue,19350.0,18980.0,19390.0,18970.0
2017/01/30,Mon,19500.0,19330.0,19560.0,19280.0
2017/01/29,Sun,,,,
2017/01/28,Sat,,,,
2017/01/27,Fri,19450.0,19460.0,19560.0,19390.0
2017/01/26,Thu,19070.0,19460.0,19460.0,19050.0
2017/01/25,Wed,18850.0,19070.0,19130.0,18830.0
2017/01/24,Tue,18900.0,18840.0,19000.0,18760.0
2017/01/23,Mon,19150.0,18920.0,19280.0,18840.0
2017/01/22,Sun,,,,
2017/01/21,Sat,,,,
2017/01/20,Fri,19130.0,19160.0,19170.0,18990.0
2017/01/19,Thu,18830.0,19100.0,19110.0,18770.0
2017/01/18,Wed,18770.0,18830.0,18930.0,18630.0
2017/01/17,Tue,19050.0,18730.0,19110.0,18730.0
2017/01/16,Mon,19240.0,19060.0,19370.0,19040.0
2017/01/15,Sun,,,,
2017/01/14,Sat,,,,
2017/01/13,Fri,19070.0,19250.0,19300.0,18940.0
2017/01/12,Thu,19350.0,19110.0,19510.0,19050.0
2017/01/11,Wed,19340.0,19350.0,19420.0,19300.0
2017/01/10,Tue,19450.0,19310.0,19620.0,19230.0
2017/01/09,Mon,19575.0,19395.0,19695.0,19395.0
2017/01/08,Sun,,,,
2017/01/07,Sat,,,,
2017/01/06,Fri,19440.0,19400.0,19550.0,19310.0
2017/01/05,Thu,19610.0,19500.0,19670.0,19450.0
2017/01/04,Wed,19070.0,19630.0,19640.0,19000.0
2017/01/03,Tue,19210.0,19270.0,19420.0,19145.0
2017/01/02,Mon,,,,
2017/01/01,Sun,,,,
2016/12/31,Sat,,,,
2016/12/30,Fri,18990.0,19100.0,19180.0,18920.0
2016/12/29,Thu,19450.0,19070.0,19470.0,19070.0
2016/12/28,Wed,19350.0,19430.0,19440.0,19350.0
2016/12/27,Tue,19310.0,19320.0,19450.0,19290.0
2016/12/26,Mon,19360.0,19320.0,19410.0,19320.0
2016/12/25,Sun,,,,
2016/12/24,Sat,,,,
2016/12/23,Fri,19385.0,19370.0,19445.0,19350.0
2016/12/22,Thu,19440.0,19360.0,19480.0,19280.0
2016/12/21,Wed,19510.0,19430.0,19620.0,19330.0
2016/12/20,Tue,19390.0,19500.0,19500.0,19280.0
2016/12/19,Mon,19400.0,19370.0,19410.0,19230.0
2016/12/18,Sun,,,,
2016/12/17,Sat,,,,
2016/12/16,Fri,19320.0,19380.0,19500.0,19290.0
2016/12/15,Thu,19170.0,19290.0,19410.0,19120.0
2016/12/14,Wed,19180.0,19180.0,19310.0,19140.0
2016/12/13,Tue,19190.0,19200.0,19230.0,19020.0
2016/12/12,Mon,18960.0,19190.0,19240.0,18920.0
2016/12/11,Sun,,,,
2016/12/10,Sat,,,,
2016/12/09,Fri,18740.0,18990.0,19000.0,18630.0
2016/12/08,Thu,18530.0,18790.0,18790.0,18490.0
2016/12/07,Wed,18400.0,18500.0,18510.0,18350.0
2016/12/06,Tue,18360.0,18400.0,18570.0,18310.0
2016/12/05,Mon,18350.0,18260.0,18410.0,18220.0
2016/12/04,Sun,,,,
2016/12/03,Sat,,,,
2016/12/02,Fri,18480.0,18330.0,18580.0,18310.0
2016/12/01,Thu,18370.0,18400.0,18760.0,18360.0
2016/11/30,Wed,18350.0,18380.0,18450.0,18280.0
2016/11/29,Tue,18320.0,18290.0,18360.0,18210.0
2016/11/28,Mon,18310.0,18330.0,18390.0,18210.0
2016/11/27,Sun,,,,
2016/11/26,Sat,,,,
2016/11/25,Fri,18400.0,18380.0,18490.0,18290.0
2016/11/24,Thu,18220.0,18370.0,18400.0,18170.0
2016/11/23,Wed,18215.0,18367.5,18430.0,18155.0
2016/11/22,Tue,18100.0,18190.0,18190.0,18020.0
2016/11/21,Mon,18020.0,18100.0,18140.0,17920.0
2016/11/20,Sun,,,,
2016/11/19,Sat,,,,
2016/11/18,Fri,17900.0,17970.0,18110.0,17830.0
2016/11/17,Thu,17880.0,17880.0,17950.0,17770.0
2016/11/16,Wed,17630.0,17880.0,17910.0,17620.0
2016/11/15,Tue,17630.0,17650.0,17750.0,17580.0
2016/11/14,Mon,17430.0,17660.0,17710.0,17270.0
2016/11/13,Sun,,,,
2016/11/12,Sat,,,,
2016/11/11,Fri,17290.0,17400.0,17620.0,17280.0
2016/11/10,Thu,16440.0,17300.0,17400.0,16420.0
2016/11/09,Wed,17210.0,16250.0,17450.0,16090.0
2016/11/08,Tue,17230.0,17200.0,17280.0,17110.0
2016/11/07,Mon,16920.0,17230.0,17230.0,16820.0
2016/11/06,Sun,,,,
2016/11/05,Sat,,,,
2016/11/04,Fri,17100.0,16890.0,17110.0,16800.0
2016/11/03,Thu,17085.0,16985.0,17127.5,16920.0
2016/11/02,Wed,17460.0,17100.0,17480.0,17080.0
2016/11/01,Tue,17450.0,17440.0,17490.0,17340.0
2016/10/31,Mon,17410.0,17440.0,17500.0,17320.0
2016/10/30,Sun,,,,
2016/10/29,Sat,,,,
2016/10/28,Fri,17360.0,17460.0,17490.0,17350.0
2016/10/27,Thu,17330.0,17350.0,17420.0,17270.0
2016/10/26,Wed,17380.0,17360.0,17430.0,17290.0
2016/10/25,Tue,17270.0,17380.0,17390.0,17270.0
2016/10/24,Mon,17210.0,17250.0,17260.0,17120.0
2016/10/23,Sun,,,,
2016/10/22,Sat,,,,
2016/10/21,Fri,17170.0,17220.0,17300.0,17150.0
2016/10/20,Thu,16940.0,17180.0,17230.0,16930.0
2016/10/19,Wed,16960.0,16990.0,17020.0,16920.0
2016/10/18,Tue,16840.0,16940.0,16960.0,16820.0
2016/10/17,Mon,16880.0,16880.0,16960.0,16810.0
2016/10/16,Sun,,,,
2016/10/15,Sat,,,,
2016/10/14,Fri,16740.0,16850.0,16860.0,16640.0
2016/10/13,Thu,16880.0,16790.0,16990.0,16680.0
2016/10/12,Wed,17010.0,16890.0,17030.0,16820.0
2016/10/11,Tue,16850.0,17010.0,17080.0,16730.0
2016/10/10,Mon,16795.0,16930.0,16995.0,16760.0
2016/10/09,Sun,,,,
2016/10/08,Sat,,,,
2016/10/07,Fri,16910.0,16890.0,16950.0,16810.0
2016/10/06,Thu,16790.0,16900.0,16980.0,16780.0
2016/10/05,Wed,16760.0,16820.0,16860.0,16710.0
2016/10/04,Tue,16550.0,16720.0,16740.0,16520.0
2016/10/03,Mon,16350.0,16590.0,16640.0,16310.0
2016/10/02,Sun,,,,
2016/10/01,Sat,,,,
2016/09/30,Fri,16690.0,16450.0,16700.0,16360.0
2016/09/29,Thu,16500.0,16720.0,16750.0,16420.0
2016/09/28,Wed,16490.0,16460.0,16500.0,16360.0
2016/09/27,Tue,16290.0,16540.0,16550.0,16150.0
2016/09/26,Mon,16570.0,16400.0,16610.0,16370.0
2016/09/25,Sun,,,,
2016/09/24,Sat,,,,
2016/09/23,Fri,16650.0,16570.0,16700.0,16420.0
2016/09/22,Thu,16532.5,16645.0,16825.0,16500.0
2016/09/21,Wed,16310.0,16730.0,16730.0,16220.0
2016/09/20,Tue,16340.0,16320.0,16460.0,16220.0
2016/09/19,Mon,16280.0,16280.0,16350.0,16212.5
2016/09/18,Sun,,,,
2016/09/17,Sat,,,,
2016/09/16,Fri,16270.0,16350.0,16410.0,16260.0
2016/09/15,Thu,16490.0,16260.0,16510.0,16220.0
2016/09/14,Wed,16570.0,16480.0,16620.0,16400.0
2016/09/13,Tue,16500.0,16600.0,16700.0,16390.0
2016/09/12,Mon,16840.0,16540.0,16860.0,16460.0
2016/09/11,Sun,,,,
2016/09/10,Sat,,,,
2016/09/09,Fri,16820.0,16860.0,16890.0,16740.0
2016/09/08,Thu,16990.0,16940.0,17030.0,16830.0
2016/09/07,Wed,17050.0,16990.0,17070.0,16880.0
2016/09/06,Tue,17020.0,17080.0,17103.0,17000.0
2016/09/05,Mon,16940.0,17030.0,17170.0,16860.0
2016/09/04,Sun,,,,
2016/09/03,Sat,,,,
2016/09/02,Fri,16950.0,16940.0,17070.0,16850.0
2016/09/01,Thu,16900.0,16940.0,16950.0,16810.0
2016/08/31,Wed,16770.0,16890.0,16920.0,16770.0
2016/08/30,Tue,16720.0,16740.0,16760.0,16680.0
2016/08/29,Mon,16400.0,16730.0,16780.0,16380.0
2016/08/28,Sun,,,,
2016/08/27,Sat,,,,
2016/08/26,Fri,16510.0,16400.0,16520.0,16320.0
2016/08/25,Thu,16530.0,16520.0,16650.0,16500.0
2016/08/24,Wed,16480.0,16540.0,16630.0,16470.0
2016/08/23,Tue,16580.0,16510.0,16650.0,16430.0
2016/08/22,Mon,16470.0,16570.0,16610.0,16400.0
2016/08/21,Sun,,,,
2016/08/20,Sat,,,,
2016/08/19,Fri,16520.0,16520.0,16600.0,16430.0
2016/08/18,Thu,16700.0,16500.0,16730.0,16460.0
2016/08/17,Wed,16580.0,16750.0,16750.0,16510.0
2016/08/16,Tue,16840.0,16600.0,16900.0,16560.0
2016/08/15,Mon,16910.0,16870.0,16930.0,16770.0
2016/08/14,Sun,,,,
2016/08/13,Sat,,,,
2016/08/12,Fri,16800.0,16920.0,16930.0,16650.0
2016/08/11,Thu,16617.5,16815.0,16880.0,16590.0
2016/08/10,Wed,16740.0,16770.0,16810.0,16630.0
2016/08/09,Tue,16630.0,16730.0,16760.0,16610.0
2016/08/08,Mon,16260.0,16610.0,16630.0,16170.0
2016/08/07,Sun,,,,
2016/08/06,Sat,,,,
2016/08/05,Fri,16190.0,16210.0,16340.0,16130.0
2016/08/04,Thu,16020.0,16190.0,16260.0,15880.0
2016/08/03,Wed,16310.0,16030.0,16330.0,15990.0
2016/08/02,Tue,16590.0,16340.0,16590.0,16310.0
2016/08/01,Mon,16500.0,16590.0,16660.0,16280.0
2016/07/31,Sun,,,,
2016/07/30,Sat,,,,
2016/07/29,Fri,16440.0,16610.0,16700.0,15910.0
2016/07/28,Thu,16750.0,16410.0,16770.0,16410.0
2016/07/27,Wed,16310.0,16710.0,16830.0,16230.0
2016/07/26,Tue,16620.0,16340.0,16670.0,16290.0
2016/07/25,Mon,16610.0,16610.0,16770.0,16570.0
2016/07/24,Sun,,,,
2016/07/23,Sat,,,,
2016/07/22,Fri,16800.0,16630.0,16820.0,16460.0
2016/07/21,Thu,16670.0,16810.0,16930.0,16660.0
2016/07/20,Wed,16690.0,16690.0,16690.0,16530.0
2016/07/19,Tue,16640.0,16720.0,16720.0,16490.0
2016/07/18,Mon,16540.0,16612.5,16650.0,16482.5
2016/07/17,Sun,,,,
2016/07/16,Sat,,,,
2016/07/15,Fri,16480.0,16560.0,16630.0,16390.0
2016/07/14,Thu,16290.0,16400.0,16480.0,16210.0
2016/07/13,Wed,16270.0,16230.0,16560.0,16150.0
2016/07/12,Tue,15780.0,16150.0,16230.0,15730.0
2016/07/11,Mon,15190.0,15710.0,15800.0,15100.0
2016/07/10,Sun,,,,
2016/07/09,Sat,,,,
2016/07/08,Fri,15280.0,15120.0,15380.0,15070.0
2016/07/07,Thu,15360.0,15260.0,15400.0,15090.0
2016/07/06,Wed,15520.0,15280.0,15540.0,15140.0
2016/07/05,Tue,15730.0,15600.0,15750.0,15570.0
2016/07/04,Mon,15620.0,15760.0,15780.0,15520.0
2016/07/03,Sun,,,,
2016/07/02,Sat,,,,
2016/07/01,Fri,15490.0,15670.0,15740.0,15480.0
2016/06/30,Thu,15580.0,15570.0,15760.0,15470.0
2016/06/29,Wed,15340.0,15570.0,15600.0,15340.0
2016/06/28,Tue,15360.0,15300.0,15430.0,14960.0
2016/06/27,Mon,15130.0,15360.0,15400.0,14990.0
2016/06/26,Sun,,,,
2016/06/25,Sat,,,,
2016/06/24,Fri,16190.0,14950.0,16490.0,14790.0
2016/06/23,Thu,16020.0,16170.0,16220.0,15950.0
2016/06/22,Wed,16180.0,15990.0,16230.0,15930.0
2016/06/21,Tue,15970.0,16160.0,16170.0,15710.0
2016/06/20,Mon,15540.0,15920.0,16000.0,15410.0
2016/06/19,Sun,,,,
2016/06/18,Sat,,,,
2016/06/17,Fri,15390.0,15530.0,15740.0,15220.0
2016/06/16,Thu,15920.0,15370.0,15980.0,15340.0
2016/06/15,Wed,15720.0,15900.0,15970.0,15640.0
2016/06/14,Tue,16040.0,15780.0,16080.0,15710.0
2016/06/13,Mon,16410.0,15970.0,16450.0,15950.0
2016/06/12,Sun,,,,
2016/06/11,Sat,,,,
2016/06/10,Fri,16530.0,16530.0,16610.0,16450.0
2016/06/09,Thu,16820.0,16630.0,16860.0,16580.0
2016/06/08,Wed,16750.0,16850.0,16850.0,16570.0
2016/06/07,Tue,16600.0,16700.0,16700.0,16470.0
2016/06/06,Mon,16630.0,16560.0,16700.0,16250.0
2016/06/05,Sun,,,,
2016/06/04,Sat,,,,
2016/06/03,Fri,16590.0,16660.0,16710.0,16440.0
2016/06/02,Thu,16930.0,16590.0,17040.0,16520.0
2016/06/01,Wed,17200.0,16970.0,17240.0,16900.0
2016/05/31,Tue,17080.0,17230.0,17260.0,16980.0
2016/05/30,Mon,16800.0,17080.0,17080.0,16760.0
2016/05/29,Sun,,,,
2016/05/28,Sat,,,,
2016/05/27,Fri,16860.0,16820.0,16910.0,16790.0
2016/05/26,Thu,16770.0,16790.0,17000.0,16730.0
2016/05/25,Wed,16530.0,16770.0,16820.0,16520.0
2016/05/24,Tue,16570.0,16480.0,16670.0,16460.0
2016/05/23,Mon,16740.0,16650.0,16810.0,16410.0
2016/05/22,Sun,,,,
2016/05/21,Sat,,,,
2016/05/20,Fri,16540.0,16740.0,16780.0,16480.0
2016/05/19,Thu,16670.0,16640.0,16840.0,16590.0
2016/05/18,Wed,16760.0,16590.0,16800.0,16500.0
2016/05/17,Tue,16470.0,16700.0,16700.0,16450.0
2016/05/16,Mon,16330.0,16520.0,16670.0,16320.0
2016/05/15,Sun,,,,
2016/05/14,Sat,,,,
2016/05/13,Fri,16630.0,16340.0,16790.0,16340.0
2016/05/12,Thu,16560.0,16710.0,16720.0,16360.0
2016/05/11,Wed,16590.0,16580.0,16820.0,16520.0
2016/05/10,Tue,16150.0,16580.0,16590.0,16140.0
2016/05/09,Mon,16010.0,16220.0,16290.0,15840.0
2016/05/08,Sun,,,,
2016/05/07,Sat,,,,
2016/05/06,Fri,16090.0,16080.0,16270.0,15980.0
2016/05/05,Thu,15935.0,16190.0,16190.0,15915.0
2016/05/04,Wed,16042.5,15937.5,16087.5,15820.0
2016/05/03,Tue,16095.0,16030.0,16095.0,15830.0
2016/05/02,Mon,16500.0,16140.0,16620.0,15940.0
2016/05/01,Sun,,,,
2016/04/30,Sat,,,,
2016/04/29,Fri,16342.5,15850.0,16342.5,15845.0
2016/04/28,Thu,17290.0,16500.0,17580.0,16500.0
2016/04/27,Wed,17310.0,17270.0,17490.0,17230.0
2016/04/26,Tue,17430.0,17300.0,17520.0,17190.0
2016/04/25,Mon,17610.0,17450.0,17740.0,17400.0
2016/04/24,Sun,,,,
2016/04/23,Sat,,,,
2016/04/22,Fri,17340.0,17570.0,17580.0,17190.0
2016/04/21,Thu,16890.0,17410.0,17410.0,16880.0
2016/04/20,Wed,16900.0,16870.0,17150.0,16840.0
2016/04/19,Tue,16320.0,16870.0,16900.0,16310.0
2016/04/18,Mon,16740.0,16320.0,16750.0,16230.0
2016/04/17,Sun,,,,
2016/04/16,Sat,,,,
2016/04/15,Fri,16820.0,16760.0,16930.0,16700.0
2016/04/14,Thu,16410.0,16900.0,16920.0,16400.0
2016/04/13,Wed,15890.0,16420.0,16420.0,15880.0
2016/04/12,Tue,15700.0,15930.0,15980.0,15670.0
2016/04/11,Mon,15860.0,15740.0,15980.0,15510.0
2016/04/10,Sun,,,,
2016/04/09,Sat,,,,
2016/04/08,Fri,15670.0,15830.0,16030.0,15330.0
2016/04/07,Thu,15710.0,15730.0,15870.0,15550.0
2016/04/06,Wed,15640.0,15740.0,15820.0,15530.0
2016/04/05,Tue,16100.0,15730.0,16180.0,15680.0
2016/04/04,Mon,16190.0,16050.0,16310.0,16020.0
2016/04/03,Sun,,,,
2016/04/02,Sat,,,,
2016/04/01,Fri,16760.0,16180.0,16820.0,16090.0
2016/03/31,Thu,16950.0,16760.0,17060.0,16720.0
2016/03/30,Wed,17090.0,16940.0,17100.0,16850.0
2016/03/29,Tue,16970.0,17100.0,17140.0,16910.0
2016/03/28,Mon,16850.0,16970.0,17040.0,16820.0
2016/03/27,Sun,,,,
2016/03/26,Sat,,,,
2016/03/25,Fri,16740.0,16870.0,16900.0,16590.0
2016/03/24,Thu,16850.0,16720.0,16950.0,16700.0
2016/03/23,Wed,16830.0,16810.0,17010.0,16670.0
2016/03/22,Tue,16490.0,16910.0,16980.0,16440.0
2016/03/21,Mon,16610.0,16835.0,16845.0,16510.0
2016/03/20,Sun,,,,
2016/03/19,Sat,,,,
2016/03/18,Fri,16770.0,16510.0,16790.0,16430.0
2016/03/17,Thu,16840.0,16820.0,17120.0,16670.0
2016/03/16,Wed,16920.0,16810.0,16970.0,16740.0
2016/03/15,Tue,17140.0,16960.0,17170.0,16900.0
2016/03/14,Mon,16920.0,17110.0,17170.0,16880.0
2016/03/13,Sun,,,,
2016/03/12,Sat,,,,
2016/03/11,Fri,16680.0,16850.0,17040.0,16320.0
2016/03/10,Thu,16640.0,16850.0,16890.0,16580.0
2016/03/09,Wed,16730.0,16630.0,16790.0,16490.0
2016/03/08,Tue,16920.0,16800.0,16980.0,16570.0
2016/03/07,Mon,17020.0,16950.0,17160.0,16870.0
2016/03/06,Sun,,,,
2016/03/05,Sat,,,,
2016/03/04,Fri,16950.0,17000.0,17050.0,16770.0
2016/03/03,Thu,16770.0,16990.0,16990.0,16670.0
2016/03/02,Wed,16130.0,16740.0,16820.0,16130.0
2016/03/01,Tue,16010.0,16100.0,16150.0,15850.0
2016/02/29,Mon,16300.0,15930.0,16540.0,15930.0
2016/02/28,Sun,,,,
2016/02/27,Sat,,,,
2016/02/26,Fri,15960.0,16260.0,16470.0,15910.0
2016/02/25,Thu,16010.0,16130.0,16220.0,15520.0
2016/02/24,Wed,16040.0,15860.0,16060.0,15730.0
2016/02/23,Tue,16070.0,16100.0,16340.0,15990.0
2016/02/22,Mon,15950.0,16070.0,16180.0,15740.0
2016/02/21,Sun,,,,
2016/02/20,Sat,,,,
2016/02/19,Fri,16190.0,15980.0,16280.0,15780.0
2016/02/18,Thu,15660.0,16240.0,16330.0,15630.0
2016/02/17,Wed,16010.0,15740.0,16200.0,15600.0
2016/02/16,Tue,15910.0,16040.0,16340.0,15750.0
2016/02/15,Mon,14890.0,15940.0,16160.0,14850.0
2016/02/14,Sun,,,,
2016/02/13,Sat,,,,
2016/02/12,Fri,15800.0,14800.0,16110.0,14800.0
2016/02/11,Thu,15535.0,15155.0,15615.0,15018.0
2016/02/10,Wed,16140.0,15670.0,16340.0,15410.0
2016/02/09,Tue,16970.0,16060.0,17010.0,16010.0
2016/02/08,Mon,16730.0,17000.0,17090.0,16510.0
2016/02/07,Sun,,,,
2016/02/06,Sat,,,,
2016/02/05,Fri,17080.0,16720.0,17100.0,16600.0
2016/02/04,Thu,17230.0,17070.0,17330.0,16660.0
2016/02/03,Wed,17820.0,17160.0,17850.0,17060.0
2016/02/02,Tue,17830.0,17780.0,17870.0,17600.0
2016/02/01,Mon,17600.0,17870.0,17900.0,17490.0
2016/01/31,Sun,,,,
2016/01/30,Sat,,,,
2016/01/29,Fri,17110.0,17640.0,17850.0,16740.0
2016/01/28,Thu,17160.0,17060.0,17390.0,16920.0
2016/01/27,Wed,16590.0,17170.0,17250.0,16530.0
2016/01/26,Tue,17120.0,16660.0,17120.0,16630.0
2016/01/25,Mon,16910.0,17180.0,17210.0,16740.0
2016/01/24,Sun,,,,
2016/01/23,Sat,,,,
2016/01/22,Fri,15950.0,16870.0,16990.0,15780.0
2016/01/21,Thu,16330.0,16000.0,16780.0,15930.0
2016/01/20,Wed,17150.0,16320.0,17290.0,16300.0
2016/01/19,Tue,16890.0,17060.0,17090.0,16750.0
2016/01/18,Mon,17080.0,16860.0,17160.0,16570.0
2016/01/17,Sun,,,,
2016/01/16,Sat,,,,
2016/01/15,Fri,17350.0,17150.0,17610.0,17040.0
2016/01/14,Thu,17600.0,17310.0,17710.0,16910.0
2016/01/13,Wed,17130.0,17700.0,17740.0,17110.0
2016/01/12,Tue,17750.0,17090.0,17870.0,17090.0
2016/01/11,Mon,17130.5,17417.5,17555.5,17127.5
2016/01/10,Sun,,,,
2016/01/09,Sat,,,,
2016/01/08,Fri,17710.0,17690.0,17980.0,17460.0
2016/01/07,Thu,18180.0,17660.0,18190.0,17660.0
2016/01/06,Wed,18440.0,18180.0,18460.0,17980.0
2016/01/05,Tue,18340.0,18360.0,18550.0,18080.0
2016/01/04,Mon,19010.0,18380.0,19030.0,18370.0
2016/01/03,Sun,,,,
2016/01/02,Sat,,,,
2016/01/01,Fri,,,,
2015/12/31,Thu,18885.5,18765.0,18918.0,18718.0
2015/12/30,Wed,18990.0,19030.0,19110.0,18970.0
2015/12/29,Tue,18910.0,18980.0,18990.0,18780.0
2015/12/28,Mon,18730.0,18900.0,18920.0,18730.0
2015/12/27,Sun,,,,
2015/12/26,Sat,,,,
2015/12/25,Fri,18800.0,18720.0,18860.0,18700.0
2015/12/24,Thu,18870.0,18810.0,19070.0,18670.0
2015/12/23,Wed,18887.5,19062.5,19087.5,18818.0
2015/12/22,Tue,18850.0,18870.0,18920.0,18690.0
2015/12/21,Mon,19000.0,18840.0,19010.0,18610.0
2015/12/20,Sun,,,,
2015/12/19,Sat,,,,
2015/12/18,Fri,19350.0,18950.0,19880.0,18940.0
2015/12/17,Thu,19070.0,19340.0,19490.0,19050.0
2015/12/16,Wed,18600.0,19090.0,19090.0,18490.0
2015/12/15,Tue,18920.0,18550.0,18960.0,18510.0
2015/12/14,Mon,19190.0,18840.0,19200.0,18560.0
2015/12/13,Sun,,,,
2015/12/12,Sat,,,,
2015/12/11,Fri,19020.0,19210.0,19260.0,18950.0
2015/12/10,Thu,19350.0,19020.0,19370.0,18950.0
2015/12/09,Wed,19510.0,19300.0,19520.0,19250.0
2015/12/08,Tue,19760.0,19490.0,19810.0,19440.0
2015/12/07,Mon,19500.0,19750.0,19820.0,19390.0
2015/12/06,Sun,,,,
2015/12/05,Sat,,,,
2015/12/04,Fri,19920.0,19460.0,19980.0,19430.0
2015/12/03,Thu,19960.0,19940.0,20000.0,19860.0
2015/12/02,Wed,20010.0,19950.0,20020.0,19920.0
2015/12/01,Tue,19780.0,20020.0,20040.0,19730.0
2015/11/30,Mon,19830.0,19750.0,19890.0,19700.0
2015/11/29,Sun,,,,
2015/11/28,Sat,,,,
2015/11/27,Fri,19960.0,19860.0,20020.0,19830.0
2015/11/26,Thu,19850.0,19940.0,20000.0,19810.0
2015/11/25,Wed,19970.0,19850.0,19990.0,19760.0
2015/11/24,Tue,19890.0,19960.0,19970.0,19830.0
2015/11/23,Mon,19947.5,19897.5,20033.0,19807.5
2015/11/22,Sun,,,,
2015/11/21,Sat,,,,
2015/11/20,Fri,19900.0,19890.0,19930.0,19720.0
2015/11/19,Thu,19710.0,19880.0,19970.0,19670.0
2015/11/18,Wed,19660.0,19690.0,19850.0,19630.0
2015/11/17,Tue,19440.0,19680.0,19740.0,19440.0
2015/11/16,Mon,19600.0,19410.0,19620.0,19240.0
2015/11/15,Sun,,,,
2015/11/14,Sat,,,,
2015/11/13,Fri,19700.0,19630.0,19720.0,19380.0
2015/11/12,Thu,19740.0,19680.0,19790.0,19600.0
2015/11/11,Wed,19700.0,19740.0,19780.0,19560.0
2015/11/10,Tue,19640.0,19700.0,19700.0,19390.0
2015/11/09,Mon,19270.0,19620.0,19700.0,19220.0
2015/11/08,Sun,,,,
2015/11/07,Sat,,,,
2015/11/06,Fri,19150.0,19260.0,19350.0,19110.0
2015/11/05,Thu,18930.0,19140.0,19190.0,18920.0
2015/11/04,Wed,18720.0,18900.0,19190.0,18710.0
2015/11/03,Tue,19010.5,19030.0,19117.5,18927.5
2015/11/02,Mon,19060.0,18740.0,19090.0,18640.0
2015/11/01,Sun,,,,
2015/10/31,Sat,,,,
2015/10/30,Fri,18920.0,19090.0,19220.0,18720.0
2015/10/29,Thu,18920.0,18900.0,19100.0,18810.0
2015/10/28,Wed,18840.0,18930.0,18940.0,18760.0
2015/10/27,Tue,18920.0,18840.0,19040.0,18760.0
2015/10/26,Mon,18810.0,18940.0,19140.0,18750.0
2015/10/25,Sun,,,,
2015/10/24,Sat,,,,
2015/10/23,Fri,18480.0,18800.0,18930.0,18450.0
2015/10/22,Thu,18460.0,18450.0,18600.0,18380.0
2015/10/21,Wed,18260.0,18540.0,18620.0,18170.0
2015/10/20,Tue,18220.0,18210.0,18270.0,18130.0
2015/10/19,Mon,18310.0,18130.0,18380.0,18080.0
2015/10/18,Sun,,,,
2015/10/17,Sat,,,,
2015/10/16,Fri,17990.0,18290.0,18410.0,17970.0
2015/10/15,Thu,17890.0,18100.0,18190.0,17750.0
2015/10/14,Wed,18170.0,17940.0,18240.0,17830.0
2015/10/13,Tue,18380.0,18210.0,18410.0,18210.0
2015/10/12,Mon,18257.5,18327.5,18435.0,18213.0
2015/10/11,Sun,,,,
2015/10/10,Sat,,,,
2015/10/09,Fri,18030.0,18420.0,18450.0,18020.0
2015/10/08,Thu,18350.0,18100.0,18470.0,18100.0
2015/10/07,Wed,18140.0,18380.0,18390.0,17990.0
2015/10/06,Tue,18030.0,18170.0,18410.0,18020.0
2015/10/05,Mon,17730.0,18070.0,18080.0,17240.0
2015/10/04,Sun,,,,
2015/10/03,Sat,,,,
2015/10/02,Fri,17750.0,17670.0,17780.0,17440.0
2015/10/01,Thu,17410.0,17690.0,17860.0,17260.0
2015/09/30,Wed,17100.0,17390.0,17470.0,17030.0
2015/09/29,Tue,17720.0,16940.0,17770.0,16890.0
2015/09/28,Mon,17810.0,17690.0,18020.0,17550.0
2015/09/27,Sun,,,,
2015/09/26,Sat,,,,
2015/09/25,Fri,17480.0,17770.0,17770.0,17060.0
2015/09/24,Thu,17960.0,17450.0,18030.0,17450.0
2015/09/23,Wed,17500.5,17595.0,17732.5,17338.0
2015/09/22,Tue,17992.5,17500.0,18010.0,17412.5
2015/09/21,Mon,17800.0,17995.0,18015.0,17653.0
2015/09/20,Sun,,,,
2015/09/19,Sat,,,,
2015/09/18,Fri,18310.0,18000.0,18380.0,17920.0
2015/09/17,Thu,18210.0,18360.0,18380.0,18140.0
2015/09/16,Wed,17860.0,18140.0,18190.0,17710.0
2015/09/15,Tue,17890.0,17880.0,18220.0,17760.0
2015/09/14,Mon,18070.0,17820.0,18230.0,17790.0
2015/09/13,Sun,,,,
2015/09/12,Sat,,,,
2015/09/11,Fri,18220.0,18170.0,18290.0,17970.0
2015/09/10,Thu,18710.0,18270.0,18720.0,17940.0
2015/09/09,Wed,17710.0,18580.0,18750.0,17700.0
2015/09/08,Tue,17860.0,17460.0,17980.0,17380.0
2015/09/07,Mon,17730.0,17870.0,18020.0,17470.0
2015/09/06,Sun,,,,
2015/09/05,Sat,,,,
2015/09/04,Fri,18250.0,17760.0,18420.0,17590.0
2015/09/03,Thu,18200.0,18230.0,18490.0,18010.0
2015/09/02,Wed,18160.0,18250.0,18480.0,17770.0
2015/09/01,Tue,18880.0,18110.0,18960.0,18070.0
2015/08/31,Mon,19110.0,18840.0,19190.0,18740.0
2015/08/30,Sun,,,,
2015/08/29,Sat,,,,
2015/08/28,Fri,18740.0,19180.0,19200.0,18700.0
2015/08/27,Thu,18270.0,18570.0,18800.0,18120.0
2015/08/26,Wed,17990.0,18440.0,18550.0,17660.0
2015/08/25,Tue,18410.0,17670.0,18850.0,17160.0
2015/08/24,Mon,19460.0,18410.0,19660.0,18410.0
2015/08/23,Sun,,,,
2015/08/22,Sat,,,,
2015/08/21,Fri,20060.0,19430.0,20070.0,19420.0
2015/08/20,Thu,20220.0,20040.0,20340.0,20020.0
2015/08/19,Wed,20570.0,20230.0,20570.0,20160.0
2015/08/18,Tue,20650.0,20560.0,20660.0,20530.0
2015/08/17,Mon,20530.0,20630.0,20670.0,20480.0
2015/08/16,Sun,,,,
2015/08/15,Sat,,,,
2015/08/14,Fri,20640.0,20510.0,20650.0,20460.0
2015/08/13,Thu,20310.0,20630.0,20660.0,20040.0
2015/08/12,Wed,20690.0,20340.0,20710.0,20280.0
2015/08/11,Tue,20780.0,20670.0,20940.0,20560.0
2015/08/10,Mon,20680.0,20790.0,20810.0,20580.0
2015/08/09,Sun,,,,
2015/08/08,Sat,,,,
2015/08/07,Fri,20730.0,20710.0,20750.0,20560.0
2015/08/06,Thu,20620.0,20650.0,20820.0,20620.0
2015/08/05,Wed,20440.0,20600.0,20720.0,20420.0
2015/08/04,Tue,20500.0,20450.0,20560.0,20420.0
2015/08/03,Mon,20590.0,20500.0,20600.0,20380.0
2015/08/02,Sun,,,,
2015/08/01,Sat,,,,
2015/07/31,Fri,20560.0,20570.0,20590.0,20460.0
2015/07/30,Thu,20340.0,20560.0,20580.0,20280.0
2015/07/29,Wed,20290.0,20300.0,20390.0,20180.0
2015/07/28,Tue,20250.0,20300.0,20430.0,20050.0
2015/07/27,Mon,20560.0,20350.0,20590.0,20270.0
2015/07/26,Sun,,,,
2015/07/25,Sat,,,,
2015/07/24,Fri,20640.0,20520.0,20670.0,20520.0
2015/07/23,Thu,20560.0,20670.0,20700.0,20520.0
2015/07/22,Wed,20820.0,20560.0,20830.0,20540.0
2015/07/21,Tue,20650.0,20840.0,20850.0,20630.0
2015/07/20,Mon,20720.5,20762.5,20812.5,20673.0
2015/07/19,Sun,,,,
2015/07/18,Sat,,,,
2015/07/17,Fri,20590.0,20640.0,20700.0,20590.0
2015/07/16,Thu,20460.0,20560.0,20620.0,20450.0
2015/07/15,Wed,20410.0,20450.0,20500.0,20360.0
2015/07/14,Tue,20270.0,20430.0,20440.0,20240.0
2015/07/13,Mon,19880.0,20090.0,20130.0,19830.0
2015/07/12,Sun,,,,
2015/07/11,Sat,,,,
2015/07/10,Fri,19850.0,19860.0,19980.0,19640.0
2015/07/09,Thu,19640.0,19860.0,19900.0,19100.0
2015/07/08,Wed,20450.0,19660.0,20460.0,19650.0
2015/07/07,Tue,20230.0,20420.0,20440.0,20180.0
2015/07/06,Mon,20560.0,20200.0,20560.0,20000.0
2015/07/05,Sun,,,,
2015/07/04,Sat,,,,
2015/07/03,Fri,20550.0,20540.0,20570.0,20430.0
2015/07/02,Thu,20420.0,20540.0,20620.0,20400.0
2015/07/01,Wed,20230.0,20400.0,20400.0,20170.0
2015/06/30,Tue,20200.0,20230.0,20320.0,20110.0
2015/06/29,Mon,20700.0,20110.0,20890.0,20080.0
2015/06/28,Sun,,,,
2015/06/27,Sat,,,,
2015/06/26,Fri,20780.0,20760.0,20850.0,20650.0
2015/06/25,Thu,20850.0,20760.0,20860.0,20690.0
2015/06/24,Wed,20840.0,20820.0,20950.0,20800.0
2015/06/23,Tue,20480.0,20830.0,20830.0,20460.0
2015/06/22,Mon,20160.0,20450.0,20450.0,20100.0
2015/06/21,Sun,,,,
2015/06/20,Sat,,,,
2015/06/19,Fri,19970.0,20170.0,20200.0,19870.0
2015/06/18,Thu,20240.0,19960.0,20280.0,19960.0
2015/06/17,Wed,20200.0,20240.0,20310.0,20110.0
2015/06/16,Tue,20360.0,20230.0,20370.0,20220.0
2015/06/15,Mon,20400.0,20340.0,20420.0,20200.0
2015/06/14,Sun,,,,
2015/06/13,Sat,,,,
2015/06/12,Fri,20450.0,20390.0,20540.0,20320.0
2015/06/11,Thu,20090.0,20450.0,20450.0,20040.0
2015/06/10,Wed,20120.0,20110.0,20260.0,19920.0
2015/06/09,Tue,20420.0,20050.0,20440.0,20050.0
2015/06/08,Mon,20500.0,20450.0,20620.0,20360.0
2015/06/07,Sun,,,,
2015/06/06,Sat,,,,
2015/06/05,Fri,20480.0,20460.0,20500.0,20360.0
2015/06/04,Thu,20470.0,20500.0,20580.0,20430.0
2015/06/03,Wed,20530.0,20490.0,20540.0,20390.0
2015/06/02,Tue,20580.0,20540.0,20630.0,20470.0
2015/06/01,Mon,20520.0,20570.0,20610.0,20380.0
2015/05/31,Sun,,,,
2015/05/30,Sat,,,,
2015/05/29,Fri,20510.0,20560.0,20650.0,20450.0
2015/05/28,Thu,20530.0,20570.0,20670.0,20470.0
2015/05/27,Wed,20520.0,20480.0,20550.0,20320.0
2015/05/26,Tue,20430.0,20470.0,20480.0,20380.0
2015/05/25,Mon,20280.0,20430.0,20430.0,20260.0
2015/05/24,Sun,,,,
2015/05/23,Sat,,,,
2015/05/22,Fri,20180.0,20280.0,20290.0,20130.0
2015/05/21,Thu,20240.0,20180.0,20330.0,20160.0
2015/05/20,Wed,20070.0,20230.0,20290.0,20060.0
2015/05/19,Tue,19900.0,20030.0,20100.0,19850.0
2015/05/18,Mon,19770.0,19890.0,19910.0,19690.0
2015/05/17,Sun,,,,
2015/05/16,Sat,,,,
2015/05/15,Fri,19490.0,19760.0,19760.0,19470.0
2015/05/14,Thu,19770.0,19550.0,19850.0,19550.0
2015/05/13,Wed,19590.0,19780.0,19810.0,19450.0
2015/05/12,Tue,19650.0,19670.0,19670.0,19470.0
2015/05/11,Mon,19400.0,19640.0,19690.0,19360.0
2015/05/10,Sun,,,,
2015/05/09,Sat,,,,
2015/05/08,Fri,19190.0,19380.0,19470.0,19040.0
2015/05/07,Thu,19560.0,19240.0,19690.0,19240.0
2015/05/06,Wed,19412.5,19367.5,19458.0,19172.5
2015/05/05,Tue,19747.5,19397.5,19793.0,19322.5
2015/05/04,Mon,19657.5,19742.5,19800.5,19598.0
2015/05/03,Sun,,,,
2015/05/02,Sat,,,,
2015/05/01,Fri,19510.0,19540.0,19600.0,19380.0
2015/04/30,Thu,20020.0,19510.0,20040.0,19490.0
2015/04/29,Wed,19982.5,19807.5,20002.5,19643.0
2015/04/28,Tue,20030.0,20040.0,20160.0,19990.0
2015/04/27,Mon,20040.0,20000.0,20140.0,19920.0
2015/04/26,Sun,,,,
2015/04/25,Sat,,,,
2015/04/24,Fri,20150.0,20050.0,20170.0,20020.0
2015/04/23,Thu,20190.0,20170.0,20280.0,20090.0
2015/04/22,Wed,20020.0,20160.0,20170.0,19990.0
2015/04/21,Tue,19670.0,19970.0,19970.0,19620.0
2015/04/20,Mon,19690.0,19600.0,19740.0,19480.0
2015/04/19,Sun,,,,
2015/04/18,Sat,,,,
2015/04/17,Fri,19870.0,19690.0,19870.0,19650.0
2015/04/16,Thu,19870.0,19880.0,19920.0,19760.0
2015/04/15,Wed,19940.0,19870.0,19970.0,19790.0
2015/04/14,Tue,19910.0,19910.0,19980.0,19840.0
2015/04/13,Mon,19970.0,19930.0,20000.0,19840.0
2015/04/12,Sun,,,,
2015/04/11,Sat,,,,
2015/04/10,Fri,19910.0,19970.0,20030.0,19850.0
2015/04/09,Thu,19790.0,19920.0,19980.0,19790.0
2015/04/08,Wed,19700.0,19820.0,19870.0,19680.0
2015/04/07,Tue,19410.0,19680.0,19690.0,19400.0
2015/04/06,Mon,19460.0,19390.0,19550.0,19250.0
2015/04/05,Sun,,,,
2015/04/04,Sat,,,,
2015/04/03,Fri,19300.0,19480.0,19480.0,19280.0
2015/04/02,Thu,19080.0,19350.0,19450.0,19040.0
2015/04/01,Wed,19330.0,19120.0,19380.0,18940.0
2015/03/31,Tue,19500.0,19210.0,19630.0,19220.0
2015/03/30,Mon,19280.0,19430.0,19500.0,19220.0
2015/03/29,Sun,,,,
2015/03/28,Sat,,,,
2015/03/27,Fri,19240.0,19320.0,19620.0,19030.0
2015/03/26,Thu,19650.0,19290.0,19660.0,19290.0
2015/03/25,Wed,19640.0,19650.0,19730.0,19450.0
2015/03/24,Tue,19690.0,19640.0,19690.0,19550.0
2015/03/23,Mon,19480.0,19690.0,19700.0,19470.0
2015/03/22,Sun,,,,
2015/03/21,Sat,,,,
2015/03/20,Fri,19430.0,19500.0,19520.0,19320.0
2015/03/19,Thu,19480.0,19440.0,19490.0,19220.0
2015/03/18,Wed,19400.0,19480.0,19480.0,19270.0
2015/03/17,Tue,19250.0,19400.0,19400.0,19240.0
2015/03/16,Mon,19230.0,19250.0,19280.0,19140.0
2015/03/15,Sun,,,,
2015/03/14,Sat,,,,
2015/03/13,Fri,18930.0,19200.0,19250.0,18820.0
2015/03/12,Thu,18650.0,19010.0,19010.0,18610.0
2015/03/11,Wed,18650.0,18650.0,18840.0,18500.0
2015/03/10,Tue,18820.0,18670.0,18920.0,18570.0
2015/03/09,Mon,18990.0,18790.0,19090.0,18740.0
2015/03/08,Sun,,,,
2015/03/07,Sat,,,,
2015/03/06,Fri,18780.0,18990.0,18990.0,18770.0
2015/03/05,Thu,18660.0,18760.0,18780.0,18570.0
2015/03/04,Wed,18820.0,18650.0,18830.0,18590.0
2015/03/03,Tue,18840.0,18820.0,18910.0,18730.0
2015/03/02,Mon,18840.0,18860.0,18990.0,18770.0
2015/03/01,Sun,,,,
2015/02/28,Sat,,,,
2015/02/27,Fri,18820.0,18820.0,18920.0,18710.0
2015/02/26,Thu,18620.0,18800.0,18810.0,18550.0
2015/02/25,Wed,18620.0,18630.0,18700.0,18550.0
2015/02/24,Tue,18470.0,18620.0,18630.0,18430.0
2015/02/23,Mon,18350.0,18460.0,18520.0,18270.0
2015/02/22,Sun,,,,
2015/02/21,Sat,,,,
2015/02/20,Fri,18280.0,18360.0,18390.0,18210.0
2015/02/19,Thu,18200.0,18260.0,18340.0,18200.0
2015/02/18,Wed,17990.0,18180.0,18210.0,17960.0
2015/02/17,Tue,18020.0,18000.0,18020.0,17890.0
2015/02/16,Mon,18000.0,17990.0,18090.0,17970.0
2015/02/15,Sun,,,,
2015/02/14,Sat,,,,
2015/02/13,Fri,17880.0,17960.0,17970.0,17700.0
2015/02/12,Thu,17660.0,17870.0,18000.0,17610.0
2015/02/11,Wed,17852.5,17952.5,18077.5,17787.5
2015/02/10,Tue,17720.0,17640.0,17730.0,17540.0
2015/02/09,Mon,17640.0,17690.0,17920.0,17610.0
2015/02/08,Sun,,,,
2015/02/07,Sat,,,,
2015/02/06,Fri,17500.0,17660.0,17710.0,17490.0
2015/02/05,Thu,17650.0,17480.0,17720.0,17470.0
2015/02/04,Wed,17360.0,17660.0,17750.0,17330.0
2015/02/03,Tue,17560.0,17330.0,17660.0,17260.0
2015/02/02,Mon,17670.0,17530.0,17690.0,17460.0
2015/02/01,Sun,,,,
2015/01/31,Sat,,,,
2015/01/30,Fri,17670.0,17670.0,17810.0,17600.0
2015/01/29,Thu,17850.0,17610.0,17880.0,17570.0
2015/01/28,Wed,17680.0,17850.0,17850.0,17480.0
2015/01/27,Tue,17490.0,17700.0,17770.0,17460.0
2015/01/26,Mon,17530.0,17440.0,17590.0,17280.0
2015/01/25,Sun,,,,
2015/01/24,Sat,,,,
2015/01/23,Fri,17340.0,17510.0,17550.0,17140.0
2015/01/22,Thu,17210.0,17360.0,17360.0,17080.0
2015/01/21,Wed,17440.0,17210.0,17480.0,17180.0
2015/01/20,Tue,16990.0,17390.0,17390.0,16970.0
2015/01/19,Mon,16790.0,17040.0,17050.0,16690.0
2015/01/18,Sun,,,,
2015/01/17,Sat,,,,
2015/01/16,Fri,17160.0,16800.0,17200.0,16540.0
2015/01/15,Thu,16710.0,17160.0,17160.0,16530.0
2015/01/14,Wed,17020.0,16760.0,17220.0,16760.0
2015/01/13,Tue,17200.0,17090.0,17280.0,16820.0
2015/01/12,Mon,16902.5,16950.5,17077.5,16742.5
2015/01/11,Sun,,,,
2015/01/10,Sat,,,,
2015/01/09,Fri,17290.0,17210.0,17390.0,17130.0
2015/01/08,Thu,16980.0,17250.0,17250.0,16920.0
2015/01/07,Wed,16870.0,16960.0,17010.0,16550.0
2015/01/06,Tue,17340.0,16900.0,17350.0,16850.0
2015/01/05,Mon,17360.0,17380.0,17550.0,17200.0
2015/01/04,Sun,,,,
2015/01/03,Sat,,,,
2015/01/02,Fri,17402.5,17397.5,17582.5,17310.5
2015/01/01,Thu,17302.5,17412.5,17452.5,17282.5
2014/12/31,Wed,17347.5,17302.5,17412.5,17253.0
2014/12/30,Tue,17720.0,17450.0,17760.0,17350.0
2014/12/29,Mon,17890.0,17720.0,17940.0,17520.0
2014/12/28,Sun,,,,
2014/12/27,Sat,,,,
2014/12/26,Fri,17760.0,17860.0,17860.0,17700.0
2014/12/25,Thu,17810.0,17750.0,17850.0,17740.0
2014/12/24,Wed,17590.0,17790.0,17880.0,17590.0
2014/12/23,Tue,17755.5,17842.5,17917.5,17708.0
2014/12/22,Mon,17670.0,17600.0,17750.0,17560.0
2014/12/21,Sun,,,,
2014/12/20,Sat,,,,
2014/12/19,Fri,17330.0,17670.0,17670.0,17330.0
2014/12/18,Thu,16840.0,17260.0,17280.0,16810.0
2014/12/17,Wed,16770.0,16810.0,16890.0,16440.0
2014/12/16,Tue,16980.0,16730.0,17130.0,16610.0
2014/12/15,Mon,17350.0,17020.0,17390.0,17020.0
2014/12/14,Sun,,,,
2014/12/13,Sat,,,,
2014/12/12,Fri,17240.0,17380.0,17540.0,17170.0
2014/12/11,Thu,17490.0,17210.0,17530.0,17030.0
2014/12/10,Wed,17750.0,17470.0,17760.0,17300.0
2014/12/09,Tue,17980.0,17790.0,17980.0,17770.0
2014/12/08,Mon,17950.0,17970.0,18110.0,17860.0
2014/12/07,Sun,,,,
2014/12/06,Sat,,,,
2014/12/05,Fri,17890.0,17940.0,17950.0,17730.0
2014/12/04,Thu,17740.0,17880.0,17920.0,17720.0
2014/12/03,Wed,17750.0,17750.0,17890.0,17690.0
2014/12/02,Tue,17530.0,17690.0,17700.0,17400.0
2014/12/01,Mon,17460.0,17570.0,17660.0,17390.0
2014/11/30,Sun,,,,
2014/11/29,Sat,,,,
2014/11/28,Fri,17230.0,17450.0,17480.0,17180.0
2014/11/27,Thu,17380.0,17250.0,17410.0,17210.0
2014/11/26,Wed,17440.0,17380.0,17480.0,17330.0
2014/11/25,Tue,17380.0,17430.0,17550.0,17310.0
2014/11/24,Mon,17347.5,17505.5,17575.5,17308.0
2014/11/23,Sun,,,,
2014/11/22,Sat,,,,
2014/11/21,Fri,17350.0,17380.0,17400.0,17100.0
2014/11/20,Thu,17380.0,17320.0,17420.0,17270.0
2014/11/19,Wed,17360.0,17370.0,17480.0,17220.0
2014/11/18,Tue,17040.0,17360.0,17370.0,17020.0
2014/11/17,Mon,17520.0,17040.0,17520.0,16890.0
2014/11/16,Sun,,,,
2014/11/15,Sat,,,,
2014/11/14,Fri,17470.0,17450.0,17520.0,17300.0
2014/11/13,Thu,17160.0,17420.0,17420.0,17050.0
2014/11/12,Wed,17150.0,17160.0,17470.0,17130.0
2014/11/11,Tue,16780.0,17090.0,17180.0,16700.0
2014/11/10,Mon,16890.0,16790.0,16920.0,16670.0
2014/11/09,Sun,,,,
2014/11/08,Sat,,,,
2014/11/07,Fri,16830.0,16940.0,16960.0,16740.0
2014/11/06,Thu,17040.0,16820.0,17130.0,16730.0
2014/11/05,Wed,16870.0,16990.0,17020.0,16660.0
2014/11/04,Tue,16520.0,16710.0,17200.0,16520.0
2014/11/03,Mon,17047.5,17167.5,17437.5,16937.5
2014/11/02,Sun,,,,
2014/11/01,Sat,,,,
2014/10/31,Fri,15700.0,16490.0,16560.0,15570.0
2014/10/30,Thu,15560.0,15670.0,15710.0,15520.0
2014/10/29,Wed,15350.0,15570.0,15600.0,15320.0
2014/10/28,Tue,15410.0,15330.0,15430.0,15260.0
2014/10/27,Mon,15360.0,15400.0,15440.0,15270.0
2014/10/26,Sun,,,,
2014/10/25,Sat,,,,
2014/10/24,Fri,15110.0,15330.0,15450.0,15110.0
2014/10/23,Thu,15150.0,15140.0,15280.0,15060.0
2014/10/22,Wed,14810.0,15160.0,15200.0,14780.0
2014/10/21,Tue,15090.0,14780.0,15110.0,14760.0
2014/10/20,Mon,14560.0,15120.0,15120.0,14550.0
2014/10/19,Sun,,,,
2014/10/18,Sat,,,,
2014/10/17,Fri,14790.0,14530.0,14840.0,14370.0
2014/10/16,Thu,15080.0,14720.0,15080.0,14480.0
2014/10/15,Wed,14910.0,15070.0,15100.0,14800.0
2014/10/14,Tue,15360.0,14900.0,15410.0,14900.0
2014/10/13,Mon,15002.5,14952.5,15162.5,14812.5
2014/10/12,Sun,,,,
2014/10/11,Sat,,,,
2014/10/10,Fri,15500.0,15340.0,15590.0,15220.0
2014/10/09,Thu,15620.0,15500.0,15750.0,15460.0
2014/10/08,Wed,15810.0,15620.0,15810.0,15520.0
2014/10/07,Tue,15910.0,15820.0,15940.0,15760.0
2014/10/06,Mon,15720.0,15940.0,15980.0,15710.0
2014/10/05,Sun,,,,
2014/10/04,Sat,,,,
2014/10/03,Fri,15680.0,15760.0,15780.0,15370.0
2014/10/02,Thu,16130.0,15710.0,16150.0,15650.0
2014/10/01,Wed,16150.0,16110.0,16250.0,16090.0
2014/09/30,Tue,16300.0,16180.0,16310.0,16070.0
2014/09/29,Mon,16250.0,16310.0,16360.0,16230.0
2014/09/28,Sun,,,,
2014/09/27,Sat,,,,
2014/09/26,Fri,16310.0,16270.0,16360.0,16090.0
2014/09/25,Thu,16070.0,16280.0,16290.0,16060.0
2014/09/24,Wed,16160.0,16100.0,16210.0,16000.0
2014/09/23,Tue,16082.5,16007.5,16143.0,15982.5
2014/09/22,Mon,16230.0,16160.0,16250.0,16080.0
2014/09/21,Sun,,,,
2014/09/20,Sat,,,,
2014/09/19,Fri,16000.0,16220.0,16300.0,15990.0
2014/09/18,Thu,15810.0,16000.0,16030.0,15790.0
2014/09/17,Wed,15830.0,15800.0,15920.0,15790.0
2014/09/16,Tue,15860.0,15860.0,15870.0,15760.0
2014/09/15,Mon,15765.5,15842.5,15857.5,15728.0
2014/09/14,Sun,,,,
2014/09/13,Sat,,,,
2014/09/12,Fri,15830.0,15880.0,15920.0,15740.0
2014/09/11,Thu,15800.0,15910.0,15930.0,15790.0
2014/09/10,Wed,15790.0,15800.0,15800.0,15650.0
2014/09/09,Tue,15690.0,15750.0,15810.0,15660.0
2014/09/08,Mon,15680.0,15720.0,15730.0,15560.0
2014/09/07,Sun,,,,
2014/09/06,Sat,,,,
2014/09/05,Fri,15670.0,15690.0,15800.0,15610.0
2014/09/04,Thu,15720.0,15660.0,15800.0,15660.0
2014/09/03,Wed,15720.0,15700.0,15850.0,15690.0
2014/09/02,Tue,15470.0,15670.0,15750.0,15460.0
2014/09/01,Mon,15440.0,15480.0,15490.0,15370.0
2014/08/31,Sun,,,,
2014/08/30,Sat,,,,
2014/08/29,Fri,15450.0,15420.0,15460.0,15340.0
2014/08/28,Thu,15510.0,15470.0,15520.0,15420.0
2014/08/27,Wed,15510.0,15520.0,15590.0,15460.0
2014/08/26,Tue,15610.0,15530.0,15620.0,15500.0
2014/08/25,Mon,15550.0,15620.0,15630.0,15450.0
2014/08/24,Sun,,,,
2014/08/23,Sat,,,,
2014/08/22,Fri,15530.0,15550.0,15640.0,15500.0
2014/08/21,Thu,15420.0,15550.0,15600.0,15400.0
2014/08/20,Wed,15460.0,15420.0,15490.0,15410.0
2014/08/19,Tue,15360.0,15430.0,15480.0,15350.0
2014/08/18,Mon,15340.0,15330.0,15390.0,15210.0
2014/08/17,Sun,,,,
2014/08/16,Sat,,,,
2014/08/15,Fri,15280.0,15320.0,15330.0,15230.0
2014/08/14,Thu,15270.0,15290.0,15340.0,15250.0
2014/08/13,Wed,15150.0,15220.0,15240.0,15080.0
2014/08/12,Tue,15100.0,15150.0,15240.0,15100.0
2014/08/11,Mon,14760.0,15130.0,15170.0,14700.0
2014/08/10,Sun,,,,
2014/08/09,Sat,,,,
2014/08/08,Fri,15140.0,14760.0,15220.0,14660.0
2014/08/07,Thu,15150.0,15190.0,15240.0,15010.0
2014/08/06,Wed,15360.0,15140.0,15390.0,15110.0
2014/08/05,Tue,15470.0,15340.0,15510.0,15300.0
2014/08/04,Mon,15550.0,15460.0,15560.0,15400.0
2014/08/03,Sun,,,,
2014/08/02,Sat,,,,
2014/08/01,Fri,15660.0,15580.0,15680.0,15500.0
2014/07/31,Thu,15640.0,15650.0,15770.0,15600.0
2014/07/30,Wed,15630.0,15630.0,15700.0,15590.0
2014/07/29,Tue,15520.0,15640.0,15640.0,15470.0
2014/07/28,Mon,15460.0,15510.0,15560.0,15400.0
2014/07/27,Sun,,,,
2014/07/26,Sat,,,,
2014/07/25,Fri,15290.0,15450.0,15460.0,15280.0
2014/07/24,Thu,15350.0,15300.0,15390.0,15230.0
2014/07/23,Wed,15330.0,15330.0,15390.0,15310.0
2014/07/22,Tue,15210.0,15330.0,15400.0,15210.0
2014/07/21,Mon,15362.5,15282.5,15363.0,15187.5
2014/07/20,Sun,,,,
2014/07/19,Sat,,,,
2014/07/18,Fri,15360.0,15210.0,15410.0,15100.0
2014/07/17,Thu,15400.0,15370.0,15470.0,15350.0
2014/07/16,Wed,15410.0,15380.0,15430.0,15320.0
2014/07/15,Tue,15350.0,15400.0,15450.0,15330.0
2014/07/14,Mon,15200.0,15320.0,15330.0,15120.0
2014/07/13,Sun,,,,
2014/07/12,Sat,,,,
2014/07/11,Fri,15220.0,15170.0,15230.0,15000.0
2014/07/10,Thu,15300.0,15250.0,15350.0,15210.0
2014/07/09,Wed,15340.0,15300.0,15350.0,15180.0
2014/07/08,Tue,15390.0,15340.0,15400.0,15220.0
2014/07/07,Mon,15440.0,15380.0,15480.0,15370.0
2014/07/06,Sun,,,,
2014/07/05,Sat,,,,
2014/07/04,Fri,15350.0,15440.0,15510.0,15340.0
2014/07/03,Thu,15360.0,15320.0,15430.0,15320.0
2014/07/02,Wed,15330.0,15380.0,15450.0,15330.0
2014/07/01,Tue,15170.0,15310.0,15400.0,15130.0
2014/06/30,Mon,15090.0,15160.0,15190.0,15040.0
2014/06/29,Sun,,,,
2014/06/28,Sat,,,,
2014/06/27,Fri,15310.0,15120.0,15320.0,15030.0
2014/06/26,Thu,15270.0,15320.0,15350.0,15210.0
2014/06/25,Wed,15430.0,15260.0,15480.0,15250.0
2014/06/24,Tue,15290.0,15400.0,15420.0,15240.0
2014/06/23,Mon,15380.0,15350.0,15480.0,15320.0
2014/06/22,Sun,,,,
2014/06/21,Sat,,,,
2014/06/20,Fri,15320.0,15380.0,15430.0,15290.0
2014/06/19,Thu,15110.0,15340.0,15390.0,15070.0
2014/06/18,Wed,15000.0,15120.0,15140.0,14990.0
2014/06/17,Tue,14960.0,14990.0,15020.0,14880.0
2014/06/16,Mon,15070.0,14920.0,15080.0,14850.0
2014/06/15,Sun,,,,
2014/06/14,Sat,,,,
2014/06/13,Fri,15000.0,15140.0,15140.0,14810.0
2014/06/12,Thu,15040.0,15000.0,15050.0,14850.0
2014/06/11,Wed,14960.0,15060.0,15080.0,14910.0
2014/06/10,Tue,15130.0,14970.0,15190.0,14960.0
2014/06/09,Mon,15070.0,15130.0,15220.0,15050.0
2014/06/08,Sun,,,,
2014/06/07,Sat,,,,
2014/06/06,Fri,15050.0,15090.0,15170.0,15020.0
2014/06/05,Thu,15050.0,15060.0,15150.0,15000.0
2014/06/04,Wed,15020.0,15040.0,15080.0,14960.0
2014/06/03,Tue,14950.0,15030.0,15100.0,14910.0
2014/06/02,Mon,14660.0,14940.0,14980.0,14650.0
2014/06/01,Sun,,,,
2014/05/31,Sat,,,,
2014/05/30,Fri,14650.0,14650.0,14750.0,14580.0
2014/05/29,Thu,14660.0,14690.0,14720.0,14570.0
2014/05/28,Wed,14600.0,14680.0,14730.0,14560.0
2014/05/27,Tue,14600.0,14610.0,14750.0,14580.0
2014/05/26,Mon,14450.0,14580.0,14610.0,14430.0
2014/05/25,Sun,,,,
2014/05/24,Sat,,,,
2014/05/23,Fri,14300.0,14420.0,14540.0,14300.0
2014/05/22,Thu,13960.0,14310.0,14380.0,13960.0
2014/05/21,Wed,14060.0,14040.0,14090.0,13960.0
2014/05/20,Tue,14040.0,14060.0,14150.0,13900.0
2014/05/19,Mon,14120.0,14030.0,14160.0,13990.0
2014/05/18,Sun,,,,
2014/05/17,Sat,,,,
2014/05/16,Fri,14350.0,14130.0,14350.0,14010.0
2014/05/15,Thu,14400.0,14300.0,14410.0,14190.0
2014/05/14,Wed,14420.0,14410.0,14460.0,14350.0
2014/05/13,Tue,14180.0,14430.0,14470.0,14160.0
2014/05/12,Mon,14200.0,14170.0,14240.0,14100.0
2014/05/11,Sun,,,,
2014/05/10,Sat,,,,
2014/05/09,Fri,14170.0,14210.0,14270.0,14090.0
2014/05/08,Thu,14100.0,14140.0,14260.0,14050.0
2014/05/07,Wed,14470.0,14070.0,14570.0,14020.0
2014/05/06,Tue,14337.5,14272.5,14352.5,14177.5
2014/05/05,Mon,14332.5,14342.5,14377.5,14258.0
2014/05/04,Sun,,,,
2014/05/03,Sat,,,,
2014/05/02,Fri,14480.0,14480.0,14510.0,14410.0
2014/05/01,Thu,14290.0,14490.0,14500.0,14230.0
2014/04/30,Wed,14300.0,14220.0,14440.0,14220.0
2014/04/29,Tue,14430.5,14430.5,14487.5,14388.0
2014/04/28,Mon,14400.0,14310.0,14430.0,14220.0
2014/04/27,Sun,,,,
2014/04/26,Sat,,,,
2014/04/25,Fri,14450.0,14460.0,14570.0,14280.0
2014/04/24,Thu,14520.0,14420.0,14570.0,14370.0
2014/04/23,Wed,14380.0,14550.0,14570.0,14360.0
2014/04/22,Tue,14550.0,14350.0,14620.0,14350.0
2014/04/21,Mon,14530.0,14530.0,14660.0,14500.0
2014/04/20,Sun,,,,
2014/04/19,Sat,,,,
2014/04/18,Fri,14380.0,14520.0,14550.0,14370.0
2014/04/17,Thu,14400.0,14380.0,14510.0,14350.0
2014/04/16,Wed,14020.0,14420.0,14430.0,13900.0
2014/04/15,Tue,13980.0,14030.0,14150.0,13960.0
2014/04/14,Mon,14080.0,13950.0,14090.0,13880.0
2014/04/13,Sun,,,,
2014/04/12,Sat,,,,
2014/04/11,Fri,14320.0,14060.0,14330.0,13850.0
2014/04/10,Thu,14390.0,14290.0,14520.0,14240.0
2014/04/09,Wed,14550.0,14380.0,14580.0,14280.0
2014/04/08,Tue,14820.0,14590.0,14840.0,14580.0
2014/04/07,Mon,15100.0,14810.0,15170.0,14770.0
2014/04/06,Sun,,,,
2014/04/05,Sat,,,,
2014/04/04,Fri,15090.0,15080.0,15130.0,15000.0
2014/04/03,Thu,14950.0,15080.0,15190.0,14950.0
2014/04/02,Wed,14740.0,14970.0,15090.0,14740.0
2014/04/01,Tue,14810.0,14760.0,14890.0,14740.0
2014/03/31,Mon,14690.0,14830.0,14850.0,14660.0
2014/03/30,Sun,,,,
2014/03/29,Sat,,,,
2014/03/28,Fri,14600.0,14700.0,14730.0,14510.0
2014/03/27,Thu,14380.0,14640.0,14680.0,14230.0
2014/03/26,Wed,14290.0,14390.0,14470.0,14250.0
2014/03/25,Tue,14410.0,14260.0,14450.0,14220.0
2014/03/24,Mon,14160.0,14400.0,14430.0,14160.0
2014/03/23,Sun,,,,
2014/03/22,Sat,,,,
2014/03/21,Fri,14308.0,14242.5,14392.5,14192.5
2014/03/20,Thu,14420.0,14130.0,14490.0,14110.0
2014/03/19,Wed,14290.0,14420.0,14590.0,14190.0
2014/03/18,Tue,14290.0,14340.0,14460.0,14230.0
2014/03/17,Mon,14250.0,14270.0,14320.0,14040.0
2014/03/16,Sun,,,,
2014/03/15,Sat,,,,
2014/03/14,Fri,14720.0,14220.0,14770.0,14190.0
2014/03/13,Thu,14820.0,14750.0,14940.0,14680.0
2014/03/12,Wed,15200.0,14830.0,15220.0,14810.0
2014/03/11,Tue,15120.0,15210.0,15270.0,15110.0
2014/03/10,Mon,15290.0,15160.0,15430.0,15090.0
2014/03/09,Sun,,,,
2014/03/08,Sat,,,,
2014/03/07,Fri,15150.0,15290.0,15330.0,15140.0
2014/03/06,Thu,14900.0,15120.0,15220.0,14870.0
2014/03/05,Wed,14850.0,14880.0,15000.0,14770.0
2014/03/04,Tue,14600.0,14840.0,14890.0,14430.0
2014/03/03,Mon,14870.0,14630.0,15000.0,14430.0
2014/03/02,Sun,,,,
2014/03/01,Sat,,,,
2014/02/28,Fri,14980.0,14860.0,14990.0,14690.0
2014/02/27,Thu,15030.0,14960.0,15070.0,14840.0
2014/02/26,Wed,14950.0,15000.0,15090.0,14840.0
2014/02/25,Tue,14840.0,15000.0,15090.0,14830.0
2014/02/24,Mon,14840.0,14840.0,14980.0,14640.0
2014/02/23,Sun,,,,
2014/02/22,Sat,,,,
2014/02/21,Fri,14470.0,14830.0,14890.0,14360.0
2014/02/20,Thu,14780.0,14420.0,14800.0,14410.0
2014/02/19,Wed,14820.0,14770.0,14820.0,14660.0
2014/02/18,Tue,14400.0,14840.0,14900.0,14400.0
2014/02/17,Mon,14350.0,14410.0,14440.0,14180.0
2014/02/16,Sun,,,,
2014/02/15,Sat,,,,
2014/02/14,Fri,14500.0,14330.0,14680.0,14220.0
2014/02/13,Thu,14780.0,14500.0,14790.0,14470.0
2014/02/12,Wed,14660.0,14770.0,14880.0,14570.0
2014/02/11,Tue,14617.5,14837.5,14942.5,14578.0
2014/02/10,Mon,14480.0,14730.0,14730.0,14300.0
2014/02/09,Sun,,,,
2014/02/08,Sat,,,,
2014/02/07,Fri,14150.0,14500.0,14500.0,14100.0
2014/02/06,Thu,14120.0,14150.0,14310.0,13980.0
2014/02/05,Wed,14000.0,14180.0,14310.0,13980.0
2014/02/04,Tue,14570.0,13920.0,14610.0,13920.0
2014/02/03,Mon,14860.0,14560.0,14880.0,14560.0
2014/02/02,Sun,,,,
2014/02/01,Sat,,,,
2014/01/31,Fri,15030.0,14850.0,15220.0,14750.0
2014/01/30,Thu,15350.0,14990.0,15350.0,14840.0
2014/01/29,Wed,15040.0,15380.0,15380.0,15010.0
2014/01/28,Tue,15030.0,15000.0,15100.0,14780.0
2014/01/27,Mon,15450.0,14940.0,15460.0,14920.0
2014/01/26,Sun,,,,
2014/01/25,Sat,,,,
2014/01/24,Fri,15700.0,15440.0,15770.0,15270.0
2014/01/23,Thu,15810.0,15700.0,15970.0,15660.0
2014/01/22,Wed,15810.0,15830.0,15880.0,15620.0
2014/01/21,Tue,15670.0,15790.0,15910.0,15640.0
2014/01/20,Mon,15760.0,15670.0,15840.0,15560.0
2014/01/19,Sun,,,,
2014/01/18,Sat,,,,
2014/01/17,Fri,15740.0,15750.0,15790.0,15600.0
2014/01/16,Thu,15760.0,15720.0,15950.0,15700.0
2014/01/15,Wed,15460.0,15780.0,15800.0,15430.0
2014/01/14,Tue,15940.0,15420.0,15980.0,15370.0
2014/01/13,Mon,15777.5,15537.5,15798.0,15432.5
2014/01/12,Sun,,,,
2014/01/11,Sat,,,,
2014/01/10,Fri,15920.0,15920.0,15980.0,15750.0
2014/01/09,Thu,16130.0,15910.0,16130.0,15830.0
2014/01/08,Wed,15780.0,16110.0,16140.0,15750.0
2014/01/07,Tue,15920.0,15780.0,15990.0,15710.0
2014/01/06,Mon,16320.0,15900.0,16330.0,15850.0
2014/01/05,Sun,,,,
2014/01/04,Sat,,,,
2014/01/03,Fri,16032.5,16067.5,16082.5,15857.5
2014/01/02,Thu,16362.5,16037.5,16383.0,15967.5
2014/01/01,Wed,16327.5,16365.5,16397.5,16327.5
2013/12/31,Tue,16247.5,16327.5,16332.5,16228.0
2013/12/30,Mon,16200.0,16290.0,16340.0,16180.0
2013/12/29,Sun,,,,
2013/12/28,Sat,,,,
2013/12/27,Fri,16240.0,16200.0,16260.0,16060.0
2013/12/26,Thu,16110.0,16240.0,16240.0,16090.0
2013/12/25,Wed,15930.0,16110.0,16110.0,15860.0
2013/12/24,Tue,15870.0,15900.0,16050.0,15850.0
2013/12/23,Mon,15930.5,15987.5,16072.5,15852.5
2013/12/22,Sun,,,,
2013/12/21,Sat,,,,
2013/12/20,Fri,15750.0,15870.0,15890.0,15740.0
2013/12/19,Thu,15610.0,15760.0,15910.0,15580.0
2013/12/18,Wed,15290.0,15590.0,15610.0,15220.0
2013/12/17,Tue,15210.0,15290.0,15380.0,15190.0
2013/12/16,Mon,15460.0,15220.0,15520.0,15150.0
2013/12/15,Sun,,,,
2013/12/14,Sat,,,,
2013/12/13,Fri,15400.0,15480.0,15560.0,15250.0
2013/12/12,Thu,15470.0,15370.0,15490.0,15230.0
2013/12/11,Wed,15620.0,15520.0,15620.0,15380.0
2013/12/10,Tue,15660.0,15590.0,15700.0,15560.0
2013/12/09,Mon,15340.0,15650.0,15670.0,15310.0
2013/12/08,Sun,,,,
2013/12/07,Sat,,,,
2013/12/06,Fri,15150.0,15310.0,15340.0,15080.0
2013/12/05,Thu,15520.0,15160.0,15520.0,15120.0
2013/12/04,Wed,15720.0,15470.0,15730.0,15320.0
2013/12/03,Tue,15700.0,15730.0,15850.0,15660.0
2013/12/02,Mon,15680.0,15690.0,15730.0,15580.0
2013/12/01,Sun,,,,
2013/11/30,Sat,,,,
2013/11/29,Fri,15690.0,15740.0,15750.0,15510.0
2013/11/28,Thu,15500.0,15700.0,15740.0,15490.0
2013/11/27,Wed,15520.0,15480.0,15530.0,15390.0
2013/11/26,Tue,15600.0,15520.0,15630.0,15460.0
2013/11/25,Mon,15430.0,15610.0,15640.0,15370.0
2013/11/24,Sun,,,,
2013/11/23,Sat,,,,
2013/11/22,Fri,15460.0,15430.0,15600.0,15310.0
2013/11/21,Thu,15130.0,15420.0,15440.0,15060.0
2013/11/20,Wed,15130.0,15100.0,15270.0,15070.0
2013/11/19,Tue,15170.0,15150.0,15280.0,15020.0
2013/11/18,Mon,15170.0,15180.0,15380.0,15110.0
2013/11/17,Sun,,,,
2013/11/16,Sat,,,,
2013/11/15,Fri,14870.0,15170.0,15230.0,14840.0
2013/11/14,Thu,14630.0,14820.0,14990.0,14540.0
2013/11/13,Wed,14570.0,14600.0,14610.0,14490.0
2013/11/12,Tue,14290.0,14550.0,14600.0,14270.0
2013/11/11,Mon,14080.0,14280.0,14320.0,14040.0
2013/11/10,Sun,,,,
2013/11/09,Sat,,,,
2013/11/08,Fri,14250.0,14090.0,14410.0,14030.0
2013/11/07,Thu,14350.0,14250.0,14420.0,14220.0
2013/11/06,Wed,14180.0,14350.0,14420.0,14120.0
2013/11/05,Tue,14200.0,14200.0,14340.0,14140.0
2013/11/04,Mon,14277.5,14322.5,14338.0,14242.5
2013/11/03,Sun,,,,
2013/11/02,Sat,,,,
2013/11/01,Fri,14360.0,14190.0,14450.0,14130.0
2013/10/31,Thu,14550.0,14350.0,14590.0,14320.0
2013/10/30,Wed,14350.0,14540.0,14540.0,14330.0
2013/10/29,Tue,14360.0,14340.0,14410.0,14220.0
2013/10/28,Mon,14110.0,14370.0,14410.0,14100.0
2013/10/27,Sun,,,,
2013/10/26,Sat,,,,
2013/10/25,Fri,14450.0,14120.0,14460.0,14090.0
2013/10/24,Thu,14410.0,14480.0,14510.0,14260.0
2013/10/23,Wed,14710.0,14430.0,14840.0,14410.0
2013/10/22,Tue,14680.0,14710.0,14770.0,14650.0
2013/10/21,Mon,14570.0,14710.0,14750.0,14530.0
2013/10/20,Sun,,,,
2013/10/19,Sat,,,,
2013/10/18,Fri,14560.0,14590.0,14630.0,14450.0
2013/10/17,Thu,14470.0,14590.0,14690.0,14450.0
2013/10/16,Wed,14450.0,14470.0,14520.0,14420.0
2013/10/15,Tue,14410.0,14460.0,14530.0,14370.0
2013/10/14,Mon,14332.5,14517.5,14562.5,14283.0
2013/10/13,Sun,,,,
2013/10/12,Sat,,,,
2013/10/11,Fri,14190.0,14410.0,14470.0,14180.0
2013/10/10,Thu,14060.0,14200.0,14210.0,13950.0
2013/10/09,Wed,13930.0,14070.0,14070.0,13760.0
2013/10/08,Tue,13790.0,13930.0,13940.0,13750.0
2013/10/07,Mon,14000.0,13860.0,14120.0,13820.0
2013/10/06,Sun,,,,
2013/10/05,Sat,,,,
2013/10/04,Fri,14160.0,14040.0,14200.0,13940.0
2013/10/03,Thu,14090.0,14140.0,14230.0,14030.0
2013/10/02,Wed,14500.0,14190.0,14590.0,14110.0
2013/10/01,Tue,14500.0,14510.0,14670.0,14340.0
2013/09/30,Mon,14760.0,14460.0,14760.0,14430.0
2013/09/29,Sun,,,,
2013/09/28,Sat,,,,
2013/09/27,Fri,14800.0,14740.0,14870.0,14660.0
2013/09/26,Thu,14560.0,14830.0,14850.0,14420.0
2013/09/25,Wed,14700.0,14560.0,14770.0,14560.0
2013/09/24,Tue,14690.0,14680.0,14770.0,14540.0
2013/09/23,Mon,14672.5,14565.5,14733.0,14517.5
2013/09/22,Sun,,,,
2013/09/21,Sat,,,,
2013/09/20,Fri,14730.0,14680.0,14880.0,14640.0
2013/09/19,Thu,14410.0,14680.0,14710.0,14360.0
2013/09/18,Wed,14300.0,14430.0,14580.0,14260.0
2013/09/17,Tue,14340.0,14280.0,14430.0,14250.0
2013/09/16,Mon,14442.5,14387.5,14542.5,14387.5
2013/09/15,Sun,,,,
2013/09/14,Sat,,,,
2013/09/13,Fri,14300.0,14320.0,14380.0,14140.0
2013/09/12,Thu,14450.0,14330.0,14480.0,14320.0
2013/09/11,Wed,14430.0,14440.0,14570.0,14410.0
2013/09/10,Tue,14190.0,14400.0,14460.0,14170.0
2013/09/09,Mon,13850.0,14220.0,14350.0,13690.0
2013/09/08,Sun,,,,
2013/09/07,Sat,,,,
2013/09/06,Fri,14030.0,13850.0,14100.0,13830.0
2013/09/05,Thu,14040.0,14000.0,14170.0,13910.0
2013/09/04,Wed,13990.0,14100.0,14100.0,13790.0
2013/09/03,Tue,13690.0,13990.0,14000.0,13680.0
2013/09/02,Mon,13310.0,13570.0,13620.0,13280.0
2013/09/01,Sun,,,,
2013/08/31,Sat,,,,
2013/08/30,Fri,13530.0,13350.0,13630.0,13330.0
2013/08/29,Thu,13390.0,13460.0,13480.0,13290.0
2013/08/28,Wed,13530.0,13360.0,13540.0,13190.0
2013/08/27,Tue,13650.0,13540.0,13680.0,13500.0
2013/08/26,Mon,13660.0,13650.0,13770.0,13580.0
2013/08/25,Sun,,,,
2013/08/24,Sat,,,,
2013/08/23,Fri,13430.0,13700.0,13770.0,13420.0
2013/08/22,Thu,13350.0,13350.0,13450.0,13220.0
2013/08/21,Wed,13380.0,13400.0,13500.0,13240.0
2013/08/20,Tue,13750.0,13410.0,13800.0,13360.0
2013/08/19,Mon,13660.0,13770.0,13770.0,13570.0
2013/08/18,Sun,,,,
2013/08/17,Sat,,,,
2013/08/16,Fri,13770.0,13670.0,13840.0,13520.0
2013/08/15,Thu,13970.0,13790.0,14000.0,13700.0
2013/08/14,Wed,13880.0,14010.0,14060.0,13730.0
2013/08/13,Tue,13530.0,13850.0,13880.0,13440.0
2013/08/12,Mon,13600.0,13510.0,13660.0,13410.0
2013/08/11,Sun,,,,
2013/08/10,Sat,,,,
2013/08/09,Fri,13610.0,13670.0,13760.0,13390.0
2013/08/08,Thu,13850.0,13620.0,14040.0,13540.0
2013/08/07,Wed,14390.0,13860.0,14400.0,13820.0
2013/08/06,Tue,14230.0,14400.0,14420.0,14020.0
2013/08/05,Mon,14480.0,14230.0,14520.0,14200.0
2013/08/04,Sun,,,,
2013/08/03,Sat,,,,
2013/08/02,Fri,14070.0,14480.0,14490.0,14000.0
2013/08/01,Thu,13620.0,14050.0,14060.0,13510.0
2013/07/31,Wed,13850.0,13600.0,13880.0,13600.0
2013/07/30,Tue,13680.0,13890.0,13920.0,13510.0
2013/07/29,Mon,14120.0,13600.0,14140.0,13600.0
2013/07/28,Sun,,,,
2013/07/27,Sat,,,,
2013/07/26,Fri,14530.0,14130.0,14550.0,14100.0
2013/07/25,Thu,14760.0,14520.0,14810.0,14520.0
2013/07/24,Wed,14780.0,14730.0,14860.0,14620.0
2013/07/23,Tue,14680.0,14780.0,14830.0,14540.0
2013/07/22,Mon,14690.0,14690.0,14800.0,14520.0
2013/07/21,Sun,,,,
2013/07/20,Sat,,,,
2013/07/19,Fri,14820.0,14650.0,14990.0,14410.0
2013/07/18,Thu,14610.0,14800.0,14840.0,14560.0
2013/07/17,Wed,14610.0,14600.0,14620.0,14450.0
2013/07/16,Tue,14490.0,14600.0,14660.0,14440.0
2013/07/15,Mon,14525.5,14617.5,14747.5,14433.0
2013/07/14,Sun,,,,
2013/07/13,Sat,,,,
2013/07/12,Fri,14530.0,14470.0,14590.0,14350.0
2013/07/11,Thu,14420.0,14470.0,14510.0,14240.0
2013/07/10,Wed,14460.0,14430.0,14570.0,14270.0
2013/07/09,Tue,14190.0,14460.0,14500.0,14170.0
2013/07/08,Mon,14350.0,14100.0,14510.0,14060.0
2013/07/07,Sun,,,,
2013/07/06,Sat,,,,
2013/07/05,Fri,13970.0,14340.0,14350.0,13940.0
2013/07/04,Thu,13910.0,13990.0,14100.0,13770.0
2013/07/03,Wed,14110.0,14020.0,14310.0,13970.0
2013/07/02,Tue,13970.0,14130.0,14140.0,13890.0
2013/07/01,Mon,13670.0,13870.0,13880.0,13560.0
2013/06/30,Sun,,,,
2013/06/29,Sat,,,,
2013/06/28,Fri,13270.0,13680.0,13740.0,13210.0
2013/06/27,Thu,12850.0,13270.0,13270.0,12830.0
2013/06/26,Wed,13020.0,12780.0,13210.0,12780.0
2013/06/25,Tue,13030.0,12940.0,13240.0,12750.0
2013/06/24,Mon,13410.0,13010.0,13480.0,13010.0
2013/06/23,Sun,,,,
2013/06/22,Sat,,,,
2013/06/21,Fri,13210.0,13370.0,13370.0,12680.0
2013/06/20,Thu,13200.0,13030.0,13250.0,12950.0
2013/06/19,Wed,13060.0,13260.0,13300.0,13060.0
2013/06/18,Tue,13050.0,13000.0,13200.0,12910.0
2013/06/17,Mon,12730.0,13060.0,13070.0,12470.0
2013/06/16,Sun,,,,
2013/06/15,Sat,,,,
2013/06/14,Fri,12500.0,12770.0,12910.0,12480.0
2013/06/13,Thu,13330.0,12450.0,13390.0,12400.0
2013/06/12,Wed,13260.0,13280.0,13380.0,12960.0
2013/06/11,Tue,13540.0,13380.0,13730.0,13150.0
2013/06/10,Mon,12710.0,13620.0,13620.0,12500.0
2013/06/09,Sun,,,,
2013/06/08,Sat,,,,
2013/06/07,Fri,12890.0,12680.0,13110.0,12290.0
2013/06/06,Thu,13160.0,12820.0,13290.0,12820.0
2013/06/05,Wed,13610.0,12940.0,13740.0,12940.0
2013/06/04,Tue,13240.0,13650.0,13650.0,12930.0
2013/06/03,Mon,13590.0,13240.0,13730.0,13240.0
2013/06/02,Sun,,,,
2013/06/01,Sat,,,,
2013/05/31,Fri,13730.0,13700.0,13990.0,13560.0
2013/05/30,Thu,14080.0,13610.0,14200.0,13530.0
2013/05/29,Wed,14450.0,14200.0,14660.0,14200.0
2013/05/28,Tue,14050.0,14360.0,14420.0,13680.0
2013/05/27,Mon,14570.0,14030.0,14590.0,14020.0
2013/05/26,Sun,,,,
2013/05/25,Sat,,,,
2013/05/24,Fri,14650.0,14610.0,15020.0,13970.0
2013/05/23,Thu,15670.0,14590.0,16000.0,14480.0
2013/05/22,Wed,15390.0,15670.0,15720.0,15390.0
2013/05/21,Tue,15360.0,15400.0,15400.0,15270.0
2013/05/20,Mon,15200.0,15390.0,15400.0,15140.0
2013/05/19,Sun,,,,
2013/05/18,Sat,,,,
2013/05/17,Fri,15050.0,15190.0,15190.0,14900.0
2013/05/16,Thu,15110.0,15070.0,15240.0,14880.0
2013/05/15,Wed,14780.0,15090.0,15120.0,14760.0
2013/05/14,Tue,14800.0,14800.0,14860.0,14740.0
2013/05/13,Mon,14720.0,14820.0,14860.0,14670.0
2013/05/12,Sun,,,,
2013/05/11,Sat,,,,
2013/05/10,Fri,14220.0,14660.0,14660.0,14180.0
2013/05/09,Thu,14280.0,14230.0,14430.0,14200.0
2013/05/08,Wed,14160.0,14260.0,14440.0,14150.0
2013/05/07,Tue,13690.0,14160.0,14220.0,13680.0
2013/05/06,Mon,14212.5,14122.5,14238.0,14122.5
2013/05/05,Sun,,,,
2013/05/04,Sat,,,,
2013/05/03,Fri,13902.5,14162.5,14217.5,13882.5
2013/05/02,Thu,13820.0,13710.0,13850.0,13640.0
2013/05/01,Wed,13880.0,13800.0,13890.0,13780.0
2013/04/30,Tue,13890.0,13880.0,13940.0,13760.0
2013/04/29,Mon,13787.5,13832.5,13892.5,13720.0
2013/04/28,Sun,,,,
2013/04/27,Sat,,,,
2013/04/26,Fri,13950.0,13950.0,14040.0,13840.0
2013/04/25,Thu,13870.0,13920.0,13990.0,13830.0
2013/04/24,Wed,13510.0,13830.0,13850.0,13490.0
2013/04/23,Tue,13580.0,13540.0,13610.0,13490.0
2013/04/22,Mon,13440.0,13560.0,13630.0,13410.0
2013/04/21,Sun,,,,
2013/04/20,Sat,,,,
2013/04/19,Fri,13250.0,13370.0,13370.0,13200.0
2013/04/18,Thu,13420.0,13270.0,13420.0,13130.0
2013/04/17,Wed,13350.0,13400.0,13410.0,13250.0
2013/04/16,Tue,13340.0,13310.0,13370.0,12930.0
2013/04/15,Mon,13450.0,13340.0,13460.0,13260.0
2013/04/14,Sun,,,,
2013/04/13,Sat,,,,
2013/04/12,Fri,13490.0,13500.0,13540.0,13380.0
2013/04/11,Thu,13360.0,13490.0,13540.0,13330.0
2013/04/10,Wed,13140.0,13290.0,13350.0,13140.0
2013/04/09,Tue,13270.0,13190.0,13370.0,13150.0
2013/04/08,Mon,12870.0,13210.0,13250.0,12780.0
2013/04/07,Sun,,,,
2013/04/06,Sat,,,,
2013/04/05,Fri,12760.0,12810.0,13240.0,12760.0
2013/04/04,Thu,12330.0,12720.0,12720.0,12070.0
2013/04/03,Wed,12060.0,12360.0,12370.0,12050.0
2013/04/02,Tue,12110.0,12030.0,12220.0,11810.0
2013/04/01,Mon,12410.0,12180.0,12420.0,12150.0
2013/03/31,Sun,,,,
2013/03/30,Sat,,,,
2013/03/29,Fri,12400.0,12400.0,12440.0,12300.0
2013/03/28,Thu,12530.0,12400.0,12540.0,12280.0
2013/03/27,Wed,12420.0,12520.0,12530.0,12370.0
2013/03/26,Tue,12520.0,12370.0,12550.0,12270.0
2013/03/25,Mon,12350.0,12510.0,12540.0,12280.0
2013/03/24,Sun,,,,
2013/03/23,Sat,,,,
2013/03/22,Fri,12570.0,12320.0,12620.0,12270.0
2013/03/21,Thu,12430.0,12570.0,12580.0,12280.0
2013/03/20,Wed,12347.5,12522.5,12617.5,12318.0
2013/03/19,Tue,12200.0,12420.0,12430.0,12160.0
2013/03/18,Mon,12470.0,12170.0,12480.0,12140.0
2013/03/17,Sun,,,,
2013/03/16,Sat,,,,
2013/03/15,Fri,12360.0,12490.0,12500.0,12260.0
2013/03/14,Thu,12170.0,12330.0,12330.0,12150.0
2013/03/13,Wed,12240.0,12200.0,12280.0,12140.0
2013/03/12,Tue,12290.0,12260.0,12400.0,12230.0
2013/03/11,Mon,12240.0,12290.0,12400.0,12230.0
2013/03/10,Sun,,,,
2013/03/09,Sat,,,,
2013/03/08,Fri,11920.0,12220.0,12230.0,11880.0
2013/03/07,Thu,11960.0,11970.0,12070.0,11950.0
2013/03/06,Wed,11700.0,11930.0,11940.0,11690.0
2013/03/05,Tue,11640.0,11690.0,11780.0,11630.0
2013/03/04,Mon,11570.0,11650.0,11770.0,11540.0
2013/03/03,Sun,,,,
2013/03/02,Sat,,,,
2013/03/01,Fri,11520.0,11570.0,11650.0,11460.0
2013/02/28,Thu,11280.0,11500.0,11580.0,11220.0
2013/02/27,Wed,11320.0,11260.0,11450.0,11240.0
2013/02/26,Tue,11650.0,11410.0,11680.0,11340.0
2013/02/25,Mon,11400.0,11650.0,11670.0,11370.0
2013/02/24,Sun,,,,
2013/02/23,Sat,,,,
2013/02/22,Fri,11310.0,11410.0,11410.0,11170.0
2013/02/21,Thu,11460.0,11320.0,11560.0,11290.0
2013/02/20,Wed,11350.0,11440.0,11510.0,11320.0
2013/02/19,Tue,11430.0,11370.0,11450.0,11340.0
2013/02/18,Mon,11170.0,11410.0,11460.0,11120.0
2013/02/17,Sun,,,,
2013/02/16,Sat,,,,
2013/02/15,Fri,11310.0,11170.0,11350.0,11060.0
2013/02/14,Thu,11270.0,11330.0,11370.0,11240.0
2013/02/13,Wed,11410.0,11260.0,11440.0,11190.0
2013/02/12,Tue,11130.0,11370.0,11460.0,11040.0
2013/02/11,Mon,11237.5,11417.5,11482.5,11207.5
2013/02/10,Sun,,,,
2013/02/09,Sat,,,,
2013/02/08,Fri,11370.0,11170.0,11440.0,11120.0
2013/02/07,Thu,11410.0,11390.0,11450.0,11280.0
2013/02/06,Wed,11040.0,11430.0,11510.0,11010.0
2013/02/05,Tue,11290.0,11080.0,11330.0,11040.0
2013/02/04,Mon,11180.0,11270.0,11290.0,11110.0
2013/02/03,Sun,,,,
2013/02/02,Sat,,,,
2013/02/01,Fri,11070.0,11170.0,11250.0,11050.0
2013/01/31,Thu,11160.0,11110.0,11190.0,11000.0
2013/01/30,Wed,10870.0,11100.0,11120.0,10800.0
2013/01/29,Tue,10810.0,10890.0,10940.0,10720.0
2013/01/28,Mon,10930.0,10810.0,11070.0,10800.0
2013/01/27,Sun,,,,
2013/01/26,Sat,,,,
2013/01/25,Fri,10670.0,10930.0,10940.0,10620.0
2013/01/24,Thu,10440.0,10630.0,10640.0,10420.0
2013/01/23,Wed,10680.0,10470.0,10690.0,10460.0
2013/01/22,Tue,10740.0,10700.0,10860.0,10600.0
2013/01/21,Mon,10920.0,10710.0,10980.0,10710.0
2013/01/20,Sun,,,,
2013/01/19,Sat,,,,
2013/01/18,Fri,10640.0,10920.0,10930.0,10580.0
2013/01/17,Thu,10610.0,10630.0,10700.0,10420.0
2013/01/16,Wed,10870.0,10580.0,10880.0,10580.0
2013/01/15,Tue,10820.0,10890.0,10960.0,10820.0
2013/01/14,Mon,10927.5,10922.5,11003.0,10922.5
2013/01/13,Sun,,,,
2013/01/12,Sat,,,,
2013/01/11,Fri,10670.0,10830.0,10840.0,10670.0
2013/01/10,Thu,10580.0,10660.0,10690.0,10540.0
2013/01/09,Wed,10470.0,10570.0,10630.0,10370.0
2013/01/08,Tue,10620.0,10480.0,10630.0,10460.0
2013/01/07,Mon,10710.0,10620.0,10810.0,10580.0
2013/01/06,Sun,,,,
2013/01/05,Sat,,,,
2013/01/04,Fri,10430.0,10680.0,10760.0,10350.0
2013/01/03,Thu,10807.5,10757.5,10808.0,10712.5
2013/01/02,Wed,10507.5,10802.5,10865.5,10502.5
2013/01/01,Tue,10447.5,10512.5,10515.5,10447.5
2012/12/31,Mon,10352.5,10547.5,10552.5,10323.0
2012/12/30,Sun,,,,
2012/12/29,Sat,,,,
2012/12/28,Fri,10380.0,10390.0,10450.0,10320.0
2012/12/27,Thu,10260.0,10370.0,10400.0,10260.0
2012/12/26,Wed,10100.0,10240.0,10250.0,10080.0
2012/12/25,Tue,9960.0,10070.0,10130.0,9940.0
2012/12/24,Mon,10072.5,10147.5,10152.5,10068.0
2012/12/23,Sun,,,,
2012/12/22,Sat,,,,
2012/12/21,Fri,10020.0,9960.0,10180.0,9910.0
2012/12/20,Thu,10150.0,10030.0,10190.0,10010.0
2012/12/19,Wed,9940.0,10180.0,10180.0,9920.0
2012/12/18,Tue,9820.0,9940.0,9970.0,9760.0
2012/12/17,Mon,9730.0,9820.0,9930.0,9710.0
2012/12/16,Sun,,,,
2012/12/15,Sat,,,,
2012/12/14,Fri,9760.0,9760.0,9790.0,9670.0
2012/12/13,Thu,9600.0,9760.0,9780.0,9590.0
2012/12/12,Wed,9530.0,9580.0,9610.0,9510.0
2012/12/11,Tue,9520.0,9520.0,9540.0,9470.0
2012/12/10,Mon,9560.0,9540.0,9590.0,9460.0
2012/12/09,Sun,,,,
2012/12/08,Sat,,,,
2012/12/07,Fri,9540.0,9560.0,9580.0,9500.0
2012/12/06,Thu,9490.0,9540.0,9570.0,9450.0
2012/12/05,Wed,9440.0,9480.0,9530.0,9380.0
2012/12/04,Tue,9450.0,9430.0,9510.0,9400.0
2012/12/03,Mon,9480.0,9460.0,9540.0,9450.0
2012/12/02,Sun,,,,
2012/12/01,Sat,,,,
2012/11/30,Fri,9410.0,9450.0,9500.0,9380.0
2012/11/29,Thu,9300.0,9410.0,9420.0,9210.0
2012/11/28,Wed,9430.0,9300.0,9460.0,9300.0
2012/11/27,Tue,9390.0,9430.0,9460.0,9340.0
2012/11/26,Mon,9370.0,9400.0,9500.0,9370.0
2012/11/25,Sun,,,,
2012/11/24,Sat,,,,
2012/11/23,Fri,9437.5,9430.5,9452.5,9340.5
2012/11/22,Thu,9200.0,9360.0,9370.0,9200.0
2012/11/21,Wed,9100.0,9220.0,9260.0,9080.0
2012/11/20,Tue,9150.0,9120.0,9200.0,9110.0
2012/11/19,Mon,9030.0,9130.0,9190.0,8980.0
2012/11/18,Sun,,,,
2012/11/17,Sat,,,,
2012/11/16,Fri,8820.0,9010.0,9040.0,8810.0
2012/11/15,Thu,8720.0,8820.0,8830.0,8680.0
2012/11/14,Wed,8660.0,8670.0,8710.0,8630.0
2012/11/13,Tue,8690.0,8670.0,8730.0,8620.0
2012/11/12,Mon,8770.0,8690.0,8790.0,8650.0
2012/11/11,Sun,,,,
2012/11/10,Sat,,,,
2012/11/09,Fri,8830.0,8760.0,8860.0,8730.0
2012/11/08,Thu,9000.0,8840.0,9020.0,8800.0
2012/11/07,Wed,8990.0,8960.0,9050.0,8900.0
2012/11/06,Tue,9010.0,8980.0,9020.0,8960.0
2012/11/05,Mon,9050.0,9020.0,9100.0,8980.0
2012/11/04,Sun,,,,
2012/11/03,Sat,,,,
2012/11/02,Fri,8950.0,9060.0,9080.0,8920.0
2012/11/01,Thu,8940.0,8950.0,8990.0,8870.0
2012/10/31,Wed,8870.0,8920.0,8990.0,8850.0
2012/10/30,Tue,8900.0,8850.0,9010.0,8810.0
2012/10/29,Mon,8940.0,8920.0,9000.0,8900.0
2012/10/28,Sun,,,,
2012/10/27,Sat,,,,
2012/10/26,Fri,9070.0,8930.0,9130.0,8930.0
2012/10/25,Thu,8970.0,9070.0,9070.0,8920.0
2012/10/24,Wed,8970.0,8970.0,9060.0,8880.0
2012/10/23,Tue,9010.0,9000.0,9090.0,8970.0
2012/10/22,Mon,8990.0,9020.0,9040.0,8870.0
2012/10/21,Sun,,,,
2012/10/20,Sat,,,,
2012/10/19,Fri,8950.0,8990.0,9030.0,8940.0
2012/10/18,Thu,8830.0,8980.0,9000.0,8800.0
2012/10/17,Wed,8700.0,8810.0,8850.0,8700.0
2012/10/16,Tue,8600.0,8710.0,8710.0,8580.0
2012/10/15,Mon,8580.0,8590.0,8610.0,8490.0
2012/10/14,Sun,,,,
2012/10/13,Sat,,,,
2012/10/12,Fri,8560.0,8560.0,8640.0,8520.0
2012/10/11,Thu,8620.0,8550.0,8620.0,8510.0
2012/10/10,Wed,8750.0,8590.0,8750.0,8570.0
2012/10/09,Tue,8860.0,8770.0,8940.0,8760.0
2012/10/08,Mon,8877.5,8817.5,8898.0,8777.5
2012/10/07,Sun,,,,
2012/10/06,Sat,,,,
2012/10/05,Fri,8850.0,8870.0,8890.0,8800.0
2012/10/04,Thu,8740.0,8840.0,8880.0,8730.0
2012/10/03,Wed,8780.0,8750.0,8820.0,8730.0
2012/10/02,Tue,8830.0,8780.0,8870.0,8770.0
2012/10/01,Mon,8860.0,8780.0,8890.0,8760.0
2012/09/30,Sun,,,,
2012/09/29,Sat,,,,
2012/09/28,Fri,8950.0,8880.0,9000.0,8840.0
2012/09/27,Thu,8910.0,8960.0,8970.0,8830.0
2012/09/26,Wed,9020.0,8920.0,9050.0,8890.0
2012/09/25,Tue,8990.0,9010.0,9050.0,8940.0
2012/09/24,Mon,9040.0,8990.0,9090.0,8960.0
2012/09/23,Sun,,,,
2012/09/22,Sat,,,,
2012/09/21,Fri,8990.0,9060.0,9100.0,8990.0
2012/09/20,Thu,9170.0,8990.0,9180.0,8990.0
2012/09/19,Wed,9050.0,9170.0,9230.0,9030.0
2012/09/18,Tue,9080.0,9070.0,9210.0,9050.0
2012/09/17,Mon,9145.5,9097.5,9202.5,9092.5
2012/09/16,Sun,,,,
2012/09/15,Sat,,,,
2012/09/14,Fri,8900.0,9080.0,9140.0,8870.0
2012/09/13,Thu,8940.0,8990.0,9030.0,8920.0
2012/09/12,Wed,8820.0,8950.0,8970.0,8800.0
2012/09/11,Tue,8860.0,8800.0,8880.0,8770.0
2012/09/10,Mon,8910.0,8870.0,8940.0,8830.0
2012/09/09,Sun,,,,
2012/09/08,Sat,,,,
2012/09/07,Fri,8700.0,8880.0,8880.0,8690.0
2012/09/06,Thu,8680.0,8690.0,8720.0,8630.0
2012/09/05,Wed,8770.0,8670.0,8780.0,8660.0
2012/09/04,Tue,8800.0,8780.0,8810.0,8720.0
2012/09/03,Mon,8830.0,8770.0,8930.0,8760.0
2012/09/02,Sun,,,,
2012/09/01,Sat,,,,
2012/08/31,Fri,8980.0,8820.0,8990.0,8820.0
2012/08/30,Thu,9060.0,8970.0,9100.0,8960.0
2012/08/29,Wed,9040.0,9080.0,9080.0,9010.0
2012/08/28,Tue,9080.0,9050.0,9140.0,8980.0
2012/08/27,Mon,9060.0,9080.0,9150.0,9000.0
2012/08/26,Sun,,,,
2012/08/25,Sat,,,,
2012/08/24,Fri,9180.0,9060.0,9200.0,9030.0
2012/08/23,Thu,9120.0,9180.0,9190.0,9060.0
2012/08/22,Wed,9180.0,9110.0,9250.0,9070.0
2012/08/21,Tue,9190.0,9150.0,9230.0,9140.0
2012/08/20,Mon,9180.0,9190.0,9220.0,9140.0
2012/08/19,Sun,,,,
2012/08/18,Sat,,,,
2012/08/17,Fri,9040.0,9170.0,9190.0,9040.0
2012/08/16,Thu,8920.0,9080.0,9100.0,8900.0
2012/08/15,Wed,8950.0,8920.0,8990.0,8850.0
2012/08/14,Tue,8880.0,8930.0,8970.0,8870.0
2012/08/13,Mon,8850.0,8870.0,8900.0,8830.0
2012/08/12,Sun,,,,
2012/08/11,Sat,,,,
2012/08/10,Fri,8970.0,8870.0,8990.0,8850.0
2012/08/09,Thu,8860.0,8970.0,9000.0,8820.0
2012/08/08,Wed,8840.0,8870.0,8960.0,8830.0
2012/08/07,Tue,8720.0,8800.0,8810.0,8700.0
2012/08/06,Mon,8570.0,8730.0,8750.0,8560.0
2012/08/05,Sun,,,,
2012/08/04,Sat,,,,
2012/08/03,Fri,8630.0,8540.0,8690.0,8500.0
2012/08/02,Thu,8650.0,8630.0,8710.0,8630.0
2012/08/01,Wed,8670.0,8630.0,8690.0,8570.0
2012/07/31,Tue,8620.0,8680.0,8740.0,8570.0
2012/07/30,Mon,8570.0,8610.0,8720.0,8500.0
2012/07/29,Sun,,,,
2012/07/28,Sat,,,,
2012/07/27,Fri,8430.0,8560.0,8570.0,8390.0
2012/07/26,Thu,8380.0,8440.0,8450.0,8350.0
2012/07/25,Wed,8460.0,8350.0,8470.0,8320.0
2012/07/24,Tue,8480.0,8470.0,8520.0,8410.0
2012/07/23,Mon,8680.0,8510.0,8690.0,8490.0
2012/07/22,Sun,,,,
2012/07/21,Sat,,,,
2012/07/20,Fri,8780.0,8670.0,8810.0,8650.0
2012/07/19,Thu,8750.0,8790.0,8830.0,8730.0
2012/07/18,Wed,8750.0,8740.0,8800.0,8710.0
2012/07/17,Tue,8680.0,8750.0,8810.0,8670.0
2012/07/16,Mon,8810.5,8717.5,8810.5,8692.5
2012/07/15,Sun,,,,
2012/07/14,Sat,,,,
2012/07/13,Fri,8690.0,8700.0,8760.0,8650.0
2012/07/12,Thu,8850.0,8700.0,8880.0,8700.0
2012/07/11,Wed,8850.0,8850.0,8920.0,8790.0
2012/07/10,Tue,8880.0,8860.0,8970.0,8850.0
2012/07/09,Mon,9010.0,8880.0,9040.0,8880.0
2012/07/08,Sun,,,,
2012/07/07,Sat,,,,
2012/07/06,Fri,9100.0,9020.0,9130.0,8970.0
2012/07/05,Thu,9070.0,9090.0,9130.0,9060.0
2012/07/04,Wed,9070.0,9090.0,9150.0,9060.0
2012/07/03,Tue,9020.0,9070.0,9090.0,8980.0
2012/07/02,Mon,9010.0,9020.0,9090.0,8960.0
2012/07/01,Sun,,,,
2012/06/30,Sat,,,,
2012/06/29,Fri,8850.0,9010.0,9070.0,8770.0
2012/06/28,Thu,8740.0,8870.0,8880.0,8720.0
2012/06/27,Wed,8690.0,8740.0,8740.0,8640.0
2012/06/26,Tue,8700.0,8690.0,8720.0,8600.0
2012/06/25,Mon,8780.0,8720.0,8830.0,8710.0
2012/06/24,Sun,,,,
2012/06/23,Sat,,,,
2012/06/22,Fri,8820.0,8780.0,8890.0,8710.0
2012/06/21,Thu,8730.0,8820.0,8850.0,8710.0
2012/06/20,Wed,8650.0,8740.0,8760.0,8620.0
2012/06/19,Tue,8710.0,8650.0,8720.0,8620.0
2012/06/18,Mon,8570.0,8730.0,8760.0,8550.0
2012/06/17,Sun,,,,
2012/06/16,Sat,,,,
2012/06/15,Fri,8570.0,8560.0,8620.0,8490.0
2012/06/14,Thu,8590.0,8570.0,8610.0,8510.0
2012/06/13,Wed,8540.0,8590.0,8610.0,8480.0
2012/06/12,Tue,8580.0,8530.0,8600.0,8440.0
2012/06/11,Mon,8420.0,8610.0,8650.0,8380.0
2012/06/10,Sun,,,,
2012/06/09,Sat,,,,
2012/06/08,Fri,8600.0,8430.0,8700.0,8410.0
2012/06/07,Thu,8510.0,8610.0,8650.0,8510.0
2012/06/06,Wed,8350.0,8530.0,8550.0,8350.0
2012/06/05,Tue,8290.0,8410.0,8410.0,8280.0
2012/06/04,Mon,8410.0,8290.0,8420.0,8230.0
2012/06/03,Sun,,,,
2012/06/02,Sat,,,,
2012/06/01,Fri,8550.0,8420.0,8570.0,8420.0
2012/05/31,Thu,8590.0,8530.0,8600.0,8450.0
2012/05/30,Wed,8650.0,8610.0,8670.0,8560.0
2012/05/29,Tue,8590.0,8650.0,8660.0,8510.0
2012/05/28,Mon,8620.0,8600.0,8630.0,8560.0
2012/05/27,Sun,,,,
2012/05/26,Sat,,,,
2012/05/25,Fri,8560.0,8580.0,8620.0,8520.0
2012/05/24,Thu,8600.0,8560.0,8610.0,8470.0
2012/05/23,Wed,8730.0,8570.0,8790.0,8530.0
2012/05/22,Tue,8630.0,8730.0,8740.0,8610.0
2012/05/21,Mon,8630.0,8620.0,8680.0,8590.0
2012/05/20,Sun,,,,
2012/05/19,Sat,,,,
2012/05/18,Fri,8810.0,8600.0,8840.0,8580.0
2012/05/17,Thu,8750.0,8850.0,8880.0,8710.0
2012/05/16,Wed,8940.0,8750.0,8970.0,8750.0
2012/05/15,Tue,8930.0,8910.0,8940.0,8840.0
2012/05/14,Mon,8950.0,8970.0,9030.0,8930.0
2012/05/13,Sun,,,,
2012/05/12,Sat,,,,
2012/05/11,Fri,9050.0,8950.0,9100.0,8930.0
2012/05/10,Thu,9040.0,9030.0,9080.0,8930.0
2012/05/09,Wed,9130.0,9040.0,9150.0,9020.0
2012/05/08,Tue,9140.0,9180.0,9240.0,9110.0
2012/05/07,Mon,9380.0,9110.0,9380.0,9100.0
2012/05/06,Sun,,,,
2012/05/05,Sat,,,,
2012/05/04,Fri,9252.5,9152.5,9267.5,9140.5
2012/05/03,Thu,9297.5,9250.5,9357.5,9237.5
2012/05/02,Wed,9320.0,9360.0,9430.0,9290.0
2012/05/01,Tue,9470.0,9340.0,9540.0,9330.0
2012/04/30,Mon,9500.5,9467.5,9567.5,9407.5
2012/04/29,Sun,,,,
2012/04/28,Sat,,,,
2012/04/27,Fri,9570.0,9500.0,9700.0,9460.0
2012/04/26,Thu,9560.0,9560.0,9640.0,9530.0
2012/04/25,Wed,9490.0,9550.0,9590.0,9470.0
2012/04/24,Tue,9470.0,9480.0,9520.0,9400.0
2012/04/23,Mon,9560.0,9550.0,9650.0,9520.0
2012/04/22,Sun,,,,
2012/04/21,Sat,,,,
2012/04/20,Fri,9630.0,9560.0,9660.0,9530.0
2012/04/19,Thu,9640.0,9600.0,9670.0,9570.0
2012/04/18,Wed,9490.0,9660.0,9690.0,9470.0
2012/04/17,Tue,9470.0,9450.0,9550.0,9440.0
2012/04/16,Mon,9640.0,9470.0,9650.0,9460.0
2012/04/15,Sun,,,,
2012/04/14,Sat,,,,
2012/04/13,Fri,9550.0,9640.0,9700.0,9500.0
2012/04/12,Thu,9470.0,9540.0,9550.0,9400.0
2012/04/11,Wed,9500.0,9440.0,9520.0,9360.0
2012/04/10,Tue,9530.0,9540.0,9660.0,9510.0
2012/04/09,Mon,9680.0,9550.0,9690.0,9510.0
2012/04/08,Sun,,,,
2012/04/07,Sat,,,,
2012/04/06,Fri,9800.0,9680.0,9800.0,9640.0
2012/04/05,Thu,9820.0,9790.0,9830.0,9690.0
2012/04/04,Wed,10050.0,9820.0,10080.0,9810.0
2012/04/03,Tue,10110.0,10050.0,10130.0,10040.0
2012/04/02,Mon,10120.0,10110.0,10200.0,10100.0
2012/04/01,Sun,,,,
2012/03/31,Sat,,,,
2012/03/30,Fri,10100.0,10090.0,10130.0,10020.0
2012/03/29,Thu,10150.0,10110.0,10190.0,10080.0
2012/03/28,Wed,10160.0,10180.0,10220.0,10130.0
2012/03/27,Tue,9970.0,10180.0,10190.0,9950.0
2012/03/26,Mon,9950.0,9960.0,9990.0,9840.0
2012/03/25,Sun,,,,
2012/03/24,Sat,,,,
2012/03/23,Fri,10050.0,9930.0,10060.0,9910.0
2012/03/22,Thu,10030.0,10040.0,10070.0,9980.0
2012/03/21,Wed,10070.0,10020.0,10080.0,10000.0
2012/03/20,Tue,10067.5,10042.5,10088.0,9977.5
2012/03/19,Mon,10070.0,10080.0,10120.0,10060.0
2012/03/18,Sun,,,,
2012/03/17,Sat,,,,
2012/03/16,Fri,10040.0,10060.0,10080.0,10000.0
2012/03/15,Thu,10000.0,10060.0,10100.0,9990.0
2012/03/14,Wed,9860.0,10010.0,10050.0,9840.0
2012/03/13,Tue,9820.0,9840.0,9950.0,9800.0
2012/03/12,Mon,9860.0,9800.0,9970.0,9800.0
2012/03/11,Sun,,,,
2012/03/10,Sat,,,,
2012/03/09,Fri,9730.0,9840.0,9950.0,9720.0
2012/03/08,Thu,9580.0,9760.0,9770.0,9570.0
2012/03/07,Wed,9630.0,9580.0,9640.0,9490.0
2012/03/06,Tue,9680.0,9650.0,9740.0,9600.0
2012/03/05,Mon,9790.0,9680.0,9820.0,9670.0
2012/03/04,Sun,,,,
2012/03/03,Sat,,,,
2012/03/02,Fri,9670.0,9760.0,9820.0,9630.0
2012/03/01,Thu,9740.0,9710.0,9870.0,9670.0
2012/02/29,Wed,9770.0,9710.0,9880.0,9700.0
2012/02/28,Tue,9550.0,9760.0,9760.0,9470.0
2012/02/27,Mon,9660.0,9620.0,9740.0,9610.0
2012/02/26,Sun,,,,
2012/02/25,Sat,,,,
2012/02/24,Fri,9590.0,9640.0,9640.0,9550.0
2012/02/23,Thu,9580.0,9570.0,9610.0,9500.0
2012/02/22,Wed,9480.0,9570.0,9570.0,9440.0
2012/02/21,Tue,9440.0,9490.0,9520.0,9420.0
2012/02/20,Mon,9410.0,9470.0,9570.0,9400.0
2012/02/19,Sun,,,,
2012/02/18,Sat,,,,
2012/02/17,Fri,9240.0,9400.0,9440.0,9220.0
2012/02/16,Thu,9250.0,9230.0,9310.0,9210.0
2012/02/15,Wed,9050.0,9270.0,9320.0,9040.0
2012/02/14,Tue,9000.0,9060.0,9070.0,8960.0
2012/02/13,Mon,8960.0,9000.0,9020.0,8890.0
2012/02/12,Sun,,,,
2012/02/11,Sat,,,,
2012/02/10,Fri,9000.0,8970.0,9020.0,8940.0
2012/02/09,Thu,9000.0,9010.0,9010.0,8930.0
2012/02/08,Wed,8910.0,8990.0,9010.0,8890.0
2012/02/07,Tue,8900.0,8900.0,8920.0,8870.0
2012/02/06,Mon,8840.0,8900.0,8950.0,8820.0
2012/02/05,Sun,,,,
2012/02/04,Sat,,,,
2012/02/03,Fri,8880.0,8840.0,8900.0,8810.0
2012/02/02,Thu,8780.0,8870.0,8900.0,8770.0
2012/02/01,Wed,8810.0,8790.0,8840.0,8770.0
2012/01/31,Tue,8790.0,8810.0,8840.0,8740.0
2012/01/30,Mon,8830.0,8800.0,8860.0,8760.0
2012/01/29,Sun,,,,
2012/01/28,Sat,,,,
2012/01/27,Fri,8840.0,8830.0,8920.0,8800.0
2012/01/26,Thu,8850.0,8850.0,8900.0,8810.0
2012/01/25,Wed,8790.0,8870.0,8910.0,8750.0
2012/01/24,Tue,8760.0,8790.0,8820.0,8740.0
2012/01/23,Mon,8750.0,8770.0,8790.0,8720.0
2012/01/22,Sun,,,,
2012/01/21,Sat,,,,
2012/01/20,Fri,8630.0,8750.0,8790.0,8620.0
2012/01/19,Thu,8540.0,8650.0,8680.0,8520.0
2012/01/18,Wed,8480.0,8550.0,8600.0,8430.0
2012/01/17,Tue,8380.0,8470.0,8480.0,8350.0
2012/01/16,Mon,8490.0,8380.0,8500.0,8340.0
2012/01/15,Sun,,,,
2012/01/14,Sat,,,,
2012/01/13,Fri,8390.0,8500.0,8510.0,8370.0
2012/01/12,Thu,8430.0,8380.0,8450.0,8350.0
2012/01/11,Wed,8420.0,8430.0,8470.0,8400.0
2012/01/10,Tue,8400.0,8420.0,8440.0,8350.0
2012/01/09,Mon,8325.5,8407.5,8407.5,8307.5
2012/01/08,Sun,,,,
2012/01/07,Sat,,,,
2012/01/06,Fri,8490.0,8390.0,8500.0,8340.0
2012/01/05,Thu,8530.0,8500.0,8540.0,8470.0
2012/01/04,Wed,8450.0,8530.0,8580.0,8420.0
2012/01/03,Tue,8532.5,8537.5,8593.0,8527.5
2012/01/02,Mon,8407.5,8535.5,8625.5,8407.5
2012/01/01,Sun,,,,
2011/12/31,Sat,,,,
2011/12/30,Fri,8450.0,8450.0,8460.0,8420.0
2011/12/29,Thu,8410.0,8390.0,8440.0,8330.0
2011/12/28,Wed,8460.0,8420.0,8470.0,8410.0
2011/12/27,Tue,8450.0,8450.0,8460.0,8410.0
2011/12/26,Mon,8390.0,8450.0,8530.0,8380.0
2011/12/25,Sun,,,,
2011/12/24,Sat,,,,
2011/12/23,Fri,8510.5,8537.5,8550.5,8477.5
2011/12/22,Thu,8450.0,8370.0,8500.0,8370.0
2011/12/21,Wed,8330.0,8440.0,8470.0,8320.0
2011/12/20,Tue,8320.0,8330.0,8360.0,8290.0
2011/12/19,Mon,8430.0,8300.0,8440.0,8260.0
2011/12/18,Sun,,,,
2011/12/17,Sat,,,,
2011/12/16,Fri,8370.0,8400.0,8430.0,8360.0
2011/12/15,Thu,8510.0,8370.0,8520.0,8360.0
2011/12/14,Wed,8560.0,8500.0,8610.0,8480.0
2011/12/13,Tue,8600.0,8550.0,8610.0,8510.0
2011/12/12,Mon,8510.0,8620.0,8670.0,8490.0
2011/12/11,Sun,,,,
2011/12/10,Sat,,,,
2011/12/09,Fri,8670.0,8520.0,8700.0,8490.0
2011/12/08,Thu,8710.0,8680.0,8720.0,8620.0
2011/12/07,Wed,8560.0,8680.0,8730.0,8540.0
2011/12/06,Tue,8680.0,8580.0,8730.0,8570.0
2011/12/05,Mon,8660.0,8680.0,8760.0,8650.0
2011/12/04,Sun,,,,
2011/12/03,Sat,,,,
2011/12/02,Fri,8600.0,8660.0,8660.0,8560.0
2011/12/01,Thu,8400.0,8600.0,8670.0,8390.0
2011/11/30,Wed,8460.0,8420.0,8500.0,8360.0
2011/11/29,Tue,8300.0,8480.0,8480.0,8290.0
2011/11/28,Mon,8160.0,8310.0,8330.0,8100.0
2011/11/27,Sun,,,,
2011/11/26,Sat,,,,
2011/11/25,Fri,8160.0,8180.0,8200.0,8130.0
2011/11/24,Thu,8320.0,8160.0,8350.0,8150.0
2011/11/23,Wed,8277.5,8182.5,8280.5,8128.5
2011/11/22,Tue,8370.0,8320.0,8370.0,8220.0
2011/11/21,Mon,8420.0,8360.0,8450.0,8340.0
2011/11/20,Sun,,,,
2011/11/19,Sat,,,,
2011/11/18,Fri,8480.0,8410.0,8480.0,8360.0
2011/11/17,Thu,8460.0,8470.0,8530.0,8400.0
2011/11/16,Wed,8560.0,8450.0,8590.0,8450.0
2011/11/15,Tue,8630.0,8560.0,8650.0,8530.0
2011/11/14,Mon,8480.0,8620.0,8670.0,8460.0
2011/11/13,Sun,,,,
2011/11/12,Sat,,,,
2011/11/11,Fri,8480.0,8500.0,8570.0,8460.0
2011/11/10,Thu,8720.0,8490.0,8730.0,8490.0
2011/11/09,Wed,8670.0,8730.0,8770.0,8640.0
2011/11/08,Tue,8750.0,8670.0,8770.0,8640.0
2011/11/07,Mon,8800.0,8760.0,8810.0,8700.0
2011/11/06,Sun,,,,
2011/11/05,Sat,,,,
2011/11/04,Fri,8700.0,8800.0,8820.0,8600.0
2011/11/03,Thu,8647.5,8787.5,8817.5,8557.5
2011/11/02,Wed,8810.0,8690.0,8820.0,8640.0
2011/11/01,Tue,8970.0,8850.0,8990.0,8830.0
2011/10/31,Mon,9020.0,8960.0,9160.0,8960.0
2011/10/30,Sun,,,,
2011/10/29,Sat,,,,
2011/10/28,Fri,8920.0,9050.0,9100.0,8910.0
2011/10/27,Thu,8750.0,8920.0,8930.0,8680.0
2011/10/26,Wed,8790.0,8730.0,8820.0,8650.0
2011/10/25,Tue,8820.0,8770.0,8870.0,8750.0
2011/10/24,Mon,8680.0,8840.0,8850.0,8670.0
2011/10/23,Sun,,,,
2011/10/22,Sat,,,,
2011/10/21,Fri,8670.0,8680.0,8730.0,8640.0
2011/10/20,Thu,8780.0,8670.0,8820.0,8670.0
2011/10/19,Wed,8710.0,8790.0,8840.0,8690.0
2011/10/18,Tue,8920.0,8750.0,8960.0,8730.0
2011/10/17,Mon,8760.0,8900.0,8910.0,8730.0
2011/10/16,Sun,,,,
2011/10/15,Sat,,,,
2011/10/14,Fri,8830.0,8770.0,8850.0,8740.0
2011/10/13,Thu,8720.0,8800.0,8890.0,8710.0
2011/10/12,Wed,8760.0,8740.0,8780.0,8690.0
2011/10/11,Tue,8590.0,8770.0,8810.0,8560.0
2011/10/10,Mon,8677.5,8792.5,8804.5,8617.5
2011/10/09,Sun,,,,
2011/10/08,Sat,,,,
2011/10/07,Fri,8540.0,8590.0,8670.0,8510.0
2011/10/06,Thu,8410.0,8530.0,8550.0,8370.0
2011/10/05,Wed,8420.0,8380.0,8510.0,8330.0
2011/10/04,Tue,8530.0,8450.0,8600.0,8360.0
2011/10/03,Mon,8660.0,8530.0,8670.0,8460.0
2011/10/02,Sun,,,,
2011/10/01,Sat,,,,
2011/09/30,Fri,8700.0,8700.0,8780.0,8650.0
2011/09/29,Thu,8660.0,8710.0,8720.0,8500.0
2011/09/28,Wed,8590.0,8640.0,8700.0,8560.0
2011/09/27,Tue,8320.0,8580.0,8580.0,8320.0
2011/09/26,Mon,8490.0,8290.0,8490.0,8290.0
2011/09/25,Sun,,,,
2011/09/24,Sat,,,,
2011/09/23,Fri,8362.5,8445.5,8485.5,8272.5
2011/09/22,Thu,8660.0,8490.0,8690.0,8480.0
2011/09/21,Wed,8680.0,8680.0,8740.0,8640.0
2011/09/20,Tue,8760.0,8650.0,8830.0,8640.0
2011/09/19,Mon,8765.5,8687.5,8768.0,8612.5
2011/09/18,Sun,,,,
2011/09/17,Sat,,,,
2011/09/16,Fri,8610.0,8790.0,8800.0,8600.0
2011/09/15,Thu,8500.0,8600.0,8630.0,8470.0
2011/09/14,Wed,8540.0,8460.0,8610.0,8430.0
2011/09/13,Tue,8420.0,8570.0,8570.0,8370.0
2011/09/12,Mon,8670.0,8480.0,8680.0,8440.0
2011/09/11,Sun,,,,
2011/09/10,Sat,,,,
2011/09/09,Fri,8750.0,8650.0,8790.0,8650.0
2011/09/08,Thu,8710.0,8730.0,8810.0,8690.0
2011/09/07,Wed,8640.0,8780.0,8780.0,8600.0
2011/09/06,Tue,8770.0,8610.0,8790.0,8580.0
2011/09/05,Mon,8940.0,8770.0,8950.0,8760.0
2011/09/04,Sun,,,,
2011/09/03,Sat,,,,
2011/09/02,Fri,9040.0,8940.0,9090.0,8910.0
2011/09/01,Thu,8950.0,9060.0,9100.0,8950.0
2011/08/31,Wed,8940.0,8960.0,8970.0,8870.0
2011/08/30,Tue,8860.0,8950.0,9000.0,8860.0
2011/08/29,Mon,8760.0,8870.0,8930.0,8630.0
2011/08/28,Sun,,,,
2011/08/27,Sat,,,,
2011/08/26,Fri,8820.0,8790.0,8870.0,8710.0
2011/08/25,Thu,8650.0,8780.0,8850.0,8620.0
2011/08/24,Wed,8770.0,8660.0,8820.0,8610.0
2011/08/23,Tue,8650.0,8740.0,8780.0,8630.0
2011/08/22,Mon,8710.0,8620.0,8790.0,8610.0
2011/08/21,Sun,,,,
2011/08/20,Sat,,,,
2011/08/19,Fri,8930.0,8710.0,8940.0,8680.0
2011/08/18,Thu,9020.0,8940.0,9110.0,8920.0
2011/08/17,Wed,9030.0,9040.0,9100.0,8980.0
2011/08/16,Tue,9060.0,9070.0,9150.0,9040.0
2011/08/15,Mon,8910.0,9060.0,9120.0,8900.0
2011/08/14,Sun,,,,
2011/08/13,Sat,,,,
2011/08/12,Fri,8970.0,8960.0,9090.0,8770.0
2011/08/11,Thu,9030.0,8980.0,9030.0,8770.0
2011/08/10,Wed,9050.0,9020.0,9160.0,8850.0
2011/08/09,Tue,9240.0,9000.0,9250.0,8650.0
2011/08/08,Mon,9280.0,9120.0,9450.0,9050.0
2011/08/07,Sun,,,,
2011/08/06,Sat,,,,
2011/08/05,Fri,9680.0,9280.0,9700.0,9250.0
2011/08/04,Thu,9640.0,9670.0,9770.0,9510.0
2011/08/03,Wed,9800.0,9650.0,9830.0,9600.0
2011/08/02,Tue,9950.0,9830.0,9960.0,9730.0
2011/08/01,Mon,9840.0,9970.0,10040.0,9750.0
2011/07/31,Sun,,,,
2011/07/30,Sat,,,,
2011/07/29,Fri,9910.0,9830.0,9960.0,9820.0
2011/07/28,Thu,10040.0,9900.0,10040.0,9850.0
2011/07/27,Wed,10110.0,10040.0,10120.0,10010.0
2011/07/26,Tue,10040.0,10110.0,10130.0,10040.0
2011/07/25,Mon,10150.0,10050.0,10170.0,10040.0
2011/07/24,Sun,,,,
2011/07/23,Sat,,,,
2011/07/22,Fri,10000.0,10140.0,10160.0,9970.0
2011/07/21,Thu,10000.0,10010.0,10040.0,9970.0
2011/07/20,Wed,9920.0,10020.0,10050.0,9920.0
2011/07/19,Tue,9950.0,9890.0,10010.0,9870.0
2011/07/18,Mon,10012.5,9937.5,10012.5,9802.5
2011/07/17,Sun,,,,
2011/07/16,Sat,,,,
2011/07/15,Fri,9960.0,9970.0,9990.0,9920.0
2011/07/14,Thu,9970.0,9930.0,10000.0,9880.0
2011/07/13,Wed,9860.0,9950.0,9980.0,9780.0
2011/07/12,Tue,10050.0,9920.0,10060.0,9900.0
2011/07/11,Mon,10160.0,10080.0,10190.0,10020.0
2011/07/10,Sun,,,,
2011/07/09,Sat,,,,
2011/07/08,Fri,10060.0,10160.0,10200.0,10050.0
2011/07/07,Thu,10050.0,10080.0,10110.0,10010.0
2011/07/06,Wed,9960.0,10080.0,10090.0,9960.0
2011/07/05,Tue,9960.0,9960.0,10000.0,9940.0
2011/07/04,Mon,9830.0,9960.0,10010.0,9830.0
2011/07/03,Sun,,,,
2011/07/02,Sat,,,,
2011/07/01,Fri,9820.0,9850.0,9900.0,9800.0
2011/06/30,Thu,9780.0,9820.0,9850.0,9780.0
2011/06/29,Wed,9650.0,9790.0,9800.0,9630.0
2011/06/28,Tue,9610.0,9650.0,9710.0,9590.0
2011/06/27,Mon,9670.0,9590.0,9710.0,9560.0
2011/06/26,Sun,,,,
2011/06/25,Sat,,,,
2011/06/24,Fri,9580.0,9670.0,9690.0,9500.0
2011/06/23,Thu,9590.0,9600.0,9650.0,9540.0
2011/06/22,Wed,9460.0,9610.0,9650.0,9440.0
2011/06/21,Tue,9340.0,9450.0,9450.0,9320.0
2011/06/20,Mon,9330.0,9350.0,9420.0,9290.0
2011/06/19,Sun,,,,
2011/06/18,Sat,,,,
2011/06/17,Fri,9410.0,9340.0,9450.0,9310.0
2011/06/16,Thu,9570.0,9410.0,9570.0,9390.0
2011/06/15,Wed,9540.0,9580.0,9590.0,9510.0
2011/06/14,Tue,9440.0,9530.0,9560.0,9420.0
2011/06/13,Mon,9480.0,9450.0,9500.0,9380.0
2011/06/12,Sun,,,,
2011/06/11,Sat,,,,
2011/06/10,Fri,9510.0,9500.0,9620.0,9460.0
2011/06/09,Thu,9440.0,9480.0,9480.0,9370.0
2011/06/08,Wed,9460.0,9460.0,9480.0,9390.0
2011/06/07,Tue,9420.0,9450.0,9460.0,9360.0
2011/06/06,Mon,9500.0,9400.0,9520.0,9350.0
2011/06/05,Sun,,,,
2011/06/04,Sat,,,,
2011/06/03,Fri,9560.0,9520.0,9610.0,9490.0
2011/06/02,Thu,9700.0,9550.0,9710.0,9510.0
2011/06/01,Wed,9700.0,9710.0,9750.0,9660.0
2011/05/31,Tue,9520.0,9690.0,9700.0,9490.0
2011/05/30,Mon,9540.0,9520.0,9550.0,9450.0
2011/05/29,Sun,,,,
2011/05/28,Sat,,,,
2011/05/27,Fri,9570.0,9530.0,9600.0,9490.0
2011/05/26,Thu,9430.0,9550.0,9570.0,9420.0
2011/05/25,Wed,9500.0,9410.0,9540.0,9410.0
2011/05/24,Tue,9440.0,9480.0,9500.0,9380.0
2011/05/23,Mon,9610.0,9460.0,9630.0,9430.0
2011/05/22,Sun,,,,
2011/05/21,Sat,,,,
2011/05/20,Fri,9650.0,9620.0,9690.0,9600.0
2011/05/19,Thu,9670.0,9630.0,9730.0,9600.0
2011/05/18,Wed,9570.0,9670.0,9690.0,9540.0
2011/05/17,Tue,9580.0,9580.0,9600.0,9500.0
2011/05/16,Mon,9700.0,9560.0,9720.0,9550.0
2011/05/15,Sun,,,,
2011/05/14,Sat,,,,
2011/05/13,Fri,9710.0,9670.0,9760.0,9550.0
2011/05/12,Thu,9840.0,9700.0,9890.0,9700.0
2011/05/11,Wed,9840.0,9860.0,9930.0,9840.0
2011/05/10,Tue,9810.0,9820.0,9860.0,9750.0
2011/05/09,Mon,9840.0,9810.0,9920.0,9780.0
2011/05/08,Sun,,,,
2011/05/07,Sat,,,,
2011/05/06,Fri,10030.0,9850.0,10040.0,9780.0
2011/05/05,Thu,9887.5,9787.5,9887.5,9682.5
2011/05/04,Wed,9882.5,9852.5,9947.5,9807.5
2011/05/03,Tue,9967.5,9932.5,9972.5,9872.5
2011/05/02,Mon,9860.0,10030.0,10040.0,9850.0
2011/05/01,Sun,,,,
2011/04/30,Sat,,,,
2011/04/29,Fri,9927.5,9932.5,9962.5,9887.5
2011/04/28,Thu,9680.0,9870.0,9870.0,9680.0
2011/04/27,Wed,9580.0,9710.0,9730.0,9570.0
2011/04/26,Tue,9680.0,9550.0,9680.0,9530.0
2011/04/25,Mon,9670.0,9680.0,9750.0,9650.0
2011/04/24,Sun,,,,
2011/04/23,Sat,,,,
2011/04/22,Fri,9680.0,9680.0,9740.0,9610.0
2011/04/21,Thu,9630.0,9680.0,9740.0,9620.0
2011/04/20,Wed,9450.0,9610.0,9640.0,9410.0
2011/04/19,Tue,9530.0,9440.0,9530.0,9380.0
2011/04/18,Mon,9580.0,9560.0,9620.0,9540.0
2011/04/17,Sun,,,,
2011/04/16,Sat,,,,
2011/04/15,Fri,9620.0,9560.0,9660.0,9550.0
2011/04/14,Thu,9630.0,9650.0,9690.0,9550.0
2011/04/13,Wed,9560.0,9640.0,9670.0,9510.0
2011/04/12,Tue,9720.0,9560.0,9730.0,9500.0
2011/04/11,Mon,9780.0,9720.0,9800.0,9700.0
2011/04/10,Sun,,,,
2011/04/09,Sat,,,,
2011/04/08,Fri,9620.0,9770.0,9820.0,9530.0
2011/04/07,Thu,9630.0,9590.0,9700.0,9580.0
2011/04/06,Wed,9630.0,9610.0,9690.0,9560.0
2011/04/05,Tue,9730.0,9630.0,9750.0,9570.0
2011/04/04,Mon,9690.0,9710.0,9820.0,9690.0
2011/04/03,Sun,,,,
2011/04/02,Sat,,,,
2011/04/01,Fri,9710.0,9700.0,9830.0,9670.0
2011/03/31,Thu,9730.0,9760.0,9780.0,9660.0
2011/03/30,Wed,9480.0,9710.0,9720.0,9420.0
2011/03/29,Tue,9410.0,9480.0,9510.0,9320.0
2011/03/28,Mon,9460.0,9410.0,9520.0,9330.0
2011/03/27,Sun,,,,
2011/03/26,Sat,,,,
2011/03/25,Fri,9320.0,9450.0,9510.0,9300.0
2011/03/24,Thu,9360.0,9350.0,9430.0,9300.0
2011/03/23,Wed,9530.0,9380.0,9540.0,9300.0
2011/03/22,Tue,9110.0,9530.0,9550.0,9000.0
2011/03/21,Mon,9377.5,9482.5,9547.5,9357.5
2011/03/20,Sun,,,,
2011/03/19,Sat,,,,
2011/03/18,Fri,8880.0,9130.0,9200.0,8590.0
2011/03/17,Thu,8980.0,8930.0,9020.0,8400.0
2011/03/16,Wed,8750.0,9000.0,9070.0,8310.0
2011/03/15,Tue,9440.0,8640.0,9560.0,7800.0
2011/03/14,Mon,10000.0,9460.0,10130.0,9430.0
2011/03/13,Sun,,,,
2011/03/12,Sat,,,,
2011/03/11,Fri,10370.0,10170.0,10380.0,10160.0
2011/03/10,Thu,10530.0,10370.0,10540.0,10330.0
2011/03/09,Wed,10590.0,10600.0,10670.0,10520.0
2011/03/08,Tue,10530.0,10520.0,10580.0,10500.0
2011/03/07,Mon,10700.0,10530.0,10740.0,10460.0
2011/03/06,Sun,,,,
2011/03/05,Sat,,,,
2011/03/04,Fri,10580.0,10700.0,10780.0,10530.0
2011/03/03,Thu,10510.0,10590.0,10600.0,10470.0
2011/03/02,Wed,10760.0,10490.0,10790.0,10490.0
2011/03/01,Tue,10620.0,10750.0,10760.0,10610.0
2011/02/28,Mon,10510.0,10630.0,10630.0,10440.0
2011/02/27,Sun,,,,
2011/02/26,Sat,,,,
2011/02/25,Fri,10440.0,10510.0,10540.0,10390.0
2011/02/24,Thu,10570.0,10470.0,10630.0,10430.0
2011/02/23,Wed,10630.0,10570.0,10660.0,10550.0
2011/02/22,Tue,10860.0,10660.0,10870.0,10630.0
2011/02/21,Mon,10850.0,10870.0,10870.0,10780.0
2011/02/20,Sun,,,,
2011/02/19,Sat,,,,
2011/02/18,Fri,10850.0,10850.0,10860.0,10800.0
2011/02/17,Thu,10810.0,10840.0,10890.0,10800.0
2011/02/16,Wed,10730.0,10800.0,10840.0,10710.0
2011/02/15,Tue,10740.0,10740.0,10770.0,10710.0
2011/02/14,Mon,10600.0,10730.0,10730.0,10540.0
2011/02/13,Sun,,,,
2011/02/12,Sat,,,,
2011/02/11,Fri,10615.5,10705.5,10722.5,10577.5
2011/02/10,Thu,10600.0,10620.0,10630.0,10560.0
2011/02/09,Wed,10640.0,10620.0,10700.0,10590.0
2011/02/08,Tue,10590.0,10630.0,10650.0,10580.0
2011/02/07,Mon,10530.0,10590.0,10660.0,10520.0
2011/02/06,Sun,,,,
2011/02/05,Sat,,,,
2011/02/04,Fri,10460.0,10530.0,10590.0,10450.0
2011/02/03,Thu,10450.0,10440.0,10460.0,10410.0
2011/02/02,Wed,10280.0,10460.0,10490.0,10250.0
2011/02/01,Tue,10240.0,10270.0,10300.0,10200.0
2011/01/31,Mon,10380.0,10230.0,10410.0,10180.0
2011/01/30,Sun,,,,
2011/01/29,Sat,,,,
2011/01/28,Fri,10480.0,10370.0,10490.0,10330.0
2011/01/27,Thu,10420.0,10480.0,10490.0,10400.0
2011/01/26,Wed,10470.0,10420.0,10480.0,10390.0
2011/01/25,Tue,10340.0,10470.0,10480.0,10330.0
2011/01/24,Mon,10280.0,10340.0,10360.0,10270.0
2011/01/23,Sun,,,,
2011/01/22,Sat,,,,
2011/01/21,Fri,10420.0,10280.0,10480.0,10250.0
2011/01/20,Thu,10580.0,10440.0,10580.0,10420.0
2011/01/19,Wed,10510.0,10570.0,10590.0,10510.0
2011/01/18,Tue,10500.0,10520.0,10550.0,10450.0
2011/01/17,Mon,10510.0,10500.0,10570.0,10470.0
2011/01/16,Sun,,,,
2011/01/15,Sat,,,,
2011/01/14,Fri,10570.0,10500.0,10590.0,10490.0
2011/01/13,Thu,10530.0,10560.0,10620.0,10520.0
2011/01/12,Wed,10510.0,10520.0,10580.0,10500.0
2011/01/11,Tue,10540.0,10510.0,10560.0,10470.0
2011/01/10,Mon,10491.5,10457.5,10492.5,10367.5
2011/01/09,Sun,,,,
2011/01/08,Sat,,,,
2011/01/07,Fri,10520.0,10550.0,10560.0,10500.0
2011/01/06,Thu,10380.0,10510.0,10540.0,10330.0
2011/01/05,Wed,10400.0,10380.0,10420.0,10360.0
2011/01/04,Tue,10220.0,10380.0,10420.0,10200.0
2011/01/03,Mon,10222.5,10352.5,10392.5,10215.5
2011/01/02,Sun,,,,
2011/01/01,Sat,,,,
2010/12/31,Fri,10180.5,10197.5,10207.5,10127.5
2010/12/30,Thu,10360.0,10210.0,10360.0,10200.0
2010/12/29,Wed,10300.0,10360.0,10360.0,10280.0
2010/12/28,Tue,10330.0,10320.0,10340.0,10290.0
2010/12/27,Mon,10290.0,10350.0,10380.0,10280.0
2010/12/26,Sun,,,,
2010/12/25,Sat,,,,
2010/12/24,Fri,10330.0,10280.0,10340.0,10260.0
2010/12/23,Thu,10342.5,10252.5,10355.5,10232.5
2010/12/22,Wed,10360.0,10330.0,10390.0,10320.0
2010/12/21,Tue,10240.0,10350.0,10370.0,10240.0
2010/12/20,Mon,10300.0,10230.0,10300.0,10170.0
2010/12/19,Sun,,,,
2010/12/18,Sat,,,,
2010/12/17,Fri,10290.0,10290.0,10320.0,10280.0
2010/12/16,Thu,10290.0,10300.0,10350.0,10280.0
2010/12/15,Wed,10320.0,10300.0,10340.0,10270.0
2010/12/14,Tue,10280.0,10310.0,10330.0,10260.0
2010/12/13,Mon,10200.0,10280.0,10290.0,10190.0
2010/12/12,Sun,,,,
2010/12/11,Sat,,,,
2010/12/10,Fri,10300.0,10210.0,10330.0,10180.0
2010/12/09,Thu,10210.0,10270.0,10290.0,10200.0
2010/12/08,Wed,10150.0,10240.0,10270.0,10150.0
2010/12/07,Tue,10180.0,10150.0,10180.0,10090.0
2010/12/06,Mon,10200.0,10180.0,10250.0,10100.0
2010/12/05,Sun,,,,
2010/12/04,Sat,,,,
2010/12/03,Fri,10180.0,10190.0,10260.0,10150.0
2010/12/02,Thu,10020.0,10160.0,10200.0,10010.0
2010/12/01,Wed,9950.0,10000.0,10010.0,9860.0
2010/11/30,Tue,10140.0,9950.0,10160.0,9930.0
2010/11/29,Mon,10050.0,10120.0,10160.0,9990.0
2010/11/28,Sun,,,,
2010/11/27,Sat,,,,
2010/11/26,Fri,10090.0,10060.0,10140.0,10040.0
2010/11/25,Thu,10030.0,10080.0,10130.0,9930.0
2010/11/24,Wed,10150.0,10040.0,10150.0,9900.0
2010/11/23,Tue,9957.5,9932.5,9987.5,9787.5
2010/11/22,Mon,10060.0,10120.0,10170.0,10030.0
2010/11/21,Sun,,,,
2010/11/20,Sat,,,,
2010/11/19,Fri,9990.0,10050.0,10140.0,9990.0
2010/11/18,Thu,9810.0,9980.0,10020.0,9790.0
2010/11/17,Wed,9770.0,9830.0,9830.0,9700.0
2010/11/16,Tue,9840.0,9780.0,9920.0,9770.0
2010/11/15,Mon,9680.0,9820.0,9840.0,9640.0
2010/11/14,Sun,,,,
2010/11/13,Sat,,,,
2010/11/12,Fri,9870.0,9740.0,9880.0,9720.0
2010/11/11,Thu,9810.0,9860.0,9900.0,9790.0
2010/11/10,Wed,9700.0,9810.0,9850.0,9670.0
2010/11/09,Tue,9700.0,9690.0,9740.0,9650.0
2010/11/08,Mon,9640.0,9720.0,9740.0,9580.0
2010/11/07,Sun,,,,
2010/11/06,Sat,,,,
2010/11/05,Fri,9380.0,9650.0,9690.0,9370.0
2010/11/04,Thu,9170.0,9360.0,9380.0,9160.0
2010/11/03,Wed,9207.5,9297.5,9312.5,9172.5
2010/11/02,Tue,9160.0,9170.0,9180.0,9120.0
2010/11/01,Mon,9210.0,9160.0,9270.0,9130.0
2010/10/31,Sun,,,,
2010/10/30,Sat,,,,
2010/10/29,Fri,9360.0,9190.0,9380.0,9170.0
2010/10/28,Thu,9380.0,9370.0,9420.0,9350.0
2010/10/27,Wed,9370.0,9410.0,9460.0,9330.0
2010/10/26,Tue,9410.0,9360.0,9470.0,9360.0
2010/10/25,Mon,9410.0,9430.0,9460.0,9390.0
2010/10/24,Sun,,,,
2010/10/23,Sat,,,,
2010/10/22,Fri,9380.0,9420.0,9460.0,9370.0
2010/10/21,Thu,9390.0,9370.0,9490.0,9330.0
2010/10/20,Wed,9540.0,9380.0,9550.0,9310.0
2010/10/19,Tue,9480.0,9530.0,9580.0,9460.0
2010/10/18,Mon,9520.0,9490.0,9570.0,9470.0
2010/10/17,Sun,,,,
2010/10/16,Sat,,,,
2010/10/15,Fri,9600.0,9520.0,9600.0,9480.0
2010/10/14,Thu,9430.0,9570.0,9620.0,9430.0
2010/10/13,Wed,9420.0,9410.0,9510.0,9370.0
2010/10/12,Tue,9550.0,9400.0,9650.0,9380.0
2010/10/11,Mon,9611.5,9652.5,9652.5,9590.5
2010/10/10,Sun,,,,
2010/10/09,Sat,,,,
2010/10/08,Fri,9660.0,9580.0,9690.0,9580.0
2010/10/07,Thu,9700.0,9690.0,9730.0,9650.0
2010/10/06,Wed,9470.0,9700.0,9700.0,9460.0
2010/10/05,Tue,9330.0,9520.0,9540.0,9300.0
2010/10/04,Mon,9410.0,9350.0,9520.0,9350.0
2010/10/03,Sun,,,,
2010/10/02,Sat,,,,
2010/10/01,Fri,9390.0,9390.0,9480.0,9360.0
2010/09/30,Thu,9580.0,9360.0,9580.0,9360.0
2010/09/29,Wed,9430.0,9560.0,9610.0,9420.0
2010/09/28,Tue,9520.0,9490.0,9560.0,9470.0
2010/09/27,Mon,9400.0,9540.0,9570.0,9370.0
2010/09/26,Sun,,,,
2010/09/25,Sat,,,,
2010/09/24,Fri,9480.0,9400.0,9560.0,9360.0
2010/09/23,Thu,9467.5,9357.5,9472.5,9320.5
2010/09/22,Wed,9540.0,9520.0,9580.0,9490.0
2010/09/21,Tue,9590.0,9530.0,9650.0,9500.0
2010/09/20,Mon,9550.5,9637.5,9696.5,9527.5
2010/09/19,Sun,,,,
2010/09/18,Sat,,,,
2010/09/17,Fri,9470.0,9570.0,9600.0,9440.0
2010/09/16,Thu,9480.0,9430.0,9580.0,9420.0
2010/09/15,Wed,9220.0,9470.0,9540.0,9140.0
2010/09/14,Tue,9270.0,9250.0,9310.0,9200.0
2010/09/13,Mon,9180.0,9260.0,9350.0,9160.0
2010/09/12,Sun,,,,
2010/09/11,Sat,,,,
2010/09/10,Fri,9020.0,9180.0,9240.0,9010.0
2010/09/09,Thu,8980.0,9030.0,9080.0,8960.0
2010/09/08,Wed,9170.0,9010.0,9180.0,8990.0
2010/09/07,Tue,9260.0,9220.0,9320.0,9200.0
2010/09/06,Mon,9100.0,9290.0,9310.0,9100.0
2010/09/05,Sun,,,,
2010/09/04,Sat,,,,
2010/09/03,Fri,9000.0,9100.0,9150.0,8990.0
2010/09/02,Thu,8880.0,9040.0,9090.0,8850.0
2010/09/01,Wed,8830.0,8930.0,8940.0,8760.0
2010/08/31,Tue,9120.0,8800.0,9140.0,8790.0
2010/08/30,Mon,8950.0,9130.0,9290.0,8920.0
2010/08/29,Sun,,,,
2010/08/28,Sat,,,,
2010/08/27,Fri,8880.0,8970.0,9020.0,8800.0
2010/08/26,Thu,8840.0,8890.0,8910.0,8730.0
2010/08/25,Wed,8910.0,8830.0,8950.0,8790.0
2010/08/24,Tue,9090.0,8970.0,9140.0,8960.0
2010/08/23,Mon,9160.0,9100.0,9180.0,9070.0
2010/08/22,Sun,,,,
2010/08/21,Sat,,,,
2010/08/20,Fri,9350.0,9160.0,9360.0,9150.0
2010/08/19,Thu,9230.0,9360.0,9380.0,9180.0
2010/08/18,Wed,9180.0,9240.0,9280.0,9140.0
2010/08/17,Tue,9200.0,9170.0,9210.0,9070.0
2010/08/16,Mon,9250.0,9180.0,9270.0,9080.0
2010/08/15,Sun,,,,
2010/08/14,Sat,,,,
2010/08/13,Fri,9250.0,9270.0,9280.0,9070.0
2010/08/12,Thu,9230.0,9190.0,9260.0,9050.0
2010/08/11,Wed,9520.0,9280.0,9520.0,9270.0
2010/08/10,Tue,9570.0,9540.0,9670.0,9500.0
2010/08/09,Mon,9650.0,9560.0,9680.0,9500.0
2010/08/08,Sun,,,,
2010/08/07,Sat,,,,
2010/08/06,Fri,9590.0,9650.0,9660.0,9530.0
2010/08/05,Thu,9520.0,9620.0,9690.0,9470.0
2010/08/04,Wed,9640.0,9490.0,9660.0,9470.0
2010/08/03,Tue,9580.0,9680.0,9750.0,9570.0
2010/08/02,Mon,9530.0,9560.0,9680.0,9410.0
2010/08/01,Sun,,,,
2010/07/31,Sat,,,,
2010/07/30,Fri,9710.0,9530.0,9740.0,9500.0
2010/07/29,Thu,9740.0,9690.0,9750.0,9640.0
2010/07/28,Wed,9540.0,9730.0,9760.0,9530.0
2010/07/27,Tue,9460.0,9500.0,9540.0,9420.0
2010/07/26,Mon,9430.0,9490.0,9560.0,9420.0
2010/07/25,Sun,,,,
2010/07/24,Sat,,,,
2010/07/23,Fri,9230.0,9440.0,9480.0,9220.0
2010/07/22,Thu,9320.0,9200.0,9330.0,9170.0
2010/07/21,Wed,9280.0,9280.0,9400.0,9160.0
2010/07/20,Tue,9450.0,9300.0,9470.0,9240.0
2010/07/19,Mon,9237.5,9247.5,9297.5,9177.5
2010/07/18,Sun,,,,
2010/07/17,Sat,,,,
2010/07/16,Fri,9630.0,9400.0,9680.0,9380.0
2010/07/15,Thu,9780.0,9670.0,9800.0,9660.0
2010/07/14,Wed,9520.0,9790.0,9810.0,9510.0
2010/07/13,Tue,9510.0,9530.0,9630.0,9490.0
2010/07/12,Mon,9570.0,9550.0,9640.0,9530.0
2010/07/11,Sun,,,,
2010/07/10,Sat,,,,
2010/07/09,Fri,9520.0,9580.0,9610.0,9480.0
2010/07/08,Thu,9270.0,9540.0,9550.0,9220.0
2010/07/07,Wed,9390.0,9290.0,9450.0,9210.0
2010/07/06,Tue,9260.0,9350.0,9360.0,9080.0
2010/07/05,Mon,9210.0,9260.0,9280.0,9200.0
2010/07/04,Sun,,,,
2010/07/03,Sat,,,,
2010/07/02,Fri,9160.0,9210.0,9250.0,9150.0
2010/07/01,Thu,9380.0,9180.0,9390.0,9140.0
2010/06/30,Wed,9540.0,9360.0,9540.0,9340.0
2010/06/29,Tue,9690.0,9550.0,9770.0,9540.0
2010/06/28,Mon,9760.0,9690.0,9780.0,9670.0
2010/06/27,Sun,,,,
2010/06/26,Sat,,,,
2010/06/25,Fri,9880.0,9740.0,9880.0,9690.0
2010/06/24,Thu,9920.0,9910.0,10010.0,9890.0
2010/06/23,Wed,10110.0,9900.0,10140.0,9900.0
2010/06/22,Tue,10250.0,10110.0,10260.0,10100.0
2010/06/21,Mon,9980.0,10230.0,10250.0,9960.0
2010/06/20,Sun,,,,
2010/06/19,Sat,,,,
2010/06/18,Fri,9990.0,10000.0,10080.0,9960.0
2010/06/17,Thu,10080.0,10010.0,10080.0,9980.0
2010/06/16,Wed,9830.0,10090.0,10110.0,9800.0
2010/06/15,Tue,9870.0,9840.0,9910.0,9820.0
2010/06/14,Mon,9690.0,9880.0,9890.0,9660.0
2010/06/13,Sun,,,,
2010/06/12,Sat,,,,
2010/06/11,Fri,9480.0,9710.0,9770.0,9480.0
2010/06/10,Thu,9520.0,9510.0,9550.0,9430.0
2010/06/09,Wed,9500.0,9480.0,9530.0,9370.0
2010/06/08,Tue,9540.0,9530.0,9590.0,9420.0
2010/06/07,Mon,9950.0,9510.0,9970.0,9490.0
2010/06/06,Sun,,,,
2010/06/05,Sat,,,,
2010/06/04,Fri,9950.0,9930.0,9990.0,9860.0
2010/06/03,Thu,9650.0,9940.0,9950.0,9590.0
2010/06/02,Wed,9650.0,9610.0,9770.0,9550.0
2010/06/01,Tue,9750.0,9740.0,9760.0,9650.0
2010/05/31,Mon,9780.0,9760.0,9870.0,9720.0
2010/05/30,Sun,,,,
2010/05/29,Sat,,,,
2010/05/28,Fri,9680.0,9800.0,9830.0,9610.0
2010/05/27,Thu,9450.0,9650.0,9650.0,9390.0
2010/05/26,Wed,9380.0,9490.0,9630.0,9270.0
2010/05/25,Tue,9790.0,9440.0,9800.0,9420.0
2010/05/24,Mon,9740.0,9760.0,9790.0,9620.0
2010/05/23,Sun,,,,
2010/05/22,Sat,,,,
2010/05/21,Fri,10050.0,9730.0,10100.0,9690.0
2010/05/20,Thu,10170.0,10040.0,10170.0,10000.0
2010/05/19,Wed,10330.0,10140.0,10340.0,10040.0
2010/05/18,Tue,10290.0,10260.0,10340.0,10200.0
2010/05/17,Mon,10460.0,10240.0,10460.0,10150.0
2010/05/16,Sun,,,,
2010/05/15,Sat,,,,
2010/05/14,Fri,10660.0,10450.0,10670.0,10380.0
2010/05/13,Thu,10410.0,10640.0,10650.0,10400.0
2010/05/12,Wed,10400.0,10370.0,10510.0,10340.0
2010/05/11,Tue,10590.0,10400.0,10720.0,10390.0
2010/05/10,Mon,10380.0,10540.0,10550.0,10340.0
2010/05/09,Sun,,,,
2010/05/08,Sat,,,,
2010/05/07,Fri,10620.0,10430.0,10690.0,10200.0
2010/05/06,Thu,11080.0,10680.0,11110.0,10670.0
2010/05/05,Wed,10718.5,10712.5,10743.8,10577.5
2010/05/04,Tue,11098.5,10712.5,11111.8,10675.5
2010/05/03,Mon,10987.5,11105.5,11142.5,10985.4
2010/05/02,Sun,,,,
2010/05/01,Sat,,,,
2010/04/30,Fri,10920.0,11050.0,11100.0,10830.0
2010/04/29,Thu,10945.5,11077.5,11097.5,10917.5
2010/04/28,Wed,11170.0,10940.0,11190.0,10870.0
2010/04/27,Tue,11180.0,11210.0,11220.0,11110.0
2010/04/26,Mon,10920.0,11160.0,11170.0,10910.0
2010/04/25,Sun,,,,
2010/04/24,Sat,,,,
2010/04/23,Fri,10960.0,10950.0,10990.0,10850.0
2010/04/22,Thu,11090.0,10950.0,11090.0,10860.0
2010/04/21,Wed,10920.0,11100.0,11100.0,10910.0
2010/04/20,Tue,10880.0,10900.0,11010.0,10840.0
2010/04/19,Mon,11090.0,10910.0,11150.0,10880.0
2010/04/18,Sun,,,,
2010/04/17,Sat,,,,
2010/04/16,Fri,11260.0,11090.0,11260.0,11080.0
2010/04/15,Thu,11210.0,11270.0,11330.0,11210.0
2010/04/14,Wed,11180.0,11210.0,11280.0,11150.0
2010/04/13,Tue,11250.0,11150.0,11280.0,11090.0
2010/04/12,Mon,11220.0,11260.0,11370.0,11220.0
2010/04/11,Sun,,,,
2010/04/10,Sat,,,,
2010/04/09,Fri,11150.0,11210.0,11220.0,11100.0
2010/04/08,Thu,11270.0,11170.0,11290.0,11160.0
2010/04/07,Wed,11280.0,11290.0,11370.0,11270.0
2010/04/06,Tue,11350.0,11280.0,11370.0,11220.0
2010/04/05,Mon,11320.0,11360.0,11390.0,11310.0
2010/04/04,Sun,,,,
2010/04/03,Sat,,,,
2010/04/02,Fri,11230.0,11310.0,11330.0,11230.0
2010/04/01,Thu,11100.0,11230.0,11290.0,11090.0
2010/03/31,Wed,11150.0,11100.0,11160.0,11080.0
2010/03/30,Tue,11050.0,11120.0,11130.0,11010.0
2010/03/29,Mon,10940.0,11020.0,11020.0,10900.0
2010/03/28,Sun,,,,
2010/03/27,Sat,,,,
2010/03/26,Fri,10780.0,10930.0,10950.0,10770.0
2010/03/25,Thu,10730.0,10770.0,10810.0,10700.0
2010/03/24,Wed,10690.0,10740.0,10830.0,10660.0
2010/03/23,Tue,10760.0,10720.0,10760.0,10700.0
2010/03/22,Mon,10647.5,10727.5,10727.5,10557.5
2010/03/21,Sun,,,,
2010/03/20,Sat,,,,
2010/03/19,Fri,10680.0,10750.0,10770.0,10650.0
2010/03/18,Thu,10780.0,10690.0,10800.0,10670.0
2010/03/17,Wed,10680.0,10780.0,10810.0,10670.0
2010/03/16,Tue,10680.0,10670.0,10720.0,10650.0
2010/03/15,Mon,10680.0,10670.0,10750.0,10650.0
2010/03/14,Sun,,,,
2010/03/13,Sat,,,,
2010/03/12,Fri,10620.0,10680.0,10720.0,10570.0
2010/03/11,Thu,10500.0,10610.0,10620.0,10490.0
2010/03/10,Wed,10560.0,10570.0,10590.0,10510.0
2010/03/09,Tue,10600.0,10560.0,10600.0,10540.0
2010/03/08,Mon,10380.0,10580.0,10590.0,10360.0
2010/03/07,Sun,,,,
2010/03/06,Sat,,,,
2010/03/05,Fri,10120.0,10370.0,10390.0,10110.0
2010/03/04,Thu,10230.0,10140.0,10270.0,10130.0
2010/03/03,Wed,10230.0,10230.0,10280.0,10180.0
2010/03/02,Tue,10210.0,10230.0,10250.0,10140.0
2010/03/01,Mon,10100.0,10170.0,10220.0,10080.0
2010/02/28,Sun,,,,
2010/02/27,Sat,,,,
2010/02/26,Fri,10110.0,10100.0,10180.0,10080.0
2010/02/25,Thu,10180.0,10100.0,10270.0,10080.0
2010/02/24,Wed,10350.0,10200.0,10370.0,10120.0
2010/02/23,Tue,10370.0,10350.0,10390.0,10270.0
2010/02/22,Mon,10140.0,10370.0,10450.0,10120.0
2010/02/21,Sun,,,,
2010/02/20,Sat,,,,
2010/02/19,Fri,10300.0,10140.0,10360.0,10120.0
2010/02/18,Thu,10270.0,10330.0,10340.0,10260.0
2010/02/17,Wed,10040.0,10290.0,10310.0,10040.0
2010/02/16,Tue,10000.0,10020.0,10060.0,10000.0
2010/02/15,Mon,10090.0,10010.0,10120.0,10000.0
2010/02/14,Sun,,,,
2010/02/13,Sat,,,,
2010/02/12,Fri,10010.0,10100.0,10100.0,9970.0
2010/02/11,Thu,10077.5,10067.5,10092.5,9935.5
2010/02/10,Wed,9970.0,9990.0,10050.0,9950.0
2010/02/09,Tue,9970.0,9940.0,10020.0,9860.0
2010/02/08,Mon,10070.0,9960.0,10070.0,9910.0
2010/02/07,Sun,,,,
2010/02/06,Sat,,,,
2010/02/05,Fri,10330.0,10060.0,10340.0,10020.0
2010/02/04,Thu,10420.0,10350.0,10450.0,10280.0
2010/02/03,Wed,10370.0,10420.0,10430.0,10330.0
2010/02/02,Tue,10220.0,10370.0,10400.0,10200.0
2010/02/01,Mon,10190.0,10190.0,10240.0,10120.0
2010/01/31,Sun,,,,
2010/01/30,Sat,,,,
2010/01/29,Fri,10400.0,10160.0,10460.0,10150.0
2010/01/28,Thu,10230.0,10420.0,10470.0,10210.0
2010/01/27,Wed,10310.0,10270.0,10380.0,10250.0
2010/01/26,Tue,10500.0,10340.0,10580.0,10320.0
2010/01/25,Mon,10620.0,10510.0,10640.0,10400.0
2010/01/24,Sun,,,,
2010/01/23,Sat,,,,
2010/01/22,Fri,10830.0,10590.0,10830.0,10510.0
2010/01/21,Thu,10690.0,10840.0,10890.0,10640.0
2010/01/20,Wed,10780.0,10710.0,10860.0,10700.0
2010/01/19,Tue,10840.0,10760.0,10870.0,10740.0
2010/01/18,Mon,10950.0,10840.0,10960.0,10770.0
2010/01/17,Sun,,,,
2010/01/16,Sat,,,,
2010/01/15,Fri,10900.0,10970.0,10980.0,10870.0
2010/01/14,Thu,10700.0,10890.0,10910.0,10680.0
2010/01/13,Wed,10890.0,10720.0,10890.0,10710.0
2010/01/12,Tue,10830.0,10890.0,10910.0,10750.0
2010/01/11,Mon,10840.5,10757.5,10902.5,10757.5
2010/01/10,Sun,,,,
2010/01/09,Sat,,,,
2010/01/08,Fri,10700.0,10810.0,10830.0,10650.0
2010/01/07,Thu,10710.0,10700.0,10780.0,10640.0
2010/01/06,Wed,10710.0,10710.0,10780.0,10660.0
2010/01/05,Tue,10670.0,10690.0,10800.0,10650.0
2010/01/04,Mon,10540.0,10640.0,10700.0,10510.0
2010/01/03,Sun,,,,
2010/01/02,Sat,,,,
2010/01/01,Fri,10607.5,10607.5,10607.5,10607.5
2009/12/31,Thu,10622.5,10610.5,10667.5,10587.5
2009/12/30,Wed,10680.0,10540.0,10730.0,10530.0
2009/12/29,Tue,10630.0,10650.0,10720.0,10590.0
2009/12/28,Mon,10520.0,10630.0,10670.0,10510.0
2009/12/27,Sun,,,,
2009/12/26,Sat,,,,
2009/12/25,Fri,10520.0,10510.0,10530.0,10470.0
2009/12/24,Thu,10350.0,10510.0,10560.0,10330.0
2009/12/23,Wed,10427.5,10472.5,10482.5,10412.5
2009/12/22,Tue,10180.0,10350.0,10380.0,10160.0
2009/12/21,Mon,10150.0,10190.0,10210.0,10150.0
2009/12/20,Sun,,,,
2009/12/19,Sat,,,,
2009/12/18,Fri,10120.0,10140.0,10160.0,10010.0
2009/12/17,Thu,10170.0,10150.0,10260.0,10150.0
2009/12/16,Wed,10070.0,10180.0,10230.0,10050.0
2009/12/15,Tue,10100.0,10070.0,10110.0,10020.0
2009/12/14,Mon,10070.0,10100.0,10120.0,10000.0
2009/12/13,Sun,,,,
2009/12/12,Sat,,,,
2009/12/11,Fri,9830.0,10100.0,10100.0,9790.0
2009/12/10,Thu,9950.0,9830.0,10040.0,9820.0
2009/12/09,Wed,10110.0,10000.0,10130.0,9980.0
2009/12/08,Tue,10140.0,10120.0,10160.0,10060.0
2009/12/07,Mon,10000.0,10150.0,10210.0,9970.0
2009/12/06,Sun,,,,
2009/12/05,Sat,,,,
2009/12/04,Fri,9980.0,10000.0,10030.0,9900.0
2009/12/03,Thu,9630.0,9950.0,9980.0,9610.0
2009/12/02,Wed,9460.0,9630.0,9650.0,9460.0
2009/12/01,Tue,9330.0,9550.0,9570.0,9220.0
2009/11/30,Mon,9040.0,9330.0,9350.0,9000.0
2009/11/29,Sun,,,,
2009/11/28,Sat,,,,
2009/11/27,Fri,9390.0,9070.0,9390.0,9060.0
2009/11/26,Thu,9470.0,9390.0,9490.0,9320.0
2009/11/25,Wed,9350.0,9450.0,9450.0,9320.0
2009/11/24,Tue,9470.0,9390.0,9520.0,9390.0
2009/11/23,Mon,9487.5,9512.5,9617.5,9487.5
2009/11/22,Sun,,,,
2009/11/21,Sat,,,,
2009/11/20,Fri,9540.0,9490.0,9540.0,9420.0
2009/11/19,Thu,9680.0,9550.0,9700.0,9490.0
2009/11/18,Wed,9740.0,9670.0,9800.0,9630.0
2009/11/17,Tue,9820.0,9740.0,9860.0,9710.0
2009/11/16,Mon,9770.0,9800.0,9810.0,9720.0
2009/11/15,Sun,,,,
2009/11/14,Sat,,,,
2009/11/13,Fri,9790.0,9750.0,9820.0,9710.0
2009/11/12,Thu,9910.0,9790.0,9970.0,9780.0
2009/11/11,Wed,9860.0,9880.0,9960.0,9850.0
2009/11/10,Tue,9820.0,9870.0,9990.0,9810.0
2009/11/09,Mon,9790.0,9800.0,9850.0,9730.0
2009/11/08,Sun,,,,
2009/11/07,Sat,,,,
2009/11/06,Fri,9710.0,9780.0,9860.0,9660.0
2009/11/05,Thu,9840.0,9700.0,9880.0,9680.0
2009/11/04,Wed,9830.0,9820.0,9850.0,9760.0
2009/11/03,Tue,,,,
2009/11/02,Mon,10000.0,9830.0,10010.0,9720.0
2009/11/01,Sun,,,,
2009/10/31,Sat,,,,
2009/10/30,Fri,9880.0,10010.0,10050.0,9860.0
2009/10/29,Thu,10080.0,9880.0,10090.0,9850.0
2009/10/28,Wed,10250.0,10080.0,10250.0,10070.0
2009/10/27,Tue,10350.0,10250.0,10400.0,10200.0
2009/10/26,Mon,10320.0,10360.0,10410.0,10250.0
2009/10/25,Sun,,,,
2009/10/24,Sat,,,,
2009/10/23,Fri,10260.0,10290.0,10380.0,10210.0
2009/10/22,Thu,10330.0,10270.0,10350.0,10160.0
2009/10/21,Wed,10320.0,10330.0,10360.0,10280.0
2009/10/20,Tue,10270.0,10330.0,10370.0,10270.0
2009/10/19,Mon,10300.0,10250.0,10300.0,10130.0
2009/10/18,Sun,,,,
2009/10/17,Sat,,,,
2009/10/16,Fri,10240.0,10270.0,10310.0,10220.0
2009/10/15,Thu,10100.0,10240.0,10290.0,10090.0
2009/10/14,Wed,10110.0,10080.0,10120.0,10020.0
2009/10/13,Tue,10020.0,10090.0,10130.0,9960.0
2009/10/12,Mon,,,,
2009/10/11,Sun,,,,
2009/10/10,Sat,,,,
2009/10/09,Fri,9870.0,10010.0,10010.0,9850.0
2009/10/08,Thu,9790.0,9860.0,9870.0,9730.0
2009/10/07,Wed,9700.0,9790.0,9830.0,9690.0
2009/10/06,Tue,9680.0,9680.0,9760.0,9630.0
2009/10/05,Mon,9720.0,9680.0,9770.0,9670.0
2009/10/04,Sun,,,,
2009/10/03,Sat,,,,
2009/10/02,Fri,9990.0,9730.0,10020.0,9710.0
2009/10/01,Thu,10110.0,9980.0,10130.0,9960.0
2009/09/30,Wed,10100.0,10110.0,10150.0,10070.0
2009/09/29,Tue,10030.0,10100.0,10140.0,10010.0
2009/09/28,Mon,10310.0,10030.0,10320.0,9970.0
2009/09/27,Sun,,,,
2009/09/26,Sat,,,,
2009/09/25,Fri,10410.0,10310.0,10460.0,10230.0
2009/09/24,Thu,10340.0,10460.0,10530.0,10320.0
2009/09/23,Wed,,,,
2009/09/22,Tue,,,,
2009/09/21,Mon,,,,
2009/09/20,Sun,,,,
2009/09/19,Sat,,,,
2009/09/18,Fri,10370.0,10340.0,10390.0,10250.0
2009/09/17,Thu,10220.0,10380.0,10400.0,10190.0
2009/09/16,Wed,10200.0,10210.0,10370.0,10150.0
2009/09/15,Tue,10210.0,10190.0,10260.0,10130.0
2009/09/14,Mon,10410.0,10180.0,10420.0,10120.0
2009/09/13,Sun,,,,
2009/09/12,Sat,,,,
2009/09/11,Fri,10470.0,10400.0,10490.0,10360.0
2009/09/10,Thu,10280.0,10470.0,10490.0,10260.0
2009/09/09,Wed,10420.0,10340.0,10440.0,10240.0
2009/09/08,Tue,10320.0,10410.0,10410.0,10300.0
2009/09/07,Mon,10230.0,10310.0,10330.0,10200.0
2009/09/06,Sun,,,,
2009/09/05,Sat,,,,
2009/09/04,Fri,10220.0,10190.0,10260.0,10140.0
2009/09/03,Thu,10280.0,10200.0,10310.0,10180.0
2009/09/02,Wed,10510.0,10310.0,10510.0,10210.0
2009/09/01,Tue,10430.0,10500.0,10590.0,10410.0
2009/08/31,Mon,10540.0,10450.0,10770.0,10420.0
2009/08/30,Sun,,,,
2009/08/29,Sat,,,,
2009/08/28,Fri,10550.0,10530.0,10570.0,10470.0
2009/08/27,Thu,10640.0,10510.0,10660.0,10390.0
2009/08/26,Wed,10540.0,10640.0,10680.0,10520.0
2009/08/25,Tue,10570.0,10500.0,10580.0,10460.0
2009/08/24,Mon,10310.0,10550.0,10600.0,10280.0
2009/08/23,Sun,,,,
2009/08/22,Sat,,,,
2009/08/21,Fri,10380.0,10280.0,10390.0,10130.0
2009/08/20,Thu,10170.0,10360.0,10410.0,10110.0
2009/08/19,Wed,10320.0,10210.0,10340.0,10180.0
2009/08/18,Tue,10230.0,10300.0,10330.0,10160.0
2009/08/17,Mon,10580.0,10250.0,10620.0,10240.0
2009/08/16,Sun,,,,
2009/08/15,Sat,,,,
2009/08/14,Fri,10540.0,10590.0,10640.0,10510.0
2009/08/13,Thu,10370.0,10520.0,10560.0,10340.0
2009/08/12,Wed,10600.0,10440.0,10640.0,10430.0
2009/08/11,Tue,10580.0,10580.0,10600.0,10510.0
2009/08/10,Mon,10380.0,10550.0,10600.0,10330.0
2009/08/09,Sun,,,,
2009/08/08,Sat,,,,
2009/08/07,Fri,10410.0,10420.0,10450.0,10250.0
2009/08/06,Thu,10260.0,10400.0,10440.0,10260.0
2009/08/05,Wed,10420.0,10250.0,10420.0,10240.0
2009/08/04,Tue,10350.0,10400.0,10490.0,10350.0
2009/08/03,Mon,10380.0,10360.0,10390.0,10320.0
2009/08/02,Sun,,,,
2009/08/01,Sat,,,,
2009/07/31,Fri,10200.0,10370.0,10380.0,10180.0
2009/07/30,Thu,10050.0,10200.0,10210.0,10030.0
2009/07/29,Wed,10100.0,10110.0,10170.0,10020.0
2009/07/28,Tue,10080.0,10080.0,10130.0,10040.0
2009/07/27,Mon,9970.0,10080.0,10190.0,9960.0
2009/07/26,Sun,,,,
2009/07/25,Sat,,,,
2009/07/24,Fri,9800.0,9940.0,9960.0,9790.0
2009/07/23,Thu,9690.0,9780.0,9870.0,9650.0
2009/07/22,Wed,9640.0,9730.0,9760.0,9600.0
2009/07/21,Tue,9390.0,9650.0,9660.0,9380.0
2009/07/20,Mon,,,,
2009/07/19,Sun,,,,
2009/07/18,Sat,,,,
2009/07/17,Fri,9360.0,9380.0,9430.0,9320.0
2009/07/16,Thu,9310.0,9330.0,9500.0,9300.0
2009/07/15,Wed,9240.0,9290.0,9340.0,9220.0
2009/07/14,Tue,9040.0,9250.0,9300.0,9020.0
2009/07/13,Mon,9230.0,9040.0,9350.0,9030.0
2009/07/12,Sun,,,,
2009/07/11,Sat,,,,
2009/07/10,Fri,9330.0,9250.0,9380.0,9250.0
2009/07/09,Thu,9460.0,9310.0,9460.0,9270.0
2009/07/08,Wed,9620.0,9410.0,9690.0,9410.0
2009/07/07,Tue,9670.0,9640.0,9740.0,9600.0
2009/07/06,Mon,9820.0,9700.0,9830.0,9650.0
2009/07/05,Sun,,,,
2009/07/04,Sat,,,,
2009/07/03,Fri,9860.0,9840.0,9870.0,9680.0
2009/07/02,Thu,9970.0,9890.0,9990.0,9870.0
2009/07/01,Wed,9930.0,9930.0,10090.0,9860.0
2009/06/30,Tue,9830.0,9930.0,10010.0,9820.0
2009/06/29,Mon,9930.0,9820.0,9950.0,9750.0
2009/06/28,Sun,,,,
2009/06/27,Sat,,,,
2009/06/26,Fri,9760.0,9900.0,9910.0,9730.0
2009/06/25,Thu,9550.0,9790.0,9890.0,9550.0
2009/06/24,Wed,9580.0,9570.0,9630.0,9520.0
2009/06/23,Tue,9780.0,9540.0,9790.0,9510.0
2009/06/22,Mon,9760.0,9830.0,9900.0,9760.0
2009/06/21,Sun,,,,
2009/06/20,Sat,,,,
2009/06/19,Fri,9760.0,9770.0,9830.0,9680.0
2009/06/18,Thu,9810.0,9730.0,9830.0,9650.0
2009/06/17,Wed,9780.0,9830.0,9850.0,9710.0
2009/06/16,Tue,10020.0,9770.0,10030.0,9750.0
2009/06/15,Mon,10140.0,10040.0,10140.0,10030.0
2009/06/14,Sun,,,,
2009/06/13,Sat,,,,
2009/06/12,Fri,9980.0,10140.0,10180.0,9970.0
2009/06/11,Thu,10020.0,10020.0,10080.0,9970.0
2009/06/10,Wed,9810.0,9990.0,10000.0,9780.0
2009/06/09,Tue,9810.0,9780.0,9860.0,9750.0
2009/06/08,Mon,9790.0,9850.0,9920.0,9780.0
2009/06/07,Sun,,,,
2009/06/06,Sat,,,,
2009/06/05,Fri,9730.0,9780.0,9780.0,9720.0
2009/06/04,Thu,9770.0,9690.0,9780.0,9650.0
2009/06/03,Wed,9690.0,9760.0,9780.0,9670.0
2009/06/02,Tue,9740.0,9710.0,9810.0,9690.0
2009/06/01,Mon,9520.0,9690.0,9700.0,9490.0
2009/05/31,Sun,,,,
2009/05/30,Sat,,,,
2009/05/29,Fri,9450.0,9510.0,9520.0,9420.0
2009/05/28,Thu,9440.0,9450.0,9500.0,9350.0
2009/05/27,Wed,9300.0,9430.0,9500.0,9230.0
2009/05/26,Tue,9330.0,9340.0,9390.0,9230.0
2009/05/25,Mon,9210.0,9340.0,9410.0,9200.0
2009/05/24,Sun,,,,
2009/05/23,Sat,,,,
2009/05/22,Fri,9310.0,9230.0,9320.0,9110.0
2009/05/21,Thu,9350.0,9280.0,9410.0,9180.0
2009/05/20,Wed,9320.0,9330.0,9420.0,9310.0
2009/05/19,Tue,9130.0,9300.0,9340.0,9110.0
2009/05/18,Mon,9250.0,9080.0,9250.0,8990.0
2009/05/17,Sun,,,,
2009/05/16,Sat,,,,
2009/05/15,Fri,9100.0,9270.0,9280.0,9050.0
2009/05/14,Thu,9320.0,9130.0,9340.0,9050.0
2009/05/13,Wed,9350.0,9360.0,9400.0,9270.0
2009/05/12,Tue,9390.0,9320.0,9400.0,9300.0
2009/05/11,Mon,9460.0,9450.0,9510.0,9340.0
2009/05/10,Sun,,,,
2009/05/09,Sat,,,,
2009/05/08,Fri,9360.0,9460.0,9470.0,9340.0
2009/05/07,Thu,9050.0,9370.0,9410.0,9050.0
2009/05/06,Wed,,,,
2009/05/05,Tue,,,,
2009/05/04,Mon,,,,
2009/05/03,Sun,,,,
2009/05/02,Sat,,,,
2009/05/01,Fri,8930.0,9030.0,9050.0,8820.0
2009/04/30,Thu,8490.0,8860.0,8860.0,8480.0
2009/04/29,Wed,,,,
2009/04/28,Tue,8710.0,8510.0,8820.0,8490.0
2009/04/27,Mon,8750.0,8750.0,8850.0,8650.0
2009/04/26,Sun,,,,
2009/04/25,Sat,,,,
2009/04/24,Fri,8840.0,8740.0,8880.0,8690.0
2009/04/23,Thu,8720.0,8830.0,8880.0,8640.0
2009/04/22,Wed,8740.0,8750.0,8820.0,8680.0
2009/04/21,Tue,8920.0,8770.0,8940.0,8610.0
2009/04/20,Mon,8910.0,8930.0,8970.0,8820.0
2009/04/19,Sun,,,,
2009/04/18,Sat,,,,
2009/04/17,Fri,8730.0,8940.0,8970.0,8700.0
2009/04/16,Thu,8760.0,8750.0,9050.0,8720.0
2009/04/15,Wed,8850.0,8740.0,8940.0,8680.0
2009/04/14,Tue,8890.0,8850.0,9000.0,8750.0
2009/04/13,Mon,8960.0,8890.0,9040.0,8880.0
2009/04/12,Sun,,,,
2009/04/11,Sat,,,,
2009/04/10,Fri,8900.0,8970.0,9100.0,8850.0
2009/04/09,Thu,8580.0,8930.0,8950.0,8570.0
2009/04/08,Wed,8850.0,8580.0,8850.0,8560.0
2009/04/07,Tue,8900.0,8860.0,8960.0,8790.0
2009/04/06,Mon,8760.0,8890.0,9010.0,8750.0
2009/04/05,Sun,,,,
2009/04/04,Sat,,,,
2009/04/03,Fri,8720.0,8730.0,8900.0,8700.0
2009/04/02,Thu,8360.0,8690.0,8770.0,8310.0
2009/04/01,Wed,8150.0,8380.0,8400.0,8090.0
2009/03/31,Tue,8150.0,8120.0,8400.0,8060.0
2009/03/30,Mon,8640.0,8200.0,8660.0,8190.0
2009/03/29,Sun,,,,
2009/03/28,Sat,,,,
2009/03/27,Fri,8710.0,8630.0,8860.0,8610.0
2009/03/26,Thu,8370.0,8710.0,8710.0,8360.0
2009/03/25,Wed,8410.0,8440.0,8510.0,8340.0
2009/03/24,Tue,8200.0,8400.0,8460.0,8190.0
2009/03/23,Mon,7870.0,8180.0,8200.0,7850.0
2009/03/22,Sun,,,,
2009/03/21,Sat,,,,
2009/03/20,Fri,,,,
2009/03/19,Thu,7910.0,7860.0,7980.0,7840.0
2009/03/18,Wed,7910.0,7920.0,7990.0,7810.0
2009/03/17,Tue,7710.0,7890.0,7920.0,7660.0
2009/03/16,Mon,7520.0,7680.0,7700.0,7510.0
2009/03/15,Sun,,,,
2009/03/14,Sat,,,,
2009/03/13,Fri,7080.0,7510.0,7520.0,7070.0
2009/03/12,Thu,7290.0,7090.0,7400.0,7080.0
2009/03/11,Wed,7030.0,7390.0,7410.0,7030.0
2009/03/10,Tue,7050.0,7040.0,7110.0,6960.0
2009/03/09,Mon,7180.0,7050.0,7230.0,7020.0
2009/03/08,Sun,,,,
2009/03/07,Sat,,,,
2009/03/06,Fri,7400.0,7170.0,7440.0,7150.0
2009/03/05,Thu,7310.0,7410.0,7540.0,7290.0
2009/03/04,Wed,7200.0,7270.0,7320.0,7090.0
