日付,曜日,始値,終値,高値,安値
2026/07/24,Fri,28700.25,28282.25,28736.00,28212.50
2026/07/23,Thu,29100.00,28620.75,29282.50,28432.50
2026/07/22,Wed,29310.75,29181.25,29342.25,28952.00
2026/07/21,Tue,28778.25,29316.00,29364.75,28701.00
2026/07/20,Mon,28747.75,28778.75,29192.50,28709.75
2026/07/19,Sun,,,,
2026/07/18,Sat,,,,
2026/07/17,Fri,29191.00,28773.25,29220.00,28408.25
2026/07/16,Thu,29709.00,29225.75,29797.00,29078.50
2026/07/15,Wed,29805.00,29693.25,30062.50,29397.00
2026/07/14,Tue,29446.00,29790.25,29921.75,29303.50
2026/07/13,Mon,29952.00,29475.75,30041.00,29386.50
2026/07/12,Sun,,,,
2026/07/11,Sat,,,,
2026/07/10,Fri,29937.75,30032.25,30077.75,29675.00
2026/07/09,Thu,29412.00,29937.00,29993.50,29395.00
2026/07/08,Wed,29373.75,29468.50,29558.75,28909.75
2026/07/07,Tue,29960.00,29391.50,29973.75,29210.00
2026/07/06,Mon,29566.00,29941.00,30094.00,29522.00
2026/07/05,Sun,,,,
2026/07/04,Sat,,,,
2026/07/03,Fri,29800.25,29901.75,29954.75,29719.75
2026/07/02,Thu,30089.75,29556.00,30320.00,29328.50
2026/07/01,Wed,30505.75,30094.25,30553.75,30008.50
2026/06/30,Tue,30007.25,30523.50,30599.75,29934.75
2026/06/29,Mon,29282.50,30052.75,30069.50,29273.75
2026/06/28,Sun,,,,
2026/06/27,Sat,,,,
2026/06/26,Fri,29742.00,29368.25,29892.75,29160.50
2026/06/25,Thu,30089.75,29724.75,30263.75,29295.75
2026/06/24,Wed,29770.00,29514.25,30157.75,29264.75
2026/06/23,Tue,30662.75,29666.00,30701.25,29577.25
2026/06/22,Mon,30740.00,30653.50,30968.00,30337.50
2026/06/21,Sun,,,,
2026/06/20,Sat,,,,
2026/06/19,Fri,30612.75,30647.00,30704.00,30537.50
2026/06/18,Thu,30142.50,30719.75,30783.25,30096.00
2026/06/17,Wed,30306.50,29998.75,30584.50,29923.00
2026/06/16,Tue,30838.00,30313.75,30975.50,30272.25
2026/06/15,Mon,30191.00,30864.25,30915.00,30191.00
2026/06/14,Sun,,,,
2026/06/13,Sat,,,,
2026/06/12,Fri,29739.00,29954.75,30052.50,29515.75
2026/06/11,Thu,28736.00,29751.75,29825.00,28546.50
2026/06/10,Wed,29387.00,28831.25,29537.00,28688.50
2026/06/09,Tue,29756.50,29400.75,30139.00,28512.00
2026/06/08,Mon,29118.25,29741.25,30030.00,29105.00
2026/06/07,Sun,,,,
2026/06/06,Sat,,,,
2026/06/05,Fri,30414.00,29026.50,30422.00,28781.25
2026/06/04,Thu,30453.00,30488.25,30603.25,30151.00
2026/06/03,Wed,30741.75,30633.25,30807.75,30478.25
2026/06/02,Tue,30544.75,30712.75,30763.25,30317.75
2026/06/01,Mon,30415.50,30566.25,30693.00,30291.50
2026/05/31,Sun,,,,
2026/05/30,Sat,,,,
2026/05/29,Fri,30328.00,30405.25,30536.00,30216.50
2026/05/28,Thu,30120.00,30307.00,30344.50,29763.00
2026/05/27,Wed,30050.00,30047.25,30379.00,29877.50
2026/05/26,Tue,29676.25,30073.50,30118.75,29676.25
2026/05/25,Mon,,,,
2026/05/24,Sun,,,,
2026/05/23,Sat,,,,
2026/05/22,Fri,29444.00,29558.75,29749.00,29436.00
2026/05/21,Thu,29253.00,29447.25,29554.00,29113.00
2026/05/20,Wed,28929.75,29390.50,29397.50,28797.25
2026/05/19,Tue,29100.00,28924.25,29188.50,28663.00
2026/05/18,Mon,29135.00,29096.00,29419.75,28814.75
2026/05/17,Sun,,,,
2026/05/16,Sat,,,,
2026/05/15,Fri,29690.00,29231.75,29734.00,29089.75
2026/05/14,Thu,29537.00,29687.75,29782.00,29448.25
2026/05/13,Wed,29143.75,29479.25,29565.50,29055.50
2026/05/12,Tue,29399.00,29170.00,29455.75,28742.00
2026/05/11,Mon,29294.00,29424.00,29480.00,29225.75
2026/05/10,Sun,,,,
2026/05/09,Sat,,,,
2026/05/08,Fri,28582.00,29332.50,29386.75,28541.00
2026/05/07,Thu,28662.75,28682.25,28944.75,28552.00
2026/05/06,Wed,28250.00,28716.75,28800.00,28243.00
2026/05/05,Tue,27760.00,28136.00,28247.00,27731.75
2026/05/04,Mon,27890.00,27776.00,27965.75,27613.00
2026/05/03,Sun,,,,
2026/05/02,Sat,,,,
2026/05/01,Fri,27631.75,27835.75,27917.00,27536.25
2026/04/30,Thu,27207.00,27596.00,27622.75,27163.25
2026/04/29,Wed,27197.25,27325.25,27414.00,27094.00
2026/04/28,Tue,27423.00,27168.75,27512.00,27009.50
2026/04/27,Mon,27403.25,27440.50,27542.50,27298.50
2026/04/26,Sun,,,,
2026/04/25,Sat,,,,
2026/04/24,Fri,26992.00,27435.00,27462.50,26992.00
2026/04/23,Thu,27075.00,26934.00,27155.75,26681.75
2026/04/22,Wed,26729.50,27083.00,27136.00,26727.75
2026/04/21,Tue,26776.75,26634.75,26901.75,26551.75
2026/04/20,Mon,26599.75,26748.75,26827.75,26535.00
2026/04/19,Sun,,,,
2026/04/18,Sat,,,,
2026/04/17,Fri,26460.00,26825.50,26884.75,26440.00
2026/04/16,Thu,26350.00,26487.25,26564.00,26275.50
2026/04/15,Wed,25985.75,26365.50,26377.50,25933.75
2026/04/14,Tue,25575.25,25996.75,26003.25,25560.00
2026/04/13,Mon,24980.00,25543.50,25599.25,24904.50
2026/04/12,Sun,,,,
2026/04/11,Sat,,,,
2026/04/10,Fri,25237.00,25281.25,25393.00,25193.00
2026/04/09,Thu,25037.75,25251.50,25269.75,24953.00
2026/04/08,Wed,24514.00,25074.25,25257.00,24355.00
2026/04/07,Tue,24348.75,24371.00,24451.50,23941.50
2026/04/06,Mon,24093.50,24358.50,24452.25,23981.50
2026/04/05,Sun,,,,
2026/04/04,Sat,,,,
2026/04/03,Fri,24219.50,24218.00,24255.00,24106.00
2026/04/02,Thu,24180.00,24218.00,24266.75,23666.00
2026/04/01,Wed,23889.00,24194.75,24348.25,23880.00
2026/03/31,Tue,23119.50,23915.00,23975.25,22961.50
2026/03/30,Mon,23189.50,23139.75,23574.00,23024.50
2026/03/29,Sun,,,,
2026/03/28,Sat,,,,
2026/03/27,Fri,23824.00,23328.50,23976.00,23232.50
2026/03/26,Thu,24373.50,23794.25,24421.25,23763.25
2026/03/25,Wed,24420.00,24367.75,24539.75,24286.50
2026/03/24,Tue,24417.25,24213.75,24550.00,24134.00
2026/03/23,Mon,23902.00,24408.25,24763.00,23772.50
2026/03/22,Sun,,,,
2026/03/21,Sat,,,,
2026/03/20,Fri,24632.75,24101.50,24660.50,23971.25
2026/03/19,Thu,24622.00,24580.00,24725.25,24326.75
2026/03/18,Wed,25019.75,24651.25,25210.50,24565.50
2026/03/17,Tue,24870.00,25015.50,25117.00,24728.25
2026/03/16,Mon,24500.00,24891.25,25035.00,24491.50
2026/03/15,Sun,,,,
2026/03/14,Sat,,,,
2026/03/13,Fri,24783.50,24605.75,25017.50,24544.00
2026/03/12,Thu,25149.50,24773.50,25149.75,24731.00
2026/03/11,Wed,25220.00,25201.25,25394.50,25091.50
2026/03/10,Tue,25197.25,25199.50,25433.50,25060.75
2026/03/09,Mon,24435.25,24991.00,25058.00,24000.00
2026/03/08,Sun,,,,
2026/03/07,Sat,,,,
2026/03/06,Fri,25019.75,24670.25,25141.50,24601.00
2026/03/05,Thu,25156.50,25049.50,25250.00,24772.50
2026/03/04,Wed,24710.75,25128.25,25217.75,24499.00
2026/03/03,Tue,25002.75,24755.75,25011.00,24352.00
2026/03/02,Mon,24682.50,25025.25,25101.00,24477.00
2026/03/01,Sun,,,,
2026/02/28,Sat,,,,
2026/02/27,Fri,25024.25,25004.75,25098.75,24782.00
2026/02/26,Thu,25388.25,25081.00,25418.25,24861.75
2026/02/25,Wed,25016.25,25382.00,25494.75,24992.00
2026/02/24,Tue,24788.00,25028.75,25078.75,24694.50
2026/02/23,Mon,25033.75,24762.75,25059.75,24668.00
2026/02/22,Sun,,,,
2026/02/21,Sat,,,,
2026/02/20,Fri,24837.75,25067.50,25139.50,24678.50
2026/02/19,Thu,24943.50,24858.75,25054.00,24749.00
2026/02/18,Wed,24773.75,24956.00,25128.25,24700.75
2026/02/17,Tue,24789.75,24767.75,24922.25,24449.25
2026/02/16,Mon,24817.75,24817.75,24921.25,24671.50
2026/02/15,Sun,,,,
2026/02/14,Sat,,,,
2026/02/13,Fri,24842.25,24803.25,24995.50,24578.75
2026/02/12,Thu,25289.00,24768.00,25419.75,24721.50
2026/02/11,Wed,25259.00,25288.50,25465.25,25058.25
2026/02/10,Tue,25363.00,25218.25,25447.25,25198.25
2026/02/09,Mon,25153.75,25354.00,25428.75,24955.50
2026/02/08,Sun,,,,
2026/02/07,Sat,,,,
2026/02/06,Fri,24416.00,25163.25,25222.00,24239.75
2026/02/05,Thu,25061.75,24651.00,25169.00,24407.25
2026/02/04,Wed,25387.50,24999.25,25514.25,24783.50
2026/02/03,Tue,25876.50,25452.00,26027.75,25219.00
2026/02/02,Mon,25530.00,25850.00,25949.50,25180.25
2026/02/01,Sun,,,,
2026/01/31,Sat,,,,
2026/01/30,Fri,25998.50,25670.00,26020.00,25568.75
2026/01/29,Thu,26282.50,25999.25,26296.00,25536.00
2026/01/28,Wed,26111.25,26156.25,26349.00,25993.25
2026/01/27,Tue,25861.25,26073.00,26118.00,25838.50
2026/01/26,Mon,25585.50,25848.50,25936.50,25365.25
2026/01/25,Sun,,,,
2026/01/24,Sat,,,,
2026/01/23,Fri,25605.00,25738.25,25845.75,25540.25
2026/01/22,Thu,25529.50,25658.25,25739.75,25483.75
2026/01/21,Wed,25149.50,25471.00,25653.50,25025.00
2026/01/20,Tue,25471.00,25129.25,25472.00,25095.25
2026/01/19,Mon,25378.00,25378.00,25469.75,25240.50
2026/01/18,Sun,,,,
2026/01/17,Sat,,,,
2026/01/16,Fri,25720.50,25689.00,25891.00,25591.50
2026/01/15,Thu,25593.00,25705.75,25952.75,25562.50
2026/01/14,Wed,25900.75,25631.00,25925.75,25420.75
2026/01/13,Tue,25953.50,25906.00,26045.50,25803.25
2026/01/12,Mon,25949.00,25956.75,26020.50,25632.75
2026/01/11,Sun,,,,
2026/01/10,Sat,,,,
2026/01/09,Fri,25725.00,25938.25,25985.50,25615.50
2026/01/08,Thu,25838.75,25687.50,25849.75,25569.00
2026/01/07,Wed,25831.25,25838.75,25996.25,25727.00
2026/01/06,Tue,25583.00,25822.00,25837.75,25527.50
2026/01/05,Mon,25431.75,25577.75,25708.00,25406.50
2026/01/04,Sun,,,,
2026/01/03,Sat,,,,
2026/01/02,Fri,25478.50,25385.25,25803.75,25265.25
2026/01/01,Thu,25497.00,25497.00,25503.50,25451.25
2025/12/31,Wed,25683.25,25456.75,25716.75,25429.00
2025/12/30,Tue,25740.00,25675.25,25793.75,25668.25
2025/12/29,Mon,25863.25,25739.75,25893.75,25648.00
2025/12/28,Sun,,,,
2025/12/27,Sat,,,,
2025/12/26,Fri,25868.00,25863.25,25935.25,25834.25
2025/12/25,Thu,25887.75,25887.75,25897.75,25868.25
2025/12/24,Wed,25815.75,25880.50,25892.00,25777.50
2025/12/23,Tue,25701.00,25812.25,25822.50,25608.25
2025/12/22,Mon,25635.25,25692.25,25794.75,25628.00
2025/12/21,Sun,,,,
2025/12/20,Sat,,,,
2025/12/19,Fri,25240.00,25574.75,25600.25,25209.75
2025/12/18,Thu,24983.50,25261.75,25412.50,24901.25
2025/12/17,Wed,25332.00,24898.75,25508.50,24887.75
2025/12/16,Tue,25345.75,25380.25,25444.00,25073.25
2025/12/15,Mon,25463.25,25342.75,25668.00,25285.75
2025/12/14,Sun,,,,
2025/12/13,Sat,,,,
2025/12/12,Fri,25971.00,25469.50,25990.75,25371.50
2025/12/11,Thu,26047.50,25971.00,26116.50,25644.50
2025/12/10,Wed,25680.00,25798.00,25870.75,25528.75
2025/12/09,Tue,25713.00,25699.75,25735.75,25560.00
2025/12/08,Mon,25750.00,25664.00,25860.75,25564.75
2025/12/07,Sun,,,,
2025/12/06,Sat,,,,
2025/12/05,Fri,25629.75,25732.00,25868.00,25579.75
2025/12/04,Thu,25650.25,25622.75,25732.50,25488.75
2025/12/03,Wed,25611.00,25657.50,25685.25,25421.50
2025/12/02,Tue,25411.50,25606.00,25670.00,25324.75
2025/12/01,Mon,25482.50,25391.25,25546.00,25193.25
2025/11/30,Sun,,,,
2025/11/29,Sat,,,,
2025/11/28,Fri,25313.00,25482.00,25499.75,25285.75
2025/11/27,Thu,25329.25,25329.25,25339.00,25286.75
2025/11/26,Wed,25071.25,25302.25,25376.00,25061.25
2025/11/25,Tue,24966.25,25085.50,25135.25,24602.00
2025/11/24,Mon,24455.75,24948.25,24993.50,24361.75
2025/11/23,Sun,,,,
2025/11/22,Sat,,,,
2025/11/21,Fri,24110.00,24305.50,24596.25,23904.50
2025/11/20,Thu,24966.75,24131.50,25310.00,24073.25
2025/11/19,Wed,24551.00,24721.75,24988.00,24445.00
2025/11/18,Tue,24905.50,24595.75,24959.50,24376.25
2025/11/17,Mon,25142.25,24879.00,25361.25,24731.75
2025/11/16,Sun,,,,
2025/11/15,Sat,,,,
2025/11/14,Fri,25095.25,25094.00,25293.25,24626.00
2025/11/13,Thu,25624.00,25094.75,25721.50,25002.50
2025/11/12,Wed,25668.00,25623.75,25830.00,25488.75
2025/11/11,Tue,25722.25,25640.75,25768.75,25478.50
2025/11/10,Mon,25320.75,25714.50,25760.50,25269.00
2025/11/09,Sun,,,,
2025/11/08,Sat,,,,
2025/11/07,Fri,25314.75,25166.25,25354.75,24709.25
2025/11/06,Thu,25738.50,25244.25,25822.25,25197.75
2025/11/05,Wed,25545.00,25746.25,25880.00,25282.00
2025/11/04,Tue,26104.50,25575.25,26104.50,25522.75
2025/11/03,Mon,26028.25,26103.25,26266.00,26012.75
2025/11/02,Sun,,,,
2025/11/01,Sat,,,,
2025/10/31,Fri,26150.50,26004.00,26274.00,25888.75
2025/10/30,Thu,26154.50,25882.75,26399.00,25853.00
2025/10/29,Wed,26179.75,26262.50,26379.75,26049.25
2025/10/28,Tue,26002.50,26163.50,26231.50,25943.00
2025/10/27,Mon,25723.50,25963.75,26013.50,25700.00
2025/10/26,Sun,,,,
2025/10/25,Sat,,,,
2025/10/24,Fri,25283.25,25509.25,25570.75,25276.00
2025/10/23,Thu,25012.25,25254.00,25296.00,24937.00
2025/10/22,Wed,25283.75,25039.25,25338.25,24804.75
2025/10/21,Tue,25326.75,25294.75,25368.00,25203.25
2025/10/20,Mon,25065.75,25305.25,25354.50,24955.75
2025/10/19,Sun,,,,
2025/10/18,Sat,,,,
2025/10/17,Fri,24793.75,24986.50,25055.75,24410.00
2025/10/16,Thu,24937.00,24831.25,25179.50,24643.50
2025/10/15,Wed,24754.00,24924.50,25115.00,24663.25
2025/10/14,Tue,24913.75,24762.50,25044.25,24421.00
2025/10/13,Mon,24542.00,24922.25,24965.00,24542.00
2025/10/12,Sun,,,,
2025/10/11,Sat,,,,
2025/10/10,Fri,25287.75,24397.00,25388.00,24158.50
2025/10/09,Thu,25351.50,25289.25,25394.00,25160.75
2025/10/08,Wed,25059.75,25331.00,25364.75,25026.25
2025/10/07,Tue,25184.50,25039.25,25275.00,24984.75
2025/10/06,Mon,25000.00,25184.75,25252.75,24995.00
2025/10/05,Sun,,,,
2025/10/04,Sat,,,,
2025/10/03,Fri,25101.50,24992.00,25196.50,24923.25
2025/10/02,Thu,25009.25,25110.00,25180.00,24993.75
2025/10/01,Wed,24843.00,25017.50,25036.75,24633.25
2025/09/30,Tue,24817.75,24901.75,24913.75,24722.25
2025/09/29,Mon,24726.50,24837.75,24975.50,24721.75
2025/09/28,Sun,,,,
2025/09/27,Sat,,,,
2025/09/26,Fri,24642.50,24726.75,24747.50,24520.00
2025/09/25,Thu,24746.00,24629.25,24793.50,24422.50
2025/09/24,Wed,24839.50,24739.25,24913.50,24627.00
2025/09/23,Tue,24995.00,24827.25,25026.00,24780.50
2025/09/22,Mon,24850.00,25003.00,25027.25,24748.75
2025/09/21,Sun,,,,
2025/09/20,Sat,,,,
2025/09/19,Fri,24717.75,24866.25,24888.00,24655.00
2025/09/18,Thu,24498.50,24705.50,24816.00,24495.25
2025/09/17,Wed,24526.75,24465.25,24553.00,24242.00
2025/09/16,Tue,24533.75,24522.25,24647.25,24499.25
2025/09/15,Mon,24353.00,24550.75,24556.75,24317.75
2025/09/14,Sun,,,,
2025/09/13,Sat,,,,
2025/09/12,Fri,24255.75,24351.00,24395.50,24200.75
2025/09/11,Thu,24092.75,24248.25,24281.25,24085.00
2025/09/10,Wed,24130.00,24110.50,24276.00,24017.50
2025/09/09,Tue,24042.75,24108.00,24152.00,23963.25
2025/09/08,Mon,23901.75,24033.00,24120.50,23890.00
2025/09/07,Sun,,,,
2025/09/06,Sat,,,,
2025/09/05,Fri,23700.00,23684.00,23902.00,23505.00
2025/09/04,Thu,23456.75,23668.00,23708.75,23410.00
2025/09/03,Wed,23382.00,23448.75,23525.25,23298.25
2025/09/02,Tue,23479.00,23275.00,23552.50,23025.25
2025/09/01,Mon,23444.50,23444.50,23552.50,23371.25
2025/08/31,Sun,,,,
2025/08/30,Sat,,,,
2025/08/29,Fri,23760.50,23461.75,23762.00,23397.50
2025/08/28,Thu,23542.25,23769.00,23803.75,23487.50
2025/08/27,Wed,23604.00,23628.75,23689.00,23434.75
2025/08/26,Tue,23505.75,23591.50,23611.00,23371.50
2025/08/25,Mon,23602.00,23498.25,23616.25,23443.25
2025/08/24,Sun,,,,
2025/08/23,Sat,,,,
2025/08/22,Fri,23225.25,23569.75,23650.00,23076.75
2025/08/21,Thu,23323.00,23219.75,23369.25,23119.00
2025/08/20,Wed,23461.00,23324.00,23485.50,23035.00
2025/08/19,Tue,23800.75,23469.50,23838.00,23426.00
2025/08/18,Mon,23795.00,23797.75,23881.75,23719.00
2025/08/17,Sun,,,,
2025/08/16,Sat,,,,
2025/08/15,Fri,23888.75,23804.00,23963.00,23734.50
2025/08/14,Thu,23927.75,23930.50,24007.75,23793.25
2025/08/13,Wed,23945.00,23946.50,24068.50,23886.00
2025/08/12,Tue,23635.00,23938.00,23953.50,23596.00
2025/08/11,Mon,23764.00,23637.50,23804.50,23587.50
2025/08/10,Sun,,,,
2025/08/09,Sat,,,,
2025/08/08,Fri,23518.25,23713.75,23767.75,23503.00
2025/08/07,Thu,23418.50,23496.25,23671.00,23329.00
2025/08/06,Wed,23091.75,23422.75,23445.25,23045.50
2025/08/05,Tue,23354.00,23132.00,23404.25,23084.50
2025/08/04,Mon,22850.00,23296.50,23352.50,22821.75
2025/08/03,Sun,,,,
2025/08/02,Sat,,,,
2025/08/01,Fri,23308.50,22883.75,23347.50,22775.00
2025/07/31,Thu,23705.00,23365.00,23845.00,23290.50
2025/07/30,Wed,23452.00,23480.50,23689.00,23356.50
2025/07/29,Tue,23504.25,23452.00,23652.50,23421.25
2025/07/28,Mon,23520.00,23491.25,23585.25,23436.75
2025/07/27,Sun,,,,
2025/07/26,Sat,,,,
2025/07/25,Fri,23391.50,23421.25,23476.00,23330.75
2025/07/24,Thu,23402.25,23377.50,23424.50,23298.25
2025/07/23,Wed,23191.25,23310.75,23418.00,23146.75
2025/07/22,Tue,23339.50,23226.25,23367.00,23108.00
2025/07/21,Mon,23232.50,23342.00,23424.75,23203.75
2025/07/20,Sun,,,,
2025/07/19,Sat,,,,
2025/07/18,Fri,23261.25,23224.25,23320.75,23169.50
2025/07/17,Thu,23065.50,23251.00,23279.75,23017.00
2025/07/16,Wed,23018.75,23076.50,23100.00,22835.50
2025/07/15,Tue,23034.25,23056.75,23222.75,22996.00
2025/07/14,Mon,22860.75,23035.50,23066.50,22803.00
2025/07/13,Sun,,,,
2025/07/12,Sat,,,,
2025/07/11,Fri,23011.75,22959.00,23048.75,22831.50
2025/07/10,Thu,23041.00,23013.25,23090.00,22901.25
2025/07/09,Wed,22906.50,23052.75,23112.00,22843.50
2025/07/08,Tue,22837.75,22896.75,22972.75,22808.50
2025/07/07,Mon,22970.00,22884.75,23028.50,22779.75
2025/07/06,Sun,,,,
2025/07/05,Sat,,,,
2025/07/04,Fri,23035.50,22906.75,23049.00,22887.25
2025/07/03,Thu,22845.00,23062.50,23102.50,22827.00
2025/07/02,Wed,22694.50,22843.00,22858.75,22582.00
2025/07/01,Tue,22867.50,22692.75,22914.75,22594.50
2025/06/30,Mon,22751.50,22893.25,22934.75,22751.50
2025/06/29,Sun,,,,
2025/06/28,Sat,,,,
2025/06/27,Fri,22676.25,22751.50,22825.50,22600.00
2025/06/26,Thu,22461.25,22669.25,22694.00,22437.75
2025/06/25,Wed,22412.00,22461.00,22548.25,22384.50
2025/06/24,Tue,22079.00,22412.75,22448.25,22065.75
2025/06/23,Mon,21648.25,22073.50,22093.00,21566.75
2025/06/22,Sun,,,,
2025/06/21,Sat,,,,
2025/06/20,Fri,21956.75,21844.75,22130.50,21650.25
2025/06/19,Thu,21887.00,21887.00,21951.25,21653.50
2025/06/18,Wed,21927.50,21945.25,22097.75,21862.25
2025/06/17,Tue,22176.00,21956.00,22177.25,21909.50
2025/06/16,Mon,21772.50,22168.25,22222.00,21726.00
2025/06/15,Sun,,,,
2025/06/14,Sat,,,,
2025/06/13,Fri,22132.25,21860.75,22134.75,21692.25
2025/06/12,Thu,22096.00,22158.50,22202.00,21940.25
2025/06/11,Wed,22180.00,22112.25,22323.75,22020.00
2025/06/10,Tue,22067.50,22190.00,22218.75,21960.00
2025/06/09,Mon,22045.50,22048.25,22110.50,21947.50
2025/06/08,Sun,,,,
2025/06/07,Sat,,,,
2025/06/06,Fri,21471.00,21789.50,21873.50,21471.00
2025/06/05,Thu,21744.75,21582.25,21935.00,21503.50
2025/06/04,Wed,21688.25,21766.50,21803.00,21641.00
2025/06/03,Tue,21555.00,21706.00,21759.75,21399.25
2025/06/02,Mon,21303.75,21534.50,21576.25,21163.00
2025/06/01,Sun,,,,
2025/05/31,Sat,,,,
2025/05/30,Fri,21371.25,21376.75,21433.50,21071.50
2025/05/29,Thu,21513.00,21408.50,21858.75,21301.00
2025/05/28,Wed,21480.00,21379.75,21567.50,21321.25
2025/05/27,Tue,20978.00,21460.50,21488.50,20954.25
2025/05/26,Mon,21235.75,21235.75,21306.50,21168.50
2025/05/25,Sun,,,,
2025/05/24,Sat,,,,
2025/05/23,Fri,21223.75,20975.00,21236.00,20727.00
2025/05/22,Thu,21145.00,21178.25,21337.50,21040.00
2025/05/21,Wed,21414.75,21156.75,21558.50,21072.75
2025/05/20,Tue,21513.00,21447.25,21562.25,21298.00
2025/05/19,Mon,21310.75,21527.00,21544.50,21112.50
2025/05/18,Sun,,,,
2025/05/17,Sat,,,,
2025/05/16,Fri,21396.00,21506.00,21512.00,21320.25
2025/05/15,Thu,21379.75,21400.25,21529.75,21192.00
2025/05/14,Wed,21250.00,21392.50,21419.50,21238.25
2025/05/13,Tue,20954.75,21278.00,21346.50,20818.00
2025/05/12,Mon,20398.50,20948.75,20996.00,20376.75
2025/05/11,Sun,,,,
2025/05/10,Sat,,,,
2025/05/09,Fri,20157.00,20136.75,20288.75,20058.00
2025/05/08,Thu,19934.50,20148.00,20337.25,19910.75
2025/05/07,Wed,19809.00,19961.00,20133.75,19678.75
2025/05/06,Tue,20014.25,19876.50,20036.75,19739.00
2025/05/05,Mon,20181.50,20055.50,20201.75,19966.00
2025/05/04,Sun,,,,
2025/05/03,Sat,,,,
2025/05/02,Fri,19782.50,20195.25,20276.75,19749.50
2025/05/01,Thu,19834.00,19870.75,20125.75,19757.25
2025/04/30,Wed,19599.75,19658.50,19880.00,19103.75
2025/04/29,Tue,19478.25,19642.00,19688.50,19378.00
2025/04/28,Mon,19524.50,19528.00,19623.00,19257.25
2025/04/27,Sun,,,,
2025/04/26,Sat,,,,
2025/04/25,Fri,19405.00,19535.25,19589.00,19216.25
2025/04/24,Thu,18826.50,19322.00,19418.00,18594.75
2025/04/23,Wed,18646.00,18804.00,19165.50,18623.75
2025/04/22,Tue,17914.00,18385.00,18514.00,17863.75
2025/04/21,Mon,18306.25,17922.25,18383.50,17700.00
2025/04/20,Sun,,,,
2025/04/19,Sat,,,,
2025/04/18,Fri,,,,
2025/04/17,Thu,18391.25,18380.75,18652.75,18261.50
2025/04/16,Wed,18790.00,18385.25,18861.25,18116.25
2025/04/15,Tue,18902.50,18960.25,19144.75,18809.00
2025/04/14,Mon,19225.00,18934.75,19256.00,18737.50
2025/04/13,Sun,,,,
2025/04/12,Sat,,,,
2025/04/11,Fri,18464.75,18807.50,18873.50,18067.00
2025/04/10,Thu,19266.75,18484.50,19383.50,17919.00
2025/04/09,Wed,17220.25,19288.75,19386.75,16735.00
2025/04/08,Tue,17665.00,17243.75,18357.25,16973.50
2025/04/07,Mon,17100.00,17563.25,18361.50,16460.00
2025/04/06,Sun,,,,
2025/04/05,Sat,,,,
2025/04/04,Fri,18660.00,17539.00,18713.00,17387.50
2025/04/03,Thu,19020.00,18675.50,19177.00,18614.00
2025/04/02,Wed,19600.50,19758.00,20044.25,19076.75
2025/04/01,Tue,19411.25,19604.50,19644.00,19261.25
2025/03/31,Mon,19319.75,19439.50,19489.75,18976.75
2025/03/30,Sun,,,,
2025/03/29,Sat,,,,
2025/03/28,Fri,19995.25,19457.00,20011.75,19357.50
2025/03/27,Thu,20046.00,19990.25,20199.50,19937.25
2025/03/26,Wed,20511.50,20116.50,20536.75,20045.00
2025/03/25,Tue,20353.00,20488.50,20524.75,20293.00
2025/03/24,Mon,20050.50,20374.25,20409.50,20050.50
2025/03/23,Sun,,,,
2025/03/22,Sat,,,,
2025/03/21,Fri,19690.75,19450.81,19728.75,19408.00
2025/03/20,Thu,19746.75,19678.50,19898.75,19530.25
2025/03/19,Wed,19496.75,19746.75,19935.00,19455.50
2025/03/18,Tue,19821.00,19496.75,19858.00,19397.75
2025/03/17,Mon,19668.25,19831.75,19959.25,19550.50
2025/03/16,Sun,,,,
2025/03/15,Sat,,,,
2025/03/14,Fri,19312.75,19712.00,19742.50,19296.75
2025/03/13,Thu,19572.00,19249.00,19694.00,19170.00
2025/03/12,Wed,19412.75,19618.50,19788.75,19387.00
2025/03/11,Tue,19440.00,19399.00,19686.75,19139.25
2025/03/10,Mon,20147.00,19452.75,20156.50,19272.25
2025/03/09,Sun,,,,
2025/03/08,Sat,,,,
2025/03/07,Fri,20214.50,20229.75,20286.25,19765.50
2025/03/06,Thu,20605.25,20089.25,20647.50,20003.00
2025/03/05,Wed,20555.00,20665.00,20725.00,20215.00
2025/03/04,Tue,20527.00,20399.00,20732.50,20075.25
2025/03/03,Mon,21005.25,20468.25,21121.00,20316.75
2025/03/02,Sun,,,,
2025/03/01,Sat,,,,
2025/02/28,Fri,20649.50,20919.50,20944.25,20460.50
2025/02/27,Thu,21249.00,20605.75,21386.50,20583.25
2025/02/26,Wed,21230.50,21187.00,21409.25,21055.00
2025/02/25,Tue,21442.50,21149.00,21453.75,20990.00
2025/02/24,Mon,21700.75,21420.25,21813.00,21407.50
2025/02/23,Sun,,,,
2025/02/22,Sat,,,,
2025/02/21,Fri,22136.00,21679.25,22245.50,21652.75
2025/02/20,Thu,22213.00,22141.75,22235.50,21951.00
2025/02/19,Wed,22224.50,22250.50,22299.75,22118.00
2025/02/18,Tue,22235.75,22232.25,22319.75,22102.75
2025/02/17,Mon,,,,
2025/02/16,Sun,,,,
2025/02/15,Sat,,,,
2025/02/14,Fri,22071.00,22196.25,22225.00,22042.50
2025/02/13,Thu,21861.25,22113.25,22124.00,21753.00
2025/02/12,Wed,21794.25,21804.75,21862.50,21510.75
2025/02/11,Tue,21832.00,21786.75,21871.50,21669.50
2025/02/10,Mon,21463.25,21846.50,21894.00,21418.00
2025/02/09,Sun,,,,
2025/02/08,Sat,,,,
2025/02/07,Fri,21817.75,21590.75,21968.00,21552.75
2025/02/06,Thu,21764.50,21871.75,21882.25,21705.75
2025/02/05,Wed,21562.00,21763.00,21795.00,21429.75
2025/02/04,Tue,21592.00,21670.25,21694.00,21242.50
2025/02/03,Mon,21200.00,21405.00,21579.75,20943.00
2025/02/02,Sun,,,,
2025/02/01,Sat,,,,
2025/01/31,Fri,21680.00,21589.25,21966.00,21533.75
2025/01/30,Thu,21547.75,21624.75,21748.75,21419.50
2025/01/29,Wed,21559.00,21523.25,21697.00,21367.00
2025/01/28,Tue,21343.25,21581.75,21626.00,21159.50
2025/01/27,Mon,21771.00,21258.50,21771.00,20763.75
2025/01/26,Sun,,,,
2025/01/25,Sat,,,,
2025/01/24,Fri,22018.50,21911.25,22078.25,21844.00
2025/01/23,Thu,21981.75,22038.25,22050.50,21855.50
2025/01/22,Wed,21809.25,22000.50,22093.50,21768.25
2025/01/21,Tue,21600.00,21709.50,21783.50,21377.75
2025/01/20,Mon,,,,
2025/01/19,Sun,,,,
2025/01/18,Sat,,,,
2025/01/17,Fri,21227.50,21594.75,21682.50,21209.25
2025/01/16,Thu,21389.00,21249.75,21567.25,21172.25
2025/01/15,Wed,20977.00,21400.25,21452.75,20909.00
2025/01/14,Tue,21020.00,20919.50,21143.75,20773.50
2025/01/13,Mon,21027.50,20947.25,21037.00,20694.00
2025/01/12,Sun,,,,
2025/01/11,Sat,,,,
2025/01/10,Fri,21302.75,21016.00,21372.50,20874.75
2025/01/09,Thu,21334.75,21301.50,21347.25,21218.00
2025/01/08,Wed,21380.75,21360.75,21448.25,21166.25
2025/01/07,Tue,21781.25,21359.75,21806.00,21279.50
2025/01/06,Mon,21532.25,21744.50,21896.75,21478.25
2025/01/05,Sun,,,,
2025/01/04,Sat,,,,
2025/01/03,Fri,21186.75,21516.50,21559.25,21144.00
2025/01/02,Thu,21269.00,21167.50,21490.50,20983.75
2025/01/01,Wed,,,,
2024/12/31,Tue,21390.25,21226.50,21524.75,21182.00
2024/12/30,Mon,21711.00,21416.25,21742.75,21253.00
2024/12/29,Sun,,,,
2024/12/28,Sat,,,,
2024/12/27,Fri,21990.75,21698.50,22008.00,21498.75
2024/12/26,Thu,22049.50,22008.00,22111.25,21870.25
2024/12/25,Wed,,,,
2024/12/24,Tue,21743.25,22028.50,22049.75,21709.00
2024/12/23,Mon,21566.00,21753.25,21776.75,21476.75
2024/12/22,Sun,,,,
2024/12/21,Sat,,,,
2024/12/20,Fri,21151.50,20947.98,21151.50,20745.00
2024/12/19,Thu,21218.50,21112.75,21424.25,21080.00
2024/12/18,Wed,22010.00,21218.75,22083.75,21034.25
2024/12/17,Tue,22115.00,22014.75,22124.50,21942.25
2024/12/16,Mon,21780.25,22110.25,22152.50,21762.00
2024/12/15,Sun,,,,
2024/12/14,Sat,,,,
2024/12/13,Fri,21720.75,21795.75,21908.00,21666.50
2024/12/12,Thu,21756.75,21651.25,21772.50,21604.25
2024/12/11,Wed,21436.00,21793.50,21820.00,21405.75
2024/12/10,Tue,21479.25,21405.25,21606.75,21352.75
2024/12/09,Mon,21649.00,21483.75,21706.25,21436.00
2024/12/08,Sun,,,,
2024/12/07,Sat,,,,
2024/12/06,Fri,21450.00,21656.75,21669.25,21424.75
2024/12/05,Thu,21513.25,21473.25,21567.25,21437.50
2024/12/04,Wed,21323.00,21536.50,21548.50,21305.75
2024/12/03,Tue,21220.00,21281.50,21329.00,21134.25
2024/12/02,Mon,20995.25,21218.00,21259.75,20940.00
2024/12/01,Sun,,,,
2024/11/30,Sat,,,,
2024/11/29,Fri,20813.00,20993.50,21017.50,20805.50
2024/11/28,Thu,,,,
2024/11/27,Wed,20990.75,20813.00,21019.00,20675.00
2024/11/26,Tue,20906.25,20993.50,21024.75,20755.00
2024/11/25,Mon,20935.00,20880.25,21081.00,20780.25
2024/11/24,Sun,,,,
2024/11/23,Sat,,,,
2024/11/22,Fri,20794.00,20849.75,20880.00,20693.25
2024/11/21,Thu,20738.00,20829.50,20905.75,20514.25
2024/11/20,Wed,20762.25,20749.00,20843.25,20477.00
2024/11/19,Tue,20633.25,20767.75,20792.50,20382.50
2024/11/18,Mon,20504.00,20633.50,20724.25,20476.00
2024/11/17,Sun,,,,
2024/11/16,Sat,,,,
2024/11/15,Fri,20977.50,20493.75,20981.50,20405.25
2024/11/14,Thu,21167.00,21011.75,21190.25,20950.50
2024/11/13,Wed,21178.00,21159.50,21268.50,21056.50
2024/11/12,Tue,21221.00,21189.50,21251.75,21054.75
2024/11/11,Mon,21249.75,21217.75,21340.75,21098.25
2024/11/10,Sun,,,,
2024/11/09,Sat,,,,
2024/11/08,Fri,21224.25,21231.25,21265.00,21121.75
2024/11/07,Thu,20923.50,21224.75,21253.00,20861.50
2024/11/06,Wed,20360.50,20894.00,20935.25,20323.50
2024/11/05,Tue,20130.75,20341.75,20385.50,20041.75
2024/11/04,Mon,20138.00,20086.00,20248.50,20013.00
2024/11/03,Sun,,,,
2024/11/02,Sat,,,,
2024/11/01,Fri,20071.00,20153.25,20288.00,20017.00
2024/10/31,Thu,20482.00,20021.75,20495.75,20008.50
2024/10/30,Wed,20734.00,20534.75,20788.50,20472.50
2024/10/29,Tue,20513.00,20696.50,20760.25,20432.25
2024/10/28,Mon,20525.50,20497.00,20676.50,20486.00
2024/10/27,Sun,,,,
2024/10/26,Sat,,,,
2024/10/25,Fri,20388.50,20498.75,20707.25,20364.00
2024/10/24,Thu,20294.25,20380.25,20428.50,20261.75
2024/10/23,Wed,20521.00,20220.50,20542.50,20079.00
2024/10/22,Tue,20536.50,20542.00,20602.25,20360.25
2024/10/21,Mon,20496.25,20519.50,20554.50,20343.75
2024/10/20,Sun,,,,
2024/10/19,Sat,,,,
2024/10/18,Fri,20384.00,20483.50,20529.75,20320.75
2024/10/17,Thu,20328.00,20368.00,20594.75,20276.75
2024/10/16,Wed,20334.50,20349.50,20398.50,20206.25
2024/10/15,Tue,20638.75,20342.00,20659.25,20254.00
2024/10/14,Mon,20432.50,20619.25,20680.00,20383.25
2024/10/13,Sun,,,,
2024/10/12,Sat,,,,
2024/10/11,Fri,20435.00,20450.00,20494.25,20314.75
2024/10/10,Thu,20445.25,20429.75,20508.25,20301.50
2024/10/09,Wed,20294.25,20463.50,20482.75,20196.00
2024/10/08,Tue,20025.75,20298.50,20329.50,19902.50
2024/10/07,Mon,20220.00,19992.75,20267.25,19948.00
2024/10/06,Sun,,,,
2024/10/05,Sat,,,,
2024/10/04,Fri,19965.50,20227.25,20263.75,19941.50
2024/10/03,Thu,20055.50,19990.25,20113.75,19852.00
2024/10/02,Wed,19975.25,20009.75,20090.25,19833.50
2024/10/01,Tue,20234.25,19975.00,20331.75,19818.00
2024/09/30,Mon,20198.50,20261.25,20287.00,20056.00
2024/09/29,Sun,,,,
2024/09/28,Sat,,,,
2024/09/27,Fri,20345.00,20221.50,20395.75,20173.00
2024/09/26,Thu,20242.00,20346.25,20538.00,20188.00
2024/09/25,Wed,20183.75,20192.00,20271.00,20064.25
2024/09/24,Tue,20063.25,20167.75,20214.75,19953.00
2024/09/23,Mon,20040.00,20080.00,20164.00,19955.25
2024/09/22,Sun,,,,
2024/09/21,Sat,,,,
2024/09/20,Fri,19831.25,19808.01,19838.25,19746.50
2024/09/19,Thu,19420.50,19850.25,19966.25,19408.75
2024/09/18,Wed,19451.00,19349.25,19660.00,19331.00
2024/09/17,Tue,19426.50,19439.25,19615.50,19341.00
2024/09/16,Mon,19498.00,19433.00,19546.50,19299.25
2024/09/15,Sun,,,,
2024/09/14,Sat,,,,
2024/09/13,Fri,19419.50,19530.25,19577.25,19398.25
2024/09/12,Thu,19241.50,19447.25,19483.50,19185.00
2024/09/11,Wed,18837.75,19271.00,19293.50,18547.00
2024/09/10,Tue,18727.00,18864.00,18878.50,18582.25
2024/09/09,Mon,18400.00,18692.25,18734.50,18386.00
2024/09/08,Sun,,,,
2024/09/07,Sat,,,,
2024/09/06,Fri,18921.00,18458.25,18972.25,18339.75
2024/09/05,Thu,18965.75,18963.50,19150.50,18827.25
2024/09/04,Wed,18993.75,18962.50,19114.75,18825.75
2024/09/03,Tue,19599.00,19006.50,19683.00,18911.00
2024/09/02,Mon,,,,
2024/09/01,Sun,,,,
2024/08/31,Sat,,,,
2024/08/30,Fri,19445.75,19623.00,19632.75,19370.50
2024/08/29,Thu,19217.00,19393.25,19693.50,19140.25
2024/08/28,Wed,19635.50,19415.75,19691.00,19227.25
2024/08/27,Tue,19558.75,19653.75,19694.25,19441.50
2024/08/26,Mon,19787.75,19591.25,19846.25,19505.50
2024/08/25,Sun,,,,
2024/08/24,Sat,,,,
2024/08/23,Fri,19621.50,19790.75,19904.25,19591.75
2024/08/22,Thu,19921.25,19578.25,20025.25,19542.00
2024/08/21,Wed,19803.00,19909.50,19981.75,19771.50
2024/08/20,Tue,19857.75,19809.50,19931.00,19743.00
2024/08/19,Mon,19629.00,19857.75,19871.75,19525.25
2024/08/18,Sun,,,,
2024/08/17,Sat,,,,
2024/08/16,Fri,19570.25,19605.75,19683.00,19447.50
2024/08/15,Thu,19142.50,19581.25,19603.25,19100.50
2024/08/14,Wed,19099.25,19115.00,19203.50,18925.50
2024/08/13,Tue,18648.25,19104.25,19122.50,18628.50
2024/08/12,Mon,18590.00,18639.50,18765.25,18515.00
2024/08/11,Sun,,,,
2024/08/10,Sat,,,,
2024/08/09,Fri,18550.25,18616.00,18674.50,18383.00
2024/08/08,Thu,17873.00,18525.25,18593.50,17741.75
2024/08/07,Wed,18033.00,17966.50,18558.50,17836.25
2024/08/06,Tue,18165.75,18179.00,18483.25,17966.00
2024/08/05,Mon,18390.00,18013.25,18390.00,17351.00
2024/08/04,Sun,,,,
2024/08/03,Sat,,,,
2024/08/02,Fri,18956.50,18556.25,18979.75,18385.75
2024/08/01,Thu,19593.25,19023.25,19717.00,18854.00
2024/07/31,Wed,18865.75,19505.25,19648.00,18861.75
2024/07/30,Tue,19217.00,18936.25,19319.75,18725.00
2024/07/29,Mon,19171.75,19209.25,19377.25,19113.25
2024/07/28,Sun,,,,
2024/07/27,Sat,,,,
2024/07/26,Fri,19003.00,19174.50,19297.75,18995.00
2024/07/25,Thu,19260.00,18992.25,19390.50,18883.25
2024/07/24,Wed,19883.00,19203.25,19883.00,19168.75
2024/07/23,Tue,19982.00,19925.00,20084.75,19868.25
2024/07/22,Mon,19749.00,20001.00,20044.75,19718.75
2024/07/21,Sun,,,,
2024/07/20,Sat,,,,
2024/07/19,Fri,19955.00,19713.00,19979.75,19654.00
2024/07/18,Thu,20024.25,19899.25,20162.50,19758.75
2024/07/17,Wed,20591.00,19997.50,20597.75,19965.75
2024/07/16,Tue,20628.00,20598.00,20684.50,20464.50
2024/07/15,Mon,20580.00,20583.75,20797.00,20506.25
2024/07/14,Sun,,,,
2024/07/13,Sat,,,,
2024/07/12,Fri,20432.75,20524.00,20741.00,20335.00
2024/07/11,Thu,20895.50,20441.75,20983.75,20377.25
2024/07/10,Wed,20686.00,20899.75,20916.75,20684.50
2024/07/09,Tue,20681.00,20678.50,20771.75,20615.75
2024/07/08,Mon,20591.50,20659.75,20688.00,20579.25
2024/07/07,Sun,,,,
2024/07/06,Sat,,,,
2024/07/05,Fri,20419.25,20620.75,20639.50,20361.00
2024/07/04,Thu,20404.00,20390.50,20415.75,20368.00
2024/07/03,Wed,20241.00,20411.50,20435.25,20205.00
2024/07/02,Tue,20045.75,20255.25,20259.25,19910.00
2024/07/01,Mon,19970.00,20052.00,20074.00,19811.75
2024/06/30,Sun,,,,
2024/06/29,Sat,,,,
2024/06/28,Fri,20063.25,19927.25,20273.25,19906.25
2024/06/27,Thu,19946.00,20039.50,20116.75,19874.25
2024/06/26,Wed,19973.00,20012.50,20070.50,19901.00
2024/06/25,Tue,19756.00,19972.25,19981.25,19726.00
2024/06/24,Mon,20014.75,19750.75,20030.25,19728.00
2024/06/23,Sun,,,,
2024/06/22,Sat,,,,
2024/06/21,Fri,19781.25,19747.29,19819.25,19687.50
2024/06/20,Thu,19930.25,19763.25,20095.00,19694.25
2024/06/19,Wed,20223.00,20235.75,20251.75,20209.00
2024/06/18,Tue,19918.50,19919.25,19996.50,19851.75
2024/06/17,Mon,19695.00,19921.25,20001.00,19640.50
2024/06/16,Sun,,,,
2024/06/15,Sat,,,,
2024/06/14,Fri,19602.75,19685.50,19699.50,19501.50
2024/06/13,Thu,19602.00,19602.50,19691.00,19500.00
2024/06/12,Wed,19248.00,19496.50,19612.25,19233.50
2024/06/11,Tue,19107.25,19242.25,19257.50,18994.50
2024/06/10,Mon,19025.00,19109.75,19129.75,18974.25
2024/06/09,Sun,,,,
2024/06/08,Sat,,,,
2024/06/07,Fri,19064.00,19037.75,19155.00,18940.00
2024/06/06,Thu,19089.50,19060.25,19124.50,19017.25
2024/06/05,Wed,18711.00,19074.25,19090.50,18696.25
2024/06/04,Tue,18662.50,18701.00,18753.25,18511.25
2024/06/03,Mon,18590.25,18646.25,18755.50,18435.75
2024/06/02,Sun,,,,
2024/06/01,Sat,,,,
2024/05/31,Fri,18590.75,18591.00,18668.25,18241.25
2024/05/30,Thu,18753.00,18606.50,18787.00,18546.25
2024/05/29,Wed,18949.50,18802.75,18949.75,18740.00
2024/05/28,Tue,18874.75,18940.50,18980.50,18819.50
2024/05/27,Mon,18837.25,18907.00,18955.75,18834.25
2024/05/26,Sun,,,,
2024/05/25,Sat,,,,
2024/05/24,Fri,18684.00,18876.00,18926.00,18680.00
2024/05/23,Thu,18860.50,18696.25,19023.25,18621.50
2024/05/22,Wed,18798.25,18786.75,18891.00,18684.25
2024/05/21,Tue,18746.00,18799.25,18808.75,18678.00
2024/05/20,Mon,18633.50,18763.00,18794.50,18633.00
2024/05/19,Sun,,,,
2024/05/18,Sat,,,,
2024/05/17,Fri,18642.00,18635.25,18686.75,18545.00
2024/05/16,Thu,18693.25,18650.00,18760.75,18633.25
2024/05/15,Wed,18409.75,18691.75,18707.00,18393.00
2024/05/14,Tue,18282.00,18415.00,18433.00,18165.50
2024/05/13,Mon,18238.00,18295.50,18336.25,18228.75
2024/05/12,Sun,,,,
2024/05/11,Sat,,,,
2024/05/10,Fri,18226.00,18255.00,18348.00,18188.50
2024/05/09,Thu,18160.75,18214.50,18240.25,18103.75
2024/05/08,Wed,18194.00,18186.50,18242.25,18072.50
2024/05/07,Tue,18189.50,18199.50,18266.25,18151.00
2024/05/06,Mon,18047.50,18195.50,18201.25,17983.75
2024/05/05,Sun,,,,
2024/05/04,Sat,,,,
2024/05/03,Fri,17744.25,18000.75,18050.25,17719.50
2024/05/02,Thu,17487.00,17649.75,17755.25,17386.25
2024/05/01,Wed,17462.50,17438.25,17793.25,17399.25
2024/04/30,Tue,17918.50,17571.25,17920.25,17473.50
2024/04/29,Mon,17864.75,17904.25,17949.00,17791.25
2024/04/28,Sun,,,,
2024/04/27,Sat,,,,
2024/04/26,Fri,17808.25,17845.75,17901.50,17668.25
2024/04/25,Thu,17450.00,17567.50,17827.50,17308.25
2024/04/24,Wed,17682.00,17664.50,17795.50,17481.75
2024/04/23,Tue,17352.25,17606.75,17666.00,17286.25
2024/04/22,Mon,17228.25,17350.00,17448.00,17148.50
2024/04/21,Sun,,,,
2024/04/20,Sat,,,,
2024/04/19,Fri,17530.75,17180.75,17553.25,17113.25
2024/04/18,Thu,17669.75,17547.25,17770.75,17506.25
2024/04/17,Wed,17897.00,17658.50,17968.50,17615.25
2024/04/16,Tue,17879.00,17881.25,17988.00,17792.00
2024/04/15,Mon,18151.00,17876.25,18350.75,17841.50
2024/04/14,Sun,,,,
2024/04/13,Sat,,,,
2024/04/12,Fri,18486.25,18179.25,18507.75,18120.25
2024/04/11,Thu,18184.00,18485.00,18518.75,18088.00
2024/04/10,Wed,18381.00,18196.75,18474.25,18053.50
2024/04/09,Tue,18314.75,18359.75,18407.25,18160.75
2024/04/08,Mon,18348.25,18295.00,18376.00,18237.50
2024/04/07,Sun,,,,
2024/04/06,Sat,,,,
2024/04/05,Fri,18086.25,18300.75,18408.25,18051.50
2024/04/04,Thu,18388.50,18076.75,18568.00,18055.25
2024/04/03,Wed,18345.00,18373.25,18451.75,18232.50
2024/04/02,Tue,18497.25,18330.00,18511.00,18201.50
2024/04/01,Mon,18503.00,18497.25,18612.00,18414.50
2024/03/31,Sun,,,,
2024/03/30,Sat,,,,
2024/03/29,Fri,,,,
2024/03/28,Thu,18505.00,18475.00,18538.75,18447.50
2024/03/27,Wed,18477.50,18503.75,18571.75,18378.50
2024/03/26,Tue,18531.25,18449.00,18619.00,18439.25
2024/03/25,Mon,18567.00,18513.50,18601.25,18414.75
2024/03/24,Sun,,,,
2024/03/23,Sat,,,,
2024/03/22,Fri,18580.50,18574.75,18626.00,18492.00
2024/03/21,Thu,18539.75,18561.75,18709.00,18526.75
2024/03/20,Wed,18274.00,18479.75,18545.00,18227.50
2024/03/19,Tue,18222.00,18270.00,18289.25,18053.25
2024/03/18,Mon,18073.50,18231.50,18381.00,18062.25
2024/03/17,Sun,,,,
2024/03/16,Sat,,,,
2024/03/15,Fri,18006.00,17854.75,18074.75,17831.75
2024/03/14,Thu,18094.25,18024.50,18177.75,17915.50
2024/03/13,Wed,18218.00,18078.50,18256.50,18033.25
2024/03/12,Tue,18010.50,18227.75,18241.75,17930.00
2024/03/11,Mon,18056.00,17971.00,18068.25,17890.50
2024/03/10,Sun,,,,
2024/03/09,Sat,,,,
2024/03/08,Fri,18279.00,18046.75,18436.50,18012.50
2024/03/07,Thu,18041.00,18316.25,18360.00,17915.75
2024/03/06,Wed,17981.00,18044.25,18174.25,17942.50
2024/03/05,Tue,18246.00,17930.25,18252.00,17832.50
2024/03/04,Mon,18336.00,18262.00,18377.75,18234.25
2024/03/03,Sun,,,,
2024/03/02,Sat,,,,
2024/03/01,Fri,18075.00,18338.25,18372.75,18029.50
2024/02/29,Thu,17870.00,18082.75,18109.50,17826.00
2024/02/28,Wed,18017.50,17915.25,18019.75,17846.25
2024/02/27,Tue,17951.00,18021.00,18040.25,17908.75
2024/02/26,Mon,17961.50,17977.00,18059.50,17922.00
2024/02/25,Sun,,,,
2024/02/24,Sat,,,,
2024/02/23,Fri,18023.25,17991.00,18144.75,17946.00
2024/02/22,Thu,17702.50,18047.50,18087.00,17676.00
2024/02/21,Wed,17573.00,17536.75,17723.00,17372.75
2024/02/20,Tue,17729.25,17607.25,17807.50,17452.50
2024/02/19,Mon,17778.50,17748.25,17806.50,17739.50
2024/02/18,Sun,,,,
2024/02/17,Sat,,,,
2024/02/16,Fri,17952.00,17744.00,18026.00,17715.00
2024/02/15,Thu,17870.00,17912.75,17968.25,17780.50
2024/02/14,Wed,17703.00,17881.00,17887.00,17669.25
2024/02/13,Tue,17928.50,17676.75,17963.25,17542.00
2024/02/12,Mon,18040.00,17965.00,18121.50,17911.25
2024/02/11,Sun,,,,
2024/02/10,Sat,,,,
2024/02/09,Fri,17854.25,18039.25,18071.00,17852.25
2024/02/08,Thu,17856.25,17868.25,17896.50,17792.25
2024/02/07,Wed,17645.75,17841.75,17875.50,17629.75
2024/02/06,Tue,17698.50,17660.00,17769.00,17560.75
2024/02/05,Mon,17696.00,17700.00,17745.50,17554.25
2024/02/04,Sun,,,,
2024/02/03,Sat,,,,
2024/02/02,Fri,17588.00,17732.75,17775.50,17465.50
2024/02/01,Thu,17273.25,17436.75,17646.75,17262.75
2024/01/31,Wed,17415.50,17242.25,17484.00,17221.50
2024/01/30,Tue,17711.75,17588.50,17735.75,17467.00
2024/01/29,Mon,17502.00,17706.00,17716.25,17457.50
2024/01/28,Sun,,,,
2024/01/27,Sat,,,,
2024/01/26,Fri,17571.25,17527.00,17632.00,17466.00
2024/01/25,Thu,17614.75,17634.50,17752.00,17542.00
2024/01/24,Wed,17554.00,17621.00,17793.50,17552.25
2024/01/23,Tue,17461.00,17531.25,17558.25,17409.50
2024/01/22,Mon,17466.00,17458.50,17585.00,17434.00
2024/01/21,Sun,,,,
2024/01/20,Sat,,,,
2024/01/19,Fri,17116.00,17438.50,17471.25,17107.25
2024/01/18,Thu,16854.50,17110.00,17125.75,16834.25
2024/01/17,Wed,16978.00,16869.75,16982.00,16689.25
2024/01/16,Tue,16961.75,16966.50,17033.75,16811.75
2024/01/15,Mon,16946.75,16936.25,17022.75,16933.50
2024/01/14,Sun,,,,
2024/01/13,Sat,,,,
2024/01/12,Fri,16957.75,16969.25,17042.50,16866.50
2024/01/11,Thu,16955.00,16966.25,17057.00,16753.00
2024/01/10,Wed,16829.50,16945.25,16983.00,16801.50
2024/01/09,Tue,16788.00,16830.25,16868.50,16657.75
2024/01/08,Mon,16470.00,16803.75,16811.25,16378.25
2024/01/07,Sun,,,,
2024/01/06,Sat,,,,
2024/01/05,Fri,16455.00,16460.25,16577.25,16334.25
2024/01/04,Thu,16545.25,16445.00,16587.25,16436.00
2024/01/03,Wed,16736.75,16538.00,16737.25,16522.00
2024/01/02,Tue,17019.00,16720.00,17038.50,16622.50
2024/01/01,Mon,17018.25,17029.50,17037.00,17014.75
2023/12/31,Sun,,,,
2023/12/30,Sat,,,,
2023/12/29,Fri,17090.25,17023.50,17131.00,16938.25
2023/12/28,Thu,17127.00,17090.50,17165.25,17077.75
2023/12/27,Wed,17090.25,17113.25,17133.00,17055.50
2023/12/26,Tue,16964.50,17083.50,17111.25,16964.50
2023/12/25,Mon,16991.75,17004.00,17011.00,16985.00
2023/12/24,Sun,,,,
2023/12/23,Sat,,,,
2023/12/22,Fri,16956.00,16980.00,17041.50,16891.50
2023/12/21,Thu,16790.25,16956.50,16970.25,16790.25
2023/12/20,Wed,17024.00,16766.25,17073.50,16758.50
2023/12/19,Tue,16917.00,17023.00,17029.50,16910.75
2023/12/18,Mon,16820.25,16939.75,16974.00,16802.25
2023/12/17,Sun,,,,
2023/12/16,Sat,,,,
2023/12/15,Fri,16532.50,16530.23,16612.50,16521.50
2023/12/14,Thu,16561.50,16541.50,16674.50,16418.75
2023/12/13,Wed,16383.00,16563.75,16593.00,16365.50
2023/12/12,Tue,16240.00,16362.75,16389.50,16185.25
2023/12/11,Mon,16093.00,16237.00,16248.00,16045.50
2023/12/10,Sun,,,,
2023/12/09,Sat,,,,
2023/12/08,Fri,16017.50,16098.25,16118.75,15888.25
2023/12/07,Thu,15814.50,16038.75,16066.00,15791.00
2023/12/06,Wed,15897.00,15815.25,16037.75,15802.00
2023/12/05,Tue,15863.25,15908.75,15961.00,15761.25
2023/12/04,Mon,16022.00,15869.00,16026.00,15721.25
2023/12/03,Sun,,,,
2023/12/02,Sat,,,,
2023/12/01,Fri,15955.00,16023.75,16050.00,15864.00
2023/11/30,Thu,16040.25,15985.50,16098.50,15856.00
2023/11/29,Wed,16055.50,16023.75,16208.50,16013.50
2023/11/28,Tue,16005.25,16048.00,16071.50,15945.25
2023/11/27,Mon,16008.00,16008.75,16089.25,15938.75
2023/11/26,Sun,,,,
2023/11/25,Sat,,,,
2023/11/24,Fri,16036.75,16021.00,16086.50,15981.75
2023/11/23,Thu,16045.75,16065.00,16086.25,16038.50
2023/11/22,Wed,15967.25,16049.25,16173.50,15942.75
2023/11/21,Tue,16087.50,15990.25,16122.50,15912.00
2023/11/20,Mon,15895.00,16086.50,16116.75,15837.25
2023/11/19,Sun,,,,
2023/11/18,Sat,,,,
2023/11/17,Fri,15897.75,15895.75,15940.00,15825.00
2023/11/16,Thu,15846.75,15897.50,15906.75,15796.75
2023/11/15,Wed,15895.00,15889.25,16049.50,15832.25
2023/11/14,Tue,15558.00,15879.75,15918.75,15552.00
2023/11/13,Mon,15586.25,15547.00,15601.25,15465.25
2023/11/12,Sun,,,,
2023/11/11,Sat,,,,
2023/11/10,Fri,15254.75,15596.25,15612.75,15207.25
2023/11/09,Thu,15356.25,15256.00,15453.75,15236.75
2023/11/08,Wed,15373.00,15386.50,15417.50,15286.75
2023/11/07,Tue,15215.00,15374.25,15412.25,15176.00
2023/11/06,Mon,15187.00,15232.50,15257.50,15138.00
2023/11/05,Sun,,,,
2023/11/04,Sat,,,,
2023/11/03,Fri,14928.00,15178.75,15228.50,14925.50
2023/11/02,Thu,14761.25,14998.00,15017.25,14760.00
2023/11/01,Wed,14460.00,14744.50,14762.00,14410.75
2023/10/31,Tue,14410.50,14490.25,14503.75,14311.25
2023/10/30,Mon,14336.00,14416.50,14476.50,14303.00
2023/10/29,Sun,,,,
2023/10/28,Sat,,,,
2023/10/27,Fri,14248.25,14265.25,14407.75,14209.75
2023/10/26,Thu,14425.00,14194.00,14459.00,14140.25
2023/10/25,Wed,14828.00,14478.25,14855.00,14444.00
2023/10/24,Tue,14744.00,14846.50,14948.75,14706.00
2023/10/23,Mon,14680.00,14712.00,14853.75,14514.25
2023/10/22,Sun,,,,
2023/10/21,Sat,,,,
2023/10/20,Fri,14850.00,14664.00,14887.50,14645.00
2023/10/19,Thu,15045.00,14890.00,15138.25,14839.50
2023/10/18,Wed,15236.50,15025.25,15238.25,14979.25
2023/10/17,Tue,15305.75,15240.75,15309.25,15050.25
2023/10/16,Mon,15120.00,15289.50,15336.75,15083.00
2023/10/15,Sun,,,,
2023/10/14,Sat,,,,
2023/10/13,Fri,15324.00,15120.25,15366.75,15062.25
2023/10/12,Thu,15407.50,15315.00,15468.75,15216.25
2023/10/11,Wed,15282.25,15380.00,15416.75,15253.00
2023/10/10,Tue,15196.50,15270.75,15383.50,15171.75
2023/10/09,Mon,15040.25,15187.00,15212.75,14949.50
2023/10/08,Sun,,,,
2023/10/07,Sat,,,,
2023/10/06,Fri,14853.75,15112.00,15160.25,14660.00
2023/10/05,Thu,14903.00,14861.75,14958.75,14716.25
2023/10/04,Wed,14713.75,14923.75,14956.00,14589.00
2023/10/03,Tue,14989.50,14714.50,15031.00,14651.50
2023/10/02,Mon,14965.00,14984.75,15046.00,14826.00
2023/10/01,Sun,,,,
2023/09/30,Sat,,,,
2023/09/29,Fri,14876.50,14866.50,15060.75,14811.00
2023/09/28,Thu,14772.50,14859.75,14947.50,14658.00
2023/09/27,Wed,14725.25,14739.00,14821.50,14586.00
2023/09/26,Tue,14949.00,14715.00,14949.00,14666.25
2023/09/25,Mon,14880.25,14935.25,14955.75,14782.25
2023/09/24,Sun,,,,
2023/09/23,Sat,,,,
2023/09/22,Fri,14854.50,14869.50,15027.50,14836.25
2023/09/21,Thu,15133.25,14862.75,15149.00,14841.00
2023/09/20,Wed,15375.25,15152.00,15436.25,15127.00
2023/09/19,Tue,15424.25,15375.25,15442.25,15248.50
2023/09/18,Mon,15382.25,15414.50,15461.00,15330.50
2023/09/17,Sun,,,,
2023/09/16,Sat,,,,
2023/09/15,Fri,15480.25,15435.20,15524.00,15401.25
2023/09/14,Thu,15372.75,15478.00,15517.75,15337.25
2023/09/13,Wed,15308.50,15356.25,15424.25,15212.75
2023/09/12,Tue,15466.50,15304.75,15480.75,15288.75
2023/09/11,Mon,15308.00,15475.75,15497.50,15298.00
2023/09/10,Sun,,,,
2023/09/09,Sat,,,,
2023/09/08,Fri,15286.25,15297.50,15390.75,15223.00
2023/09/07,Thu,15385.00,15282.25,15395.75,15157.50
2023/09/06,Wed,15511.25,15399.50,15533.00,15310.50
2023/09/05,Tue,15517.00,15534.50,15586.75,15418.25
2023/09/04,Mon,15517.25,15526.75,15578.25,15511.25
2023/09/03,Sun,,,,
2023/09/02,Sat,,,,
2023/09/01,Fri,15534.00,15516.25,15661.25,15454.00
2023/08/31,Thu,15513.75,15538.50,15606.75,15460.00
2023/08/30,Wed,15427.50,15501.25,15522.75,15361.50
2023/08/29,Tue,15098.75,15415.75,15430.50,15049.75
2023/08/28,Mon,14991.00,15092.50,15126.50,14973.50
2023/08/27,Sun,,,,
2023/08/26,Sat,,,,
2023/08/25,Fri,14833.00,14979.25,15048.75,14751.75
2023/08/24,Thu,15333.00,14862.00,15418.00,14817.00
2023/08/23,Wed,14959.75,15195.50,15356.75,14957.25
2023/08/22,Tue,14974.50,14958.50,15118.25,14932.00
2023/08/21,Mon,14762.50,14985.75,15013.75,14720.50
2023/08/20,Sun,,,,
2023/08/19,Sat,,,,
2023/08/18,Fri,14748.00,14744.00,14802.75,14609.25
2023/08/17,Thu,14940.25,14778.00,15018.25,14738.25
2023/08/16,Wed,15110.75,14942.25,15166.00,14921.50
2023/08/15,Tue,15279.00,15106.50,15335.00,15074.75
2023/08/14,Mon,15104.00,15270.25,15282.00,15020.75
2023/08/13,Sun,,,,
2023/08/12,Sat,,,,
2023/08/11,Fri,15219.00,15095.75,15266.75,15037.25
2023/08/10,Thu,15202.50,15201.25,15442.25,15136.00
2023/08/09,Wed,15351.75,15178.25,15432.50,15146.50
2023/08/08,Tue,15495.00,15354.25,15497.75,15218.00
2023/08/07,Mon,15370.50,15485.50,15495.50,15334.25
2023/08/06,Sun,,,,
2023/08/05,Sat,,,,
2023/08/04,Fri,15441.00,15354.00,15610.25,15336.50
2023/08/03,Thu,15455.75,15438.75,15551.75,15339.50
2023/08/02,Wed,15757.00,15473.00,15789.75,15414.00
2023/08/01,Tue,15869.25,15817.25,15889.25,15728.25
2023/07/31,Mon,15850.00,15857.50,15917.00,15791.25
2023/07/30,Sun,,,,
2023/07/29,Sat,,,,
2023/07/28,Fri,15580.00,15847.50,15896.00,15546.25
2023/07/27,Thu,15638.75,15571.00,15904.00,15511.25
2023/07/26,Wed,15730.25,15610.75,15739.25,15515.00
2023/07/25,Tue,15570.00,15673.00,15736.25,15549.25
2023/07/24,Mon,15556.00,15561.25,15618.75,15483.75
2023/07/23,Sun,,,,
2023/07/22,Sat,,,,
2023/07/21,Fri,15590.75,15540.00,15719.25,15522.25
2023/07/20,Thu,15922.75,15592.25,15925.75,15547.00
2023/07/19,Wed,15949.25,15959.25,16062.75,15911.25
2023/07/18,Tue,15832.00,15974.75,16029.75,15733.00
2023/07/17,Mon,15690.00,15840.75,15882.75,15661.50
2023/07/16,Sun,,,,
2023/07/15,Sat,,,,
2023/07/14,Fri,15699.00,15694.25,15857.25,15663.00
2023/07/13,Thu,15457.75,15711.50,15741.25,15456.50
2023/07/12,Wed,15258.00,15444.75,15507.75,15254.50
2023/07/11,Tue,15195.75,15260.00,15278.75,15109.50
2023/07/10,Mon,15198.50,15187.00,15218.25,15063.25
2023/07/09,Sun,,,,
2023/07/08,Sat,,,,
2023/07/07,Fri,15211.75,15181.75,15359.75,15172.25
2023/07/06,Thu,15353.75,15238.00,15366.00,15111.50
2023/07/05,Wed,15357.00,15360.75,15432.00,15255.25
2023/07/04,Tue,15336.50,15340.75,15368.25,15334.50
2023/07/03,Mon,15331.00,15364.75,15392.00,15308.00
2023/07/02,Sun,,,,
2023/07/01,Sat,,,,
2023/06/30,Fri,15106.00,15337.00,15376.75,15099.00
2023/06/29,Thu,15161.00,15100.25,15202.75,15028.50
2023/06/28,Wed,15088.25,15130.00,15219.00,15021.25
2023/06/27,Tue,14875.00,15111.50,15139.25,14862.25
2023/06/26,Mon,15057.75,14856.50,15152.50,14853.50
2023/06/25,Sun,,,,
2023/06/24,Sat,,,,
2023/06/23,Fri,15236.00,15058.25,15236.00,14985.25
2023/06/22,Thu,15038.75,15214.75,15238.00,14964.00
2023/06/21,Wed,15247.50,15044.00,15273.25,15002.25
2023/06/20,Tue,15303.25,15256.50,15322.50,15126.50
2023/06/19,Mon,15302.25,15249.00,15305.50,15230.50
2023/06/18,Sun,,,,
2023/06/17,Sat,,,,
2023/06/16,Fri,15181.25,15316.61,15324.00,15130.50
2023/06/15,Thu,15038.00,15188.00,15252.00,14878.00
2023/06/14,Wed,14925.00,15012.75,15061.50,14793.00
2023/06/13,Tue,14824.00,14914.25,14967.75,14779.50
2023/06/12,Mon,14560.25,14800.50,14827.00,14554.25
2023/06/11,Sun,,,,
2023/06/10,Sat,,,,
2023/06/09,Fri,14517.00,14556.25,14687.50,14460.25
2023/06/08,Thu,14316.00,14503.00,14526.75,14256.75
2023/06/07,Wed,14594.50,14331.50,14675.00,14305.50
2023/06/06,Tue,14582.00,14586.50,14623.75,14504.50
2023/06/05,Mon,14577.00,14588.75,14694.75,14512.75
2023/06/04,Sun,,,,
2023/06/03,Sat,,,,
2023/06/02,Fri,14494.00,14575.25,14627.75,14468.25
2023/06/01,Thu,14289.50,14472.25,14528.25,14248.25
2023/05/31,Wed,14397.25,14300.50,14429.00,14251.25
2023/05/30,Tue,14437.50,14396.75,14570.00,14336.75
2023/05/29,Mon,14416.50,14386.25,14445.25,14367.50
2023/05/28,Sun,,,,
2023/05/27,Sat,,,,
2023/05/26,Fri,13977.75,14332.50,14369.00,13924.50
2023/05/25,Thu,13877.00,13976.50,14031.25,13803.00
2023/05/24,Wed,13729.00,13650.25,13845.75,13566.50
2023/05/23,Tue,13913.25,13728.75,13979.25,13710.00
2023/05/22,Mon,13805.50,13902.50,13946.75,13794.25
2023/05/21,Sun,,,,
2023/05/20,Sat,,,,
2023/05/19,Fri,13908.50,13858.00,13960.25,13814.25
2023/05/18,Thu,13640.50,13894.00,13913.00,13628.25
2023/05/17,Wed,13498.50,13643.50,13669.00,13474.25
2023/05/16,Tue,13461.00,13483.25,13554.50,13426.25
2023/05/15,Mon,13378.75,13468.00,13480.00,13350.00
2023/05/14,Sun,,,,
2023/05/13,Sat,,,,
2023/05/12,Fri,13446.00,13396.25,13494.25,13310.50
2023/05/11,Thu,13410.00,13446.50,13470.25,13361.50
2023/05/10,Wed,13258.75,13409.50,13446.75,13202.75
2023/05/09,Tue,13338.50,13264.75,13347.00,13250.50
2023/05/08,Mon,13316.00,13352.25,13368.00,13254.50
2023/05/07,Sun,,,,
2023/05/06,Sat,,,,
2023/05/05,Fri,13060.00,13317.75,13359.00,13055.75
2023/05/04,Thu,13064.00,13043.75,13173.00,13001.75
2023/05/03,Wed,13162.00,13100.75,13314.00,13080.00
2023/05/02,Tue,13290.00,13184.50,13334.75,13110.25
2023/05/01,Mon,13317.00,13306.75,13370.25,13258.75
2023/04/30,Sun,,,,
2023/04/29,Sat,,,,
2023/04/28,Fri,13215.00,13320.25,13336.00,13169.00
2023/04/27,Thu,12965.00,13231.25,13333.00,12936.00
2023/04/26,Wed,12940.00,12887.75,13012.25,12863.75
2023/04/25,Tue,13050.25,12809.50,13059.50,12800.00
2023/04/24,Mon,13070.00,13056.50,13134.00,12967.25
2023/04/23,Sun,,,,
2023/04/22,Sat,,,,
2023/04/21,Fri,13089.00,13090.50,13122.00,12982.50
2023/04/20,Thu,13162.00,13074.25,13200.00,13021.75
2023/04/19,Wed,13170.50,13183.00,13226.75,13065.00
2023/04/18,Tue,13184.00,13193.00,13298.75,13138.00
2023/04/17,Mon,13212.50,13186.50,13218.00,13076.75
2023/04/16,Sun,,,,
2023/04/15,Sat,,,,
2023/04/14,Fri,13183.00,13181.25,13255.00,13058.00
2023/04/13,Thu,12957.00,13209.75,13228.00,12925.50
2023/04/12,Wed,13073.75,12952.25,13241.75,12937.75
2023/04/11,Tue,13163.25,13074.75,13208.75,13053.50
2023/04/10,Mon,13179.75,13158.00,13203.25,12967.50
2023/04/09,Sun,,,,
2023/04/08,Sat,,,,
2023/04/07,Fri,13162.75,13170.75,13192.25,13122.00
2023/04/06,Thu,13072.75,13170.75,13191.00,12953.25
2023/04/05,Wed,13230.00,13079.75,13247.25,13006.00
2023/04/04,Tue,13259.00,13219.00,13348.75,13168.25
2023/04/03,Mon,13262.00,13270.00,13278.75,13154.00
2023/04/02,Sun,,,,
2023/04/01,Sat,,,,
2023/03/31,Fri,13084.25,13301.75,13311.50,13057.50
2023/03/30,Thu,12962.50,13082.00,13111.75,12931.50
2023/03/29,Wed,12745.50,12965.00,12994.00,12742.00
2023/03/28,Tue,12810.50,12732.50,12833.50,12634.25
2023/03/27,Mon,12916.00,12788.50,12984.50,12765.50
2023/03/26,Sun,,,,
2023/03/25,Sat,,,,
2023/03/24,Fri,12871.50,12890.25,12924.75,12728.00
2023/03/23,Thu,12695.00,12854.00,13031.00,12694.25
2023/03/22,Wed,12873.25,12707.00,13082.00,12678.00
2023/03/21,Tue,12699.75,12867.25,12898.25,12676.50
2023/03/20,Mon,12690.00,12688.50,12750.00,12525.25
2023/03/19,Sun,,,,
2023/03/18,Sat,,,,
2023/03/17,Fri,12575.75,12594.65,12636.50,12531.75
2023/03/16,Thu,12264.50,12583.00,12600.50,12189.25
2023/03/15,Wed,12200.75,12247.75,12280.00,11972.00
2023/03/14,Tue,11960.00,12207.00,12223.00,11921.75
2023/03/13,Mon,11894.75,11931.75,12095.75,11674.25
2023/03/12,Sun,,,,
2023/03/11,Sat,,,,
2023/03/10,Fri,12005.00,11840.25,12109.00,11795.00
2023/03/09,Thu,12231.00,12007.25,12353.50,11977.50
2023/03/08,Wed,12170.00,12228.25,12254.50,12108.25
2023/03/07,Tue,12320.25,12169.00,12381.25,12142.25
2023/03/06,Mon,12306.25,12323.50,12486.25,12276.25
2023/03/05,Sun,,,,
2023/03/04,Sat,,,,
2023/03/03,Fri,12049.00,12311.25,12329.00,12012.00
2023/03/02,Thu,11967.00,12062.00,12096.25,11832.50
2023/03/01,Wed,12041.25,11961.75,12141.75,11924.75
2023/02/28,Tue,12093.50,12072.25,12172.75,12025.75
2023/02/27,Mon,12003.00,12083.25,12189.50,11990.00
2023/02/26,Sun,,,,
2023/02/25,Sat,,,,
2023/02/24,Fri,12190.00,11997.00,12214.50,11923.00
2023/02/23,Thu,12176.25,12207.50,12261.00,12028.50
2023/02/22,Wed,12108.00,12097.50,12190.50,12034.00
2023/02/21,Tue,12380.00,12096.75,12417.75,12090.25
2023/02/20,Mon,12358.75,12378.50,12416.75,12346.75
2023/02/19,Sun,,,,
2023/02/18,Sat,,,,
2023/02/17,Fri,12462.50,12390.00,12466.25,12265.75
2023/02/16,Thu,12740.00,12482.50,12792.75,12455.25
2023/02/15,Wed,12620.75,12730.00,12756.50,12524.25
2023/02/14,Tue,12547.25,12631.00,12687.00,12390.50
2023/02/13,Mon,12357.50,12540.50,12567.00,12265.25
2023/02/12,Sun,,,,
2023/02/11,Sat,,,,
2023/02/10,Fri,12448.75,12346.25,12451.50,12243.25
2023/02/09,Thu,12555.00,12425.50,12728.50,12366.50
2023/02/08,Wed,12747.00,12545.25,12808.50,12512.75
2023/02/07,Tue,12513.00,12776.75,12818.50,12459.25
2023/02/06,Mon,12572.00,12515.50,12608.50,12455.75
2023/02/05,Sun,,,,
2023/02/04,Sat,,,,
2023/02/03,Fri,12748.25,12624.00,12878.00,12551.25
2023/02/02,Thu,12520.00,12846.75,12949.75,12501.75
2023/02/01,Wed,12116.00,12414.25,12524.50,12055.25
2023/01/31,Tue,11984.00,12152.00,12156.00,11871.00
2023/01/30,Mon,12212.50,11968.00,12252.00,11960.00
2023/01/29,Sun,,,,
2023/01/28,Sat,,,,
2023/01/27,Fri,12049.00,12222.25,12308.50,12016.00
2023/01/26,Thu,11874.75,12106.75,12113.00,11867.25
2023/01/25,Wed,11970.50,11873.25,11976.50,11604.50
2023/01/24,Tue,11933.00,11909.50,12010.50,11835.75
2023/01/23,Mon,11676.75,11934.00,11983.00,11650.50
2023/01/22,Sun,,,,
2023/01/21,Sat,,,,
2023/01/20,Fri,11401.00,11677.00,11686.75,11365.25
2023/01/19,Thu,11470.50,11356.50,11487.00,11308.50
2023/01/18,Wed,11619.75,11475.75,11759.50,11468.00
2023/01/17,Tue,11613.50,11624.50,11685.00,11510.25
2023/01/16,Mon,11585.25,11586.25,11637.25,11512.00
2023/01/15,Sun,,,,
2023/01/14,Sat,,,,
2023/01/13,Fri,11528.50,11608.00,11619.50,11389.00
2023/01/12,Thu,11474.50,11534.25,11579.75,11291.00
2023/01/11,Wed,11282.50,11476.50,11479.50,11239.75
2023/01/10,Tue,11184.75,11282.00,11288.75,11094.00
2023/01/09,Mon,11126.50,11185.50,11385.50,11120.25
2023/01/08,Sun,,,,
2023/01/07,Sat,,,,
2023/01/06,Fri,10838.75,11113.50,11165.75,10751.00
2023/01/05,Thu,10988.50,10820.25,11046.75,10805.00
2023/01/04,Wed,10941.25,10999.25,11068.50,10863.50
2023/01/03,Tue,11122.50,10945.50,11182.00,10844.75
2023/01/02,Mon,11041.75,11053.00,11140.50,11037.75
2023/01/01,Sun,,,,
2022/12/31,Sat,,,,
2022/12/30,Fri,11033.50,11022.25,11051.50,10855.50
2022/12/29,Thu,10785.75,11032.75,11071.50,10777.50
2022/12/28,Wed,10915.75,10772.75,10996.50,10758.75
2022/12/27,Tue,11104.00,10915.50,11183.75,10896.00
2022/12/26,Mon,11137.00,11157.00,11162.50,11118.25
2022/12/25,Sun,,,,
2022/12/24,Sat,,,,
2022/12/23,Fri,11061.00,11075.25,11143.00,10916.25
2022/12/22,Thu,11357.00,11054.25,11384.75,10870.50
2022/12/21,Wed,11206.50,11334.50,11389.75,11181.00
2022/12/20,Tue,11182.50,11175.75,11247.00,11043.50
2022/12/19,Mon,11328.75,11193.25,11411.00,11131.75
2022/12/18,Sun,,,,
2022/12/17,Sat,,,,
2022/12/16,Fri,11340.25,11327.04,11381.25,11206.50
2022/12/15,Thu,11758.75,11347.25,11779.50,11298.25
2022/12/14,Wed,11839.00,11750.75,11948.50,11613.75
2022/12/13,Tue,11691.25,11839.75,12229.50,11680.50
2022/12/12,Mon,11553.00,11711.75,11716.00,11522.75
2022/12/11,Sun,,,,
2022/12/10,Sat,,,,
2022/12/09,Fri,11641.50,11569.75,11748.00,11517.00
2022/12/08,Thu,11500.00,11645.50,11685.75,11433.00
2022/12/07,Wed,11566.00,11509.50,11596.25,11422.50
2022/12/06,Tue,11812.00,11566.00,11846.25,11502.00
2022/12/05,Mon,12000.50,11805.75,12015.75,11745.50
2022/12/04,Sun,,,,
2022/12/03,Sat,,,,
2022/12/02,Fri,12039.75,12010.25,12067.75,11740.50
2022/12/01,Thu,12079.25,12062.75,12145.00,11943.25
2022/11/30,Wed,11520.00,12042.25,12078.50,11497.75
2022/11/29,Tue,11625.00,11524.75,11704.50,11465.00
2022/11/28,Mon,11731.25,11616.25,11788.50,11575.25
2022/11/27,Sun,,,,
2022/11/26,Sat,,,,
2022/11/25,Fri,11878.00,11782.75,11933.00,11766.25
2022/11/24,Thu,11888.00,11917.75,11932.75,11874.50
2022/11/23,Wed,11741.50,11862.75,11892.75,11720.00
2022/11/22,Tue,11588.00,11754.50,11759.25,11526.50
2022/11/21,Mon,11723.00,11588.00,11756.00,11553.00
2022/11/20,Sun,,,,
2022/11/19,Sat,,,,
2022/11/18,Fri,11747.75,11708.00,11843.00,11607.00
2022/11/17,Thu,11777.75,11710.50,11827.50,11528.25
2022/11/16,Wed,11882.00,11739.50,11963.00,11706.50
2022/11/15,Tue,11768.50,11904.25,12118.75,11761.75
2022/11/14,Mon,11791.00,11734.75,11898.50,11702.00
2022/11/13,Sun,,,,
2022/11/12,Sat,,,,
2022/11/11,Fri,11669.75,11848.00,11876.75,11569.25
2022/11/10,Thu,10841.00,11632.25,11677.00,10808.00
2022/11/09,Wed,11089.25,10830.75,11164.25,10822.25
2022/11/08,Tue,11016.00,11094.25,11231.25,10928.75
2022/11/07,Mon,10786.50,11014.25,11038.50,10751.00
2022/11/06,Sun,,,,
2022/11/05,Sat,,,,
2022/11/04,Fri,10712.00,10890.25,10974.25,10636.00
2022/11/03,Thu,10938.00,10728.00,10996.00,10708.00
2022/11/02,Wed,11320.25,10944.50,11460.00,10909.00
2022/11/01,Tue,11455.00,11332.00,11619.00,11288.75
2022/10/31,Mon,11592.50,11447.25,11595.00,11367.25
2022/10/30,Sun,,,,
2022/10/29,Sat,,,,
2022/10/28,Fri,11122.75,11587.00,11626.00,11062.00
2022/10/27,Thu,11417.75,11235.25,11537.50,10921.50
2022/10/26,Wed,11510.00,11446.00,11703.50,11415.00
2022/10/25,Tue,11453.75,11713.50,11734.00,11430.25
2022/10/24,Mon,11393.75,11478.75,11530.25,11207.75
2022/10/23,Sun,,,,
2022/10/22,Sat,,,,
2022/10/21,Fri,11061.25,11358.50,11386.25,10935.50
2022/10/20,Thu,11134.00,11090.75,11328.75,11008.00
2022/10/19,Wed,11320.25,11153.25,11382.75,11049.00
2022/10/18,Tue,11161.25,11198.75,11431.75,11081.50
2022/10/17,Mon,10720.00,11110.25,11146.25,10713.00
2022/10/16,Sun,,,,
2022/10/15,Sat,,,,
2022/10/14,Fri,11064.75,10744.00,11253.50,10726.75
2022/10/13,Thu,10859.00,11083.75,11142.75,10484.75
2022/10/12,Wed,10875.00,10840.50,10976.75,10805.50
2022/10/11,Tue,10987.00,10845.00,11039.50,10767.25
2022/10/10,Mon,11067.75,10984.50,11136.50,10876.75
2022/10/09,Sun,,,,
2022/10/08,Sat,,,,
2022/10/07,Fri,11494.50,11101.50,11564.50,11043.25
2022/10/06,Thu,11628.00,11541.75,11729.75,11505.25
2022/10/05,Wed,11630.25,11623.75,11711.00,11366.50
2022/10/04,Tue,11314.50,11640.75,11675.00,11281.50
2022/10/03,Mon,11030.00,11285.75,11358.25,10890.75
2022/10/02,Sun,,,,
2022/10/01,Sat,,,,
2022/09/30,Fri,11220.00,11035.50,11357.25,11024.25
2022/09/29,Thu,11544.00,11228.25,11567.25,11091.50
2022/09/28,Wed,11361.00,11555.75,11613.50,11141.50
2022/09/27,Tue,11315.50,11333.75,11568.25,11233.50
2022/09/26,Mon,11362.50,11316.25,11537.75,11256.50
2022/09/25,Sun,,,,
2022/09/24,Sat,,,,
2022/09/23,Fri,11583.75,11376.75,11600.25,11229.00
2022/09/22,Thu,11661.25,11565.50,11796.00,11510.00
2022/09/21,Wed,11946.00,11710.00,12140.50,11647.50
2022/09/20,Tue,12045.75,11922.25,12092.50,11828.25
2022/09/19,Mon,11920.00,12024.00,12066.25,11792.25
2022/09/18,Sun,,,,
2022/09/17,Sat,,,,
2022/09/16,Fri,11880.00,11814.58,11880.00,11750.50
2022/09/15,Thu,12159.00,11934.75,12187.75,11866.50
2022/09/14,Wed,12050.25,12142.00,12173.00,12001.75
2022/09/13,Tue,12769.50,12036.50,12889.00,12003.25
2022/09/12,Mon,12626.00,12740.75,12773.75,12573.25
2022/09/11,Sun,,,,
2022/09/10,Sat,,,,
2022/09/09,Fri,12345.25,12592.50,12613.75,12329.50
2022/09/08,Thu,12267.75,12321.75,12379.50,12115.75
2022/09/07,Wed,12019.75,12263.25,12306.25,11921.50
2022/09/06,Tue,12110.50,12019.00,12244.50,11930.00
2022/09/05,Mon,12123.25,12147.00,12182.50,12056.00
2022/09/04,Sun,,,,
2022/09/03,Sat,,,,
2022/09/02,Fri,12297.75,12104.25,12461.50,12040.25
2022/09/01,Thu,12284.75,12292.25,12299.50,12017.75
2022/08/31,Wed,12366.00,12285.25,12513.00,12276.25
2022/08/30,Tue,12503.50,12358.75,12658.25,12247.50
2022/08/29,Mon,12485.00,12492.75,12610.25,12401.50
2022/08/28,Sun,,,,
2022/08/27,Sat,,,,
2022/08/26,Fri,13153.75,12620.50,13220.00,12557.50
2022/08/25,Thu,12944.00,13156.00,13161.50,12925.00
2022/08/24,Wed,12892.00,12929.75,13011.25,12825.75
2022/08/23,Tue,12933.75,12896.50,13018.50,12823.50
2022/08/22,Mon,13226.50,12909.75,13226.50,12874.50
2022/08/21,Sun,,,,
2022/08/20,Sat,,,,
2022/08/19,Fri,13534.25,13268.50,13534.50,13228.75
2022/08/18,Thu,13503.00,13523.25,13575.50,13410.75
2022/08/17,Wed,13658.00,13493.25,13672.00,13406.25
2022/08/16,Tue,13674.75,13658.25,13740.75,13522.75
2022/08/15,Mon,13571.50,13681.25,13706.00,13495.25
2022/08/14,Sun,,,,
2022/08/13,Sat,,,,
2022/08/12,Fri,13344.25,13577.75,13583.25,13312.00
2022/08/11,Thu,13380.50,13311.25,13575.00,13285.00
2022/08/10,Wed,13050.00,13392.00,13408.00,12982.00
2022/08/09,Tue,13206.25,13031.50,13233.75,12963.25
2022/08/08,Mon,13227.75,13183.25,13419.25,13120.50
2022/08/07,Sun,,,,
2022/08/06,Sat,,,,
2022/08/05,Fri,13327.25,13228.75,13384.50,13085.00
2022/08/04,Thu,13247.00,13327.00,13356.00,13184.75
2022/08/03,Wed,12921.00,13271.50,13310.25,12867.25
2022/08/02,Tue,12974.25,12924.50,13097.00,12814.75
2022/08/01,Mon,12981.00,12962.50,13108.75,12851.75
2022/07/31,Sun,,,,
2022/07/30,Sat,,,,
2022/07/29,Fri,12920.25,12971.50,13012.00,12744.25
2022/07/28,Thu,12580.00,12737.50,12948.00,12449.00
2022/07/27,Wed,12192.00,12619.00,12690.00,12191.75
2022/07/26,Tue,12311.25,12112.50,12334.00,12072.00
2022/07/25,Mon,12444.50,12354.50,12498.50,12266.50
2022/07/24,Sun,,,,
2022/07/23,Sat,,,,
2022/07/22,Fri,12559.25,12423.50,12698.50,12343.75
2022/07/21,Thu,12440.00,12640.00,12655.25,12373.50
2022/07/20,Wed,12330.50,12465.25,12517.50,12235.75
2022/07/19,Tue,11909.50,12274.00,12328.50,11889.50
2022/07/18,Mon,12043.50,11907.00,12186.50,11857.00
2022/07/17,Sun,,,,
2022/07/16,Sat,,,,
2022/07/15,Fri,11810.50,12007.50,12021.50,11740.25
2022/07/14,Thu,11729.50,11797.50,11835.00,11511.25
2022/07/13,Wed,11780.00,11762.25,11970.00,11479.25
2022/07/12,Tue,11900.50,11779.00,12025.50,11712.00
2022/07/11,Mon,12149.75,11884.25,12149.75,11853.00
2022/07/10,Sun,,,,
2022/07/09,Sat,,,,
2022/07/08,Fri,12115.00,12152.00,12211.00,11952.50
2022/07/07,Thu,11901.25,12138.50,12168.50,11836.50
2022/07/06,Wed,11820.25,11880.25,11974.25,11727.75
2022/07/05,Tue,11606.00,11808.50,11815.75,11389.25
2022/07/04,Mon,11571.75,11695.25,11745.00,11501.00
2022/07/03,Sun,,,,
2022/07/02,Sat,,,,
2022/07/01,Fri,11507.50,11611.25,11629.75,11381.75
2022/06/30,Thu,11691.50,11529.50,11696.75,11351.00
2022/06/29,Wed,11680.50,11691.00,11749.00,11564.50
2022/06/28,Tue,12076.25,11674.25,12174.25,11661.50
2022/06/27,Mon,12137.50,12040.50,12262.00,11994.25
2022/06/26,Sun,,,,
2022/06/25,Sat,,,,
2022/06/24,Fri,11687.75,12140.50,12148.50,11684.75
2022/06/23,Thu,11542.75,11737.50,11766.75,11460.50
2022/06/22,Wed,11579.75,11565.75,11745.75,11320.50
2022/06/21,Tue,11332.50,11577.25,11678.25,11273.75
2022/06/20,Mon,11428.00,11424.25,11442.75,11274.50
2022/06/19,Sun,,,,
2022/06/18,Sat,,,,
2022/06/17,Fri,11178.50,11130.39,11290.00,11130.25
2022/06/16,Thu,11608.50,11124.75,11737.75,11036.75
2022/06/15,Wed,11329.75,11593.75,11759.25,11327.75
2022/06/14,Tue,11334.25,11314.25,11505.50,11205.00
2022/06/13,Mon,11768.00,11296.50,11772.50,11254.50
2022/06/12,Sun,,,,
2022/06/11,Sat,,,,
2022/06/10,Fri,12301.50,11840.00,12338.75,11823.00
2022/06/09,Thu,12625.00,12275.00,12726.00,12255.25
2022/06/08,Wed,12680.50,12615.75,12783.00,12579.25
2022/06/07,Tue,12605.25,12711.50,12740.25,12412.50
2022/06/06,Mon,12549.75,12605.00,12810.00,12527.00
2022/06/05,Sun,,,,
2022/06/04,Sat,,,,
2022/06/03,Fri,12896.00,12551.00,12945.25,12503.00
2022/06/02,Thu,12549.75,12893.75,12903.75,12442.50
2022/06/01,Wed,12662.50,12551.00,12823.50,12454.75
2022/05/31,Tue,12705.25,12646.50,12883.00,12480.00
2022/05/30,Mon,12736.75,12815.75,12880.75,12720.75
2022/05/29,Sun,,,,
2022/05/28,Sat,,,,
2022/05/27,Fri,12250.00,12677.75,12720.25,12222.00
2022/05/26,Thu,11887.50,12279.25,12343.00,11848.25
2022/05/25,Wed,11808.00,11942.25,12036.00,11672.00
2022/05/24,Tue,11915.00,11771.00,11918.00,11576.25
2022/05/23,Mon,11866.00,12035.25,12075.50,11783.75
2022/05/22,Sun,,,,
2022/05/21,Sat,,,,
2022/05/20,Fri,11898.00,11840.75,12096.75,11491.25
2022/05/19,Thu,11907.00,11878.25,12076.75,11704.00
2022/05/18,Wed,12572.00,11935.50,12594.00,11862.75
2022/05/17,Tue,12235.50,12560.25,12578.00,12234.00
2022/05/16,Mon,12409.00,12244.75,12498.75,12190.25
2022/05/15,Sun,,,,
2022/05/14,Sat,,,,
2022/05/13,Fri,11891.50,12382.75,12432.00,11891.50
2022/05/12,Thu,12004.50,11947.25,12132.75,11689.00
2022/05/11,Wed,12328.75,11969.75,12553.25,11938.50
2022/05/10,Tue,12206.00,12349.00,12547.00,12102.25
2022/05/09,Mon,12605.00,12193.75,12637.25,12135.25
2022/05/08,Sun,,,,
2022/05/07,Sat,,,,
2022/05/06,Fri,12883.25,12695.75,12928.75,12519.00
2022/05/05,Thu,13500.25,12858.00,13548.00,12705.25
2022/05/04,Wed,13121.00,13531.25,13555.25,12883.00
2022/05/03,Tue,13051.75,13087.50,13183.75,12968.50
2022/05/02,Mon,12892.25,13073.00,13084.50,12709.75
2022/05/01,Sun,,,,
2022/04/30,Sat,,,,
2022/04/29,Fri,13219.50,12852.00,13433.00,12831.75
2022/04/28,Thu,13191.00,13454.75,13542.00,13033.00
2022/04/27,Wed,12881.00,13009.00,13255.25,12878.25
2022/04/26,Tue,13523.50,13016.00,13583.75,12801.50
2022/04/25,Mon,13334.25,13535.75,13549.75,13184.00
2022/04/24,Sun,,,,
2022/04/23,Sat,,,,
2022/04/22,Fri,13720.00,13353.50,13781.00,13297.00
2022/04/21,Thu,14070.00,13728.25,14283.00,13667.50
2022/04/20,Wed,14104.75,14004.75,14298.00,13956.50
2022/04/19,Tue,13962.75,14217.25,14242.00,13828.00
2022/04/18,Mon,13892.00,13907.75,14002.50,13729.50
2022/04/17,Sun,,,,
2022/04/16,Sat,,,,
2022/04/15,Fri,,,,
2022/04/14,Thu,14211.50,13893.75,14296.25,13876.50
2022/04/13,Wed,13952.75,14221.50,14266.50,13921.00
2022/04/12,Tue,14006.25,13945.00,14284.25,13881.25
2022/04/11,Mon,14345.00,14000.00,14382.00,13984.75
2022/04/10,Sun,,,,
2022/04/09,Sat,,,,
2022/04/08,Fri,14536.25,14327.00,14642.25,14310.50
2022/04/07,Thu,14496.25,14536.00,14633.75,14317.00
2022/04/06,Wed,14861.00,14505.25,14861.25,14394.75
2022/04/05,Tue,15155.50,14828.00,15198.00,14780.25
2022/04/04,Mon,14846.00,15164.25,15174.50,14801.00
2022/04/03,Sun,,,,
2022/04/02,Sat,,,,
2022/04/01,Fri,14918.75,14863.75,14960.00,14725.00
2022/03/31,Thu,15100.50,14868.75,15180.75,14855.50
2022/03/30,Wed,15222.00,15071.50,15262.25,15012.25
2022/03/29,Tue,14981.00,15237.75,15268.75,14956.50
2022/03/28,Mon,14756.00,14985.25,14997.00,14658.75
2022/03/27,Sun,,,,
2022/03/26,Sat,,,,
2022/03/25,Fri,14765.00,14755.75,14840.50,14572.50
2022/03/24,Thu,14462.75,14763.75,14769.75,14433.50
2022/03/23,Wed,14654.00,14447.00,14682.25,14441.00
2022/03/22,Tue,14390.00,14654.00,14690.75,14293.50
2022/03/21,Mon,14404.00,14370.50,14466.75,14183.75
2022/03/20,Sun,,,,
2022/03/19,Sat,,,,
2022/03/18,Fri,14060.00,14095.31,14081.50,13970.50
2022/03/17,Thu,13999.00,14111.75,14136.25,13822.75
2022/03/16,Wed,13451.75,13953.00,14029.25,13420.50
2022/03/15,Tue,13082.00,13451.75,13489.00,12944.00
2022/03/14,Mon,13362.00,13045.50,13447.50,13015.50
2022/03/13,Sun,,,,
2022/03/12,Sat,,,,
2022/03/11,Fri,13577.25,13292.00,13860.75,13281.75
2022/03/10,Thu,13778.00,13586.00,13778.00,13396.25
2022/03/09,Wed,13192.25,13734.75,13821.75,13189.75
2022/03/08,Tue,13283.00,13267.00,13666.00,13103.25
2022/03/07,Mon,13763.50,13320.75,13879.75,13265.00
2022/03/06,Sun,,,,
2022/03/05,Sat,,,,
2022/03/04,Fri,14069.25,13839.75,14086.50,13733.75
2022/03/03,Thu,14196.50,14030.50,14391.00,13955.00
2022/03/02,Wed,14026.25,14239.25,14290.00,13911.50
2022/03/01,Tue,14219.25,14005.50,14327.75,13900.00
2022/02/28,Mon,13900.25,14228.00,14292.25,13683.00
2022/02/27,Sun,,,,
2022/02/26,Sat,,,,
2022/02/25,Fri,13909.50,14180.50,14196.25,13760.25
2022/02/24,Thu,13484.25,13966.50,13983.25,13025.75
2022/02/23,Wed,13928.25,13507.50,14068.75,13471.25
2022/02/22,Tue,13952.75,13862.75,14157.50,13580.25
2022/02/21,Mon,13851.25,13679.50,14156.25,13588.75
2022/02/20,Sun,,,,
2022/02/19,Sat,,,,
2022/02/18,Fri,14156.25,13996.00,14299.00,13906.25
2022/02/17,Thu,14592.25,14164.75,14619.50,14131.50
2022/02/16,Wed,14588.00,14600.00,14668.50,14381.00
2022/02/15,Tue,14257.00,14609.50,14614.75,14223.25
2022/02/14,Mon,14250.00,14253.00,14394.00,14031.00
2022/02/13,Sun,,,,
2022/02/12,Sat,,,,
2022/02/11,Fri,14698.25,14240.50,14766.75,14181.00
2022/02/10,Thu,15062.25,14701.00,15062.25,14622.00
2022/02/09,Wed,14746.25,15038.25,15068.00,14741.00
2022/02/08,Tue,14600.00,14734.50,14776.00,14467.50
2022/02/07,Mon,14682.50,14559.75,14806.25,14511.50
2022/02/06,Sun,,,,
2022/02/05,Sat,,,,
2022/02/04,Fri,14770.00,14685.50,14825.75,14362.75
2022/02/03,Thu,14852.50,14492.25,14870.00,14456.25
2022/02/02,Wed,15129.00,15114.50,15260.00,14825.00
2022/02/01,Tue,14868.75,14994.75,15137.00,14729.25
2022/01/31,Mon,14454.00,14905.00,14914.75,14353.25
2022/01/30,Sun,,,,
2022/01/29,Sat,,,,
2022/01/28,Fri,14167.75,14433.00,14442.00,13831.00
2022/01/27,Thu,14194.00,13986.75,14409.25,13844.50
2022/01/26,Wed,13945.50,14158.50,14639.75,13945.50
2022/01/25,Tue,14495.00,14140.75,14499.00,13890.00
2022/01/24,Mon,14410.00,14501.00,14582.00,13706.00
2022/01/23,Sun,,,,
2022/01/22,Sat,,,,
2022/01/21,Fri,14722.00,14426.50,14858.50,14408.50
2022/01/20,Thu,15042.25,14841.00,15340.25,14646.75
2022/01/19,Wed,15238.75,15033.50,15372.00,15011.25
2022/01/18,Tue,15616.75,15206.00,15653.25,15170.75
2022/01/17,Mon,15609.75,15587.50,15629.00,15543.50
2022/01/16,Sun,,,,
2022/01/15,Sat,,,,
2022/01/14,Fri,15505.00,15595.75,15621.00,15312.50
2022/01/13,Thu,15901.00,15490.25,15979.75,15458.25
2022/01/12,Wed,15826.00,15887.25,16009.25,15762.50
2022/01/11,Tue,15622.25,15831.00,15839.50,15475.00
2022/01/10,Mon,15590.00,15608.00,15669.00,15152.50
2022/01/09,Sun,,,,
2022/01/08,Sat,,,,
2022/01/07,Fri,15801.75,15581.00,15852.75,15510.00
2022/01/06,Thu,15763.75,15759.00,15895.75,15598.50
2022/01/05,Wed,16265.00,15766.50,16269.00,15752.75
2022/01/04,Tue,16497.75,16275.75,16564.00,16139.50
2022/01/03,Mon,16356.00,16485.50,16508.00,16292.00
2022/01/02,Sun,,,,
2022/01/01,Sat,,,,
2021/12/31,Fri,16431.00,16320.75,16464.00,16313.75
2021/12/30,Thu,16484.50,16430.25,16567.50,16411.25
2021/12/29,Wed,16513.50,16490.50,16564.25,16387.50
2021/12/28,Tue,16565.75,16488.00,16659.50,16452.25
2021/12/27,Mon,16304.25,16560.00,16580.75,16304.25
2021/12/26,Sun,,,,
2021/12/25,Sat,,,,
2021/12/24,Fri,,,,
2021/12/23,Thu,16180.00,16299.00,16356.00,16145.25
2021/12/22,Wed,15979.00,16169.75,16183.00,15881.50
2021/12/21,Tue,15674.25,15980.00,15987.25,15605.00
2021/12/20,Mon,15809.50,15621.25,15851.75,15492.00
2021/12/19,Sun,,,,
2021/12/18,Sat,,,,
2021/12/17,Fri,15873.00,15717.32,15902.00,15668.00
2021/12/16,Thu,16288.50,15870.50,16459.25,15800.25
2021/12/15,Wed,15928.50,16288.00,16302.50,15744.50
2021/12/14,Tue,16085.00,15924.75,16133.75,15738.50
2021/12/13,Mon,16321.75,16082.00,16411.25,16064.25
2021/12/12,Sun,,,,
2021/12/11,Sat,,,,
2021/12/10,Fri,16158.50,16329.75,16335.75,16133.75
2021/12/09,Thu,16380.50,16148.75,16420.00,16120.25
2021/12/08,Wed,16360.50,16392.25,16436.75,16251.50
2021/12/07,Tue,15848.75,16318.00,16374.50,15824.50
2021/12/06,Mon,15716.25,15842.75,15897.25,15559.25
2021/12/05,Sun,,,,
2021/12/04,Sat,,,,
2021/12/03,Fri,16020.00,15717.75,16121.75,15538.00
2021/12/02,Thu,15891.75,15988.50,16066.25,15762.75
2021/12/01,Wed,16238.75,15869.75,16427.50,15825.25
2021/11/30,Tue,16419.00,16150.50,16456.25,16068.75
2021/11/29,Mon,16046.50,16390.75,16437.75,16038.00
2021/11/28,Sun,,,,
2021/11/27,Sat,,,,
2021/11/26,Fri,16360.00,16051.00,16436.00,15988.00
2021/11/25,Thu,16392.25,16370.75,16396.00,16359.50
2021/11/24,Wed,16300.25,16366.00,16368.50,16102.00
2021/11/23,Tue,16399.00,16312.00,16418.75,16118.50
2021/11/22,Mon,16600.25,16382.00,16767.50,16364.50
2021/11/21,Sun,,,,
2021/11/20,Sat,,,,
2021/11/19,Fri,16503.25,16575.00,16628.50,16490.25
2021/11/18,Thu,16322.50,16481.25,16508.00,16303.50
2021/11/17,Wed,16297.75,16311.50,16396.50,16270.00
2021/11/16,Tue,16198.50,16300.75,16323.75,16142.00
2021/11/15,Mon,16212.25,16187.75,16276.50,16082.25
2021/11/14,Sun,,,,
2021/11/13,Sat,,,,
2021/11/12,Fri,16043.75,16192.75,16213.25,16001.75
2021/11/11,Thu,15989.00,16022.75,16114.00,15976.00
2021/11/10,Wed,16201.25,15980.50,16243.00,15896.50
2021/11/09,Tue,16315.50,16212.75,16391.75,16160.00
2021/11/08,Mon,16293.00,16327.75,16394.00,16256.00
2021/11/07,Sun,,,,
2021/11/06,Sat,,,,
2021/11/05,Fri,16335.00,16351.75,16448.50,16292.00
2021/11/04,Thu,16129.50,16330.75,16376.00,16129.50
2021/11/03,Wed,15957.75,16129.75,16145.75,15935.25
2021/11/02,Tue,15891.00,15961.25,15980.25,15849.50
2021/11/01,Mon,15885.25,15894.25,15914.75,15768.50
2021/10/31,Sun,,,,
2021/10/30,Sat,,,,
2021/10/29,Fri,15679.75,15838.50,15864.75,15595.50
2021/10/28,Thu,15595.00,15764.75,15777.00,15591.75
2021/10/27,Wed,15532.25,15587.25,15717.50,15507.25
2021/10/26,Tue,15543.00,15545.00,15701.00,15503.00
2021/10/25,Mon,15324.25,15495.75,15546.00,15295.75
2021/10/24,Sun,,,,
2021/10/23,Sat,,,,
2021/10/22,Fri,15383.00,15341.00,15463.50,15273.75
2021/10/21,Thu,15357.50,15478.75,15483.75,15301.00
2021/10/20,Wed,15411.00,15377.50,15446.50,15319.00
2021/10/19,Tue,15289.75,15398.50,15428.25,15269.00
2021/10/18,Mon,15145.00,15290.50,15297.25,15038.75
2021/10/17,Sun,,,,
2021/10/16,Sat,,,,
2021/10/15,Fri,15063.75,15134.50,15145.00,15020.75
2021/10/14,Thu,14770.25,15037.25,15071.50,14767.50
2021/10/13,Wed,14594.00,14764.25,14795.75,14591.00
2021/10/12,Tue,14688.50,14653.25,14783.25,14585.50
2021/10/11,Mon,14810.25,14700.50,14897.25,14677.00
2021/10/10,Sun,,,,
2021/10/09,Sat,,,,
2021/10/08,Fri,14891.25,14808.25,14996.00,14790.75
2021/10/07,Thu,14768.00,14881.25,15001.25,14767.00
2021/10/06,Wed,14662.00,14759.00,14770.00,14422.50
2021/10/05,Tue,14493.75,14655.25,14754.75,14410.50
2021/10/04,Mon,14785.00,14462.25,14835.00,14367.75
2021/10/03,Sun,,,,
2021/10/02,Sat,,,,
2021/10/01,Fri,14702.25,14761.75,14818.00,14537.00
2021/09/30,Thu,14769.75,14682.50,14883.50,14670.25
2021/09/29,Wed,14769.25,14739.75,14926.00,14711.00
2021/09/28,Tue,15172.25,14764.75,15192.25,14740.75
2021/09/27,Mon,15319.00,15194.75,15399.25,15084.00
2021/09/26,Sun,,,,
2021/09/25,Sat,,,,
2021/09/24,Fri,15300.25,15318.75,15334.25,15176.75
2021/09/23,Thu,15178.25,15303.50,15347.00,15175.25
2021/09/22,Wed,14992.75,15163.50,15227.00,14930.50
2021/09/21,Tue,14992.00,15024.00,15163.25,14963.25
2021/09/20,Mon,15284.00,15009.50,15338.25,14807.50
2021/09/19,Sun,,,,
2021/09/18,Sat,,,,
2021/09/17,Fri,15502.75,15486.67,15547.00,15474.00
2021/09/16,Thu,15516.50,15517.75,15542.00,15369.50
2021/09/15,Wed,15395.50,15504.00,15521.75,15315.25
2021/09/14,Tue,15452.25,15387.00,15530.75,15351.25
2021/09/13,Mon,15452.50,15436.75,15565.00,15350.25
2021/09/12,Sun,,,,
2021/09/11,Sat,,,,
2021/09/10,Fri,15561.00,15441.50,15668.00,15433.50
2021/09/09,Thu,15610.00,15558.75,15675.75,15545.75
2021/09/08,Wed,15671.00,15620.00,15691.00,15523.75
2021/09/07,Tue,15656.00,15674.75,15708.75,15606.75
2021/09/06,Mon,15652.75,15691.00,15707.75,15642.75
2021/09/05,Sun,,,,
2021/09/04,Sat,,,,
2021/09/03,Fri,15601.00,15651.50,15677.50,15552.25
2021/09/02,Thu,15610.00,15601.00,15682.00,15551.75
2021/09/01,Wed,15599.50,15609.25,15699.00,15578.50
2021/08/31,Tue,15605.50,15582.50,15677.25,15517.75
2021/08/30,Mon,15432.75,15597.50,15617.75,15420.00
2021/08/29,Sun,,,,
2021/08/28,Sat,,,,
2021/08/27,Fri,15286.00,15426.50,15443.75,15265.50
2021/08/26,Thu,15367.25,15274.75,15368.25,15255.25
2021/08/25,Wed,15362.25,15364.25,15397.00,15333.00
2021/08/24,Tue,15327.00,15355.50,15384.00,15309.50
2021/08/23,Mon,15090.00,15304.50,15337.50,15086.50
2021/08/22,Sun,,,,
2021/08/21,Sat,,,,
2021/08/20,Fri,14943.25,15086.75,15100.00,14851.00
2021/08/19,Thu,14840.00,14928.00,14999.00,14710.50
2021/08/18,Wed,14970.25,14849.25,15037.25,14806.50
2021/08/17,Tue,15131.50,14997.50,15133.75,14897.00
2021/08/16,Mon,15119.25,15134.00,15139.00,14917.25
2021/08/15,Sun,,,,
2021/08/14,Sat,,,,
2021/08/13,Fri,15079.75,15125.75,15141.75,15055.25
2021/08/12,Thu,15008.50,15078.50,15090.50,14941.25
2021/08/11,Wed,15045.00,15019.50,15119.00,14963.00
2021/08/10,Tue,15128.75,15044.50,15157.25,14994.50
2021/08/09,Mon,15090.25,15125.25,15145.50,15003.25
2021/08/08,Sun,,,,
2021/08/07,Sat,,,,
2021/08/06,Fri,15167.75,15095.50,15169.75,15047.25
2021/08/05,Thu,15081.75,15167.75,15172.50,15069.25
2021/08/04,Wed,15038.00,15073.50,15108.00,14997.00
2021/08/03,Tue,14962.25,15046.25,15050.00,14849.00
2021/08/02,Mon,14972.75,14952.75,15056.25,14932.25
2021/08/01,Sun,,,,
2021/07/31,Sat,,,,
2021/07/30,Fri,14905.25,14955.75,14980.00,14811.25
2021/07/29,Thu,14984.75,15037.75,15084.00,14905.00
2021/07/28,Wed,14875.75,15011.50,15074.50,14866.00
2021/07/27,Tue,15125.25,14947.75,15131.50,14774.25
2021/07/26,Mon,15098.00,15117.75,15134.00,15038.75
2021/07/25,Sun,,,,
2021/07/24,Sat,,,,
2021/07/23,Fri,14979.50,15098.00,15117.25,14934.25
2021/07/22,Thu,14836.75,14928.50,14982.75,14826.75
2021/07/21,Wed,14729.75,14827.75,14839.50,14668.25
2021/07/20,Tue,14593.75,14722.75,14782.50,14516.75
2021/07/19,Mon,14675.00,14540.75,14682.50,14445.00
2021/07/18,Sun,,,,
2021/07/17,Sat,,,,
2021/07/16,Fri,14778.50,14670.50,14869.50,14656.00
2021/07/15,Thu,14895.00,14787.50,14962.75,14708.25
2021/07/14,Wed,14869.75,14891.75,14996.00,14841.25
2021/07/13,Tue,14880.00,14865.00,14994.75,14794.50
2021/07/12,Mon,14824.00,14869.25,14888.50,14785.00
2021/07/11,Sun,,,,
2021/07/10,Sat,,,,
2021/07/09,Fri,14710.25,14810.50,14832.00,14640.75
2021/07/08,Thu,14812.00,14712.25,14822.00,14540.50
2021/07/07,Wed,14764.50,14802.25,14883.75,14726.25
2021/07/06,Tue,14704.25,14775.50,14790.00,14625.25
2021/07/05,Mon,14715.50,14714.38,14718.50,14675.12
2021/07/04,Sun,,,,
2021/07/03,Sat,,,,
2021/07/02,Fri,14543.75,14713.75,14729.00,14513.25
2021/07/01,Thu,14558.50,14548.50,14606.25,14471.00
2021/06/30,Wed,14584.75,14549.00,14598.50,14518.25
2021/06/29,Tue,14504.50,14563.00,14584.75,14468.75
2021/06/28,Mon,14350.00,14512.50,14519.75,14333.25
2021/06/27,Sun,,,,
2021/06/26,Sat,,,,
2021/06/25,Fri,14365.75,14339.00,14394.25,14313.25
2021/06/24,Thu,14275.25,14354.25,14422.00,14270.00
2021/06/23,Wed,14274.00,14263.00,14315.75,14231.75
2021/06/22,Tue,14136.75,14258.25,14279.25,14066.50
2021/06/21,Mon,14022.75,14130.00,14144.00,13958.50
2021/06/20,Sun,,,,
2021/06/19,Sat,,,,
2021/06/18,Fri,14183.75,14107.43,14214.25,14063.50
2021/06/17,Thu,13948.50,14165.50,14217.75,13850.25
2021/06/16,Wed,14046.75,13981.25,14103.75,13840.00
2021/06/15,Tue,14119.50,14030.25,14163.00,14009.25
2021/06/14,Mon,13999.00,14124.75,14133.50,13965.25
2021/06/13,Sun,,,,
2021/06/12,Sat,,,,
2021/06/11,Fri,13975.50,13994.25,13997.75,13932.25
2021/06/10,Thu,13817.00,13959.75,13976.50,13726.00
2021/06/09,Wed,13813.00,13814.25,13904.25,13803.50
2021/06/08,Tue,13823.00,13811.50,13917.25,13741.75
2021/06/07,Mon,13773.25,13804.25,13824.00,13691.50
2021/06/06,Sun,,,,
2021/06/05,Sat,,,,
2021/06/04,Fri,13531.75,13766.75,13783.75,13467.75
2021/06/03,Thu,13679.50,13529.25,13707.75,13462.25
2021/06/02,Wed,13653.25,13673.75,13712.75,13603.25
2021/06/01,Tue,13699.00,13648.75,13773.00,13592.25
2021/05/31,Mon,13711.25,13686.25,13717.88,13652.75
2021/05/30,Sun,,,,
2021/05/29,Sat,,,,
2021/05/28,Fri,13694.75,13686.50,13763.50,13662.75
2021/05/27,Thu,13702.50,13665.50,13720.75,13620.25
2021/05/26,Wed,13670.25,13700.25,13728.50,13656.00
2021/05/25,Tue,13656.50,13656.25,13738.75,13606.75
2021/05/24,Mon,13383.25,13635.25,13686.00,13356.50
2021/05/23,Sun,,,,
2021/05/22,Sat,,,,
2021/05/21,Fri,13492.50,13405.00,13570.00,13395.75
2021/05/20,Thu,13220.50,13486.50,13522.75,13150.75
2021/05/19,Wed,13182.00,13233.50,13243.00,12954.25
2021/05/18,Tue,13308.50,13212.00,13432.25,13178.50
2021/05/17,Mon,13380.25,13303.50,13448.50,13182.75
2021/05/16,Sun,,,,
2021/05/15,Sat,,,,
2021/05/14,Fri,13095.00,13387.00,13426.25,13071.00
2021/05/13,Thu,12968.75,13100.25,13223.75,12915.00
2021/05/12,Wed,13321.25,12998.50,13351.75,12959.75
2021/05/11,Tue,13316.50,13346.00,13375.75,13065.25
2021/05/10,Mon,13718.00,13356.75,13752.00,13305.50
2021/05/09,Sun,,,,
2021/05/08,Sat,,,,
2021/05/07,Fri,13614.50,13709.75,13818.00,13588.25
2021/05/06,Thu,13484.00,13597.75,13611.50,13388.75
2021/05/05,Wed,13525.75,13491.00,13665.50,13462.75
2021/05/04,Tue,13785.00,13536.00,13792.50,13380.75
2021/05/03,Mon,13880.25,13790.00,13947.50,13772.00
2021/05/02,Sun,,,,
2021/05/01,Sat,,,,
2021/04/30,Fri,13948.25,13850.00,13956.75,13819.75
2021/04/29,Thu,13973.50,13953.50,14064.00,13818.50
2021/04/28,Wed,13955.50,13892.25,13993.50,13878.00
2021/04/27,Tue,14024.75,13953.00,14050.00,13912.50
2021/04/26,Mon,13919.75,14011.50,14039.25,13865.50
2021/04/25,Sun,,,,
2021/04/24,Sat,,,,
2021/04/23,Fri,13757.00,13927.00,13981.00,13737.00
2021/04/22,Thu,13896.50,13750.25,13944.75,13701.75
2021/04/21,Wed,13740.00,13919.25,13926.50,13700.50
2021/04/20,Tue,13900.00,13794.25,13933.75,13719.25
2021/04/19,Mon,13989.00,13897.25,14052.25,13821.00
2021/04/18,Sun,,,,
2021/04/17,Sat,,,,
2021/04/16,Fri,14002.00,14029.50,14059.50,13952.75
2021/04/15,Thu,13827.00,14014.00,14034.25,13789.25
2021/04/14,Wed,13977.75,13798.75,14029.00,13772.75
2021/04/13,Tue,13825.00,13975.75,13994.00,13772.75
2021/04/12,Mon,13817.75,13808.75,13832.25,13732.00
2021/04/11,Sun,,,,
2021/04/10,Sat,,,,
2021/04/09,Fri,13786.50,13829.50,13841.75,13648.25
2021/04/08,Thu,13620.75,13747.75,13789.75,13615.50
2021/04/07,Wed,13580.50,13604.75,13641.00,13512.50
2021/04/06,Tue,13603.75,13570.00,13655.00,13524.25
2021/04/05,Mon,13339.00,13585.50,13615.00,13304.25
2021/04/04,Sun,,,,
2021/04/03,Sat,,,,
2021/04/02,Fri,13330.50,13316.00,13393.00,13325.50
2021/04/01,Thu,13094.50,13316.00,13332.50,13090.25
2021/03/31,Wed,12894.75,13089.75,13158.00,12858.25
2021/03/30,Tue,12975.00,12878.25,12984.00,12776.50
2021/03/29,Mon,12975.75,12944.50,13003.00,12807.50
2021/03/28,Sun,,,,
2021/03/27,Sat,,,,
2021/03/26,Fri,12799.75,12966.75,12988.50,12676.25
2021/03/25,Thu,12803.00,12770.50,12859.50,12609.75
2021/03/24,Wed,13050.25,12794.00,13145.25,12784.00
2021/03/23,Tue,13069.00,13006.25,13172.00,12979.00
2021/03/22,Mon,12807.00,13071.75,13157.00,12788.50
2021/03/21,Sun,,,,
2021/03/20,Sat,,,,
2021/03/19,Fri,12818.25,12808.76,12919.00,12732.75
2021/03/18,Thu,13200.50,12795.50,13279.00,12777.50
2021/03/17,Wed,13174.75,13201.50,13283.25,12946.50
2021/03/16,Tue,13084.75,13151.50,13298.00,13056.50
2021/03/15,Mon,12950.00,13078.50,13099.00,12872.00
2021/03/14,Sun,,,,
2021/03/13,Sat,,,,
2021/03/12,Fri,13055.00,12933.50,13095.00,12768.25
2021/03/11,Thu,12795.25,13048.25,13119.25,12724.25
2021/03/10,Wed,12812.00,12749.25,12993.25,12703.00
2021/03/09,Tue,12345.75,12788.75,12867.50,12326.00
2021/03/08,Mon,12715.00,12297.25,12761.25,12281.75
2021/03/07,Sun,,,,
2021/03/06,Sat,,,,
2021/03/05,Fri,12435.00,12663.75,12697.75,12207.25
2021/03/04,Thu,12682.00,12455.00,12797.00,12306.50
2021/03/03,Wed,13061.25,12681.75,13192.00,12663.25
2021/03/02,Tue,13312.25,13055.25,13328.25,13048.25
2021/03/01,Mon,12957.50,13279.75,13318.00,12946.25
2021/02/28,Sun,,,,
2021/02/27,Sat,,,,
2021/02/26,Fri,12802.50,12911.00,13089.50,12662.25
2021/02/25,Thu,13304.75,12831.75,13353.75,12764.00
2021/02/24,Wed,13170.75,13302.00,13334.00,12958.00
2021/02/23,Tue,13227.00,13192.00,13335.75,12757.25
2021/02/22,Mon,13585.00,13224.25,13629.00,13215.00
2021/02/21,Sun,,,,
2021/02/20,Sat,,,,
2021/02/19,Fri,13638.25,13576.00,13729.00,13534.75
2021/02/18,Thu,13699.50,13633.00,13723.25,13468.00
2021/02/17,Wed,13758.25,13699.75,13785.00,13543.00
2021/02/16,Tue,13829.50,13767.75,13900.50,13716.00
2021/02/15,Mon,13825.25,13858.38,13878.25,13823.25
2021/02/14,Sun,,,,
2021/02/13,Sat,,,,
2021/02/12,Fri,13711.25,13804.75,13820.75,13646.00
2021/02/11,Thu,13662.00,13729.00,13743.75,13612.50
2021/02/10,Wed,13698.00,13643.50,13769.25,13516.75
2021/02/09,Tue,13683.50,13680.25,13735.25,13634.00
2021/02/08,Mon,13623.75,13683.00,13693.00,13596.00
2021/02/07,Sun,,,,
2021/02/06,Sat,,,,
2021/02/05,Fri,13560.00,13598.00,13638.50,13519.50
2021/02/04,Thu,13429.50,13547.50,13568.75,13345.25
2021/02/03,Wed,13506.00,13394.25,13584.50,13386.75
2021/02/02,Tue,13232.50,13449.00,13509.75,13230.50
2021/02/01,Mon,12849.00,13236.50,13271.50,12727.25
2021/01/31,Sun,,,,
2021/01/30,Sat,,,,
2021/01/29,Fri,13156.00,12911.25,13188.00,12829.00
2021/01/28,Thu,13052.50,13186.00,13394.00,12906.25
2021/01/27,Wed,13551.00,13105.50,13586.50,12884.75
2021/01/26,Tue,13459.75,13485.50,13599.75,13380.25
2021/01/25,Mon,13370.00,13475.50,13554.50,13189.00
2021/01/24,Sun,,,,
2021/01/23,Sat,,,,
2021/01/22,Fri,13394.00,13361.50,13402.25,13300.25
2021/01/21,Thu,13288.50,13395.50,13423.50,13283.25
2021/01/20,Wed,13030.00,13294.25,13327.00,13017.00
2021/01/19,Tue,12774.25,12985.50,13032.75,12727.00
2021/01/18,Mon,12743.75,12832.50,12835.00,12727.50
2021/01/17,Sun,,,,
2021/01/16,Sat,,,,
2021/01/15,Fri,12909.00,12802.25,12931.25,12743.50
2021/01/14,Thu,12975.50,12901.00,13028.75,12881.00
2021/01/13,Wed,12882.50,12972.25,13003.00,12820.75
2021/01/12,Tue,12910.75,12890.25,12959.00,12767.25
2021/01/11,Mon,13093.25,12897.00,13105.25,12871.75
2021/01/10,Sun,,,,
2021/01/09,Sat,,,,
2021/01/08,Fri,12927.00,13097.25,13125.00,12919.00
2021/01/07,Thu,12658.50,12928.00,12959.00,12646.50
2021/01/06,Wed,12800.25,12616.75,12844.25,12491.25
2021/01/05,Tue,12682.75,12793.50,12809.00,12612.00
2021/01/04,Mon,12889.00,12685.50,12959.75,12522.50
2021/01/03,Sun,,,,
2021/01/02,Sat,,,,
2021/01/01,Fri,12883.00,12883.00,12883.00,12883.00
2020/12/31,Thu,12840.00,12885.50,12896.00,12796.50
2020/12/30,Wed,12860.75,12841.50,12909.75,12820.50
2020/12/29,Tue,12845.25,12841.00,12918.25,12808.25
2020/12/28,Mon,12676.25,12832.75,12855.50,12655.25
2020/12/27,Sun,,,,
2020/12/26,Sat,,,,
2020/12/25,Fri,,,,
2020/12/24,Thu,12660.75,12704.50,12724.00,12631.50
2020/12/23,Wed,12704.75,12651.25,12738.75,12623.50
2020/12/22,Tue,12698.25,12710.00,12760.00,12593.50
2020/12/21,Mon,12760.00,12683.50,12782.50,12461.00
2020/12/20,Sun,,,,
2020/12/19,Sat,,,,
2020/12/18,Fri,12744.25,12800.06,12823.00,12708.00
2020/12/17,Thu,12677.00,12751.00,12766.25,12667.50
2020/12/16,Wed,12599.50,12665.25,12699.75,12567.75
2020/12/15,Tue,12460.50,12591.75,12604.75,12417.00
2020/12/14,Mon,12405.50,12456.50,12545.00,12386.50
2020/12/13,Sun,,,,
2020/12/12,Sat,,,,
2020/12/11,Fri,12391.00,12368.00,12414.25,12234.25
2020/12/10,Thu,12342.75,12402.00,12449.00,12218.25
2020/12/09,Wed,12657.25,12367.00,12675.00,12306.75
2020/12/08,Tue,12574.00,12637.50,12652.50,12502.00
2020/12/07,Mon,12525.00,12596.00,12612.25,12474.75
2020/12/06,Sun,,,,
2020/12/05,Sat,,,,
2020/12/04,Fri,12487.00,12526.00,12535.75,12448.50
2020/12/03,Thu,12472.00,12462.25,12540.25,12444.00
2020/12/02,Wed,12456.25,12454.25,12473.50,12312.50
2020/12/01,Tue,12336.00,12452.25,12512.25,12312.00
2020/11/30,Mon,12286.50,12277.00,12337.25,12086.00
2020/11/29,Sun,,,,
2020/11/28,Sat,,,,
2020/11/27,Fri,12168.25,12257.50,12307.50,12127.00
2020/11/26,Thu,12179.00,12157.75,12221.00,12127.50
2020/11/25,Wed,12098.50,12152.25,12177.75,12077.50
2020/11/24,Tue,11909.75,12076.00,12104.50,11872.75
2020/11/23,Mon,11894.00,11905.25,12001.75,11808.25
2020/11/22,Sun,,,,
2020/11/21,Sat,,,,
2020/11/20,Fri,11960.00,11905.75,12021.00,11873.50
2020/11/19,Thu,11876.00,11987.25,12000.00,11804.50
2020/11/18,Wed,11972.00,11897.00,12027.50,11861.50
2020/11/17,Tue,12061.25,11975.00,12096.25,11953.75
2020/11/16,Mon,11957.25,12005.00,12065.00,11851.75
2020/11/15,Sun,,,,
2020/11/14,Sat,,,,
2020/11/13,Fri,11857.00,11933.50,11952.75,11801.75
2020/11/12,Thu,11898.50,11820.00,11975.75,11775.75
2020/11/11,Wed,11632.25,11886.00,11917.75,11575.25
2020/11/10,Tue,11863.50,11618.25,11901.50,11503.25
2020/11/09,Mon,12139.25,11820.50,12408.75,11812.25
2020/11/08,Sun,,,,
2020/11/07,Sat,,,,
2020/11/06,Fri,12088.50,12075.00,12109.00,11868.25
2020/11/05,Thu,11830.00,12076.50,12119.50,11771.25
2020/11/04,Wed,11264.00,11763.00,11843.75,11230.25
2020/11/03,Tue,11074.75,11265.75,11347.00,11064.50
2020/11/02,Mon,11034.50,11063.25,11212.00,10942.25
2020/11/01,Sun,,,,
2020/10/31,Sat,,,,
2020/10/30,Fri,11213.25,11046.25,11281.25,10944.50
2020/10/29,Thu,11180.50,11342.75,11457.75,11145.00
2020/10/28,Wed,11558.50,11132.75,11566.75,11123.75
2020/10/27,Tue,11499.50,11588.00,11623.00,11478.25
2020/10/26,Mon,11634.00,11492.25,11695.50,11343.25
2020/10/25,Sun,,,,
2020/10/24,Sat,,,,
2020/10/23,Fri,11669.25,11663.50,11691.75,11551.00
2020/10/22,Thu,11683.50,11649.75,11724.00,11511.00
2020/10/21,Wed,11675.25,11691.25,11779.25,11585.00
2020/10/20,Tue,11697.50,11660.75,11792.00,11598.50
2020/10/19,Mon,11816.75,11650.25,11950.50,11591.25
2020/10/18,Sun,,,,
2020/10/17,Sat,,,,
2020/10/16,Fri,11891.00,11798.00,12022.00,11792.00
2020/10/15,Thu,11950.00,11874.00,11983.25,11736.50
2020/10/14,Wed,12079.75,11974.25,12178.00,11901.75
2020/10/13,Tue,12100.00,12094.00,12249.00,12019.00
2020/10/12,Mon,11722.75,12098.25,12197.00,11687.75
2020/10/11,Sun,,,,
2020/10/10,Sat,,,,
2020/10/09,Fri,11562.00,11724.75,11739.00,11552.50
2020/10/08,Thu,11473.25,11539.00,11578.75,11469.75
2020/10/07,Wed,11220.50,11470.00,11506.50,11208.00
2020/10/06,Tue,11473.00,11273.75,11524.50,11197.50
2020/10/05,Mon,11308.50,11469.25,11497.50,11267.50
2020/10/04,Sun,,,,
2020/10/03,Sat,,,,
2020/10/02,Fri,11566.75,11233.25,11604.75,11204.50
2020/10/01,Thu,11375.00,11574.75,11599.25,11375.00
2020/09/30,Wed,11321.00,11407.25,11526.00,11167.00
2020/09/29,Tue,11388.00,11337.75,11448.75,11289.50
2020/09/28,Mon,11145.00,11394.75,11404.00,11140.25
2020/09/27,Sun,,,,
2020/09/26,Sat,,,,
2020/09/25,Fri,10914.25,11136.50,11166.25,10813.75
2020/09/24,Thu,10803.50,10891.75,11011.75,10660.25
2020/09/23,Wed,11160.50,10829.00,11222.00,10786.00
2020/09/22,Tue,10966.25,11149.50,11191.00,10897.50
2020/09/21,Mon,10920.00,10989.00,11009.75,10656.50
2020/09/20,Sun,,,,
2020/09/19,Sat,,,,
2020/09/18,Fri,11082.00,11144.81,11179.25,11037.25
2020/09/17,Thu,11269.50,11090.00,11302.50,10918.75
2020/09/16,Wed,11467.50,11268.75,11550.00,11237.50
2020/09/15,Tue,11278.50,11464.25,11495.50,11247.75
2020/09/14,Mon,11104.00,11280.50,11362.75,11104.00
2020/09/13,Sun,,,,
2020/09/12,Sat,,,,
2020/09/11,Fri,11187.00,11061.50,11356.25,10937.50
2020/09/10,Thu,11377.75,11178.25,11566.75,11088.00
2020/09/09,Wed,11006.00,11392.75,11478.75,10935.25
2020/09/08,Tue,11531.00,11060.50,11585.00,11040.50
2020/09/07,Mon,11419.62,11560.00,11584.62,11372.38
2020/09/06,Sun,,,,
2020/09/05,Sat,,,,
2020/09/04,Fri,11745.00,11548.75,11843.00,11142.00
2020/09/03,Thu,12408.50,11800.50,12438.75,11658.50
2020/09/02,Wed,12325.50,12411.50,12465.25,12172.25
2020/09/01,Tue,12109.75,12312.50,12328.75,12093.00
2020/08/31,Mon,12002.75,12114.00,12165.00,11988.25
2020/08/30,Sun,,,,
2020/08/29,Sat,,,,
2020/08/28,Fri,11953.25,11991.75,12018.25,11920.50
2020/08/27,Thu,11984.50,11952.75,12046.00,11834.75
2020/08/26,Wed,11739.50,11991.25,12001.50,11726.75
2020/08/25,Tue,11636.00,11726.25,11742.25,11574.75
2020/08/24,Mon,11581.00,11636.25,11722.50,11528.25
2020/08/23,Sun,,,,
2020/08/22,Sat,,,,
2020/08/21,Fri,11480.00,11562.00,11573.50,11407.00
2020/08/20,Thu,11327.00,11477.25,11496.50,11221.50
2020/08/19,Wed,11414.25,11332.00,11438.00,11299.00
2020/08/18,Tue,11285.50,11409.25,11415.25,11268.00
2020/08/17,Mon,11145.00,11286.75,11300.50,11142.25
2020/08/16,Sun,,,,
2020/08/15,Sat,,,,
2020/08/14,Fri,11180.50,11133.75,11237.75,11096.00
2020/08/13,Thu,11115.50,11175.25,11266.00,11094.25
2020/08/12,Wed,10928.50,11126.00,11185.75,10878.50
2020/08/11,Tue,11072.25,10878.50,11157.75,10845.50
2020/08/10,Mon,11140.25,11072.00,11156.50,10928.25
2020/08/09,Sun,,,,
2020/08/08,Sat,,,,
2020/08/07,Fri,11260.50,11122.75,11283.25,11035.25
2020/08/06,Thu,11094.00,11261.25,11271.75,11051.25
2020/08/05,Wed,11080.50,11091.75,11144.00,11055.75
2020/08/04,Tue,11054.00,11086.00,11094.75,10983.00
2020/08/03,Mon,10933.25,11044.25,11073.00,10876.25
2020/08/02,Sun,,,,
2020/08/01,Sat,,,,
2020/07/31,Fri,10906.50,10890.50,10939.00,10691.00
2020/07/30,Thu,10700.00,10794.00,10897.25,10502.75
2020/07/29,Wed,10558.00,10674.25,10699.75,10512.25
2020/07/28,Tue,10682.50,10540.00,10758.50,10514.00
2020/07/27,Mon,10490.00,10675.25,10684.00,10401.00
2020/07/26,Sun,,,,
2020/07/25,Sat,,,,
2020/07/24,Fri,10565.50,10459.00,10597.00,10301.00
2020/07/23,Thu,10850.00,10548.25,10938.50,10514.50
2020/07/22,Wed,10850.75,10804.25,10916.25,10761.25
2020/07/21,Tue,10952.25,10851.00,11058.00,10784.75
2020/07/20,Mon,10621.25,10951.00,10964.50,10546.25
2020/07/19,Sun,,,,
2020/07/18,Sat,,,,
2020/07/17,Fri,10532.25,10622.50,10669.75,10523.75
2020/07/16,Thu,10693.00,10511.75,10698.25,10475.50
2020/07/15,Wed,10706.00,10683.25,10766.50,10551.25
2020/07/14,Tue,10602.00,10646.25,10693.00,10358.75
2020/07/13,Mon,10848.25,10600.00,11058.50,10561.50
2020/07/12,Sun,,,,
2020/07/11,Sat,,,,
2020/07/10,Fri,10727.00,10837.25,10847.50,10625.50
2020/07/09,Thu,10674.25,10727.50,10774.25,10560.00
2020/07/08,Wed,10526.00,10662.25,10673.00,10505.25
2020/07/07,Tue,10600.00,10532.25,10694.50,10505.75
2020/07/06,Mon,10347.25,10598.50,10614.50,10341.50
2020/07/05,Sun,,,,
2020/07/04,Sat,,,,
2020/07/03,Fri,10348.00,10328.88,10389.25,10310.25
2020/07/02,Thu,10258.50,10355.75,10422.25,10246.50
2020/07/01,Wed,10141.00,10268.75,10310.00,10076.00
2020/06/30,Tue,9983.00,10147.25,10171.50,9940.25
2020/06/29,Mon,9785.50,9973.75,9997.00,9728.75
2020/06/28,Sun,,,,
2020/06/27,Sat,,,,
2020/06/26,Fri,10087.00,9865.50,10120.50,9824.25
2020/06/25,Thu,10005.25,10088.25,10107.00,9885.50
2020/06/24,Wed,10183.00,10010.75,10242.00,9927.25
2020/06/23,Tue,10121.50,10196.00,10296.25,9972.25
2020/06/22,Mon,9868.00,10124.75,10134.50,9843.50
2020/06/21,Sun,,,,
2020/06/20,Sat,,,,
2020/06/19,Fri,9997.25,10120.84,10123.25,9997.25
2020/06/18,Thu,9995.25,9995.75,10040.75,9879.50
2020/06/17,Wed,9961.75,9994.50,10059.00,9927.00
2020/06/16,Tue,9812.50,9972.50,10013.75,9797.75
2020/06/15,Mon,9536.75,9800.50,9815.50,9381.75
2020/06/14,Sun,,,,
2020/06/13,Sat,,,,
2020/06/12,Fri,9616.00,9645.00,9849.25,9494.75
2020/06/11,Thu,10086.25,9616.75,10107.00,9584.50
2020/06/10,Wed,9960.00,10087.25,10155.50,9958.50
2020/06/09,Tue,9887.25,9951.00,10005.25,9811.50
2020/06/08,Mon,9819.00,9884.75,9901.00,9747.00
2020/06/07,Sun,,,,
2020/06/06,Sat,,,,
2020/06/05,Fri,9643.50,9808.50,9846.25,9601.75
2020/06/04,Thu,9685.50,9626.25,9742.50,9572.25
2020/06/03,Wed,9657.50,9684.75,9728.25,9635.50
2020/06/02,Tue,9590.00,9647.75,9670.00,9504.75
2020/06/01,Mon,9513.00,9595.00,9605.75,9450.25
2020/05/31,Sun,,,,
2020/05/30,Sat,,,,
2020/05/29,Fri,9453.50,9560.25,9590.50,9372.00
2020/05/28,Thu,9436.50,9460.25,9565.50,9320.50
2020/05/27,Wed,9409.00,9432.50,9508.00,9172.50
2020/05/26,Tue,9396.25,9406.50,9604.00,9373.00
2020/05/25,Mon,9457.25,9509.12,9535.62,9416.88
2020/05/24,Sun,,,,
2020/05/23,Sat,,,,
2020/05/22,Fri,9360.50,9406.25,9422.50,9241.50
2020/05/21,Thu,9494.75,9355.75,9510.75,9352.00
2020/05/20,Wed,9289.75,9485.50,9498.00,9273.00
2020/05/19,Tue,9316.25,9300.75,9417.25,9283.75
2020/05/18,Mon,9135.00,9325.50,9361.50,9110.25
2020/05/17,Sun,,,,
2020/05/16,Sat,,,,
2020/05/15,Fri,9085.50,9096.50,9148.50,8925.50
2020/05/14,Thu,9012.75,9079.50,9104.00,8847.00
2020/05/13,Wed,9045.75,8992.25,9202.75,8878.25
2020/05/12,Tue,9282.00,9078.25,9345.50,9040.50
2020/05/11,Mon,9194.75,9279.00,9339.00,9118.50
2020/05/10,Sun,,,,
2020/05/09,Sat,,,,
2020/05/08,Fri,9115.00,9218.25,9238.00,9103.25
2020/05/07,Thu,8947.50,9107.75,9126.00,8930.25
2020/05/06,Wed,8928.50,8952.00,9056.50,8877.75
2020/05/05,Tue,8806.25,8924.25,9020.00,8798.50
2020/05/04,Mon,8624.00,8795.50,8828.00,8556.25
2020/05/03,Sun,,,,
2020/05/02,Sat,,,,
2020/05/01,Fri,8847.00,8718.00,8879.00,8672.00
2020/04/30,Thu,9109.50,8988.50,9144.75,8856.50
2020/04/29,Wed,8759.25,9036.50,9118.75,8733.75
2020/04/28,Tue,8819.00,8719.75,8945.75,8654.50
2020/04/27,Mon,8766.00,8824.25,8898.00,8730.00
2020/04/26,Sun,,,,
2020/04/25,Sat,,,,
2020/04/24,Fri,8588.25,8769.00,8780.25,8498.25
2020/04/23,Thu,8636.25,8598.75,8786.50,8580.50
2020/04/22,Wed,8447.00,8638.00,8700.00,8400.00
2020/04/21,Tue,8695.00,8431.75,8763.00,8342.00
2020/04/20,Mon,8799.50,8692.00,8846.00,8687.00
2020/04/19,Sun,,,,
2020/04/18,Sat,,,,
2020/04/17,Fri,8909.75,8809.00,8966.75,8689.50
2020/04/16,Thu,8576.00,8734.25,8842.50,8500.50
2020/04/15,Wed,8706.25,8594.00,8707.50,8486.50
2020/04/14,Tue,8337.00,8692.50,8710.00,8319.00
2020/04/13,Mon,8296.00,8327.25,8338.75,8073.25
2020/04/12,Sun,,,,
2020/04/11,Sat,,,,
2020/04/10,Fri,8238.75,8238.75,8238.75,8238.75
2020/04/09,Thu,8195.25,8227.50,8326.25,8101.75
2020/04/08,Wed,8015.00,8189.75,8242.00,7953.25
2020/04/07,Tue,8034.25,8012.00,8303.25,7948.00
2020/04/06,Mon,7535.75,8029.75,8099.00,7535.50
2020/04/05,Sun,,,,
2020/04/04,Sat,,,,
2020/04/03,Fri,7623.00,7522.75,7660.25,7423.50
2020/04/02,Thu,7473.50,7627.25,7656.25,7376.00
2020/04/01,Wed,7772.50,7438.75,7773.50,7404.25
2020/03/31,Tue,7856.75,7786.25,7995.00,7747.50
2020/03/30,Mon,7395.75,7854.75,7884.00,7365.00
2020/03/29,Sun,,,,
2020/03/28,Sat,,,,
2020/03/27,Fri,7882.75,7568.50,7893.25,7551.25
2020/03/26,Thu,7483.50,7844.00,7893.50,7310.25
2020/03/25,Wed,7544.75,7467.75,7761.00,7371.50
2020/03/24,Tue,7005.75,7554.75,7572.25,7005.75
2020/03/23,Mon,6798.00,6984.50,7316.25,6628.75
2020/03/22,Sun,,,,
2020/03/21,Sat,,,,
2020/03/20,Fri,7195.00,7417.98,7649.00,7153.50
2020/03/19,Thu,7251.75,7293.50,7521.50,6894.25
2020/03/18,Wed,7386.00,7225.25,7392.25,6830.00
2020/03/17,Tue,7053.00,7405.25,7552.25,6948.75
2020/03/16,Mon,7903.00,7057.50,7905.25,6927.00
2020/03/15,Sun,,,,
2020/03/14,Sat,,,,
2020/03/13,Fri,7100.00,7915.75,7978.00,6942.50
2020/03/12,Thu,7998.75,7215.25,8108.00,7128.50
2020/03/11,Wed,8317.00,8003.50,8334.25,7892.75
2020/03/10,Tue,7893.75,8331.50,8378.75,7814.25
2020/03/09,Mon,8369.00,7951.50,8375.00,7820.00
2020/03/08,Sun,,,,
2020/03/07,Sat,,,,
2020/03/06,Fri,8677.00,8503.25,8726.50,8310.50
2020/03/05,Thu,8889.00,8648.75,8899.75,8610.75
2020/03/04,Wed,8557.50,8896.50,8950.00,8508.25
2020/03/03,Tue,8830.50,8582.50,9002.50,8511.00
2020/03/02,Mon,8349.25,8791.25,8883.25,8224.25
2020/03/01,Sun,,,,
2020/02/29,Sat,,,,
2020/02/28,Fri,8347.00,8454.00,8574.75,8126.25
2020/02/27,Thu,8811.50,8382.75,8878.50,8334.25
2020/02/26,Wed,8868.25,8850.25,9037.50,8709.50
2020/02/25,Tue,9091.00,8854.25,9224.25,8810.00
2020/02/24,Mon,9355.25,9091.00,9365.00,9041.25
2020/02/23,Sun,,,,
2020/02/22,Sat,,,,
2020/02/21,Fri,9617.25,9458.00,9623.75,9411.50
2020/02/20,Thu,9744.75,9624.25,9763.00,9517.00
2020/02/19,Wed,9643.25,9733.50,9748.75,9641.25
2020/02/18,Tue,9635.00,9636.00,9687.50,9534.25
2020/02/17,Mon,9663.00,9603.00,9687.00,9580.12
2020/02/16,Sun,,,,
2020/02/15,Sat,,,,
2020/02/14,Fri,9626.25,9632.25,9659.25,9588.00
2020/02/13,Thu,9621.50,9613.00,9644.75,9511.25
2020/02/12,Wed,9536.25,9625.75,9628.25,9523.75
2020/02/11,Tue,9525.00,9527.25,9609.50,9501.25
2020/02/10,Mon,9401.50,9527.50,9531.50,9330.75
2020/02/09,Sun,,,,
2020/02/08,Sat,,,,
2020/02/07,Fri,9467.00,9409.50,9471.00,9385.00
2020/02/06,Thu,9390.00,9455.50,9464.00,9362.50
2020/02/05,Wed,9357.00,9381.50,9462.75,9317.75
2020/02/04,Tue,9099.00,9355.00,9369.25,9073.00
2020/02/03,Mon,8982.75,9114.25,9155.75,8975.00
2020/02/02,Sun,,,,
2020/02/01,Sat,,,,
2020/01/31,Fri,9226.50,8997.75,9248.75,8966.00
2020/01/30,Thu,9111.25,9216.25,9240.00,9003.50
2020/01/29,Wed,9119.50,9098.50,9158.75,9072.25
2020/01/28,Tue,8952.50,9105.25,9136.25,8952.50
2020/01/27,Mon,9077.00,8954.50,9077.00,8925.50
2020/01/26,Sun,,,,
2020/01/25,Sat,,,,
2020/01/24,Fri,9252.00,9144.50,9287.25,9109.50
2020/01/23,Thu,9190.00,9248.25,9253.50,9151.75
2020/01/22,Wed,9179.50,9195.75,9254.00,9174.25
2020/01/21,Tue,9174.00,9169.75,9199.75,9114.75
2020/01/20,Mon,9184.88,9169.88,9187.00,9160.62
2020/01/19,Sun,,,,
2020/01/18,Sat,,,,
2020/01/17,Fri,9137.00,9174.50,9189.25,9130.00
2020/01/16,Thu,9061.75,9133.50,9140.25,9061.50
2020/01/15,Wed,9062.00,9060.00,9096.00,9023.00
2020/01/14,Tue,9087.75,9062.50,9114.75,9035.00
2020/01/13,Mon,8979.00,9088.25,9095.50,8979.00
2020/01/12,Sun,,,,
2020/01/11,Sat,,,,
2020/01/10,Fri,9010.00,8978.25,9055.50,8966.25
2020/01/09,Thu,8948.75,9009.00,9022.25,8932.50
2020/01/08,Wed,8841.50,8944.50,8972.25,8678.00
2020/01/07,Tue,8853.25,8853.00,8894.75,8825.75
2020/01/06,Mon,8772.25,8847.50,8873.00,8723.00
2020/01/05,Sun,,,,
2020/01/04,Sat,,,,
2020/01/03,Fri,8895.50,8810.00,8907.25,8735.25
2020/01/02,Thu,8776.75,8891.75,8901.50,8769.50
2020/01/01,Wed,8772.00,8776.38,8783.62,8769.75
2019/12/31,Tue,8731.75,8752.25,8772.25,8692.25
2019/12/30,Mon,8783.50,8733.75,8809.75,8691.25
2019/12/29,Sun,,,,
2019/12/28,Sat,,,,
2019/12/27,Fri,8801.00,8783.25,8843.50,8769.00
2019/12/26,Thu,8730.25,8804.25,8805.00,8729.00
2019/12/25,Wed,8729.75,8730.38,8732.62,8729.12
2019/12/24,Tue,8728.25,8729.50,8736.00,8707.00
2019/12/23,Mon,8710.75,8726.50,8743.25,8707.50
2019/12/22,Sun,,,,
2019/12/21,Sat,,,,
2019/12/20,Fri,8651.00,8707.46,8700.00,8638.25
2019/12/19,Thu,8598.00,8642.50,8655.50,8580.25
2019/12/18,Wed,8569.75,8590.25,8612.00,8567.75
2019/12/17,Tue,8576.00,8576.25,8596.75,8563.25
2019/12/16,Mon,8507.00,8576.00,8587.75,8503.25
2019/12/15,Sun,,,,
2019/12/14,Sat,,,,
2019/12/13,Fri,8485.00,8494.00,8523.75,8435.50
2019/12/12,Thu,8407.50,8465.25,8497.00,8381.00
2019/12/11,Wed,8366.25,8405.50,8411.00,8345.00
2019/12/10,Tue,8354.50,8363.75,8398.00,8297.00
2019/12/09,Mon,8401.50,8356.00,8427.25,8347.00
2019/12/08,Sun,,,,
2019/12/07,Sat,,,,
2019/12/06,Fri,8311.00,8400.25,8409.50,8307.75
2019/12/05,Thu,8296.25,8309.25,8340.00,8273.25
2019/12/04,Wed,8258.75,8295.25,8319.25,8220.50
2019/12/03,Tue,8313.75,8251.25,8337.50,8168.25
2019/12/02,Mon,8424.50,8316.00,8457.25,8276.50
2019/12/01,Sun,,,,
2019/11/30,Sat,,,,
2019/11/29,Fri,8456.75,8417.50,8458.25,8406.50
2019/11/28,Thu,8425.62,8449.38,8449.62,8416.00
2019/11/27,Wed,8402.75,8454.75,8458.75,8397.00
2019/11/26,Tue,8374.25,8400.75,8422.00,8366.25
2019/11/25,Mon,8303.25,8376.50,8379.25,8296.50
2019/11/24,Sun,,,,
2019/11/23,Sat,,,,
2019/11/22,Fri,8280.25,8280.50,8313.50,8233.25
2019/11/21,Thu,8261.50,8274.50,8308.00,8240.00
2019/11/20,Wed,8333.00,8291.75,8348.00,8231.00
2019/11/19,Tue,8335.00,8341.50,8379.00,8312.50
2019/11/18,Mon,8318.75,8333.50,8367.00,8279.25
2019/11/17,Sun,,,,
2019/11/16,Sat,,,,
2019/11/15,Fri,8267.50,8318.75,8324.00,8261.25
2019/11/14,Thu,8269.00,8265.50,8285.50,8216.25
2019/11/13,Wed,8273.00,8265.75,8281.50,8220.00
2019/11/12,Tue,8253.25,8275.00,8300.25,8228.50
2019/11/11,Mon,8257.25,8249.75,8261.75,8206.50
2019/11/10,Sun,,,,
2019/11/09,Sat,,,,
2019/11/08,Fri,8230.00,8257.25,8264.25,8190.00
2019/11/07,Thu,8213.75,8230.50,8282.25,8190.00
2019/11/06,Wed,8208.00,8207.25,8228.25,8161.00
2019/11/05,Tue,8221.50,8210.75,8248.00,8193.25
2019/11/04,Mon,8165.00,8215.75,8233.75,8164.00
2019/11/03,Sun,,,,
2019/11/02,Sat,,,,
2019/11/01,Fri,8094.25,8160.25,8168.00,8084.50
2019/10/31,Thu,8128.50,8090.25,8139.00,8046.00
2019/10/30,Wed,8057.25,8111.25,8141.00,8020.50
2019/10/29,Tue,8109.25,8055.25,8118.75,8050.75
2019/10/28,Mon,8048.00,8094.75,8127.50,8048.00
2019/10/27,Sun,,,,
2019/10/26,Sat,,,,
2019/10/25,Fri,7928.50,8035.75,8041.50,7918.50
2019/10/24,Thu,7922.75,7928.25,7984.00,7913.25
2019/10/23,Wed,7846.25,7901.50,7918.25,7810.25
2019/10/22,Tue,7949.25,7858.75,7988.75,7837.25
2019/10/21,Mon,7874.25,7948.25,7951.75,7865.75
2019/10/20,Sun,,,,
2019/10/19,Sat,,,,
2019/10/18,Fri,7953.75,7880.75,7958.50,7835.75
2019/10/17,Thu,7954.25,7952.75,7994.75,7922.00
2019/10/16,Wed,7960.00,7948.50,7960.25,7907.50
2019/10/15,Tue,7862.25,7959.75,7971.75,7859.75
2019/10/14,Mon,7850.25,7857.50,7894.75,7807.00
2019/10/13,Sun,,,,
2019/10/12,Sat,,,,
2019/10/11,Fri,7783.25,7859.00,7918.50,7767.00
2019/10/10,Thu,7702.25,7760.25,7798.75,7583.25
2019/10/09,Wed,7621.00,7699.75,7732.00,7604.50
2019/10/08,Tue,7736.00,7622.00,7784.50,7613.50
2019/10/07,Mon,7712.50,7740.00,7799.75,7682.50
2019/10/06,Sun,,,,
2019/10/05,Sat,,,,
2019/10/04,Fri,7656.75,7767.25,7773.75,7624.00
2019/10/03,Thu,7551.50,7658.50,7661.50,7474.25
2019/10/02,Wed,7711.00,7546.25,7730.50,7525.50
2019/10/01,Tue,7784.00,7695.50,7841.50,7691.00
2019/09/30,Mon,7735.50,7770.50,7788.75,7705.75
2019/09/29,Sun,,,,
2019/09/28,Sat,,,,
2019/09/27,Fri,7787.00,7701.25,7822.00,7641.00
2019/09/26,Thu,7822.50,7787.25,7842.75,7734.75
2019/09/25,Wed,7738.25,7820.25,7844.25,7663.00
2019/09/24,Tue,7869.00,7735.25,7904.75,7701.75
2019/09/23,Mon,7839.25,7850.50,7897.50,7807.75
2019/09/22,Sun,,,,
2019/09/21,Sat,,,,
2019/09/20,Fri,7899.50,7899.48,7932.75,7890.75
2019/09/19,Thu,7898.75,7896.25,7951.00,7830.50
2019/09/18,Wed,7890.75,7894.25,7906.75,7790.00
2019/09/17,Tue,7864.00,7890.25,7897.50,7828.00
2019/09/16,Mon,7856.75,7856.50,7873.25,7776.25
2019/09/15,Sun,,,,
2019/09/14,Sat,,,,
2019/09/13,Fri,7916.25,7886.00,7958.50,7881.75
2019/09/12,Thu,7893.25,7921.50,7982.75,7886.75
2019/09/11,Wed,7818.50,7889.75,7905.00,7786.50
2019/09/10,Tue,7834.00,7815.00,7857.75,7744.25
2019/09/09,Mon,7857.00,7830.75,7887.00,7798.50
2019/09/08,Sun,,,,
2019/09/07,Sat,,,,
2019/09/06,Fri,7853.50,7857.75,7895.00,7838.25
2019/09/05,Thu,7722.00,7855.50,7886.75,7717.25
2019/09/04,Wed,7614.25,7722.75,7730.00,7608.50
2019/09/03,Tue,7628.25,7617.50,7695.50,7580.75
2019/09/02,Mon,7630.62,7625.00,7695.25,7587.88
2019/09/01,Sun,,,,
2019/08/31,Sat,,,,
2019/08/30,Fri,7704.25,7690.75,7770.50,7646.00
2019/08/29,Thu,7582.25,7712.00,7730.25,7548.50
2019/08/28,Wed,7564.00,7599.25,7605.75,7504.25
2019/08/27,Tue,7591.50,7562.75,7648.50,7537.00
2019/08/26,Mon,7435.00,7590.50,7626.00,7353.25
2019/08/25,Sun,,,,
2019/08/24,Sat,,,,
2019/08/23,Fri,7705.75,7504.50,7762.00,7447.75
2019/08/22,Thu,7756.00,7711.25,7782.25,7654.00
2019/08/21,Wed,7655.00,7750.25,7765.75,7652.25
2019/08/20,Tue,7717.25,7668.00,7752.00,7655.50
2019/08/19,Mon,7617.25,7727.50,7750.00,7616.00
2019/08/18,Sun,,,,
2019/08/17,Sat,,,,
2019/08/16,Fri,7509.25,7611.75,7632.50,7502.50
2019/08/15,Thu,7469.00,7496.25,7572.75,7388.25
2019/08/14,Wed,7746.50,7488.75,7767.50,7477.00
2019/08/13,Tue,7570.25,7748.00,7789.50,7514.00
2019/08/12,Mon,7654.50,7566.75,7710.00,7534.75
2019/08/11,Sun,,,,
2019/08/10,Sat,,,,
2019/08/09,Fri,7699.50,7660.25,7724.00,7596.75
2019/08/08,Thu,7553.50,7735.75,7738.50,7526.00
2019/08/07,Wed,7512.75,7553.25,7577.50,7387.50
2019/08/06,Tue,7349.00,7515.50,7549.00,7224.50
2019/08/05,Mon,7701.75,7385.25,7705.50,7359.75
2019/08/04,Sun,,,,
2019/08/03,Sat,,,,
2019/08/02,Fri,7797.00,7702.25,7806.00,7650.25
2019/08/01,Thu,7834.00,7808.25,8014.50,7776.75
2019/07/31,Wed,7992.50,7866.75,8001.25,7782.25
2019/07/30,Tue,8004.25,7963.25,8020.00,7928.25
2019/07/29,Mon,8017.50,8001.25,8031.75,7951.75
2019/07/28,Sun,,,,
2019/07/27,Sat,,,,
2019/07/26,Fri,7992.00,8019.75,8040.75,7987.50
2019/07/25,Thu,8004.50,7981.75,8034.50,7917.25
2019/07/24,Wed,7944.00,8038.00,8051.75,7925.25
2019/07/23,Tue,7926.50,7983.75,7985.75,7908.00
2019/07/22,Mon,7830.00,7924.75,7936.50,7826.25
2019/07/21,Sun,,,,
2019/07/20,Sat,,,,
2019/07/19,Fri,7950.50,7842.75,7980.75,7815.25
2019/07/18,Thu,7868.00,7933.50,7954.75,7833.00
2019/07/17,Wed,7939.75,7885.50,7966.25,7868.00
2019/07/16,Tue,7982.75,7942.75,8001.50,7924.00
2019/07/15,Mon,7958.25,7986.75,7992.00,7941.25
2019/07/14,Sun,,,,
2019/07/13,Sat,,,,
2019/07/12,Fri,7917.25,7960.00,7967.50,7911.75
2019/07/11,Thu,7924.25,7918.75,7963.25,7894.25
2019/07/10,Wed,7848.00,7928.75,7949.50,7811.25
2019/07/09,Tue,7802.25,7845.25,7858.75,7743.00
2019/07/08,Mon,7855.00,7801.00,7863.50,7777.50
2019/07/07,Sun,,,,
2019/07/06,Sat,,,,
2019/07/05,Fri,7887.75,7851.50,7909.75,7797.25
2019/07/04,Thu,7890.25,7904.00,7908.12,7881.25
2019/07/03,Wed,7840.25,7887.50,7892.75,7824.50
2019/07/02,Tue,7792.50,7838.25,7843.25,7763.00
2019/07/01,Mon,7781.50,7790.00,7849.75,7759.00
2019/06/30,Sun,,,,
2019/06/29,Sat,,,,
2019/06/28,Fri,7685.25,7693.75,7726.00,7664.00
2019/06/27,Thu,7641.00,7690.50,7716.50,7640.75
2019/06/26,Wed,7633.00,7650.00,7719.00,7616.25
2019/06/25,Tue,7753.00,7628.75,7779.50,7609.50
2019/06/24,Mon,7744.50,7758.75,7794.25,7731.75
2019/06/23,Sun,,,,
2019/06/22,Sat,,,,
2019/06/21,Fri,7737.00,7723.61,7743.25,7701.50
2019/06/20,Thu,7668.00,7745.25,7793.00,7660.00
2019/06/19,Wed,7641.00,7674.25,7685.75,7601.75
2019/06/18,Tue,7542.25,7645.25,7693.50,7514.75
2019/06/17,Mon,7481.00,7534.25,7550.75,7476.00
2019/06/16,Sun,,,,
2019/06/15,Sat,,,,
2019/06/14,Fri,7503.25,7478.25,7520.75,7451.50
2019/06/13,Thu,7476.00,7522.75,7536.00,7421.00
2019/06/12,Wed,7517.75,7473.25,7531.00,7461.00
2019/06/11,Tue,7519.50,7518.25,7600.75,7492.75
2019/06/10,Mon,7469.00,7515.50,7578.50,7431.25
2019/06/09,Sun,,,,
2019/06/08,Sat,,,,
2019/06/07,Fri,7266.50,7419.50,7453.00,7257.75
2019/06/06,Thu,7213.75,7282.25,7299.25,7181.00
2019/06/05,Wed,7189.00,7228.50,7245.25,7150.25
2019/06/04,Tue,7008.75,7179.25,7186.50,6981.75
2019/06/03,Mon,7110.00,6993.75,7132.50,6941.25
2019/06/02,Sun,,,,
2019/06/01,Sat,,,,
2019/05/31,Fri,7251.75,7133.50,7256.00,7129.25
2019/05/30,Thu,7214.75,7255.25,7271.25,7208.50
2019/05/29,Wed,7291.50,7216.00,7296.00,7183.25
2019/05/28,Tue,7315.50,7295.25,7371.75,7280.25
2019/05/27,Mon,7307.50,7323.50,7337.50,7294.38
2019/05/26,Sun,,,,
2019/05/25,Sat,,,,
2019/05/24,Fri,7316.75,7315.50,7379.75,7300.50
2019/05/23,Thu,7430.75,7311.00,7434.75,7268.00
2019/05/22,Wed,7462.75,7430.00,7475.00,7391.25
2019/05/21,Tue,7408.25,7464.00,7485.25,7400.75
2019/05/20,Mon,7514.75,7391.75,7559.25,7361.50
2019/05/19,Sun,,,,
2019/05/18,Sat,,,,
2019/05/17,Fri,7600.75,7511.50,7620.00,7506.50
2019/05/16,Thu,7524.25,7600.25,7641.00,7473.50
2019/05/15,Wed,7429.25,7529.25,7538.50,7353.75
2019/05/14,Tue,7315.25,7421.00,7459.50,7290.00
2019/05/13,Mon,7534.25,7314.75,7551.50,7305.00
2019/05/12,Sun,,,,
2019/05/11,Sat,,,,
2019/05/10,Fri,7591.00,7610.25,7654.50,7435.75
2019/05/09,Thu,7639.75,7595.25,7644.50,7481.00
2019/05/08,Wed,7663.75,7647.50,7698.00,7600.00
2019/05/07,Tue,7744.75,7674.00,7804.00,7581.25
2019/05/06,Mon,7810.00,7803.50,7817.50,7667.50
2019/05/05,Sun,,,,
2019/05/04,Sat,,,,
2019/05/03,Fri,7739.00,7865.00,7872.50,7734.75
2019/05/02,Thu,7737.75,7734.25,7805.00,7682.25
2019/05/01,Wed,7848.75,7756.50,7867.25,7736.00
2019/04/30,Tue,7805.25,7800.00,7857.00,7740.00
2019/04/29,Mon,7837.25,7813.75,7867.75,7805.50
2019/04/28,Sun,,,,
2019/04/27,Sat,,,,
2019/04/26,Fri,7799.25,7840.25,7845.50,7755.50
2019/04/25,Thu,7855.25,7798.50,7879.50,7792.00
2019/04/24,Wed,7833.50,7847.75,7852.75,7802.25
2019/04/23,Tue,7738.00,7838.00,7843.75,7724.50
2019/04/22,Mon,7715.25,7734.75,7746.75,7669.75
2019/04/21,Sun,,,,
2019/04/20,Sat,,,,
2019/04/19,Fri,7715.50,7715.50,7715.50,7715.50
2019/04/18,Thu,7691.50,7712.50,7723.00,7660.25
2019/04/17,Wed,7676.50,7689.75,7733.50,7668.50
2019/04/16,Tue,7650.75,7679.50,7695.00,7648.75
2019/04/15,Mon,7654.00,7647.75,7659.00,7598.75
2019/04/14,Sun,,,,
2019/04/13,Sat,,,,
2019/04/12,Fri,7617.00,7652.25,7665.00,7611.00
2019/04/11,Thu,7644.00,7617.25,7661.00,7601.50
2019/04/10,Wed,7590.50,7641.25,7646.00,7575.75
2019/04/09,Tue,7625.75,7593.25,7633.75,7578.75
2019/04/08,Mon,7607.75,7623.50,7629.25,7561.25
2019/04/07,Sun,,,,
2019/04/06,Sat,,,,
2019/04/05,Fri,7565.00,7604.25,7612.75,7556.00
2019/04/04,Thu,7581.25,7561.50,7598.00,7522.00
2019/04/03,Wed,7517.00,7582.25,7616.25,7513.25
2019/04/02,Tue,7495.25,7519.25,7532.50,7483.75
2019/04/01,Mon,7430.00,7498.50,7506.50,7428.50
2019/03/31,Sun,,,,
2019/03/30,Sat,,,,
2019/03/29,Fri,7350.25,7400.50,7414.50,7350.25
2019/03/28,Thu,7323.50,7352.00,7372.50,7289.50
2019/03/27,Wed,7383.50,7334.50,7404.75,7276.00
2019/03/26,Tue,7363.00,7376.75,7447.50,7340.50
2019/03/25,Mon,7372.25,7355.25,7390.50,7290.00
2019/03/24,Sun,,,,
2019/03/23,Sat,,,,
2019/03/22,Fri,7526.75,7368.75,7544.75,7353.00
2019/03/21,Thu,7400.50,7534.50,7541.00,7367.75
2019/03/20,Wed,7378.00,7409.50,7458.00,7349.50
2019/03/19,Tue,7362.25,7376.50,7421.25,7351.25
2019/03/18,Mon,7338.00,7360.75,7379.50,7321.75
2019/03/17,Sun,,,,
2019/03/16,Sat,,,,
2019/03/15,Fri,7245.75,7270.35,7288.00,7243.00
2019/03/14,Thu,7273.25,7239.75,7293.50,7237.75
2019/03/13,Wed,7209.25,7267.75,7295.50,7183.75
2019/03/12,Tue,7176.00,7206.50,7223.00,7163.25
2019/03/11,Mon,7022.25,7164.75,7176.75,6997.50
2019/03/10,Sun,,,,
2019/03/09,Sat,,,,
2019/03/08,Fri,7025.50,7026.75,7034.00,6939.00
2019/03/07,Thu,7109.00,7027.50,7123.25,7003.25
2019/03/06,Wed,7156.00,7111.25,7171.25,7107.00
2019/03/05,Tue,7144.50,7165.50,7182.00,7124.25
2019/03/04,Mon,7177.00,7145.75,7211.50,7074.50
2019/03/03,Sun,,,,
2019/03/02,Sat,,,,
2019/03/01,Fri,7106.50,7156.00,7164.50,7098.25
2019/02/28,Thu,7121.25,7102.50,7130.75,7072.50
2019/02/27,Wed,7109.25,7121.75,7131.75,7048.00
2019/02/26,Tue,7122.00,7117.75,7151.00,7073.25
2019/02/25,Mon,7108.50,7125.75,7168.50,7102.00
2019/02/24,Sun,,,,
2019/02/23,Sat,,,,
2019/02/22,Fri,7031.25,7088.25,7101.25,7019.25
2019/02/21,Thu,7070.75,7034.50,7113.75,7005.00
2019/02/20,Wed,7068.75,7073.25,7105.00,7032.25
2019/02/19,Tue,7063.75,7068.25,7094.75,7035.25
2019/02/18,Mon,7063.25,7074.38,7082.50,7056.00
2019/02/17,Sun,,,,
2019/02/16,Sat,,,,
2019/02/15,Fri,7017.50,7063.75,7095.25,6975.25
2019/02/14,Thu,7017.25,7019.75,7057.50,6972.00
2019/02/13,Wed,7017.25,7016.25,7069.75,7012.00
2019/02/12,Tue,6908.50,7018.50,7028.50,6903.00
2019/02/11,Mon,6921.75,6914.25,6969.50,6896.25
2019/02/10,Sun,,,,
2019/02/09,Sat,,,,
2019/02/08,Fri,6902.00,6916.75,6926.25,6841.00
2019/02/07,Thu,6988.00,6905.50,6994.75,6856.25
2019/02/06,Wed,7009.25,6995.75,7038.75,6972.25
2019/02/05,Tue,6937.50,7008.00,7033.75,6928.25
2019/02/04,Mon,6863.75,6937.50,6983.00,6858.25
2019/02/03,Sun,,,,
2019/02/02,Sat,,,,
2019/02/01,Fri,6911.00,6877.75,6927.50,6860.50
2019/01/31,Thu,6844.25,6914.75,6943.00,6839.25
2019/01/30,Wed,6690.25,6837.25,6845.25,6657.75
2019/01/29,Tue,6695.25,6638.75,6721.00,6616.75
2019/01/28,Mon,6784.25,6701.75,6791.00,6648.25
2019/01/27,Sun,,,,
2019/01/26,Sat,,,,
2019/01/25,Fri,6684.50,6791.25,6810.50,6676.75
2019/01/24,Thu,6663.00,6675.00,6718.50,6653.00
2019/01/23,Wed,6652.00,6665.25,6724.25,6592.25
2019/01/22,Tue,6794.50,6653.00,6794.50,6611.50
2019/01/21,Mon,6779.75,6770.25,6785.00,6741.38
2019/01/20,Sun,,,,
2019/01/19,Sat,,,,
2019/01/18,Fri,6722.75,6792.75,6828.25,6712.00
2019/01/17,Thu,6670.00,6720.00,6760.00,6612.25
2019/01/16,Wed,6674.50,6666.25,6737.25,6664.00
2019/01/15,Tue,6543.00,6676.75,6689.00,6542.25
2019/01/14,Mon,6599.00,6545.00,6602.50,6521.50
2019/01/13,Sun,,,,
2019/01/12,Sat,,,,
2019/01/11,Fri,6622.50,6612.75,6632.50,6572.00
2019/01/10,Thu,6597.25,6625.25,6641.75,6527.50
2019/01/09,Wed,6546.75,6604.75,6645.00,6546.75
2019/01/08,Tue,6506.00,6557.25,6586.25,6467.25
2019/01/07,Mon,6451.25,6496.50,6535.75,6402.50
2019/01/06,Sun,,,,
2019/01/05,Sat,,,,
2019/01/04,Fri,6168.75,6434.00,6462.00,6136.50
2019/01/03,Thu,6242.75,6162.00,6304.25,6148.50
2019/01/02,Wed,6349.50,6371.00,6409.25,6154.00
2019/01/01,Tue,6350.00,6372.50,6379.38,6344.50
2018/12/31,Mon,6312.25,6333.25,6376.75,6283.00
2018/12/30,Sun,,,,
2018/12/29,Sat,,,,
2018/12/28,Fri,6309.00,6293.25,6402.50,6243.75
2018/12/27,Thu,6283.00,6323.50,6333.00,6053.25
2018/12/26,Wed,5902.00,6285.50,6310.00,5820.50
2018/12/25,Tue,5888.00,5903.00,5915.25,5823.50
2018/12/24,Mon,6049.75,5892.00,6123.00,5888.75
2018/12/23,Sun,,,,
2018/12/22,Sat,,,,
2018/12/21,Fri,6307.50,6244.47,6317.75,6242.00
2018/12/20,Thu,6331.75,6308.50,6385.25,6161.75
2018/12/19,Wed,6441.75,6334.75,6594.00,6282.25
2018/12/18,Tue,6471.25,6462.75,6555.75,6435.75
2018/12/17,Mon,6580.00,6466.25,6635.25,6401.25
2018/12/16,Sun,,,,
2018/12/15,Sat,,,,
2018/12/14,Fri,6752.00,6599.50,6760.75,6583.25
2018/12/13,Thu,6769.00,6752.00,6838.50,6723.00
2018/12/12,Wed,6686.50,6769.00,6872.00,6683.50
2018/12/11,Tue,6695.00,6717.00,6808.75,6651.25
2018/12/10,Mon,6596.25,6699.25,6714.50,6535.25
2018/12/09,Sun,,,,
2018/12/08,Sat,,,,
2018/12/07,Fri,6835.50,6623.50,6856.50,6594.75
2018/12/06,Thu,6834.50,6824.50,6854.25,6630.25
2018/12/05,Wed,6796.00,6803.25,6861.75,6792.50
2018/12/04,Tue,7055.25,6803.25,7055.25,6783.00
2018/12/03,Mon,7041.00,7058.25,7139.00,7015.25
2018/12/02,Sun,,,,
2018/12/01,Sat,,,,
2018/11/30,Fri,6902.25,6949.50,6967.25,6871.50
2018/11/29,Thu,6907.00,6913.25,6943.75,6843.00
2018/11/28,Wed,6722.25,6918.25,6923.50,6709.25
2018/11/27,Tue,6639.50,6712.50,6723.00,6613.25
2018/11/26,Mon,6537.50,6673.25,6696.50,6530.50
2018/11/25,Sun,,,,
2018/11/24,Sat,,,,
2018/11/23,Fri,6584.25,6531.00,6601.50,6495.00
2018/11/22,Thu,6583.50,6544.50,6597.75,6508.25
2018/11/21,Wed,6527.75,6576.25,6647.75,6509.00
2018/11/20,Tue,6668.50,6532.50,6670.00,6449.50
2018/11/19,Mon,6875.00,6672.00,6934.50,6632.25
2018/11/18,Sun,,,,
2018/11/17,Sat,,,,
2018/11/16,Fri,6874.50,6895.25,6915.00,6806.25
2018/11/15,Thu,6780.00,6915.50,6920.50,6712.25
2018/11/14,Wed,6861.75,6768.25,6929.50,6746.00
2018/11/13,Tue,6847.00,6853.00,6962.00,6801.25
2018/11/12,Mon,7026.25,6835.00,7103.75,6825.75
2018/11/11,Sun,,,,
2018/11/10,Sat,,,,
2018/11/09,Fri,7145.75,7031.25,7166.25,6989.00
2018/11/08,Thu,7212.75,7166.00,7231.00,7132.00
2018/11/07,Wed,7011.50,7218.50,7225.00,6971.50
2018/11/06,Tue,6947.25,7016.50,7034.75,6906.75
2018/11/05,Mon,6972.75,6949.50,6998.50,6865.00
2018/11/04,Sun,,,,
2018/11/03,Sat,,,,
2018/11/02,Fri,6987.25,6980.25,7143.25,6911.25
2018/11/01,Thu,6960.00,7077.75,7079.75,6936.75
2018/10/31,Wed,6857.00,6975.50,7039.25,6816.75
2018/10/30,Tue,6719.25,6815.25,6849.25,6661.00
2018/10/29,Mon,6898.00,6736.25,6991.50,6580.50
2018/10/28,Sun,,,,
2018/10/27,Sat,,,,
2018/10/26,Fri,6882.00,6893.25,6986.50,6734.25
2018/10/25,Thu,6878.50,6926.50,7075.75,6816.75
2018/10/24,Wed,7136.25,6836.25,7175.00,6785.75
2018/10/23,Tue,7155.00,7140.25,7164.00,6944.00
2018/10/22,Mon,7085.75,7155.25,7210.50,7057.00
2018/10/21,Sun,,,,
2018/10/20,Sat,,,,
2018/10/19,Fri,7154.00,7106.50,7244.25,7092.75
2018/10/18,Thu,7307.75,7137.75,7309.50,7094.50
2018/10/17,Wed,7339.75,7313.25,7368.50,7221.50
2018/10/16,Tue,7068.25,7353.75,7357.50,7063.50
2018/10/15,Mon,7176.75,7076.50,7179.00,7060.75
2018/10/14,Sun,,,,
2018/10/13,Sat,,,,
2018/10/12,Fri,7040.75,7172.25,7197.75,7034.25
2018/10/11,Thu,7010.25,7031.00,7138.00,6907.75
2018/10/10,Wed,7394.75,7032.00,7412.00,7000.00
2018/10/09,Tue,7391.00,7399.00,7455.75,7337.00
2018/10/08,Mon,7443.25,7391.75,7453.25,7286.50
2018/10/07,Sun,,,,
2018/10/06,Sat,,,,
2018/10/05,Fri,7521.00,7436.00,7540.00,7347.00
2018/10/04,Thu,7651.00,7514.25,7651.00,7456.50
2018/10/03,Wed,7656.25,7664.75,7703.75,7641.50
2018/10/02,Tue,7675.00,7652.75,7712.75,7630.25
2018/10/01,Mon,7672.00,7675.50,7728.75,7652.00
2018/09/30,Sun,,,,
2018/09/29,Sat,,,,
2018/09/28,Fri,7663.50,7655.25,7677.00,7617.00
2018/09/27,Thu,7590.25,7657.25,7686.25,7586.00
2018/09/26,Wed,7598.00,7590.25,7668.00,7577.50
2018/09/25,Tue,7591.00,7595.25,7603.25,7550.50
2018/09/24,Mon,7539.75,7586.00,7594.00,7473.75
2018/09/23,Sun,,,,
2018/09/22,Sat,,,,
2018/09/21,Fri,7581.50,7599.98,7619.25,7571.00
2018/09/20,Thu,7500.50,7579.75,7587.50,7485.25
2018/09/19,Wed,7499.25,7497.50,7517.25,7442.50
2018/09/18,Tue,7434.25,7495.25,7535.25,7393.50
2018/09/17,Mon,7534.00,7436.25,7547.25,7429.50
2018/09/16,Sun,,,,
2018/09/15,Sat,,,,
2018/09/14,Fri,7563.50,7544.75,7598.75,7515.25
2018/09/13,Thu,7483.25,7564.50,7583.25,7470.00
2018/09/12,Wed,7515.25,7485.75,7541.00,7425.00
2018/09/11,Tue,7460.50,7512.00,7524.75,7404.50
2018/09/10,Mon,7433.00,7460.25,7483.50,7414.00
2018/09/09,Sun,,,,
2018/09/08,Sat,,,,
2018/09/07,Fri,7454.75,7438.50,7494.75,7393.00
2018/09/06,Thu,7530.00,7457.50,7544.50,7407.75
2018/09/05,Wed,7642.25,7531.75,7643.25,7503.25
2018/09/04,Tue,7670.00,7638.75,7693.75,7586.75
2018/09/03,Mon,7673.25,7673.50,7686.25,7658.50
2018/09/02,Sun,,,,
2018/09/01,Sat,,,,
2018/08/31,Fri,7641.75,7661.25,7682.25,7633.25
2018/08/30,Thu,7672.75,7649.00,7697.00,7626.25
2018/08/29,Wed,7581.00,7668.75,7674.50,7581.00
2018/08/28,Tue,7568.25,7578.00,7597.25,7564.25
2018/08/27,Mon,7499.00,7568.00,7569.00,7498.75
2018/08/26,Sun,,,,
2018/08/25,Sat,,,,
2018/08/24,Fri,7427.00,7495.75,7499.50,7422.75
2018/08/23,Thu,7433.50,7424.50,7475.00,7411.25
2018/08/22,Wed,7374.25,7433.25,7444.75,7352.00
2018/08/21,Tue,7381.25,7397.50,7452.25,7369.00
2018/08/20,Mon,7390.50,7387.00,7420.75,7351.50
2018/08/19,Sun,,,,
2018/08/18,Sat,,,,
2018/08/17,Fri,7382.50,7387.75,7407.00,7321.75
2018/08/16,Thu,7380.00,7389.00,7434.50,7363.25
2018/08/15,Wed,7460.50,7374.00,7464.75,7316.50
2018/08/14,Tue,7420.50,7457.75,7465.00,7397.00
2018/08/13,Mon,7425.50,7417.00,7479.00,7378.25
2018/08/12,Sun,,,,
2018/08/11,Sat,,,,
2018/08/10,Fri,7472.25,7427.00,7472.75,7390.75
2018/08/09,Thu,7463.50,7475.50,7505.50,7458.75
2018/08/08,Wed,7478.25,7471.50,7496.00,7442.50
2018/08/07,Tue,7442.50,7477.25,7486.75,7440.25
2018/08/06,Mon,7404.25,7444.00,7449.75,7387.50
2018/08/05,Sun,,,,
2018/08/04,Sat,,,,
2018/08/03,Fri,7392.00,7402.00,7415.00,7362.25
2018/08/02,Thu,7284.25,7385.75,7395.25,7214.25
2018/08/01,Wed,7293.00,7277.00,7303.75,7241.00
2018/07/31,Tue,7210.00,7244.75,7298.00,7189.25
2018/07/30,Mon,7293.00,7200.50,7309.25,7166.75
2018/07/29,Sun,,,,
2018/07/28,Sat,,,,
2018/07/27,Fri,7429.50,7301.25,7467.00,7263.50
2018/07/26,Thu,7412.25,7430.75,7450.00,7362.00
2018/07/25,Wed,7410.50,7469.50,7530.00,7397.00
2018/07/24,Tue,7420.25,7416.25,7489.75,7386.75
2018/07/23,Mon,7368.00,7430.50,7432.75,7311.50
2018/07/22,Sun,,,,
2018/07/21,Sat,,,,
2018/07/20,Fri,7380.25,7360.00,7413.75,7350.75
2018/07/19,Thu,7400.00,7367.75,7416.00,7354.75
2018/07/18,Wed,7424.25,7404.50,7437.75,7381.50
2018/07/17,Tue,7320.00,7421.75,7436.00,7292.50
2018/07/16,Mon,7399.50,7325.00,7413.75,7316.00
2018/07/15,Sun,,,,
2018/07/14,Sat,,,,
2018/07/13,Fri,7382.00,7393.00,7414.25,7367.00
2018/07/12,Thu,7259.75,7382.75,7387.00,7249.50
2018/07/11,Wed,7263.50,7253.75,7290.00,7204.50
2018/07/10,Tue,7300.75,7301.50,7335.50,7259.50
2018/07/09,Mon,7232.50,7300.25,7303.50,7232.25
2018/07/08,Sun,,,,
2018/07/07,Sat,,,,
2018/07/06,Fri,7118.75,7233.50,7237.75,7101.25
2018/07/05,Thu,7023.00,7125.75,7128.00,7015.00
2018/07/04,Wed,7026.25,7038.75,7052.75,7024.50
2018/07/03,Tue,7113.75,7023.75,7165.00,7022.25
2018/07/02,Mon,7068.25,7116.50,7119.75,6987.50
2018/07/01,Sun,,,,
2018/06/30,Sat,,,,
2018/06/29,Fri,7055.25,7066.75,7123.75,7045.00
2018/06/28,Thu,6998.75,7060.50,7076.50,6956.00
2018/06/27,Wed,7098.25,6998.25,7151.50,6988.00
2018/06/26,Tue,7064.25,7104.00,7130.00,7040.50
2018/06/25,Mon,7222.75,7073.50,7222.75,6995.50
2018/06/24,Sun,,,,
2018/06/23,Sat,,,,
2018/06/22,Fri,7228.00,7222.75,7274.00,7198.25
2018/06/21,Thu,7315.25,7237.75,7358.50,7226.25
2018/06/20,Wed,7253.75,7313.25,7336.50,7226.75
2018/06/19,Tue,7275.00,7252.25,7279.00,7157.50
2018/06/18,Mon,7276.00,7276.00,7289.25,7208.75
2018/06/17,Sun,,,,
2018/06/16,Sat,,,,
2018/06/15,Fri,7283.50,7265.40,7291.75,7229.25
2018/06/14,Thu,7203.25,7283.75,7292.25,7178.25
2018/06/13,Wed,7213.75,7204.25,7262.75,7192.00
2018/06/12,Tue,7165.00,7199.50,7219.25,7155.50
2018/06/11,Mon,7135.00,7170.25,7189.00,7125.00
2018/06/10,Sun,,,,
2018/06/09,Sat,,,,
2018/06/08,Fri,7160.00,7151.50,7163.00,7077.75
2018/06/07,Thu,7217.50,7161.00,7234.25,7116.75
2018/06/06,Wed,7181.75,7215.00,7222.25,7142.25
2018/06/05,Tue,7147.50,7179.25,7187.50,7137.50
2018/06/04,Mon,7079.75,7148.25,7151.50,7071.75
2018/06/03,Sun,,,,
2018/06/02,Sat,,,,
2018/06/01,Fri,6982.50,7083.00,7090.50,6977.25
2018/05/31,Thu,6978.50,6977.00,7023.50,6958.25
2018/05/30,Wed,6948.00,6987.25,6994.75,6918.50
2018/05/29,Tue,6989.00,6944.50,7007.00,6890.50
2018/05/28,Mon,6991.00,6988.00,7007.00,6970.25
2018/05/27,Sun,,,,
2018/05/26,Sat,,,,
2018/05/25,Fri,6955.00,6960.25,7003.75,6942.50
2018/05/24,Thu,6956.75,6957.25,6975.00,6885.25
2018/05/23,Wed,6905.50,6957.00,6961.50,6829.75
2018/05/22,Tue,6914.00,6909.25,6954.75,6890.00
2018/05/21,Mon,6919.00,6915.75,6957.00,6881.50
2018/05/20,Sun,,,,
2018/05/19,Sat,,,,
2018/05/18,Fri,6908.50,6874.00,6936.25,6862.25
2018/05/17,Thu,6935.25,6905.75,6962.00,6875.00
2018/05/16,Wed,6895.50,6937.25,6953.50,6875.50
2018/05/15,Tue,6969.00,6890.50,6976.75,6854.25
2018/05/14,Mon,6958.25,6974.00,7013.50,6955.50
2018/05/13,Sun,,,,
2018/05/12,Sat,,,,
2018/05/11,Fri,6949.50,6960.00,6979.50,6928.25
2018/05/10,Thu,6896.00,6965.00,6971.25,6888.75
2018/05/09,Wed,6822.00,6896.00,6901.25,6808.25
2018/05/08,Tue,6817.00,6820.50,6837.50,6771.00
2018/05/07,Mon,6779.00,6826.00,6851.25,6772.25
2018/05/06,Sun,,,,
2018/05/05,Sat,,,,
2018/05/04,Fri,6666.50,6774.75,6788.50,6610.50
2018/05/03,Thu,6630.75,6664.50,6671.50,6538.00
2018/05/02,Wed,6715.50,6633.50,6729.50,6625.25
2018/05/01,Tue,6606.00,6692.00,6740.00,6578.75
2018/04/30,Mon,6668.00,6613.00,6718.00,6595.50
2018/04/29,Sun,,,,
2018/04/28,Sat,,,,
2018/04/27,Fri,6744.75,6669.75,6772.00,6623.00
2018/04/26,Thu,6583.25,6734.75,6749.00,6559.25
2018/04/25,Wed,6525.75,6555.75,6576.25,6429.25
2018/04/24,Tue,6660.75,6526.75,6717.75,6467.25
2018/04/23,Mon,6705.50,6667.00,6728.00,6616.75
2018/04/22,Sun,,,,
2018/04/21,Sat,,,,
2018/04/20,Fri,6777.75,6676.25,6790.25,6646.00
2018/04/19,Thu,6855.25,6780.00,6866.25,6755.25
2018/04/18,Wed,6819.50,6843.50,6867.00,6796.75
2018/04/17,Tue,6704.25,6828.75,6844.75,6698.50
2018/04/16,Mon,6674.25,6712.00,6722.00,6639.25
2018/04/15,Sun,,,,
2018/04/14,Sat,,,,
2018/04/13,Fri,6668.75,6640.75,6713.00,6606.25
2018/04/12,Thu,6596.25,6670.75,6693.75,6589.75
2018/04/11,Wed,6625.25,6592.75,6663.25,6550.75
2018/04/10,Tue,6490.50,6624.25,6651.75,6471.75
2018/04/09,Mon,6463.00,6497.00,6618.00,6460.00
2018/04/08,Sun,,,,
2018/04/07,Sat,,,,
2018/04/06,Fri,6608.00,6454.75,6611.25,6408.50
2018/04/05,Thu,6582.00,6600.25,6654.50,6559.00
2018/04/04,Wed,6466.00,6582.50,6591.75,6306.75
2018/04/03,Tue,6405.75,6469.25,6496.75,6351.25
2018/04/02,Mon,6557.00,6393.25,6588.50,6326.50
2018/04/01,Sun,,,,
2018/03/31,Sat,,,,
2018/03/30,Fri,,,,
2018/03/29,Thu,6490.75,6594.00,6653.75,6443.75
2018/03/28,Wed,6550.25,6477.25,6582.25,6421.00
2018/03/27,Tue,6775.75,6561.25,6849.25,6490.00
2018/03/26,Mon,6549.75,6773.50,6779.00,6525.00
2018/03/25,Sun,,,,
2018/03/24,Sat,,,,
2018/03/23,Fri,6692.25,6554.25,6721.25,6519.00
2018/03/22,Thu,6883.25,6692.00,6915.00,6686.00
2018/03/21,Wed,6912.50,6884.00,6951.00,6842.25
2018/03/20,Tue,6911.75,6917.50,6927.75,6863.00
2018/03/19,Mon,7043.00,6914.25,7043.00,6821.25
2018/03/18,Sun,,,,
2018/03/17,Sat,,,,
2018/03/16,Fri,7050.50,7052.61,7059.25,7031.00
2018/03/15,Thu,7036.75,7046.50,7076.75,7003.25
2018/03/14,Wed,7039.50,7033.50,7098.00,7012.25
2018/03/13,Tue,7136.75,7058.25,7188.50,7025.75
2018/03/12,Mon,7099.25,7139.50,7158.75,7090.00
2018/03/11,Sun,,,,
2018/03/10,Sat,,,,
2018/03/09,Fri,6972.00,7098.25,7103.75,6963.00
2018/03/08,Thu,6922.75,6974.25,6977.25,6913.50
2018/03/07,Wed,6858.00,6924.50,6937.00,6798.25
2018/03/06,Tue,6880.50,6907.75,6939.25,6871.75
2018/03/05,Mon,6795.75,6877.50,6904.50,6742.50
2018/03/04,Sun,,,,
2018/03/03,Sat,,,,
2018/03/02,Fri,6763.75,6804.75,6823.25,6646.00
2018/03/01,Thu,6879.50,6760.75,6898.75,6689.00
2018/02/28,Wed,6913.75,6865.00,6970.50,6857.75
2018/02/27,Tue,7003.50,6915.75,7009.00,6904.00
2018/02/26,Mon,6918.25,7000.00,7007.50,6890.00
2018/02/25,Sun,,,,
2018/02/24,Sat,,,,
2018/02/23,Fri,6792.50,6909.75,6913.75,6782.75
2018/02/22,Thu,6756.50,6788.75,6831.50,6694.75
2018/02/21,Wed,6788.25,6760.50,6885.50,6741.25
2018/02/20,Tue,6783.25,6790.50,6843.75,6723.25
2018/02/19,Mon,6802.00,6786.25,6819.25,6759.25
2018/02/18,Sun,,,,
2018/02/17,Sat,,,,
2018/02/16,Fri,6816.25,6786.75,6859.75,6762.00
2018/02/15,Thu,6681.00,6816.00,6827.50,6669.75
2018/02/14,Wed,6559.50,6687.00,6692.75,6456.25
2018/02/13,Tue,6529.75,6560.50,6571.00,6470.75
2018/02/12,Mon,6434.50,6531.75,6567.50,6414.25
2018/02/11,Sun,,,,
2018/02/10,Sat,,,,
2018/02/09,Fri,6328.00,6417.75,6455.50,6164.00
2018/02/08,Thu,6542.00,6317.25,6618.50,6301.00
2018/02/07,Wed,6638.00,6555.75,6717.75,6532.00
2018/02/06,Tue,6473.00,6653.75,6677.50,6260.25
2018/02/05,Mon,6752.25,6429.25,6813.50,6387.75
2018/02/04,Sun,,,,
2018/02/03,Sat,,,,
2018/02/02,Fri,6954.00,6755.75,6963.50,6752.25
2018/02/01,Thu,6973.00,6898.50,6987.75,6884.75
2018/01/31,Wed,6938.25,6962.50,6991.00,6921.50
2018/01/30,Tue,6991.50,6941.50,7006.50,6902.75
2018/01/29,Mon,7030.00,6992.50,7047.25,6980.00
2018/01/28,Sun,,,,
2018/01/27,Sat,,,,
2018/01/26,Fri,6938.00,7030.25,7034.50,6934.25
2018/01/25,Thu,6933.50,6931.50,6987.25,6902.00
2018/01/24,Wed,6956.50,6931.25,7004.25,6888.25
2018/01/23,Tue,6929.75,6965.75,6981.25,6919.75
2018/01/22,Mon,6830.75,6931.00,6941.25,6824.25
2018/01/21,Sun,,,,
2018/01/20,Sat,,,,
2018/01/19,Fri,6816.50,6845.75,6857.00,6801.50
2018/01/18,Thu,6818.00,6813.00,6838.00,6796.00
2018/01/17,Wed,6762.75,6823.75,6834.25,6744.75
2018/01/16,Tue,6781.50,6762.25,6845.75,6729.25
2018/01/15,Mon,6787.50,6778.75,6798.50,6773.00
2018/01/14,Sun,,,,
2018/01/13,Sat,,,,
2018/01/12,Fri,6725.50,6775.25,6777.75,6703.25
2018/01/11,Thu,6676.50,6726.50,6728.75,6664.25
2018/01/10,Wed,6679.75,6677.25,6686.75,6628.25
2018/01/09,Tue,6687.25,6687.00,6707.25,6667.25
2018/01/08,Mon,6667.75,6688.00,6690.75,6653.25
2018/01/07,Sun,,,,
2018/01/06,Sat,,,,
2018/01/05,Fri,6608.00,6667.75,6671.00,6599.75
2018/01/04,Thu,6583.75,6603.50,6617.50,6580.00
2018/01/03,Wed,6513.25,6584.50,6591.25,6511.25
2018/01/02,Tue,6405.00,6514.75,6523.25,6397.75
2018/01/01,Mon,6406.00,6417.00,6417.25,6401.75
2017/12/31,Sun,,,,
2017/12/30,Sat,,,,
2017/12/29,Fri,6444.50,6408.75,6467.75,6383.25
2017/12/28,Thu,6452.25,6446.25,6477.50,6442.25
2017/12/27,Wed,6461.25,6454.00,6475.50,6442.00
2017/12/26,Tue,6482.50,6460.00,6492.00,6432.25
2017/12/25,Mon,6485.75,6490.75,6491.50,6485.25
2017/12/24,Sun,,,,
2017/12/23,Sat,,,,
2017/12/22,Fri,6489.75,6483.75,6501.75,6467.50
2017/12/21,Thu,6486.75,6492.25,6520.75,6476.00
2017/12/20,Wed,6504.00,6489.00,6529.00,6463.25
2017/12/19,Tue,6535.00,6500.75,6545.75,6479.75
2017/12/18,Mon,6498.00,6535.25,6542.00,6497.50
2017/12/17,Sun,,,,
2017/12/16,Sat,,,,
2017/12/15,Fri,6389.50,6436.94,6500.00,6384.00
2017/12/14,Thu,6396.75,6391.75,6425.00,6385.50
2017/12/13,Wed,6385.00,6398.50,6418.75,6365.50
2017/12/12,Tue,6404.25,6384.25,6407.75,6371.75
2017/12/11,Mon,6343.00,6397.50,6409.75,6339.75
2017/12/10,Sun,,,,
2017/12/09,Sat,,,,
2017/12/08,Fri,6322.25,6340.00,6379.00,6320.50
2017/12/07,Thu,6298.00,6323.00,6335.50,6288.75
2017/12/06,Wed,6269.00,6293.00,6307.00,6232.50
2017/12/05,Tue,6255.50,6271.75,6339.75,6231.75
2017/12/04,Mon,6371.00,6265.25,6391.75,6250.75
2017/12/03,Sun,,,,
2017/12/02,Sat,,,,
2017/12/01,Fri,6353.75,6346.25,6369.00,6246.00
2017/11/30,Thu,6306.50,6369.00,6377.50,6289.00
2017/11/29,Wed,6423.50,6305.50,6428.50,6283.00
2017/11/28,Tue,6413.25,6420.25,6429.50,6388.75
2017/11/27,Mon,6414.25,6413.25,6424.50,6394.75
2017/11/26,Sun,,,,
2017/11/25,Sat,,,,
2017/11/24,Fri,6388.25,6413.50,6416.00,6375.75
2017/11/23,Thu,6390.62,6382.75,6397.76,6375.88
2017/11/22,Wed,6381.25,6389.50,6395.25,6375.25
2017/11/21,Tue,6315.75,6379.50,6385.25,6311.25
2017/11/20,Mon,6312.00,6316.00,6329.25,6291.25
2017/11/19,Sun,,,,
2017/11/18,Sat,,,,
2017/11/17,Fri,6342.75,6313.25,6351.75,6308.50
2017/11/16,Thu,6264.50,6341.00,6358.50,6260.75
2017/11/15,Wed,6293.50,6266.25,6294.75,6230.75
2017/11/14,Tue,6310.75,6293.50,6318.25,6262.75
2017/11/13,Mon,6312.50,6312.00,6325.00,6281.00
2017/11/12,Sun,,,,
2017/11/11,Sat,,,,
2017/11/10,Fri,6312.75,6309.25,6321.00,6281.00
2017/11/09,Thu,6342.25,6314.50,6351.50,6244.75
2017/11/08,Wed,6310.50,6341.50,6345.50,6301.50
2017/11/07,Tue,6311.50,6316.00,6331.50,6296.25
2017/11/06,Mon,6285.25,6313.50,6317.50,6268.00
2017/11/05,Sun,,,,
2017/11/04,Sat,,,,
2017/11/03,Fri,6252.50,6290.50,6296.75,6236.00
2017/11/02,Thu,6230.00,6235.75,6263.00,6192.50
2017/11/01,Wed,6249.75,6240.75,6284.50,6223.50
2017/10/31,Tue,6221.75,6249.75,6258.75,6219.25
2017/10/30,Mon,6209.50,6224.25,6251.50,6202.25
2017/10/29,Sun,,,,
2017/10/28,Sat,,,,
2017/10/27,Fri,6092.00,6215.25,6225.75,6078.75
2017/10/26,Thu,6065.00,6084.75,6096.25,6035.00
2017/10/25,Wed,6073.50,6064.50,6087.50,6011.00
2017/10/24,Tue,6064.75,6079.50,6092.50,6057.00
2017/10/23,Mon,6109.50,6064.75,6128.00,6060.50
2017/10/22,Sun,,,,
2017/10/21,Sat,,,,
2017/10/20,Fri,6097.75,6111.00,6129.50,6090.50
2017/10/19,Thu,6121.25,6097.75,6121.75,6051.25
2017/10/18,Wed,6122.25,6119.25,6132.75,6108.00
2017/10/17,Tue,6119.75,6123.75,6125.50,6105.00
2017/10/16,Mon,6101.50,6120.25,6121.50,6098.00
2017/10/15,Sun,,,,
2017/10/14,Sat,,,,
2017/10/13,Fri,6073.00,6099.75,6104.00,6068.50
2017/10/12,Thu,6083.50,6074.75,6097.00,6066.50
2017/10/11,Wed,6064.50,6082.50,6086.00,6053.25
2017/10/10,Tue,6062.25,6065.25,6088.50,6039.00
2017/10/09,Mon,6062.50,6064.50,6084.00,6054.75
2017/10/08,Sun,,,,
2017/10/07,Sat,,,,
2017/10/06,Fri,6062.25,6064.25,6071.50,6037.50
2017/10/05,Thu,6005.00,6065.75,6068.00,6001.00
2017/10/04,Wed,5999.00,6004.00,6015.50,5979.50
2017/10/03,Tue,5985.50,5998.00,6004.75,5978.75
2017/10/02,Mon,5984.00,5980.50,6009.75,5958.50
2017/10/01,Sun,,,,
2017/09/30,Sat,,,,
2017/09/29,Fri,5939.25,5982.50,5985.50,5933.00
2017/09/28,Thu,5936.00,5938.50,5948.25,5911.25
2017/09/27,Wed,5889.75,5941.00,5963.00,5886.50
2017/09/26,Tue,5878.75,5892.50,5912.50,5862.75
2017/09/25,Mon,5930.75,5876.50,5954.25,5842.00
2017/09/24,Sun,,,,
2017/09/23,Sat,,,,
2017/09/22,Fri,5944.25,5935.75,5945.50,5911.00
2017/09/21,Thu,5976.00,5945.25,5980.25,5919.25
2017/09/20,Wed,5997.00,5978.50,6000.50,5930.50
2017/09/19,Tue,5989.75,5997.00,6004.75,5975.00
2017/09/18,Mon,5999.25,5986.75,6018.25,5967.25
2017/09/17,Sun,,,,
2017/09/16,Sat,,,,
2017/09/15,Fri,5965.25,5973.85,5978.25,5945.25
2017/09/14,Thu,6001.75,5966.25,6002.50,5963.50
2017/09/13,Wed,5999.00,6002.00,6005.25,5975.50
2017/09/12,Tue,5981.25,5996.50,6004.00,5967.50
2017/09/11,Mon,5928.75,5982.50,5991.75,5928.75
2017/09/10,Sun,,,,
2017/09/09,Sat,,,,
2017/09/08,Fri,5969.25,5916.25,5972.00,5907.50
2017/09/07,Thu,5952.00,5970.00,5981.50,5932.25
2017/09/06,Wed,5943.50,5955.00,5965.75,5909.25
2017/09/05,Tue,5956.50,5939.25,5984.75,5889.50
2017/09/04,Mon,5959.62,5980.50,5982.00,5946.88
2017/09/03,Sun,,,,
2017/09/02,Sat,,,,
2017/09/01,Fri,5994.00,5988.25,6019.75,5973.25
2017/08/31,Thu,5936.25,5990.75,5998.00,5932.50
2017/08/30,Wed,5869.75,5935.00,5944.00,5862.50
2017/08/29,Tue,5820.00,5869.75,5875.50,5777.25
2017/08/28,Mon,5819.75,5844.75,5856.00,5801.25
2017/08/27,Sun,,,,
2017/08/26,Sat,,,,
2017/08/25,Fri,5845.25,5825.00,5874.00,5816.50
2017/08/24,Thu,5845.75,5840.50,5874.25,5803.25
2017/08/23,Wed,5878.25,5848.00,5884.00,5841.50
2017/08/22,Tue,5795.25,5878.50,5882.25,5794.25
2017/08/21,Mon,5805.00,5794.00,5816.75,5752.25
2017/08/20,Sun,,,,
2017/08/19,Sat,,,,
2017/08/18,Fri,5792.25,5801.25,5835.00,5772.50
2017/08/17,Thu,5920.00,5800.25,5923.75,5786.50
2017/08/16,Wed,5915.25,5923.50,5949.50,5902.00
2017/08/15,Tue,5913.50,5912.00,5945.00,5895.50
2017/08/14,Mon,5837.25,5910.00,5916.75,5837.25
2017/08/13,Sun,,,,
2017/08/12,Sat,,,,
2017/08/11,Fri,5769.00,5838.25,5845.75,5761.00
2017/08/10,Thu,5922.50,5789.75,5923.00,5767.25
2017/08/09,Wed,5913.25,5922.50,5924.50,5861.75
2017/08/08,Tue,5935.00,5918.00,5972.75,5907.50
2017/08/07,Mon,5900.00,5934.00,5937.75,5898.00
2017/08/06,Sun,,,,
2017/08/05,Sat,,,,
2017/08/04,Fri,5889.00,5898.00,5912.00,5874.25
2017/08/03,Thu,5911.25,5890.00,5924.50,5877.25
2017/08/02,Wed,5933.00,5910.75,5947.50,5856.25
2017/08/01,Tue,5884.50,5889.25,5931.25,5875.50
2017/07/31,Mon,5910.00,5882.50,5933.50,5870.25
2017/07/30,Sun,,,,
2017/07/29,Sat,,,,
2017/07/28,Fri,5909.00,5910.25,5918.25,5850.00
2017/07/27,Thu,5961.00,5909.50,5995.75,5844.75
2017/07/26,Wed,5933.75,5948.00,5958.00,5927.00
2017/07/25,Tue,5925.25,5933.75,5946.25,5915.75
2017/07/24,Mon,5919.25,5934.00,5954.75,5905.00
2017/07/23,Sun,,,,
2017/07/22,Sat,,,,
2017/07/21,Fri,5930.75,5918.75,5931.25,5890.50
2017/07/20,Thu,5919.50,5925.25,5938.50,5897.00
2017/07/19,Wed,5895.50,5918.25,5925.00,5889.00
2017/07/18,Tue,5858.25,5882.75,5898.50,5820.25
2017/07/17,Mon,5843.50,5855.00,5863.75,5831.25
2017/07/16,Sun,,,,
2017/07/15,Sat,,,,
2017/07/14,Fri,5799.50,5843.25,5847.75,5787.75
2017/07/13,Thu,5786.75,5797.50,5812.00,5777.25
2017/07/12,Wed,5719.50,5785.75,5790.00,5712.75
2017/07/11,Tue,5692.00,5720.00,5722.50,5667.50
2017/07/10,Mon,5663.00,5694.00,5711.50,5650.00
2017/07/09,Sun,,,,
2017/07/08,Sat,,,,
2017/07/07,Fri,5598.50,5655.75,5676.50,5591.50
2017/07/06,Thu,5650.50,5596.75,5652.75,5580.00
2017/07/05,Wed,5591.25,5651.50,5667.75,5560.25
2017/07/04,Tue,5589.12,5577.25,5618.25,5560.75
2017/07/03,Mon,5658.00,5589.25,5690.75,5581.25
2017/07/02,Sun,,,,
2017/07/01,Sat,,,,
2017/06/30,Fri,5648.25,5652.75,5686.50,5623.50
2017/06/29,Thu,5766.25,5653.00,5776.00,5601.00
2017/06/28,Wed,5673.75,5763.50,5768.75,5632.00
2017/06/27,Tue,5780.75,5676.50,5784.00,5669.00
2017/06/26,Mon,5803.00,5778.25,5852.00,5768.00
2017/06/25,Sun,,,,
2017/06/24,Sat,,,,
2017/06/23,Fri,5785.50,5812.25,5815.50,5763.00
2017/06/22,Thu,5793.25,5785.75,5814.50,5770.75
2017/06/21,Wed,5728.25,5796.00,5796.50,5699.00
2017/06/20,Tue,5766.75,5732.75,5784.00,5729.00
2017/06/19,Mon,5694.25,5766.00,5782.50,5683.25
2017/06/18,Sun,,,,
2017/06/17,Sat,,,,
2017/06/16,Fri,5701.50,5702.27,5720.00,5685.00
2017/06/15,Thu,5722.75,5702.50,5724.50,5633.75
2017/06/14,Wed,5752.25,5725.25,5780.00,5680.00
2017/06/13,Tue,5713.25,5751.25,5760.25,5706.75
2017/06/12,Mon,5740.50,5711.00,5746.50,5634.50
2017/06/11,Sun,,,,
2017/06/10,Sat,,,,
2017/06/09,Fri,5872.50,5740.50,5898.75,5660.25
2017/06/08,Thu,5877.75,5885.00,5897.75,5853.50
2017/06/07,Wed,5862.25,5879.75,5884.75,5845.75
2017/06/06,Tue,5880.25,5863.25,5893.25,5848.50
2017/06/05,Mon,5878.25,5880.75,5891.25,5872.75
2017/06/04,Sun,,,,
2017/06/03,Sat,,,,
2017/06/02,Fri,5823.75,5886.00,5886.75,5822.00
2017/06/01,Thu,5804.75,5822.00,5824.00,5780.50
2017/05/31,Wed,5792.50,5793.25,5819.25,5763.75
2017/05/30,Tue,5793.00,5792.00,5803.50,5778.25
2017/05/29,Mon,5798.50,5793.62,5801.88,5792.50
2017/05/28,Sun,,,,
2017/05/27,Sat,,,,
2017/05/26,Fri,5781.25,5792.25,5796.50,5772.75
2017/05/25,Thu,5731.50,5782.00,5795.50,5731.25
2017/05/24,Wed,5709.50,5731.25,5734.50,5705.25
2017/05/23,Tue,5701.50,5711.50,5718.50,5688.50
2017/05/22,Mon,5652.75,5702.00,5704.25,5648.75
2017/05/21,Sun,,,,
2017/05/20,Sat,,,,
2017/05/19,Fri,5631.50,5653.25,5676.50,5622.00
2017/05/18,Thu,5575.50,5630.50,5648.50,5550.50
2017/05/17,Wed,5723.50,5578.75,5724.00,5574.75
2017/05/16,Tue,5705.00,5724.25,5727.25,5696.25
2017/05/15,Mon,5689.50,5701.25,5706.50,5682.50
2017/05/14,Sun,,,,
2017/05/13,Sat,,,,
2017/05/12,Fri,5670.00,5689.00,5689.75,5656.50
2017/05/11,Thu,5674.75,5670.75,5676.25,5636.25
2017/05/10,Wed,5678.50,5675.50,5679.75,5658.25
2017/05/09,Tue,5654.25,5676.25,5687.75,5650.75
2017/05/08,Mon,5658.25,5655.50,5660.50,5634.50
2017/05/07,Sun,,,,
2017/05/06,Sat,,,,
2017/05/05,Fri,5627.00,5648.25,5649.50,5612.50
2017/05/04,Thu,5609.00,5625.75,5634.00,5603.75
2017/05/03,Wed,5621.00,5613.25,5631.00,5606.00
2017/05/02,Tue,5629.00,5639.75,5641.75,5622.50
2017/05/01,Mon,5581.00,5630.75,5637.25,5573.50
2017/04/30,Sun,,,,
2017/04/29,Sat,,,,
2017/04/28,Fri,5584.50,5580.50,5597.75,5571.75
2017/04/27,Thu,5535.25,5591.00,5599.00,5534.25
2017/04/26,Wed,5546.75,5536.25,5562.50,5535.00
2017/04/25,Tue,5502.00,5548.25,5557.25,5499.00
2017/04/24,Mon,5471.00,5504.00,5512.75,5471.00
2017/04/23,Sun,,,,
2017/04/22,Sat,,,,
2017/04/21,Fri,5445.00,5442.00,5454.75,5427.50
2017/04/20,Thu,5398.00,5442.75,5454.75,5394.50
2017/04/19,Wed,5389.75,5397.75,5430.75,5388.75
2017/04/18,Tue,5397.50,5389.25,5405.25,5375.50
2017/04/17,Mon,5352.75,5395.25,5399.50,5347.75
2017/04/16,Sun,,,,
2017/04/15,Sat,,,,
2017/04/14,Fri,,,,
2017/04/13,Thu,5369.00,5359.00,5399.50,5347.50
2017/04/12,Wed,5402.75,5372.75,5412.75,5369.00
2017/04/11,Tue,5426.75,5401.75,5429.25,5358.00
2017/04/10,Mon,5420.75,5422.25,5443.75,5405.75
2017/04/09,Sun,,,,
2017/04/08,Sat,,,,
2017/04/07,Fri,5426.75,5421.25,5436.00,5382.75
2017/04/06,Thu,5414.00,5422.75,5437.25,5390.00
2017/04/05,Wed,5447.00,5416.25,5481.25,5409.00
2017/04/04,Tue,5432.75,5444.00,5448.00,5406.75
2017/04/03,Mon,5436.75,5434.50,5455.00,5403.25
2017/04/02,Sun,,,,
2017/04/01,Sat,,,,
2017/03/31,Fri,5440.75,5438.50,5452.75,5421.00
2017/03/30,Thu,5436.00,5437.50,5451.00,5426.50
2017/03/29,Wed,5409.00,5436.00,5437.50,5404.75
2017/03/28,Tue,5382.50,5405.00,5424.75,5363.50
2017/03/27,Mon,5360.00,5379.00,5385.75,5317.25
2017/03/26,Sun,,,,
2017/03/25,Sat,,,,
2017/03/24,Fri,5357.00,5378.75,5395.00,5347.50
2017/03/23,Thu,5365.50,5354.50,5378.50,5347.25
2017/03/22,Wed,5334.25,5365.75,5376.25,5315.00
2017/03/21,Tue,5415.75,5338.25,5441.00,5330.00
2017/03/20,Mon,5407.25,5418.50,5428.00,5396.00
2017/03/19,Sun,,,,
2017/03/18,Sat,,,,
2017/03/17,Fri,5411.75,5425.34,5423.00,5405.75
2017/03/16,Thu,5412.25,5413.00,5440.00,5398.75
2017/03/15,Wed,5380.50,5415.25,5427.25,5376.00
2017/03/14,Tue,5394.50,5381.50,5396.75,5360.00
2017/03/13,Mon,5381.00,5395.50,5396.50,5371.75
2017/03/12,Sun,,,,
2017/03/11,Sat,,,,
2017/03/10,Fri,5370.00,5382.00,5395.25,5363.00
2017/03/09,Thu,5362.25,5366.75,5372.00,5335.50
2017/03/08,Wed,5350.00,5363.00,5377.25,5333.75
2017/03/07,Tue,5354.75,5349.75,5374.25,5341.50
2017/03/06,Mon,5369.00,5361.00,5374.50,5339.00
2017/03/05,Sun,,,,
2017/03/04,Sat,,,,
2017/03/03,Fri,5358.75,5372.00,5373.50,5344.25
2017/03/02,Thu,5382.75,5364.75,5393.75,5356.25
2017/03/01,Wed,5334.50,5386.00,5400.00,5332.00
2017/02/28,Tue,5345.00,5332.25,5350.00,5317.00
2017/02/27,Mon,5340.00,5347.50,5352.50,5323.25
2017/02/26,Sun,,,,
2017/02/25,Sat,,,,
2017/02/24,Fri,5329.25,5343.25,5344.50,5299.00
2017/02/23,Thu,5352.50,5332.00,5361.25,5310.75
2017/02/22,Wed,5345.50,5351.00,5355.50,5336.25
2017/02/21,Tue,5323.50,5343.75,5353.75,5320.50
2017/02/20,Mon,5322.13,5338.38,5345.63,5320.62
2017/02/19,Sun,,,,
2017/02/18,Sat,,,,
2017/02/17,Fri,5300.25,5325.75,5328.75,5286.75
2017/02/16,Thu,5313.00,5300.50,5317.00,5288.50
2017/02/15,Wed,5274.50,5310.00,5313.50,5265.25
2017/02/14,Tue,5259.25,5276.00,5278.00,5239.75
2017/02/13,Mon,5229.25,5259.25,5261.50,5226.75
2017/02/12,Sun,,,,
2017/02/11,Sat,,,,
2017/02/10,Fri,5211.25,5226.75,5232.50,5209.75
2017/02/09,Thu,5189.75,5212.25,5219.25,5186.25
2017/02/08,Wed,5175.00,5191.25,5197.00,5163.50
2017/02/07,Tue,5157.00,5176.75,5192.00,5154.25
2017/02/06,Mon,5157.25,5157.75,5163.50,5140.25
2017/02/05,Sun,,,,
2017/02/04,Sat,,,,
2017/02/03,Fri,5129.50,5155.00,5162.25,5119.75
2017/02/02,Thu,5147.75,5131.00,5157.50,5119.50
2017/02/01,Wed,5132.00,5148.50,5158.25,5123.00
2017/01/31,Tue,5123.50,5112.75,5135.00,5083.25
2017/01/30,Mon,5146.25,5124.50,5154.50,5094.50
2017/01/29,Sun,,,,
2017/01/28,Sat,,,,
2017/01/27,Fri,5144.25,5162.50,5167.50,5139.25
2017/01/26,Thu,5148.25,5147.75,5168.50,5141.75
2017/01/25,Wed,5100.00,5146.50,5150.00,5099.75
2017/01/24,Tue,5063.75,5096.25,5104.00,5060.00
2017/01/23,Mon,5059.00,5063.50,5069.75,5030.25
2017/01/22,Sun,,,,
2017/01/21,Sat,,,,
2017/01/20,Fri,5055.50,5058.25,5083.00,5044.75
2017/01/19,Thu,5053.25,5053.50,5074.75,5036.50
2017/01/18,Wed,5040.50,5054.50,5057.25,5034.00
2017/01/17,Tue,5056.25,5040.25,5059.00,5025.00
2017/01/16,Mon,5050.75,5051.63,5055.63,5044.12
2017/01/15,Sun,,,,
2017/01/14,Sat,,,,
2017/01/13,Fri,5035.25,5061.25,5063.25,5035.25
2017/01/12,Thu,5044.50,5034.75,5044.75,4990.25
2017/01/11,Wed,5032.75,5046.50,5048.25,5007.50
2017/01/10,Tue,5022.00,5031.25,5047.00,5007.25
2017/01/09,Mon,5004.50,5022.00,5029.50,5002.50
2017/01/08,Sun,,,,
2017/01/07,Sat,,,,
2017/01/06,Fri,4962.50,5004.00,5017.50,4952.50
2017/01/05,Thu,4934.75,4962.00,4964.25,4920.50
2017/01/04,Wed,4906.50,4933.50,4942.50,4903.00
2017/01/03,Tue,4876.75,4906.25,4927.50,4876.75
2017/01/02,Mon,4885.62,4888.12,4892.00,4885.62
2017/01/01,Sun,,,,
2016/12/31,Sat,,,,
2016/12/30,Fri,4920.50,4864.00,4940.00,4850.00
2016/12/29,Thu,4923.75,4918.50,4933.50,4901.25
2016/12/28,Wed,4961.25,4923.75,4979.25,4920.25
2016/12/27,Tue,4942.00,4961.25,4994.50,4940.00
2016/12/26,Mon,4942.12,4942.88,4944.38,4940.75
2016/12/25,Sun,,,,
2016/12/24,Sat,,,,
2016/12/23,Fri,4933.75,4942.25,4943.75,4922.75
2016/12/22,Thu,4948.00,4936.50,4953.00,4917.00
2016/12/21,Wed,4956.00,4949.50,4960.00,4939.25
2016/12/20,Tue,4939.50,4956.00,4963.25,4938.50
2016/12/19,Mon,4915.75,4938.75,4966.25,4912.50
2016/12/18,Sun,,,,
2016/12/17,Sat,,,,
2016/12/16,Fri,4938.00,4954.19,4948.25,4930.25
2016/12/15,Thu,4928.50,4934.50,4960.75,4917.50
2016/12/14,Wed,4939.50,4931.75,4956.50,4910.25
2016/12/13,Tue,4867.00,4937.75,4962.00,4861.50
2016/12/12,Mon,4899.00,4867.75,4917.00,4852.50
2016/12/11,Sun,,,,
2016/12/10,Sat,,,,
2016/12/09,Fri,4861.25,4893.75,4897.50,4852.50
2016/12/08,Thu,4844.50,4863.00,4869.50,4836.00
2016/12/07,Wed,4788.75,4841.75,4854.75,4763.50
2016/12/06,Tue,4780.75,4786.75,4796.50,4767.75
2016/12/05,Mon,4719.00,4780.50,4795.75,4701.50
2016/12/04,Sun,,,,
2016/12/03,Sat,,,,
2016/12/02,Fri,4735.50,4738.50,4759.00,4707.25
2016/12/01,Thu,4819.00,4736.50,4827.50,4722.75
2016/11/30,Wed,4872.50,4816.00,4885.50,4812.50
2016/11/29,Tue,4861.00,4875.00,4897.75,4847.50
2016/11/28,Mon,4864.25,4861.00,4879.75,4842.75
2016/11/27,Sun,,,,
2016/11/26,Sat,,,,
2016/11/25,Fri,4850.50,4868.50,4870.00,4839.50
2016/11/24,Thu,4848.25,4858.50,4862.62,4839.38
2016/11/23,Wed,4877.25,4849.50,4882.50,4830.25
2016/11/22,Tue,4858.00,4874.75,4884.75,4857.00
2016/11/21,Mon,4813.50,4854.00,4862.00,4803.25
2016/11/20,Sun,,,,
2016/11/19,Sat,,,,
2016/11/18,Fri,4828.75,4808.50,4840.50,4803.00
2016/11/17,Thu,4781.50,4828.50,4831.50,4778.00
2016/11/16,Wed,4765.00,4783.25,4794.75,4736.25
2016/11/15,Tue,4692.75,4766.00,4779.25,4688.00
2016/11/14,Mon,4753.00,4694.50,4784.50,4672.75
2016/11/13,Sun,,,,
2016/11/12,Sat,,,,
2016/11/11,Fri,4741.75,4748.00,4758.00,4681.75
2016/11/10,Thu,4817.50,4743.75,4879.75,4679.25
2016/11/09,Wed,4807.25,4820.50,4837.50,4558.50
2016/11/08,Tue,4777.50,4802.25,4822.50,4752.75
2016/11/07,Mon,4709.75,4775.75,4781.75,4709.75
2016/11/06,Sun,,,,
2016/11/05,Sat,,,,
2016/11/04,Fri,4671.25,4657.75,4695.50,4651.25
2016/11/03,Thu,4700.00,4674.50,4729.50,4668.25
2016/11/02,Wed,4754.50,4716.75,4768.50,4708.25
2016/11/01,Tue,4802.75,4757.25,4817.00,4718.75
2016/10/31,Mon,4795.25,4796.75,4830.00,4788.25
2016/10/30,Sun,,,,
2016/10/29,Sat,,,,
2016/10/28,Fri,4818.25,4806.00,4843.25,4786.50
2016/10/27,Thu,4852.00,4807.00,4880.25,4804.25
2016/10/26,Wed,4874.00,4853.75,4881.75,4839.50
2016/10/25,Tue,4906.25,4886.00,4919.50,4873.50
2016/10/24,Mon,4847.25,4902.75,4908.75,4842.75
2016/10/23,Sun,,,,
2016/10/22,Sat,,,,
2016/10/21,Fri,4844.25,4843.25,4849.00,4814.75
2016/10/20,Thu,4828.25,4843.75,4847.25,4798.75
2016/10/19,Wed,4823.75,4830.25,4840.25,4811.00
2016/10/18,Tue,4802.25,4827.00,4856.75,4799.75
2016/10/17,Mon,4803.50,4803.25,4810.50,4781.00
2016/10/16,Sun,,,,
2016/10/15,Sat,,,,
2016/10/14,Fri,4796.00,4804.25,4841.00,4786.25
2016/10/13,Thu,4804.75,4796.00,4813.00,4754.50
2016/10/12,Wed,4822.25,4813.50,4842.00,4800.25
2016/10/11,Tue,4892.00,4827.00,4897.25,4798.00
2016/10/10,Mon,4868.00,4893.25,4901.50,4862.25
2016/10/09,Sun,,,,
2016/10/08,Sat,,,,
2016/10/07,Fri,4870.25,4859.00,4883.75,4834.75
2016/10/06,Thu,4874.00,4872.00,4881.00,4845.50
2016/10/05,Wed,4856.50,4873.50,4888.50,4849.25
2016/10/04,Tue,4866.75,4857.50,4888.00,4836.25
2016/10/03,Mon,4867.25,4865.75,4879.50,4842.75
2016/10/02,Sun,,,,
2016/10/01,Sat,,,,
2016/09/30,Fri,4839.25,4870.25,4885.50,4811.75
2016/09/29,Thu,4866.75,4844.25,4876.50,4812.50
2016/09/28,Wed,4857.50,4868.25,4873.25,4844.75
2016/09/27,Tue,4813.75,4860.75,4864.50,4800.75
2016/09/26,Mon,4852.00,4815.00,4859.50,4807.50
2016/09/25,Sun,,,,
2016/09/24,Sat,,,,
2016/09/23,Fri,4887.25,4856.50,4889.75,4848.25
2016/09/22,Thu,4849.00,4886.25,4892.25,4842.75
2016/09/21,Wed,4800.00,4850.00,4854.50,4788.50
2016/09/20,Tue,4796.75,4798.50,4820.50,4790.00
2016/09/19,Mon,4814.75,4794.25,4841.75,4782.50
2016/09/18,Sun,,,,
2016/09/17,Sat,,,,
2016/09/16,Fri,4813.25,4820.03,4828.75,4799.00
2016/09/15,Thu,4734.00,4817.75,4826.75,4720.50
2016/09/14,Wed,4732.75,4732.50,4771.00,4724.00
2016/09/13,Tue,4763.25,4727.75,4764.75,4699.25
2016/09/12,Mon,4671.00,4766.75,4772.00,4629.00
2016/09/11,Sun,,,,
2016/09/10,Sat,,,,
2016/09/09,Fri,4796.00,4671.00,4798.00,4665.00
2016/09/08,Thu,4827.75,4796.00,4837.00,4789.50
2016/09/07,Wed,4830.25,4828.75,4839.50,4812.50
2016/09/06,Tue,4801.25,4827.50,4831.50,4782.25
2016/09/05,Mon,4801.12,4791.50,4805.75,4782.25
2016/09/04,Sun,,,,
2016/09/03,Sat,,,,
2016/09/02,Fri,4777.50,4795.25,4817.75,4774.25
2016/09/01,Thu,4774.00,4777.50,4795.25,4749.50
2016/08/31,Wed,4778.25,4773.75,4779.25,4751.50
2016/08/30,Tue,4795.00,4776.00,4798.50,4759.75
2016/08/29,Mon,4786.00,4793.25,4805.75,4774.00
2016/08/28,Sun,,,,
2016/08/27,Sat,,,,
2016/08/26,Fri,4783.50,4785.75,4817.50,4757.25
2016/08/25,Thu,4786.50,4782.25,4794.00,4768.25
2016/08/24,Wed,4818.50,4786.25,4823.50,4770.75
2016/08/23,Tue,4809.25,4817.00,4836.75,4807.75
2016/08/22,Mon,4809.25,4811.75,4818.00,4789.50
2016/08/21,Sun,,,,
2016/08/20,Sat,,,,
2016/08/19,Fri,4808.00,4807.00,4816.75,4785.00
2016/08/18,Thu,4808.25,4808.50,4814.00,4792.75
2016/08/17,Wed,4800.75,4804.00,4809.75,4772.00
2016/08/16,Tue,4822.75,4798.50,4824.50,4796.50
2016/08/15,Mon,4806.75,4822.75,4835.25,4805.00
2016/08/14,Sun,,,,
2016/08/13,Sat,,,,
2016/08/12,Fri,4800.00,4804.25,4806.75,4787.00
2016/08/11,Thu,4782.25,4800.00,4811.00,4775.75
2016/08/10,Wed,4793.50,4781.50,4800.25,4767.25
2016/08/09,Tue,4780.50,4791.75,4807.75,4777.50
2016/08/08,Mon,4784.75,4779.25,4800.75,4766.25
2016/08/07,Sun,,,,
2016/08/06,Sat,,,,
2016/08/05,Fri,4745.00,4783.00,4797.75,4742.50
2016/08/04,Thu,4726.50,4743.75,4747.00,4715.00
2016/08/03,Wed,4713.25,4728.25,4729.25,4698.00
2016/08/02,Tue,4749.25,4714.25,4759.50,4681.75
2016/08/01,Mon,4737.50,4744.50,4760.25,4721.00
2016/07/31,Sun,,,,
2016/07/30,Sat,,,,
2016/07/29,Fri,4731.75,4726.75,4736.50,4709.00
2016/07/28,Thu,4710.25,4719.75,4732.00,4689.50
2016/07/27,Wed,4691.25,4707.75,4714.00,4676.75
2016/07/26,Tue,4658.50,4663.75,4688.25,4641.00
2016/07/25,Mon,4659.25,4653.75,4669.50,4643.50
2016/07/24,Sun,,,,
2016/07/23,Sat,,,,
2016/07/22,Fri,4638.50,4657.25,4664.50,4628.50
2016/07/21,Thu,4654.00,4638.25,4662.25,4626.75
2016/07/20,Wed,4609.00,4650.50,4659.00,4597.75
2016/07/19,Tue,4609.50,4606.50,4611.25,4588.25
2016/07/18,Mon,4580.00,4608.25,4621.75,4577.00
2016/07/17,Sun,,,,
2016/07/16,Sat,,,,
2016/07/15,Fri,4585.00,4579.25,4603.50,4550.25
2016/07/14,Thu,4561.00,4590.00,4608.25,4553.50
2016/07/13,Wed,4571.75,4561.25,4584.50,4558.50
2016/07/12,Tue,4552.75,4569.75,4582.00,4546.75
2016/07/11,Mon,4519.50,4549.50,4563.50,4515.75
2016/07/10,Sun,,,,
2016/07/09,Sat,,,,
2016/07/08,Fri,4451.75,4517.25,4523.25,4439.75
2016/07/07,Thu,4434.75,4452.25,4461.25,4427.50
2016/07/06,Wed,4406.00,4439.50,4440.50,4365.75
2016/07/05,Tue,4438.75,4404.00,4451.50,4377.50
2016/07/04,Mon,4427.38,4435.38,4451.50,4426.25
2016/07/03,Sun,,,,
2016/07/02,Sat,,,,
2016/07/01,Fri,4397.00,4433.25,4446.25,4386.25
2016/06/30,Thu,4375.00,4407.00,4410.50,4338.50
2016/06/29,Wed,4281.25,4362.75,4380.00,4268.25
2016/06/28,Tue,4176.25,4281.00,4284.50,4176.00
2016/06/27,Mon,4250.00,4178.00,4267.75,4167.75
2016/06/26,Sun,,,,
2016/06/25,Sat,,,,
2016/06/24,Fri,4482.75,4262.25,4494.00,4234.50
2016/06/23,Thu,4409.75,4462.50,4479.25,4408.00
2016/06/22,Wed,4397.25,4394.50,4434.00,4391.00
2016/06/21,Tue,4398.50,4400.25,4415.75,4388.25
2016/06/20,Mon,4383.00,4390.00,4436.75,4383.00
2016/06/19,Sun,,,,
2016/06/18,Sat,,,,
2016/06/17,Fri,4423.25,4417.25,4439.50,4410.00
2016/06/16,Thu,4409.75,4424.75,4429.00,4361.00
2016/06/15,Wed,4424.00,4412.75,4444.00,4404.25
2016/06/14,Tue,4419.25,4425.25,4440.50,4391.75
2016/06/13,Mon,4458.75,4426.25,4461.75,4419.25
2016/06/12,Sun,,,,
2016/06/11,Sat,,,,
2016/06/10,Fri,4513.00,4465.75,4514.25,4446.25
2016/06/09,Thu,4518.25,4512.00,4522.50,4493.50
2016/06/08,Wed,4512.50,4519.00,4530.25,4504.00
2016/06/07,Tue,4524.50,4514.25,4545.50,4511.25
2016/06/06,Mon,4511.00,4525.50,4536.50,4504.00
2016/06/05,Sun,,,,
2016/06/04,Sat,,,,
2016/06/03,Fri,4530.25,4509.00,4538.75,4478.75
2016/06/02,Thu,4520.50,4532.25,4533.00,4486.25
2016/06/01,Wed,4522.00,4521.50,4537.50,4502.75
2016/05/31,Tue,4518.25,4524.25,4528.25,4497.50
2016/05/30,Mon,4519.12,4521.12,4524.62,4513.38
2016/05/29,Sun,,,,
2016/05/28,Sat,,,,
2016/05/27,Fri,4494.00,4510.00,4513.50,4490.25
2016/05/26,Thu,4473.50,4492.25,4495.50,4463.50
2016/05/25,Wed,4445.50,4474.75,4489.50,4443.00
2016/05/24,Tue,4351.50,4445.25,4448.75,4341.75
2016/05/23,Mon,4367.75,4352.50,4381.50,4348.25
2016/05/22,Sun,,,,
2016/05/21,Sat,,,,
2016/05/20,Fri,4317.00,4362.25,4379.00,4314.50
2016/05/19,Thu,4337.75,4317.25,4340.75,4280.75
2016/05/18,Wed,4321.00,4332.25,4359.00,4301.00
2016/05/17,Tue,4372.75,4319.50,4393.75,4308.00
2016/05/16,Mon,4316.00,4375.25,4392.00,4305.50
2016/05/15,Sun,,,,
2016/05/14,Sat,,,,
2016/05/13,Fri,4337.25,4324.00,4360.50,4303.75
2016/05/12,Thu,4352.50,4334.75,4381.75,4305.75
2016/05/11,Wed,4394.25,4351.50,4403.00,4350.75
2016/05/10,Tue,4334.75,4392.00,4398.75,4323.75
2016/05/09,Mon,4329.75,4335.75,4356.50,4318.00
2016/05/08,Sun,,,,
2016/05/07,Sat,,,,
2016/05/06,Fri,4299.25,4328.25,4333.75,4271.00
2016/05/05,Thu,4308.25,4300.25,4342.50,4292.50
2016/05/04,Wed,4335.50,4309.75,4342.00,4292.25
2016/05/03,Tue,4372.00,4334.50,4374.50,4319.50
2016/05/02,Mon,4337.00,4369.00,4378.50,4318.00
2016/05/01,Sun,,,,
2016/04/30,Sat,,,,
2016/04/29,Fri,4383.50,4331.50,4391.25,4296.75
2016/04/28,Thu,4432.00,4382.00,4442.25,4346.25
2016/04/27,Wed,4405.00,4423.75,4433.75,4372.25
2016/04/26,Tue,4472.25,4452.50,4489.75,4407.00
2016/04/25,Mon,4477.00,4472.25,4479.75,4436.00
2016/04/24,Sun,,,,
2016/04/23,Sat,,,,
2016/04/22,Fri,4488.25,4465.75,4501.75,4431.00
2016/04/21,Thu,4533.25,4497.75,4551.75,4488.00
2016/04/20,Wed,4528.25,4535.75,4556.00,4509.00
2016/04/19,Tue,4545.50,4526.75,4584.50,4506.75
2016/04/18,Mon,4518.75,4546.50,4561.25,4501.00
2016/04/17,Sun,,,,
2016/04/16,Sat,,,,
2016/04/15,Fri,4548.75,4538.50,4554.50,4523.00
2016/04/14,Thu,4546.50,4546.25,4563.25,4530.50
2016/04/13,Wed,4489.00,4547.75,4553.75,4486.75
2016/04/12,Tue,4447.00,4490.00,4497.50,4426.50
2016/04/11,Mon,4470.00,4451.50,4509.75,4446.00
2016/04/10,Sun,,,,
2016/04/09,Sat,,,,
2016/04/08,Fri,4467.50,4467.25,4509.75,4451.50
2016/04/07,Thu,4533.50,4470.25,4539.50,4450.75
2016/04/06,Wed,4476.00,4535.00,4537.75,4467.25
2016/04/05,Tue,4499.75,4469.50,4501.50,4456.50
2016/04/04,Mon,4526.75,4500.25,4543.75,4495.25
2016/04/03,Sun,,,,
2016/04/02,Sat,,,,
2016/04/01,Fri,4477.75,4528.50,4529.50,4441.50
2016/03/31,Thu,4480.25,4476.25,4495.50,4462.25
2016/03/30,Wed,4460.75,4482.00,4510.25,4456.50
2016/03/29,Tue,4389.75,4458.25,4463.50,4374.00
2016/03/28,Mon,4401.50,4389.50,4425.75,4381.50
2016/03/27,Sun,,,,
2016/03/26,Sat,,,,
2016/03/25,Fri,,,,
2016/03/24,Thu,4395.00,4397.25,4401.00,4365.00
2016/03/23,Wed,4434.75,4395.50,4441.25,4383.25
2016/03/22,Tue,4416.00,4434.50,4440.50,4383.75
2016/03/21,Mon,4394.75,4416.25,4421.25,4376.75
2016/03/20,Sun,,,,
2016/03/19,Sat,,,,
2016/03/18,Fri,4404.75,4425.81,4418.25,4394.00
2016/03/17,Thu,4396.75,4402.25,4422.00,4369.00
2016/03/16,Wed,4366.25,4397.50,4416.50,4349.00
2016/03/15,Tue,4364.75,4364.50,4372.00,4338.00
2016/03/14,Mon,4352.75,4366.00,4378.25,4340.50
2016/03/13,Sun,,,,
2016/03/12,Sat,,,,
2016/03/11,Fri,4287.25,4352.75,4361.25,4282.50
2016/03/10,Thu,4295.25,4285.00,4347.50,4229.75
2016/03/09,Wed,4271.00,4294.50,4299.00,4256.75
2016/03/08,Tue,4301.00,4270.50,4308.75,4251.50
2016/03/07,Mon,4321.00,4300.00,4330.00,4268.75
2016/03/06,Sun,,,,
2016/03/05,Sat,,,,
2016/03/04,Fri,4323.00,4322.50,4355.00,4298.00
2016/03/03,Thu,4326.75,4320.25,4344.50,4293.50
2016/03/02,Wed,4334.50,4329.25,4357.75,4299.25
2016/03/01,Tue,4199.25,4337.75,4338.75,4180.25
2016/02/29,Mon,4225.25,4201.25,4263.25,4184.50
2016/02/28,Sun,,,,
2016/02/27,Sat,,,,
2016/02/26,Fri,4243.00,4230.00,4293.25,4225.00
2016/02/25,Thu,4214.50,4244.25,4247.75,4170.25
2016/02/24,Wed,4156.50,4208.50,4218.50,4084.75
2016/02/23,Tue,4207.25,4159.25,4216.50,4154.50
2016/02/22,Mon,4155.25,4214.75,4234.00,4146.50
2016/02/21,Sun,,,,
2016/02/20,Sat,,,,
2016/02/19,Fri,4156.25,4161.00,4175.00,4120.25
2016/02/18,Thu,4208.25,4155.00,4227.50,4144.00
2016/02/17,Wed,4089.75,4196.75,4211.50,4068.25
2016/02/16,Tue,4021.50,4092.75,4104.75,4021.50
2016/02/15,Mon,4036.13,4071.88,4091.13,4031.63
2016/02/14,Sun,,,,
2016/02/13,Sat,,,,
2016/02/12,Fri,3963.25,4006.25,4017.50,3953.00
2016/02/11,Thu,3963.00,3961.25,3985.50,3862.25
2016/02/10,Wed,3954.50,3967.25,4041.00,3922.25
2016/02/09,Tue,3958.50,3944.25,4004.00,3897.50
2016/02/08,Mon,4027.25,3964.25,4046.00,3883.00
2016/02/07,Sun,,,,
2016/02/06,Sat,,,,
2016/02/05,Fri,4146.50,4022.00,4173.50,4001.00
2016/02/04,Thu,4169.75,4155.75,4206.50,4113.50
2016/02/03,Wed,4186.00,4171.50,4215.00,4090.50
2016/02/02,Tue,4286.50,4192.00,4287.00,4170.75
2016/02/01,Mon,4263.25,4291.50,4309.25,4228.50
2016/01/31,Sun,,,,
2016/01/30,Sat,,,,
2016/01/29,Fri,4135.00,4263.00,4271.25,4129.00
2016/01/28,Thu,4150.25,4153.75,4199.00,4106.75
2016/01/27,Wed,4195.25,4127.00,4218.75,4102.00
2016/01/26,Tue,4190.00,4226.75,4243.75,4133.00
2016/01/25,Mon,4247.50,4186.75,4260.00,4179.25
2016/01/24,Sun,,,,
2016/01/23,Sat,,,,
2016/01/22,Fri,4126.25,4247.50,4253.00,4119.00
2016/01/21,Thu,4130.75,4130.25,4192.25,4085.75
2016/01/20,Wed,4141.00,4133.00,4171.50,3983.50
2016/01/19,Tue,4126.75,4144.50,4215.75,4091.25
2016/01/18,Mon,4129.50,4138.13,4177.25,4119.50
2016/01/17,Sun,,,,
2016/01/16,Sat,,,,
2016/01/15,Fri,4255.00,4140.75,4268.75,4075.75
2016/01/14,Thu,4181.50,4257.50,4300.50,4124.00
2016/01/13,Wed,4308.75,4175.75,4365.00,4167.25
2016/01/12,Tue,4272.25,4312.75,4345.75,4236.50
2016/01/11,Mon,4264.25,4273.00,4304.50,4208.75
2016/01/10,Sun,,,,
2016/01/09,Sat,,,,
2016/01/08,Fri,4298.00,4261.50,4370.00,4255.75
2016/01/07,Thu,4450.25,4289.25,4458.50,4283.00
2016/01/06,Wed,4482.00,4446.75,4487.50,4386.00
2016/01/05,Tue,4505.50,4483.75,4523.00,4457.25
2016/01/04,Mon,4592.50,4504.50,4606.75,4429.75
2016/01/03,Sun,,,,
2016/01/02,Sat,,,,
2016/01/01,Fri,,,,
2015/12/31,Thu,4648.00,4587.75,4655.00,4579.50
2015/12/30,Wed,4687.25,4646.00,4695.00,4643.50
2015/12/29,Tue,4617.75,4690.50,4697.75,4610.50
2015/12/28,Mon,4611.00,4613.75,4619.50,4571.50
2015/12/27,Sun,,,,
2015/12/26,Sat,,,,
2015/12/25,Fri,,,,
2015/12/24,Thu,4607.75,4611.00,4630.00,4600.75
2015/12/23,Wed,4590.50,4606.75,4620.25,4583.00
2015/12/22,Tue,4569.00,4591.00,4594.50,4541.25
2015/12/21,Mon,4513.75,4563.00,4571.75,4511.75
2015/12/20,Sun,,,,
2015/12/19,Sat,,,,
2015/12/18,Fri,4577.00,4576.08,4597.00,4552.50
2015/12/17,Thu,4656.75,4577.75,4689.50,4574.00
2015/12/16,Wed,4607.50,4663.00,4674.50,4580.00
2015/12/15,Tue,4571.50,4606.00,4639.00,4566.75
2015/12/14,Mon,4534.50,4566.50,4579.50,4477.25
2015/12/13,Sun,,,,
2015/12/12,Sat,,,,
2015/12/11,Fri,4646.25,4539.25,4659.00,4527.50
2015/12/10,Thu,4624.00,4644.00,4674.50,4618.25
2015/12/09,Wed,4690.50,4616.00,4707.50,4593.25
2015/12/08,Tue,4699.75,4687.25,4709.00,4641.25
2015/12/07,Mon,4721.25,4701.00,4730.00,4670.50
2015/12/06,Sun,,,,
2015/12/05,Sat,,,,
2015/12/04,Fri,4616.00,4713.25,4723.25,4603.00
2015/12/03,Thu,4698.75,4611.00,4730.25,4579.00
2015/12/02,Wed,4715.00,4694.50,4739.50,4678.50
2015/12/01,Tue,4678.75,4716.25,4716.75,4676.50
2015/11/30,Mon,4685.50,4668.75,4700.50,4653.50
2015/11/29,Sun,,,,
2015/11/28,Sat,,,,
2015/11/27,Fri,4679.75,4682.50,4703.25,4664.75
2015/11/26,Thu,4679.50,4696.88,4702.88,4678.50
2015/11/25,Wed,4665.00,4677.25,4684.50,4659.50
2015/11/24,Tue,4673.75,4666.00,4684.50,4620.00
2015/11/23,Mon,4689.50,4675.75,4706.75,4653.75
2015/11/22,Sun,,,,
2015/11/21,Sat,,,,
2015/11/20,Fri,4656.75,4689.50,4691.50,4652.25
2015/11/19,Thu,4649.75,4660.00,4677.00,4646.75
2015/11/18,Wed,4570.25,4652.50,4656.75,4556.25
2015/11/17,Tue,4560.75,4569.50,4597.75,4552.00
2015/11/16,Mon,4478.25,4559.75,4565.50,4455.00
2015/11/15,Sun,,,,
2015/11/14,Sat,,,,
2015/11/13,Fri,4583.75,4502.00,4590.50,4485.75
2015/11/12,Thu,4631.25,4585.25,4653.25,4581.25
2015/11/11,Wed,4640.25,4631.75,4674.75,4625.25
2015/11/10,Tue,4650.00,4643.00,4662.25,4612.50
2015/11/09,Mon,4701.25,4652.75,4712.75,4622.00
2015/11/08,Sun,,,,
2015/11/07,Sat,,,,
2015/11/06,Fri,4700.75,4703.00,4708.75,4658.75
2015/11/05,Thu,4708.25,4695.25,4727.50,4673.75
2015/11/04,Wed,4711.75,4709.50,4729.75,4691.25
2015/11/03,Tue,4688.25,4712.00,4727.50,4677.00
2015/11/02,Mon,4644.50,4694.00,4699.50,4625.00
2015/11/01,Sun,,,,
2015/10/31,Sat,,,,
2015/10/30,Fri,4666.00,4643.25,4690.25,4636.00
2015/10/29,Thu,4664.25,4661.75,4670.25,4642.75
2015/10/28,Wed,4635.25,4673.75,4678.25,4600.50
2015/10/27,Tue,4619.75,4632.25,4651.75,4601.25
2015/10/26,Mon,4614.00,4616.25,4630.00,4592.75
2015/10/25,Sun,,,,
2015/10/24,Sat,,,,
2015/10/23,Fri,4562.25,4611.50,4637.50,4562.00
2015/10/22,Thu,4406.75,4552.75,4565.50,4402.00
2015/10/21,Wed,4422.75,4399.25,4456.25,4394.75
2015/10/20,Tue,4451.50,4424.75,4456.00,4414.00
2015/10/19,Mon,4434.50,4454.50,4455.50,4411.00
2015/10/18,Sun,,,,
2015/10/17,Sat,,,,
2015/10/16,Fri,4409.75,4434.75,4439.00,4396.00
2015/10/15,Thu,4335.25,4411.75,4412.00,4332.50
2015/10/14,Wed,4334.25,4326.50,4365.25,4317.50
2015/10/13,Tue,4377.00,4341.25,4390.75,4338.50
2015/10/12,Mon,4355.00,4375.00,4381.50,4346.25
2015/10/11,Sun,,,,
2015/10/10,Sat,,,,
2015/10/09,Fri,4338.00,4359.50,4369.25,4324.50
2015/10/08,Thu,4324.00,4344.75,4348.25,4265.00
2015/10/07,Wed,4275.00,4323.75,4333.75,4268.00
2015/10/06,Tue,4307.75,4290.25,4322.00,4263.50
2015/10/05,Mon,4257.75,4311.25,4329.75,4250.50
2015/10/04,Sun,,,,
2015/10/03,Sat,,,,
2015/10/02,Fri,4188.25,4261.25,4263.75,4111.50
2015/10/01,Thu,4154.00,4187.50,4225.75,4116.25
2015/09/30,Wed,4078.75,4163.00,4169.00,4066.00
2015/09/29,Tue,4106.25,4074.75,4144.25,4040.75
2015/09/28,Mon,4202.50,4094.75,4239.00,4079.50
2015/09/27,Sun,,,,
2015/09/26,Sat,,,,
2015/09/25,Fri,4232.00,4213.50,4315.75,4185.50
2015/09/24,Thu,4268.50,4246.00,4278.75,4185.25
2015/09/23,Wed,4264.25,4262.75,4292.75,4221.50
2015/09/22,Tue,4342.00,4267.25,4345.00,4220.50
2015/09/21,Mon,4324.75,4341.25,4361.50,4286.50
2015/09/20,Sun,,,,
2015/09/19,Sat,,,,
2015/09/18,Fri,4381.50,4331.15,4392.75,4313.00
2015/09/17,Thu,4385.75,4380.25,4451.50,4368.00
2015/09/16,Wed,4362.50,4391.50,4393.00,4345.50
2015/09/15,Tue,4311.50,4361.00,4373.50,4290.75
2015/09/14,Mon,4325.25,4310.00,4357.00,4292.25
2015/09/13,Sun,,,,
2015/09/12,Sat,,,,
2015/09/11,Fri,4294.75,4325.25,4330.00,4259.50
2015/09/10,Thu,4259.00,4295.00,4327.25,4226.50
2015/09/09,Wed,4300.50,4255.00,4369.50,4240.25
2015/09/08,Tue,4181.75,4298.50,4305.50,4180.00
2015/09/07,Mon,4209.00,4227.70,4243.00,4196.38
2015/09/06,Sun,,,,
2015/09/05,Sat,,,,
2015/09/04,Fri,4231.75,4194.00,4237.50,4155.00
2015/09/03,Thu,4260.25,4229.50,4304.25,4219.75
2015/09/02,Wed,4150.75,4260.00,4263.75,4136.00
2015/09/01,Tue,4266.00,4158.25,4268.00,4118.25
2015/08/31,Mon,4324.00,4271.75,4330.25,4258.50
2015/08/30,Sun,,,,
2015/08/29,Sat,,,,
2015/08/28,Fri,4327.00,4333.00,4340.75,4281.75
2015/08/27,Thu,4222.75,4328.00,4332.75,4205.25
2015/08/26,Wed,4036.75,4214.50,4229.50,3958.75
2015/08/25,Tue,3998.00,4028.50,4204.25,3997.75
2015/08/24,Mon,4183.75,4003.25,4196.25,3908.25
2015/08/23,Sun,,,,
2015/08/22,Sat,,,,
2015/08/21,Fri,4367.75,4200.75,4368.25,4189.00
2015/08/20,Thu,4502.25,4366.25,4513.00,4360.00
2015/08/19,Wed,4543.00,4503.75,4552.25,4483.25
2015/08/18,Tue,4562.50,4544.00,4573.50,4533.75
2015/08/17,Mon,4532.50,4564.75,4567.75,4503.25
2015/08/16,Sun,,,,
2015/08/15,Sat,,,,
2015/08/14,Fri,4514.50,4531.75,4534.00,4499.00
2015/08/13,Thu,4529.75,4517.25,4557.00,4508.75
2015/08/12,Wed,4512.75,4533.50,4535.50,4431.25
2015/08/11,Tue,4582.50,4510.75,4584.75,4485.50
2015/08/10,Mon,4514.00,4566.00,4580.00,4512.75
2015/08/09,Sun,,,,
2015/08/08,Sat,,,,
2015/08/07,Fri,4527.25,4519.00,4533.75,4480.50
2015/08/06,Thu,4591.75,4524.75,4608.75,4502.75
2015/08/05,Wed,4551.50,4593.50,4629.00,4551.00
2015/08/04,Tue,4570.50,4551.75,4581.25,4543.50
2015/08/03,Mon,4583.25,4573.00,4599.25,4540.50
2015/08/02,Sun,,,,
2015/08/01,Sat,,,,
2015/07/31,Fri,4589.25,4585.00,4608.75,4576.25
2015/07/30,Thu,4562.75,4595.25,4598.75,4530.75
2015/07/29,Wed,4558.00,4565.00,4579.50,4544.00
2015/07/28,Tue,4521.25,4556.00,4561.25,4497.00
2015/07/27,Mon,4562.25,4522.50,4568.25,4503.50
2015/07/26,Sun,,,,
2015/07/25,Sat,,,,
2015/07/24,Fri,4633.50,4561.75,4638.75,4544.50
2015/07/23,Thu,4621.75,4620.00,4634.75,4584.25
2015/07/22,Wed,4618.00,4617.00,4636.50,4588.75
2015/07/21,Tue,4671.25,4666.50,4683.00,4611.50
2015/07/20,Mon,4649.00,4671.25,4686.00,4646.50
2015/07/19,Sun,,,,
2015/07/18,Sat,,,,
2015/07/17,Fri,4609.75,4650.00,4654.00,4607.25
2015/07/16,Thu,4534.50,4597.75,4612.50,4531.00
2015/07/15,Wed,4519.25,4536.50,4539.50,4509.25
2015/07/14,Tue,4487.25,4517.50,4529.75,4484.50
2015/07/13,Mon,4384.00,4488.00,4491.75,4372.50
2015/07/12,Sun,,,,
2015/07/11,Sat,,,,
2015/07/10,Fri,4345.75,4408.25,4426.50,4345.75
2015/07/09,Thu,4347.75,4339.50,4408.00,4331.75
2015/07/08,Wed,4422.50,4346.50,4422.50,4336.50
2015/07/07,Tue,4429.50,4422.25,4448.00,4334.50
2015/07/06,Mon,4366.00,4422.75,4437.25,4344.00
2015/07/05,Sun,,,,
2015/07/04,Sat,,,,
2015/07/03,Fri,4427.00,4416.90,4435.80,4412.10
2015/07/02,Thu,4423.75,4428.75,4441.50,4408.25
2015/07/01,Wed,4392.75,4422.00,4441.75,4392.00
2015/06/30,Tue,4386.25,4390.25,4412.25,4372.00
2015/06/29,Mon,4429.75,4378.00,4451.50,4368.25
2015/06/28,Sun,,,,
2015/06/27,Sat,,,,
2015/06/26,Fri,4506.50,4480.50,4517.00,4459.75
2015/06/25,Thu,4520.25,4509.25,4547.50,4500.00
2015/06/24,Wed,4543.50,4515.75,4555.25,4514.50
2015/06/23,Tue,4538.75,4541.25,4548.75,4522.75
2015/06/22,Mon,4512.50,4532.75,4552.25,4512.25
2015/06/21,Sun,,,,
2015/06/20,Sat,,,,
2015/06/19,Fri,4536.50,4533.84,4546.75,4526.75
2015/06/18,Thu,4459.75,4538.00,4541.75,4447.50
2015/06/17,Wed,4459.25,4461.25,4482.75,4440.00
2015/06/16,Tue,4432.50,4459.00,4463.50,4403.00
2015/06/15,Mon,4443.50,4435.50,4444.75,4394.25
2015/06/14,Sun,,,,
2015/06/13,Sat,,,,
2015/06/12,Fri,4489.25,4454.75,4491.25,4447.75
2015/06/11,Thu,4486.25,4490.50,4512.25,4479.25
2015/06/10,Wed,4431.50,4488.75,4498.25,4430.50
2015/06/09,Tue,4435.75,4431.50,4441.25,4390.25
2015/06/08,Mon,4479.50,4432.25,4483.25,4422.00
2015/06/07,Sun,,,,
2015/06/06,Sat,,,,
2015/06/05,Fri,4494.75,4481.50,4506.50,4449.25
2015/06/04,Thu,4526.75,4496.50,4527.25,4473.25
2015/06/03,Wed,4503.25,4527.50,4540.75,4501.25
2015/06/02,Tue,4525.75,4503.00,4531.75,4480.75
2015/06/01,Mon,4514.00,4521.50,4538.25,4486.00
2015/05/31,Sun,,,,
2015/05/30,Sat,,,,
2015/05/29,Fri,4542.00,4511.00,4545.25,4497.25
2015/05/28,Thu,4540.50,4542.75,4547.50,4521.75
2015/05/27,Wed,4481.50,4542.25,4551.00,4473.00
2015/05/26,Tue,4527.50,4479.75,4538.50,4455.00
2015/05/25,Mon,4528.30,4525.80,4536.60,4517.80
2015/05/24,Sun,,,,
2015/05/23,Sat,,,,
2015/05/22,Fri,4530.50,4528.75,4542.00,4522.00
2015/05/21,Thu,4500.00,4528.75,4536.50,4486.50
2015/05/20,Wed,4501.75,4505.50,4534.00,4482.25
2015/05/19,Tue,4509.75,4501.25,4526.50,4496.50
2015/05/18,Mon,4491.25,4507.25,4517.75,4470.50
2015/05/17,Sun,,,,
2015/05/16,Sat,,,,
2015/05/15,Fri,4489.00,4488.75,4507.50,4477.75
2015/05/14,Thu,4425.75,4490.25,4493.00,4412.75
2015/05/13,Wed,4423.00,4423.75,4457.75,4417.50
2015/05/12,Tue,4431.50,4420.75,4438.00,4374.50
2015/05/11,Mon,4452.50,4431.25,4464.50,4426.75
2015/05/10,Sun,,,,
2015/05/09,Sat,,,,
2015/05/08,Fri,4404.00,4448.75,4462.75,4401.00
2015/05/07,Thu,4371.50,4402.50,4409.25,4332.50
2015/05/06,Wed,4409.00,4373.00,4423.50,4341.50
2015/05/05,Tue,4474.00,4407.50,4480.25,4399.50
2015/05/04,Mon,4471.75,4476.50,4503.50,4457.00
2015/05/03,Sun,,,,
2015/05/02,Sat,,,,
2015/05/01,Fri,4414.00,4467.75,4470.75,4409.75
2015/04/30,Thu,4474.00,4408.25,4478.25,4386.50
2015/04/29,Wed,4512.25,4479.75,4514.00,4456.25
2015/04/28,Tue,4524.25,4516.00,4531.25,4471.75
2015/04/27,Mon,4533.00,4524.75,4555.50,4509.25
2015/04/26,Sun,,,,
2015/04/25,Sat,,,,
2015/04/24,Fri,4492.50,4529.25,4536.25,4489.50
2015/04/23,Thu,4438.50,4481.50,4497.25,4418.00
2015/04/22,Wed,4433.00,4445.25,4459.50,4398.50
2015/04/21,Tue,4402.75,4428.50,4442.75,4402.75
2015/04/20,Mon,4356.75,4407.50,4417.00,4352.25
2015/04/19,Sun,,,,
2015/04/18,Sat,,,,
2015/04/17,Fri,4416.25,4349.00,4417.50,4324.00
2015/04/16,Thu,4426.25,4415.25,4429.50,4398.00
2015/04/15,Wed,4400.25,4421.75,4429.00,4388.75
2015/04/14,Tue,4405.50,4397.75,4414.50,4366.75
2015/04/13,Mon,4415.00,4403.25,4441.50,4399.50
2015/04/12,Sun,,,,
2015/04/11,Sat,,,,
2015/04/10,Fri,4399.00,4414.75,4416.00,4385.75
2015/04/09,Thu,4378.00,4399.25,4401.25,4352.75
2015/04/08,Wed,4335.25,4374.75,4379.25,4327.50
2015/04/07,Tue,4339.75,4334.00,4372.25,4330.25
2015/04/06,Mon,4265.00,4342.25,4354.75,4264.50
2015/04/05,Sun,,,,
2015/04/04,Sat,,,,
2015/04/03,Fri,4306.75,4307.25,4313.75,4262.00
2015/04/02,Thu,4316.75,4307.25,4321.00,4288.50
2015/04/01,Wed,4321.75,4313.00,4334.25,4259.00
2015/03/31,Tue,4370.00,4329.50,4375.75,4320.75
2015/03/30,Mon,4327.50,4372.50,4381.75,4315.75
2015/03/29,Sun,,,,
2015/03/28,Sat,,,,
2015/03/27,Fri,4313.00,4325.75,4333.50,4297.25
2015/03/26,Thu,4327.00,4310.75,4331.00,4270.00
2015/03/25,Wed,4429.25,4323.50,4438.50,4320.00
2015/03/24,Tue,4436.50,4429.00,4461.00,4424.25
2015/03/23,Mon,4448.50,4436.75,4461.25,4436.00
2015/03/22,Sun,,,,
2015/03/21,Sat,,,,
2015/03/20,Fri,4426.25,4467.13,4467.25,4424.00
2015/03/19,Thu,4427.50,4429.50,4441.75,4419.50
2015/03/18,Wed,4377.25,4427.25,4441.50,4343.25
2015/03/17,Tue,4355.50,4377.75,4384.75,4348.75
2015/03/16,Mon,4313.50,4359.50,4372.75,4299.50
2015/03/15,Sun,,,,
2015/03/14,Sat,,,,
2015/03/13,Fri,4331.75,4308.75,4347.50,4288.25
2015/03/12,Thu,4312.50,4330.75,4339.50,4298.75
2015/03/11,Wed,4334.25,4307.50,4347.50,4304.25
2015/03/10,Tue,4415.25,4331.25,4415.75,4328.50
2015/03/09,Mon,4411.75,4413.50,4424.75,4391.75
2015/03/08,Sun,,,,
2015/03/07,Sat,,,,
2015/03/06,Fri,4451.50,4405.00,4460.50,4389.25
2015/03/05,Thu,4444.25,4449.50,4464.75,4432.75
2015/03/04,Wed,4458.25,4444.25,4458.25,4419.25
2015/03/03,Tue,4479.00,4456.50,4479.00,4432.50
2015/03/02,Mon,4447.00,4477.00,4483.25,4446.25
2015/03/01,Sun,,,,
2015/02/28,Sat,,,,
2015/02/27,Fri,4460.50,4442.50,4462.75,4435.00
2015/02/26,Thu,4438.50,4461.75,4464.75,4431.00
2015/02/25,Wed,4449.25,4436.75,4461.00,4429.25
2015/02/24,Tue,4445.25,4450.25,4455.75,4427.00
2015/02/23,Mon,4439.75,4444.50,4449.25,4429.75
2015/02/22,Sun,,,,
2015/02/21,Sat,,,,
2015/02/20,Fri,4416.25,4438.00,4445.00,4396.00
2015/02/19,Thu,4390.25,4413.25,4417.25,4376.00
2015/02/18,Wed,4384.50,4386.00,4393.50,4373.75
2015/02/17,Tue,4373.50,4381.75,4388.50,4364.50
2015/02/16,Mon,4371.40,4371.60,4387.90,4364.90
2015/02/15,Sun,,,,
2015/02/14,Sat,,,,
2015/02/13,Fri,4342.75,4377.00,4382.00,4340.75
2015/02/12,Thu,4308.50,4344.75,4346.50,4285.75
2015/02/11,Wed,4278.25,4296.50,4322.00,4271.00
2015/02/10,Tue,4219.00,4276.00,4284.00,4211.00
2015/02/09,Mon,4226.50,4214.25,4232.00,4201.50
2015/02/08,Sun,,,,
2015/02/07,Sat,,,,
2015/02/06,Fri,4251.00,4227.50,4268.25,4209.75
2015/02/05,Thu,4191.00,4247.50,4254.75,4181.50
2015/02/04,Wed,4207.75,4204.00,4243.00,4187.50
2015/02/03,Tue,4180.75,4216.25,4222.75,4165.75
2015/02/02,Mon,4143.50,4185.50,4188.00,4085.50
2015/02/01,Sun,,,,
2015/01/31,Sat,,,,
2015/01/30,Fri,4203.50,4141.25,4208.00,4136.00
2015/01/29,Thu,4125.00,4185.75,4199.75,4095.75
2015/01/28,Wed,4206.00,4124.25,4234.50,4119.50
2015/01/27,Tue,4266.75,4177.50,4271.00,4142.75
2015/01/26,Mon,4249.50,4269.25,4278.25,4231.50
2015/01/25,Sun,,,,
2015/01/24,Sat,,,,
2015/01/23,Fri,4265.50,4267.00,4286.25,4250.25
2015/01/22,Thu,4183.75,4264.75,4269.00,4164.50
2015/01/21,Wed,4166.00,4182.75,4205.25,4137.00
2015/01/20,Tue,4138.75,4167.00,4175.25,4109.00
2015/01/19,Mon,4127.60,4128.60,4154.90,4113.20
2015/01/18,Sun,,,,
2015/01/17,Sat,,,,
2015/01/16,Fri,4072.50,4134.00,4138.50,4041.50
2015/01/15,Thu,4147.50,4089.00,4190.00,4066.00
2015/01/14,Wed,4158.00,4145.50,4169.25,4100.50
2015/01/13,Tue,4169.50,4158.50,4247.75,4126.75
2015/01/12,Mon,4201.25,4166.50,4227.50,4151.00
2015/01/11,Sun,,,,
2015/01/10,Sat,,,,
2015/01/09,Fri,4232.25,4200.75,4252.50,4181.00
2015/01/08,Thu,4152.25,4232.25,4242.75,4152.25
2015/01/07,Wed,4105.50,4151.50,4163.25,4102.75
2015/01/06,Tue,4166.50,4102.25,4172.50,4082.00
2015/01/05,Mon,4216.00,4161.75,4220.75,4145.00
2015/01/04,Sun,,,,
2015/01/03,Sat,,,,
2015/01/02,Fri,4240.25,4214.25,4272.75,4201.00
2015/01/01,Thu,4233.80,4248.30,4249.30,4233.80
2014/12/31,Wed,4283.00,4232.75,4305.00,4228.00
2014/12/30,Tue,4316.25,4282.75,4318.00,4273.75
2014/12/29,Mon,4315.00,4311.00,4320.75,4298.25
2014/12/28,Sun,,,,
2014/12/27,Sat,,,,
2014/12/26,Fri,4282.00,4310.25,4322.00,4282.00
2014/12/25,Thu,4283.00,4290.40,4290.80,4283.00
2014/12/24,Wed,4278.00,4282.50,4298.50,4276.50
2014/12/23,Tue,4292.75,4278.00,4312.00,4274.75
2014/12/22,Mon,4282.00,4291.75,4301.25,4276.00
2014/12/21,Sun,,,,
2014/12/20,Sat,,,,
2014/12/19,Fri,4268.00,4258.20,4307.00,4261.00
2014/12/18,Thu,4164.50,4265.00,4274.75,4154.00
2014/12/17,Wed,4090.75,4162.75,4176.00,4085.00
2014/12/16,Tue,4164.00,4086.50,4192.75,4084.25
2014/12/15,Mon,4189.50,4163.75,4237.75,4144.75
2014/12/14,Sun,,,,
2014/12/13,Sat,,,,
2014/12/12,Fri,4233.00,4189.50,4254.75,4188.00
2014/12/11,Thu,4228.25,4236.50,4298.00,4220.25
2014/12/10,Wed,4290.75,4227.00,4298.25,4219.00
2014/12/09,Tue,4282.75,4290.75,4298.50,4216.75
2014/12/08,Mon,4314.25,4279.00,4320.25,4259.00
2014/12/07,Sun,,,,
2014/12/06,Sat,,,,
2014/12/05,Fri,4313.00,4313.25,4326.75,4302.75
2014/12/04,Thu,4312.00,4313.50,4328.50,4293.25
2014/12/03,Wed,4308.00,4310.50,4320.00,4287.50
2014/12/02,Tue,4287.00,4305.50,4314.75,4285.00
2014/12/01,Mon,4330.75,4286.50,4335.50,4273.50
2014/11/30,Sun,,,,
2014/11/29,Sat,,,,
2014/11/28,Fri,4323.50,4338.25,4348.00,4312.50
2014/11/27,Thu,4319.70,4327.60,4331.90,4312.60
2014/11/26,Wed,4294.00,4317.75,4323.75,4290.50
2014/11/25,Tue,4282.00,4292.50,4303.25,4276.75
2014/11/24,Mon,4249.75,4282.00,4286.75,4248.00
2014/11/23,Sun,,,,
2014/11/22,Sat,,,,
2014/11/21,Fri,4245.50,4249.25,4284.50,4237.50
2014/11/20,Thu,4223.75,4245.00,4248.25,4201.75
2014/11/19,Wed,4238.25,4223.75,4242.50,4204.25
2014/11/18,Tue,4213.25,4238.00,4248.75,4203.00
2014/11/17,Mon,4223.25,4212.25,4224.50,4191.50
2014/11/16,Sun,,,,
2014/11/15,Sat,,,,
2014/11/14,Fri,4203.25,4222.00,4225.75,4195.75
2014/11/13,Thu,4193.50,4205.00,4227.00,4191.50
2014/11/12,Wed,4183.25,4196.00,4198.75,4166.50
2014/11/11,Tue,4170.50,4183.25,4186.25,4162.00
2014/11/10,Mon,4152.75,4170.25,4178.50,4144.00
2014/11/09,Sun,,,,
2014/11/08,Sat,,,,
2014/11/07,Fri,4164.50,4150.75,4179.75,4136.00
2014/11/06,Thu,4144.25,4162.75,4167.00,4130.25
2014/11/05,Wed,4144.75,4142.50,4176.25,4133.75
2014/11/04,Tue,4157.50,4143.50,4164.25,4119.75
2014/11/03,Mon,4150.25,4157.25,4173.75,4142.00
2014/11/02,Sun,,,,
2014/11/01,Sat,,,,
2014/10/31,Fri,4091.50,4150.50,4163.50,4089.75
2014/10/30,Thu,4072.25,4089.50,4102.50,4043.00
2014/10/29,Wed,4080.75,4072.25,4096.25,4054.75
2014/10/28,Tue,4041.00,4094.00,4099.75,4037.75
2014/10/27,Mon,4035.75,4038.25,4049.75,4009.50
2014/10/26,Sun,,,,
2014/10/25,Sat,,,,
2014/10/24,Fri,3995.75,4034.75,4038.50,3970.50
2014/10/23,Thu,3947.00,4005.25,4024.75,3939.50
2014/10/22,Wed,3970.50,3949.25,3983.00,3939.50
2014/10/21,Tue,3880.25,3971.50,3976.00,3846.00
2014/10/20,Mon,3811.75,3866.00,3883.00,3793.25
2014/10/19,Sun,,,,
2014/10/18,Sat,,,,
2014/10/17,Fri,3748.00,3804.00,3840.50,3742.00
2014/10/16,Thu,3751.00,3741.50,3786.50,3684.00
2014/10/15,Wed,3823.75,3752.00,3831.50,3691.25
2014/10/14,Tue,3798.00,3811.75,3852.75,3793.00
2014/10/13,Mon,3848.50,3798.50,3885.75,3792.50
2014/10/12,Sun,,,,
2014/10/11,Sat,,,,
2014/10/10,Fri,3948.00,3853.00,3967.00,3851.00
2014/10/09,Thu,4029.00,3970.25,4047.75,3947.00
2014/10/08,Wed,3953.50,4030.50,4041.75,3930.75
2014/10/07,Tue,4001.50,3956.25,4010.25,3948.00
2014/10/06,Mon,4017.75,4007.00,4040.50,3996.25
2014/10/05,Sun,,,,
2014/10/04,Sat,,,,
2014/10/03,Fri,3974.50,4016.00,4034.75,3970.50
2014/10/02,Thu,3981.50,3978.00,3995.00,3927.75
2014/10/01,Wed,4036.25,3982.50,4046.00,3965.50
2014/09/30,Tue,4033.75,4044.75,4064.75,4024.25
2014/09/29,Mon,4045.75,4035.50,4051.25,3998.00
2014/09/28,Sun,,,,
2014/09/27,Sat,,,,
2014/09/26,Fri,4005.00,4045.75,4050.50,4001.75
2014/09/25,Thu,4085.25,4007.50,4088.50,3998.25
2014/09/24,Wed,4031.75,4087.75,4090.00,4031.00
2014/09/23,Tue,4044.50,4037.00,4061.00,4027.50
2014/09/22,Mon,4091.75,4052.75,4092.00,4035.75
2014/09/21,Sun,,,,
2014/09/20,Sat,,,,
2014/09/19,Fri,4104.75,4124.20,4127.75,4102.75
2014/09/18,Thu,4077.00,4103.75,4106.75,4068.75
2014/09/17,Wed,4065.25,4072.50,4091.25,4047.25
2014/09/16,Tue,4034.75,4066.00,4074.00,4012.00
2014/09/15,Mon,4057.50,4033.50,4076.25,4018.25
2014/09/14,Sun,,,,
2014/09/13,Sat,,,,
2014/09/12,Fri,4096.50,4069.75,4096.50,4056.75
2014/09/11,Thu,4093.00,4091.00,4097.00,4060.00
2014/09/10,Wed,4065.50,4093.00,4096.25,4054.75
2014/09/09,Tue,4092.50,4066.00,4110.50,4053.25
2014/09/08,Mon,4086.50,4093.00,4105.00,4075.50
2014/09/07,Sun,,,,
2014/09/06,Sat,,,,
2014/09/05,Fri,4072.25,4086.50,4091.50,4052.00
2014/09/04,Thu,4071.75,4069.25,4101.00,4056.25
2014/09/03,Wed,4092.75,4071.75,4113.75,4062.50
2014/09/02,Tue,4078.75,4092.00,4096.00,4076.00
2014/09/01,Mon,4081.60,4082.80,4084.90,4076.20
2014/08/31,Sun,,,,
2014/08/30,Sat,,,,
2014/08/29,Fri,4075.50,4082.00,4086.00,4062.00
2014/08/28,Thu,4071.50,4069.75,4076.25,4054.50
2014/08/27,Wed,4073.50,4072.75,4077.00,4063.50
2014/08/26,Tue,4064.25,4072.25,4075.75,4061.75
2014/08/25,Mon,4057.50,4063.50,4078.50,4056.75
2014/08/24,Sun,,,,
2014/08/23,Sat,,,,
2014/08/22,Fri,4047.75,4054.75,4061.00,4036.50
2014/08/21,Thu,4039.75,4047.50,4049.00,4032.75
2014/08/20,Wed,4036.50,4039.50,4046.50,4028.75
2014/08/19,Tue,4017.00,4034.25,4040.50,4015.75
2014/08/18,Mon,3991.00,4013.25,4019.50,3991.00
2014/08/17,Sun,,,,
2014/08/16,Sat,,,,
2014/08/15,Fri,3973.00,3985.00,3994.50,3947.25
2014/08/14,Thu,3946.50,3968.00,3974.75,3939.50
2014/08/13,Wed,3906.00,3945.75,3949.50,3902.25
2014/08/12,Tue,3907.50,3903.50,3917.25,3883.25
2014/08/11,Mon,3874.00,3905.00,3917.75,3873.75
2014/08/10,Sun,,,,
2014/08/09,Sat,,,,
2014/08/08,Fri,3855.50,3873.50,3886.75,3826.50
2014/08/07,Thu,3869.25,3856.75,3892.50,3840.75
2014/08/06,Wed,3874.50,3868.75,3891.25,3842.00
2014/08/05,Tue,3894.75,3871.75,3900.25,3851.75
2014/08/04,Mon,3873.00,3896.75,3915.75,3867.25
2014/08/03,Sun,,,,
2014/08/02,Sat,,,,
2014/08/01,Fri,3890.50,3873.25,3901.25,3847.50
2014/07/31,Thu,3968.75,3884.75,3970.25,3881.75
2014/07/30,Wed,3957.25,3968.50,3983.00,3953.25
2014/07/29,Tue,3958.50,3952.25,3977.50,3948.50
2014/07/28,Mon,3954.00,3960.00,3970.25,3929.00
2014/07/27,Sun,,,,
2014/07/26,Sat,,,,
2014/07/25,Fri,3962.75,3955.50,3965.50,3937.50
2014/07/24,Thu,3978.00,3971.75,3991.25,3963.50
2014/07/23,Wed,3944.75,3975.50,3983.25,3944.25
2014/07/22,Tue,3924.50,3950.50,3959.50,3923.75
2014/07/21,Mon,3929.50,3925.75,3934.25,3909.75
2014/07/20,Sun,,,,
2014/07/19,Sat,,,,
2014/07/18,Fri,3870.50,3930.25,3935.75,3854.00
2014/07/17,Thu,3919.00,3876.00,3927.50,3859.25
2014/07/16,Wed,3916.50,3922.50,3941.00,3913.00
2014/07/15,Tue,3922.50,3912.50,3933.50,3880.00
2014/07/14,Mon,3898.00,3919.25,3930.75,3897.75
2014/07/13,Sun,,,,
2014/07/12,Sat,,,,
2014/07/11,Fri,3874.25,3897.50,3899.00,3871.75
2014/07/10,Thu,3886.50,3873.75,3889.50,3831.50
2014/07/09,Wed,3863.50,3885.50,3890.75,3856.50
2014/07/08,Tue,3905.00,3863.25,3906.75,3841.25
2014/07/07,Mon,3912.75,3904.25,3916.75,3896.00
2014/07/06,Sun,,,,
2014/07/05,Sat,,,,
2014/07/04,Fri,3915.80,3913.90,3916.40,3911.70
2014/07/03,Thu,3890.50,3915.75,3918.00,3888.25
2014/07/02,Wed,3885.50,3889.75,3896.50,3883.00
2014/07/01,Tue,3847.00,3884.75,3894.50,3844.75
2014/06/30,Mon,3831.50,3840.50,3851.25,3827.75
2014/06/29,Sun,,,,
2014/06/28,Sat,,,,
2014/06/27,Fri,3817.00,3831.50,3837.75,3808.00
2014/06/26,Thu,3812.75,3817.50,3822.00,3789.00
2014/06/25,Wed,3792.25,3814.75,3823.50,3783.00
2014/06/24,Tue,3792.00,3794.50,3828.00,3781.25
2014/06/23,Mon,3792.25,3794.50,3807.25,3785.25
2014/06/22,Sun,,,,
2014/06/21,Sat,,,,
2014/06/20,Fri,3797.50,3810.67,3807.50,3793.75
2014/06/19,Thu,3801.75,3797.25,3811.25,3782.50
2014/06/18,Wed,3781.50,3803.50,3807.50,3763.00
2014/06/17,Tue,3780.25,3779.50,3792.25,3769.75
2014/06/16,Mon,3774.75,3779.25,3790.50,3757.00
2014/06/15,Sun,,,,
2014/06/14,Sat,,,,
2014/06/13,Fri,3773.00,3775.75,3785.75,3760.00
2014/06/12,Thu,3797.50,3771.25,3806.50,3751.50
2014/06/11,Wed,3802.00,3798.25,3804.75,3779.50
2014/06/10,Tue,3792.50,3800.50,3803.00,3784.75
2014/06/09,Mon,3800.00,3793.75,3803.00,3783.00
2014/06/08,Sun,,,,
2014/06/07,Sat,,,,
2014/06/06,Fri,3777.50,3798.00,3800.25,3775.75
2014/06/05,Thu,3743.50,3776.25,3782.00,3734.00
2014/06/04,Wed,3732.75,3743.25,3749.25,3714.00
2014/06/03,Tue,3728.00,3730.75,3735.75,3714.00
2014/06/02,Mon,3735.00,3727.50,3741.50,3707.25
2014/06/01,Sun,,,,
2014/05/31,Sat,,,,
2014/05/30,Fri,3735.25,3735.50,3740.50,3715.25
2014/05/29,Thu,3716.25,3735.50,3737.25,3713.25
2014/05/28,Wed,3720.50,3716.00,3730.25,3707.50
2014/05/27,Tue,3679.00,3721.25,3723.00,3677.50
2014/05/26,Mon,3680.70,3687.30,3692.40,3677.70
2014/05/25,Sun,,,,
2014/05/24,Sat,,,,
2014/05/23,Fri,3648.25,3675.00,3677.00,3645.25
2014/05/22,Thu,3631.50,3648.00,3659.75,3631.25
2014/05/21,Wed,3599.00,3633.50,3635.75,3593.25
2014/05/20,Tue,3611.25,3596.50,3623.75,3584.50
2014/05/19,Mon,3586.75,3613.25,3617.50,3565.50
2014/05/18,Sun,,,,
2014/05/17,Sat,,,,
2014/05/16,Fri,3563.50,3582.75,3589.50,3543.00
2014/05/15,Thu,3599.25,3563.25,3606.75,3540.25
2014/05/14,Wed,3610.50,3596.25,3615.00,3583.25
2014/05/13,Tue,3611.50,3608.75,3624.25,3603.50
2014/05/12,Mon,3549.25,3607.75,3613.50,3548.25
2014/05/11,Sun,,,,
2014/05/10,Sat,,,,
2014/05/09,Fri,3533.50,3548.00,3552.25,3510.50
2014/05/08,Thu,3539.25,3537.50,3579.75,3518.50
2014/05/07,Wed,3551.00,3540.50,3566.50,3497.50
2014/05/06,Tue,3595.00,3551.00,3603.75,3546.75
2014/05/05,Mon,3583.25,3590.75,3598.00,3548.00
2014/05/04,Sun,,,,
2014/05/03,Sat,,,,
2014/05/02,Fri,3589.50,3579.25,3604.50,3569.50
2014/05/01,Thu,3577.00,3586.75,3605.50,3570.50
2014/04/30,Wed,3557.25,3573.25,3578.00,3539.00
2014/04/29,Tue,3541.50,3563.75,3571.25,3530.00
2014/04/28,Mon,3536.00,3540.75,3562.50,3480.50
2014/04/27,Sun,,,,
2014/04/26,Sat,,,,
2014/04/25,Fri,3588.00,3530.50,3589.75,3516.50
2014/04/24,Thu,3595.75,3584.75,3618.25,3544.00
2014/04/23,Wed,3584.50,3554.50,3599.50,3546.00
2014/04/22,Tue,3553.75,3585.00,3588.50,3545.75
2014/04/21,Mon,3525.00,3551.25,3554.25,3516.75
2014/04/20,Sun,,,,
2014/04/19,Sat,,,,
2014/04/18,Fri,,,,
2014/04/17,Thu,3505.50,3523.25,3542.50,3492.50
2014/04/16,Wed,3497.75,3501.50,3524.50,3479.50
2014/04/15,Tue,3471.00,3491.25,3501.00,3404.75
2014/04/14,Mon,3435.75,3470.25,3485.00,3425.25
2014/04/13,Sun,,,,
2014/04/12,Sat,,,,
2014/04/11,Fri,3485.00,3444.00,3493.75,3431.50
2014/04/10,Thu,3593.25,3480.00,3599.50,3470.25
2014/04/09,Wed,3528.75,3591.00,3594.25,3526.25
2014/04/08,Tue,3501.75,3528.50,3536.00,3490.50
2014/04/07,Mon,3539.50,3499.25,3542.75,3474.50
2014/04/06,Sun,,,,
2014/04/05,Sat,,,,
2014/04/04,Fri,3636.00,3537.50,3657.75,3522.75
2014/04/03,Thu,3658.25,3630.75,3669.00,3609.00
2014/04/02,Wed,3650.50,3658.25,3668.50,3642.50
2014/04/01,Tue,3583.25,3650.25,3652.75,3578.50
2014/03/31,Mon,3572.50,3586.25,3611.25,3572.50
2014/03/30,Sun,,,,
2014/03/29,Sat,,,,
2014/03/28,Fri,3560.00,3563.00,3601.25,3551.50
2014/03/27,Thu,3577.75,3554.25,3585.25,3535.25
2014/03/26,Wed,3622.50,3572.75,3647.50,3570.75
2014/03/25,Tue,3613.50,3623.75,3652.00,3591.00
2014/03/24,Mon,3640.25,3611.00,3657.00,3575.50
2014/03/23,Sun,,,,
2014/03/22,Sat,,,,
2014/03/21,Fri,3698.25,3734.79,3718.00,3694.25
2014/03/20,Thu,3681.25,3699.00,3705.50,3664.75
2014/03/19,Wed,3702.50,3681.75,3711.50,3659.75
2014/03/18,Tue,3661.25,3701.50,3708.50,3646.75
2014/03/17,Mon,3629.25,3658.25,3679.50,3608.50
2014/03/16,Sun,,,,
2014/03/15,Sat,,,,
2014/03/14,Fri,3655.75,3627.75,3661.00,3625.75
2014/03/13,Thu,3708.00,3651.25,3722.25,3636.25
2014/03/12,Wed,3689.25,3706.75,3710.00,3661.50
2014/03/11,Tue,3707.50,3688.50,3726.00,3681.00
2014/03/10,Mon,3701.50,3707.50,3712.00,3684.00
2014/03/09,Sun,,,,
2014/03/08,Sat,,,,
2014/03/07,Fri,3724.00,3704.25,3740.50,3685.75
2014/03/06,Thu,3731.50,3722.00,3737.25,3709.25
2014/03/05,Wed,3718.50,3728.25,3732.50,3712.50
2014/03/04,Tue,3671.00,3716.75,3723.25,3669.75
2014/03/03,Mon,3678.00,3668.75,3679.75,3637.00
2014/03/02,Sun,,,,
2014/03/01,Sat,,,,
2014/02/28,Fri,3703.75,3695.25,3722.50,3665.00
2014/02/27,Thu,3680.25,3701.50,3706.75,3661.25
2014/02/26,Wed,3691.25,3673.75,3702.25,3662.50
2014/02/25,Tue,3685.75,3688.50,3697.25,3668.50
2014/02/24,Mon,3665.75,3688.00,3701.50,3655.00
2014/02/23,Sun,,,,
2014/02/22,Sat,,,,
2014/02/21,Fri,3671.50,3664.50,3686.75,3660.75
2014/02/20,Thu,3654.50,3671.50,3677.00,3638.25
2014/02/19,Wed,3676.00,3654.50,3679.50,3645.25
2014/02/18,Tue,3660.00,3675.00,3684.75,3654.00
2014/02/17,Mon,3662.70,3664.80,3672.30,3656.60
2014/02/16,Sun,,,,
2014/02/15,Sat,,,,
2014/02/14,Fri,3650.50,3661.00,3668.00,3638.00
2014/02/13,Thu,3623.25,3651.00,3656.00,3596.75
2014/02/12,Wed,3612.00,3624.50,3633.50,3610.25
2014/02/11,Tue,3579.25,3612.75,3626.00,3578.50
2014/02/10,Mon,3560.25,3577.50,3581.75,3550.50
2014/02/09,Sun,,,,
2014/02/08,Sat,,,,
2014/02/07,Fri,3490.75,3558.00,3561.75,3479.50
2014/02/06,Thu,3450.25,3487.25,3499.25,3447.75
2014/02/05,Wed,3452.00,3445.50,3463.25,3412.00
2014/02/04,Tue,3439.50,3452.00,3473.75,3431.50
2014/02/03,Mon,3514.00,3430.00,3529.75,3425.25
2014/02/02,Sun,,,,
2014/02/01,Sat,,,,
2014/01/31,Fri,3520.00,3514.00,3532.75,3479.25
2014/01/30,Thu,3480.00,3502.00,3537.25,3471.00
2014/01/29,Wed,3513.50,3473.00,3529.00,3454.25
2014/01/28,Tue,3469.00,3501.00,3516.25,3465.75
2014/01/27,Mon,3531.75,3503.00,3545.00,3468.00
2014/01/26,Sun,,,,
2014/01/25,Sat,,,,
2014/01/24,Fri,3613.25,3532.25,3621.25,3527.75
2014/01/23,Thu,3625.50,3613.75,3635.25,3581.50
2014/01/22,Wed,3607.25,3620.50,3629.50,3605.00
2014/01/21,Tue,3584.50,3609.50,3612.00,3577.50
2014/01/20,Mon,3586.20,3587.90,3588.90,3577.70
2014/01/19,Sun,,,,
2014/01/18,Sat,,,,
2014/01/17,Fri,3597.25,3584.75,3609.00,3574.25
2014/01/16,Thu,3598.50,3595.25,3608.25,3594.00
2014/01/15,Wed,3573.75,3598.25,3610.25,3570.75
2014/01/14,Tue,3510.25,3573.75,3576.50,3503.25
2014/01/13,Mon,3563.25,3509.50,3566.50,3492.50
2014/01/12,Sun,,,,
2014/01/11,Sat,,,,
2014/01/10,Fri,3549.75,3561.50,3572.00,3529.50
2014/01/09,Thu,3562.75,3547.75,3577.00,3535.50
2014/01/08,Wed,3548.25,3564.75,3569.50,3544.00
2014/01/07,Tue,3516.25,3548.75,3557.25,3516.00
2014/01/06,Mon,3530.50,3517.75,3540.25,3505.75
2014/01/05,Sun,,,,
2014/01/04,Sat,,,,
2014/01/03,Fri,3560.25,3531.50,3566.50,3527.25
2014/01/02,Thu,3575.75,3559.25,3579.00,3549.00
2014/01/01,Wed,3588.20,3588.20,3588.20,3588.20
2013/12/31,Tue,3566.50,3583.75,3594.75,3565.00
2013/12/30,Mon,3569.75,3565.75,3573.50,3556.00
2013/12/29,Sun,,,,
2013/12/28,Sat,,,,
2013/12/27,Fri,3582.75,3570.25,3587.50,3567.00
2013/12/26,Thu,3572.75,3581.75,3583.75,3568.25
2013/12/25,Wed,,,,
2013/12/24,Tue,3565.25,3569.75,3572.75,3561.00
2013/12/23,Mon,3541.00,3564.75,3567.50,3541.00
2013/12/22,Sun,,,,
2013/12/21,Sat,,,,
2013/12/20,Fri,3500.00,3503.98,3508.00,3496.00
2013/12/19,Thu,3513.50,3497.00,3516.75,3482.50
2013/12/18,Wed,3464.75,3512.75,3513.50,3422.00
2013/12/17,Tue,3470.75,3465.25,3483.25,3460.75
2013/12/16,Mon,3457.00,3474.50,3495.25,3434.50
2013/12/15,Sun,,,,
2013/12/14,Sat,,,,
2013/12/13,Fri,3457.00,3457.50,3478.25,3449.75
2013/12/12,Thu,3471.25,3459.50,3479.50,3455.50
2013/12/11,Wed,3517.50,3470.50,3522.25,3464.50
2013/12/10,Tue,3519.25,3516.00,3524.25,3507.75
2013/12/09,Mon,3505.00,3518.50,3524.75,3505.00
2013/12/08,Sun,,,,
2013/12/07,Sat,,,,
2013/12/06,Fri,3478.00,3504.00,3511.00,3477.00
2013/12/05,Thu,3482.50,3478.75,3492.00,3468.75
2013/12/04,Wed,3476.25,3482.50,3494.00,3453.25
2013/12/03,Tue,3483.75,3475.75,3488.75,3466.25
2013/12/02,Mon,3493.00,3483.00,3501.25,3476.75
2013/12/01,Sun,,,,
2013/11/30,Sat,,,,
2013/11/29,Fri,3469.00,3487.50,3496.50,3468.75
2013/11/28,Thu,3472.20,3481.40,3484.10,3471.70
2013/11/27,Wed,3447.00,3468.50,3472.25,3445.75
2013/11/26,Tue,3426.75,3447.25,3456.00,3422.75
2013/11/25,Mon,3422.50,3429.00,3437.25,3420.25
2013/11/24,Sun,,,,
2013/11/23,Sat,,,,
2013/11/22,Fri,3400.75,3420.00,3422.50,3400.00
2013/11/21,Thu,3367.75,3400.50,3406.00,3360.25
2013/11/20,Wed,3375.75,3366.50,3398.50,3358.50
2013/11/19,Tue,3387.75,3375.50,3400.50,3370.75
2013/11/18,Mon,3416.50,3384.00,3425.75,3380.25
2013/11/17,Sun,,,,
2013/11/16,Sat,,,,
2013/11/15,Fri,3412.25,3416.50,3421.25,3405.25
2013/11/14,Thu,3392.50,3410.50,3415.75,3386.75
2013/11/13,Wed,3363.50,3402.00,3406.75,3338.25
2013/11/12,Tue,3354.75,3364.50,3366.75,3343.75
2013/11/11,Mon,3361.50,3354.25,3365.50,3345.50
2013/11/10,Sun,,,,
2013/11/09,Sat,,,,
2013/11/08,Fri,3321.75,3360.50,3363.00,3310.00
2013/11/07,Thu,3374.00,3319.50,3387.00,3314.25
2013/11/06,Wed,3380.00,3376.00,3398.00,3370.25
2013/11/05,Tue,3378.00,3379.75,3390.50,3355.75
2013/11/04,Mon,3368.00,3377.50,3387.25,3366.75
2013/11/03,Sun,,,,
2013/11/02,Sat,,,,
2013/11/01,Fri,3377.25,3368.00,3388.50,3357.50
2013/10/31,Thu,3380.00,3369.00,3394.00,3360.75
2013/10/30,Wed,3390.25,3392.25,3401.75,3364.25
2013/10/29,Tue,3377.75,3384.00,3392.25,3368.50
2013/10/28,Mon,3374.25,3383.25,3391.00,3360.75
2013/10/27,Sun,,,,
2013/10/26,Sat,,,,
2013/10/25,Fri,3376.75,3373.75,3392.75,3361.25
2013/10/24,Thu,3342.25,3371.00,3379.75,3335.50
2013/10/23,Wed,3356.00,3340.00,3357.25,3322.25
2013/10/22,Tue,3353.00,3356.50,3377.25,3338.00
2013/10/21,Mon,3344.75,3354.00,3362.25,3342.50
2013/10/20,Sun,,,,
2013/10/19,Sat,,,,
2013/10/18,Fri,3307.50,3342.00,3348.00,3306.75
2013/10/17,Thu,3260.25,3301.00,3310.50,3255.25
2013/10/16,Wed,3240.50,3264.00,3276.50,3234.75
2013/10/15,Tue,3253.50,3240.75,3263.50,3234.00
2013/10/14,Mon,3205.00,3248.25,3255.00,3195.00
2013/10/13,Sun,,,,
2013/10/12,Sat,,,,
2013/10/11,Fri,3193.50,3225.50,3230.50,3175.75
2013/10/10,Thu,3132.75,3193.50,3209.50,3132.75
2013/10/09,Wed,3146.25,3132.50,3164.00,3110.75
2013/10/08,Tue,3206.50,3150.75,3214.50,3144.25
2013/10/07,Mon,3224.00,3205.00,3232.75,3201.75
2013/10/06,Sun,,,,
2013/10/05,Sat,,,,
2013/10/04,Fri,3201.25,3234.50,3239.50,3199.50
2013/10/03,Thu,3239.75,3202.25,3248.00,3189.25
2013/10/02,Wed,3251.00,3237.50,3251.00,3221.00
2013/10/01,Tue,3221.25,3245.50,3251.25,3213.00
2013/09/30,Mon,3211.50,3209.00,3223.25,3178.25
2013/09/29,Sun,,,,
2013/09/28,Sat,,,,
2013/09/27,Fri,3229.75,3223.00,3233.50,3203.00
2013/09/26,Thu,3202.50,3226.00,3235.25,3202.25
2013/09/25,Wed,3215.25,3200.00,3220.50,3195.75
2013/09/24,Tue,3211.00,3213.25,3230.75,3202.75
2013/09/23,Mon,3222.75,3209.00,3237.00,3198.00
2013/09/22,Sun,,,,
2013/09/21,Sat,,,,
2013/09/20,Fri,3239.50,3245.97,3251.50,3234.00
2013/09/19,Thu,3232.00,3239.25,3245.00,3232.00
2013/09/18,Wed,3192.75,3228.75,3236.25,3189.75
2013/09/17,Tue,3168.75,3190.75,3196.00,3163.00
2013/09/16,Mon,3196.25,3167.75,3219.25,3163.00
2013/09/15,Sun,,,,
2013/09/14,Sat,,,,
2013/09/13,Fri,3177.25,3177.75,3182.50,3161.75
2013/09/12,Thu,3184.25,3176.00,3186.75,3170.25
2013/09/11,Wed,3184.25,3178.50,3188.75,3160.00
2013/09/10,Tue,3171.50,3182.75,3189.25,3167.25
2013/09/09,Mon,3132.75,3165.00,3175.25,3130.50
2013/09/08,Sun,,,,
2013/09/07,Sat,,,,
2013/09/06,Fri,3128.50,3129.50,3150.25,3096.50
2013/09/05,Thu,3131.50,3128.00,3137.75,3124.00
2013/09/04,Wed,3087.75,3128.25,3132.00,3083.25
2013/09/03,Tue,3088.75,3086.50,3113.25,3076.00
2013/09/02,Mon,3097.10,3106.20,3113.40,3094.40
2013/09/01,Sun,,,,
2013/08/31,Sat,,,,
2013/08/30,Fri,3093.50,3073.50,3103.50,3062.00
2013/08/29,Thu,3068.25,3089.50,3109.00,3064.00
2013/08/28,Wed,3061.50,3068.25,3084.75,3056.00
2013/08/27,Tue,3123.50,3059.50,3124.75,3052.50
2013/08/26,Mon,3120.25,3121.00,3147.25,3117.25
2013/08/25,Sun,,,,
2013/08/24,Sat,,,,
2013/08/23,Fri,3103.50,3121.25,3127.00,3096.50
2013/08/22,Thu,3062.00,3101.75,3107.00,3055.50
2013/08/21,Wed,3081.75,3062.50,3098.75,3059.25
2013/08/20,Tue,3071.25,3081.00,3097.00,3063.50
2013/08/19,Mon,3068.50,3070.50,3100.50,3060.25
2013/08/18,Sun,,,,
2013/08/17,Sat,,,,
2013/08/16,Fri,3071.75,3069.75,3090.00,3068.25
2013/08/15,Thu,3113.00,3071.00,3114.75,3066.50
2013/08/14,Wed,3138.75,3123.25,3143.75,3114.25
2013/08/13,Tue,3126.00,3137.00,3148.00,3104.75
2013/08/12,Mon,3113.50,3124.00,3129.50,3094.25
2013/08/11,Sun,,,,
2013/08/10,Sat,,,,
2013/08/09,Fri,3129.25,3113.25,3134.75,3107.00
2013/08/08,Thu,3117.25,3127.00,3136.50,3108.50
2013/08/07,Wed,3117.75,3116.00,3119.50,3090.75
2013/08/06,Tue,3136.00,3118.00,3139.50,3106.25
2013/08/05,Mon,3136.25,3136.00,3140.25,3128.00
2013/08/04,Sun,,,,
2013/08/03,Sat,,,,
2013/08/02,Fri,3118.25,3136.00,3138.00,3112.25
2013/08/01,Thu,3088.75,3112.75,3123.50,3088.75
2013/07/31,Wed,3082.50,3083.00,3105.00,3079.25
2013/07/30,Tue,3066.00,3085.50,3094.75,3065.50
2013/07/29,Mon,3070.00,3065.50,3078.50,3056.75
2013/07/28,Sun,,,,
2013/07/27,Sat,,,,
2013/07/26,Fri,3053.00,3070.50,3073.50,3037.50
2013/07/25,Thu,3052.50,3050.00,3058.25,3027.50
2013/07/24,Wed,3038.00,3048.00,3057.25,3028.75
2013/07/23,Tue,3049.25,3026.00,3060.00,3023.50
2013/07/22,Mon,3043.75,3047.50,3055.25,3038.50
2013/07/21,Sun,,,,
2013/07/20,Sat,,,,
2013/07/19,Fri,3049.00,3040.75,3049.00,3030.50
2013/07/18,Thu,3075.25,3047.50,3087.00,3046.00
2013/07/17,Wed,3073.25,3079.25,3086.50,3065.50
2013/07/16,Tue,3074.00,3070.75,3080.25,3063.75
2013/07/15,Mon,3062.75,3073.00,3076.50,3062.75
2013/07/14,Sun,,,,
2013/07/13,Sat,,,,
2013/07/12,Fri,3053.00,3062.00,3070.50,3049.25
2013/07/11,Thu,3011.50,3055.00,3058.00,3011.50
2013/07/10,Wed,2977.25,2996.25,3014.00,2969.00
2013/07/09,Tue,2961.00,2974.25,2985.00,2959.00
2013/07/08,Mon,2961.50,2958.75,2978.25,2948.75
2013/07/07,Sun,,,,
2013/07/06,Sat,,,,
2013/07/05,Fri,2937.75,2956.50,2971.25,2927.75
2013/07/04,Thu,2940.70,2963.30,2967.10,2940.30
2013/07/03,Wed,2923.25,2936.50,2949.00,2897.00
2013/07/02,Tue,2919.25,2923.25,2941.25,2907.25
2013/07/01,Mon,2902.75,2917.00,2946.75,2894.25
2013/06/30,Sun,,,,
2013/06/29,Sat,,,,
2013/06/28,Fri,2899.00,2901.25,2922.00,2884.25
2013/06/27,Thu,2885.75,2899.50,2918.25,2882.25
2013/06/26,Wed,2857.00,2883.00,2892.75,2845.75
2013/06/25,Tue,2846.25,2858.25,2873.75,2830.75
2013/06/24,Mon,2866.50,2844.00,2870.75,2817.75
2013/06/23,Sun,,,,
2013/06/22,Sat,,,,
2013/06/21,Fri,2888.00,2895.50,2907.50,2882.25
2013/06/20,Thu,2960.75,2886.50,2962.25,2882.25
2013/06/19,Wed,2996.75,2961.50,3003.50,2958.25
2013/06/18,Tue,2972.50,2993.50,3002.50,2971.00
2013/06/17,Mon,2936.50,2970.00,2989.75,2936.50
2013/06/16,Sun,,,,
2013/06/15,Sat,,,,
2013/06/14,Fri,2966.25,2942.00,2968.50,2938.75
2013/06/13,Thu,2922.75,2962.25,2969.50,2897.75
2013/06/12,Wed,2965.50,2920.25,2979.50,2919.50
2013/06/11,Tue,2987.75,2963.50,2989.00,2949.50
2013/06/10,Mon,2981.00,2987.00,3004.00,2976.25
2013/06/09,Sun,,,,
2013/06/08,Sat,,,,
2013/06/07,Fri,2948.25,2980.50,2992.00,2940.00
2013/06/06,Thu,2939.25,2949.50,2954.00,2910.50
2013/06/05,Wed,2970.75,2938.50,2977.75,2932.00
2013/06/04,Tue,2986.50,2974.75,3007.00,2961.00
2013/06/03,Mon,2981.00,2985.50,2995.00,2950.00
2013/06/02,Sun,,,,
2013/06/01,Sat,,,,
2013/05/31,Fri,3011.00,2980.25,3022.75,2976.25
2013/05/30,Thu,2995.00,3010.00,3025.50,2981.75
2013/05/29,Wed,3004.75,2995.50,3008.75,2978.25
2013/05/28,Tue,2991.25,3003.50,3036.75,2985.00
2013/05/27,Mon,2999.30,2999.80,3002.70,2985.20
2013/05/26,Sun,,,,
2013/05/25,Sat,,,,
2013/05/24,Fri,2995.75,2992.25,3003.00,2963.50
2013/05/23,Thu,3006.25,2992.25,3008.50,2961.25
2013/05/22,Wed,3021.75,3001.00,3053.50,2983.75
2013/05/21,Tue,3019.50,3021.50,3036.75,3010.00
2013/05/20,Mon,3021.25,3021.00,3032.00,3010.00
2013/05/19,Sun,,,,
2013/05/18,Sat,,,,
2013/05/17,Fri,3001.00,3022.75,3028.25,2998.00
2013/05/16,Thu,3004.25,2998.25,3019.00,2996.00
2013/05/15,Wed,2995.75,3001.00,3007.50,2982.50
2013/05/14,Tue,2981.25,2995.25,3005.00,2971.25
2013/05/13,Mon,2972.25,2981.00,2987.50,2960.50
2013/05/12,Sun,,,,
2013/05/11,Sat,,,,
2013/05/10,Fri,2961.25,2975.50,2978.75,2958.75
2013/05/09,Thu,2961.00,2958.00,2978.25,2950.00
2013/05/08,Wed,2946.75,2961.75,2965.00,2941.75
2013/05/07,Tue,2947.50,2946.50,2956.75,2937.25
2013/05/06,Mon,2936.75,2947.50,2954.00,2936.50
2013/05/05,Sun,,,,
2013/05/04,Sat,,,,
2013/05/03,Fri,2902.00,2935.00,2947.75,2900.25
2013/05/02,Thu,2868.00,2902.00,2910.50,2867.25
2013/05/01,Wed,2884.00,2863.50,2887.00,2862.25
2013/04/30,Tue,2859.75,2880.00,2884.25,2853.25
2013/04/29,Mon,2833.75,2858.75,2871.75,2827.50
2013/04/28,Sun,,,,
2013/04/27,Sat,,,,
2013/04/26,Fri,2841.00,2830.50,2844.75,2822.25
2013/04/25,Thu,2821.75,2844.00,2854.50,2814.00
2013/04/24,Wed,2829.50,2824.00,2838.25,2816.00
2013/04/23,Tue,2800.75,2823.00,2843.50,2785.00
2013/04/22,Mon,2772.50,2797.25,2812.50,2770.75
2013/04/21,Sun,,,,
2013/04/20,Sat,,,,
2013/04/19,Fri,2746.25,2768.25,2779.50,2736.75
2013/04/18,Thu,2770.50,2739.50,2788.00,2724.00
2013/04/17,Wed,2830.50,2774.50,2830.50,2758.25
2013/04/16,Tue,2786.00,2828.00,2834.25,2785.25
2013/04/15,Mon,2846.50,2783.50,2851.00,2771.25
2013/04/14,Sun,,,,
2013/04/13,Sat,,,,
2013/04/12,Fri,2853.75,2846.25,2856.25,2828.25
2013/04/11,Thu,2852.00,2853.25,2858.50,2843.25
2013/04/10,Wed,2799.00,2853.25,2857.50,2794.75
2013/04/09,Tue,2784.75,2797.50,2809.75,2773.00
2013/04/08,Mon,2763.25,2781.00,2788.25,2757.00
2013/04/07,Sun,,,,
2013/04/06,Sat,,,,
2013/04/05,Fri,2785.00,2763.00,2785.50,2737.50
2013/04/04,Thu,2788.00,2785.00,2801.50,2772.50
2013/04/03,Wed,2814.25,2787.00,2819.25,2780.25
2013/04/02,Tue,2789.75,2812.75,2823.00,2786.25
2013/04/01,Mon,2811.00,2788.00,2815.75,2784.25
2013/03/31,Sun,,,,
2013/03/30,Sat,,,,
2013/03/29,Fri,,,,
2013/03/28,Thu,2801.25,2811.00,2814.75,2791.50
2013/03/27,Wed,2802.25,2801.00,2806.00,2776.50
2013/03/26,Tue,2788.25,2799.75,2803.75,2784.50
2013/03/25,Mon,2793.50,2784.25,2811.50,2771.00
2013/03/24,Sun,,,,
2013/03/23,Sat,,,,
2013/03/22,Fri,2769.25,2793.50,2799.50,2763.25
2013/03/21,Thu,2788.25,2769.75,2788.25,2761.25
2013/03/20,Wed,2776.75,2785.25,2806.50,2771.75
2013/03/19,Tue,2787.25,2779.50,2800.00,2755.25
2013/03/18,Mon,2774.00,2787.00,2797.25,2748.25
2013/03/17,Sun,,,,
2013/03/16,Sat,,,,
2013/03/15,Fri,2805.00,2803.36,2811.50,2804.50
2013/03/14,Thu,2800.25,2806.00,2813.25,2797.50
2013/03/13,Wed,2803.00,2799.00,2808.50,2787.75
2013/03/12,Tue,2809.75,2803.00,2811.25,2787.75
2013/03/11,Mon,2801.50,2809.75,2812.25,2791.25
2013/03/10,Sun,,,,
2013/03/09,Sat,,,,
2013/03/08,Fri,2798.50,2801.50,2827.75,2792.50
2013/03/07,Thu,2790.50,2799.25,2804.50,2788.50
2013/03/06,Wed,2800.75,2788.25,2809.25,2788.75
2013/03/05,Tue,2762.50,2798.25,2803.75,2761.00
2013/03/04,Mon,2745.50,2760.00,2763.75,2732.75
2013/03/03,Sun,,,,
2013/03/02,Sat,,,,
2013/03/01,Fri,2738.00,2748.75,2751.50,2711.75
2013/02/28,Thu,2741.00,2738.00,2761.50,2732.50
2013/02/27,Wed,2711.00,2740.50,2757.75,2703.25
2013/02/26,Tue,2702.25,2707.75,2718.25,2689.00
2013/02/25,Mon,2736.75,2702.25,2764.50,2691.75
2013/02/24,Sun,,,,
2013/02/23,Sat,,,,
2013/02/22,Fri,2716.00,2735.75,2739.00,2714.25
2013/02/21,Thu,2736.00,2714.00,2741.00,2699.50
2013/02/20,Wed,2784.50,2737.50,2786.50,2725.00
2013/02/19,Tue,2759.75,2780.75,2786.00,2758.25
2013/02/18,Mon,,,,
2013/02/17,Sun,,,,
2013/02/16,Sat,,,,
2013/02/15,Fri,2769.25,2761.25,2776.75,2754.25
2013/02/14,Thu,2766.75,2767.25,2775.00,2756.00
2013/02/13,Wed,2765.25,2770.25,2781.75,2762.75
2013/02/12,Tue,2770.75,2760.75,2774.50,2758.75
2013/02/11,Mon,2771.25,2770.50,2780.75,2763.50
2013/02/10,Sun,,,,
2013/02/09,Sat,,,,
2013/02/08,Fri,2742.00,2772.00,2778.50,2741.00
2013/02/07,Thu,2739.50,2742.00,2748.75,2712.75
2013/02/06,Wed,2753.50,2737.25,2757.00,2733.00
2013/02/05,Tue,2710.00,2749.25,2759.25,2709.25
2013/02/04,Mon,2759.25,2711.50,2759.25,2709.00
2013/02/03,Sun,,,,
2013/02/02,Sat,,,,
2013/02/01,Fri,2733.00,2756.50,2764.00,2730.50
2013/01/31,Thu,2734.00,2725.00,2746.25,2723.75
2013/01/30,Wed,2745.50,2735.75,2751.75,2726.25
2013/01/29,Tue,2734.75,2742.75,2747.00,2716.25
2013/01/28,Mon,2729.50,2737.50,2747.50,2726.25
2013/01/27,Sun,,,,
2013/01/26,Sat,,,,
2013/01/25,Fri,2714.25,2728.00,2739.50,2711.75
2013/01/24,Thu,2716.25,2718.25,2743.00,2707.75
2013/01/23,Wed,2756.50,2759.00,2768.75,2728.50
2013/01/22,Tue,2734.25,2751.00,2758.00,2720.75
2013/01/21,Mon,,,,
2013/01/20,Sun,,,,
2013/01/19,Sat,,,,
2013/01/18,Fri,2735.50,2733.75,2741.75,2722.50
2013/01/17,Thu,2726.25,2740.50,2752.00,2716.50
2013/01/16,Wed,2720.75,2726.00,2737.50,2710.50
2013/01/15,Tue,2731.00,2714.25,2732.25,2705.25
2013/01/14,Mon,2744.00,2728.75,2750.25,2719.25
2013/01/13,Sun,,,,
2013/01/12,Sat,,,,
2013/01/11,Fri,2742.50,2743.75,2744.50,2732.25
2013/01/10,Thu,2722.50,2737.00,2743.50,2713.75
2013/01/09,Wed,2715.00,2722.00,2730.25,2711.25
2013/01/08,Tue,2718.75,2714.00,2724.75,2698.50
2013/01/07,Mon,2716.25,2717.75,2722.75,2702.50
2013/01/06,Sun,,,,
2013/01/05,Sat,,,,
2013/01/04,Fri,2726.50,2713.00,2736.00,2711.25
2013/01/03,Thu,2739.00,2725.50,2747.00,2719.00
2013/01/02,Wed,2686.25,2738.75,2742.75,2686.25
2013/01/01,Tue,,,,
2012/12/31,Mon,2590.25,2655.25,2665.00,2580.00
2012/12/30,Sun,,,,
2012/12/29,Sat,,,,
2012/12/28,Fri,2625.00,2586.00,2630.50,2582.50
2012/12/27,Thu,2631.75,2622.50,2637.75,2593.50
2012/12/26,Wed,2653.50,2628.50,2658.75,2622.00
2012/12/25,Tue,,,,
2012/12/24,Mon,2660.00,2648.75,2662.75,2646.50
2012/12/23,Sun,,,,
2012/12/22,Sat,,,,
2012/12/21,Fri,2693.50,2658.05,2694.75,2640.25
2012/12/20,Thu,2689.00,2693.00,2704.00,2679.75
2012/12/19,Wed,2704.50,2694.25,2716.00,2688.50
2012/12/18,Tue,2666.50,2704.00,2709.25,2666.50
2012/12/17,Mon,2635.25,2666.50,2669.75,2614.00
2012/12/16,Sun,,,,
2012/12/15,Sat,,,,
2012/12/14,Fri,2650.25,2627.75,2662.75,2620.00
2012/12/13,Thu,2670.25,2651.75,2689.25,2642.50
2012/12/12,Wed,2686.25,2670.25,2696.00,2668.00
2012/12/11,Tue,2647.50,2685.75,2696.50,2644.25
2012/12/10,Mon,2637.00,2650.50,2660.75,2625.75
2012/12/09,Sun,,,,
2012/12/08,Sat,,,,
2012/12/07,Fri,2655.00,2636.00,2673.25,2629.50
2012/12/06,Thu,2636.00,2654.00,2662.00,2622.50
2012/12/05,Wed,2661.00,2637.50,2679.25,2623.00
2012/12/04,Tue,2667.75,2664.50,2675.75,2650.25
2012/12/03,Mon,2676.00,2670.00,2698.50,2666.25
2012/12/02,Sun,,,,
2012/12/01,Sat,,,,
2012/11/30,Fri,2672.00,2675.75,2689.75,2667.25
2012/11/29,Thu,2663.50,2680.00,2688.50,2659.75
2012/11/28,Wed,2640.00,2660.50,2665.50,2611.50
2012/11/27,Tue,2648.50,2641.25,2658.75,2636.50
2012/11/26,Mon,2633.00,2645.75,2650.75,2623.00
2012/11/25,Sun,,,,
2012/11/24,Sat,,,,
2012/11/23,Fri,2598.25,2634.25,2638.75,2596.25
2012/11/22,Thu,,,,
2012/11/21,Wed,2592.00,2596.00,2602.00,2577.00
2012/11/20,Tue,2584.75,2593.50,2596.75,2568.00
2012/11/19,Mon,2535.00,2585.50,2594.25,2534.50
2012/11/18,Sun,,,,
2012/11/17,Sat,,,,
2012/11/16,Fri,2522.75,2533.00,2539.25,2492.00
2012/11/15,Thu,2531.25,2522.00,2541.00,2512.75
2012/11/14,Wed,2567.50,2529.50,2585.75,2526.50
2012/11/13,Tue,2581.75,2560.50,2585.75,2553.00
2012/11/12,Mon,2581.50,2581.00,2597.25,2572.00
2012/11/11,Sun,,,,
2012/11/10,Sat,,,,
2012/11/09,Fri,2573.50,2580.50,2607.25,2556.25
2012/11/08,Thu,2612.75,2572.00,2623.25,2568.50
2012/11/07,Wed,2676.75,2610.00,2688.00,2599.00
2012/11/06,Tue,2661.25,2675.75,2691.75,2653.25
2012/11/05,Mon,2640.50,2662.25,2673.50,2634.75
2012/11/04,Sun,,,,
2012/11/03,Sat,,,,
2012/11/02,Fri,2686.00,2641.00,2694.00,2641.50
2012/11/01,Thu,2634.25,2684.75,2688.75,2627.25
2012/10/31,Wed,2662.25,2640.50,2676.75,2631.75
2012/10/30,Tue,2637.25,2659.00,2657.00,2626.00
2012/10/29,Mon,2654.50,2659.00,2658.50,2634.25
2012/10/28,Sun,,,,
2012/10/27,Sat,,,,
2012/10/26,Fri,2651.50,2659.00,2669.25,2604.50
2012/10/25,Thu,2652.50,2648.00,2673.50,2640.25
2012/10/24,Wed,2660.00,2650.50,2680.50,2646.25
2012/10/23,Tue,2691.00,2660.50,2695.25,2651.50
2012/10/22,Mon,2664.50,2687.75,2693.00,2657.50
2012/10/21,Sun,,,,
2012/10/20,Sat,,,,
2012/10/19,Fri,2731.00,2664.00,2737.50,2664.00
2012/10/18,Thu,2771.00,2732.75,2774.00,2727.50
2012/10/17,Wed,2765.75,2770.50,2778.75,2753.50
2012/10/16,Tue,2732.50,2765.25,2777.25,2729.75
2012/10/15,Mon,2713.00,2731.25,2736.25,2705.00
2012/10/14,Sun,,,,
2012/10/13,Sat,,,,
2012/10/12,Fri,2713.75,2710.00,2728.25,2707.25
2012/10/11,Thu,2722.50,2713.25,2745.50,2712.00
2012/10/10,Wed,2735.00,2722.75,2743.75,2717.25
2012/10/09,Tue,2778.75,2734.00,2786.75,2730.00
2012/10/08,Mon,2806.25,2777.50,2808.00,2774.50
2012/10/07,Sun,,,,
2012/10/06,Sat,,,,
2012/10/05,Fri,2822.00,2804.25,2840.75,2799.75
2012/10/04,Thu,2809.00,2821.50,2830.00,2807.75
2012/10/03,Wed,2795.25,2808.00,2817.25,2788.00
2012/10/02,Tue,2787.00,2795.25,2807.75,2772.50
2012/10/01,Mon,2789.00,2788.25,2822.50,2777.75
2012/09/30,Sun,,,,
2012/09/29,Sat,,,,
2012/09/28,Fri,2814.50,2792.00,2819.25,2788.75
2012/09/27,Thu,2774.75,2814.50,2821.25,2774.75
2012/09/26,Wed,2804.25,2774.25,2807.25,2762.25
2012/09/25,Tue,2840.50,2803.25,2853.00,2798.25
2012/09/24,Mon,2852.00,2838.25,2857.25,2826.25
2012/09/23,Sun,,,,
2012/09/22,Sat,,,,
2012/09/21,Fri,2860.75,2875.44,2877.50,2860.50
2012/09/20,Thu,2860.25,2859.50,2863.75,2842.75
2012/09/19,Wed,2858.00,2859.00,2872.00,2849.75
2012/09/18,Tue,2852.75,2855.50,2859.75,2843.75
2012/09/17,Mon,2858.00,2852.00,2858.50,2845.75
2012/09/16,Sun,,,,
2012/09/15,Sat,,,,
2012/09/14,Fri,2827.50,2856.50,2865.25,2826.75
2012/09/13,Thu,2796.00,2827.50,2842.00,2785.25
2012/09/12,Wed,2781.25,2796.25,2800.25,2775.25
2012/09/11,Tue,2784.50,2779.25,2799.75,2777.75
2012/09/10,Mon,2822.25,2784.50,2823.75,2784.50
2012/09/09,Sun,,,,
2012/09/08,Sat,,,,
2012/09/07,Fri,2826.50,2823.00,2836.25,2817.00
2012/09/06,Thu,2767.50,2825.50,2829.50,2766.50
2012/09/05,Wed,2775.25,2767.50,2780.75,2757.00
2012/09/04,Tue,2773.00,2774.50,2782.75,2742.75
2012/09/03,Mon,,,,
2012/09/02,Sun,,,,
2012/09/01,Sat,,,,
2012/08/31,Fri,2755.00,2771.00,2785.25,2745.25
2012/08/30,Thu,2781.25,2753.75,2782.50,2750.25
2012/08/29,Wed,2782.00,2781.25,2790.50,2771.25
2012/08/28,Tue,2783.25,2780.75,2790.50,2771.00
2012/08/27,Mon,2784.00,2782.75,2795.75,2776.50
2012/08/26,Sun,,,,
2012/08/25,Sat,,,,
2012/08/24,Fri,2762.25,2775.00,2785.25,2750.50
2012/08/23,Thu,2782.00,2761.00,2792.50,2754.00
2012/08/22,Wed,2775.50,2781.25,2789.75,2759.00
2012/08/21,Tue,2781.00,2774.00,2802.50,2761.50
2012/08/20,Mon,2774.75,2780.00,2784.25,2767.00
2012/08/19,Sun,,,,
2012/08/18,Sat,,,,
2012/08/17,Fri,2765.75,2776.00,2780.50,2763.25
2012/08/16,Thu,2740.00,2763.50,2774.00,2738.25
2012/08/15,Wed,2725.75,2738.50,2740.75,2718.50
2012/08/14,Tue,2728.00,2726.75,2743.00,2720.75
2012/08/13,Mon,2720.00,2728.00,2729.75,2705.75
2012/08/12,Sun,,,,
2012/08/11,Sat,,,,
2012/08/10,Fri,2718.00,2721.00,2723.00,2702.25
2012/08/09,Thu,2707.25,2717.75,2723.25,2703.50
2012/08/08,Wed,2707.75,2706.75,2717.00,2700.75
2012/08/07,Tue,2687.75,2710.00,2723.00,2686.25
2012/08/06,Mon,2675.00,2686.50,2701.75,2671.75
2012/08/05,Sun,,,,
2012/08/04,Sat,,,,
2012/08/03,Fri,2619.75,2671.00,2681.25,2616.00
2012/08/02,Thu,2625.25,2618.50,2648.75,2600.00
2012/08/01,Wed,2634.75,2625.00,2656.25,2618.50
2012/07/31,Tue,2637.00,2636.50,2652.50,2631.00
2012/07/30,Mon,2640.00,2635.75,2657.75,2628.25
2012/07/29,Sun,,,,
2012/07/28,Sat,,,,
2012/07/27,Fri,2572.75,2642.00,2646.00,2572.50
2012/07/26,Thu,2543.00,2572.50,2593.50,2529.75
2012/07/25,Wed,2555.00,2543.50,2560.75,2516.75
2012/07/24,Tue,2579.25,2548.50,2590.00,2545.00
2012/07/23,Mon,2609.00,2579.25,2613.00,2543.25
2012/07/22,Sun,,,,
2012/07/21,Sat,,,,
2012/07/20,Fri,2653.50,2613.25,2657.50,2612.75
2012/07/19,Thu,2623.00,2652.25,2658.00,2623.00
2012/07/18,Wed,2587.75,2620.00,2628.50,2576.75
2012/07/17,Tue,2571.75,2587.00,2594.00,2548.00
2012/07/16,Mon,2577.25,2571.50,2584.50,2561.25
2012/07/15,Sun,,,,
2012/07/14,Sat,,,,
2012/07/13,Fri,2537.50,2577.00,2584.75,2537.50
2012/07/12,Thu,2563.50,2537.75,2569.75,2516.50
2012/07/11,Wed,2577.50,2561.50,2589.25,2543.00
2012/07/10,Tue,2606.00,2578.00,2625.50,2568.50
2012/07/09,Mon,2602.50,2606.00,2615.50,2591.50
2012/07/08,Sun,,,,
2012/07/07,Sat,,,,
2012/07/06,Fri,2642.50,2609.00,2644.75,2590.50
2012/07/05,Thu,2641.00,2642.50,2655.75,2621.00
2012/07/04,Wed,,,,
2012/07/03,Tue,2615.00,2641.50,2642.50,2613.50
2012/07/02,Mon,2612.00,2614.25,2620.25,2599.50
2012/07/01,Sun,,,,
2012/06/30,Sat,,,,
2012/06/29,Fri,2528.25,2609.75,2616.25,2518.75
2012/06/28,Thu,2559.00,2527.75,2564.75,2503.50
2012/06/27,Wed,2548.25,2557.75,2571.50,2542.50
2012/06/26,Tue,2528.25,2548.25,2551.75,2525.25
2012/06/25,Mon,2573.75,2526.50,2577.25,2521.00
2012/06/24,Sun,,,,
2012/06/23,Sat,,,,
2012/06/22,Fri,2552.25,2573.50,2581.75,2548.50
2012/06/21,Thu,2618.25,2551.75,2620.50,2548.50
2012/06/20,Wed,2612.00,2617.25,2628.25,2597.50
2012/06/19,Tue,2589.25,2612.50,2626.00,2585.00
2012/06/18,Mon,2580.25,2587.50,2594.50,2549.25
2012/06/17,Sun,,,,
2012/06/16,Sat,,,,
2012/06/15,Fri,2542.00,2547.50,2554.00,2539.00
2012/06/14,Thu,2529.75,2540.50,2548.25,2514.75
2012/06/13,Wed,2549.25,2528.00,2557.75,2519.50
2012/06/12,Tue,2516.75,2550.25,2551.75,2510.25
2012/06/11,Mon,2587.00,2515.25,2604.00,2513.50
2012/06/10,Sun,,,,
2012/06/09,Sat,,,,
2012/06/08,Fri,2536.75,2562.50,2564.25,2517.75
2012/06/07,Thu,2551.00,2536.25,2570.50,2532.00
2012/06/06,Wed,2490.25,2550.00,2551.75,2487.00
2012/06/05,Tue,2471.75,2488.75,2492.00,2459.50
2012/06/04,Mon,2460.00,2469.00,2480.25,2433.75
2012/06/03,Sun,,,,
2012/06/02,Sat,,,,
2012/06/01,Fri,2520.00,2455.00,2522.00,2454.00
2012/05/31,Thu,2531.75,2524.00,2542.50,2506.00
2012/05/30,Wed,2560.00,2530.75,2561.00,2520.25
2012/05/29,Tue,2533.25,2559.50,2570.00,2531.50
2012/05/28,Mon,,,,
2012/05/27,Sun,,,,
2012/05/26,Sat,,,,
2012/05/25,Fri,2536.25,2524.00,2551.50,2518.25
2012/05/24,Thu,2540.75,2536.25,2556.25,2510.25
2012/05/23,Wed,2536.75,2540.50,2552.25,2497.50
2012/05/22,Tue,2544.75,2535.25,2561.50,2522.25
2012/05/21,Mon,2472.50,2543.50,2546.50,2465.00
2012/05/20,Sun,,,,
2012/05/19,Sat,,,,
2012/05/18,Fri,2507.00,2468.25,2521.75,2468.00
2012/05/17,Thu,2559.75,2504.75,2571.00,2505.25
2012/05/16,Wed,2579.00,2557.50,2596.00,2556.25
2012/05/15,Tue,2587.00,2578.25,2616.25,2574.50
2012/05/14,Mon,2602.00,2585.00,2613.00,2583.50
2012/05/13,Sun,,,,
2012/05/12,Sat,,,,
2012/05/11,Fri,2619.25,2610.75,2640.25,2597.50
2012/05/10,Thu,2619.25,2618.75,2636.50,2601.00
2012/05/09,Wed,2624.25,2619.25,2632.25,2584.25
2012/05/08,Tue,2636.75,2622.75,2641.75,2583.25
2012/05/07,Mon,2610.25,2636.50,2648.25,2586.50
2012/05/06,Sun,,,,
2012/05/05,Sat,,,,
2012/05/04,Fri,2695.25,2625.50,2700.50,2625.25
2012/05/03,Thu,2728.00,2692.00,2738.25,2692.75
2012/05/02,Wed,2718.00,2727.50,2732.00,2702.50
2012/05/01,Tue,2719.50,2718.50,2753.00,2710.50
2012/04/30,Mon,2741.00,2719.25,2744.25,2715.50
2012/04/29,Sun,,,,
2012/04/28,Sat,,,,
2012/04/27,Fri,2719.50,2736.75,2746.00,2708.75
2012/04/26,Thu,2704.50,2720.25,2727.00,2695.00
2012/04/25,Wed,2632.50,2704.50,2706.75,2632.00
2012/04/24,Tue,2651.25,2632.50,2666.00,2624.75
2012/04/23,Mon,2671.00,2650.25,2675.00,2625.00
2012/04/22,Sun,,,,
2012/04/21,Sat,,,,
2012/04/20,Fri,2685.75,2674.25,2708.00,2669.75
2012/04/19,Thu,2698.25,2683.50,2735.00,2671.50
2012/04/18,Wed,2713.50,2694.50,2728.25,2694.50
2012/04/17,Tue,2665.00,2712.75,2728.25,2654.25
2012/04/16,Mon,2694.75,2663.75,2710.00,2656.50
2012/04/15,Sun,,,,
2012/04/14,Sat,,,,
2012/04/13,Fri,2738.50,2693.50,2742.75,2691.00
2012/04/12,Thu,2706.25,2738.75,2740.25,2704.75
2012/04/11,Wed,2698.50,2704.25,2723.75,2697.50
2012/04/10,Tue,2728.75,2697.00,2746.00,2684.25
2012/04/09,Mon,2725.75,2728.50,2748.00,2718.75
2012/04/08,Sun,,,,
2012/04/07,Sat,,,,
2012/04/06,Fri,2755.00,2753.75,2761.25,2719.00
2012/04/05,Thu,2738.50,2753.75,2760.75,2722.50
2012/04/04,Wed,2780.50,2736.50,2781.00,2724.75
2012/04/03,Tue,2777.00,2779.00,2791.50,2763.00
2012/04/02,Mon,2758.00,2777.00,2783.75,2743.50
2012/04/01,Sun,,,,
2012/03/31,Sat,,,,
2012/03/30,Fri,2759.00,2750.75,2773.25,2740.25
2012/03/29,Thu,2765.25,2758.25,2773.25,2737.00
2012/03/28,Wed,2776.25,2768.00,2790.25,2750.25
2012/03/27,Tue,2775.75,2775.75,2789.50,2772.00
2012/03/26,Mon,2729.75,2777.00,2778.00,2729.00
2012/03/25,Sun,,,,
2012/03/24,Sat,,,,
2012/03/23,Fri,2732.50,2728.75,2746.50,2710.75
2012/03/22,Thu,2734.75,2731.25,2740.75,2715.50
2012/03/21,Wed,2736.25,2735.25,2748.50,2730.00
2012/03/20,Tue,2729.25,2735.50,2738.00,2707.25
2012/03/19,Mon,2729.25,2727.75,2735.00,2700.25
2012/03/18,Sun,,,,
2012/03/17,Sat,,,,
2012/03/16,Fri,2714.50,2713.06,2724.00,2712.25
2012/03/15,Thu,2705.00,2715.75,2721.25,2701.00
2012/03/14,Wed,2697.50,2706.25,2717.50,2690.25
2012/03/13,Tue,2650.50,2697.75,2700.50,2649.75
2012/03/12,Mon,2649.25,2651.50,2652.50,2635.25
2012/03/11,Sun,,,,
2012/03/10,Sat,,,,
2012/03/09,Fri,2637.50,2648.50,2652.50,2631.50
2012/03/08,Thu,2608.00,2637.75,2644.25,2604.50
2012/03/07,Wed,2589.75,2608.75,2614.50,2588.25
2012/03/06,Tue,2615.75,2589.50,2617.50,2575.00
2012/03/05,Mon,2639.75,2616.00,2645.00,2605.50
2012/03/04,Sun,,,,
2012/03/03,Sat,,,,
2012/03/02,Fri,2644.50,2643.50,2650.00,2632.75
2012/03/01,Thu,2623.75,2643.25,2646.25,2616.50
2012/02/29,Wed,2632.25,2623.00,2645.25,2614.25
2012/02/28,Tue,2609.50,2632.00,2635.00,2607.50
2012/02/27,Mon,2602.50,2608.00,2616.75,2578.75
2012/02/26,Sun,,,,
2012/02/25,Sat,,,,
2012/02/24,Fri,2600.25,2601.50,2609.50,2598.00
2012/02/23,Thu,2579.00,2600.75,2602.00,2569.25
2012/02/22,Wed,2590.25,2578.75,2600.50,2575.25
2012/02/21,Tue,2593.75,2591.00,2601.75,2574.25
2012/02/20,Mon,,,,
2012/02/19,Sun,,,,
2012/02/18,Sat,,,,
2012/02/17,Fri,2593.75,2582.00,2597.50,2572.00
2012/02/16,Thu,2556.50,2593.50,2594.25,2542.75
2012/02/15,Wed,2576.50,2557.50,2600.50,2552.50
2012/02/14,Tue,2576.50,2576.00,2600.50,2552.50
2012/02/13,Mon,2556.75,2567.75,2571.25,2551.75
2012/02/12,Sun,,,,
2012/02/11,Sat,,,,
2012/02/10,Fri,2561.25,2548.50,2561.25,2535.25
2012/02/09,Thu,2545.00,2561.00,2565.00,2535.25
2012/02/08,Wed,2528.75,2544.75,2547.50,2521.00
2012/02/07,Tue,2524.75,2529.25,2534.75,2511.75
2012/02/06,Mon,2519.75,2525.75,2526.25,2510.50
2012/02/05,Sun,,,,
2012/02/04,Sat,,,,
2012/02/03,Fri,2492.00,2523.00,2530.00,2489.75
2012/02/02,Thu,2488.50,2491.50,2500.75,2479.50
2012/02/01,Wed,2455.00,2487.50,2494.25,2453.50
2012/01/31,Tue,2462.25,2464.25,2478.50,2448.75
2012/01/30,Mon,2460.00,2462.00,2465.50,2429.25
2012/01/29,Sun,,,,
2012/01/28,Sat,,,,
2012/01/27,Fri,2453.00,2456.25,2464.50,2444.75
2012/01/26,Thu,2460.25,2453.25,2476.00,2440.75
2012/01/25,Wed,2448.25,2460.50,2468.00,2436.00
2012/01/24,Tue,2435.50,2437.50,2439.00,2419.00
2012/01/23,Mon,2427.50,2435.00,2452.00,2420.00
2012/01/22,Sun,,,,
2012/01/21,Sat,,,,
2012/01/20,Fri,2428.00,2434.75,2437.00,2422.75
2012/01/19,Thu,2420.25,2425.25,2442.50,2418.50
2012/01/18,Wed,2390.25,2420.50,2423.00,2387.75
2012/01/17,Tue,2367.25,2389.75,2401.00,2361.50
2012/01/16,Mon,,,,
2012/01/15,Sun,,,,
2012/01/14,Sat,,,,
2012/01/13,Fri,2378.00,2373.50,2386.75,2348.50
2012/01/12,Thu,2367.00,2378.50,2383.00,2355.75
2012/01/11,Wed,2363.25,2367.00,2373.25,2352.50
2012/01/10,Tue,2346.50,2363.50,2378.25,2346.25
2012/01/09,Mon,2353.25,2346.75,2363.50,2338.50
2012/01/08,Sun,,,,
2012/01/07,Sat,,,,
2012/01/06,Fri,2340.25,2352.25,2358.75,2332.50
2012/01/05,Thu,2329.00,2339.50,2347.50,2309.25
2012/01/04,Wed,2316.25,2328.75,2329.50,2302.50
2012/01/03,Tue,2312.50,2316.00,2328.25,2308.00
2012/01/02,Mon,,,,
2012/01/01,Sun,,,,
2011/12/31,Sat,,,,
2011/12/30,Fri,2278.25,2274.50,2284.50,2270.25
2011/12/29,Thu,2262.25,2277.25,2282.00,2258.25
2011/12/28,Wed,2284.50,2259.50,2292.25,2253.75
2011/12/27,Tue,2280.00,2284.50,2296.50,2275.00
2011/12/26,Mon,,,,
2011/12/25,Sun,,,,
2011/12/24,Sat,,,,
2011/12/23,Fri,2262.00,2278.50,2283.25,2260.25
2011/12/22,Thu,2241.00,2260.75,2264.25,2234.50
2011/12/21,Wed,2269.50,2239.00,2291.25,2217.75
2011/12/20,Tue,2214.00,2266.75,2283.25,2212.25
2011/12/19,Mon,2235.00,2212.50,2251.00,2204.25
2011/12/18,Sun,,,,
2011/12/17,Sat,,,,
2011/12/16,Fri,2223.25,2242.25,2249.00,2223.25
2011/12/15,Thu,2231.00,2227.00,2255.75,2219.50
2011/12/14,Wed,2271.00,2232.25,2279.75,2220.00
2011/12/13,Tue,2294.25,2271.00,2318.00,2258.25
2011/12/12,Mon,2321.50,2294.00,2325.50,2273.25
2011/12/11,Sun,,,,
2011/12/10,Sat,,,,
2011/12/09,Fri,2284.25,2322.00,2327.00,2269.00
2011/12/08,Thu,2322.75,2285.25,2341.00,2277.75
2011/12/07,Wed,2322.00,2321.50,2343.75,2291.50
2011/12/06,Tue,2320.00,2321.50,2341.50,2312.75
2011/12/05,Mon,2309.00,2325.00,2343.75,2309.00
2011/12/04,Sun,,,,
2011/12/03,Sat,,,,
2011/12/02,Fri,2309.25,2303.25,2344.75,2300.75
2011/12/01,Thu,2293.25,2309.25,2315.50,2284.00
2011/11/30,Wed,2212.00,2295.00,2296.50,2196.25
2011/11/29,Tue,2221.00,2212.50,2245.00,2205.25
2011/11/28,Mon,2183.00,2221.00,2228.00,2178.25
2011/11/27,Sun,,,,
2011/11/26,Sat,,,,
2011/11/25,Fri,2164.50,2147.50,2184.50,2135.75
2011/11/24,Thu,,,,
2011/11/23,Wed,2214.00,2161.00,2216.75,2161.75
2011/11/22,Tue,2215.25,2214.25,2226.50,2190.75
2011/11/21,Mon,2244.00,2213.50,2244.00,2187.00
2011/11/20,Sun,,,,
2011/11/19,Sat,,,,
2011/11/18,Fri,2270.00,2249.75,2290.00,2249.00
2011/11/17,Thu,2314.25,2268.25,2332.75,2256.00
2011/11/16,Wed,2361.50,2313.75,2371.50,2312.25
2011/11/15,Tue,2343.25,2359.75,2374.25,2310.00
2011/11/14,Mon,2355.00,2343.00,2366.50,2329.75
2011/11/13,Sun,,,,
2011/11/12,Sat,,,,
2011/11/11,Fri,2308.50,2350.25,2360.25,2301.50
2011/11/10,Thu,2312.25,2303.50,2344.00,2286.50
2011/11/09,Wed,2394.75,2311.00,2397.50,2302.50
2011/11/08,Tue,2369.00,2394.50,2399.50,2355.25
2011/11/07,Mon,2356.50,2369.75,2356.50,2319.50
2011/11/06,Sun,,,,
2011/11/05,Sat,,,,
2011/11/04,Fri,2362.00,2351.00,2364.50,2327.00
2011/11/03,Thu,2317.00,2361.00,2366.50,2279.00
2011/11/02,Wed,2356.50,2314.50,2371.50,2319.50
2011/11/01,Tue,2353.25,2303.50,2355.75,2282.75
2011/10/31,Mon,2397.75,2356.00,2398.00,2350.50
2011/10/30,Sun,,,,
2011/10/29,Sat,,,,
2011/10/28,Fri,2393.75,2396.50,2401.75,2378.50
2011/10/27,Thu,2329.75,2393.75,2408.75,2329.00
2011/10/26,Wed,2323.25,2326.50,2350.25,2286.75
2011/10/25,Tue,2375.00,2321.75,2386.75,2316.00
2011/10/24,Mon,2326.75,2374.75,2385.75,2320.25
2011/10/23,Sun,,,,
2011/10/22,Sat,,,,
2011/10/21,Fri,2297.00,2334.25,2345.50,2296.00
2011/10/20,Thu,2316.25,2301.00,2332.75,2268.50
2011/10/19,Wed,2365.25,2318.00,2368.25,2305.75
2011/10/18,Tue,2321.00,2363.75,2371.50,2304.75
2011/10/17,Mon,2367.25,2321.00,2388.50,2317.00
2011/10/16,Sun,,,,
2011/10/15,Sat,,,,
2011/10/14,Fri,2326.25,2367.25,2369.00,2320.25
2011/10/13,Thu,2299.75,2326.00,2336.25,2289.00
2011/10/12,Wed,2287.00,2296.50,2329.00,2274.50
2011/10/11,Tue,2275.25,2288.50,2296.25,2262.25
2011/10/10,Mon,2206.00,2276.75,2277.25,2203.00
2011/10/09,Sun,,,,
2011/10/08,Sat,,,,
2011/10/07,Fri,2204.50,2201.75,2227.00,2183.75
2011/10/06,Thu,2167.25,2204.75,2213.75,2148.50
2011/10/05,Wed,2112.75,2167.50,2182.00,2099.25
2011/10/04,Tue,2067.25,2113.50,2126.75,2035.75
2011/10/03,Mon,2126.50,2065.25,2148.00,2062.75
2011/10/02,Sun,,,,
2011/10/01,Sat,,,,
2011/09/30,Fri,2193.00,2134.50,2198.50,2122.25
2011/09/29,Thu,2217.25,2189.50,2259.75,2152.50
2011/09/28,Wed,2252.25,2218.50,2275.75,2212.00
2011/09/27,Tue,2226.50,2254.00,2285.25,2221.25
2011/09/26,Mon,2190.50,2226.00,2232.50,2162.25
2011/09/25,Sun,,,,
2011/09/24,Sat,,,,
2011/09/23,Fri,2177.75,2202.00,2210.25,2134.00
2011/09/22,Thu,2245.75,2174.50,2249.50,2144.50
2011/09/21,Wed,2297.00,2245.50,2318.00,2244.25
2011/09/20,Tue,2298.75,2296.50,2332.50,2283.75
2011/09/19,Mon,2288.00,2301.00,2314.50,2254.25
2011/09/18,Sun,,,,
2011/09/17,Sat,,,,
2011/09/16,Fri,2290.25,2292.79,2298.50,2275.50
2011/09/15,Thu,2252.00,2290.00,2292.50,2245.00
2011/09/14,Wed,2221.00,2252.00,2278.25,2191.75
2011/09/13,Tue,2194.75,2220.75,2225.75,2166.75
2011/09/12,Mon,2159.75,2195.00,2198.75,2122.00
2011/09/11,Sun,,,,
2011/09/10,Sat,,,,
2011/09/09,Fri,2216.00,2169.00,2227.75,2149.75
2011/09/08,Thu,2223.00,2216.75,2244.00,2205.25
2011/09/07,Wed,2165.50,2222.00,2224.50,2164.75
2011/09/06,Tue,2159.50,2165.25,2171.25,2108.25
2011/09/05,Mon,,,,
2011/09/04,Sun,,,,
2011/09/03,Sat,,,,
2011/09/02,Fri,2217.00,2164.75,2221.75,2155.75
2011/09/01,Thu,2243.50,2217.25,2263.75,2215.50
2011/08/31,Wed,2226.00,2240.75,2268.50,2221.25
2011/08/30,Tue,2219.50,2227.00,2249.50,2201.25
2011/08/29,Mon,2164.00,2220.00,2225.00,2158.00
2011/08/28,Sun,,,,
2011/08/27,Sat,,,,
2011/08/26,Fri,2111.00,2164.00,2169.00,2080.75
2011/08/25,Thu,2138.75,2111.00,2152.00,2101.00
2011/08/24,Wed,2124.00,2139.00,2147.50,2096.25
2011/08/23,Tue,2046.75,2124.00,2129.25,2037.00
2011/08/22,Mon,2041.00,2044.00,2085.50,2022.25
2011/08/21,Sun,,,,
2011/08/20,Sat,,,,
2011/08/19,Fri,2084.75,2041.00,2102.00,2033.75
2011/08/18,Thu,2175.75,2082.00,2175.75,2053.00
2011/08/17,Wed,2198.00,2175.25,2214.00,2157.25
2011/08/16,Tue,2204.50,2199.00,2211.25,2163.50
2011/08/15,Mon,2183.75,2206.50,2211.50,2176.50
2011/08/14,Sun,,,,
2011/08/13,Sat,,,,
2011/08/12,Fri,2158.00,2177.50,2192.50,2114.00
2011/08/11,Thu,2082.75,2158.00,2184.50,2057.50
2011/08/10,Wed,2154.00,2085.00,2168.25,2065.75
2011/08/09,Tue,2043.00,2155.00,2161.25,1972.25
2011/08/08,Mon,2145.00,2038.00,2170.75,2031.50
2011/08/07,Sun,,,,
2011/08/06,Sat,,,,
2011/08/05,Fri,2213.75,2187.00,2239.25,2128.75
2011/08/04,Thu,2303.75,2209.50,2319.50,2195.00
2011/08/03,Wed,2290.00,2302.50,2314.50,2253.00
2011/08/02,Tue,2347.25,2288.25,2355.25,2285.75
2011/08/01,Mon,2386.00,2346.00,2395.00,2320.75
2011/07/31,Sun,,,,
2011/07/30,Sat,,,,
2011/07/29,Fri,2370.75,2359.25,2385.25,2338.00
2011/07/28,Thu,2360.00,2370.00,2398.75,2355.75
2011/07/27,Wed,2424.50,2357.75,2425.75,2358.25
2011/07/26,Tue,2423.00,2423.50,2435.50,2412.75
2011/07/25,Mon,2417.75,2423.50,2434.50,2380.00
2011/07/24,Sun,,,,
2011/07/23,Sat,,,,
2011/07/22,Fri,2402.50,2428.00,2429.75,2396.25
2011/07/21,Thu,2381.75,2410.00,2414.50,2365.00
2011/07/20,Wed,2389.75,2381.75,2413.50,2381.00
2011/07/19,Tue,2341.75,2389.00,2399.75,2339.00
2011/07/18,Mon,2354.50,2340.00,2355.25,2318.75
2011/07/17,Sun,,,,
2011/07/16,Sat,,,,
2011/07/15,Fri,2338.00,2355.50,2358.75,2331.50
2011/07/14,Thu,2345.75,2334.00,2368.25,2314.50
2011/07/13,Wed,2344.50,2344.50,2375.00,2337.75
2011/07/12,Tue,2365.75,2344.50,2366.50,2330.50
2011/07/11,Mon,2404.25,2367.00,2404.25,2351.25
2011/07/10,Sun,,,,
2011/07/09,Sat,,,,
2011/07/08,Fri,2415.25,2408.50,2421.75,2375.75
2011/07/07,Thu,2376.00,2415.50,2416.00,2375.75
2011/07/06,Wed,2370.00,2375.25,2380.75,2358.50
2011/07/05,Tue,2355.00,2372.00,2372.00,2351.50
2011/07/04,Mon,,,,
2011/07/03,Sun,,,,
2011/07/02,Sat,,,,
2011/07/01,Fri,2318.75,2355.25,2360.75,2316.75
2011/06/30,Thu,2293.25,2321.00,2323.50,2287.50
2011/06/29,Wed,2283.00,2294.00,2300.50,2274.75
2011/06/28,Tue,2250.50,2284.00,2285.00,2241.50
2011/06/27,Mon,2208.75,2249.00,2260.00,2191.50
2011/06/26,Sun,,,,
2011/06/25,Sat,,,,
2011/06/24,Fri,2237.50,2207.75,2258.50,2206.75
2011/06/23,Thu,2229.00,2237.50,2253.50,2199.50
2011/06/22,Wed,2243.25,2229.50,2250.75,2228.75
2011/06/21,Tue,2199.50,2244.00,2249.75,2198.00
2011/06/20,Mon,2189.50,2200.00,2207.00,2174.00
2011/06/19,Sun,,,,
2011/06/18,Sat,,,,
2011/06/17,Fri,2199.75,2225.78,2220.00,2191.75
2011/06/16,Thu,2211.50,2199.25,2217.50,2180.75
2011/06/15,Wed,2249.50,2209.00,2250.25,2204.25
2011/06/14,Tue,2226.00,2250.75,2256.25,2220.25
2011/06/13,Mon,2217.00,2223.25,2234.00,2214.50
2011/06/12,Sun,,,,
2011/06/11,Sat,,,,
2011/06/10,Fri,2252.50,2221.25,2255.75,2218.50
2011/06/09,Thu,2250.75,2252.50,2267.50,2245.50
2011/06/08,Wed,2273.50,2248.00,2278.00,2246.75
2011/06/07,Tue,2274.00,2273.75,2288.25,2268.00
2011/06/06,Mon,2288.50,2274.00,2299.25,2271.25
2011/06/05,Sun,,,,
2011/06/04,Sat,,,,
2011/06/03,Fri,2325.75,2287.50,2328.00,2284.75
2011/06/02,Thu,2320.50,2326.00,2335.50,2313.75
2011/06/01,Wed,2375.50,2319.50,2380.75,2318.00
2011/05/31,Tue,2331.25,2371.75,2377.75,2330.75
2011/05/30,Mon,,,,
2011/05/29,Sun,,,,
2011/05/28,Sat,,,,
2011/05/27,Fri,2326.50,2332.50,2338.50,2322.25
2011/05/26,Thu,2309.75,2325.25,2331.00,2302.00
2011/05/25,Wed,2300.75,2309.50,2320.75,2281.00
2011/05/24,Tue,2315.50,2301.75,2324.25,2298.75
2011/05/23,Mon,2341.50,2315.50,2342.75,2304.25
2011/05/22,Sun,,,,
2011/05/21,Sat,,,,
2011/05/20,Fri,2368.50,2343.50,2372.75,2342.25
2011/05/19,Thu,2362.00,2369.00,2373.25,2353.50
2011/05/18,Wed,2341.25,2361.50,2365.00,2333.50
2011/05/17,Tue,2333.75,2337.25,2346.00,2318.25
2011/05/16,Mon,2366.00,2334.50,2372.75,2329.25
2011/05/15,Sun,,,,
2011/05/14,Sat,,,,
2011/05/13,Fri,2408.00,2370.00,2414.25,2369.00
2011/05/12,Thu,2393.75,2407.00,2409.25,2369.00
2011/05/11,Wed,2407.50,2393.50,2415.25,2374.00
2011/05/10,Tue,2386.25,2409.25,2412.00,2382.75
2011/05/09,Mon,2378.00,2386.50,2398.00,2374.00
2011/05/08,Sun,,,,
2011/05/07,Sat,,,,
2011/05/06,Fri,2378.50,2373.50,2409.75,2372.75
2011/05/05,Thu,2385.00,2379.00,2399.75,2363.50
2011/05/04,Wed,2389.75,2384.00,2396.00,2364.75
2011/05/03,Tue,2402.75,2389.75,2403.00,2374.00
2011/05/02,Mon,2408.00,2401.50,2428.00,2393.50
2011/05/01,Sun,,,,
2011/04/30,Sat,,,,
2011/04/29,Fri,2401.00,2400.75,2412.50,2397.25
2011/04/28,Thu,2409.25,2401.75,2415.75,2396.25
2011/04/27,Wed,2388.00,2409.00,2412.75,2387.25
2011/04/26,Tue,2377.25,2384.75,2402.00,2372.75
2011/04/25,Mon,2373.00,2377.50,2382.25,2371.75
2011/04/24,Sun,,,,
2011/04/23,Sat,,,,
2011/04/22,Fri,,,,
2011/04/21,Thu,2356.00,2375.50,2382.75,2356.00
2011/04/20,Wed,2313.75,2355.00,2363.75,2313.00
2011/04/19,Tue,2289.00,2311.00,2317.50,2277.75
2011/04/18,Mon,2308.00,2290.00,2310.00,2250.25
2011/04/17,Sun,,,,
2011/04/16,Sat,,,,
2011/04/15,Fri,2301.75,2309.75,2313.75,2289.25
2011/04/14,Thu,2309.00,2300.75,2312.00,2287.50
2011/04/13,Wed,2292.25,2308.50,2319.50,2291.50
2011/04/12,Tue,2309.50,2293.00,2310.00,2285.00
2011/04/11,Mon,2322.75,2308.00,2334.00,2302.00
2011/04/10,Sun,,,,
2011/04/09,Sat,,,,
2011/04/08,Fri,2329.00,2318.00,2342.75,2304.75
2011/04/07,Thu,2325.50,2329.25,2344.25,2311.75
2011/04/06,Wed,2324.00,2325.50,2350.00,2316.75
2011/04/05,Tue,2341.00,2323.25,2343.00,2318.25
2011/04/04,Mon,2337.25,2340.50,2349.75,2322.00
2011/04/03,Sun,,,,
2011/04/02,Sat,,,,
2011/04/01,Fri,2339.00,2338.50,2358.00,2333.25
2011/03/31,Thu,2334.25,2336.25,2341.50,2327.50
2011/03/30,Wed,2322.25,2334.50,2343.25,2320.25
2011/03/29,Tue,2296.75,2322.50,2324.75,2289.50
2011/03/28,Mon,2316.25,2295.75,2328.50,2294.75
2011/03/27,Sun,,,,
2011/03/26,Sat,,,,
2011/03/25,Fri,2305.50,2317.00,2335.00,2304.00
2011/03/24,Thu,2265.00,2308.50,2313.50,2262.75
2011/03/23,Wed,2256.00,2265.00,2274.75,2232.00
2011/03/22,Tue,2256.25,2257.25,2264.00,2249.25
2011/03/21,Mon,2223.00,2254.50,2271.25,2219.50
2011/03/20,Sun,,,,
2011/03/19,Sat,,,,
2011/03/18,Fri,2224.00,2242.96,2255.50,2218.00
2011/03/17,Thu,2210.50,2228.50,2248.00,2188.25
2011/03/16,Wed,2249.00,2211.00,2264.25,2188.50
2011/03/15,Tue,2292.25,2247.50,2296.50,2216.25
2011/03/14,Mon,2296.50,2292.00,2304.75,2273.50
2011/03/13,Sun,,,,
2011/03/12,Sat,,,,
2011/03/11,Fri,2282.50,2305.25,2306.25,2265.00
2011/03/10,Thu,2312.25,2283.00,2315.50,2275.25
2011/03/09,Wed,2332.75,2310.50,2340.50,2308.25
2011/03/08,Tue,2324.00,2333.75,2348.00,2310.50
2011/03/07,Mon,2360.25,2324.50,2374.25,2306.25
2011/03/06,Sun,,,,
2011/03/05,Sat,,,,
2011/03/04,Fri,2371.25,2359.75,2378.75,2344.25
2011/03/03,Thu,2322.00,2371.75,2376.00,2321.25
2011/03/02,Wed,2311.25,2323.25,2341.00,2301.75
2011/03/01,Tue,2351.00,2311.50,2371.75,2307.50
2011/02/28,Mon,2345.25,2350.75,2363.00,2334.75
2011/02/27,Sun,,,,
2011/02/26,Sat,,,,
2011/02/25,Fri,2310.00,2345.75,2350.25,2305.50
2011/02/24,Thu,2302.75,2308.25,2321.00,2280.25
2011/02/23,Wed,2322.00,2303.50,2334.75,2285.00
2011/02/22,Tue,2393.50,2321.75,2394.00,2315.50
2011/02/21,Mon,,,,
2011/02/20,Sun,,,,
2011/02/19,Sat,,,,
2011/02/18,Fri,2393.75,2395.00,2400.50,2382.00
2011/02/17,Thu,2392.00,2393.50,2400.75,2383.50
2011/02/16,Wed,2381.25,2392.00,2403.00,2379.75
2011/02/15,Tue,2381.75,2381.50,2385.50,2370.75
2011/02/14,Mon,2376.25,2381.75,2387.50,2375.50
2011/02/13,Sun,,,,
2011/02/12,Sat,,,,
2011/02/11,Fri,2360.00,2378.25,2380.50,2347.75
2011/02/10,Thu,2357.00,2361.75,2365.00,2338.25
2011/02/09,Wed,2362.50,2362.25,2365.50,2350.50
2011/02/08,Tue,2343.75,2362.75,2364.00,2341.25
2011/02/07,Mon,2337.75,2345.00,2359.75,2334.50
2011/02/06,Sun,,,,
2011/02/05,Sat,,,,
2011/02/04,Fri,2322.25,2337.50,2339.50,2316.50
2011/02/03,Thu,2319.00,2321.75,2326.25,2295.75
2011/02/02,Wed,2320.75,2319.75,2327.75,2312.00
2011/02/01,Tue,2284.00,2322.50,2328.25,2281.25
2011/01/31,Mon,2265.50,2280.00,2286.00,2248.50
2011/01/30,Sun,,,,
2011/01/29,Sat,,,,
2011/01/28,Fri,2322.00,2268.00,2331.00,2258.00
2011/01/27,Thu,2318.00,2323.00,2334.50,2313.25
2011/01/26,Wed,2300.25,2318.50,2320.00,2298.00
2011/01/25,Tue,2298.00,2301.25,2303.25,2281.25
2011/01/24,Mon,2268.75,2298.00,2300.75,2264.50
2011/01/23,Sun,,,,
2011/01/22,Sat,,,,
2011/01/21,Fri,2281.75,2269.00,2300.25,2265.75
2011/01/20,Thu,2297.75,2281.50,2299.50,2267.00
2011/01/19,Wed,2331.50,2294.50,2346.50,2293.00
2011/01/18,Tue,2321.25,2330.75,2332.50,2285.25
2011/01/17,Mon,,,,
2011/01/16,Sun,,,,
2011/01/15,Sat,,,,
2011/01/14,Fri,2303.75,2320.00,2323.00,2297.50
2011/01/13,Thu,2304.75,2302.75,2309.50,2296.75
2011/01/12,Wed,2286.00,2304.50,2306.75,2284.00
2011/01/11,Tue,2282.00,2285.50,2295.25,2278.00
2011/01/10,Mon,2272.25,2282.50,2287.00,2260.75
2011/01/09,Sun,,,,
2011/01/08,Sat,,,,
2011/01/07,Fri,2277.00,2273.00,2282.25,2252.00
2011/01/06,Thu,2270.75,2276.25,2279.25,2267.25
2011/01/05,Wed,2246.75,2269.75,2271.75,2229.50
2011/01/04,Tue,2249.75,2245.50,2262.50,2236.50
2011/01/03,Mon,2220.00,2250.50,2267.75,2219.25
2011/01/02,Sun,,,,
2011/01/01,Sat,,,,
2010/12/31,Fri,2225.25,2216.00,2229.00,2207.50
2010/12/30,Thu,2228.50,2224.50,2232.75,2221.50
2010/12/29,Wed,2227.25,2228.50,2235.75,2224.25
2010/12/28,Tue,2229.25,2225.50,2237.00,2221.25
2010/12/27,Mon,2227.25,2230.00,2234.00,2207.25
2010/12/26,Sun,,,,
2010/12/25,Sat,,,,
2010/12/24,Fri,,,,
2010/12/23,Thu,2236.75,2230.50,2239.00,2223.75
2010/12/22,Wed,2233.75,2236.00,2238.25,2230.25
2010/12/21,Tue,2220.00,2235.25,2237.00,2219.25
2010/12/20,Mon,2216.00,2220.25,2230.00,2205.50
2010/12/19,Sun,,,,
2010/12/18,Sat,,,,
2010/12/17,Fri,2222.25,2222.92,2224.00,2216.50
2010/12/16,Thu,2204.00,2220.25,2225.75,2197.75
2010/12/15,Wed,2217.00,2202.25,2224.25,2197.00
2010/12/14,Tue,2209.75,2215.25,2221.00,2205.75
2010/12/13,Mon,2217.75,2211.75,2234.00,2206.75
2010/12/12,Sun,,,,
2010/12/11,Sat,,,,
2010/12/10,Fri,2200.25,2216.50,2218.25,2197.25
2010/12/09,Thu,2199.50,2201.25,2214.75,2193.75
2010/12/08,Wed,2190.25,2200.50,2202.00,2180.00
2010/12/07,Tue,2191.25,2190.00,2217.00,2185.50
2010/12/06,Mon,2188.00,2190.50,2193.75,2177.00
2010/12/05,Sun,,,,
2010/12/04,Sat,,,,
2010/12/03,Fri,2188.00,2187.25,2195.00,2167.75
2010/12/02,Thu,2159.00,2187.00,2188.75,2156.75
2010/12/01,Wed,2115.00,2158.50,2174.00,2110.75
2010/11/30,Tue,2144.75,2117.00,2147.50,2109.25
2010/11/29,Mon,2150.00,2145.50,2160.25,2117.75
2010/11/28,Sun,,,,
2010/11/27,Sat,,,,
2010/11/26,Fri,2156.50,2146.00,2163.25,2134.75
2010/11/25,Thu,,,,
2010/11/24,Wed,2117.25,2158.00,2165.50,2113.00
2010/11/23,Tue,2152.75,2119.00,2154.25,2104.75
2010/11/22,Mon,2139.00,2154.50,2155.50,2120.75
2010/11/21,Sun,,,,
2010/11/20,Sat,,,,
2010/11/19,Fri,2135.25,2133.50,2138.75,2119.75
2010/11/18,Thu,2097.50,2134.25,2146.75,2095.75
2010/11/17,Wed,2093.00,2097.00,2109.25,2088.00
2010/11/16,Tue,2126.75,2090.75,2127.25,2083.50
2010/11/15,Mon,2134.00,2128.00,2151.00,2126.50
2010/11/14,Sun,,,,
2010/11/13,Sat,,,,
2010/11/12,Fri,2171.75,2133.75,2174.25,2119.25
2010/11/11,Thu,2175.25,2172.50,2175.50,2142.25
2010/11/10,Wed,2175.25,2174.50,2187.25,2160.00
2010/11/09,Tue,2183.00,2176.25,2198.00,2164.25
2010/11/08,Mon,2180.50,2184.00,2189.25,2173.50
2010/11/07,Sun,,,,
2010/11/06,Sat,,,,
2010/11/05,Fri,2184.00,2184.75,2191.00,2176.50
2010/11/04,Thu,2164.50,2184.50,2191.00,2162.25
2010/11/03,Wed,2151.25,2164.25,2165.50,2130.00
2010/11/02,Tue,2128.25,2150.25,2153.75,2126.25
2010/11/01,Mon,2125.00,2129.00,2146.50,2115.00
2010/10/31,Sun,,,,
2010/10/30,Sat,,,,
2010/10/29,Fri,2126.75,2122.00,2135.50,2116.75
2010/10/28,Thu,2123.50,2125.75,2136.75,2109.25
2010/10/27,Wed,2117.25,2123.75,2125.00,2102.25
2010/10/26,Tue,2109.25,2116.00,2122.00,2092.50
2010/10/25,Mon,2104.00,2108.50,2125.50,2102.00
2010/10/24,Sun,,,,
2010/10/23,Sat,,,,
2010/10/22,Fri,2080.50,2104.00,2104.50,2077.00
2010/10/21,Thu,2085.00,2080.00,2104.50,2066.75
2010/10/20,Wed,2068.00,2083.75,2098.50,2062.50
2010/10/19,Tue,2092.00,2067.50,2103.00,2051.50
2010/10/18,Mon,2095.00,2094.50,2104.75,2082.75
2010/10/17,Sun,,,,
2010/10/16,Sat,,,,
2010/10/15,Fri,2065.00,2095.00,2097.75,2060.25
2010/10/14,Thu,2056.50,2062.00,2067.50,2041.25
2010/10/13,Wed,2042.00,2056.00,2065.25,2035.75
2010/10/12,Tue,2025.25,2037.00,2043.50,2004.25
2010/10/11,Mon,2023.00,2025.50,2035.00,2018.75
2010/10/10,Sun,,,,
2010/10/09,Sat,,,,
2010/10/08,Fri,2014.00,2020.75,2029.25,1982.00
2010/10/07,Thu,2004.25,2014.00,2019.75,1993.75
2010/10/06,Wed,2018.75,2004.25,2024.50,1990.25
2010/10/05,Tue,1977.25,2018.50,2025.00,1975.50
2010/10/04,Mon,1997.75,1977.00,1997.75,1961.00
2010/10/03,Sun,,,,
2010/10/02,Sat,,,,
2010/10/01,Fri,1995.75,1994.50,2015.50,1985.00
2010/09/30,Thu,2009.50,1995.50,2028.25,1983.25
2010/09/29,Wed,2009.75,2009.00,2018.50,1998.50
2010/09/28,Tue,2008.00,2008.50,2024.50,1977.25
2010/09/27,Mon,2018.75,2007.25,2032.00,2007.75
2010/09/26,Sun,,,,
2010/09/25,Sat,,,,
2010/09/24,Fri,1982.75,2018.25,2022.00,1978.75
2010/09/23,Thu,1979.50,1981.50,2000.25,1962.50
2010/09/22,Wed,1985.50,1979.50,1994.75,1970.50
2010/09/21,Tue,1982.00,1985.50,2000.25,1977.00
2010/09/20,Mon,1950.50,1981.75,1990.75,1947.25
2010/09/19,Sun,,,,
2010/09/18,Sat,,,,
2010/09/17,Fri,1955.50,1959.83,1973.00,1955.00
2010/09/16,Thu,1943.75,1952.50,1955.50,1932.00
2010/09/15,Wed,1925.75,1942.25,1943.00,1916.75
2010/09/14,Tue,1919.25,1925.25,1938.75,1912.50
2010/09/13,Mon,1896.50,1919.25,1925.25,1896.50
2010/09/12,Sun,,,,
2010/09/11,Sat,,,,
2010/09/10,Fri,1886.75,1892.25,1896.75,1880.00
2010/09/09,Thu,1878.25,1885.75,1897.75,1874.75
2010/09/08,Wed,1857.25,1877.50,1888.00,1852.25
2010/09/07,Tue,1867.50,1857.50,1878.00,1853.75
2010/09/06,Mon,,,,
2010/09/05,Sun,,,,
2010/09/04,Sat,,,,
2010/09/03,Fri,1838.75,1867.00,1871.25,1834.50
2010/09/02,Thu,1820.50,1837.25,1841.25,1813.00
2010/09/01,Wed,1773.25,1820.00,1825.00,1770.50
2010/08/31,Tue,1768.50,1766.50,1781.75,1754.50
2010/08/30,Mon,1790.75,1768.75,1805.50,1768.25
2010/08/29,Sun,,,,
2010/08/28,Sat,,,,
2010/08/27,Fri,1766.00,1789.25,1794.50,1744.00
2010/08/26,Thu,1790.00,1767.50,1802.75,1765.00
2010/08/25,Wed,1773.75,1789.75,1798.50,1756.75
2010/08/24,Tue,1809.25,1773.75,1810.25,1766.00
2010/08/23,Mon,1824.75,1809.50,1842.75,1804.75
2010/08/22,Sun,,,,
2010/08/21,Sat,,,,
2010/08/20,Fri,1820.00,1825.50,1829.75,1808.50
2010/08/19,Thu,1838.75,1820.00,1850.50,1810.25
2010/08/18,Wed,1840.00,1836.75,1862.25,1831.00
2010/08/17,Tue,1819.25,1839.50,1860.50,1817.00
2010/08/16,Mon,1817.75,1820.00,1833.25,1800.00
2010/08/15,Sun,,,,
2010/08/14,Sat,,,,
2010/08/13,Fri,1830.00,1815.25,1842.75,1815.25
2010/08/12,Thu,1837.25,1827.25,1838.25,1806.25
2010/08/11,Wed,1897.00,1837.75,1898.00,1837.00
2010/08/10,Tue,1914.00,1896.50,1914.00,1880.75
2010/08/09,Mon,1903.00,1913.75,1918.00,1898.50
2010/08/08,Sun,,,,
2010/08/07,Sat,,,,
2010/08/06,Fri,1902.50,1902.50,1907.75,1871.25
2010/08/05,Thu,1906.25,1901.00,1912.75,1891.00
2010/08/04,Wed,1892.50,1905.25,1910.00,1883.25
2010/08/03,Tue,1893.75,1893.00,1898.25,1879.75
2010/08/02,Mon,1868.75,1894.25,1901.75,1864.50
2010/08/01,Sun,,,,
2010/07/31,Sat,,,,
2010/07/30,Fri,1857.00,1862.25,1873.50,1831.50
2010/07/29,Thu,1870.25,1857.25,1886.50,1838.50
2010/07/28,Wed,1885.75,1869.75,1894.75,1864.75
2010/07/27,Tue,1887.50,1886.50,1900.75,1878.25
2010/07/26,Mon,1874.25,1887.50,1888.25,1866.00
2010/07/25,Sun,,,,
2010/07/24,Sat,,,,
2010/07/23,Fri,1850.50,1873.75,1876.25,1844.25
2010/07/22,Thu,1815.50,1852.75,1869.25,1812.50
2010/07/21,Wed,1839.75,1815.50,1860.00,1811.00
2010/07/20,Tue,1805.25,1839.75,1841.25,1781.75
2010/07/19,Mon,1800.50,1805.50,1821.25,1782.50
2010/07/18,Sun,,,,
2010/07/17,Sat,,,,
2010/07/16,Fri,1849.50,1802.00,1856.00,1800.00
2010/07/15,Thu,1850.25,1849.25,1864.50,1828.50
2010/07/14,Wed,1860.00,1851.25,1866.25,1838.00
2010/07/13,Tue,1819.00,1842.50,1849.50,1818.00
2010/07/12,Mon,1810.00,1820.25,1829.75,1801.25
2010/07/11,Sun,,,,
2010/07/10,Sat,,,,
2010/07/09,Fri,1796.75,1811.50,1815.25,1789.25
2010/07/08,Thu,1788.50,1798.00,1803.25,1774.50
2010/07/07,Wed,1734.75,1789.50,1789.50,1721.75
2010/07/06,Tue,1722.00,1734.50,1762.50,1705.75
2010/07/05,Mon,,,,
2010/07/04,Sun,,,,
2010/07/03,Sat,,,,
2010/07/02,Fri,1728.75,1721.25,1745.75,1710.25
2010/07/01,Thu,1736.25,1728.00,1745.75,1698.00
2010/06/30,Wed,1764.00,1738.00,1777.50,1733.00
2010/06/29,Tue,1835.50,1763.50,1839.50,1748.00
2010/06/28,Mon,1839.00,1836.00,1851.50,1821.25
2010/06/27,Sun,,,,
2010/06/26,Sat,,,,
2010/06/25,Fri,1846.00,1839.25,1856.50,1827.25
2010/06/24,Thu,1870.00,1849.50,1875.25,1837.25
2010/06/23,Wed,1878.75,1873.75,1890.00,1857.75
2010/06/22,Tue,1899.00,1878.25,1916.75,1876.50
2010/06/21,Mon,1923.00,1899.50,1941.00,1883.75
2010/06/20,Sun,,,,
2010/06/19,Sat,,,,
2010/06/18,Fri,1910.75,1912.97,1915.75,1906.25
2010/06/17,Thu,1906.75,1910.50,1918.75,1894.00
2010/06/16,Wed,1894.50,1907.00,1913.50,1880.00
2010/06/15,Tue,1847.25,1894.50,1899.00,1846.25
2010/06/14,Mon,1848.00,1847.75,1877.75,1844.00
2010/06/13,Sun,,,,
2010/06/12,Sat,,,,
2010/06/11,Fri,1821.25,1844.00,1848.75,1807.75
2010/06/10,Thu,1780.50,1822.50,1831.75,1775.25
2010/06/09,Wed,1791.75,1782.25,1823.50,1773.75
2010/06/08,Tue,1795.00,1791.50,1817.75,1770.00
2010/06/07,Mon,1831.75,1795.75,1845.50,1793.75
2010/06/06,Sun,,,,
2010/06/05,Sat,,,,
2010/06/04,Fri,1897.50,1834.25,1904.50,1824.25
2010/06/03,Thu,1877.00,1897.75,1899.25,1871.00
2010/06/02,Wed,1832.00,1879.00,1879.25,1828.50
2010/06/01,Tue,1852.00,1831.00,1878.00,1824.25
2010/05/31,Mon,,,,
2010/05/30,Sun,,,,
2010/05/29,Sat,,,,
2010/05/28,Fri,1862.25,1852.00,1874.25,1835.50
2010/05/27,Thu,1788.25,1863.75,1864.50,1781.75
2010/05/26,Wed,1814.50,1791.50,1849.75,1788.75
2010/05/25,Tue,1809.75,1815.50,1819.50,1754.25
2010/05/24,Mon,1821.25,1812.50,1840.00,1796.00
2010/05/23,Sun,,,,
2010/05/22,Sat,,,,
2010/05/21,Fri,1800.00,1819.25,1834.00,1765.50
2010/05/20,Thu,1867.75,1800.50,1875.00,1794.00
2010/05/19,Wed,1886.25,1868.25,1893.75,1849.50
2010/05/18,Tue,1912.25,1888.00,1932.00,1876.75
2010/05/17,Mon,1907.75,1913.50,1919.50,1870.50
2010/05/16,Sun,,,,
2010/05/15,Sat,,,,
2010/05/14,Fri,1945.00,1909.75,1950.50,1883.00
2010/05/13,Thu,1970.00,1947.25,1981.50,1938.50
2010/05/12,Wed,1934.75,1972.75,1976.25,1917.00
2010/05/11,Tue,1939.75,1935.25,1965.00,1915.00
2010/05/10,Mon,1873.75,1939.50,1942.00,1872.25
2010/05/09,Sun,,,,
2010/05/08,Sat,,,,
2010/05/07,Fri,1884.00,1848.50,1909.25,1805.75
2010/05/06,Thu,1958.00,1886.00,1963.00,1730.25
2010/05/05,Wed,1969.25,1958.50,1972.00,1934.50
2010/05/04,Tue,2026.00,1969.50,2028.50,1952.25
2010/05/03,Mon,2002.25,2027.00,2038.00,1999.25
2010/05/02,Sun,,,,
2010/05/01,Sat,,,,
2010/04/30,Fri,2041.00,1998.50,2047.00,1998.00
2010/04/29,Thu,2005.50,2041.00,2044.00,2004.75
2010/04/28,Wed,2008.75,2006.75,2022.75,1989.50
2010/04/27,Tue,2045.75,2008.75,2050.50,1998.50
2010/04/26,Mon,2050.00,2047.25,2058.75,2043.00
2010/04/25,Sun,,,,
2010/04/24,Sat,,,,
2010/04/23,Fri,2033.00,2053.00,2053.50,2029.25
2010/04/22,Thu,2021.00,2036.25,2045.00,2000.50
2010/04/21,Wed,2024.25,2025.50,2040.50,2018.50
2010/04/20,Tue,2011.75,2024.25,2025.25,2007.00
2010/04/19,Mon,2004.50,2013.00,2016.50,1985.75
2010/04/18,Sun,,,,
2010/04/17,Sat,,,,
2010/04/16,Fri,2033.00,2009.75,2035.25,1997.75
2010/04/15,Thu,2026.00,2034.75,2037.75,2017.75
2010/04/14,Wed,2009.75,2026.50,2026.75,2006.75
2010/04/13,Tue,1991.25,2001.25,2004.00,1984.25
2010/04/12,Mon,1995.00,1992.50,2001.75,1987.75
2010/04/11,Sun,,,,
2010/04/10,Sat,,,,
2010/04/09,Fri,1979.50,1992.00,1992.75,1975.00
2010/04/08,Thu,1974.00,1980.00,1982.50,1959.25
2010/04/07,Wed,1979.00,1975.00,1984.50,1964.25
2010/04/06,Tue,1973.00,1978.75,1985.75,1965.25
2010/04/05,Mon,1964.00,1973.50,1978.75,1955.25
2010/04/04,Sun,,,,
2010/04/03,Sat,,,,
2010/04/02,Fri,1953.50,1952.00,1962.50,1948.75
2010/04/01,Thu,1955.75,1952.00,1977.25,1940.75
2010/03/31,Wed,1964.50,1955.75,1967.50,1952.50
2010/03/30,Tue,1959.50,1965.50,1972.00,1952.25
2010/03/29,Mon,1952.00,1960.25,1966.25,1951.75
2010/03/28,Sun,,,,
2010/03/27,Sat,,,,
2010/03/26,Fri,1949.00,1951.75,1963.00,1939.25
2010/03/25,Thu,1951.00,1949.50,1974.25,1945.75
2010/03/24,Wed,1961.00,1951.50,1962.00,1946.00
2010/03/23,Tue,1948.00,1962.25,1962.00,1940.50
2010/03/22,Mon,1927.25,1948.50,1954.25,1919.00
2010/03/21,Sun,,,,
2010/03/20,Sat,,,,
2010/03/19,Fri,1944.50,1955.83,1952.00,1941.50
2010/03/18,Thu,1936.00,1944.50,1945.50,1931.75
2010/03/17,Wed,1930.25,1936.50,1946.25,1929.75
2010/03/16,Tue,1921.25,1931.00,1934.50,1919.00
2010/03/15,Mon,1927.75,1919.50,1927.75,1906.50
2010/03/14,Sun,,,,
2010/03/13,Sat,,,,
2010/03/12,Fri,1926.00,1926.75,1935.25,1916.50
2010/03/11,Thu,1917.75,1925.25,1926.75,1909.25
2010/03/10,Wed,1901.50,1918.75,1921.25,1900.00
2010/03/09,Tue,1888.00,1901.25,1912.00,1881.00
2010/03/08,Mon,1884.00,1888.25,1894.75,1883.25
2010/03/07,Sun,,,,
2010/03/06,Sat,,,,
2010/03/05,Fri,1858.75,1885.50,1889.50,1857.00
2010/03/04,Thu,1851.25,1859.75,1860.75,1844.25
2010/03/03,Wed,1851.00,1852.00,1861.25,1845.75
2010/03/02,Tue,1842.75,1852.25,1862.25,1842.50
2010/03/01,Mon,1821.25,1842.75,1848.50,1821.25
2010/02/28,Sun,,,,
2010/02/27,Sat,,,,
2010/02/26,Fri,1813.00,1818.50,1822.25,1803.50
2010/02/25,Thu,1813.00,1813.50,1816.00,1780.50
2010/02/24,Wed,1799.50,1814.00,1819.75,1796.50
2010/02/23,Tue,1819.75,1801.00,1829.00,1785.25
2010/02/22,Mon,1818.75,1821.00,1833.00,1810.25
2010/02/21,Sun,,,,
2010/02/20,Sat,,,,
2010/02/19,Fri,1819.25,1819.25,1830.00,1801.00
2010/02/18,Thu,1812.00,1820.75,1824.75,1804.75
2010/02/17,Wed,1799.25,1811.75,1812.50,1797.50
2010/02/16,Tue,1781.50,1799.25,1801.50,1775.25
2010/02/15,Mon,,,,
2010/02/14,Sun,,,,
2010/02/13,Sat,,,,
2010/02/12,Fri,1773.25,1783.25,1783.50,1754.00
2010/02/11,Thu,1744.50,1775.50,1778.75,1736.75
2010/02/10,Wed,1752.50,1744.75,1762.75,1736.00
2010/02/09,Tue,1734.00,1752.00,1767.25,1732.00
2010/02/08,Mon,1747.25,1734.50,1753.75,1730.50
2010/02/07,Sun,,,,
2010/02/06,Sat,,,,
2010/02/05,Fri,1734.00,1745.00,1747.75,1710.75
2010/02/04,Thu,1784.50,1734.75,1792.00,1731.50
2010/02/03,Wed,1769.00,1785.50,1786.50,1763.50
2010/02/02,Tue,1756.25,1769.00,1778.00,1747.75
2010/02/01,Mon,1740.00,1755.75,1758.25,1737.00
2010/01/31,Sun,,,,
2010/01/30,Sat,,,,
2010/01/29,Fri,1777.75,1739.25,1789.25,1731.75
2010/01/28,Thu,1807.50,1770.50,1820.00,1759.25
2010/01/27,Wed,1798.75,1809.00,1821.50,1787.75
2010/01/26,Tue,1809.75,1796.50,1823.75,1783.75
2010/01/25,Mon,1794.75,1798.50,1811.75,1792.50
2010/01/24,Sun,,,,
2010/01/23,Sat,,,,
2010/01/22,Fri,1841.25,1797.75,1849.25,1789.50
2010/01/21,Thu,1867.75,1841.00,1883.50,1838.75
2010/01/20,Wed,1889.25,1867.00,1892.25,1845.50
2010/01/19,Tue,1861.75,1889.75,1895.75,1857.50
2010/01/18,Mon,,,,
2010/01/17,Sun,,,,
2010/01/16,Sat,,,,
2010/01/15,Fri,1893.00,1862.25,1894.00,1854.75
2010/01/14,Thu,1882.25,1888.25,1890.25,1876.00
2010/01/13,Wed,1866.00,1882.50,1889.50,1853.25
2010/01/12,Tue,1882.00,1865.50,1883.75,1850.00
2010/01/11,Mon,1892.25,1883.50,1900.00,1874.25
2010/01/10,Sun,,,,
2010/01/09,Sat,,,,
2010/01/08,Fri,1877.50,1890.00,1892.50,1865.00
2010/01/07,Thu,1877.75,1877.50,1880.50,1865.75
2010/01/06,Wed,1884.50,1878.50,1891.75,1872.25
2010/01/05,Tue,1887.00,1885.25,1890.25,1876.00
2010/01/04,Mon,1865.50,1886.75,1889.00,1865.50
2010/01/03,Sun,,,,
2010/01/02,Sat,,,,
2010/01/01,Fri,,,,
2009/12/31,Thu,1876.00,1858.75,1882.00,1858.75
2009/12/30,Wed,1871.00,1876.75,1880.25,1862.25
2009/12/29,Tue,1873.75,1872.50,1881.25,1869.25
2009/12/28,Mon,1867.50,1874.50,1881.50,1862.75
2009/12/27,Sun,,,,
2009/12/26,Sat,,,,
2009/12/25,Fri,,,,
2009/12/24,Thu,1851.75,1868.00,1869.50,1850.75
2009/12/23,Wed,1841.00,1852.25,1853.00,1837.00
2009/12/22,Tue,1825.50,1841.00,1841.00,1825.25
2009/12/21,Mon,1806.00,1825.50,1833.75,1803.00
2009/12/20,Sun,,,,
2009/12/19,Sat,,,,
2009/12/18,Fri,1788.25,1794.94,1798.00,1786.25
2009/12/17,Thu,1802.25,1787.25,1804.00,1776.75
2009/12/16,Wed,1797.75,1801.75,1815.00,1796.50
2009/12/15,Tue,1809.75,1796.75,1813.75,1793.25
2009/12/14,Mon,1794.25,1809.75,1811.00,1788.25
2009/12/13,Sun,,,,
2009/12/12,Sat,,,,
2009/12/11,Fri,1799.50,1794.00,1812.75,1784.50
2009/12/10,Thu,1791.50,1800.00,1808.50,1786.25
2009/12/09,Wed,1768.75,1792.50,1792.75,1758.75
2009/12/08,Tue,1785.25,1768.50,1789.75,1760.00
2009/12/07,Mon,1795.00,1784.00,1799.00,1779.00
2009/12/06,Sun,,,,
2009/12/05,Sat,,,,
2009/12/04,Fri,1779.50,1795.00,1816.25,1772.75
2009/12/03,Thu,1791.50,1780.25,1806.75,1777.75
2009/12/02,Wed,1791.25,1791.50,1806.50,1786.00
2009/12/01,Tue,1766.50,1792.00,1799.00,1765.00
2009/11/30,Mon,1763.00,1767.50,1775.00,1750.25
2009/11/29,Sun,,,,
2009/11/28,Sat,,,,
2009/11/27,Fri,1794.25,1759.25,1797.25,1722.25
2009/11/26,Thu,,,,
2009/11/25,Wed,1786.25,1794.25,1799.75,1775.75
2009/11/24,Tue,1790.25,1786.50,1801.75,1762.25
2009/11/23,Mon,1763.00,1791.25,1801.75,1762.25
2009/11/22,Sun,,,,
2009/11/21,Sat,,,,
2009/11/20,Fri,1770.50,1763.50,1774.00,1755.00
2009/11/19,Thu,1800.50,1770.25,1802.00,1759.75
2009/11/18,Wed,1808.75,1800.50,1813.25,1788.75
2009/11/17,Tue,1802.75,1808.75,1811.75,1795.25
2009/11/16,Mon,1789.50,1803.50,1813.75,1787.25
2009/11/15,Sun,,,,
2009/11/14,Sat,,,,
2009/11/13,Fri,1772.75,1788.25,1792.50,1770.25
2009/11/12,Thu,1784.00,1773.75,1793.50,1768.50
2009/11/11,Wed,1772.25,1783.75,1792.50,1770.75
2009/11/10,Tue,1766.00,1772.50,1776.50,1759.00
2009/11/09,Mon,1728.00,1766.50,1767.50,1727.50
2009/11/08,Sun,,,,
2009/11/07,Sat,,,,
2009/11/06,Fri,1719.00,1729.75,1737.50,1705.00
2009/11/05,Thu,1686.75,1719.25,1722.00,1671.50
2009/11/04,Wed,1675.00,1686.75,1700.00,1673.50
2009/11/03,Tue,1670.75,1675.50,1677.50,1651.00
2009/11/02,Mon,1661.00,1669.00,1687.75,1650.25
2009/11/01,Sun,,,,
2009/10/31,Sat,,,,
2009/10/30,Fri,1707.00,1665.50,1711.75,1660.00
2009/10/29,Thu,1680.75,1707.50,1713.00,1677.25
2009/10/28,Wed,1719.50,1680.00,1723.00,1677.25
2009/10/27,Tue,1747.50,1719.75,1751.75,1713.00
2009/10/26,Mon,1751.00,1748.00,1777.25,1737.50
2009/10/25,Sun,,,,
2009/10/24,Sat,,,,
2009/10/23,Fri,1762.25,1752.00,1778.25,1746.75
2009/10/22,Thu,1749.50,1762.50,1766.25,1737.50
2009/10/21,Wed,1757.25,1753.25,1779.25,1746.00
2009/10/20,Tue,1749.50,1758.25,1773.50,1743.50
2009/10/19,Mon,1730.00,1750.25,1756.50,1723.25
2009/10/18,Sun,,,,
2009/10/17,Sat,,,,
2009/10/16,Fri,1749.50,1731.50,1758.00,1724.75
2009/10/15,Thu,1747.50,1748.50,1754.25,1737.00
2009/10/14,Wed,1740.00,1747.75,1754.50,1737.75
2009/10/13,Tue,1728.00,1726.75,1735.75,1720.25
2009/10/12,Mon,1725.00,1727.75,1740.50,1716.50
2009/10/11,Sun,,,,
2009/10/10,Sat,,,,
2009/10/09,Fri,1716.00,1725.50,1727.75,1706.50
2009/10/08,Thu,1707.50,1716.50,1730.75,1707.50
2009/10/07,Wed,1700.75,1708.00,1710.00,1696.00
2009/10/06,Tue,1674.00,1700.75,1711.25,1674.00
2009/10/05,Mon,1662.50,1674.00,1681.25,1658.00
2009/10/04,Sun,,,,
2009/10/03,Sat,,,,
2009/10/02,Fri,1669.75,1662.25,1674.75,1649.75
2009/10/01,Thu,1716.00,1670.50,1726.75,1663.75
2009/09/30,Wed,1715.00,1717.50,1730.00,1688.75
2009/09/29,Tue,1722.50,1715.50,1730.75,1706.75
2009/09/28,Mon,1697.00,1722.75,1732.50,1688.00
2009/09/27,Sun,,,,
2009/09/26,Sat,,,,
2009/09/25,Fri,1699.00,1697.00,1709.00,1688.75
2009/09/24,Thu,1724.25,1699.50,1736.75,1696.00
2009/09/23,Wed,1733.50,1725.50,1753.25,1720.75
2009/09/22,Tue,1727.50,1734.25,1741.25,1725.50
2009/09/21,Mon,1717.25,1727.75,1733.75,1706.75
2009/09/20,Sun,,,,
2009/09/19,Sat,,,,
2009/09/18,Fri,1722.00,1733.48,1735.00,1715.50
2009/09/17,Thu,1718.75,1722.00,1746.00,1714.00
2009/09/16,Wed,1695.00,1719.50,1725.00,1694.75
2009/09/15,Tue,1690.50,1696.75,1703.50,1681.50
2009/09/14,Mon,1685.00,1689.75,1693.50,1667.50
2009/09/13,Sun,,,,
2009/09/12,Sat,,,,
2009/09/11,Fri,1683.25,1685.50,1691.00,1674.00
2009/09/10,Thu,1666.50,1685.00,1686.50,1661.75
2009/09/09,Wed,1653.75,1666.00,1677.00,1645.00
2009/09/08,Tue,1635.50,1655.25,1656.75,1633.75
2009/09/07,Mon,,,,
2009/09/06,Sun,,,,
2009/09/05,Sat,,,,
2009/09/04,Fri,1604.50,1635.75,1640.50,1600.50
2009/09/03,Thu,1592.75,1604.00,1608.50,1584.50
2009/09/02,Wed,1595.25,1593.00,1603.00,1585.25
2009/09/01,Tue,1625.00,1595.50,1649.00,1590.25
2009/08/31,Mon,1641.25,1625.00,1645.00,1615.75
2009/08/30,Sun,,,,
2009/08/29,Sat,,,,
2009/08/28,Fri,1639.00,1642.50,1668.50,1630.50
2009/08/27,Thu,1637.25,1639.00,1643.50,1610.50
2009/08/26,Wed,1636.50,1636.50,1649.25,1627.50
2009/08/25,Tue,1634.00,1636.50,1655.50,1625.25
2009/08/24,Mon,1635.00,1634.00,1648.25,1628.75
2009/08/23,Sun,,,,
2009/08/22,Sat,,,,
2009/08/21,Fri,1613.25,1635.50,1639.75,1600.00
2009/08/20,Thu,1598.00,1614.00,1620.25,1591.00
2009/08/19,Wed,1586.00,1598.75,1600.50,1564.50
2009/08/18,Tue,1566.50,1587.00,1588.25,1563.75
2009/08/17,Mon,1612.25,1566.25,1612.50,1561.25
2009/08/16,Sun,,,,
2009/08/15,Sat,,,,
2009/08/14,Fri,1630.50,1615.00,1634.00,1595.00
2009/08/13,Thu,1619.00,1631.75,1638.50,1610.00
2009/08/12,Wed,1596.25,1618.75,1633.75,1587.25
2009/08/11,Tue,1611.75,1596.50,1617.75,1585.75
2009/08/10,Mon,1619.00,1612.50,1619.75,1597.75
2009/08/09,Sun,,,,
2009/08/08,Sat,,,,
2009/08/07,Fri,1600.25,1619.75,1627.75,1595.25
2009/08/06,Thu,1615.25,1601.25,1624.50,1593.50
2009/08/05,Wed,1630.00,1614.50,1631.50,1602.50
2009/08/04,Tue,1625.50,1630.25,1632.50,1612.75
2009/08/03,Mon,1601.25,1626.75,1628.25,1600.50
2009/08/02,Sun,,,,
2009/08/01,Sat,,,,
2009/07/31,Fri,1605.50,1602.00,1618.75,1598.50
2009/07/30,Thu,1600.25,1606.75,1632.00,1599.00
2009/07/29,Wed,1601.25,1600.75,1603.75,1583.75
2009/07/28,Tue,1598.25,1601.50,1608.00,1581.50
2009/07/27,Mon,1597.25,1599.50,1609.00,1578.50
2009/07/26,Sun,,,,
2009/07/25,Sat,,,,
2009/07/24,Fri,1579.75,1597.25,1600.25,1572.00
2009/07/23,Thu,1557.75,1584.00,1603.75,1555.00
2009/07/22,Wed,1552.25,1556.50,1571.25,1544.75
2009/07/21,Tue,1539.75,1554.00,1555.00,1528.25
2009/07/20,Mon,1527.75,1540.50,1544.00,1523.50
2009/07/19,Sun,,,,
2009/07/18,Sat,,,,
2009/07/17,Fri,1512.25,1528.00,1529.00,1504.75
2009/07/16,Thu,1495.75,1512.75,1520.25,1489.00
2009/07/15,Wed,1462.50,1497.25,1499.50,1462.25
2009/07/14,Tue,1441.75,1446.75,1453.25,1437.25
2009/07/13,Mon,1418.50,1442.50,1446.75,1399.50
2009/07/12,Sun,,,,
2009/07/11,Sat,,,,
2009/07/10,Fri,1413.75,1416.00,1426.50,1402.75
2009/07/09,Thu,1407.00,1413.50,1421.25,1406.50
2009/07/08,Wed,1408.25,1407.00,1415.50,1392.50
2009/07/07,Tue,1441.00,1408.00,1446.75,1401.25
2009/07/06,Mon,1442.75,1441.00,1444.25,1422.25
2009/07/05,Sun,,,,
2009/07/04,Sat,,,,
2009/07/03,Fri,1445.00,1445.25,1450.25,1438.50
2009/07/02,Thu,1478.50,1445.25,1479.25,1441.25
2009/07/01,Wed,1477.50,1478.75,1496.25,1474.25
2009/06/30,Tue,1481.00,1476.25,1491.75,1465.75
2009/06/29,Mon,1476.00,1481.50,1492.50,1466.75
2009/06/28,Sun,,,,
2009/06/27,Sat,,,,
2009/06/26,Fri,1473.50,1476.75,1482.00,1463.75
2009/06/25,Thu,1446.25,1473.00,1476.75,1432.75
2009/06/24,Wed,1424.25,1447.25,1457.00,1420.00
2009/06/23,Tue,1427.75,1424.00,1434.25,1412.00
2009/06/22,Mon,1463.75,1428.00,1470.50,1421.25
2009/06/21,Sun,,,,
2009/06/20,Sat,,,,
2009/06/19,Fri,1450.00,1470.53,1469.00,1447.75
2009/06/18,Thu,1454.00,1451.00,1464.25,1444.50
2009/06/17,Wed,1447.00,1454.75,1470.75,1439.50
2009/06/16,Tue,1459.25,1445.75,1469.50,1442.50
2009/06/15,Mon,1482.75,1458.50,1483.00,1444.75
2009/06/14,Sun,,,,
2009/06/13,Sat,,,,
2009/06/12,Fri,1489.25,1486.50,1497.50,1469.75
2009/06/11,Thu,1494.50,1492.00,1512.00,1488.25
2009/06/10,Wed,1500.25,1495.75,1517.75,1473.25
2009/06/09,Tue,1490.25,1500.75,1509.50,1486.50
2009/06/08,Mon,1491.75,1490.50,1500.25,1466.75
2009/06/07,Sun,,,,
2009/06/06,Sat,,,,
2009/06/05,Fri,1492.75,1495.00,1513.00,1478.50
2009/06/04,Thu,1475.75,1493.00,1493.75,1473.75
2009/06/03,Wed,1479.00,1477.50,1484.50,1458.75
2009/06/02,Tue,1470.00,1478.50,1494.50,1464.50
2009/06/01,Mon,1434.00,1470.00,1482.25,1430.00
2009/05/31,Sun,,,,
2009/05/30,Sat,,,,
2009/05/29,Fri,1417.75,1435.50,1442.75,1411.00
2009/05/28,Thu,1402.50,1418.25,1424.25,1389.25
2009/05/27,Wed,1410.25,1404.00,1428.75,1397.75
2009/05/26,Tue,1359.75,1410.75,1414.50,1342.75
2009/05/25,Mon,,,,
2009/05/24,Sun,,,,
2009/05/23,Sat,,,,
2009/05/22,Fri,1368.25,1360.75,1379.25,1352.25
2009/05/21,Thu,1392.00,1367.50,1393.50,1352.00
2009/05/20,Wed,1393.00,1392.50,1423.00,1386.50
2009/05/19,Tue,1389.00,1394.00,1410.50,1379.00
2009/05/18,Mon,1352.25,1388.50,1392.50,1342.50
2009/05/17,Sun,,,,
2009/05/16,Sat,,,,
2009/05/15,Fri,1354.25,1354.25,1373.00,1341.25
2009/05/14,Thu,1344.50,1353.75,1368.75,1336.50
2009/05/13,Wed,1386.00,1344.25,1389.50,1338.25
2009/05/12,Tue,1397.00,1385.00,1406.50,1360.75
2009/05/11,Mon,1387.00,1396.75,1409.75,1366.00
2009/05/10,Sun,,,,
2009/05/09,Sat,,,,
2009/05/08,Fri,1394.00,1389.50,1410.25,1375.75
2009/05/07,Thu,1427.75,1394.50,1437.75,1375.25
2009/05/06,Wed,1426.25,1429.75,1435.50,1399.00
2009/05/05,Tue,1424.00,1427.25,1428.25,1406.25
2009/05/04,Mon,1397.50,1422.50,1425.75,1397.50
2009/05/03,Sun,,,,
2009/05/02,Sat,,,,
2009/05/01,Fri,1388.75,1398.50,1402.75,1381.00
2009/04/30,Thu,1377.25,1393.50,1417.25,1376.25
2009/04/29,Wed,1359.25,1377.75,1397.25,1355.00
2009/04/28,Tue,1371.50,1360.50,1377.50,1351.00
2009/04/27,Mon,1368.00,1373.25,1383.50,1350.25
2009/04/26,Sun,,,,
2009/04/25,Sat,,,,
2009/04/24,Fri,1343.00,1375.00,1378.50,1335.50
2009/04/23,Thu,1328.25,1342.00,1347.25,1319.00
2009/04/22,Wed,1327.75,1323.50,1362.00,1314.75
2009/04/21,Tue,1313.00,1328.00,1330.00,1299.75
2009/04/20,Mon,1349.50,1313.50,1349.50,1301.50
2009/04/19,Sun,,,,
2009/04/18,Sat,,,,
2009/04/17,Fri,1350.75,1352.00,1360.75,1336.75
2009/04/16,Thu,1316.75,1352.00,1358.25,1307.25
2009/04/15,Wed,1312.75,1317.00,1320.00,1293.50
2009/04/14,Tue,1334.00,1324.00,1341.00,1310.50
2009/04/13,Mon,1332.00,1332.00,1343.50,1321.50
2009/04/12,Sun,,,,
2009/04/11,Sat,,,,
2009/04/10,Fri,,,,
2009/04/09,Thu,1298.75,1336.00,1341.25,1297.25
2009/04/08,Wed,1282.00,1298.50,1305.75,1267.00
2009/04/07,Tue,1312.00,1280.75,1317.25,1266.75
2009/04/06,Mon,1315.50,1312.00,1327.50,1285.50
2009/04/05,Sun,,,,
2009/04/04,Sat,,,,
2009/04/03,Fri,1303.75,1316.25,1318.00,1293.25
2009/04/02,Thu,1251.00,1301.50,1310.75,1248.75
2009/04/01,Wed,1228.00,1251.00,1254.75,1210.00
2009/03/31,Tue,1222.75,1237.50,1257.75,1222.00
2009/03/30,Mon,1250.00,1222.75,1254.50,1203.50
2009/03/29,Sun,,,,
2009/03/28,Sat,,,,
2009/03/27,Fri,1273.50,1256.00,1277.00,1248.00
2009/03/26,Thu,1231.00,1273.00,1281.75,1231.00
2009/03/25,Wed,1235.50,1233.50,1261.50,1205.25
2009/03/24,Tue,1253.50,1236.25,1258.00,1186.50
2009/03/23,Mon,1186.50,1252.00,1258.00,1186.50
2009/03/22,Sun,,,,
2009/03/21,Sat,,,,
2009/03/20,Fri,1208.00,1215.15,1209.50,1194.25
2009/03/19,Thu,1209.50,1204.50,1223.75,1196.00
2009/03/18,Wed,1191.75,1213.75,1225.25,1180.00
2009/03/17,Tue,1152.25,1191.25,1192.25,1148.25
2009/03/16,Mon,1169.00,1153.75,1182.00,1144.00
2009/03/15,Sun,,,,
2009/03/14,Sat,,,,
2009/03/13,Fri,1159.00,1169.50,1176.00,1149.25
2009/03/12,Thu,1125.50,1164.50,1167.75,1111.75
2009/03/11,Wed,1105.00,1125.00,1135.75,1105.00
2009/03/10,Tue,1045.25,1106.00,1112.50,1041.75
2009/03/09,Mon,1076.75,1047.00,1087.75,1040.25
2009/03/08,Sun,,,,
2009/03/07,Sat,,,,
2009/03/06,Fri,1084.00,1076.50,1089.50,1043.00
2009/03/05,Thu,1122.25,1083.00,1122.25,1072.00
2009/03/04,Wed,1073.00,1101.00,1125.00,1062.00
2009/03/03,Tue,1086.00,1072.00,1102.25,1068.00
2009/03/02,Mon,1114.25,1086.00,1116.00,1074.25
2009/03/01,Sun,,,,
2009/02/28,Sat,,,,
2009/02/27,Fri,1131.00,1117.00,1138.75,1107.25
2009/02/26,Thu,1155.50,1132.25,1175.00,1126.75
2009/02/25,Wed,1163.00,1154.00,1184.25,1142.00
2009/02/24,Tue,1136.00,1163.50,1176.75,1133.00
2009/02/23,Mon,1174.50,1135.75,1196.00,1125.50
2009/02/22,Sun,,,,
2009/02/21,Sat,,,,
2009/02/20,Fri,1170.50,1171.75,1183.50,1150.00
2009/02/19,Thu,1178.50,1170.50,1201.50,1165.25
2009/02/18,Wed,1185.25,1180.00,1204.00,1171.50
2009/02/17,Tue,1224.25,1182.50,1227.00,1179.00
2009/02/16,Mon,,,,
2009/02/15,Sun,,,,
2009/02/14,Sat,,,,
2009/02/13,Fri,1245.25,1229.25,1255.00,1226.00
2009/02/12,Thu,1224.75,1245.25,1247.00,1202.50
2009/02/11,Wed,1227.00,1224.50,1239.75,1206.50
2009/02/10,Tue,1274.25,1232.50,1286.00,1221.50
2009/02/09,Mon,1273.00,1275.75,1285.50,1258.00
2009/02/08,Sun,,,,
2009/02/07,Sat,,,,
2009/02/06,Fri,1236.50,1275.75,1279.50,1230.25
2009/02/05,Thu,1214.75,1234.50,1249.25,1185.00
2009/02/04,Wed,1208.50,1214.00,1242.75,1203.75
2009/02/03,Tue,1189.75,1207.75,1217.75,1177.50
2009/02/02,Mon,1181.00,1188.75,1202.00,1153.50
2009/02/01,Sun,,,,
2009/01/31,Sat,,,,
2009/01/30,Fri,1207.50,1179.25,1214.25,1173.75
2009/01/29,Thu,1230.00,1206.00,1231.25,1196.00
2009/01/28,Wed,1187.75,1231.25,1244.75,1185.00
2009/01/27,Tue,1181.00,1185.75,1200.25,1176.25
2009/01/26,Mon,1165.00,1179.50,1201.25,1146.75
2009/01/25,Sun,,,,
2009/01/24,Sat,,,,
2009/01/23,Fri,1169.50,1164.25,1191.00,1141.50
2009/01/22,Thu,1181.75,1172.25,1202.25,1146.00
2009/01/21,Wed,1148.25,1181.50,1185.00,1140.00
2009/01/20,Tue,1199.00,1147.50,1222.25,1132.00
2009/01/19,Mon,,,,
2009/01/18,Sun,,,,
2009/01/17,Sat,,,,
2009/01/16,Fri,1181.00,1197.00,1201.00,1164.50
2009/01/15,Thu,1165.25,1177.25,1191.00,1138.50
2009/01/14,Wed,1204.00,1165.50,1210.75,1155.25
2009/01/13,Tue,1206.25,1204.00,1218.50,1185.00
2009/01/12,Mon,1221.00,1206.00,1226.00,1186.25
2009/01/11,Sun,,,,
2009/01/10,Sat,,,,
2009/01/09,Fri,1250.25,1221.50,1256.25,1216.00
2009/01/08,Thu,1240.50,1249.50,1252.75,1222.75
2009/01/07,Wed,1270.00,1239.50,1273.25,1227.50
2009/01/06,Tue,1263.75,1271.00,1287.00,1259.50
2009/01/05,Mon,1251.75,1265.00,1275.00,1244.25
2009/01/04,Sun,,,,
2009/01/03,Sat,,,,
2009/01/02,Fri,1211.00,1253.00,1268.25,1204.00
2009/01/01,Thu,,,,
2008/12/31,Wed,1206.25,1212.50,1224.75,1196.75
2008/12/30,Tue,1176.25,1206.00,1208.00,1175.25
2008/12/29,Mon,1188.00,1175.50,1198.00,1156.25
2008/12/28,Sun,,,,
2008/12/27,Sat,,,,
2008/12/26,Fri,1184.75,1188.50,1191.00,1178.75
2008/12/25,Thu,,,,
2008/12/24,Wed,1185.75,1180.00,1189.50,1178.75
2008/12/23,Tue,1199.25,1184.50,1206.50,1176.25
2008/12/22,Mon,1211.50,1197.00,1223.50,1169.50
2008/12/21,Sun,,,,
2008/12/20,Sat,,,,
2008/12/19,Fri,1221.00,1216.54,1223.25,1210.00
2008/12/18,Thu,1229.00,1224.00,1235.50,1193.00
2008/12/17,Wed,1235.00,1227.00,1242.25,1203.75
2008/12/16,Tue,1191.75,1239.00,1246.00,1188.00
2008/12/15,Mon,1213.50,1193.50,1222.75,1166.75
2008/12/14,Sun,,,,
2008/12/13,Sat,,,,
2008/12/12,Fri,1185.25,1213.50,1215.00,1134.00
2008/12/11,Thu,1217.75,1188.50,1229.50,1175.50
2008/12/10,Wed,1217.75,1217.00,1240.25,1203.25
2008/12/09,Tue,1213.75,1217.00,1252.50,1200.50
2008/12/08,Mon,1177.00,1212.00,1237.75,1170.75
2008/12/07,Sun,,,,
2008/12/06,Sat,,,,
2008/12/05,Fri,1134.00,1178.00,1181.00,1095.00
2008/12/04,Thu,1157.75,1135.00,1169.00,1109.00
2008/12/03,Wed,1132.25,1156.00,1166.50,1096.00
2008/12/02,Tue,1091.25,1133.00,1136.00,1089.50
2008/12/01,Mon,1185.75,1094.50,1188.25,1090.25
2008/11/30,Sun,,,,
2008/11/29,Sat,,,,
2008/11/28,Fri,1191.75,1186.00,1199.50,1171.25
2008/11/27,Thu,,,,
2008/11/26,Wed,1135.00,1194.50,1195.00,1122.00
2008/11/25,Tue,1145.75,1135.50,1174.25,1117.75
2008/11/24,Mon,1098.25,1147.00,1164.00,1072.25
2008/11/23,Sun,,,,
2008/11/22,Sat,,,,
2008/11/21,Fri,1043.50,1091.00,1093.00,1017.75
2008/11/20,Thu,1089.50,1039.50,1115.00,1031.25
2008/11/19,Wed,1168.50,1092.50,1172.00,1082.75
2008/11/18,Tue,1159.00,1174.00,1175.50,1113.00
2008/11/17,Mon,1157.25,1158.50,1188.75,1139.25
2008/11/16,Sun,,,,
2008/11/15,Sat,,,,
2008/11/14,Fri,1237.75,1155.50,1239.75,1155.00
2008/11/13,Thu,1165.25,1234.50,1243.75,1108.50
2008/11/12,Wed,1222.00,1163.50,1244.75,1161.00
2008/11/11,Tue,1255.00,1223.00,1262.00,1208.00
2008/11/10,Mon,1293.00,1256.50,1321.25,1235.50
2008/11/09,Sun,,,,
2008/11/08,Sat,,,,
2008/11/07,Fri,1241.25,1288.50,1290.00,1241.25
2008/11/06,Thu,1304.75,1240.50,1305.75,1235.00
2008/11/05,Wed,1379.75,1306.25,1389.00,1296.25
2008/11/04,Tue,1341.25,1380.50,1384.00,1333.75
2008/11/03,Mon,1340.00,1341.50,1356.50,1322.50
2008/11/02,Sun,,,,
2008/11/01,Sat,,,,
2008/10/31,Fri,1340.00,1337.00,1361.25,1305.25
2008/10/30,Thu,1293.00,1345.00,1354.75,1293.00
2008/10/29,Wed,1305.50,1294.00,1346.75,1271.25
2008/10/28,Tue,1162.75,1308.00,1309.00,1151.25
2008/10/27,Mon,1190.75,1162.00,1228.50,1136.75
2008/10/26,Sun,,,,
2008/10/25,Sat,,,,
2008/10/24,Fri,1249.75,1191.50,1254.75,1149.75
2008/10/23,Thu,1246.00,1253.50,1265.50,1175.75
2008/10/22,Wed,1290.00,1248.00,1324.00,1208.25
2008/10/21,Tue,1364.25,1292.50,1364.25,1280.50
2008/10/20,Mon,1314.00,1360.00,1363.25,1291.00
2008/10/19,Sun,,,,
2008/10/18,Sat,,,,
2008/10/17,Fri,1321.00,1311.00,1371.75,1269.00
2008/10/16,Thu,1234.00,1323.00,1330.75,1191.25
2008/10/15,Wed,1378.50,1229.00,1391.25,1229.00
2008/10/14,Tue,1451.75,1366.00,1499.00,1353.25
2008/10/13,Mon,1297.50,1458.50,1459.50,1297.50
2008/10/12,Sun,,,,
2008/10/11,Sat,,,,
2008/10/10,Fri,1281.75,1282.50,1326.25,1198.25
2008/10/09,Thu,1329.00,1272.00,1373.00,1262.50
2008/10/08,Wed,1342.00,1320.00,1393.25,1280.75
2008/10/07,Tue,1409.00,1336.50,1440.00,1332.25
2008/10/06,Mon,1478.00,1406.50,1480.00,1343.75
2008/10/05,Sun,,,,
2008/10/04,Sat,,,,
2008/10/03,Fri,1510.00,1477.50,1561.75,1474.75
2008/10/02,Thu,1577.25,1510.50,1590.75,1495.75
2008/10/01,Wed,1599.75,1578.75,1600.25,1552.25
2008/09/30,Tue,1515.00,1604.50,1605.75,1505.75
2008/09/29,Mon,1680.75,1512.00,1688.00,1494.00
2008/09/28,Sun,,,,
2008/09/27,Sat,,,,
2008/09/26,Fri,1674.50,1674.75,1684.50,1630.00
2008/09/25,Thu,1671.00,1680.00,1714.25,1664.75
2008/09/24,Wed,1656.75,1672.00,1682.00,1649.50
2008/09/23,Tue,1671.50,1650.50,1752.00,1647.75
2008/09/22,Mon,1735.00,1669.75,1752.00,1663.25
2008/09/21,Sun,,,,
2008/09/20,Sat,,,,
2008/09/19,Fri,1699.00,1768.09,1788.75,1696.50
2008/09/18,Thu,1645.25,1700.25,1706.25,1605.75
2008/09/17,Wed,1730.00,1640.75,1739.75,1634.25
2008/09/16,Tue,1721.00,1726.25,1740.75,1684.00
2008/09/15,Mon,1763.25,1715.50,1763.25,1706.00
2008/09/14,Sun,,,,
2008/09/13,Sat,,,,
2008/09/12,Fri,1773.25,1773.25,1780.00,1743.75
2008/09/11,Thu,1736.75,1775.25,1776.50,1705.25
2008/09/10,Wed,1731.75,1737.50,1755.75,1726.00
2008/09/09,Tue,1762.50,1728.75,1780.25,1720.75
2008/09/08,Mon,1794.50,1760.75,1815.25,1735.25
2008/09/07,Sun,,,,
2008/09/06,Sat,,,,
2008/09/05,Fri,1774.75,1770.00,1780.50,1741.25
2008/09/04,Thu,1836.25,1775.75,1836.25,1774.00
2008/09/03,Wed,1851.75,1834.25,1859.50,1821.75
2008/09/02,Tue,1875.25,1851.75,1915.50,1844.00
2008/09/01,Mon,,,,
2008/08/31,Sun,,,,
2008/08/30,Sat,,,,
2008/08/29,Fri,1905.00,1875.00,1908.00,1867.50
2008/08/28,Thu,1901.00,1905.50,1924.00,1891.00
2008/08/27,Wed,1891.50,1901.75,1916.50,1882.00
2008/08/26,Tue,1894.75,1891.50,1903.75,1876.50
2008/08/25,Mon,1930.00,1895.00,1930.75,1887.00
2008/08/24,Sun,,,,
2008/08/23,Sat,,,,
2008/08/22,Fri,1906.75,1929.50,1941.25,1901.25
2008/08/21,Thu,1915.75,1907.25,1917.00,1888.25
2008/08/20,Wed,1918.75,1916.00,1936.00,1902.25
2008/08/19,Tue,1943.25,1919.25,1946.50,1903.00
2008/08/18,Mon,1964.00,1943.50,1976.00,1923.75
2008/08/17,Sun,,,,
2008/08/16,Sat,,,,
2008/08/15,Fri,1966.00,1965.50,1977.25,1952.50
2008/08/14,Thu,1943.50,1965.75,1973.00,1933.50
2008/08/13,Wed,1944.75,1941.50,1959.25,1923.75
2008/08/12,Tue,1941.50,1944.75,1961.00,1931.25
2008/08/11,Mon,1921.00,1943.00,1966.00,1918.75
2008/08/10,Sun,,,,
2008/08/09,Sat,,,,
2008/08/08,Fri,1886.25,1923.75,1932.00,1879.25
2008/08/07,Thu,1896.50,1886.00,1907.75,1876.50
2008/08/06,Wed,1869.00,1896.25,1906.75,1856.00
2008/08/05,Tue,1811.50,1869.00,1874.00,1810.00
2008/08/04,Mon,1833.25,1811.75,1837.25,1801.75
2008/08/03,Sun,,,,
2008/08/02,Sat,,,,
2008/08/01,Fri,1854.50,1833.00,1863.25,1806.75
2008/07/31,Thu,1857.25,1853.75,1878.75,1832.50
2008/07/30,Wed,1842.25,1856.25,1866.75,1828.25
2008/07/29,Tue,1811.75,1842.00,1855.50,1806.50
2008/07/28,Mon,1845.25,1813.75,1854.50,1800.00
2008/07/27,Sun,,,,
2008/07/26,Sat,,,,
2008/07/25,Fri,1818.00,1840.50,1853.50,1815.25
2008/07/24,Thu,1846.25,1819.50,1863.50,1811.50
2008/07/23,Wed,1825.25,1849.00,1870.25,1822.25
2008/07/22,Tue,1821.75,1824.00,1827.25,1787.75
2008/07/21,Mon,1827.75,1827.50,1845.00,1813.25
2008/07/20,Sun,,,,
2008/07/19,Sat,,,,
2008/07/18,Fri,1832.50,1828.75,1848.50,1819.25
2008/07/17,Thu,1841.25,1839.75,1868.50,1833.00
2008/07/16,Wed,1802.75,1844.75,1850.25,1785.75
2008/07/15,Tue,1802.75,1799.00,1833.50,1765.25
2008/07/14,Mon,1817.75,1802.50,1850.50,1796.75
2008/07/13,Sun,,,,
2008/07/12,Sat,,,,
2008/07/11,Fri,1845.50,1820.50,1860.25,1788.00
2008/07/10,Thu,1831.75,1844.25,1852.75,1809.50
2008/07/09,Wed,1869.00,1831.50,1877.50,1823.75
2008/07/08,Tue,1831.25,1868.50,1876.75,1810.75
2008/07/07,Mon,1815.75,1832.25,1854.50,1804.00
2008/07/06,Sun,,,,
2008/07/05,Sat,,,,
2008/07/04,Fri,1822.00,1822.00,1828.50,1813.75
2008/07/03,Thu,1826.75,1822.00,1839.00,1806.25
2008/07/02,Wed,1869.75,1825.00,1887.25,1820.50
2008/07/01,Tue,1848.75,1869.00,1872.00,1815.75
2008/06/30,Mon,1866.75,1846.00,1873.00,1842.25
2008/06/29,Sun,,,,
2008/06/28,Sat,,,,
2008/06/27,Fri,1871.75,1865.75,1877.75,1836.00
2008/06/26,Thu,1932.00,1866.50,1933.25,1862.50
2008/06/25,Wed,1912.00,1932.25,1960.75,1912.00
2008/06/24,Tue,1919.00,1911.50,1934.75,1895.00
2008/06/23,Mon,1943.00,1918.00,1952.00,1917.50
2008/06/22,Sun,,,,
2008/06/21,Sat,,,,
2008/06/20,Fri,1981.00,1965.70,1984.00,1965.00
2008/06/19,Thu,1954.50,1981.00,1992.00,1934.50
2008/06/18,Wed,1974.50,1952.25,1979.50,1943.25
2008/06/17,Tue,1979.50,1976.50,1996.25,1970.00
2008/06/16,Mon,1968.75,1980.50,1992.50,1952.50
2008/06/15,Sun,,,,
2008/06/14,Sat,,,,
2008/06/13,Fri,1934.50,1965.00,1970.50,1919.50
2008/06/12,Thu,1923.50,1930.00,1956.00,1910.25
2008/06/11,Wed,1972.25,1926.75,1983.75,1923.75
2008/06/10,Tue,1986.00,1973.25,1989.50,1956.50
2008/06/09,Mon,1987.50,1987.75,2000.50,1949.00
2008/06/08,Sun,,,,
2008/06/07,Sat,,,,
2008/06/06,Fri,2055.25,1988.75,2062.75,1987.00
2008/06/05,Thu,2019.50,2056.25,2060.25,2017.25
2008/06/04,Wed,1999.00,2020.75,2038.00,1986.00
2008/06/03,Tue,2011.75,1998.25,2029.25,1978.75
2008/06/02,Mon,2037.00,2011.25,2038.50,1991.00
2008/06/01,Sun,,,,
2008/05/31,Sat,,,,
2008/05/30,Fri,2025.75,2035.25,2043.75,2023.50
2008/05/29,Thu,2002.50,2023.00,2033.00,1999.75
2008/05/28,Wed,1993.75,2005.00,2008.75,1983.25
2008/05/27,Tue,1960.25,1993.00,1998.50,1954.00
2008/05/26,Mon,,,,
2008/05/25,Sun,,,,
2008/05/24,Sat,,,,
2008/05/23,Fri,1966.00,1958.25,1969.50,1945.75
2008/05/22,Thu,1966.75,1966.50,1981.50,1957.50
2008/05/21,Wed,2008.75,1964.50,2019.25,1954.00
2008/05/20,Tue,2024.75,2009.50,2026.00,1990.25
2008/05/19,Mon,2035.50,2025.75,2054.25,2008.25
2008/05/18,Sun,,,,
2008/05/17,Sat,,,,
2008/05/16,Fri,2035.00,2035.50,2041.50,2012.75
2008/05/15,Thu,1996.50,2035.75,2037.25,1994.25
2008/05/14,Wed,2006.25,1996.50,2032.75,1995.75
2008/05/13,Tue,1997.25,2006.00,2009.00,1985.50
2008/05/12,Mon,1963.25,1998.50,2003.50,1961.50
2008/05/11,Sun,,,,
2008/05/10,Sat,,,,
2008/05/09,Fri,1964.00,1963.25,1973.50,1951.25
2008/05/08,Thu,1961.00,1965.00,1984.00,1958.00
2008/05/07,Wed,2000.75,1960.50,2005.50,1950.00
2008/05/06,Tue,1981.00,1999.00,2002.50,1962.00
2008/05/05,Mon,1987.00,1980.50,1997.75,1969.00
2008/05/04,Sun,,,,
2008/05/03,Sat,,,,
2008/05/02,Fri,1984.00,1990.25,2008.00,1970.00
2008/05/01,Thu,1922.25,1983.25,1985.75,1921.50
2008/04/30,Wed,1939.00,1923.25,1960.50,1916.75
2008/04/29,Tue,1926.50,1939.00,1947.75,1918.75
2008/04/28,Mon,1922.25,1926.50,1941.75,1918.75
2008/04/27,Sun,,,,
2008/04/26,Sat,,,,
2008/04/25,Fri,1920.00,1921.00,1933.75,1898.75
2008/04/24,Thu,1906.50,1920.75,1949.50,1887.00
2008/04/23,Wed,1895.50,1905.50,1919.25,1889.00
2008/04/22,Tue,1913.00,1895.00,1918.00,1872.75
2008/04/21,Mon,1903.00,1914.00,1920.50,1893.00
2008/04/20,Sun,,,,
2008/04/19,Sat,,,,
2008/04/18,Fri,1873.00,1903.00,1914.75,1870.50
2008/04/17,Thu,1867.00,1867.00,1871.25,1834.50
2008/04/16,Wed,1821.50,1862.25,1865.75,1814.50
2008/04/15,Tue,1797.50,1796.75,1809.75,1781.25
2008/04/14,Mon,1807.00,1796.25,1814.00,1791.50
2008/04/13,Sun,,,,
2008/04/12,Sat,,,,
2008/04/11,Fri,1858.00,1806.25,1869.75,1799.00
2008/04/10,Thu,1836.25,1858.75,1870.25,1823.75
2008/04/09,Wed,1855.50,1837.25,1866.25,1820.50
2008/04/08,Tue,1866.75,1854.75,1866.75,1843.50
2008/04/07,Mon,1868.00,1865.75,1893.75,1862.75
2008/04/06,Sun,,,,
2008/04/05,Sat,,,,
2008/04/04,Fri,1867.75,1869.75,1891.25,1852.75
2008/04/03,Thu,1860.00,1867.25,1873.75,1842.50
2008/04/02,Wed,1857.50,1862.25,1878.25,1843.25
2008/04/01,Tue,1785.50,1857.75,1862.25,1777.25
2008/03/31,Mon,1780.50,1790.50,1796.50,1767.50
2008/03/30,Sun,,,,
2008/03/29,Sat,,,,
2008/03/28,Fri,1792.50,1780.00,1809.50,1768.00
2008/03/27,Thu,1807.75,1792.00,1823.50,1782.75
2008/03/26,Wed,1825.75,1810.25,1829.75,1802.75
2008/03/25,Tue,1819.00,1826.00,1839.50,1748.50
2008/03/24,Mon,1752.75,1819.25,1826.50,1748.50
2008/03/23,Sun,,,,
2008/03/22,Sat,,,,
2008/03/21,Fri,,,,
2008/03/20,Thu,1720.50,1722.98,1728.25,1703.50
2008/03/19,Wed,1765.25,1718.50,1775.50,1715.75
2008/03/18,Tue,1710.00,1764.75,1766.50,1668.50
2008/03/17,Mon,1710.00,1689.75,1748.25,1668.50
2008/03/16,Sun,,,,
2008/03/15,Sat,,,,
2008/03/14,Fri,1749.75,1718.00,1776.25,1696.75
2008/03/13,Thu,1736.00,1748.50,1761.50,1699.50
2008/03/12,Wed,1751.00,1734.75,1766.25,1668.75
2008/03/11,Tue,1678.75,1750.50,1753.50,1668.75
2008/03/10,Mon,1708.25,1676.75,1717.75,1674.00
2008/03/09,Sun,,,,
2008/03/08,Sat,,,,
2008/03/07,Fri,1716.75,1708.75,1734.25,1682.25
2008/03/06,Thu,1757.50,1714.25,1773.00,1711.00
2008/03/05,Wed,1743.50,1759.50,1770.75,1738.75
2008/03/04,Tue,1737.50,1742.50,1751.00,1708.75
2008/03/03,Mon,1748.00,1736.75,1750.00,1718.25
2008/03/02,Sun,,,,
2008/03/01,Sat,,,,
2008/02/29,Fri,1785.00,1748.25,1789.25,1742.75
2008/02/28,Thu,1801.00,1784.25,1812.25,1782.75
2008/02/27,Wed,1795.75,1800.25,1809.75,1777.25
2008/02/26,Tue,1785.50,1796.75,1811.50,1765.75
2008/02/25,Mon,1776.00,1785.50,1794.75,1764.50
2008/02/24,Sun,,,,
2008/02/23,Sat,,,,
2008/02/22,Fri,1775.50,1781.00,1810.75,1742.00
2008/02/21,Thu,1788.75,1776.00,1810.75,1764.75
2008/02/20,Wed,1781.50,1789.25,1821.00,1752.75
2008/02/19,Tue,1782.75,1781.50,1821.00,1762.00
2008/02/18,Mon,,,,
2008/02/17,Sun,,,,
2008/02/16,Sat,,,,
2008/02/15,Fri,1791.75,1786.50,1831.25,1770.00
2008/02/14,Thu,1822.00,1794.25,1831.25,1788.00
2008/02/13,Wed,1792.25,1820.25,1829.00,1784.00
2008/02/12,Tue,1796.75,1790.00,1816.75,1772.75
2008/02/11,Mon,1774.75,1797.25,1802.50,1763.75
2008/02/10,Sun,,,,
2008/02/09,Sat,,,,
2008/02/08,Fri,1768.00,1776.50,1785.25,1713.00
2008/02/07,Thu,1751.50,1767.00,1801.25,1713.00
2008/02/06,Wed,1788.50,1748.25,1830.75,1736.50
2008/02/05,Tue,1826.00,1785.00,1830.75,1778.75
2008/02/04,Mon,1864.75,1826.75,1869.25,1824.00
2008/02/03,Sun,,,,
2008/02/02,Sat,,,,
2008/02/01,Fri,1827.00,1863.50,1879.00,1825.50
2008/01/31,Thu,1807.00,1847.75,1860.50,1783.50
2008/01/30,Wed,1812.50,1811.50,1850.00,1796.25
2008/01/29,Tue,1809.00,1812.00,1825.00,1797.50
2008/01/28,Mon,1796.50,1810.25,1814.75,1761.50
2008/01/27,Sun,,,,
2008/01/26,Sat,,,,
2008/01/25,Fri,1847.00,1793.50,1873.50,1791.00
2008/01/24,Thu,1805.25,1837.00,1838.00,1798.50
2008/01/23,Wed,1809.50,1807.50,1812.00,1698.25
2008/01/22,Tue,1851.50,1801.00,1858.25,1744.50
2008/01/21,Mon,,,,
2008/01/20,Sun,,,,
2008/01/19,Sat,,,,
2008/01/18,Fri,1858.25,1849.50,1887.00,1839.00
2008/01/17,Thu,1883.00,1856.00,1905.00,1848.75
2008/01/16,Wed,1880.00,1881.00,1919.25,1859.25
2008/01/15,Tue,1957.25,1912.00,1959.50,1895.75
2008/01/14,Mon,1927.50,1955.00,1964.75,1906.00
2008/01/13,Sun,,,,
2008/01/12,Sat,,,,
2008/01/11,Fri,1960.00,1925.50,1963.00,1912.25
2008/01/10,Thu,1956.50,1960.75,1982.00,1937.00
2008/01/09,Wed,1928.00,1956.50,1964.75,1903.00
2008/01/08,Tue,1974.25,1928.50,1998.50,1921.75
2008/01/07,Mon,1984.75,1975.25,1995.50,1943.75
2008/01/06,Sun,,,,
2008/01/05,Sat,,,,
2008/01/04,Fri,2075.50,1985.00,2082.75,1976.75
2008/01/03,Thu,2071.25,2076.25,2082.00,2056.75
2008/01/02,Wed,2111.25,2070.00,2117.00,2056.50
2008/01/01,Tue,,,,
2007/12/31,Mon,2125.00,2104.75,2127.50,2101.00
2007/12/30,Sun,,,,
2007/12/29,Sat,,,,
2007/12/28,Fri,2131.00,2125.00,2146.25,2112.50
2007/12/27,Thu,2159.75,2131.50,2165.00,2124.75
2007/12/26,Wed,2148.75,2159.50,2164.25,2138.25
2007/12/25,Tue,,,,
2007/12/24,Mon,2131.00,2148.00,2155.50,2131.00
2007/12/23,Sun,,,,
2007/12/22,Sat,,,,
2007/12/21,Fri,2077.75,2098.93,2108.00,2074.00
2007/12/20,Thu,2033.50,2076.50,2076.75,2033.50
2007/12/19,Wed,2029.00,2036.00,2040.25,2016.75
2007/12/18,Tue,2028.00,2029.25,2048.75,2000.00
2007/12/17,Mon,2064.00,2028.50,2081.75,2022.00
2007/12/16,Sun,,,,
2007/12/15,Sat,,,,
2007/12/14,Fri,2089.00,2072.50,2099.75,2070.75
2007/12/13,Thu,2108.00,2092.75,2108.00,2074.25
2007/12/12,Wed,2090.75,2107.75,2133.25,2071.00
2007/12/11,Tue,2138.50,2090.00,2151.25,2084.25
2007/12/10,Mon,2130.75,2138.50,2144.75,2125.75
2007/12/09,Sun,,,,
2007/12/08,Sat,,,,
2007/12/07,Fri,2125.00,2132.00,2139.25,2118.00
2007/12/06,Thu,2101.50,2126.00,2132.25,2098.00
2007/12/05,Wed,2061.75,2101.25,2108.25,2061.75
2007/12/04,Tue,2074.75,2062.25,2082.00,2052.00
2007/12/03,Mon,2092.75,2075.00,2103.25,2069.75
2007/12/02,Sun,,,,
2007/12/01,Sat,,,,
2007/11/30,Fri,2097.75,2094.50,2129.25,2075.50
2007/11/29,Thu,2094.25,2100.50,2114.00,2085.75
2007/11/28,Wed,2032.75,2095.50,2107.00,2024.00
2007/11/27,Tue,2001.00,2032.50,2040.00,1995.25
2007/11/26,Mon,2031.75,2000.00,2053.75,1992.50
2007/11/25,Sun,,,,
2007/11/24,Sat,,,,
2007/11/23,Fri,2006.50,2032.50,2037.25,2004.50
2007/11/22,Thu,,,,
2007/11/21,Wed,2036.75,2005.50,2046.00,1992.00
2007/11/20,Tue,2030.00,2035.50,2071.75,1994.50
2007/11/19,Mon,2055.75,2028.00,2064.50,2016.25
2007/11/18,Sun,,,,
2007/11/17,Sat,,,,
2007/11/16,Fri,2035.25,2055.25,2060.75,2014.00
2007/11/15,Thu,2056.25,2033.50,2063.50,2015.50
2007/11/14,Wed,2067.25,2057.50,2101.75,2037.00
2007/11/13,Tue,1992.50,2066.75,2074.75,1982.25
2007/11/12,Mon,2041.00,1989.50,2051.75,1986.50
2007/11/11,Sun,,,,
2007/11/10,Sat,,,,
2007/11/09,Fri,2106.75,2041.75,2115.25,2037.25
2007/11/08,Thu,2175.00,2105.50,2180.00,2081.00
2007/11/07,Wed,2233.00,2181.00,2233.50,2177.50
2007/11/06,Tue,2212.25,2233.50,2236.00,2199.00
2007/11/05,Mon,2222.50,2212.75,2224.75,2191.25
2007/11/04,Sun,,,,
2007/11/03,Sat,,,,
2007/11/02,Fri,2214.00,2223.50,2234.50,2192.00
2007/11/01,Thu,2250.50,2215.50,2256.25,2207.75
2007/10/31,Wed,2217.75,2252.50,2253.00,2210.50
2007/10/30,Tue,2215.50,2217.75,2232.75,2204.75
2007/10/29,Mon,2215.50,2215.50,2217.25,2213.75
2007/10/28,Sun,,,,
2007/10/27,Sat,,,,
2007/10/26,Fri,2200.00,2207.25,2220.00,2188.00
2007/10/25,Thu,2203.50,2193.25,2220.00,2159.25
2007/10/24,Wed,2207.00,2203.00,2209.25,2154.00
2007/10/23,Tue,2176.25,2212.00,2221.00,2176.25
2007/10/22,Mon,2146.50,2171.75,2177.00,2127.75
2007/10/21,Sun,,,,
2007/10/20,Sat,,,,
2007/10/19,Fri,2206.50,2149.75,2218.25,2146.50
2007/10/18,Thu,2201.50,2206.00,2210.00,2178.25
2007/10/17,Wed,2179.25,2196.75,2202.75,2160.25
2007/10/16,Tue,2180.00,2176.25,2186.00,2161.50
2007/10/15,Mon,2199.50,2180.75,2204.00,2162.00
2007/10/14,Sun,,,,
2007/10/13,Sat,,,,
2007/10/12,Fri,2166.00,2199.25,2200.00,2156.50
2007/10/11,Thu,2196.00,2166.75,2214.00,2145.75
2007/10/10,Wed,2194.00,2196.50,2199.00,2184.25
2007/10/09,Tue,2180.50,2194.25,2195.00,2176.25
2007/10/08,Mon,2170.75,2180.25,2183.00,2164.00
2007/10/07,Sun,,,,
2007/10/06,Sat,,,,
2007/10/05,Fri,2123.00,2170.75,2173.00,2121.50
2007/10/04,Thu,2121.25,2123.00,2128.75,2108.50
2007/10/03,Wed,2134.75,2120.75,2138.75,2115.25
2007/10/02,Tue,2135.75,2135.50,2140.50,2125.25
2007/10/01,Mon,2116.25,2135.25,2143.50,2109.50
2007/09/30,Sun,,,,
2007/09/29,Sat,,,,
2007/09/28,Fri,2121.25,2114.00,2124.00,2103.25
2007/09/27,Thu,2109.50,2121.75,2123.00,2109.50
2007/09/26,Wed,2098.00,2109.50,2117.75,2097.50
2007/09/25,Tue,2079.00,2097.50,2101.00,2071.25
2007/09/24,Mon,2068.50,2079.75,2095.75,2066.50
2007/09/23,Sun,,,,
2007/09/22,Sat,,,,
2007/09/21,Fri,2035.50,2043.56,2051.25,2031.00
2007/09/20,Thu,2040.00,2034.75,2043.75,2029.50
2007/09/19,Wed,2035.75,2040.75,2057.25,2032.75
2007/09/18,Tue,1982.50,2035.75,2037.50,1978.00
2007/09/17,Mon,2000.25,1982.50,2000.75,1976.75
2007/09/16,Sun,,,,
2007/09/15,Sat,,,,
2007/09/14,Fri,2003.00,2001.25,2006.50,1981.25
2007/09/13,Thu,1997.00,2000.75,2008.50,1991.25
2007/09/12,Wed,1993.25,1996.25,2009.25,1984.00
2007/09/11,Tue,1968.50,1993.50,1995.00,1966.50
2007/09/10,Mon,1968.75,1968.25,1986.75,1947.00
2007/09/09,Sun,,,,
2007/09/08,Sat,,,,
2007/09/07,Fri,2003.50,1970.50,2004.25,1952.75
2007/09/06,Thu,2002.50,2003.75,2011.00,1988.75
2007/09/05,Wed,2024.75,2003.25,2025.50,1991.25
2007/09/04,Tue,1994.75,2024.75,2038.50,1986.75
2007/09/03,Mon,,,,
2007/09/02,Sun,,,,
2007/09/01,Sat,,,,
2007/08/31,Fri,1973.00,1994.75,2000.75,1973.00
2007/08/30,Thu,1961.25,1974.75,1987.00,1946.75
2007/08/29,Wed,1909.75,1961.00,1962.00,1906.00
2007/08/28,Tue,1951.50,1907.75,1952.75,1905.50
2007/08/27,Mon,1969.50,1950.50,1969.50,1948.25
2007/08/26,Sun,,,,
2007/08/25,Sat,,,,
2007/08/24,Fri,1939.25,1969.50,1970.00,1930.00
2007/08/23,Thu,1944.75,1939.50,1960.00,1927.50
2007/08/22,Wed,1920.50,1945.00,1946.25,1917.75
2007/08/21,Tue,1898.25,1919.75,1924.00,1888.75
2007/08/20,Mon,1894.50,1897.75,1907.50,1881.25
2007/08/19,Sun,,,,
2007/08/18,Sat,,,,
2007/08/17,Fri,1860.00,1892.25,1913.00,1829.25
2007/08/16,Thu,1877.50,1856.50,1878.75,1813.75
2007/08/15,Wed,1914.25,1878.50,1923.75,1872.75
2007/08/14,Tue,1942.00,1914.75,1951.75,1910.25
2007/08/13,Mon,1933.25,1942.50,1957.25,1932.00
2007/08/12,Sun,,,,
2007/08/11,Sat,,,,
2007/08/10,Fri,1945.25,1929.00,1955.75,1906.75
2007/08/09,Thu,1997.50,1945.50,2002.25,1942.50
2007/08/08,Wed,1973.50,1999.25,2006.75,1970.50
2007/08/07,Tue,1962.00,1974.00,1989.00,1942.50
2007/08/06,Mon,1935.50,1962.50,1964.75,1924.00
2007/08/05,Sun,,,,
2007/08/04,Sat,,,,
2007/08/03,Fri,1979.25,1939.50,1981.50,1928.50
2007/08/02,Thu,1962.25,1980.00,1982.00,1951.50
2007/08/01,Wed,1951.50,1960.50,1963.50,1923.75
2007/07/31,Tue,1992.50,1945.75,2011.50,1942.25
2007/07/30,Mon,1964.50,1993.25,1996.25,1957.25
2007/07/29,Sun,,,,
2007/07/28,Sat,,,,
2007/07/27,Fri,1999.50,1963.50,2012.50,1960.75
2007/07/26,Thu,2026.50,2000.50,2039.50,1969.25
2007/07/25,Wed,2026.25,2026.50,2036.00,2010.75
2007/07/24,Tue,2053.25,2025.50,2054.25,2011.00
2007/07/23,Mon,2053.50,2053.50,2063.00,2047.00
2007/07/22,Sun,,,,
2007/07/21,Sat,,,,
2007/07/20,Fri,2063.50,2055.25,2065.50,2040.00
2007/07/19,Thu,2059.50,2065.50,2077.75,2054.25
2007/07/18,Wed,2056.50,2059.75,2060.50,2036.00
2007/07/17,Tue,2048.00,2060.75,2064.25,2042.25
2007/07/16,Mon,2047.50,2048.50,2055.75,2041.50
2007/07/15,Sun,,,,
2007/07/14,Sat,,,,
2007/07/13,Fri,2034.25,2046.75,2051.25,2033.50
2007/07/12,Thu,2009.75,2034.75,2039.25,2006.25
2007/07/11,Wed,1992.00,2009.50,2010.00,1983.00
2007/07/10,Tue,2009.00,1992.00,2010.75,1989.25
2007/07/09,Mon,2008.00,2008.50,2014.50,2001.25
2007/07/08,Sun,,,,
2007/07/07,Sat,,,,
2007/07/06,Fri,1996.50,2009.00,2009.75,1992.50
2007/07/05,Thu,1985.50,1998.00,2003.75,1979.00
2007/07/04,Wed,,,,
2007/07/03,Tue,1973.00,1985.00,1985.50,1971.75
2007/07/02,Mon,1955.00,1972.00,1975.25,1954.75
2007/07/01,Sun,,,,
2007/06/30,Sat,,,,
2007/06/29,Fri,1957.00,1956.00,1969.25,1941.50
2007/06/28,Thu,1954.75,1955.25,1967.75,1951.50
2007/06/27,Wed,1926.50,1955.50,1956.75,1918.00
2007/06/26,Tue,1941.50,1925.50,1948.50,1923.50
2007/06/25,Mon,1947.75,1941.00,1958.25,1927.00
2007/06/24,Sun,,,,
2007/06/23,Sat,,,,
2007/06/22,Fri,1965.75,1948.00,1966.50,1940.25
2007/06/21,Thu,1948.75,1965.75,1968.00,1938.25
2007/06/20,Wed,1967.00,1947.75,1975.00,1945.25
2007/06/19,Tue,1968.00,1967.00,1972.00,1957.00
2007/06/18,Mon,1969.00,1967.50,1974.75,1964.25
2007/06/17,Sun,,,,
2007/06/16,Sat,,,,
2007/06/15,Fri,1926.50,1946.93,1944.00,1924.50
2007/06/14,Thu,1912.50,1926.25,1930.25,1911.25
2007/06/13,Wed,1892.50,1912.25,1914.50,1887.75
2007/06/12,Tue,1906.75,1893.25,1913.00,1889.00
2007/06/11,Mon,1909.25,1905.50,1919.25,1902.25
2007/06/10,Sun,,,,
2007/06/09,Sat,,,,
2007/06/08,Fri,1884.00,1909.00,1909.50,1874.00
2007/06/07,Thu,1914.75,1882.50,1923.75,1881.75
2007/06/06,Wed,1936.00,1914.00,1938.50,1910.75
2007/06/05,Tue,1936.50,1936.00,1937.50,1918.75
2007/06/04,Mon,1932.50,1936.75,1939.75,1922.00
2007/06/03,Sun,,,,
2007/06/02,Sat,,,,
2007/06/01,Fri,1934.50,1932.25,1945.00,1928.75
2007/05/31,Thu,1922.50,1932.25,1935.75,1922.25
2007/05/30,Wed,1906.00,1922.50,1924.75,1887.50
2007/05/29,Tue,1892.00,1906.50,1911.75,1891.25
2007/05/28,Mon,,,,
2007/05/27,Sun,,,,
2007/05/26,Sat,,,,
2007/05/25,Fri,1881.50,1893.00,1898.00,1880.50
2007/05/24,Thu,1910.25,1882.00,1917.50,1874.00
2007/05/23,Wed,1920.50,1910.25,1931.50,1907.75
2007/05/22,Tue,1916.00,1920.25,1928.75,1912.25
2007/05/21,Mon,1905.25,1916.25,1927.25,1903.00
2007/05/20,Sun,,,,
2007/05/19,Sat,,,,
2007/05/18,Fri,1891.25,1905.75,1906.00,1888.75
2007/05/17,Thu,1900.75,1890.25,1901.00,1889.00
2007/05/16,Wed,1883.25,1901.25,1901.50,1873.75
2007/05/15,Tue,1896.00,1883.50,1907.25,1877.75
2007/05/14,Mon,1910.25,1896.25,1925.75,1886.25
2007/05/13,Sun,,,,
2007/05/12,Sat,,,,
2007/05/11,Fri,1886.50,1910.50,1911.75,1882.25
2007/05/10,Thu,1912.50,1886.50,1912.50,1882.00
2007/05/09,Wed,1905.75,1912.25,1918.75,1897.00
2007/05/08,Tue,1906.75,1905.50,1911.75,1892.00
2007/05/07,Mon,1907.25,1906.75,1912.50,1903.25
2007/05/06,Sun,,,,
2007/05/05,Sat,,,,
2007/05/04,Fri,1906.00,1908.50,1922.50,1897.75
2007/05/03,Thu,1899.25,1906.50,1910.00,1897.00
2007/05/02,Wed,1885.50,1898.75,1905.00,1883.50
2007/05/01,Tue,1881.50,1885.75,1887.75,1868.00
2007/04/30,Mon,1905.50,1879.25,1907.75,1878.50
2007/04/29,Sun,,,,
2007/04/28,Sat,,,,
2007/04/27,Fri,1904.50,1906.75,1907.25,1894.50
2007/04/26,Thu,1893.50,1906.00,1909.00,1893.50
2007/04/25,Wed,1870.25,1894.00,1896.75,1869.25
2007/04/24,Tue,1862.25,1870.25,1876.75,1855.75
2007/04/23,Mon,1862.50,1863.00,1867.25,1856.75
2007/04/22,Sun,,,,
2007/04/21,Sat,,,,
2007/04/20,Fri,1848.50,1862.50,1870.25,1846.75
2007/04/19,Thu,1849.25,1849.00,1853.75,1831.25
2007/04/18,Wed,1852.50,1848.25,1853.00,1836.50
2007/04/17,Tue,1847.50,1852.25,1855.00,1842.75
2007/04/16,Mon,1832.00,1848.25,1850.50,1829.50
2007/04/15,Sun,,,,
2007/04/14,Sat,,,,
2007/04/13,Fri,1827.25,1831.75,1833.25,1815.50
2007/04/12,Thu,1812.00,1827.75,1830.00,1802.25
2007/04/11,Wed,1830.00,1812.75,1833.75,1807.25
2007/04/10,Tue,1823.75,1829.50,1833.25,1822.00
2007/04/09,Mon,1839.75,1824.00,1839.75,1820.50
2007/04/08,Sun,,,,
2007/04/07,Sat,,,,
2007/04/06,Fri,1828.00,1828.25,1839.50,1827.75
2007/04/05,Thu,1818.25,1828.25,1831.50,1814.50
2007/04/04,Wed,1814.00,1819.25,1821.25,1811.00
2007/04/03,Tue,1790.50,1814.75,1819.00,1789.75
2007/04/02,Mon,1791.75,1790.00,1797.25,1778.25
2007/04/01,Sun,,,,
2007/03/31,Sat,,,,
2007/03/30,Fri,1787.00,1790.75,1801.25,1775.25
2007/03/29,Thu,1789.75,1788.00,1802.00,1770.25
2007/03/28,Wed,1809.50,1790.25,1810.25,1787.00
2007/03/27,Tue,1818.25,1810.25,1819.50,1806.25
2007/03/26,Mon,1810.75,1818.25,1822.25,1793.25
2007/03/25,Sun,,,,
2007/03/24,Sat,,,,
2007/03/23,Fri,1818.00,1811.50,1824.50,1810.75
2007/03/22,Thu,1824.25,1818.75,1831.00,1812.50
2007/03/21,Wed,1792.50,1825.00,1827.50,1782.25
2007/03/20,Tue,1781.50,1792.25,1793.75,1777.75
2007/03/19,Mon,1761.00,1781.25,1785.50,1757.50
2007/03/18,Sun,,,,
2007/03/17,Sat,,,,
2007/03/16,Fri,1743.25,1747.24,1750.00,1736.25
2007/03/15,Thu,1747.25,1744.50,1755.25,1737.25
2007/03/14,Wed,1723.25,1748.25,1748.75,1711.25
2007/03/13,Tue,1757.00,1724.25,1760.00,1718.75
2007/03/12,Mon,1749.00,1757.75,1760.50,1739.50
2007/03/11,Sun,,,,
2007/03/10,Sat,,,,
2007/03/09,Fri,1754.25,1747.75,1767.25,1735.25
2007/03/08,Thu,1737.75,1754.50,1759.75,1733.25
2007/03/07,Wed,1744.75,1737.50,1749.25,1735.50
2007/03/06,Tue,1714.75,1745.00,1750.00,1711.00
2007/03/05,Mon,1726.00,1713.75,1742.25,1704.75
2007/03/04,Sun,,,,
2007/03/03,Sat,,,,
2007/03/02,Fri,1757.25,1726.25,1763.00,1724.25
2007/03/01,Thu,1766.50,1757.75,1776.00,1720.00
2007/02/28,Wed,1750.25,1765.50,1783.00,1743.25
2007/02/27,Tue,1837.50,1750.50,1838.25,1744.25
2007/02/26,Mon,1845.75,1837.75,1855.50,1824.00
2007/02/25,Sun,,,,
2007/02/24,Sat,,,,
2007/02/23,Fri,1853.75,1845.00,1856.75,1837.25
2007/02/22,Thu,1844.75,1854.25,1857.50,1837.50
2007/02/21,Wed,1838.00,1844.50,1845.00,1828.75
2007/02/20,Tue,1828.75,1838.75,1842.25,1813.75
2007/02/19,Mon,,,,
2007/02/18,Sun,,,,
2007/02/17,Sat,,,,
2007/02/16,Fri,1830.00,1827.25,1830.75,1819.75
2007/02/15,Thu,1822.75,1831.00,1832.00,1818.25
2007/02/14,Wed,1795.75,1822.75,1826.25,1793.50
2007/02/13,Tue,1785.75,1796.00,1798.25,1784.75
2007/02/12,Mon,1792.75,1785.50,1794.75,1781.25
2007/02/11,Sun,,,,
2007/02/10,Sat,,,,
2007/02/09,Fri,1820.75,1792.50,1828.00,1787.25
2007/02/08,Thu,1822.00,1821.75,1823.25,1808.75
2007/02/07,Wed,1802.50,1823.00,1825.75,1802.50
2007/02/06,Tue,1805.50,1803.50,1810.25,1784.75
2007/02/05,Mon,1807.00,1805.50,1814.50,1798.25
2007/02/04,Sun,,,,
2007/02/03,Sat,,,,
2007/02/02,Fri,1804.25,1807.25,1810.50,1797.25
2007/02/01,Thu,1800.00,1803.25,1817.00,1794.25
2007/01/31,Wed,1789.50,1802.50,1808.75,1773.50
2007/01/30,Tue,1787.75,1789.25,1794.50,1782.00
2007/01/29,Mon,1781.00,1786.75,1798.25,1775.25
2007/01/28,Sun,,,,
2007/01/27,Sat,,,,
2007/01/26,Fri,1792.75,1779.25,1795.75,1773.00
2007/01/25,Thu,1819.50,1791.25,1823.50,1784.75
2007/01/24,Wed,1786.50,1815.25,1815.75,1784.75
2007/01/23,Tue,1792.00,1787.00,1803.25,1783.25
2007/01/22,Mon,1807.00,1792.25,1814.25,1783.25
2007/01/21,Sun,,,,
2007/01/20,Sat,,,,
2007/01/19,Fri,1805.50,1806.50,1815.50,1800.75
2007/01/18,Thu,1844.25,1806.00,1846.75,1802.00
2007/01/17,Wed,1855.25,1841.25,1857.75,1838.50
2007/01/16,Tue,1862.25,1855.75,1867.75,1851.50
2007/01/15,Mon,,,,
2007/01/14,Sun,,,,
2007/01/13,Sat,,,,
2007/01/12,Fri,1850.50,1862.25,1863.00,1845.50
2007/01/11,Thu,1835.00,1849.75,1856.50,1830.25
2007/01/10,Wed,1810.75,1834.50,1835.50,1798.00
2007/01/09,Tue,1803.75,1810.50,1818.75,1792.00
2007/01/08,Mon,1798.00,1803.50,1812.25,1792.25
2007/01/07,Sun,,,,
2007/01/06,Sat,,,,
2007/01/05,Fri,1812.75,1797.25,1816.00,1785.75
2007/01/04,Thu,1779.75,1812.25,1816.50,1770.50
2007/01/03,Wed,1790.25,1779.00,1811.00,1747.00
2007/01/02,Tue,1780.50,1775.00,1790.00,1780.25
2007/01/01,Mon,,,,
2006/12/31,Sun,,,,
2006/12/30,Sat,,,,
2006/12/29,Fri,1774.75,1775.00,1793.25,1772.75
2006/12/28,Thu,1779.50,1774.50,1783.50,1770.00
2006/12/27,Wed,1773.25,1779.25,1788.00,1772.75
2006/12/26,Tue,1773.25,1773.50,1774.00,1773.00
2006/12/25,Mon,,,,
2006/12/24,Sun,,,,
2006/12/23,Sat,,,,
2006/12/22,Fri,1786.50,1764.00,1790.25,1763.25
2006/12/21,Thu,1798.50,1785.25,1804.00,1778.25
2006/12/20,Wed,1803.50,1797.75,1816.00,1796.25
2006/12/19,Tue,1811.50,1803.25,1814.50,1786.50
2006/12/18,Mon,1828.50,1811.00,1843.50,1804.25
2006/12/17,Sun,,,,
2006/12/16,Sat,,,,
2006/12/15,Fri,1806.00,1810.66,1825.75,1805.00
2006/12/14,Thu,1784.75,1803.50,1812.00,1783.00
2006/12/13,Wed,1780.75,1785.25,1794.25,1773.75
2006/12/12,Tue,1794.00,1781.25,1795.75,1771.50
2006/12/11,Mon,1784.25,1795.25,1805.00,1780.00
2006/12/10,Sun,,,,
2006/12/09,Sat,,,,
2006/12/08,Fri,1777.00,1786.00,1800.75,1768.50
2006/12/07,Thu,1801.00,1776.50,1810.00,1776.25
2006/12/06,Wed,1807.50,1801.25,1808.75,1793.50
2006/12/05,Tue,1803.50,1808.00,1814.25,1799.25
2006/12/04,Mon,1781.25,1803.50,1811.75,1778.25
2006/12/03,Sun,,,,
2006/12/02,Sat,,,,
2006/12/01,Fri,1794.75,1782.00,1798.50,1762.50
2006/11/30,Thu,1795.50,1794.75,1804.25,1783.50
2006/11/29,Wed,1782.50,1795.75,1800.00,1778.50
2006/11/28,Tue,1780.50,1782.25,1786.75,1766.50
2006/11/27,Mon,1819.00,1779.00,1822.25,1777.75
2006/11/26,Sun,,,,
2006/11/25,Sat,,,,
2006/11/24,Fri,1824.50,1820.25,1829.25,1805.25
2006/11/23,Thu,,,,
2006/11/22,Wed,1817.00,1824.25,1826.00,1805.00
2006/11/21,Tue,1811.25,1815.50,1815.75,1805.00
2006/11/20,Mon,1807.00,1811.25,1814.75,1795.00
2006/11/19,Sun,,,,
2006/11/18,Sat,,,,
2006/11/17,Fri,1808.50,1806.75,1808.75,1794.00
2006/11/16,Thu,1799.50,1810.25,1813.00,1796.75
2006/11/15,Wed,1796.00,1801.25,1812.50,1793.00
2006/11/14,Tue,1772.00,1796.25,1800.00,1766.00
2006/11/13,Mon,1758.25,1773.50,1778.25,1756.00
2006/11/12,Sun,,,,
2006/11/11,Sat,,,,
2006/11/10,Fri,1750.25,1758.25,1759.50,1743.25
2006/11/09,Thu,1760.75,1750.50,1770.75,1743.50
2006/11/08,Wed,1751.25,1761.75,1765.25,1735.50
2006/11/07,Tue,1736.75,1751.75,1762.00,1735.50
2006/11/06,Mon,1713.00,1737.25,1745.75,1712.75
2006/11/05,Sun,,,,
2006/11/04,Sat,,,,
2006/11/03,Fri,1717.25,1713.75,1725.00,1701.25
2006/11/02,Thu,1718.50,1716.50,1723.50,1707.25
2006/11/01,Wed,1743.00,1719.25,1750.50,1710.00
2006/10/31,Tue,1736.50,1742.75,1749.75,1731.25
2006/10/30,Mon,1730.75,1736.75,1745.75,1721.50
2006/10/29,Sun,,,,
2006/10/28,Sat,,,,
2006/10/27,Fri,1753.00,1731.50,1757.00,1722.25
2006/10/26,Thu,1740.50,1753.00,1757.00,1728.50
2006/10/25,Wed,1726.00,1740.50,1741.25,1721.50
2006/10/24,Tue,1735.50,1726.25,1739.00,1717.00
2006/10/23,Mon,1719.00,1734.50,1747.75,1713.25
2006/10/22,Sun,,,,
2006/10/21,Sat,,,,
2006/10/20,Fri,1723.00,1718.75,1726.25,1706.25
2006/10/19,Thu,1715.75,1722.75,1726.25,1704.50
2006/10/18,Wed,1723.25,1715.00,1734.25,1707.25
2006/10/17,Tue,1740.75,1720.25,1741.00,1712.50
2006/10/16,Mon,1739.00,1741.25,1748.00,1735.75
2006/10/15,Sun,,,,
2006/10/14,Sat,,,,
2006/10/13,Fri,1733.00,1739.25,1744.00,1728.25
2006/10/12,Thu,1706.00,1732.75,1734.00,1704.00
2006/10/11,Wed,1704.00,1706.50,1716.25,1685.00
2006/10/10,Tue,1703.75,1703.75,1713.50,1695.25
2006/10/09,Mon,1698.75,1703.75,1713.50,1693.00
2006/10/08,Sun,,,,
2006/10/07,Sat,,,,
2006/10/06,Fri,1701.50,1700.00,1706.25,1691.75
2006/10/05,Thu,1692.50,1701.75,1706.25,1690.75
2006/10/04,Wed,1654.50,1692.50,1696.25,1648.00
2006/10/03,Tue,1647.00,1653.75,1663.00,1638.00
2006/10/02,Mon,1670.50,1647.50,1674.75,1646.25
2006/10/01,Sun,,,,
2006/09/30,Sat,,,,
2006/09/29,Fri,1674.00,1671.25,1682.00,1669.25
2006/09/28,Thu,1676.75,1673.50,1680.50,1661.25
2006/09/27,Wed,1673.75,1677.25,1683.25,1664.25
2006/09/26,Tue,1665.50,1673.50,1677.50,1661.00
2006/09/25,Mon,1640.50,1665.25,1672.00,1631.50
2006/09/24,Sun,,,,
2006/09/23,Sat,,,,
2006/09/22,Fri,1654.50,1641.00,1657.25,1632.50
2006/09/21,Thu,1663.50,1654.75,1673.00,1648.50
2006/09/20,Wed,1645.25,1663.75,1667.75,1644.25
2006/09/19,Tue,1652.50,1642.50,1658.00,1627.00
2006/09/18,Mon,1653.00,1652.50,1663.25,1644.25
2006/09/17,Sun,,,,
2006/09/16,Sat,,,,
2006/09/15,Fri,1625.25,1641.08,1645.75,1625.00
2006/09/14,Thu,1623.75,1625.75,1630.00,1617.75
2006/09/13,Wed,1614.25,1623.75,1626.50,1612.50
2006/09/12,Tue,1583.25,1614.75,1619.00,1576.50
2006/09/11,Mon,1571.25,1583.50,1593.25,1559.00
2006/09/10,Sun,,,,
2006/09/09,Sat,,,,
2006/09/08,Fri,1568.50,1571.00,1580.25,1565.50
2006/09/07,Thu,1575.25,1568.25,1583.75,1561.50
2006/09/06,Wed,1604.25,1575.75,1604.50,1571.75
2006/09/05,Tue,1590.00,1604.75,1608.25,1582.25
2006/09/04,Mon,,,,
2006/09/03,Sun,,,,
2006/09/02,Sat,,,,
2006/09/01,Fri,1583.50,1590.50,1597.25,1582.75
2006/08/31,Thu,1585.00,1583.00,1590.50,1579.00
2006/08/30,Wed,1575.50,1584.50,1587.50,1572.75
2006/08/29,Tue,1571.25,1576.00,1580.25,1556.00
2006/08/28,Mon,1561.00,1570.50,1579.50,1556.00
2006/08/27,Sun,,,,
2006/08/26,Sat,,,,
2006/08/25,Fri,1558.00,1560.75,1576.00,1551.75
2006/08/24,Thu,1558.00,1557.25,1564.50,1546.75
2006/08/23,Wed,1566.25,1558.25,1577.25,1548.00
2006/08/22,Tue,1568.00,1566.50,1583.75,1560.75
2006/08/21,Mon,1583.50,1568.50,1583.75,1561.50
2006/08/20,Sun,,,,
2006/08/19,Sat,,,,
2006/08/18,Fri,1578.50,1585.00,1585.75,1562.50
2006/08/17,Thu,1575.75,1577.75,1591.50,1569.00
2006/08/16,Wed,1541.00,1576.25,1577.00,1538.75
2006/08/15,Tue,1501.00,1540.50,1542.25,1500.50
2006/08/14,Mon,1497.75,1500.25,1522.75,1497.75
2006/08/13,Sun,,,,
2006/08/12,Sat,,,,
2006/08/11,Fri,1499.25,1496.00,1501.50,1485.50
2006/08/10,Thu,1494.75,1497.50,1507.25,1483.50
2006/08/09,Wed,1493.00,1495.00,1525.25,1488.75
2006/08/08,Tue,1502.25,1492.50,1509.00,1481.75
2006/08/07,Mon,1515.00,1502.50,1515.25,1493.75
2006/08/06,Sun,,,,
2006/08/05,Sat,,,,
2006/08/04,Fri,1522.25,1515.50,1539.25,1497.00
2006/08/03,Thu,1510.25,1521.25,1527.50,1492.50
2006/08/02,Wed,1493.75,1509.75,1519.25,1492.75
2006/08/01,Tue,1517.25,1493.75,1517.25,1483.50
2006/07/31,Mon,1520.00,1518.75,1527.00,1509.75
2006/07/30,Sun,,,,
2006/07/29,Sat,,,,
2006/07/28,Fri,1493.25,1521.25,1522.00,1491.25
2006/07/27,Thu,1495.75,1494.50,1516.25,1484.00
2006/07/26,Wed,1490.75,1495.75,1509.50,1483.00
2006/07/25,Tue,1494.75,1492.25,1505.00,1484.25
2006/07/24,Mon,1460.75,1494.50,1496.25,1459.25
2006/07/23,Sun,,,,
2006/07/22,Sat,,,,
2006/07/21,Fri,1482.50,1461.25,1486.00,1459.75
2006/07/20,Thu,1489.50,1477.25,1507.75,1470.75
2006/07/19,Wed,1488.00,1490.75,1510.25,1476.50
2006/07/18,Tue,1479.75,1486.75,1489.25,1457.75
2006/07/17,Mon,1476.25,1480.25,1486.75,1464.75
2006/07/16,Sun,,,,
2006/07/15,Sat,,,,
2006/07/14,Fri,1490.75,1475.00,1493.50,1468.25
2006/07/13,Thu,1516.50,1489.75,1519.50,1487.25
2006/07/12,Wed,1545.50,1516.75,1547.50,1511.50
2006/07/11,Tue,1537.75,1545.00,1549.00,1522.00
2006/07/10,Mon,1549.50,1537.75,1557.75,1526.25
2006/07/09,Sun,,,,
2006/07/08,Sat,,,,
2006/07/07,Fri,1566.25,1550.25,1581.00,1542.50
2006/07/06,Thu,1569.00,1565.00,1580.25,1560.75
2006/07/05,Wed,1601.00,1568.25,1602.50,1564.25
2006/07/04,Tue,,,,
2006/07/03,Mon,1593.50,1601.50,1603.50,1592.50
2006/07/02,Sun,,,,
2006/07/01,Sat,,,,
2006/06/30,Fri,1604.25,1591.50,1611.25,1590.25
2006/06/29,Thu,1558.00,1605.00,1606.00,1556.50
2006/06/28,Wed,1545.00,1558.00,1558.25,1536.75
2006/06/27,Tue,1571.50,1545.25,1576.25,1541.75
2006/06/26,Mon,1568.25,1571.00,1579.00,1565.50
2006/06/25,Sun,,,,
2006/06/24,Sat,,,,
2006/06/23,Fri,1572.00,1568.50,1584.75,1560.50
2006/06/22,Thu,1592.25,1573.50,1598.00,1562.50
2006/06/21,Wed,1570.00,1591.50,1604.50,1566.50
2006/06/20,Tue,1565.50,1570.00,1583.75,1561.25
2006/06/19,Mon,1576.25,1565.00,1587.00,1560.75
2006/06/18,Sun,,,,
2006/06/17,Sat,,,,
2006/06/16,Fri,1572.25,1567.90,1580.25,1566.50
2006/06/15,Thu,1529.25,1576.00,1577.75,1529.25
2006/06/14,Wed,1515.50,1528.00,1532.25,1510.50
2006/06/13,Tue,1524.25,1515.25,1537.25,1512.00
2006/06/12,Mon,1550.00,1523.50,1560.00,1520.50
2006/06/11,Sun,,,,
2006/06/10,Sat,,,,
2006/06/09,Fri,1556.50,1549.50,1576.50,1547.75
2006/06/08,Thu,1564.50,1556.50,1569.00,1525.75
2006/06/07,Wed,1578.50,1562.50,1594.50,1558.75
2006/06/06,Tue,1582.50,1577.50,1589.75,1561.50
2006/06/05,Mon,1612.75,1582.75,1613.50,1579.25
2006/06/04,Sun,,,,
2006/06/03,Sat,,,,
2006/06/02,Fri,1618.75,1614.50,1636.75,1601.00
2006/06/01,Thu,1581.75,1619.00,1619.75,1575.00
2006/05/31,Wed,1571.25,1583.00,1591.50,1565.25
2006/05/30,Tue,1609.00,1570.00,1611.25,1569.75
2006/05/29,Mon,,,,
2006/05/28,Sun,,,,
2006/05/27,Sat,,,,
2006/05/26,Fri,1603.75,1609.75,1612.25,1598.50
2006/05/25,Thu,1584.25,1605.25,1607.00,1579.50
2006/05/24,Wed,1566.00,1584.50,1591.75,1557.25
2006/05/23,Tue,1586.75,1565.25,1607.00,1562.25
2006/05/22,Mon,1606.50,1586.25,1610.50,1576.00
2006/05/21,Sun,,,,
2006/05/20,Sat,,,,
2006/05/19,Fri,1595.00,1605.25,1610.75,1581.25
2006/05/18,Thu,1606.00,1594.75,1618.50,1592.00
2006/05/17,Wed,1629.00,1604.75,1635.00,1600.75
2006/05/16,Tue,1636.25,1628.25,1644.00,1624.00
2006/05/15,Mon,1639.00,1635.75,1647.75,1619.00
2006/05/14,Sun,,,,
2006/05/13,Sat,,,,
2006/05/12,Fri,1664.50,1641.50,1667.00,1641.00
2006/05/11,Thu,1700.50,1664.75,1706.25,1660.00
2006/05/10,Wed,1721.25,1700.75,1722.50,1698.00
2006/05/09,Tue,1721.50,1721.75,1724.25,1715.75
2006/05/08,Mon,1720.50,1721.25,1728.00,1719.25
2006/05/07,Sun,,,,
2006/05/06,Sat,,,,
2006/05/05,Fri,1709.75,1720.25,1725.50,1709.25
2006/05/04,Thu,1693.50,1709.75,1716.75,1692.50
2006/05/03,Wed,1697.75,1693.50,1702.50,1687.75
2006/05/02,Tue,1693.50,1697.75,1706.75,1693.25
2006/05/01,Mon,1714.50,1693.00,1719.75,1689.25
2006/04/30,Sun,,,,
2006/04/29,Sat,,,,
2006/04/28,Fri,1726.00,1711.00,1727.25,1709.00
2006/04/27,Thu,1711.50,1727.50,1739.00,1697.75
2006/04/26,Wed,1714.25,1710.75,1721.25,1706.25
2006/04/25,Tue,1721.00,1714.50,1724.50,1704.75
2006/04/24,Mon,1718.00,1721.50,1722.75,1707.75
2006/04/23,Sun,,,,
2006/04/22,Sat,,,,
2006/04/21,Fri,1743.50,1719.00,1749.75,1712.00
2006/04/20,Thu,1742.50,1741.25,1753.75,1736.00
2006/04/19,Wed,1741.00,1744.50,1751.50,1732.75
2006/04/18,Tue,1710.25,1739.75,1744.25,1706.00
2006/04/17,Mon,1724.00,1710.50,1729.75,1696.25
2006/04/16,Sun,,,,
2006/04/15,Sat,,,,
2006/04/14,Fri,,,,
2006/04/13,Thu,1719.50,1725.50,1734.75,1713.00
2006/04/12,Wed,1720.25,1718.75,1724.25,1713.50
2006/04/11,Tue,1735.50,1720.75,1739.50,1709.50
2006/04/10,Mon,1737.25,1735.50,1743.00,1726.50
2006/04/09,Sun,,,,
2006/04/08,Sat,,,,
2006/04/07,Fri,1753.25,1739.75,1765.75,1735.00
2006/04/06,Thu,1746.75,1754.75,1761.25,1742.00
2006/04/05,Wed,1731.50,1747.25,1751.00,1730.00
2006/04/04,Tue,1723.75,1731.50,1736.75,1721.00
2006/04/03,Mon,1724.25,1723.75,1739.25,1720.00
2006/04/02,Sun,,,,
2006/04/01,Sat,,,,
2006/03/31,Fri,1725.00,1720.00,1732.00,1717.00
2006/03/30,Thu,1720.50,1725.00,1737.50,1715.50
2006/03/29,Wed,1689.50,1720.50,1728.50,1687.00
2006/03/28,Tue,1699.00,1691.00,1712.00,1683.50
2006/03/27,Mon,1698.00,1699.00,1705.00,1694.00
2006/03/26,Sun,,,,
2006/03/25,Sat,,,,
2006/03/24,Fri,1690.00,1697.50,1706.00,1685.50
2006/03/23,Thu,1691.50,1690.50,1694.00,1677.50
2006/03/22,Wed,1690.00,1691.00,1696.50,1671.50
2006/03/21,Tue,1706.50,1690.50,1727.50,1687.50
2006/03/20,Mon,1704.50,1705.50,1713.50,1702.00
2006/03/19,Sun,,,,
2006/03/18,Sat,,,,
2006/03/17,Fri,1679.50,1681.22,1686.50,1679.00
2006/03/16,Thu,1693.50,1681.50,1703.50,1679.50
2006/03/15,Wed,1685.50,1695.50,1697.50,1680.00
2006/03/14,Tue,1654.50,1686.00,1686.50,1649.00
2006/03/13,Mon,1648.50,1655.50,1665.00,1647.50
2006/03/12,Sun,,,,
2006/03/11,Sat,,,,
2006/03/10,Fri,1643.00,1648.50,1674.00,1618.50
2006/03/09,Thu,1665.00,1643.00,1674.00,1605.00
2006/03/08,Wed,1664.50,1666.50,1671.50,1647.50
2006/03/07,Tue,1674.00,1665.50,1674.50,1654.00
2006/03/06,Mon,1686.00,1674.50,1694.50,1667.00
2006/03/05,Sun,,,,
2006/03/04,Sat,,,,
2006/03/03,Fri,1699.00,1685.50,1710.00,1679.50
2006/03/02,Thu,1698.00,1699.50,1703.50,1686.00
2006/03/01,Wed,1673.00,1698.00,1701.00,1671.50
2006/02/28,Tue,1696.00,1674.50,1699.50,1668.50
2006/02/27,Mon,1684.00,1695.00,1705.50,1683.50
2006/02/26,Sun,,,,
2006/02/25,Sat,,,,
2006/02/24,Fri,1675.00,1683.50,1684.50,1670.50
2006/02/23,Thu,1680.00,1675.50,1693.00,1673.50
2006/02/22,Wed,1661.00,1679.50,1689.50,1657.00
2006/02/21,Tue,1678.00,1661.00,1688.00,1655.00
2006/02/20,Mon,,,,
2006/02/19,Sun,,,,
2006/02/18,Sat,,,,
2006/02/17,Fri,1697.50,1677.50,1697.50,1676.50
2006/02/16,Thu,1679.50,1695.50,1698.00,1677.50
2006/02/15,Wed,1667.00,1679.50,1682.50,1660.50
2006/02/14,Tue,1653.00,1666.00,1673.50,1648.50
2006/02/13,Mon,1666.50,1653.00,1667.00,1644.00
2006/02/12,Sun,,,,
2006/02/11,Sat,,,,
2006/02/10,Fri,1659.50,1666.50,1676.00,1642.50
2006/02/09,Thu,1676.00,1659.00,1689.00,1658.00
2006/02/08,Wed,1662.00,1675.50,1680.00,1660.50
2006/02/07,Tue,1669.50,1662.50,1671.50,1651.50
2006/02/06,Mon,1668.50,1669.50,1675.00,1657.50
2006/02/05,Sun,,,,
2006/02/04,Sat,,,,
2006/02/03,Fri,1690.50,1667.50,1699.00,1665.50
2006/02/02,Thu,1723.50,1689.00,1723.50,1688.50
2006/02/01,Wed,1701.00,1723.50,1725.50,1695.50
2006/01/31,Tue,1723.50,1719.50,1728.00,1693.50
2006/01/30,Mon,1722.00,1723.50,1730.00,1719.50
2006/01/29,Sun,,,,
2006/01/28,Sat,,,,
2006/01/27,Fri,1700.50,1722.50,1733.00,1699.50
2006/01/26,Thu,1687.00,1698.50,1704.50,1685.00
2006/01/25,Wed,1693.50,1688.50,1705.00,1679.50
2006/01/24,Tue,1687.50,1693.00,1706.00,1681.50
2006/01/23,Mon,1684.50,1688.00,1696.00,1680.00
2006/01/22,Sun,,,,
2006/01/21,Sat,,,,
2006/01/20,Fri,1738.50,1685.50,1739.50,1683.50
2006/01/19,Thu,1724.00,1738.50,1752.50,1721.50
2006/01/18,Wed,1742.50,1727.50,1742.50,1713.50
2006/01/17,Tue,1760.00,1751.50,1764.00,1740.00
2006/01/16,Mon,,,,
2006/01/15,Sun,,,,
2006/01/14,Sat,,,,
2006/01/13,Fri,1763.50,1760.00,1766.00,1749.50
2006/01/12,Thu,1770.00,1764.00,1773.00,1754.50
2006/01/11,Wed,1759.00,1771.00,1774.00,1755.50
2006/01/10,Tue,1753.50,1760.00,1760.50,1743.00
2006/01/09,Mon,1747.50,1754.50,1758.50,1742.00
2006/01/08,Sun,,,,
2006/01/07,Sat,,,,
2006/01/06,Fri,1722.50,1748.00,1750.00,1720.50
2006/01/05,Thu,1713.00,1723.00,1725.50,1708.00
2006/01/04,Wed,1694.00,1713.00,1713.50,1687.00
2006/01/03,Tue,1658.00,1693.00,1701.00,1646.00
2006/01/02,Mon,,,,
2006/01/01,Sun,,,,
2005/12/31,Sat,,,,
2005/12/30,Fri,1668.00,1659.00,1670.00,1654.00
2005/12/29,Thu,1681.50,1668.00,1686.00,1665.50
2005/12/28,Wed,1683.00,1681.00,1689.00,1676.00
2005/12/27,Tue,1700.50,1683.50,1710.00,1680.50
2005/12/26,Mon,,,,
2005/12/25,Sun,,,,
2005/12/24,Sat,,,,
2005/12/23,Fri,1700.50,1700.00,1706.50,1694.00
2005/12/22,Thu,1684.50,1700.50,1702.00,1683.00
2005/12/21,Wed,1680.00,1684.00,1699.50,1678.00
2005/12/20,Tue,1679.00,1679.50,1689.00,1673.50
2005/12/19,Mon,1710.50,1679.50,1715.00,1677.50
2005/12/18,Sun,,,,
2005/12/17,Sat,,,,
2005/12/16,Fri,1699.50,1699.06,1708.00,1699.00
2005/12/15,Thu,1701.50,1700.00,1707.00,1687.50
2005/12/14,Wed,1706.50,1701.00,1708.50,1692.00
2005/12/13,Tue,1700.00,1706.50,1713.50,1694.50
2005/12/12,Mon,1695.50,1700.00,1702.50,1691.50
2005/12/11,Sun,,,,
2005/12/10,Sat,,,,
2005/12/09,Fri,1685.00,1694.00,1695.00,1679.50
2005/12/08,Thu,1700.50,1687.00,1705.00,1675.00
2005/12/07,Wed,1705.00,1700.50,1707.50,1689.50
2005/12/06,Tue,1699.00,1704.50,1719.00,1698.00
2005/12/05,Mon,1710.00,1710.00,1714.00,1691.00
2005/12/04,Sun,,,,
2005/12/03,Sat,,,,
2005/12/02,Fri,1705.00,1704.50,1712.00,1701.00
2005/12/01,Thu,1676.50,1704.00,1708.50,1676.00
2005/11/30,Wed,1680.00,1675.00,1686.00,1673.50
2005/11/29,Tue,1691.50,1681.00,1701.50,1679.50
2005/11/28,Mon,1704.00,1692.50,1710.00,1686.50
2005/11/27,Sun,,,,
2005/11/26,Sat,,,,
2005/11/25,Fri,1701.50,1704.50,1705.50,1696.50
2005/11/24,Thu,,,,
2005/11/23,Wed,1696.00,1700.50,1709.00,1694.50
2005/11/22,Tue,1691.00,1696.50,1703.00,1682.00
2005/11/21,Mon,1684.00,1691.50,1692.50,1677.50
2005/11/20,Sun,,,,
2005/11/19,Sat,,,,
2005/11/18,Fri,1684.00,1683.00,1695.00,1679.00
2005/11/17,Thu,1661.00,1684.50,1687.50,1658.50
2005/11/16,Wed,1652.00,1661.50,1662.00,1647.00
2005/11/15,Tue,1658.50,1652.50,1665.00,1644.00
2005/11/14,Mon,1659.00,1659.00,1663.50,1653.00
2005/11/13,Sun,,,,
2005/11/12,Sat,,,,
2005/11/11,Fri,1656.50,1659.00,1666.00,1655.50
2005/11/10,Thu,1637.50,1656.50,1657.50,1625.00
2005/11/09,Wed,1637.00,1638.00,1642.50,1629.50
2005/11/08,Tue,1632.50,1636.50,1643.00,1628.50
2005/11/07,Mon,1633.50,1633.00,1641.00,1627.00
2005/11/06,Sun,,,,
2005/11/05,Sat,,,,
2005/11/04,Fri,1628.50,1632.50,1638.50,1623.00
2005/11/03,Thu,1608.50,1629.00,1633.50,1604.50
2005/11/02,Wed,1584.50,1609.50,1611.00,1577.00
2005/11/01,Tue,1576.00,1585.50,1590.00,1574.00
2005/10/31,Mon,1560.50,1586.50,1591.50,1560.50
2005/10/30,Sun,,,,
2005/10/29,Sat,,,,
2005/10/28,Fri,1548.50,1560.50,1565.00,1545.50
2005/10/27,Thu,1585.00,1555.00,1585.00,1549.50
2005/10/26,Wed,1590.50,1586.00,1601.50,1579.50
2005/10/25,Tue,1597.50,1590.00,1597.50,1580.50
2005/10/24,Mon,1575.00,1598.00,1599.00,1568.00
2005/10/23,Sun,,,,
2005/10/22,Sat,,,,
2005/10/21,Fri,1566.00,1575.50,1580.00,1562.00
2005/10/20,Thu,1577.00,1566.00,1584.00,1553.00
2005/10/19,Wed,1547.50,1581.00,1582.00,1533.50
2005/10/18,Tue,1556.00,1547.00,1561.50,1544.00
2005/10/17,Mon,1550.50,1556.00,1559.00,1542.50
2005/10/16,Sun,,,,
2005/10/15,Sat,,,,
2005/10/14,Fri,1536.50,1550.00,1553.50,1536.50
2005/10/13,Thu,1527.50,1536.00,1547.50,1523.00
2005/10/12,Wed,1547.00,1526.50,1553.50,1525.50
2005/10/11,Tue,1555.00,1545.50,1563.50,1543.00
2005/10/10,Mon,1562.00,1554.50,1571.00,1553.00
2005/10/09,Sun,,,,
2005/10/08,Sat,,,,
2005/10/07,Fri,1564.50,1563.00,1573.00,1558.50
2005/10/06,Thu,1583.00,1564.50,1587.00,1548.50
2005/10/05,Wed,1603.50,1582.50,1607.50,1581.00
2005/10/04,Tue,1618.00,1604.00,1629.50,1603.00
2005/10/03,Mon,1615.50,1618.50,1624.50,1613.50
2005/10/02,Sun,,,,
2005/10/01,Sat,,,,
2005/09/30,Fri,1601.00,1614.00,1616.00,1598.50
2005/09/29,Thu,1580.00,1601.00,1603.00,1571.00
2005/09/28,Wed,1581.50,1580.50,1592.50,1575.50
2005/09/27,Tue,1586.50,1581.50,1591.00,1574.00
2005/09/26,Mon,1592.00,1587.00,1597.00,1575.50
2005/09/25,Sun,,,,
2005/09/24,Sat,,,,
2005/09/23,Fri,1577.50,1585.00,1589.50,1570.50
2005/09/22,Thu,1574.00,1577.00,1583.00,1563.50
2005/09/21,Wed,1590.50,1574.50,1595.00,1573.00
2005/09/20,Tue,1602.00,1592.00,1618.00,1587.00
2005/09/19,Mon,1612.50,1602.00,1612.50,1591.50
2005/09/18,Sun,,,,
2005/09/17,Sat,,,,
2005/09/16,Fri,1587.00,1591.92,1595.00,1586.50
2005/09/15,Thu,1591.00,1586.50,1596.00,1584.50
2005/09/14,Wed,1609.00,1591.00,1614.50,1589.50
2005/09/13,Tue,1612.00,1609.50,1620.50,1605.00
2005/09/12,Mon,1609.50,1613.00,1618.50,1606.50
2005/09/11,Sun,,,,
2005/09/10,Sat,,,,
2005/09/09,Fri,1598.00,1609.00,1611.50,1596.00
2005/09/08,Thu,1599.50,1599.00,1606.50,1593.00
2005/09/07,Wed,1598.50,1598.50,1603.00,1592.00
2005/09/06,Tue,1578.50,1598.50,1600.00,1577.00
2005/09/05,Mon,,,,
2005/09/04,Sun,,,,
2005/09/03,Sat,,,,
2005/09/02,Fri,1578.50,1576.50,1585.50,1573.00
2005/09/01,Thu,1586.00,1579.00,1590.50,1575.00
2005/08/31,Wed,1569.50,1584.00,1588.50,1563.00
2005/08/30,Tue,1575.00,1570.00,1576.50,1557.00
2005/08/29,Mon,1559.00,1574.50,1579.00,1544.50
2005/08/28,Sun,,,,
2005/08/27,Sat,,,,
2005/08/26,Fri,1568.00,1563.50,1570.50,1555.00
2005/08/25,Thu,1564.00,1567.00,1573.00,1562.50
2005/08/24,Wed,1576.50,1565.00,1593.00,1562.50
2005/08/23,Tue,1581.00,1577.50,1583.00,1569.50
2005/08/22,Mon,1578.50,1580.50,1593.50,1569.00
2005/08/21,Sun,,,,
2005/08/20,Sat,,,,
2005/08/19,Fri,1579.50,1579.50,1586.50,1576.00
2005/08/18,Thu,1584.50,1579.50,1590.00,1576.50
2005/08/17,Wed,1582.00,1583.50,1593.50,1577.50
2005/08/16,Tue,1606.50,1583.00,1608.00,1576.50
2005/08/15,Mon,1592.00,1606.00,1612.50,1587.00
2005/08/14,Sun,,,,
2005/08/13,Sat,,,,
2005/08/12,Fri,1595.50,1592.50,1600.00,1585.50
2005/08/11,Thu,1595.50,1594.50,1609.50,1591.00
2005/08/10,Wed,1607.50,1596.00,1615.50,1586.50
2005/08/09,Tue,1598.50,1607.50,1612.50,1596.50
2005/08/08,Mon,1607.00,1598.50,1614.00,1593.50
2005/08/07,Sun,,,,
2005/08/06,Sat,,,,
2005/08/05,Fri,1616.00,1607.50,1620.50,1605.00
2005/08/04,Thu,1632.50,1616.50,1633.50,1611.50
2005/08/03,Wed,1629.50,1632.50,1635.00,1624.00
2005/08/02,Tue,1615.00,1629.00,1635.50,1613.50
2005/08/01,Mon,1616.00,1615.00,1623.00,1609.50
2005/07/31,Sun,,,,
2005/07/30,Sat,,,,
2005/07/29,Fri,1626.00,1611.50,1630.00,1611.00
2005/07/28,Thu,1617.50,1626.50,1627.50,1615.50
2005/07/27,Wed,1607.50,1617.50,1620.50,1598.50
2005/07/26,Tue,1605.50,1607.00,1611.50,1597.50
2005/07/25,Mon,1609.50,1604.00,1616.00,1598.50
2005/07/24,Sun,,,,
2005/07/23,Sat,,,,
2005/07/22,Fri,1604.00,1609.50,1614.50,1598.50
2005/07/21,Thu,1614.50,1606.00,1623.00,1598.50
2005/07/20,Wed,1595.50,1608.50,1614.00,1586.00
2005/07/19,Tue,1582.00,1600.00,1601.00,1581.50
2005/07/18,Mon,1586.00,1582.00,1586.50,1578.00
2005/07/17,Sun,,,,
2005/07/16,Sat,,,,
2005/07/15,Fri,1584.00,1587.00,1591.00,1576.00
2005/07/14,Thu,1568.00,1584.00,1586.00,1563.50
2005/07/13,Wed,1563.00,1567.00,1568.50,1557.50
2005/07/12,Tue,1557.00,1562.00,1569.50,1551.00
2005/07/11,Mon,1544.50,1557.50,1558.50,1542.50
2005/07/10,Sun,,,,
2005/07/09,Sat,,,,
2005/07/08,Fri,1512.50,1544.50,1545.00,1509.50
2005/07/07,Thu,1506.50,1512.50,1514.00,1465.00
2005/07/06,Wed,1513.00,1507.00,1522.00,1504.50
2005/07/05,Tue,1500.00,1513.50,1519.00,1491.50
2005/07/04,Mon,,,,
2005/07/03,Sun,,,,
2005/07/02,Sat,,,,
2005/07/01,Fri,1502.00,1500.00,1512.50,1498.00
2005/06/30,Thu,1512.00,1503.00,1520.00,1500.00
2005/06/29,Wed,1517.00,1511.50,1524.00,1510.50
2005/06/28,Tue,1506.00,1517.00,1523.00,1505.50
2005/06/27,Mon,1511.50,1506.00,1515.00,1499.50
2005/06/26,Sun,,,,
2005/06/25,Sat,,,,
2005/06/24,Fri,1527.00,1511.50,1530.00,1507.50
2005/06/23,Thu,1548.50,1527.50,1561.00,1525.50
2005/06/22,Wed,1551.00,1548.00,1558.50,1538.00
2005/06/21,Tue,1545.00,1551.00,1554.50,1541.50
2005/06/20,Mon,1548.50,1545.50,1557.50,1537.00
2005/06/19,Sun,,,,
2005/06/18,Sat,,,,
2005/06/17,Fri,1535.50,1553.96,1549.00,1535.00
2005/06/16,Thu,1528.50,1535.50,1541.00,1527.00
2005/06/15,Wed,1527.00,1528.00,1537.00,1510.50
2005/06/14,Tue,1532.50,1526.50,1545.50,1521.50
2005/06/13,Mon,1523.00,1531.00,1539.50,1520.00
2005/06/12,Sun,,,,
2005/06/11,Sat,,,,
2005/06/10,Fri,1537.00,1524.00,1541.00,1516.50
2005/06/09,Thu,1529.00,1537.50,1544.50,1521.50
2005/06/08,Wed,1534.00,1530.50,1542.50,1524.50
2005/06/07,Tue,1546.00,1534.00,1562.00,1532.00
2005/06/06,Mon,1550.00,1545.50,1552.50,1540.50
2005/06/05,Sun,,,,
2005/06/04,Sat,,,,
2005/06/03,Fri,1571.50,1550.50,1576.50,1543.50
2005/06/02,Thu,1557.00,1571.50,1572.00,1555.00
2005/06/01,Wed,1545.00,1557.50,1570.50,1542.50
2005/05/31,Tue,1552.00,1545.00,1558.50,1540.00
2005/05/30,Mon,,,,
2005/05/29,Sun,,,,
2005/05/28,Sat,,,,
2005/05/27,Fri,1549.00,1552.00,1553.50,1543.50
2005/05/26,Thu,1537.50,1549.00,1554.50,1536.50
2005/05/25,Wed,1540.50,1538.50,1542.00,1526.50
2005/05/24,Tue,1538.50,1540.50,1544.00,1531.50
2005/05/23,Mon,1530.50,1539.00,1543.50,1527.00
2005/05/22,Sun,,,,
2005/05/21,Sat,,,,
2005/05/20,Fri,1524.00,1530.50,1532.00,1517.50
2005/05/19,Thu,1513.00,1524.00,1525.00,1511.50
2005/05/18,Wed,1494.00,1512.50,1518.50,1488.00
2005/05/17,Tue,1481.00,1494.00,1495.50,1472.00
2005/05/16,Mon,1474.50,1481.50,1485.50,1468.50
2005/05/15,Sun,,,,
2005/05/14,Sat,,,,
2005/05/13,Fri,1460.00,1474.00,1483.00,1459.00
2005/05/12,Thu,1461.00,1457.50,1472.00,1449.00
2005/05/11,Wed,1453.50,1461.00,1465.00,1435.00
2005/05/10,Tue,1463.50,1454.00,1465.00,1448.00
2005/05/09,Mon,1459.50,1463.50,1467.00,1449.50
2005/05/08,Sun,,,,
2005/05/07,Sat,,,,
2005/05/06,Fri,1456.00,1458.00,1468.00,1453.00
2005/05/05,Thu,1452.50,1456.50,1461.50,1444.50
2005/05/04,Wed,1438.00,1452.00,1458.00,1433.50
2005/05/03,Tue,1428.00,1438.00,1441.00,1424.00
2005/05/02,Mon,1426.00,1427.50,1439.00,1419.00
2005/05/01,Sun,,,,
2005/04/30,Sat,,,,
2005/04/29,Fri,1416.00,1425.50,1427.50,1397.50
2005/04/28,Thu,1416.00,1412.50,1427.50,1397.50
2005/04/27,Wed,1427.50,1427.00,1434.50,1413.50
2005/04/26,Tue,1442.00,1429.00,1452.00,1425.00
2005/04/25,Mon,1430.50,1441.50,1444.00,1430.00
2005/04/24,Sun,,,,
2005/04/23,Sat,,,,
2005/04/22,Fri,1448.50,1431.50,1451.00,1417.00
2005/04/21,Thu,1411.50,1449.00,1454.50,1409.50
2005/04/20,Wed,1432.00,1414.50,1439.50,1408.50
2005/04/19,Tue,1415.00,1426.00,1429.50,1414.00
2005/04/18,Mon,1414.50,1414.50,1424.50,1400.50
2005/04/17,Sun,,,,
2005/04/16,Sat,,,,
2005/04/15,Fri,1440.50,1414.50,1441.00,1412.50
2005/04/14,Thu,1470.00,1441.00,1474.50,1439.00
2005/04/13,Wed,1494.00,1470.00,1495.00,1465.50
2005/04/12,Tue,1485.50,1493.50,1497.50,1466.00
2005/04/11,Mon,1492.00,1486.00,1499.00,1483.00
2005/04/10,Sun,,,,
2005/04/09,Sat,,,,
2005/04/08,Fri,1510.00,1493.50,1511.50,1491.50
2005/04/07,Thu,1493.50,1509.00,1510.00,1486.00
2005/04/06,Wed,1491.50,1493.00,1505.00,1484.50
2005/04/05,Tue,1486.50,1491.50,1495.00,1484.50
2005/04/04,Mon,1478.00,1485.00,1490.00,1468.50
2005/04/03,Sun,,,,
2005/04/02,Sat,,,,
2005/04/01,Fri,1491.00,1480.00,1508.00,1473.00
2005/03/31,Thu,1499.00,1491.00,1504.50,1486.00
2005/03/30,Wed,1477.00,1499.00,1500.50,1475.00
2005/03/29,Tue,1481.00,1477.00,1492.50,1465.50
2005/03/28,Mon,1482.00,1481.00,1494.00,1479.50
2005/03/27,Sun,,,,
2005/03/26,Sat,,,,
2005/03/25,Fri,,,,
2005/03/24,Thu,1479.00,1480.00,1495.00,1478.00
2005/03/23,Wed,1473.50,1479.00,1489.00,1463.50
2005/03/22,Tue,1487.00,1474.50,1499.50,1473.00
2005/03/21,Mon,1492.50,1488.50,1500.00,1479.00
2005/03/20,Sun,,,,
2005/03/19,Sat,,,,
2005/03/18,Fri,1488.50,1486.90,1493.00,1483.00
2005/03/17,Thu,1486.00,1489.50,1497.00,1482.50
2005/03/16,Wed,1504.50,1486.50,1510.50,1482.50
2005/03/15,Tue,1520.00,1504.50,1523.50,1501.00
2005/03/14,Mon,1509.00,1515.50,1516.50,1503.00
2005/03/13,Sun,,,,
2005/03/12,Sat,,,,
2005/03/11,Fri,1531.50,1509.00,1535.00,1502.00
2005/03/10,Thu,1523.50,1524.50,1528.50,1504.50
2005/03/09,Wed,1533.00,1524.00,1540.00,1520.50
2005/03/08,Tue,1544.00,1532.00,1551.50,1528.50
2005/03/07,Mon,1528.00,1544.50,1555.00,1524.00
2005/03/06,Sun,,,,
2005/03/05,Sat,,,,
2005/03/04,Fri,1513.50,1525.00,1533.00,1511.50
2005/03/03,Thu,1525.00,1514.00,1532.50,1502.50
2005/03/02,Wed,1528.50,1525.00,1543.50,1517.00
2005/03/01,Tue,1514.00,1529.00,1532.00,1511.00
2005/02/28,Mon,1530.50,1513.00,1536.00,1499.50
2005/02/27,Sun,,,,
2005/02/26,Sat,,,,
2005/02/25,Fri,1519.00,1531.00,1532.00,1514.50
2005/02/24,Thu,1501.50,1518.50,1521.00,1493.50
2005/02/23,Wed,1501.00,1501.50,1509.00,1490.50
2005/02/22,Tue,1518.50,1502.00,1526.00,1494.50
2005/02/21,Mon,,,,
2005/02/20,Sun,,,,
2005/02/19,Sat,,,,
2005/02/18,Fri,1523.50,1517.00,1529.50,1514.00
2005/02/17,Thu,1546.50,1524.00,1550.00,1521.00
2005/02/16,Wed,1548.00,1545.50,1553.00,1537.00
2005/02/15,Tue,1538.00,1548.50,1565.00,1536.50
2005/02/14,Mon,1536.50,1537.50,1543.00,1532.00
2005/02/13,Sun,,,,
2005/02/12,Sat,,,,
2005/02/11,Fri,1506.00,1534.00,1539.50,1501.00
2005/02/10,Thu,1508.50,1506.50,1517.50,1499.50
2005/02/09,Wed,1527.50,1509.00,1537.50,1507.00
2005/02/08,Tue,1532.00,1529.50,1546.50,1527.00
2005/02/07,Mon,1537.50,1530.50,1542.00,1525.50
2005/02/06,Sun,,,,
2005/02/05,Sat,,,,
2005/02/04,Fri,1511.50,1534.00,1539.00,1506.50
2005/02/03,Thu,1521.50,1511.50,1525.00,1504.50
2005/02/02,Wed,1529.00,1524.50,1535.50,1518.00
2005/02/01,Tue,1524.00,1529.50,1532.50,1520.50
2005/01/31,Mon,1513.00,1524.00,1528.00,1512.50
2005/01/30,Sun,,,,
2005/01/29,Sat,,,,
2005/01/28,Fri,1511.00,1509.50,1518.00,1489.50
2005/01/27,Thu,1508.00,1509.00,1517.50,1500.50
2005/01/26,Wed,1495.50,1506.50,1518.00,1495.00
2005/01/25,Tue,1491.00,1495.00,1510.00,1491.00
2005/01/24,Mon,1510.00,1491.00,1514.50,1484.50
2005/01/23,Sun,,,,
2005/01/22,Sat,,,,
2005/01/21,Fri,1524.50,1509.50,1531.00,1506.00
2005/01/20,Thu,1534.50,1522.50,1540.00,1519.00
2005/01/19,Wed,1576.50,1542.50,1580.50,1541.50
2005/01/18,Tue,1564.50,1576.00,1580.50,1556.00
2005/01/17,Mon,,,,
2005/01/16,Sun,,,,
2005/01/15,Sat,,,,
2005/01/14,Fri,1549.00,1562.50,1569.50,1548.00
2005/01/13,Thu,1570.00,1550.00,1576.50,1547.50
2005/01/12,Wed,1565.50,1568.00,1573.00,1547.50
2005/01/11,Tue,1568.50,1559.00,1572.00,1551.00
2005/01/10,Mon,1570.50,1568.00,1584.50,1564.00
2005/01/09,Sun,,,,
2005/01/08,Sat,,,,
2005/01/07,Fri,1562.50,1567.50,1584.50,1557.50
2005/01/06,Thu,1566.50,1563.00,1577.50,1561.50
2005/01/05,Wed,1582.50,1565.50,1588.00,1564.50
2005/01/04,Tue,1614.00,1582.50,1620.00,1571.50
2005/01/03,Mon,1628.00,1615.50,1644.00,1605.00
2005/01/02,Sun,,,,
2005/01/01,Sat,,,,
2004/12/31,Fri,1628.50,1628.50,1636.50,1620.50
2004/12/30,Thu,1633.50,1628.00,1638.00,1626.00
2004/12/29,Wed,1629.50,1633.50,1638.50,1627.50
2004/12/28,Tue,1616.50,1630.00,1632.50,1615.00
2004/12/27,Mon,1620.00,1617.00,1632.00,1607.00
2004/12/26,Sun,,,,
2004/12/25,Sat,,,,
2004/12/24,Fri,,,,
2004/12/23,Thu,1617.00,1618.50,1628.00,1613.50
2004/12/22,Wed,1615.00,1616.00,1629.00,1611.00
2004/12/21,Tue,1603.50,1616.00,1620.50,1602.00
2004/12/20,Mon,1610.00,1604.00,1623.50,1595.00
2004/12/19,Sun,,,,
2004/12/18,Sat,,,,
2004/12/17,Fri,1610.00,1607.64,1613.50,1604.00
2004/12/16,Thu,1622.00,1611.50,1626.00,1600.50
2004/12/15,Wed,1626.00,1623.50,1636.00,1614.00
2004/12/14,Tue,1621.00,1626.00,1633.00,1616.50
2004/12/13,Mon,1608.50,1622.50,1623.00,1608.00
2004/12/12,Sun,,,,
2004/12/11,Sat,,,,
2004/12/10,Fri,1608.50,1608.50,1611.50,1599.50
2004/12/09,Thu,1601.50,1606.50,1617.00,1578.00
2004/12/08,Wed,1592.50,1602.50,1608.50,1588.00
2004/12/07,Tue,1619.00,1593.00,1629.00,1591.00
2004/12/06,Mon,1611.00,1618.50,1627.00,1606.00
2004/12/05,Sun,,,,
2004/12/04,Sat,,,,
2004/12/03,Fri,1626.00,1611.50,1633.50,1611.00
2004/12/02,Thu,1603.00,1613.00,1625.50,1599.00
2004/12/01,Wed,1576.00,1602.50,1609.00,1574.50
2004/11/30,Tue,1578.50,1573.00,1585.50,1572.00
2004/11/29,Mon,1577.50,1577.50,1596.50,1568.50
2004/11/28,Sun,,,,
2004/11/27,Sat,,,,
2004/11/26,Fri,1582.00,1577.50,1594.00,1577.00
2004/11/25,Thu,,,,
2004/11/24,Wed,1570.00,1582.50,1585.50,1569.50
2004/11/23,Tue,1571.00,1570.00,1575.50,1554.00
2004/11/22,Mon,1555.50,1571.50,1572.50,1547.00
2004/11/21,Sun,,,,
2004/11/20,Sat,,,,
2004/11/19,Fri,1582.00,1558.00,1582.50,1553.00
2004/11/18,Thu,1575.00,1582.50,1584.50,1565.50
2004/11/17,Wed,1556.00,1574.50,1583.00,1556.00
2004/11/16,Tue,1562.50,1555.50,1564.00,1543.50
2004/11/15,Mon,1557.00,1563.50,1565.00,1551.50
2004/11/14,Sun,,,,
2004/11/13,Sat,,,,
2004/11/12,Fri,1541.00,1555.50,1558.00,1537.50
2004/11/11,Thu,1522.00,1541.00,1545.00,1519.50
2004/11/10,Wed,1526.50,1522.50,1533.00,1516.00
2004/11/09,Tue,1531.00,1526.50,1537.00,1522.50
2004/11/08,Mon,1530.00,1531.00,1535.00,1523.00
2004/11/07,Sun,,,,
2004/11/06,Sat,,,,
2004/11/05,Fri,1515.00,1530.50,1538.50,1514.00
2004/11/04,Thu,1505.00,1515.00,1522.50,1494.50
2004/11/03,Wed,1498.00,1508.00,1529.50,1493.50
2004/11/02,Tue,1492.00,1498.00,1513.00,1488.00
2004/11/01,Mon,1481.00,1491.50,1498.50,1481.00
2004/10/31,Sun,,,,
2004/10/30,Sat,,,,
2004/10/29,Fri,1490.00,1490.00,1500.50,1477.50
2004/10/28,Thu,1479.50,1489.50,1495.50,1472.00
2004/10/27,Wed,1444.00,1479.50,1487.00,1437.50
2004/10/26,Tue,1435.00,1443.50,1444.50,1426.50
2004/10/25,Mon,1443.50,1435.00,1443.50,1429.50
2004/10/24,Sun,,,,
2004/10/23,Sat,,,,
2004/10/22,Fri,1469.00,1443.50,1481.50,1440.50
2004/10/21,Thu,1451.50,1475.50,1482.50,1448.50
2004/10/20,Wed,1445.00,1452.50,1460.00,1436.50
2004/10/19,Tue,1457.50,1446.00,1474.00,1443.00
2004/10/18,Mon,1436.50,1457.00,1461.00,1424.00
2004/10/17,Sun,,,,
2004/10/16,Sat,,,,
2004/10/15,Fri,1428.50,1436.00,1446.00,1422.00
2004/10/14,Thu,1435.00,1430.50,1441.50,1424.50
2004/10/13,Wed,1443.00,1437.00,1457.50,1428.50
2004/10/12,Tue,1443.00,1439.50,1443.00,1419.00
2004/10/11,Mon,1435.50,1442.50,1445.50,1435.00
2004/10/10,Sun,,,,
2004/10/09,Sat,,,,
2004/10/08,Fri,1462.50,1435.50,1469.50,1431.50
2004/10/07,Thu,1479.00,1462.50,1479.50,1458.50
2004/10/06,Wed,1468.00,1479.00,1479.50,1456.50
2004/10/05,Tue,1464.50,1468.00,1472.00,1458.50
2004/10/04,Mon,1456.00,1464.00,1477.00,1455.50
2004/10/03,Sun,,,,
2004/10/02,Sat,,,,
2004/10/01,Fri,1416.00,1456.50,1458.00,1412.00
2004/09/30,Thu,1415.00,1417.50,1422.50,1407.50
2004/09/29,Wed,1393.50,1415.50,1417.00,1389.50
2004/09/28,Tue,1392.00,1393.50,1399.00,1381.00
2004/09/27,Mon,1404.50,1391.50,1409.50,1386.50
2004/09/26,Sun,,,,
2004/09/25,Sat,,,,
2004/09/24,Fri,1408.00,1404.50,1420.00,1401.50
2004/09/23,Thu,1410.50,1409.50,1419.00,1407.00
2004/09/22,Wed,1435.00,1411.00,1436.50,1407.00
2004/09/21,Tue,1433.50,1435.50,1446.50,1428.00
2004/09/20,Mon,1429.50,1431.50,1443.00,1420.50
2004/09/19,Sun,,,,
2004/09/18,Sat,,,,
2004/09/17,Fri,1420.00,1419.03,1425.00,1415.50
2004/09/16,Thu,1417.50,1420.50,1430.00,1413.00
2004/09/15,Wed,1434.50,1417.50,1434.50,1412.00
2004/09/14,Tue,1434.50,1433.50,1435.50,1430.00
2004/09/13,Mon,1414.00,1431.50,1437.00,1410.50
2004/09/12,Sun,,,,
2004/09/11,Sat,,,,
2004/09/10,Fri,1390.00,1413.50,1416.00,1386.50
2004/09/09,Thu,1390.00,1391.00,1391.50,1389.50
2004/09/08,Wed,1384.00,1380.50,1395.00,1374.00
2004/09/07,Tue,1374.50,1384.00,1392.00,1372.00
2004/09/06,Mon,,,,
2004/09/05,Sun,,,,
2004/09/04,Sat,,,,
2004/09/03,Fri,1387.00,1375.00,1394.00,1369.50
2004/09/02,Thu,1377.50,1398.00,1403.50,1374.00
2004/09/01,Wed,1369.50,1378.00,1386.00,1360.00
2004/08/31,Tue,1367.50,1370.00,1373.00,1354.00
2004/08/30,Mon,1389.50,1367.00,1391.00,1365.00
2004/08/29,Sun,,,,
2004/08/28,Sat,,,,
2004/08/27,Fri,1383.00,1390.00,1395.00,1380.00
2004/08/26,Thu,1389.50,1383.00,1390.50,1380.00
2004/08/25,Wed,1372.50,1390.00,1392.50,1364.50
2004/08/24,Tue,1371.50,1373.50,1380.00,1361.00
2004/08/23,Mon,1367.50,1371.50,1379.50,1364.50
2004/08/22,Sun,,,,
2004/08/21,Sat,,,,
2004/08/20,Fri,1355.00,1367.50,1374.00,1348.00
2004/08/19,Thu,1361.50,1355.50,1364.50,1345.00
2004/08/18,Wed,1338.50,1361.50,1364.50,1328.50
2004/08/17,Tue,1323.00,1338.50,1345.50,1319.00
2004/08/16,Mon,1311.50,1322.00,1336.50,1303.50
2004/08/15,Sun,,,,
2004/08/14,Sat,,,,
2004/08/13,Fri,1310.50,1311.50,1317.50,1302.00
2004/08/12,Thu,1325.00,1308.50,1331.50,1303.00
2004/08/11,Wed,1336.50,1326.50,1337.00,1310.50
2004/08/10,Tue,1321.00,1336.50,1348.50,1320.50
2004/08/09,Mon,1320.00,1320.50,1327.00,1315.50
2004/08/08,Sun,,,,
2004/08/07,Sat,,,,
2004/08/06,Fri,1353.00,1317.50,1360.50,1315.50
2004/08/05,Thu,1379.00,1354.00,1386.50,1353.00
2004/08/04,Wed,1378.50,1379.00,1388.50,1369.00
2004/08/03,Tue,1406.50,1378.50,1408.00,1376.50
2004/08/02,Mon,1400.00,1407.00,1410.50,1387.50
2004/08/01,Sun,,,,
2004/07/31,Sat,,,,
2004/07/30,Fri,1402.50,1402.50,1414.00,1393.00
2004/07/29,Thu,1384.50,1401.50,1406.50,1380.00
2004/07/28,Wed,1391.00,1385.00,1395.00,1361.50
2004/07/27,Tue,1373.50,1390.50,1398.00,1372.50
2004/07/26,Mon,1381.00,1373.00,1388.00,1360.00
2004/07/25,Sun,,,,
2004/07/24,Sat,,,,
2004/07/23,Fri,1398.00,1378.00,1400.50,1371.50
2004/07/22,Thu,1382.50,1405.50,1414.00,1380.00
2004/07/21,Wed,1428.00,1386.50,1438.00,1385.50
2004/07/20,Tue,1396.00,1427.50,1434.50,1391.00
2004/07/19,Mon,1398.00,1395.00,1409.50,1389.50
2004/07/18,Sun,,,,
2004/07/17,Sat,,,,
2004/07/16,Fri,1417.00,1397.50,1428.00,1394.50
2004/07/15,Thu,1421.00,1414.00,1430.00,1413.50
2004/07/14,Wed,1426.00,1419.00,1436.50,1413.50
2004/07/13,Tue,1435.00,1434.00,1443.50,1428.50
2004/07/12,Mon,1444.50,1434.00,1446.00,1421.00
2004/07/11,Sun,,,,
2004/07/10,Sat,,,,
2004/07/09,Fri,1438.50,1442.00,1453.00,1436.50
2004/07/08,Thu,1453.50,1438.50,1456.00,1433.50
2004/07/07,Wed,1453.00,1454.00,1463.00,1448.50
2004/07/06,Tue,1489.50,1453.50,1493.00,1445.00
2004/07/05,Mon,,,,
2004/07/04,Sun,,,,
2004/07/03,Sat,,,,
2004/07/02,Fri,1492.00,1488.00,1497.00,1477.00
2004/07/01,Thu,1521.50,1494.00,1525.50,1483.00
2004/06/30,Wed,1507.50,1521.00,1528.50,1506.00
2004/06/29,Tue,1493.00,1507.50,1512.00,1488.50
2004/06/28,Mon,1504.50,1493.50,1521.00,1488.50
2004/06/27,Sun,,,,
2004/06/26,Sat,,,,
2004/06/25,Fri,1494.00,1505.50,1508.50,1491.00
2004/06/24,Thu,1496.50,1493.50,1506.50,1489.50
2004/06/23,Wed,1479.00,1496.50,1500.00,1472.50
2004/06/22,Tue,1458.50,1479.50,1481.00,1452.50
2004/06/21,Mon,1469.00,1458.00,1479.00,1454.50
2004/06/20,Sun,,,,
2004/06/19,Sat,,,,
2004/06/18,Fri,1464.00,1457.35,1465.00,1456.00
2004/06/17,Thu,1464.00,1464.50,1464.50,1463.50
2004/06/16,Wed,1480.50,1477.50,1486.00,1474.50
2004/06/15,Tue,1467.50,1480.50,1489.00,1460.50
2004/06/14,Mon,1475.00,1461.50,1480.50,1451.50
2004/06/13,Sun,,,,
2004/06/12,Sat,,,,
2004/06/11,Fri,1485.00,1482.00,1485.00,1474.50
2004/06/10,Thu,1472.00,1482.00,1503.00,1468.00
2004/06/09,Wed,1492.50,1471.50,1495.00,1468.50
2004/06/08,Tue,1491.00,1492.50,1496.50,1482.50
2004/06/07,Mon,1454.50,1491.00,1493.00,1454.00
2004/06/06,Sun,,,,
2004/06/05,Sat,,,,
2004/06/04,Fri,1448.50,1456.50,1473.50,1444.50
2004/06/03,Thu,1465.50,1443.00,1467.50,1441.50
2004/06/02,Wed,1468.50,1465.50,1476.00,1455.00
2004/06/01,Tue,1466.50,1469.00,1470.50,1453.00
2004/05/31,Mon,,,,
2004/05/30,Sun,,,,
2004/05/29,Sat,,,,
2004/05/28,Fri,1465.50,1467.00,1471.50,1457.00
2004/05/27,Thu,1455.00,1467.00,1468.50,1450.50
2004/05/26,Wed,1446.00,1455.50,1457.00,1438.50
2004/05/25,Tue,1418.00,1446.00,1451.50,1406.00
2004/05/24,Mon,1407.50,1418.00,1426.50,1407.50
2004/05/23,Sun,,,,
2004/05/22,Sat,,,,
2004/05/21,Fri,1401.00,1408.50,1415.50,1397.50
2004/05/20,Thu,1394.50,1402.00,1409.00,1390.00
2004/05/19,Wed,1398.50,1396.00,1429.00,1393.00
2004/05/18,Tue,1385.50,1398.00,1405.00,1385.00
2004/05/17,Mon,1398.50,1386.50,1401.00,1372.50
2004/05/16,Sun,,,,
2004/05/15,Sat,,,,
2004/05/14,Fri,1409.50,1400.00,1421.50,1393.50
2004/05/13,Thu,1418.50,1409.50,1426.50,1405.50
2004/05/12,Wed,1419.00,1419.00,1423.00,1378.50
2004/05/11,Tue,1395.50,1416.00,1424.50,1394.00
2004/05/10,Mon,1405.00,1395.50,1406.50,1384.00
2004/05/09,Sun,,,,
2004/05/08,Sat,,,,
2004/05/07,Fri,1418.50,1406.00,1434.50,1404.50
2004/05/06,Thu,1432.50,1419.00,1433.50,1403.50
2004/05/05,Wed,1419.50,1432.00,1437.00,1411.50
2004/05/04,Tue,1413.50,1419.00,1439.50,1410.50
2004/05/03,Mon,1399.50,1414.50,1430.00,1399.50
2004/05/02,Sun,,,,
2004/05/01,Sat,,,,
2004/04/30,Fri,1434.50,1403.00,1443.00,1399.50
2004/04/29,Thu,1456.50,1436.00,1462.50,1421.50
2004/04/28,Wed,1484.50,1458.00,1485.00,1450.00
2004/04/27,Tue,1489.00,1484.50,1498.00,1477.50
2004/04/26,Mon,1497.00,1489.50,1502.00,1476.00
2004/04/25,Sun,,,,
2004/04/24,Sat,,,,
2004/04/23,Fri,1495.50,1498.00,1501.00,1486.00
2004/04/22,Thu,1456.00,1484.00,1491.00,1444.50
2004/04/21,Wed,1440.00,1448.50,1454.50,1435.50
2004/04/20,Tue,1470.50,1437.50,1482.00,1435.00
2004/04/19,Mon,1450.50,1471.00,1473.50,1446.00
2004/04/18,Sun,,,,
2004/04/17,Sat,,,,
2004/04/16,Fri,1452.50,1453.50,1462.50,1442.00
2004/04/15,Thu,1482.50,1456.00,1488.00,1450.50
2004/04/14,Wed,1473.50,1483.50,1488.00,1462.00
2004/04/13,Tue,1497.50,1476.50,1508.50,1471.00
2004/04/12,Mon,1489.00,1497.50,1500.00,1485.00
2004/04/11,Sun,,,,
2004/04/10,Sat,,,,
2004/04/09,Fri,,,,
2004/04/08,Thu,1487.00,1489.50,1507.50,1480.00
2004/04/07,Wed,1488.50,1490.00,1495.00,1477.00
2004/04/06,Tue,1507.50,1488.50,1509.50,1487.00
2004/04/05,Mon,1493.00,1509.00,1511.00,1487.50
2004/04/04,Sun,,,,
2004/04/03,Sat,,,,
2004/04/02,Fri,1458.50,1495.00,1496.50,1454.50
2004/04/01,Thu,1442.50,1458.50,1460.00,1438.00
2004/03/31,Wed,1447.00,1441.50,1454.00,1434.00
2004/03/30,Tue,1443.50,1447.00,1448.00,1430.50
2004/03/29,Mon,1420.50,1443.50,1449.00,1420.00
2004/03/28,Sun,,,,
2004/03/27,Sat,,,,
2004/03/26,Fri,1425.00,1419.50,1434.00,1418.50
2004/03/25,Thu,1386.00,1424.50,1429.00,1383.00
2004/03/24,Wed,1372.00,1386.50,1395.50,1365.50
2004/03/23,Tue,1382.50,1371.50,1396.00,1369.50
2004/03/22,Mon,1399.50,1382.50,1400.00,1371.00
2004/03/21,Sun,,,,
2004/03/20,Sat,,,,
2004/03/19,Fri,1422.00,1415.75,1428.50,1409.50
2004/03/18,Thu,1428.00,1422.50,1430.00,1406.50
2004/03/17,Wed,1407.50,1429.00,1433.00,1402.00
2004/03/16,Tue,1403.50,1405.50,1418.50,1393.00
2004/03/15,Mon,1425.00,1405.00,1431.00,1400.50
2004/03/14,Sun,,,,
2004/03/13,Sat,,,,
2004/03/12,Fri,1403.00,1429.00,1431.00,1383.00
2004/03/11,Thu,1415.00,1403.00,1429.00,1395.50
2004/03/10,Wed,1436.00,1414.50,1448.50,1413.00
2004/03/09,Tue,1439.50,1435.00,1447.00,1428.50
2004/03/08,Mon,1475.00,1437.50,1482.00,1437.00
2004/03/07,Sun,,,,
2004/03/06,Sat,,,,
2004/03/05,Fri,1474.00,1474.50,1494.50,1459.00
2004/03/04,Thu,1465.50,1477.50,1482.00,1463.50
2004/03/03,Wed,1472.50,1464.00,1475.00,1456.50
2004/03/02,Tue,1490.50,1473.00,1496.00,1473.00
2004/03/01,Mon,1473.00,1490.00,1491.50,1467.00
2004/02/29,Sun,,,,
2004/02/28,Sat,,,,
2004/02/27,Fri,1475.50,1471.50,1486.50,1459.50
2004/02/26,Thu,1472.00,1475.50,1482.00,1460.50
2004/02/25,Wed,1464.00,1472.00,1476.00,1458.00
2004/02/24,Tue,1467.50,1463.50,1475.00,1452.00
2004/02/23,Mon,1483.50,1466.50,1493.50,1454.00
2004/02/22,Sun,,,,
2004/02/21,Sat,,,,
2004/02/20,Fri,1488.00,1483.50,1495.00,1470.50
2004/02/19,Thu,1512.50,1488.50,1525.50,1482.00
2004/02/18,Wed,1509.00,1511.00,1517.00,1501.50
2004/02/17,Tue,1488.00,1507.50,1514.00,1487.00
2004/02/16,Mon,,,,
2004/02/15,Sun,,,,
2004/02/14,Sat,,,,
2004/02/13,Fri,1501.50,1488.00,1512.50,1479.00
2004/02/12,Thu,1512.50,1500.50,1517.50,1498.50
2004/02/11,Wed,1497.50,1512.50,1516.50,1492.00
2004/02/10,Tue,1494.00,1497.50,1506.00,1490.50
2004/02/09,Mon,1496.00,1494.00,1505.00,1491.50
2004/02/08,Sun,,,,
2004/02/07,Sat,,,,
2004/02/06,Fri,1467.00,1494.50,1501.00,1460.00
2004/02/05,Thu,1463.00,1467.50,1477.00,1462.00
2004/02/04,Wed,1488.00,1463.00,1489.00,1461.50
2004/02/03,Tue,1488.00,1487.00,1499.00,1483.00
2004/02/02,Mon,1494.00,1489.00,1509.50,1482.00
2004/02/01,Sun,,,,
2004/01/31,Sat,,,,
2004/01/30,Fri,1501.00,1495.00,1507.00,1488.50
2004/01/29,Thu,1492.50,1499.50,1502.50,1475.50
2004/01/28,Wed,1519.50,1494.00,1532.50,1489.00
2004/01/27,Tue,1554.00,1520.00,1557.00,1519.50
2004/01/26,Mon,1530.50,1554.50,1556.00,1523.50
2004/01/25,Sun,,,,
2004/01/24,Sat,,,,
2004/01/23,Fri,1527.00,1533.00,1549.50,1521.00
2004/01/22,Thu,1550.00,1534.50,1557.50,1532.50
2004/01/21,Wed,1552.00,1547.00,1557.50,1530.50
2004/01/20,Tue,1552.50,1553.00,1563.00,1542.50
2004/01/19,Mon,,,,
2004/01/18,Sun,,,,
2004/01/17,Sat,,,,
2004/01/16,Fri,1536.50,1553.00,1556.00,1535.50
2004/01/15,Thu,1532.00,1537.50,1548.50,1516.00
2004/01/14,Wed,1528.50,1537.50,1539.50,1524.00
2004/01/13,Tue,1544.50,1528.50,1548.00,1515.00
2004/01/12,Mon,1521.00,1544.50,1545.50,1518.50
2004/01/11,Sun,,,,
2004/01/10,Sat,,,,
2004/01/09,Fri,1530.50,1521.50,1545.00,1514.50
2004/01/08,Thu,1516.50,1531.00,1531.00,1515.00
2004/01/07,Wed,1504.50,1517.00,1517.50,1493.00
2004/01/06,Tue,1494.50,1504.50,1508.00,1489.00
2004/01/05,Mon,1468.00,1495.50,1497.50,1467.00
2004/01/04,Sun,,,,
2004/01/03,Sat,,,,
2004/01/02,Fri,1473.00,1466.50,1483.00,1460.50
2004/01/01,Thu,,,,
2003/12/31,Wed,1473.50,1471.00,1479.00,1461.00
2003/12/30,Tue,1469.50,1474.50,1477.00,1463.00
2003/12/29,Mon,1445.00,1470.00,1472.00,1445.00
2003/12/28,Sun,,,,
2003/12/27,Sat,,,,
2003/12/26,Fri,1449.00,1445.00,1454.50,1444.00
2003/12/25,Thu,,,,
2003/12/24,Wed,1444.50,1446.50,1451.00,1441.50
2003/12/23,Tue,1433.00,1444.50,1451.50,1431.00
2003/12/22,Mon,1422.50,1433.50,1436.50,1417.00
2003/12/21,Sun,,,,
2003/12/20,Sat,,,,
2003/12/19,Fri,1429.00,1431.99,1434.00,1428.00
2003/12/18,Thu,1403.50,1431.50,1434.00,1402.50
2003/12/17,Wed,1401.50,1403.50,1407.00,1390.50
2003/12/16,Tue,1398.00,1401.50,1408.00,1385.00
2003/12/15,Mon,1446.50,1399.50,1452.50,1393.00
2003/12/14,Sun,,,,
2003/12/13,Sat,,,,
2003/12/12,Fri,1419.50,1419.50,1424.00,1404.00
2003/12/11,Thu,1390.00,1419.50,1423.50,1386.00
2003/12/10,Wed,1384.50,1390.00,1395.00,1372.50
2003/12/09,Tue,1417.00,1384.50,1426.00,1382.00
2003/12/08,Mon,1409.50,1417.50,1420.50,1398.50
2003/12/07,Sun,,,,
2003/12/06,Sat,,,,
2003/12/05,Fri,1423.50,1410.00,1428.00,1405.00
2003/12/04,Thu,1418.00,1433.00,1435.50,1410.50
2003/12/03,Wed,1434.50,1418.00,1453.00,1417.50
2003/12/02,Tue,1444.50,1435.50,1449.00,1431.00
2003/12/01,Mon,1424.00,1443.50,1448.00,1421.50
2003/11/30,Sun,,,,
2003/11/29,Sat,,,,
2003/11/28,Fri,1421.50,1425.00,1428.00,1412.00
2003/11/27,Thu,,,,
2003/11/26,Wed,1415.00,1421.00,1428.00,1400.00
2003/11/25,Tue,1415.00,1414.50,1429.50,1412.00
2003/11/24,Mon,1374.50,1415.50,1418.50,1374.50
2003/11/23,Sun,,,,
2003/11/22,Sat,,,,
2003/11/21,Fri,1362.50,1378.50,1378.50,1356.50
2003/11/20,Thu,1377.50,1362.50,1395.50,1359.50
2003/11/19,Wed,1362.00,1375.50,1384.00,1359.00
2003/11/18,Tue,1394.50,1362.50,1406.50,1360.50
2003/11/17,Mon,1409.00,1395.00,1409.00,1378.00
2003/11/16,Sun,,,,
2003/11/15,Sat,,,,
2003/11/14,Fri,1439.00,1409.50,1449.00,1406.00
2003/11/13,Thu,1442.50,1440.00,1450.50,1430.00
2003/11/12,Wed,1410.50,1442.00,1447.50,1409.00
2003/11/11,Tue,1416.50,1411.50,1420.00,1402.00
2003/11/10,Mon,1434.00,1416.50,1439.50,1412.00
2003/11/09,Sun,,,,
2003/11/08,Sat,,,,
2003/11/07,Fri,1446.50,1433.50,1458.50,1432.00
2003/11/06,Thu,1443.50,1447.50,1448.00,1422.00
2003/11/05,Wed,1429.00,1441.50,1444.00,1414.50
2003/11/04,Tue,1440.00,1430.50,1444.00,1426.00
2003/11/03,Mon,1412.50,1439.00,1448.00,1412.50
2003/11/02,Sun,,,,
2003/11/01,Sat,,,,
2003/10/31,Fri,1422.50,1418.00,1431.00,1412.00
2003/10/30,Thu,1421.50,1424.00,1445.00,1414.50
2003/10/29,Wed,1423.00,1421.50,1425.50,1411.50
2003/10/28,Tue,1377.00,1423.50,1425.50,1376.50
2003/10/27,Mon,1374.00,1377.50,1386.50,1369.50
2003/10/26,Sun,,,,
2003/10/25,Sat,,,,
2003/10/24,Fri,1374.50,1376.00,1378.00,1347.50
2003/10/23,Thu,1389.50,1374.50,1390.00,1368.00
2003/10/22,Wed,1420.00,1392.00,1420.50,1386.00
2003/10/21,Tue,1410.00,1419.50,1427.50,1406.00
2003/10/20,Mon,1394.00,1411.50,1413.00,1389.00
2003/10/19,Sun,,,,
2003/10/18,Sat,,,,
2003/10/17,Fri,1422.00,1393.50,1428.50,1393.00
2003/10/16,Thu,1413.50,1428.00,1430.00,1406.50
2003/10/15,Wed,1424.00,1416.50,1444.50,1410.50
2003/10/14,Tue,1418.00,1424.00,1425.00,1407.50
2003/10/13,Mon,1409.00,1418.50,1424.00,1406.00
2003/10/12,Sun,,,,
2003/10/11,Sat,,,,
2003/10/10,Fri,1397.00,1409.50,1410.00,1394.50
2003/10/09,Thu,1385.00,1397.50,1420.00,1381.00
2003/10/08,Wed,1395.00,1386.00,1403.50,1377.50
2003/10/07,Tue,1385.50,1395.00,1395.50,1369.00
2003/10/06,Mon,1375.50,1386.50,1388.50,1370.50
2003/10/05,Sun,,,,
2003/10/04,Sat,,,,
2003/10/03,Fri,1337.50,1376.50,1388.00,1336.00
2003/10/02,Thu,1333.00,1338.50,1345.50,1326.00
2003/10/01,Wed,1305.50,1333.50,1338.50,1304.50
2003/09/30,Tue,1335.50,1306.00,1337.00,1303.00
2003/09/29,Mon,1311.00,1336.00,1336.00,1306.50
2003/09/28,Sun,,,,
2003/09/27,Sat,,,,
2003/09/26,Fri,1320.50,1310.50,1336.00,1309.00
2003/09/25,Thu,1338.00,1319.50,1359.50,1319.00
2003/09/24,Wed,1389.50,1337.50,1393.50,1336.50
2003/09/23,Tue,1366.50,1389.00,1391.50,1364.50
2003/09/22,Mon,1392.00,1365.50,1392.00,1359.50
2003/09/21,Sun,,,,
2003/09/20,Sat,,,,
2003/09/19,Fri,1397.00,1405.48,1401.00,1394.50
2003/09/18,Thu,1378.50,1398.50,1402.00,1368.50
2003/09/17,Wed,1383.50,1378.00,1387.50,1369.00
2003/09/16,Tue,1348.00,1383.50,1384.50,1348.00
2003/09/15,Mon,1359.50,1347.50,1364.50,1345.50
2003/09/14,Sun,,,,
2003/09/13,Sat,,,,
2003/09/12,Fri,1352.00,1359.50,1361.00,1329.00
2003/09/11,Thu,1337.50,1352.50,1358.50,1327.00
2003/09/10,Wed,1368.00,1338.00,1370.00,1332.00
2003/09/09,Tue,1389.00,1371.50,1393.50,1364.50
2003/09/08,Mon,1364.50,1388.00,1389.00,1363.00
2003/09/07,Sun,,,,
2003/09/06,Sat,,,,
2003/09/05,Fri,1380.00,1366.00,1381.50,1354.00
2003/09/04,Thu,1361.50,1375.00,1376.50,1356.00
2003/09/03,Wed,1364.00,1361.50,1376.50,1354.00
2003/09/02,Tue,1341.00,1363.00,1363.50,1333.00
2003/09/01,Mon,,,,
2003/08/31,Sun,,,,
2003/08/30,Sat,,,,
2003/08/29,Fri,1330.50,1342.00,1346.00,1326.50
2003/08/28,Thu,1319.50,1331.50,1333.00,1308.50
2003/08/27,Wed,1308.50,1320.00,1321.00,1302.50
2003/08/26,Tue,1307.50,1308.50,1311.50,1280.00
2003/08/25,Mon,1305.50,1307.00,1308.50,1296.00
2003/08/24,Sun,,,,
2003/08/23,Sat,,,,
2003/08/22,Fri,1314.00,1305.00,1343.00,1304.50
2003/08/21,Thu,1299.00,1313.50,1321.00,1298.50
2003/08/20,Wed,1299.50,1299.50,1309.00,1288.50
2003/08/19,Tue,1287.00,1302.50,1303.50,1281.50
2003/08/18,Mon,1253.00,1287.00,1288.00,1252.50
2003/08/17,Sun,,,,
2003/08/16,Sat,,,,
2003/08/15,Fri,1240.00,1254.50,1259.50,1220.00
2003/08/14,Thu,1242.50,1245.50,1255.50,1234.50
2003/08/13,Wed,1241.50,1243.00,1250.50,1233.00
2003/08/12,Tue,1223.00,1242.50,1244.00,1220.00
2003/08/11,Mon,1209.50,1222.50,1232.00,1208.50
2003/08/10,Sun,,,,
2003/08/09,Sat,,,,
2003/08/08,Fri,1219.00,1210.50,1229.00,1204.00
2003/08/07,Thu,1215.00,1219.50,1227.00,1208.50
2003/08/06,Wed,1214.50,1214.50,1238.50,1211.50
2003/08/05,Tue,1265.50,1216.00,1268.00,1215.00
2003/08/04,Mon,1266.00,1265.50,1279.00,1241.00
2003/08/03,Sun,,,,
2003/08/02,Sat,,,,
2003/08/01,Fri,1278.50,1267.50,1284.50,1260.00
2003/07/31,Thu,1264.00,1279.00,1301.00,1264.00
2003/07/30,Wed,1273.00,1264.50,1281.00,1262.00
2003/07/29,Tue,1283.00,1273.50,1289.00,1257.00
2003/07/28,Mon,1282.00,1283.50,1288.00,1273.00
2003/07/27,Sun,,,,
2003/07/26,Sat,,,,
2003/07/25,Fri,1252.00,1280.50,1281.00,1238.50
2003/07/24,Thu,1270.50,1254.00,1291.00,1252.50
2003/07/23,Wed,1265.50,1273.00,1276.50,1247.50
2003/07/22,Tue,1239.00,1262.50,1269.00,1237.50
2003/07/21,Mon,1258.50,1241.50,1263.00,1232.00
2003/07/20,Sun,,,,
2003/07/19,Sat,,,,
2003/07/18,Fri,1262.00,1258.50,1270.00,1245.00
2003/07/17,Thu,1292.50,1255.00,1293.50,1249.50
2003/07/16,Wed,1306.50,1295.00,1315.00,1278.00
2003/07/15,Tue,1298.50,1298.00,1314.00,1286.50
2003/07/14,Mon,1284.00,1299.50,1319.50,1283.50
2003/07/13,Sun,,,,
2003/07/12,Sat,,,,
2003/07/11,Fri,1273.00,1281.50,1288.50,1266.00
2003/07/10,Thu,1289.50,1272.50,1290.00,1262.00
2003/07/09,Wed,1298.00,1297.00,1309.50,1287.00
2003/07/08,Tue,1284.00,1299.00,1302.00,1273.50
2003/07/07,Mon,1233.00,1285.00,1286.00,1233.00
2003/07/06,Sun,,,,
2003/07/05,Sat,,,,
2003/07/04,Fri,,,,
2003/07/03,Thu,1247.50,1229.00,1253.00,1228.00
2003/07/02,Wed,1222.00,1248.50,1249.00,1222.00
2003/07/01,Tue,1206.00,1223.00,1223.50,1179.00
2003/06/30,Mon,1205.00,1204.50,1222.00,1201.50
2003/06/29,Sun,,,,
2003/06/28,Sat,,,,
2003/06/27,Fri,1218.50,1202.50,1232.00,1199.00
2003/06/26,Thu,1190.00,1217.00,1220.50,1189.00
2003/06/25,Wed,1195.00,1189.50,1216.00,1188.00
2003/06/24,Tue,1204.50,1194.50,1213.50,1190.00
2003/06/23,Mon,1221.00,1205.00,1224.00,1191.50
2003/06/22,Sun,,,,
2003/06/21,Sat,,,,
2003/06/20,Fri,1222.50,1238.08,1238.00,1222.50
2003/06/19,Thu,1243.00,1223.00,1255.50,1222.50
2003/06/18,Wed,1236.00,1243.50,1256.00,1225.50
2003/06/17,Tue,1242.50,1236.50,1252.00,1229.00
2003/06/16,Mon,1201.50,1243.00,1243.50,1201.50
2003/06/15,Sun,,,,
2003/06/14,Sat,,,,
2003/06/13,Fri,1233.00,1207.00,1236.00,1201.00
2003/06/12,Thu,1228.00,1233.00,1240.00,1217.50
2003/06/11,Wed,1212.00,1229.00,1231.50,1199.00
2003/06/10,Tue,1198.00,1214.50,1216.00,1194.00
2003/06/09,Mon,1209.00,1197.50,1223.00,1188.00
2003/06/08,Sun,,,,
2003/06/07,Sat,,,,
2003/06/06,Fri,1231.00,1213.00,1266.50,1208.50
2003/06/05,Thu,1223.00,1234.00,1235.00,1206.50
2003/06/04,Wed,1200.50,1224.50,1230.00,1196.00
2003/06/03,Tue,1185.50,1201.50,1202.00,1180.50
2003/06/02,Mon,1198.50,1190.50,1215.50,1180.00
2003/06/01,Sun,,,,
2003/05/31,Sat,,,,
2003/05/30,Fri,1179.50,1199.00,1202.50,1177.00
2003/05/29,Thu,1172.50,1179.00,1200.00,1170.50
2003/05/28,Wed,1172.50,1174.50,1186.00,1165.50
2003/05/27,Tue,1129.50,1172.50,1175.50,1122.50
2003/05/26,Mon,,,,
2003/05/25,Sun,,,,
2003/05/24,Sat,,,,
2003/05/23,Fri,1129.50,1130.50,1137.00,1125.00
2003/05/22,Thu,1114.00,1130.00,1139.50,1110.50
2003/05/21,Wed,1119.50,1115.50,1122.00,1104.50
2003/05/20,Tue,1115.00,1118.50,1125.50,1104.00
2003/05/19,Mon,1154.00,1114.00,1154.00,1112.50
2003/05/18,Sun,,,,
2003/05/17,Sat,,,,
2003/05/16,Fri,1162.50,1156.50,1166.00,1147.00
2003/05/15,Thu,1151.50,1163.50,1166.50,1150.00
2003/05/14,Wed,1153.00,1151.00,1166.00,1141.50
2003/05/13,Tue,1161.50,1154.50,1168.00,1149.50
2003/05/12,Mon,1144.50,1160.00,1166.00,1134.00
2003/05/11,Sun,,,,
2003/05/10,Sat,,,,
2003/05/09,Fri,1118.00,1143.50,1146.00,1114.50
2003/05/08,Thu,1138.00,1118.00,1139.00,1117.50
2003/05/07,Wed,1153.50,1139.50,1159.50,1132.50
2003/05/06,Tue,1138.00,1152.50,1163.50,1134.50
2003/05/05,Mon,1138.00,1138.50,1155.50,1134.50
2003/05/04,Sun,,,,
2003/05/03,Sat,,,,
2003/05/02,Fri,1112.50,1139.00,1139.50,1111.00
2003/05/01,Thu,1107.00,1113.50,1110.50,1095.00
2003/04/30,Wed,1116.50,1108.00,1119.00,1105.50
2003/04/29,Tue,1106.50,1116.50,1129.50,1103.50
2003/04/28,Mon,1085.00,1107.00,1113.50,1081.50
2003/04/27,Sun,,,,
2003/04/26,Sat,,,,
2003/04/25,Fri,1109.50,1085.50,1112.50,1082.00
2003/04/24,Thu,1113.50,1108.00,1118.00,1098.50
2003/04/23,Wed,1106.50,1113.50,1118.00,1098.50
2003/04/22,Tue,1083.50,1104.00,1106.50,1072.50
2003/04/21,Mon,1084.00,1084.50,1092.00,1072.50
2003/04/20,Sun,,,,
2003/04/19,Sat,,,,
2003/04/18,Fri,,,,
2003/04/17,Thu,1057.00,1083.00,1087.50,1054.00
2003/04/16,Wed,1070.00,1056.50,1084.00,1052.50
2003/04/15,Tue,1048.00,1059.50,1064.00,1041.00
2003/04/14,Mon,1029.00,1048.50,1053.50,1026.00
2003/04/13,Sun,,,,
2003/04/12,Sat,,,,
2003/04/11,Fri,1038.50,1028.50,1054.00,1022.00
2003/04/10,Thu,1028.00,1038.00,1038.50,1019.50
2003/04/09,Wed,1051.00,1026.00,1061.00,1024.50
2003/04/08,Tue,1051.00,1050.50,1068.50,1043.50
2003/04/07,Mon,1060.00,1051.00,1095.00,1050.50
2003/04/06,Sun,,,,
2003/04/05,Sat,,,,
2003/04/04,Fri,1065.50,1050.00,1078.00,1046.50
2003/04/03,Thu,1064.00,1067.00,1082.00,1061.00
2003/04/02,Wed,1024.00,1062.00,1070.00,1023.50
2003/04/01,Tue,1019.00,1023.00,1035.00,1015.50
2003/03/31,Mon,1047.00,1021.00,1048.50,1015.00
2003/03/30,Sun,,,,
2003/03/29,Sat,,,,
2003/03/28,Fri,1063.00,1051.50,1066.50,1046.00
2003/03/27,Thu,1070.50,1061.50,1074.00,1051.50
2003/03/26,Wed,1066.50,1070.00,1078.50,1063.00
2003/03/25,Tue,1050.00,1065.50,1079.00,1043.50
2003/03/24,Mon,1085.00,1050.00,1087.50,1047.50
2003/03/23,Sun,,,,
2003/03/22,Sat,,,,
2003/03/21,Fri,1090.00,1094.58,1095.50,1070.00
2003/03/20,Thu,1071.00,1078.00,1090.50,1054.00
2003/03/19,Wed,1083.00,1073.00,1094.00,1059.00
2003/03/18,Tue,1070.50,1084.50,1086.50,1063.00
2003/03/17,Mon,1029.00,1071.50,1077.50,1016.50
2003/03/16,Sun,,,,
2003/03/15,Sat,,,,
2003/03/14,Fri,1031.00,1034.50,1044.50,1020.50
2003/03/13,Thu,973.50,1030.50,1031.50,971.50
2003/03/12,Wed,958.50,973.50,975.00,945.00
2003/03/11,Tue,967.00,958.00,975.00,957.00
2003/03/10,Mon,986.50,966.50,987.00,962.00
2003/03/09,Sun,,,,
2003/03/08,Sat,,,,
2003/03/07,Fri,978.50,986.50,993.00,964.50
2003/03/06,Thu,989.00,984.50,992.50,976.50
2003/03/05,Wed,985.00,988.00,996.50,978.00
2003/03/04,Tue,990.50,985.50,995.50,982.00
2003/03/03,Mon,1014.50,992.50,1024.00,988.50
2003/03/02,Sun,,,,
2003/03/01,Sat,,,,
2003/02/28,Fri,996.00,1010.50,1014.50,991.50
2003/02/27,Thu,974.00,996.50,1002.50,971.50
2003/02/26,Wed,997.50,974.00,1003.00,973.50
2003/02/25,Tue,994.00,998.00,1003.00,968.50
2003/02/24,Mon,1016.50,994.00,1021.50,993.50
2003/02/23,Sun,,,,
2003/02/22,Sat,,,,
2003/02/21,Fri,1004.50,1014.50,1021.00,986.00
2003/02/20,Thu,1008.50,1004.50,1020.50,1000.00
2003/02/19,Wed,1017.50,1009.50,1022.00,994.50
2003/02/18,Tue,986.50,1018.50,1019.50,983.00
2003/02/17,Mon,,,,
2003/02/16,Sun,,,,
2003/02/15,Sat,,,,
2003/02/14,Fri,961.50,985.00,985.50,950.50
2003/02/13,Thu,957.50,961.50,983.50,938.50
2003/02/12,Wed,971.00,958.50,979.50,957.00
2003/02/11,Tue,970.00,972.00,990.50,962.50
2003/02/10,Mon,958.00,969.00,976.00,951.00
2003/02/09,Sun,,,,
2003/02/08,Sat,,,,
2003/02/07,Fri,974.00,959.50,987.50,951.50
2003/02/06,Thu,970.00,975.00,980.00,960.50
2003/02/05,Wed,969.50,969.50,1000.50,964.50
2003/02/04,Tue,986.50,975.00,990.00,959.50
2003/02/03,Mon,984.00,986.00,998.50,979.00
2003/02/02,Sun,,,,
2003/02/01,Sat,,,,
2003/01/31,Fri,987.00,984.50,997.50,965.00
2003/01/30,Thu,1014.00,987.00,1027.00,986.00
2003/01/29,Wed,999.50,1013.50,1025.00,980.00
2003/01/28,Tue,990.00,998.50,1008.50,982.50
2003/01/27,Mon,1003.00,988.50,1007.50,980.00
2003/01/26,Sun,,,,
2003/01/25,Sat,,,,
2003/01/24,Fri,1028.00,1000.00,1032.50,992.50
2003/01/23,Thu,1013.00,1026.50,1041.00,1011.50
2003/01/22,Wed,1010.00,1004.50,1029.00,999.50
2003/01/21,Tue,1020.50,1009.00,1029.50,1008.00
2003/01/20,Mon,1020.50,1020.00,1028.00,1015.00
2003/01/19,Sun,,,,
2003/01/18,Sat,,,,
2003/01/17,Fri,1066.00,1020.00,1077.50,1018.00
2003/01/16,Thu,1072.00,1064.50,1087.00,1059.50
2003/01/15,Wed,1085.00,1077.00,1103.00,1071.00
2003/01/14,Tue,1086.00,1092.00,1101.00,1082.00
2003/01/13,Mon,1090.50,1086.50,1108.50,1077.50
2003/01/12,Sun,,,,
2003/01/11,Sat,,,,
2003/01/10,Fri,1077.50,1091.50,1099.00,1056.00
2003/01/09,Thu,1046.50,1077.00,1088.00,1044.50
2003/01/08,Wed,1073.50,1045.00,1074.50,1042.00
2003/01/07,Tue,1064.50,1075.00,1085.50,1056.00
2003/01/06,Mon,1034.50,1061.00,1072.00,1031.00
2003/01/05,Sun,,,,
2003/01/04,Sat,,,,
2003/01/03,Fri,1026.50,1036.00,1037.50,1020.00
2003/01/02,Thu,992.00,1025.00,1030.50,985.50
2003/01/01,Wed,,,,
2002/12/31,Tue,994.00,987.00,996.50,979.00
2002/12/30,Mon,999.50,993.00,1007.00,982.50
2002/12/29,Sun,,,,
2002/12/28,Sat,,,,
2002/12/27,Fri,1019.50,1001.50,1025.00,997.50
2002/12/26,Thu,1023.00,1020.00,1045.50,1015.50
2002/12/25,Wed,,,,
2002/12/24,Tue,1032.50,1024.00,1038.50,1025.50
2002/12/23,Mon,1025.00,1033.50,1039.00,1014.00
2002/12/22,Sun,,,,
2002/12/21,Sat,,,,
2002/12/20,Fri,996.00,1015.26,1019.50,996.00
2002/12/19,Thu,1021.00,1010.00,1036.00,999.50
2002/12/18,Wed,1043.00,1020.50,1043.00,1007.50
2002/12/17,Tue,1041.50,1042.50,1053.50,1032.50
2002/12/16,Mon,1011.00,1040.00,1044.00,1003.00
2002/12/15,Sun,,,,
2002/12/14,Sat,,,,
2002/12/13,Fri,1041.00,1007.50,1042.50,1006.00
2002/12/12,Thu,1034.50,1041.00,1052.50,1025.50
2002/12/11,Wed,1030.50,1035.50,1048.50,1019.00
2002/12/10,Tue,1015.00,1031.00,1044.50,1014.50
2002/12/09,Mon,1066.50,1015.00,1072.50,1014.00
2002/12/08,Sun,,,,
2002/12/07,Sat,,,,
2002/12/06,Fri,1062.00,1067.00,1075.00,1030.00
2002/12/05,Thu,1072.00,1056.00,1087.50,1051.50
2002/12/04,Wed,1094.00,1071.00,1094.00,1055.00
2002/12/03,Tue,1126.50,1094.50,1136.50,1080.00
2002/12/02,Mon,1112.50,1127.50,1157.50,1110.00
2002/12/01,Sun,,,,
2002/11/30,Sat,,,,
2002/11/29,Fri,1124.00,1117.00,1136.00,1118.00
2002/11/28,Thu,,,,
2002/11/27,Wed,1092.00,1124.00,1145.00,1088.50
2002/11/26,Tue,1127.00,1088.50,1127.50,1083.50
2002/11/25,Mon,1116.50,1126.00,1135.50,1109.00
2002/11/24,Sun,,,,
2002/11/23,Sat,,,,
2002/11/22,Fri,1117.50,1116.50,1124.50,1100.50
2002/11/21,Thu,1078.00,1117.50,1121.50,1077.00
2002/11/20,Wed,1031.50,1076.00,1077.00,1026.50
2002/11/19,Tue,1048.50,1032.50,1052.00,1019.00
2002/11/18,Mon,1065.50,1050.00,1079.50,1047.00
2002/11/17,Sun,,,,
2002/11/16,Sat,,,,
2002/11/15,Fri,1051.00,1065.50,1066.50,1036.50
2002/11/14,Thu,1017.50,1051.50,1066.50,1002.00
2002/11/13,Wed,1005.50,1016.50,1024.50,986.50
2002/11/12,Tue,978.50,1004.50,1023.00,975.00
2002/11/11,Mon,1009.00,980.50,1015.00,973.50
2002/11/10,Sun,,,,
2002/11/09,Sat,,,,
2002/11/08,Fri,1035.50,1009.00,1043.50,1005.00
2002/11/07,Thu,1071.00,1029.50,1074.50,1020.00
2002/11/06,Wed,1053.50,1069.00,1073.00,1033.00
2002/11/05,Tue,1045.00,1051.50,1054.50,1030.00
2002/11/04,Mon,1035.00,1043.00,1073.00,1034.50
2002/11/03,Sun,,,,
2002/11/02,Sat,,,,
2002/11/01,Fri,991.50,1020.50,1023.50,973.50
2002/10/31,Thu,990.50,991.50,1009.00,981.50
2002/10/30,Wed,963.00,991.00,998.50,957.00
2002/10/29,Tue,987.00,963.50,989.00,942.50
2002/10/28,Mon,993.50,987.00,1014.50,975.00
2002/10/27,Sun,,,,
2002/10/26,Sat,,,,
2002/10/25,Fri,966.00,992.50,998.00,962.50
2002/10/24,Thu,991.50,967.50,1002.00,964.50
2002/10/23,Wed,971.00,992.50,993.00,955.00
2002/10/22,Tue,971.00,973.00,981.50,954.50
2002/10/21,Mon,956.00,980.00,986.00,939.50
2002/10/20,Sun,,,,
2002/10/19,Sat,,,,
2002/10/18,Fri,951.00,960.50,968.50,925.00
2002/10/17,Thu,951.00,944.50,968.50,951.00
2002/10/16,Wed,923.00,919.50,947.50,909.00
2002/10/15,Tue,908.50,951.00,954.00,904.50
2002/10/14,Mon,889.50,907.50,908.00,879.00
2002/10/13,Sun,,,,
2002/10/12,Sat,,,,
2002/10/11,Fri,850.50,849.00,903.00,846.00
2002/10/10,Thu,810.00,849.00,856.00,801.00
2002/10/09,Wed,814.50,814.50,828.50,800.00
2002/10/08,Tue,812.50,814.50,831.00,797.50
2002/10/07,Mon,820.50,813.00,830.50,800.50
2002/10/06,Sun,,,,
2002/10/05,Sat,,,,
2002/10/04,Fri,835.00,821.00,852.00,812.00
2002/10/03,Thu,853.00,836.50,863.50,834.50
2002/10/02,Wed,887.00,858.00,889.50,846.50
2002/10/01,Tue,835.50,886.50,888.50,826.00
2002/09/30,Mon,859.00,835.50,859.00,826.00
2002/09/29,Sun,,,,
2002/09/28,Sat,,,,
2002/09/27,Fri,871.50,861.50,896.00,861.00
2002/09/26,Thu,884.50,872.00,901.00,863.00
2002/09/25,Wed,849.00,882.50,890.00,837.00
2002/09/24,Tue,851.00,849.00,865.50,833.50
2002/09/23,Mon,877.00,849.50,877.50,840.50
2002/09/22,Sun,,,,
2002/09/21,Sat,,,,
2002/09/20,Fri,863.00,873.85,884.50,863.00
2002/09/19,Thu,880.00,869.00,889.00,866.50
2002/09/18,Wed,886.00,881.00,906.50,876.00
2002/09/17,Tue,910.00,893.50,944.50,893.00
2002/09/16,Mon,925.00,911.50,929.00,899.00
2002/09/15,Sun,,,,
2002/09/14,Sat,,,,
2002/09/13,Fri,921.50,925.50,929.00,905.00
2002/09/12,Thu,943.50,918.50,946.50,914.50
2002/09/11,Wed,950.00,943.00,980.50,942.00
2002/09/10,Tue,928.50,951.50,953.00,926.50
2002/09/09,Mon,918.00,928.00,940.00,894.50
2002/09/08,Sun,,,,
2002/09/07,Sat,,,,
2002/09/06,Fri,895.00,920.50,935.00,892.00
2002/09/05,Thu,915.50,893.00,918.00,883.00
2002/09/04,Wed,905.00,915.00,926.50,895.50
2002/09/03,Tue,942.00,905.00,946.00,899.50
2002/09/02,Mon,,,,
2002/09/01,Sun,,,,
2002/08/31,Sat,,,,
2002/08/30,Fri,950.00,943.50,966.50,941.50
2002/08/29,Thu,945.00,957.50,975.00,927.00
2002/08/28,Wed,978.00,946.00,982.00,941.50
2002/08/27,Tue,1017.00,981.00,1028.00,972.50
2002/08/26,Mon,1011.50,1016.50,1029.50,991.50
2002/08/25,Sun,,,,
2002/08/24,Sat,,,,
2002/08/23,Fri,1054.00,1014.00,1054.00,1005.50
2002/08/22,Thu,1038.00,1052.00,1055.00,1023.50
2002/08/21,Wed,1013.50,1038.00,1040.50,1007.00
2002/08/20,Tue,1020.50,1013.50,1024.50,1002.50
2002/08/19,Mon,994.00,1020.50,1029.50,988.00
2002/08/18,Sun,,,,
2002/08/17,Sat,,,,
2002/08/16,Fri,987.50,995.50,1006.50,954.00
2002/08/15,Thu,965.50,989.00,990.50,956.00
2002/08/14,Wed,910.00,967.00,972.00,904.00
2002/08/13,Tue,944.00,911.00,962.00,909.00
2002/08/12,Mon,937.50,943.50,946.00,922.50
2002/08/11,Sun,,,,
2002/08/10,Sat,,,,
2002/08/09,Fri,948.50,939.00,955.50,922.00
2002/08/08,Thu,919.50,949.00,951.50,900.00
2002/08/07,Wed,907.50,919.00,941.00,884.50
2002/08/06,Tue,862.00,906.00,927.50,857.00
2002/08/05,Mon,894.50,865.00,899.50,858.00
2002/08/04,Sun,,,,
2002/08/03,Sat,,,,
2002/08/02,Fri,916.50,896.00,919.50,879.50
2002/08/01,Thu,958.50,917.00,964.50,913.00
2002/07/31,Wed,975.00,964.50,988.50,941.00
2002/07/30,Tue,961.50,980.50,995.00,951.50
2002/07/29,Mon,915.00,961.50,972.50,910.00
2002/07/28,Sun,,,,
2002/07/27,Sat,,,,
2002/07/26,Fri,897.00,912.50,921.00,887.00
2002/07/25,Thu,952.00,897.00,953.00,879.50
2002/07/24,Wed,899.50,952.00,953.00,873.00
2002/07/23,Tue,944.50,902.00,958.00,898.50
2002/07/22,Mon,960.50,943.50,985.50,931.00
2002/07/21,Sun,,,,
2002/07/20,Sat,,,,
2002/07/19,Fri,994.00,967.00,998.00,959.00
2002/07/18,Thu,1037.00,998.00,1049.00,995.00
2002/07/17,Wed,1006.00,1033.50,1066.00,1002.00
2002/07/16,Tue,1031.50,1016.00,1049.50,1004.50
2002/07/15,Mon,1000.00,1030.00,1033.50,958.00
2002/07/14,Sun,,,,
2002/07/13,Sat,,,,
2002/07/12,Fri,1000.00,1001.00,1030.00,990.50
2002/07/11,Thu,966.50,998.50,1004.50,948.50
2002/07/10,Wed,997.00,963.00,1015.50,962.00
2002/07/09,Tue,1025.00,994.50,1032.00,992.50
2002/07/08,Mon,1061.50,1025.00,1073.50,1012.50
2002/07/07,Sun,,,,
2002/07/06,Sat,,,,
2002/07/05,Fri,998.50,1064.00,1054.50,982.00
2002/07/04,Thu,,,,
2002/07/03,Wed,969.50,998.00,999.50,953.00
2002/07/02,Tue,1002.50,967.00,1008.00,965.00
2002/07/01,Mon,1054.50,1002.00,1064.50,998.50
2002/06/30,Sun,,,,
2002/06/29,Sat,,,,
2002/06/28,Fri,1056.50,1054.00,1079.50,1044.50
2002/06/27,Thu,1032.00,1059.50,1060.00,1011.00
2002/06/26,Wed,1028.00,1029.50,1039.50,974.00
2002/06/25,Tue,1066.00,1027.00,1078.00,1021.50
2002/06/24,Mon,1044.00,1063.50,1082.00,1018.50
2002/06/23,Sun,,,,
2002/06/22,Sat,,,,
2002/06/21,Fri,1064.00,1053.57,1080.00,1054.50
2002/06/20,Thu,1096.00,1064.50,1102.50,1058.00
2002/06/19,Wed,1164.00,1098.00,1164.00,1096.00
2002/06/18,Tue,1148.50,1170.00,1171.00,1134.00
2002/06/17,Mon,1110.00,1149.00,1156.00,1108.50
2002/06/16,Sun,,,,
2002/06/15,Sat,,,,
2002/06/14,Fri,1108.50,1111.50,1114.00,1054.50
2002/06/13,Thu,1121.00,1113.50,1134.50,1100.50
2002/06/12,Wed,1102.00,1121.00,1124.50,1079.00
2002/06/11,Tue,1138.50,1104.00,1163.00,1100.50
2002/06/10,Mon,1139.00,1137.00,1156.50,1132.00
2002/06/09,Sun,,,,
2002/06/08,Sat,,,,
2002/06/07,Fri,1121.00,1137.50,1158.00,1106.00
2002/06/06,Thu,1195.00,1163.50,1196.50,1151.00
2002/06/05,Wed,1179.50,1194.00,1198.50,1165.00
2002/06/04,Tue,1164.00,1181.00,1193.50,1148.00
2002/06/03,Mon,1209.50,1165.00,1219.50,1158.50
2002/06/02,Sun,,,,
2002/06/01,Sat,,,,
2002/05/31,Fri,1231.00,1209.50,1248.50,1205.50
2002/05/30,Thu,1219.50,1230.00,1236.50,1202.50
2002/05/29,Wed,1253.00,1218.50,1254.50,1216.00
2002/05/28,Tue,1255.00,1252.50,1270.00,1227.00
2002/05/27,Mon,,,,
2002/05/26,Sun,,,,
2002/05/25,Sat,,,,
2002/05/24,Fri,1287.00,1257.50,1299.00,1248.00
2002/05/23,Thu,1263.00,1289.50,1292.00,1240.50
2002/05/22,Wed,1261.00,1264.50,1271.50,1234.00
2002/05/21,Tue,1299.00,1260.50,1312.50,1251.50
2002/05/20,Mon,1325.50,1298.50,1329.50,1285.50
2002/05/19,Sun,,,,
2002/05/18,Sat,,,,
2002/05/17,Fri,1325.00,1326.00,1351.00,1307.50
2002/05/16,Thu,1316.50,1323.50,1331.00,1297.00
2002/05/15,Wed,1314.50,1320.50,1354.00,1283.00
2002/05/14,Tue,1241.00,1312.50,1315.00,1237.50
2002/05/13,Mon,1194.00,1240.00,1247.50,1187.00
2002/05/12,Sun,,,,
2002/05/11,Sat,,,,
2002/05/10,Fri,1246.50,1189.00,1259.50,1187.50
2002/05/09,Thu,1279.50,1246.00,1286.00,1241.00
2002/05/08,Wed,1174.00,1281.00,1284.50,1171.50
2002/05/07,Tue,1166.50,1156.00,1182.00,1144.50
2002/05/06,Mon,1200.50,1165.50,1208.00,1162.50
2002/05/05,Sun,,,,
2002/05/04,Sat,,,,
2002/05/03,Fri,1231.00,1197.50,1240.00,1186.50
2002/05/02,Thu,1273.00,1229.00,1289.00,1227.00
2002/05/01,Wed,1279.50,1271.50,1286.00,1234.50
2002/04/30,Tue,1253.00,1280.00,1297.50,1239.00
2002/04/29,Mon,1257.00,1251.00,1272.00,1231.00
2002/04/28,Sun,,,,
2002/04/27,Sat,,,,
2002/04/26,Fri,1308.50,1252.00,1321.50,1250.50
2002/04/25,Thu,1310.00,1307.00,1319.00,1291.00
2002/04/24,Wed,1331.00,1308.50,1349.00,1304.00
2002/04/23,Tue,1353.50,1330.00,1366.50,1319.00
2002/04/22,Mon,1388.00,1353.50,1391.50,1340.00
2002/04/21,Sun,,,,
2002/04/20,Sat,,,,
2002/04/19,Fri,1373.50,1389.00,1418.00,1369.50
2002/04/18,Thu,1410.50,1387.50,1424.00,1373.50
2002/04/17,Wed,1433.00,1412.00,1440.00,1397.00
2002/04/16,Tue,1364.00,1418.00,1420.50,1362.50
2002/04/15,Mon,1355.50,1362.00,1370.00,1340.00
2002/04/14,Sun,,,,
2002/04/13,Sat,,,,
2002/04/12,Fri,1332.00,1353.00,1363.00,1328.50
2002/04/11,Thu,1367.50,1331.50,1371.50,1326.00
2002/04/10,Wed,1356.00,1356.50,1381.00,1336.50
2002/04/09,Tue,1407.50,1356.00,1412.00,1351.00
2002/04/08,Mon,1385.00,1403.00,1405.00,1341.00
2002/04/07,Sun,,,,
2002/04/06,Sat,,,,
2002/04/05,Fri,1404.50,1389.00,1419.50,1378.50
2002/04/04,Thu,1412.50,1403.50,1418.50,1383.00
2002/04/03,Wed,1415.00,1413.50,1431.00,1383.50
2002/04/02,Tue,1483.50,1414.50,1484.00,1415.00
2002/04/01,Mon,1454.00,1483.50,1489.50,1430.50
2002/03/31,Sun,,,,
2002/03/30,Sat,,,,
2002/03/29,Fri,,,,
2002/03/28,Thu,1435.50,1459.50,1468.00,1434.50
2002/03/27,Wed,1449.00,1438.00,1454.00,1430.00
2002/03/26,Tue,1438.00,1447.50,1470.00,1426.00
2002/03/25,Mon,1481.00,1436.00,1492.00,1433.50
2002/03/24,Sun,,,,
2002/03/23,Sat,,,,
2002/03/22,Fri,1495.00,1482.00,1499.00,1473.00
2002/03/21,Thu,1456.50,1494.00,1499.50,1449.50
2002/03/20,Wed,1511.50,1455.00,1516.00,1454.50
2002/03/19,Tue,1510.00,1510.50,1529.50,1503.50
2002/03/18,Mon,1505.00,1511.00,1532.50,1496.50
2002/03/17,Sun,,,,
2002/03/16,Sat,,,,
2002/03/15,Fri,1483.50,1483.94,1488.00,1473.50
2002/03/14,Thu,1489.00,1482.50,1502.50,1475.50
2002/03/13,Wed,1525.00,1489.50,1532.00,1481.00
2002/03/12,Tue,1548.00,1526.00,1564.00,1500.00
2002/03/11,Mon,1540.00,1548.00,1575.00,1530.00
2002/03/10,Sun,,,,
2002/03/09,Sat,,,,
2002/03/08,Fri,1507.50,1556.00,1568.00,1507.50
2002/03/07,Thu,1513.50,1511.50,1540.50,1487.50
2002/03/06,Wed,1504.00,1512.50,1525.00,1471.00
2002/03/05,Tue,1493.00,1505.00,1521.00,1480.50
2002/03/04,Mon,1431.00,1493.50,1497.00,1423.00
2002/03/03,Sun,,,,
2002/03/02,Sat,,,,
2002/03/01,Fri,1360.00,1436.50,1437.50,1358.00
2002/02/28,Thu,1384.50,1360.50,1407.00,1356.50
2002/02/27,Wed,1403.50,1383.50,1428.00,1369.50
2002/02/26,Tue,1407.50,1403.00,1425.00,1382.50
2002/02/25,Mon,1360.00,1407.00,1417.50,1354.00
2002/02/24,Sun,,,,
2002/02/23,Sat,,,,
2002/02/22,Fri,1350.00,1358.50,1375.00,1330.50
2002/02/21,Thu,1414.00,1347.00,1424.50,1346.00
2002/02/20,Wed,1392.00,1413.00,1415.00,1364.50
2002/02/19,Tue,1438.50,1394.50,1442.50,1381.00
2002/02/18,Mon,1442.00,1440.00,1447.00,1437.00
2002/02/17,Sun,,,,
2002/02/16,Sat,,,,
2002/02/15,Fri,1480.50,1440.00,1485.00,1434.00
2002/02/14,Thu,1485.00,1485.50,1512.00,1472.00
2002/02/13,Wed,1462.00,1486.00,1495.00,1458.00
2002/02/12,Tue,1474.00,1461.00,1488.50,1450.00
2002/02/11,Mon,1458.00,1473.00,1481.00,1447.00
2002/02/10,Sun,,,,
2002/02/09,Sat,,,,
2002/02/08,Fri,1415.00,1454.00,1453.50,1407.50
2002/02/07,Thu,1461.50,1415.00,1464.00,1414.00
2002/02/06,Wed,1461.50,1451.50,1488.00,1436.50
2002/02/05,Tue,1485.50,1462.00,1501.00,1456.50
2002/02/04,Mon,1529.00,1487.00,1535.50,1473.50
2002/02/03,Sun,,,,
2002/02/02,Sat,,,,
2002/02/01,Fri,1549.50,1535.00,1565.50,1517.00
2002/01/31,Thu,1542.50,1553.50,1561.00,1530.50
2002/01/30,Wed,1528.00,1541.50,1543.50,1484.00
2002/01/29,Tue,1574.50,1530.00,1587.00,1510.00
2002/01/28,Mon,1560.00,1572.50,1585.50,1546.50
2002/01/27,Sun,,,,
2002/01/26,Sat,,,,
2002/01/25,Fri,1557.00,1562.50,1576.50,1544.00
2002/01/24,Thu,1547.50,1567.00,1591.50,1541.00
2002/01/23,Wed,1509.00,1546.00,1558.00,1504.00
2002/01/22,Tue,1551.00,1506.50,1575.00,1503.00
2002/01/21,Mon,1555.00,1554.50,1563.00,1537.50
2002/01/20,Sun,,,,
2002/01/19,Sat,,,,
2002/01/18,Fri,1580.00,1554.50,1590.00,1538.00
2002/01/17,Thu,1569.50,1593.00,1610.00,1569.50
2002/01/16,Wed,1601.00,1563.00,1604.50,1561.00
2002/01/15,Tue,1610.00,1625.00,1679.50,1594.50
2002/01/14,Mon,1642.00,1609.00,1648.50,1598.50
2002/01/13,Sun,,,,
2002/01/12,Sat,,,,
2002/01/11,Fri,1666.00,1646.50,1679.00,1630.00
2002/01/10,Thu,1656.50,1666.00,1673.50,1639.00
2002/01/09,Wed,1669.50,1655.00,1717.00,1648.00
2002/01/08,Tue,1662.00,1672.50,1684.00,1646.00
2002/01/07,Mon,1676.50,1661.50,1702.00,1651.50
2002/01/06,Sun,,,,
2002/01/05,Sat,,,,
2002/01/04,Fri,1673.00,1679.00,1704.50,1649.50
2002/01/03,Thu,1618.00,1672.50,1675.00,1613.00
2002/01/02,Wed,1577.50,1617.50,1618.50,1569.50
2002/01/01,Tue,1583.50,1583.50,1583.50,1583.50
2001/12/31,Mon,1625.00,1583.50,1630.50,1568.50
2001/12/30,Sun,,,,
2001/12/29,Sat,,,,
2001/12/28,Fri,1616.00,1624.00,1645.50,1613.50
2001/12/27,Thu,1601.50,1613.50,1621.50,1597.00
2001/12/26,Wed,1586.00,1601.00,1625.50,1576.00
2001/12/25,Tue,1585.00,1585.00,1585.00,1585.00
2001/12/24,Mon,1586.00,1585.00,1598.00,1575.00
2001/12/23,Sun,,,,
2001/12/22,Sat,,,,
2001/12/21,Fri,1553.00,1578.30,1584.50,1550.00
2001/12/20,Thu,1625.00,1558.50,1632.00,1547.00
2001/12/19,Wed,1653.00,1626.00,1660.00,1619.50
2001/12/18,Tue,1641.50,1658.00,1667.00,1637.50
2001/12/17,Mon,1612.00,1638.00,1657.00,1598.00
2001/12/16,Sun,,,,
2001/12/15,Sat,,,,
2001/12/14,Fri,1602.00,1612.50,1625.00,1569.00
2001/12/13,Thu,1667.00,1598.00,1672.50,1596.00
2001/12/12,Wed,1661.00,1668.00,1685.00,1631.50
2001/12/11,Tue,1647.50,1655.50,1697.00,1642.50
2001/12/10,Mon,1681.00,1647.50,1697.50,1642.00
2001/12/09,Sun,,,,
2001/12/08,Sat,,,,
2001/12/07,Fri,1731.00,1677.00,1735.00,1652.50
2001/12/06,Thu,1719.00,1724.00,1738.00,1703.00
2001/12/05,Wed,1639.00,1721.00,1733.50,1636.50
2001/12/04,Tue,1566.50,1641.00,1641.00,1562.50
2001/12/03,Mon,1590.00,1567.00,1605.00,1563.00
2001/12/02,Sun,,,,
2001/12/01,Sat,,,,
2001/11/30,Fri,1604.50,1598.00,1609.50,1582.50
2001/11/29,Thu,1558.50,1605.00,1608.00,1550.00
2001/11/28,Wed,1614.50,1559.00,1623.00,1555.50
2001/11/27,Tue,1617.00,1616.00,1648.00,1576.50
2001/11/26,Mon,1579.00,1618.00,1623.50,1575.00
2001/11/25,Sun,,,,
2001/11/24,Sat,,,,
2001/11/23,Fri,1554.00,1579.50,1592.50,1543.50
2001/11/22,Thu,,,,
2001/11/21,Wed,1554.00,1553.00,1583.00,1527.50
2001/11/20,Tue,1627.50,1554.50,1634.50,1548.00
2001/11/19,Mon,1587.50,1628.00,1629.00,1585.00
2001/11/18,Sun,,,,
2001/11/17,Sat,,,,
2001/11/16,Fri,1586.50,1585.00,1598.00,1566.00
2001/11/15,Thu,1589.50,1588.00,1614.00,1563.00
2001/11/14,Wed,1584.00,1595.50,1623.00,1559.00
2001/11/13,Tue,1531.00,1583.00,1589.50,1525.50
2001/11/12,Mon,1521.00,1529.50,1543.00,1457.50
2001/11/11,Sun,,,,
2001/11/10,Sat,,,,
2001/11/09,Fri,1517.50,1517.50,1532.00,1493.00
2001/11/08,Thu,1533.50,1519.00,1586.00,1500.00
2001/11/07,Wed,1536.00,1535.50,1563.00,1510.00
2001/11/06,Tue,1491.00,1537.00,1537.50,1465.00
2001/11/05,Mon,1430.50,1479.00,1496.00,1430.00
2001/11/04,Sun,,,,
2001/11/03,Sat,,,,
2001/11/02,Fri,1422.00,1432.50,1444.00,1404.50
2001/11/01,Thu,1364.50,1421.50,1432.50,1360.50
2001/10/31,Wed,1343.00,1369.00,1408.00,1336.50
2001/10/30,Tue,1373.00,1345.00,1374.00,1323.00
2001/10/29,Mon,1457.00,1371.00,1457.00,1370.00
2001/10/28,Sun,,,,
2001/10/27,Sat,,,,
2001/10/26,Fri,1475.00,1451.50,1493.00,1450.00
2001/10/25,Thu,1424.00,1480.50,1484.50,1377.50
2001/10/24,Wed,1390.00,1423.50,1437.50,1383.50
2001/10/23,Tue,1389.50,1395.00,1426.00,1374.50
2001/10/22,Mon,1353.50,1389.50,1391.50,1338.50
2001/10/21,Sun,,,,
2001/10/20,Sat,,,,
2001/10/19,Fri,1347.00,1353.50,1360.00,1307.50
2001/10/18,Thu,1311.50,1343.50,1351.00,1305.50
2001/10/17,Wed,1405.00,1308.50,1464.00,1308.00
2001/10/16,Tue,1386.50,1411.50,1419.00,1373.50
2001/10/15,Mon,1375.00,1389.00,1393.00,1357.50
2001/10/14,Sun,,,,
2001/10/13,Sat,,,,
2001/10/12,Fri,1412.50,1389.50,1426.00,1337.00
2001/10/11,Thu,1314.00,1397.00,1406.00,1305.00
2001/10/10,Wed,1256.00,1313.00,1313.50,1240.00
2001/10/09,Tue,1287.50,1254.50,1299.50,1245.50
2001/10/08,Mon,1264.50,1286.00,1304.50,1247.00
2001/10/07,Sun,,,,
2001/10/06,Sat,,,,
2001/10/05,Fri,1265.00,1280.50,1287.50,1221.00
2001/10/04,Thu,1249.50,1263.50,1321.00,1246.00
2001/10/03,Wed,1162.50,1250.00,1276.00,1136.00
2001/10/02,Tue,1155.50,1163.50,1187.00,1141.00
2001/10/01,Mon,1171.00,1159.50,1178.50,1136.50
2001/09/30,Sun,,,,
2001/09/29,Sat,,,,
2001/09/28,Fri,1149.00,1175.00,1185.00,1148.50
2001/09/27,Thu,1157.00,1148.00,1165.50,1107.50
2001/09/26,Wed,1200.00,1152.00,1223.00,1147.50
2001/09/25,Tue,1192.00,1201.00,1229.50,1169.00
2001/09/24,Mon,1144.00,1194.00,1210.50,1142.50
2001/09/23,Sun,,,,
2001/09/22,Sat,,,,
2001/09/21,Fri,1159.00,1092.52,1173.50,1104.00
2001/09/20,Thu,1205.00,1161.50,1212.00,1155.50
2001/09/19,Wed,1240.50,1200.50,1261.00,1135.00
2001/09/18,Tue,1254.00,1225.00,1284.50,1219.50
2001/09/17,Mon,1280.50,1252.00,1311.00,1248.50
2001/09/16,Sun,,,,
2001/09/15,Sat,,,,
2001/09/14,Fri,1370.50,1370.50,1370.50,1370.50
2001/09/13,Thu,,,,
2001/09/12,Wed,,,,
2001/09/11,Tue,1369.00,1370.50,1394.50,1317.00
2001/09/10,Mon,1353.00,1370.50,1380.00,1325.50
2001/09/09,Sun,,,,
2001/09/08,Sat,,,,
2001/09/07,Fri,1371.50,1353.50,1394.00,1338.50
2001/09/06,Thu,1421.50,1362.50,1431.00,1357.00
2001/09/05,Wed,1426.00,1419.00,1444.00,1371.50
2001/09/04,Tue,1474.00,1426.50,1523.00,1422.00
2001/09/03,Mon,,,,
2001/09/02,Sun,,,,
2001/09/01,Sat,,,,
2001/08/31,Fri,1456.00,1472.50,1489.00,1437.00
2001/08/30,Thu,1505.50,1455.50,1510.50,1440.50
2001/08/29,Wed,1534.50,1509.50,1547.50,1493.00
2001/08/28,Tue,1581.50,1534.00,1587.00,1529.50
2001/08/27,Mon,1585.00,1584.00,1606.00,1562.50
2001/08/26,Sun,,,,
2001/08/25,Sat,,,,
2001/08/24,Fri,1515.00,1582.00,1585.00,1515.00
2001/08/23,Thu,1520.00,1502.00,1548.00,1501.00
2001/08/22,Wed,1476.00,1518.00,1523.50,1471.00
2001/08/21,Tue,1544.00,1476.00,1556.00,1475.50
2001/08/20,Mon,1518.00,1542.50,1545.00,1511.50
2001/08/19,Sun,,,,
2001/08/18,Sat,,,,
2001/08/17,Fri,1593.00,1521.00,1593.00,1519.00
2001/08/16,Thu,1578.00,1593.50,1595.00,1532.00
2001/08/15,Wed,1638.00,1576.50,1649.00,1574.00
2001/08/14,Tue,1658.50,1634.50,1680.00,1633.00
2001/08/13,Mon,1626.00,1656.00,1666.00,1613.50
2001/08/12,Sun,,,,
2001/08/11,Sat,,,,
2001/08/10,Fri,1638.50,1624.00,1652.50,1582.50
2001/08/09,Thu,1634.50,1639.50,1648.00,1611.00
2001/08/08,Wed,1710.00,1633.00,1719.50,1625.00
2001/08/07,Tue,1711.50,1705.50,1727.00,1690.00
2001/08/06,Mon,1740.00,1741.50,1744.00,1714.50
2001/08/05,Sun,,,,
2001/08/04,Sat,,,,
2001/08/03,Fri,1773.00,1741.50,1779.50,1699.00
2001/08/02,Thu,1740.50,1774.00,1775.50,1727.50
2001/08/01,Wed,1691.00,1738.50,1754.50,1681.00
2001/07/31,Tue,1681.50,1693.00,1727.00,1675.00
2001/07/30,Mon,1697.00,1682.00,1712.00,1671.50
2001/07/29,Sun,,,,
2001/07/28,Sat,,,,
2001/07/27,Fri,1668.50,1693.00,1706.50,1662.00
2001/07/26,Thu,1640.00,1659.50,1691.00,1612.00
2001/07/25,Wed,1625.50,1636.00,1644.50,1590.50
2001/07/24,Tue,1641.00,1625.50,1652.50,1588.50
2001/07/23,Mon,1687.50,1642.50,1718.00,1638.50
2001/07/22,Sun,,,,
2001/07/21,Sat,,,,
2001/07/20,Fri,1699.00,1683.50,1703.00,1670.50
2001/07/19,Thu,1675.00,1724.50,1752.00,1655.00
2001/07/18,Wed,1732.00,1684.00,1744.00,1662.50
2001/07/17,Tue,1706.50,1748.00,1755.00,1679.50
2001/07/16,Mon,1767.00,1709.50,1773.50,1694.00
2001/07/15,Sun,,,,
2001/07/14,Sat,,,,
2001/07/13,Fri,1758.00,1765.50,1797.00,1734.50
2001/07/12,Thu,1666.00,1767.50,1772.50,1662.50
2001/07/11,Wed,1639.50,1660.00,1661.50,1612.50
2001/07/10,Tue,1703.00,1638.00,1735.00,1633.00
2001/07/09,Mon,1683.00,1700.00,1728.00,1664.00
2001/07/08,Sun,,,,
2001/07/07,Sat,,,,
2001/07/06,Fri,1759.00,1683.50,1762.50,1678.50
2001/07/05,Thu,1849.50,1758.00,1849.50,1758.00
2001/07/04,Wed,,,,
2001/07/03,Tue,1836.00,1848.00,1849.50,1812.50
2001/07/02,Mon,1848.00,1842.50,1882.00,1828.00
2001/07/01,Sun,,,,
2001/06/30,Sat,,,,
2001/06/29,Fri,1810.00,1846.50,1883.50,1805.00
2001/06/28,Thu,1770.50,1799.00,1878.00,1747.50
2001/06/27,Wed,1760.00,1772.00,1787.00,1741.00
2001/06/26,Tue,1755.00,1765.50,1777.00,1704.00
2001/06/25,Mon,1749.50,1757.00,1774.50,1727.00
2001/06/24,Sun,,,,
2001/06/23,Sat,,,,
2001/06/22,Fri,1761.50,1753.00,1791.50,1672.50
2001/06/21,Thu,1736.00,1757.50,1793.00,1713.50
2001/06/20,Wed,1694.00,1734.00,1742.00,1660.00
2001/06/19,Tue,1702.00,1696.00,1766.00,1672.50
2001/06/18,Mon,1728.50,1702.50,1750.00,1678.50
2001/06/17,Sun,,,,
2001/06/16,Sat,,,,
2001/06/15,Fri,1692.50,1678.01,1706.00,1662.50
2001/06/14,Thu,1788.50,1692.50,1788.50,1687.00
2001/06/13,Wed,1843.00,1788.50,1875.50,1786.00
2001/06/12,Tue,1851.00,1842.00,1873.50,1775.50
2001/06/11,Mon,1900.00,1850.50,1919.00,1826.50
2001/06/10,Sun,,,,
2001/06/09,Sat,,,,
2001/06/08,Fri,1977.00,1902.50,1999.00,1885.00
2001/06/07,Thu,1907.00,1956.00,1964.00,1889.00
2001/06/06,Wed,1922.00,1908.00,1947.50,1891.00
2001/06/05,Tue,1839.50,1923.00,1942.50,1839.00
2001/06/04,Mon,1845.00,1842.00,1875.00,1820.00
2001/06/03,Sun,,,,
2001/06/02,Sat,,,,
2001/06/01,Fri,1799.00,1851.50,1856.50,1777.00
2001/05/31,Thu,1787.50,1803.00,1843.00,1782.00
2001/05/30,Wed,1857.50,1785.50,1863.00,1771.50
2001/05/29,Tue,1970.00,1856.50,1984.00,1854.50
2001/05/28,Mon,,,,
2001/05/27,Sun,,,,
2001/05/26,Sat,,,,
2001/05/25,Fri,2008.00,1968.50,2026.00,1956.50
2001/05/24,Thu,1957.50,2006.00,2010.50,1937.00
2001/05/23,Wed,2052.50,1958.00,2058.00,1955.50
2001/05/22,Tue,2053.00,2046.50,2080.50,2028.50
2001/05/21,Mon,1933.50,2052.00,2058.50,1920.50
2001/05/20,Sun,,,,
2001/05/19,Sat,,,,
2001/05/18,Fri,1925.00,1934.00,1947.50,1901.00
2001/05/17,Thu,1899.00,1925.50,1965.00,1897.00
2001/05/16,Wed,1808.50,1897.00,1914.00,1764.00
2001/05/15,Tue,1809.50,1817.50,1864.50,1795.50
2001/05/14,Mon,1842.50,1808.00,1850.50,1777.00
2001/05/13,Sun,,,,
2001/05/12,Sat,,,,
2001/05/11,Fri,1845.00,1842.50,1870.00,1816.50
2001/05/10,Thu,1879.00,1842.50,1938.50,1841.50
2001/05/09,Wed,1947.00,1876.00,1948.50,1866.00
2001/05/08,Tue,1912.00,1942.50,1949.00,1893.00
2001/05/07,Mon,1941.50,1903.00,1958.50,1898.50
2001/05/06,Sun,,,,
2001/05/05,Sat,,,,
2001/05/04,Fri,1882.00,1940.50,1944.00,1823.50
2001/05/03,Thu,1974.00,1885.00,1981.50,1862.00
2001/05/02,Wed,1944.00,1974.00,1992.50,1916.00
2001/05/01,Tue,1862.00,1940.50,1941.00,1831.50
2001/04/30,Mon,1825.50,1866.50,1918.50,1825.00
2001/04/29,Sun,,,,
2001/04/28,Sat,,,,
2001/04/27,Fri,1776.00,1823.00,1835.00,1773.00
2001/04/26,Thu,1816.50,1774.00,1861.50,1770.50
2001/04/25,Wed,1785.00,1824.00,1839.50,1754.00
2001/04/24,Tue,1822.00,1786.50,1876.00,1765.50
2001/04/23,Mon,1956.00,1819.00,1960.00,1812.00
2001/04/22,Sun,,,,
2001/04/21,Sat,,,,
2001/04/20,Fri,1970.00,1953.50,1997.00,1914.00
2001/04/19,Thu,1880.00,1953.50,1970.00,1840.00
2001/04/18,Wed,1714.50,1839.50,1950.00,1714.50
2001/04/17,Tue,1618.50,1672.50,1710.00,1586.00
2001/04/16,Mon,1731.00,1628.00,1737.00,1607.00
2001/04/15,Sun,,,,
2001/04/14,Sat,,,,
2001/04/13,Fri,,,,
2001/04/12,Thu,1667.00,1730.00,1731.50,1616.00
2001/04/11,Wed,1612.00,1658.00,1717.00,1590.50
2001/04/10,Tue,1502.00,1611.00,1637.00,1468.50
2001/04/09,Mon,1471.50,1500.00,1512.50,1439.00
2001/04/08,Sun,,,,
2001/04/07,Sat,,,,
2001/04/06,Fri,1522.00,1470.00,1544.00,1437.00
2001/04/05,Thu,1390.00,1514.50,1537.00,1382.00
2001/04/04,Wed,1407.50,1379.50,1451.00,1361.00
2001/04/03,Tue,1521.50,1405.00,1527.00,1402.00
2001/04/02,Mon,1601.00,1517.00,1625.00,1511.00
2001/04/01,Sun,,,,
2001/03/31,Sat,,,,
2001/03/30,Fri,1585.00,1590.00,1621.50,1544.50
2001/03/29,Thu,1614.50,1580.00,1647.00,1559.00
2001/03/28,Wed,1751.00,1610.00,1751.00,1606.50
2001/03/27,Tue,1698.00,1753.50,1774.00,1681.00
2001/03/26,Mon,1738.50,1698.50,1777.00,1685.50
2001/03/25,Sun,,,,
2001/03/24,Sat,,,,
2001/03/23,Fri,1717.50,1734.00,1784.00,1684.00
2001/03/22,Thu,1638.50,1720.00,1727.00,1602.00
2001/03/21,Wed,1637.00,1636.00,1697.00,1607.00
2001/03/20,Tue,1756.00,1637.00,1774.00,1632.00
2001/03/19,Mon,1680.00,1756.50,1759.00,1653.00
2001/03/18,Sun,,,,
2001/03/17,Sat,,,,
2001/03/16,Fri,1693.50,1663.95,1724.00,1669.50
2001/03/15,Thu,1761.50,1692.50,1813.00,1683.00
2001/03/14,Wed,1792.50,1752.50,1807.00,1699.50
2001/03/13,Tue,1714.00,1783.00,1792.50,1676.50
2001/03/12,Mon,1817.50,1691.00,1825.00,1676.00
2001/03/11,Sun,,,,
2001/03/10,Sat,,,,
2001/03/09,Fri,1964.50,1814.00,1964.50,1804.50
2001/03/08,Thu,1994.50,1949.00,2026.50,1933.00
2001/03/07,Wed,1985.50,1988.50,2032.00,1967.00
2001/03/06,Tue,1914.50,1985.50,2036.50,1912.00
2001/03/05,Mon,1883.50,1912.00,1944.00,1877.00
2001/03/04,Sun,,,,
2001/03/03,Sat,,,,
2001/03/02,Fri,1964.50,1876.50,1996.00,1869.00
2001/03/01,Thu,1905.50,1960.00,1973.00,1839.50
2001/02/28,Wed,1969.00,1913.00,2019.50,1881.00
2001/02/27,Tue,2102.50,1969.00,2103.50,1967.50
2001/02/26,Mon,2078.00,2100.00,2113.00,2022.00
2001/02/25,Sun,,,,
2001/02/24,Sat,,,,
2001/02/23,Fri,2044.50,2057.50,2073.50,1941.00
2001/02/22,Thu,2079.50,2051.50,2099.00,1968.00
2001/02/21,Wed,2123.00,2070.50,2175.00,2050.00
2001/02/20,Tue,2230.00,2130.00,2275.00,2104.00
2001/02/19,Mon,,,,
2001/02/18,Sun,,,,
2001/02/17,Sat,,,,
2001/02/16,Fri,2339.50,2227.50,2339.50,2194.00
2001/02/15,Thu,2322.00,2356.00,2437.00,2311.00
2001/02/14,Wed,2235.00,2316.00,2325.50,2181.00
2001/02/13,Tue,2302.00,2226.00,2388.00,2211.50
2001/02/12,Mon,2276.50,2301.50,2335.00,2242.00
2001/02/11,Sun,,,,
2001/02/10,Sat,,,,
2001/02/09,Fri,2370.00,2277.00,2375.00,2271.00
2001/02/08,Thu,2444.50,2368.00,2478.50,2361.00
2001/02/07,Wed,2455.00,2443.50,2462.50,2362.00
2001/02/06,Tue,2486.00,2490.00,2547.50,2468.00
2001/02/05,Mon,2494.00,2481.00,2497.00,2425.50
2001/02/04,Sun,,,,
2001/02/03,Sat,,,,
2001/02/02,Fri,2630.00,2488.50,2643.00,2478.00
2001/02/01,Thu,2608.50,2627.50,2647.50,2569.00
2001/01/31,Wed,2694.00,2611.00,2740.00,2600.00
2001/01/30,Tue,2709.00,2697.50,2736.50,2672.00
2001/01/29,Mon,2630.00,2705.50,2715.50,2593.00
2001/01/28,Sun,,,,
2001/01/27,Sat,,,,
2001/01/26,Fri,2619.50,2645.50,2663.00,2548.50
2001/01/25,Thu,2708.50,2613.50,2747.00,2605.50
2001/01/24,Wed,2751.00,2714.50,2797.00,2711.50
2001/01/23,Tue,2675.00,2745.00,2768.00,2641.50
2001/01/22,Mon,2689.50,2683.00,2712.00,2622.00
2001/01/21,Sun,,,,
2001/01/20,Sat,,,,
2001/01/19,Fri,2720.00,2686.50,2769.00,2657.00
2001/01/18,Thu,2591.00,2694.50,2701.00,2555.00
2001/01/17,Wed,2532.50,2581.50,2657.00,2517.50
2001/01/16,Tue,2532.00,2515.50,2557.00,2445.00
2001/01/15,Mon,,,,
2001/01/14,Sun,,,,
2001/01/13,Sat,,,,
2001/01/12,Fri,2499.00,2540.00,2617.00,2491.00
2001/01/11,Thu,2415.00,2512.50,2577.00,2377.00
2001/01/10,Wed,2328.00,2441.00,2447.00,2261.00
2001/01/09,Tue,2341.50,2326.00,2397.50,2275.00
2001/01/08,Mon,2290.00,2325.00,2328.00,2171.00
2001/01/07,Sun,,,,
2001/01/06,Sat,,,,
2001/01/05,Fri,2485.00,2293.50,2551.00,2273.50
2001/01/04,Thu,2532.00,2486.00,2577.00,2464.50
2001/01/03,Wed,2180.50,2529.50,2590.00,2108.00
2001/01/02,Tue,2375.00,2167.50,2414.00,2130.50
