日付,曜日,始値,終値,高値,安値
2026/08/14,Fri,159.510,159.320,159.570,158.600
2026/08/13,Thu,159.430,159.490,159.570,159.020
2026/08/12,Wed,159.280,159.430,159.560,158.690
2026/08/11,Tue,159.270,159.290,159.390,158.930
2026/08/10,Mon,157.780,159.310,159.380,157.660
2026/08/09,Sun,,,,
2026/08/08,Sat,,,,
2026/08/07,Fri,158.430,157.810,158.580,157.020
2026/08/06,Thu,157.750,158.440,158.570,157.560
2026/08/05,Wed,157.770,157.750,157.890,157.290
2026/08/04,Tue,157.190,157.740,157.960,157.170
2026/08/03,Mon,157.250,157.180,157.890,155.230
2026/08/02,Sun,,,,
2026/08/01,Sat,,,,
2026/07/31,Fri,159.530,157.580,160.890,157.580
2026/07/30,Thu,163.400,159.540,163.750,157.980
2026/07/29,Wed,163.820,163.400,163.920,163.230
2026/07/28,Tue,163.710,163.850,163.960,163.640
2026/07/27,Mon,163.700,163.750,163.820,163.320
2026/07/26,Sun,,,,
2026/07/25,Sat,,,,
2026/07/24,Fri,163.860,163.850,163.970,163.640
2026/07/23,Thu,163.140,163.860,164.000,162.990
2026/07/22,Wed,163.170,163.140,163.240,162.790
2026/07/21,Tue,162.510,163.180,163.250,162.430
2026/07/20,Mon,162.450,162.500,162.610,162.240
2026/07/19,Sun,,,,
2026/07/18,Sat,,,,
2026/07/17,Fri,162.390,162.390,162.520,162.130
2026/07/16,Thu,162.190,162.390,162.560,161.980
2026/07/15,Wed,162.220,162.190,162.430,161.890
2026/07/14,Tue,162.440,162.250,162.480,161.630
2026/07/13,Mon,161.690,162.440,162.500,161.610
2026/07/12,Sun,,,,
2026/07/11,Sat,,,,
2026/07/10,Fri,162.380,161.700,162.490,161.270
2026/07/09,Thu,162.590,162.390,162.670,162.250
2026/07/08,Wed,162.110,162.590,162.710,162.060
2026/07/07,Tue,162.090,162.110,162.200,161.680
2026/07/06,Mon,161.360,162.090,162.440,161.270
2026/07/05,Sun,,,,
2026/07/04,Sat,,,,
2026/07/03,Fri,161.100,161.380,161.530,160.520
2026/07/02,Thu,162.610,161.100,162.640,160.640
2026/07/01,Wed,162.530,162.570,162.850,162.290
2026/06/30,Tue,161.940,162.570,162.680,161.870
2026/06/29,Mon,161.760,161.950,161.990,161.700
2026/06/28,Sun,,,,
2026/06/27,Sat,,,,
2026/06/26,Fri,161.790,161.760,161.880,161.520
2026/06/25,Thu,161.760,161.790,161.950,161.560
2026/06/24,Wed,161.530,161.790,161.850,161.490
2026/06/23,Tue,161.540,161.580,161.750,161.270
2026/06/22,Mon,161.260,161.570,161.930,161.070
2026/06/21,Sun,,,,
2026/06/20,Sat,,,,
2026/06/19,Fri,161.380,161.310,161.510,160.990
2026/06/18,Thu,160.670,161.380,161.820,160.480
2026/06/17,Wed,160.390,160.640,160.810,160.120
2026/06/16,Tue,160.320,160.450,160.490,160.050
2026/06/15,Mon,160.230,160.330,160.400,159.730
2026/06/14,Sun,,,,
2026/06/13,Sat,,,,
2026/06/12,Fri,159.930,160.230,160.380,159.890
2026/06/11,Thu,160.510,159.940,160.630,159.640
2026/06/10,Wed,160.360,160.550,160.580,160.230
2026/06/09,Tue,160.140,160.370,160.450,160.050
2026/06/08,Mon,160.180,160.180,160.400,159.890
2026/06/07,Sun,,,,
2026/06/06,Sat,,,,
2026/06/05,Fri,160.020,160.320,160.350,159.830
2026/06/04,Thu,160.060,160.020,160.140,159.710
2026/06/03,Wed,159.900,160.060,160.120,159.370
2026/06/02,Tue,159.660,159.900,160.000,159.570
2026/06/01,Mon,159.310,159.660,159.770,159.250
2026/05/31,Sun,,,,
2026/05/30,Sat,,,,
2026/05/29,Fri,159.220,159.270,159.390,159.100
2026/05/28,Thu,159.520,159.240,159.670,159.120
2026/05/27,Wed,159.300,159.510,159.590,159.170
2026/05/26,Tue,158.900,159.300,159.390,158.850
2026/05/25,Mon,158.950,158.900,159.060,158.760
2026/05/24,Sun,,,,
2026/05/23,Sat,,,,
2026/05/22,Fri,158.960,159.200,159.240,158.890
2026/05/21,Thu,158.890,158.980,159.350,158.800
2026/05/20,Wed,159.070,158.920,159.180,158.580
2026/05/19,Tue,158.800,159.070,159.260,158.740
2026/05/18,Mon,158.580,158.840,159.090,158.540
2026/05/17,Sun,,,,
2026/05/16,Sat,,,,
2026/05/15,Fri,158.370,158.770,158.860,158.290
2026/05/14,Thu,157.850,158.370,158.430,157.430
2026/05/13,Wed,157.600,157.860,157.930,157.540
2026/05/12,Tue,157.180,157.630,157.770,157.060
2026/05/11,Mon,156.460,157.180,157.280,156.450
2026/05/10,Sun,,,,
2026/05/09,Sat,,,,
2026/05/08,Fri,156.890,156.670,157.000,156.430
2026/05/07,Thu,156.390,156.930,156.960,156.010
2026/05/06,Wed,157.880,156.390,157.950,155.040
2026/05/05,Tue,157.230,157.880,157.930,157.080
2026/05/04,Mon,156.780,157.230,157.320,155.890
2026/05/03,Sun,,,,
2026/05/02,Sat,,,,
2026/05/01,Fri,156.580,157.060,157.330,155.520
2026/04/30,Thu,160.420,156.580,160.740,155.570
2026/04/29,Wed,159.600,160.420,160.480,159.510
2026/04/28,Tue,159.420,159.620,159.800,158.950
2026/04/27,Mon,159.610,159.430,159.660,159.090
2026/04/26,Sun,,,,
2026/04/25,Sat,,,,
2026/04/24,Fri,159.670,159.380,159.860,159.310
2026/04/23,Thu,159.500,159.730,159.860,159.290
2026/04/22,Wed,159.390,159.490,159.580,159.100
2026/04/21,Tue,158.770,159.390,159.650,158.700
2026/04/20,Mon,158.600,158.820,159.210,158.550
2026/04/19,Sun,,,,
2026/04/18,Sat,,,,
2026/04/17,Fri,159.200,158.640,159.540,157.580
2026/04/16,Thu,159.010,159.190,159.320,158.260
2026/04/15,Wed,158.810,158.990,159.160,158.640
2026/04/14,Tue,159.450,158.800,159.500,158.600
2026/04/13,Mon,159.440,159.450,159.870,159.290
2026/04/12,Sun,,,,
2026/04/11,Sat,,,,
2026/04/10,Fri,158.970,159.300,159.390,158.940
2026/04/09,Thu,158.570,158.970,159.310,158.450
2026/04/08,Wed,159.610,158.600,159.690,157.880
2026/04/07,Tue,159.680,159.630,160.040,159.460
2026/04/06,Mon,159.590,159.690,159.850,159.300
2026/04/05,Sun,,,,
2026/04/04,Sat,,,,
2026/04/03,Fri,159.640,159.590,159.730,159.430
2026/04/02,Thu,158.830,159.620,159.760,158.540
2026/04/01,Wed,158.710,158.810,159.020,158.260
2026/03/31,Tue,159.750,158.720,159.990,158.650
2026/03/30,Mon,159.980,159.730,160.480,159.320
2026/03/29,Sun,,,,
2026/03/28,Sat,,,,
2026/03/27,Fri,159.720,160.320,160.420,159.450
2026/03/26,Thu,159.490,159.820,159.860,159.270
2026/03/25,Wed,158.700,159.470,159.510,158.570
2026/03/24,Tue,158.430,158.700,159.200,158.260
2026/03/23,Mon,159.230,158.440,159.670,158.030
2026/03/22,Sun,,,,
2026/03/21,Sat,,,,
2026/03/20,Fri,157.710,159.230,159.390,157.610
2026/03/19,Thu,159.860,157.740,159.880,157.510
2026/03/18,Wed,159.040,159.880,159.910,158.570
2026/03/17,Tue,159.110,159.010,159.510,158.710
2026/03/16,Mon,159.650,159.070,159.760,158.850
2026/03/15,Sun,,,,
2026/03/14,Sat,,,,
2026/03/13,Fri,159.350,159.730,159.750,159.000
2026/03/12,Thu,158.950,159.350,159.440,158.570
2026/03/11,Wed,158.060,158.950,158.990,157.860
2026/03/10,Tue,157.680,158.050,158.140,157.260
2026/03/09,Mon,157.790,157.670,158.900,157.630
2026/03/08,Sun,,,,
2026/03/07,Sat,,,,
2026/03/06,Fri,157.540,157.800,158.100,157.380
2026/03/05,Thu,157.070,157.590,157.870,156.450
2026/03/04,Wed,157.480,157.060,157.880,156.860
2026/03/03,Tue,157.400,157.740,157.980,157.140
2026/03/02,Mon,155.650,157.370,157.760,155.650
2026/03/01,Sun,,,,
2026/02/28,Sat,,,,
2026/02/27,Fri,156.130,156.060,156.250,155.520
2026/02/26,Thu,156.360,156.130,156.450,155.710
2026/02/25,Wed,155.890,156.360,156.830,155.350
2026/02/24,Tue,154.640,155.890,156.300,154.510
2026/02/23,Mon,154.930,154.640,155.060,153.990
2026/02/22,Sun,,,,
2026/02/21,Sat,,,,
2026/02/20,Fri,155.050,155.070,155.650,154.710
2026/02/19,Thu,154.800,155.000,155.350,154.540
2026/02/18,Wed,153.320,154.830,154.880,153.070
2026/02/17,Tue,153.510,153.290,153.930,152.700
2026/02/16,Mon,152.640,153.510,153.640,152.540
2026/02/15,Sun,,,,
2026/02/14,Sat,,,,
2026/02/13,Fri,152.740,152.700,153.680,152.580
2026/02/12,Thu,153.260,152.750,153.760,152.260
2026/02/11,Wed,154.400,153.260,154.660,152.550
2026/02/10,Tue,155.850,154.390,156.310,154.050
2026/02/09,Mon,157.210,155.890,157.740,155.510
2026/02/08,Sun,,,,
2026/02/07,Sat,,,,
2026/02/06,Fri,157.040,157.210,157.280,156.510
2026/02/05,Thu,156.830,157.040,157.350,156.520
2026/02/04,Wed,155.750,156.870,156.950,155.690
2026/02/03,Tue,155.640,155.750,156.090,155.300
2026/02/02,Mon,154.730,155.620,155.790,154.550
2026/02/01,Sun,,,,
2026/01/31,Sat,,,,
2026/01/30,Fri,153.070,154.770,154.810,152.870
2026/01/29,Thu,153.410,153.120,153.550,152.680
2026/01/28,Wed,152.200,153.410,154.060,152.190
2026/01/27,Tue,154.150,152.200,154.890,152.090
2026/01/26,Mon,155.120,154.170,155.350,153.310
2026/01/25,Sun,,,,
2026/01/24,Sat,,,,
2026/01/23,Fri,158.390,155.720,159.240,155.640
2026/01/22,Thu,158.290,158.410,158.900,158.180
2026/01/21,Wed,158.170,158.270,158.540,157.740
2026/01/20,Tue,158.100,158.160,158.620,157.480
2026/01/19,Mon,157.940,158.120,158.180,157.420
2026/01/18,Sun,,,,
2026/01/17,Sat,,,,
2026/01/16,Fri,158.640,158.120,158.710,157.820
2026/01/15,Thu,158.410,158.640,158.890,158.210
2026/01/14,Wed,159.140,158.450,159.460,158.100
2026/01/13,Tue,158.180,159.140,159.200,157.900
2026/01/12,Mon,158.070,158.160,158.210,157.530
2026/01/11,Sun,,,,
2026/01/10,Sat,,,,
2026/01/09,Fri,156.880,157.890,158.200,156.810
2026/01/08,Thu,156.760,156.880,157.080,156.450
2026/01/07,Wed,156.640,156.770,156.820,156.290
2026/01/06,Tue,156.360,156.640,156.810,156.150
2026/01/05,Mon,156.760,156.390,157.310,156.110
2026/01/04,Sun,,,,
2026/01/03,Sat,,,,
2026/01/02,Fri,156.680,156.840,157.010,156.520
2026/01/01,Thu,156.680,156.670,156.700,156.640
2025/12/31,Wed,156.370,156.670,157.000,156.320
2025/12/30,Tue,156.070,156.410,156.570,155.750
2025/12/29,Mon,156.510,156.060,156.600,155.920
2025/12/28,Sun,,,,
2025/12/27,Sat,,,,
2025/12/26,Fri,155.920,156.570,156.740,155.750
2025/12/25,Thu,155.850,155.800,155.980,155.670
2025/12/24,Wed,156.260,155.940,156.300,155.560
2025/12/23,Tue,157.080,156.230,157.090,155.640
2025/12/22,Mon,157.700,157.070,157.760,156.700
2025/12/21,Sun,,,,
2025/12/20,Sat,,,,
2025/12/19,Fri,155.510,157.760,157.780,155.500
2025/12/18,Thu,155.670,155.560,155.990,155.270
2025/12/17,Wed,154.700,155.690,155.760,154.510
2025/12/16,Tue,155.240,154.720,155.290,154.390
2025/12/15,Mon,155.870,155.220,156.000,154.820
2025/12/14,Sun,,,,
2025/12/13,Sat,,,,
2025/12/12,Fri,155.620,155.820,156.140,155.440
2025/12/11,Thu,156.030,155.590,156.180,154.940
2025/12/10,Wed,156.870,156.020,156.950,155.790
2025/12/09,Tue,155.910,156.880,156.960,155.740
2025/12/08,Mon,155.190,155.930,156.000,154.890
2025/12/07,Sun,,,,
2025/12/06,Sat,,,,
2025/12/05,Fri,155.100,155.350,155.510,154.330
2025/12/04,Thu,155.260,155.100,155.560,154.510
2025/12/03,Wed,155.880,155.260,155.950,155.010
2025/12/02,Tue,155.450,155.870,156.190,155.430
2025/12/01,Mon,156.110,155.450,156.270,154.660
2025/11/30,Sun,,,,
2025/11/29,Sat,,,,
2025/11/28,Fri,156.300,156.180,156.600,155.980
2025/11/27,Thu,156.480,156.310,156.510,155.710
2025/11/26,Wed,156.060,156.480,156.750,155.640
2025/11/25,Tue,156.890,156.060,157.000,155.800
2025/11/24,Mon,156.660,156.910,157.200,156.340
2025/11/23,Sun,,,,
2025/11/22,Sat,,,,
2025/11/21,Fri,157.480,156.390,157.570,156.200
2025/11/20,Thu,157.160,157.480,157.900,156.880
2025/11/19,Wed,155.510,157.160,157.190,155.200
2025/11/18,Tue,155.260,155.510,155.750,154.810
2025/11/17,Mon,154.410,155.260,155.320,154.410
2025/11/16,Sun,,,,
2025/11/15,Sat,,,,
2025/11/14,Fri,154.550,154.550,154.770,153.610
2025/11/13,Thu,154.820,154.570,155.020,154.130
2025/11/12,Wed,154.150,154.790,155.060,154.050
2025/11/11,Tue,154.090,154.160,154.510,153.650
2025/11/10,Mon,153.320,154.150,154.260,153.320
2025/11/09,Sun,,,,
2025/11/08,Sat,,,,
2025/11/07,Fri,153.070,153.430,153.610,152.820
2025/11/06,Thu,154.140,153.070,154.150,152.820
2025/11/05,Wed,153.680,154.120,154.370,152.950
2025/11/04,Tue,154.220,153.680,154.500,153.310
2025/11/03,Mon,154.110,154.220,154.310,153.930
2025/11/02,Sun,,,,
2025/11/01,Sat,,,,
2025/10/31,Fri,154.130,154.010,154.430,153.640
2025/10/30,Thu,152.740,154.130,154.460,152.160
2025/10/29,Wed,152.120,152.730,153.070,151.540
2025/10/28,Tue,152.870,152.110,152.890,151.750
2025/10/27,Mon,153.050,152.880,153.260,152.560
2025/10/26,Sun,,,,
2025/10/25,Sat,,,,
2025/10/24,Fri,152.570,152.870,153.080,152.320
2025/10/23,Thu,151.980,152.590,152.810,151.820
2025/10/22,Wed,151.930,151.990,152.060,151.490
2025/10/21,Tue,150.750,151.940,152.190,150.460
2025/10/20,Mon,150.460,150.750,151.210,150.260
2025/10/19,Sun,,,,
2025/10/18,Sat,,,,
2025/10/17,Fri,150.400,150.640,150.640,149.380
2025/10/16,Thu,151.040,150.430,151.410,150.210
2025/10/15,Wed,151.850,151.050,151.890,150.890
2025/10/14,Tue,152.280,151.850,152.630,151.600
2025/10/13,Mon,151.800,152.280,152.460,151.710
2025/10/12,Sun,,,,
2025/10/11,Sat,,,,
2025/10/10,Fri,153.080,151.180,153.290,151.150
2025/10/09,Thu,152.740,153.070,153.240,152.220
2025/10/08,Wed,151.910,152.690,153.010,151.740
2025/10/07,Tue,150.340,151.910,152.060,150.240
2025/10/06,Mon,149.230,150.360,150.490,149.050
2025/10/05,Sun,,,,
2025/10/04,Sat,,,,
2025/10/03,Fri,147.260,147.450,147.830,147.080
2025/10/02,Thu,147.070,147.260,147.520,146.600
2025/10/01,Wed,147.920,147.070,148.240,146.580
2025/09/30,Tue,148.600,147.920,148.850,147.640
2025/09/29,Mon,149.500,148.600,149.560,148.460
2025/09/28,Sun,,,,
2025/09/27,Sat,,,,
2025/09/26,Fri,149.850,149.510,149.960,149.390
2025/09/25,Thu,148.900,149.800,149.940,148.560
2025/09/24,Wed,147.640,148.910,148.920,147.510
2025/09/23,Tue,147.720,147.640,147.940,147.450
2025/09/22,Mon,147.960,147.720,148.390,147.650
2025/09/21,Sun,,,,
2025/09/20,Sat,,,,
2025/09/19,Fri,148.000,147.970,148.300,147.200
2025/09/18,Thu,146.950,148.000,148.270,146.760
2025/09/17,Wed,146.500,146.990,147.060,145.480
2025/09/16,Tue,147.420,146.500,147.550,146.270
2025/09/15,Mon,147.760,147.410,147.810,147.230
2025/09/14,Sun,,,,
2025/09/13,Sat,,,,
2025/09/12,Fri,147.200,147.670,148.080,147.120
2025/09/11,Thu,147.470,147.200,148.010,146.980
2025/09/10,Wed,147.420,147.470,147.650,147.130
2025/09/09,Tue,147.520,147.420,147.570,146.310
2025/09/08,Mon,148.240,147.520,148.580,147.330
2025/09/07,Sun,,,,
2025/09/06,Sat,,,,
2025/09/05,Fri,148.490,147.410,148.560,146.820
2025/09/04,Thu,148.100,148.490,148.790,147.800
2025/09/03,Wed,148.340,148.100,149.140,147.880
2025/09/02,Tue,147.180,148.340,148.950,147.040
2025/09/01,Mon,147.080,147.180,147.390,146.770
2025/08/31,Sun,,,,
2025/08/30,Sat,,,,
2025/08/29,Fri,146.930,147.050,147.420,146.750
2025/08/28,Thu,147.420,146.930,147.510,146.650
2025/08/27,Wed,147.420,147.410,148.200,147.290
2025/08/26,Tue,147.790,147.410,147.920,146.990
2025/08/25,Mon,146.930,147.790,147.950,146.750
2025/08/24,Sun,,,,
2025/08/23,Sat,,,,
2025/08/22,Fri,148.330,146.950,148.790,146.570
2025/08/21,Thu,147.330,148.380,148.420,147.250
2025/08/20,Wed,147.660,147.330,147.820,146.870
2025/08/19,Tue,147.800,147.680,148.120,147.440
2025/08/18,Mon,147.150,147.880,148.000,147.040
2025/08/17,Sun,,,,
2025/08/16,Sat,,,,
2025/08/15,Fri,147.760,147.200,147.900,146.740
2025/08/14,Thu,147.380,147.760,147.970,146.200
2025/08/13,Wed,147.770,147.390,148.180,147.080
2025/08/12,Tue,148.150,147.840,148.540,147.570
2025/08/11,Mon,147.610,148.140,148.260,147.350
2025/08/10,Sun,,,,
2025/08/09,Sat,,,,
2025/08/08,Fri,147.150,147.730,147.910,146.720
2025/08/07,Thu,147.360,147.130,147.730,146.680
2025/08/06,Wed,147.570,147.370,147.900,146.960
2025/08/05,Tue,147.170,147.610,147.850,146.620
2025/08/04,Mon,147.350,147.090,148.100,146.860
2025/08/03,Sun,,,,
2025/08/02,Sat,,,,
2025/08/01,Fri,150.760,147.380,150.930,147.290
2025/07/31,Thu,149.510,150.760,150.850,148.580
2025/07/30,Wed,148.510,149.510,149.550,147.800
2025/07/29,Tue,148.540,148.460,148.820,148.150
2025/07/28,Mon,147.790,148.550,148.590,147.510
2025/07/27,Sun,,,,
2025/07/26,Sat,,,,
2025/07/25,Fri,147.010,147.670,147.950,146.820
2025/07/24,Thu,146.480,147.010,147.040,145.840
2025/07/23,Wed,146.630,146.510,147.220,146.110
2025/07/22,Tue,147.310,146.640,147.950,146.310
2025/07/21,Mon,148.070,147.390,148.680,147.070
2025/07/20,Sun,,,,
2025/07/19,Sat,,,,
2025/07/18,Fri,148.620,148.830,148.890,148.180
2025/07/17,Thu,147.860,148.620,149.100,147.720
2025/07/16,Wed,148.900,147.880,149.200,146.910
2025/07/15,Tue,147.720,148.880,149.030,147.550
2025/07/14,Mon,147.310,147.710,147.790,146.850
2025/07/13,Sun,,,,
2025/07/12,Sat,,,,
2025/07/11,Fri,146.270,147.420,147.520,146.130
2025/07/10,Thu,146.320,146.260,146.800,145.750
2025/07/09,Wed,146.570,146.320,147.190,146.250
2025/07/08,Tue,146.040,146.570,146.990,145.830
2025/07/07,Mon,144.440,146.050,146.260,144.210
2025/07/06,Sun,,,,
2025/07/05,Sat,,,,
2025/07/04,Fri,144.920,144.560,144.980,144.170
2025/07/03,Thu,143.690,144.930,145.250,143.440
2025/07/02,Wed,143.420,143.690,144.260,143.320
2025/07/01,Tue,144.040,143.440,144.110,142.680
2025/06/30,Mon,144.470,144.040,144.770,143.770
2025/06/29,Sun,,,,
2025/06/28,Sat,,,,
2025/06/27,Fri,144.420,144.670,144.960,144.180
2025/06/26,Thu,145.230,144.390,145.280,143.750
2025/06/25,Wed,144.950,145.260,145.960,144.600
2025/06/24,Tue,146.180,144.930,146.230,144.510
2025/06/23,Mon,145.990,146.160,148.040,145.900
2025/06/22,Sun,,,,
2025/06/21,Sat,,,,
2025/06/20,Fri,145.460,146.100,146.230,145.120
2025/06/19,Thu,145.140,145.460,145.780,144.740
2025/06/18,Wed,145.290,145.120,145.450,144.330
2025/06/17,Tue,144.740,145.280,145.390,144.390
2025/06/16,Mon,143.970,144.740,144.890,143.640
2025/06/15,Sun,,,,
2025/06/14,Sat,,,,
2025/06/13,Fri,143.480,144.100,144.500,142.800
2025/06/12,Thu,144.550,143.500,144.580,143.180
2025/06/11,Wed,144.860,144.550,145.480,144.320
2025/06/10,Tue,144.560,144.860,145.310,144.390
2025/06/09,Mon,144.900,144.610,144.980,143.970
2025/06/08,Sun,,,,
2025/06/07,Sat,,,,
2025/06/06,Fri,143.510,144.870,145.100,143.380
2025/06/05,Thu,142.760,143.550,143.990,142.530
2025/06/04,Wed,143.980,142.760,144.400,142.600
2025/06/03,Tue,142.720,144.010,144.120,142.380
2025/06/02,Mon,144.060,142.720,144.140,142.540
2025/06/01,Sun,,,,
2025/05/31,Sat,,,,
2025/05/30,Fri,144.230,144.060,144.450,143.430
2025/05/29,Thu,144.840,144.200,146.290,143.950
2025/05/28,Wed,144.320,144.830,145.090,143.850
2025/05/27,Tue,142.850,144.330,144.460,142.110
2025/05/26,Mon,142.450,142.850,143.090,142.220
2025/05/25,Sun,,,,
2025/05/24,Sat,,,,
2025/05/23,Fri,144.010,142.570,144.140,142.420
2025/05/22,Thu,143.680,144.010,144.410,142.800
2025/05/21,Wed,144.540,143.680,144.600,143.280
2025/05/20,Tue,144.860,144.510,145.510,144.080
2025/05/19,Mon,145.380,144.860,145.500,144.650
2025/05/18,Sun,,,,
2025/05/17,Sat,,,,
2025/05/16,Fri,145.670,145.630,146.110,144.920
2025/05/15,Thu,146.740,145.670,146.760,145.420
2025/05/14,Wed,147.490,146.760,147.680,145.600
2025/05/13,Tue,148.460,147.480,148.500,147.370
2025/05/12,Mon,145.820,148.460,148.660,145.700
2025/05/11,Sun,,,,
2025/05/10,Sat,,,,
2025/05/09,Fri,145.920,145.360,146.190,144.820
2025/05/08,Thu,143.820,145.920,146.190,143.450
2025/05/07,Wed,142.430,143.820,144.000,142.400
2025/05/06,Tue,143.710,142.430,144.280,142.350
2025/05/05,Mon,144.950,143.710,145.090,143.540
2025/05/04,Sun,,,,
2025/05/03,Sat,,,,
2025/05/02,Fri,145.440,144.950,145.930,143.730
2025/05/01,Thu,143.070,145.440,145.750,142.880
2025/04/30,Wed,142.360,143.070,143.200,142.140
2025/04/29,Tue,142.010,142.360,142.770,141.970
2025/04/28,Mon,143.740,142.010,143.940,141.990
2025/04/27,Sun,,,,
2025/04/26,Sat,,,,
2025/04/25,Fri,142.680,143.700,144.050,142.550
2025/04/24,Thu,143.430,142.630,143.440,142.280
2025/04/23,Wed,141.550,143.450,143.580,141.480
2025/04/22,Tue,140.870,141.590,141.680,139.880
2025/04/21,Mon,142.140,140.850,142.190,140.470
2025/04/20,Sun,,,,
2025/04/19,Sat,,,,
2025/04/18,Fri,142.450,142.170,142.510,142.120
2025/04/17,Thu,141.920,142.410,143.100,141.610
2025/04/16,Wed,143.260,141.820,143.320,141.640
2025/04/15,Tue,143.000,143.230,143.610,142.600
2025/04/14,Mon,144.120,142.980,144.320,142.240
2025/04/13,Sun,,,,
2025/04/12,Sat,,,,
2025/04/11,Fri,144.450,143.510,144.630,142.070
2025/04/10,Thu,147.550,144.450,147.720,144.010
2025/04/09,Wed,146.270,147.720,148.290,144.000
2025/04/08,Tue,147.830,146.280,148.130,145.960
2025/04/07,Mon,147.060,147.840,148.150,144.820
2025/04/06,Sun,,,,
2025/04/05,Sat,,,,
2025/04/04,Fri,146.070,146.900,147.440,144.550
2025/04/03,Thu,149.260,146.060,149.280,145.190
2025/04/02,Wed,149.580,149.240,150.490,149.100
2025/04/01,Tue,149.960,149.610,150.150,148.960
2025/03/31,Mon,149.800,149.950,150.280,148.700
2025/03/30,Sun,,,,
2025/03/29,Sat,,,,
2025/03/28,Fri,151.050,149.810,151.220,149.680
2025/03/27,Thu,150.610,151.050,151.180,150.060
2025/03/26,Wed,149.910,150.580,150.780,149.830
2025/03/25,Tue,150.700,149.900,150.950,149.550
2025/03/24,Mon,149.370,150.690,150.780,149.360
2025/03/23,Sun,,,,
2025/03/22,Sat,,,,
2025/03/21,Fri,148.760,149.310,149.680,148.580
2025/03/20,Thu,148.730,148.780,148.990,148.180
2025/03/19,Wed,149.270,148.680,150.160,148.610
2025/03/18,Tue,149.230,149.260,149.950,149.080
2025/03/17,Mon,148.320,149.210,149.310,148.390
2025/03/16,Sun,,,,
2025/03/15,Sat,,,,
2025/03/14,Fri,147.820,148.620,149.040,147.760
2025/03/13,Thu,148.260,147.810,148.390,147.400
2025/03/12,Wed,147.790,148.250,149.200,147.720
2025/03/11,Tue,147.270,147.770,148.140,146.540
2025/03/10,Mon,147.890,147.260,147.990,146.630
2025/03/09,Sun,,,,
2025/03/08,Sat,,,,
2025/03/07,Fri,147.990,148.030,148.220,146.950
2025/03/06,Thu,148.890,147.950,149.350,147.310
2025/03/05,Wed,149.810,148.880,150.200,148.390
2025/03/04,Tue,149.510,149.800,149.890,148.080
2025/03/03,Mon,150.490,149.500,151.340,149.100
2025/03/02,Sun,,,,
2025/03/01,Sat,,,,
2025/02/28,Fri,149.810,150.600,151.000,149.100
2025/02/27,Thu,149.100,149.800,150.200,148.740
2025/02/26,Wed,149.040,149.080,149.900,148.640
2025/02/25,Tue,149.720,149.020,150.310,148.570
2025/02/24,Mon,149.390,149.710,149.890,148.850
2025/02/23,Sun,,,,
2025/02/22,Sat,,,,
2025/02/21,Fri,149.640,149.290,150.750,148.920
2025/02/20,Thu,151.480,149.630,151.480,149.390
2025/02/19,Wed,152.070,151.470,152.320,151.240
2025/02/18,Tue,151.500,152.050,152.250,151.230
2025/02/17,Mon,152.240,151.500,152.410,151.330
2025/02/16,Sun,,,,
2025/02/15,Sat,,,,
2025/02/14,Fri,152.800,152.330,153.160,152.020
2025/02/13,Thu,154.420,152.790,154.680,152.700
2025/02/12,Wed,152.490,154.410,154.810,152.380
2025/02/11,Tue,152.000,152.480,152.630,151.640
2025/02/10,Mon,151.260,151.990,152.550,151.250
2025/02/09,Sun,,,,
2025/02/08,Sat,,,,
2025/02/07,Fri,151.410,151.400,152.420,150.940
2025/02/06,Thu,152.610,151.440,152.900,151.240
2025/02/05,Wed,154.340,152.600,154.470,152.110
2025/02/04,Tue,154.760,154.330,155.530,154.170
2025/02/03,Mon,154.940,154.750,155.890,154.010
2025/02/02,Sun,,,,
2025/02/01,Sat,,,,
2025/01/31,Fri,154.300,155.180,155.240,153.920
2025/01/30,Thu,155.230,154.300,155.250,153.790
2025/01/29,Wed,155.540,155.200,155.810,154.940
2025/01/28,Tue,154.510,155.520,156.000,154.490
2025/01/27,Mon,155.720,154.490,156.260,153.720
2025/01/26,Sun,,,,
2025/01/25,Sat,,,,
2025/01/24,Fri,156.060,155.980,156.580,154.850
2025/01/23,Thu,156.500,156.050,156.760,155.740
2025/01/22,Wed,155.510,156.530,156.720,155.350
2025/01/21,Tue,155.610,155.500,156.210,154.770
2025/01/20,Mon,156.320,155.590,156.600,155.400
2025/01/19,Sun,,,,
2025/01/18,Sat,,,,
2025/01/17,Fri,155.170,156.300,156.390,154.980
2025/01/16,Thu,156.480,155.120,156.540,155.100
2025/01/15,Wed,157.980,156.470,158.100,155.950
2025/01/14,Tue,157.480,157.960,158.230,157.110
2025/01/13,Mon,157.780,157.470,157.980,156.900
2025/01/12,Sun,,,,
2025/01/11,Sat,,,,
2025/01/10,Fri,158.120,157.690,158.890,157.220
2025/01/09,Thu,158.360,158.140,158.400,157.570
2025/01/08,Wed,158.050,158.350,158.570,157.890
2025/01/07,Tue,157.630,158.020,158.430,157.360
2025/01/06,Mon,157.240,157.600,157.980,156.240
2025/01/05,Sun,,,,
2025/01/04,Sat,,,,
2025/01/03,Fri,157.550,157.270,157.570,156.880
2025/01/02,Thu,157.260,157.520,157.870,156.440
2025/01/01,Wed,157.200,156.870,157.250,156.870
2024/12/31,Tue,156.850,157.180,157.610,156.010
2024/12/30,Mon,157.740,156.830,158.080,156.670
2024/12/29,Sun,,,,
2024/12/28,Sat,,,,
2024/12/27,Fri,157.890,157.820,158.010,157.350
2024/12/26,Thu,157.220,158.000,158.110,157.070
2024/12/25,Wed,157.170,157.400,157.510,156.980
2024/12/24,Tue,157.140,157.180,157.440,156.890
2024/12/23,Mon,156.480,157.160,157.320,156.330
2024/12/22,Sun,,,,
2024/12/21,Sat,,,,
2024/12/20,Fri,157.450,156.410,157.940,155.950
2024/12/19,Thu,154.820,157.430,157.820,154.430
2024/12/18,Wed,153.450,154.800,154.870,153.320
2024/12/17,Tue,154.120,153.480,154.360,153.150
2024/12/16,Mon,153.640,154.150,154.490,153.320
2024/12/15,Sun,,,,
2024/12/14,Sat,,,,
2024/12/13,Fri,152.630,153.640,153.810,152.450
2024/12/12,Thu,152.450,152.620,152.800,151.800
2024/12/11,Wed,151.970,152.450,152.820,151.010
2024/12/10,Tue,151.170,151.950,152.190,150.890
2024/12/09,Mon,150.070,151.190,151.360,149.690
2024/12/08,Sun,,,,
2024/12/07,Sat,,,,
2024/12/06,Fri,150.110,150.030,150.710,149.360
2024/12/05,Thu,150.610,150.080,150.790,149.650
2024/12/04,Wed,149.600,150.600,151.240,149.520
2024/12/03,Tue,149.610,149.590,150.250,148.640
2024/12/02,Mon,149.750,149.590,150.760,149.070
2024/12/01,Sun,,,,
2024/11/30,Sat,,,,
2024/11/29,Fri,151.550,149.750,151.570,149.470
2024/11/28,Thu,151.070,151.540,152.010,150.920
2024/11/27,Wed,153.070,151.100,153.250,150.450
2024/11/26,Tue,154.200,153.100,154.500,152.990
2024/11/25,Mon,154.260,154.210,154.750,153.550
2024/11/24,Sun,,,,
2024/11/23,Sat,,,,
2024/11/22,Fri,154.540,154.740,155.020,153.970
2024/11/21,Thu,155.430,154.510,155.430,153.910
2024/11/20,Wed,154.670,155.430,155.900,154.520
2024/11/19,Tue,154.700,154.650,154.810,153.290
2024/11/18,Mon,154.420,154.650,155.370,153.850
2024/11/17,Sun,,,,
2024/11/16,Sat,,,,
2024/11/15,Fri,156.280,154.340,156.760,153.860
2024/11/14,Thu,155.460,156.250,156.440,155.330
2024/11/13,Wed,154.620,155.450,155.640,154.340
2024/11/12,Tue,153.710,154.600,154.940,153.410
2024/11/11,Mon,152.680,153.710,153.960,152.640
2024/11/10,Sun,,,,
2024/11/09,Sat,,,,
2024/11/08,Fri,152.940,152.630,153.370,152.140
2024/11/07,Thu,154.640,152.930,154.720,152.700
2024/11/06,Wed,151.620,154.630,154.730,151.290
2024/11/05,Tue,152.130,151.600,152.570,151.330
2024/11/04,Mon,152.980,152.130,153.050,151.530
2024/11/03,Sun,,,,
2024/11/02,Sat,,,,
2024/11/01,Fri,152.040,152.980,153.110,151.780
2024/10/31,Thu,153.420,152.030,153.580,151.840
2024/10/30,Wed,153.360,153.410,153.510,152.790
2024/10/29,Tue,153.290,153.350,153.880,152.750
2024/10/28,Mon,152.360,153.280,153.880,152.320
2024/10/27,Sun,,,,
2024/10/26,Sat,,,,
2024/10/25,Fri,151.830,152.300,152.390,151.450
2024/10/24,Thu,152.730,151.820,152.830,151.550
2024/10/23,Wed,151.070,152.750,153.200,151.020
2024/10/22,Tue,150.840,151.060,151.210,150.500
2024/10/21,Mon,149.480,150.830,150.890,149.080
2024/10/20,Sun,,,,
2024/10/19,Sat,,,,
2024/10/18,Fri,150.210,149.520,150.290,149.360
2024/10/17,Thu,149.640,150.200,150.340,149.230
2024/10/16,Wed,149.200,149.620,149.840,148.870
2024/10/15,Tue,149.760,149.190,149.840,148.850
2024/10/14,Mon,149.140,149.750,150.010,149.070
2024/10/13,Sun,,,,
2024/10/12,Sat,,,,
2024/10/11,Fri,148.570,149.130,149.290,148.400
2024/10/10,Thu,149.310,148.560,149.560,148.350
2024/10/09,Wed,148.200,149.290,149.380,148.010
2024/10/08,Tue,148.190,148.190,148.390,147.340
2024/10/07,Mon,148.730,148.180,149.140,147.850
2024/10/06,Sun,,,,
2024/10/05,Sat,,,,
2024/10/04,Fri,146.940,148.710,149.010,145.920
2024/10/03,Thu,146.470,146.920,147.250,146.290
2024/10/02,Wed,143.570,146.460,146.520,143.430
2024/10/01,Tue,143.630,143.560,144.550,142.970
2024/09/30,Mon,142.240,143.620,143.940,141.640
2024/09/29,Sun,,,,
2024/09/28,Sat,,,,
2024/09/27,Fri,144.820,142.190,146.500,142.070
2024/09/26,Thu,144.760,144.800,145.230,144.110
2024/09/25,Wed,143.230,144.750,144.850,142.900
2024/09/24,Tue,143.620,143.210,144.700,143.120
2024/09/23,Mon,143.940,143.600,144.460,143.170
2024/09/22,Sun,,,,
2024/09/21,Sat,,,,
2024/09/20,Fri,142.630,143.910,144.510,141.740
2024/09/19,Thu,142.290,142.620,143.950,141.890
2024/09/18,Wed,142.420,142.270,142.730,140.440
2024/09/17,Tue,140.620,142.400,142.480,140.320
2024/09/16,Mon,140.750,140.600,140.920,139.570
2024/09/15,Sun,,,,
2024/09/14,Sat,,,,
2024/09/13,Fri,141.820,140.820,141.880,140.280
2024/09/12,Thu,142.360,141.790,143.060,141.720
2024/09/11,Wed,142.470,142.350,142.550,140.710
2024/09/10,Tue,143.150,142.430,143.730,142.200
2024/09/09,Mon,142.230,143.170,143.810,141.950
2024/09/08,Sun,,,,
2024/09/07,Sat,,,,
2024/09/06,Fri,143.450,142.270,143.920,141.780
2024/09/05,Thu,143.740,143.440,144.250,142.850
2024/09/04,Wed,145.480,143.730,145.570,143.710
2024/09/03,Tue,146.900,145.470,147.210,145.160
2024/09/02,Mon,146.190,146.900,147.190,145.780
2024/09/01,Sun,,,,
2024/08/31,Sat,,,,
2024/08/30,Fri,144.980,146.160,146.260,144.660
2024/08/29,Thu,144.610,144.980,145.570,144.220
2024/08/28,Wed,143.980,144.570,145.060,143.680
2024/08/27,Tue,144.530,143.950,145.190,143.920
2024/08/26,Mon,144.240,144.520,144.660,143.450
2024/08/25,Sun,,,,
2024/08/24,Sat,,,,
2024/08/23,Fri,146.290,144.370,146.500,144.050
2024/08/22,Thu,145.250,146.260,146.550,144.850
2024/08/21,Wed,145.260,145.260,146.610,144.450
2024/08/20,Tue,146.600,145.250,147.360,145.200
2024/08/19,Mon,147.660,146.570,148.060,145.190
2024/08/18,Sun,,,,
2024/08/17,Sat,,,,
2024/08/16,Fri,149.290,147.580,149.360,147.570
2024/08/15,Thu,147.330,149.270,149.400,147.050
2024/08/14,Wed,146.840,147.310,147.590,146.070
2024/08/13,Tue,147.200,146.820,147.960,146.600
2024/08/12,Mon,146.740,147.190,148.240,146.700
2024/08/11,Sun,,,,
2024/08/10,Sat,,,,
2024/08/09,Fri,147.290,146.610,147.820,146.270
2024/08/08,Thu,146.670,147.280,147.550,145.430
2024/08/07,Wed,144.350,146.690,147.900,144.310
2024/08/06,Tue,144.170,144.300,146.380,143.620
2024/08/05,Mon,146.510,144.170,146.570,141.680
2024/08/04,Sun,,,,
2024/08/03,Sat,,,,
2024/08/02,Fri,149.380,146.540,149.780,146.420
2024/08/01,Thu,149.990,149.360,150.890,148.500
2024/07/31,Wed,152.810,149.980,153.750,149.610
2024/07/30,Tue,154.020,152.760,155.230,152.650
2024/07/29,Mon,153.810,154.010,154.360,153.010
2024/07/28,Sun,,,,
2024/07/27,Sat,,,,
2024/07/26,Fri,153.950,153.720,154.750,153.130
2024/07/25,Thu,153.900,153.930,154.330,151.940
2024/07/24,Wed,155.560,153.870,156.000,153.110
2024/07/23,Tue,157.030,155.580,157.110,155.560
2024/07/22,Mon,157.450,157.000,157.630,156.280
2024/07/21,Sun,,,,
2024/07/20,Sat,,,,
2024/07/19,Fri,157.380,157.490,157.880,156.960
2024/07/18,Thu,156.150,157.370,157.410,155.370
2024/07/17,Wed,158.360,156.160,158.630,156.060
2024/07/16,Tue,158.070,158.340,158.870,158.000
2024/07/15,Mon,157.880,158.010,158.430,157.170
2024/07/14,Sun,,,,
2024/07/13,Sat,,,,
2024/07/12,Fri,158.820,157.890,159.450,157.380
2024/07/11,Thu,161.640,158.800,161.770,157.430
2024/07/10,Wed,161.350,161.670,161.850,161.260
2024/07/09,Tue,160.790,161.310,161.520,160.730
2024/07/08,Mon,160.700,160.810,161.130,160.260
2024/07/07,Sun,,,,
2024/07/06,Sat,,,,
2024/07/05,Fri,161.260,160.720,161.400,160.340
2024/07/04,Thu,161.700,161.250,161.700,160.950
2024/07/03,Wed,161.460,161.680,162.010,160.770
2024/07/02,Tue,161.510,161.440,161.780,161.270
2024/07/01,Mon,160.890,161.450,161.760,160.660
2024/06/30,Sun,,,,
2024/06/29,Sat,,,,
2024/06/28,Fri,160.760,160.830,161.280,160.260
2024/06/27,Thu,160.820,160.740,160.860,160.280
2024/06/26,Wed,159.710,160.790,160.880,159.610
2024/06/25,Tue,159.580,159.690,159.810,159.190
2024/06/24,Mon,159.840,159.590,159.930,158.820
2024/06/23,Sun,,,,
2024/06/22,Sat,,,,
2024/06/21,Fri,158.940,159.790,159.860,158.670
2024/06/20,Thu,158.100,158.900,158.950,157.920
2024/06/19,Wed,157.850,158.080,158.120,157.600
2024/06/18,Tue,157.740,157.850,158.250,157.510
2024/06/17,Mon,157.380,157.710,157.970,157.150
2024/06/16,Sun,,,,
2024/06/15,Sat,,,,
2024/06/14,Fri,157.040,157.370,158.280,156.880
2024/06/13,Thu,156.720,157.020,157.360,156.580
2024/06/12,Wed,157.070,156.710,157.450,155.720
2024/06/11,Tue,157.050,157.070,157.470,156.800
2024/06/10,Mon,156.740,157.020,157.200,156.700
2024/06/09,Sun,,,,
2024/06/08,Sat,,,,
2024/06/07,Fri,155.620,156.700,157.090,155.120
2024/06/06,Thu,156.100,155.600,156.450,155.360
2024/06/05,Wed,154.860,156.100,156.500,154.790
2024/06/04,Tue,156.120,154.870,156.500,154.550
2024/06/03,Mon,157.320,156.100,157.490,155.950
2024/06/02,Sun,,,,
2024/06/01,Sat,,,,
2024/05/31,Fri,156.820,157.310,157.390,156.560
2024/05/30,Thu,157.640,156.810,157.680,156.380
2024/05/29,Wed,157.140,157.600,157.790,156.920
2024/05/28,Tue,156.850,157.160,157.200,156.580
2024/05/27,Mon,157.040,156.860,157.040,156.660
2024/05/26,Sun,,,,
2024/05/25,Sat,,,,
2024/05/24,Fri,156.940,156.990,157.160,156.820
2024/05/23,Thu,156.790,156.930,157.200,156.530
2024/05/22,Wed,156.170,156.770,156.850,156.110
2024/05/21,Tue,156.260,156.150,156.560,155.840
2024/05/20,Mon,155.610,156.240,156.320,155.490
2024/05/19,Sun,,,,
2024/05/18,Sat,,,,
2024/05/17,Fri,155.390,155.650,156.010,155.250
2024/05/16,Thu,154.880,155.380,155.540,153.590
2024/05/15,Wed,156.430,154.870,156.570,154.690
2024/05/14,Tue,156.180,156.420,156.780,156.140
2024/05/13,Mon,155.740,156.200,156.310,155.560
2024/05/12,Sun,,,,
2024/05/11,Sat,,,,
2024/05/10,Fri,155.470,155.720,155.920,155.260
2024/05/09,Thu,155.500,155.460,155.970,155.160
2024/05/08,Wed,154.700,155.480,155.690,154.560
2024/05/07,Tue,153.900,154.690,154.780,153.860
2024/05/06,Mon,152.880,153.880,154.010,152.810
2024/05/05,Sun,,,,
2024/05/04,Sat,,,,
2024/05/03,Fri,153.650,152.980,153.800,151.860
2024/05/02,Thu,154.930,153.630,156.290,153.060
2024/05/01,Wed,157.810,154.470,158.040,153.180
2024/04/30,Tue,156.350,157.800,157.860,156.070
2024/04/29,Mon,157.820,156.330,160.050,154.520
2024/04/28,Sun,,,,
2024/04/27,Sat,,,,
2024/04/26,Fri,155.620,158.330,158.450,154.980
2024/04/25,Thu,155.320,155.650,155.760,155.200
2024/04/24,Wed,154.830,155.340,155.390,154.730
2024/04/23,Tue,154.850,154.820,154.880,154.560
2024/04/22,Mon,154.640,154.840,154.890,154.460
2024/04/21,Sun,,,,
2024/04/20,Sat,,,,
2024/04/19,Fri,154.650,154.630,154.680,153.580
2024/04/18,Thu,154.390,154.630,154.720,153.950
2024/04/17,Wed,154.720,154.380,154.760,154.160
2024/04/16,Tue,154.270,154.710,154.800,153.900
2024/04/15,Mon,153.090,154.270,154.460,152.990
2024/04/14,Sun,,,,
2024/04/13,Sat,,,,
2024/04/12,Fri,153.270,153.280,153.400,152.590
2024/04/11,Thu,153.160,153.270,153.330,152.760
2024/04/10,Wed,151.750,153.170,153.250,151.680
2024/04/09,Tue,151.810,151.770,151.950,151.570
2024/04/08,Mon,151.570,151.790,151.960,151.560
2024/04/07,Sun,,,,
2024/04/06,Sat,,,,
2024/04/05,Fri,151.350,151.610,151.760,150.810
2024/04/04,Thu,151.700,151.330,151.790,151.120
2024/04/03,Wed,151.560,151.680,151.960,151.440
2024/04/02,Tue,151.650,151.550,151.820,151.460
2024/04/01,Mon,151.320,151.630,151.780,151.220
2024/03/31,Sun,,,,
2024/03/30,Sat,,,,
2024/03/29,Fri,151.380,151.310,151.510,151.170
2024/03/28,Thu,151.320,151.370,151.560,151.150
2024/03/27,Wed,151.570,151.320,151.980,151.030
2024/03/26,Tue,151.420,151.550,151.620,151.200
2024/03/25,Mon,151.440,151.410,151.550,151.040
2024/03/24,Sun,,,,
2024/03/23,Sat,,,,
2024/03/22,Fri,151.640,151.420,151.870,151.000
2024/03/21,Thu,151.260,151.610,151.810,150.260
2024/03/20,Wed,150.890,151.250,151.880,150.730
2024/03/19,Tue,149.160,150.850,150.970,149.030
2024/03/18,Mon,149.010,149.140,149.330,148.900
2024/03/17,Sun,,,,
2024/03/16,Sat,,,,
2024/03/15,Fri,148.360,149.020,149.200,148.030
2024/03/14,Thu,147.760,148.320,148.370,147.430
2024/03/13,Wed,147.700,147.740,148.060,147.230
2024/03/12,Tue,146.950,147.680,148.150,146.620
2024/03/11,Mon,147.070,146.940,147.180,146.480
2024/03/10,Sun,,,,
2024/03/09,Sat,,,,
2024/03/08,Fri,148.040,147.070,148.120,146.480
2024/03/07,Thu,149.360,148.030,149.400,147.580
2024/03/06,Wed,150.040,149.370,150.100,149.090
2024/03/05,Tue,150.520,150.040,150.640,149.700
2024/03/04,Mon,150.110,150.510,150.640,149.830
2024/03/03,Sun,,,,
2024/03/02,Sat,,,,
2024/03/01,Fri,149.980,150.110,150.730,149.950
2024/02/29,Thu,150.700,149.980,150.700,149.200
2024/02/28,Wed,150.510,150.670,150.850,150.370
2024/02/27,Tue,150.700,150.500,150.720,150.070
2024/02/26,Mon,150.480,150.690,150.850,150.290
2024/02/25,Sun,,,,
2024/02/24,Sat,,,,
2024/02/23,Fri,150.540,150.500,150.790,150.300
2024/02/22,Thu,150.310,150.510,150.700,150.010
2024/02/21,Wed,150.010,150.280,150.410,149.850
2024/02/20,Tue,150.130,149.990,150.450,149.680
2024/02/19,Mon,150.100,150.110,150.240,149.870
2024/02/18,Sun,,,,
2024/02/17,Sat,,,,
2024/02/16,Fri,149.930,150.210,150.650,149.820
2024/02/15,Thu,150.570,149.910,150.600,149.540
2024/02/14,Wed,150.790,150.550,150.820,150.350
2024/02/13,Tue,149.350,150.790,150.900,149.260
2024/02/12,Mon,149.250,149.340,149.490,148.930
2024/02/11,Sun,,,,
2024/02/10,Sat,,,,
2024/02/09,Fri,149.330,149.300,149.600,149.010
2024/02/08,Thu,148.190,149.310,149.510,147.930
2024/02/07,Wed,147.950,148.180,148.300,147.640
2024/02/06,Tue,148.670,147.940,148.840,147.820
2024/02/05,Mon,148.360,148.670,148.920,148.260
2024/02/04,Sun,,,,
2024/02/03,Sat,,,,
2024/02/02,Fri,146.440,148.370,148.600,146.240
2024/02/01,Thu,146.890,146.420,147.130,145.890
2024/01/31,Wed,147.610,146.880,147.910,146.010
2024/01/30,Tue,147.510,147.600,147.950,147.100
2024/01/29,Mon,148.120,147.490,148.340,147.250
2024/01/28,Sun,,,,
2024/01/27,Sat,,,,
2024/01/26,Fri,147.630,148.160,148.230,147.420
2024/01/25,Thu,147.510,147.650,147.940,147.080
2024/01/24,Wed,148.360,147.500,148.400,146.650
2024/01/23,Tue,148.100,148.360,148.730,146.990
2024/01/22,Mon,148.280,148.090,148.320,147.620
2024/01/21,Sun,,,,
2024/01/20,Sat,,,,
2024/01/19,Fri,148.130,148.140,148.820,147.840
2024/01/18,Thu,148.150,148.150,148.320,147.650
2024/01/17,Wed,147.200,148.150,148.540,147.070
2024/01/16,Tue,145.740,147.180,147.330,145.580
2024/01/15,Mon,144.920,145.730,145.960,144.870
2024/01/14,Sun,,,,
2024/01/13,Sat,,,,
2024/01/12,Fri,145.290,144.900,145.570,144.360
2024/01/11,Thu,145.750,145.280,146.430,145.260
2024/01/10,Wed,144.480,145.730,145.860,144.320
2024/01/09,Tue,144.270,144.470,144.640,143.420
2024/01/08,Mon,144.600,144.220,144.930,143.660
2024/01/07,Sun,,,,
2024/01/06,Sat,,,,
2024/01/05,Fri,144.630,144.650,145.990,143.810
2024/01/04,Thu,143.300,144.620,144.870,142.850
2024/01/03,Wed,142.000,143.290,143.750,141.860
2024/01/02,Tue,140.880,141.980,142.230,140.810
2024/01/01,Mon,140.830,140.870,140.900,140.830
2023/12/31,Sun,,,,
2023/12/30,Sat,,,,
2023/12/29,Fri,141.400,141.060,141.920,140.800
2023/12/28,Thu,141.830,141.390,141.830,140.250
2023/12/27,Wed,142.390,141.830,142.850,141.550
2023/12/26,Tue,142.320,142.380,142.640,142.090
2023/12/25,Mon,142.400,142.340,142.560,142.130
2023/12/24,Sun,,,,
2023/12/23,Sat,,,,
2023/12/22,Fri,142.120,142.410,142.680,141.880
2023/12/21,Thu,143.570,142.100,143.580,142.040
2023/12/20,Wed,143.830,143.560,144.100,143.260
2023/12/19,Tue,142.820,143.820,144.970,142.250
2023/12/18,Mon,142.140,142.740,143.170,142.070
2023/12/17,Sun,,,,
2023/12/16,Sat,,,,
2023/12/15,Fri,141.870,142.150,142.470,141.430
2023/12/14,Thu,142.890,141.870,142.900,140.960
2023/12/13,Wed,145.450,142.880,146.010,142.640
2023/12/12,Tue,146.130,145.430,146.200,144.740
2023/12/11,Mon,144.860,146.160,146.590,144.810
2023/12/10,Sun,,,,
2023/12/09,Sat,,,,
2023/12/08,Fri,144.110,144.930,145.220,142.500
2023/12/07,Thu,147.300,144.120,147.320,141.710
2023/12/06,Wed,147.190,147.310,147.530,146.890
2023/12/05,Tue,147.180,147.150,147.410,146.560
2023/12/04,Mon,146.730,147.200,147.510,146.230
2023/12/03,Sun,,,,
2023/12/02,Sat,,,,
2023/12/01,Fri,148.200,146.810,148.350,146.660
2023/11/30,Thu,147.250,148.190,148.510,146.830
2023/11/29,Wed,147.480,147.240,147.920,146.670
2023/11/28,Tue,148.680,147.480,148.850,147.320
2023/11/27,Mon,149.450,148.670,149.680,148.540
2023/11/26,Sun,,,,
2023/11/25,Sat,,,,
2023/11/24,Fri,149.570,149.440,149.720,149.200
2023/11/23,Thu,149.540,149.560,149.700,148.890
2023/11/22,Wed,148.400,149.530,149.760,148.010
2023/11/21,Tue,148.380,148.390,148.610,147.150
2023/11/20,Mon,149.640,148.360,150.000,148.100
2023/11/19,Sun,,,,
2023/11/18,Sat,,,,
2023/11/17,Fri,150.700,149.620,150.790,149.200
2023/11/16,Thu,151.350,150.710,151.500,150.280
2023/11/15,Wed,150.370,151.350,151.470,150.050
2023/11/14,Tue,151.730,150.380,151.820,150.150
2023/11/13,Mon,151.510,151.710,151.950,151.200
2023/11/12,Sun,,,,
2023/11/11,Sat,,,,
2023/11/10,Fri,151.350,151.500,151.620,151.210
2023/11/09,Thu,150.970,151.340,151.400,150.770
2023/11/08,Wed,150.360,150.970,151.070,150.340
2023/11/07,Tue,150.070,150.340,150.700,149.930
2023/11/06,Mon,149.380,150.070,150.090,149.240
2023/11/05,Sun,,,,
2023/11/04,Sat,,,,
2023/11/03,Fri,150.460,149.370,150.530,149.200
2023/11/02,Thu,150.950,150.440,150.980,149.840
2023/11/01,Wed,151.720,150.950,151.720,150.660
2023/10/31,Tue,149.110,151.670,151.760,149.020
2023/10/30,Mon,149.540,149.100,149.930,148.800
2023/10/29,Sun,,,,
2023/10/28,Sat,,,,
2023/10/27,Fri,150.380,149.600,150.430,149.460
2023/10/26,Thu,150.200,150.380,150.790,149.890
2023/10/25,Wed,149.910,150.210,150.320,149.790
2023/10/24,Tue,149.720,149.910,149.940,149.320
2023/10/23,Mon,149.800,149.700,150.010,149.550
2023/10/22,Sun,,,,
2023/10/21,Sat,,,,
2023/10/20,Fri,149.780,149.840,150.060,149.740
2023/10/19,Thu,149.940,149.780,150.010,149.660
2023/10/18,Wed,149.820,149.920,149.990,149.490
2023/10/17,Tue,149.510,149.800,149.920,149.230
2023/10/16,Mon,149.490,149.500,149.790,149.350
2023/10/15,Sun,,,,
2023/10/14,Sat,,,,
2023/10/13,Fri,149.800,149.550,149.830,149.450
2023/10/12,Thu,149.170,149.800,149.890,148.950
2023/10/11,Wed,148.710,149.150,149.370,148.420
2023/10/10,Tue,148.560,148.700,149.140,148.160
2023/10/09,Mon,149.070,148.500,149.250,148.430
2023/10/08,Sun,,,,
2023/10/07,Sat,,,,
2023/10/06,Fri,148.510,149.320,149.550,148.350
2023/10/05,Thu,149.120,148.500,149.140,148.260
2023/10/04,Wed,149.020,149.120,149.330,148.730
2023/10/03,Tue,149.870,149.020,150.190,147.390
2023/10/02,Mon,149.480,149.850,149.930,149.450
2023/10/01,Sun,,,,
2023/09/30,Sat,,,,
2023/09/29,Fri,149.310,149.350,149.520,148.520
2023/09/28,Thu,149.640,149.290,149.640,149.140
2023/09/27,Wed,149.060,149.630,149.750,148.860
2023/09/26,Tue,148.920,149.050,149.220,148.700
2023/09/25,Mon,148.370,148.880,149.000,148.250
2023/09/24,Sun,,,,
2023/09/23,Sat,,,,
2023/09/22,Fri,147.570,148.370,148.450,147.510
2023/09/21,Thu,148.330,147.580,148.460,147.320
2023/09/20,Wed,147.850,148.330,148.370,147.470
2023/09/19,Tue,147.610,147.860,147.980,147.500
2023/09/18,Mon,147.740,147.600,147.880,147.560
2023/09/17,Sun,,,,
2023/09/16,Sat,,,,
2023/09/15,Fri,147.490,147.820,147.990,147.340
2023/09/14,Thu,147.450,147.470,147.580,147.010
2023/09/13,Wed,147.070,147.450,147.740,147.010
2023/09/12,Tue,146.590,147.080,147.260,146.450
2023/09/11,Mon,147.020,146.580,147.280,145.900
2023/09/10,Sun,,,,
2023/09/09,Sat,,,,
2023/09/08,Fri,147.300,147.810,147.880,146.580
2023/09/07,Thu,147.660,147.290,147.880,147.040
2023/09/06,Wed,147.740,147.650,147.820,147.010
2023/09/05,Tue,146.490,147.710,147.820,146.390
2023/09/04,Mon,146.200,146.460,146.540,146.010
2023/09/03,Sun,,,,
2023/09/02,Sat,,,,
2023/09/01,Fri,145.540,146.230,146.320,144.440
2023/08/31,Thu,146.230,145.530,146.260,145.350
2023/08/30,Wed,145.900,146.240,146.590,145.560
2023/08/29,Tue,146.550,145.870,147.390,145.670
2023/08/28,Mon,146.430,146.540,146.750,146.260
2023/08/27,Sun,,,,
2023/08/26,Sat,,,,
2023/08/25,Fri,145.840,146.410,146.640,145.730
2023/08/24,Thu,144.830,145.870,145.970,144.590
2023/08/23,Wed,145.890,144.830,145.900,144.540
2023/08/22,Tue,146.190,145.880,146.400,145.490
2023/08/21,Mon,145.340,146.170,146.410,145.140
2023/08/20,Sun,,,,
2023/08/19,Sat,,,,
2023/08/18,Fri,145.860,145.370,145.890,144.930
2023/08/17,Thu,146.360,145.830,146.570,145.620
2023/08/16,Wed,145.590,146.350,146.420,145.310
2023/08/15,Tue,145.560,145.570,145.880,145.100
2023/08/14,Mon,144.990,145.540,145.600,144.660
2023/08/13,Sun,,,,
2023/08/12,Sat,,,,
2023/08/11,Fri,144.730,144.960,145.060,144.420
2023/08/10,Thu,143.730,144.730,144.830,143.300
2023/08/09,Wed,143.380,143.720,143.800,143.000
2023/08/08,Tue,142.480,143.370,143.510,142.400
2023/08/07,Mon,141.800,142.490,142.620,141.520
2023/08/06,Sun,,,,
2023/08/05,Sat,,,,
2023/08/04,Fri,142.570,141.750,142.890,141.550
2023/08/03,Thu,143.330,142.540,143.900,142.060
2023/08/02,Wed,143.340,143.320,143.490,142.240
2023/08/01,Tue,142.310,143.320,143.560,142.200
2023/07/31,Mon,141.000,142.280,142.690,140.690
2023/07/30,Sun,,,,
2023/07/29,Sat,,,,
2023/07/28,Fri,139.450,141.150,141.190,138.070
2023/07/27,Thu,140.230,139.440,141.340,138.770
2023/07/26,Wed,140.890,140.210,141.190,139.930
2023/07/25,Tue,141.470,140.900,141.750,140.850
2023/07/24,Mon,141.690,141.440,141.820,140.750
2023/07/23,Sun,,,,
2023/07/22,Sat,,,,
2023/07/21,Fri,140.080,141.790,141.970,139.750
2023/07/20,Thu,139.690,140.070,140.510,139.110
2023/07/19,Wed,138.830,139.670,140.010,138.760
2023/07/18,Tue,138.710,138.810,139.150,137.700
2023/07/17,Mon,138.760,138.710,139.420,138.010
2023/07/16,Sun,,,,
2023/07/15,Sat,,,,
2023/07/14,Fri,138.010,138.730,139.180,137.250
2023/07/13,Thu,138.510,138.030,138.970,137.920
2023/07/12,Wed,140.380,138.500,140.410,138.160
2023/07/11,Tue,141.360,140.370,141.470,140.160
2023/07/10,Mon,142.200,141.310,143.010,141.270
2023/07/09,Sun,,,,
2023/07/08,Sat,,,,
2023/07/07,Fri,144.090,142.070,144.210,142.070
2023/07/06,Thu,144.660,144.060,144.670,143.550
2023/07/05,Wed,144.480,144.640,144.760,144.080
2023/07/04,Tue,144.700,144.450,144.720,144.200
2023/07/03,Mon,144.370,144.660,144.950,143.980
2023/07/02,Sun,,,,
2023/07/01,Sat,,,,
2023/06/30,Fri,144.770,144.320,145.080,144.200
2023/06/29,Thu,144.490,144.770,144.920,144.130
2023/06/28,Wed,144.050,144.460,144.640,143.730
2023/06/27,Tue,143.510,144.070,144.220,143.270
2023/06/26,Mon,143.570,143.500,143.730,142.940
2023/06/25,Sun,,,,
2023/06/24,Sat,,,,
2023/06/23,Fri,143.110,143.680,143.940,142.760
2023/06/22,Thu,141.890,143.110,143.260,141.610
2023/06/21,Wed,141.480,141.880,142.420,141.270
2023/06/20,Tue,141.990,141.440,142.260,141.210
2023/06/19,Mon,141.810,141.980,142.070,141.440
2023/06/18,Sun,,,,
2023/06/17,Sat,,,,
2023/06/16,Fri,140.320,141.820,141.920,139.850
2023/06/15,Thu,140.080,140.270,141.520,139.940
2023/06/14,Wed,140.200,140.090,140.280,139.280
2023/06/13,Tue,139.610,140.210,140.320,139.010
2023/06/12,Mon,139.400,139.600,139.770,139.060
2023/06/11,Sun,,,,
2023/06/10,Sat,,,,
2023/06/09,Fri,138.930,139.340,139.750,138.750
2023/06/08,Thu,140.130,138.910,140.240,138.810
2023/06/07,Wed,139.640,140.110,140.260,139.020
2023/06/06,Tue,139.560,139.630,140.010,139.090
2023/06/05,Mon,139.990,139.540,140.470,139.250
2023/06/04,Sun,,,,
2023/06/03,Sat,,,,
2023/06/02,Fri,138.790,139.940,140.080,138.600
2023/06/01,Thu,139.350,138.790,139.970,138.460
2023/05/31,Wed,139.810,139.340,140.390,139.230
2023/05/30,Tue,140.450,139.790,140.950,139.570
2023/05/29,Mon,140.690,140.440,140.920,140.110
2023/05/28,Sun,,,,
2023/05/27,Sat,,,,
2023/05/26,Fri,140.060,140.620,140.740,139.490
2023/05/25,Thu,139.480,140.050,140.260,138.820
2023/05/24,Wed,138.590,139.460,139.490,138.230
2023/05/23,Tue,138.610,138.580,138.920,138.240
2023/05/22,Mon,138.030,138.600,138.720,137.490
2023/05/21,Sun,,,,
2023/05/20,Sat,,,,
2023/05/19,Fri,138.730,137.950,138.740,137.430
2023/05/18,Thu,137.670,138.710,138.760,137.290
2023/05/17,Wed,136.390,137.670,137.720,136.300
2023/05/16,Tue,136.120,136.370,136.700,135.690
2023/05/15,Mon,135.610,136.110,136.330,135.600
2023/05/14,Sun,,,,
2023/05/13,Sat,,,,
2023/05/12,Fri,134.510,135.710,135.770,134.390
2023/05/11,Thu,134.360,134.540,134.850,133.740
2023/05/10,Wed,135.230,134.340,135.490,134.110
2023/05/09,Tue,135.100,135.210,135.370,134.720
2023/05/08,Mon,134.820,135.080,135.300,134.640
2023/05/07,Sun,,,,
2023/05/06,Sat,,,,
2023/05/05,Fri,134.290,134.830,135.140,133.880
2023/05/04,Thu,134.700,134.270,134.890,133.500
2023/05/03,Wed,136.560,134.680,136.630,134.690
2023/05/02,Tue,137.500,136.530,137.780,136.310
2023/05/01,Mon,136.300,137.480,137.540,136.190
2023/04/30,Sun,,,,
2023/04/29,Sat,,,,
2023/04/28,Fri,133.960,136.280,136.570,133.370
2023/04/27,Thu,133.680,133.940,134.210,133.220
2023/04/26,Wed,133.720,133.660,133.950,133.010
2023/04/25,Tue,134.250,133.710,134.500,133.370
2023/04/24,Mon,134.100,134.220,134.760,133.890
2023/04/23,Sun,,,,
2023/04/22,Sat,,,,
2023/04/21,Fri,134.240,134.150,134.510,133.550
2023/04/20,Thu,134.720,134.230,134.980,134.010
2023/04/19,Wed,134.120,134.690,135.140,133.940
2023/04/18,Tue,134.450,134.090,134.710,133.860
2023/04/17,Mon,133.830,134.460,134.580,133.710
2023/04/16,Sun,,,,
2023/04/15,Sat,,,,
2023/04/14,Fri,132.580,133.770,133.870,132.170
2023/04/13,Thu,133.140,132.560,133.410,132.020
2023/04/12,Wed,133.710,133.120,134.050,132.740
2023/04/11,Tue,133.610,133.650,133.820,132.970
2023/04/10,Mon,132.130,133.600,133.890,131.830
2023/04/09,Sun,,,,
2023/04/08,Sat,,,,
2023/04/07,Fri,131.780,132.130,132.390,131.520
2023/04/06,Thu,131.320,131.760,131.910,130.770
2023/04/05,Wed,131.700,131.310,131.860,130.640
2023/04/04,Tue,132.420,131.690,133.180,131.520
2023/04/03,Mon,132.990,132.410,133.760,132.200
2023/04/02,Sun,,,,
2023/04/01,Sat,,,,
2023/03/31,Fri,132.670,132.790,133.610,132.580
2023/03/30,Thu,132.860,132.650,132.980,132.200
2023/03/29,Wed,130.890,132.840,132.890,130.760
2023/03/28,Tue,131.570,130.860,131.620,130.400
2023/03/27,Mon,130.540,131.560,131.790,130.500
2023/03/26,Sun,,,,
2023/03/25,Sat,,,,
2023/03/24,Fri,130.820,130.690,130.950,129.640
2023/03/23,Thu,131.450,130.810,131.680,130.320
2023/03/22,Wed,132.510,131.440,133.010,131.000
2023/03/21,Tue,131.320,132.490,132.640,131.030
2023/03/20,Mon,132.490,131.310,132.650,130.540
2023/03/19,Sun,,,,
2023/03/18,Sat,,,,
2023/03/17,Fri,133.750,131.790,133.780,131.560
2023/03/16,Thu,133.390,133.720,133.860,131.720
2023/03/15,Wed,134.230,133.400,135.130,132.220
2023/03/14,Tue,133.190,134.220,134.910,133.030
2023/03/13,Mon,134.980,133.180,135.040,132.280
2023/03/12,Sun,,,,
2023/03/11,Sat,,,,
2023/03/10,Fri,136.140,134.980,137.010,134.110
2023/03/09,Thu,137.350,136.140,137.380,135.950
2023/03/08,Wed,137.170,137.340,137.920,136.480
2023/03/07,Tue,135.940,137.140,137.210,135.550
2023/03/06,Mon,135.880,135.910,136.210,135.370
2023/03/05,Sun,,,,
2023/03/04,Sat,,,,
2023/03/03,Fri,136.770,135.860,136.790,135.740
2023/03/02,Thu,136.170,136.760,137.110,136.010
2023/03/01,Wed,136.220,136.160,136.480,135.260
2023/02/28,Tue,136.230,136.200,136.950,135.740
2023/02/27,Mon,136.510,136.200,136.570,135.920
2023/02/26,Sun,,,,
2023/02/25,Sat,,,,
2023/02/24,Fri,134.730,136.460,136.530,134.060
2023/02/23,Thu,134.880,134.700,135.380,134.480
2023/02/22,Wed,135.010,134.900,135.070,134.360
2023/02/21,Tue,134.260,134.990,135.240,134.140
2023/02/20,Mon,134.170,134.230,134.550,133.920
2023/02/19,Sun,,,,
2023/02/18,Sat,,,,
2023/02/17,Fri,133.950,134.150,135.130,133.930
2023/02/16,Thu,134.160,133.940,134.510,133.600
2023/02/15,Wed,133.120,134.110,134.360,132.540
2023/02/14,Tue,132.420,133.110,133.330,131.510
2023/02/13,Mon,131.410,132.400,132.940,131.310
2023/02/12,Sun,,,,
2023/02/11,Sat,,,,
2023/02/10,Fri,131.570,131.410,131.890,129.810
2023/02/09,Thu,131.380,131.560,131.830,130.340
2023/02/08,Wed,131.070,131.370,131.550,130.600
2023/02/07,Tue,132.640,131.050,132.720,130.480
2023/02/06,Mon,132.150,132.650,132.920,131.510
2023/02/05,Sun,,,,
2023/02/04,Sat,,,,
2023/02/03,Fri,128.670,131.170,131.240,128.330
2023/02/02,Thu,128.950,128.650,129.130,128.080
2023/02/01,Wed,130.080,128.930,130.440,128.540
2023/01/31,Tue,130.450,130.090,130.550,129.740
2023/01/30,Mon,129.720,130.440,130.620,129.200
2023/01/29,Sun,,,,
2023/01/28,Sat,,,,
2023/01/27,Fri,130.210,129.850,130.280,129.500
2023/01/26,Thu,129.610,130.210,130.630,129.020
2023/01/25,Wed,130.180,129.590,130.600,129.260
2023/01/24,Tue,130.640,130.150,131.120,129.730
2023/01/23,Mon,129.510,130.660,130.910,129.040
2023/01/22,Sun,,,,
2023/01/21,Sat,,,,
2023/01/20,Fri,128.440,129.570,130.630,128.350
2023/01/19,Thu,128.920,128.420,128.950,127.760
2023/01/18,Wed,128.110,128.880,131.580,127.570
2023/01/17,Tue,128.570,128.130,129.150,127.990
2023/01/16,Mon,127.840,128.540,128.890,127.220
2023/01/15,Sun,,,,
2023/01/14,Sat,,,,
2023/01/13,Fri,129.270,127.880,129.440,127.460
2023/01/12,Thu,132.480,129.220,132.490,128.870
2023/01/11,Wed,132.260,132.470,132.890,132.060
2023/01/10,Tue,131.890,132.250,132.490,131.380
2023/01/09,Mon,131.930,131.880,132.670,131.300
2023/01/08,Sun,,,,
2023/01/07,Sat,,,,
2023/01/06,Fri,133.420,132.070,134.790,131.990
2023/01/05,Thu,132.630,133.400,134.070,131.680
2023/01/04,Wed,131.010,132.620,132.740,129.930
2023/01/03,Tue,130.860,131.000,131.410,129.510
2023/01/02,Mon,131.130,130.730,131.130,130.620
2023/01/01,Sun,,,,
2022/12/31,Sat,,,,
2022/12/30,Fri,133.010,131.110,133.100,130.770
2022/12/29,Thu,134.480,133.010,134.480,132.880
2022/12/28,Wed,133.490,134.470,134.500,133.370
2022/12/27,Tue,132.890,133.480,133.610,132.630
2022/12/26,Mon,132.790,132.860,133.230,132.320
2022/12/25,Sun,,,,
2022/12/24,Sat,,,,
2022/12/23,Fri,132.370,132.790,133.160,132.150
2022/12/22,Thu,132.500,132.330,132.740,131.640
2022/12/21,Wed,131.730,132.470,132.550,131.500
2022/12/20,Tue,136.900,131.700,137.480,130.570
2022/12/19,Mon,136.060,136.880,137.190,135.750
2022/12/18,Sun,,,,
2022/12/17,Sat,,,,
2022/12/16,Fri,137.770,136.690,137.850,136.290
2022/12/15,Thu,135.480,137.760,138.180,135.240
2022/12/14,Wed,135.580,135.470,136.000,134.590
2022/12/13,Tue,137.680,135.570,137.980,134.660
2022/12/12,Mon,136.610,137.660,137.860,136.510
2022/12/11,Sun,,,,
2022/12/10,Sat,,,,
2022/12/09,Fri,136.670,136.560,136.910,135.610
2022/12/08,Thu,136.630,136.650,137.250,136.240
2022/12/07,Wed,137.060,136.600,137.870,136.210
2022/12/06,Tue,136.760,137.050,137.480,135.960
2022/12/05,Mon,134.560,136.740,136.880,134.120
2022/12/04,Sun,,,,
2022/12/03,Sat,,,,
2022/12/02,Fri,135.290,134.300,135.990,133.620
2022/12/01,Thu,138.070,135.270,138.120,135.210
2022/11/30,Wed,138.700,138.030,139.910,137.650
2022/11/29,Tue,138.960,138.680,139.360,137.870
2022/11/28,Mon,139.340,138.940,139.430,137.500
2022/11/27,Sun,,,,
2022/11/26,Sat,,,,
2022/11/25,Fri,138.630,139.100,139.610,138.360
2022/11/24,Thu,139.610,138.610,139.640,138.060
2022/11/23,Wed,141.260,139.590,141.640,139.170
2022/11/22,Tue,142.140,141.240,142.250,141.080
2022/11/21,Mon,140.300,142.120,142.270,140.160
2022/11/20,Sun,,,,
2022/11/19,Sat,,,,
2022/11/18,Fri,140.200,140.350,140.510,139.630
2022/11/17,Thu,139.560,140.180,140.760,138.880
2022/11/16,Wed,139.290,139.550,140.300,138.730
2022/11/15,Tue,139.900,139.290,140.630,137.680
2022/11/14,Mon,138.550,139.880,140.810,138.470
2022/11/13,Sun,,,,
2022/11/12,Sat,,,,
2022/11/11,Fri,141.010,138.790,142.490,138.460
2022/11/10,Thu,146.450,140.950,146.610,140.200
2022/11/09,Wed,145.690,146.440,146.820,145.170
2022/11/08,Tue,146.640,145.660,146.950,145.310
2022/11/07,Mon,147.140,146.620,147.590,146.090
2022/11/06,Sun,,,,
2022/11/05,Sat,,,,
2022/11/04,Fri,148.260,146.590,148.410,146.550
2022/11/03,Thu,147.890,148.270,148.470,147.110
2022/11/02,Wed,148.300,147.900,148.380,145.680
2022/11/01,Tue,148.710,148.280,148.830,146.990
2022/10/31,Mon,147.760,148.710,148.860,147.550
2022/10/30,Sun,,,,
2022/10/29,Sat,,,,
2022/10/28,Fri,146.290,147.450,147.890,145.990
2022/10/27,Thu,146.370,146.270,146.950,145.110
2022/10/26,Wed,147.930,146.350,148.420,146.220
2022/10/25,Tue,148.980,147.910,149.100,147.520
2022/10/24,Mon,147.570,148.960,149.700,145.630
2022/10/23,Sun,,,,
2022/10/22,Sat,,,,
2022/10/21,Fri,150.150,147.640,151.960,146.210
2022/10/20,Thu,149.880,150.140,150.300,149.550
2022/10/19,Wed,149.270,149.890,149.920,149.100
2022/10/18,Tue,149.020,149.260,149.360,148.670
2022/10/17,Mon,148.450,149.030,149.090,148.420
2022/10/16,Sun,,,,
2022/10/15,Sat,,,,
2022/10/14,Fri,147.200,148.740,148.890,147.090
2022/10/13,Thu,146.920,147.220,147.690,146.500
2022/10/12,Wed,145.860,146.910,147.010,145.730
2022/10/11,Tue,145.690,145.860,145.920,145.420
2022/10/10,Mon,145.360,145.680,145.880,145.230
2022/10/09,Sun,,,,
2022/10/08,Sat,,,,
2022/10/07,Fri,145.130,145.330,145.460,144.710
2022/10/06,Thu,144.660,145.120,145.150,144.370
2022/10/05,Wed,144.140,144.630,144.860,143.520
2022/10/04,Tue,144.540,144.090,144.950,143.890
2022/10/03,Mon,144.610,144.530,145.220,144.150
2022/10/02,Sun,,,,
2022/10/01,Sat,,,,
2022/09/30,Fri,144.450,144.750,144.830,144.200
2022/09/29,Thu,144.140,144.450,144.810,144.050
2022/09/28,Wed,144.770,144.160,144.870,143.900
2022/09/27,Tue,144.760,144.760,144.920,144.060
2022/09/26,Mon,143.390,144.750,144.800,143.270
2022/09/25,Sun,,,,
2022/09/24,Sat,,,,
2022/09/23,Fri,142.380,143.320,143.480,141.760
2022/09/22,Thu,144.050,142.350,145.910,140.350
2022/09/21,Wed,143.750,144.040,144.710,143.340
2022/09/20,Tue,143.200,143.720,143.930,142.940
2022/09/19,Mon,142.960,143.200,143.650,142.640
2022/09/18,Sun,,,,
2022/09/17,Sat,,,,
2022/09/16,Fri,143.510,142.910,143.700,142.830
2022/09/15,Thu,143.170,143.520,143.820,142.790
2022/09/14,Wed,144.580,143.150,144.960,142.550
2022/09/13,Tue,142.850,144.550,144.700,141.840
2022/09/12,Mon,142.250,142.830,143.510,142.150
2022/09/11,Sun,,,,
2022/09/10,Sat,,,,
2022/09/09,Fri,144.120,142.520,144.140,141.500
2022/09/08,Thu,143.730,144.090,144.570,143.320
2022/09/07,Wed,142.800,143.700,145.000,142.720
2022/09/06,Tue,140.620,142.790,143.090,140.250
2022/09/05,Mon,140.180,140.590,140.680,140.080
2022/09/04,Sun,,,,
2022/09/03,Sat,,,,
2022/09/02,Fri,140.200,140.200,140.810,139.870
2022/09/01,Thu,138.970,140.200,140.240,138.920
2022/08/31,Wed,138.810,138.960,139.010,138.260
2022/08/30,Tue,138.700,138.790,139.080,138.050
2022/08/29,Mon,137.660,138.690,139.010,137.560
2022/08/28,Sun,,,,
2022/08/27,Sat,,,,
2022/08/26,Fri,136.510,137.520,137.570,136.300
2022/08/25,Thu,137.120,136.500,137.200,136.320
2022/08/24,Wed,136.790,137.110,137.260,136.170
2022/08/23,Tue,137.490,136.780,137.720,135.810
2022/08/22,Mon,136.880,137.470,137.660,136.700
2022/08/21,Sun,,,,
2022/08/20,Sat,,,,
2022/08/19,Fri,135.890,136.930,137.250,135.710
2022/08/18,Thu,135.020,135.880,135.920,134.640
2022/08/17,Wed,134.240,135.010,135.510,133.900
2022/08/16,Tue,133.310,134.210,134.690,132.940
2022/08/15,Mon,133.450,133.320,133.600,132.550
2022/08/14,Sun,,,,
2022/08/13,Sat,,,,
2022/08/12,Fri,133.040,133.480,133.900,132.880
2022/08/11,Thu,132.900,133.000,133.320,131.730
2022/08/10,Wed,135.160,132.870,135.310,132.020
2022/08/09,Tue,135.010,135.130,135.220,134.670
2022/08/08,Mon,135.010,135.000,135.580,134.360
2022/08/07,Sun,,,,
2022/08/06,Sat,,,,
2022/08/05,Fri,132.870,134.970,135.510,132.510
2022/08/04,Thu,133.860,132.850,134.440,132.760
2022/08/03,Wed,133.170,133.860,134.550,132.280
2022/08/02,Tue,131.620,133.160,133.190,130.400
2022/08/01,Mon,133.230,131.610,133.570,131.600
2022/07/31,Sun,,,,
2022/07/30,Sat,,,,
2022/07/29,Fri,134.280,133.190,134.680,132.510
2022/07/28,Thu,136.570,134.280,136.600,134.200
2022/07/27,Wed,136.930,136.550,137.480,136.320
2022/07/26,Tue,136.700,136.910,136.980,136.270
2022/07/25,Mon,136.070,136.660,136.800,135.890
2022/07/24,Sun,,,,
2022/07/23,Sat,,,,
2022/07/22,Fri,137.390,136.050,137.970,135.570
2022/07/21,Thu,138.240,137.370,138.890,137.300
2022/07/20,Wed,138.190,138.200,138.390,137.900
2022/07/19,Tue,138.140,138.180,138.400,137.380
2022/07/18,Mon,138.550,138.120,138.580,137.890
2022/07/17,Sun,,,,
2022/07/16,Sat,,,,
2022/07/15,Fri,138.970,138.530,139.130,138.390
2022/07/14,Thu,137.430,138.900,139.400,137.330
2022/07/13,Wed,136.880,137.420,137.880,136.680
2022/07/12,Tue,137.440,136.860,137.540,136.480
2022/07/11,Mon,136.030,137.420,137.760,136.000
2022/07/10,Sun,,,,
2022/07/09,Sat,,,,
2022/07/08,Fri,136.020,136.080,136.580,135.330
2022/07/07,Thu,135.950,135.980,136.240,135.540
2022/07/06,Wed,135.890,135.930,136.010,134.950
2022/07/05,Tue,135.710,135.870,136.380,135.520
2022/07/04,Mon,135.320,135.690,135.790,134.780
2022/07/03,Sun,,,,
2022/07/02,Sat,,,,
2022/07/01,Fri,135.730,135.190,135.990,134.750
2022/06/30,Thu,136.590,135.730,136.820,135.550
2022/06/29,Wed,136.130,136.580,137.010,135.790
2022/06/28,Tue,135.460,136.120,136.400,135.110
2022/06/27,Mon,135.120,135.430,135.560,134.510
2022/06/26,Sun,,,,
2022/06/25,Sat,,,,
2022/06/24,Fri,134.950,135.170,135.410,134.360
2022/06/23,Thu,136.260,134.930,136.260,134.260
2022/06/22,Wed,136.650,136.260,136.720,135.690
2022/06/21,Tue,135.100,136.610,136.710,134.920
2022/06/20,Mon,134.890,135.080,135.450,134.540
2022/06/19,Sun,,,,
2022/06/18,Sat,,,,
2022/06/17,Fri,132.210,134.960,135.440,132.160
2022/06/16,Thu,133.830,132.200,134.690,131.490
2022/06/15,Wed,135.480,133.830,135.600,133.500
2022/06/14,Tue,134.430,135.470,135.490,133.870
2022/06/13,Mon,134.390,134.400,135.190,133.590
2022/06/12,Sun,,,,
2022/06/11,Sat,,,,
2022/06/10,Fri,134.350,134.420,134.490,133.360
2022/06/09,Thu,134.270,134.330,134.560,133.180
2022/06/08,Wed,132.570,134.240,134.490,132.570
2022/06/07,Tue,131.880,132.580,133.010,131.860
2022/06/06,Mon,130.860,131.870,132.020,130.430
2022/06/05,Sun,,,,
2022/06/04,Sat,,,,
2022/06/03,Fri,129.860,130.860,130.990,129.680
2022/06/02,Thu,130.120,129.830,130.240,129.510
2022/06/01,Wed,128.650,130.110,130.200,128.640
2022/05/31,Tue,127.570,128.680,128.900,127.530
2022/05/30,Mon,127.070,127.550,127.830,126.860
2022/05/29,Sun,,,,
2022/05/28,Sat,,,,
2022/05/27,Fri,127.140,127.110,127.270,126.670
2022/05/26,Thu,127.340,127.140,127.590,126.550
2022/05/25,Wed,126.830,127.310,127.510,126.650
2022/05/24,Tue,127.900,126.800,128.090,126.360
2022/05/23,Mon,127.930,127.870,128.070,127.150
2022/05/22,Sun,,,,
2022/05/21,Sat,,,,
2022/05/20,Fri,127.820,127.850,128.310,127.530
2022/05/19,Thu,128.230,127.800,128.960,127.030
2022/05/18,Wed,129.390,128.220,129.550,128.010
2022/05/17,Tue,129.180,129.390,129.790,128.820
2022/05/16,Mon,129.270,129.160,129.640,128.700
2022/05/15,Sun,,,,
2022/05/14,Sat,,,,
2022/05/13,Fri,128.350,129.190,129.460,128.250
2022/05/12,Thu,129.890,128.320,130.060,127.520
2022/05/11,Wed,130.450,129.960,130.820,129.450
2022/05/10,Tue,130.260,130.430,130.580,129.800
2022/05/09,Mon,130.510,130.250,131.360,130.120
2022/05/08,Sun,,,,
2022/05/07,Sat,,,,
2022/05/06,Fri,130.190,130.560,130.820,130.090
2022/05/05,Thu,129.070,130.130,130.570,128.750
2022/05/04,Wed,130.110,129.070,130.390,128.630
2022/05/03,Tue,130.140,130.100,130.310,129.700
2022/05/02,Mon,129.780,130.140,130.490,129.610
2022/05/01,Sun,,,,
2022/04/30,Sat,,,,
2022/04/29,Fri,130.870,129.830,130.960,129.310
2022/04/28,Thu,128.440,130.850,131.260,128.330
2022/04/27,Wed,127.230,128.420,128.610,126.950
2022/04/26,Tue,128.140,127.220,128.230,127.030
2022/04/25,Mon,128.600,128.120,128.880,127.520
2022/04/24,Sun,,,,
2022/04/23,Sat,,,,
2022/04/22,Fri,128.390,128.560,129.120,127.740
2022/04/21,Thu,127.890,128.390,128.710,127.800
2022/04/20,Wed,128.920,127.880,129.410,127.460
2022/04/19,Tue,127.000,128.900,128.990,126.970
2022/04/18,Mon,126.430,126.970,127.010,126.250
2022/04/17,Sun,,,,
2022/04/16,Sat,,,,
2022/04/15,Fri,125.870,126.350,126.700,125.870
2022/04/14,Thu,125.670,125.860,126.030,125.090
2022/04/13,Wed,125.360,125.660,126.330,125.350
2022/04/12,Tue,125.370,125.350,125.770,124.780
2022/04/11,Mon,124.060,125.350,125.790,124.000
2022/04/10,Sun,,,,
2022/04/09,Sat,,,,
2022/04/08,Fri,123.930,124.320,124.690,123.670
2022/04/07,Thu,123.800,123.920,124.020,123.470
2022/04/06,Wed,123.620,123.790,124.070,123.470
2022/04/05,Tue,122.810,123.600,123.680,122.380
2022/04/04,Mon,122.640,122.780,122.960,122.260
2022/04/03,Sun,,,,
2022/04/02,Sat,,,,
2022/04/01,Fri,121.670,122.490,123.050,121.670
2022/03/31,Thu,121.880,121.660,122.460,121.280
2022/03/30,Wed,122.860,121.800,123.210,121.310
2022/03/29,Tue,123.720,122.840,124.310,121.980
2022/03/28,Mon,121.970,123.910,125.110,121.960
2022/03/27,Sun,,,,
2022/03/26,Sat,,,,
2022/03/25,Fri,122.360,122.060,122.440,121.180
2022/03/24,Thu,121.160,122.330,122.420,120.950
2022/03/23,Wed,120.790,121.150,121.420,120.590
2022/03/22,Tue,119.480,120.800,121.040,119.440
2022/03/21,Mon,119.170,119.470,119.510,119.070
2022/03/20,Sun,,,,
2022/03/19,Sat,,,,
2022/03/18,Fri,118.600,119.170,119.410,118.470
2022/03/17,Thu,118.730,118.590,119.030,118.370
2022/03/16,Wed,118.310,118.720,119.140,118.170
2022/03/15,Tue,118.180,118.280,118.460,117.710
2022/03/14,Mon,117.340,118.180,118.230,117.300
2022/03/13,Sun,,,,
2022/03/12,Sat,,,,
2022/03/11,Fri,116.150,117.280,117.370,116.100
2022/03/10,Thu,115.840,116.130,116.210,115.810
2022/03/09,Wed,115.680,115.820,115.960,115.560
2022/03/08,Tue,115.320,115.660,115.800,115.270
2022/03/07,Mon,114.820,115.290,115.490,114.790
2022/03/06,Sun,,,,
2022/03/05,Sat,,,,
2022/03/04,Fri,115.470,114.780,115.560,114.650
2022/03/03,Thu,115.530,115.460,115.820,115.380
2022/03/02,Wed,114.910,115.500,115.700,114.790
2022/03/01,Tue,115.010,114.890,115.300,114.700
2022/02/28,Mon,114.980,114.990,115.790,114.860
2022/02/27,Sun,,,,
2022/02/26,Sat,,,,
2022/02/25,Fri,115.540,115.560,115.780,115.150
2022/02/24,Thu,114.990,115.520,115.710,114.410
2022/02/23,Wed,115.090,114.970,115.210,114.920
2022/02/22,Tue,114.740,115.080,115.250,114.500
2022/02/21,Mon,114.930,114.740,115.130,114.710
2022/02/20,Sun,,,,
2022/02/19,Sat,,,,
2022/02/18,Fri,114.940,115.000,115.310,114.790
2022/02/17,Thu,115.500,114.930,115.550,114.850
2022/02/16,Wed,115.640,115.460,115.800,115.350
2022/02/15,Tue,115.550,115.620,115.890,115.260
2022/02/14,Mon,115.280,115.530,115.760,115.010
2022/02/13,Sun,,,,
2022/02/12,Sat,,,,
2022/02/11,Fri,116.020,115.410,116.180,115.010
2022/02/10,Thu,115.510,116.000,116.350,115.480
2022/02/09,Wed,115.550,115.490,115.690,115.320
2022/02/08,Tue,115.100,115.540,115.640,115.050
2022/02/07,Mon,115.230,115.120,115.390,114.910
2022/02/06,Sun,,,,
2022/02/05,Sat,,,,
2022/02/04,Fri,114.980,115.200,115.440,114.770
2022/02/03,Thu,114.470,114.950,115.000,114.330
2022/02/02,Wed,114.730,114.440,114.810,114.160
2022/02/01,Tue,115.130,114.710,115.210,114.570
2022/01/31,Mon,115.230,115.100,115.610,114.920
2022/01/30,Sun,,,,
2022/01/29,Sat,,,,
2022/01/28,Fri,115.370,115.240,115.700,115.120
2022/01/27,Thu,114.650,115.340,115.500,114.470
2022/01/26,Wed,113.900,114.630,114.710,113.770
2022/01/25,Tue,113.980,113.860,114.170,113.670
2022/01/24,Mon,113.660,113.920,114.010,113.470
2022/01/23,Sun,,,,
2022/01/22,Sat,,,,
2022/01/21,Fri,114.110,113.680,114.170,113.600
2022/01/20,Thu,114.320,114.090,114.560,113.960
2022/01/19,Wed,114.620,114.320,114.790,114.210
2022/01/18,Tue,114.640,114.610,115.070,114.450
2022/01/17,Mon,114.210,114.600,114.660,114.130
2022/01/16,Sun,,,,
2022/01/15,Sat,,,,
2022/01/14,Fri,114.200,114.200,114.270,113.480
2022/01/13,Thu,114.650,114.170,114.710,114.000
2022/01/12,Wed,115.300,114.630,115.480,114.380
2022/01/11,Tue,115.210,115.280,115.690,115.120
2022/01/10,Mon,115.640,115.200,115.860,115.050
2022/01/09,Sun,,,,
2022/01/08,Sat,,,,
2022/01/07,Fri,115.840,115.550,116.050,115.510
2022/01/06,Thu,116.130,115.820,116.200,115.630
2022/01/05,Wed,116.160,116.100,116.260,115.620
2022/01/04,Tue,115.340,116.140,116.360,115.290
2022/01/03,Mon,115.100,115.320,115.380,114.960
2022/01/02,Sun,,,,
2022/01/01,Sat,,,,
2021/12/31,Fri,115.080,115.080,115.200,115.000
2021/12/30,Thu,114.960,115.060,115.210,114.940
2021/12/29,Wed,114.820,114.940,115.040,114.670
2021/12/28,Tue,114.870,114.810,114.960,114.710
2021/12/27,Mon,114.390,114.830,114.930,114.300
2021/12/26,Sun,,,,
2021/12/25,Sat,,,,
2021/12/24,Fri,114.380,114.410,114.520,114.290
2021/12/23,Thu,114.100,114.370,114.480,114.070
2021/12/22,Wed,114.120,114.110,114.380,113.950
2021/12/21,Tue,113.600,114.080,114.230,113.550
2021/12/20,Mon,113.630,113.580,113.740,113.330
2021/12/19,Sun,,,,
2021/12/18,Sat,,,,
2021/12/17,Fri,113.660,113.670,113.870,113.140
2021/12/16,Thu,114.030,113.700,114.260,113.560
2021/12/15,Wed,113.730,114.020,114.280,113.620
2021/12/14,Tue,113.580,113.710,113.770,113.430
2021/12/13,Mon,113.280,113.560,113.740,113.270
2021/12/12,Sun,,,,
2021/12/11,Sat,,,,
2021/12/10,Fri,113.520,113.380,113.810,113.220
2021/12/09,Thu,113.680,113.440,113.820,113.270
2021/12/08,Wed,113.590,113.660,113.970,113.310
2021/12/07,Tue,113.470,113.570,113.790,113.400
2021/12/06,Mon,112.780,113.460,113.570,112.770
2021/12/05,Sun,,,,
2021/12/04,Sat,,,,
2021/12/03,Fri,113.170,112.800,113.630,112.560
2021/12/02,Thu,112.770,113.150,113.350,112.710
2021/12/01,Wed,113.180,112.750,113.640,112.670
2021/11/30,Tue,113.530,113.130,113.910,112.530
2021/11/29,Mon,113.350,113.520,113.970,112.990
2021/11/28,Sun,,,,
2021/11/27,Sat,,,,
2021/11/26,Fri,115.370,113.310,115.390,113.050
2021/11/25,Thu,115.420,115.350,115.470,115.240
2021/11/24,Wed,115.110,115.410,115.530,114.820
2021/11/23,Tue,114.920,115.120,115.190,114.490
2021/11/22,Mon,113.970,114.860,114.970,113.910
2021/11/21,Sun,,,,
2021/11/20,Sat,,,,
2021/11/19,Fri,114.250,113.980,114.550,113.580
2021/11/18,Thu,114.070,114.240,114.490,113.880
2021/11/17,Wed,114.830,114.070,114.980,113.930
2021/11/16,Tue,114.130,114.820,114.860,114.100
2021/11/15,Mon,113.910,114.120,114.230,113.760
2021/11/14,Sun,,,,
2021/11/13,Sat,,,,
2021/11/12,Fri,114.070,113.850,114.310,113.760
2021/11/11,Thu,113.930,114.050,114.160,113.810
2021/11/10,Wed,112.880,113.900,114.030,112.770
2021/11/09,Tue,113.230,112.850,113.300,112.720
2021/11/08,Mon,113.440,113.220,113.680,113.080
2021/11/07,Sun,,,,
2021/11/06,Sat,,,,
2021/11/05,Fri,113.750,113.400,114.040,113.300
2021/11/04,Thu,114.010,113.750,114.290,113.510
2021/11/03,Wed,113.960,113.980,114.230,113.720
2021/11/02,Tue,114.000,113.950,114.150,113.460
2021/11/01,Mon,113.980,113.980,114.460,113.940
2021/10/31,Sun,,,,
2021/10/30,Sat,,,,
2021/10/29,Fri,113.590,114.000,114.100,113.390
2021/10/28,Thu,113.830,113.560,113.880,113.250
2021/10/27,Wed,114.160,113.810,114.230,113.390
2021/10/26,Tue,113.710,114.140,114.320,113.680
2021/10/25,Mon,113.600,113.700,113.930,113.460
2021/10/24,Sun,,,,
2021/10/23,Sat,,,,
2021/10/22,Fri,113.980,113.460,114.210,113.410
2021/10/21,Thu,114.280,113.970,114.420,113.650
2021/10/20,Wed,114.380,114.260,114.710,114.080
2021/10/19,Tue,114.330,114.360,114.410,113.880
2021/10/18,Mon,114.220,114.310,114.460,114.010
2021/10/17,Sun,,,,
2021/10/16,Sat,,,,
2021/10/15,Fri,113.680,114.200,114.480,113.640
2021/10/14,Thu,113.280,113.660,113.730,113.210
2021/10/13,Wed,113.610,113.230,113.820,113.230
2021/10/12,Tue,113.310,113.600,113.800,113.000
2021/10/11,Mon,112.180,113.300,113.430,112.150
2021/10/10,Sun,,,,
2021/10/09,Sat,,,,
2021/10/08,Fri,111.630,112.220,112.270,111.510
2021/10/07,Thu,111.420,111.590,111.660,111.230
2021/10/06,Wed,111.480,111.410,111.800,111.200
2021/10/05,Tue,110.890,111.450,111.570,110.870
2021/10/04,Mon,111.040,110.870,111.320,110.830
2021/10/03,Sun,,,,
2021/10/02,Sat,,,,
2021/10/01,Fri,111.280,111.050,111.500,110.900
2021/09/30,Thu,111.980,111.270,112.090,111.240
2021/09/29,Wed,111.500,111.960,112.050,111.210
2021/09/28,Tue,111.010,111.500,111.650,110.930
2021/09/27,Mon,110.690,111.000,111.080,110.530
2021/09/26,Sun,,,,
2021/09/25,Sat,,,,
2021/09/24,Fri,110.330,110.720,110.800,110.250
2021/09/23,Thu,109.790,110.300,110.360,109.750
2021/09/22,Wed,109.240,109.780,109.910,109.120
2021/09/21,Tue,109.410,109.210,109.720,109.180
2021/09/20,Mon,109.980,109.390,110.040,109.320
2021/09/19,Sun,,,,
2021/09/18,Sat,,,,
2021/09/17,Fri,109.780,109.960,110.080,109.670
2021/09/16,Thu,109.380,109.700,109.840,109.210
2021/09/15,Wed,109.680,109.360,109.750,109.110
2021/09/14,Tue,110.000,109.670,110.170,109.530
2021/09/13,Mon,109.890,109.980,110.170,109.850
2021/09/12,Sun,,,,
2021/09/11,Sat,,,,
2021/09/10,Fri,109.720,109.930,110.000,109.690
2021/09/09,Thu,110.240,109.700,110.300,109.620
2021/09/08,Wed,110.290,110.230,110.460,110.140
2021/09/07,Tue,109.860,110.270,110.320,109.690
2021/09/06,Mon,109.750,109.830,109.960,109.700
2021/09/05,Sun,,,,
2021/09/04,Sat,,,,
2021/09/03,Fri,109.960,109.730,110.080,109.590
2021/09/02,Thu,110.010,109.920,110.120,109.920
2021/09/01,Wed,110.030,109.990,110.430,109.880
2021/08/31,Tue,109.940,110.020,110.090,109.590
2021/08/30,Mon,109.860,109.920,109.970,109.700
2021/08/29,Sun,,,,
2021/08/28,Sat,,,,
2021/08/27,Fri,110.100,109.820,110.280,109.780
2021/08/26,Thu,110.000,110.070,110.240,109.920
2021/08/25,Wed,109.640,109.990,110.130,109.620
2021/08/24,Tue,109.700,109.620,109.900,109.410
2021/08/23,Mon,109.810,109.680,110.160,109.650
2021/08/22,Sun,,,,
2021/08/21,Sat,,,,
2021/08/20,Fri,109.750,109.800,109.890,109.570
2021/08/19,Thu,109.770,109.720,110.230,109.490
2021/08/18,Wed,109.580,109.740,110.070,109.480
2021/08/17,Tue,109.230,109.570,109.660,109.120
2021/08/16,Mon,109.710,109.230,109.760,109.110
2021/08/15,Sun,,,,
2021/08/14,Sat,,,,
2021/08/13,Fri,110.400,109.570,110.470,109.540
2021/08/12,Thu,110.420,110.380,110.550,110.310
2021/08/11,Wed,110.580,110.400,110.810,110.310
2021/08/10,Tue,110.290,110.560,110.600,110.280
2021/08/09,Mon,110.270,110.280,110.360,110.020
2021/08/08,Sun,,,,
2021/08/07,Sat,,,,
2021/08/06,Fri,109.770,110.250,110.360,109.700
2021/08/05,Thu,109.490,109.740,109.800,109.410
2021/08/04,Wed,109.070,109.470,109.690,108.720
2021/08/03,Tue,109.320,109.040,109.360,108.880
2021/08/02,Mon,109.700,109.280,109.790,109.190
2021/08/01,Sun,,,,
2021/07/31,Sat,,,,
2021/07/30,Fri,109.490,109.700,109.830,109.360
2021/07/29,Thu,109.910,109.460,109.960,109.420
2021/07/28,Wed,109.760,109.900,110.290,109.740
2021/07/27,Tue,110.360,109.760,110.410,109.580
2021/07/26,Mon,110.570,110.340,110.590,110.120
2021/07/25,Sun,,,,
2021/07/24,Sat,,,,
2021/07/23,Fri,110.160,110.540,110.600,110.090
2021/07/22,Thu,110.330,110.140,110.370,110.010
2021/07/21,Wed,109.850,110.270,110.390,109.800
2021/07/20,Tue,109.440,109.840,109.960,109.330
2021/07/19,Mon,109.920,109.440,110.110,109.070
2021/07/18,Sun,,,,
2021/07/17,Sat,,,,
2021/07/16,Fri,109.880,110.080,110.360,109.730
2021/07/15,Thu,109.980,109.860,110.100,109.710
2021/07/14,Wed,110.640,109.990,110.710,109.930
2021/07/13,Tue,110.390,110.610,110.650,110.200
2021/07/12,Mon,110.170,110.350,110.410,109.980
2021/07/11,Sun,,,,
2021/07/10,Sat,,,,
2021/07/09,Fri,109.810,110.140,110.270,109.730
2021/07/08,Thu,110.650,109.790,110.710,109.530
2021/07/07,Wed,110.640,110.650,110.830,110.400
2021/07/06,Tue,110.970,110.600,110.990,110.520
2021/07/05,Mon,111.060,110.960,111.200,110.800
2021/07/04,Sun,,,,
2021/07/03,Sat,,,,
2021/07/02,Fri,111.540,111.040,111.670,110.950
2021/07/01,Thu,111.110,111.500,111.650,111.030
2021/06/30,Wed,110.530,111.100,111.120,110.420
2021/06/29,Tue,110.640,110.500,110.770,110.430
2021/06/28,Mon,110.750,110.620,110.980,110.500
2021/06/27,Sun,,,,
2021/06/26,Sat,,,,
2021/06/25,Fri,110.880,110.770,110.990,110.480
2021/06/24,Thu,110.960,110.860,111.120,110.690
2021/06/23,Wed,110.650,110.940,111.110,110.620
2021/06/22,Tue,110.320,110.640,110.800,110.210
2021/06/21,Mon,110.270,110.300,110.350,109.720
2021/06/20,Sun,,,,
2021/06/19,Sat,,,,
2021/06/18,Fri,110.220,110.190,110.490,109.940
2021/06/17,Thu,110.700,110.200,110.830,110.170
2021/06/16,Wed,110.080,110.690,110.730,109.800
2021/06/15,Tue,110.070,110.070,110.180,109.980
2021/06/14,Mon,109.650,110.060,110.100,109.600
2021/06/13,Sun,,,,
2021/06/12,Sat,,,,
2021/06/11,Fri,109.320,109.650,109.850,109.310
2021/06/10,Thu,109.630,109.310,109.810,109.300
2021/06/09,Wed,109.500,109.610,109.660,109.220
2021/06/08,Tue,109.260,109.490,109.560,109.200
2021/06/07,Mon,109.520,109.240,109.650,109.190
2021/06/06,Sun,,,,
2021/06/05,Sat,,,,
2021/06/04,Fri,110.300,109.490,110.340,109.360
2021/06/03,Thu,109.560,110.280,110.330,109.540
2021/06/02,Wed,109.480,109.540,109.900,109.420
2021/06/01,Tue,109.570,109.450,109.720,109.330
2021/05/31,Mon,109.840,109.540,109.950,109.350
2021/05/30,Sun,,,,
2021/05/29,Sat,,,,
2021/05/28,Fri,109.820,109.810,110.210,109.740
2021/05/27,Thu,109.150,109.800,109.930,109.030
2021/05/26,Wed,108.780,109.140,109.180,108.720
2021/05/25,Tue,108.740,108.760,109.080,108.570
2021/05/24,Mon,108.950,108.740,109.000,108.690
2021/05/23,Sun,,,,
2021/05/22,Sat,,,,
2021/05/21,Fri,108.790,108.940,109.010,108.610
2021/05/20,Thu,109.240,108.750,109.310,108.750
2021/05/19,Wed,108.900,109.210,109.350,108.570
2021/05/18,Tue,109.210,108.880,109.290,108.840
2021/05/17,Mon,109.280,109.190,109.510,109.070
2021/05/16,Sun,,,,
2021/05/15,Sat,,,,
2021/05/14,Fri,109.470,109.340,109.660,109.200
2021/05/13,Thu,109.670,109.450,109.790,109.400
2021/05/12,Wed,108.620,109.650,109.720,108.590
2021/05/11,Tue,108.800,108.610,108.990,108.350
2021/05/10,Mon,108.670,108.780,109.070,108.460
2021/05/09,Sun,,,,
2021/05/08,Sat,,,,
2021/05/07,Fri,109.100,108.600,109.300,108.340
2021/05/06,Thu,109.210,109.080,109.440,109.000
2021/05/05,Wed,109.350,109.180,109.480,109.140
2021/05/04,Tue,109.080,109.330,109.500,109.030
2021/05/03,Mon,109.270,109.060,109.710,108.900
2021/05/02,Sun,,,,
2021/05/01,Sat,,,,
2021/04/30,Fri,108.920,109.270,109.380,108.710
2021/04/29,Thu,108.600,108.910,109.230,108.430
2021/04/28,Wed,108.740,108.590,109.090,108.570
2021/04/27,Tue,108.080,108.680,108.780,108.070
2021/04/26,Mon,107.990,108.080,108.210,107.640
2021/04/25,Sun,,,,
2021/04/24,Sat,,,,
2021/04/23,Fri,107.970,107.910,108.150,107.480
2021/04/22,Thu,108.070,107.960,108.240,107.810
2021/04/21,Wed,108.100,108.050,108.290,107.880
2021/04/20,Tue,108.160,108.080,108.550,107.970
2021/04/19,Mon,108.780,108.150,108.840,108.010
2021/04/18,Sun,,,,
2021/04/17,Sat,,,,
2021/04/16,Fri,108.780,108.770,108.970,108.610
2021/04/15,Thu,108.920,108.740,108.990,108.610
2021/04/14,Wed,109.070,108.910,109.100,108.750
2021/04/13,Tue,109.380,109.050,109.770,109.020
2021/04/12,Mon,109.680,109.370,109.780,109.240
2021/04/11,Sun,,,,
2021/04/10,Sat,,,,
2021/04/09,Fri,109.250,109.650,109.960,109.200
2021/04/08,Thu,109.860,109.240,109.910,109.000
2021/04/07,Wed,109.750,109.840,109.960,109.580
2021/04/06,Tue,110.170,109.740,110.570,109.670
2021/04/05,Mon,110.630,110.170,110.760,109.960
2021/04/04,Sun,,,,
2021/04/03,Sat,,,,
2021/04/02,Fri,110.630,110.710,110.760,110.370
2021/04/01,Thu,110.750,110.600,110.860,110.540
2021/03/31,Wed,110.360,110.700,110.970,110.270
2021/03/30,Tue,109.800,110.340,110.430,109.750
2021/03/29,Mon,109.660,109.780,109.860,109.370
2021/03/28,Sun,,,,
2021/03/27,Sat,,,,
2021/03/26,Fri,109.190,109.640,109.860,109.130
2021/03/25,Thu,108.740,109.170,109.240,108.720
2021/03/24,Wed,108.590,108.720,108.960,108.450
2021/03/23,Tue,108.850,108.560,108.890,108.400
2021/03/22,Mon,108.870,108.830,108.960,108.520
2021/03/21,Sun,,,,
2021/03/20,Sat,,,,
2021/03/19,Fri,108.890,108.870,109.130,108.610
2021/03/18,Thu,108.850,108.880,109.310,108.630
2021/03/17,Wed,109.000,108.830,109.330,108.750
2021/03/16,Tue,109.130,108.980,109.300,108.770
2021/03/15,Mon,109.070,109.120,109.370,108.910
2021/03/14,Sun,,,,
2021/03/13,Sat,,,,
2021/03/12,Fri,108.510,109.000,109.170,108.490
2021/03/11,Thu,108.380,108.490,108.820,108.360
2021/03/10,Wed,108.480,108.380,108.930,108.340
2021/03/09,Tue,108.900,108.460,109.250,108.410
2021/03/08,Mon,108.410,108.860,108.950,108.310
2021/03/07,Sun,,,,
2021/03/06,Sat,,,,
2021/03/05,Fri,107.980,108.340,108.650,107.820
2021/03/04,Thu,107.000,107.970,107.990,106.970
2021/03/03,Wed,106.690,106.990,107.160,106.680
2021/03/02,Tue,106.770,106.670,106.970,106.670
2021/03/01,Mon,106.570,106.750,106.890,106.360
2021/02/28,Sun,,,,
2021/02/27,Sat,,,,
2021/02/26,Fri,106.230,106.580,106.700,105.850
2021/02/25,Thu,105.890,106.210,106.410,105.830
2021/02/24,Wed,105.260,105.860,106.120,105.190
2021/02/23,Tue,105.080,105.240,105.440,104.920
2021/02/22,Mon,105.420,105.060,105.850,104.980
2021/02/21,Sun,,,,
2021/02/20,Sat,,,,
2021/02/19,Fri,105.700,105.430,105.760,105.240
2021/02/18,Thu,105.880,105.660,105.940,105.600
2021/02/17,Wed,106.040,105.850,106.230,105.780
2021/02/16,Tue,105.390,106.040,106.080,105.180
2021/02/15,Mon,105.000,105.360,105.430,104.930
2021/02/14,Sun,,,,
2021/02/13,Sat,,,,
2021/02/12,Fri,104.760,104.930,105.190,104.730
2021/02/11,Thu,104.590,104.720,104.810,104.550
2021/02/10,Wed,104.600,104.570,104.850,104.410
2021/02/09,Tue,105.230,104.570,105.280,104.500
2021/02/08,Mon,105.390,105.220,105.680,105.150
2021/02/07,Sun,,,,
2021/02/06,Sat,,,,
2021/02/05,Fri,105.530,105.360,105.780,105.330
2021/02/04,Thu,105.020,105.540,105.580,104.970
2021/02/03,Wed,104.980,105.010,105.120,104.920
2021/02/02,Tue,104.930,104.970,105.190,104.830
2021/02/01,Mon,104.680,104.910,105.040,104.610
2021/01/31,Sun,,,,
2021/01/30,Sat,,,,
2021/01/29,Fri,104.240,104.680,104.950,104.220
2021/01/28,Thu,104.110,104.210,104.470,104.060
2021/01/27,Wed,103.620,104.090,104.210,103.580
2021/01/26,Tue,103.740,103.600,103.840,103.550
2021/01/25,Mon,103.800,103.730,103.950,103.670
2021/01/24,Sun,,,,
2021/01/23,Sat,,,,
2021/01/22,Fri,103.510,103.770,103.900,103.480
2021/01/21,Thu,103.540,103.480,103.670,103.320
2021/01/20,Wed,103.910,103.520,103.950,103.440
2021/01/19,Tue,103.690,103.890,104.100,103.650
2021/01/18,Mon,103.770,103.690,103.940,103.630
2021/01/17,Sun,,,,
2021/01/16,Sat,,,,
2021/01/15,Fri,103.810,103.870,103.920,103.620
2021/01/14,Thu,103.900,103.790,104.210,103.560
2021/01/13,Wed,103.750,103.850,104.010,103.530
2021/01/12,Tue,104.280,103.750,104.350,103.720
2021/01/11,Mon,103.900,104.240,104.410,103.840
2021/01/10,Sun,,,,
2021/01/09,Sat,,,,
2021/01/08,Fri,103.790,103.930,104.100,103.610
2021/01/07,Thu,103.040,103.800,103.970,102.950
2021/01/06,Wed,102.750,103.040,103.450,102.590
2021/01/05,Tue,103.130,102.720,103.200,102.600
2021/01/04,Mon,103.180,103.100,103.320,102.710
2021/01/03,Sun,,,,
2021/01/02,Sat,,,,
2021/01/01,Fri,103.260,103.200,103.260,103.210
2020/12/31,Thu,103.190,103.240,103.330,102.990
2020/12/30,Wed,103.590,103.170,103.610,102.960
2020/12/29,Tue,103.800,103.560,103.850,103.460
2020/12/28,Mon,103.540,103.780,103.900,103.400
2020/12/27,Sun,,,,
2020/12/26,Sat,,,,
2020/12/25,Fri,103.650,103.480,103.690,103.390
2020/12/24,Thu,103.580,103.630,103.770,103.500
2020/12/23,Wed,103.650,103.550,103.660,103.360
2020/12/22,Tue,103.330,103.630,103.750,103.280
2020/12/21,Mon,103.390,103.300,103.890,103.250
2020/12/20,Sun,,,,
2020/12/19,Sat,,,,
2020/12/18,Fri,103.130,103.310,103.600,103.100
2020/12/17,Thu,103.500,103.100,103.570,102.880
2020/12/16,Wed,103.670,103.480,103.920,103.260
2020/12/15,Tue,104.040,103.660,104.160,103.600
2020/12/14,Mon,104.010,104.030,104.120,103.510
2020/12/13,Sun,,,,
2020/12/12,Sat,,,,
2020/12/11,Fri,104.220,104.010,104.290,103.820
2020/12/10,Thu,104.240,104.200,104.590,104.170
2020/12/09,Wed,104.170,104.210,104.420,104.050
2020/12/08,Tue,104.060,104.150,104.220,103.950
2020/12/07,Mon,104.140,104.060,104.330,103.920
2020/12/06,Sun,,,,
2020/12/05,Sat,,,,
2020/12/04,Fri,103.850,104.140,104.260,103.740
2020/12/03,Thu,104.400,103.830,104.550,103.670
2020/12/02,Wed,104.330,104.400,104.760,104.220
2020/12/01,Tue,104.320,104.300,104.590,104.180
2020/11/30,Mon,104.070,104.270,104.420,103.830
2020/11/29,Sun,,,,
2020/11/28,Sat,,,,
2020/11/27,Fri,104.270,104.100,104.300,103.910
2020/11/26,Thu,104.460,104.250,104.490,104.210
2020/11/25,Wed,104.440,104.450,104.610,104.260
2020/11/24,Tue,104.560,104.430,104.770,104.150
2020/11/23,Mon,103.850,104.540,104.650,103.680
2020/11/22,Sun,,,,
2020/11/21,Sat,,,,
2020/11/20,Fri,103.740,103.850,103.920,103.700
2020/11/19,Thu,103.820,103.720,104.230,103.720
2020/11/18,Wed,104.220,103.830,104.230,103.650
2020/11/17,Tue,104.580,104.170,104.630,104.070
2020/11/16,Mon,104.890,104.560,105.140,104.360
2020/11/15,Sun,,,,
2020/11/14,Sat,,,,
2020/11/13,Fri,105.140,104.620,105.170,104.560
2020/11/12,Thu,105.430,105.120,105.490,105.070
2020/11/11,Wed,105.310,105.420,105.690,105.000
2020/11/10,Tue,105.380,105.280,105.500,104.800
2020/11/09,Mon,103.350,105.360,105.660,103.200
2020/11/08,Sun,,,,
2020/11/07,Sat,,,,
2020/11/06,Fri,103.520,103.330,103.770,103.170
2020/11/05,Thu,104.520,103.470,104.570,103.440
2020/11/04,Wed,104.480,104.480,105.350,104.150
2020/11/03,Tue,104.730,104.460,104.820,104.440
2020/11/02,Mon,104.580,104.710,104.960,104.540
2020/11/01,Sun,,,,
2020/10/31,Sat,,,,
2020/10/30,Fri,104.640,104.640,104.750,104.120
2020/10/29,Thu,104.360,104.610,104.740,104.030
2020/10/28,Wed,104.420,104.290,104.570,104.110
2020/10/27,Tue,104.840,104.400,104.900,104.390
2020/10/26,Mon,104.750,104.820,105.070,104.650
2020/10/25,Sun,,,,
2020/10/24,Sat,,,,
2020/10/23,Fri,104.850,104.690,104.950,104.550
2020/10/22,Thu,104.590,104.820,104.930,104.470
2020/10/21,Wed,105.500,104.560,105.530,104.340
2020/10/20,Tue,105.440,105.490,105.760,105.390
2020/10/19,Mon,105.400,105.420,105.520,105.300
2020/10/18,Sun,,,,
2020/10/17,Sat,,,,
2020/10/16,Fri,105.460,105.400,105.460,105.190
2020/10/15,Thu,105.140,105.440,105.510,105.090
2020/10/14,Wed,105.480,105.150,105.530,105.040
2020/10/13,Tue,105.340,105.470,105.640,105.280
2020/10/12,Mon,105.710,105.300,105.890,105.240
2020/10/11,Sun,,,,
2020/10/10,Sat,,,,
2020/10/09,Fri,106.030,105.590,106.050,105.580
2020/10/08,Thu,105.970,106.010,106.110,105.920
2020/10/07,Wed,105.640,105.960,106.120,105.600
2020/10/06,Tue,105.740,105.620,105.790,105.470
2020/10/05,Mon,105.300,105.720,105.810,105.290
2020/10/04,Sun,,,,
2020/10/03,Sat,,,,
2020/10/02,Fri,105.530,105.330,105.680,104.940
2020/10/01,Thu,105.470,105.500,105.760,105.400
2020/09/30,Wed,105.640,105.450,105.810,105.400
2020/09/29,Tue,105.510,105.640,105.750,105.340
2020/09/28,Mon,105.520,105.490,105.700,105.260
2020/09/27,Sun,,,,
2020/09/26,Sat,,,,
2020/09/25,Fri,105.420,105.600,105.710,105.240
2020/09/24,Thu,105.410,105.400,105.540,105.200
2020/09/23,Wed,104.930,105.370,105.500,104.900
2020/09/22,Tue,104.650,104.910,105.090,104.400
2020/09/21,Mon,104.450,104.640,104.840,104.000
2020/09/20,Sun,,,,
2020/09/19,Sat,,,,
2020/09/18,Fri,104.750,104.550,104.880,104.270
2020/09/17,Thu,104.950,104.730,105.180,104.520
2020/09/16,Wed,105.440,104.940,105.450,104.800
2020/09/15,Tue,105.730,105.430,105.830,105.300
2020/09/14,Mon,106.170,105.720,106.220,105.550
2020/09/13,Sun,,,,
2020/09/12,Sat,,,,
2020/09/11,Fri,106.130,106.140,106.280,106.060
2020/09/10,Thu,106.210,106.130,106.310,105.980
2020/09/09,Wed,106.040,106.170,106.290,105.780
2020/09/08,Tue,106.300,106.010,106.400,105.860
2020/09/07,Mon,106.280,106.250,106.390,106.130
2020/09/06,Sun,,,,
2020/09/05,Sat,,,,
2020/09/04,Fri,106.190,106.230,106.510,106.060
2020/09/03,Thu,106.190,106.170,106.570,106.000
2020/09/02,Wed,105.970,106.180,106.320,105.850
2020/09/01,Tue,105.930,105.950,106.160,105.590
2020/08/31,Mon,105.360,105.890,106.100,105.300
2020/08/30,Sun,,,,
2020/08/29,Sat,,,,
2020/08/28,Fri,106.570,105.340,106.960,105.200
2020/08/27,Thu,105.990,106.550,106.720,105.610
2020/08/26,Wed,106.400,105.980,106.560,105.950
2020/08/25,Tue,105.980,106.360,106.590,105.870
2020/08/24,Mon,105.870,105.970,106.010,105.690
2020/08/23,Sun,,,,
2020/08/22,Sat,,,,
2020/08/21,Fri,105.790,105.780,106.090,105.440
2020/08/20,Thu,106.120,105.790,106.230,105.740
2020/08/19,Wed,105.410,106.100,106.160,105.100
2020/08/18,Tue,106.010,105.420,106.080,105.280
2020/08/17,Mon,106.630,105.990,106.670,105.940
2020/08/16,Sun,,,,
2020/08/15,Sat,,,,
2020/08/14,Fri,106.910,106.590,107.050,106.440
2020/08/13,Thu,106.890,106.920,107.060,106.560
2020/08/12,Wed,106.520,106.890,107.030,106.440
2020/08/11,Tue,105.960,106.480,106.700,105.920
2020/08/10,Mon,105.960,105.950,106.210,105.710
2020/08/09,Sun,,,,
2020/08/08,Sat,,,,
2020/08/07,Fri,105.520,105.910,106.070,105.480
2020/08/06,Thu,105.580,105.540,105.710,105.300
2020/08/05,Wed,105.720,105.570,105.890,105.320
2020/08/04,Tue,105.960,105.700,106.210,105.640
2020/08/03,Mon,105.890,105.940,106.480,105.580
2020/08/02,Sun,,,,
2020/08/01,Sat,,,,
2020/07/31,Fri,104.710,105.880,106.070,104.180
2020/07/30,Thu,104.920,104.720,105.310,104.680
2020/07/29,Wed,105.060,104.910,105.250,104.770
2020/07/28,Tue,105.370,105.080,105.700,104.950
2020/07/27,Mon,105.980,105.370,106.210,105.120
2020/07/26,Sun,,,,
2020/07/25,Sat,,,,
2020/07/24,Fri,106.870,106.120,106.920,105.680
2020/07/23,Thu,107.160,106.850,107.240,106.710
2020/07/22,Wed,106.780,107.140,107.300,106.710
2020/07/21,Tue,107.270,106.760,107.380,106.680
2020/07/20,Mon,107.110,107.240,107.530,107.010
2020/07/19,Sun,,,,
2020/07/18,Sat,,,,
2020/07/17,Fri,107.270,106.990,107.370,106.940
2020/07/16,Thu,106.940,107.260,107.410,106.830
2020/07/15,Wed,107.230,106.920,107.320,106.660
2020/07/14,Tue,107.290,107.230,107.440,107.120
2020/07/13,Mon,106.910,107.260,107.330,106.780
2020/07/12,Sun,,,,
2020/07/11,Sat,,,,
2020/07/10,Fri,107.210,106.890,107.270,106.640
2020/07/09,Thu,107.310,107.190,107.410,107.100
2020/07/08,Wed,107.520,107.250,107.720,107.200
2020/07/07,Tue,107.350,107.510,107.800,107.240
2020/07/06,Mon,107.510,107.350,107.780,107.260
2020/07/05,Sun,,,,
2020/07/04,Sat,,,,
2020/07/03,Fri,107.500,107.500,107.580,107.430
2020/07/02,Thu,107.470,107.480,107.740,107.330
2020/07/01,Wed,107.940,107.460,108.170,107.360
2020/06/30,Tue,107.570,107.920,108.000,107.520
2020/06/29,Mon,107.200,107.560,107.900,107.040
2020/06/28,Sun,,,,
2020/06/27,Sat,,,,
2020/06/26,Fri,107.240,107.210,107.370,106.800
2020/06/25,Thu,107.060,107.190,107.470,106.990
2020/06/24,Wed,106.520,107.020,107.080,106.380
2020/06/23,Tue,106.910,106.510,107.230,106.070
2020/06/22,Mon,106.910,106.870,107.020,106.760
2020/06/21,Sun,,,,
2020/06/20,Sat,,,,
2020/06/19,Fri,106.980,106.870,107.070,106.770
2020/06/18,Thu,107.010,106.960,107.140,106.670
2020/06/17,Wed,107.350,107.000,107.460,106.950
2020/06/16,Tue,107.340,107.320,107.640,107.210
2020/06/15,Mon,107.340,107.310,107.580,107.000
2020/06/14,Sun,,,,
2020/06/13,Sat,,,,
2020/06/12,Fri,106.880,107.340,107.560,106.590
2020/06/11,Thu,107.130,106.850,107.240,106.580
2020/06/10,Wed,107.730,107.090,107.890,106.990
2020/06/09,Tue,108.440,107.720,108.550,107.620
2020/06/08,Mon,109.690,108.420,109.700,108.240
2020/06/07,Sun,,,,
2020/06/06,Sat,,,,
2020/06/05,Fri,109.140,109.580,109.860,109.040
2020/06/04,Thu,108.890,109.130,109.200,108.620
2020/06/03,Wed,108.680,108.890,109.000,108.420
2020/06/02,Tue,107.590,108.660,108.780,107.510
2020/06/01,Mon,107.740,107.580,107.870,107.380
2020/05/31,Sun,,,,
2020/05/30,Sat,,,,
2020/05/29,Fri,107.670,107.770,107.910,107.080
2020/05/28,Thu,107.730,107.630,107.910,107.570
2020/05/27,Wed,107.540,107.710,107.960,107.360
2020/05/26,Tue,107.710,107.520,107.940,107.400
2020/05/25,Mon,107.590,107.690,107.790,107.560
2020/05/24,Sun,,,,
2020/05/23,Sat,,,,
2020/05/22,Fri,107.610,107.610,107.770,107.320
2020/05/21,Thu,107.500,107.610,107.860,107.480
2020/05/20,Wed,107.710,107.510,107.990,107.330
2020/05/19,Tue,107.330,107.680,108.090,107.300
2020/05/18,Mon,107.090,107.330,107.520,107.040
2020/05/17,Sun,,,,
2020/05/16,Sat,,,,
2020/05/15,Fri,107.260,107.020,107.450,106.850
2020/05/14,Thu,107.040,107.240,107.380,106.770
2020/05/13,Wed,107.110,107.020,107.280,106.740
2020/05/12,Tue,107.690,107.130,107.710,107.120
2020/05/11,Mon,106.640,107.660,107.780,106.540
2020/05/10,Sun,,,,
2020/05/09,Sat,,,,
2020/05/08,Fri,106.290,106.650,106.760,106.220
2020/05/07,Thu,106.110,106.270,106.670,105.990
2020/05/06,Wed,106.610,106.140,106.640,105.980
2020/05/05,Tue,106.780,106.580,106.910,106.420
2020/05/04,Mon,106.830,106.730,107.080,106.630
2020/05/03,Sun,,,,
2020/05/02,Sat,,,,
2020/05/01,Fri,107.190,106.930,107.410,106.600
2020/04/30,Thu,106.720,107.170,107.510,106.410
2020/04/29,Wed,106.880,106.700,106.900,106.360
2020/04/28,Tue,107.230,106.860,107.350,106.560
2020/04/27,Mon,107.490,107.220,107.640,106.990
2020/04/26,Sun,,,,
2020/04/25,Sat,,,,
2020/04/24,Fri,107.590,107.500,107.770,107.370
2020/04/23,Thu,107.760,107.580,108.050,107.340
2020/04/22,Wed,107.820,107.720,107.950,107.510
2020/04/21,Tue,107.630,107.760,107.900,107.280
2020/04/20,Mon,107.570,107.610,107.960,107.490
2020/04/19,Sun,,,,
2020/04/18,Sat,,,,
2020/04/17,Fri,107.960,107.510,108.090,107.300
2020/04/16,Thu,107.490,107.940,108.100,107.170
2020/04/15,Wed,107.220,107.470,107.870,106.930
2020/04/14,Tue,107.780,107.200,107.810,106.980
2020/04/13,Mon,108.540,107.760,108.540,107.500
2020/04/12,Sun,,,,
2020/04/11,Sat,,,,
2020/04/10,Fri,108.540,108.460,108.610,108.330
2020/04/09,Thu,108.830,108.460,109.070,108.210
2020/04/08,Wed,108.720,108.810,109.110,108.500
2020/04/07,Tue,109.240,108.700,109.290,108.670
2020/04/06,Mon,108.440,109.200,109.390,108.350
2020/04/05,Sun,,,,
2020/04/04,Sat,,,,
2020/04/03,Fri,107.920,108.450,108.690,107.800
2020/04/02,Thu,107.170,107.900,108.110,107.020
2020/04/01,Wed,107.550,107.150,107.950,106.910
2020/03/31,Tue,107.770,107.530,108.740,107.460
2020/03/30,Mon,107.900,107.810,108.310,107.120
2020/03/29,Sun,,,,
2020/03/28,Sat,,,,
2020/03/27,Fri,109.600,107.890,109.720,107.760
2020/03/26,Thu,111.210,109.580,111.320,109.210
2020/03/25,Wed,111.220,111.190,111.700,110.750
2020/03/24,Tue,111.220,111.210,111.730,110.080
2020/03/23,Mon,111.040,111.200,111.610,109.670
2020/03/22,Sun,,,,
2020/03/21,Sat,,,,
2020/03/20,Fri,110.720,110.800,111.520,109.310
2020/03/19,Thu,108.070,110.690,110.970,107.850
2020/03/18,Wed,107.690,108.060,108.670,106.760
2020/03/17,Tue,105.870,107.670,107.870,105.870
2020/03/16,Mon,107.940,105.850,107.940,105.150
2020/03/15,Sun,,,,
2020/03/14,Sat,,,,
2020/03/13,Fri,104.640,107.910,108.510,104.500
2020/03/12,Thu,104.570,104.630,106.100,103.100
2020/03/11,Wed,105.660,104.530,105.690,104.100
2020/03/10,Tue,102.380,105.630,105.930,102.010
2020/03/09,Mon,104.910,102.340,104.930,101.190
2020/03/08,Sun,,,,
2020/03/07,Sat,,,,
2020/03/06,Fri,106.170,105.300,106.360,104.990
2020/03/05,Thu,107.540,106.160,107.750,105.980
2020/03/04,Wed,107.130,107.520,107.690,106.850
2020/03/03,Tue,108.320,107.120,108.550,106.940
2020/03/02,Mon,107.400,108.300,108.580,106.990
2020/03/01,Sun,,,,
2020/02/29,Sat,,,,
2020/02/28,Fri,109.600,108.070,109.690,107.510
2020/02/27,Thu,110.430,109.580,110.470,109.570
2020/02/26,Wed,110.210,110.420,110.710,110.130
2020/02/25,Tue,110.730,110.180,111.050,109.890
2020/02/24,Mon,111.600,110.710,111.690,110.330
2020/02/23,Sun,,,,
2020/02/22,Sat,,,,
2020/02/21,Fri,112.120,111.570,112.190,111.480
2020/02/20,Thu,111.370,112.110,112.230,111.110
2020/02/19,Wed,109.870,111.350,111.600,109.850
2020/02/18,Tue,109.880,109.860,109.950,109.660
2020/02/17,Mon,109.780,109.880,109.980,109.720
2020/02/16,Sun,,,,
2020/02/15,Sat,,,,
2020/02/14,Fri,109.820,109.740,109.910,109.700
2020/02/13,Thu,110.110,109.810,110.110,109.620
2020/02/12,Wed,109.790,110.080,110.150,109.770
2020/02/11,Tue,109.780,109.770,109.970,109.730
2020/02/10,Mon,109.850,109.740,109.880,109.560
2020/02/09,Sun,,,,
2020/02/08,Sat,,,,
2020/02/07,Fri,110.000,109.720,110.030,109.530
2020/02/06,Thu,109.830,109.990,110.010,109.720
2020/02/05,Wed,109.530,109.800,109.860,109.300
2020/02/04,Tue,108.690,109.510,109.550,108.550
2020/02/03,Mon,108.410,108.670,108.810,108.320
2020/02/02,Sun,,,,
2020/02/01,Sat,,,,
2020/01/31,Fri,108.970,108.380,109.140,108.320
2020/01/30,Thu,109.020,108.950,109.070,108.590
2020/01/29,Wed,109.150,108.990,109.270,108.980
2020/01/28,Tue,108.900,109.130,109.210,108.760
2020/01/27,Mon,109.050,108.890,109.150,108.730
2020/01/26,Sun,,,,
2020/01/25,Sat,,,,
2020/01/24,Fri,109.500,109.270,109.660,109.170
2020/01/23,Thu,109.840,109.480,109.870,109.270
2020/01/22,Wed,109.870,109.830,110.100,109.820
2020/01/21,Tue,110.190,109.860,110.230,109.760
2020/01/20,Mon,110.160,110.180,110.230,110.040
2020/01/19,Sun,,,,
2020/01/18,Sat,,,,
2020/01/17,Fri,110.140,110.140,110.290,110.050
2020/01/16,Thu,109.900,110.140,110.190,109.850
2020/01/15,Wed,109.990,109.880,110.020,109.790
2020/01/14,Tue,109.940,109.970,110.220,109.860
2020/01/13,Mon,109.490,109.930,109.950,109.450
2020/01/12,Sun,,,,
2020/01/11,Sat,,,,
2020/01/10,Fri,109.520,109.460,109.700,109.430
2020/01/09,Thu,109.120,109.510,109.590,109.010
2020/01/08,Wed,108.420,109.120,109.250,107.650
2020/01/07,Tue,108.370,108.420,108.640,108.260
2020/01/06,Mon,108.010,108.360,108.510,107.770
2020/01/05,Sun,,,,
2020/01/04,Sat,,,,
2020/01/03,Fri,108.570,108.080,108.640,107.830
2020/01/02,Thu,108.760,108.570,108.870,108.210
2020/01/01,Wed,108.630,108.700,108.760,108.610
2019/12/31,Tue,108.880,108.610,108.890,108.470
2019/12/30,Mon,109.480,108.860,109.510,108.750
2019/12/29,Sun,,,,
2019/12/28,Sat,,,,
2019/12/27,Fri,109.600,109.410,109.640,109.390
2019/12/26,Thu,109.350,109.630,109.690,109.320
2019/12/25,Wed,109.400,109.350,109.440,109.280
2019/12/24,Tue,109.400,109.390,109.450,109.330
2019/12/23,Mon,109.410,109.390,109.550,109.340
2019/12/22,Sun,,,,
2019/12/21,Sat,,,,
2019/12/20,Fri,109.370,109.440,109.530,109.260
2019/12/19,Thu,109.550,109.370,109.690,109.180
2019/12/18,Wed,109.510,109.530,109.640,109.400
2019/12/17,Tue,109.540,109.470,109.650,109.440
2019/12/16,Mon,109.380,109.490,109.680,109.250
2019/12/15,Sun,,,,
2019/12/14,Sat,,,,
2019/12/13,Fri,109.310,109.360,109.710,108.920
2019/12/12,Thu,108.560,109.290,109.450,108.460
2019/12/11,Wed,108.730,108.540,108.860,108.470
2019/12/10,Tue,108.560,108.700,108.770,108.520
2019/12/09,Mon,108.690,108.550,108.690,108.430
2019/12/08,Sun,,,,
2019/12/07,Sat,,,,
2019/12/06,Fri,108.760,108.590,108.920,108.520
2019/12/05,Thu,108.870,108.750,109.010,108.650
2019/12/04,Wed,108.640,108.850,108.970,108.430
2019/12/03,Tue,108.970,108.620,109.210,108.480
2019/12/02,Mon,109.540,108.980,109.740,108.930
2019/12/01,Sun,,,,
2019/11/30,Sat,,,,
2019/11/29,Fri,109.520,109.510,109.680,109.400
2019/11/28,Thu,109.550,109.500,109.580,109.330
2019/11/27,Wed,109.040,109.550,109.610,109.010
2019/11/26,Tue,108.930,109.030,109.210,108.870
2019/11/25,Mon,108.710,108.900,108.980,108.640
2019/11/24,Sun,,,,
2019/11/23,Sat,,,,
2019/11/22,Fri,108.640,108.640,108.740,108.470
2019/11/21,Thu,108.610,108.630,108.710,108.280
2019/11/20,Wed,108.540,108.600,108.750,108.350
2019/11/19,Tue,108.680,108.530,108.860,108.450
2019/11/18,Mon,108.830,108.660,109.080,108.510
2019/11/17,Sun,,,,
2019/11/16,Sat,,,,
2019/11/15,Fri,108.410,108.730,108.860,108.370
2019/11/14,Thu,108.840,108.390,108.870,108.240
2019/11/13,Wed,109.000,108.810,109.160,108.650
2019/11/12,Tue,109.070,109.000,109.300,108.930
2019/11/11,Mon,109.200,109.040,109.260,108.900
2019/11/10,Sun,,,,
2019/11/09,Sat,,,,
2019/11/08,Fri,109.290,109.270,109.490,109.080
2019/11/07,Thu,108.980,109.270,109.490,108.650
2019/11/06,Wed,109.160,108.960,109.200,108.820
2019/11/05,Tue,108.570,109.150,109.250,108.560
2019/11/04,Mon,108.190,108.560,108.660,108.180
2019/11/03,Sun,,,,
2019/11/02,Sat,,,,
2019/11/01,Fri,108.070,108.170,108.330,107.890
2019/10/31,Thu,108.840,108.020,108.910,107.930
2019/10/30,Wed,108.890,108.830,109.300,108.720
2019/10/29,Tue,108.960,108.870,109.080,108.770
2019/10/28,Mon,108.670,108.940,109.050,108.660
2019/10/27,Sun,,,,
2019/10/26,Sat,,,,
2019/10/25,Fri,108.630,108.640,108.780,108.510
2019/10/24,Thu,108.690,108.610,108.760,108.500
2019/10/23,Wed,108.490,108.680,108.710,108.250
2019/10/22,Tue,108.620,108.470,108.740,108.440
2019/10/21,Mon,108.480,108.590,108.670,108.300
2019/10/20,Sun,,,,
2019/10/19,Sat,,,,
2019/10/18,Fri,108.670,108.420,108.740,108.390
2019/10/17,Thu,108.770,108.650,108.950,108.470
2019/10/16,Wed,108.860,108.750,108.880,108.570
2019/10/15,Tue,108.430,108.840,108.900,108.150
2019/10/14,Mon,108.350,108.380,108.530,108.040
2019/10/13,Sun,,,,
2019/10/12,Sat,,,,
2019/10/11,Fri,107.990,108.400,108.620,107.850
2019/10/10,Thu,107.480,107.960,108.020,107.030
2019/10/09,Wed,107.090,107.460,107.630,106.930
2019/10/08,Tue,107.300,107.070,107.450,106.810
2019/10/07,Mon,106.980,107.280,107.470,106.570
2019/10/06,Sun,,,,
2019/10/05,Sat,,,,
2019/10/04,Fri,106.920,106.930,107.140,106.590
2019/10/03,Thu,107.180,106.900,107.310,106.480
2019/10/02,Wed,107.740,107.170,107.900,107.050
2019/10/01,Tue,108.080,107.740,108.470,107.630
2019/09/30,Mon,107.920,108.060,108.190,107.740
2019/09/29,Sun,,,,
2019/09/28,Sat,,,,
2019/09/27,Fri,107.830,107.920,108.190,107.660
2019/09/26,Thu,107.780,107.820,107.970,107.430
2019/09/25,Wed,107.070,107.760,107.890,107.000
2019/09/24,Tue,107.550,107.050,107.800,106.960
2019/09/23,Mon,107.530,107.540,107.780,107.310
2019/09/22,Sun,,,,
2019/09/21,Sat,,,,
2019/09/20,Fri,108.020,107.550,108.090,107.530
2019/09/19,Thu,108.460,108.000,108.480,107.790
2019/09/18,Wed,108.130,108.440,108.480,108.080
2019/09/17,Tue,108.120,108.120,108.380,108.020
2019/09/16,Mon,107.660,108.120,108.170,107.480
2019/09/15,Sun,,,,
2019/09/14,Sat,,,,
2019/09/13,Fri,108.100,108.070,108.270,107.920
2019/09/12,Thu,107.840,108.090,108.190,107.520
2019/09/11,Wed,107.550,107.810,107.870,107.500
2019/09/10,Tue,107.250,107.530,107.590,107.180
2019/09/09,Mon,106.820,107.230,107.280,106.770
2019/09/08,Sun,,,,
2019/09/07,Sat,,,,
2019/09/06,Fri,106.960,106.900,107.110,106.630
2019/09/05,Thu,106.370,106.920,107.230,106.320
2019/09/04,Wed,105.940,106.380,106.450,105.830
2019/09/03,Tue,106.220,105.920,106.390,105.740
2019/09/02,Mon,106.250,106.210,106.420,105.930
2019/09/01,Sun,,,,
2019/08/31,Sat,,,,
2019/08/30,Fri,106.510,106.290,106.550,106.110
2019/08/29,Thu,106.130,106.500,106.690,105.830
2019/08/28,Wed,105.750,106.110,106.230,105.650
2019/08/27,Tue,106.160,105.720,106.180,105.590
2019/08/26,Mon,105.140,106.120,106.410,104.460
2019/08/25,Sun,,,,
2019/08/24,Sat,,,,
2019/08/23,Fri,106.440,105.390,106.750,105.260
2019/08/22,Thu,106.620,106.420,106.660,106.250
2019/08/21,Wed,106.230,106.610,106.650,106.220
2019/08/20,Tue,106.640,106.220,106.700,106.180
2019/08/19,Mon,106.340,106.620,106.710,106.240
2019/08/18,Sun,,,,
2019/08/17,Sat,,,,
2019/08/16,Fri,106.130,106.360,106.500,106.030
2019/08/15,Thu,105.920,106.110,106.790,105.700
2019/08/14,Wed,106.750,105.890,106.780,105.660
2019/08/13,Tue,105.310,106.730,106.980,105.070
2019/08/12,Mon,105.570,105.290,105.710,105.050
2019/08/11,Sun,,,,
2019/08/10,Sat,,,,
2019/08/09,Fri,106.080,105.660,106.120,105.260
2019/08/08,Thu,106.280,106.060,106.310,105.900
2019/08/07,Wed,106.490,106.260,106.490,105.500
2019/08/06,Tue,105.950,106.470,107.090,105.520
2019/08/05,Mon,106.590,105.940,106.690,105.790
2019/08/04,Sun,,,,
2019/08/03,Sat,,,,
2019/08/02,Fri,107.350,106.580,107.570,106.510
2019/08/01,Thu,108.800,107.330,109.320,107.260
2019/07/31,Wed,108.620,108.740,109.010,108.490
2019/07/30,Tue,108.790,108.590,108.950,108.450
2019/07/29,Mon,108.700,108.770,108.910,108.420
2019/07/28,Sun,,,,
2019/07/27,Sat,,,,
2019/07/26,Fri,108.640,108.660,108.840,108.560
2019/07/25,Thu,108.190,108.620,108.760,108.040
2019/07/24,Wed,108.220,108.170,108.280,107.940
2019/07/23,Tue,107.850,108.210,108.290,107.830
2019/07/22,Mon,107.790,107.860,108.080,107.700
2019/07/21,Sun,,,,
2019/07/20,Sat,,,,
2019/07/19,Fri,107.300,107.700,107.980,107.220
2019/07/18,Thu,107.950,107.290,108.030,107.210
2019/07/17,Wed,108.250,107.940,108.340,107.940
2019/07/16,Tue,107.920,108.220,108.380,107.820
2019/07/15,Mon,107.880,107.900,108.120,107.800
2019/07/14,Sun,,,,
2019/07/13,Sat,,,,
2019/07/12,Fri,108.490,107.890,108.610,107.800
2019/07/11,Thu,108.470,108.480,108.540,107.860
2019/07/10,Wed,108.860,108.460,109.000,108.350
2019/07/09,Tue,108.730,108.840,108.980,108.680
2019/07/08,Mon,108.450,108.710,108.810,108.280
2019/07/07,Sun,,,,
2019/07/06,Sat,,,,
2019/07/05,Fri,107.810,108.450,108.640,107.780
2019/07/04,Thu,107.800,107.790,107.850,107.710
2019/07/03,Wed,107.900,107.820,107.930,107.530
2019/07/02,Tue,108.440,107.880,108.480,107.760
2019/07/01,Mon,108.110,108.430,108.550,108.100
2019/06/30,Sun,,,,
2019/06/29,Sat,,,,
2019/06/28,Fri,107.800,107.880,107.950,107.560
2019/06/27,Thu,107.800,107.780,108.170,107.650
2019/06/26,Wed,107.200,107.770,107.860,107.100
2019/06/25,Tue,107.300,107.170,107.420,106.780
2019/06/24,Mon,107.400,107.280,107.540,107.250
2019/06/23,Sun,,,,
2019/06/22,Sat,,,,
2019/06/21,Fri,107.320,107.300,107.750,107.050
2019/06/20,Thu,108.100,107.290,108.150,107.220
2019/06/19,Wed,108.460,108.090,108.620,107.900
2019/06/18,Tue,108.550,108.440,108.680,108.060
2019/06/17,Mon,108.440,108.550,108.740,108.420
2019/06/16,Sun,,,,
2019/06/15,Sat,,,,
2019/06/14,Fri,108.380,108.550,108.590,108.160
2019/06/13,Thu,108.510,108.370,108.540,108.160
2019/06/12,Wed,108.520,108.490,108.590,108.210
2019/06/11,Tue,108.450,108.500,108.810,108.350
2019/06/10,Mon,108.560,108.430,108.730,108.330
2019/06/09,Sun,,,,
2019/06/08,Sat,,,,
2019/06/07,Fri,108.420,108.180,108.620,107.880
2019/06/06,Thu,108.470,108.400,108.580,108.020
2019/06/05,Wed,108.150,108.450,108.500,107.810
2019/06/04,Tue,108.070,108.140,108.370,107.840
2019/06/03,Mon,108.380,108.060,108.460,107.880
2019/06/02,Sun,,,,
2019/06/01,Sat,,,,
2019/05/31,Fri,109.630,108.260,109.640,108.270
2019/05/30,Thu,109.600,109.600,109.940,109.480
2019/05/29,Wed,109.380,109.580,109.710,109.150
2019/05/28,Tue,109.510,109.360,109.640,109.210
2019/05/27,Mon,109.320,109.500,109.600,109.280
2019/05/26,Sun,,,,
2019/05/25,Sat,,,,
2019/05/24,Fri,109.610,109.290,109.750,109.270
2019/05/23,Thu,110.360,109.590,110.380,109.460
2019/05/22,Wed,110.490,110.340,110.640,110.240
2019/05/21,Tue,110.070,110.490,110.690,110.020
2019/05/20,Mon,110.130,110.050,110.330,109.810
2019/05/19,Sun,,,,
2019/05/18,Sat,,,,
2019/05/17,Fri,109.860,110.070,110.190,109.500
2019/05/16,Thu,109.610,109.840,109.980,109.330
2019/05/15,Wed,109.620,109.580,109.720,109.150
2019/05/14,Tue,109.300,109.590,109.790,109.140
2019/05/13,Mon,109.770,109.300,109.860,109.020
2019/05/12,Sun,,,,
2019/05/11,Sat,,,,
2019/05/10,Fri,109.760,109.940,110.060,109.470
2019/05/09,Thu,110.100,109.750,110.140,109.470
2019/05/08,Wed,110.260,110.100,110.320,109.900
2019/05/07,Tue,110.770,110.240,110.870,110.170
2019/05/06,Mon,110.620,110.760,110.990,110.280
2019/05/05,Sun,,,,
2019/05/04,Sat,,,,
2019/05/03,Fri,111.520,111.090,111.700,111.060
2019/05/02,Thu,111.390,111.500,111.680,111.350
2019/05/01,Wed,111.440,111.370,111.630,111.050
2019/04/30,Tue,111.660,111.410,111.710,111.230
2019/04/29,Mon,111.600,111.630,111.910,111.530
2019/04/28,Sun,,,,
2019/04/27,Sat,,,,
2019/04/26,Fri,111.640,111.580,112.030,111.430
2019/04/25,Thu,112.190,111.620,112.250,111.390
2019/04/24,Wed,111.870,112.170,112.410,111.680
2019/04/23,Tue,111.950,111.860,112.050,111.650
2019/04/22,Mon,111.930,111.930,112.000,111.850
2019/04/21,Sun,,,,
2019/04/20,Sat,,,,
2019/04/19,Fri,111.980,111.910,112.020,111.890
2019/04/18,Thu,112.060,111.960,112.090,111.770
2019/04/17,Wed,112.020,112.050,112.180,111.920
2019/04/16,Tue,112.040,111.990,112.070,111.850
2019/04/15,Mon,112.010,112.030,112.110,111.880
2019/04/14,Sun,,,,
2019/04/13,Sat,,,,
2019/04/12,Fri,111.670,112.020,112.110,111.580
2019/04/11,Thu,111.020,111.650,111.710,110.900
2019/04/10,Wed,111.140,111.000,111.290,110.840
2019/04/09,Tue,111.480,111.120,111.590,110.980
2019/04/08,Mon,111.720,111.470,111.800,111.280
2019/04/07,Sun,,,,
2019/04/06,Sat,,,,
2019/04/05,Fri,111.660,111.730,111.830,111.590
2019/04/04,Thu,111.490,111.650,111.690,111.330
2019/04/03,Wed,111.330,111.470,111.590,111.200
2019/04/02,Tue,111.350,111.310,111.470,111.250
2019/04/01,Mon,110.810,111.340,111.450,110.810
2019/03/31,Sun,,,,
2019/03/30,Sat,,,,
2019/03/29,Fri,110.630,110.840,110.960,110.540
2019/03/28,Thu,110.520,110.620,110.840,110.020
2019/03/27,Wed,110.640,110.510,110.720,110.230
2019/03/26,Tue,109.980,110.620,110.700,109.940
2019/03/25,Mon,109.860,109.950,110.250,109.710
2019/03/24,Sun,,,,
2019/03/23,Sat,,,,
2019/03/22,Fri,110.820,109.910,110.910,109.740
2019/03/21,Thu,110.720,110.800,110.970,110.290
2019/03/20,Wed,111.400,110.680,111.700,110.530
2019/03/19,Tue,111.430,111.370,111.490,111.150
2019/03/18,Mon,111.470,111.420,111.640,111.290
2019/03/17,Sun,,,,
2019/03/16,Sat,,,,
2019/03/15,Fri,111.710,111.450,111.910,111.380
2019/03/14,Thu,111.160,111.700,111.850,111.140
2019/03/13,Wed,111.360,111.150,111.480,111.000
2019/03/12,Tue,111.210,111.350,111.480,111.100
2019/03/11,Mon,111.130,111.190,111.310,110.870
2019/03/10,Sun,,,,
2019/03/09,Sat,,,,
2019/03/08,Fri,111.580,111.150,111.660,110.790
2019/03/07,Thu,111.770,111.580,111.870,111.480
2019/03/06,Wed,111.890,111.750,111.930,111.610
2019/03/05,Tue,111.740,111.890,112.140,111.720
2019/03/04,Mon,111.770,111.740,112.020,111.640
2019/03/03,Sun,,,,
2019/03/02,Sat,,,,
2019/03/01,Fri,111.400,111.900,112.090,111.320
2019/02/28,Thu,111.000,111.370,111.510,110.650
2019/02/27,Wed,110.590,110.980,111.090,110.350
2019/02/26,Tue,111.070,110.570,111.100,110.420
2019/02/25,Mon,110.680,111.060,111.250,110.580
2019/02/24,Sun,,,,
2019/02/23,Sat,,,,
2019/02/22,Fri,110.700,110.680,110.920,110.560
2019/02/21,Thu,110.860,110.690,110.890,110.570
2019/02/20,Wed,110.640,110.850,110.960,110.530
2019/02/19,Tue,110.620,110.610,110.830,110.450
2019/02/18,Mon,110.440,110.600,110.670,110.390
2019/02/17,Sun,,,,
2019/02/16,Sat,,,,
2019/02/15,Fri,110.490,110.480,110.660,110.250
2019/02/14,Thu,111.010,110.470,111.140,110.460
2019/02/13,Wed,110.490,110.990,111.070,110.430
2019/02/12,Tue,110.380,110.480,110.660,110.340
2019/02/11,Mon,109.830,110.360,110.480,109.690
2019/02/10,Sun,,,,
2019/02/09,Sat,,,,
2019/02/08,Fri,109.820,109.720,109.910,109.650
2019/02/07,Thu,109.980,109.800,110.100,109.600
2019/02/06,Wed,109.970,109.960,110.060,109.560
2019/02/05,Tue,109.900,109.960,110.050,109.780
2019/02/04,Mon,109.510,109.880,110.170,109.430
2019/02/03,Sun,,,,
2019/02/02,Sat,,,,
2019/02/01,Fri,108.880,109.480,109.590,108.720
2019/01/31,Thu,109.050,108.870,109.090,108.500
2019/01/30,Wed,109.400,109.020,109.750,108.810
2019/01/29,Tue,109.350,109.380,109.550,109.130
2019/01/28,Mon,109.520,109.340,109.600,109.160
2019/01/27,Sun,,,,
2019/01/26,Sat,,,,
2019/01/25,Fri,109.650,109.530,109.960,109.460
2019/01/24,Thu,109.590,109.630,109.810,109.420
2019/01/23,Wed,109.380,109.590,110.010,109.320
2019/01/22,Tue,109.660,109.360,109.710,109.140
2019/01/21,Mon,109.750,109.660,109.780,109.470
2019/01/20,Sun,,,,
2019/01/19,Sat,,,,
2019/01/18,Fri,109.270,109.760,109.900,109.050
2019/01/17,Thu,109.100,109.230,109.410,108.680
2019/01/16,Wed,108.680,109.080,109.210,108.370
2019/01/15,Tue,108.170,108.660,108.780,108.140
2019/01/14,Mon,108.470,108.160,108.570,107.980
2019/01/13,Sun,,,,
2019/01/12,Sat,,,,
2019/01/11,Fri,108.440,108.540,108.600,108.140
2019/01/10,Thu,108.170,108.420,108.520,107.770
2019/01/09,Wed,108.740,108.160,109.010,107.970
2019/01/08,Tue,108.730,108.730,109.090,108.440
2019/01/07,Mon,108.550,108.700,108.760,108.030
2019/01/06,Sun,,,,
2019/01/05,Sat,,,,
2019/01/04,Fri,107.680,108.520,108.600,107.510
2019/01/03,Thu,108.890,107.650,108.930,104.980
2019/01/02,Wed,109.670,108.870,109.730,108.710
2019/01/01,Tue,109.580,109.710,109.800,109.580
2018/12/31,Mon,110.440,109.560,110.480,109.550
2018/12/30,Sun,,,,
2018/12/29,Sat,,,,
2018/12/28,Fri,110.980,110.260,111.060,110.140
2018/12/27,Thu,111.370,110.990,111.400,110.450
2018/12/26,Wed,110.310,111.350,111.420,110.140
2018/12/25,Tue,110.450,110.270,110.470,110.000
2018/12/24,Mon,110.950,110.430,111.200,110.260
2018/12/23,Sun,,,,
2018/12/22,Sat,,,,
2018/12/21,Fri,111.290,111.210,111.470,110.930
2018/12/20,Thu,112.480,111.280,112.620,110.810
2018/12/19,Wed,112.530,112.470,112.670,112.090
2018/12/18,Tue,112.840,112.510,112.870,112.250
2018/12/17,Mon,113.320,112.820,113.530,112.680
2018/12/16,Sun,,,,
2018/12/15,Sat,,,,
2018/12/14,Fri,113.640,113.370,113.700,113.210
2018/12/13,Thu,113.290,113.620,113.720,113.200
2018/12/12,Wed,113.390,113.270,113.530,113.140
2018/12/11,Tue,113.340,113.370,113.480,113.000
2018/12/10,Mon,112.710,113.330,113.380,112.240
2018/12/09,Sun,,,,
2018/12/08,Sat,,,,
2018/12/07,Fri,112.670,112.720,112.940,112.550
2018/12/06,Thu,113.200,112.660,113.220,112.230
2018/12/05,Wed,112.770,113.190,113.260,112.650
2018/12/04,Tue,113.660,112.770,113.680,112.570
2018/12/03,Mon,113.480,113.650,113.870,113.370
2018/12/02,Sun,,,,
2018/12/01,Sat,,,,
2018/11/30,Fri,113.490,113.460,113.710,113.330
2018/11/29,Thu,113.690,113.470,113.690,113.190
2018/11/28,Wed,113.790,113.680,114.040,113.450
2018/11/27,Tue,113.590,113.770,113.850,113.410
2018/11/26,Mon,112.950,113.590,113.660,112.870
2018/11/25,Sun,,,,
2018/11/24,Sat,,,,
2018/11/23,Fri,112.950,112.940,113.020,112.650
2018/11/22,Thu,113.050,112.930,113.140,112.870
2018/11/21,Wed,112.770,113.050,113.160,112.630
2018/11/20,Tue,112.560,112.750,112.850,112.300
2018/11/19,Mon,112.840,112.540,112.880,112.420
2018/11/18,Sun,,,,
2018/11/17,Sat,,,,
2018/11/16,Fri,113.640,112.820,113.660,112.640
2018/11/15,Thu,113.630,113.620,113.710,113.100
2018/11/14,Wed,113.810,113.610,114.020,113.300
2018/11/13,Tue,113.840,113.800,114.160,113.580
2018/11/12,Mon,113.830,113.830,114.210,113.660
2018/11/11,Sun,,,,
2018/11/10,Sat,,,,
2018/11/09,Fri,114.070,113.820,114.090,113.640
2018/11/08,Thu,113.520,114.060,114.100,113.480
2018/11/07,Wed,113.430,113.510,113.830,112.940
2018/11/06,Tue,113.200,113.420,113.510,113.100
2018/11/05,Mon,113.180,113.180,113.340,113.070
2018/11/04,Sun,,,,
2018/11/03,Sat,,,,
2018/11/02,Fri,112.710,113.180,113.330,112.560
2018/11/01,Thu,112.950,112.700,113.010,112.600
2018/10/31,Wed,113.140,112.930,113.400,112.800
2018/10/30,Tue,112.380,113.080,113.100,112.290
2018/10/29,Mon,111.920,112.360,112.570,111.780
2018/10/28,Sun,,,,
2018/10/27,Sat,,,,
2018/10/26,Fri,112.390,111.890,112.460,111.380
2018/10/25,Thu,112.250,112.400,112.680,111.820
2018/10/24,Wed,112.430,112.250,112.760,112.090
2018/10/23,Tue,112.830,112.430,112.860,111.950
2018/10/22,Mon,112.490,112.800,112.900,112.350
2018/10/21,Sun,,,,
2018/10/20,Sat,,,,
2018/10/19,Fri,112.210,112.540,112.660,112.130
2018/10/18,Thu,112.650,112.180,112.740,111.960
2018/10/17,Wed,112.260,112.640,112.690,112.000
2018/10/16,Tue,111.780,112.250,112.340,111.730
2018/10/15,Mon,112.100,111.760,112.270,111.620
2018/10/14,Sun,,,,
2018/10/13,Sat,,,,
2018/10/12,Fri,112.170,112.190,112.510,111.880
2018/10/11,Thu,112.280,112.160,112.550,111.840
2018/10/10,Wed,112.960,112.270,113.290,112.250
2018/10/09,Tue,113.220,112.940,113.400,112.870
2018/10/08,Mon,113.710,113.230,113.960,112.820
2018/10/07,Sun,,,,
2018/10/06,Sat,,,,
2018/10/05,Fri,113.890,113.700,114.110,113.550
2018/10/04,Thu,114.540,113.900,114.560,113.630
2018/10/03,Wed,113.660,114.530,114.560,113.520
2018/10/02,Tue,113.920,113.660,114.030,113.520
2018/10/01,Mon,113.700,113.910,114.070,113.660
2018/09/30,Sun,,,,
2018/09/29,Sat,,,,
2018/09/28,Fri,113.380,113.680,113.720,113.310
2018/09/27,Thu,112.750,113.360,113.480,112.550
2018/09/26,Wed,112.980,112.720,113.150,112.630
2018/09/25,Tue,112.810,112.970,112.980,112.740
2018/09/24,Mon,112.570,112.790,112.840,112.270
2018/09/23,Sun,,,,
2018/09/22,Sat,,,,
2018/09/21,Fri,112.490,112.560,112.880,112.420
2018/09/20,Thu,112.290,112.480,112.600,112.030
2018/09/19,Wed,112.360,112.270,112.460,112.160
2018/09/18,Tue,111.860,112.350,112.400,111.660
2018/09/17,Mon,111.960,111.830,112.130,111.760
2018/09/16,Sun,,,,
2018/09/15,Sat,,,,
2018/09/14,Fri,111.930,112.040,112.180,111.750
2018/09/13,Thu,111.270,111.920,112.010,111.160
2018/09/12,Wed,111.640,111.250,111.650,111.120
2018/09/11,Tue,111.130,111.620,111.650,111.060
2018/09/10,Mon,110.970,111.110,111.260,110.850
2018/09/09,Sun,,,,
2018/09/08,Sat,,,,
2018/09/07,Fri,110.760,111.050,111.260,110.380
2018/09/06,Thu,111.530,110.740,111.540,110.520
2018/09/05,Wed,111.460,111.520,111.770,111.380
2018/09/04,Tue,111.060,111.440,111.550,110.900
2018/09/03,Mon,111.090,111.070,111.200,110.850
2018/09/02,Sun,,,,
2018/09/01,Sat,,,,
2018/08/31,Fri,110.990,111.020,111.150,110.680
2018/08/30,Thu,111.690,110.960,111.760,110.950
2018/08/29,Wed,111.190,111.650,111.840,111.110
2018/08/28,Tue,111.090,111.180,111.370,110.950
2018/08/27,Mon,111.250,111.080,111.370,110.930
2018/08/26,Sun,,,,
2018/08/25,Sat,,,,
2018/08/24,Fri,111.290,111.220,111.490,111.100
2018/08/23,Thu,110.550,111.280,111.320,110.510
2018/08/22,Wed,110.300,110.540,110.620,110.030
2018/08/21,Tue,110.070,110.290,110.550,109.770
2018/08/20,Mon,110.520,110.060,110.700,110.020
2018/08/19,Sun,,,,
2018/08/18,Sat,,,,
2018/08/17,Fri,110.890,110.490,111.060,110.310
2018/08/16,Thu,110.750,110.880,111.120,110.460
2018/08/15,Wed,111.150,110.730,111.440,110.420
2018/08/14,Tue,110.700,111.140,111.320,110.590
2018/08/13,Mon,110.940,110.710,110.950,110.110
2018/08/12,Sun,,,,
2018/08/11,Sat,,,,
2018/08/10,Fri,111.090,110.920,111.180,110.500
2018/08/09,Thu,110.990,111.070,111.200,110.700
2018/08/08,Wed,111.390,110.970,111.450,110.830
2018/08/07,Tue,111.410,111.370,111.490,110.990
2018/08/06,Mon,111.200,111.400,111.540,111.150
2018/08/05,Sun,,,,
2018/08/04,Sat,,,,
2018/08/03,Fri,111.660,111.250,111.830,111.090
2018/08/02,Thu,111.720,111.650,111.760,111.330
2018/08/01,Wed,111.880,111.710,112.160,111.390
2018/07/31,Tue,111.050,111.860,111.970,110.780
2018/07/30,Mon,111.040,111.060,111.180,110.890
2018/07/29,Sun,,,,
2018/07/28,Sat,,,,
2018/07/27,Fri,111.230,111.030,111.260,110.790
2018/07/26,Thu,110.980,111.220,111.260,110.590
2018/07/25,Wed,111.210,110.970,111.390,110.660
2018/07/24,Tue,111.350,111.190,111.520,110.960
2018/07/23,Mon,111.510,111.330,111.560,110.750
2018/07/22,Sun,,,,
2018/07/21,Sat,,,,
2018/07/20,Fri,112.470,111.390,112.630,111.390
2018/07/19,Thu,112.860,112.450,113.170,112.070
2018/07/18,Wed,112.890,112.830,113.150,112.710
2018/07/17,Tue,112.290,112.850,112.940,112.220
2018/07/16,Mon,112.360,112.280,112.570,112.200
2018/07/15,Sun,,,,
2018/07/14,Sat,,,,
2018/07/13,Fri,112.570,112.360,112.810,112.270
2018/07/12,Thu,112.020,112.550,112.630,111.910
2018/07/11,Wed,111.000,112.000,112.180,110.760
2018/07/10,Tue,110.860,110.980,111.370,110.800
2018/07/09,Mon,110.510,110.840,110.910,110.310
2018/07/08,Sun,,,,
2018/07/07,Sat,,,,
2018/07/06,Fri,110.630,110.450,110.790,110.370
2018/07/05,Thu,110.480,110.610,110.730,110.290
2018/07/04,Wed,110.600,110.450,110.640,110.280
2018/07/03,Tue,110.900,110.580,111.140,110.500
2018/07/02,Mon,110.690,110.890,111.070,110.500
2018/07/01,Sun,,,,
2018/06/30,Sat,,,,
2018/06/29,Fri,110.490,110.660,110.950,110.380
2018/06/28,Thu,110.260,110.480,110.650,109.970
2018/06/27,Wed,110.070,110.250,110.500,109.680
2018/06/26,Tue,109.770,110.050,110.220,109.370
2018/06/25,Mon,109.910,109.760,110.040,109.370
2018/06/24,Sun,,,,
2018/06/23,Sat,,,,
2018/06/22,Fri,110.000,109.960,110.230,109.800
2018/06/21,Thu,110.360,109.980,110.760,109.830
2018/06/20,Wed,110.070,110.350,110.460,109.860
2018/06/19,Tue,110.550,110.040,110.590,109.550
2018/06/18,Mon,110.680,110.540,110.750,110.300
2018/06/17,Sun,,,,
2018/06/16,Sat,,,,
2018/06/15,Fri,110.630,110.660,110.920,110.380
2018/06/14,Thu,110.340,110.620,110.710,109.910
2018/06/13,Wed,110.380,110.320,110.850,110.260
2018/06/12,Tue,110.040,110.360,110.500,109.990
2018/06/11,Mon,109.480,110.020,110.120,109.220
2018/06/10,Sun,,,,
2018/06/09,Sat,,,,
2018/06/08,Fri,109.710,109.530,109.860,109.190
2018/06/07,Thu,110.190,109.690,110.230,109.490
2018/06/06,Wed,109.800,110.160,110.270,109.780
2018/06/05,Tue,109.820,109.780,110.020,109.470
2018/06/04,Mon,109.510,109.800,109.860,109.370
2018/06/03,Sun,,,,
2018/06/02,Sat,,,,
2018/06/01,Fri,108.820,109.530,109.750,108.720
2018/05/31,Thu,108.910,108.810,109.010,108.390
2018/05/30,Wed,108.770,108.900,109.090,108.350
2018/05/29,Tue,109.420,108.750,109.480,108.110
2018/05/28,Mon,109.570,109.410,109.840,109.230
2018/05/27,Sun,,,,
2018/05/26,Sat,,,,
2018/05/25,Fri,109.260,109.380,109.750,109.120
2018/05/24,Thu,110.090,109.240,110.120,108.950
2018/05/23,Wed,110.910,110.070,110.940,109.550
2018/05/22,Tue,111.050,110.880,111.200,110.790
2018/05/21,Mon,110.730,111.040,111.400,110.730
2018/05/20,Sun,,,,
2018/05/19,Sat,,,,
2018/05/18,Fri,110.780,110.740,111.090,110.600
2018/05/17,Thu,110.400,110.760,110.870,110.070
2018/05/16,Wed,110.350,110.380,110.410,110.030
2018/05/15,Tue,109.660,110.340,110.460,109.650
2018/05/14,Mon,109.400,109.650,109.680,109.210
2018/05/13,Sun,,,,
2018/05/12,Sat,,,,
2018/05/11,Fri,109.410,109.380,109.570,109.150
2018/05/10,Thu,109.750,109.380,110.030,109.310
2018/05/09,Wed,109.120,109.740,109.850,108.990
2018/05/08,Tue,109.090,109.110,109.360,108.830
2018/05/07,Mon,109.130,109.080,109.400,108.750
2018/05/06,Sun,,,,
2018/05/05,Sat,,,,
2018/05/04,Fri,109.200,109.110,109.290,108.640
2018/05/03,Thu,109.840,109.180,109.890,108.930
2018/05/02,Wed,109.860,109.830,110.040,109.590
2018/05/01,Tue,109.350,109.850,109.900,109.240
2018/04/30,Mon,109.020,109.330,109.460,109.020
2018/04/29,Sun,,,,
2018/04/28,Sat,,,,
2018/04/27,Fri,109.310,109.030,109.540,108.960
2018/04/26,Thu,109.420,109.290,109.480,109.060
2018/04/25,Wed,108.820,109.410,109.460,108.790
2018/04/24,Tue,108.710,108.810,109.210,108.540
2018/04/23,Mon,107.640,108.700,108.760,107.640
2018/04/22,Sun,,,,
2018/04/21,Sat,,,,
2018/04/20,Fri,107.380,107.650,107.870,107.350
2018/04/19,Thu,107.240,107.360,107.530,107.170
2018/04/18,Wed,107.000,107.230,107.400,107.000
2018/04/17,Tue,107.120,106.990,107.220,106.870
2018/04/16,Mon,107.380,107.100,107.630,107.030
2018/04/15,Sun,,,,
2018/04/14,Sat,,,,
2018/04/13,Fri,107.340,107.330,107.790,107.190
2018/04/12,Thu,106.790,107.320,107.430,106.700
2018/04/11,Wed,107.200,106.780,107.260,106.640
2018/04/10,Tue,106.810,107.190,107.410,106.610
2018/04/09,Mon,106.930,106.750,107.210,106.610
2018/04/08,Sun,,,,
2018/04/07,Sat,,,,
2018/04/06,Fri,107.390,106.910,107.470,106.770
2018/04/05,Thu,106.780,107.370,107.500,106.710
2018/04/04,Wed,106.610,106.770,106.850,105.990
2018/04/03,Tue,105.900,106.590,106.660,105.690
2018/04/02,Mon,106.260,105.880,106.460,105.660
2018/04/01,Sun,,,,
2018/03/31,Sat,,,,
2018/03/30,Fri,106.430,106.260,106.550,106.110
2018/03/29,Thu,106.860,106.420,106.940,106.260
2018/03/28,Wed,105.350,106.850,107.020,105.320
2018/03/27,Tue,105.410,105.330,105.910,105.320
2018/03/26,Mon,104.740,105.400,105.490,104.560
2018/03/25,Sun,,,,
2018/03/24,Sat,,,,
2018/03/23,Fri,105.290,104.720,105.360,104.640
2018/03/22,Thu,106.050,105.260,106.100,105.250
2018/03/21,Wed,106.530,106.040,106.650,105.880
2018/03/20,Tue,106.090,106.530,106.610,105.920
2018/03/19,Mon,105.960,106.080,106.320,105.670
2018/03/18,Sun,,,,
2018/03/17,Sat,,,,
2018/03/16,Fri,106.350,106.000,106.400,105.600
2018/03/15,Thu,106.330,106.330,106.430,105.780
2018/03/14,Wed,106.580,106.320,106.760,106.060
2018/03/13,Tue,106.420,106.560,107.310,106.250
2018/03/12,Mon,106.820,106.410,106.980,106.320
2018/03/11,Sun,,,,
2018/03/10,Sat,,,,
2018/03/09,Fri,106.240,106.770,107.060,106.160
2018/03/08,Thu,106.080,106.200,106.320,105.890
2018/03/07,Wed,106.130,106.060,106.230,105.450
2018/03/06,Tue,106.210,106.110,106.470,105.850
2018/03/05,Mon,105.700,106.190,106.240,105.350
2018/03/04,Sun,,,,
2018/03/03,Sat,,,,
2018/03/02,Fri,106.230,105.730,106.310,105.250
2018/03/01,Thu,106.680,106.230,107.210,106.160
2018/02/28,Wed,107.340,106.670,107.540,106.560
2018/02/27,Tue,106.940,107.310,107.690,106.780
2018/02/26,Mon,106.900,106.920,107.300,106.370
2018/02/25,Sun,,,,
2018/02/24,Sat,,,,
2018/02/23,Fri,106.760,106.880,107.140,106.500
2018/02/22,Thu,107.780,106.740,107.810,106.590
2018/02/21,Wed,107.330,107.760,107.920,107.270
2018/02/20,Tue,106.600,107.310,107.380,106.560
2018/02/19,Mon,106.340,106.590,106.730,106.090
2018/02/18,Sun,,,,
2018/02/17,Sat,,,,
2018/02/16,Fri,106.140,106.300,106.400,105.540
2018/02/15,Thu,107.010,106.110,107.040,106.030
2018/02/14,Wed,107.830,107.000,107.900,106.720
2018/02/13,Tue,108.660,107.820,108.790,107.400
2018/02/12,Mon,108.810,108.640,108.960,108.440
2018/02/11,Sun,,,,
2018/02/10,Sat,,,,
2018/02/09,Fri,108.740,108.780,109.320,108.040
2018/02/08,Thu,109.330,108.740,109.790,108.580
2018/02/07,Wed,109.560,109.310,109.730,108.920
2018/02/06,Tue,109.090,109.550,109.660,108.450
2018/02/05,Mon,110.120,109.090,110.300,108.990
2018/02/04,Sun,,,,
2018/02/03,Sat,,,,
2018/02/02,Fri,109.410,110.090,110.490,109.280
2018/02/01,Thu,109.200,109.390,109.760,109.090
2018/01/31,Wed,108.770,109.170,109.450,108.590
2018/01/30,Tue,108.960,108.760,109.210,108.410
2018/01/29,Mon,108.700,108.950,109.210,108.510
2018/01/28,Sun,,,,
2018/01/27,Sat,,,,
2018/01/26,Fri,109.420,108.700,109.780,108.280
2018/01/25,Thu,109.220,109.390,109.710,108.500
2018/01/24,Wed,110.310,109.210,110.350,108.960
2018/01/23,Tue,110.920,110.290,111.190,110.250
2018/01/22,Mon,110.620,110.910,111.230,110.530
2018/01/21,Sun,,,,
2018/01/20,Sat,,,,
2018/01/19,Fri,111.110,110.760,111.140,110.490
2018/01/18,Thu,111.290,111.090,111.490,110.690
2018/01/17,Wed,110.460,111.280,111.350,110.190
2018/01/16,Tue,110.540,110.440,110.990,110.240
2018/01/15,Mon,111.070,110.520,111.190,110.320
2018/01/14,Sun,,,,
2018/01/13,Sat,,,,
2018/01/12,Fri,111.270,111.030,111.710,110.910
2018/01/11,Thu,111.440,111.240,111.880,111.040
2018/01/10,Wed,112.660,111.420,112.790,111.280
2018/01/09,Tue,113.100,112.640,113.200,112.360
2018/01/08,Mon,113.070,113.080,113.390,112.880
2018/01/07,Sun,,,,
2018/01/06,Sat,,,,
2018/01/05,Fri,112.750,113.060,113.320,112.720
2018/01/04,Thu,112.510,112.740,112.870,112.470
2018/01/03,Wed,112.300,112.490,112.620,112.170
2018/01/02,Tue,112.670,112.280,112.800,112.050
2018/01/01,Mon,112.670,112.640,112.700,112.650
2017/12/31,Sun,,,,
2017/12/30,Sat,,,,
2017/12/29,Fri,112.880,112.670,112.980,112.470
2017/12/28,Thu,113.370,112.870,113.370,112.660
2017/12/27,Wed,113.240,113.340,113.380,113.140
2017/12/26,Tue,113.280,113.220,113.370,113.120
2017/12/25,Mon,113.320,113.250,113.370,113.220
2017/12/24,Sun,,,,
2017/12/23,Sat,,,,
2017/12/22,Fri,113.330,113.260,113.460,113.250
2017/12/21,Thu,113.420,113.320,113.640,113.200
2017/12/20,Wed,112.890,113.380,113.480,112.840
2017/12/19,Tue,112.550,112.880,113.090,112.510
2017/12/18,Mon,112.640,112.530,112.840,112.310
2017/12/17,Sun,,,,
2017/12/16,Sat,,,,
2017/12/15,Fri,112.390,112.570,112.760,112.030
2017/12/14,Thu,112.540,112.380,112.890,112.060
2017/12/13,Wed,113.550,112.530,113.590,112.470
2017/12/12,Tue,113.580,113.530,113.760,113.370
2017/12/11,Mon,113.490,113.550,113.700,113.240
2017/12/10,Sun,,,,
2017/12/09,Sat,,,,
2017/12/08,Fri,113.090,113.480,113.600,113.080
2017/12/07,Thu,112.290,113.080,113.160,112.220
2017/12/06,Wed,112.600,112.280,112.670,111.990
2017/12/05,Tue,112.410,112.580,112.870,112.370
2017/12/04,Mon,112.410,112.400,113.100,112.360
2017/12/03,Sun,,,,
2017/12/02,Sat,,,,
2017/12/01,Fri,112.540,112.100,112.880,111.420
2017/11/30,Thu,111.920,112.520,112.650,111.730
2017/11/29,Wed,111.490,111.920,112.160,111.370
2017/11/28,Tue,111.100,111.470,111.650,110.930
2017/11/27,Mon,111.420,111.090,111.700,110.840
2017/11/26,Sun,,,,
2017/11/25,Sat,,,,
2017/11/24,Fri,111.220,111.530,111.630,111.190
2017/11/23,Thu,111.220,111.210,111.390,111.060
2017/11/22,Wed,112.460,111.200,112.510,111.140
2017/11/21,Tue,112.630,112.430,112.710,112.170
2017/11/20,Mon,112.100,112.620,112.730,111.890
2017/11/19,Sun,,,,
2017/11/18,Sat,,,,
2017/11/17,Fri,113.050,112.070,113.150,111.940
2017/11/16,Thu,112.880,113.050,113.340,112.740
2017/11/15,Wed,113.460,112.860,113.510,112.480
2017/11/14,Tue,113.630,113.440,113.920,113.300
2017/11/13,Mon,113.520,113.610,113.730,113.240
2017/11/12,Sun,,,,
2017/11/11,Sat,,,,
2017/11/10,Fri,113.480,113.530,113.650,113.220
2017/11/09,Thu,113.860,113.460,114.080,113.090
2017/11/08,Wed,114.000,113.860,114.050,113.390
2017/11/07,Tue,113.710,114.000,114.350,113.700
2017/11/06,Mon,113.970,113.680,114.740,113.690
2017/11/05,Sun,,,,
2017/11/04,Sat,,,,
2017/11/03,Fri,114.090,114.060,114.440,113.650
2017/11/02,Thu,114.180,114.080,114.230,113.540
2017/11/01,Wed,113.640,114.150,114.290,113.600
2017/10/31,Tue,113.180,113.620,113.740,112.960
2017/10/30,Mon,113.740,113.170,113.840,113.030
2017/10/29,Sun,,,,
2017/10/28,Sat,,,,
2017/10/27,Fri,113.990,113.670,114.450,113.640
2017/10/26,Thu,113.750,113.970,114.090,113.340
2017/10/25,Wed,113.920,113.730,114.260,113.480
2017/10/24,Tue,113.440,113.890,114.010,113.260
2017/10/23,Mon,113.690,113.420,114.110,113.240
2017/10/22,Sun,,,,
2017/10/21,Sat,,,,
2017/10/20,Fri,112.540,113.500,113.580,112.510
2017/10/19,Thu,112.940,112.530,113.150,112.310
2017/10/18,Wed,112.210,112.920,113.060,112.140
2017/10/17,Tue,112.200,112.190,112.480,112.030
2017/10/16,Mon,111.930,112.180,112.290,111.650
2017/10/15,Sun,,,,
2017/10/14,Sat,,,,
2017/10/13,Fri,112.290,111.840,112.340,111.690
2017/10/12,Thu,112.510,112.270,112.540,112.120
2017/10/11,Wed,112.460,112.480,112.590,112.070
2017/10/10,Tue,112.680,112.440,112.840,111.990
2017/10/09,Mon,112.700,112.660,112.760,112.330
2017/10/08,Sun,,,,
2017/10/07,Sat,,,,
2017/10/06,Fri,112.820,112.630,113.450,112.600
2017/10/05,Thu,112.760,112.810,112.930,112.410
2017/10/04,Wed,112.850,112.740,112.950,112.320
2017/10/03,Tue,112.750,112.840,113.210,112.650
2017/10/02,Mon,112.560,112.750,113.070,112.460
2017/10/01,Sun,,,,
2017/09/30,Sat,,,,
2017/09/29,Fri,112.350,112.470,112.740,112.210
2017/09/28,Thu,112.860,112.330,113.210,112.250
2017/09/27,Wed,112.250,112.810,113.260,112.210
2017/09/26,Tue,111.740,112.220,112.480,111.490
2017/09/25,Mon,111.990,111.720,112.530,111.470
2017/09/24,Sun,,,,
2017/09/23,Sat,,,,
2017/09/22,Fri,112.480,111.970,112.560,111.650
2017/09/21,Thu,112.220,112.460,112.730,112.130
2017/09/20,Wed,111.590,112.210,112.540,111.120
2017/09/19,Tue,111.570,111.580,111.880,111.200
2017/09/18,Mon,110.890,111.560,111.680,110.890
2017/09/17,Sun,,,,
2017/09/16,Sat,,,,
2017/09/15,Fri,110.240,110.840,111.340,109.560
2017/09/14,Thu,110.490,110.220,111.040,110.070
2017/09/13,Wed,110.190,110.470,110.700,109.910
2017/09/12,Tue,109.420,110.160,110.260,109.240
2017/09/11,Mon,108.210,109.390,109.510,108.140
2017/09/10,Sun,,,,
2017/09/09,Sat,,,,
2017/09/08,Fri,108.460,107.830,108.500,107.320
2017/09/07,Thu,109.240,108.440,109.290,108.060
2017/09/06,Wed,108.810,109.220,109.400,108.460
2017/09/05,Tue,109.740,108.800,109.840,108.630
2017/09/04,Mon,109.400,109.720,109.930,109.310
2017/09/03,Sun,,,,
2017/09/02,Sat,,,,
2017/09/01,Fri,109.980,110.250,110.430,109.560
2017/08/31,Thu,110.250,109.960,110.680,109.880
2017/08/30,Wed,109.760,110.220,110.450,109.530
2017/08/29,Tue,109.270,109.740,109.910,108.270
2017/08/28,Mon,109.260,109.240,109.430,109.020
2017/08/27,Sun,,,,
2017/08/26,Sat,,,,
2017/08/25,Fri,109.560,109.340,109.860,109.110
2017/08/24,Thu,109.050,109.540,109.620,108.840
2017/08/23,Wed,109.570,109.020,109.830,108.920
2017/08/22,Tue,108.980,109.560,109.660,108.870
2017/08/21,Mon,109.350,108.970,109.440,108.630
2017/08/20,Sun,,,,
2017/08/19,Sat,,,,
2017/08/18,Fri,109.570,109.170,109.610,108.600
2017/08/17,Thu,110.200,109.560,110.380,109.440
2017/08/16,Wed,110.670,110.180,110.960,110.020
2017/08/15,Tue,109.640,110.660,110.860,109.600
2017/08/14,Mon,109.060,109.620,109.810,109.020
2017/08/13,Sun,,,,
2017/08/12,Sat,,,,
2017/08/11,Fri,109.210,109.150,109.410,108.740
2017/08/10,Thu,110.080,109.200,110.190,109.150
2017/08/09,Wed,110.310,110.060,110.390,109.550
2017/08/08,Tue,110.750,110.300,110.840,110.240
2017/08/07,Mon,110.630,110.730,110.930,110.620
2017/08/06,Sun,,,,
2017/08/05,Sat,,,,
2017/08/04,Fri,110.040,110.670,111.060,109.840
2017/08/03,Thu,110.720,110.020,110.840,109.860
2017/08/02,Wed,110.370,110.720,111.000,110.280
2017/08/01,Tue,110.260,110.350,110.600,109.930
2017/07/31,Mon,110.650,110.250,110.790,110.200
2017/07/30,Sun,,,,
2017/07/29,Sat,,,,
2017/07/28,Fri,111.280,110.650,111.350,110.550
2017/07/27,Thu,111.170,111.220,111.720,110.770
2017/07/26,Wed,111.890,111.150,112.200,111.060
2017/07/25,Tue,111.100,111.880,111.970,110.820
2017/07/24,Mon,111.070,111.090,111.320,110.620
2017/07/23,Sun,,,,
2017/07/22,Sat,,,,
2017/07/21,Fri,111.920,111.100,112.090,111.000
2017/07/20,Thu,111.980,111.890,112.430,111.480
2017/07/19,Wed,112.090,111.950,112.240,111.550
2017/07/18,Tue,112.630,112.060,112.720,111.680
2017/07/17,Mon,112.520,112.620,112.880,112.320
2017/07/16,Sun,,,,
2017/07/15,Sat,,,,
2017/07/14,Fri,113.280,112.500,113.590,112.260
2017/07/13,Thu,113.170,113.270,113.540,112.860
2017/07/12,Wed,113.940,113.130,113.980,112.920
2017/07/11,Tue,114.050,113.920,114.510,113.720
2017/07/10,Mon,113.980,114.030,114.310,113.860
2017/07/09,Sun,,,,
2017/07/08,Sat,,,,
2017/07/07,Fri,113.210,113.880,114.190,113.090
2017/07/06,Thu,113.270,113.200,113.480,112.890
2017/07/05,Wed,113.290,113.250,113.700,112.820
2017/07/04,Tue,113.390,113.260,113.480,112.730
2017/07/03,Mon,112.140,113.370,113.490,111.940
2017/07/02,Sun,,,,
2017/07/01,Sat,,,,
2017/06/30,Fri,112.190,112.350,112.610,111.730
2017/06/29,Thu,112.310,112.160,112.940,111.810
2017/06/28,Wed,112.360,112.280,112.430,111.830
2017/06/27,Tue,111.870,112.340,112.480,111.460
2017/06/26,Mon,111.130,111.830,111.950,111.130
2017/06/25,Sun,,,,
2017/06/24,Sat,,,,
2017/06/23,Fri,111.340,111.260,111.440,111.150
2017/06/22,Thu,111.380,111.320,111.460,110.940
2017/06/21,Wed,111.460,111.370,111.740,111.060
2017/06/20,Tue,111.510,111.420,111.800,111.300
2017/06/19,Mon,110.840,111.510,111.620,110.750
2017/06/18,Sun,,,,
2017/06/17,Sat,,,,
2017/06/16,Fri,110.920,110.840,111.430,110.640
2017/06/15,Thu,109.560,110.910,110.990,109.270
2017/06/14,Wed,110.070,109.560,110.360,108.830
2017/06/13,Tue,109.950,110.050,110.280,109.820
2017/06/12,Mon,110.380,109.920,110.450,109.620
2017/06/11,Sun,,,,
2017/06/10,Sat,,,,
2017/06/09,Fri,110.010,110.330,110.820,109.750
2017/06/08,Thu,109.820,109.970,110.400,109.380
2017/06/07,Wed,109.430,109.790,109.900,109.110
2017/06/06,Tue,110.460,109.400,110.530,109.220
2017/06/05,Mon,110.370,110.450,110.740,110.250
2017/06/04,Sun,,,,
2017/06/03,Sat,,,,
2017/06/02,Fri,111.350,110.400,111.730,110.320
2017/06/01,Thu,110.770,111.340,111.490,110.690
2017/05/31,Wed,110.850,110.750,111.240,110.480
2017/05/30,Tue,111.260,110.820,111.340,110.660
2017/05/29,Mon,111.320,111.240,111.480,111.170
2017/05/28,Sun,,,,
2017/05/27,Sat,,,,
2017/05/26,Fri,111.840,111.310,111.880,110.870
2017/05/25,Thu,111.500,111.820,111.960,111.480
2017/05/24,Wed,111.780,111.490,112.130,111.470
2017/05/23,Tue,111.310,111.770,111.870,110.860
2017/05/22,Mon,111.320,111.270,111.620,110.890
2017/05/21,Sun,,,,
2017/05/20,Sat,,,,
2017/05/19,Fri,111.500,111.260,111.710,111.040
2017/05/18,Thu,110.830,111.470,111.740,110.230
2017/05/17,Wed,113.130,110.800,113.150,110.780
2017/05/16,Tue,113.790,113.110,113.820,112.920
2017/05/15,Mon,113.210,113.770,113.870,113.110
2017/05/14,Sun,,,,
2017/05/13,Sat,,,,
2017/05/12,Fri,113.860,113.330,113.970,113.190
2017/05/11,Thu,114.300,113.840,114.380,113.460
2017/05/10,Wed,113.990,114.270,114.370,113.630
2017/05/09,Tue,113.260,113.980,114.340,113.130
2017/05/08,Mon,113.000,113.240,113.310,112.380
2017/05/07,Sun,,,,
2017/05/06,Sat,,,,
2017/05/05,Fri,112.460,112.710,112.830,112.080
2017/05/04,Thu,112.760,112.450,113.060,112.310
2017/05/03,Wed,112.000,112.730,112.790,111.950
2017/05/02,Tue,111.840,111.960,112.320,111.770
2017/05/01,Mon,111.310,111.830,111.940,111.200
2017/04/30,Sun,,,,
2017/04/29,Sat,,,,
2017/04/28,Fri,111.260,111.530,111.730,111.060
2017/04/27,Thu,111.070,111.250,111.610,111.010
2017/04/26,Wed,111.100,111.030,111.790,110.870
2017/04/25,Tue,109.770,111.080,111.200,109.590
2017/04/24,Mon,110.260,109.750,110.640,109.650
2017/04/23,Sun,,,,
2017/04/22,Sat,,,,
2017/04/21,Fri,109.320,109.070,109.440,108.870
2017/04/20,Thu,108.870,109.310,109.500,108.710
2017/04/19,Wed,108.430,108.850,109.190,108.370
2017/04/18,Tue,108.910,108.400,109.230,108.310
2017/04/17,Mon,108.680,108.890,109.070,108.130
2017/04/16,Sun,,,,
2017/04/15,Sat,,,,
2017/04/14,Fri,109.080,108.610,109.240,108.540
2017/04/13,Thu,109.030,109.080,109.410,108.720
2017/04/12,Wed,109.620,109.000,109.880,108.950
2017/04/11,Tue,110.940,109.600,110.970,109.600
2017/04/10,Mon,111.120,110.930,111.590,110.800
2017/04/09,Sun,,,,
2017/04/08,Sat,,,,
2017/04/07,Fri,110.820,111.050,111.380,110.130
2017/04/06,Thu,110.710,110.800,111.150,110.290
2017/04/05,Wed,110.760,110.680,111.460,110.530
2017/04/04,Tue,110.900,110.720,110.960,110.260
2017/04/03,Mon,111.400,110.870,111.600,110.840
2017/04/02,Sun,,,,
2017/04/01,Sat,,,,
2017/03/31,Fri,111.920,111.380,112.210,111.230
2017/03/30,Thu,111.050,111.890,111.960,110.930
2017/03/29,Wed,111.150,111.030,111.330,110.710
2017/03/28,Tue,110.660,111.120,111.210,110.170
2017/03/27,Mon,111.230,110.650,111.290,110.110
2017/03/26,Sun,,,,
2017/03/25,Sat,,,,
2017/03/24,Fri,110.950,111.330,111.500,110.620
2017/03/23,Thu,111.170,110.930,111.590,110.620
2017/03/22,Wed,111.720,111.140,111.810,110.730
2017/03/21,Tue,112.550,111.710,112.880,111.560
2017/03/20,Mon,112.710,112.550,112.910,112.460
2017/03/19,Sun,,,,
2017/03/18,Sat,,,,
2017/03/17,Fri,113.310,112.700,113.510,112.560
2017/03/16,Thu,113.380,113.300,113.560,112.900
2017/03/15,Wed,114.740,113.350,114.900,113.170
2017/03/14,Tue,114.880,114.730,115.210,114.510
2017/03/13,Mon,114.820,114.870,114.930,114.480
2017/03/12,Sun,,,,
2017/03/11,Sat,,,,
2017/03/10,Fri,114.950,114.740,115.520,114.650
2017/03/09,Thu,114.360,114.910,115.010,114.310
2017/03/08,Wed,113.990,114.320,114.770,113.600
2017/03/07,Tue,113.900,113.960,114.160,113.720
2017/03/06,Mon,114.030,113.870,114.150,113.550
2017/03/05,Sun,,,,
2017/03/04,Sat,,,,
2017/03/03,Fri,114.410,113.990,114.760,113.820
2017/03/02,Thu,113.730,114.380,114.610,113.680
2017/03/01,Wed,112.780,113.710,114.060,112.730
2017/02/28,Tue,112.710,112.750,112.900,111.690
2017/02/27,Mon,112.100,112.670,112.850,111.910
2017/02/26,Sun,,,,
2017/02/25,Sat,,,,
2017/02/24,Fri,112.620,112.180,112.970,111.930
2017/02/23,Thu,113.310,112.570,113.470,112.540
2017/02/22,Wed,113.710,113.270,113.740,112.900
2017/02/21,Tue,113.100,113.670,113.790,113.080
2017/02/20,Mon,112.850,113.070,113.260,112.770
2017/02/19,Sun,,,,
2017/02/18,Sat,,,,
2017/02/17,Fri,113.250,112.850,113.520,112.600
2017/02/16,Thu,114.160,113.200,114.350,113.080
2017/02/15,Wed,114.250,114.150,114.970,113.850
2017/02/14,Tue,113.740,114.250,114.520,113.230
2017/02/13,Mon,113.330,113.730,114.190,113.280
2017/02/12,Sun,,,,
2017/02/11,Sat,,,,
2017/02/10,Fri,113.260,113.190,113.870,112.860
2017/02/09,Thu,111.940,113.220,113.370,111.730
2017/02/08,Wed,112.370,111.930,112.560,111.620
2017/02/07,Tue,111.740,112.370,112.600,111.590
2017/02/06,Mon,112.420,111.710,112.790,111.620
2017/02/05,Sun,,,,
2017/02/04,Sat,,,,
2017/02/03,Fri,112.790,112.700,113.460,112.300
2017/02/02,Thu,113.260,112.800,113.380,112.050
2017/02/01,Wed,112.810,113.230,113.970,112.640
2017/01/31,Tue,113.770,112.780,113.980,112.060
2017/01/30,Mon,115.100,113.760,115.150,113.450
2017/01/29,Sun,,,,
2017/01/28,Sat,,,,
2017/01/27,Fri,114.550,115.060,115.390,114.390
2017/01/26,Thu,113.290,114.520,114.870,113.040
2017/01/25,Wed,113.790,113.270,114.010,113.030
2017/01/24,Tue,112.700,113.780,113.910,112.520
2017/01/23,Mon,114.380,112.680,114.450,112.680
2017/01/22,Sun,,,,
2017/01/21,Sat,,,,
2017/01/20,Fri,114.870,114.600,115.400,114.210
2017/01/19,Thu,114.640,114.860,115.630,114.390
2017/01/18,Wed,112.630,114.650,114.770,112.570
2017/01/17,Tue,114.200,112.620,114.300,112.600
2017/01/16,Mon,114.560,114.180,114.560,113.670
2017/01/15,Sun,,,,
2017/01/14,Sat,,,,
2017/01/13,Fri,114.720,114.510,115.460,114.200
2017/01/12,Thu,115.420,114.700,115.530,113.750
2017/01/11,Wed,115.780,115.400,116.870,114.250
2017/01/10,Tue,116.040,115.760,116.360,115.200
2017/01/09,Mon,116.920,116.010,117.540,115.970
2017/01/08,Sun,,,,
2017/01/07,Sat,,,,
2017/01/06,Fri,115.360,116.910,117.200,115.060
2017/01/05,Thu,117.260,115.340,117.450,115.220
2017/01/04,Wed,117.760,117.240,118.200,117.040
2017/01/03,Tue,117.560,117.740,118.620,117.210
2017/01/02,Mon,117.000,117.510,117.690,116.740
2017/01/01,Sun,,,,
2016/12/31,Sat,,,,
2016/12/30,Fri,116.550,116.870,117.210,116.040
2016/12/29,Thu,117.260,116.530,117.270,116.210
2016/12/28,Wed,117.430,117.240,117.830,117.050
2016/12/27,Tue,117.090,117.390,117.640,117.060
2016/12/26,Mon,117.380,117.070,117.420,116.990
2016/12/25,Sun,,,,
2016/12/24,Sat,,,,
2016/12/23,Fri,117.540,117.310,117.670,117.160
2016/12/22,Thu,117.570,117.510,117.900,117.260
2016/12/21,Wed,117.850,117.540,118.090,117.090
2016/12/20,Tue,117.090,117.840,118.270,116.970
2016/12/19,Mon,117.900,117.070,118.030,116.540
2016/12/18,Sun,,,,
2016/12/17,Sat,,,,
2016/12/16,Fri,118.190,117.980,118.450,117.460
2016/12/15,Thu,117.040,118.160,118.680,116.980
2016/12/14,Wed,115.190,117.030,117.410,114.760
2016/12/13,Tue,115.040,115.160,115.500,114.730
2016/12/12,Mon,115.270,115.020,116.150,114.840
2016/12/11,Sun,,,,
2016/12/10,Sat,,,,
2016/12/09,Fri,114.030,115.360,115.400,113.990
2016/12/08,Thu,113.750,114.010,114.390,113.130
2016/12/07,Wed,114.020,113.750,114.420,113.400
2016/12/06,Tue,113.870,113.980,114.210,113.490
2016/12/05,Mon,113.540,113.820,114.790,112.870
2016/12/04,Sun,,,,
2016/12/03,Sat,,,,
2016/12/02,Fri,114.100,113.540,114.250,113.320
2016/12/01,Thu,114.450,114.080,114.850,113.820
2016/11/30,Wed,112.390,114.440,114.550,112.040
2016/11/29,Tue,111.940,112.360,113.350,111.600
2016/11/28,Mon,113.080,111.920,113.130,111.350
2016/11/27,Sun,,,,
2016/11/26,Sat,,,,
2016/11/25,Fri,113.350,113.060,113.920,112.550
2016/11/24,Thu,112.520,113.290,113.550,112.370
2016/11/23,Wed,111.140,112.500,112.990,110.840
2016/11/22,Tue,110.820,111.120,111.380,110.260
2016/11/21,Mon,110.920,110.790,111.380,110.440
2016/11/20,Sun,,,,
2016/11/19,Sat,,,,
2016/11/18,Fri,110.120,110.910,110.980,109.790
2016/11/17,Thu,109.060,110.080,110.200,108.540
2016/11/16,Wed,109.210,109.060,109.780,108.790
2016/11/15,Tue,108.420,109.150,109.350,107.760
2016/11/14,Mon,106.540,108.410,108.570,106.540
2016/11/13,Sun,,,,
2016/11/12,Sat,,,,
2016/11/11,Fri,106.830,106.670,106.960,106.020
2016/11/10,Thu,105.670,106.810,106.970,104.970
2016/11/09,Wed,105.160,105.650,105.910,101.180
2016/11/08,Tue,104.470,105.140,105.230,104.290
2016/11/07,Mon,103.150,104.450,104.650,103.100
2016/11/06,Sun,,,,
2016/11/05,Sat,,,,
2016/11/04,Fri,102.990,103.120,103.370,102.830
2016/11/03,Thu,103.310,102.970,103.460,102.550
2016/11/02,Wed,104.160,103.290,104.190,103.010
2016/11/01,Tue,104.830,104.120,105.130,103.800
2016/10/31,Mon,104.700,104.810,105.240,104.260
2016/10/30,Sun,,,,
2016/10/29,Sat,,,,
2016/10/28,Fri,105.290,104.690,105.550,104.480
2016/10/27,Thu,104.470,105.280,105.360,104.290
2016/10/26,Wed,104.230,104.460,104.630,104.010
2016/10/25,Tue,104.190,104.220,104.890,104.110
2016/10/24,Mon,103.860,104.170,104.330,103.710
2016/10/23,Sun,,,,
2016/10/22,Sat,,,,
2016/10/21,Fri,103.950,103.800,104.220,103.520
2016/10/20,Thu,103.450,103.940,104.120,103.340
2016/10/19,Wed,103.870,103.440,103.960,103.170
2016/10/18,Tue,103.900,103.850,104.220,103.670
2016/10/17,Mon,104.080,103.890,104.410,103.780
2016/10/16,Sun,,,,
2016/10/15,Sat,,,,
2016/10/14,Fri,103.720,104.180,104.490,103.600
2016/10/13,Thu,104.230,103.680,104.640,103.340
2016/10/12,Wed,103.510,104.180,104.500,103.270
2016/10/11,Tue,103.620,103.500,104.090,103.160
2016/10/10,Mon,103.130,103.580,103.800,102.800
2016/10/09,Sun,,,,
2016/10/08,Sat,,,,
2016/10/07,Fri,103.950,102.900,104.050,102.860
2016/10/06,Thu,103.510,103.930,104.170,103.340
2016/10/05,Wed,102.890,103.490,103.680,102.670
2016/10/04,Tue,101.650,102.880,102.980,101.560
2016/10/03,Mon,101.350,101.610,101.670,101.210
2016/10/02,Sun,,,,
2016/10/01,Sat,,,,
2016/09/30,Fri,101.040,101.330,101.780,100.740
2016/09/29,Thu,100.690,101.010,101.860,100.640
2016/09/28,Wed,100.440,100.650,100.830,100.250
2016/09/27,Tue,100.340,100.430,101.000,100.090
2016/09/26,Mon,101.040,100.320,101.130,100.240
2016/09/25,Sun,,,,
2016/09/24,Sat,,,,
2016/09/23,Fri,100.760,100.980,101.260,100.670
2016/09/22,Thu,100.340,100.730,100.940,100.090
2016/09/21,Wed,101.710,100.290,102.800,100.300
2016/09/20,Tue,101.950,101.690,102.080,101.540
2016/09/19,Mon,102.230,101.920,102.430,101.580
2016/09/18,Sun,,,,
2016/09/17,Sat,,,,
2016/09/16,Fri,102.100,102.280,102.480,101.740
2016/09/15,Thu,102.430,102.090,102.770,101.940
2016/09/14,Wed,102.560,102.400,103.370,102.240
2016/09/13,Tue,101.870,102.530,102.760,101.420
2016/09/12,Mon,102.700,101.840,102.810,101.560
2016/09/11,Sun,,,,
2016/09/10,Sat,,,,
2016/09/09,Fri,102.490,102.680,103.070,101.970
2016/09/08,Thu,101.750,102.480,102.610,101.410
2016/09/07,Wed,102.020,101.710,102.150,101.200
2016/09/06,Tue,103.430,101.980,103.810,101.930
2016/09/05,Mon,103.970,103.420,104.140,103.140
2016/09/04,Sun,,,,
2016/09/03,Sat,,,,
2016/09/02,Fri,103.250,103.970,104.330,102.800
2016/09/01,Thu,103.430,103.230,104.020,103.050
2016/08/31,Wed,102.970,103.420,103.550,102.860
2016/08/30,Tue,101.930,102.950,103.150,101.750
2016/08/29,Mon,101.840,101.900,102.410,101.830
2016/08/28,Sun,,,,
2016/08/27,Sat,,,,
2016/08/26,Fri,100.530,101.820,101.950,100.080
2016/08/25,Thu,100.450,100.510,100.630,100.290
2016/08/24,Wed,100.250,100.430,100.620,100.090
2016/08/23,Tue,100.340,100.230,100.410,99.930
2016/08/22,Mon,100.430,100.320,100.950,100.210
2016/08/21,Sun,,,,
2016/08/20,Sat,,,,
2016/08/19,Fri,99.900,100.200,100.460,99.860
2016/08/18,Thu,100.280,99.870,100.500,99.640
2016/08/17,Wed,100.320,100.240,101.170,100.040
2016/08/16,Tue,101.260,100.280,101.300,99.550
2016/08/15,Mon,101.230,101.240,101.470,100.870
2016/08/14,Sun,,,,
2016/08/13,Sat,,,,
2016/08/12,Fri,101.950,101.290,102.290,100.840
2016/08/11,Thu,101.290,101.950,102.070,101.020
2016/08/10,Wed,101.890,101.270,101.980,100.960
2016/08/09,Tue,102.460,101.890,102.540,101.780
2016/08/08,Mon,101.730,102.430,102.670,101.730
2016/08/07,Sun,,,,
2016/08/06,Sat,,,,
2016/08/05,Fri,101.230,101.800,102.070,100.860
2016/08/04,Thu,101.250,101.200,101.680,100.860
2016/08/03,Wed,100.900,101.220,101.580,100.740
2016/08/02,Tue,102.390,100.880,102.830,100.670
2016/08/01,Mon,102.070,102.380,102.690,102.000
2016/07/31,Sun,,,,
2016/07/30,Sat,,,,
2016/07/29,Fri,105.260,102.050,105.350,101.960
2016/07/28,Thu,105.400,105.240,105.520,104.520
2016/07/27,Wed,104.660,105.390,106.550,104.620
2016/07/26,Tue,105.810,104.640,105.900,103.990
2016/07/25,Mon,106.210,105.760,106.730,105.730
2016/07/24,Sun,,,,
2016/07/23,Sat,,,,
2016/07/22,Fri,105.820,106.060,106.400,105.570
2016/07/21,Thu,106.860,105.800,107.490,105.430
2016/07/20,Wed,106.130,106.820,107.030,105.830
2016/07/19,Tue,106.160,106.110,106.540,105.650
2016/07/18,Mon,105.260,106.150,106.270,105.060
2016/07/17,Sun,,,,
2016/07/16,Sat,,,,
2016/07/15,Fri,105.350,104.830,106.320,104.640
2016/07/14,Thu,104.500,105.320,105.950,104.000
2016/07/13,Wed,104.690,104.480,104.900,103.910
2016/07/12,Tue,102.810,104.690,105.000,102.440
2016/07/11,Mon,100.470,102.790,102.910,100.440
2016/07/10,Sun,,,,
2016/07/09,Sat,,,,
2016/07/08,Fri,100.780,100.530,101.260,100.040
2016/07/07,Thu,101.330,100.750,101.420,100.590
2016/07/06,Wed,101.740,101.310,101.780,100.200
2016/07/05,Tue,102.560,101.700,102.600,101.450
2016/07/04,Mon,102.530,102.550,102.820,102.430
2016/07/03,Sun,,,,
2016/07/02,Sat,,,,
2016/07/01,Fri,103.290,102.510,103.420,102.420
2016/06/30,Thu,102.820,103.250,103.320,102.350
2016/06/29,Wed,102.770,102.810,102.970,102.170
2016/06/28,Tue,102.000,102.740,102.870,101.550
2016/06/27,Mon,102.110,101.990,102.490,101.400
2016/06/26,Sun,,,,
2016/06/25,Sat,,,,
2016/06/24,Fri,106.160,102.190,106.830,99.100
2016/06/23,Thu,104.410,106.130,106.200,104.110
2016/06/22,Wed,104.750,104.390,104.860,104.310
2016/06/21,Tue,103.950,104.730,105.060,103.590
2016/06/20,Mon,104.350,103.920,104.860,103.780
2016/06/19,Sun,,,,
2016/06/18,Sat,,,,
2016/06/17,Fri,104.270,104.100,104.840,104.090
2016/06/16,Thu,106.020,104.240,106.040,103.600
2016/06/15,Wed,106.120,106.000,106.410,105.480
2016/06/14,Tue,106.270,106.100,106.430,105.620
2016/06/13,Mon,106.930,106.230,106.930,105.740
2016/06/12,Sun,,,,
2016/06/11,Sat,,,,
2016/06/10,Fri,107.090,106.960,107.270,106.550
2016/06/09,Thu,106.990,107.080,107.190,106.260
2016/06/08,Wed,107.360,106.970,107.400,106.580
2016/06/07,Tue,107.570,107.330,107.910,107.160
2016/06/06,Mon,106.450,107.550,107.670,106.370
2016/06/05,Sun,,,,
2016/06/04,Sat,,,,
2016/06/03,Fri,108.880,106.510,109.150,106.500
2016/06/02,Thu,109.540,108.850,109.600,108.510
2016/06/01,Wed,110.710,109.520,110.840,109.050
2016/05/31,Tue,111.120,110.680,111.360,110.500
2016/05/30,Mon,110.420,111.110,111.450,110.320
2016/05/29,Sun,,,,
2016/05/28,Sat,,,,
2016/05/27,Fri,109.770,110.220,110.470,109.470
2016/05/26,Thu,110.190,109.750,110.250,109.400
2016/05/25,Wed,110.000,110.180,110.470,109.860
2016/05/24,Tue,109.240,109.980,110.140,109.160
2016/05/23,Mon,110.110,109.220,110.250,109.100
2016/05/22,Sun,,,,
2016/05/21,Sat,,,,
2016/05/20,Fri,109.970,110.140,110.600,109.850
2016/05/19,Thu,110.200,109.950,110.400,109.700
2016/05/18,Wed,109.140,110.180,110.270,108.720
2016/05/17,Tue,109.030,109.120,109.660,108.840
2016/05/16,Mon,108.570,109.010,109.110,108.460
2016/05/15,Sun,,,,
2016/05/14,Sat,,,,
2016/05/13,Fri,109.020,108.600,109.500,108.510
2016/05/12,Thu,108.430,109.010,109.410,108.230
2016/05/11,Wed,109.270,108.410,109.390,108.360
2016/05/10,Tue,108.350,109.250,109.360,108.260
2016/05/09,Mon,107.120,108.310,108.620,107.030
2016/05/08,Sun,,,,
2016/05/07,Sat,,,,
2016/05/06,Fri,107.260,107.100,107.430,106.440
2016/05/05,Thu,107.010,107.240,107.510,106.800
2016/05/04,Wed,106.620,107.000,107.470,106.250
2016/05/03,Tue,106.410,106.590,106.690,105.540
2016/05/02,Mon,106.300,106.400,106.830,106.160
2016/05/01,Sun,,,,
2016/04/30,Sat,,,,
2016/04/29,Fri,108.110,106.350,108.210,106.280
2016/04/28,Thu,111.490,108.080,111.900,107.870
2016/04/27,Wed,111.310,111.450,111.770,111.020
2016/04/26,Tue,111.210,111.300,111.490,110.660
2016/04/25,Mon,111.570,111.190,111.920,110.840
2016/04/24,Sun,,,,
2016/04/23,Sat,,,,
2016/04/22,Fri,109.470,111.780,111.830,109.260
2016/04/21,Thu,109.880,109.440,109.910,109.310
2016/04/20,Wed,109.210,109.830,109.890,108.760
2016/04/19,Tue,108.820,109.170,109.510,108.750
2016/04/18,Mon,108.240,108.810,109.000,107.840
2016/04/17,Sun,,,,
2016/04/16,Sat,,,,
2016/04/15,Fri,109.400,108.730,109.750,108.600
2016/04/14,Thu,109.350,109.370,109.560,108.900
2016/04/13,Wed,108.550,109.330,109.410,108.500
2016/04/12,Tue,107.950,108.530,108.800,107.860
2016/04/11,Mon,108.070,107.930,108.450,107.630
2016/04/10,Sun,,,,
2016/04/09,Sat,,,,
2016/04/08,Fri,108.220,108.030,109.110,108.030
2016/04/07,Thu,109.800,108.200,109.880,107.690
2016/04/06,Wed,110.340,109.780,110.640,109.340
2016/04/05,Tue,111.340,110.310,111.360,109.960
2016/04/04,Mon,111.710,111.310,111.820,111.080
2016/04/03,Sun,,,,
2016/04/02,Sat,,,,
2016/04/01,Fri,112.570,111.650,112.600,111.580
2016/03/31,Thu,112.420,112.560,112.670,112.100
2016/03/30,Wed,112.700,112.420,112.820,112.010
2016/03/29,Tue,113.450,112.680,113.820,112.600
2016/03/28,Mon,113.100,113.430,113.710,113.050
2016/03/27,Sun,,,,
2016/03/26,Sat,,,,
2016/03/25,Fri,112.930,113.040,113.320,112.750
2016/03/24,Thu,112.390,112.890,113.020,112.290
2016/03/23,Wed,112.380,112.350,112.920,112.140
2016/03/22,Tue,111.960,112.360,112.500,111.380
2016/03/21,Mon,111.450,111.930,111.990,111.220
2016/03/20,Sun,,,,
2016/03/19,Sat,,,,
2016/03/18,Fri,111.400,111.550,111.770,110.820
2016/03/17,Thu,112.570,111.370,112.970,110.670
2016/03/16,Wed,113.160,112.570,113.830,112.330
2016/03/15,Tue,113.830,113.170,113.950,112.630
2016/03/14,Mon,113.850,113.810,114.020,113.500
2016/03/13,Sun,,,,
2016/03/12,Sat,,,,
2016/03/11,Fri,113.200,113.800,113.930,112.780
2016/03/10,Thu,113.360,113.180,114.460,112.620
2016/03/09,Wed,112.630,113.310,113.470,112.220
2016/03/08,Tue,113.470,112.610,113.530,112.430
2016/03/07,Mon,113.810,113.430,114.080,113.220
2016/03/06,Sun,,,,
2016/03/05,Sat,,,,
2016/03/04,Fri,113.690,113.750,114.280,113.160
2016/03/03,Thu,113.490,113.670,114.290,113.300
2016/03/02,Wed,114.020,113.450,114.570,113.210
2016/03/01,Tue,112.690,113.980,114.200,112.160
2016/02/29,Mon,113.860,112.660,114.000,112.640
2016/02/28,Sun,,,,
2016/02/27,Sat,,,,
2016/02/26,Fri,113.000,113.990,114.000,112.560
2016/02/25,Thu,112.180,112.980,113.040,111.890
2016/02/24,Wed,112.110,112.170,112.280,111.050
2016/02/23,Tue,112.900,112.100,113.070,111.770
2016/02/22,Mon,112.630,112.910,113.400,112.360
2016/02/21,Sun,,,,
2016/02/20,Sat,,,,
2016/02/19,Fri,113.250,112.540,113.390,112.300
2016/02/18,Thu,114.110,113.230,114.340,113.130
2016/02/17,Wed,114.070,114.080,114.510,113.370
2016/02/16,Tue,114.570,114.060,114.900,113.590
2016/02/15,Mon,113.230,114.570,114.740,113.070
2016/02/14,Sun,,,,
2016/02/13,Sat,,,,
2016/02/12,Fri,112.420,113.200,113.540,111.730
2016/02/11,Thu,113.340,112.410,113.600,111.000
2016/02/10,Wed,115.140,113.320,115.270,113.130
2016/02/09,Tue,115.850,115.100,115.870,114.240
2016/02/08,Mon,116.910,115.840,117.540,115.190
2016/02/07,Sun,,,,
2016/02/06,Sat,,,,
2016/02/05,Fri,116.790,116.890,117.430,116.440
2016/02/04,Thu,117.900,116.740,118.250,116.520
2016/02/03,Wed,119.970,117.880,120.060,117.050
2016/02/02,Tue,121.000,119.940,121.060,119.840
2016/02/01,Mon,121.120,120.970,121.490,120.680
2016/01/31,Sun,,,,
2016/01/30,Sat,,,,
2016/01/29,Fri,118.820,121.030,121.700,118.510
2016/01/28,Thu,118.690,118.810,119.010,118.410
2016/01/27,Wed,118.430,118.660,119.090,118.030
2016/01/26,Tue,118.310,118.410,118.630,117.650
2016/01/25,Mon,118.530,118.280,118.880,118.180
2016/01/24,Sun,,,,
2016/01/23,Sat,,,,
2016/01/22,Fri,117.720,118.770,118.890,117.540
2016/01/21,Thu,116.940,117.680,117.830,116.470
2016/01/20,Wed,117.630,116.910,117.690,115.980
2016/01/19,Tue,117.330,117.620,118.130,117.250
2016/01/18,Mon,116.910,117.310,117.460,116.570
2016/01/17,Sun,,,,
2016/01/16,Sat,,,,
2016/01/15,Fri,118.040,117.050,118.280,116.500
2016/01/14,Thu,117.690,118.040,118.290,117.290
2016/01/13,Wed,117.660,117.660,118.390,117.630
2016/01/12,Tue,117.760,117.620,118.070,117.220
2016/01/11,Mon,117.460,117.750,118.040,116.700
2016/01/10,Sun,,,,
2016/01/09,Sat,,,,
2016/01/08,Fri,117.670,117.440,118.770,117.440
2016/01/07,Thu,118.480,117.660,118.770,117.320
2016/01/06,Wed,119.070,118.460,119.180,118.240
2016/01/05,Tue,119.440,119.050,119.720,118.790
2016/01/04,Mon,120.300,119.420,120.470,118.700
2016/01/03,Sun,,,,
2016/01/02,Sat,,,,
2016/01/01,Fri,120.290,120.300,120.320,120.290
2015/12/31,Thu,120.520,120.300,120.600,120.000
2015/12/30,Wed,120.470,120.490,120.670,120.340
2015/12/29,Tue,120.410,120.460,120.520,120.220
2015/12/28,Mon,120.250,120.380,120.650,120.170
2015/12/27,Sun,,,,
2015/12/26,Sat,,,,
2015/12/25,Fri,120.480,120.400,120.480,120.040
2015/12/24,Thu,120.920,120.420,121.000,120.240
2015/12/23,Wed,121.080,120.910,121.140,120.800
2015/12/22,Tue,121.190,121.050,121.320,120.720
2015/12/21,Mon,121.240,121.150,121.530,120.850
2015/12/20,Sun,,,,
2015/12/19,Sat,,,,
2015/12/18,Fri,122.560,121.200,123.600,121.050
2015/12/17,Thu,122.210,122.550,122.890,122.190
2015/12/16,Wed,121.680,122.200,122.430,121.430
2015/12/15,Tue,121.040,121.650,121.810,120.570
2015/12/14,Mon,120.990,121.020,121.370,120.340
2015/12/13,Sun,,,,
2015/12/12,Sat,,,,
2015/12/11,Fri,121.600,120.860,122.240,120.580
2015/12/10,Thu,121.470,121.580,121.880,121.250
2015/12/09,Wed,122.940,121.420,123.070,121.070
2015/12/08,Tue,123.380,122.900,123.410,122.710
2015/12/07,Mon,123.230,123.370,123.490,123.140
2015/12/06,Sun,,,,
2015/12/05,Sat,,,,
2015/12/04,Fri,122.600,123.160,123.380,122.460
2015/12/03,Thu,123.250,122.590,123.570,122.290
2015/12/02,Wed,122.890,123.240,123.680,122.820
2015/12/01,Tue,123.100,122.850,123.290,122.640
2015/11/30,Mon,122.820,123.080,123.350,122.680
2015/11/29,Sun,,,,
2015/11/28,Sat,,,,
2015/11/27,Fri,122.620,122.820,122.890,122.300
2015/11/26,Thu,122.700,122.600,122.750,122.490
2015/11/25,Wed,122.530,122.700,122.950,122.250
2015/11/24,Tue,122.850,122.510,122.980,122.310
2015/11/23,Mon,122.790,122.820,123.270,122.750
2015/11/22,Sun,,,,
2015/11/21,Sat,,,,
2015/11/20,Fri,122.870,122.890,123.070,122.710
2015/11/19,Thu,123.640,122.850,123.650,122.620
2015/11/18,Wed,123.450,123.610,123.690,123.210
2015/11/17,Tue,123.180,123.430,123.500,123.170
2015/11/16,Mon,122.350,123.150,123.290,122.220
2015/11/15,Sun,,,,
2015/11/14,Sat,,,,
2015/11/13,Fri,122.610,122.620,123.000,122.450
2015/11/12,Thu,122.870,122.590,123.090,122.550
2015/11/11,Wed,123.180,122.820,123.240,122.750
2015/11/10,Tue,123.180,123.120,123.450,123.020
2015/11/09,Mon,123.170,123.170,123.610,122.970
2015/11/08,Sun,,,,
2015/11/07,Sat,,,,
2015/11/06,Fri,121.750,123.130,123.280,121.620
2015/11/05,Thu,121.580,121.740,122.020,121.380
2015/11/04,Wed,121.070,121.530,121.730,121.000
2015/11/03,Tue,120.750,121.050,121.240,120.590
2015/11/02,Mon,120.660,120.750,120.830,120.250
2015/11/01,Sun,,,,
2015/10/31,Sat,,,,
2015/10/30,Fri,121.130,120.610,121.480,120.280
2015/10/29,Thu,121.100,121.120,121.200,120.590
2015/10/28,Wed,120.460,121.060,121.270,120.250
2015/10/27,Tue,121.110,120.450,121.110,120.160
2015/10/26,Mon,121.440,121.070,121.530,120.610
2015/10/25,Sun,,,,
2015/10/24,Sat,,,,
2015/10/23,Fri,120.710,121.450,121.500,120.230
2015/10/22,Thu,119.930,120.660,120.780,119.610
2015/10/21,Wed,119.840,119.930,120.110,119.750
2015/10/20,Tue,119.500,119.820,119.980,119.400
2015/10/19,Mon,119.500,119.480,119.580,119.140
2015/10/18,Sun,,,,
2015/10/17,Sat,,,,
2015/10/16,Fri,118.900,119.420,119.680,118.820
2015/10/15,Thu,118.840,118.870,119.180,118.060
2015/10/14,Wed,119.750,118.820,119.820,118.640
2015/10/13,Tue,120.060,119.730,120.090,119.550
2015/10/12,Mon,120.270,120.020,120.280,119.880
2015/10/11,Sun,,,,
2015/10/10,Sat,,,,
2015/10/09,Fri,119.940,120.250,120.370,119.840
2015/10/08,Thu,120.020,119.910,120.130,119.620
2015/10/07,Wed,120.220,120.000,120.380,119.740
2015/10/06,Tue,120.480,120.230,120.590,120.100
2015/10/05,Mon,120.000,120.450,120.570,119.870
2015/10/04,Sun,,,,
2015/10/03,Sat,,,,
2015/10/02,Fri,119.940,119.890,120.420,118.680
2015/10/01,Thu,119.880,119.920,120.300,119.490
2015/09/30,Wed,119.740,119.840,120.370,119.560
2015/09/29,Tue,119.930,119.710,120.170,119.240
2015/09/28,Mon,120.550,119.910,120.600,119.690
2015/09/27,Sun,,,,
2015/09/26,Sat,,,,
2015/09/25,Fri,120.080,120.550,121.250,120.010
2015/09/24,Thu,120.280,120.060,120.400,119.220
2015/09/23,Wed,120.150,120.280,120.560,119.630
2015/09/22,Tue,120.580,120.120,120.630,119.690
2015/09/21,Mon,119.860,120.530,120.670,119.730
2015/09/20,Sun,,,,
2015/09/19,Sat,,,,
2015/09/18,Fri,120.020,119.980,120.290,119.050
2015/09/17,Thu,120.570,119.980,121.010,119.790
2015/09/16,Wed,120.420,120.550,120.740,120.100
2015/09/15,Tue,120.250,120.420,120.670,119.400
2015/09/14,Mon,120.570,120.220,120.850,119.850
2015/09/13,Sun,,,,
2015/09/12,Sat,,,,
2015/09/11,Fri,120.630,120.550,120.980,120.360
2015/09/10,Thu,120.520,120.590,121.330,119.970
2015/09/09,Wed,119.830,120.480,121.210,119.800
2015/09/08,Tue,119.280,119.780,120.230,118.850
2015/09/07,Mon,118.740,119.270,119.590,118.680
2015/09/06,Sun,,,,
2015/09/05,Sat,,,,
2015/09/04,Fri,120.070,118.990,120.200,118.770
2015/09/03,Thu,120.330,120.060,120.710,119.640
2015/09/02,Wed,119.390,120.320,120.470,119.220
2015/09/01,Tue,121.230,119.360,121.290,119.280
2015/08/31,Mon,121.680,121.220,121.760,120.880
2015/08/30,Sun,,,,
2015/08/29,Sat,,,,
2015/08/28,Fri,121.030,121.700,121.750,120.650
2015/08/27,Thu,119.920,121.030,121.410,119.790
2015/08/26,Wed,118.860,119.900,120.020,118.450
2015/08/25,Tue,118.410,118.860,120.410,118.250
2015/08/24,Mon,121.710,118.390,122.030,116.470
2015/08/23,Sun,,,,
2015/08/22,Sat,,,,
2015/08/21,Fri,123.410,122.010,123.510,121.820
2015/08/20,Thu,123.790,123.380,124.170,123.330
2015/08/19,Wed,124.410,123.780,124.490,123.690
2015/08/18,Tue,124.390,124.390,124.540,124.180
2015/08/17,Mon,124.410,124.380,124.590,124.210
2015/08/16,Sun,,,,
2015/08/15,Sat,,,,
2015/08/14,Fri,124.430,124.300,124.560,124.040
2015/08/13,Thu,124.210,124.410,124.640,124.070
2015/08/12,Wed,125.130,124.200,125.300,123.790
2015/08/11,Tue,124.630,125.100,125.220,124.510
2015/08/10,Mon,124.160,124.610,124.800,124.140
2015/08/09,Sun,,,,
2015/08/08,Sat,,,,
2015/08/07,Fri,124.760,124.210,125.070,124.100
2015/08/06,Thu,124.870,124.730,124.980,124.540
2015/08/05,Wed,124.390,124.880,125.030,124.010
2015/08/04,Tue,124.030,124.380,124.420,123.790
2015/08/03,Mon,124.030,124.010,124.290,123.850
2015/08/02,Sun,,,,
2015/08/01,Sat,,,,
2015/07/31,Fri,124.170,123.920,124.390,123.520
2015/07/30,Thu,123.940,124.140,124.600,123.870
2015/07/29,Wed,123.570,123.920,124.030,123.320
2015/07/28,Tue,123.270,123.550,123.820,123.060
2015/07/27,Mon,123.740,123.220,123.850,123.000
2015/07/26,Sun,,,,
2015/07/25,Sat,,,,
2015/07/24,Fri,123.930,123.790,124.110,123.590
2015/07/23,Thu,123.970,123.890,124.200,123.670
2015/07/22,Wed,123.880,123.940,124.170,123.560
2015/07/21,Tue,124.270,123.870,124.500,123.750
2015/07/20,Mon,124.090,124.250,124.400,123.980
2015/07/19,Sun,,,,
2015/07/18,Sat,,,,
2015/07/17,Fri,124.160,124.070,124.250,123.910
2015/07/16,Thu,123.770,124.140,124.200,123.730
2015/07/15,Wed,123.390,123.760,123.990,123.250
2015/07/14,Tue,123.440,123.350,123.740,122.920
2015/07/13,Mon,122.030,123.420,123.550,122.030
2015/07/12,Sun,,,,
2015/07/11,Sat,,,,
2015/07/10,Fri,121.340,122.740,122.900,121.270
2015/07/09,Thu,120.730,121.330,121.590,120.460
2015/07/08,Wed,122.540,120.700,122.590,120.400
2015/07/07,Tue,122.580,122.530,122.900,122.000
2015/07/06,Mon,122.070,122.550,122.940,121.740
2015/07/05,Sun,,,,
2015/07/04,Sat,,,,
2015/07/03,Fri,123.070,122.800,123.210,122.590
2015/07/02,Thu,123.170,123.040,123.740,122.960
2015/07/01,Wed,122.490,123.150,123.250,122.350
2015/06/30,Tue,122.540,122.490,122.740,121.940
2015/06/29,Mon,122.730,122.530,123.210,122.120
2015/06/28,Sun,,,,
2015/06/27,Sat,,,,
2015/06/26,Fri,123.620,123.850,124.000,123.220
2015/06/25,Thu,123.850,123.600,123.980,123.320
2015/06/24,Wed,123.940,123.840,124.390,123.710
2015/06/23,Tue,123.380,123.940,124.200,123.340
2015/06/22,Mon,122.840,123.360,123.440,122.560
2015/06/21,Sun,,,,
2015/06/20,Sat,,,,
2015/06/19,Fri,122.970,122.650,123.240,122.550
2015/06/18,Thu,123.430,122.950,123.620,122.470
2015/06/17,Wed,123.360,123.410,124.450,123.210
2015/06/16,Tue,123.420,123.340,123.790,123.290
2015/06/15,Mon,123.370,123.410,123.670,123.110
2015/06/14,Sun,,,,
2015/06/13,Sat,,,,
2015/06/12,Fri,123.420,123.370,123.840,123.130
2015/06/11,Thu,122.680,123.390,124.140,122.620
2015/06/10,Wed,124.340,122.650,124.640,122.450
2015/06/09,Tue,124.480,124.320,124.760,123.860
2015/06/08,Mon,125.600,124.470,125.690,124.300
2015/06/07,Sun,,,,
2015/06/06,Sat,,,,
2015/06/05,Fri,124.370,125.610,125.860,124.340
2015/06/04,Thu,124.260,124.360,124.700,123.780
2015/06/03,Wed,124.120,124.240,124.700,123.790
2015/06/02,Tue,124.780,124.080,125.060,123.750
2015/06/01,Mon,124.130,124.760,124.930,123.860
2015/05/31,Sun,,,,
2015/05/30,Sat,,,,
2015/05/29,Fri,123.960,124.110,124.200,123.600
2015/05/28,Thu,123.650,123.940,124.480,123.490
2015/05/27,Wed,123.070,123.650,124.080,122.780
2015/05/26,Tue,121.560,123.080,123.340,121.510
2015/05/25,Mon,121.510,121.550,121.790,121.440
2015/05/24,Sun,,,,
2015/05/23,Sat,,,,
2015/05/22,Fri,121.040,121.530,121.580,120.630
2015/05/21,Thu,121.340,121.020,121.400,120.840
2015/05/20,Wed,120.700,121.340,121.490,120.580
2015/05/19,Tue,119.990,120.690,120.750,119.820
2015/05/18,Mon,119.280,119.980,120.050,119.250
2015/05/17,Sun,,,,
2015/05/16,Sat,,,,
2015/05/15,Fri,119.170,119.270,119.950,119.150
2015/05/14,Thu,119.170,119.130,119.360,118.880
2015/05/13,Wed,119.880,119.140,119.990,119.030
2015/05/12,Tue,120.090,119.850,120.290,119.780
2015/05/11,Mon,119.680,120.070,120.160,119.450
2015/05/10,Sun,,,,
2015/05/09,Sat,,,,
2015/05/08,Fri,119.740,119.790,120.250,119.590
2015/05/07,Thu,119.470,119.730,119.880,119.050
2015/05/06,Wed,119.860,119.430,120.060,119.200
2015/05/05,Tue,120.140,119.820,120.530,119.730
2015/05/04,Mon,120.180,120.100,120.290,119.990
2015/05/03,Sun,,,,
2015/05/02,Sat,,,,
2015/05/01,Fri,119.380,120.160,120.310,119.360
2015/04/30,Thu,119.010,119.340,119.910,118.490
2015/04/29,Wed,118.850,119.020,119.380,118.600
2015/04/28,Tue,119.030,118.840,119.220,118.770
2015/04/27,Mon,119.010,119.030,119.450,118.770
2015/04/26,Sun,,,,
2015/04/25,Sat,,,,
2015/04/24,Fri,119.590,118.970,119.680,118.820
2015/04/23,Thu,119.930,119.560,120.110,119.420
2015/04/22,Wed,119.680,119.900,119.980,119.340
2015/04/21,Tue,119.180,119.660,119.850,119.160
2015/04/20,Mon,118.820,119.180,119.450,118.530
2015/04/19,Sun,,,,
2015/04/18,Sat,,,,
2015/04/17,Fri,119.020,118.900,119.280,118.560
2015/04/16,Thu,119.160,118.990,119.490,118.790
2015/04/15,Wed,119.400,119.130,119.760,118.780
2015/04/14,Tue,120.130,119.360,120.190,119.060
2015/04/13,Mon,120.220,120.100,120.860,119.750
2015/04/12,Sun,,,,
2015/04/11,Sat,,,,
2015/04/10,Fri,120.600,120.210,120.650,120.050
2015/04/09,Thu,120.140,120.570,120.750,119.850
2015/04/08,Wed,120.260,120.120,120.360,119.640
2015/04/07,Tue,119.540,120.260,120.460,119.430
2015/04/06,Mon,118.960,119.520,119.690,118.790
2015/04/05,Sun,,,,
2015/04/04,Sat,,,,
2015/04/03,Fri,119.720,118.960,119.800,118.710
2015/04/02,Thu,119.780,119.700,119.910,119.440
2015/04/01,Wed,120.130,119.750,120.340,119.420
2015/03/31,Tue,120.080,120.120,120.380,119.780
2015/03/30,Mon,119.150,120.060,120.240,119.110
2015/03/29,Sun,,,,
2015/03/28,Sat,,,,
2015/03/27,Fri,119.190,119.100,119.520,118.930
2015/03/26,Thu,119.490,119.180,119.590,118.320
2015/03/25,Wed,119.760,119.480,119.850,119.240
2015/03/24,Tue,119.730,119.720,120.000,119.220
2015/03/23,Mon,120.060,119.730,120.190,119.590
2015/03/22,Sun,,,,
2015/03/21,Sat,,,,
2015/03/20,Fri,120.800,120.030,121.210,119.900
2015/03/19,Thu,120.110,120.780,121.050,119.680
2015/03/18,Wed,121.370,120.090,121.430,119.400
2015/03/17,Tue,121.340,121.350,121.540,121.110
2015/03/16,Mon,121.400,121.320,121.500,121.090
2015/03/15,Sun,,,,
2015/03/14,Sat,,,,
2015/03/13,Fri,121.290,121.380,121.590,121.130
2015/03/12,Thu,121.450,121.280,121.690,120.680
2015/03/11,Wed,121.130,121.440,121.640,120.860
2015/03/10,Tue,121.160,121.130,122.040,120.920
2015/03/09,Mon,120.820,121.150,121.420,120.600
2015/03/08,Sun,,,,
2015/03/07,Sat,,,,
2015/03/06,Fri,120.140,120.830,121.300,119.900
2015/03/05,Thu,119.680,120.130,120.410,119.620
2015/03/04,Wed,119.730,119.650,119.840,119.460
2015/03/03,Tue,120.150,119.720,120.290,119.370
2015/03/02,Mon,119.650,120.120,120.210,119.600
2015/03/01,Sun,,,,
2015/02/28,Sat,,,,
2015/02/27,Fri,119.420,119.510,119.810,119.110
2015/02/26,Thu,118.870,119.410,119.520,118.670
2015/02/25,Wed,118.980,118.840,119.080,118.610
2015/02/24,Tue,118.820,118.970,119.850,118.760
2015/02/23,Mon,119.030,118.810,119.370,118.730
2015/02/22,Sun,,,,
2015/02/21,Sat,,,,
2015/02/20,Fri,118.950,119.010,119.200,118.290
2015/02/19,Thu,118.800,118.940,119.190,118.470
2015/02/18,Wed,119.260,118.780,119.430,118.540
2015/02/17,Tue,118.480,119.220,119.430,118.230
2015/02/16,Mon,118.770,118.460,118.880,118.180
2015/02/15,Sun,,,,
2015/02/14,Sat,,,,
2015/02/13,Fri,119.120,118.720,119.210,118.420
2015/02/12,Thu,120.460,119.100,120.480,118.510
2015/02/11,Wed,119.440,120.450,120.490,119.280
2015/02/10,Tue,118.640,119.410,119.630,118.390
2015/02/09,Mon,119.180,118.630,119.200,118.330
2015/02/08,Sun,,,,
2015/02/07,Sat,,,,
2015/02/06,Fri,117.540,118.960,119.240,117.180
2015/02/05,Thu,117.270,117.510,117.610,117.020
2015/02/04,Wed,117.570,117.260,118.010,117.070
2015/02/03,Tue,117.620,117.550,117.760,116.870
2015/02/02,Mon,117.480,117.580,117.880,116.670
2015/02/01,Sun,,,,
2015/01/31,Sat,,,,
2015/01/30,Fri,118.300,117.440,118.470,117.300
2015/01/29,Thu,117.560,118.260,118.500,117.380
2015/01/28,Wed,117.880,117.530,118.270,117.270
2015/01/27,Tue,118.460,117.850,118.670,117.340
2015/01/26,Mon,117.790,118.450,118.520,117.270
2015/01/25,Sun,,,,
2015/01/24,Sat,,,,
2015/01/23,Fri,118.500,117.740,118.830,117.540
2015/01/22,Thu,117.960,118.480,118.680,117.250
2015/01/21,Wed,118.820,117.930,118.860,117.180
2015/01/20,Tue,117.570,118.790,118.890,117.560
2015/01/19,Mon,117.630,117.550,117.800,116.930
2015/01/18,Sun,,,,
2015/01/17,Sat,,,,
2015/01/16,Fri,116.180,117.610,117.770,115.840
2015/01/15,Thu,117.340,116.160,117.960,116.150
2015/01/14,Wed,117.950,117.320,117.980,116.070
2015/01/13,Tue,118.340,117.920,118.860,117.540
2015/01/12,Mon,118.530,118.320,119.330,118.100
2015/01/11,Sun,,,,
2015/01/10,Sat,,,,
2015/01/09,Fri,119.690,118.500,119.890,118.420
2015/01/08,Thu,119.260,119.650,119.980,119.150
2015/01/07,Wed,118.410,119.250,119.660,118.380
2015/01/06,Tue,119.630,118.390,119.650,118.060
2015/01/05,Mon,120.490,119.630,120.660,119.390
2015/01/04,Sun,,,,
2015/01/03,Sat,,,,
2015/01/02,Fri,119.800,120.490,120.760,119.720
2015/01/01,Thu,119.700,119.770,119.870,119.660
2014/12/31,Wed,119.490,119.680,119.950,119.240
2014/12/30,Tue,120.680,119.460,120.710,118.860
2014/12/29,Mon,120.400,120.650,120.750,120.160
2014/12/28,Sun,,,,
2014/12/27,Sat,,,,
2014/12/26,Fri,120.100,120.390,120.480,120.100
2014/12/25,Thu,120.510,120.080,120.520,120.000
2014/12/24,Wed,120.710,120.480,120.780,120.270
2014/12/23,Tue,120.060,120.670,120.840,119.990
2014/12/22,Mon,119.400,120.050,120.100,119.310
2014/12/21,Sun,,,,
2014/12/20,Sat,,,,
2014/12/19,Fri,118.850,119.490,119.640,118.820
2014/12/18,Thu,118.650,118.820,119.320,118.250
2014/12/17,Wed,116.420,118.640,118.910,116.310
2014/12/16,Tue,117.820,116.390,118.020,115.570
2014/12/15,Mon,119.060,117.800,119.070,117.560
2014/12/14,Sun,,,,
2014/12/13,Sat,,,,
2014/12/12,Fri,118.650,118.770,119.210,118.050
2014/12/11,Thu,117.800,118.650,119.570,117.450
2014/12/10,Wed,119.700,117.810,119.940,117.730
2014/12/09,Tue,120.700,119.690,121.010,117.940
2014/12/08,Mon,121.470,120.670,121.860,120.200
2014/12/07,Sun,,,,
2014/12/06,Sat,,,,
2014/12/05,Fri,119.780,121.410,121.700,119.700
2014/12/04,Thu,119.800,119.780,120.260,119.340
2014/12/03,Wed,119.210,119.770,119.880,119.110
2014/12/02,Tue,118.400,119.190,119.300,118.220
2014/12/01,Mon,118.710,118.390,119.150,117.870
2014/11/30,Sun,,,,
2014/11/29,Sat,,,,
2014/11/28,Fri,117.710,118.610,118.790,117.700
2014/11/27,Thu,117.730,117.680,117.900,117.240
2014/11/26,Wed,117.990,117.720,118.000,117.430
2014/11/25,Tue,118.270,117.970,118.590,117.690
2014/11/24,Mon,117.780,118.260,118.500,117.570
2014/11/23,Sun,,,,
2014/11/22,Sat,,,,
2014/11/21,Fri,118.210,117.800,118.380,117.350
2014/11/20,Thu,117.970,118.200,118.980,117.740
2014/11/19,Wed,116.870,117.970,118.070,116.820
2014/11/18,Tue,116.650,116.860,117.050,116.350
2014/11/17,Mon,116.370,116.640,117.060,115.460
2014/11/16,Sun,,,,
2014/11/15,Sat,,,,
2014/11/14,Fri,115.780,116.270,116.840,115.730
2014/11/13,Thu,115.490,115.730,115.890,115.310
2014/11/12,Wed,115.790,115.470,116.020,114.900
2014/11/11,Tue,114.860,115.770,116.110,114.630
2014/11/10,Mon,114.480,114.850,114.930,113.860
2014/11/09,Sun,,,,
2014/11/08,Sat,,,,
2014/11/07,Fri,115.210,114.530,115.480,114.250
2014/11/06,Thu,114.650,115.200,115.510,114.130
2014/11/05,Wed,113.600,114.630,114.850,113.410
2014/11/04,Tue,114.050,113.580,114.060,113.170
2014/11/03,Mon,112.470,114.030,114.220,112.430
2014/11/02,Sun,,,,
2014/11/01,Sat,,,,
2014/10/31,Fri,109.220,112.300,112.480,109.170
2014/10/30,Thu,108.890,109.200,109.480,108.750
2014/10/29,Wed,108.160,108.880,108.980,107.940
2014/10/28,Tue,107.820,108.140,108.200,107.690
2014/10/27,Mon,108.150,107.810,108.380,107.600
2014/10/26,Sun,,,,
2014/10/25,Sat,,,,
2014/10/24,Fri,108.270,108.140,108.330,107.780
2014/10/23,Thu,107.140,108.250,108.370,107.100
2014/10/22,Wed,107.020,107.140,107.390,106.780
2014/10/21,Tue,106.950,106.970,107.030,106.240
2014/10/20,Mon,106.970,106.940,107.410,106.780
2014/10/19,Sun,,,,
2014/10/18,Sat,,,,
2014/10/17,Fri,106.320,106.870,106.960,106.130
2014/10/16,Thu,105.930,106.320,106.470,105.500
2014/10/15,Wed,107.060,105.900,107.520,105.200
2014/10/14,Tue,106.840,107.040,107.330,106.670
2014/10/13,Mon,107.610,106.830,107.640,106.780
2014/10/12,Sun,,,,
2014/10/11,Sat,,,,
2014/10/10,Fri,107.840,107.650,108.180,107.620
2014/10/09,Thu,108.080,107.830,108.330,107.520
2014/10/08,Wed,108.040,108.080,108.750,107.750
2014/10/07,Tue,108.790,108.020,109.250,107.820
2014/10/06,Mon,109.780,108.780,109.870,108.650
2014/10/05,Sun,,,,
2014/10/04,Sat,,,,
2014/10/03,Fri,108.430,109.750,109.920,108.350
2014/10/02,Thu,108.900,108.410,109.140,108.010
2014/10/01,Wed,109.650,108.870,110.100,108.860
2014/09/30,Tue,109.490,109.640,109.860,109.180
2014/09/29,Mon,109.190,109.460,109.760,109.130
2014/09/28,Sun,,,,
2014/09/27,Sat,,,,
2014/09/26,Fri,108.760,109.270,109.540,108.470
2014/09/25,Thu,109.040,108.740,109.380,108.510
2014/09/24,Wed,108.890,109.010,109.170,108.460
2014/09/23,Tue,108.840,108.880,109.010,108.250
2014/09/22,Mon,109.050,108.840,109.210,108.660
2014/09/21,Sun,,,,
2014/09/20,Sat,,,,
2014/09/19,Fri,108.670,109.010,109.470,108.590
2014/09/18,Thu,108.390,108.690,108.980,108.310
2014/09/17,Wed,107.150,108.370,108.400,107.090
2014/09/16,Tue,107.180,107.120,107.350,106.810
2014/09/15,Mon,107.260,107.160,107.380,107.010
2014/09/14,Sun,,,,
2014/09/13,Sat,,,,
2014/09/12,Fri,107.110,107.320,107.420,106.960
2014/09/11,Thu,106.860,107.100,107.210,106.640
2014/09/10,Wed,106.200,106.820,106.900,106.030
2014/09/09,Tue,106.030,106.180,106.490,105.940
2014/09/08,Mon,105.080,106.020,106.100,104.920
2014/09/07,Sun,,,,
2014/09/06,Sat,,,,
2014/09/05,Fri,105.260,105.080,105.720,104.680
2014/09/04,Thu,104.790,105.260,105.380,104.760
2014/09/03,Wed,105.100,104.790,105.320,104.740
2014/09/02,Tue,104.350,105.070,105.220,104.290
2014/09/01,Mon,104.060,104.350,104.370,104.050
2014/08/31,Sun,,,,
2014/08/30,Sat,,,,
2014/08/29,Fri,103.730,104.050,104.130,103.640
2014/08/28,Thu,103.880,103.700,103.940,103.550
2014/08/27,Wed,104.090,103.850,104.180,103.770
2014/08/26,Tue,104.060,104.050,104.190,103.740
2014/08/25,Mon,104.410,104.030,104.450,103.860
2014/08/24,Sun,,,,
2014/08/23,Sat,,,,
2014/08/22,Fri,103.860,103.920,104.200,103.500
2014/08/21,Thu,103.760,103.820,103.980,103.600
2014/08/20,Wed,102.920,103.730,103.860,102.880
2014/08/19,Tue,102.570,102.890,102.940,102.520
2014/08/18,Mon,102.230,102.560,102.610,102.170
2014/08/17,Sun,,,,
2014/08/16,Sat,,,,
2014/08/15,Fri,102.450,102.340,102.730,102.130
2014/08/14,Thu,102.450,102.430,102.680,102.300
2014/08/13,Wed,102.260,102.410,102.560,102.220
2014/08/12,Tue,102.200,102.250,102.380,102.080
2014/08/11,Mon,102.060,102.180,102.240,102.010
2014/08/10,Sun,,,,
2014/08/09,Sat,,,,
2014/08/08,Fri,102.100,102.040,102.170,101.510
2014/08/07,Thu,102.110,102.090,102.480,101.990
2014/08/06,Wed,102.600,102.090,102.660,101.780
2014/08/05,Tue,102.570,102.590,102.940,102.450
2014/08/04,Mon,102.570,102.580,102.750,102.400
2014/08/03,Sun,,,,
2014/08/02,Sat,,,,
2014/08/01,Fri,102.800,102.610,103.040,102.340
2014/07/31,Thu,102.800,102.790,103.020,102.710
2014/07/30,Wed,102.140,102.780,103.100,102.020
2014/07/29,Tue,101.850,102.110,102.170,101.810
2014/07/28,Mon,101.770,101.850,101.920,101.740
2014/07/27,Sun,,,,
2014/07/26,Sat,,,,
2014/07/25,Fri,101.820,101.820,101.950,101.700
2014/07/24,Thu,101.490,101.810,101.880,101.400
2014/07/23,Wed,101.470,101.470,101.560,101.310
2014/07/22,Tue,101.390,101.460,101.620,101.320
2014/07/21,Mon,101.390,101.390,101.410,101.180
2014/07/20,Sun,,,,
2014/07/19,Sat,,,,
2014/07/18,Fri,101.190,101.320,101.470,101.090
2014/07/17,Thu,101.670,101.150,101.710,101.140
2014/07/16,Wed,101.690,101.670,101.810,101.630
2014/07/15,Tue,101.550,101.680,101.760,101.440
2014/07/14,Mon,101.400,101.530,101.640,101.310
2014/07/13,Sun,,,,
2014/07/12,Sat,,,,
2014/07/11,Fri,101.350,101.360,101.410,101.210
2014/07/10,Thu,101.650,101.310,101.690,101.060
2014/07/09,Wed,101.580,101.620,101.870,101.440
2014/07/08,Tue,101.860,101.570,101.920,101.480
2014/07/07,Mon,102.040,101.820,102.220,101.780
2014/07/06,Sun,,,,
2014/07/05,Sat,,,,
2014/07/04,Fri,102.190,102.100,102.240,101.960
2014/07/03,Thu,101.770,102.180,102.280,101.750
2014/07/02,Wed,101.530,101.770,101.860,101.400
2014/07/01,Tue,101.340,101.520,101.610,101.280
2014/06/30,Mon,101.430,101.300,101.500,101.230
2014/06/29,Sun,,,,
2014/06/28,Sat,,,,
2014/06/27,Fri,101.740,101.360,101.750,101.310
2014/06/26,Thu,101.880,101.730,101.880,101.490
2014/06/25,Wed,101.990,101.860,101.990,101.620
2014/06/24,Tue,101.950,101.970,102.180,101.810
2014/06/23,Mon,102.100,101.930,102.160,101.800
2014/06/22,Sun,,,,
2014/06/21,Sat,,,,
2014/06/20,Fri,101.960,102.060,102.210,101.800
2014/06/19,Thu,101.930,101.910,102.020,101.730
2014/06/18,Wed,102.150,101.910,102.340,101.880
2014/06/17,Tue,101.840,102.140,102.260,101.810
2014/06/16,Mon,102.080,101.830,102.110,101.710
2014/06/15,Sun,,,,
2014/06/14,Sat,,,,
2014/06/13,Fri,101.730,102.050,102.150,101.650
2014/06/12,Thu,102.090,101.700,102.160,101.590
2014/06/11,Wed,102.350,102.060,102.410,101.860
2014/06/10,Tue,102.530,102.350,102.590,102.210
2014/06/09,Mon,102.500,102.520,102.660,102.370
2014/06/08,Sun,,,,
2014/06/07,Sat,,,,
2014/06/06,Fri,102.420,102.470,102.630,102.120
2014/06/05,Thu,102.760,102.380,102.780,102.330
2014/06/04,Wed,102.520,102.730,102.810,102.430
2014/06/03,Tue,102.390,102.480,102.570,102.260
2014/06/02,Mon,101.830,102.360,102.500,101.750
2014/06/01,Sun,,,,
2014/05/31,Sat,,,,
2014/05/30,Fri,101.790,101.780,101.860,101.500
2014/05/29,Thu,101.850,101.790,101.880,101.420
2014/05/28,Wed,101.990,101.830,102.050,101.640
2014/05/27,Tue,101.960,101.970,102.160,101.720
2014/05/26,Mon,101.950,101.940,102.060,101.830
2014/05/25,Sun,,,,
2014/05/24,Sat,,,,
2014/05/23,Fri,101.740,101.960,102.020,101.580
2014/05/22,Thu,101.350,101.720,101.830,101.340
2014/05/21,Wed,101.330,101.350,101.630,100.820
2014/05/20,Tue,101.530,101.310,101.620,101.180
2014/05/19,Mon,101.560,101.490,101.620,101.090
2014/05/18,Sun,,,,
2014/05/17,Sat,,,,
2014/05/16,Fri,101.570,101.490,101.690,101.350
2014/05/15,Thu,101.910,101.560,102.130,101.310
2014/05/14,Wed,102.260,101.870,102.300,101.720
2014/05/13,Tue,102.140,102.250,102.380,102.050
2014/05/12,Mon,101.790,102.110,102.200,101.770
2014/05/11,Sun,,,,
2014/05/10,Sat,,,,
2014/05/09,Fri,101.660,101.850,101.880,101.540
2014/05/08,Thu,101.920,101.650,101.980,101.460
2014/05/07,Wed,101.690,101.900,102.010,101.420
2014/05/06,Tue,102.150,101.670,102.200,101.490
2014/05/05,Mon,102.170,102.130,102.280,101.860
2014/05/04,Sun,,,,
2014/05/03,Sat,,,,
2014/05/02,Fri,102.330,102.180,103.040,102.130
2014/05/01,Thu,102.240,102.320,102.380,102.120
2014/04/30,Wed,102.640,102.240,102.680,102.030
2014/04/29,Tue,102.510,102.610,102.790,102.460
2014/04/28,Mon,102.180,102.480,102.630,102.040
2014/04/27,Sun,,,,
2014/04/26,Sat,,,,
2014/04/25,Fri,102.320,102.150,102.520,101.960
2014/04/24,Thu,102.550,102.300,102.660,102.090
2014/04/23,Wed,102.620,102.530,102.710,102.160
2014/04/22,Tue,102.620,102.600,102.740,102.400
2014/04/21,Mon,102.490,102.610,102.720,102.380
2014/04/20,Sun,,,,
2014/04/19,Sat,,,,
2014/04/18,Fri,102.400,102.390,102.590,102.360
2014/04/17,Thu,102.240,102.380,102.480,101.860
2014/04/16,Wed,101.940,102.220,102.380,101.790
2014/04/15,Tue,101.850,101.910,102.010,101.490
2014/04/14,Mon,101.660,101.820,102.020,101.410
2014/04/13,Sun,,,,
2014/04/12,Sat,,,,
2014/04/11,Fri,101.530,101.590,101.880,101.330
2014/04/10,Thu,101.990,101.500,102.160,101.330
2014/04/09,Wed,101.800,101.970,102.170,101.720
2014/04/08,Tue,103.110,101.790,103.140,101.540
2014/04/07,Mon,103.300,103.090,103.420,102.990
2014/04/06,Sun,,,,
2014/04/05,Sat,,,,
2014/04/04,Fri,103.930,103.280,104.140,103.190
2014/04/03,Thu,103.880,103.910,104.130,103.800
2014/04/02,Wed,103.660,103.850,103.950,103.580
2014/04/01,Tue,103.220,103.640,103.730,103.080
2014/03/31,Mon,102.820,103.190,103.450,102.770
2014/03/30,Sun,,,,
2014/03/29,Sat,,,,
2014/03/28,Fri,102.180,102.790,102.990,102.030
2014/03/27,Thu,102.080,102.160,102.450,101.730
2014/03/26,Wed,102.250,102.030,102.480,101.870
2014/03/25,Tue,102.250,102.260,102.500,102.100
2014/03/24,Mon,102.240,102.230,102.660,102.100
2014/03/23,Sun,,,,
2014/03/22,Sat,,,,
2014/03/21,Fri,102.410,102.230,102.470,102.010
2014/03/20,Thu,102.320,102.380,102.560,102.190
2014/03/19,Wed,101.440,102.330,102.700,101.290
2014/03/18,Tue,101.770,101.420,101.970,101.270
2014/03/17,Mon,101.330,101.760,101.890,101.240
2014/03/16,Sun,,,,
2014/03/15,Sat,,,,
2014/03/14,Fri,101.850,101.340,101.890,101.200
2014/03/13,Thu,102.760,101.830,102.880,101.540
2014/03/12,Wed,103.030,102.750,103.120,102.550
2014/03/11,Tue,103.270,103.000,103.440,102.850
2014/03/10,Mon,102.980,103.250,103.420,102.810
2014/03/09,Sun,,,,
2014/03/08,Sat,,,,
2014/03/07,Fri,103.070,103.250,103.770,102.830
2014/03/06,Thu,102.300,103.060,103.180,102.260
2014/03/05,Wed,102.220,102.300,102.570,102.100
2014/03/04,Tue,101.450,102.200,102.300,101.390
2014/03/03,Mon,101.550,101.430,101.670,101.190
2014/03/02,Sun,,,,
2014/03/01,Sat,,,,
2014/02/28,Fri,102.130,101.800,102.300,101.550
2014/02/27,Thu,102.380,102.110,102.460,101.720
2014/02/26,Wed,102.240,102.350,102.620,102.090
2014/02/25,Tue,102.530,102.220,102.640,102.000
2014/02/24,Mon,102.540,102.470,102.700,102.160
2014/02/23,Sun,,,,
2014/02/22,Sat,,,,
2014/02/21,Fri,102.290,102.520,102.840,102.260
2014/02/20,Thu,102.320,102.260,102.440,101.670
2014/02/19,Wed,102.360,102.310,102.480,101.850
2014/02/18,Tue,101.950,102.350,102.750,101.790
2014/02/17,Mon,101.810,101.920,102.000,101.390
2014/02/16,Sun,,,,
2014/02/15,Sat,,,,
2014/02/14,Fri,102.210,101.770,102.420,101.570
2014/02/13,Thu,102.530,102.150,102.590,101.690
2014/02/12,Wed,102.640,102.520,102.700,102.220
2014/02/11,Tue,102.260,102.630,102.720,102.070
2014/02/10,Mon,102.320,102.240,102.660,101.990
2014/02/09,Sun,,,,
2014/02/08,Sat,,,,
2014/02/07,Fri,102.100,102.330,102.590,101.430
2014/02/06,Thu,101.460,102.080,102.190,101.230
2014/02/05,Wed,101.660,101.430,101.780,100.790
2014/02/04,Tue,101.000,101.640,101.690,100.760
2014/02/03,Mon,102.030,100.970,102.430,100.770
2014/02/02,Sun,,,,
2014/02/01,Sat,,,,
2014/01/31,Fri,102.730,102.030,102.950,101.950
2014/01/30,Thu,102.310,102.700,102.900,102.060
2014/01/29,Wed,102.970,102.280,103.460,101.850
2014/01/28,Tue,102.550,102.950,103.260,102.480
2014/01/27,Mon,102.380,102.540,102.940,101.780
2014/01/26,Sun,,,,
2014/01/25,Sat,,,,
2014/01/24,Fri,103.270,102.280,103.600,102.000
2014/01/23,Thu,104.520,103.250,104.850,102.970
2014/01/22,Wed,104.300,104.510,104.590,103.970
2014/01/21,Tue,104.200,104.300,104.760,104.020
2014/01/20,Mon,104.270,104.160,104.330,103.860
2014/01/19,Sun,,,,
2014/01/18,Sat,,,,
2014/01/17,Fri,104.350,104.290,104.480,104.190
2014/01/16,Thu,104.570,104.340,104.940,104.140
2014/01/15,Wed,104.220,104.550,104.710,104.080
2014/01/14,Tue,103.000,104.200,104.300,102.990
2014/01/13,Mon,104.100,102.980,104.150,102.850
2014/01/12,Sun,,,,
2014/01/11,Sat,,,,
2014/01/10,Fri,104.850,104.120,105.150,103.830
2014/01/09,Thu,104.850,104.820,105.070,104.570
2014/01/08,Wed,104.600,104.830,105.140,104.580
2014/01/07,Tue,104.220,104.600,104.750,104.170
2014/01/06,Mon,104.880,104.210,104.960,103.900
2014/01/05,Sun,,,,
2014/01/04,Sat,,,,
2014/01/03,Fri,104.810,104.820,104.890,104.070
2014/01/02,Thu,105.250,104.760,105.460,104.540
2014/01/01,Wed,105.290,105.230,105.420,105.190
2013/12/31,Tue,105.160,105.300,105.370,104.850
2013/12/30,Mon,105.140,105.150,105.440,104.970
2013/12/29,Sun,,,,
2013/12/28,Sat,,,,
2013/12/27,Fri,104.810,105.150,105.200,104.640
2013/12/26,Thu,104.380,104.790,104.860,104.380
2013/12/25,Wed,104.350,104.360,104.510,104.260
2013/12/24,Tue,104.110,104.350,104.430,104.090
2013/12/23,Mon,104.100,104.100,104.140,103.770
2013/12/22,Sun,,,,
2013/12/21,Sat,,,,
2013/12/20,Fri,104.260,104.070,104.650,103.860
2013/12/19,Thu,104.270,104.240,104.380,103.800
2013/12/18,Wed,102.680,104.260,104.370,102.550
2013/12/17,Tue,103.030,102.660,103.120,102.490
2013/12/16,Mon,103.230,103.010,103.340,102.640
2013/12/15,Sun,,,,
2013/12/14,Sat,,,,
2013/12/13,Fri,103.390,103.190,103.940,102.990
2013/12/12,Thu,102.430,103.360,103.440,102.380
2013/12/11,Wed,102.870,102.420,102.960,102.200
2013/12/10,Tue,103.290,102.820,103.410,102.570
2013/12/09,Mon,102.810,103.270,103.350,102.880
2013/12/08,Sun,,,,
2013/12/07,Sat,,,,
2013/12/06,Fri,101.790,102.900,102.980,101.630
2013/12/05,Thu,102.370,101.780,102.460,101.630
2013/12/04,Wed,102.500,102.350,102.850,101.820
2013/12/03,Tue,102.960,102.490,103.390,101.980
2013/12/02,Mon,102.450,102.940,103.150,102.220
2013/12/01,Sun,,,,
2013/11/30,Sat,,,,
2013/11/29,Fri,102.320,102.410,102.620,102.110
2013/11/28,Thu,102.160,102.290,102.390,101.930
2013/11/27,Wed,101.280,102.150,102.210,101.180
2013/11/26,Tue,101.680,101.280,101.730,101.150
2013/11/25,Mon,101.260,101.660,101.930,101.130
2013/11/24,Sun,,,,
2013/11/23,Sat,,,,
2013/11/22,Fri,101.160,101.270,101.370,100.940
2013/11/21,Thu,100.040,101.150,101.180,100.000
2013/11/20,Wed,100.140,100.020,100.250,99.790
2013/11/19,Tue,100.000,100.130,100.270,99.570
2013/11/18,Mon,100.170,99.980,100.410,99.790
2013/11/17,Sun,,,,
2013/11/16,Sat,,,,
2013/11/15,Fri,100.020,100.180,100.450,99.940
2013/11/14,Thu,99.250,100.010,100.170,99.130
2013/11/13,Wed,99.630,99.220,99.690,99.100
2013/11/12,Tue,99.160,99.620,99.810,99.090
2013/11/11,Mon,99.170,99.150,99.320,98.910
2013/11/10,Sun,,,,
2013/11/09,Sat,,,,
2013/11/08,Fri,98.090,99.070,99.230,97.970
2013/11/07,Thu,98.660,98.080,99.430,97.640
2013/11/06,Wed,98.520,98.650,98.770,98.400
2013/11/05,Tue,98.610,98.490,98.690,98.160
2013/11/04,Mon,98.750,98.600,98.860,98.530
2013/11/03,Sun,,,,
2013/11/02,Sat,,,,
2013/11/01,Fri,98.350,98.670,98.860,97.810
2013/10/31,Thu,98.520,98.350,98.590,98.090
2013/10/30,Wed,98.190,98.490,98.690,98.070
2013/10/29,Tue,97.680,98.170,98.290,97.450
2013/10/28,Mon,97.570,97.650,97.810,97.440
2013/10/27,Sun,,,,
2013/10/26,Sat,,,,
2013/10/25,Fri,97.290,97.410,97.510,96.940
2013/10/24,Thu,97.380,97.270,97.630,97.170
2013/10/23,Wed,98.150,97.360,98.210,97.150
2013/10/22,Tue,98.200,98.130,98.500,97.870
2013/10/21,Mon,97.800,98.180,98.260,97.730
2013/10/20,Sun,,,,
2013/10/19,Sat,,,,
2013/10/18,Fri,97.910,97.700,98.170,97.550
2013/10/17,Thu,98.770,97.890,99.020,97.730
2013/10/16,Wed,98.170,98.760,98.990,98.130
2013/10/15,Tue,98.570,98.160,98.720,98.090
2013/10/14,Mon,98.090,98.560,98.600,98.070
2013/10/13,Sun,,,,
2013/10/12,Sat,,,,
2013/10/11,Fri,98.160,98.560,98.610,97.920
2013/10/10,Thu,97.350,98.150,98.290,97.320
2013/10/09,Wed,96.880,97.330,97.660,96.820
2013/10/08,Tue,96.710,96.860,97.270,96.570
2013/10/07,Mon,97.460,96.690,97.470,96.670
2013/10/06,Sun,,,,
2013/10/05,Sat,,,,
2013/10/04,Fri,97.270,97.460,97.500,96.950
2013/10/03,Thu,97.350,97.240,97.890,96.930
2013/10/02,Wed,98.000,97.330,98.100,97.140
2013/10/01,Tue,98.220,97.970,98.740,97.650
2013/09/30,Mon,97.930,98.210,98.480,97.500
2013/09/29,Sun,,,,
2013/09/28,Sat,,,,
2013/09/27,Fri,99.000,98.240,99.060,98.090
2013/09/26,Thu,98.460,98.970,99.150,98.260
2013/09/25,Wed,98.750,98.420,98.830,98.370
2013/09/24,Tue,98.850,98.710,99.190,98.470
2013/09/23,Mon,99.160,98.820,99.370,98.640
2013/09/22,Sun,,,,
2013/09/21,Sat,,,,
2013/09/20,Fri,99.490,99.300,99.690,99.160
2013/09/19,Thu,97.940,99.430,99.600,97.880
2013/09/18,Wed,99.120,97.930,99.350,97.760
2013/09/17,Tue,99.070,99.110,99.400,98.990
2013/09/16,Mon,99.490,99.050,99.510,98.540
2013/09/15,Sun,,,,
2013/09/14,Sat,,,,
2013/09/13,Fri,99.550,99.340,99.990,99.190
2013/09/12,Thu,99.900,99.540,100.010,99.010
2013/09/11,Wed,100.390,99.850,100.620,99.790
2013/09/10,Tue,99.590,100.390,100.480,99.480
2013/09/09,Mon,99.830,99.570,100.120,99.330
2013/09/08,Sun,,,,
2013/09/07,Sat,,,,
2013/09/06,Fri,100.110,99.100,100.240,98.540
2013/09/05,Thu,99.750,100.110,100.210,99.570
2013/09/04,Wed,99.570,99.750,99.840,99.320
2013/09/03,Tue,99.340,99.560,99.880,99.160
2013/09/02,Mon,98.380,99.330,99.440,98.270
2013/09/01,Sun,,,,
2013/08/31,Sat,,,,
2013/08/30,Fri,98.380,98.150,98.490,97.880
2013/08/29,Thu,97.640,98.340,98.540,97.450
2013/08/28,Wed,97.040,97.620,97.850,96.840
2013/08/27,Tue,98.520,97.020,98.550,96.980
2013/08/26,Mon,98.220,98.500,98.860,98.220
2013/08/25,Sun,,,,
2013/08/24,Sat,,,,
2013/08/23,Fri,98.730,98.740,99.170,98.390
2013/08/22,Thu,97.680,98.710,98.820,97.570
2013/08/21,Wed,97.270,97.660,98.000,97.120
2013/08/20,Tue,97.570,97.260,97.880,96.900
2013/08/19,Mon,97.560,97.550,98.140,97.360
2013/08/18,Sun,,,,
2013/08/17,Sat,,,,
2013/08/16,Fri,97.370,97.520,97.790,97.050
2013/08/15,Thu,98.140,97.350,98.660,97.110
2013/08/14,Wed,98.210,98.130,98.440,97.860
2013/08/13,Tue,96.910,98.200,98.360,96.850
2013/08/12,Mon,96.220,96.890,96.950,95.930
2013/08/11,Sun,,,,
2013/08/10,Sat,,,,
2013/08/09,Fri,96.720,96.200,96.980,96.130
2013/08/08,Thu,96.340,96.720,96.950,95.800
2013/08/07,Wed,97.750,96.320,97.820,96.320
2013/08/06,Tue,98.290,97.740,98.600,97.520
2013/08/05,Mon,98.930,98.300,99.170,98.180
2013/08/04,Sun,,,,
2013/08/03,Sat,,,,
2013/08/02,Fri,99.550,98.930,99.960,98.670
2013/08/01,Thu,97.880,99.530,99.590,97.650
2013/07/31,Wed,98.050,97.860,98.530,97.580
2013/07/30,Tue,97.960,98.030,98.480,97.760
2013/07/29,Mon,98.230,97.940,98.350,97.630
2013/07/28,Sun,,,,
2013/07/27,Sat,,,,
2013/07/26,Fri,99.290,98.250,99.430,97.960
2013/07/25,Thu,100.260,99.280,100.470,98.890
2013/07/24,Wed,99.440,100.240,100.450,99.380
2013/07/23,Tue,99.670,99.400,100.200,99.140
2013/07/22,Mon,100.720,99.640,100.740,99.290
2013/07/21,Sun,,,,
2013/07/20,Sat,,,,
2013/07/19,Fri,100.420,100.640,100.880,99.850
2013/07/18,Thu,99.590,100.400,100.670,99.470
2013/07/17,Wed,99.100,99.570,99.950,99.050
2013/07/16,Tue,99.870,99.090,100.090,98.890
2013/07/15,Mon,99.390,99.850,100.490,99.080
2013/07/14,Sun,,,,
2013/07/13,Sat,,,,
2013/07/12,Fri,98.970,99.210,99.710,98.680
2013/07/11,Thu,99.680,98.940,99.880,98.280
2013/07/10,Wed,101.150,99.640,101.230,99.420
2013/07/09,Tue,100.970,101.140,101.310,100.770
2013/07/08,Mon,101.200,100.950,101.550,100.780
2013/07/07,Sun,,,,
2013/07/06,Sat,,,,
2013/07/05,Fri,100.040,101.180,101.240,99.880
2013/07/04,Thu,99.920,100.030,100.170,99.490
2013/07/03,Wed,100.640,99.900,100.870,99.260
2013/07/02,Tue,99.670,100.620,100.750,99.500
2013/07/01,Mon,99.300,99.650,99.870,99.180
2013/06/30,Sun,,,,
2013/06/29,Sat,,,,
2013/06/28,Fri,98.350,99.120,99.470,98.340
2013/06/27,Thu,97.750,98.340,98.590,97.560
2013/06/26,Wed,97.810,97.720,98.250,97.250
2013/06/25,Tue,97.730,97.800,98.070,96.970
2013/06/24,Mon,97.870,97.720,98.710,97.220
2013/06/23,Sun,,,,
2013/06/22,Sat,,,,
2013/06/21,Fri,97.290,97.890,98.150,96.860
2013/06/20,Thu,96.480,97.270,98.300,96.210
2013/06/19,Wed,95.340,96.460,97.040,94.830
2013/06/18,Tue,94.510,95.320,95.780,94.450
2013/06/17,Mon,94.150,94.490,95.230,94.100
2013/06/16,Sun,,,,
2013/06/15,Sat,,,,
2013/06/14,Fri,95.370,94.070,95.830,94.010
2013/06/13,Thu,96.030,95.360,96.100,93.790
2013/06/12,Wed,96.040,96.000,97.040,95.150
2013/06/11,Tue,98.770,96.010,99.060,95.620
2013/06/10,Mon,97.530,98.760,99.300,97.430
2013/06/09,Sun,,,,
2013/06/08,Sat,,,,
2013/06/07,Fri,97.000,97.530,97.780,95.040
2013/06/06,Thu,99.060,96.940,99.490,95.970
2013/06/05,Wed,100.030,99.060,100.440,98.960
2013/06/04,Tue,99.540,100.000,100.430,99.320
2013/06/03,Mon,100.570,99.510,100.760,98.870
2013/06/02,Sun,,,,
2013/06/01,Sat,,,,
2013/05/31,Fri,100.740,100.460,101.290,100.240
2013/05/30,Thu,101.160,100.720,101.820,100.470
2013/05/29,Wed,102.370,101.130,102.540,100.720
2013/05/28,Tue,100.960,102.360,102.520,100.930
2013/05/27,Mon,101.500,100.930,101.710,100.740
2013/05/26,Sun,,,,
2013/05/25,Sat,,,,
2013/05/24,Fri,102.030,101.270,102.600,100.690
2013/05/23,Thu,103.160,102.010,103.580,100.840
2013/05/22,Wed,102.500,103.150,103.750,102.350
2013/05/21,Tue,102.270,102.460,102.900,102.080
2013/05/20,Mon,102.970,102.260,103.130,102.170
2013/05/19,Sun,,,,
2013/05/18,Sat,,,,
2013/05/17,Fri,102.260,103.180,103.320,102.070
2013/05/16,Thu,102.240,102.240,102.700,101.830
2013/05/15,Wed,102.370,102.230,102.780,101.870
2013/05/14,Tue,101.820,102.350,102.420,101.260
2013/05/13,Mon,101.850,101.820,102.160,101.510
2013/05/12,Sun,,,,
2013/05/11,Sat,,,,
2013/05/10,Fri,100.590,101.580,102.000,100.540
2013/05/09,Thu,99.010,100.590,100.800,98.640
2013/05/08,Wed,99.020,98.990,99.170,98.580
2013/05/07,Tue,99.350,99.000,99.450,98.830
2013/05/06,Mon,99.070,99.330,99.470,99.020
2013/05/05,Sun,,,,
2013/05/04,Sat,,,,
2013/05/03,Fri,97.940,99.020,99.280,97.890
2013/05/02,Thu,97.400,97.950,98.410,97.080
2013/05/01,Wed,97.450,97.380,97.690,97.040
2013/04/30,Tue,97.770,97.410,98.140,97.020
2013/04/29,Mon,98.060,97.750,98.220,97.350
2013/04/28,Sun,,,,
2013/04/27,Sat,,,,
2013/04/26,Fri,99.250,98.030,99.430,97.550
2013/04/25,Thu,99.490,99.250,99.580,98.970
2013/04/24,Wed,99.480,99.470,99.770,99.200
2013/04/23,Tue,99.230,99.460,99.540,98.480
2013/04/22,Mon,99.780,99.200,99.900,99.030
2013/04/21,Sun,,,,
2013/04/20,Sat,,,,
2013/04/19,Fri,98.170,99.500,99.700,98.100
2013/04/18,Thu,98.120,98.130,98.540,97.630
2013/04/17,Wed,97.550,98.090,98.450,97.210
2013/04/16,Tue,96.760,97.520,98.170,95.950
2013/04/15,Mon,97.790,96.750,98.720,96.360
2013/04/14,Sun,,,,
2013/04/13,Sat,,,,
2013/04/12,Fri,99.690,98.380,99.820,98.100
2013/04/11,Thu,99.790,99.670,99.960,99.110
2013/04/10,Wed,99.020,99.770,99.890,98.900
2013/04/09,Tue,99.360,99.020,99.680,98.600
2013/04/08,Mon,97.870,99.350,99.400,97.840
2013/04/07,Sun,,,,
2013/04/06,Sat,,,,
2013/04/05,Fri,96.340,97.520,97.850,95.810
2013/04/04,Thu,93.040,96.330,96.430,92.740
2013/04/03,Wed,93.450,93.040,93.710,92.710
2013/04/02,Tue,93.230,93.420,93.580,92.560
2013/04/01,Mon,94.210,93.210,94.390,93.170
2013/03/31,Sun,,,,
2013/03/30,Sat,,,,
2013/03/29,Fri,94.160,94.190,94.320,93.970
2013/03/28,Thu,94.450,94.110,94.500,93.870
2013/03/27,Wed,94.470,94.430,94.920,94.030
2013/03/26,Tue,94.180,94.410,94.630,93.870
2013/03/25,Mon,94.330,94.150,94.980,93.540
2013/03/24,Sun,,,,
2013/03/23,Sat,,,,
2013/03/22,Fri,94.910,94.500,95.150,94.200
2013/03/21,Thu,96.020,94.880,96.120,94.580
2013/03/20,Wed,95.170,96.010,96.150,94.830
2013/03/19,Tue,95.220,95.130,95.760,94.730
2013/03/18,Mon,94.130,95.200,95.620,94.050
2013/03/17,Sun,,,,
2013/03/16,Sat,,,,
2013/03/15,Fri,96.110,95.240,96.290,95.080
2013/03/14,Thu,96.130,96.090,96.610,95.680
2013/03/13,Wed,96.090,96.090,96.270,95.450
2013/03/12,Tue,96.290,96.060,96.720,95.640
2013/03/11,Mon,95.980,96.260,96.380,95.920
2013/03/10,Sun,,,,
2013/03/09,Sat,,,,
2013/03/08,Fri,94.830,96.020,96.550,94.780
2013/03/07,Thu,94.070,94.810,95.080,93.790
2013/03/06,Wed,93.290,94.060,94.130,93.000
2013/03/05,Tue,93.480,93.280,93.560,92.910
2013/03/04,Mon,93.590,93.460,93.740,93.170
2013/03/03,Sun,,,,
2013/03/02,Sat,,,,
2013/03/01,Fri,92.560,93.560,93.700,92.430
2013/02/28,Thu,92.220,92.530,92.860,92.000
2013/02/27,Wed,91.980,92.230,92.450,91.130
2013/02/26,Tue,91.820,91.970,92.760,91.140
2013/02/25,Mon,93.970,91.790,94.780,90.950
2013/02/24,Sun,,,,
2013/02/23,Sat,,,,
2013/02/22,Fri,93.100,93.380,93.520,92.920
2013/02/21,Thu,93.570,93.100,93.880,92.770
2013/02/20,Wed,93.570,93.540,94.040,93.130
2013/02/19,Tue,93.960,93.560,93.980,93.290
2013/02/18,Mon,93.660,93.950,94.220,93.610
2013/02/17,Sun,,,,
2013/02/16,Sat,,,,
2013/02/15,Fri,92.880,93.480,93.860,92.220
2013/02/14,Thu,93.390,92.850,93.730,92.670
2013/02/13,Wed,93.480,93.370,93.800,92.820
2013/02/12,Tue,94.320,93.460,94.420,92.970
2013/02/11,Mon,92.850,94.300,94.440,92.360
2013/02/10,Sun,,,,
2013/02/09,Sat,,,,
2013/02/08,Fri,93.640,92.660,93.760,92.170
2013/02/07,Thu,93.640,93.620,93.930,93.080
2013/02/06,Wed,93.630,93.630,94.070,93.270
2013/02/05,Tue,92.380,93.610,93.670,91.980
2013/02/04,Mon,92.830,92.360,93.200,92.200
2013/02/03,Sun,,,,
2013/02/02,Sat,,,,
2013/02/01,Fri,91.720,92.720,92.980,91.610
2013/01/31,Thu,91.090,91.720,91.790,90.740
2013/01/30,Wed,90.740,91.070,91.420,90.660
2013/01/29,Tue,90.850,90.730,91.030,90.320
2013/01/28,Mon,90.930,90.840,91.270,90.550
2013/01/27,Sun,,,,
2013/01/26,Sat,,,,
2013/01/25,Fri,90.320,90.900,91.210,90.280
2013/01/24,Thu,88.610,90.330,90.560,88.420
2013/01/23,Wed,88.720,88.590,88.810,88.050
2013/01/22,Tue,89.600,88.700,90.080,88.370
2013/01/21,Mon,89.980,89.580,90.260,89.340
2013/01/20,Sun,,,,
2013/01/19,Sat,,,,
2013/01/18,Fri,89.880,90.050,90.200,89.630
2013/01/17,Thu,88.380,89.860,90.120,88.130
2013/01/16,Wed,88.810,88.380,88.880,87.790
2013/01/15,Tue,89.480,88.780,89.650,88.290
2013/01/14,Mon,89.270,89.460,89.690,89.070
2013/01/13,Sun,,,,
2013/01/12,Sat,,,,
2013/01/11,Fri,88.790,89.170,89.460,88.680
2013/01/10,Thu,87.890,88.780,88.800,87.850
2013/01/09,Wed,87.050,87.870,88.030,86.830
2013/01/08,Tue,87.780,87.030,87.840,86.900
2013/01/07,Mon,88.180,87.770,88.390,87.620
2013/01/06,Sun,,,,
2013/01/05,Sat,,,,
2013/01/04,Fri,87.240,88.120,88.420,87.230
2013/01/03,Thu,87.350,87.230,87.380,86.760
2013/01/02,Wed,86.700,87.340,87.360,86.530
2013/01/01,Tue,86.750,86.670,86.810,86.550
2012/12/31,Mon,85.790,86.740,86.800,85.700
2012/12/30,Sun,,,,
2012/12/29,Sat,,,,
2012/12/28,Fri,86.100,86.010,86.640,85.940
2012/12/27,Thu,85.640,86.090,86.170,85.470
2012/12/26,Wed,84.780,85.620,85.720,84.740
2012/12/25,Tue,84.950,84.740,84.970,84.610
2012/12/24,Mon,84.250,84.920,84.960,84.230
2012/12/23,Sun,,,,
2012/12/22,Sat,,,,
2012/12/21,Fri,84.380,84.210,84.460,83.850
2012/12/20,Thu,84.420,84.360,84.470,83.850
2012/12/19,Wed,84.210,84.400,84.630,84.160
2012/12/18,Tue,83.880,84.200,84.290,83.810
2012/12/17,Mon,84.380,83.880,84.490,83.600
2012/12/16,Sun,,,,
2012/12/15,Sat,,,,
2012/12/14,Fri,83.650,83.470,83.980,83.310
2012/12/13,Thu,83.260,83.630,83.690,83.120
2012/12/12,Wed,82.520,83.250,83.310,82.470
2012/12/11,Tue,82.350,82.510,82.590,82.290
2012/12/10,Mon,82.390,82.330,82.650,82.110
2012/12/09,Sun,,,,
2012/12/08,Sat,,,,
2012/12/07,Fri,82.410,82.460,82.840,82.170
2012/12/06,Thu,82.470,82.390,82.630,82.200
2012/12/05,Wed,81.900,82.460,82.500,81.780
2012/12/04,Tue,82.250,81.890,82.280,81.710
2012/12/03,Mon,82.370,82.230,82.520,81.990
2012/12/02,Sun,,,,
2012/12/01,Sat,,,,
2012/11/30,Fri,82.130,82.450,82.760,82.040
2012/11/29,Thu,82.080,82.120,82.230,81.910
2012/11/28,Wed,82.150,82.050,82.230,81.690
2012/11/27,Tue,82.070,82.130,82.330,81.850
2012/11/26,Mon,82.420,82.060,82.640,81.920
2012/11/25,Sun,,,,
2012/11/24,Sat,,,,
2012/11/23,Fri,82.480,82.410,82.510,82.060
2012/11/22,Thu,82.530,82.450,82.850,82.260
2012/11/21,Wed,81.680,82.500,82.570,81.650
2012/11/20,Tue,81.410,81.660,81.780,81.130
2012/11/19,Mon,81.270,81.400,81.590,81.080
2012/11/18,Sun,,,,
2012/11/17,Sat,,,,
2012/11/16,Fri,81.160,81.260,81.470,80.890
2012/11/15,Thu,80.250,81.140,81.470,80.120
2012/11/14,Wed,79.380,80.240,80.320,79.380
2012/11/13,Tue,79.500,79.370,79.660,79.200
2012/11/12,Mon,79.480,79.480,79.590,79.350
2012/11/11,Sun,,,,
2012/11/10,Sat,,,,
2012/11/09,Fri,79.470,79.470,79.630,79.070
2012/11/08,Thu,80.000,79.450,80.030,79.320
2012/11/07,Wed,80.350,79.990,80.440,79.770
2012/11/06,Tue,80.290,80.340,80.460,79.960
2012/11/05,Mon,80.290,80.280,80.580,80.140
2012/11/04,Sun,,,,
2012/11/03,Sat,,,,
2012/11/02,Fri,80.140,80.440,80.700,80.110
2012/11/01,Thu,79.770,80.130,80.220,79.760
2012/10/31,Wed,79.640,79.760,79.970,79.510
2012/10/30,Tue,79.800,79.620,80.020,79.270
2012/10/29,Mon,79.630,79.770,79.870,79.520
2012/10/28,Sun,,,,
2012/10/27,Sat,,,,
2012/10/26,Fri,80.300,79.630,80.400,79.500
2012/10/25,Thu,79.810,80.280,80.360,79.760
2012/10/24,Wed,79.860,79.800,79.940,79.690
2012/10/23,Tue,79.940,79.840,80.020,79.710
2012/10/22,Mon,79.340,79.940,79.980,79.210
2012/10/21,Sun,,,,
2012/10/20,Sat,,,,
2012/10/19,Fri,79.280,79.300,79.440,79.130
2012/10/18,Thu,78.940,79.240,79.470,78.920
2012/10/17,Wed,78.880,78.920,79.070,78.610
2012/10/16,Tue,78.650,78.860,78.980,78.620
2012/10/15,Mon,78.400,78.620,78.880,78.320
2012/10/14,Sun,,,,
2012/10/13,Sat,,,,
2012/10/12,Fri,78.340,78.420,78.560,78.280
2012/10/11,Thu,78.190,78.320,78.600,77.940
2012/10/10,Wed,78.260,78.170,78.390,78.120
2012/10/09,Tue,78.330,78.230,78.460,78.150
2012/10/08,Mon,78.690,78.320,78.780,78.080
2012/10/07,Sun,,,,
2012/10/06,Sat,,,,
2012/10/05,Fri,78.490,78.650,78.890,78.280
2012/10/04,Thu,78.510,78.470,78.730,78.300
2012/10/03,Wed,78.160,78.460,78.600,78.130
2012/10/02,Tue,78.000,78.140,78.230,77.970
2012/10/01,Mon,77.910,77.970,78.160,77.780
2012/09/30,Sun,,,,
2012/09/29,Sat,,,,
2012/09/28,Fri,77.600,77.900,78.120,77.430
2012/09/27,Thu,77.750,77.580,77.790,77.570
2012/09/26,Wed,77.800,77.720,77.900,77.580
2012/09/25,Tue,77.850,77.790,77.950,77.660
2012/09/24,Mon,78.180,77.850,78.210,77.800
2012/09/23,Sun,,,,
2012/09/22,Sat,,,,
2012/09/21,Fri,78.240,78.140,78.390,78.100
2012/09/20,Thu,78.380,78.230,78.480,78.020
2012/09/19,Wed,78.810,78.360,79.240,78.250
2012/09/18,Tue,78.710,78.800,78.900,78.510
2012/09/17,Mon,78.380,78.680,78.940,78.160
2012/09/16,Sun,,,,
2012/09/15,Sat,,,,
2012/09/14,Fri,77.500,78.390,78.410,77.460
2012/09/13,Thu,77.850,77.480,77.900,77.130
2012/09/12,Wed,77.770,77.810,77.990,77.730
2012/09/11,Tue,78.290,77.750,78.310,77.690
2012/09/10,Mon,78.250,78.260,78.350,78.170
2012/09/09,Sun,,,,
2012/09/08,Sat,,,,
2012/09/07,Fri,78.860,78.240,79.040,78.010
2012/09/06,Thu,78.380,78.850,79.040,78.370
2012/09/05,Wed,78.430,78.370,78.560,78.300
2012/09/04,Tue,78.270,78.380,78.490,78.250
2012/09/03,Mon,78.400,78.230,78.420,78.190
2012/09/02,Sun,,,,
2012/09/01,Sat,,,,
2012/08/31,Fri,78.630,78.370,78.680,78.190
2012/08/30,Thu,78.710,78.600,78.770,78.480
2012/08/29,Wed,78.510,78.680,78.810,78.470
2012/08/28,Tue,78.750,78.500,78.810,78.440
2012/08/27,Mon,78.660,78.720,78.860,78.630
2012/08/26,Sun,,,,
2012/08/25,Sat,,,,
2012/08/24,Fri,78.490,78.650,78.740,78.440
2012/08/23,Thu,78.590,78.470,78.710,78.360
2012/08/22,Wed,79.290,78.560,79.380,78.350
2012/08/21,Tue,79.430,79.270,79.540,79.220
2012/08/20,Mon,79.500,79.400,79.680,79.320
2012/08/19,Sun,,,,
2012/08/18,Sat,,,,
2012/08/17,Fri,79.350,79.540,79.600,79.220
2012/08/16,Thu,79.000,79.320,79.410,78.910
2012/08/15,Wed,78.740,78.990,79.070,78.590
2012/08/14,Tue,78.320,78.720,78.940,78.300
2012/08/13,Mon,78.220,78.300,78.400,78.160
2012/08/12,Sun,,,,
2012/08/11,Sat,,,,
2012/08/10,Fri,78.580,78.250,78.660,78.160
2012/08/09,Thu,78.430,78.550,78.810,78.290
2012/08/08,Wed,78.620,78.400,78.680,78.220
2012/08/07,Tue,78.250,78.570,78.760,78.150
2012/08/06,Mon,78.500,78.240,78.660,78.140
2012/08/05,Sun,,,,
2012/08/04,Sat,,,,
2012/08/03,Fri,78.240,78.450,78.790,78.050
2012/08/02,Thu,78.440,78.220,78.550,78.130
2012/08/01,Wed,78.120,78.430,78.530,77.920
2012/07/31,Tue,78.180,78.110,78.320,78.040
2012/07/30,Mon,78.440,78.150,78.560,78.110
2012/07/29,Sun,,,,
2012/07/28,Sat,,,,
2012/07/27,Fri,78.220,78.410,78.690,78.070
2012/07/26,Thu,78.180,78.200,78.340,78.030
2012/07/25,Wed,78.180,78.130,78.290,78.060
2012/07/24,Tue,78.410,78.170,78.410,78.100
2012/07/23,Mon,78.440,78.360,78.540,77.970
2012/07/22,Sun,,,,
2012/07/21,Sat,,,,
2012/07/20,Fri,78.600,78.450,78.820,78.440
2012/07/19,Thu,78.810,78.560,78.850,78.430
2012/07/18,Wed,79.060,78.780,79.170,78.760
2012/07/17,Tue,78.860,79.040,79.190,78.790
2012/07/16,Mon,79.260,78.860,79.310,78.690
2012/07/15,Sun,,,,
2012/07/14,Sat,,,,
2012/07/13,Fri,79.290,79.180,79.410,79.080
2012/07/12,Thu,79.740,79.280,79.960,79.170
2012/07/11,Wed,79.420,79.730,79.810,79.130
2012/07/10,Tue,79.560,79.400,79.620,79.200
2012/07/09,Mon,79.670,79.570,79.770,79.420
2012/07/08,Sun,,,,
2012/07/07,Sat,,,,
2012/07/06,Fri,79.930,79.640,80.040,79.490
2012/07/05,Thu,79.870,79.870,80.120,79.560
2012/07/04,Wed,79.810,79.830,79.910,79.580
2012/07/03,Tue,79.510,79.830,79.960,79.410
2012/07/02,Mon,79.910,79.480,79.990,79.310
2012/07/01,Sun,,,,
2012/06/30,Sat,,,,
2012/06/29,Fri,79.440,79.770,80.020,79.160
2012/06/28,Thu,79.700,79.450,79.780,79.220
2012/06/27,Wed,79.510,79.700,79.890,79.340
2012/06/26,Tue,79.630,79.480,79.800,79.230
2012/06/25,Mon,80.470,79.660,80.630,79.430
2012/06/24,Sun,,,,
2012/06/23,Sat,,,,
2012/06/22,Fri,80.230,80.400,80.590,80.010
2012/06/21,Thu,79.490,80.250,80.350,79.380
2012/06/20,Wed,79.010,79.510,79.700,78.790
2012/06/19,Tue,79.130,78.920,79.140,78.840
2012/06/18,Mon,78.930,79.100,79.320,78.860
2012/06/17,Sun,,,,
2012/06/16,Sat,,,,
2012/06/15,Fri,79.400,78.690,79.530,78.600
2012/06/14,Thu,79.440,79.380,79.500,79.150
2012/06/13,Wed,79.560,79.380,79.770,79.290
2012/06/12,Tue,79.410,79.520,79.710,79.160
2012/06/11,Mon,79.590,79.400,79.740,79.350
2012/06/10,Sun,,,,
2012/06/09,Sat,,,,
2012/06/08,Fri,79.680,79.460,79.780,79.110
2012/06/07,Thu,79.240,79.640,79.810,79.190
2012/06/06,Wed,78.740,79.220,79.290,78.600
2012/06/05,Tue,78.340,78.750,78.870,78.110
2012/06/04,Mon,78.080,78.330,78.440,77.970
2012/06/03,Sun,,,,
2012/06/02,Sat,,,,
2012/06/01,Fri,78.380,77.990,78.670,77.660
2012/05/31,Thu,79.100,78.350,79.160,78.220
2012/05/30,Wed,79.540,79.090,79.590,78.860
2012/05/29,Tue,79.480,79.490,79.660,79.370
2012/05/28,Mon,79.670,79.450,79.690,79.330
2012/05/27,Sun,,,,
2012/05/26,Sat,,,,
2012/05/25,Fri,79.590,79.650,79.840,79.480
2012/05/24,Thu,79.470,79.560,79.660,79.330
2012/05/23,Wed,79.970,79.440,80.090,79.210
2012/05/22,Tue,79.310,79.970,80.160,79.270
2012/05/21,Mon,79.190,79.300,79.470,79.100
2012/05/20,Sun,,,,
2012/05/19,Sat,,,,
2012/05/18,Fri,79.360,79.010,79.480,78.990
2012/05/17,Thu,80.330,79.330,80.410,79.140
2012/05/16,Wed,80.200,80.290,80.570,80.190
2012/05/15,Tue,79.860,80.170,80.350,79.800
2012/05/14,Mon,79.970,79.860,80.210,79.680
2012/05/13,Sun,,,,
2012/05/12,Sat,,,,
2012/05/11,Fri,79.880,79.920,80.030,79.730
2012/05/10,Thu,79.660,79.920,80.040,79.600
2012/05/09,Wed,79.900,79.630,79.960,79.420
2012/05/08,Tue,79.900,79.860,80.090,79.690
2012/05/07,Mon,79.760,79.890,80.020,79.650
2012/05/06,Sun,,,,
2012/05/05,Sat,,,,
2012/05/04,Fri,80.190,79.820,80.380,79.800
2012/05/03,Thu,80.130,80.190,80.570,80.100
2012/05/02,Wed,80.090,80.140,80.620,80.050
2012/05/01,Tue,79.820,80.070,80.320,79.640
2012/04/30,Mon,80.290,79.780,80.410,79.720
2012/04/29,Sun,,,,
2012/04/28,Sat,,,,
2012/04/27,Fri,81.050,80.240,81.460,80.220
2012/04/26,Thu,81.330,81.010,81.440,80.660
2012/04/25,Wed,81.320,81.260,81.690,81.080
2012/04/24,Tue,81.180,81.350,81.410,80.850
2012/04/23,Mon,81.590,81.170,81.690,80.960
2012/04/22,Sun,,,,
2012/04/21,Sat,,,,
2012/04/20,Fri,81.580,81.540,81.790,81.470
2012/04/19,Thu,81.430,81.590,81.760,81.180
2012/04/18,Wed,81.080,81.280,81.590,80.860
2012/04/17,Tue,80.640,80.850,80.940,80.330
2012/04/16,Mon,80.680,80.390,81.020,80.320
2012/04/15,Sun,,,,
2012/04/14,Sat,,,,
2012/04/13,Fri,80.910,80.890,81.220,80.830
2012/04/12,Thu,80.880,80.880,81.150,80.720
2012/04/11,Wed,80.790,80.860,81.140,80.580
2012/04/10,Tue,81.140,80.660,81.880,80.640
2012/04/09,Mon,81.560,81.520,81.690,81.190
2012/04/08,Sun,,,,
2012/04/07,Sat,,,,
2012/04/06,Fri,82.010,81.620,82.580,81.320
2012/04/05,Thu,82.420,82.290,82.490,81.820
2012/04/04,Wed,82.640,82.440,82.960,82.090
2012/04/03,Tue,82.450,82.830,83.010,81.560
2012/04/02,Mon,82.570,82.070,83.310,81.880
2012/04/01,Sun,,,,
2012/03/31,Sat,,,,
2012/03/30,Fri,82.640,82.790,82.900,81.830
2012/03/29,Thu,82.640,82.400,82.990,81.920
2012/03/28,Wed,83.050,82.850,83.230,82.600
2012/03/27,Tue,83.040,83.190,83.410,82.640
2012/03/26,Mon,82.650,82.830,83.030,82.420
2012/03/25,Sun,,,,
2012/03/24,Sat,,,,
2012/03/23,Fri,82.460,82.310,82.970,81.980
2012/03/22,Thu,83.010,82.530,83.490,82.330
2012/03/21,Wed,83.550,83.370,84.120,83.290
2012/03/20,Tue,83.560,83.710,83.850,83.320
2012/03/19,Mon,83.390,83.340,83.590,83.010
2012/03/18,Sun,,,,
2012/03/17,Sat,,,,
2012/03/16,Fri,83.500,83.410,83.970,83.180
2012/03/15,Thu,83.630,83.500,84.200,83.200
2012/03/14,Wed,83.290,83.640,83.850,82.870
2012/03/13,Tue,82.610,82.860,83.100,81.960
2012/03/12,Mon,82.390,82.260,82.550,82.110
2012/03/11,Sun,,,,
2012/03/10,Sat,,,,
2012/03/09,Fri,82.020,82.420,82.660,81.480
2012/03/08,Thu,81.320,81.590,81.760,81.070
2012/03/07,Wed,80.980,81.160,81.240,80.580
2012/03/06,Tue,81.220,80.860,81.600,80.580
2012/03/05,Mon,81.690,81.430,81.890,81.150
2012/03/04,Sun,,,,
2012/03/03,Sat,,,,
2012/03/02,Fri,81.470,81.790,81.880,81.070
2012/03/01,Thu,81.130,81.070,81.390,80.840
2012/02/29,Wed,80.800,81.220,81.340,80.250
2012/02/28,Tue,80.540,80.430,80.810,80.010
2012/02/27,Mon,80.940,80.540,81.630,80.130
2012/02/26,Sun,,,,
2012/02/25,Sat,,,,
2012/02/24,Fri,80.600,80.970,81.060,79.910
2012/02/23,Thu,80.130,79.920,80.380,79.850
2012/02/22,Wed,80.010,80.270,80.410,79.670
2012/02/21,Tue,79.690,79.700,79.880,79.550
2012/02/20,Mon,79.640,79.630,79.910,79.360
2012/02/19,Sun,,,,
2012/02/18,Sat,,,,
2012/02/17,Fri,79.220,79.480,79.540,78.790
2012/02/16,Thu,78.690,78.850,78.980,78.350
2012/02/15,Wed,78.430,78.330,78.660,78.180
2012/02/14,Tue,78.010,78.480,78.560,77.360
2012/02/13,Mon,77.570,77.570,77.800,77.380
2012/02/12,Sun,,,,
2012/02/11,Sat,,,,
2012/02/10,Fri,77.690,77.650,77.840,77.530
2012/02/09,Thu,77.360,77.690,77.750,77.010
2012/02/08,Wed,76.910,77.040,77.210,76.720
2012/02/07,Tue,76.650,76.780,76.980,76.520
2012/02/06,Mon,76.590,76.560,76.820,76.480
2012/02/05,Sun,,,,
2012/02/04,Sat,,,,
2012/02/03,Fri,76.420,76.560,76.760,76.130
2012/02/02,Thu,76.220,76.180,76.250,76.040
2012/02/01,Wed,76.220,76.200,76.370,76.020
2012/01/31,Tue,76.290,76.190,76.450,76.150
2012/01/30,Mon,76.510,76.290,76.810,76.220
2012/01/29,Sun,,,,
2012/01/28,Sat,,,,
2012/01/27,Fri,77.090,76.670,77.510,76.640
2012/01/26,Thu,77.630,77.440,77.850,77.290
2012/01/25,Wed,77.750,77.740,78.310,77.550
2012/01/24,Tue,77.340,77.700,77.870,76.940
2012/01/23,Mon,77.010,76.970,77.110,76.850
2012/01/22,Sun,,,,
2012/01/21,Sat,,,,
2012/01/20,Fri,77.060,76.960,77.320,76.920
2012/01/19,Thu,76.970,77.110,77.330,76.690
2012/01/18,Wed,76.840,76.790,76.890,76.640
2012/01/17,Tue,76.820,76.820,76.900,76.560
2012/01/16,Mon,76.960,76.790,77.140,76.610
2012/01/15,Sun,,,,
2012/01/14,Sat,,,,
2012/01/13,Fri,76.880,76.930,77.030,76.650
2012/01/12,Thu,76.850,76.760,77.010,76.660
2012/01/11,Wed,76.840,76.910,77.070,76.800
2012/01/10,Tue,76.840,76.830,76.940,76.760
2012/01/09,Mon,76.880,76.830,77.040,76.770
2012/01/08,Sun,,,,
2012/01/07,Sat,,,,
2012/01/06,Fri,77.060,76.980,77.340,76.970
2012/01/05,Thu,76.920,77.170,77.260,76.660
2012/01/04,Wed,76.730,76.670,76.850,76.600
2012/01/03,Tue,76.820,76.620,77.000,76.610
2012/01/02,Mon,76.920,76.860,77.160,76.870
2012/01/01,Sun,,,,
2011/12/31,Sat,,,,
2011/12/30,Fri,77.310,76.940,77.760,76.900
2011/12/29,Thu,77.790,77.620,78.010,77.590
2011/12/28,Wed,77.890,77.910,78.050,77.550
2011/12/27,Tue,77.940,77.840,78.060,77.780
2011/12/26,Mon,78.020,77.950,78.130,77.870
2011/12/25,Sun,,,,
2011/12/24,Sat,,,,
2011/12/23,Fri,78.140,78.050,78.260,77.990
2011/12/22,Thu,78.120,78.150,78.230,77.990
2011/12/21,Wed,77.960,78.080,78.130,77.680
2011/12/20,Tue,77.960,77.840,78.090,77.690
2011/12/19,Mon,77.910,78.040,78.180,77.740
2011/12/18,Sun,,,,
2011/12/17,Sat,,,,
2011/12/16,Fri,77.840,77.770,77.990,77.600
2011/12/15,Thu,77.970,77.900,78.160,77.720
2011/12/14,Wed,78.040,78.010,78.180,77.900
2011/12/13,Tue,77.950,77.980,78.030,77.640
2011/12/12,Mon,77.830,77.890,78.020,77.570
2011/12/11,Sun,,,,
2011/12/10,Sat,,,,
2011/12/09,Fri,77.630,77.520,77.800,77.480
2011/12/08,Thu,77.670,77.680,77.830,77.150
2011/12/07,Wed,77.710,77.660,77.820,77.610
2011/12/06,Tue,77.760,77.710,77.880,77.640
2011/12/05,Mon,77.930,77.720,78.130,77.680
2011/12/04,Sun,,,,
2011/12/03,Sat,,,,
2011/12/02,Fri,77.850,78.000,78.100,77.660
2011/12/01,Thu,77.650,77.740,77.830,77.490
2011/11/30,Wed,77.740,77.500,78.180,77.300
2011/11/29,Tue,77.960,77.850,78.300,77.610
2011/11/28,Mon,77.790,77.940,78.260,77.440
2011/11/27,Sun,,,,
2011/11/26,Sat,,,,
2011/11/25,Fri,77.430,77.730,77.820,77.080
2011/11/24,Thu,77.230,77.070,77.350,77.010
2011/11/23,Wed,77.130,77.310,77.600,76.920
2011/11/22,Tue,76.970,76.960,77.340,76.810
2011/11/21,Mon,76.880,76.930,77.020,76.740
2011/11/20,Sun,,,,
2011/11/19,Sat,,,,
2011/11/18,Fri,76.940,76.910,77.050,76.570
2011/11/17,Thu,77.040,76.970,77.120,76.880
2011/11/16,Wed,77.040,77.060,77.160,76.850
2011/11/15,Tue,77.070,77.070,77.350,76.900
2011/11/14,Mon,77.150,77.120,77.310,76.800
2011/11/13,Sun,,,,
2011/11/12,Sat,,,,
2011/11/11,Fri,77.380,77.110,77.720,77.050
2011/11/10,Thu,77.750,77.670,77.900,77.500
2011/11/09,Wed,77.760,77.810,77.910,77.540
2011/11/08,Tue,77.900,77.670,78.130,77.600
2011/11/07,Mon,78.120,78.050,78.210,77.970
2011/11/06,Sun,,,,
2011/11/05,Sat,,,,
2011/11/04,Fri,78.150,78.230,78.290,77.960
2011/11/03,Thu,78.060,78.060,78.190,77.890
2011/11/02,Wed,78.210,78.040,78.450,77.940
2011/11/01,Tue,78.270,78.320,78.640,78.010
2011/10/31,Mon,76.970,78.200,79.540,75.570
2011/10/30,Sun,,,,
2011/10/29,Sat,,,,
2011/10/28,Fri,75.910,75.790,76.020,75.660
2011/10/27,Thu,76.110,75.950,76.300,75.650
2011/10/26,Wed,76.170,76.180,76.340,75.710
2011/10/25,Tue,76.100,76.070,76.290,75.740
2011/10/24,Mon,76.150,76.080,76.480,75.990
2011/10/23,Sun,,,,
2011/10/22,Sat,,,,
2011/10/21,Fri,76.570,76.260,76.930,75.850
2011/10/20,Thu,76.840,76.860,77.100,76.670
2011/10/19,Wed,76.810,76.800,76.880,76.650
2011/10/18,Tue,76.820,76.810,76.930,76.610
2011/10/17,Mon,76.970,76.790,77.470,76.610
2011/10/16,Sun,,,,
2011/10/15,Sat,,,,
2011/10/14,Fri,77.050,77.200,77.470,76.840
2011/10/13,Thu,77.060,76.840,77.310,76.670
2011/10/12,Wed,76.960,77.240,77.500,76.320
2011/10/11,Tue,76.670,76.650,76.780,76.580
2011/10/10,Mon,76.730,76.660,76.870,76.550
2011/10/09,Sun,,,,
2011/10/08,Sat,,,,
2011/10/07,Fri,76.720,76.710,76.930,76.570
2011/10/06,Thu,76.760,76.680,76.880,76.540
2011/10/05,Wed,76.840,76.760,77.090,76.600
2011/10/04,Tue,76.720,76.830,77.000,76.530
2011/10/03,Mon,76.880,76.550,77.280,76.510
2011/10/02,Sun,,,,
2011/10/01,Sat,,,,
2011/09/30,Fri,76.960,77.040,77.210,76.490
2011/09/29,Thu,76.710,76.820,77.040,76.400
2011/09/28,Wed,76.660,76.540,76.890,76.320
2011/09/27,Tue,76.560,76.790,76.950,76.250
2011/09/26,Mon,76.460,76.340,76.780,76.220
2011/09/25,Sun,,,,
2011/09/24,Sat,,,,
2011/09/23,Fri,76.470,76.580,76.900,76.140
2011/09/22,Thu,76.380,76.270,76.990,76.110
2011/09/21,Wed,76.470,76.430,76.760,76.110
2011/09/20,Tue,76.520,76.390,76.780,76.350
2011/09/19,Mon,76.780,76.570,77.000,76.320
2011/09/18,Sun,,,,
2011/09/17,Sat,,,,
2011/09/16,Fri,76.780,76.770,77.000,76.650
2011/09/15,Thu,76.720,76.720,77.310,76.530
2011/09/14,Wed,76.810,76.650,77.080,76.590
2011/09/13,Tue,77.030,76.920,77.270,76.800
2011/09/12,Mon,77.330,77.200,77.600,76.730
2011/09/11,Sun,,,,
2011/09/10,Sat,,,,
2011/09/09,Fri,77.560,77.550,77.870,77.080
2011/09/08,Thu,77.380,77.500,77.610,77.130
2011/09/07,Wed,77.390,77.210,77.730,77.060
2011/09/06,Tue,77.230,77.590,77.740,76.700
2011/09/05,Mon,76.900,76.890,76.990,76.680
2011/09/04,Sun,,,,
2011/09/03,Sat,,,,
2011/09/02,Fri,76.870,76.770,76.990,76.560
2011/09/01,Thu,76.810,76.900,77.260,76.660
2011/08/31,Wed,76.690,76.590,76.850,76.420
2011/08/30,Tue,76.790,76.680,77.000,76.610
2011/08/29,Mon,76.800,76.830,77.040,76.530
2011/08/28,Sun,,,,
2011/08/27,Sat,,,,
2011/08/26,Fri,77.060,76.600,77.520,76.500
2011/08/25,Thu,77.220,77.460,77.710,76.830
2011/08/24,Wed,76.840,76.930,77.080,76.440
2011/08/23,Tue,76.750,76.670,76.950,76.410
2011/08/22,Mon,76.810,76.840,77.210,76.550
2011/08/21,Sun,,,,
2011/08/20,Sat,,,,
2011/08/19,Fri,76.530,76.520,76.960,75.960
2011/08/18,Thu,76.590,76.570,76.720,76.440
2011/08/17,Wed,76.690,76.590,76.850,76.400
2011/08/16,Tue,76.830,76.790,76.940,76.640
2011/08/15,Mon,76.840,76.830,77.110,76.580
2011/08/14,Sun,,,,
2011/08/13,Sat,,,,
2011/08/12,Fri,76.780,76.670,77.040,76.500
2011/08/11,Thu,76.850,76.830,77.240,76.310
2011/08/10,Wed,76.990,76.900,77.320,76.350
2011/08/09,Tue,77.540,77.080,77.880,76.690
2011/08/08,Mon,78.000,77.730,78.440,77.500
2011/08/07,Sun,,,,
2011/08/06,Sat,,,,
2011/08/05,Fri,78.770,78.380,79.430,78.330
2011/08/04,Thu,78.120,79.060,80.260,76.980
2011/08/03,Wed,77.140,77.040,77.420,76.780
2011/08/02,Tue,77.380,77.060,77.820,76.950
2011/08/01,Mon,77.410,77.240,78.030,76.310
2011/07/31,Sun,,,,
2011/07/30,Sat,,,,
2011/07/29,Fri,77.230,76.730,77.880,76.740
2011/07/28,Thu,77.810,77.750,78.040,77.620
2011/07/27,Wed,77.930,77.970,78.190,77.560
2011/07/26,Tue,78.120,77.900,78.610,77.830
2011/07/25,Mon,78.260,78.280,78.570,78.030
2011/07/24,Sun,,,,
2011/07/23,Sat,,,,
2011/07/22,Fri,78.510,78.520,78.740,78.270
2011/07/21,Thu,78.690,78.420,79.040,78.220
2011/07/20,Wed,79.000,78.790,79.330,78.700
2011/07/19,Tue,79.120,79.100,79.290,78.810
2011/07/18,Mon,79.070,79.040,79.190,78.930
2011/07/17,Sun,,,,
2011/07/16,Sat,,,,
2011/07/15,Fri,79.130,79.110,79.290,78.890
2011/07/14,Thu,79.000,79.150,79.600,78.470
2011/07/13,Wed,78.880,79.000,79.600,78.670
2011/07/12,Tue,79.740,78.730,80.390,78.550
2011/07/11,Mon,80.380,80.210,80.850,80.100
2011/07/10,Sun,,,,
2011/07/09,Sat,,,,
2011/07/08,Fri,80.940,80.620,81.500,80.500
2011/07/07,Thu,81.090,81.220,81.430,80.790
2011/07/06,Wed,81.020,80.920,81.140,80.760
2011/07/05,Tue,80.910,81.070,81.210,80.700
2011/07/04,Mon,80.780,80.760,80.920,80.530
2011/07/03,Sun,,,,
2011/07/02,Sat,,,,
2011/07/01,Fri,80.680,80.830,81.160,80.530
2011/06/30,Thu,80.680,80.520,80.880,80.250
2011/06/29,Wed,80.940,80.740,81.200,80.560
2011/06/28,Tue,80.980,81.100,81.280,80.650
2011/06/27,Mon,80.660,80.880,81.000,80.360
2011/06/26,Sun,,,,
2011/06/25,Sat,,,,
2011/06/24,Fri,80.460,80.410,80.620,80.130
2011/06/23,Thu,80.380,80.530,80.810,80.290
2011/06/22,Wed,80.280,80.290,80.400,80.000
2011/06/21,Tue,80.260,80.260,80.350,80.040
2011/06/20,Mon,80.180,80.260,80.380,80.020
2011/06/19,Sun,,,,
2011/06/18,Sat,,,,
2011/06/17,Fri,80.330,80.040,80.720,80.000
2011/06/16,Thu,80.840,80.600,81.060,80.470
2011/06/15,Wed,80.740,81.030,81.080,80.370
2011/06/14,Tue,80.380,80.420,80.650,80.080
2011/06/13,Mon,80.290,80.210,80.710,80.100
2011/06/12,Sun,,,,
2011/06/11,Sat,,,,
2011/06/10,Fri,80.350,80.310,80.470,79.970
2011/06/09,Thu,80.140,80.290,80.440,79.830
2011/06/08,Wed,80.020,79.930,80.280,79.690
2011/06/07,Tue,80.100,80.060,80.350,79.980
2011/06/06,Mon,80.160,80.100,80.400,79.970
2011/06/05,Sun,,,,
2011/06/04,Sat,,,,
2011/06/03,Fri,80.620,80.260,81.030,80.050
2011/06/02,Thu,80.930,80.890,81.340,80.580
2011/06/01,Wed,81.190,80.900,81.540,80.680
2011/05/31,Tue,81.230,81.520,81.790,80.710
2011/05/30,Mon,80.860,80.940,81.000,80.740
2011/05/29,Sun,,,,
2011/05/28,Sat,,,,
2011/05/27,Fri,81.080,80.770,81.410,80.700
2011/05/26,Thu,81.710,81.340,82.180,81.150
2011/05/25,Wed,82.010,81.990,82.190,81.770
2011/05/24,Tue,81.980,81.900,82.230,81.600
2011/05/23,Mon,81.860,81.930,82.060,81.320
2011/05/22,Sun,,,,
2011/05/21,Sat,,,,
2011/05/20,Fri,81.690,81.690,81.880,81.470
2011/05/19,Thu,81.690,81.600,82.250,81.460
2011/05/18,Wed,81.570,81.750,81.790,80.920
2011/05/17,Tue,81.150,81.420,81.790,80.730
2011/05/16,Mon,80.870,80.770,81.070,80.630
2011/05/15,Sun,,,,
2011/05/14,Sat,,,,
2011/05/13,Fri,80.890,80.780,81.110,80.350
2011/05/12,Thu,81.080,80.930,81.360,80.690
2011/05/11,Wed,81.020,81.060,81.340,80.610
2011/05/10,Tue,80.580,80.820,80.920,80.150
2011/05/09,Mon,80.480,80.250,80.860,80.170
2011/05/08,Sun,,,,
2011/05/07,Sat,,,,
2011/05/06,Fri,80.440,80.620,80.940,80.180
2011/05/05,Thu,80.470,80.130,80.710,79.570
2011/05/04,Wed,80.810,80.580,81.220,80.430
2011/05/03,Tue,81.110,80.930,81.290,80.680
2011/05/02,Mon,81.190,81.220,81.710,80.990
2011/05/01,Sun,,,,
2011/04/30,Sat,,,,
2011/04/29,Fri,81.380,81.210,81.670,81.040
2011/04/28,Thu,81.880,81.500,82.290,81.380
2011/04/27,Wed,81.910,82.210,82.790,81.270
2011/04/26,Tue,81.710,81.500,81.990,81.470
2011/04/25,Mon,81.830,81.830,82.440,81.660
2011/04/24,Sun,,,,
2011/04/23,Sat,,,,
2011/04/22,Fri,81.850,81.830,82.120,81.660
2011/04/21,Thu,82.220,81.840,82.590,81.610
2011/04/20,Wed,82.580,82.460,83.110,82.260
2011/04/19,Tue,82.520,82.560,82.770,82.320
2011/04/18,Mon,82.860,82.650,83.280,82.180
2011/04/17,Sun,,,,
2011/04/16,Sat,,,,
2011/04/15,Fri,83.330,83.110,83.800,82.960
2011/04/14,Thu,83.690,83.500,83.980,82.960
2011/04/13,Wed,83.780,83.880,84.280,83.500
2011/04/12,Tue,84.120,83.620,84.830,83.460
2011/04/11,Mon,84.770,84.590,85.190,84.510
2011/04/10,Sun,,,,
2011/04/09,Sat,,,,
2011/04/08,Fri,84.880,84.700,85.420,84.670
2011/04/07,Thu,85.240,84.950,85.570,84.590
2011/04/06,Wed,85.230,85.460,85.540,84.830
2011/04/05,Tue,84.660,84.890,84.950,84.060
2011/04/04,Mon,84.160,84.020,84.400,83.840
2011/04/03,Sun,,,,
2011/04/02,Sat,,,,
2011/04/01,Fri,83.640,84.040,84.740,83.160
2011/03/31,Thu,83.050,83.150,83.240,82.560
2011/03/30,Wed,82.700,82.870,83.210,82.370
2011/03/29,Tue,82.100,82.470,82.570,81.530
2011/03/28,Mon,81.540,81.700,81.860,81.350
2011/03/27,Sun,,,,
2011/03/26,Sat,,,,
2011/03/25,Fri,81.160,81.310,81.510,80.880
2011/03/24,Thu,81.000,80.980,81.070,80.760
2011/03/23,Wed,80.970,80.910,81.080,80.690
2011/03/22,Tue,81.060,80.960,81.320,80.840
2011/03/21,Mon,80.970,81.030,81.350,80.740
2011/03/20,Sun,,,,
2011/03/19,Sat,,,,
2011/03/18,Fri,79.810,80.590,82.000,79.010
2011/03/17,Thu,78.390,78.830,79.760,77.180
2011/03/16,Wed,79.090,78.130,81.190,76.640
2011/03/15,Tue,81.220,80.700,82.050,80.610
2011/03/14,Mon,81.760,81.610,82.450,80.700
2011/03/13,Sun,,,,
2011/03/12,Sat,,,,
2011/03/11,Fri,82.400,81.890,83.310,81.650
2011/03/10,Thu,82.850,82.880,83.200,82.690
2011/03/09,Wed,82.730,82.730,82.970,82.560
2011/03/08,Tue,82.460,82.660,82.870,82.210
2011/03/07,Mon,82.280,82.210,82.420,81.950
2011/03/06,Sun,,,,
2011/03/05,Sat,,,,
2011/03/04,Fri,82.380,82.260,83.020,82.210
2011/03/03,Thu,82.150,82.390,82.530,81.710
2011/03/02,Wed,81.850,81.880,82.130,81.570
2011/03/01,Tue,81.840,81.880,82.250,81.720
2011/02/28,Mon,81.740,81.760,82.000,81.610
2011/02/27,Sun,,,,
2011/02/26,Sat,,,,
2011/02/25,Fri,81.820,81.670,82.070,81.640
2011/02/24,Thu,82.190,81.910,82.530,81.610
2011/02/23,Wed,82.620,82.490,82.900,82.310
2011/02/22,Tue,82.940,82.730,83.520,82.570
2011/02/21,Mon,83.130,83.110,83.280,83.030
2011/02/20,Sun,,,,
2011/02/19,Sat,,,,
2011/02/18,Fri,83.250,83.040,83.550,83.040
2011/02/17,Thu,83.500,83.320,83.760,83.150
2011/02/16,Wed,83.750,83.650,84.000,83.500
2011/02/15,Tue,83.540,83.750,83.940,83.190
2011/02/14,Mon,83.460,83.280,83.600,83.090
2011/02/13,Sun,,,,
2011/02/12,Sat,,,,
2011/02/11,Fri,83.330,83.430,83.700,83.200
2011/02/10,Thu,82.810,83.260,83.400,82.330
2011/02/09,Wed,82.380,82.380,82.690,82.200
2011/02/08,Tue,82.360,82.320,82.440,81.770
2011/02/07,Mon,82.280,82.310,82.490,82.150
2011/02/06,Sun,,,,
2011/02/05,Sat,,,,
2011/02/04,Fri,81.900,82.170,82.480,81.110
2011/02/03,Thu,81.590,81.590,82.080,81.400
2011/02/02,Wed,81.440,81.550,81.870,81.310
2011/02/01,Tue,81.710,81.310,82.160,81.310
2011/01/31,Mon,82.020,82.070,82.290,81.900
2011/01/30,Sun,,,,
2011/01/29,Sat,,,,
2011/01/28,Fri,82.520,82.100,82.960,81.980
2011/01/27,Thu,82.570,82.860,83.220,82.020
2011/01/26,Wed,82.190,82.270,82.620,81.980
2011/01/25,Tue,82.380,82.200,82.680,81.980
2011/01/24,Mon,82.530,82.470,82.960,82.300
2011/01/23,Sun,,,,
2011/01/22,Sat,,,,
2011/01/21,Fri,82.780,82.580,83.120,82.530
2011/01/20,Thu,82.500,82.980,83.150,81.970
2011/01/19,Wed,82.310,82.060,82.720,81.840
2011/01/18,Tue,82.650,82.610,82.840,82.330
2011/01/17,Mon,82.760,82.720,83.240,82.350
2011/01/16,Sun,,,,
2011/01/15,Sat,,,,
2011/01/14,Fri,82.880,82.940,83.100,82.400
2011/01/13,Thu,82.910,82.800,83.190,82.540
2011/01/12,Wed,83.110,82.940,83.500,82.810
2011/01/11,Tue,82.980,83.200,83.570,82.680
2011/01/10,Mon,82.960,82.760,83.300,82.660
2011/01/09,Sun,,,,
2011/01/08,Sat,,,,
2011/01/07,Fri,83.250,83.020,83.690,82.850
2011/01/06,Thu,83.310,83.340,83.410,82.880
2011/01/05,Wed,82.640,83.270,83.390,81.880
2011/01/04,Tue,81.880,82.030,82.290,81.610
2011/01/03,Mon,81.470,81.710,81.760,80.970
2011/01/02,Sun,,,,
2011/01/01,Sat,,,,
2010/12/31,Fri,81.340,81.150,81.560,80.940
2010/12/30,Thu,81.580,81.540,81.870,81.290
2010/12/29,Wed,82.020,81.660,82.480,81.600
2010/12/28,Tue,82.590,82.460,82.860,81.810
2010/12/27,Mon,82.860,82.790,82.990,82.650
2010/12/26,Sun,,,,
2010/12/25,Sat,,,,
2010/12/24,Fri,82.930,82.860,83.170,82.850
2010/12/23,Thu,83.250,82.920,83.590,82.850
2010/12/22,Wed,83.670,83.550,83.870,83.420
2010/12/21,Tue,83.750,83.730,83.920,83.500
2010/12/20,Mon,83.890,83.730,84.130,83.620
2010/12/19,Sun,,,,
2010/12/18,Sat,,,,
2010/12/17,Fri,84.000,83.950,84.230,83.690
2010/12/16,Thu,84.090,84.040,84.460,83.960
2010/12/15,Wed,83.950,84.250,84.530,83.600
2010/12/14,Tue,83.550,83.630,83.790,82.840
2010/12/13,Mon,83.680,83.400,84.380,83.100
2010/12/12,Sun,,,,
2010/12/11,Sat,,,,
2010/12/10,Fri,83.840,83.910,84.030,83.450
2010/12/09,Thu,83.890,83.680,84.130,83.510
2010/12/08,Wed,83.750,84.030,84.320,83.460
2010/12/07,Tue,83.090,83.480,83.670,82.330
2010/12/06,Mon,82.650,82.640,83.000,82.560
2010/12/05,Sun,,,,
2010/12/04,Sat,,,,
2010/12/03,Fri,83.190,82.620,83.910,82.530
2010/12/02,Thu,84.020,83.870,84.380,83.490
2010/12/01,Wed,83.940,84.190,84.410,83.370
2010/11/30,Tue,83.990,83.670,84.320,83.420
2010/11/29,Mon,84.140,84.210,84.420,83.820
2010/11/28,Sun,,,,
2010/11/27,Sat,,,,
2010/11/26,Fri,83.860,84.100,84.210,83.560
2010/11/25,Thu,83.580,83.570,83.710,83.400
2010/11/24,Wed,83.360,83.550,83.680,82.940
2010/11/23,Tue,83.230,83.160,83.870,82.780
2010/11/22,Mon,83.410,83.280,83.580,83.230
2010/11/21,Sun,,,,
2010/11/20,Sat,,,,
2010/11/19,Fri,83.550,83.450,83.660,83.130
2010/11/18,Thu,83.370,83.500,83.810,83.090
2010/11/17,Wed,83.230,83.240,83.560,83.030
2010/11/16,Tue,83.240,83.260,83.610,82.840
2010/11/15,Mon,82.780,83.130,83.260,82.390
2010/11/14,Sun,,,,
2010/11/13,Sat,,,,
2010/11/12,Fri,82.520,82.500,82.670,81.650
2010/11/11,Thu,82.380,82.520,82.620,82.030
2010/11/10,Wed,82.000,82.290,82.810,81.550
2010/11/09,Tue,81.440,81.770,81.980,80.520
2010/11/08,Mon,81.220,81.150,81.440,80.990
2010/11/07,Sun,,,,
2010/11/06,Sat,,,,
2010/11/05,Fri,81.010,81.250,81.480,80.610
2010/11/04,Thu,80.940,80.710,81.230,80.570
2010/11/03,Wed,80.900,81.040,81.590,80.590
2010/11/02,Tue,80.590,80.620,80.970,80.470
2010/11/01,Mon,80.410,80.480,81.380,80.240
2010/10/31,Sun,,,,
2010/10/30,Sat,,,,
2010/10/29,Fri,80.710,80.390,81.080,80.380
2010/10/28,Thu,81.410,81.000,81.790,80.860
2010/10/27,Wed,81.560,81.690,82.000,81.310
2010/10/26,Tue,81.090,81.400,81.670,80.610
2010/10/25,Mon,81.130,80.780,81.470,80.410
2010/10/24,Sun,,,,
2010/10/23,Sat,,,,
2010/10/22,Fri,81.350,81.350,81.520,80.990
2010/10/21,Thu,81.220,81.340,81.830,80.920
2010/10/20,Wed,81.380,81.120,81.680,80.840
2010/10/19,Tue,81.450,81.560,81.940,81.130
2010/10/18,Mon,81.340,81.230,81.490,81.110
2010/10/17,Sun,,,,
2010/10/16,Sat,,,,
2010/10/15,Fri,81.450,81.430,81.640,80.890
2010/10/14,Thu,81.640,81.440,81.860,80.890
2010/10/13,Wed,81.800,81.770,82.020,81.720
2010/10/12,Tue,81.970,81.760,82.360,81.650
2010/10/11,Mon,81.910,82.080,82.200,81.380
2010/10/10,Sun,,,,
2010/10/09,Sat,,,,
2010/10/08,Fri,82.130,81.900,82.590,81.720
2010/10/07,Thu,82.620,82.330,83.040,82.110
2010/10/06,Wed,83.060,82.910,83.280,82.760
2010/10/05,Tue,83.320,83.210,84.000,82.960
2010/10/04,Mon,83.340,83.340,83.880,83.170
2010/10/03,Sun,,,,
2010/10/02,Sat,,,,
2010/10/01,Fri,83.370,83.190,83.600,83.150
2010/09/30,Thu,83.620,83.450,83.830,83.160
2010/09/29,Wed,83.790,83.680,84.090,83.500
2010/09/28,Tue,84.070,83.880,84.360,83.690
2010/09/27,Mon,84.320,84.260,84.410,84.110
2010/09/26,Sun,,,,
2010/09/25,Sat,,,,
2010/09/24,Fri,84.310,84.180,85.410,84.110
2010/09/23,Thu,84.470,84.350,84.690,84.260
2010/09/22,Wed,84.850,84.520,85.200,84.270
2010/09/21,Tue,85.430,85.090,85.790,84.980
2010/09/20,Mon,85.710,85.680,85.820,85.500
2010/09/19,Sun,,,,
2010/09/18,Sat,,,,
2010/09/17,Fri,85.830,85.840,85.940,85.590
2010/09/16,Thu,85.790,85.760,85.940,85.220
2010/09/15,Wed,84.400,85.730,85.790,82.870
2010/09/14,Tue,83.380,83.050,83.770,82.920
2010/09/13,Mon,83.970,83.680,84.380,83.500
2010/09/12,Sun,,,,
2010/09/11,Sat,,,,
2010/09/10,Fri,84.000,84.160,84.400,83.740
2010/09/09,Thu,83.850,83.800,84.040,83.490
2010/09/08,Wed,83.830,83.870,84.050,83.340
2010/09/07,Tue,83.980,83.800,84.280,83.510
2010/09/06,Mon,84.260,84.180,84.510,84.040
2010/09/05,Sun,,,,
2010/09/04,Sat,,,,
2010/09/03,Fri,84.310,84.290,85.240,84.170
2010/09/02,Thu,84.380,84.290,84.570,84.000
2010/09/01,Wed,84.310,84.420,84.680,83.680
2010/08/31,Tue,84.410,84.160,84.690,83.820
2010/08/30,Mon,84.950,84.600,85.950,84.500
2010/08/29,Sun,,,,
2010/08/28,Sat,,,,
2010/08/27,Fri,84.850,85.190,85.500,84.270
2010/08/26,Thu,84.530,84.450,84.920,84.320
2010/08/25,Wed,84.380,84.580,84.850,84.060
2010/08/24,Tue,84.640,84.000,85.230,83.590
2010/08/23,Mon,85.350,85.070,85.710,85.060
2010/08/22,Sun,,,,
2010/08/21,Sat,,,,
2010/08/20,Fri,85.440,85.610,85.870,85.190
2010/08/19,Thu,85.330,85.340,85.940,84.890
2010/08/18,Wed,85.490,85.420,85.720,85.190
2010/08/17,Tue,85.460,85.530,85.720,85.110
2010/08/16,Mon,85.780,85.360,86.290,85.210
2010/08/15,Sun,,,,
2010/08/14,Sat,,,,
2010/08/13,Fri,86.040,86.190,86.400,85.560
2010/08/12,Thu,85.570,85.930,86.060,84.920
2010/08/11,Wed,85.360,85.200,85.510,84.730
2010/08/10,Tue,85.660,85.400,86.250,85.180
2010/08/09,Mon,85.690,85.920,86.010,85.300
2010/08/08,Sun,,,,
2010/08/07,Sat,,,,
2010/08/06,Fri,85.680,85.490,86.240,85.020
2010/08/05,Thu,86.100,85.800,86.500,85.710
2010/08/04,Wed,86.060,86.280,86.430,85.310
2010/08/03,Tue,86.150,85.780,86.680,85.680
2010/08/02,Mon,86.420,86.490,86.900,86.310
2010/08/01,Sun,,,,
2010/07/31,Sat,,,,
2010/07/30,Fri,86.690,86.450,86.950,85.940
2010/07/29,Thu,87.140,86.760,87.530,86.560
2010/07/28,Wed,87.630,87.390,88.140,87.260
2010/07/27,Tue,87.400,87.880,87.990,86.820
2010/07/26,Mon,87.230,86.880,87.730,86.820
2010/07/25,Sun,,,,
2010/07/24,Sat,,,,
2010/07/23,Fri,87.270,87.440,87.540,86.730
2010/07/22,Thu,87.000,86.910,87.240,86.340
2010/07/21,Wed,87.230,87.060,87.490,86.860
2010/07/20,Tue,87.120,87.500,87.600,86.690
2010/07/19,Mon,86.680,86.730,87.230,86.480
2010/07/18,Sun,,,,
2010/07/17,Sat,,,,
2010/07/16,Fri,87.030,86.590,87.520,86.260
2010/07/15,Thu,87.910,87.450,88.450,87.230
2010/07/14,Wed,88.570,88.440,89.130,88.070
2010/07/13,Tue,88.670,88.670,88.890,88.020
2010/07/12,Mon,88.660,88.620,89.170,88.390
2010/07/11,Sun,,,,
2010/07/10,Sat,,,,
2010/07/09,Fri,88.510,88.580,88.730,88.360
2010/07/08,Thu,88.110,88.380,88.660,87.660
2010/07/07,Wed,87.660,87.700,87.790,87.010
2010/07/06,Tue,87.680,87.550,88.010,87.340
2010/07/05,Mon,87.750,87.740,88.020,87.620
2010/07/04,Sun,,,,
2010/07/03,Sat,,,,
2010/07/02,Fri,87.760,87.740,88.230,87.330
2010/07/01,Thu,88.060,87.600,88.580,86.960
2010/06/30,Wed,88.450,88.390,88.780,88.350
2010/06/29,Tue,88.970,88.540,89.440,88.280
2010/06/28,Mon,89.350,89.350,89.490,89.060
2010/06/27,Sun,,,,
2010/06/26,Sat,,,,
2010/06/25,Fri,89.400,89.210,89.790,89.210
2010/06/24,Thu,89.790,89.540,90.000,89.220
2010/06/23,Wed,90.220,89.830,90.600,89.730
2010/06/22,Tue,90.790,90.540,91.090,90.320
2010/06/21,Mon,90.710,91.000,91.400,90.280
2010/06/20,Sun,,,,
2010/06/19,Sat,,,,
2010/06/18,Fri,90.830,90.670,90.940,90.440
2010/06/17,Thu,91.160,90.980,91.400,90.510
2010/06/16,Wed,91.460,91.420,91.780,91.090
2010/06/15,Tue,91.560,91.410,91.680,91.070
2010/06/14,Mon,91.710,91.530,92.050,91.410
2010/06/13,Sun,,,,
2010/06/12,Sat,,,,
2010/06/11,Fri,91.520,91.640,91.760,91.190
2010/06/10,Thu,91.330,91.360,91.440,90.850
2010/06/09,Wed,91.430,91.260,91.630,91.050
2010/06/08,Tue,91.480,91.510,91.900,90.840
2010/06/07,Mon,91.650,91.320,92.050,90.980
2010/06/06,Sun,,,,
2010/06/05,Sat,,,,
2010/06/04,Fri,92.250,91.910,92.840,91.420
2010/06/03,Thu,92.410,92.650,92.770,92.030
2010/06/02,Wed,91.600,92.180,92.340,90.970
2010/06/01,Tue,91.100,91.000,91.380,90.540
2010/05/31,Mon,91.100,91.240,91.590,90.920
2010/05/30,Sun,,,,
2010/05/29,Sat,,,,
2010/05/28,Fri,91.040,91.050,91.400,90.600
2010/05/27,Thu,90.410,91.060,91.090,89.850
2010/05/26,Wed,90.170,89.820,90.580,89.810
2010/05/25,Tue,90.270,90.300,90.360,89.260
2010/05/24,Mon,90.240,90.130,90.560,89.740
2010/05/23,Sun,,,,
2010/05/22,Sat,,,,
2010/05/21,Fri,89.570,90.000,90.400,89.070
2010/05/20,Thu,90.540,89.560,91.850,88.990
2010/05/19,Wed,91.940,91.630,92.100,90.960
2010/05/18,Tue,92.340,92.120,92.890,92.100
2010/05/17,Mon,92.450,92.580,92.680,91.760
2010/05/16,Sun,,,,
2010/05/15,Sat,,,,
2010/05/14,Fri,92.590,92.460,93.020,91.800
2010/05/13,Thu,92.960,92.690,93.580,92.580
2010/05/12,Wed,92.990,93.170,93.270,92.430
2010/05/11,Tue,93.000,92.680,93.250,92.210
2010/05/10,Mon,92.870,93.290,93.490,91.780
2010/05/09,Sun,,,,
2010/05/08,Sat,,,,
2010/05/07,Fri,91.190,91.560,92.920,90.020
2010/05/06,Thu,92.370,90.530,93.970,88.020
2010/05/05,Wed,94.340,93.870,94.970,93.530
2010/05/04,Tue,94.640,94.620,94.980,94.320
2010/05/03,Mon,94.260,94.540,94.770,93.840
2010/05/02,Sun,,,,
2010/05/01,Sat,,,,
2010/04/30,Fri,93.960,93.810,94.560,93.830
2010/04/29,Thu,94.130,94.010,94.250,93.840
2010/04/28,Wed,93.620,94.020,94.310,92.990
2010/04/27,Tue,93.570,93.120,94.000,92.810
2010/04/26,Mon,94.060,93.940,94.350,93.920
2010/04/25,Sun,,,,
2010/04/24,Sat,,,,
2010/04/23,Fri,93.690,93.910,94.300,93.300
2010/04/22,Thu,93.300,93.420,93.610,92.730
2010/04/21,Wed,93.210,93.130,93.420,92.930
2010/04/20,Tue,92.850,93.230,93.360,92.390
2010/04/19,Mon,92.190,92.430,92.470,91.600
2010/04/18,Sun,,,,
2010/04/17,Sat,,,,
2010/04/16,Fri,92.630,92.150,93.150,91.900
2010/04/15,Thu,93.160,92.990,93.530,92.860
2010/04/14,Wed,93.260,93.200,93.640,92.820
2010/04/13,Tue,93.210,93.210,93.360,92.570
2010/04/12,Mon,93.210,93.250,93.620,92.970
2010/04/11,Sun,,,,
2010/04/10,Sat,,,,
2010/04/09,Fri,93.290,93.150,93.760,93.110
2010/04/08,Thu,93.340,93.380,93.460,92.830
2010/04/07,Wed,93.530,93.340,94.240,93.150
2010/04/06,Tue,94.060,93.750,94.330,93.660
2010/04/05,Mon,94.540,94.300,94.670,94.080
2010/04/04,Sun,,,,
2010/04/03,Sat,,,,
2010/04/02,Fri,94.240,94.580,94.690,93.630
2010/04/01,Thu,93.660,93.830,94.020,93.280
2010/03/31,Wed,93.160,93.460,93.620,92.750
2010/03/30,Tue,92.660,92.780,93.010,92.120
2010/03/29,Mon,92.460,92.440,92.760,92.340
2010/03/28,Sun,,,,
2010/03/27,Sat,,,,
2010/03/26,Fri,92.590,92.470,92.850,92.300
2010/03/25,Thu,92.460,92.680,92.910,91.760
2010/03/24,Wed,91.310,92.210,92.360,90.340
2010/03/23,Tue,90.290,90.410,90.480,90.050
2010/03/22,Mon,90.310,90.090,90.730,89.830
2010/03/21,Sun,,,,
2010/03/20,Sat,,,,
2010/03/19,Fri,90.440,90.530,90.700,90.330
2010/03/18,Thu,90.350,90.370,90.650,89.760
2010/03/17,Wed,90.270,90.270,90.680,90.030
2010/03/16,Tue,90.390,90.270,90.700,89.980
2010/03/15,Mon,90.590,90.520,90.780,90.340
2010/03/14,Sun,,,,
2010/03/13,Sat,,,,
2010/03/12,Fri,90.540,90.460,91.040,90.170
2010/03/11,Thu,90.520,90.510,90.700,90.200
2010/03/10,Wed,90.230,90.510,90.760,89.840
2010/03/09,Tue,90.140,89.960,90.320,89.620
2010/03/08,Mon,90.390,90.260,90.650,90.140
2010/03/07,Sun,,,,
2010/03/06,Sat,,,,
2010/03/05,Fri,89.730,90.290,90.590,88.970
2010/03/04,Thu,88.760,89.070,89.230,88.130
2010/03/03,Wed,88.640,88.430,88.960,88.310
2010/03/02,Tue,89.000,88.740,89.380,88.550
2010/03/01,Mon,88.980,89.090,89.440,88.810
2010/02/28,Sun,,,,
2010/02/27,Sat,,,,
2010/02/26,Fri,89.050,88.850,89.450,88.740
2010/02/25,Thu,89.600,89.070,90.310,88.800
2010/02/24,Wed,90.200,90.200,90.360,89.760
2010/02/23,Tue,90.680,90.200,91.290,89.920
2010/02/22,Mon,91.330,91.120,91.840,91.010
2010/02/21,Sun,,,,
2010/02/20,Sat,,,,
2010/02/19,Fri,91.640,91.590,92.070,91.600
2010/02/18,Thu,91.520,91.220,91.760,90.570
2010/02/17,Wed,90.700,91.360,91.380,90.110
2010/02/16,Tue,90.080,90.100,90.490,89.710
2010/02/15,Mon,90.080,89.980,90.210,89.900
2010/02/14,Sun,,,,
2010/02/13,Sat,,,,
2010/02/12,Fri,89.870,90.020,90.350,89.580
2010/02/11,Thu,89.840,89.720,90.120,89.560
2010/02/10,Wed,89.800,89.970,90.050,89.230
2010/02/09,Tue,89.510,89.650,89.810,89.150
2010/02/08,Mon,89.390,89.300,89.550,89.140
2010/02/07,Sun,,,,
2010/02/06,Sat,,,,
2010/02/05,Fri,89.140,89.330,89.800,88.820
2010/02/04,Thu,90.020,88.950,91.060,88.560
2010/02/03,Wed,90.680,90.970,91.220,90.080
2010/02/02,Tue,90.490,90.380,90.900,90.260
2010/02/01,Mon,90.220,90.620,90.890,89.790
2010/01/31,Sun,,,,
2010/01/30,Sat,,,,
2010/01/29,Fri,90.090,90.300,90.900,89.580
2010/01/28,Thu,89.930,89.880,90.510,89.630
2010/01/27,Wed,89.830,90.000,90.060,89.130
2010/01/26,Tue,89.950,89.620,90.520,89.340
2010/01/25,Mon,90.300,90.230,90.320,89.810
2010/01/24,Sun,,,,
2010/01/23,Sat,,,,
2010/01/22,Fri,90.160,89.890,90.520,89.780
2010/01/21,Thu,90.850,90.420,91.830,90.110
2010/01/20,Wed,91.190,91.250,91.400,90.790
2010/01/19,Tue,90.960,91.100,91.240,90.310
2010/01/18,Mon,90.780,90.720,91.060,90.620
2010/01/17,Sun,,,,
2010/01/16,Sat,,,,
2010/01/15,Fri,91.020,90.780,91.310,90.590
2010/01/14,Thu,91.300,91.140,92.010,90.840
2010/01/13,Wed,91.200,91.400,91.520,90.900
2010/01/12,Tue,91.560,90.950,92.350,90.740
2010/01/11,Mon,92.310,92.080,92.590,91.810
2010/01/10,Sun,,,,
2010/01/09,Sat,,,,
2010/01/08,Fri,92.970,92.610,93.610,92.290
2010/01/07,Thu,92.850,93.310,93.500,92.100
2010/01/06,Wed,92.020,92.340,92.700,91.520
2010/01/05,Tue,92.120,91.720,92.520,91.250
2010/01/04,Mon,92.790,92.550,93.140,92.190
2010/01/03,Sun,,,,
2010/01/02,Sat,,,,
2010/01/01,Fri,93.010,93.000,93.050,92.980
2009/12/31,Thu,92.730,92.900,93.140,91.910
2009/12/30,Wed,92.230,92.460,92.740,91.900
2009/12/29,Tue,91.810,92.000,92.070,91.520
2009/12/28,Mon,91.600,91.590,91.730,91.410
2009/12/27,Sun,,,,
2009/12/26,Sat,,,,
2009/12/25,Fri,91.350,91.180,91.620,91.190
2009/12/24,Thu,91.590,91.510,91.780,91.120
2009/12/23,Wed,91.730,91.670,91.860,91.300
2009/12/22,Tue,91.500,91.840,91.860,90.980
2009/12/21,Mon,90.770,91.150,91.230,90.240
2009/12/20,Sun,,,,
2009/12/19,Sat,,,,
2009/12/18,Fri,90.210,90.300,90.850,88.940
2009/12/17,Thu,89.880,89.880,90.380,89.550
2009/12/16,Wed,89.740,89.780,89.990,89.380
2009/12/15,Tue,89.090,89.620,89.950,88.570
2009/12/14,Mon,88.800,88.590,89.300,88.320
2009/12/13,Sun,,,,
2009/12/12,Sat,,,,
2009/12/11,Fri,88.700,89.050,89.710,88.180
2009/12/10,Thu,88.050,88.180,88.430,87.730
2009/12/09,Wed,88.140,87.860,88.610,87.350
2009/12/08,Tue,88.970,88.400,89.440,88.170
2009/12/07,Mon,89.890,89.510,90.270,89.040
2009/12/06,Sun,,,,
2009/12/05,Sat,,,,
2009/12/04,Fri,89.430,90.430,90.750,87.990
2009/12/03,Thu,87.830,88.200,88.450,87.320
2009/12/02,Wed,87.060,87.450,87.560,86.590
2009/12/01,Tue,86.490,86.640,87.460,86.140
2009/11/30,Mon,86.540,86.340,86.930,85.850
2009/11/29,Sun,,,,
2009/11/28,Sat,,,,
2009/11/27,Fri,86.520,86.410,86.960,84.820
2009/11/26,Thu,86.980,86.480,87.470,86.290
2009/11/25,Wed,87.950,87.300,88.630,87.210
2009/11/24,Tue,88.750,88.560,89.000,88.350
2009/11/23,Mon,88.890,88.950,89.170,88.570
2009/11/22,Sun,,,,
2009/11/21,Sat,,,,
2009/11/20,Fri,88.930,88.910,89.100,88.670
2009/11/19,Thu,89.160,89.030,89.420,88.630
2009/11/18,Wed,89.280,89.370,89.500,89.000
2009/11/17,Tue,89.190,89.320,89.490,88.730
2009/11/16,Mon,89.300,89.110,89.710,88.750
2009/11/15,Sun,,,,
2009/11/14,Sat,,,,
2009/11/13,Fri,90.020,89.710,90.400,89.460
2009/11/12,Thu,90.110,90.380,90.560,89.640
2009/11/11,Wed,89.850,89.820,90.030,89.280
2009/11/10,Tue,89.900,89.840,90.160,89.680
2009/11/09,Mon,89.970,89.990,90.240,89.680
2009/11/08,Sun,,,,
2009/11/07,Sat,,,,
2009/11/06,Fri,90.300,89.910,90.820,89.610
2009/11/05,Thu,90.740,90.740,90.820,89.990
2009/11/04,Wed,90.540,90.680,91.160,90.050
2009/11/03,Tue,90.330,90.330,90.530,89.870
2009/11/02,Mon,89.950,90.330,90.640,89.190
2009/11/01,Sun,,,,
2009/10/31,Sat,,,,
2009/10/30,Fri,90.780,90.080,91.540,89.920
2009/10/29,Thu,91.070,91.410,91.590,90.240
2009/10/28,Wed,91.220,90.620,91.750,90.550
2009/10/27,Tue,92.000,91.790,92.270,91.700
2009/10/26,Mon,92.190,92.200,92.270,91.560
2009/10/25,Sun,,,,
2009/10/24,Sat,,,,
2009/10/23,Fri,91.710,92.040,92.120,91.270
2009/10/22,Thu,91.190,91.390,91.670,90.770
2009/10/21,Wed,90.850,90.990,91.200,90.480
2009/10/20,Tue,90.650,90.670,90.980,90.070
2009/10/19,Mon,90.850,90.580,91.050,90.360
2009/10/18,Sun,,,,
2009/10/17,Sat,,,,
2009/10/16,Fri,90.730,90.880,91.300,90.500
2009/10/15,Thu,89.970,90.550,90.770,89.270
2009/10/14,Wed,89.520,89.420,89.890,88.830
2009/10/13,Tue,89.770,89.700,90.170,89.430
2009/10/12,Mon,89.790,89.830,90.430,89.630
2009/10/11,Sun,,,,
2009/10/10,Sat,,,,
2009/10/09,Fri,89.090,89.770,89.870,88.350
2009/10/08,Thu,88.500,88.410,88.650,88.150
2009/10/07,Wed,88.700,88.580,89.260,88.000
2009/10/06,Tue,89.160,88.760,89.650,88.620
2009/10/05,Mon,89.490,89.500,89.970,89.400
2009/10/04,Sun,,,,
2009/10/03,Sat,,,,
2009/10/02,Fri,89.690,89.800,89.870,88.590
2009/10/01,Thu,89.640,89.540,90.140,89.410
2009/09/30,Wed,89.940,89.750,90.340,89.350
2009/09/29,Tue,89.910,90.090,90.360,89.620
2009/09/28,Mon,89.660,89.600,89.790,88.240
2009/09/27,Sun,,,,
2009/09/26,Sat,,,,
2009/09/25,Fri,90.470,89.630,91.110,89.510
2009/09/24,Thu,91.360,91.280,91.580,90.350
2009/09/23,Wed,91.330,91.300,91.530,90.490
2009/09/22,Tue,91.590,91.130,92.060,90.940
2009/09/21,Mon,91.740,92.000,92.470,91.300
2009/09/20,Sun,,,,
2009/09/19,Sat,,,,
2009/09/18,Fri,91.170,91.280,91.490,91.020
2009/09/17,Thu,90.980,91.040,91.500,90.510
2009/09/16,Wed,90.970,90.870,91.230,90.120
2009/09/15,Tue,90.950,91.030,91.540,90.780
2009/09/14,Mon,90.660,90.920,91.110,90.200
2009/09/13,Sun,,,,
2009/09/12,Sat,,,,
2009/09/11,Fri,91.260,90.690,91.760,90.210
2009/09/10,Thu,91.890,91.740,92.240,91.420
2009/09/09,Wed,92.140,92.030,92.590,91.610
2009/09/08,Tue,92.670,92.330,93.030,92.030
2009/09/07,Mon,92.990,92.990,93.290,92.820
2009/09/06,Sun,,,,
2009/09/05,Sat,,,,
2009/09/04,Fri,92.820,92.990,93.160,92.280
2009/09/03,Thu,92.430,92.620,92.780,91.940
2009/09/02,Wed,92.590,92.200,93.030,92.090
2009/09/01,Tue,92.960,92.870,93.360,92.810
2009/08/31,Mon,93.220,93.010,93.480,92.540
2009/08/30,Sun,,,,
2009/08/29,Sat,,,,
2009/08/28,Fri,93.570,93.640,94.040,93.410
2009/08/27,Thu,93.850,93.470,94.190,93.210
2009/08/26,Wed,94.220,94.240,94.510,93.870
2009/08/25,Tue,94.350,94.170,94.540,93.790
2009/08/24,Mon,94.440,94.470,95.030,94.360
2009/08/23,Sun,,,,
2009/08/22,Sat,,,,
2009/08/21,Fri,94.280,94.370,94.680,93.420
2009/08/20,Thu,94.140,94.190,94.530,93.850
2009/08/19,Wed,94.400,94.060,94.930,93.670
2009/08/18,Tue,94.620,94.680,95.260,94.340
2009/08/17,Mon,94.660,94.480,94.800,94.200
2009/08/16,Sun,,,,
2009/08/15,Sat,,,,
2009/08/14,Fri,95.170,94.910,95.410,94.420
2009/08/13,Thu,95.740,95.380,96.450,95.040
2009/08/12,Wed,96.040,96.060,96.500,95.120
2009/08/11,Tue,96.530,95.940,97.090,95.760
2009/08/10,Mon,97.380,97.110,97.570,96.900
2009/08/09,Sun,,,,
2009/08/08,Sat,,,,
2009/08/07,Fri,96.500,97.550,97.730,95.050
2009/08/06,Thu,95.170,95.440,95.780,94.780
2009/08/05,Wed,95.100,94.910,95.400,94.630
2009/08/04,Tue,95.230,95.260,95.460,94.360
2009/08/03,Mon,94.990,95.250,95.390,94.580
2009/08/02,Sun,,,,
2009/08/01,Sat,,,,
2009/07/31,Fri,95.120,94.660,95.810,94.490
2009/07/30,Thu,95.320,95.520,95.850,94.820
2009/07/29,Wed,94.770,95.030,95.260,94.010
2009/07/28,Tue,94.850,94.540,95.240,94.040
2009/07/27,Mon,94.960,95.180,95.360,94.680
2009/07/26,Sun,,,,
2009/07/25,Sat,,,,
2009/07/24,Fri,94.920,94.770,95.070,94.590
2009/07/23,Thu,94.320,94.960,95.240,93.530
2009/07/22,Wed,93.640,93.590,93.830,93.090
2009/07/21,Tue,93.940,93.680,94.350,93.280
2009/07/20,Mon,94.240,94.190,94.770,94.120
2009/07/19,Sun,,,,
2009/07/18,Sat,,,,
2009/07/17,Fri,93.990,94.170,94.370,93.470
2009/07/16,Thu,94.010,93.790,94.390,93.270
2009/07/15,Wed,93.930,94.260,94.450,93.260
2009/07/14,Tue,93.300,93.590,93.700,92.710
2009/07/13,Mon,92.740,92.970,93.040,91.740
2009/07/12,Sun,,,,
2009/07/11,Sat,,,,
2009/07/10,Fri,92.750,92.520,93.180,91.780
2009/07/09,Thu,92.850,92.930,93.480,92.370
2009/07/08,Wed,93.750,92.810,94.770,91.800
2009/07/07,Tue,95.060,94.860,95.420,94.700
2009/07/06,Mon,95.690,95.360,95.970,94.660
2009/07/05,Sun,,,,
2009/07/04,Sat,,,,
2009/07/03,Fri,96.000,96.030,96.120,95.690
2009/07/02,Thu,96.270,95.920,96.850,95.710
2009/07/01,Wed,96.470,96.590,96.950,96.160
2009/06/30,Tue,96.230,96.310,96.520,95.310
2009/06/29,Mon,95.680,96.130,96.170,95.150
2009/06/28,Sun,,,,
2009/06/27,Sat,,,,
2009/06/26,Fri,95.570,95.220,96.030,95.040
2009/06/25,Thu,95.860,95.900,96.520,95.610
2009/06/24,Wed,95.490,95.720,95.950,95.030
2009/06/23,Tue,95.590,95.210,95.890,94.880
2009/06/22,Mon,96.090,95.930,96.260,95.720
2009/06/21,Sun,,,,
2009/06/20,Sat,,,,
2009/06/19,Fri,96.430,96.260,97.150,96.000
2009/06/18,Thu,96.120,96.590,96.680,95.620
2009/06/17,Wed,96.050,95.690,96.710,95.510
2009/06/16,Tue,97.130,96.370,97.770,96.070
2009/06/15,Mon,98.110,97.820,98.540,97.580
2009/06/14,Sun,,,,
2009/06/13,Sat,,,,
2009/06/12,Fri,98.020,98.400,98.450,97.460
2009/06/11,Thu,97.990,97.550,98.440,97.290
2009/06/10,Wed,97.850,98.200,98.440,97.080
2009/06/09,Tue,97.930,97.400,98.520,97.250
2009/06/08,Mon,98.520,98.430,98.770,98.200
2009/06/07,Sun,,,,
2009/06/06,Sat,,,,
2009/06/05,Fri,97.640,98.640,98.870,96.560
2009/06/04,Thu,96.320,96.570,96.930,95.870
2009/06/03,Wed,95.790,95.920,96.410,95.370
2009/06/02,Tue,96.100,95.650,96.590,95.320
2009/06/01,Mon,95.970,96.560,96.720,94.450
2009/05/31,Sun,,,,
2009/05/30,Sat,,,,
2009/05/29,Fri,96.130,95.290,96.940,95.020
2009/05/28,Thu,96.150,96.940,97.190,95.230
2009/05/27,Wed,95.140,95.300,95.500,94.650
2009/05/26,Tue,94.910,95.000,95.110,94.500
2009/05/25,Mon,94.820,94.840,95.180,94.420
2009/05/24,Sun,,,,
2009/05/23,Sat,,,,
2009/05/22,Fri,94.570,94.770,94.870,93.840
2009/05/21,Thu,94.620,94.450,95.150,93.970
2009/05/20,Wed,95.430,94.850,96.220,94.680
2009/05/19,Tue,96.120,96.010,96.700,95.900
2009/05/18,Mon,95.630,96.240,96.440,94.540
2009/05/17,Sun,,,,
2009/05/16,Sat,,,,
2009/05/15,Fri,95.580,95.190,96.100,94.730
2009/05/14,Thu,95.720,95.870,96.080,95.110
2009/05/13,Wed,95.850,95.400,96.620,95.140
2009/05/12,Tue,96.880,96.410,97.760,96.110
2009/05/11,Mon,98.060,97.530,98.790,97.260
2009/05/10,Sun,,,,
2009/05/09,Sat,,,,
2009/05/08,Fri,98.940,98.550,99.500,98.330
2009/05/07,Thu,98.870,99.240,99.530,98.340
2009/05/06,Wed,98.720,98.430,98.970,97.940
2009/05/05,Tue,98.920,98.890,99.200,98.600
2009/05/04,Mon,99.100,98.920,99.540,98.700
2009/05/03,Sun,,,,
2009/05/02,Sat,,,,
2009/05/01,Fri,98.860,99.080,99.550,98.520
2009/04/30,Thu,98.100,98.560,98.950,97.140
2009/04/29,Wed,97.040,97.500,97.830,96.340
2009/04/28,Tue,96.550,96.380,96.680,95.610
2009/04/27,Mon,96.790,96.630,97.070,96.430
2009/04/26,Sun,,,,
2009/04/25,Sat,,,,
2009/04/24,Fri,97.660,97.150,98.000,96.640
2009/04/23,Thu,98.000,98.050,98.410,97.620
2009/04/22,Wed,98.310,97.970,98.670,97.580
2009/04/21,Tue,98.310,98.650,98.840,97.720
2009/04/20,Mon,98.590,97.950,99.370,97.660
2009/04/19,Sun,,,,
2009/04/18,Sat,,,,
2009/04/17,Fri,99.260,99.130,99.720,98.710
2009/04/16,Thu,99.380,99.270,99.500,98.520
2009/04/15,Wed,99.080,99.390,99.630,98.140
2009/04/14,Tue,99.480,98.780,100.380,98.730
2009/04/13,Mon,100.240,100.030,100.700,99.860
2009/04/12,Sun,,,,
2009/04/11,Sat,,,,
2009/04/10,Fri,100.360,100.220,100.700,100.210
2009/04/09,Thu,100.100,100.370,100.560,99.630
2009/04/08,Wed,100.130,99.710,100.770,99.330
2009/04/07,Tue,100.800,100.500,100.930,99.860
2009/04/06,Mon,100.680,100.980,101.430,100.210
2009/04/05,Sun,,,,
2009/04/04,Sat,,,,
2009/04/03,Fri,99.980,100.300,100.360,99.340
2009/04/02,Thu,99.150,99.550,99.890,98.380
2009/04/01,Wed,98.740,98.540,99.400,98.220
2009/03/31,Tue,98.090,98.840,99.360,97.280
2009/03/30,Mon,97.750,97.290,98.230,95.960
2009/03/29,Sun,,,,
2009/03/28,Sat,,,,
2009/03/27,Fri,98.310,97.850,98.790,97.100
2009/03/26,Thu,98.250,98.740,98.850,97.440
2009/03/25,Wed,97.840,97.580,98.340,96.910
2009/03/24,Tue,97.470,97.750,98.450,96.920
2009/03/23,Mon,96.430,97.020,97.350,95.420
2009/03/22,Sun,,,,
2009/03/21,Sat,,,,
2009/03/20,Fri,95.260,95.900,96.210,94.150
2009/03/19,Thu,95.270,94.460,96.530,93.540
2009/03/18,Wed,97.320,95.850,98.820,95.670
2009/03/17,Tue,98.420,98.600,98.950,98.140
2009/03/16,Mon,98.120,98.170,98.600,97.560
2009/03/15,Sun,,,,
2009/03/14,Sat,,,,
2009/03/13,Fri,97.820,97.950,98.570,97.130
2009/03/12,Thu,97.410,97.760,98.340,95.670
2009/03/11,Wed,98.000,97.200,98.830,97.040
2009/03/10,Tue,98.760,98.690,99.090,97.900
2009/03/09,Mon,98.580,98.790,99.110,97.900
2009/03/08,Sun,,,,
2009/03/07,Sat,,,,
2009/03/06,Fri,98.200,98.370,98.500,96.570
2009/03/05,Thu,98.540,97.920,99.660,97.720
2009/03/04,Wed,98.670,99.080,99.450,98.120
2009/03/03,Tue,97.840,98.300,98.540,96.990
2009/03/02,Mon,97.590,97.210,97.820,96.920
2009/03/01,Sun,,,,
2009/02/28,Sat,,,,
2009/02/27,Fri,98.050,97.520,98.480,96.850
2009/02/26,Thu,97.960,98.390,98.650,97.320
2009/02/25,Wed,97.030,97.670,97.760,96.360
2009/02/24,Tue,95.650,96.780,96.910,94.260
2009/02/23,Mon,94.040,94.470,94.890,92.760
2009/02/22,Sun,,,,
2009/02/21,Sat,,,,
2009/02/20,Fri,93.730,93.130,94.370,92.520
2009/02/19,Thu,93.990,94.280,94.440,93.290
2009/02/18,Wed,93.100,93.810,93.890,92.090
2009/02/17,Tue,92.080,92.350,92.700,91.560
2009/02/16,Mon,91.710,91.700,92.000,91.420
2009/02/15,Sun,,,,
2009/02/14,Sat,,,,
2009/02/13,Fri,91.460,91.950,92.030,90.530
2009/02/12,Thu,90.690,90.870,90.990,89.810
2009/02/11,Wed,90.460,90.430,90.720,89.700
2009/02/10,Tue,90.960,90.300,91.610,90.130
2009/02/09,Mon,91.640,91.460,92.260,90.880
2009/02/08,Sun,,,,
2009/02/07,Sat,,,,
2009/02/06,Fri,91.550,91.980,92.170,90.720
2009/02/05,Thu,90.330,91.120,91.960,89.220
2009/02/04,Wed,89.410,89.460,89.780,88.820
2009/02/03,Tue,89.470,89.250,89.920,88.580
2009/02/02,Mon,89.740,89.460,89.950,88.800
2009/02/01,Sun,,,,
2009/01/31,Sat,,,,
2009/01/30,Fri,90.000,89.970,90.100,89.160
2009/01/29,Thu,90.160,89.930,90.590,89.480
2009/01/28,Wed,89.630,90.380,90.660,88.870
2009/01/27,Tue,89.000,88.920,90.040,88.430
2009/01/26,Mon,88.930,89.000,89.660,88.260
2009/01/25,Sun,,,,
2009/01/24,Sat,,,,
2009/01/23,Fri,88.790,88.810,89.520,87.980
2009/01/22,Thu,89.180,88.790,89.440,88.060
2009/01/21,Wed,89.620,89.430,90.160,87.130
2009/01/20,Tue,90.230,89.800,90.900,89.680
2009/01/19,Mon,90.810,90.670,91.280,90.150
2009/01/18,Sun,,,,
2009/01/17,Sat,,,,
2009/01/16,Fri,90.230,90.690,90.830,89.730
2009/01/15,Thu,89.430,89.780,89.970,88.480
2009/01/14,Wed,89.240,89.080,89.880,88.610
2009/01/13,Tue,89.300,89.130,89.850,88.780
2009/01/12,Mon,89.710,89.130,90.210,88.880
2009/01/11,Sun,,,,
2009/01/10,Sat,,,,
2009/01/09,Fri,90.790,90.310,91.540,90.150
2009/01/08,Thu,91.950,91.070,92.910,90.840
2009/01/07,Wed,93.180,92.620,94.070,92.330
2009/01/06,Tue,93.580,93.660,94.600,92.840
2009/01/05,Mon,92.700,93.370,93.570,91.800
2009/01/04,Sun,,,,
2009/01/03,Sat,,,,
2009/01/02,Fri,91.460,92.220,92.350,90.590
2009/01/01,Thu,90.730,90.760,90.960,89.970
2008/12/31,Wed,90.450,90.600,90.950,90.130
2008/12/30,Tue,90.490,90.280,90.870,90.010
2008/12/29,Mon,90.690,90.560,90.740,89.750
2008/12/28,Sun,,,,
2008/12/27,Sat,,,,
2008/12/26,Fri,90.580,90.690,90.820,90.320
2008/12/25,Thu,90.420,90.390,90.980,90.230
2008/12/24,Wed,90.710,90.470,90.950,90.230
2008/12/23,Tue,90.600,90.860,90.960,89.890
2008/12/22,Mon,89.690,90.150,90.430,89.120
2008/12/21,Sun,,,,
2008/12/20,Sat,,,,
2008/12/19,Fri,89.360,89.120,89.800,88.420
2008/12/18,Thu,88.340,89.380,89.940,88.280
2008/12/17,Wed,88.090,87.310,89.120,87.130
2008/12/16,Tue,89.820,88.930,90.670,88.630
2008/12/15,Mon,91.000,90.730,91.190,90.240
2008/12/14,Sun,,,,
2008/12/13,Sat,,,,
2008/12/12,Fri,91.280,91.100,91.810,88.370
2008/12/11,Thu,92.080,91.710,92.870,91.160
2008/12/10,Wed,92.500,92.610,92.990,92.060
2008/12/09,Tue,92.490,92.120,93.040,91.930
2008/12/08,Mon,92.820,92.840,93.760,92.570
2008/12/07,Sun,,,,
2008/12/06,Sat,,,,
2008/12/05,Fri,92.560,92.870,93.220,91.580
2008/12/04,Thu,92.780,92.170,93.400,92.060
2008/12/03,Wed,93.300,93.350,93.580,92.540
2008/12/02,Tue,93.180,93.370,93.760,92.620
2008/12/01,Mon,94.350,93.210,95.490,93.050
2008/11/30,Sun,,,,
2008/11/29,Sat,,,,
2008/11/28,Fri,95.440,95.470,95.700,95.150
2008/11/27,Thu,95.380,95.370,95.680,94.990
2008/11/26,Wed,95.470,95.580,95.860,94.590
2008/11/25,Tue,96.180,95.240,97.170,94.940
2008/11/24,Mon,96.590,97.040,97.210,94.940
2008/11/23,Sun,,,,
2008/11/22,Sat,,,,
2008/11/21,Fri,94.780,95.860,95.990,93.560
2008/11/20,Thu,94.790,94.050,96.160,93.720
2008/11/19,Wed,96.350,95.900,97.030,95.680
2008/11/18,Tue,96.760,96.960,97.410,96.020
2008/11/17,Mon,96.190,96.360,97.490,95.880
2008/11/16,Sun,,,,
2008/11/15,Sat,,,,
2008/11/14,Fri,97.320,96.920,97.850,96.090
2008/11/13,Thu,96.340,97.580,98.060,94.520
2008/11/12,Wed,96.360,94.860,98.030,94.470
2008/11/11,Tue,97.840,97.690,98.230,97.310
2008/11/10,Mon,98.620,97.990,99.440,97.600
2008/11/09,Sun,,,,
2008/11/08,Sat,,,,
2008/11/07,Fri,97.970,98.270,98.510,96.750
2008/11/06,Thu,98.040,97.750,98.470,97.500
2008/11/05,Wed,98.820,98.560,99.870,98.170
2008/11/04,Tue,99.450,99.610,100.530,98.360
2008/11/03,Mon,98.890,99.130,99.570,98.210
2008/11/02,Sun,,,,
2008/11/01,Sat,,,,
2008/10/31,Fri,98.560,98.440,98.960,96.350
2008/10/30,Thu,98.030,98.610,98.960,97.220
2008/10/29,Wed,98.020,97.410,98.970,96.080
2008/10/28,Tue,96.000,98.740,99.130,92.590
2008/10/27,Mon,92.760,92.790,94.410,91.910
2008/10/26,Sun,,,,
2008/10/25,Sat,,,,
2008/10/24,Fri,96.170,94.270,97.830,90.930
2008/10/23,Thu,97.940,97.830,98.190,95.940
2008/10/22,Wed,99.260,97.860,100.500,97.230
2008/10/21,Tue,101.240,100.350,102.150,100.060
2008/10/20,Mon,101.890,101.890,102.400,101.360
2008/10/19,Sun,,,,
2008/10/18,Sat,,,,
2008/10/17,Fri,101.660,101.650,101.760,100.600
2008/10/16,Thu,100.730,101.600,101.710,99.260
2008/10/15,Wed,101.050,99.590,102.060,99.620
2008/10/14,Tue,102.100,102.180,102.930,101.500
2008/10/13,Mon,101.470,101.990,102.260,99.560
2008/10/12,Sun,,,,
2008/10/11,Sat,,,,
2008/10/10,Fri,100.090,100.640,100.700,98.280
2008/10/09,Thu,99.380,99.420,101.390,99.070
2008/10/08,Wed,100.440,99.250,101.580,98.600
2008/10/07,Tue,101.460,101.330,103.110,101.070
2008/10/06,Mon,103.260,101.810,104.900,100.540
2008/10/05,Sun,,,,
2008/10/04,Sat,,,,
2008/10/03,Fri,105.330,105.300,106.100,104.500
2008/10/02,Thu,105.590,105.340,106.230,105.090
2008/10/01,Wed,105.930,105.780,106.500,105.330
2008/09/30,Tue,105.010,106.030,106.430,103.510
2008/09/29,Mon,105.120,104.030,106.890,103.980
2008/09/28,Sun,,,,
2008/09/27,Sat,,,,
2008/09/26,Fri,106.230,105.970,106.350,105.030
2008/09/25,Thu,106.370,106.410,106.930,105.460
2008/09/24,Wed,105.970,106.260,106.320,105.350
2008/09/23,Tue,105.620,105.500,105.990,105.160
2008/09/22,Mon,106.140,105.410,106.980,105.140
2008/09/21,Sun,,,,
2008/09/20,Sat,,,,
2008/09/19,Fri,106.540,107.420,108.070,105.380
2008/09/18,Thu,104.960,105.550,105.750,103.980
2008/09/17,Wed,104.820,104.320,106.550,104.250
2008/09/16,Tue,105.080,105.720,106.170,103.530
2008/09/15,Mon,105.160,104.530,106.640,104.540
2008/09/14,Sun,,,,
2008/09/13,Sat,,,,
2008/09/12,Fri,107.580,107.920,107.990,106.720
2008/09/11,Thu,107.480,107.150,107.710,106.060
2008/09/10,Wed,107.340,107.600,107.910,106.600
2008/09/09,Tue,107.490,106.810,108.180,106.660
2008/09/08,Mon,108.600,108.310,108.960,107.740
2008/09/07,Sun,,,,
2008/09/06,Sat,,,,
2008/09/05,Fri,107.150,107.740,107.800,105.530
2008/09/04,Thu,107.370,106.590,108.480,106.460
2008/09/03,Wed,108.440,108.340,109.060,108.100
2008/09/02,Tue,108.320,108.640,109.170,107.770
2008/09/01,Mon,108.260,108.040,108.650,107.620
2008/08/31,Sun,,,,
2008/08/30,Sat,,,,
2008/08/29,Fri,109.130,108.790,109.500,108.420
2008/08/28,Thu,109.520,109.460,109.650,108.780
2008/08/27,Wed,109.580,109.540,109.880,108.690
2008/08/26,Tue,109.500,109.580,109.900,109.140
2008/08/25,Mon,109.640,109.320,110.290,109.020
2008/08/24,Sun,,,,
2008/08/23,Sat,,,,
2008/08/22,Fri,109.250,110.010,110.120,108.420
2008/08/21,Thu,109.160,108.350,109.800,108.130
2008/08/20,Wed,109.760,109.790,110.240,109.610
2008/08/19,Tue,109.900,109.690,110.220,109.550
2008/08/18,Mon,110.340,110.080,110.450,109.950
2008/08/17,Sun,,,,
2008/08/16,Sat,,,,
2008/08/15,Fri,110.140,110.490,110.620,109.620
2008/08/14,Thu,109.630,109.730,109.950,109.020
2008/08/13,Wed,109.370,109.470,109.660,108.370
2008/08/12,Tue,109.700,109.210,110.310,109.220
2008/08/11,Mon,110.240,110.080,110.340,109.550
2008/08/10,Sun,,,,
2008/08/09,Sat,,,,
2008/08/08,Fri,109.760,110.170,110.320,109.300
2008/08/07,Thu,109.490,109.430,109.650,109.130
2008/08/06,Wed,108.950,109.710,109.840,108.220
2008/08/05,Tue,108.260,108.290,108.380,107.670
2008/08/04,Mon,107.950,108.220,108.290,107.450
2008/08/03,Sun,,,,
2008/08/02,Sat,,,,
2008/08/01,Fri,107.780,107.660,107.870,107.280
2008/07/31,Thu,107.990,107.820,108.320,107.560
2008/07/30,Wed,108.110,108.100,108.290,107.700
2008/07/29,Tue,107.810,108.100,108.270,107.290
2008/07/28,Mon,107.680,107.440,108.040,107.340
2008/07/27,Sun,,,,
2008/07/26,Sat,,,,
2008/07/25,Fri,107.630,107.850,107.940,106.580
2008/07/24,Thu,107.660,107.360,107.960,107.190
2008/07/23,Wed,107.600,107.950,107.980,107.170
2008/07/22,Tue,106.860,107.340,107.420,106.050
2008/07/21,Mon,106.690,106.410,107.120,106.330
2008/07/20,Sun,,,,
2008/07/19,Sat,,,,
2008/07/18,Fri,106.600,106.950,106.980,105.970
2008/07/17,Thu,105.620,106.250,106.840,104.750
2008/07/16,Wed,104.880,105.040,105.190,103.770
2008/07/15,Tue,105.440,104.630,106.250,104.160
2008/07/14,Mon,106.150,106.140,106.780,106.040
2008/07/13,Sun,,,,
2008/07/12,Sat,,,,
2008/07/11,Fri,106.660,106.210,107.280,105.650
2008/07/10,Thu,106.940,107.070,107.370,106.700
2008/07/09,Wed,107.130,106.750,107.610,106.680
2008/07/08,Tue,107.300,107.430,107.530,106.250
2008/07/07,Mon,106.970,107.140,107.750,106.650
2008/07/06,Sun,,,,
2008/07/05,Sat,,,,
2008/07/04,Fri,106.820,106.810,106.880,106.590
2008/07/03,Thu,106.340,106.730,106.880,105.770
2008/07/02,Wed,105.940,105.860,106.750,105.780
2008/07/01,Tue,106.070,106.070,106.340,105.230
2008/06/30,Mon,106.130,106.090,106.460,104.990
2008/06/29,Sun,,,,
2008/06/28,Sat,,,,
2008/06/27,Fri,106.480,106.120,107.180,105.860
2008/06/26,Thu,107.350,106.770,108.190,106.600
2008/06/25,Wed,107.840,107.830,108.370,107.650
2008/06/24,Tue,107.850,107.840,108.170,107.350
2008/06/23,Mon,107.540,107.790,108.040,107.150
2008/06/22,Sun,,,,
2008/06/21,Sat,,,,
2008/06/20,Fri,107.620,107.300,108.060,107.120
2008/06/19,Thu,107.890,108.000,108.050,107.420
2008/06/18,Wed,107.910,107.850,108.380,107.710
2008/06/17,Tue,108.100,107.910,108.340,107.600
2008/06/16,Mon,108.150,108.190,108.580,107.910
2008/06/15,Sun,,,,
2008/06/14,Sat,,,,
2008/06/13,Fri,108.030,108.150,108.370,107.640
2008/06/12,Thu,107.360,107.930,108.070,106.790
2008/06/11,Wed,107.100,106.820,107.750,106.560
2008/06/10,Tue,106.830,107.430,107.460,106.230
2008/06/09,Mon,105.390,106.340,106.370,104.450
2008/06/08,Sun,,,,
2008/06/07,Sat,,,,
2008/06/06,Fri,105.440,104.900,106.310,104.900
2008/06/05,Thu,105.630,105.920,106.290,105.200
2008/06/04,Wed,105.220,105.270,105.340,104.530
2008/06/03,Tue,104.790,105.070,105.450,103.870
2008/06/02,Mon,104.870,104.460,105.500,104.020
2008/06/01,Sun,,,,
2008/05/31,Sat,,,,
2008/05/30,Fri,105.550,105.500,105.710,105.230
2008/05/29,Thu,105.150,105.500,105.820,104.590
2008/05/28,Wed,104.490,104.630,105.210,103.890
2008/05/27,Tue,103.820,104.240,104.340,103.250
2008/05/26,Mon,103.360,103.380,103.500,103.120
2008/05/25,Sun,,,,
2008/05/24,Sat,,,,
2008/05/23,Fri,103.740,103.300,104.200,103.060
2008/05/22,Thu,103.590,104.070,104.380,102.720
2008/05/21,Wed,103.320,102.960,103.690,102.960
2008/05/20,Tue,103.980,103.590,104.470,103.450
2008/05/19,Mon,104.150,104.340,104.630,103.620
2008/05/18,Sun,,,,
2008/05/17,Sat,,,,
2008/05/16,Fri,104.390,104.030,105.060,103.520
2008/05/15,Thu,104.880,104.680,105.290,104.420
2008/05/14,Wed,104.850,105.040,105.450,104.570
2008/05/13,Tue,104.260,104.780,104.880,103.390
2008/05/12,Mon,103.420,103.760,104.000,102.570
2008/05/11,Sun,,,,
2008/05/10,Sat,,,,
2008/05/09,Fri,103.300,102.830,103.910,102.610
2008/05/08,Thu,104.260,103.730,104.940,103.400
2008/05/07,Wed,104.720,104.650,105.560,104.580
2008/05/06,Tue,104.830,104.740,105.040,104.020
2008/05/05,Mon,105.100,104.870,105.530,104.730
2008/05/04,Sun,,,,
2008/05/03,Sat,,,,
2008/05/02,Fri,104.860,105.350,105.580,104.330
2008/05/01,Thu,104.200,104.430,104.540,103.540
2008/04/30,Wed,104.020,103.920,104.760,103.690
2008/04/29,Tue,104.160,104.020,104.330,103.220
2008/04/28,Mon,104.320,104.070,104.790,104.060
2008/04/27,Sun,,,,
2008/04/26,Sat,,,,
2008/04/25,Fri,104.390,104.400,104.770,103.900
2008/04/24,Thu,103.880,104.240,104.480,103.310
2008/04/23,Wed,103.170,103.330,103.700,102.740
2008/04/22,Tue,103.070,102.990,103.420,102.670
2008/04/21,Mon,103.510,103.240,104.020,102.970
2008/04/20,Sun,,,,
2008/04/19,Sat,,,,
2008/04/18,Fri,103.110,103.650,104.600,102.250
2008/04/17,Thu,102.160,102.530,102.700,101.700
2008/04/16,Wed,101.810,101.780,101.880,100.820
2008/04/15,Tue,101.470,101.820,101.870,101.310
2008/04/14,Mon,101.210,101.070,101.570,100.300
2008/04/13,Sun,,,,
2008/04/12,Sat,,,,
2008/04/11,Fri,101.380,100.950,102.200,100.640
2008/04/10,Thu,101.760,101.830,102.080,100.800
2008/04/09,Wed,102.160,101.770,102.790,101.500
2008/04/08,Tue,102.460,102.600,102.760,101.750
2008/04/07,Mon,102.060,102.420,102.790,101.510
2008/04/06,Sun,,,,
2008/04/05,Sat,,,,
2008/04/04,Fri,101.900,101.520,102.670,101.450
2008/04/03,Thu,102.270,102.280,102.940,102.060
2008/04/02,Wed,102.070,102.240,102.800,101.510
2008/04/01,Tue,100.820,101.830,102.090,99.590
2008/03/31,Mon,99.420,99.810,100.090,98.820
2008/03/30,Sun,,,,
2008/03/29,Sat,,,,
2008/03/28,Fri,99.410,99.120,100.300,99.100
2008/03/27,Thu,99.340,99.610,100.070,98.560
2008/03/26,Wed,99.470,98.970,100.270,98.880
2008/03/25,Tue,100.330,100.070,100.940,99.620
2008/03/24,Mon,99.970,100.650,100.850,99.340
2008/03/23,Sun,,,,
2008/03/22,Sat,,,,
2008/03/21,Fri,99.460,99.560,99.720,99.010
2008/03/20,Thu,98.960,99.360,100.150,98.450
2008/03/19,Wed,99.340,98.740,100.160,97.660
2008/03/18,Tue,98.650,99.990,100.040,96.850
2008/03/17,Mon,97.990,97.390,98.640,95.740
2008/03/16,Sun,,,,
2008/03/15,Sat,,,,
2008/03/14,Fri,99.790,98.980,101.090,98.890
2008/03/13,Thu,100.760,100.470,101.690,99.750
2008/03/12,Wed,102.430,101.530,103.410,101.500
2008/03/11,Tue,102.600,103.370,103.540,101.420
2008/03/10,Mon,102.120,101.730,102.420,101.560
2008/03/09,Sun,,,,
2008/03/08,Sat,,,,
2008/03/07,Fri,102.680,102.740,103.130,101.430
2008/03/06,Thu,103.350,102.610,103.990,102.550
2008/03/05,Wed,103.680,104.040,104.140,103.280
2008/03/04,Tue,103.400,103.320,103.570,102.650
2008/03/03,Mon,103.540,103.230,103.650,102.610
2008/03/02,Sun,,,,
2008/03/01,Sat,,,,
2008/02/29,Fri,104.530,103.850,105.170,103.790
2008/02/28,Thu,105.910,105.270,106.600,105.070
2008/02/27,Wed,106.850,106.380,107.410,105.950
2008/02/26,Tue,107.700,107.270,108.100,107.190
2008/02/25,Mon,107.720,108.040,108.170,107.160
2008/02/24,Sun,,,,
2008/02/23,Sat,,,,
2008/02/22,Fri,107.290,107.230,107.540,106.730
2008/02/21,Thu,107.780,107.300,108.300,107.150
2008/02/20,Wed,107.940,108.100,108.300,107.470
2008/02/19,Tue,108.020,107.760,108.270,107.190
2008/02/18,Mon,108.030,108.200,108.290,107.750
2008/02/17,Sun,,,,
2008/02/16,Sat,,,,
2008/02/15,Fri,107.840,107.770,108.310,107.260
2008/02/14,Thu,108.100,107.930,108.530,107.760
2008/02/13,Wed,107.840,108.300,108.360,106.990
2008/02/12,Tue,107.130,107.300,107.510,106.770
2008/02/11,Mon,107.160,106.940,107.560,106.340
2008/02/10,Sun,,,,
2008/02/09,Sat,,,,
2008/02/08,Fri,107.410,107.340,107.680,107.160
2008/02/07,Thu,107.080,107.510,107.780,105.910
2008/02/06,Wed,106.660,106.450,106.830,106.180
2008/02/05,Tue,106.770,106.780,107.700,106.580
2008/02/04,Mon,106.630,106.700,107.020,106.510
2008/02/03,Sun,,,,
2008/02/02,Sat,,,,
2008/02/01,Fri,106.520,106.610,106.720,105.760
2008/01/31,Thu,106.370,106.350,106.810,105.710
2008/01/30,Wed,106.680,106.430,107.420,106.320
2008/01/29,Tue,107.020,107.050,107.180,106.370
2008/01/28,Mon,106.810,106.850,107.070,105.980
2008/01/27,Sun,,,,
2008/01/26,Sat,,,,
2008/01/25,Fri,106.960,106.720,107.820,106.730
2008/01/24,Thu,106.980,106.890,107.100,105.930
2008/01/23,Wed,106.590,106.650,107.250,104.970
2008/01/22,Tue,106.190,106.450,106.960,105.620
2008/01/21,Mon,106.350,106.010,106.960,105.670
2008/01/20,Sun,,,,
2008/01/19,Sat,,,,
2008/01/18,Fri,106.750,106.740,107.530,106.350
2008/01/17,Thu,107.090,106.790,107.820,106.600
2008/01/16,Wed,107.220,107.460,107.790,105.920
2008/01/15,Tue,107.500,106.740,108.310,106.600
2008/01/14,Mon,108.420,108.170,108.920,107.360
2008/01/13,Sun,,,,
2008/01/12,Sat,,,,
2008/01/11,Fri,109.090,108.960,109.690,108.630
2008/01/10,Thu,109.680,109.360,110.070,109.100
2008/01/09,Wed,109.480,109.810,110.000,108.800
2008/01/08,Tue,109.030,108.910,109.770,108.860
2008/01/07,Mon,108.850,109.190,109.620,108.490
2008/01/06,Sun,,,,
2008/01/05,Sat,,,,
2008/01/04,Fri,108.960,108.520,109.570,107.890
2008/01/03,Thu,109.460,109.230,109.740,108.240
2008/01/02,Wed,110.660,109.580,111.970,109.210
2008/01/01,Tue,111.680,111.590,111.820,111.270
2007/12/31,Mon,112.120,111.330,112.490,111.320
2007/12/30,Sun,,,,
2007/12/29,Sat,,,,
2007/12/28,Fri,112.990,112.550,114.010,112.480
2007/12/27,Thu,114.030,113.700,114.600,113.570
2007/12/26,Wed,114.230,114.290,114.380,113.910
2007/12/25,Tue,114.230,114.090,114.350,113.890
2007/12/24,Mon,114.210,114.340,114.490,113.980
2007/12/23,Sun,,,,
2007/12/22,Sat,,,,
2007/12/21,Fri,113.590,114.140,114.210,112.940
2007/12/20,Thu,113.280,113.070,113.400,112.790
2007/12/19,Wed,113.400,113.390,113.480,112.740
2007/12/18,Tue,113.170,113.360,113.510,112.740
2007/12/17,Mon,113.220,112.840,113.480,112.830
2007/12/16,Sun,,,,
2007/12/15,Sat,,,,
2007/12/14,Fri,112.740,113.390,113.520,112.180
2007/12/13,Thu,112.180,112.190,112.390,111.400
2007/12/12,Wed,111.450,112.200,112.420,110.620
2007/12/11,Tue,111.200,110.580,112.090,110.480
2007/12/10,Mon,111.600,111.630,111.840,111.350
2007/12/09,Sun,,,,
2007/12/08,Sat,,,,
2007/12/07,Fri,111.500,111.650,111.760,111.160
2007/12/06,Thu,111.110,111.260,111.440,110.620
2007/12/05,Wed,110.330,110.920,110.970,109.700
2007/12/04,Tue,110.170,109.730,110.510,109.560
2007/12/03,Mon,110.750,110.470,111.000,110.130
2007/12/02,Sun,,,,
2007/12/01,Sat,,,,
2007/11/30,Fri,110.580,111.180,111.250,109.650
2007/11/29,Thu,109.990,109.850,110.310,109.470
2007/11/28,Wed,109.550,110.150,110.450,108.270
2007/11/27,Tue,108.190,108.770,108.940,107.270
2007/11/26,Mon,107.910,107.300,108.750,107.220
2007/11/25,Sun,,,,
2007/11/24,Sat,,,,
2007/11/23,Fri,108.390,108.330,108.600,107.550
2007/11/22,Thu,108.450,108.520,109.070,108.290
2007/11/21,Wed,109.180,108.280,109.900,108.250
2007/11/20,Tue,109.880,109.950,110.500,109.500
2007/11/19,Mon,110.340,109.770,111.010,109.740
2007/11/18,Sun,,,,
2007/11/17,Sat,,,,
2007/11/16,Fri,110.680,110.920,111.220,109.770
2007/11/15,Thu,110.760,110.360,111.620,110.210
2007/11/14,Wed,111.140,111.390,111.690,110.760
2007/11/13,Tue,110.160,110.920,110.960,109.220
2007/11/12,Mon,109.850,109.450,110.700,109.120
2007/11/11,Sun,,,,
2007/11/10,Sat,,,,
2007/11/09,Fri,111.670,110.760,112.870,110.500
2007/11/08,Thu,112.700,112.620,113.300,112.010
2007/11/07,Wed,113.680,112.800,114.770,112.740
2007/11/06,Tue,114.620,114.670,114.780,114.260
2007/11/05,Mon,114.670,114.440,114.810,114.020
2007/11/04,Sun,,,,
2007/11/03,Sat,,,,
2007/11/02,Fri,114.690,114.840,115.280,114.370
2007/11/01,Thu,114.920,114.530,115.920,114.480
2007/10/31,Wed,114.950,115.290,115.480,114.520
2007/10/30,Tue,114.650,114.620,114.950,114.370
2007/10/29,Mon,114.350,114.690,114.900,114.020
2007/10/28,Sun,,,,
2007/10/27,Sat,,,,
2007/10/26,Fri,114.180,114.170,114.510,113.920
2007/10/25,Thu,114.170,114.180,114.510,113.770
2007/10/24,Wed,114.470,114.140,114.940,113.810
2007/10/23,Tue,114.610,114.760,114.980,114.170
2007/10/22,Mon,114.230,114.410,114.600,113.250
2007/10/21,Sun,,,,
2007/10/20,Sat,,,,
2007/10/19,Fri,115.050,114.500,115.700,114.460
2007/10/18,Thu,116.120,115.440,116.630,115.280
2007/10/17,Wed,116.760,116.570,117.140,116.170
2007/10/16,Tue,117.140,116.860,117.460,116.440
2007/10/15,Mon,117.450,117.370,117.910,117.110
2007/10/14,Sun,,,,
2007/10/13,Sat,,,,
2007/10/12,Fri,117.500,117.590,117.670,117.130
2007/10/11,Thu,117.260,117.270,117.770,117.000
2007/10/10,Wed,117.170,117.120,117.520,116.960
2007/10/09,Tue,117.240,117.170,117.420,116.800
2007/10/08,Mon,117.250,117.480,117.600,116.950
2007/10/07,Sun,,,,
2007/10/06,Sat,,,,
2007/10/05,Fri,116.730,116.960,117.180,116.340
2007/10/04,Thu,116.540,116.460,116.770,116.270
2007/10/03,Wed,116.200,116.710,116.780,115.560
2007/10/02,Tue,115.700,115.690,115.960,115.280
2007/10/01,Mon,115.250,115.700,116.030,114.720
2007/09/30,Sun,,,,
2007/09/29,Sat,,,,
2007/09/28,Fri,115.200,114.790,115.600,114.670
2007/09/27,Thu,115.550,115.590,115.830,115.110
2007/09/26,Wed,115.060,115.450,115.730,114.530
2007/09/25,Tue,114.780,114.740,114.920,114.030
2007/09/24,Mon,115.150,114.840,115.330,114.650
2007/09/23,Sun,,,,
2007/09/22,Sat,,,,
2007/09/21,Fri,115.070,115.480,115.850,114.540
2007/09/20,Thu,115.290,114.640,116.020,113.980
2007/09/19,Wed,115.900,115.980,116.310,115.650
2007/09/18,Tue,115.570,116.060,116.310,114.790
2007/09/17,Mon,115.180,115.030,115.360,114.660
2007/09/16,Sun,,,,
2007/09/15,Sat,,,,
2007/09/14,Fri,115.050,115.360,115.390,114.360
2007/09/13,Thu,114.470,115.010,115.480,114.100
2007/09/12,Wed,114.290,114.130,114.380,113.770
2007/09/11,Tue,113.980,114.250,114.370,113.380
2007/09/10,Mon,113.260,113.650,113.930,112.600
2007/09/09,Sun,,,,
2007/09/08,Sat,,,,
2007/09/07,Fri,114.400,113.370,115.560,113.130
2007/09/06,Thu,115.270,115.380,115.510,114.810
2007/09/05,Wed,115.690,115.180,116.460,114.990
2007/09/04,Tue,116.080,116.330,116.400,115.330
2007/09/03,Mon,115.830,115.860,116.130,115.650
2007/09/02,Sun,,,,
2007/09/01,Sat,,,,
2007/08/31,Fri,115.820,115.760,116.540,115.490
2007/08/30,Thu,116.030,115.940,116.100,115.210
2007/08/29,Wed,115.190,116.180,116.250,113.860
2007/08/28,Tue,114.960,114.150,115.730,114.140
2007/08/27,Mon,116.070,115.730,116.710,115.730
2007/08/26,Sun,,,,
2007/08/25,Sat,,,,
2007/08/24,Fri,116.380,116.380,116.480,115.530
2007/08/23,Thu,115.860,116.320,116.960,115.350
2007/08/22,Wed,114.830,115.320,115.570,113.980
2007/08/21,Tue,114.560,114.380,115.200,114.020
2007/08/20,Mon,114.620,114.910,115.410,113.670
2007/08/19,Sun,,,,
2007/08/18,Sat,,,,
2007/08/17,Fri,114.350,114.350,114.650,111.600
2007/08/16,Thu,115.380,114.240,116.630,112.010
2007/08/15,Wed,116.920,116.470,117.590,116.490
2007/08/14,Tue,117.880,117.550,118.510,117.550
2007/08/13,Mon,118.230,118.230,118.530,117.680
2007/08/12,Sun,,,,
2007/08/11,Sat,,,,
2007/08/10,Fri,118.270,118.380,118.660,117.220
2007/08/09,Thu,118.900,118.180,119.770,118.130
2007/08/08,Wed,119.220,119.650,119.820,118.740
2007/08/07,Tue,118.840,118.720,118.910,117.970
2007/08/06,Mon,118.240,118.850,119.100,117.180
2007/08/05,Sun,,,,
2007/08/04,Sat,,,,
2007/08/03,Fri,118.610,118.040,119.320,117.940
2007/08/02,Thu,118.990,119.140,119.380,118.320
2007/08/01,Wed,118.680,118.840,119.010,117.600
2007/07/31,Tue,118.820,118.380,119.440,118.400
2007/07/30,Mon,118.710,119.040,119.180,118.030
2007/07/29,Sun,,,,
2007/07/28,Sat,,,,
2007/07/27,Fri,118.460,118.600,119.290,118.160
2007/07/26,Thu,119.330,118.400,120.730,118.400
2007/07/25,Wed,120.300,120.410,120.600,119.800
2007/07/24,Tue,120.620,120.020,121.080,120.000
2007/07/23,Mon,121.330,121.040,121.520,120.800
2007/07/22,Sun,,,,
2007/07/21,Sat,,,,
2007/07/20,Fri,121.670,121.270,122.430,120.850
2007/07/19,Thu,121.980,122.030,122.180,121.740
2007/07/18,Wed,122.040,121.860,122.260,121.580
2007/07/17,Tue,122.030,122.200,122.410,121.690
2007/07/16,Mon,121.900,121.880,122.140,121.530
2007/07/15,Sun,,,,
2007/07/14,Sat,,,,
2007/07/13,Fri,122.140,121.910,122.600,121.910
2007/07/12,Thu,122.390,122.360,122.570,121.830
2007/07/11,Wed,121.920,122.350,122.510,120.990
2007/07/10,Tue,122.380,121.730,123.480,121.720
2007/07/09,Mon,123.410,123.360,123.680,123.210
2007/07/08,Sun,,,,
2007/07/07,Sat,,,,
2007/07/06,Fri,123.130,123.310,123.490,122.850
2007/07/05,Thu,122.780,122.950,122.990,122.330
2007/07/04,Wed,122.510,122.620,122.710,122.210
2007/07/03,Tue,122.420,122.430,122.640,122.120
2007/07/02,Mon,122.700,122.380,123.290,122.090
2007/07/01,Sun,,,,
2007/06/30,Sat,,,,
2007/06/29,Fri,123.180,123.140,123.540,122.960
2007/06/28,Thu,123.000,123.140,123.340,122.780
2007/06/27,Wed,123.010,122.820,123.200,122.230
2007/06/26,Tue,123.430,123.230,123.630,122.800
2007/06/25,Mon,123.730,123.670,123.950,123.310
2007/06/24,Sun,,,,
2007/06/23,Sat,,,,
2007/06/22,Fri,123.790,123.860,124.150,123.700
2007/06/21,Thu,123.630,123.710,123.780,123.430
2007/06/20,Wed,123.440,123.450,123.670,123.100
2007/06/19,Tue,123.520,123.350,123.700,123.310
2007/06/18,Mon,123.560,123.610,123.730,123.300
2007/06/17,Sun,,,,
2007/06/16,Sat,,,,
2007/06/15,Fri,123.180,123.430,123.630,122.910
2007/06/14,Thu,122.800,122.890,123.110,122.540
2007/06/13,Wed,122.150,122.660,122.770,121.490
2007/06/12,Tue,121.670,121.640,121.860,121.590
2007/06/11,Mon,121.710,121.690,121.840,121.500
2007/06/10,Sun,,,,
2007/06/09,Sat,,,,
2007/06/08,Fri,121.320,121.710,121.800,120.770
2007/06/07,Thu,121.020,120.990,121.520,120.780
2007/06/06,Wed,121.210,121.060,121.490,120.870
2007/06/05,Tue,121.520,121.380,121.910,121.120
2007/06/04,Mon,121.880,121.710,122.080,121.540
2007/06/03,Sun,,,,
2007/06/02,Sat,,,,
2007/06/01,Fri,121.900,122.050,122.130,121.690
2007/05/31,Thu,121.700,121.710,121.910,121.450
2007/05/30,Wed,121.670,121.620,121.780,121.290
2007/05/29,Tue,121.680,121.630,121.800,121.170
2007/05/28,Mon,121.730,121.670,121.810,121.550
2007/05/27,Sun,,,,
2007/05/26,Sat,,,,
2007/05/25,Fri,121.600,121.760,121.850,120.850
2007/05/24,Thu,121.520,121.350,121.660,121.240
2007/05/23,Wed,121.560,121.600,121.860,121.310
2007/05/22,Tue,121.520,121.500,121.630,121.200
2007/05/21,Mon,121.330,121.450,121.620,121.060
2007/05/20,Sun,,,,
2007/05/19,Sat,,,,
2007/05/18,Fri,121.180,121.100,121.400,120.690
2007/05/17,Thu,121.030,121.230,121.350,120.670
2007/05/16,Wed,120.510,120.770,120.820,120.160
2007/05/15,Tue,120.310,120.230,120.540,120.100
2007/05/14,Mon,120.300,120.360,120.460,120.040
2007/05/13,Sun,,,,
2007/05/12,Sat,,,,
2007/05/11,Fri,120.050,120.240,120.280,119.470
2007/05/10,Thu,119.930,119.910,120.540,119.750
2007/05/09,Wed,120.000,120.010,120.150,119.630
2007/05/08,Tue,120.060,119.990,120.120,119.520
2007/05/07,Mon,120.120,120.070,120.160,119.790
2007/05/06,Sun,,,,
2007/05/05,Sat,,,,
2007/05/04,Fri,120.300,120.160,120.440,119.910
2007/05/03,Thu,120.320,120.380,120.470,119.970
2007/05/02,Wed,119.960,120.150,120.270,119.560
2007/05/01,Tue,119.590,119.730,119.890,119.070
2007/04/30,Mon,119.320,119.440,119.740,119.170
2007/04/29,Sun,,,,
2007/04/28,Sat,,,,
2007/04/27,Fri,119.520,119.600,119.770,118.870
2007/04/26,Thu,119.060,119.550,119.650,118.530
2007/04/25,Wed,118.570,118.610,118.810,118.270
2007/04/24,Tue,118.600,118.520,118.930,118.240
2007/04/23,Mon,118.650,118.540,119.010,118.230
2007/04/22,Sun,,,,
2007/04/21,Sat,,,,
2007/04/20,Fri,118.590,118.710,118.970,118.250
2007/04/19,Thu,118.460,118.440,118.550,117.610
2007/04/18,Wed,118.690,118.580,119.240,118.110
2007/04/17,Tue,119.350,118.910,119.790,118.820
2007/04/16,Mon,119.560,119.730,119.880,118.980
2007/04/15,Sun,,,,
2007/04/14,Sat,,,,
2007/04/13,Fri,119.190,119.250,119.450,118.210
2007/04/12,Thu,119.210,119.120,119.500,118.800
2007/04/11,Wed,119.210,119.360,119.500,118.870
2007/04/10,Tue,119.180,119.040,119.320,118.760
2007/04/09,Mon,119.280,119.330,119.390,119.180
2007/04/08,Sun,,,,
2007/04/07,Sat,,,,
2007/04/06,Fri,119.010,119.260,119.390,118.660
2007/04/05,Thu,118.710,118.720,118.940,118.430
2007/04/04,Wed,118.810,118.620,119.030,118.540
2007/04/03,Tue,118.390,118.950,118.990,117.720
2007/04/02,Mon,117.690,117.800,118.030,117.450
2007/04/01,Sun,,,,
2007/03/31,Sat,,,,
2007/03/30,Fri,117.930,117.780,118.320,117.210
2007/03/29,Thu,117.490,118.040,118.090,116.670
2007/03/28,Wed,117.390,116.820,118.000,116.370
2007/03/27,Tue,117.960,117.860,118.380,117.660
2007/03/26,Mon,118.010,118.080,118.390,117.630
2007/03/25,Sun,,,,
2007/03/24,Sat,,,,
2007/03/23,Fri,118.080,118.080,118.250,117.400
2007/03/22,Thu,117.810,118.080,118.260,117.240
2007/03/21,Wed,117.390,117.600,117.930,117.160
2007/03/20,Tue,117.480,117.260,117.970,116.920
2007/03/19,Mon,117.000,117.530,117.740,116.250
2007/03/18,Sun,,,,
2007/03/17,Sat,,,,
2007/03/16,Fri,117.100,116.680,117.360,116.510
2007/03/15,Thu,117.310,117.470,117.750,117.010
2007/03/14,Wed,116.660,117.040,117.220,115.750
2007/03/13,Tue,116.940,116.090,117.710,116.050
2007/03/12,Mon,118.000,117.650,118.470,117.220
2007/03/11,Sun,,,,
2007/03/10,Sat,,,,
2007/03/09,Fri,117.730,118.230,118.360,117.020
2007/03/08,Thu,116.640,117.110,117.430,115.550
2007/03/07,Wed,116.340,116.050,116.850,115.980
2007/03/06,Tue,116.070,116.500,116.770,115.220
2007/03/05,Mon,116.100,115.660,116.450,115.150
2007/03/04,Sun,,,,
2007/03/03,Sat,,,,
2007/03/02,Fri,117.160,116.870,117.810,116.420
2007/03/01,Thu,118.040,117.600,118.820,116.960
2007/02/28,Wed,118.280,118.440,118.720,117.870
2007/02/27,Tue,119.270,117.930,120.710,117.500
2007/02/26,Mon,120.820,120.570,121.030,120.350
2007/02/25,Sun,,,,
2007/02/24,Sat,,,,
2007/02/23,Fri,121.320,121.030,121.630,120.930
2007/02/22,Thu,121.230,121.520,121.610,120.830
2007/02/21,Wed,120.460,120.930,121.140,119.710
2007/02/20,Tue,119.790,119.950,120.320,119.530
2007/02/19,Mon,119.480,119.540,119.730,119.220
2007/02/18,Sun,,,,
2007/02/17,Sat,,,,
2007/02/16,Fri,119.320,119.350,119.550,118.980
2007/02/15,Thu,120.020,119.160,120.560,119.170
2007/02/14,Wed,120.980,120.710,121.350,120.620
2007/02/13,Tue,121.540,121.100,121.880,121.090
2007/02/12,Mon,121.890,121.900,122.070,121.580
2007/02/11,Sun,,,,
2007/02/10,Sat,,,,
2007/02/09,Fri,121.390,121.650,121.750,120.970
2007/02/08,Thu,120.860,121.020,121.420,120.570
2007/02/07,Wed,120.380,120.660,120.800,119.990
2007/02/06,Tue,120.260,120.080,120.570,119.970
2007/02/05,Mon,120.720,120.320,121.110,120.240
2007/02/04,Sun,,,,
2007/02/03,Sat,,,,
2007/02/02,Fri,120.950,121.110,121.300,120.640
2007/02/01,Thu,120.760,120.720,120.880,120.100
2007/01/31,Wed,121.170,120.650,121.740,120.630
2007/01/30,Tue,121.680,121.600,121.970,121.470
2007/01/29,Mon,121.600,121.740,122.120,121.430
2007/01/28,Sun,,,,
2007/01/27,Sat,,,,
2007/01/26,Fri,121.380,121.540,121.640,121.160
2007/01/25,Thu,121.200,121.140,121.290,120.190
2007/01/24,Wed,121.420,121.100,121.770,120.650
2007/01/23,Tue,121.630,121.640,121.750,121.100
2007/01/22,Mon,121.460,121.560,121.760,121.210
2007/01/21,Sun,,,,
2007/01/20,Sat,,,,
2007/01/19,Fri,121.230,121.250,121.460,121.090
2007/01/18,Thu,120.950,121.250,121.550,120.480
2007/01/17,Wed,120.680,120.610,120.880,120.340
2007/01/16,Tue,120.540,120.630,120.760,120.220
2007/01/15,Mon,120.420,120.450,120.600,120.060
2007/01/14,Sun,,,,
2007/01/13,Sat,,,,
2007/01/12,Fri,120.410,120.280,120.720,120.160
2007/01/11,Thu,120.070,120.450,120.580,119.500
2007/01/10,Wed,119.490,119.650,119.740,119.130
2007/01/09,Tue,119.100,119.400,119.500,118.680
2007/01/08,Mon,118.720,118.740,118.830,118.100
2007/01/07,Sun,,,,
2007/01/06,Sat,,,,
2007/01/05,Fri,118.830,118.590,118.970,117.980
2007/01/04,Thu,119.220,119.020,119.500,118.990
2007/01/03,Wed,119.110,119.350,119.680,118.670
2007/01/02,Tue,118.940,118.790,118.990,118.500
2007/01/01,Mon,119.050,119.050,119.070,118.920
2006/12/31,Sun,,,,
2006/12/30,Sat,,,,
2006/12/29,Fri,119.000,119.010,119.170,118.730
2006/12/28,Thu,118.890,118.890,119.020,118.520
2006/12/27,Wed,119.000,118.770,119.180,118.280
2006/12/26,Tue,118.990,119.120,119.220,118.700
2006/12/25,Mon,118.750,118.770,118.970,118.360
2006/12/24,Sun,,,,
2006/12/23,Sat,,,,
2006/12/22,Fri,118.600,118.750,118.970,118.220
2006/12/21,Thu,118.390,118.340,118.500,117.940
2006/12/20,Wed,118.320,118.390,118.510,117.950
2006/12/19,Tue,118.130,118.100,118.290,117.810
2006/12/18,Mon,118.030,118.110,118.260,117.690
2006/12/17,Sun,,,,
2006/12/16,Sat,,,,
2006/12/15,Fri,118.000,118.120,118.310,117.430
2006/12/14,Thu,117.700,117.810,117.880,117.250
2006/12/13,Wed,117.180,117.510,117.620,116.650
2006/12/12,Tue,116.880,116.780,117.210,116.680
2006/12/11,Mon,116.710,116.970,117.230,116.170
2006/12/10,Sun,,,,
2006/12/09,Sat,,,,
2006/12/08,Fri,115.790,116.400,116.480,114.900
2006/12/07,Thu,115.270,115.190,115.370,114.750
2006/12/06,Wed,115.060,115.180,115.340,114.520
2006/12/05,Tue,115.090,114.820,115.420,114.430
2006/12/04,Mon,115.350,115.340,115.800,115.090
2006/12/03,Sun,,,,
2006/12/02,Sat,,,,
2006/12/01,Fri,115.620,115.420,116.320,114.960
2006/11/30,Thu,116.090,115.780,116.530,115.510
2006/11/29,Wed,116.270,116.380,116.470,115.580
2006/11/28,Tue,116.130,116.060,116.400,115.890
2006/11/27,Mon,115.810,116.070,116.370,115.390
2006/11/26,Sun,,,,
2006/11/25,Sat,,,,
2006/11/24,Fri,116.060,115.860,116.460,115.580
2006/11/23,Thu,116.490,116.280,116.820,116.030
2006/11/22,Wed,117.320,116.660,117.920,116.360
2006/11/21,Tue,117.980,117.840,118.220,117.740
2006/11/20,Mon,117.950,118.050,118.200,117.780
2006/11/19,Sun,,,,
2006/11/18,Sat,,,,
2006/11/17,Fri,117.990,117.660,118.460,117.510
2006/11/16,Thu,118.130,118.140,118.310,117.750
2006/11/15,Wed,117.800,117.960,118.190,117.520
2006/11/14,Tue,117.880,117.590,118.040,117.240
2006/11/13,Mon,117.870,118.150,118.270,117.130
2006/11/12,Sun,,,,
2006/11/11,Sat,,,,
2006/11/10,Fri,117.780,117.590,117.890,117.170
2006/11/09,Thu,117.890,117.920,118.530,117.700
2006/11/08,Wed,117.760,117.830,117.980,117.380
2006/11/07,Tue,118.000,117.700,118.280,117.250
2006/11/06,Mon,118.190,118.260,118.450,117.790
2006/11/05,Sun,,,,
2006/11/04,Sat,,,,
2006/11/03,Fri,117.570,118.000,118.180,116.960
2006/11/02,Thu,117.090,117.100,117.370,116.670
2006/11/01,Wed,117.010,117.060,117.190,116.570
2006/10/31,Tue,117.230,116.940,118.030,116.620
2006/10/30,Mon,117.490,117.410,117.600,117.200
2006/10/29,Sun,,,,
2006/10/28,Sat,,,,
2006/10/27,Fri,117.950,117.590,118.680,117.150
2006/10/26,Thu,118.740,118.400,119.000,118.270
2006/10/25,Wed,119.230,119.100,119.390,118.880
2006/10/24,Tue,119.410,119.370,119.640,119.080
2006/10/23,Mon,119.040,119.310,119.390,118.570
2006/10/22,Sun,,,,
2006/10/21,Sat,,,,
2006/10/20,Fri,118.450,118.700,118.790,118.140
2006/10/19,Thu,118.560,118.150,118.980,118.040
2006/10/18,Wed,118.730,118.890,119.170,118.310
2006/10/17,Tue,118.760,118.590,119.120,118.550
2006/10/16,Mon,119.350,119.030,119.780,119.010
2006/10/15,Sun,,,,
2006/10/14,Sat,,,,
2006/10/13,Fri,119.490,119.600,119.870,119.070
2006/10/12,Thu,119.550,119.300,119.770,119.250
2006/10/11,Wed,119.680,119.740,119.820,119.340
2006/10/10,Tue,119.410,119.660,119.770,118.890
2006/10/09,Mon,119.050,119.110,119.280,118.830
2006/10/08,Sun,,,,
2006/10/07,Sat,,,,
2006/10/06,Fri,118.390,119.010,119.070,117.640
2006/10/05,Thu,117.800,117.660,117.880,117.450
2006/10/04,Wed,117.900,117.780,118.250,117.750
2006/10/03,Tue,117.850,117.900,118.040,117.380
2006/10/02,Mon,117.940,117.680,118.380,117.530
2006/10/01,Sun,,,,
2006/09/30,Sat,,,,
2006/09/29,Fri,117.970,118.170,118.190,117.520
2006/09/28,Thu,117.640,117.730,117.910,117.330
2006/09/27,Wed,117.280,117.470,117.610,116.900
2006/09/26,Tue,116.840,117.060,117.230,116.260
2006/09/25,Mon,116.510,116.530,116.710,116.130
2006/09/24,Sun,,,,
2006/09/23,Sat,,,,
2006/09/22,Fri,116.480,116.560,116.600,116.080
2006/09/21,Thu,116.850,116.340,117.400,116.230
2006/09/20,Wed,117.510,117.380,117.640,116.970
2006/09/19,Tue,117.840,117.710,118.090,116.990
2006/09/18,Mon,117.720,117.980,118.260,117.440
2006/09/17,Sun,,,,
2006/09/16,Sat,,,,
2006/09/15,Fri,117.520,117.590,118.050,117.260
2006/09/14,Thu,117.510,117.530,117.760,117.300
2006/09/13,Wed,117.680,117.570,118.000,117.340
2006/09/12,Tue,117.760,117.870,118.070,117.390
2006/09/11,Mon,117.310,117.600,117.760,116.610
2006/09/10,Sun,,,,
2006/09/09,Sat,,,,
2006/09/08,Fri,116.720,116.930,117.000,116.100
2006/09/07,Thu,116.550,116.420,117.010,115.990
2006/09/06,Wed,116.380,116.700,116.900,115.970
2006/09/05,Tue,116.140,116.070,116.210,115.570
2006/09/04,Mon,116.570,115.990,116.950,115.870
2006/09/03,Sun,,,,
2006/09/02,Sat,,,,
2006/09/01,Fri,117.270,117.090,117.460,117.060
2006/08/31,Thu,117.220,117.340,117.470,116.910
2006/08/30,Wed,116.940,116.990,117.280,116.530
2006/08/29,Tue,116.930,116.660,117.230,116.510
2006/08/28,Mon,117.250,117.230,117.310,116.860
2006/08/27,Sun,,,,
2006/08/26,Sat,,,,
2006/08/25,Fri,116.900,117.300,117.380,116.410
2006/08/24,Thu,116.440,116.500,116.580,116.170
2006/08/23,Wed,116.470,116.350,116.590,116.090
2006/08/22,Tue,116.220,116.510,116.850,115.900
2006/08/21,Mon,115.850,115.870,115.990,115.350
2006/08/20,Sun,,,,
2006/08/19,Sat,,,,
2006/08/18,Fri,115.880,115.800,116.070,115.450
2006/08/17,Thu,115.950,115.910,116.140,115.180
2006/08/16,Wed,115.970,115.810,116.360,115.630
2006/08/15,Tue,116.380,116.040,116.670,115.840
2006/08/14,Mon,116.500,116.670,116.760,116.160
2006/08/13,Sun,,,,
2006/08/12,Sat,,,,
2006/08/11,Fri,115.760,116.300,116.420,115.120
2006/08/10,Thu,115.290,115.220,115.610,114.670
2006/08/09,Wed,115.350,115.290,115.720,114.790
2006/08/08,Tue,115.290,115.260,115.550,114.570
2006/08/07,Mon,114.720,115.120,115.200,114.160
2006/08/06,Sun,,,,
2006/08/05,Sat,,,,
2006/08/04,Fri,114.710,114.430,115.520,113.980
2006/08/03,Thu,114.810,114.980,115.300,114.540
2006/08/02,Wed,114.640,114.650,114.820,114.210
2006/08/01,Tue,114.640,114.550,115.280,114.480
2006/07/31,Mon,114.650,114.670,114.800,114.180
2006/07/30,Sun,,,,
2006/07/29,Sat,,,,
2006/07/28,Fri,115.210,114.640,116.000,114.610
2006/07/27,Thu,116.060,115.750,116.400,115.300
2006/07/26,Wed,116.780,116.280,117.190,116.180
2006/07/25,Tue,116.940,117.160,117.350,116.570
2006/07/24,Mon,116.380,116.660,116.880,116.210
2006/07/23,Sun,,,,
2006/07/22,Sat,,,,
2006/07/21,Fri,116.610,116.130,117.010,115.850
2006/07/20,Thu,116.950,117.020,117.100,116.580
2006/07/19,Wed,117.090,116.830,117.870,116.660
2006/07/18,Tue,117.210,117.270,117.570,116.760
2006/07/17,Mon,116.750,117.170,117.270,116.170
2006/07/16,Sun,,,,
2006/07/15,Sat,,,,
2006/07/14,Fri,115.750,116.100,116.390,115.380
2006/07/13,Thu,115.450,115.340,115.490,115.060
2006/07/12,Wed,114.870,115.460,115.660,114.180
2006/07/11,Tue,114.260,114.230,114.570,113.940
2006/07/10,Mon,114.070,114.250,114.350,113.440
2006/07/09,Sun,,,,
2006/07/08,Sat,,,,
2006/07/07,Fri,114.600,114.050,115.290,113.860
2006/07/06,Thu,115.400,115.110,115.700,115.000
2006/07/05,Wed,115.310,115.670,115.760,114.650
2006/07/04,Tue,114.820,114.780,114.980,114.410
2006/07/03,Mon,114.540,114.680,114.940,114.100
2006/07/02,Sun,,,,
2006/07/01,Sat,,,,
2006/06/30,Fri,114.740,114.430,115.210,114.210
2006/06/29,Thu,115.740,115.060,116.620,114.940
2006/06/28,Wed,116.350,116.350,116.490,116.070
2006/06/27,Tue,116.290,116.220,116.630,115.910
2006/06/26,Mon,116.380,116.230,116.530,116.110
2006/06/25,Sun,,,,
2006/06/24,Sat,,,,
2006/06/23,Fri,116.330,116.520,116.590,115.860
2006/06/22,Thu,115.490,116.130,116.270,114.710
2006/06/21,Wed,114.850,114.840,115.150,114.440
2006/06/20,Tue,115.180,114.890,115.620,114.690
2006/06/19,Mon,115.350,115.520,115.740,115.220
2006/06/18,Sun,,,,
2006/06/17,Sat,,,,
2006/06/16,Fri,115.000,115.170,115.200,114.580
2006/06/15,Thu,114.910,114.800,115.160,114.690
2006/06/14,Wed,115.130,115.000,115.390,114.570
2006/06/13,Tue,114.880,115.330,115.440,114.330
2006/06/12,Mon,114.280,114.400,114.520,113.990
2006/06/11,Sun,,,,
2006/06/10,Sat,,,,
2006/06/09,Fri,114.060,113.970,114.270,113.660
2006/06/08,Thu,113.750,114.150,114.600,113.400
2006/06/07,Wed,113.330,113.500,113.690,112.970
2006/06/06,Tue,112.700,113.250,113.530,112.130
2006/06/05,Mon,111.930,112.230,112.330,111.500
2006/06/04,Sun,,,,
2006/06/03,Sat,,,,
2006/06/02,Fri,112.180,111.720,112.910,111.380
2006/06/01,Thu,112.590,112.600,113.310,112.370
2006/05/31,Wed,112.370,112.580,112.690,111.560
2006/05/30,Tue,112.300,112.110,112.730,111.650
2006/05/29,Mon,112.540,112.430,112.680,112.180
2006/05/28,Sun,,,,
2006/05/27,Sat,,,,
2006/05/26,Fri,112.170,112.650,112.790,111.540
2006/05/25,Thu,112.280,111.780,112.870,111.670
2006/05/24,Wed,112.390,112.900,112.960,111.650
2006/05/23,Tue,111.800,111.860,112.100,111.020
2006/05/22,Mon,111.610,111.510,112.930,111.350
2006/05/21,Sun,,,,
2006/05/20,Sat,,,,
2006/05/19,Fri,111.200,111.680,112.190,110.470
2006/05/18,Thu,110.910,110.710,111.210,110.450
2006/05/17,Wed,110.430,110.960,111.270,109.040
2006/05/16,Tue,110.060,109.670,110.820,109.660
2006/05/15,Mon,110.040,110.500,110.670,109.430
2006/05/14,Sun,,,,
2006/05/13,Sat,,,,
2006/05/12,Fri,110.340,110.020,110.620,109.400
2006/05/11,Thu,110.630,110.680,111.510,110.190
2006/05/10,Wed,110.840,110.510,111.240,110.110
2006/05/09,Tue,111.420,111.010,111.930,110.940
2006/05/08,Mon,111.860,111.680,112.150,111.040
2006/05/07,Sun,,,,
2006/05/06,Sat,,,,
2006/05/05,Fri,113.090,112.570,113.980,112.290
2006/05/04,Thu,113.550,113.570,114.130,113.330
2006/05/03,Wed,113.530,113.540,113.850,112.960
2006/05/02,Tue,113.470,113.320,113.970,113.120
2006/05/01,Mon,113.600,113.350,113.790,112.470
2006/04/30,Sun,,,,
2006/04/29,Sat,,,,
2006/04/28,Fri,114.050,113.830,114.460,113.690
2006/04/27,Thu,114.520,114.110,115.060,113.890
2006/04/26,Wed,114.820,114.720,115.320,114.640
2006/04/25,Tue,114.830,114.810,114.980,114.350
2006/04/24,Mon,115.230,114.590,115.910,114.300
2006/04/23,Sun,,,,
2006/04/22,Sat,,,,
2006/04/21,Fri,117.050,116.580,117.710,116.570
2006/04/20,Thu,117.350,117.430,117.830,117.320
2006/04/19,Wed,117.180,117.220,117.900,116.800
2006/04/18,Tue,117.410,117.030,118.190,116.990
2006/04/17,Mon,118.170,117.790,118.490,117.560
2006/04/16,Sun,,,,
2006/04/15,Sat,,,,
2006/04/14,Fri,118.630,118.680,118.730,118.510
2006/04/13,Thu,118.520,118.510,118.790,118.350
2006/04/12,Wed,118.430,118.480,118.600,117.840
2006/04/11,Tue,118.340,118.300,118.850,118.200
2006/04/10,Mon,118.240,118.300,118.680,117.910
2006/04/09,Sun,,,,
2006/04/08,Sat,,,,
2006/04/07,Fri,118.060,118.290,118.370,117.530
2006/04/06,Thu,117.590,117.760,117.900,117.320
2006/04/05,Wed,117.450,117.290,117.730,116.720
2006/04/04,Tue,117.650,117.540,117.950,117.280
2006/04/03,Mon,117.750,117.670,118.710,117.630
2006/04/02,Sun,,,,
2006/04/01,Sat,,,,
2006/03/31,Fri,117.570,117.660,118.060,117.190
2006/03/30,Thu,117.560,117.320,117.900,117.190
2006/03/29,Wed,117.880,117.770,118.190,117.500
2006/03/28,Tue,117.350,117.920,118.010,116.370
2006/03/27,Mon,117.140,116.690,117.630,116.430
2006/03/26,Sun,,,,
2006/03/25,Sat,,,,
2006/03/24,Fri,117.700,117.450,118.430,117.410
2006/03/23,Thu,117.420,117.890,117.960,116.780
2006/03/22,Wed,117.140,116.940,117.400,116.640
2006/03/21,Tue,116.780,117.290,117.350,116.270
2006/03/20,Mon,116.180,116.250,116.430,115.570
2006/03/19,Sun,,,,
2006/03/18,Sat,,,,
2006/03/17,Fri,116.380,115.860,116.950,115.750
2006/03/16,Thu,117.100,116.810,117.870,116.800
2006/03/15,Wed,117.500,117.340,117.740,117.200
2006/03/14,Tue,118.220,117.500,118.760,117.320
2006/03/13,Mon,118.810,118.820,119.200,118.730
2006/03/12,Sun,,,,
2006/03/11,Sat,,,,
2006/03/10,Fri,118.600,118.920,119.130,118.080
2006/03/09,Thu,118.020,118.150,118.370,117.170
2006/03/08,Wed,117.860,117.840,118.010,117.330
2006/03/07,Tue,117.700,117.910,118.010,117.360
2006/03/06,Mon,116.950,117.560,117.670,116.100
2006/03/05,Sun,,,,
2006/03/04,Sat,,,,
2006/03/03,Fri,116.130,116.460,116.720,115.690
2006/03/02,Thu,115.980,115.780,116.390,115.780
2006/03/01,Wed,115.930,116.100,116.290,115.560
2006/02/28,Tue,115.980,115.750,116.450,115.720
2006/02/27,Mon,116.470,116.210,117.120,115.740
2006/02/26,Sun,,,,
2006/02/25,Sat,,,,
2006/02/24,Fri,117.000,116.850,117.130,116.460
2006/02/23,Thu,117.830,117.110,118.480,116.870
2006/02/22,Wed,118.620,118.530,118.880,118.370
2006/02/21,Tue,118.470,118.690,118.990,118.300
2006/02/20,Mon,118.210,118.230,118.360,117.950
2006/02/19,Sun,,,,
2006/02/18,Sat,,,,
2006/02/17,Fri,117.830,118.140,118.870,117.420
2006/02/16,Thu,117.720,117.590,118.180,117.570
2006/02/15,Wed,117.640,117.850,118.090,116.900
2006/02/14,Tue,117.590,117.440,117.710,117.150
2006/02/13,Mon,117.780,117.700,118.230,117.570
2006/02/12,Sun,,,,
2006/02/11,Sat,,,,
2006/02/10,Fri,118.350,117.890,118.910,116.970
2006/02/09,Thu,118.690,118.820,118.920,118.320
2006/02/08,Wed,118.240,118.490,118.770,117.620
2006/02/07,Tue,118.490,118.060,119.170,117.680
2006/02/06,Mon,118.950,119.040,119.100,118.500
2006/02/05,Sun,,,,
2006/02/04,Sat,,,,
2006/02/03,Fri,118.750,118.840,119.350,118.340
2006/02/02,Thu,118.330,118.470,118.660,117.930
2006/02/01,Wed,117.640,118.050,118.120,117.100
2006/01/31,Tue,117.410,117.220,117.780,116.760
2006/01/30,Mon,117.430,117.580,117.790,117.030
2006/01/29,Sun,,,,
2006/01/28,Sat,,,,
2006/01/27,Fri,116.870,117.220,117.450,116.180
2006/01/26,Thu,116.130,116.380,116.530,115.500
2006/01/25,Wed,115.270,115.720,115.920,114.650
2006/01/24,Tue,114.550,114.580,114.890,114.390
2006/01/23,Mon,114.850,114.360,115.250,114.180
2006/01/22,Sun,,,,
2006/01/21,Sat,,,,
2006/01/20,Fri,115.380,115.260,115.700,115.010
2006/01/19,Thu,115.310,115.410,115.560,114.980
2006/01/18,Wed,115.350,115.140,115.820,114.880
2006/01/17,Tue,115.210,115.360,115.910,114.640
2006/01/16,Mon,114.580,114.860,115.130,113.830
2006/01/15,Sun,,,,
2006/01/14,Sat,,,,
2006/01/13,Fri,114.260,114.200,114.770,114.160
2006/01/12,Thu,114.270,114.280,114.540,113.530
2006/01/11,Wed,114.230,114.120,114.870,113.940
2006/01/10,Tue,114.360,114.300,114.750,114.120
2006/01/09,Mon,114.520,114.260,114.730,113.760
2006/01/08,Sun,,,,
2006/01/07,Sat,,,,
2006/01/06,Fri,115.190,114.380,116.270,114.290
2006/01/05,Thu,116.010,115.880,116.410,115.780
2006/01/04,Wed,116.150,115.970,116.400,115.650
2006/01/03,Tue,117.020,116.180,117.850,116.050
2006/01/02,Mon,117.930,117.900,118.040,117.580
2006/01/01,Sun,,,,
2005/12/31,Sat,,,,
2005/12/30,Fri,117.790,117.920,118.130,117.100
2005/12/29,Thu,117.890,117.790,117.980,117.720
2005/12/28,Wed,117.670,117.860,117.950,117.040
2005/12/27,Tue,116.860,117.390,117.470,116.400
2005/12/26,Mon,116.300,116.170,116.560,116.060
2005/12/25,Sun,,,,
2005/12/24,Sat,,,,
2005/12/23,Fri,116.520,116.210,116.900,116.150
2005/12/22,Thu,117.000,116.670,117.610,116.470
2005/12/21,Wed,117.290,117.280,117.520,116.850
2005/12/20,Tue,116.700,117.110,117.290,116.030
2005/12/19,Mon,115.870,116.060,116.540,115.550
2005/12/18,Sun,,,,
2005/12/17,Sat,,,,
2005/12/16,Fri,115.950,115.690,116.470,115.630
2005/12/15,Thu,116.790,116.220,117.640,115.880
2005/12/14,Wed,118.660,117.280,120.150,116.780
2005/12/13,Tue,119.840,119.960,120.440,119.680
2005/12/12,Mon,120.260,119.670,121.050,119.570
2005/12/11,Sun,,,,
2005/12/10,Sat,,,,
2005/12/09,Fri,120.490,120.670,120.750,120.320
2005/12/08,Thu,120.690,120.220,121.120,120.070
2005/12/07,Wed,120.950,121.000,121.180,120.610
2005/12/06,Tue,120.870,120.770,121.220,120.760
2005/12/05,Mon,120.970,120.810,121.390,120.720
2005/12/04,Sun,,,,
2005/12/03,Sat,,,,
2005/12/02,Fri,120.600,120.530,121.150,120.200
2005/12/01,Thu,120.220,120.500,120.700,119.680
2005/11/30,Wed,119.740,119.800,119.860,119.250
2005/11/29,Tue,119.280,119.610,119.740,118.840
2005/11/28,Mon,119.250,118.780,119.910,118.450
2005/11/27,Sun,,,,
2005/11/26,Sat,,,,
2005/11/25,Fri,119.290,119.600,119.740,119.000
2005/11/24,Thu,118.820,118.940,118.990,118.540
2005/11/23,Wed,118.730,118.710,119.010,118.260
2005/11/22,Tue,118.880,118.760,119.490,118.700
2005/11/21,Mon,119.130,118.950,119.410,118.570
2005/11/20,Sun,,,,
2005/11/19,Sat,,,,
2005/11/18,Fri,118.930,119.110,119.390,118.750
2005/11/17,Thu,119.020,118.710,119.220,118.500
2005/11/16,Wed,119.040,119.120,119.550,118.820
2005/11/15,Tue,118.870,118.860,119.360,118.740
2005/11/14,Mon,118.400,118.740,118.920,117.850
2005/11/13,Sun,,,,
2005/11/12,Sat,,,,
2005/11/11,Fri,118.130,117.850,118.210,117.660
2005/11/10,Thu,117.890,118.210,118.250,117.460
2005/11/09,Wed,117.390,117.550,117.750,116.890
2005/11/08,Tue,117.480,117.220,117.980,117.090
2005/11/07,Mon,117.970,117.600,118.340,117.480
2005/11/06,Sun,,,,
2005/11/05,Sat,,,,
2005/11/04,Fri,117.760,118.220,118.350,117.190
2005/11/03,Thu,117.050,117.150,117.390,116.800
2005/11/02,Wed,116.790,116.800,117.000,116.650
2005/11/01,Tue,116.580,116.670,116.770,116.410
2005/10/31,Mon,116.060,116.380,116.550,115.580
2005/10/30,Sun,,,,
2005/10/29,Sat,,,,
2005/10/28,Fri,115.540,115.680,115.750,115.130
2005/10/27,Thu,115.650,115.430,116.190,114.940
2005/10/26,Wed,115.460,115.840,115.950,114.960
2005/10/25,Tue,115.190,114.970,115.700,114.630
2005/10/24,Mon,115.650,115.440,115.950,115.120
2005/10/23,Sun,,,,
2005/10/22,Sat,,,,
2005/10/21,Fri,115.630,115.910,116.000,115.070
2005/10/20,Thu,115.350,115.340,115.730,115.290
2005/10/19,Wed,115.530,115.290,115.980,115.240
2005/10/18,Tue,115.320,115.710,115.910,115.080
2005/10/17,Mon,114.560,114.910,115.040,113.810
2005/10/16,Sun,,,,
2005/10/15,Sat,,,,
2005/10/14,Fri,114.240,114.090,114.870,113.900
2005/10/13,Thu,114.410,114.520,115.040,114.270
2005/10/12,Wed,114.430,114.340,114.740,114.280
2005/10/11,Tue,114.340,114.480,114.610,113.820
2005/10/10,Mon,113.940,114.080,114.310,113.590
2005/10/09,Sun,,,,
2005/10/08,Sat,,,,
2005/10/07,Fri,113.500,113.820,113.980,113.250
2005/10/06,Thu,113.570,113.170,114.090,113.090
2005/10/05,Wed,114.000,113.860,114.370,113.610
2005/10/04,Tue,114.260,114.260,114.410,114.040
2005/10/03,Mon,113.820,114.110,114.360,113.490
2005/10/02,Sun,,,,
2005/10/01,Sat,,,,
2005/09/30,Fri,113.310,113.490,113.670,112.960
2005/09/29,Thu,113.090,113.050,113.240,112.710
2005/09/28,Wed,113.140,113.040,113.410,112.880
2005/09/27,Tue,112.710,113.260,113.470,112.230
2005/09/26,Mon,112.320,112.140,112.600,112.130
2005/09/25,Sun,,,,
2005/09/24,Sat,,,,
2005/09/23,Fri,112.140,112.500,112.610,111.240
2005/09/22,Thu,111.480,111.650,111.790,111.040
2005/09/21,Wed,111.640,111.280,111.970,111.040
2005/09/20,Tue,111.750,111.950,112.000,111.200
2005/09/19,Mon,111.500,111.510,111.680,111.210
2005/09/18,Sun,,,,
2005/09/17,Sat,,,,
2005/09/16,Fri,110.970,111.320,111.470,110.490
2005/09/15,Thu,110.520,110.640,110.730,110.210
2005/09/14,Wed,110.500,110.340,110.760,109.940
2005/09/13,Tue,110.520,110.700,110.990,110.180
2005/09/12,Mon,109.780,110.360,110.410,109.160
2005/09/11,Sun,,,,
2005/09/10,Sat,,,,
2005/09/09,Fri,110.110,109.690,110.740,109.490
2005/09/08,Thu,110.280,110.500,110.620,110.020
2005/09/07,Wed,109.830,110.030,110.280,109.430
2005/09/06,Tue,109.370,109.640,109.810,109.170
2005/09/05,Mon,109.450,109.150,109.780,108.800
2005/09/04,Sun,,,,
2005/09/03,Sat,,,,
2005/09/02,Fri,109.850,109.920,110.020,109.230
2005/09/01,Thu,110.220,109.760,110.910,109.700
2005/08/31,Wed,110.950,110.610,111.760,110.500
2005/08/30,Tue,110.980,111.210,111.570,110.520
2005/08/29,Mon,110.430,110.630,110.720,109.850
2005/08/28,Sun,,,,
2005/08/27,Sat,,,,
2005/08/26,Fri,110.100,110.090,110.370,109.470
2005/08/25,Thu,110.150,110.070,110.450,109.790
2005/08/24,Wed,110.080,110.150,110.710,109.940
2005/08/23,Tue,109.830,109.940,110.160,109.640
2005/08/22,Mon,110.090,109.750,110.540,109.450
2005/08/21,Sun,,,,
2005/08/20,Sat,,,,
2005/08/19,Fri,110.510,110.470,110.820,110.350
2005/08/18,Thu,110.160,110.520,110.630,109.850
2005/08/17,Wed,109.690,109.840,110.030,109.410
2005/08/16,Tue,109.460,109.540,109.660,109.040
2005/08/15,Mon,109.390,109.220,109.770,109.220
2005/08/14,Sun,,,,
2005/08/13,Sat,,,,
2005/08/12,Fri,109.520,109.360,109.910,109.320
2005/08/11,Thu,110.190,109.570,110.670,109.570
2005/08/10,Wed,111.240,110.610,111.850,110.450
2005/08/09,Tue,112.020,111.960,112.210,111.670
2005/08/08,Mon,112.180,112.150,112.560,111.580
2005/08/07,Sun,,,,
2005/08/06,Sat,,,,
2005/08/05,Fri,111.560,111.870,112.190,111.170
2005/08/04,Thu,111.170,111.190,111.560,110.820
2005/08/03,Wed,111.280,111.040,111.920,111.000
2005/08/02,Tue,111.880,111.370,112.300,111.190
2005/08/01,Mon,112.490,112.230,112.720,111.750
2005/07/31,Sun,,,,
2005/07/30,Sat,,,,
2005/07/29,Fri,112.480,112.510,112.690,112.010
2005/07/28,Thu,112.290,112.120,112.820,112.030
2005/07/27,Wed,112.470,112.380,112.790,112.180
2005/07/26,Tue,111.950,112.540,112.600,111.500
2005/07/25,Mon,111.410,111.390,111.960,111.340
2005/07/24,Sun,,,,
2005/07/23,Sat,,,,
2005/07/22,Fri,110.870,111.330,111.450,110.430
2005/07/21,Thu,111.570,110.270,112.830,109.920
2005/07/20,Wed,112.800,112.870,113.700,112.590
2005/07/19,Tue,112.350,112.680,112.980,111.860
2005/07/18,Mon,112.120,111.900,112.350,111.560
2005/07/17,Sun,,,,
2005/07/16,Sat,,,,
2005/07/15,Fri,112.250,112.210,112.390,111.760
2005/07/14,Thu,112.090,112.330,112.390,111.710
2005/07/13,Wed,111.390,111.840,112.230,110.940
2005/07/12,Tue,111.320,110.770,111.790,110.770
2005/07/11,Mon,111.980,111.760,112.250,111.680
2005/07/10,Sun,,,,
2005/07/09,Sat,,,,
2005/07/08,Fri,112.170,112.230,112.520,111.870
2005/07/07,Thu,112.130,111.990,112.310,111.540
2005/07/06,Wed,111.950,112.130,112.290,111.520
2005/07/05,Tue,111.620,111.680,112.100,111.470
2005/07/04,Mon,111.660,111.590,111.810,111.320
2005/07/03,Sun,,,,
2005/07/02,Sat,,,,
2005/07/01,Fri,111.290,111.710,111.840,110.670
2005/06/30,Thu,110.610,110.800,110.970,110.070
2005/06/29,Wed,110.150,110.410,110.600,109.780
2005/06/28,Tue,109.570,109.880,110.070,109.290
2005/06/27,Mon,109.240,109.210,109.440,109.180
2005/06/26,Sun,,,,
2005/06/25,Sat,,,,
2005/06/24,Fri,109.020,109.030,109.380,108.880
2005/06/23,Thu,108.880,108.890,108.970,108.470
2005/06/22,Wed,108.590,108.830,109.080,108.340
2005/06/21,Tue,108.810,108.160,109.510,108.160
2005/06/20,Mon,109.120,109.270,109.540,108.650
2005/06/19,Sun,,,,
2005/06/18,Sat,,,,
2005/06/17,Fri,108.760,108.500,109.050,108.490
2005/06/16,Thu,109.040,108.890,109.390,108.700
2005/06/15,Wed,109.300,109.190,109.660,109.140
2005/06/14,Tue,109.480,109.450,109.630,109.100
2005/06/13,Mon,109.060,109.500,109.690,108.480
2005/06/12,Sun,,,,
2005/06/11,Sat,,,,
2005/06/10,Fri,108.060,108.650,108.720,107.360
2005/06/09,Thu,107.350,107.360,107.730,107.110
2005/06/08,Wed,106.920,107.190,107.380,106.570
2005/06/07,Tue,106.760,106.610,107.010,106.540
2005/06/06,Mon,107.320,106.880,107.840,106.710
2005/06/05,Sun,,,,
2005/06/04,Sat,,,,
2005/06/03,Fri,107.960,107.580,108.270,107.500
2005/06/02,Thu,108.420,108.250,108.750,108.110
2005/06/01,Wed,108.570,108.650,108.840,108.140
2005/05/31,Tue,108.260,108.500,108.580,107.740
2005/05/30,Mon,108.000,107.970,108.160,107.760
2005/05/29,Sun,,,,
2005/05/28,Sat,,,,
2005/05/27,Fri,107.990,107.970,108.090,107.760
2005/05/26,Thu,107.820,107.940,108.240,107.660
2005/05/25,Wed,107.630,107.680,107.850,107.280
2005/05/24,Tue,107.670,107.510,107.780,107.230
2005/05/23,Mon,107.940,107.630,108.260,107.570
2005/05/22,Sun,,,,
2005/05/21,Sat,,,,
2005/05/20,Fri,107.910,108.130,108.290,107.430
2005/05/19,Thu,107.330,107.640,107.700,106.980
2005/05/18,Wed,107.250,107.000,107.750,106.760
2005/05/17,Tue,107.150,107.490,107.560,106.580
2005/05/16,Mon,107.150,106.780,107.770,106.720
2005/05/15,Sun,,,,
2005/05/14,Sat,,,,
2005/05/13,Fri,107.090,107.290,107.430,106.700
2005/05/12,Thu,106.340,106.840,106.910,105.700
2005/05/11,Wed,105.690,105.810,105.900,105.010
2005/05/10,Tue,105.630,105.530,105.950,105.390
2005/05/09,Mon,105.400,105.630,105.720,105.140
2005/05/08,Sun,,,,
2005/05/07,Sat,,,,
2005/05/06,Fri,104.760,105.010,105.120,104.530
2005/05/05,Thu,104.540,104.450,104.670,104.240
2005/05/04,Wed,104.760,104.530,104.970,104.220
2005/05/03,Tue,105.050,105.090,105.340,104.870
2005/05/02,Mon,105.100,105.070,105.430,104.930
2005/05/01,Sun,,,,
2005/04/30,Sat,,,,
2005/04/29,Fri,105.410,104.660,106.130,104.600
2005/04/28,Thu,106.040,106.110,106.270,105.670
2005/04/27,Wed,106.000,105.870,106.350,105.700
2005/04/26,Tue,105.940,106.060,106.160,105.580
2005/04/25,Mon,105.640,105.630,106.060,105.550
2005/04/24,Sun,,,,
2005/04/23,Sat,,,,
2005/04/22,Fri,106.480,105.990,106.940,105.810
2005/04/21,Thu,106.940,106.860,107.420,106.710
2005/04/20,Wed,106.860,106.850,107.450,106.680
2005/04/19,Tue,107.120,106.740,107.510,106.720
2005/04/18,Mon,107.530,107.450,108.020,107.310
2005/04/17,Sun,,,,
2005/04/16,Sat,,,,
2005/04/15,Fri,108.020,107.810,108.530,107.490
2005/04/14,Thu,107.810,108.210,108.380,107.290
2005/04/13,Wed,107.510,107.290,107.840,107.180
2005/04/12,Tue,107.790,107.680,108.420,107.530
2005/04/11,Mon,108.070,107.750,108.500,107.680
2005/04/10,Sun,,,,
2005/04/09,Sat,,,,
2005/04/08,Fri,108.420,108.190,108.880,108.170
2005/04/07,Thu,108.660,108.620,108.810,108.140
2005/04/06,Wed,108.460,108.680,108.770,107.890
2005/04/05,Tue,108.280,108.170,108.880,108.080
2005/04/04,Mon,107.960,108.300,108.400,107.600
2005/04/03,Sun,,,,
2005/04/02,Sat,,,,
2005/04/01,Fri,107.360,107.580,107.760,106.880
2005/03/31,Thu,107.350,107.090,107.530,106.730
2005/03/30,Wed,107.560,107.470,107.650,107.120
2005/03/29,Tue,107.380,107.500,107.610,106.960
2005/03/28,Mon,106.760,107.070,107.350,106.420
2005/03/27,Sun,,,,
2005/03/26,Sat,,,,
2005/03/25,Fri,106.350,106.390,106.530,106.280
2005/03/24,Thu,106.150,106.330,106.570,105.920
2005/03/23,Wed,105.760,106.020,106.150,105.300
2005/03/22,Tue,105.420,105.540,105.690,104.900
2005/03/21,Mon,104.990,105.100,105.450,104.690
2005/03/20,Sun,,,,
2005/03/19,Sat,,,,
2005/03/18,Fri,104.650,104.730,105.000,104.520
2005/03/17,Thu,104.350,104.510,104.820,104.120
2005/03/16,Wed,104.390,104.150,104.640,103.940
2005/03/15,Tue,104.700,104.490,105.020,104.170
2005/03/14,Mon,104.340,104.880,105.200,103.750
2005/03/13,Sun,,,,
2005/03/12,Sat,,,,
2005/03/11,Fri,104.060,103.970,104.250,103.780
2005/03/10,Thu,104.060,104.020,104.320,103.780
2005/03/09,Wed,104.320,103.960,104.740,103.690
2005/03/08,Tue,104.950,104.670,105.170,104.410
2005/03/07,Mon,104.980,105.200,105.350,104.580
2005/03/06,Sun,,,,
2005/03/05,Sat,,,,
2005/03/04,Fri,105.040,104.720,105.550,104.390
2005/03/03,Thu,105.010,105.220,105.350,104.760
2005/03/02,Wed,104.600,104.700,105.100,104.400
2005/03/01,Tue,104.510,104.420,104.780,104.180
2005/02/28,Mon,104.950,104.560,105.090,104.140
2005/02/27,Sun,,,,
2005/02/26,Sat,,,,
2005/02/25,Fri,105.320,105.210,105.560,105.060
2005/02/24,Thu,105.120,105.300,105.540,104.650
2005/02/23,Wed,104.440,104.840,105.110,104.090
2005/02/22,Tue,104.800,104.040,105.570,103.860
2005/02/21,Mon,105.640,105.580,105.800,105.410
2005/02/20,Sun,,,,
2005/02/19,Sat,,,,
2005/02/18,Fri,105.600,105.610,105.830,105.210
2005/02/17,Thu,105.490,105.500,105.780,105.190
2005/02/16,Wed,104.920,105.390,105.690,104.490
2005/02/15,Tue,104.760,104.390,105.380,104.300
2005/02/14,Mon,105.290,105.150,105.530,104.660
2005/02/13,Sun,,,,
2005/02/12,Sat,,,,
2005/02/11,Fri,105.790,105.680,105.920,105.500
2005/02/10,Thu,105.730,105.830,106.700,105.450
2005/02/09,Wed,105.710,105.630,105.960,105.330
2005/02/08,Tue,105.330,105.740,105.940,104.820
2005/02/07,Mon,104.630,104.860,104.980,104.120
2005/02/06,Sun,,,,
2005/02/05,Sat,,,,
2005/02/04,Fri,104.300,104.090,104.600,103.530
2005/02/03,Thu,104.040,104.450,104.720,103.620
2005/02/02,Wed,103.640,103.640,104.030,103.380
2005/02/01,Tue,103.690,103.710,104.100,103.540
2005/01/31,Mon,103.630,103.640,103.790,103.380
2005/01/30,Sun,,,,
2005/01/29,Sat,,,,
2005/01/28,Fri,103.160,103.340,103.690,102.570
2005/01/27,Thu,102.850,103.140,103.510,102.820
2005/01/26,Wed,103.560,103.000,104.110,102.820
2005/01/25,Tue,103.380,104.060,104.310,102.570
2005/01/24,Mon,102.700,102.590,102.970,102.570
2005/01/23,Sun,,,,
2005/01/22,Sat,,,,
2005/01/21,Fri,103.050,102.690,103.890,102.640
2005/01/20,Thu,103.090,103.300,103.530,102.510
2005/01/19,Wed,102.530,102.810,102.930,102.130
2005/01/18,Tue,102.190,102.280,102.960,102.150
2005/01/17,Mon,102.060,102.050,102.230,101.730
2005/01/16,Sun,,,,
2005/01/15,Sat,,,,
2005/01/14,Fri,102.240,102.010,103.130,101.870
2005/01/13,Thu,102.400,102.390,102.780,102.290
2005/01/12,Wed,102.890,102.410,103.530,102.180
2005/01/11,Tue,103.830,103.340,104.280,103.140
2005/01/10,Mon,104.590,104.190,104.810,104.110
2005/01/09,Sun,,,,
2005/01/08,Sat,,,,
2005/01/07,Fri,104.880,104.780,105.130,103.970
2005/01/06,Thu,104.580,105.060,105.140,103.900
2005/01/05,Wed,104.370,104.080,104.910,103.800
2005/01/04,Tue,103.680,104.600,104.730,102.510
2005/01/03,Mon,102.750,102.710,103.370,102.350
2005/01/02,Sun,,,,
2005/01/01,Sat,,,,
2004/12/31,Fri,102.850,102.450,103.080,102.340
2004/12/30,Thu,103.460,103.100,104.190,102.930
2004/12/29,Wed,103.460,103.760,104.270,103.100
2004/12/28,Tue,103.070,103.050,103.310,102.870
2004/12/27,Mon,103.390,102.970,104.060,102.820
2004/12/26,Sun,,,,
2004/12/25,Sat,,,,
2004/12/24,Fri,103.630,103.660,103.790,103.490
2004/12/23,Thu,103.900,103.580,104.230,103.550
2004/12/22,Wed,104.320,104.190,104.480,103.930
2004/12/21,Tue,104.230,104.330,104.620,103.750
2004/12/20,Mon,104.040,104.040,104.490,103.900
2004/12/19,Sun,,,,
2004/12/18,Sat,,,,
2004/12/17,Fri,104.480,104.150,104.740,104.110
2004/12/16,Thu,104.500,104.740,104.960,103.530
2004/12/15,Wed,104.910,104.340,105.670,104.010
2004/12/14,Tue,105.150,105.510,105.740,104.630
2004/12/13,Mon,105.120,104.830,105.510,104.600
2004/12/12,Sun,,,,
2004/12/11,Sat,,,,
2004/12/10,Fri,104.950,105.140,106.070,104.680
2004/12/09,Thu,104.340,104.570,105.000,103.920
2004/12/08,Wed,103.470,104.040,104.910,102.810
2004/12/07,Tue,103.070,102.870,103.280,102.440
2004/12/06,Mon,102.680,103.200,103.320,101.990
2004/12/05,Sun,,,,
2004/12/04,Sat,,,,
2004/12/03,Fri,102.650,102.060,103.570,102.050
2004/12/02,Thu,102.930,103.170,103.350,101.940
2004/12/01,Wed,102.770,102.630,103.030,102.610
2004/11/30,Tue,102.950,102.900,103.290,102.520
2004/11/29,Mon,102.790,102.830,103.060,102.560
2004/11/28,Sun,,,,
2004/11/27,Sat,,,,
2004/11/26,Fri,102.570,102.540,103.210,102.210
2004/11/25,Thu,102.650,102.550,102.960,102.390
2004/11/24,Wed,103.060,102.800,103.660,102.600
2004/11/23,Tue,103.230,103.300,103.650,102.970
2004/11/22,Mon,103.240,103.210,103.380,103.020
2004/11/21,Sun,,,,
2004/11/20,Sat,,,,
2004/11/19,Fri,103.680,103.070,104.360,102.770
2004/11/18,Thu,104.130,104.220,104.380,103.670
2004/11/17,Wed,104.690,104.000,105.510,103.850
2004/11/16,Tue,105.320,105.340,105.590,105.220
2004/11/15,Mon,105.430,105.250,105.630,105.200
2004/11/14,Sun,,,,
2004/11/13,Sat,,,,
2004/11/12,Fri,106.090,105.540,106.760,105.400
2004/11/11,Thu,106.900,106.580,107.100,106.560
2004/11/10,Wed,106.400,107.130,107.300,105.700
2004/11/09,Tue,105.620,105.730,105.910,105.490
2004/11/08,Mon,105.430,105.500,105.720,105.320
2004/11/07,Sun,,,,
2004/11/06,Sat,,,,
2004/11/05,Fri,105.820,105.570,106.480,105.520
2004/11/04,Thu,106.140,106.010,106.470,105.800
2004/11/03,Wed,106.160,106.250,106.870,105.990
2004/11/02,Tue,106.240,106.120,106.740,106.050
2004/11/01,Mon,106.200,106.420,106.550,105.770
2004/10/31,Sun,,,,
2004/10/30,Sat,,,,
2004/10/29,Fri,105.990,105.780,106.310,105.710
2004/10/28,Thu,106.410,106.250,106.850,106.010
2004/10/27,Wed,106.750,106.370,107.140,106.260
2004/10/26,Tue,106.840,106.810,106.990,106.460
2004/10/25,Mon,107.020,106.610,107.150,106.240
2004/10/24,Sun,,,,
2004/10/23,Sat,,,,
2004/10/22,Fri,107.420,107.190,107.750,107.180
2004/10/21,Thu,107.940,107.460,108.380,107.350
2004/10/20,Wed,108.320,108.270,108.670,108.130
2004/10/19,Tue,108.800,108.280,109.450,108.280
2004/10/18,Mon,109.230,109.240,109.540,109.170
2004/10/17,Sun,,,,
2004/10/16,Sat,,,,
2004/10/15,Fri,109.480,109.330,109.680,108.880
2004/10/14,Thu,109.720,109.660,109.830,109.220
2004/10/13,Wed,109.740,109.780,110.120,109.480
2004/10/12,Tue,109.520,109.540,110.040,109.240
2004/10/11,Mon,109.430,109.250,109.570,109.130
2004/10/10,Sun,,,,
2004/10/09,Sat,,,,
2004/10/08,Fri,110.380,109.500,111.270,109.380
2004/10/07,Thu,111.240,111.190,111.420,110.980
2004/10/06,Wed,111.260,111.260,111.460,111.030
2004/10/05,Tue,111.040,111.170,111.300,110.730
2004/10/04,Mon,110.750,110.880,111.200,110.540
2004/10/03,Sun,,,,
2004/10/02,Sat,,,,
2004/10/01,Fri,110.310,110.510,110.590,109.900
2004/09/30,Thu,110.520,110.000,111.210,109.870
2004/09/29,Wed,111.120,110.870,111.390,110.700
2004/09/28,Tue,111.330,111.350,111.700,111.160
2004/09/27,Mon,110.900,111.230,111.380,110.540
2004/09/26,Sun,,,,
2004/09/25,Sat,,,,
2004/09/24,Fri,110.820,110.790,110.850,110.380
2004/09/23,Thu,110.730,110.800,110.890,110.290
2004/09/22,Wed,110.220,110.550,110.720,109.650
2004/09/21,Tue,109.810,109.720,110.160,109.600
2004/09/20,Mon,109.900,109.850,110.140,109.720
2004/09/19,Sun,,,,
2004/09/18,Sat,,,,
2004/09/17,Fri,109.600,109.580,110.220,109.410
2004/09/16,Thu,109.820,109.590,110.070,109.500
2004/09/15,Wed,109.860,109.980,110.380,109.350
2004/09/14,Tue,109.850,109.620,110.100,109.370
2004/09/13,Mon,109.800,110.040,110.330,109.390
2004/09/12,Sun,,,,
2004/09/11,Sat,,,,
2004/09/10,Fri,109.590,109.580,110.290,109.250
2004/09/09,Thu,109.450,109.570,109.990,109.200
2004/09/08,Wed,109.370,109.360,109.770,109.130
2004/09/07,Tue,109.770,109.380,110.210,109.260
2004/09/06,Mon,110.370,110.110,110.570,109.960
2004/09/05,Sun,,,,
2004/09/04,Sat,,,,
2004/09/03,Fri,109.960,110.410,110.680,109.130
2004/09/02,Thu,109.460,109.480,109.620,109.280
2004/09/01,Wed,109.270,109.410,109.690,109.040
2004/08/31,Tue,109.490,109.110,110.200,108.820
2004/08/30,Mon,109.780,109.810,110.420,109.580
2004/08/29,Sun,,,,
2004/08/28,Sat,,,,
2004/08/27,Fri,109.630,109.570,109.740,109.100
2004/08/26,Thu,109.890,109.620,110.260,109.420
2004/08/25,Wed,109.880,110.090,110.430,109.460
2004/08/24,Tue,109.730,109.630,110.040,109.440
2004/08/23,Mon,109.500,109.830,109.900,109.150
2004/08/22,Sun,,,,
2004/08/21,Sat,,,,
2004/08/20,Fri,109.270,109.120,109.720,109.000
2004/08/19,Thu,109.400,109.380,109.600,109.130
2004/08/18,Wed,109.620,109.350,110.150,109.320
2004/08/17,Tue,110.150,109.840,110.600,109.870
2004/08/16,Mon,110.420,110.460,110.980,110.370
2004/08/15,Sun,,,,
2004/08/14,Sat,,,,
2004/08/13,Fri,110.740,110.700,112.040,110.540
2004/08/12,Thu,110.850,110.780,111.200,110.470
2004/08/11,Wed,111.100,110.570,111.440,110.600
2004/08/10,Tue,111.020,111.350,111.470,110.460
2004/08/09,Mon,110.540,110.660,110.860,110.160
2004/08/08,Sun,,,,
2004/08/07,Sat,,,,
2004/08/06,Fri,111.170,110.550,111.880,109.920
2004/08/05,Thu,111.410,111.750,111.820,110.860
2004/08/04,Wed,110.900,111.050,111.730,110.550
2004/08/03,Tue,110.730,110.660,111.120,110.460
2004/08/02,Mon,110.950,110.750,111.400,110.630
2004/08/01,Sun,,,,
2004/07/31,Sat,,,,
2004/07/30,Fri,111.750,111.430,112.160,111.130
2004/07/29,Thu,111.880,112.050,112.430,111.550
2004/07/28,Wed,111.330,111.650,111.890,110.820
2004/07/27,Tue,110.420,110.890,111.150,109.650
2004/07/26,Mon,110.060,109.960,110.140,109.490
2004/07/25,Sun,,,,
2004/07/24,Sat,,,,
2004/07/23,Fri,109.970,110.140,110.260,109.680
2004/07/22,Thu,109.770,109.750,109.910,109.320
2004/07/21,Wed,109.170,109.760,110.220,108.430
2004/07/20,Tue,108.340,108.600,108.770,108.130
2004/07/19,Mon,108.530,108.250,108.810,108.130
2004/07/18,Sun,,,,
2004/07/17,Sat,,,,
2004/07/16,Fri,109.290,108.710,109.970,108.610
2004/07/15,Thu,109.500,109.750,109.990,109.040
2004/07/14,Wed,108.850,109.160,109.400,108.490
2004/07/13,Tue,108.420,108.610,109.400,108.210
2004/07/12,Mon,108.200,108.210,108.390,107.590
2004/07/11,Sun,,,,
2004/07/10,Sat,,,,
2004/07/09,Fri,108.590,108.190,108.960,108.030
2004/07/08,Thu,108.790,108.920,109.130,108.420
2004/07/07,Wed,109.070,108.640,109.490,108.270
2004/07/06,Tue,109.330,109.420,109.710,108.910
2004/07/05,Mon,108.770,109.070,109.190,108.350
2004/07/04,Sun,,,,
2004/07/03,Sat,,,,
2004/07/02,Fri,108.360,108.260,109.270,108.160
2004/07/01,Thu,108.630,108.300,108.690,107.900
2004/06/30,Wed,108.540,108.860,109.510,108.280
2004/06/29,Tue,108.100,108.200,108.730,107.900
2004/06/28,Mon,107.740,107.870,108.260,107.510
2004/06/27,Sun,,,,
2004/06/26,Sat,,,,
2004/06/25,Fri,107.400,107.610,108.010,107.170
2004/06/24,Thu,107.790,107.100,108.450,107.040
2004/06/23,Wed,108.800,108.490,109.150,108.340
2004/06/22,Tue,108.970,109.210,109.390,108.400
2004/06/21,Mon,108.820,108.870,108.960,108.280
2004/06/20,Sun,,,,
2004/06/19,Sat,,,,
2004/06/18,Fri,109.130,108.730,109.700,108.600
2004/06/17,Thu,109.790,109.460,110.220,108.950
2004/06/16,Wed,109.750,110.040,110.210,109.270
2004/06/15,Tue,110.230,109.510,111.330,109.300
2004/06/14,Mon,110.730,111.020,111.410,110.130
2004/06/13,Sun,,,,
2004/06/12,Sat,,,,
2004/06/11,Fri,109.760,110.140,110.460,109.300
2004/06/10,Thu,109.730,109.240,110.470,109.190
2004/06/09,Wed,110.000,110.250,110.560,108.690
2004/06/08,Tue,109.640,109.650,110.060,109.490
2004/06/07,Mon,110.260,109.560,110.870,109.500
2004/06/06,Sun,,,,
2004/06/05,Sat,,,,
2004/06/04,Fri,111.180,111.250,111.710,110.430
2004/06/03,Thu,110.520,110.990,111.450,109.870
2004/06/02,Wed,110.270,110.010,110.900,109.870
2004/06/01,Tue,109.960,110.590,110.700,109.280
2004/05/31,Mon,109.840,109.480,110.410,109.070
2004/05/30,Sun,,,,
2004/05/29,Sat,,,,
2004/05/28,Fri,110.470,109.960,111.020,110.000
2004/05/27,Thu,111.340,110.860,112.070,110.730
2004/05/26,Wed,111.790,111.730,111.960,111.280
2004/05/25,Tue,112.360,111.780,113.220,111.690
2004/05/24,Mon,112.570,112.860,113.070,112.200
2004/05/23,Sun,,,,
2004/05/22,Sat,,,,
2004/05/21,Fri,112.560,112.410,113.020,111.810
2004/05/20,Thu,112.780,112.760,113.780,112.680
2004/05/19,Wed,113.550,112.960,114.160,112.530
2004/05/18,Tue,114.290,114.260,114.660,113.450
2004/05/17,Mon,114.250,114.340,114.630,113.050
2004/05/16,Sun,,,,
2004/05/15,Sat,,,,
2004/05/14,Fri,114.410,114.050,114.840,114.010
2004/05/13,Thu,113.780,114.550,114.640,112.840
2004/05/12,Wed,112.960,112.970,113.360,112.490
2004/05/11,Tue,113.440,112.870,113.890,112.910
2004/05/10,Mon,113.090,113.790,114.100,112.390
2004/05/09,Sun,,,,
2004/05/08,Sat,,,,
2004/05/07,Fri,111.070,112.280,112.460,109.800
2004/05/06,Thu,109.310,109.800,109.890,108.680
2004/05/05,Wed,109.060,108.720,109.560,108.360
2004/05/04,Tue,109.790,109.320,110.530,109.280
2004/05/03,Mon,110.320,110.220,110.670,109.820
2004/05/02,Sun,,,,
2004/05/01,Sat,,,,
2004/04/30,Fri,110.180,110.360,110.590,109.870
2004/04/29,Thu,110.000,110.000,110.900,109.670
2004/04/28,Wed,109.790,110.040,110.190,108.820
2004/04/27,Tue,109.090,109.520,109.790,108.410
2004/04/26,Mon,108.880,108.690,109.340,108.360
2004/04/25,Sun,,,,
2004/04/24,Sat,,,,
2004/04/23,Fri,109.320,109.150,109.750,108.780
2004/04/22,Thu,109.400,109.380,109.900,109.220
2004/04/21,Wed,109.110,109.300,109.710,108.670
2004/04/20,Tue,108.590,108.760,108.930,107.730
2004/04/19,Mon,108.080,108.370,108.650,107.720
2004/04/18,Sun,,,,
2004/04/17,Sat,,,,
2004/04/16,Fri,108.000,107.800,108.810,107.600
2004/04/15,Thu,108.390,108.100,109.090,108.100
2004/04/14,Wed,107.660,108.630,108.910,106.740
2004/04/13,Tue,106.070,106.610,106.990,105.090
2004/04/12,Mon,105.890,105.420,106.440,105.300
2004/04/11,Sun,,,,
2004/04/10,Sat,,,,
2004/04/09,Fri,106.330,106.360,106.760,106.010
2004/04/08,Thu,105.790,106.220,106.450,105.330
2004/04/07,Wed,105.500,105.300,106.140,105.030
2004/04/06,Tue,105.380,105.720,106.910,105.030
2004/04/05,Mon,104.790,104.920,105.410,104.230
2004/04/04,Sun,,,,
2004/04/03,Sat,,,,
2004/04/02,Fri,104.100,104.490,104.710,103.720
2004/04/01,Thu,103.960,103.690,104.460,103.540
2004/03/31,Wed,104.980,104.260,105.920,103.560
2004/03/30,Tue,105.660,105.660,106.170,105.450
2004/03/29,Mon,105.600,105.500,105.920,105.340
2004/03/28,Sun,,,,
2004/03/27,Sat,,,,
2004/03/26,Fri,106.050,105.890,106.210,105.550
2004/03/25,Thu,106.190,106.120,106.460,105.820
2004/03/24,Wed,106.510,106.190,106.910,106.060
2004/03/23,Tue,106.820,106.740,106.930,106.530
2004/03/22,Mon,106.840,106.810,107.640,106.740
2004/03/21,Sun,,,,
2004/03/20,Sat,,,,
2004/03/19,Fri,106.780,106.720,107.280,106.650
2004/03/18,Thu,107.560,106.700,108.320,106.500
2004/03/17,Wed,108.520,108.200,108.930,108.020
2004/03/16,Tue,109.570,108.900,110.360,108.690
2004/03/15,Mon,110.520,110.290,111.030,109.470
2004/03/14,Sun,,,,
2004/03/13,Sat,,,,
2004/03/12,Fri,110.780,110.850,111.390,110.630
2004/03/11,Thu,110.790,110.840,111.100,110.480
2004/03/10,Wed,111.110,110.740,111.540,110.750
2004/03/09,Tue,111.270,111.270,111.580,110.660
2004/03/08,Mon,111.640,111.150,112.280,111.140
2004/03/07,Sun,,,,
2004/03/06,Sat,,,,
2004/03/05,Fri,111.590,112.020,112.250,111.010
2004/03/04,Thu,110.580,111.000,111.130,110.070
2004/03/03,Wed,110.080,110.020,110.500,110.010
2004/03/02,Tue,109.530,110.100,110.360,108.940
2004/03/01,Mon,109.030,108.990,109.410,108.920
2004/02/29,Sun,,,,
2004/02/28,Sat,,,,
2004/02/27,Fri,109.350,109.040,109.650,108.920
2004/02/26,Thu,109.280,109.600,109.780,108.780
2004/02/25,Wed,108.600,109.040,109.110,108.080
2004/02/24,Tue,108.270,108.180,108.730,108.050
2004/02/23,Mon,108.700,108.370,109.360,108.140
2004/02/22,Sun,,,,
2004/02/21,Sat,,,,
2004/02/20,Fri,108.050,108.990,109.270,106.910
2004/02/19,Thu,106.830,107.090,107.390,106.340
2004/02/18,Wed,106.230,106.740,107.020,105.520
2004/02/17,Tue,105.590,105.630,105.960,105.450
2004/02/16,Mon,105.510,105.450,105.540,105.400
2004/02/15,Sun,,,,
2004/02/14,Sat,,,,
2004/02/13,Fri,105.410,105.470,105.600,105.320
2004/02/12,Thu,105.430,105.380,105.530,105.300
2004/02/11,Wed,105.530,105.320,105.710,105.250
2004/02/10,Tue,105.640,105.490,105.880,105.340
2004/02/09,Mon,105.670,105.630,105.880,105.530
2004/02/08,Sun,,,,
2004/02/07,Sat,,,,
2004/02/06,Fri,105.650,105.590,106.740,105.390
2004/02/05,Thu,105.630,105.850,106.000,105.420
2004/02/04,Wed,105.460,105.410,105.620,105.340
2004/02/03,Tue,105.510,105.500,105.760,105.270
2004/02/02,Mon,105.610,105.570,105.800,105.410
2004/02/01,Sun,,,,
2004/01/31,Sat,,,,
2004/01/30,Fri,105.830,105.710,106.110,105.600
2004/01/29,Thu,106.040,105.900,106.270,105.720
2004/01/28,Wed,105.940,106.110,106.450,105.500
2004/01/27,Tue,105.960,105.610,106.400,105.500
2004/01/26,Mon,106.510,106.300,106.730,105.910
2004/01/25,Sun,,,,
2004/01/24,Sat,,,,
2004/01/23,Fri,106.790,106.710,106.790,106.290
2004/01/22,Thu,106.490,106.050,106.990,105.970
2004/01/21,Wed,107.010,106.950,107.280,106.660
2004/01/20,Tue,107.160,107.000,107.770,106.920
2004/01/19,Mon,106.950,107.220,107.420,106.480
2004/01/18,Sun,,,,
2004/01/17,Sat,,,,
2004/01/16,Fri,106.500,106.620,106.940,105.810
2004/01/15,Thu,106.270,106.340,106.510,106.020
2004/01/14,Wed,106.200,106.250,106.340,105.950
2004/01/13,Tue,106.440,106.190,106.680,106.120
2004/01/12,Mon,106.650,106.680,106.740,106.400
2004/01/11,Sun,,,,
2004/01/10,Sat,,,,
2004/01/09,Fri,106.480,106.570,107.730,106.160
2004/01/08,Thu,106.190,106.160,106.250,106.120
2004/01/07,Wed,106.190,106.200,106.400,106.040
2004/01/06,Tue,106.230,106.180,106.380,106.090
2004/01/05,Mon,106.640,106.240,107.200,106.070
2004/01/04,Sun,,,,
2004/01/03,Sat,,,,
2004/01/02,Fri,107.260,107.030,107.450,106.780
2004/01/01,Thu,107.380,107.430,107.490,107.180
2003/12/31,Wed,107.150,107.330,107.630,106.880
2003/12/30,Tue,107.060,107.040,107.140,106.910
2003/12/29,Mon,107.190,107.080,107.370,106.890
2003/12/28,Sun,,,,
2003/12/27,Sat,,,,
2003/12/26,Fri,107.350,107.460,107.550,106.960
2003/12/25,Thu,107.320,107.220,107.360,107.130
2003/12/24,Wed,107.350,107.310,107.540,107.130
2003/12/23,Tue,107.490,107.380,107.540,107.290
2003/12/22,Mon,107.620,107.530,107.950,107.320
2003/12/21,Sun,,,,
2003/12/20,Sat,,,,
2003/12/19,Fri,107.740,107.770,108.010,107.560
2003/12/18,Thu,107.520,107.500,108.070,107.350
2003/12/17,Wed,107.450,107.470,107.800,107.220
2003/12/16,Tue,107.580,107.500,107.840,107.410
2003/12/15,Mon,107.950,107.640,108.260,107.430
2003/12/14,Sun,,,,
2003/12/13,Sat,,,,
2003/12/12,Fri,107.930,107.730,108.060,107.680
2003/12/11,Thu,108.220,108.030,108.440,107.940
2003/12/10,Wed,107.740,108.230,108.690,107.070
2003/12/09,Tue,107.330,106.920,107.540,106.880
2003/12/08,Mon,107.530,107.300,107.770,107.120
2003/12/07,Sun,,,,
2003/12/06,Sat,,,,
2003/12/05,Fri,107.960,107.670,108.400,107.600
2003/12/04,Thu,108.240,108.190,108.420,107.980
2003/12/03,Wed,108.450,108.180,108.810,108.130
2003/12/02,Tue,108.990,108.550,109.800,108.570
2003/12/01,Mon,109.570,109.400,110.020,109.120
2003/11/30,Sun,,,,
2003/11/29,Sat,,,,
2003/11/28,Fri,109.370,109.600,109.660,109.160
2003/11/27,Thu,109.070,109.080,109.280,108.910
2003/11/26,Wed,109.260,108.990,109.760,108.910
2003/11/25,Tue,109.370,109.360,110.010,109.300
2003/11/24,Mon,109.060,109.380,109.490,108.820
2003/11/23,Sun,,,,
2003/11/22,Sat,,,,
2003/11/21,Fri,108.900,108.740,109.360,108.660
2003/11/20,Thu,109.170,108.930,109.250,108.720
2003/11/19,Wed,108.640,109.240,109.380,107.730
2003/11/18,Tue,108.440,108.040,109.090,107.960
2003/11/17,Mon,108.600,108.900,109.630,108.250
2003/11/16,Sun,,,,
2003/11/15,Sat,,,,
2003/11/14,Fri,108.260,108.310,108.510,107.970
2003/11/13,Thu,108.500,108.090,108.800,108.060
2003/11/12,Wed,108.800,108.810,109.080,108.500
2003/11/11,Tue,108.780,108.670,109.090,108.500
2003/11/10,Mon,109.080,108.650,109.620,107.920
2003/11/09,Sun,,,,
2003/11/08,Sat,,,,
2003/11/07,Fri,109.800,109.310,110.390,109.140
2003/11/06,Thu,110.060,110.250,110.310,109.850
2003/11/05,Wed,109.730,109.850,110.070,109.510
2003/11/04,Tue,110.270,109.510,110.930,109.440
2003/11/03,Mon,110.440,110.980,111.380,109.750
2003/11/02,Sun,,,,
2003/11/01,Sat,,,,
2003/10/31,Fri,109.340,109.880,110.180,108.630
2003/10/30,Thu,108.560,108.730,108.920,107.980
2003/10/29,Wed,108.280,108.310,108.370,107.860
2003/10/28,Tue,108.390,108.200,108.620,108.200
2003/10/27,Mon,108.940,108.490,109.150,108.320
2003/10/26,Sun,,,,
2003/10/25,Sat,,,,
2003/10/24,Fri,109.350,109.110,109.900,109.080
2003/10/23,Thu,109.500,109.450,109.680,109.150
2003/10/22,Wed,109.230,108.970,109.700,108.870
2003/10/21,Tue,110.000,109.440,110.370,109.450
2003/10/20,Mon,109.640,110.380,110.520,108.890
2003/10/19,Sun,,,,
2003/10/18,Sat,,,,
2003/10/17,Fri,109.600,109.290,109.980,109.300
2003/10/16,Thu,109.750,109.860,110.250,109.230
2003/10/15,Wed,108.910,109.500,109.830,108.810
2003/10/14,Tue,108.890,108.870,110.220,108.740
2003/10/13,Mon,108.740,108.880,109.030,108.320
2003/10/12,Sun,,,,
2003/10/11,Sat,,,,
2003/10/10,Fri,108.760,108.630,109.300,108.290
2003/10/09,Thu,109.320,109.130,109.600,108.960
2003/10/08,Wed,109.740,109.530,109.930,109.440
2003/10/07,Tue,110.450,109.920,111.130,109.470
2003/10/06,Mon,110.970,110.920,111.310,110.810
2003/10/05,Sun,,,,
2003/10/04,Sat,,,,
2003/10/03,Fri,110.700,110.870,111.060,110.300
2003/10/02,Thu,110.680,110.650,111.250,110.580
2003/10/01,Wed,111.030,110.560,111.450,110.560
2003/09/30,Tue,111.200,111.480,111.950,110.180
2003/09/29,Mon,111.250,110.820,111.740,110.740
2003/09/28,Sun,,,,
2003/09/27,Sat,,,,
2003/09/26,Fri,112.150,111.570,112.260,111.600
2003/09/25,Thu,112.050,112.090,112.310,111.520
2003/09/24,Wed,112.160,111.800,112.340,111.290
2003/09/23,Tue,112.330,112.260,112.350,111.010
2003/09/22,Mon,112.340,112.270,112.690,111.530
2003/09/21,Sun,,,,
2003/09/20,Sat,,,,
2003/09/19,Fri,114.600,114.060,115.470,113.690
2003/09/18,Thu,115.690,115.270,116.180,114.860
2003/09/17,Wed,116.150,116.050,116.500,115.920
2003/09/16,Tue,116.840,116.150,117.440,116.070
2003/09/15,Mon,117.370,117.410,117.650,117.260
2003/09/14,Sun,,,,
2003/09/13,Sat,,,,
2003/09/12,Fri,117.230,117.290,117.470,116.880
2003/09/11,Thu,117.130,117.060,117.260,116.790
2003/09/10,Wed,116.980,117.090,117.240,116.690
2003/09/09,Tue,116.820,116.790,116.950,116.190
2003/09/08,Mon,117.230,116.790,117.690,116.420
2003/09/07,Sun,,,,
2003/09/06,Sat,,,,
2003/09/05,Fri,116.780,116.750,117.130,116.560
2003/09/04,Thu,116.390,116.740,117.040,115.840
2003/09/03,Wed,116.200,115.850,116.600,115.850
2003/09/02,Tue,116.540,116.400,117.220,115.960
2003/09/01,Mon,116.700,116.580,116.780,116.370
2003/08/31,Sun,,,,
2003/08/30,Sat,,,,
2003/08/29,Fri,117.340,116.890,117.390,116.200
2003/08/28,Thu,117.420,117.270,117.620,117.260
2003/08/27,Wed,117.410,117.410,117.980,117.350
2003/08/26,Tue,117.360,117.340,117.800,117.240
2003/08/25,Mon,117.430,117.320,117.650,117.180
2003/08/24,Sun,,,,
2003/08/23,Sat,,,,
2003/08/22,Fri,117.640,117.460,118.040,117.390
2003/08/21,Thu,117.920,117.760,118.200,117.550
2003/08/20,Wed,118.260,118.040,118.780,117.880
2003/08/19,Tue,118.980,118.350,119.770,118.270
2003/08/18,Mon,119.340,119.460,119.730,119.100
2003/08/17,Sun,,,,
2003/08/16,Sat,,,,
2003/08/15,Fri,119.190,119.150,119.300,118.810
2003/08/14,Thu,119.120,119.040,119.670,118.970
2003/08/13,Wed,118.930,119.130,119.440,118.540
2003/08/12,Tue,118.630,118.700,118.770,118.400
2003/08/11,Mon,118.790,118.520,119.130,118.260
2003/08/10,Sun,,,,
2003/08/09,Sat,,,,
2003/08/08,Fri,119.000,119.110,119.270,118.880
2003/08/07,Thu,119.680,118.970,120.230,118.830
2003/08/06,Wed,120.080,120.260,120.460,119.760
2003/08/05,Tue,120.100,119.770,120.600,119.800
2003/08/04,Mon,120.180,120.280,120.580,119.760
2003/08/03,Sun,,,,
2003/08/02,Sat,,,,
2003/08/01,Fri,120.280,120.090,120.660,119.890
2003/07/31,Thu,120.390,120.510,120.640,119.820
2003/07/30,Wed,120.070,120.170,120.610,119.650
2003/07/29,Tue,119.420,119.900,119.940,119.150
2003/07/28,Mon,118.920,119.460,119.590,118.910
2003/07/27,Sun,,,,
2003/07/26,Sat,,,,
2003/07/25,Fri,119.020,118.670,119.300,118.600
2003/07/24,Thu,118.820,118.910,119.300,118.580
2003/07/23,Wed,119.040,118.750,119.110,118.680
2003/07/22,Tue,118.470,119.090,119.380,118.600
2003/07/21,Mon,118.680,118.460,118.740,118.250
2003/07/20,Sun,,,,
2003/07/19,Sat,,,,
2003/07/18,Fri,118.780,118.490,119.240,118.320
2003/07/17,Thu,118.120,118.750,118.940,117.930
2003/07/16,Wed,117.950,118.060,118.650,117.960
2003/07/15,Tue,117.770,117.940,118.040,116.890
2003/07/14,Mon,117.830,117.690,117.850,117.340
2003/07/13,Sun,,,,
2003/07/12,Sat,,,,
2003/07/11,Fri,117.690,117.850,118.000,117.580
2003/07/10,Thu,117.790,117.620,117.980,117.480
2003/07/09,Wed,118.190,117.800,118.460,117.670
2003/07/08,Tue,118.170,118.120,118.670,117.630
2003/07/07,Mon,118.090,118.200,118.310,117.880
2003/07/06,Sun,,,,
2003/07/05,Sat,,,,
2003/07/04,Fri,118.170,117.970,118.480,118.010
2003/07/03,Thu,118.180,118.140,118.600,117.960
2003/07/02,Wed,119.380,118.090,119.470,117.980
2003/07/01,Tue,119.720,119.390,119.940,119.120
2003/06/30,Mon,119.740,119.760,120.230,119.670
2003/06/29,Sun,,,,
2003/06/28,Sat,,,,
2003/06/27,Fri,119.430,119.600,120.000,119.230
2003/06/26,Thu,117.970,119.370,119.450,118.000
2003/06/25,Wed,117.850,117.950,118.120,117.390
2003/06/24,Tue,117.800,117.840,118.050,117.630
2003/06/23,Mon,118.510,117.750,118.600,117.520
2003/06/22,Sun,,,,
2003/06/21,Sat,,,,
2003/06/20,Fri,118.430,118.280,118.640,118.060
2003/06/19,Thu,117.930,118.350,119.060,118.040
2003/06/18,Wed,118.160,117.810,118.690,117.750
2003/06/17,Tue,117.660,118.120,118.390,117.490
2003/06/16,Mon,117.350,117.630,117.810,117.200
2003/06/15,Sun,,,,
2003/06/14,Sat,,,,
2003/06/13,Fri,117.690,117.390,117.870,117.250
2003/06/12,Thu,117.790,117.650,117.960,117.520
2003/06/11,Wed,117.770,117.740,118.130,117.570
2003/06/10,Tue,118.200,117.710,118.330,117.600
2003/06/09,Mon,118.760,118.160,118.790,117.870
2003/06/08,Sun,,,,
2003/06/07,Sat,,,,
2003/06/06,Fri,117.660,118.620,118.910,117.650
2003/06/05,Thu,118.850,117.630,118.910,117.440
2003/06/04,Wed,119.160,118.870,119.380,118.410
2003/06/03,Tue,118.660,119.220,119.320,118.320
2003/06/02,Mon,119.550,118.590,119.500,118.420
2003/06/01,Sun,,,,
2003/05/31,Sat,,,,
2003/05/30,Fri,118.050,119.270,119.650,118.120
2003/05/29,Thu,118.600,117.930,119.130,117.950
2003/05/28,Wed,117.290,118.550,118.840,116.980
2003/05/27,Tue,116.880,117.250,117.320,116.330
2003/05/26,Mon,116.830,116.830,117.380,116.750
2003/05/25,Sun,,,,
2003/05/24,Sat,,,,
2003/05/23,Fri,117.190,116.850,117.440,116.790
2003/05/22,Thu,117.690,117.140,117.750,116.990
2003/05/21,Wed,116.680,117.530,117.590,116.540
2003/05/20,Tue,117.160,116.600,117.380,116.620
2003/05/19,Mon,115.570,117.110,117.450,115.100
2003/05/18,Sun,,,,
2003/05/17,Sat,,,,
2003/05/16,Fri,116.560,116.080,116.580,115.880
2003/05/15,Thu,116.300,116.450,116.560,115.450
2003/05/14,Wed,116.780,116.280,116.840,115.760
2003/05/13,Tue,116.980,116.820,117.480,116.390
2003/05/12,Mon,117.230,116.820,117.150,116.340
2003/05/11,Sun,,,,
2003/05/10,Sat,,,,
2003/05/09,Fri,117.120,117.360,117.540,117.080
2003/05/08,Thu,116.430,117.100,117.130,116.070
2003/05/07,Wed,117.530,116.360,117.810,116.170
2003/05/06,Tue,118.590,117.490,118.740,117.470
2003/05/05,Mon,119.050,118.560,119.060,118.520
2003/05/04,Sun,,,,
2003/05/03,Sat,,,,
2003/05/02,Fri,118.600,119.020,119.240,118.410
2003/05/01,Thu,118.920,118.560,118.990,118.250
2003/04/30,Wed,119.820,118.840,119.850,118.650
2003/04/29,Tue,120.470,119.780,120.590,119.690
2003/04/28,Mon,120.200,120.430,120.480,119.950
2003/04/27,Sun,,,,
2003/04/26,Sat,,,,
2003/04/25,Fri,119.870,120.180,121.110,119.760
2003/04/24,Thu,120.450,119.970,120.660,119.650
2003/04/23,Wed,119.890,120.360,120.620,119.810
2003/04/22,Tue,120.570,119.930,120.730,119.410
2003/04/21,Mon,119.660,120.470,120.670,119.570
2003/04/20,Sun,,,,
2003/04/19,Sat,,,,
2003/04/18,Fri,119.570,119.810,119.850,119.600
2003/04/17,Thu,119.550,119.630,119.740,118.960
2003/04/16,Wed,120.310,119.540,120.570,119.360
2003/04/15,Tue,120.350,120.250,120.680,120.030
2003/04/14,Mon,120.560,120.310,120.790,120.070
2003/04/13,Sun,,,,
2003/04/12,Sat,,,,
2003/04/11,Fri,119.680,120.520,120.790,119.540
2003/04/10,Thu,120.100,119.610,120.240,119.270
2003/04/09,Wed,119.760,120.060,120.620,119.710
2003/04/08,Tue,119.890,119.830,120.120,119.470
2003/04/07,Mon,120.370,119.690,120.900,119.670
2003/04/06,Sun,,,,
2003/04/05,Sat,,,,
2003/04/04,Fri,119.380,119.960,120.180,119.240
2003/04/03,Thu,118.970,119.400,119.680,118.580
2003/04/02,Wed,118.000,118.920,119.230,117.720
2003/04/01,Tue,118.000,118.010,118.450,117.870
2003/03/31,Mon,119.860,117.930,120.120,117.890
2003/03/30,Sun,,,,
2003/03/29,Sat,,,,
2003/03/28,Fri,119.970,119.770,120.390,119.510
2003/03/27,Thu,119.990,119.950,120.050,119.620
2003/03/26,Wed,120.180,120.030,120.470,119.870
2003/03/25,Tue,120.750,120.140,120.790,119.460
2003/03/24,Mon,121.000,120.780,121.280,120.400
2003/03/23,Sun,,,,
2003/03/22,Sat,,,,
2003/03/21,Fri,120.270,121.430,121.840,120.270
2003/03/20,Thu,120.540,120.230,120.470,119.810
2003/03/19,Wed,118.840,120.460,120.650,118.580
2003/03/18,Tue,118.530,118.830,119.180,118.500
2003/03/17,Mon,118.190,118.540,118.690,117.610
2003/03/16,Sun,,,,
2003/03/15,Sat,,,,
2003/03/14,Fri,118.680,118.230,118.730,118.090
2003/03/13,Thu,117.350,118.650,118.720,117.410
2003/03/12,Wed,117.110,117.270,117.530,117.080
2003/03/11,Tue,116.820,117.080,117.300,116.690
2003/03/10,Mon,117.120,116.840,117.130,116.430
2003/03/09,Sun,,,,
2003/03/08,Sat,,,,
2003/03/07,Fri,117.380,117.050,117.480,116.410
2003/03/06,Thu,117.330,117.370,117.560,117.200
2003/03/05,Wed,117.950,117.270,117.760,117.070
2003/03/04,Tue,117.570,117.850,118.040,117.470
2003/03/03,Mon,118.230,117.530,118.290,117.320
2003/03/02,Sun,,,,
2003/03/01,Sat,,,,
2003/02/28,Fri,117.670,118.110,118.280,117.640
2003/02/27,Thu,117.090,117.570,117.770,116.840
2003/02/26,Wed,117.290,117.050,117.590,117.050
2003/02/25,Tue,117.920,117.260,118.220,117.030
2003/02/24,Mon,118.990,117.860,118.890,117.640
2003/02/23,Sun,,,,
2003/02/22,Sat,,,,
2003/02/21,Fri,118.370,118.690,118.880,118.230
2003/02/20,Thu,118.740,118.310,119.070,118.140
2003/02/19,Wed,119.040,118.700,119.160,118.590
2003/02/18,Tue,120.260,118.990,120.300,118.730
2003/02/17,Mon,120.430,120.140,120.780,120.080
2003/02/16,Sun,,,,
2003/02/15,Sat,,,,
2003/02/14,Fri,120.600,120.280,120.720,120.190
2003/02/13,Thu,121.400,120.620,121.410,120.340
2003/02/12,Wed,121.040,121.210,121.440,120.530
2003/02/11,Tue,121.290,121.000,121.740,120.970
2003/02/10,Mon,120.370,121.220,121.340,120.300
2003/02/09,Sun,,,,
2003/02/08,Sat,,,,
2003/02/07,Fri,119.810,120.300,120.420,119.630
2003/02/06,Thu,120.050,119.850,120.220,119.620
2003/02/05,Wed,119.680,119.960,120.240,119.090
2003/02/04,Tue,120.210,119.730,120.510,119.660
2003/02/03,Mon,119.780,120.280,120.770,119.780
2003/02/02,Sun,,,,
2003/02/01,Sat,,,,
2003/01/31,Fri,119.050,119.860,120.020,118.920
2003/01/30,Thu,118.420,118.990,119.470,118.380
2003/01/29,Wed,118.640,118.440,118.750,117.890
2003/01/28,Tue,118.500,118.640,118.920,118.370
2003/01/27,Mon,117.880,118.370,119.140,117.570
2003/01/26,Sun,,,,
2003/01/25,Sat,,,,
2003/01/24,Fri,118.150,117.780,118.180,117.620
2003/01/23,Thu,118.230,118.050,118.800,117.720
2003/01/22,Wed,118.100,118.310,118.520,118.010
2003/01/21,Tue,118.070,118.120,119.110,118.010
2003/01/20,Mon,117.960,117.970,118.320,117.910
2003/01/19,Sun,,,,
2003/01/18,Sat,,,,
2003/01/17,Fri,117.830,117.730,118.180,117.530
2003/01/16,Thu,118.150,117.850,118.310,117.720
2003/01/15,Wed,118.140,118.110,118.490,117.810
2003/01/14,Tue,118.950,118.090,119.100,117.680
2003/01/13,Mon,119.210,118.890,119.470,118.770
2003/01/12,Sun,,,,
2003/01/11,Sat,,,,
2003/01/10,Fri,119.300,119.240,120.020,119.110
2003/01/09,Thu,119.140,119.280,119.590,118.780
2003/01/08,Wed,120.480,119.030,120.470,118.760
2003/01/07,Tue,119.290,120.390,120.560,119.220
2003/01/06,Mon,119.830,119.150,119.820,118.600
2003/01/05,Sun,,,,
2003/01/04,Sat,,,,
2003/01/03,Fri,120.100,119.710,120.280,119.660
2003/01/02,Thu,118.730,120.070,120.160,118.680
2003/01/01,Wed,118.790,118.700,118.790,118.600
2002/12/31,Tue,118.530,118.740,118.820,118.400
2002/12/30,Mon,119.890,118.520,120.020,118.340
2002/12/29,Sun,,,,
2002/12/28,Sat,,,,
2002/12/27,Fri,119.970,119.870,120.180,119.850
2002/12/26,Thu,120.330,119.930,120.380,119.950
2002/12/25,Wed,120.260,120.260,120.480,120.220
2002/12/24,Tue,120.410,120.330,120.520,120.030
2002/12/23,Mon,120.310,120.410,120.800,119.830
2002/12/22,Sun,,,,
2002/12/21,Sat,,,,
2002/12/20,Fri,120.500,120.370,120.960,120.350
2002/12/19,Thu,121.120,120.480,121.280,120.410
2002/12/18,Wed,121.260,121.090,121.670,120.940
2002/12/17,Tue,121.360,121.240,121.470,120.290
2002/12/16,Mon,120.630,121.330,121.420,120.420
2002/12/15,Sun,,,,
2002/12/14,Sat,,,,
2002/12/13,Fri,122.740,120.450,122.830,120.400
2002/12/12,Thu,123.660,122.690,123.820,122.550
2002/12/11,Wed,123.790,123.610,124.010,123.150
2002/12/10,Tue,123.400,123.740,123.830,123.090
2002/12/09,Mon,123.440,123.320,123.520,122.500
2002/12/08,Sun,,,,
2002/12/07,Sat,,,,
2002/12/06,Fri,124.850,123.490,125.460,122.850
2002/12/05,Thu,124.660,124.810,125.650,124.440
2002/12/04,Wed,124.580,124.570,125.000,124.190
2002/12/03,Tue,124.530,124.540,124.820,124.230
2002/12/02,Mon,122.620,124.530,125.010,122.680
2002/12/01,Sun,,,,
2002/11/30,Sat,,,,
2002/11/29,Fri,122.260,122.510,122.750,122.160
2002/11/28,Thu,122.310,122.210,122.430,122.000
2002/11/27,Wed,121.580,122.310,122.420,121.350
2002/11/26,Tue,122.130,121.580,122.150,121.570
2002/11/25,Mon,122.980,122.100,123.180,121.830
2002/11/24,Sun,,,,
2002/11/23,Sat,,,,
2002/11/22,Fri,122.650,122.810,122.970,122.520
2002/11/21,Thu,122.670,122.620,122.940,121.960
2002/11/20,Wed,122.260,122.640,122.700,122.180
2002/11/19,Tue,121.060,122.160,122.420,120.870
2002/11/18,Mon,120.460,120.990,121.270,120.330
2002/11/17,Sun,,,,
2002/11/16,Sat,,,,
2002/11/15,Fri,120.490,120.480,120.940,120.250
2002/11/14,Thu,120.120,120.450,120.710,119.650
2002/11/13,Wed,119.680,120.090,120.320,119.500
2002/11/12,Tue,119.650,119.670,119.890,119.280
2002/11/11,Mon,119.820,119.600,120.100,119.090
2002/11/10,Sun,,,,
2002/11/09,Sat,,,,
2002/11/08,Fri,121.190,119.760,121.380,119.540
2002/11/07,Thu,121.790,121.120,121.980,121.170
2002/11/06,Wed,121.850,121.850,122.670,121.730
2002/11/05,Tue,122.210,121.830,122.300,121.370
2002/11/04,Mon,122.150,122.200,122.600,122.120
2002/11/03,Sun,,,,
2002/11/02,Sat,,,,
2002/11/01,Fri,122.470,122.130,122.870,121.610
2002/10/31,Thu,122.950,122.470,123.250,122.310
2002/10/30,Wed,123.170,122.920,123.270,122.510
2002/10/29,Tue,123.600,123.130,123.780,122.320
2002/10/28,Mon,124.230,123.560,125.020,123.430
2002/10/27,Sun,,,,
2002/10/26,Sat,,,,
2002/10/25,Fri,124.470,124.350,124.680,123.600
2002/10/24,Thu,124.650,124.410,124.900,123.880
2002/10/23,Wed,125.180,124.550,125.280,123.820
2002/10/22,Tue,124.910,125.120,125.490,124.760
2002/10/21,Mon,125.450,124.890,125.670,124.450
2002/10/20,Sun,,,,
2002/10/19,Sat,,,,
2002/10/18,Fri,125.030,125.460,125.600,124.970
2002/10/17,Thu,124.550,125.080,125.180,124.020
2002/10/16,Wed,124.750,124.470,125.070,123.900
2002/10/15,Tue,124.350,124.660,125.040,124.190
2002/10/14,Mon,124.100,124.300,124.290,123.790
2002/10/13,Sun,,,,
2002/10/12,Sat,,,,
2002/10/11,Fri,123.670,124.020,124.540,123.390
2002/10/10,Thu,123.330,123.600,123.770,123.010
2002/10/09,Wed,124.270,123.320,124.420,123.170
2002/10/08,Tue,124.290,124.350,124.660,123.940
2002/10/07,Mon,123.240,124.320,124.470,123.040
2002/10/06,Sun,,,,
2002/10/05,Sat,,,,
2002/10/04,Fri,122.610,123.200,123.320,122.320
2002/10/03,Thu,122.850,122.660,123.150,122.400
2002/10/02,Wed,122.640,122.850,123.380,122.500
2002/10/01,Tue,121.640,122.540,122.820,121.620
2002/09/30,Mon,122.610,121.710,122.850,121.070
2002/09/29,Sun,,,,
2002/09/28,Sat,,,,
2002/09/27,Fri,122.080,122.480,123.250,122.020
2002/09/26,Thu,122.820,122.010,123.100,122.000
2002/09/25,Wed,123.260,122.840,123.440,122.020
2002/09/24,Tue,123.870,123.300,124.050,122.940
2002/09/23,Mon,123.570,123.840,124.250,122.840
2002/09/22,Sun,,,,
2002/09/21,Sat,,,,
2002/09/20,Fri,121.410,123.340,123.750,121.270
2002/09/19,Thu,121.420,121.400,121.970,120.900
2002/09/18,Wed,122.090,121.400,123.100,121.330
2002/09/17,Tue,122.350,121.940,123.510,121.920
2002/09/16,Mon,121.810,122.280,122.500,121.690
2002/09/15,Sun,,,,
2002/09/14,Sat,,,,
2002/09/13,Fri,120.030,121.630,122.330,119.430
2002/09/12,Thu,120.250,120.000,120.700,119.760
2002/09/11,Wed,119.840,120.320,120.740,119.600
2002/09/10,Tue,118.910,119.890,120.160,118.590
2002/09/09,Mon,118.540,118.890,119.330,118.160
2002/09/08,Sun,,,,
2002/09/07,Sat,,,,
2002/09/06,Fri,118.350,118.510,118.920,117.930
2002/09/05,Thu,118.000,118.300,118.570,117.270
2002/09/04,Wed,117.080,117.960,118.280,116.980
2002/09/03,Tue,118.130,117.070,118.180,116.830
2002/09/02,Mon,118.500,118.150,118.830,117.930
2002/09/01,Sun,,,,
2002/08/31,Sat,,,,
2002/08/30,Fri,118.280,118.440,118.800,117.730
2002/08/29,Thu,118.970,118.200,119.100,117.400
2002/08/28,Wed,118.270,118.840,118.820,117.880
2002/08/27,Tue,119.770,118.160,119.900,117.960
2002/08/26,Mon,119.630,119.740,119.920,119.340
2002/08/25,Sun,,,,
2002/08/24,Sat,,,,
2002/08/23,Fri,119.800,119.590,120.320,119.470
2002/08/22,Thu,118.500,119.860,119.990,118.460
2002/08/21,Wed,118.820,118.480,118.850,117.730
2002/08/20,Tue,118.620,118.850,119.290,118.440
2002/08/19,Mon,117.650,118.620,118.770,117.440
2002/08/18,Sun,,,,
2002/08/17,Sat,,,,
2002/08/16,Fri,117.410,117.560,117.840,117.180
2002/08/15,Thu,117.490,117.350,117.890,116.890
2002/08/14,Wed,118.160,117.350,118.390,116.290
2002/08/13,Tue,119.010,118.360,119.300,118.520
2002/08/12,Mon,120.170,118.920,120.180,118.770
2002/08/11,Sun,,,,
2002/08/10,Sat,,,,
2002/08/09,Fri,121.060,120.100,121.370,119.990
2002/08/08,Thu,120.260,121.000,121.190,119.930
2002/08/07,Wed,120.820,120.160,121.130,120.090
2002/08/06,Tue,119.700,120.770,121.250,119.470
2002/08/05,Mon,118.880,119.670,119.660,118.630
2002/08/04,Sun,,,,
2002/08/03,Sat,,,,
2002/08/02,Fri,119.190,118.800,119.390,118.740
2002/08/01,Thu,119.830,119.280,120.370,118.970
2002/07/31,Wed,120.280,119.860,120.430,119.380
2002/07/30,Tue,119.630,120.200,120.340,119.210
2002/07/29,Mon,118.950,119.630,120.000,118.470
2002/07/28,Sun,,,,
2002/07/27,Sat,,,,
2002/07/26,Fri,116.570,118.770,119.020,116.400
2002/07/25,Thu,116.670,116.400,117.090,116.180
2002/07/24,Wed,117.560,116.650,117.620,115.880
2002/07/23,Tue,116.250,117.520,117.940,116.220
2002/07/22,Mon,115.880,116.240,116.690,115.740
2002/07/21,Sun,,,,
2002/07/20,Sat,,,,
2002/07/19,Fri,116.400,115.850,116.650,115.540
2002/07/18,Thu,116.340,116.500,117.350,116.170
2002/07/17,Wed,115.820,116.300,116.760,115.580
2002/07/16,Tue,116.260,115.830,116.530,115.390
2002/07/15,Mon,117.100,116.350,117.100,115.630
2002/07/14,Sun,,,,
2002/07/13,Sat,,,,
2002/07/12,Fri,117.140,116.850,117.280,116.460
2002/07/11,Thu,117.660,117.000,117.950,116.460
2002/07/10,Wed,118.130,117.620,118.370,117.480
2002/07/09,Tue,118.470,118.060,118.980,117.720
2002/07/08,Mon,120.030,118.340,120.180,118.360
2002/07/07,Sun,,,,
2002/07/06,Sat,,,,
2002/07/05,Fri,120.060,120.320,120.690,119.830
2002/07/04,Thu,119.800,120.030,120.490,119.790
2002/07/03,Wed,119.900,119.680,120.600,119.620
2002/07/02,Tue,119.820,119.820,120.820,119.640
2002/07/01,Mon,119.710,119.650,120.200,119.220
2002/06/30,Sun,,,,
2002/06/29,Sat,,,,
2002/06/28,Fri,119.690,119.570,120.410,118.340
2002/06/27,Thu,120.100,119.680,120.320,119.150
2002/06/26,Wed,121.340,120.060,121.780,118.920
2002/06/25,Tue,121.630,121.310,122.040,121.370
2002/06/24,Mon,121.410,121.700,122.810,120.980
2002/06/23,Sun,,,,
2002/06/22,Sat,,,,
2002/06/21,Fri,123.490,121.090,123.980,120.800
2002/06/20,Thu,123.870,123.460,124.250,123.230
2002/06/19,Wed,124.280,123.830,124.390,123.630
2002/06/18,Tue,124.290,124.310,124.870,124.220
2002/06/17,Mon,124.250,124.280,124.560,124.020
2002/06/16,Sun,,,,
2002/06/15,Sat,,,,
2002/06/14,Fri,124.940,124.080,125.130,123.940
2002/06/13,Thu,125.730,124.860,125.930,124.790
2002/06/12,Wed,125.330,125.700,125.930,125.190
2002/06/11,Tue,124.750,125.260,125.850,124.400
2002/06/10,Mon,124.440,124.750,124.970,124.320
2002/06/09,Sun,,,,
2002/06/08,Sat,,,,
2002/06/07,Fri,124.100,124.330,124.690,124.030
2002/06/06,Thu,123.950,124.060,125.090,123.880
2002/06/05,Wed,124.150,124.420,124.760,123.860
2002/06/04,Tue,123.620,124.120,124.410,123.260
2002/06/03,Mon,124.270,123.560,124.530,123.600
2002/06/02,Sun,,,,
2002/06/01,Sat,,,,
2002/05/31,Fri,123.370,124.090,124.620,122.970
2002/05/30,Thu,124.350,123.240,124.410,122.800
2002/05/29,Wed,124.570,124.380,124.720,124.140
2002/05/28,Tue,124.810,124.540,124.960,124.310
2002/05/27,Mon,124.790,124.720,125.090,124.690
2002/05/26,Sun,,,,
2002/05/25,Sat,,,,
2002/05/24,Fri,125.090,124.710,125.330,124.600
2002/05/23,Thu,124.270,125.030,125.350,123.850
2002/05/22,Wed,124.180,124.100,125.120,123.510
2002/05/21,Tue,125.320,124.110,126.100,123.660
2002/05/20,Mon,126.010,125.350,126.230,125.180
2002/05/19,Sun,,,,
2002/05/18,Sat,,,,
2002/05/17,Fri,128.070,125.940,128.140,125.540
2002/05/16,Thu,127.620,128.090,128.440,127.290
2002/05/15,Wed,128.570,127.600,128.700,127.670
2002/05/14,Tue,127.780,128.500,128.840,127.710
2002/05/13,Mon,127.700,127.790,127.900,127.160
2002/05/12,Sun,,,,
2002/05/11,Sat,,,,
2002/05/10,Fri,128.270,127.590,128.740,127.550
2002/05/09,Thu,128.830,128.300,129.100,128.130
2002/05/08,Wed,128.130,128.870,128.900,127.810
2002/05/07,Tue,127.180,127.910,128.410,126.720
2002/05/06,Mon,127.030,127.090,127.560,126.920
2002/05/05,Sun,,,,
2002/05/04,Sat,,,,
2002/05/03,Fri,127.890,126.970,128.060,126.840
2002/05/02,Thu,127.440,127.840,128.160,126.930
2002/05/01,Wed,128.540,127.470,128.680,127.160
2002/04/30,Tue,128.050,128.490,128.680,127.770
2002/04/29,Mon,127.960,128.000,128.290,127.600
2002/04/28,Sun,,,,
2002/04/27,Sat,,,,
2002/04/26,Fri,128.700,127.810,128.950,127.800
2002/04/25,Thu,129.660,128.700,129.680,128.160
2002/04/24,Wed,130.200,129.550,130.480,129.450
2002/04/23,Tue,130.010,130.200,130.330,129.710
2002/04/22,Mon,130.550,129.950,130.570,129.620
2002/04/21,Sun,,,,
2002/04/20,Sat,,,,
2002/04/19,Fri,130.030,130.310,130.700,129.830
2002/04/18,Thu,130.690,130.000,130.780,129.570
2002/04/17,Wed,131.200,130.670,131.330,130.420
2002/04/16,Tue,132.180,131.160,132.190,130.880
2002/04/15,Mon,131.970,132.110,132.420,131.310
2002/04/14,Sun,,,,
2002/04/13,Sat,,,,
2002/04/12,Fri,131.450,131.920,132.310,131.250
2002/04/11,Thu,130.700,131.530,131.870,130.640
2002/04/10,Wed,130.750,130.690,130.910,130.160
2002/04/09,Tue,131.670,130.870,131.970,130.810
2002/04/08,Mon,131.750,131.580,131.860,131.120
2002/04/07,Sun,,,,
2002/04/06,Sat,,,,
2002/04/05,Fri,132.310,131.650,132.440,131.310
2002/04/04,Thu,132.680,132.320,133.140,131.590
2002/04/03,Wed,133.330,132.740,133.390,132.360
2002/04/02,Tue,133.470,133.320,133.660,132.840
2002/04/01,Mon,132.750,133.400,133.850,132.730
2002/03/31,Sun,,,,
2002/03/30,Sat,,,,
2002/03/29,Fri,132.670,132.740,133.200,132.260
2002/03/28,Thu,132.690,132.630,132.910,132.160
2002/03/27,Wed,133.140,132.710,133.300,132.290
2002/03/26,Tue,133.420,133.010,133.480,132.260
2002/03/25,Mon,132.940,133.370,133.490,132.660
2002/03/24,Sun,,,,
2002/03/23,Sat,,,,
2002/03/22,Fri,132.010,132.820,132.970,131.970
2002/03/21,Thu,131.370,131.990,132.270,131.230
2002/03/20,Wed,132.100,131.400,132.470,131.260
2002/03/19,Tue,131.250,131.960,132.440,130.850
2002/03/18,Mon,129.160,131.330,131.590,129.110
2002/03/17,Sun,,,,
2002/03/16,Sat,,,,
2002/03/15,Fri,129.120,129.160,129.490,128.830
2002/03/14,Thu,129.550,129.190,129.590,128.210
2002/03/13,Wed,128.900,129.480,129.670,128.890
2002/03/12,Tue,128.420,128.920,129.160,127.980
2002/03/11,Mon,128.510,128.340,129.220,127.770
2002/03/10,Sun,,,,
2002/03/09,Sat,,,,
2002/03/08,Fri,127.350,128.490,128.570,127.290
2002/03/07,Thu,130.680,127.100,130.950,126.380
2002/03/06,Wed,132.150,130.650,132.540,130.630
2002/03/05,Tue,132.240,132.140,132.630,131.570
2002/03/04,Mon,133.530,132.140,133.610,131.930
2002/03/03,Sun,,,,
2002/03/02,Sat,,,,
2002/03/01,Fri,133.540,133.370,133.880,133.070
2002/02/28,Thu,134.330,133.640,134.440,133.520
2002/02/27,Wed,134.550,134.310,135.010,134.100
2002/02/26,Tue,133.860,134.570,134.700,133.620
2002/02/25,Mon,134.130,133.780,134.200,133.600
2002/02/24,Sun,,,,
2002/02/23,Sat,,,,
2002/02/22,Fri,134.120,133.990,134.530,133.530
2002/02/21,Thu,133.760,134.160,134.500,133.380
2002/02/20,Wed,133.600,133.710,133.980,132.990
2002/02/19,Tue,132.730,133.600,134.060,132.610
2002/02/18,Mon,132.840,132.660,132.930,132.380
2002/02/17,Sun,,,,
2002/02/16,Sat,,,,
2002/02/15,Fri,132.120,132.570,133.250,131.830
2002/02/14,Thu,133.370,132.070,133.400,131.970
2002/02/13,Wed,132.600,133.340,133.440,132.140
2002/02/12,Tue,133.330,132.680,133.750,132.530
2002/02/11,Mon,134.930,133.350,135.010,133.350
2002/02/10,Sun,,,,
2002/02/09,Sat,,,,
2002/02/08,Fri,133.730,134.600,135.030,133.500
2002/02/07,Thu,133.620,133.640,134.180,133.380
2002/02/06,Wed,133.910,133.690,134.390,133.350
2002/02/05,Tue,132.410,133.880,134.170,131.940
2002/02/04,Mon,132.990,132.310,133.510,132.260
2002/02/03,Sun,,,,
2002/02/02,Sat,,,,
2002/02/01,Fri,134.590,133.050,135.060,133.200
2002/01/31,Thu,132.890,134.560,134.650,132.600
2002/01/30,Wed,133.350,132.840,133.680,132.330
2002/01/29,Tue,133.440,133.280,133.760,132.960
2002/01/28,Mon,134.760,133.520,134.950,133.940
2002/01/27,Sun,,,,
2002/01/26,Sat,,,,
2002/01/25,Fri,134.730,134.340,134.990,134.080
2002/01/24,Thu,134.520,134.730,134.830,134.070
2002/01/23,Wed,133.870,134.400,134.590,133.600
2002/01/22,Tue,132.640,133.850,134.500,132.610
2002/01/21,Mon,132.570,132.560,132.760,132.000
2002/01/20,Sun,,,,
2002/01/19,Sat,,,,
2002/01/18,Fri,132.650,132.520,132.940,132.490
2002/01/17,Thu,132.030,132.540,132.530,131.800
2002/01/16,Wed,131.110,131.840,132.050,130.980
2002/01/15,Tue,132.010,131.250,132.070,130.880
2002/01/14,Mon,132.070,131.990,132.170,131.470
2002/01/13,Sun,,,,
2002/01/12,Sat,,,,
2002/01/11,Fri,132.440,132.050,132.600,131.550
2002/01/10,Thu,133.040,132.610,133.230,131.970
2002/01/09,Wed,132.770,132.840,133.420,132.200
2002/01/08,Tue,131.070,132.670,132.860,131.030
2002/01/07,Mon,130.940,130.960,131.630,130.360
2002/01/06,Sun,,,,
2002/01/05,Sat,,,,
2002/01/04,Fri,131.760,130.890,131.840,130.670
2002/01/03,Thu,132.100,131.640,132.230,131.350
2002/01/02,Wed,131.590,132.110,132.320,131.290
2002/01/01,Tue,,,,
2001/12/31,Mon,131.240,131.630,131.620,130.630
2001/12/30,Sun,,,,
2001/12/29,Sat,,,,
2001/12/28,Fri,131.720,131.080,131.930,130.780
2001/12/27,Thu,130.850,131.640,132.030,130.810
2001/12/26,Wed,130.920,130.790,131.010,130.380
2001/12/25,Tue,129.930,130.800,130.970,129.740
2001/12/24,Mon,129.580,129.790,130.010,129.300
2001/12/23,Sun,,,,
2001/12/22,Sat,,,,
2001/12/21,Fri,128.640,129.480,129.730,128.640
2001/12/20,Thu,128.090,128.500,128.850,127.900
2001/12/19,Wed,127.780,127.980,128.450,127.590
2001/12/18,Tue,127.490,127.710,128.470,127.460
2001/12/17,Mon,127.220,127.520,128.060,127.120
2001/12/16,Sun,,,,
2001/12/15,Sat,,,,
2001/12/14,Fri,126.030,127.310,127.980,125.950
2001/12/13,Thu,126.030,126.040,126.670,125.860
2001/12/12,Wed,126.030,125.940,126.600,125.490
2001/12/11,Tue,125.970,126.050,126.350,125.690
2001/12/10,Mon,125.560,126.000,126.420,125.530
2001/12/09,Sun,,,,
2001/12/08,Sat,,,,
2001/12/07,Fri,124.670,125.500,125.780,124.480
2001/12/06,Thu,124.160,124.680,124.960,123.740
2001/12/05,Wed,124.180,124.120,124.540,123.980
2001/12/04,Tue,124.120,124.220,124.400,123.630
2001/12/03,Mon,123.370,124.060,124.040,123.250
2001/12/02,Sun,,,,
2001/12/01,Sat,,,,
2001/11/30,Fri,123.830,123.370,124.200,122.810
2001/11/29,Thu,123.080,123.830,123.970,122.820
2001/11/28,Wed,123.920,123.080,124.020,123.040
2001/11/27,Tue,124.080,123.910,124.630,123.700
2001/11/26,Mon,124.330,124.050,124.470,123.780
2001/11/25,Sun,,,,
2001/11/24,Sat,,,,
2001/11/23,Fri,123.980,124.260,124.510,123.680
2001/11/22,Thu,123.130,123.930,124.050,122.960
2001/11/21,Wed,122.640,123.090,123.440,122.540
2001/11/20,Tue,123.260,122.550,123.290,122.520
2001/11/19,Mon,122.790,123.240,123.530,122.740
2001/11/18,Sun,,,,
2001/11/17,Sat,,,,
2001/11/16,Fri,122.320,122.900,122.930,121.980
2001/11/15,Thu,121.570,122.280,122.520,121.490
2001/11/14,Wed,121.650,121.550,122.060,121.370
2001/11/13,Tue,120.530,121.640,121.750,120.410
2001/11/12,Mon,120.430,120.400,120.880,119.700
2001/11/11,Sun,,,,
2001/11/10,Sat,,,,
2001/11/09,Fri,120.100,120.350,120.550,120.020
2001/11/08,Thu,121.070,120.110,121.410,119.830
2001/11/07,Wed,121.210,120.890,121.270,120.730
2001/11/06,Tue,121.670,121.150,121.720,120.960
2001/11/05,Mon,121.640,121.700,122.140,121.580
2001/11/04,Sun,,,,
2001/11/03,Sat,,,,
2001/11/02,Fri,122.050,121.670,122.060,121.410
2001/11/01,Thu,122.460,121.960,122.540,121.350
2001/10/31,Wed,121.970,122.370,122.660,121.650
2001/10/30,Tue,121.920,121.940,122.160,121.570
2001/10/29,Mon,122.720,121.940,122.840,121.850
2001/10/28,Sun,,,,
2001/10/27,Sat,,,,
2001/10/26,Fri,122.920,122.660,123.290,122.410
2001/10/25,Thu,122.890,122.840,123.390,122.450
2001/10/24,Wed,122.680,122.750,122.960,122.330
2001/10/23,Tue,122.430,122.540,123.090,122.240
2001/10/22,Mon,121.180,122.420,122.600,121.160
2001/10/21,Sun,,,,
2001/10/20,Sat,,,,
2001/10/19,Fri,121.110,121.200,121.350,120.810
2001/10/18,Thu,121.220,121.060,121.500,120.740
2001/10/17,Wed,121.270,121.230,121.820,120.760
2001/10/16,Tue,120.850,121.250,121.930,120.620
2001/10/15,Mon,120.870,120.800,121.180,120.480
2001/10/14,Sun,,,,
2001/10/13,Sat,,,,
2001/10/12,Fri,121.440,121.110,121.780,120.710
2001/10/11,Thu,120.390,121.360,121.710,120.110
2001/10/10,Wed,120.150,120.350,120.620,119.770
2001/10/09,Tue,119.800,120.070,120.370,119.780
2001/10/08,Mon,120.430,119.830,120.430,119.590
2001/10/07,Sun,,,,
2001/10/06,Sat,,,,
2001/10/05,Fri,120.480,120.500,120.690,119.930
2001/10/04,Thu,120.620,120.440,120.870,120.150
2001/10/03,Wed,120.740,120.600,121.480,120.440
2001/10/02,Tue,120.230,120.740,121.160,120.110
2001/10/01,Mon,119.510,120.160,120.460,119.330
2001/09/30,Sun,,,,
2001/09/29,Sat,,,,
2001/09/28,Fri,119.700,119.530,119.780,118.680
2001/09/27,Thu,117.740,119.700,120.070,117.660
2001/09/26,Wed,117.640,117.700,118.120,117.090
2001/09/25,Tue,117.530,117.480,117.820,116.980
2001/09/24,Mon,116.760,117.490,117.630,116.290
2001/09/23,Sun,,,,
2001/09/22,Sat,,,,
2001/09/21,Fri,116.360,116.570,117.520,116.030
2001/09/20,Thu,117.620,116.240,117.700,115.800
2001/09/19,Wed,117.390,117.570,118.180,117.110
2001/09/18,Tue,117.780,117.240,118.210,117.100
2001/09/17,Mon,117.580,117.850,118.400,116.680
2001/09/16,Sun,,,,
2001/09/15,Sat,,,,
2001/09/14,Fri,118.900,117.350,119.230,116.900
2001/09/13,Thu,119.540,118.850,119.790,118.620
2001/09/12,Wed,119.710,119.490,119.850,118.600
2001/09/11,Tue,121.010,119.170,122.090,118.530
2001/09/10,Mon,120.180,121.000,120.730,119.940
2001/09/09,Sun,,,,
2001/09/08,Sat,,,,
2001/09/07,Fri,120.890,120.000,121.450,119.750
2001/09/06,Thu,120.690,120.840,121.560,120.620
2001/09/05,Wed,119.400,120.640,120.950,119.330
2001/09/04,Tue,118.720,119.240,119.670,118.600
2001/09/03,Mon,119.070,118.740,119.300,118.590
2001/09/02,Sun,,,,
2001/09/01,Sat,,,,
2001/08/31,Fri,119.440,118.750,119.570,118.460
2001/08/30,Thu,120.170,119.370,120.280,119.210
2001/08/29,Wed,120.030,120.140,120.220,119.070
2001/08/28,Tue,119.880,120.030,120.830,119.700
2001/08/27,Mon,120.140,119.870,120.530,119.810
2001/08/26,Sun,,,,
2001/08/25,Sat,,,,
2001/08/24,Fri,119.920,120.010,120.400,119.540
2001/08/23,Thu,120.320,119.830,120.520,119.640
2001/08/22,Wed,119.790,120.380,120.360,119.330
2001/08/21,Tue,120.730,119.530,120.980,119.540
2001/08/20,Mon,120.350,120.710,120.890,120.070
2001/08/19,Sun,,,,
2001/08/18,Sat,,,,
2001/08/17,Fri,120.340,120.230,120.810,120.050
2001/08/16,Thu,119.630,120.360,120.400,119.260
2001/08/15,Wed,121.820,119.550,121.950,119.070
2001/08/14,Tue,122.480,121.740,123.190,121.190
2001/08/13,Mon,122.000,122.450,122.560,121.400
2001/08/12,Sun,,,,
2001/08/11,Sat,,,,
2001/08/10,Fri,121.790,121.990,122.630,121.730
2001/08/09,Thu,123.680,121.750,123.990,121.360
2001/08/08,Wed,123.560,123.590,123.730,122.790
2001/08/07,Tue,123.890,123.610,124.180,123.540
2001/08/06,Mon,123.720,123.870,124.290,123.700
2001/08/05,Sun,,,,
2001/08/04,Sat,,,,
2001/08/03,Fri,123.700,123.650,124.070,123.300
2001/08/02,Thu,124.590,123.650,124.740,123.580
2001/08/01,Wed,125.030,124.600,125.260,124.450
2001/07/31,Tue,125.180,125.030,125.270,124.630
2001/07/30,Mon,123.260,125.130,125.380,123.240
2001/07/29,Sun,,,,
2001/07/28,Sat,,,,
2001/07/27,Fri,123.730,123.460,124.160,123.220
2001/07/26,Thu,123.620,123.710,124.100,123.140
2001/07/25,Wed,124.140,123.550,124.490,123.430
2001/07/24,Tue,124.410,124.010,124.520,123.870
2001/07/23,Mon,123.060,124.410,124.440,123.040
2001/07/22,Sun,,,,
2001/07/21,Sat,,,,
2001/07/20,Fri,123.430,122.940,123.800,122.690
2001/07/19,Thu,123.950,123.270,124.190,123.210
2001/07/18,Wed,124.920,123.920,125.470,123.780
2001/07/17,Tue,125.480,124.830,125.680,124.770
2001/07/16,Mon,124.720,125.470,125.540,124.710
2001/07/15,Sun,,,,
2001/07/14,Sat,,,,
2001/07/13,Fri,123.840,124.930,124.970,123.830
2001/07/12,Thu,124.390,123.760,124.540,123.500
2001/07/11,Wed,125.380,124.330,125.780,123.850
2001/07/10,Tue,125.360,125.300,125.920,125.230
2001/07/09,Mon,125.730,125.250,126.010,125.260
2001/07/08,Sun,,,,
2001/07/07,Sat,,,,
2001/07/06,Fri,125.700,125.830,126.170,125.440
2001/07/05,Thu,124.470,125.680,125.850,124.410
2001/07/04,Wed,124.370,124.470,125.080,124.230
2001/07/03,Tue,124.150,124.380,124.620,123.680
2001/07/02,Mon,124.700,124.090,125.030,124.140
2001/07/01,Sun,,,,
2001/06/30,Sat,,,,
2001/06/29,Fri,124.750,124.670,124.900,123.740
2001/06/28,Thu,124.300,124.630,125.010,124.210
2001/06/27,Wed,123.770,124.340,124.480,123.730
2001/06/26,Tue,123.830,123.790,124.040,123.270
2001/06/25,Mon,124.290,123.800,124.490,123.710
2001/06/24,Sun,,,,
2001/06/23,Sat,,,,
2001/06/22,Fri,124.650,124.450,124.740,123.830
2001/06/21,Thu,123.910,124.610,124.590,123.620
2001/06/20,Wed,122.910,123.740,124.060,122.660
2001/06/19,Tue,123.250,122.790,123.800,122.670
2001/06/18,Mon,123.030,123.260,123.540,122.730
2001/06/17,Sun,,,,
2001/06/16,Sat,,,,
2001/06/15,Fri,121.320,122.890,123.280,120.850
2001/06/14,Thu,122.100,121.270,122.310,121.160
2001/06/13,Wed,121.700,122.050,122.460,121.570
2001/06/12,Tue,121.960,121.620,122.110,121.550
2001/06/11,Mon,120.890,121.880,122.090,120.870
2001/06/10,Sun,,,,
2001/06/09,Sat,,,,
2001/06/08,Fri,120.170,120.940,120.950,120.050
2001/06/07,Thu,120.090,120.150,120.340,119.590
2001/06/06,Wed,120.260,120.160,120.870,120.140
2001/06/05,Tue,119.280,120.220,120.420,118.730
2001/06/04,Mon,119.220,119.250,119.880,118.850
2001/06/03,Sun,,,,
2001/06/02,Sat,,,,
2001/06/01,Fri,119.300,119.260,119.350,118.290
2001/05/31,Thu,120.350,119.150,120.630,118.470
2001/05/30,Wed,120.180,120.280,120.650,119.910
2001/05/29,Tue,121.100,120.140,121.400,119.960
2001/05/28,Mon,120.500,121.040,121.230,120.440
2001/05/27,Sun,,,,
2001/05/26,Sat,,,,
2001/05/25,Fri,119.830,120.600,120.850,119.830
2001/05/24,Thu,120.040,119.890,120.470,118.880
2001/05/23,Wed,122.870,120.130,122.880,119.720
2001/05/22,Tue,122.720,122.830,123.340,122.420
2001/05/21,Mon,123.650,122.590,123.760,122.650
2001/05/20,Sun,,,,
2001/05/19,Sat,,,,
2001/05/18,Fri,122.560,123.480,123.820,122.540
2001/05/17,Thu,123.400,122.470,123.460,122.470
2001/05/16,Wed,123.340,123.510,124.070,123.070
2001/05/15,Tue,123.350,123.330,123.690,123.060
2001/05/14,Mon,122.510,123.270,123.410,122.420
2001/05/13,Sun,,,,
2001/05/12,Sat,,,,
2001/05/11,Fri,122.580,122.480,122.890,121.790
2001/05/10,Thu,122.300,122.630,122.790,122.020
2001/05/09,Wed,121.310,122.140,122.450,121.230
2001/05/08,Tue,121.100,121.180,122.160,120.810
2001/05/07,Mon,121.340,121.140,121.850,120.990
2001/05/06,Sun,,,,
2001/05/05,Sat,,,,
2001/05/04,Fri,121.350,121.310,121.530,120.520
2001/05/03,Thu,121.480,121.340,121.870,120.740
2001/05/02,Wed,122.140,121.300,122.570,121.370
2001/05/01,Tue,123.640,121.980,123.670,121.870
2001/04/30,Mon,124.040,123.490,124.200,123.170
2001/04/29,Sun,,,,
2001/04/28,Sat,,,,
2001/04/27,Fri,123.250,123.970,124.350,123.130
2001/04/26,Thu,122.130,123.220,123.570,121.790
2001/04/25,Wed,122.280,122.120,122.700,121.950
2001/04/24,Tue,121.320,122.240,122.350,121.100
2001/04/23,Mon,121.910,121.140,122.570,121.280
2001/04/22,Sun,,,,
2001/04/21,Sat,,,,
2001/04/20,Fri,121.080,122.510,122.730,121.040
2001/04/19,Thu,122.150,120.900,122.430,121.100
2001/04/18,Wed,123.320,122.060,123.620,122.290
2001/04/17,Tue,124.350,123.250,124.730,123.080
2001/04/16,Mon,124.240,124.330,124.960,124.130
2001/04/15,Sun,,,,
2001/04/14,Sat,,,,
2001/04/13,Fri,123.670,124.170,124.480,123.610
2001/04/12,Thu,124.770,123.560,124.990,122.940
2001/04/11,Wed,124.480,124.770,125.040,123.820
2001/04/10,Tue,125.180,124.330,125.430,124.200
2001/04/09,Mon,124.030,125.080,125.500,124.020
2001/04/08,Sun,,,,
2001/04/07,Sat,,,,
2001/04/06,Fri,124.060,123.740,125.550,123.780
2001/04/05,Thu,125.320,123.980,125.530,123.490
2001/04/04,Wed,125.520,125.210,126.310,124.810
2001/04/03,Tue,126.780,125.510,126.790,125.230
2001/04/02,Mon,126.400,126.750,126.740,125.670
2001/04/01,Sun,,,,
2001/03/31,Sat,,,,
2001/03/30,Fri,123.720,126.200,125.950,123.230
2001/03/29,Thu,122.320,123.650,123.710,122.150
2001/03/28,Wed,122.240,122.230,122.770,121.400
2001/03/27,Tue,122.650,122.130,123.390,121.990
2001/03/26,Mon,122.760,122.650,123.830,122.620
2001/03/25,Sun,,,,
2001/03/24,Sat,,,,
2001/03/23,Fri,123.490,122.640,123.800,122.510
2001/03/22,Thu,123.270,123.480,124.350,123.050
2001/03/21,Wed,122.240,123.330,123.710,121.990
2001/03/20,Tue,122.960,122.230,123.020,122.210
2001/03/19,Mon,123.140,122.950,123.660,122.010
2001/03/18,Sun,,,,
2001/03/17,Sat,,,,
2001/03/16,Fri,122.430,122.920,123.200,121.850
2001/03/15,Thu,121.040,122.340,122.500,120.510
2001/03/14,Wed,119.700,121.090,121.170,119.300
2001/03/13,Tue,120.460,119.690,120.620,119.740
2001/03/12,Mon,119.510,120.330,120.730,119.450
2001/03/11,Sun,,,,
2001/03/10,Sat,,,,
2001/03/09,Fri,119.780,119.520,119.880,119.070
2001/03/08,Thu,119.980,119.690,120.240,119.370
2001/03/07,Wed,118.820,119.990,120.290,118.570
2001/03/06,Tue,119.230,118.860,119.270,118.240
2001/03/05,Mon,119.180,119.090,119.780,118.630
2001/03/04,Sun,,,,
2001/03/03,Sat,,,,
2001/03/02,Fri,117.400,119.040,119.330,117.300
2001/03/01,Thu,117.350,117.400,117.580,117.010
2001/02/28,Wed,116.070,117.300,117.540,115.870
2001/02/27,Tue,116.440,116.110,116.600,115.930
2001/02/26,Mon,115.860,116.490,116.790,115.760
2001/02/25,Sun,,,,
2001/02/24,Sat,,,,
2001/02/23,Fri,116.910,115.820,117.210,115.840
2001/02/22,Thu,116.600,117.060,116.940,115.830
2001/02/21,Wed,115.710,116.500,116.880,115.310
2001/02/20,Tue,116.040,115.640,116.240,115.210
2001/02/19,Mon,116.010,115.990,116.230,115.570
2001/02/18,Sun,,,,
2001/02/17,Sat,,,,
2001/02/16,Fri,115.430,115.690,115.940,114.540
2001/02/15,Thu,116.410,115.390,116.450,115.450
2001/02/14,Wed,116.890,116.430,116.930,116.040
2001/02/13,Tue,117.430,116.670,117.650,116.700
2001/02/12,Mon,117.590,117.440,117.970,117.350
2001/02/11,Sun,,,,
2001/02/10,Sat,,,,
2001/02/09,Fri,116.700,117.520,117.770,116.340
2001/02/08,Thu,116.320,116.610,116.670,115.850
2001/02/07,Wed,114.820,116.300,116.370,114.680
2001/02/06,Tue,114.730,114.710,115.290,114.320
2001/02/05,Mon,115.690,114.770,116.080,114.630
2001/02/04,Sun,,,,
2001/02/03,Sat,,,,
2001/02/02,Fri,115.570,115.600,115.900,114.930
2001/02/01,Thu,116.530,115.580,116.780,115.210
2001/01/31,Wed,115.820,116.330,116.700,115.650
2001/01/30,Tue,116.740,115.860,116.960,115.590
2001/01/29,Mon,117.490,116.720,117.730,116.120
2001/01/28,Sun,,,,
2001/01/27,Sat,,,,
2001/01/26,Fri,116.900,117.270,117.480,116.320
2001/01/25,Thu,117.850,116.760,118.130,116.310
2001/01/24,Wed,116.870,117.770,118.480,116.530
2001/01/23,Tue,116.290,116.970,117.420,116.260
2001/01/22,Mon,117.030,116.290,117.090,116.200
2001/01/21,Sun,,,,
2001/01/20,Sat,,,,
2001/01/19,Fri,118.100,117.100,118.350,117.000
2001/01/18,Thu,118.920,117.910,119.890,117.630
2001/01/17,Wed,117.670,118.870,118.800,116.920
2001/01/16,Tue,118.970,117.650,119.190,117.080
2001/01/15,Mon,118.330,118.900,119.400,118.230
2001/01/14,Sun,,,,
2001/01/13,Sat,,,,
2001/01/12,Fri,117.760,118.450,118.480,117.370
2001/01/11,Thu,116.540,117.690,117.760,116.290
2001/01/10,Wed,116.850,116.440,117.190,115.790
2001/01/09,Tue,116.040,116.780,116.840,115.630
2001/01/08,Mon,116.610,115.980,116.650,115.860
2001/01/07,Sun,,,,
2001/01/06,Sat,,,,
2001/01/05,Fri,115.680,116.540,116.920,115.510
2001/01/04,Thu,113.630,115.680,115.690,113.550
2001/01/03,Wed,114.400,113.600,114.690,113.810
2001/01/02,Tue,114.370,114.450,115.090,114.240
