日付,曜日,始値,終値,高値,安値
2026/07/24,Fri,0.69680,0.69810,0.70020,0.69640
2026/07/23,Thu,0.69980,0.69690,0.70230,0.69620
2026/07/22,Wed,0.70000,0.69980,0.70140,0.69800
2026/07/21,Tue,0.69960,0.70000,0.70280,0.69930
2026/07/20,Mon,0.69700,0.69970,0.70160,0.69610
2026/07/19,Sun,,,,
2026/07/18,Sat,,,,
2026/07/17,Fri,0.69950,0.69830,0.70030,0.69660
2026/07/16,Thu,0.70030,0.69980,0.70160,0.69860
2026/07/15,Wed,0.69790,0.70070,0.70220,0.69680
2026/07/14,Tue,0.69180,0.69750,0.69940,0.69120
2026/07/13,Mon,0.69520,0.69180,0.69620,0.69130
2026/07/12,Sun,,,,
2026/07/11,Sat,,,,
2026/07/10,Fri,0.69410,0.69520,0.69710,0.69330
2026/07/09,Thu,0.69300,0.69410,0.69480,0.69230
2026/07/08,Wed,0.69290,0.69300,0.69480,0.69060
2026/07/07,Tue,0.69510,0.69290,0.69620,0.69210
2026/07/06,Mon,0.69450,0.69530,0.69600,0.69210
2026/07/05,Sun,,,,
2026/07/04,Sat,,,,
2026/07/03,Fri,0.69220,0.69410,0.69500,0.69090
2026/07/02,Thu,0.68940,0.69220,0.69440,0.68840
2026/07/01,Wed,0.69190,0.68940,0.69230,0.68820
2026/06/30,Tue,0.68870,0.69190,0.69300,0.68650
2026/06/29,Mon,0.69040,0.68870,0.69080,0.68770
2026/06/28,Sun,,,,
2026/06/27,Sat,,,,
2026/06/26,Fri,0.69150,0.68990,0.69220,0.68750
2026/06/25,Thu,0.69010,0.69100,0.69280,0.68850
2026/06/24,Wed,0.69170,0.69010,0.69250,0.68820
2026/06/23,Tue,0.70050,0.69170,0.70070,0.69070
2026/06/22,Mon,0.70110,0.70020,0.70210,0.69930
2026/06/21,Sun,,,,
2026/06/20,Sat,,,,
2026/06/19,Fri,0.70140,0.70130,0.70290,0.69890
2026/06/18,Thu,0.70150,0.70150,0.70430,0.70010
2026/06/17,Wed,0.70690,0.70150,0.70770,0.69950
2026/06/16,Tue,0.70740,0.70680,0.70810,0.70410
2026/06/15,Mon,0.70420,0.70720,0.70900,0.70380
2026/06/14,Sun,,,,
2026/06/13,Sat,,,,
2026/06/12,Fri,0.70490,0.70460,0.70610,0.70210
2026/06/11,Thu,0.70020,0.70500,0.70560,0.69790
2026/06/10,Wed,0.70300,0.70030,0.70380,0.69950
2026/06/09,Tue,0.70440,0.70290,0.70720,0.70050
2026/06/08,Mon,0.70380,0.70460,0.70790,0.70180
2026/06/07,Sun,,,,
2026/06/06,Sat,,,,
2026/06/05,Fri,0.71330,0.70470,0.71460,0.70370
2026/06/04,Thu,0.71310,0.71350,0.71500,0.71220
2026/06/03,Wed,0.71810,0.71290,0.71840,0.71260
2026/06/02,Tue,0.71580,0.71810,0.71890,0.71520
2026/06/01,Mon,0.71830,0.71580,0.71920,0.71350
2026/05/31,Sun,,,,
2026/05/30,Sat,,,,
2026/05/29,Fri,0.71640,0.71840,0.72020,0.71480
2026/05/28,Thu,0.71400,0.71640,0.71700,0.70970
2026/05/27,Wed,0.71690,0.71400,0.71810,0.71230
2026/05/26,Tue,0.71740,0.71690,0.71780,0.71550
2026/05/25,Mon,0.71420,0.71740,0.71820,0.71420
2026/05/24,Sun,,,,
2026/05/23,Sat,,,,
2026/05/22,Fri,0.71500,0.71270,0.71600,0.71160
2026/05/21,Thu,0.71540,0.71500,0.71690,0.71000
2026/05/20,Wed,0.71100,0.71510,0.71750,0.70870
2026/05/19,Tue,0.71640,0.71100,0.71780,0.70790
2026/05/18,Mon,0.71520,0.71690,0.71850,0.71180
2026/05/17,Sun,,,,
2026/05/16,Sat,,,,
2026/05/15,Fri,0.72210,0.71510,0.72260,0.71390
2026/05/14,Thu,0.72640,0.72210,0.72660,0.72160
2026/05/13,Wed,0.72410,0.72590,0.72720,0.72300
2026/05/12,Tue,0.72490,0.72410,0.72540,0.72080
2026/05/11,Mon,0.72440,0.72490,0.72610,0.72100
2026/05/10,Sun,,,,
2026/05/09,Sat,,,,
2026/05/08,Fri,0.72120,0.72470,0.72500,0.72000
2026/05/07,Thu,0.72390,0.72110,0.72660,0.72040
2026/05/06,Wed,0.71830,0.72370,0.72790,0.71780
2026/05/05,Tue,0.71680,0.71830,0.71990,0.71350
2026/05/04,Mon,0.72050,0.71680,0.72290,0.71530
2026/05/03,Sun,,,,
2026/05/02,Sat,,,,
2026/05/01,Fri,0.72000,0.72060,0.72290,0.71830
2026/04/30,Thu,0.71160,0.72010,0.72050,0.71090
2026/04/29,Wed,0.71810,0.71170,0.71910,0.71010
2026/04/28,Tue,0.71870,0.71820,0.71960,0.71510
2026/04/27,Mon,0.71430,0.71870,0.72010,0.71260
2026/04/26,Sun,,,,
2026/04/25,Sat,,,,
2026/04/24,Fri,0.71280,0.71510,0.71560,0.71140
2026/04/23,Thu,0.71610,0.71290,0.71680,0.71110
2026/04/22,Wed,0.71500,0.71610,0.71780,0.71460
2026/04/21,Tue,0.71760,0.71520,0.71870,0.71300
2026/04/20,Mon,0.71580,0.71780,0.71810,0.71160
2026/04/19,Sun,,,,
2026/04/18,Sat,,,,
2026/04/17,Fri,0.71610,0.71680,0.72230,0.71520
2026/04/16,Thu,0.71700,0.71610,0.71980,0.71510
2026/04/15,Wed,0.71250,0.71700,0.71790,0.71180
2026/04/14,Tue,0.70940,0.71260,0.71490,0.70770
2026/04/13,Mon,0.70200,0.70960,0.71020,0.69840
2026/04/12,Sun,,,,
2026/04/11,Sat,,,,
2026/04/10,Fri,0.70790,0.70620,0.70950,0.70520
2026/04/09,Thu,0.70410,0.70810,0.70960,0.70220
2026/04/08,Wed,0.69710,0.70450,0.70850,0.69690
2026/04/07,Tue,0.69180,0.69760,0.69800,0.68980
2026/04/06,Mon,0.68990,0.69170,0.69390,0.68760
2026/04/05,Sun,,,,
2026/04/04,Sat,,,,
2026/04/03,Fri,0.69070,0.68910,0.69180,0.68840
2026/04/02,Thu,0.69290,0.69080,0.69420,0.68600
2026/04/01,Wed,0.69000,0.69290,0.69640,0.68950
2026/03/31,Tue,0.68530,0.69010,0.69050,0.68340
2026/03/30,Mon,0.68800,0.68520,0.68890,0.68330
2026/03/29,Sun,,,,
2026/03/28,Sat,,,,
2026/03/27,Fri,0.68890,0.68730,0.69140,0.68640
2026/03/26,Thu,0.69480,0.68870,0.69590,0.68750
2026/03/25,Wed,0.69970,0.69480,0.70050,0.69430
2026/03/24,Tue,0.70110,0.69960,0.70250,0.69380
2026/03/23,Mon,0.70170,0.70110,0.70640,0.69100
2026/03/22,Sun,,,,
2026/03/21,Sat,,,,
2026/03/20,Fri,0.70870,0.70240,0.70980,0.70050
2026/03/19,Thu,0.70240,0.70870,0.71100,0.69990
2026/03/18,Wed,0.71050,0.70250,0.71250,0.70180
2026/03/17,Tue,0.70710,0.71050,0.71190,0.70490
2026/03/16,Mon,0.69960,0.70720,0.70840,0.69830
2026/03/15,Sun,,,,
2026/03/14,Sat,,,,
2026/03/13,Fri,0.70780,0.69810,0.70940,0.69790
2026/03/12,Thu,0.71520,0.70770,0.71620,0.70720
2026/03/11,Wed,0.71200,0.71520,0.71920,0.71120
2026/03/10,Tue,0.70760,0.71200,0.71720,0.70520
2026/03/09,Mon,0.70010,0.70760,0.70810,0.69560
2026/03/08,Sun,,,,
2026/03/07,Sat,,,,
2026/03/06,Fri,0.70080,0.70300,0.70520,0.69770
2026/03/05,Thu,0.70750,0.70090,0.70930,0.69740
2026/03/04,Wed,0.70420,0.70750,0.70870,0.69840
2026/03/03,Tue,0.70900,0.70350,0.71260,0.69440
2026/03/02,Mon,0.71160,0.70930,0.71210,0.70320
2026/03/01,Sun,,,,
2026/02/28,Sat,,,,
2026/02/27,Fri,0.71070,0.71160,0.71360,0.70860
2026/02/26,Thu,0.71200,0.71050,0.71410,0.70670
2026/02/25,Wed,0.70580,0.71240,0.71310,0.70570
2026/02/24,Tue,0.70550,0.70580,0.70750,0.70260
2026/02/23,Mon,0.70840,0.70560,0.71130,0.70460
2026/02/22,Sun,,,,
2026/02/21,Sat,,,,
2026/02/20,Fri,0.70530,0.70840,0.70950,0.70150
2026/02/19,Thu,0.70430,0.70590,0.70820,0.70240
2026/02/18,Wed,0.70860,0.70430,0.70890,0.70350
2026/02/17,Tue,0.70720,0.70860,0.70910,0.70280
2026/02/16,Mon,0.70630,0.70720,0.70980,0.70560
2026/02/15,Sun,,,,
2026/02/14,Sat,,,,
2026/02/13,Fri,0.70890,0.70750,0.70990,0.70430
2026/02/12,Thu,0.71240,0.70900,0.71490,0.70750
2026/02/11,Wed,0.70760,0.71270,0.71440,0.70650
2026/02/10,Tue,0.70910,0.70760,0.70960,0.70640
2026/02/09,Mon,0.70090,0.70920,0.70990,0.70060
2026/02/08,Sun,,,,
2026/02/07,Sat,,,,
2026/02/06,Fri,0.69270,0.70170,0.70260,0.68970
2026/02/05,Thu,0.69980,0.69270,0.70090,0.69260
2026/02/04,Wed,0.70210,0.69980,0.70450,0.69690
2026/02/03,Tue,0.69480,0.70230,0.70510,0.69430
2026/02/02,Mon,0.69550,0.69490,0.69710,0.69080
2026/02/01,Sun,,,,
2026/01/31,Sat,,,,
2026/01/30,Fri,0.70490,0.69620,0.70570,0.69400
2026/01/29,Thu,0.70410,0.70490,0.70960,0.69680
2026/01/28,Wed,0.70110,0.70410,0.70450,0.69770
2026/01/27,Tue,0.69130,0.70110,0.70170,0.69010
2026/01/26,Mon,0.68970,0.69170,0.69420,0.68970
2026/01/25,Sun,,,,
2026/01/24,Sat,,,,
2026/01/23,Fri,0.68400,0.68960,0.69000,0.68340
2026/01/22,Thu,0.67600,0.68410,0.68450,0.67530
2026/01/21,Wed,0.67370,0.67610,0.67790,0.67270
2026/01/20,Tue,0.67150,0.67370,0.67480,0.67060
2026/01/19,Mon,0.66890,0.67140,0.67180,0.66670
2026/01/18,Sun,,,,
2026/01/17,Sat,,,,
2026/01/16,Fri,0.66990,0.66830,0.67110,0.66710
2026/01/15,Thu,0.66820,0.66990,0.67110,0.66670
2026/01/14,Wed,0.66820,0.66820,0.67040,0.66730
2026/01/13,Tue,0.67100,0.66820,0.67260,0.66730
2026/01/12,Mon,0.66760,0.67110,0.67230,0.66730
2026/01/11,Sun,,,,
2026/01/10,Sat,,,,
2026/01/09,Fri,0.67000,0.66870,0.67060,0.66630
2026/01/08,Thu,0.67220,0.67000,0.67270,0.66810
2026/01/07,Wed,0.67370,0.67210,0.67680,0.67160
2026/01/06,Tue,0.67140,0.67370,0.67430,0.67030
2026/01/05,Mon,0.66960,0.67150,0.67200,0.66630
2026/01/04,Sun,,,,
2026/01/03,Sat,,,,
2026/01/02,Fri,0.66750,0.66940,0.67080,0.66670
2026/01/01,Thu,0.66740,0.66720,0.66780,0.66670
2025/12/31,Wed,0.66950,0.66740,0.67040,0.66590
2025/12/30,Tue,0.66940,0.66950,0.67190,0.66880
2025/12/29,Mon,0.67140,0.66940,0.67290,0.66830
2025/12/28,Sun,,,,
2025/12/27,Sat,,,,
2025/12/26,Fri,0.67010,0.67160,0.67260,0.66970
2025/12/25,Thu,0.67090,0.67030,0.67160,0.66930
2025/12/24,Wed,0.67010,0.67060,0.67190,0.66970
2025/12/23,Tue,0.66570,0.67020,0.67040,0.66540
2025/12/22,Mon,0.66140,0.66580,0.66610,0.66050
2025/12/21,Sun,,,,
2025/12/20,Sat,,,,
2025/12/19,Fri,0.66130,0.66120,0.66260,0.65990
2025/12/18,Thu,0.66040,0.66130,0.66320,0.65920
2025/12/17,Wed,0.66320,0.66050,0.66390,0.65990
2025/12/16,Tue,0.66420,0.66320,0.66620,0.66180
2025/12/15,Mon,0.66540,0.66410,0.66610,0.66320
2025/12/14,Sun,,,,
2025/12/13,Sat,,,,
2025/12/12,Fri,0.66650,0.66530,0.66790,0.66330
2025/12/11,Thu,0.66760,0.66650,0.66800,0.66260
2025/12/10,Wed,0.66420,0.66760,0.66870,0.66280
2025/12/09,Tue,0.66230,0.66420,0.66550,0.66090
2025/12/08,Mon,0.66420,0.66240,0.66500,0.66140
2025/12/07,Sun,,,,
2025/12/06,Sat,,,,
2025/12/05,Fri,0.66110,0.66400,0.66500,0.66050
2025/12/04,Thu,0.66000,0.66100,0.66260,0.65970
2025/12/03,Wed,0.65640,0.66010,0.66030,0.65520
2025/12/02,Tue,0.65450,0.65640,0.65720,0.65370
2025/12/01,Mon,0.65500,0.65440,0.65670,0.65320
2025/11/30,Sun,,,,
2025/11/29,Sat,,,,
2025/11/28,Fri,0.65340,0.65500,0.65610,0.65200
2025/11/27,Thu,0.65170,0.65340,0.65410,0.65160
2025/11/26,Wed,0.64690,0.65180,0.65220,0.64650
2025/11/25,Tue,0.64610,0.64690,0.64770,0.64360
2025/11/24,Mon,0.64530,0.64640,0.64710,0.64420
2025/11/23,Sun,,,,
2025/11/22,Sat,,,,
2025/11/21,Fri,0.64400,0.64560,0.64620,0.64210
2025/11/20,Thu,0.64780,0.64400,0.65040,0.64360
2025/11/19,Wed,0.65070,0.64790,0.65130,0.64510
2025/11/18,Tue,0.64930,0.65080,0.65190,0.64650
2025/11/17,Mon,0.65330,0.64940,0.65400,0.64820
2025/11/16,Sun,,,,
2025/11/15,Sat,,,,
2025/11/14,Fri,0.65280,0.65370,0.65530,0.65030
2025/11/13,Thu,0.65410,0.65280,0.65820,0.65230
2025/11/12,Wed,0.65270,0.65410,0.65520,0.65150
2025/11/11,Tue,0.65360,0.65270,0.65400,0.65140
2025/11/10,Mon,0.64920,0.65360,0.65420,0.64880
2025/11/09,Sun,,,,
2025/11/08,Sat,,,,
2025/11/07,Fri,0.64790,0.64940,0.65010,0.64660
2025/11/06,Thu,0.65060,0.64800,0.65200,0.64630
2025/11/05,Wed,0.64920,0.65060,0.65140,0.64580
2025/11/04,Tue,0.65360,0.64900,0.65420,0.64800
2025/11/03,Mon,0.65480,0.65380,0.65630,0.65170
2025/11/02,Sun,,,,
2025/11/01,Sat,,,,
2025/10/31,Fri,0.65550,0.65460,0.65620,0.65330
2025/10/30,Thu,0.65740,0.65550,0.65990,0.65320
2025/10/29,Wed,0.65860,0.65750,0.66190,0.65570
2025/10/28,Tue,0.65560,0.65850,0.65920,0.65440
2025/10/27,Mon,0.65260,0.65570,0.65610,0.65250
2025/10/26,Sun,,,,
2025/10/25,Sat,,,,
2025/10/24,Fri,0.65130,0.65140,0.65310,0.64920
2025/10/23,Thu,0.64880,0.65130,0.65190,0.64780
2025/10/22,Wed,0.64890,0.64880,0.65140,0.64780
2025/10/21,Tue,0.65130,0.64880,0.65260,0.64720
2025/10/20,Mon,0.64830,0.65130,0.65220,0.64820
2025/10/19,Sun,,,,
2025/10/18,Sat,,,,
2025/10/17,Fri,0.64850,0.64970,0.65040,0.64430
2025/10/16,Thu,0.65120,0.64850,0.65170,0.64710
2025/10/15,Wed,0.64870,0.65130,0.65250,0.64810
2025/10/14,Tue,0.65140,0.64860,0.65250,0.64400
2025/10/13,Mon,0.65030,0.65150,0.65340,0.64910
2025/10/12,Sun,,,,
2025/10/11,Sat,,,,
2025/10/10,Fri,0.65570,0.64720,0.65750,0.64720
2025/10/09,Thu,0.65870,0.65560,0.66130,0.65400
2025/10/08,Wed,0.65820,0.65860,0.65900,0.65560
2025/10/07,Tue,0.66140,0.65820,0.66260,0.65780
2025/10/06,Mon,0.65980,0.66180,0.66220,0.65810
2025/10/05,Sun,,,,
2025/10/04,Sat,,,,
2025/10/03,Fri,0.65970,0.66040,0.66160,0.65880
2025/10/02,Thu,0.66140,0.65960,0.66260,0.65770
2025/10/01,Wed,0.66130,0.66130,0.66300,0.65880
2025/09/30,Tue,0.65770,0.66140,0.66290,0.65710
2025/09/29,Mon,0.65490,0.65770,0.65820,0.65450
2025/09/28,Sun,,,,
2025/09/27,Sat,,,,
2025/09/26,Fri,0.65400,0.65460,0.65530,0.65200
2025/09/25,Thu,0.65840,0.65410,0.66050,0.65260
2025/09/24,Wed,0.65990,0.65830,0.66290,0.65740
2025/09/23,Tue,0.65990,0.65990,0.66170,0.65810
2025/09/22,Mon,0.65980,0.66000,0.66060,0.65740
2025/09/21,Sun,,,,
2025/09/20,Sat,,,,
2025/09/19,Fri,0.66140,0.65940,0.66210,0.65850
2025/09/18,Thu,0.66530,0.66120,0.66610,0.66070
2025/09/17,Wed,0.66850,0.66530,0.67080,0.66410
2025/09/16,Tue,0.66700,0.66850,0.66890,0.66590
2025/09/15,Mon,0.66380,0.66690,0.66760,0.66370
2025/09/14,Sun,,,,
2025/09/13,Sat,,,,
2025/09/12,Fri,0.66580,0.66500,0.66700,0.66290
2025/09/11,Thu,0.66140,0.66590,0.66670,0.65920
2025/09/10,Wed,0.65860,0.66140,0.66370,0.65800
2025/09/09,Tue,0.65910,0.65850,0.66210,0.65820
2025/09/08,Mon,0.65520,0.65910,0.66000,0.65450
2025/09/07,Sun,,,,
2025/09/06,Sat,,,,
2025/09/05,Fri,0.65180,0.65570,0.65900,0.65120
2025/09/04,Thu,0.65430,0.65180,0.65510,0.65010
2025/09/03,Wed,0.65200,0.65450,0.65560,0.65020
2025/09/02,Tue,0.65540,0.65200,0.65600,0.64830
2025/09/01,Mon,0.65380,0.65520,0.65620,0.65330
2025/08/31,Sun,,,,
2025/08/30,Sat,,,,
2025/08/29,Fri,0.65320,0.65410,0.65500,0.65220
2025/08/28,Thu,0.65050,0.65320,0.65390,0.65020
2025/08/27,Wed,0.64950,0.65060,0.65140,0.64620
2025/08/26,Tue,0.64800,0.64950,0.65020,0.64700
2025/08/25,Mon,0.64960,0.64830,0.65060,0.64710
2025/08/24,Sun,,,,
2025/08/23,Sat,,,,
2025/08/22,Fri,0.64260,0.64900,0.65030,0.64140
2025/08/21,Thu,0.64290,0.64200,0.64380,0.64140
2025/08/20,Wed,0.64580,0.64340,0.64610,0.64230
2025/08/19,Tue,0.64940,0.64540,0.64990,0.64490
2025/08/18,Mon,0.65090,0.64920,0.65260,0.64810
2025/08/17,Sun,,,,
2025/08/16,Sat,,,,
2025/08/15,Fri,0.64900,0.65070,0.65240,0.64870
2025/08/14,Thu,0.65460,0.64950,0.65700,0.64820
2025/08/13,Wed,0.65280,0.65460,0.65640,0.65160
2025/08/12,Tue,0.65130,0.65290,0.65420,0.64810
2025/08/11,Mon,0.65200,0.65130,0.65310,0.65010
2025/08/10,Sun,,,,
2025/08/09,Sat,,,,
2025/08/08,Fri,0.65190,0.65260,0.65360,0.65110
2025/08/07,Thu,0.65040,0.65240,0.65430,0.64890
2025/08/06,Wed,0.64680,0.65030,0.65100,0.64630
2025/08/05,Tue,0.64670,0.64730,0.64810,0.64490
2025/08/04,Mon,0.64760,0.64680,0.64910,0.64590
2025/08/03,Sun,,,,
2025/08/02,Sat,,,,
2025/08/01,Fri,0.64260,0.64770,0.64940,0.64190
2025/07/31,Thu,0.64340,0.64260,0.64780,0.64240
2025/07/30,Wed,0.65130,0.64330,0.65300,0.64260
2025/07/29,Tue,0.65190,0.65100,0.65310,0.64960
2025/07/28,Mon,0.65660,0.65210,0.65870,0.65130
2025/07/27,Sun,,,,
2025/07/26,Sat,,,,
2025/07/25,Fri,0.65930,0.65670,0.66000,0.65510
2025/07/24,Thu,0.66000,0.65910,0.66260,0.65860
2025/07/23,Wed,0.65540,0.66020,0.66040,0.65460
2025/07/22,Tue,0.65280,0.65550,0.65590,0.65040
2025/07/21,Mon,0.65220,0.65250,0.65390,0.64980
2025/07/20,Sun,,,,
2025/07/19,Sat,,,,
2025/07/18,Fri,0.64860,0.65100,0.65420,0.64830
2025/07/17,Thu,0.65300,0.64890,0.65340,0.64540
2025/07/16,Wed,0.65130,0.65280,0.65550,0.64950
2025/07/15,Tue,0.65510,0.65150,0.65770,0.65070
2025/07/14,Mon,0.65740,0.65450,0.65880,0.65420
2025/07/13,Sun,,,,
2025/07/12,Sat,,,,
2025/07/11,Fri,0.65870,0.65800,0.65970,0.65560
2025/07/10,Thu,0.65360,0.65870,0.65920,0.65280
2025/07/09,Wed,0.65280,0.65360,0.65500,0.65090
2025/07/08,Tue,0.64920,0.65310,0.65580,0.64900
2025/07/07,Mon,0.65560,0.64910,0.65660,0.64850
2025/07/06,Sun,,,,
2025/07/05,Sat,,,,
2025/07/04,Fri,0.65730,0.65530,0.65810,0.65450
2025/07/03,Thu,0.65840,0.65720,0.65880,0.65370
2025/07/02,Wed,0.65830,0.65840,0.65900,0.65430
2025/07/01,Tue,0.65770,0.65830,0.65920,0.65530
2025/06/30,Mon,0.65260,0.65810,0.65840,0.65220
2025/06/29,Sun,,,,
2025/06/28,Sat,,,,
2025/06/27,Fri,0.65460,0.65310,0.65630,0.65080
2025/06/26,Thu,0.65090,0.65460,0.65650,0.65050
2025/06/25,Wed,0.64880,0.65130,0.65160,0.64840
2025/06/24,Tue,0.64600,0.64890,0.65210,0.64560
2025/06/23,Mon,0.64380,0.64600,0.64650,0.63720
2025/06/22,Sun,,,,
2025/06/21,Sat,,,,
2025/06/20,Fri,0.64820,0.64510,0.64970,0.64470
2025/06/19,Thu,0.65090,0.64820,0.65130,0.64450
2025/06/18,Wed,0.64750,0.65080,0.65380,0.64670
2025/06/17,Tue,0.65240,0.64750,0.65450,0.64660
2025/06/16,Mon,0.64920,0.65240,0.65530,0.64660
2025/06/15,Sun,,,,
2025/06/14,Sat,,,,
2025/06/13,Fri,0.65330,0.64880,0.65350,0.64560
2025/06/12,Thu,0.65070,0.65340,0.65350,0.64770
2025/06/11,Wed,0.65240,0.65010,0.65470,0.64950
2025/06/10,Tue,0.65170,0.65220,0.65350,0.64900
2025/06/09,Mon,0.64920,0.65170,0.65350,0.64880
2025/06/08,Sun,,,,
2025/06/07,Sat,,,,
2025/06/06,Fri,0.65110,0.64930,0.65180,0.64790
2025/06/05,Thu,0.64930,0.65060,0.65390,0.64850
2025/06/04,Wed,0.64580,0.64920,0.65060,0.64480
2025/06/03,Tue,0.64950,0.64620,0.65010,0.64460
2025/06/02,Mon,0.64350,0.64960,0.65020,0.64270
2025/06/01,Sun,,,,
2025/05/31,Sat,,,,
2025/05/30,Fri,0.64400,0.64320,0.64540,0.64060
2025/05/29,Thu,0.64270,0.64420,0.64610,0.64060
2025/05/28,Wed,0.64430,0.64270,0.64550,0.64100
2025/05/27,Tue,0.64850,0.64440,0.64970,0.64340
2025/05/26,Mon,0.64910,0.64860,0.65390,0.64820
2025/05/25,Sun,,,,
2025/05/24,Sat,,,,
2025/05/23,Fri,0.64110,0.64950,0.65010,0.64070
2025/05/22,Thu,0.64400,0.64110,0.64600,0.64060
2025/05/21,Wed,0.64220,0.64360,0.64710,0.64180
2025/05/20,Tue,0.64580,0.64240,0.64600,0.63910
2025/05/19,Mon,0.64120,0.64570,0.64660,0.63960
2025/05/18,Sun,,,,
2025/05/17,Sat,,,,
2025/05/16,Fri,0.64060,0.64030,0.64380,0.63870
2025/05/15,Thu,0.64280,0.64070,0.64590,0.63900
2025/05/14,Wed,0.64710,0.64280,0.65030,0.64220
2025/05/13,Tue,0.63700,0.64710,0.64800,0.63610
2025/05/12,Mon,0.64300,0.63720,0.64620,0.63560
2025/05/11,Sun,,,,
2025/05/10,Sat,,,,
2025/05/09,Fri,0.64000,0.64120,0.64340,0.63710
2025/05/08,Thu,0.64240,0.64000,0.64660,0.63950
2025/05/07,Wed,0.64960,0.64250,0.65160,0.64210
2025/05/06,Tue,0.64700,0.64950,0.65030,0.64380
2025/05/05,Mon,0.64430,0.64690,0.64950,0.64280
2025/05/04,Sun,,,,
2025/05/03,Sat,,,,
2025/05/02,Fri,0.63820,0.64440,0.64710,0.63790
2025/05/01,Thu,0.63990,0.63840,0.64280,0.63650
2025/04/30,Wed,0.63840,0.64030,0.64190,0.63560
2025/04/29,Tue,0.64310,0.63840,0.64510,0.63760
2025/04/28,Mon,0.63830,0.64320,0.64360,0.63660
2025/04/27,Sun,,,,
2025/04/26,Sat,,,,
2025/04/25,Fri,0.64060,0.63960,0.64210,0.63730
2025/04/24,Thu,0.63610,0.64110,0.64150,0.63430
2025/04/23,Wed,0.63660,0.63610,0.64360,0.63490
2025/04/22,Tue,0.64150,0.63650,0.64410,0.63610
2025/04/21,Mon,0.63750,0.64150,0.64390,0.63680
2025/04/20,Sun,,,,
2025/04/19,Sat,,,,
2025/04/18,Fri,0.63890,0.63760,0.63950,0.63660
2025/04/17,Thu,0.63700,0.63900,0.63950,0.63330
2025/04/16,Wed,0.63440,0.63690,0.63920,0.63220
2025/04/15,Tue,0.63250,0.63420,0.63840,0.63150
2025/04/14,Mon,0.63020,0.63250,0.63440,0.62750
2025/04/13,Sun,,,,
2025/04/12,Sat,,,,
2025/04/11,Fri,0.62230,0.62850,0.63010,0.61810
2025/04/10,Thu,0.61530,0.62220,0.62510,0.61160
2025/04/09,Wed,0.59630,0.61510,0.61770,0.59140
2025/04/08,Tue,0.59870,0.59540,0.60870,0.59460
2025/04/07,Mon,0.60440,0.59840,0.61220,0.59310
2025/04/06,Sun,,,,
2025/04/05,Sat,,,,
2025/04/04,Fri,0.63270,0.60410,0.63330,0.59860
2025/04/03,Thu,0.62990,0.63270,0.63900,0.62250
2025/04/02,Wed,0.62770,0.62970,0.63430,0.62580
2025/04/01,Tue,0.62470,0.62760,0.62840,0.62310
2025/03/31,Mon,0.62910,0.62460,0.63020,0.62190
2025/03/30,Sun,,,,
2025/03/29,Sat,,,,
2025/03/28,Fri,0.63050,0.62870,0.63140,0.62800
2025/03/27,Thu,0.62990,0.63030,0.63200,0.62790
2025/03/26,Wed,0.63040,0.62970,0.63320,0.62780
2025/03/25,Tue,0.62850,0.63010,0.63260,0.62780
2025/03/24,Mon,0.62740,0.62850,0.63060,0.62630
2025/03/23,Sun,,,,
2025/03/22,Sat,,,,
2025/03/21,Fri,0.63030,0.62690,0.63080,0.62580
2025/03/20,Thu,0.63580,0.63000,0.63650,0.62710
2025/03/19,Wed,0.63620,0.63570,0.63680,0.63210
2025/03/18,Tue,0.63850,0.63610,0.63920,0.63440
2025/03/17,Mon,0.63250,0.63820,0.63920,0.63140
2025/03/16,Sun,,,,
2025/03/15,Sat,,,,
2025/03/14,Fri,0.62850,0.63230,0.63320,0.62770
2025/03/13,Thu,0.63200,0.62840,0.63350,0.62690
2025/03/12,Wed,0.62980,0.63180,0.63240,0.62760
2025/03/11,Tue,0.62790,0.62980,0.63130,0.62590
2025/03/10,Mon,0.63080,0.62780,0.63330,0.62640
2025/03/09,Sun,,,,
2025/03/08,Sat,,,,
2025/03/07,Fri,0.63330,0.63050,0.63390,0.62820
2025/03/06,Thu,0.63350,0.63310,0.63650,0.63220
2025/03/05,Wed,0.62720,0.63340,0.63440,0.62330
2025/03/04,Tue,0.62230,0.62710,0.62740,0.61870
2025/03/03,Mon,0.62070,0.62240,0.62560,0.61980
2025/03/02,Sun,,,,
2025/03/01,Sat,,,,
2025/02/28,Fri,0.62360,0.62070,0.62400,0.61920
2025/02/27,Thu,0.63060,0.62330,0.63160,0.62310
2025/02/26,Wed,0.63440,0.63060,0.63550,0.62960
2025/02/25,Tue,0.63500,0.63430,0.63580,0.63210
2025/02/24,Mon,0.63540,0.63480,0.63930,0.63440
2025/02/23,Sun,,,,
2025/02/22,Sat,,,,
2025/02/21,Fri,0.63990,0.63550,0.64100,0.63510
2025/02/20,Thu,0.63450,0.63980,0.64050,0.63270
2025/02/19,Wed,0.63530,0.63440,0.63720,0.63360
2025/02/18,Tue,0.63550,0.63500,0.63690,0.63340
2025/02/17,Mon,0.63570,0.63530,0.63760,0.63440
2025/02/16,Sun,,,,
2025/02/15,Sat,,,,
2025/02/14,Fri,0.63180,0.63500,0.63690,0.63100
2025/02/13,Thu,0.62860,0.63150,0.63240,0.62540
2025/02/12,Wed,0.62950,0.62790,0.63110,0.62350
2025/02/11,Tue,0.62780,0.62940,0.63030,0.62600
2025/02/10,Mon,0.62710,0.62750,0.62890,0.62310
2025/02/09,Sun,,,,
2025/02/08,Sat,,,,
2025/02/07,Fri,0.62800,0.62710,0.63010,0.62530
2025/02/06,Thu,0.62850,0.62830,0.62900,0.62540
2025/02/05,Wed,0.62500,0.62850,0.62980,0.62400
2025/02/04,Tue,0.62260,0.62530,0.62630,0.61700
2025/02/03,Mon,0.62110,0.62260,0.62380,0.60870
2025/02/02,Sun,,,,
2025/02/01,Sat,,,,
2025/01/31,Fri,0.62100,0.62110,0.62640,0.62020
2025/01/30,Thu,0.62300,0.62070,0.62450,0.61990
2025/01/29,Wed,0.62540,0.62300,0.62570,0.62100
2025/01/28,Tue,0.62930,0.62510,0.62950,0.62370
2025/01/27,Mon,0.63210,0.62910,0.63240,0.62750
2025/01/26,Sun,,,,
2025/01/25,Sat,,,,
2025/01/24,Fri,0.62860,0.63090,0.63320,0.62780
2025/01/23,Thu,0.62740,0.62850,0.63010,0.62550
2025/01/22,Wed,0.62750,0.62730,0.62970,0.62530
2025/01/21,Tue,0.62760,0.62710,0.62900,0.62090
2025/01/20,Mon,0.62000,0.62740,0.62880,0.61890
2025/01/19,Sun,,,,
2025/01/18,Sat,,,,
2025/01/17,Fri,0.62130,0.61900,0.62290,0.61640
2025/01/16,Thu,0.62270,0.62120,0.62450,0.61920
2025/01/15,Wed,0.61950,0.62260,0.62480,0.61810
2025/01/14,Tue,0.61780,0.61920,0.62090,0.61650
2025/01/13,Mon,0.61500,0.61770,0.61790,0.61310
2025/01/12,Sun,,,,
2025/01/11,Sat,,,,
2025/01/10,Fri,0.61990,0.61450,0.62070,0.61390
2025/01/09,Thu,0.62150,0.61930,0.62180,0.61720
2025/01/08,Wed,0.62310,0.62150,0.62440,0.61870
2025/01/07,Tue,0.62470,0.62290,0.62900,0.62280
2025/01/06,Mon,0.62150,0.62430,0.63040,0.62050
2025/01/05,Sun,,,,
2025/01/04,Sat,,,,
2025/01/03,Fri,0.62050,0.62120,0.62270,0.61980
2025/01/02,Thu,0.61870,0.62030,0.62240,0.61830
2025/01/01,Wed,0.61880,0.61900,0.61940,0.61830
2024/12/31,Tue,0.62210,0.61870,0.62330,0.61790
2024/12/30,Mon,0.62100,0.62180,0.62480,0.62020
2024/12/29,Sun,,,,
2024/12/28,Sat,,,,
2024/12/27,Fri,0.62210,0.62150,0.62290,0.62000
2024/12/26,Thu,0.62360,0.62200,0.62560,0.62160
2024/12/25,Wed,0.62430,0.62370,0.62480,0.62290
2024/12/24,Tue,0.62490,0.62360,0.62540,0.62240
2024/12/23,Mon,0.62660,0.62460,0.62710,0.62190
2024/12/22,Sun,,,,
2024/12/21,Sat,,,,
2024/12/20,Fri,0.62400,0.62500,0.62760,0.62140
2024/12/19,Thu,0.62180,0.62360,0.62660,0.61980
2024/12/18,Wed,0.63390,0.62170,0.63410,0.62140
2024/12/17,Tue,0.63690,0.63360,0.63790,0.63310
2024/12/16,Mon,0.63600,0.63700,0.63840,0.63450
2024/12/15,Sun,,,,
2024/12/14,Sat,,,,
2024/12/13,Fri,0.63690,0.63610,0.63840,0.63520
2024/12/12,Thu,0.63690,0.63670,0.64310,0.63610
2024/12/11,Wed,0.63780,0.63680,0.63910,0.63360
2024/12/10,Tue,0.64400,0.63750,0.64440,0.63650
2024/12/09,Mon,0.63920,0.64370,0.64730,0.63790
2024/12/08,Sun,,,,
2024/12/07,Sat,,,,
2024/12/06,Fri,0.64530,0.63890,0.64570,0.63720
2024/12/05,Thu,0.64300,0.64500,0.64560,0.64210
2024/12/04,Wed,0.64860,0.64280,0.64900,0.63990
2024/12/03,Tue,0.64740,0.64830,0.65060,0.64550
2024/12/02,Mon,0.65160,0.64710,0.65270,0.64430
2024/12/01,Sun,,,,
2024/11/30,Sat,,,,
2024/11/29,Fri,0.64990,0.65100,0.65290,0.64920
2024/11/28,Thu,0.64970,0.64990,0.65110,0.64770
2024/11/27,Wed,0.64750,0.64950,0.65020,0.64640
2024/11/26,Tue,0.65040,0.64720,0.65080,0.64340
2024/11/25,Mon,0.65060,0.65020,0.65510,0.64860
2024/11/24,Sun,,,,
2024/11/23,Sat,,,,
2024/11/22,Fri,0.65120,0.65010,0.65230,0.64710
2024/11/21,Thu,0.65020,0.65110,0.65340,0.64970
2024/11/20,Wed,0.65320,0.65030,0.65460,0.64840
2024/11/19,Tue,0.65080,0.65310,0.65350,0.64820
2024/11/18,Mon,0.64610,0.65070,0.65120,0.64470
2024/11/17,Sun,,,,
2024/11/16,Sat,,,,
2024/11/15,Fri,0.64530,0.64610,0.64820,0.64420
2024/11/14,Thu,0.64890,0.64520,0.64990,0.64400
2024/11/13,Wed,0.65350,0.64850,0.65470,0.64800
2024/11/12,Tue,0.65750,0.65330,0.65830,0.65130
2024/11/11,Mon,0.65940,0.65740,0.66020,0.65620
2024/11/10,Sun,,,,
2024/11/09,Sat,,,,
2024/11/08,Fri,0.66740,0.65800,0.66820,0.65580
2024/11/07,Thu,0.65680,0.66780,0.66890,0.65640
2024/11/06,Wed,0.66380,0.65680,0.66460,0.65120
2024/11/05,Tue,0.65860,0.66350,0.66430,0.65780
2024/11/04,Mon,0.65790,0.65840,0.66210,0.65720
2024/11/03,Sun,,,,
2024/11/02,Sat,,,,
2024/11/01,Fri,0.65830,0.65590,0.65930,0.65540
2024/10/31,Thu,0.65730,0.65810,0.65850,0.65390
2024/10/30,Wed,0.65610,0.65710,0.65980,0.65360
2024/10/29,Tue,0.65840,0.65600,0.65870,0.65450
2024/10/28,Mon,0.66190,0.65830,0.66290,0.65790
2024/10/27,Sun,,,,
2024/10/26,Sat,,,,
2024/10/25,Fri,0.66410,0.66030,0.66470,0.66010
2024/10/24,Thu,0.66340,0.66400,0.66630,0.66210
2024/10/23,Wed,0.66830,0.66330,0.66930,0.66140
2024/10/22,Tue,0.66590,0.66810,0.66960,0.66500
2024/10/21,Mon,0.67080,0.66580,0.67250,0.66530
2024/10/20,Sun,,,,
2024/10/19,Sat,,,,
2024/10/18,Fri,0.66970,0.67060,0.67210,0.66910
2024/10/17,Thu,0.66670,0.66960,0.67120,0.66590
2024/10/16,Wed,0.67040,0.66660,0.67090,0.66580
2024/10/15,Tue,0.67260,0.67020,0.67340,0.66980
2024/10/14,Mon,0.67380,0.67250,0.67510,0.67020
2024/10/13,Sun,,,,
2024/10/12,Sat,,,,
2024/10/11,Fri,0.67400,0.67500,0.67610,0.67240
2024/10/10,Thu,0.67220,0.67390,0.67440,0.67100
2024/10/09,Wed,0.67470,0.67170,0.67630,0.67070
2024/10/08,Tue,0.67580,0.67450,0.67700,0.67150
2024/10/07,Mon,0.67990,0.67570,0.68130,0.67430
2024/10/06,Sun,,,,
2024/10/05,Sat,,,,
2024/10/04,Fri,0.68410,0.67940,0.68540,0.67850
2024/10/03,Thu,0.68840,0.68390,0.68900,0.68290
2024/10/02,Wed,0.68840,0.68840,0.69170,0.68750
2024/10/01,Tue,0.69130,0.68820,0.69360,0.68560
2024/09/30,Mon,0.69120,0.69130,0.69430,0.68950
2024/09/29,Sun,,,,
2024/09/28,Sat,,,,
2024/09/27,Fri,0.68960,0.69020,0.69390,0.68680
2024/09/26,Thu,0.68240,0.68950,0.69060,0.68180
2024/09/25,Wed,0.68930,0.68220,0.69090,0.68180
2024/09/24,Tue,0.68390,0.68910,0.68940,0.68140
2024/09/23,Mon,0.68020,0.68380,0.68550,0.67920
2024/09/22,Sun,,,,
2024/09/21,Sat,,,,
2024/09/20,Fri,0.68160,0.68060,0.68300,0.67830
2024/09/19,Thu,0.67640,0.68140,0.68410,0.67370
2024/09/18,Wed,0.67570,0.67630,0.68210,0.67420
2024/09/17,Tue,0.67530,0.67550,0.67700,0.67410
2024/09/16,Mon,0.67170,0.67510,0.67550,0.66960
2024/09/15,Sun,,,,
2024/09/14,Sat,,,,
2024/09/13,Fri,0.67220,0.67030,0.67340,0.66920
2024/09/12,Thu,0.66750,0.67220,0.67270,0.66570
2024/09/11,Wed,0.66560,0.66720,0.66770,0.66220
2024/09/10,Tue,0.66610,0.66510,0.66780,0.66410
2024/09/09,Mon,0.66660,0.66600,0.66900,0.66470
2024/09/08,Sun,,,,
2024/09/07,Sat,,,,
2024/09/06,Fri,0.67380,0.66700,0.67680,0.66590
2024/09/05,Thu,0.67250,0.67400,0.67430,0.67130
2024/09/04,Wed,0.67120,0.67240,0.67510,0.66860
2024/09/03,Tue,0.67910,0.67090,0.67940,0.67070
2024/09/02,Mon,0.67730,0.67900,0.67960,0.67560
2024/09/01,Sun,,,,
2024/08/31,Sat,,,,
2024/08/30,Fri,0.67980,0.67640,0.68180,0.67510
2024/08/29,Thu,0.67850,0.67970,0.68250,0.67800
2024/08/28,Wed,0.67930,0.67850,0.68140,0.67640
2024/08/27,Tue,0.67720,0.67920,0.67970,0.67610
2024/08/26,Mon,0.67860,0.67710,0.67980,0.67660
2024/08/25,Sun,,,,
2024/08/24,Sat,,,,
2024/08/23,Fri,0.67030,0.67920,0.67990,0.67010
2024/08/22,Thu,0.67460,0.67040,0.67540,0.66970
2024/08/21,Wed,0.67450,0.67420,0.67620,0.67310
2024/08/20,Tue,0.67290,0.67410,0.67510,0.67130
2024/08/19,Mon,0.66690,0.67280,0.67350,0.66610
2024/08/18,Sun,,,,
2024/08/17,Sat,,,,
2024/08/16,Fri,0.66130,0.66660,0.66720,0.66070
2024/08/15,Thu,0.65970,0.66120,0.66360,0.65710
2024/08/14,Wed,0.66340,0.65960,0.66440,0.65950
2024/08/13,Tue,0.65870,0.66310,0.66390,0.65780
2024/08/12,Mon,0.65800,0.65850,0.66070,0.65650
2024/08/11,Sun,,,,
2024/08/10,Sat,,,,
2024/08/09,Fri,0.65930,0.65720,0.66070,0.65660
2024/08/08,Thu,0.65190,0.65920,0.65950,0.65060
2024/08/07,Wed,0.65170,0.65170,0.65760,0.65080
2024/08/06,Tue,0.64980,0.65180,0.65420,0.64720
2024/08/05,Mon,0.65160,0.64950,0.65280,0.63480
2024/08/04,Sun,,,,
2024/08/03,Sat,,,,
2024/08/02,Fri,0.65020,0.65090,0.65480,0.64860
2024/08/01,Thu,0.65400,0.64980,0.65610,0.64890
2024/07/31,Wed,0.65380,0.65400,0.65570,0.64790
2024/07/30,Tue,0.65490,0.65370,0.65640,0.65280
2024/07/29,Mon,0.65530,0.65480,0.65700,0.65240
2024/07/28,Sun,,,,
2024/07/27,Sat,,,,
2024/07/26,Fri,0.65370,0.65480,0.65700,0.65350
2024/07/25,Thu,0.65810,0.65380,0.65830,0.65140
2024/07/24,Wed,0.66160,0.65810,0.66180,0.65770
2024/07/23,Tue,0.66450,0.66140,0.66470,0.66110
2024/07/22,Mon,0.66920,0.66420,0.67040,0.66310
2024/07/21,Sun,,,,
2024/07/20,Sat,,,,
2024/07/19,Fri,0.67050,0.66820,0.67100,0.66800
2024/07/18,Thu,0.67290,0.67050,0.67450,0.66970
2024/07/17,Wed,0.67340,0.67270,0.67560,0.67210
2024/07/16,Tue,0.67600,0.67330,0.67660,0.67140
2024/07/15,Mon,0.67810,0.67590,0.67910,0.67520
2024/07/14,Sun,,,,
2024/07/13,Sat,,,,
2024/07/12,Fri,0.67600,0.67830,0.67950,0.67530
2024/07/11,Thu,0.67480,0.67590,0.68000,0.67440
2024/07/10,Wed,0.67410,0.67470,0.67530,0.67320
2024/07/09,Tue,0.67360,0.67400,0.67490,0.67240
2024/07/08,Mon,0.67500,0.67360,0.67630,0.67320
2024/07/07,Sun,,,,
2024/07/06,Sat,,,,
2024/07/05,Fri,0.67270,0.67490,0.67540,0.67120
2024/07/04,Thu,0.67050,0.67270,0.67330,0.67030
2024/07/03,Wed,0.66660,0.67040,0.67350,0.66640
2024/07/02,Tue,0.66610,0.66660,0.66720,0.66340
2024/07/01,Mon,0.66680,0.66590,0.66890,0.66440
2024/06/30,Sun,,,,
2024/06/29,Sat,,,,
2024/06/28,Fri,0.66470,0.66670,0.66860,0.66190
2024/06/27,Thu,0.66480,0.66450,0.66740,0.66390
2024/06/26,Wed,0.66470,0.66460,0.66900,0.66350
2024/06/25,Tue,0.66550,0.66450,0.66740,0.66350
2024/06/24,Mon,0.66410,0.66560,0.66690,0.66260
2024/06/23,Sun,,,,
2024/06/22,Sat,,,,
2024/06/21,Fri,0.66540,0.66390,0.66710,0.66310
2024/06/20,Thu,0.66720,0.66540,0.66810,0.66470
2024/06/19,Wed,0.66560,0.66710,0.66790,0.66530
2024/06/18,Tue,0.66090,0.66550,0.66590,0.66000
2024/06/17,Mon,0.66160,0.66120,0.66260,0.65850
2024/06/16,Sun,,,,
2024/06/15,Sat,,,,
2024/06/14,Fri,0.66350,0.66140,0.66430,0.65910
2024/06/13,Thu,0.66630,0.66350,0.66770,0.66260
2024/06/12,Wed,0.66070,0.66630,0.67060,0.65970
2024/06/11,Tue,0.66100,0.66100,0.66150,0.65870
2024/06/10,Mon,0.65870,0.66090,0.66130,0.65760
2024/06/09,Sun,,,,
2024/06/08,Sat,,,,
2024/06/07,Fri,0.66660,0.65820,0.66820,0.65790
2024/06/06,Thu,0.66490,0.66650,0.66850,0.66330
2024/06/05,Wed,0.66460,0.66470,0.66660,0.66260
2024/06/04,Tue,0.66890,0.66440,0.67000,0.66310
2024/06/03,Mon,0.66530,0.66880,0.66960,0.66320
2024/06/02,Sun,,,,
2024/06/01,Sat,,,,
2024/05/31,Fri,0.66330,0.66520,0.66740,0.66260
2024/05/30,Thu,0.66100,0.66320,0.66490,0.65900
2024/05/29,Wed,0.66490,0.66110,0.66670,0.66080
2024/05/28,Tue,0.66530,0.66480,0.66810,0.66420
2024/05/27,Mon,0.66250,0.66510,0.66610,0.66210
2024/05/26,Sun,,,,
2024/05/25,Sat,,,,
2024/05/24,Fri,0.66050,0.66270,0.66380,0.65910
2024/05/23,Thu,0.66200,0.66060,0.66540,0.65980
2024/05/22,Wed,0.66650,0.66180,0.66870,0.66070
2024/05/21,Tue,0.66670,0.66640,0.66800,0.66460
2024/05/20,Mon,0.66930,0.66670,0.67110,0.66620
2024/05/19,Sun,,,,
2024/05/18,Sat,,,,
2024/05/17,Fri,0.66790,0.66920,0.67020,0.66470
2024/05/16,Thu,0.66940,0.66770,0.67160,0.66540
2024/05/15,Wed,0.66270,0.66920,0.66960,0.66210
2024/05/14,Tue,0.66090,0.66230,0.66290,0.65790
2024/05/13,Mon,0.66020,0.66070,0.66300,0.65850
2024/05/12,Sun,,,,
2024/05/11,Sat,,,,
2024/05/10,Fri,0.66200,0.66010,0.66240,0.65960
2024/05/09,Thu,0.65780,0.66190,0.66230,0.65650
2024/05/08,Wed,0.65980,0.65780,0.66010,0.65580
2024/05/07,Tue,0.66210,0.65960,0.66460,0.65860
2024/05/06,Mon,0.66270,0.66240,0.66400,0.66050
2024/05/05,Sun,,,,
2024/05/04,Sat,,,,
2024/05/03,Fri,0.65650,0.66080,0.66490,0.65620
2024/05/02,Thu,0.65230,0.65630,0.65740,0.65150
2024/05/01,Wed,0.64730,0.65230,0.65410,0.64650
2024/04/30,Tue,0.65630,0.64720,0.65680,0.64720
2024/04/29,Mon,0.65340,0.65660,0.65870,0.65220
2024/04/28,Sun,,,,
2024/04/27,Sat,,,,
2024/04/26,Fri,0.65190,0.65330,0.65560,0.65170
2024/04/25,Thu,0.64960,0.65170,0.65400,0.64850
2024/04/24,Wed,0.64870,0.64970,0.65310,0.64820
2024/04/23,Tue,0.64490,0.64850,0.64920,0.64410
2024/04/22,Mon,0.64100,0.64490,0.64570,0.64080
2024/04/21,Sun,,,,
2024/04/20,Sat,,,,
2024/04/19,Fri,0.64230,0.64170,0.64340,0.63620
2024/04/18,Thu,0.64380,0.64200,0.64580,0.64160
2024/04/17,Wed,0.64030,0.64340,0.64470,0.64000
2024/04/16,Tue,0.64400,0.64010,0.64460,0.63890
2024/04/15,Mon,0.64650,0.64410,0.64950,0.64370
2024/04/14,Sun,,,,
2024/04/13,Sat,,,,
2024/04/12,Fri,0.65380,0.64630,0.65450,0.64560
2024/04/11,Thu,0.65120,0.65360,0.65540,0.65010
2024/04/10,Wed,0.66300,0.65100,0.66330,0.64980
2024/04/09,Tue,0.66040,0.66270,0.66460,0.65970
2024/04/08,Mon,0.65790,0.66030,0.66120,0.65590
2024/04/07,Sun,,,,
2024/04/06,Sat,,,,
2024/04/05,Fri,0.65890,0.65780,0.65940,0.65490
2024/04/04,Thu,0.65640,0.65870,0.66210,0.65610
2024/04/03,Wed,0.65140,0.65630,0.65710,0.65020
2024/04/02,Tue,0.64900,0.65170,0.65250,0.64820
2024/04/01,Mon,0.65220,0.64880,0.65400,0.64800
2024/03/31,Sun,,,,
2024/03/30,Sat,,,,
2024/03/29,Fri,0.65160,0.65210,0.65350,0.65040
2024/03/28,Thu,0.65350,0.65150,0.65420,0.64850
2024/03/27,Wed,0.65340,0.65330,0.65400,0.65110
2024/03/26,Tue,0.65400,0.65320,0.65610,0.65300
2024/03/25,Mon,0.65230,0.65390,0.65470,0.65080
2024/03/24,Sun,,,,
2024/03/23,Sat,,,,
2024/03/22,Fri,0.65700,0.65140,0.65810,0.65100
2024/03/21,Thu,0.65870,0.65690,0.66360,0.65610
2024/03/20,Wed,0.65330,0.65850,0.65880,0.65110
2024/03/19,Tue,0.65590,0.65290,0.65660,0.65030
2024/03/18,Mon,0.65620,0.65590,0.65760,0.65500
2024/03/17,Sun,,,,
2024/03/16,Sat,,,,
2024/03/15,Fri,0.65790,0.65600,0.65860,0.65520
2024/03/14,Thu,0.66220,0.65800,0.66330,0.65680
2024/03/13,Wed,0.66040,0.66200,0.66370,0.66000
2024/03/12,Tue,0.66140,0.66050,0.66400,0.65840
2024/03/11,Mon,0.66310,0.66140,0.66370,0.65960
2024/03/10,Sun,,,,
2024/03/09,Sat,,,,
2024/03/08,Fri,0.66210,0.66270,0.66690,0.66130
2024/03/07,Thu,0.65650,0.66160,0.66260,0.65600
2024/03/06,Wed,0.65020,0.65630,0.65830,0.64920
2024/03/05,Tue,0.65130,0.65030,0.65230,0.64770
2024/03/04,Mon,0.65260,0.65110,0.65370,0.65060
2024/03/03,Sun,,,,
2024/03/02,Sat,,,,
2024/03/01,Fri,0.65000,0.65230,0.65360,0.64890
2024/02/29,Thu,0.64960,0.64950,0.65330,0.64860
2024/02/28,Wed,0.65460,0.64960,0.65510,0.64890
2024/02/27,Tue,0.65420,0.65430,0.65600,0.65250
2024/02/26,Mon,0.65580,0.65400,0.65710,0.65310
2024/02/25,Sun,,,,
2024/02/24,Sat,,,,
2024/02/23,Fri,0.65580,0.65600,0.65820,0.65500
2024/02/22,Thu,0.65510,0.65530,0.65970,0.65400
2024/02/21,Wed,0.65480,0.65500,0.65750,0.65330
2024/02/20,Tue,0.65410,0.65480,0.65800,0.65210
2024/02/19,Mon,0.65270,0.65370,0.65530,0.65240
2024/02/18,Sun,,,,
2024/02/17,Sat,,,,
2024/02/16,Fri,0.65240,0.65310,0.65460,0.64960
2024/02/15,Thu,0.64890,0.65240,0.65310,0.64770
2024/02/14,Wed,0.64520,0.64900,0.64970,0.64460
2024/02/13,Tue,0.65310,0.64520,0.65360,0.64420
2024/02/12,Mon,0.65190,0.65290,0.65450,0.65080
2024/02/11,Sun,,,,
2024/02/10,Sat,,,,
2024/02/09,Fri,0.64940,0.65230,0.65360,0.64860
2024/02/08,Thu,0.65200,0.64910,0.65340,0.64800
2024/02/07,Wed,0.65240,0.65180,0.65420,0.65150
2024/02/06,Tue,0.64820,0.65230,0.65260,0.64770
2024/02/05,Mon,0.65160,0.64820,0.65250,0.64690
2024/02/04,Sun,,,,
2024/02/03,Sat,,,,
2024/02/02,Fri,0.65710,0.65120,0.66120,0.65020
2024/02/01,Thu,0.65670,0.65690,0.65800,0.65070
2024/01/31,Wed,0.66020,0.65650,0.66240,0.65510
2024/01/30,Tue,0.66110,0.66010,0.66260,0.65750
2024/01/29,Mon,0.65810,0.66100,0.66170,0.65690
2024/01/28,Sun,,,,
2024/01/27,Sat,,,,
2024/01/26,Fri,0.65840,0.65740,0.66110,0.65720
2024/01/25,Thu,0.65750,0.65810,0.66110,0.65660
2024/01/24,Wed,0.65800,0.65760,0.66230,0.65650
2024/01/23,Tue,0.65710,0.65780,0.66140,0.65510
2024/01/22,Mon,0.65930,0.65700,0.66150,0.65660
2024/01/21,Sun,,,,
2024/01/20,Sat,,,,
2024/01/19,Fri,0.65730,0.65970,0.66030,0.65650
2024/01/18,Thu,0.65540,0.65700,0.65760,0.65260
2024/01/17,Wed,0.65840,0.65500,0.65960,0.65250
2024/01/16,Tue,0.66610,0.65830,0.66660,0.65760
2024/01/15,Mon,0.66900,0.66600,0.67060,0.66490
2024/01/14,Sun,,,,
2024/01/13,Sat,,,,
2024/01/12,Fri,0.66860,0.66850,0.67300,0.66770
2024/01/11,Thu,0.66960,0.66870,0.67270,0.66470
2024/01/10,Wed,0.66860,0.66980,0.67150,0.66790
2024/01/09,Tue,0.67160,0.66820,0.67360,0.66770
2024/01/08,Mon,0.67200,0.67180,0.67360,0.66770
2024/01/07,Sun,,,,
2024/01/06,Sat,,,,
2024/01/05,Fri,0.67110,0.67130,0.67490,0.66400
2024/01/04,Thu,0.67340,0.67050,0.67620,0.66960
2024/01/03,Wed,0.67650,0.67290,0.67720,0.67020
2024/01/02,Tue,0.68150,0.67600,0.68410,0.67560
2024/01/01,Mon,0.68110,0.68110,0.68220,0.68050
2023/12/31,Sun,,,,
2023/12/30,Sat,,,,
2023/12/29,Fri,0.68300,0.68100,0.68480,0.67810
2023/12/28,Thu,0.68450,0.68290,0.68730,0.68240
2023/12/27,Wed,0.68230,0.68430,0.68530,0.68180
2023/12/26,Tue,0.68110,0.68240,0.68280,0.67930
2023/12/25,Mon,0.67960,0.67960,0.68140,0.67730
2023/12/24,Sun,,,,
2023/12/23,Sat,,,,
2023/12/22,Fri,0.68020,0.67990,0.68260,0.67730
2023/12/21,Thu,0.67310,0.68010,0.68050,0.67250
2023/12/20,Wed,0.67640,0.67290,0.67810,0.67240
2023/12/19,Tue,0.67090,0.67610,0.67760,0.67000
2023/12/18,Mon,0.67000,0.67050,0.67370,0.66890
2023/12/17,Sun,,,,
2023/12/16,Sat,,,,
2023/12/15,Fri,0.67000,0.66960,0.67290,0.66630
2023/12/14,Thu,0.66620,0.66970,0.67290,0.66540
2023/12/13,Wed,0.65580,0.66580,0.66750,0.65410
2023/12/12,Tue,0.65680,0.65590,0.66130,0.65400
2023/12/11,Mon,0.65810,0.65650,0.65860,0.65490
2023/12/10,Sun,,,,
2023/12/09,Sat,,,,
2023/12/08,Fri,0.66020,0.65770,0.66210,0.65580
2023/12/07,Thu,0.65480,0.66010,0.66210,0.65250
2023/12/06,Wed,0.65530,0.65490,0.65990,0.65460
2023/12/05,Tue,0.66200,0.65500,0.66270,0.65440
2023/12/04,Mon,0.66690,0.66190,0.66920,0.66040
2023/12/03,Sun,,,,
2023/12/02,Sat,,,,
2023/12/01,Fri,0.66060,0.66720,0.66780,0.65990
2023/11/30,Thu,0.66180,0.66050,0.66520,0.65710
2023/11/29,Wed,0.66480,0.66170,0.66780,0.66060
2023/11/28,Tue,0.66060,0.66480,0.66670,0.65960
2023/11/27,Mon,0.65810,0.66060,0.66150,0.65660
2023/11/26,Sun,,,,
2023/11/25,Sat,,,,
2023/11/24,Fri,0.65560,0.65820,0.65920,0.65490
2023/11/23,Thu,0.65430,0.65570,0.65760,0.65400
2023/11/22,Wed,0.65560,0.65410,0.65710,0.65210
2023/11/21,Tue,0.65550,0.65540,0.65910,0.65440
2023/11/20,Mon,0.65110,0.65560,0.65660,0.65000
2023/11/19,Sun,,,,
2023/11/18,Sat,,,,
2023/11/17,Fri,0.64670,0.65080,0.65170,0.64520
2023/11/16,Thu,0.65060,0.64700,0.65180,0.64600
2023/11/15,Wed,0.65060,0.65050,0.65430,0.64830
2023/11/14,Tue,0.63770,0.65060,0.65140,0.63600
2023/11/13,Mon,0.63520,0.63800,0.63930,0.63460
2023/11/12,Sun,,,,
2023/11/11,Sat,,,,
2023/11/10,Fri,0.63680,0.63640,0.63740,0.63390
2023/11/09,Thu,0.64050,0.63650,0.64300,0.63630
2023/11/08,Wed,0.64320,0.64010,0.64510,0.63970
2023/11/07,Tue,0.64910,0.64350,0.65020,0.64040
2023/11/06,Mon,0.65090,0.64880,0.65240,0.64850
2023/11/05,Sun,,,,
2023/11/04,Sat,,,,
2023/11/03,Fri,0.64340,0.65120,0.65200,0.64200
2023/11/02,Thu,0.63940,0.64340,0.64580,0.63890
2023/11/01,Wed,0.63360,0.63920,0.64010,0.63180
2023/10/31,Tue,0.63730,0.63360,0.63790,0.63140
2023/10/30,Mon,0.63410,0.63740,0.63850,0.63310
2023/10/29,Sun,,,,
2023/10/28,Sat,,,,
2023/10/27,Fri,0.63250,0.63340,0.63700,0.63190
2023/10/26,Thu,0.63080,0.63210,0.63320,0.62700
2023/10/25,Wed,0.63560,0.63080,0.64010,0.63050
2023/10/24,Tue,0.63370,0.63550,0.63810,0.63310
2023/10/23,Mon,0.63180,0.63350,0.63500,0.62890
2023/10/22,Sun,,,,
2023/10/21,Sat,,,,
2023/10/20,Fri,0.63330,0.63120,0.63340,0.62970
2023/10/19,Thu,0.63350,0.63280,0.63580,0.62950
2023/10/18,Wed,0.63640,0.63360,0.63950,0.63280
2023/10/17,Tue,0.63430,0.63630,0.63810,0.63340
2023/10/16,Mon,0.63010,0.63400,0.63460,0.62940
2023/10/15,Sun,,,,
2023/10/14,Sat,,,,
2023/10/13,Fri,0.63140,0.62910,0.63350,0.62850
2023/10/12,Thu,0.64140,0.63140,0.64320,0.63060
2023/10/11,Wed,0.64320,0.64130,0.64460,0.63870
2023/10/10,Tue,0.64120,0.64310,0.64350,0.63900
2023/10/09,Mon,0.63610,0.64100,0.64150,0.63430
2023/10/08,Sun,,,,
2023/10/07,Sat,,,,
2023/10/06,Fri,0.63700,0.63830,0.64010,0.63130
2023/10/05,Thu,0.63240,0.63690,0.63790,0.63180
2023/10/04,Wed,0.63030,0.63230,0.63440,0.62860
2023/10/03,Tue,0.63630,0.63010,0.63690,0.62840
2023/10/02,Mon,0.64310,0.63620,0.64460,0.63620
2023/10/01,Sun,,,,
2023/09/30,Sat,,,,
2023/09/29,Fri,0.64270,0.64340,0.65030,0.64210
2023/09/28,Thu,0.63540,0.64230,0.64340,0.63440
2023/09/27,Wed,0.64000,0.63520,0.64110,0.63310
2023/09/26,Tue,0.64240,0.63960,0.64320,0.63860
2023/09/25,Mon,0.64500,0.64230,0.64540,0.64040
2023/09/24,Sun,,,,
2023/09/23,Sat,,,,
2023/09/22,Fri,0.64180,0.64410,0.64660,0.64030
2023/09/21,Thu,0.64480,0.64170,0.64550,0.63850
2023/09/20,Wed,0.64560,0.64450,0.65130,0.64390
2023/09/19,Tue,0.64380,0.64540,0.64750,0.64270
2023/09/18,Mon,0.64430,0.64340,0.64520,0.64160
2023/09/17,Sun,,,,
2023/09/16,Sat,,,,
2023/09/15,Fri,0.64410,0.64320,0.64750,0.64240
2023/09/14,Thu,0.64250,0.64390,0.64610,0.64150
2023/09/13,Wed,0.64260,0.64210,0.64360,0.63800
2023/09/12,Tue,0.64350,0.64240,0.64420,0.64070
2023/09/11,Mon,0.63920,0.64310,0.64510,0.63750
2023/09/10,Sun,,,,
2023/09/09,Sat,,,,
2023/09/08,Fri,0.63770,0.63750,0.64160,0.63660
2023/09/07,Thu,0.63780,0.63760,0.63960,0.63620
2023/09/06,Wed,0.63810,0.63820,0.64050,0.63570
2023/09/05,Tue,0.64550,0.63770,0.64660,0.63570
2023/09/04,Mon,0.64580,0.64580,0.64820,0.64420
2023/09/03,Sun,,,,
2023/09/02,Sat,,,,
2023/09/01,Fri,0.64820,0.64500,0.65230,0.64380
2023/08/31,Thu,0.64760,0.64830,0.65080,0.64610
2023/08/30,Wed,0.64830,0.64760,0.65240,0.64490
2023/08/29,Tue,0.64240,0.64820,0.64880,0.64010
2023/08/28,Mon,0.64090,0.64290,0.64400,0.64010
2023/08/27,Sun,,,,
2023/08/26,Sat,,,,
2023/08/25,Fri,0.64180,0.64000,0.64430,0.63800
2023/08/24,Thu,0.64820,0.64190,0.64900,0.64120
2023/08/23,Wed,0.64240,0.64760,0.64830,0.64100
2023/08/22,Tue,0.64120,0.64210,0.64590,0.64030
2023/08/21,Mon,0.64120,0.64120,0.64230,0.63870
2023/08/20,Sun,,,,
2023/08/19,Sat,,,,
2023/08/18,Fri,0.64040,0.64020,0.64310,0.63790
2023/08/17,Thu,0.64290,0.64030,0.64520,0.63650
2023/08/16,Wed,0.64580,0.64230,0.64820,0.64150
2023/08/15,Tue,0.64900,0.64540,0.65230,0.64510
2023/08/14,Mon,0.65020,0.64840,0.65090,0.64540
2023/08/13,Sun,,,,
2023/08/12,Sat,,,,
2023/08/11,Fri,0.65180,0.64980,0.65350,0.64860
2023/08/10,Thu,0.65280,0.65130,0.66170,0.65140
2023/08/09,Wed,0.65450,0.65260,0.65730,0.65200
2023/08/08,Tue,0.65720,0.65430,0.65780,0.64960
2023/08/07,Mon,0.65700,0.65720,0.65950,0.65550
2023/08/06,Sun,,,,
2023/08/05,Sat,,,,
2023/08/04,Fri,0.65560,0.65690,0.66110,0.65420
2023/08/03,Thu,0.65410,0.65520,0.65700,0.65130
2023/08/02,Wed,0.66140,0.65380,0.66310,0.65260
2023/08/01,Tue,0.67180,0.66110,0.67250,0.66020
2023/07/31,Mon,0.66590,0.67200,0.67410,0.66450
2023/07/30,Sun,,,,
2023/07/29,Sat,,,,
2023/07/28,Fri,0.67100,0.66490,0.67150,0.66220
2023/07/27,Thu,0.67600,0.67060,0.68230,0.66980
2023/07/26,Wed,0.67870,0.67560,0.67950,0.67280
2023/07/25,Tue,0.67370,0.67890,0.67950,0.67250
2023/07/24,Mon,0.67330,0.67390,0.67580,0.67140
2023/07/23,Sun,,,,
2023/07/22,Sat,,,,
2023/07/21,Fri,0.67800,0.67270,0.67890,0.67220
2023/07/20,Thu,0.67730,0.67790,0.68480,0.67650
2023/07/19,Wed,0.68140,0.67740,0.68220,0.67500
2023/07/18,Tue,0.68170,0.68140,0.68390,0.67880
2023/07/17,Mon,0.68410,0.68150,0.68550,0.67870
2023/07/16,Sun,,,,
2023/07/15,Sat,,,,
2023/07/14,Fri,0.68870,0.68370,0.68960,0.68310
2023/07/13,Thu,0.67860,0.68870,0.68960,0.67830
2023/07/12,Wed,0.66870,0.67870,0.67980,0.66810
2023/07/11,Tue,0.66720,0.66860,0.66970,0.66500
2023/07/10,Mon,0.66840,0.66750,0.66980,0.66230
2023/07/09,Sun,,,,
2023/07/08,Sat,,,,
2023/07/07,Fri,0.66210,0.66880,0.67030,0.66170
2023/07/06,Thu,0.66550,0.66250,0.66890,0.65990
2023/07/05,Wed,0.66890,0.66540,0.67000,0.66530
2023/07/04,Tue,0.66700,0.66910,0.67070,0.66410
2023/07/03,Mon,0.66670,0.66700,0.66940,0.66370
2023/07/02,Sun,,,,
2023/07/01,Sat,,,,
2023/06/30,Fri,0.66160,0.66660,0.66730,0.66030
2023/06/29,Thu,0.66010,0.66140,0.66420,0.65950
2023/06/28,Wed,0.66850,0.65990,0.66910,0.65970
2023/06/27,Tue,0.66750,0.66840,0.67220,0.66690
2023/06/26,Mon,0.66770,0.66700,0.66960,0.66660
2023/06/25,Sun,,,,
2023/06/24,Sat,,,,
2023/06/23,Fri,0.67570,0.66770,0.67690,0.66630
2023/06/22,Thu,0.67950,0.67550,0.68080,0.67440
2023/06/21,Wed,0.67820,0.67960,0.68060,0.67410
2023/06/20,Tue,0.68500,0.67830,0.68560,0.67530
2023/06/19,Mon,0.68810,0.68490,0.68900,0.68340
2023/06/18,Sun,,,,
2023/06/17,Sat,,,,
2023/06/16,Fri,0.68860,0.68770,0.69010,0.68550
2023/06/15,Thu,0.67960,0.68850,0.68940,0.67670
2023/06/14,Wed,0.67700,0.67930,0.68370,0.67560
2023/06/13,Tue,0.67480,0.67660,0.68090,0.67380
2023/06/12,Mon,0.67440,0.67500,0.67750,0.67290
2023/06/11,Sun,,,,
2023/06/10,Sat,,,,
2023/06/09,Fri,0.67160,0.67390,0.67520,0.66920
2023/06/08,Thu,0.66540,0.67150,0.67200,0.66510
2023/06/07,Wed,0.66720,0.66500,0.67190,0.66410
2023/06/06,Tue,0.66180,0.66690,0.66860,0.66090
2023/06/05,Mon,0.66110,0.66150,0.66390,0.65790
2023/06/04,Sun,,,,
2023/06/03,Sat,,,,
2023/06/02,Fri,0.65700,0.66110,0.66390,0.65660
2023/06/01,Thu,0.65030,0.65700,0.65830,0.64840
2023/05/31,Wed,0.65150,0.65000,0.65390,0.64580
2023/05/30,Tue,0.65400,0.65170,0.65600,0.65030
2023/05/29,Mon,0.65360,0.65370,0.65550,0.65180
2023/05/28,Sun,,,,
2023/05/27,Sat,,,,
2023/05/26,Fri,0.65060,0.65170,0.65460,0.64900
2023/05/25,Thu,0.65400,0.65060,0.65490,0.64980
2023/05/24,Wed,0.66090,0.65430,0.66170,0.65290
2023/05/23,Tue,0.66510,0.66090,0.66630,0.66070
2023/05/22,Mon,0.66540,0.66530,0.66690,0.66270
2023/05/21,Sun,,,,
2023/05/20,Sat,,,,
2023/05/19,Fri,0.66220,0.66500,0.66770,0.66150
2023/05/18,Thu,0.66600,0.66170,0.66690,0.66050
2023/05/17,Wed,0.66550,0.66590,0.66750,0.66280
2023/05/16,Tue,0.67010,0.66550,0.67110,0.66510
2023/05/15,Mon,0.66460,0.66980,0.67100,0.66390
2023/05/14,Sun,,,,
2023/05/13,Sat,,,,
2023/05/12,Fri,0.67030,0.66460,0.67080,0.66370
2023/05/11,Thu,0.67780,0.67010,0.67970,0.66880
2023/05/10,Wed,0.67620,0.67780,0.68200,0.67440
2023/05/09,Tue,0.67830,0.67600,0.67880,0.67460
2023/05/08,Mon,0.67480,0.67820,0.68050,0.67390
2023/05/07,Sun,,,,
2023/05/06,Sat,,,,
2023/05/05,Fri,0.66950,0.67480,0.67580,0.66900
2023/05/04,Thu,0.66690,0.66930,0.67080,0.66400
2023/05/03,Wed,0.66620,0.66690,0.67040,0.66480
2023/05/02,Tue,0.66340,0.66610,0.67190,0.66200
2023/05/01,Mon,0.66100,0.66300,0.66690,0.66040
2023/04/30,Sun,,,,
2023/04/29,Sat,,,,
2023/04/28,Fri,0.66310,0.66070,0.66440,0.65730
2023/04/27,Thu,0.65990,0.66290,0.66370,0.65950
2023/04/26,Wed,0.66280,0.65980,0.66410,0.65910
2023/04/25,Tue,0.66950,0.66250,0.67070,0.66140
2023/04/24,Mon,0.66980,0.66960,0.67060,0.66650
2023/04/23,Sun,,,,
2023/04/22,Sat,,,,
2023/04/21,Fri,0.67410,0.66900,0.67480,0.66770
2023/04/20,Thu,0.67130,0.67400,0.67730,0.66960
2023/04/19,Wed,0.67210,0.67130,0.67430,0.66890
2023/04/18,Tue,0.66990,0.67220,0.67490,0.66970
2023/04/17,Mon,0.67060,0.67000,0.67210,0.66810
2023/04/16,Sun,,,,
2023/04/15,Sat,,,,
2023/04/14,Fri,0.67810,0.67080,0.68070,0.66950
2023/04/13,Thu,0.66890,0.67810,0.67980,0.66850
2023/04/12,Wed,0.66520,0.66880,0.67250,0.66480
2023/04/11,Tue,0.66420,0.66500,0.66810,0.66340
2023/04/10,Mon,0.66560,0.66370,0.66820,0.66190
2023/04/09,Sun,,,,
2023/04/08,Sat,,,,
2023/04/07,Fri,0.66730,0.66680,0.66930,0.66410
2023/04/06,Thu,0.67200,0.66710,0.67260,0.66530
2023/04/05,Wed,0.67530,0.67180,0.67810,0.66770
2023/04/04,Tue,0.67860,0.67510,0.67950,0.67200
2023/04/03,Mon,0.66910,0.67850,0.67900,0.66510
2023/04/02,Sun,,,,
2023/04/01,Sat,,,,
2023/03/31,Fri,0.67130,0.66850,0.67390,0.66690
2023/03/30,Thu,0.66810,0.67070,0.67200,0.66610
2023/03/29,Wed,0.67100,0.66830,0.67140,0.66610
2023/03/28,Tue,0.66520,0.67090,0.67120,0.66450
2023/03/27,Mon,0.66490,0.66490,0.66670,0.66330
2023/03/26,Sun,,,,
2023/03/25,Sat,,,,
2023/03/24,Fri,0.66850,0.66450,0.66960,0.66250
2023/03/23,Thu,0.66850,0.66830,0.67570,0.66700
2023/03/22,Wed,0.66690,0.66820,0.67600,0.66610
2023/03/21,Tue,0.67190,0.66680,0.67270,0.66490
2023/03/20,Mon,0.67090,0.67180,0.67420,0.66660
2023/03/19,Sun,,,,
2023/03/18,Sat,,,,
2023/03/17,Fri,0.66540,0.66950,0.67260,0.66490
2023/03/16,Thu,0.66170,0.66540,0.66680,0.66070
2023/03/15,Wed,0.66830,0.66150,0.67130,0.65900
2023/03/14,Tue,0.66650,0.66790,0.66980,0.66320
2023/03/13,Mon,0.65870,0.66640,0.67180,0.65810
2023/03/12,Sun,,,,
2023/03/11,Sat,,,,
2023/03/10,Fri,0.65910,0.65770,0.66420,0.65640
2023/03/09,Thu,0.65870,0.65900,0.66370,0.65750
2023/03/08,Wed,0.65830,0.65860,0.66300,0.65670
2023/03/07,Tue,0.67290,0.65820,0.67490,0.65800
2023/03/06,Mon,0.67660,0.67270,0.67730,0.67160
2023/03/05,Sun,,,,
2023/03/04,Sat,,,,
2023/03/03,Fri,0.67320,0.67680,0.67760,0.67240
2023/03/02,Thu,0.67630,0.67290,0.67680,0.67060
2023/03/01,Wed,0.67290,0.67610,0.67850,0.66950
2023/02/28,Tue,0.67350,0.67280,0.67590,0.67040
2023/02/27,Mon,0.67380,0.67340,0.67470,0.66980
2023/02/26,Sun,,,,
2023/02/25,Sat,,,,
2023/02/24,Fri,0.68090,0.67250,0.68260,0.67180
2023/02/23,Thu,0.68040,0.68070,0.68430,0.67810
2023/02/22,Wed,0.68570,0.68030,0.68660,0.67940
2023/02/21,Tue,0.69080,0.68520,0.69210,0.68470
2023/02/20,Mon,0.68650,0.69050,0.69220,0.68590
2023/02/19,Sun,,,,
2023/02/18,Sat,,,,
2023/02/17,Fri,0.68820,0.68790,0.68850,0.68100
2023/02/16,Thu,0.69020,0.68760,0.69380,0.68400
2023/02/15,Wed,0.69870,0.69030,0.69900,0.68650
2023/02/14,Tue,0.69670,0.69850,0.70300,0.69210
2023/02/13,Mon,0.69260,0.69650,0.69760,0.68890
2023/02/12,Sun,,,,
2023/02/11,Sat,,,,
2023/02/10,Fri,0.69340,0.69160,0.69620,0.69090
2023/02/09,Thu,0.69260,0.69350,0.70120,0.69210
2023/02/08,Wed,0.69600,0.69240,0.69970,0.69190
2023/02/07,Tue,0.68840,0.69580,0.69890,0.68820
2023/02/06,Mon,0.69280,0.68810,0.69500,0.68550
2023/02/05,Sun,,,,
2023/02/04,Sat,,,,
2023/02/03,Fri,0.70760,0.69190,0.70840,0.69190
2023/02/02,Thu,0.71360,0.70760,0.71590,0.70690
2023/02/01,Wed,0.70570,0.71350,0.71460,0.70360
2023/01/31,Tue,0.70590,0.70540,0.70670,0.69840
2023/01/30,Mon,0.71010,0.70590,0.71220,0.70510
2023/01/29,Sun,,,,
2023/01/28,Sat,,,,
2023/01/27,Fri,0.71130,0.71030,0.71310,0.70820
2023/01/26,Thu,0.71040,0.71140,0.71440,0.70790
2023/01/25,Wed,0.70470,0.71020,0.71240,0.70310
2023/01/24,Tue,0.70290,0.70470,0.70590,0.69930
2023/01/23,Mon,0.69620,0.70280,0.70410,0.69540
2023/01/22,Sun,,,,
2023/01/21,Sat,,,,
2023/01/20,Fri,0.69100,0.69660,0.69750,0.69060
2023/01/19,Thu,0.69440,0.69090,0.69500,0.68700
2023/01/18,Wed,0.69890,0.69410,0.70650,0.69350
2023/01/17,Tue,0.69550,0.69870,0.69990,0.69300
2023/01/16,Mon,0.69770,0.69540,0.70210,0.69400
2023/01/15,Sun,,,,
2023/01/14,Sat,,,,
2023/01/13,Fri,0.69730,0.69760,0.69960,0.69150
2023/01/12,Thu,0.69010,0.69720,0.69860,0.68780
2023/01/11,Wed,0.68880,0.68990,0.69270,0.68730
2023/01/10,Tue,0.69170,0.68870,0.69300,0.68590
2023/01/09,Mon,0.68760,0.69110,0.69510,0.68690
2023/01/08,Sun,,,,
2023/01/07,Sat,,,,
2023/01/06,Fri,0.67540,0.68750,0.68880,0.67210
2023/01/05,Thu,0.68330,0.67490,0.68470,0.67350
2023/01/04,Wed,0.67340,0.68320,0.68880,0.67170
2023/01/03,Tue,0.68020,0.67330,0.68360,0.66880
2023/01/02,Mon,0.68140,0.68020,0.68270,0.67930
2023/01/01,Sun,,,,
2022/12/31,Sat,,,,
2022/12/30,Fri,0.67730,0.68130,0.68230,0.67540
2022/12/29,Thu,0.67370,0.67780,0.67880,0.67100
2022/12/28,Wed,0.67300,0.67360,0.68030,0.67190
2022/12/27,Tue,0.67260,0.67290,0.67780,0.67230
2022/12/26,Mon,0.66980,0.67260,0.67310,0.66850
2022/12/25,Sun,,,,
2022/12/24,Sat,,,,
2022/12/23,Fri,0.66650,0.67170,0.67270,0.66600
2022/12/22,Thu,0.67060,0.66660,0.67690,0.66490
2022/12/21,Wed,0.66760,0.67060,0.67290,0.66560
2022/12/20,Tue,0.67000,0.66770,0.67450,0.66280
2022/12/19,Mon,0.67140,0.66990,0.67340,0.66820
2022/12/18,Sun,,,,
2022/12/17,Sat,,,,
2022/12/16,Fri,0.67020,0.66840,0.67370,0.66750
2022/12/15,Thu,0.68640,0.67010,0.68700,0.66760
2022/12/14,Wed,0.68540,0.68630,0.68830,0.68090
2022/12/13,Tue,0.67450,0.68530,0.68950,0.67390
2022/12/12,Mon,0.68040,0.67450,0.68070,0.67280
2022/12/11,Sun,,,,
2022/12/10,Sat,,,,
2022/12/09,Fri,0.67670,0.67950,0.68150,0.67440
2022/12/08,Thu,0.67240,0.67680,0.67820,0.66980
2022/12/07,Wed,0.66930,0.67210,0.67440,0.66680
2022/12/06,Tue,0.67000,0.66920,0.67460,0.66810
2022/12/05,Mon,0.68030,0.66960,0.68520,0.66870
2022/12/04,Sun,,,,
2022/12/03,Sat,,,,
2022/12/02,Fri,0.68100,0.67890,0.68380,0.67430
2022/12/01,Thu,0.67850,0.68090,0.68460,0.67810
2022/11/30,Wed,0.66880,0.67860,0.68020,0.66690
2022/11/29,Tue,0.66490,0.66860,0.67500,0.66400
2022/11/28,Mon,0.67340,0.66480,0.67370,0.66420
2022/11/27,Sun,,,,
2022/11/26,Sat,,,,
2022/11/25,Fri,0.67640,0.67490,0.67820,0.67200
2022/11/24,Thu,0.67320,0.67630,0.67790,0.67260
2022/11/23,Wed,0.66490,0.67310,0.67400,0.66340
2022/11/22,Tue,0.66020,0.66480,0.66530,0.65990
2022/11/21,Mon,0.66770,0.66050,0.66880,0.65850
2022/11/20,Sun,,,,
2022/11/19,Sat,,,,
2022/11/18,Fri,0.66850,0.66710,0.67320,0.66610
2022/11/17,Thu,0.67360,0.66810,0.67530,0.66340
2022/11/16,Wed,0.67500,0.67400,0.67940,0.67200
2022/11/15,Tue,0.67020,0.67560,0.67980,0.66850
2022/11/14,Mon,0.67030,0.66960,0.67260,0.66630
2022/11/13,Sun,,,,
2022/11/12,Sat,,,,
2022/11/11,Fri,0.66190,0.67020,0.67180,0.65780
2022/11/10,Thu,0.64310,0.66170,0.66330,0.63860
2022/11/09,Wed,0.65040,0.64300,0.65240,0.64140
2022/11/08,Tue,0.64790,0.65030,0.65530,0.64440
2022/11/07,Mon,0.64190,0.64780,0.64920,0.64010
2022/11/06,Sun,,,,
2022/11/05,Sat,,,,
2022/11/04,Fri,0.62890,0.64660,0.64840,0.62840
2022/11/03,Thu,0.63530,0.62870,0.63730,0.62720
2022/11/02,Wed,0.63960,0.63490,0.64930,0.63470
2022/11/01,Tue,0.64000,0.63950,0.64650,0.63770
2022/10/31,Mon,0.64080,0.63970,0.64300,0.63680
2022/10/30,Sun,,,,
2022/10/29,Sat,,,,
2022/10/28,Fri,0.64510,0.64110,0.64810,0.63890
2022/10/27,Thu,0.64980,0.64490,0.65240,0.64250
2022/10/26,Wed,0.63930,0.64970,0.65130,0.63720
2022/10/25,Tue,0.63130,0.63940,0.64140,0.63030
2022/10/24,Mon,0.63780,0.63100,0.64120,0.62720
2022/10/23,Sun,,,,
2022/10/22,Sat,,,,
2022/10/21,Fri,0.62810,0.63770,0.63940,0.62100
2022/10/20,Thu,0.62710,0.62750,0.63580,0.62280
2022/10/19,Wed,0.63100,0.62700,0.63260,0.62510
2022/10/18,Tue,0.62900,0.63090,0.63410,0.62650
2022/10/17,Mon,0.61950,0.62900,0.63130,0.61920
2022/10/16,Sun,,,,
2022/10/15,Sat,,,,
2022/10/14,Fri,0.62990,0.61960,0.63480,0.61940
2022/10/13,Thu,0.62780,0.62980,0.63180,0.61700
2022/10/12,Wed,0.62720,0.62760,0.63000,0.62350
2022/10/11,Tue,0.63040,0.62700,0.63480,0.62470
2022/10/10,Mon,0.63770,0.63030,0.63870,0.62750
2022/10/09,Sun,,,,
2022/10/08,Sat,,,,
2022/10/07,Fri,0.64030,0.63680,0.64340,0.63540
2022/10/06,Thu,0.64890,0.64020,0.65420,0.63880
2022/10/05,Wed,0.65030,0.64860,0.65270,0.64170
2022/10/04,Tue,0.65160,0.65000,0.65490,0.64500
2022/10/03,Mon,0.64100,0.65160,0.65230,0.64000
2022/10/02,Sun,,,,
2022/10/01,Sat,,,,
2022/09/30,Fri,0.65010,0.64020,0.65250,0.63900
2022/09/29,Thu,0.65230,0.64990,0.65270,0.64350
2022/09/28,Wed,0.64360,0.65220,0.65320,0.63630
2022/09/27,Tue,0.64550,0.64340,0.65150,0.64140
2022/09/26,Mon,0.65200,0.64540,0.65400,0.64370
2022/09/25,Sun,,,,
2022/09/24,Sat,,,,
2022/09/23,Fri,0.66450,0.65270,0.66570,0.65110
2022/09/22,Thu,0.66300,0.66430,0.66720,0.65740
2022/09/21,Wed,0.66890,0.66280,0.67060,0.66210
2022/09/20,Tue,0.67280,0.66910,0.67480,0.66760
2022/09/19,Mon,0.67100,0.67270,0.67350,0.66720
2022/09/18,Sun,,,,
2022/09/17,Sat,,,,
2022/09/16,Fri,0.67030,0.67200,0.67260,0.66690
2022/09/15,Thu,0.67500,0.67020,0.67720,0.66960
2022/09/14,Wed,0.67310,0.67480,0.67620,0.67050
2022/09/13,Tue,0.68860,0.67300,0.69180,0.67260
2022/09/12,Mon,0.68480,0.68870,0.69010,0.68010
2022/09/11,Sun,,,,
2022/09/10,Sat,,,,
2022/09/09,Fri,0.67490,0.68410,0.68790,0.67460
2022/09/08,Thu,0.67690,0.67510,0.67740,0.67130
2022/09/07,Wed,0.67350,0.67690,0.67700,0.66980
2022/09/06,Tue,0.67970,0.67350,0.68340,0.67280
2022/09/05,Mon,0.68080,0.67950,0.68100,0.67720
2022/09/04,Sun,,,,
2022/09/03,Sat,,,,
2022/09/02,Fri,0.67880,0.68080,0.68570,0.67780
2022/09/01,Thu,0.68420,0.67850,0.68490,0.67700
2022/08/31,Wed,0.68520,0.68390,0.69060,0.68350
2022/08/30,Tue,0.69040,0.68510,0.69580,0.68450
2022/08/29,Mon,0.68970,0.69030,0.69270,0.68400
2022/08/28,Sun,,,,
2022/08/27,Sat,,,,
2022/08/26,Fri,0.69810,0.68900,0.70100,0.68880
2022/08/25,Thu,0.69090,0.69800,0.69930,0.69000
2022/08/24,Wed,0.69300,0.69060,0.69340,0.68790
2022/08/23,Tue,0.68780,0.69300,0.69650,0.68560
2022/08/22,Mon,0.68720,0.68750,0.69300,0.68620
2022/08/21,Sun,,,,
2022/08/20,Sat,,,,
2022/08/19,Fri,0.69200,0.68720,0.69220,0.68590
2022/08/18,Thu,0.69310,0.69180,0.69710,0.68990
2022/08/17,Wed,0.70220,0.69320,0.70280,0.69100
2022/08/16,Tue,0.70230,0.70220,0.70420,0.69900
2022/08/15,Mon,0.71180,0.70220,0.71290,0.70100
2022/08/14,Sun,,,,
2022/08/13,Sat,,,,
2022/08/12,Fri,0.71050,0.71210,0.71300,0.70850
2022/08/11,Thu,0.70790,0.71050,0.71380,0.70630
2022/08/10,Wed,0.69650,0.70770,0.71110,0.69460
2022/08/09,Tue,0.69880,0.69640,0.69960,0.69530
2022/08/08,Mon,0.69120,0.69880,0.70100,0.68980
2022/08/07,Sun,,,,
2022/08/06,Sat,,,,
2022/08/05,Fri,0.69700,0.69090,0.69760,0.68690
2022/08/04,Thu,0.69440,0.69680,0.69910,0.69350
2022/08/03,Wed,0.69190,0.69430,0.69570,0.68860
2022/08/02,Tue,0.70240,0.69190,0.70340,0.69130
2022/08/01,Mon,0.69830,0.70230,0.70480,0.69660
2022/07/31,Sun,,,,
2022/07/30,Sat,,,,
2022/07/29,Fri,0.69860,0.69850,0.70330,0.69100
2022/07/28,Thu,0.69920,0.69850,0.70150,0.69550
2022/07/27,Wed,0.69390,0.69900,0.70130,0.69110
2022/07/26,Tue,0.69510,0.69380,0.69840,0.69220
2022/07/25,Mon,0.69340,0.69530,0.69670,0.68790
2022/07/24,Sun,,,,
2022/07/23,Sat,,,,
2022/07/22,Fri,0.69310,0.69250,0.69790,0.68930
2022/07/21,Thu,0.68890,0.69290,0.69390,0.68590
2022/07/20,Wed,0.68960,0.68850,0.69310,0.68730
2022/07/19,Tue,0.68110,0.68950,0.69140,0.68020
2022/07/18,Mon,0.67880,0.68120,0.68560,0.67820
2022/07/17,Sun,,,,
2022/07/16,Sat,,,,
2022/07/15,Fri,0.67490,0.67920,0.68080,0.67190
2022/07/14,Thu,0.67620,0.67470,0.67890,0.66810
2022/07/13,Wed,0.67540,0.67600,0.68050,0.67250
2022/07/12,Tue,0.67320,0.67560,0.67810,0.67110
2022/07/11,Mon,0.68600,0.67300,0.68630,0.67140
2022/07/10,Sun,,,,
2022/07/09,Sat,,,,
2022/07/08,Fri,0.68380,0.68560,0.68760,0.67910
2022/07/07,Thu,0.67760,0.68370,0.68490,0.67640
2022/07/06,Wed,0.68030,0.67750,0.68280,0.67620
2022/07/05,Tue,0.68660,0.68020,0.68960,0.67610
2022/07/04,Mon,0.68130,0.68640,0.68900,0.67930
2022/07/03,Sun,,,,
2022/07/02,Sat,,,,
2022/07/01,Fri,0.69030,0.68140,0.69060,0.67640
2022/06/30,Thu,0.68830,0.69010,0.69210,0.68530
2022/06/29,Wed,0.69090,0.68810,0.69220,0.68620
2022/06/28,Tue,0.69220,0.69060,0.69660,0.69040
2022/06/27,Mon,0.69420,0.69230,0.69600,0.69070
2022/06/26,Sun,,,,
2022/06/25,Sat,,,,
2022/06/24,Fri,0.68930,0.69480,0.69590,0.68870
2022/06/23,Thu,0.69260,0.68890,0.69300,0.68680
2022/06/22,Wed,0.69710,0.69260,0.69740,0.68810
2022/06/21,Tue,0.69500,0.69700,0.69950,0.69340
2022/06/20,Mon,0.69240,0.69480,0.69970,0.69140
2022/06/19,Sun,,,,
2022/06/18,Sat,,,,
2022/06/17,Fri,0.70490,0.69300,0.70540,0.68970
2022/06/16,Thu,0.70030,0.70440,0.70700,0.69430
2022/06/15,Wed,0.68700,0.70020,0.70250,0.68650
2022/06/14,Tue,0.69230,0.68680,0.69710,0.68510
2022/06/13,Mon,0.70400,0.69230,0.70560,0.69110
2022/06/12,Sun,,,,
2022/06/11,Sat,,,,
2022/06/10,Fri,0.70980,0.70510,0.71400,0.70370
2022/06/09,Thu,0.71930,0.70970,0.71990,0.70930
2022/06/08,Wed,0.72360,0.71920,0.72370,0.71750
2022/06/07,Tue,0.71930,0.72270,0.72470,0.71570
2022/06/06,Mon,0.72090,0.71910,0.72320,0.71870
2022/06/05,Sun,,,,
2022/06/04,Sat,,,,
2022/06/03,Fri,0.72660,0.72060,0.72840,0.72010
2022/06/02,Thu,0.71750,0.72640,0.72710,0.71410
2022/06/01,Wed,0.71760,0.71750,0.72320,0.71550
2022/05/31,Tue,0.71980,0.71730,0.72050,0.71490
2022/05/30,Mon,0.71560,0.71960,0.72010,0.71490
2022/05/29,Sun,,,,
2022/05/28,Sat,,,,
2022/05/27,Fri,0.70980,0.71600,0.71680,0.70890
2022/05/26,Thu,0.70870,0.70980,0.71110,0.70570
2022/05/25,Wed,0.71040,0.70930,0.71210,0.70350
2022/05/24,Tue,0.71080,0.71030,0.71140,0.70570
2022/05/23,Mon,0.70540,0.71060,0.71290,0.70410
2022/05/22,Sun,,,,
2022/05/21,Sat,,,,
2022/05/20,Fri,0.70500,0.70330,0.70750,0.70020
2022/05/19,Thu,0.69560,0.70470,0.70740,0.69510
2022/05/18,Wed,0.70290,0.69530,0.70480,0.69490
2022/05/17,Tue,0.69700,0.70290,0.70420,0.69670
2022/05/16,Mon,0.69280,0.69700,0.69830,0.68720
2022/05/15,Sun,,,,
2022/05/14,Sat,,,,
2022/05/13,Fri,0.68570,0.69390,0.69420,0.68530
2022/05/12,Thu,0.69380,0.68540,0.69550,0.68290
2022/05/11,Wed,0.69380,0.69370,0.70550,0.69280
2022/05/10,Tue,0.69550,0.69350,0.69880,0.69100
2022/05/09,Mon,0.70780,0.69550,0.70850,0.69450
2022/05/08,Sun,,,,
2022/05/07,Sat,,,,
2022/05/06,Fri,0.71120,0.70770,0.71370,0.70590
2022/05/05,Thu,0.72610,0.71110,0.72680,0.70770
2022/05/04,Wed,0.70950,0.72620,0.72670,0.70880
2022/05/03,Tue,0.70510,0.70940,0.71490,0.70470
2022/05/02,Mon,0.70720,0.70460,0.70840,0.70300
2022/05/01,Sun,,,,
2022/04/30,Sat,,,,
2022/04/29,Fri,0.70940,0.70630,0.71810,0.70580
2022/04/28,Thu,0.71260,0.70920,0.71640,0.70550
2022/04/27,Wed,0.71230,0.71260,0.71920,0.71010
2022/04/26,Tue,0.71780,0.71210,0.72300,0.71190
2022/04/25,Mon,0.72610,0.71770,0.72640,0.71350
2022/04/24,Sun,,,,
2022/04/23,Sat,,,,
2022/04/22,Fri,0.73740,0.72380,0.73800,0.72350
2022/04/21,Thu,0.74490,0.73710,0.74590,0.73650
2022/04/20,Wed,0.73750,0.74500,0.74590,0.73700
2022/04/19,Tue,0.73480,0.73700,0.74020,0.73450
2022/04/18,Mon,0.74000,0.73460,0.74070,0.73430
2022/04/17,Sun,,,,
2022/04/16,Sat,,,,
2022/04/15,Fri,0.74180,0.73970,0.74270,0.73900
2022/04/14,Thu,0.74470,0.74180,0.74700,0.73970
2022/04/13,Wed,0.74590,0.74480,0.74770,0.73920
2022/04/12,Tue,0.74150,0.74590,0.74940,0.73990
2022/04/11,Mon,0.74440,0.74190,0.74660,0.74130
2022/04/10,Sun,,,,
2022/04/09,Sat,,,,
2022/04/08,Fri,0.74810,0.74550,0.74940,0.74260
2022/04/07,Thu,0.75140,0.74790,0.75200,0.74670
2022/04/06,Wed,0.75780,0.75130,0.75950,0.74860
2022/04/05,Tue,0.75430,0.75790,0.76630,0.75350
2022/04/04,Mon,0.74920,0.75420,0.75580,0.74830
2022/04/03,Sun,,,,
2022/04/02,Sat,,,,
2022/04/01,Fri,0.74820,0.74990,0.75260,0.74720
2022/03/31,Thu,0.75090,0.74800,0.75270,0.74700
2022/03/30,Wed,0.75130,0.75090,0.75380,0.75020
2022/03/29,Tue,0.74890,0.75060,0.75200,0.74560
2022/03/28,Mon,0.75130,0.74870,0.75410,0.74670
2022/03/27,Sun,,,,
2022/03/26,Sat,,,,
2022/03/25,Fri,0.75140,0.75120,0.75380,0.74940
2022/03/24,Thu,0.74980,0.75120,0.75290,0.74660
2022/03/23,Wed,0.74690,0.74970,0.75080,0.74500
2022/03/22,Tue,0.74010,0.74670,0.74730,0.73750
2022/03/21,Mon,0.74020,0.74000,0.74260,0.73730
2022/03/20,Sun,,,,
2022/03/19,Sat,,,,
2022/03/18,Fri,0.73760,0.74150,0.74190,0.73600
2022/03/17,Thu,0.72920,0.73740,0.73940,0.72820
2022/03/16,Wed,0.71960,0.72890,0.72980,0.71800
2022/03/15,Tue,0.71880,0.71960,0.72290,0.71650
2022/03/14,Mon,0.72900,0.71870,0.73030,0.71860
2022/03/13,Sun,,,,
2022/03/12,Sat,,,,
2022/03/11,Fri,0.73530,0.72900,0.73690,0.72820
2022/03/10,Thu,0.73230,0.73570,0.73690,0.72870
2022/03/09,Wed,0.72690,0.73220,0.73390,0.72640
2022/03/08,Tue,0.73180,0.72660,0.73500,0.72450
2022/03/07,Mon,0.73710,0.73160,0.74420,0.73110
2022/03/06,Sun,,,,
2022/03/05,Sat,,,,
2022/03/04,Fri,0.73290,0.73700,0.73820,0.73000
2022/03/03,Thu,0.72960,0.73290,0.73490,0.72760
2022/03/02,Wed,0.72520,0.72960,0.73080,0.72430
2022/03/01,Tue,0.72620,0.72480,0.72910,0.72380
2022/02/28,Mon,0.71850,0.72620,0.72670,0.71520
2022/02/27,Sun,,,,
2022/02/26,Sat,,,,
2022/02/25,Fri,0.71630,0.72320,0.72390,0.71410
2022/02/24,Thu,0.72350,0.71620,0.72360,0.70950
2022/02/23,Wed,0.72200,0.72330,0.72860,0.72180
2022/02/22,Tue,0.71890,0.72190,0.72350,0.71710
2022/02/21,Mon,0.71700,0.71900,0.72240,0.71620
2022/02/20,Sun,,,,
2022/02/19,Sat,,,,
2022/02/18,Fri,0.71860,0.71730,0.72290,0.71650
2022/02/17,Thu,0.71960,0.71830,0.72190,0.71490
2022/02/16,Wed,0.71510,0.71920,0.72060,0.71430
2022/02/15,Tue,0.71270,0.71510,0.71580,0.71010
2022/02/14,Mon,0.71330,0.71250,0.71510,0.70860
2022/02/13,Sun,,,,
2022/02/12,Sat,,,,
2022/02/11,Fri,0.71660,0.71350,0.71870,0.71080
2022/02/10,Thu,0.71790,0.71650,0.72500,0.71470
2022/02/09,Wed,0.71470,0.71780,0.71960,0.71410
2022/02/08,Tue,0.71240,0.71450,0.71490,0.71060
2022/02/07,Mon,0.70770,0.71250,0.71310,0.70650
2022/02/06,Sun,,,,
2022/02/05,Sat,,,,
2022/02/04,Fri,0.71410,0.70760,0.71530,0.70510
2022/02/03,Thu,0.71350,0.71400,0.71700,0.71090
2022/02/02,Wed,0.71280,0.71360,0.71600,0.71180
2022/02/01,Tue,0.70690,0.71260,0.71310,0.70320
2022/01/31,Mon,0.70000,0.70640,0.70770,0.69830
2022/01/30,Sun,,,,
2022/01/29,Sat,,,,
2022/01/28,Fri,0.70310,0.69860,0.70470,0.69670
2022/01/27,Thu,0.71160,0.70310,0.71230,0.70240
2022/01/26,Wed,0.71510,0.71140,0.71830,0.70960
2022/01/25,Tue,0.71420,0.71480,0.71760,0.71210
2022/01/24,Mon,0.71770,0.71400,0.71890,0.70900
2022/01/23,Sun,,,,
2022/01/22,Sat,,,,
2022/01/21,Fri,0.72270,0.71830,0.72320,0.71710
2022/01/20,Thu,0.72120,0.72250,0.72780,0.72080
2022/01/19,Wed,0.71850,0.72100,0.72400,0.71760
2022/01/18,Tue,0.72090,0.71820,0.72300,0.71700
2022/01/17,Mon,0.72120,0.72100,0.72310,0.71950
2022/01/16,Sun,,,,
2022/01/15,Sat,,,,
2022/01/14,Fri,0.72820,0.72060,0.72950,0.71980
2022/01/13,Thu,0.72860,0.72840,0.73160,0.72720
2022/01/12,Wed,0.72110,0.72840,0.72930,0.72000
2022/01/11,Tue,0.71690,0.72090,0.72150,0.71550
2022/01/10,Mon,0.71700,0.71680,0.72040,0.71490
2022/01/09,Sun,,,,
2022/01/08,Sat,,,,
2022/01/07,Fri,0.71620,0.71780,0.71890,0.71290
2022/01/06,Thu,0.72200,0.71600,0.72240,0.71450
2022/01/05,Wed,0.72400,0.72190,0.72730,0.72150
2022/01/04,Tue,0.71940,0.72380,0.72510,0.71850
2022/01/03,Mon,0.72620,0.71910,0.72790,0.71840
2022/01/02,Sun,,,,
2022/01/01,Sat,,,,
2021/12/31,Fri,0.72510,0.72600,0.72780,0.72440
2021/12/30,Thu,0.72540,0.72490,0.72770,0.72430
2021/12/29,Wed,0.72290,0.72480,0.72720,0.72120
2021/12/28,Tue,0.72400,0.72280,0.72650,0.72190
2021/12/27,Mon,0.72230,0.72340,0.72450,0.72060
2021/12/26,Sun,,,,
2021/12/25,Sat,,,,
2021/12/24,Fri,0.72420,0.72230,0.72480,0.72180
2021/12/23,Thu,0.72140,0.72420,0.72530,0.71950
2021/12/22,Wed,0.71520,0.72130,0.72220,0.71200
2021/12/21,Tue,0.71120,0.71540,0.71580,0.70980
2021/12/20,Mon,0.71360,0.71090,0.71490,0.70820
2021/12/19,Sun,,,,
2021/12/18,Sat,,,,
2021/12/17,Fri,0.71840,0.71240,0.71870,0.71220
2021/12/16,Thu,0.71700,0.71830,0.72250,0.71450
2021/12/15,Wed,0.71020,0.71670,0.71780,0.70920
2021/12/14,Tue,0.71300,0.71020,0.71370,0.70900
2021/12/13,Mon,0.71440,0.71290,0.71780,0.71110
2021/12/12,Sun,,,,
2021/12/11,Sat,,,,
2021/12/10,Fri,0.71500,0.71710,0.71840,0.71310
2021/12/09,Thu,0.71720,0.71490,0.71880,0.71350
2021/12/08,Wed,0.71190,0.71710,0.71850,0.71150
2021/12/07,Tue,0.70510,0.71180,0.71240,0.70390
2021/12/06,Mon,0.69980,0.70490,0.70560,0.69950
2021/12/05,Sun,,,,
2021/12/04,Sat,,,,
2021/12/03,Fri,0.70950,0.70010,0.71020,0.69930
2021/12/02,Thu,0.71060,0.70930,0.71210,0.70840
2021/12/01,Wed,0.71260,0.71040,0.71740,0.70950
2021/11/30,Tue,0.71400,0.71230,0.71710,0.70630
2021/11/29,Mon,0.71170,0.71400,0.71610,0.71120
2021/11/28,Sun,,,,
2021/11/27,Sat,,,,
2021/11/26,Fri,0.71900,0.71230,0.72000,0.71110
2021/11/25,Thu,0.71970,0.71900,0.72110,0.71800
2021/11/24,Wed,0.72280,0.71950,0.72300,0.71830
2021/11/23,Tue,0.72260,0.72270,0.72380,0.72060
2021/11/22,Mon,0.72350,0.72230,0.72750,0.72210
2021/11/21,Sun,,,,
2021/11/20,Sat,,,,
2021/11/19,Fri,0.72810,0.72340,0.72920,0.72270
2021/11/18,Thu,0.72690,0.72790,0.72940,0.72490
2021/11/17,Wed,0.73040,0.72660,0.73070,0.72590
2021/11/16,Tue,0.73470,0.73020,0.73690,0.72920
2021/11/15,Mon,0.73330,0.73440,0.73720,0.73200
2021/11/14,Sun,,,,
2021/11/13,Sat,,,,
2021/11/12,Fri,0.72980,0.73320,0.73370,0.72760
2021/11/11,Thu,0.73270,0.72940,0.73430,0.72870
2021/11/10,Wed,0.73770,0.73260,0.73940,0.73240
2021/11/09,Tue,0.74220,0.73750,0.74330,0.73600
2021/11/08,Mon,0.73980,0.74200,0.74330,0.73840
2021/11/07,Sun,,,,
2021/11/06,Sat,,,,
2021/11/05,Fri,0.74010,0.74010,0.74130,0.73600
2021/11/04,Thu,0.74490,0.73990,0.74720,0.73830
2021/11/03,Wed,0.74290,0.74450,0.74600,0.74120
2021/11/02,Tue,0.75250,0.74280,0.75340,0.74200
2021/11/01,Mon,0.75100,0.75240,0.75380,0.74850
2021/10/31,Sun,,,,
2021/10/30,Sat,,,,
2021/10/29,Fri,0.75450,0.75210,0.75560,0.75000
2021/10/28,Thu,0.75170,0.75440,0.75560,0.74790
2021/10/27,Wed,0.75010,0.75140,0.75360,0.74870
2021/10/26,Tue,0.74910,0.74990,0.75270,0.74840
2021/10/25,Mon,0.74680,0.74910,0.75070,0.74610
2021/10/24,Sun,,,,
2021/10/23,Sat,,,,
2021/10/22,Fri,0.74670,0.74640,0.75140,0.74530
2021/10/21,Thu,0.75150,0.74660,0.75480,0.74580
2021/10/20,Wed,0.74710,0.75150,0.75240,0.74650
2021/10/19,Tue,0.74120,0.74720,0.74870,0.74070
2021/10/18,Mon,0.74220,0.74100,0.74390,0.73780
2021/10/17,Sun,,,,
2021/10/16,Sat,,,,
2021/10/15,Fri,0.74160,0.74210,0.74410,0.74030
2021/10/14,Thu,0.73790,0.74150,0.74280,0.73720
2021/10/13,Wed,0.73510,0.73780,0.73830,0.73230
2021/10/12,Tue,0.73520,0.73490,0.73860,0.73320
2021/10/11,Mon,0.73140,0.73510,0.73730,0.72920
2021/10/10,Sun,,,,
2021/10/09,Sat,,,,
2021/10/08,Fri,0.73140,0.73060,0.73400,0.72880
2021/10/07,Thu,0.72730,0.73120,0.73260,0.72680
2021/10/06,Wed,0.72880,0.72720,0.72970,0.72260
2021/10/05,Tue,0.72860,0.72910,0.73030,0.72490
2021/10/04,Mon,0.72640,0.72840,0.73060,0.72510
2021/10/03,Sun,,,,
2021/10/02,Sat,,,,
2021/10/01,Fri,0.72250,0.72560,0.72780,0.71920
2021/09/30,Thu,0.71760,0.72260,0.72590,0.71720
2021/09/29,Wed,0.72360,0.71750,0.72660,0.71700
2021/09/28,Tue,0.72860,0.72360,0.73130,0.72250
2021/09/27,Mon,0.72590,0.72860,0.72960,0.72430
2021/09/26,Sun,,,,
2021/09/25,Sat,,,,
2021/09/24,Fri,0.72970,0.72580,0.73180,0.72360
2021/09/23,Thu,0.72460,0.72950,0.73170,0.72230
2021/09/22,Wed,0.72300,0.72450,0.72980,0.72230
2021/09/21,Tue,0.72470,0.72310,0.72850,0.72210
2021/09/20,Mon,0.72690,0.72500,0.72760,0.72200
2021/09/19,Sun,,,,
2021/09/18,Sat,,,,
2021/09/17,Fri,0.72910,0.72650,0.73230,0.72610
2021/09/16,Thu,0.73340,0.72890,0.73470,0.72730
2021/09/15,Wed,0.73230,0.73340,0.73400,0.73010
2021/09/14,Tue,0.73690,0.73180,0.73750,0.73130
2021/09/13,Mon,0.73590,0.73660,0.73770,0.73360
2021/09/12,Sun,,,,
2021/09/11,Sat,,,,
2021/09/10,Fri,0.73680,0.73550,0.74110,0.73480
2021/09/09,Thu,0.73640,0.73660,0.73950,0.73470
2021/09/08,Wed,0.73870,0.73640,0.74060,0.73450
2021/09/07,Tue,0.74400,0.73850,0.74700,0.73740
2021/09/06,Mon,0.74610,0.74390,0.74650,0.74260
2021/09/05,Sun,,,,
2021/09/04,Sat,,,,
2021/09/03,Fri,0.74000,0.74580,0.74790,0.73940
2021/09/02,Thu,0.73670,0.73990,0.74110,0.73550
2021/09/01,Wed,0.73160,0.73640,0.73850,0.73080
2021/08/31,Tue,0.72960,0.73150,0.73430,0.72880
2021/08/30,Mon,0.73100,0.72940,0.73230,0.72840
2021/08/29,Sun,,,,
2021/08/28,Sat,,,,
2021/08/27,Fri,0.72360,0.73110,0.73180,0.72210
2021/08/26,Thu,0.72770,0.72340,0.72810,0.72330
2021/08/25,Wed,0.72580,0.72730,0.72820,0.72370
2021/08/24,Tue,0.72100,0.72570,0.72720,0.72000
2021/08/23,Mon,0.71270,0.72080,0.72190,0.71110
2021/08/22,Sun,,,,
2021/08/21,Sat,,,,
2021/08/20,Fri,0.71470,0.71340,0.71580,0.71060
2021/08/19,Thu,0.72330,0.71460,0.72440,0.71420
2021/08/18,Wed,0.72500,0.72310,0.72710,0.72280
2021/08/17,Tue,0.73360,0.72490,0.73430,0.72420
2021/08/16,Mon,0.73690,0.73370,0.73770,0.73190
2021/08/15,Sun,,,,
2021/08/14,Sat,,,,
2021/08/13,Fri,0.73370,0.73690,0.73830,0.73320
2021/08/12,Thu,0.73740,0.73340,0.73780,0.73320
2021/08/11,Wed,0.73510,0.73720,0.73900,0.73230
2021/08/10,Tue,0.73350,0.73500,0.73570,0.73160
2021/08/09,Mon,0.73590,0.73330,0.73690,0.73280
2021/08/08,Sun,,,,
2021/08/07,Sat,,,,
2021/08/06,Fri,0.74080,0.73530,0.74080,0.73460
2021/08/05,Thu,0.73810,0.74040,0.74170,0.73760
2021/08/04,Wed,0.73970,0.73790,0.74280,0.73700
2021/08/03,Tue,0.73640,0.73940,0.74100,0.73570
2021/08/02,Mon,0.73420,0.73600,0.73830,0.73280
2021/08/01,Sun,,,,
2021/07/31,Sat,,,,
2021/07/30,Fri,0.73940,0.73440,0.74060,0.73310
2021/07/29,Thu,0.73770,0.73950,0.74140,0.73590
2021/07/28,Wed,0.73620,0.73760,0.73830,0.73170
2021/07/27,Tue,0.73860,0.73600,0.73900,0.73370
2021/07/26,Mon,0.73670,0.73800,0.73920,0.73310
2021/07/25,Sun,,,,
2021/07/24,Sat,,,,
2021/07/23,Fri,0.73820,0.73640,0.74020,0.73570
2021/07/22,Thu,0.73590,0.73780,0.73990,0.73420
2021/07/21,Wed,0.73320,0.73580,0.73630,0.72890
2021/07/20,Tue,0.73440,0.73290,0.73590,0.72970
2021/07/19,Mon,0.74020,0.73420,0.74170,0.73220
2021/07/18,Sun,,,,
2021/07/17,Sat,,,,
2021/07/16,Fri,0.74280,0.74020,0.74440,0.73920
2021/07/15,Thu,0.74810,0.74270,0.74880,0.74110
2021/07/14,Wed,0.74490,0.74800,0.74870,0.74310
2021/07/13,Tue,0.74750,0.74460,0.75040,0.74270
2021/07/12,Mon,0.74820,0.74750,0.74970,0.74480
2021/07/11,Sun,,,,
2021/07/10,Sat,,,,
2021/07/09,Fri,0.74290,0.74850,0.74950,0.74090
2021/07/08,Thu,0.74830,0.74290,0.74900,0.74160
2021/07/07,Wed,0.74960,0.74810,0.75350,0.74620
2021/07/06,Tue,0.75300,0.74970,0.76010,0.74800
2021/07/05,Mon,0.75240,0.75290,0.75390,0.75090
2021/07/04,Sun,,,,
2021/07/03,Sat,,,,
2021/07/02,Fri,0.74700,0.75250,0.75340,0.74450
2021/07/01,Thu,0.74980,0.74690,0.75090,0.74600
2021/06/30,Wed,0.75120,0.74980,0.75290,0.74920
2021/06/29,Tue,0.75680,0.75110,0.75720,0.75070
2021/06/28,Mon,0.75880,0.75670,0.76070,0.75540
2021/06/27,Sun,,,,
2021/06/26,Sat,,,,
2021/06/25,Fri,0.75820,0.75860,0.76180,0.75790
2021/06/24,Thu,0.75760,0.75820,0.75930,0.75650
2021/06/23,Wed,0.75550,0.75750,0.76010,0.75370
2021/06/22,Tue,0.75330,0.75530,0.75660,0.74940
2021/06/21,Mon,0.74840,0.75350,0.75480,0.74760
2021/06/20,Sun,,,,
2021/06/19,Sat,,,,
2021/06/18,Fri,0.75530,0.74770,0.75630,0.74760
2021/06/17,Thu,0.76110,0.75500,0.76460,0.75390
2021/06/16,Wed,0.76880,0.76100,0.77160,0.76070
2021/06/15,Tue,0.77120,0.76850,0.77170,0.76740
2021/06/14,Mon,0.77050,0.77110,0.77270,0.76930
2021/06/13,Sun,,,,
2021/06/12,Sat,,,,
2021/06/11,Fri,0.77550,0.77060,0.77760,0.76880
2021/06/10,Thu,0.77320,0.77520,0.77650,0.77180
2021/06/09,Wed,0.77400,0.77290,0.77640,0.77240
2021/06/08,Tue,0.77590,0.77400,0.77650,0.77320
2021/06/07,Mon,0.77420,0.77530,0.77670,0.77250
2021/06/06,Sun,,,,
2021/06/05,Sat,,,,
2021/06/04,Fri,0.76580,0.77370,0.77470,0.76510
2021/06/03,Thu,0.77540,0.76580,0.77560,0.76450
2021/06/02,Wed,0.77560,0.77520,0.77740,0.77150
2021/06/01,Tue,0.77350,0.77540,0.77700,0.77310
2021/05/31,Mon,0.77100,0.77340,0.77430,0.77000
2021/05/30,Sun,,,,
2021/05/29,Sat,,,,
2021/05/28,Fri,0.77490,0.77130,0.77490,0.76760
2021/05/27,Thu,0.77400,0.77400,0.77580,0.77230
2021/05/26,Wed,0.77500,0.77390,0.77970,0.77310
2021/05/25,Tue,0.77520,0.77500,0.77770,0.77330
2021/05/24,Mon,0.77320,0.77520,0.77580,0.77060
2021/05/23,Sun,,,,
2021/05/22,Sat,,,,
2021/05/21,Fri,0.77760,0.77310,0.77840,0.77190
2021/05/20,Thu,0.77290,0.77750,0.77830,0.77160
2021/05/19,Wed,0.77930,0.77260,0.77980,0.77110
2021/05/18,Tue,0.77610,0.77910,0.78150,0.77590
2021/05/17,Mon,0.77800,0.77630,0.77920,0.77300
2021/05/16,Sun,,,,
2021/05/15,Sat,,,,
2021/05/14,Fri,0.77290,0.77720,0.77890,0.77140
2021/05/13,Thu,0.77250,0.77290,0.77480,0.76880
2021/05/12,Wed,0.78420,0.77250,0.78480,0.77190
2021/05/11,Tue,0.78310,0.78400,0.78570,0.78200
2021/05/10,Mon,0.78480,0.78300,0.78920,0.78270
2021/05/09,Sun,,,,
2021/05/08,Sat,,,,
2021/05/07,Fri,0.77810,0.78420,0.78630,0.77610
2021/05/06,Thu,0.77480,0.77790,0.77890,0.77010
2021/05/05,Wed,0.77060,0.77470,0.77550,0.77040
2021/05/04,Tue,0.77630,0.77050,0.77660,0.76750
2021/05/03,Mon,0.77180,0.77610,0.77670,0.77060
2021/05/02,Sun,,,,
2021/05/01,Sat,,,,
2021/04/30,Fri,0.77660,0.77160,0.77860,0.76960
2021/04/29,Thu,0.77910,0.77640,0.78180,0.77500
2021/04/28,Wed,0.77650,0.77880,0.78030,0.77250
2021/04/27,Tue,0.77980,0.77640,0.78060,0.77610
2021/04/26,Mon,0.77450,0.77990,0.78170,0.77350
2021/04/25,Sun,,,,
2021/04/24,Sat,,,,
2021/04/23,Fri,0.77030,0.77450,0.77620,0.76970
2021/04/22,Thu,0.77550,0.77070,0.77660,0.76900
2021/04/21,Wed,0.77250,0.77510,0.77630,0.76990
2021/04/20,Tue,0.77610,0.77230,0.78170,0.77090
2021/04/19,Mon,0.77390,0.77570,0.77860,0.77050
2021/04/18,Sun,,,,
2021/04/17,Sat,,,,
2021/04/16,Fri,0.77530,0.77330,0.77610,0.77240
2021/04/15,Thu,0.77270,0.77500,0.77630,0.77050
2021/04/14,Wed,0.76410,0.77200,0.77390,0.76340
2021/04/13,Tue,0.76240,0.76380,0.76500,0.75860
2021/04/12,Mon,0.76200,0.76220,0.76360,0.75950
2021/04/11,Sun,,,,
2021/04/10,Sat,,,,
2021/04/09,Fri,0.76530,0.76210,0.76630,0.75880
2021/04/08,Thu,0.76180,0.76520,0.76620,0.76020
2021/04/07,Wed,0.76630,0.76140,0.76790,0.76010
2021/04/06,Tue,0.76520,0.76620,0.76690,0.76060
2021/04/05,Mon,0.76040,0.76490,0.76610,0.75980
2021/04/04,Sun,,,,
2021/04/03,Sat,,,,
2021/04/02,Fri,0.76170,0.76060,0.76390,0.75950
2021/04/01,Thu,0.75970,0.76170,0.76200,0.75320
2021/03/31,Wed,0.75970,0.75960,0.76370,0.75880
2021/03/30,Tue,0.76300,0.75940,0.76650,0.75850
2021/03/29,Mon,0.76380,0.76300,0.76560,0.76140
2021/03/28,Sun,,,,
2021/03/27,Sat,,,,
2021/03/26,Fri,0.75800,0.76360,0.76460,0.75740
2021/03/25,Thu,0.75820,0.75790,0.76150,0.75630
2021/03/24,Wed,0.76220,0.75820,0.76360,0.75800
2021/03/23,Tue,0.77470,0.76220,0.77500,0.76160
2021/03/22,Mon,0.77260,0.77440,0.77570,0.76870
2021/03/21,Sun,,,,
2021/03/20,Sat,,,,
2021/03/19,Fri,0.77590,0.77420,0.77730,0.77170
2021/03/18,Thu,0.77970,0.77560,0.78510,0.77490
2021/03/17,Wed,0.77440,0.77940,0.78110,0.76990
2021/03/16,Tue,0.77550,0.77450,0.77620,0.77110
2021/03/15,Mon,0.77460,0.77540,0.77760,0.77060
2021/03/14,Sun,,,,
2021/03/13,Sat,,,,
2021/03/12,Fri,0.77900,0.77650,0.78020,0.77240
2021/03/11,Thu,0.77360,0.77870,0.77950,0.77230
2021/03/10,Wed,0.77160,0.77340,0.77470,0.76680
2021/03/09,Tue,0.76520,0.77110,0.77270,0.76210
2021/03/08,Mon,0.76880,0.76490,0.77230,0.76350
2021/03/07,Sun,,,,
2021/03/06,Sat,,,,
2021/03/05,Fri,0.77290,0.76860,0.77310,0.76230
2021/03/04,Thu,0.77750,0.77250,0.78160,0.77080
2021/03/03,Wed,0.78200,0.77750,0.78400,0.77700
2021/03/02,Tue,0.77730,0.78180,0.78380,0.77360
2021/03/01,Mon,0.77130,0.77690,0.77880,0.76990
2021/02/28,Sun,,,,
2021/02/27,Sat,,,,
2021/02/26,Fri,0.78720,0.77050,0.78850,0.76920
2021/02/25,Thu,0.79680,0.78720,0.80090,0.78590
2021/02/24,Wed,0.79110,0.79670,0.79740,0.78950
2021/02/23,Tue,0.79170,0.79100,0.79360,0.78790
2021/02/22,Mon,0.78620,0.79150,0.79300,0.78520
2021/02/21,Sun,,,,
2021/02/20,Sat,,,,
2021/02/19,Fri,0.77680,0.78690,0.78780,0.77560
2021/02/18,Thu,0.77520,0.77670,0.77910,0.77310
2021/02/17,Wed,0.77580,0.77490,0.77720,0.77240
2021/02/16,Tue,0.77810,0.77560,0.78070,0.77440
2021/02/15,Mon,0.77550,0.77780,0.77900,0.77480
2021/02/14,Sun,,,,
2021/02/13,Sat,,,,
2021/02/12,Fri,0.77530,0.77530,0.77660,0.77170
2021/02/11,Thu,0.77220,0.77510,0.77730,0.77120
2021/02/10,Wed,0.77400,0.77210,0.77570,0.77160
2021/02/09,Tue,0.77050,0.77380,0.77420,0.76990
2021/02/08,Mon,0.76560,0.77000,0.77160,0.76510
2021/02/07,Sun,,,,
2021/02/06,Sat,,,,
2021/02/05,Fri,0.76010,0.76770,0.76810,0.75830
2021/02/04,Thu,0.76180,0.75990,0.76490,0.75880
2021/02/03,Wed,0.76070,0.76170,0.76280,0.76010
2021/02/02,Tue,0.76210,0.76060,0.76630,0.75630
2021/02/01,Mon,0.76400,0.76190,0.76640,0.76060
2021/01/31,Sun,,,,
2021/01/30,Sat,,,,
2021/01/29,Fri,0.76790,0.76420,0.77060,0.76310
2021/01/28,Thu,0.76630,0.76790,0.76990,0.75920
2021/01/27,Wed,0.77430,0.76620,0.77650,0.76440
2021/01/26,Tue,0.77140,0.77430,0.77560,0.76690
2021/01/25,Mon,0.77230,0.77080,0.77490,0.76830
2021/01/24,Sun,,,,
2021/01/23,Sat,,,,
2021/01/22,Fri,0.77650,0.77160,0.77710,0.77020
2021/01/21,Thu,0.77460,0.77630,0.77840,0.77410
2021/01/20,Wed,0.76950,0.77460,0.77620,0.76910
2021/01/19,Tue,0.76810,0.76950,0.77270,0.76720
2021/01/18,Mon,0.77070,0.76790,0.77160,0.76590
2021/01/17,Sun,,,,
2021/01/16,Sat,,,,
2021/01/15,Fri,0.77780,0.77020,0.77900,0.76810
2021/01/14,Thu,0.77330,0.77770,0.78070,0.77280
2021/01/13,Wed,0.77720,0.77320,0.77830,0.77220
2021/01/12,Tue,0.76980,0.77710,0.77780,0.76860
2021/01/11,Mon,0.77560,0.76950,0.77720,0.76660
2021/01/10,Sun,,,,
2021/01/09,Sat,,,,
2021/01/08,Fri,0.77630,0.77590,0.78000,0.77280
2021/01/07,Thu,0.78020,0.77680,0.78180,0.77250
2021/01/06,Wed,0.77600,0.78010,0.78210,0.77330
2021/01/05,Tue,0.76660,0.77590,0.77780,0.76610
2021/01/04,Mon,0.77030,0.76630,0.77420,0.76420
2021/01/03,Sun,,,,
2021/01/02,Sat,,,,
2021/01/01,Fri,0.76950,0.77040,0.77060,0.76920
2020/12/31,Thu,0.76860,0.76940,0.77440,0.76780
2020/12/30,Wed,0.76060,0.76840,0.76880,0.76020
2020/12/29,Tue,0.75790,0.76050,0.76250,0.75770
2020/12/28,Mon,0.75840,0.75770,0.76240,0.75560
2020/12/27,Sun,,,,
2020/12/26,Sat,,,,
2020/12/25,Fri,0.75970,0.75990,0.76140,0.75750
2020/12/24,Thu,0.75740,0.75960,0.76080,0.75670
2020/12/23,Wed,0.75230,0.75720,0.75930,0.75160
2020/12/22,Tue,0.75840,0.75210,0.75920,0.75160
2020/12/21,Mon,0.75980,0.75850,0.76100,0.74620
2020/12/20,Sun,,,,
2020/12/19,Sat,,,,
2020/12/18,Fri,0.76220,0.76240,0.76300,0.75820
2020/12/17,Thu,0.75770,0.76210,0.76410,0.75660
2020/12/16,Wed,0.75590,0.75760,0.75800,0.75390
2020/12/15,Tue,0.75350,0.75570,0.75730,0.75070
2020/12/14,Mon,0.75390,0.75370,0.75800,0.75250
2020/12/13,Sun,,,,
2020/12/12,Sat,,,,
2020/12/11,Fri,0.75340,0.75330,0.75740,0.75200
2020/12/10,Thu,0.74490,0.75330,0.75410,0.74260
2020/12/09,Wed,0.74120,0.74450,0.74870,0.74040
2020/12/08,Tue,0.74220,0.74110,0.74370,0.73990
2020/12/07,Mon,0.74350,0.74200,0.74540,0.73720
2020/12/06,Sun,,,,
2020/12/05,Sat,,,,
2020/12/04,Fri,0.74390,0.74210,0.74450,0.74100
2020/12/03,Thu,0.74130,0.74380,0.74510,0.73970
2020/12/02,Wed,0.73710,0.74150,0.74210,0.73510
2020/12/01,Tue,0.73450,0.73690,0.73740,0.73400
2020/11/30,Mon,0.73930,0.73450,0.74090,0.73390
2020/11/29,Sun,,,,
2020/11/28,Sat,,,,
2020/11/27,Fri,0.73630,0.73860,0.74010,0.73510
2020/11/26,Thu,0.73640,0.73610,0.73760,0.73530
2020/11/25,Wed,0.73600,0.73630,0.73740,0.73250
2020/11/24,Tue,0.72860,0.73600,0.73690,0.72830
2020/11/23,Mon,0.73050,0.72850,0.73390,0.72650
2020/11/22,Sun,,,,
2020/11/21,Sat,,,,
2020/11/20,Fri,0.72880,0.73020,0.73260,0.72660
2020/11/19,Thu,0.73060,0.72870,0.73080,0.72540
2020/11/18,Wed,0.73010,0.73050,0.73330,0.72720
2020/11/17,Tue,0.73190,0.72980,0.73410,0.72890
2020/11/16,Mon,0.72620,0.73180,0.73280,0.72540
2020/11/15,Sun,,,,
2020/11/14,Sat,,,,
2020/11/13,Fri,0.72320,0.72680,0.72740,0.72210
2020/11/12,Thu,0.72820,0.72310,0.72940,0.72230
2020/11/11,Wed,0.72840,0.72780,0.73200,0.72600
2020/11/10,Tue,0.72870,0.72840,0.72960,0.72520
2020/11/09,Mon,0.72560,0.72850,0.73410,0.72560
2020/11/08,Sun,,,,
2020/11/07,Sat,,,,
2020/11/06,Fri,0.72830,0.72550,0.72890,0.72390
2020/11/05,Thu,0.71830,0.72820,0.72910,0.71450
2020/11/04,Wed,0.71650,0.71730,0.72230,0.70490
2020/11/03,Tue,0.70560,0.71600,0.71760,0.70270
2020/11/02,Mon,0.70340,0.70530,0.70590,0.69910
2020/11/01,Sun,,,,
2020/10/31,Sat,,,,
2020/10/30,Fri,0.70300,0.70260,0.70740,0.70100
2020/10/29,Thu,0.70450,0.70280,0.70780,0.70020
2020/10/28,Wed,0.71260,0.70440,0.71590,0.70380
2020/10/27,Tue,0.71240,0.71280,0.71490,0.71150
2020/10/26,Mon,0.71290,0.71220,0.71480,0.71030
2020/10/25,Sun,,,,
2020/10/24,Sat,,,,
2020/10/23,Fri,0.71180,0.71350,0.71600,0.71010
2020/10/22,Thu,0.71170,0.71150,0.71270,0.70850
2020/10/21,Wed,0.70480,0.71170,0.71380,0.70460
2020/10/20,Tue,0.70680,0.70460,0.70740,0.70200
2020/10/19,Mon,0.70880,0.70670,0.71160,0.70580
2020/10/18,Sun,,,,
2020/10/17,Sat,,,,
2020/10/16,Fri,0.70940,0.70800,0.70990,0.70700
2020/10/15,Thu,0.71620,0.70920,0.71720,0.70560
2020/10/14,Wed,0.71600,0.71620,0.71920,0.71510
2020/10/13,Tue,0.72090,0.71600,0.72150,0.71500
2020/10/12,Mon,0.72250,0.72070,0.72380,0.72030
2020/10/11,Sun,,,,
2020/10/10,Sat,,,,
2020/10/09,Fri,0.71680,0.72390,0.72450,0.71600
2020/10/08,Thu,0.71410,0.71660,0.71710,0.71220
2020/10/07,Wed,0.71020,0.71380,0.71520,0.70960
2020/10/06,Tue,0.71810,0.71040,0.72100,0.71000
2020/10/05,Mon,0.71580,0.71790,0.71950,0.71540
2020/10/04,Sun,,,,
2020/10/03,Sat,,,,
2020/10/02,Fri,0.71840,0.71620,0.71910,0.71300
2020/10/01,Thu,0.71630,0.71830,0.72110,0.71540
2020/09/30,Wed,0.71300,0.71610,0.71770,0.71000
2020/09/29,Tue,0.70710,0.71270,0.71400,0.70680
2020/09/28,Mon,0.70280,0.70700,0.70760,0.70090
2020/09/27,Sun,,,,
2020/09/26,Sat,,,,
2020/09/25,Fri,0.70460,0.70270,0.70880,0.70060
2020/09/24,Thu,0.70720,0.70450,0.70830,0.70160
2020/09/23,Wed,0.71750,0.70740,0.71790,0.70680
2020/09/22,Tue,0.72260,0.71740,0.72370,0.71530
2020/09/21,Mon,0.73070,0.72230,0.73260,0.71990
2020/09/20,Sun,,,,
2020/09/19,Sat,,,,
2020/09/18,Fri,0.73130,0.72890,0.73350,0.72820
2020/09/17,Thu,0.73080,0.73120,0.73170,0.72530
2020/09/16,Wed,0.73020,0.73050,0.73470,0.72780
2020/09/15,Tue,0.72910,0.73010,0.73440,0.72670
2020/09/14,Mon,0.72780,0.72880,0.73050,0.72640
2020/09/13,Sun,,,,
2020/09/12,Sat,,,,
2020/09/11,Fri,0.72560,0.72830,0.73070,0.72510
2020/09/10,Thu,0.72820,0.72560,0.73260,0.72470
2020/09/09,Wed,0.72150,0.72820,0.72890,0.71920
2020/09/08,Tue,0.72770,0.72140,0.73110,0.72100
2020/09/07,Mon,0.72820,0.72740,0.73000,0.72700
2020/09/06,Sun,,,,
2020/09/05,Sat,,,,
2020/09/04,Fri,0.72730,0.72790,0.73000,0.72220
2020/09/03,Thu,0.73340,0.72720,0.73410,0.72650
2020/09/02,Wed,0.73720,0.73380,0.73830,0.73010
2020/09/01,Tue,0.73770,0.73710,0.74140,0.73590
2020/08/31,Mon,0.73570,0.73750,0.74040,0.73400
2020/08/30,Sun,,,,
2020/08/29,Sat,,,,
2020/08/28,Fri,0.72640,0.73660,0.73700,0.72540
2020/08/27,Thu,0.72320,0.72580,0.72920,0.72170
2020/08/26,Wed,0.71960,0.72310,0.72410,0.71870
2020/08/25,Tue,0.71630,0.71940,0.71990,0.71500
2020/08/24,Mon,0.71550,0.71610,0.72060,0.71510
2020/08/23,Sun,,,,
2020/08/22,Sat,,,,
2020/08/21,Fri,0.71930,0.71610,0.72170,0.71390
2020/08/20,Thu,0.71810,0.71910,0.72040,0.71350
2020/08/19,Wed,0.72440,0.71810,0.72770,0.71790
2020/08/18,Tue,0.72150,0.72400,0.72660,0.72080
2020/08/17,Mon,0.71640,0.72140,0.72290,0.71600
2020/08/16,Sun,,,,
2020/08/15,Sat,,,,
2020/08/14,Fri,0.71490,0.71710,0.71770,0.71310
2020/08/13,Thu,0.71600,0.71480,0.71890,0.71350
2020/08/12,Wed,0.71430,0.71620,0.71770,0.71090
2020/08/11,Tue,0.71510,0.71420,0.71910,0.71350
2020/08/10,Mon,0.71610,0.71490,0.71850,0.71400
2020/08/09,Sun,,,,
2020/08/08,Sat,,,,
2020/08/07,Fri,0.72330,0.71570,0.72450,0.71440
2020/08/06,Thu,0.71920,0.72330,0.72410,0.71730
2020/08/05,Wed,0.71610,0.71910,0.72430,0.71520
2020/08/04,Tue,0.71260,0.71600,0.71690,0.71050
2020/08/03,Mon,0.71460,0.71230,0.71550,0.70760
2020/08/02,Sun,,,,
2020/08/01,Sat,,,,
2020/07/31,Fri,0.71940,0.71420,0.72290,0.71320
2020/07/30,Thu,0.71850,0.71930,0.71990,0.71200
2020/07/29,Wed,0.71580,0.71860,0.71970,0.71480
2020/07/28,Tue,0.71490,0.71570,0.71780,0.71120
2020/07/27,Mon,0.70950,0.71490,0.71510,0.70850
2020/07/26,Sun,,,,
2020/07/25,Sat,,,,
2020/07/24,Fri,0.70980,0.71030,0.71260,0.70630
2020/07/23,Thu,0.71410,0.70970,0.71630,0.70900
2020/07/22,Wed,0.71280,0.71380,0.71840,0.71110
2020/07/21,Tue,0.70140,0.71270,0.71480,0.70100
2020/07/20,Mon,0.69920,0.70130,0.70190,0.69720
2020/07/19,Sun,,,,
2020/07/18,Sat,,,,
2020/07/17,Fri,0.69720,0.69950,0.70070,0.69670
2020/07/16,Thu,0.70060,0.69690,0.70140,0.69630
2020/07/15,Wed,0.69720,0.70070,0.70390,0.69690
2020/07/14,Tue,0.69400,0.69740,0.69790,0.69210
2020/07/13,Mon,0.69530,0.69390,0.69950,0.69390
2020/07/12,Sun,,,,
2020/07/11,Sat,,,,
2020/07/10,Fri,0.69640,0.69480,0.69700,0.69230
2020/07/09,Thu,0.69830,0.69630,0.70020,0.69500
2020/07/08,Wed,0.69470,0.69820,0.69870,0.69270
2020/07/07,Tue,0.69720,0.69460,0.69990,0.69220
2020/07/06,Mon,0.69360,0.69730,0.69890,0.69240
2020/07/05,Sun,,,,
2020/07/04,Sat,,,,
2020/07/03,Fri,0.69210,0.69370,0.69510,0.69130
2020/07/02,Thu,0.69160,0.69220,0.69540,0.69010
2020/07/01,Wed,0.69030,0.69140,0.69450,0.68770
2020/06/30,Tue,0.68650,0.69020,0.69130,0.68320
2020/06/29,Mon,0.68640,0.68640,0.68920,0.68410
2020/06/28,Sun,,,,
2020/06/27,Sat,,,,
2020/06/26,Fri,0.68870,0.68600,0.68970,0.68400
2020/06/25,Thu,0.68730,0.68850,0.68940,0.68470
2020/06/24,Wed,0.69350,0.68720,0.69630,0.68630
2020/06/23,Tue,0.69090,0.69290,0.69760,0.68580
2020/06/22,Mon,0.68420,0.69050,0.69240,0.68040
2020/06/21,Sun,,,,
2020/06/20,Sat,,,,
2020/06/19,Fri,0.68510,0.68320,0.69130,0.68290
2020/06/18,Thu,0.68820,0.68510,0.69030,0.68350
2020/06/17,Wed,0.68920,0.68830,0.69240,0.68520
2020/06/16,Tue,0.69190,0.68840,0.69780,0.68340
2020/06/15,Mon,0.68410,0.69180,0.69270,0.67760
2020/06/14,Sun,,,,
2020/06/13,Sat,,,,
2020/06/12,Fri,0.68570,0.68620,0.69130,0.67990
2020/06/11,Thu,0.69980,0.68540,0.70060,0.68390
2020/06/10,Wed,0.69640,0.69970,0.70630,0.69310
2020/06/09,Tue,0.70190,0.69610,0.70430,0.68980
2020/06/08,Mon,0.69700,0.70190,0.70300,0.69610
2020/06/07,Sun,,,,
2020/06/06,Sat,,,,
2020/06/05,Fri,0.69420,0.69680,0.70140,0.69300
2020/06/04,Thu,0.69160,0.69420,0.69890,0.68820
2020/06/03,Wed,0.68960,0.69190,0.69850,0.68560
2020/06/02,Tue,0.67980,0.68940,0.69000,0.67740
2020/06/01,Mon,0.66570,0.67970,0.68050,0.66460
2020/05/31,Sun,,,,
2020/05/30,Sat,,,,
2020/05/29,Fri,0.66370,0.66660,0.66850,0.66110
2020/05/28,Thu,0.66210,0.66350,0.66680,0.65870
2020/05/27,Wed,0.66530,0.66200,0.66810,0.65690
2020/05/26,Tue,0.65440,0.66510,0.66770,0.65370
2020/05/25,Mon,0.65200,0.65440,0.65520,0.65180
2020/05/24,Sun,,,,
2020/05/23,Sat,,,,
2020/05/22,Fri,0.65650,0.65350,0.65780,0.65060
2020/05/21,Thu,0.65980,0.65640,0.66010,0.65480
2020/05/20,Wed,0.65380,0.65970,0.66180,0.65250
2020/05/19,Tue,0.65230,0.65360,0.65860,0.65100
2020/05/18,Mon,0.64250,0.65230,0.65280,0.64090
2020/05/17,Sun,,,,
2020/05/16,Sat,,,,
2020/05/15,Fri,0.64620,0.64140,0.64760,0.64010
2020/05/14,Thu,0.64520,0.64610,0.64690,0.64030
2020/05/13,Wed,0.64730,0.64540,0.65260,0.64370
2020/05/12,Tue,0.64900,0.64690,0.65370,0.64310
2020/05/11,Mon,0.65290,0.64880,0.65630,0.64560
2020/05/10,Sun,,,,
2020/05/09,Sat,,,,
2020/05/08,Fri,0.64940,0.65290,0.65490,0.64920
2020/05/07,Thu,0.64000,0.64940,0.65060,0.63770
2020/05/06,Wed,0.64310,0.64000,0.64540,0.63930
2020/05/05,Tue,0.64290,0.64300,0.64780,0.64160
2020/05/04,Mon,0.64210,0.64260,0.64360,0.63720
2020/05/03,Sun,,,,
2020/05/02,Sat,,,,
2020/05/01,Fri,0.65110,0.64180,0.65130,0.64090
2020/04/30,Thu,0.65580,0.65100,0.65710,0.64900
2020/04/29,Wed,0.64910,0.65550,0.65590,0.64860
2020/04/28,Tue,0.64650,0.64900,0.65160,0.64330
2020/04/27,Mon,0.63870,0.64640,0.64730,0.63780
2020/04/26,Sun,,,,
2020/04/25,Sat,,,,
2020/04/24,Fri,0.63700,0.63850,0.63990,0.63360
2020/04/23,Thu,0.63240,0.63690,0.64070,0.62830
2020/04/22,Wed,0.62800,0.63230,0.63530,0.62760
2020/04/21,Tue,0.63360,0.62800,0.63480,0.62530
2020/04/20,Mon,0.63570,0.63350,0.63990,0.63330
2020/04/19,Sun,,,,
2020/04/18,Sat,,,,
2020/04/17,Fri,0.63260,0.63640,0.63850,0.63140
2020/04/16,Thu,0.63190,0.63280,0.63340,0.62640
2020/04/15,Wed,0.64420,0.63180,0.64450,0.62830
2020/04/14,Tue,0.63830,0.64400,0.64460,0.63740
2020/04/13,Mon,0.63460,0.63810,0.64100,0.63250
2020/04/12,Sun,,,,
2020/04/11,Sat,,,,
2020/04/10,Fri,0.63410,0.63500,0.63700,0.63130
2020/04/09,Thu,0.62280,0.63370,0.63630,0.61950
2020/04/08,Wed,0.61700,0.62260,0.62460,0.61150
2020/04/07,Tue,0.60880,0.61660,0.62090,0.60750
2020/04/06,Mon,0.60110,0.60860,0.61070,0.59910
2020/04/05,Sun,,,,
2020/04/04,Sat,,,,
2020/04/03,Fri,0.60600,0.59950,0.60770,0.59800
2020/04/02,Thu,0.60700,0.60590,0.61210,0.60060
2020/04/01,Wed,0.61330,0.60700,0.61740,0.60390
2020/03/31,Tue,0.61700,0.61350,0.62150,0.60790
2020/03/30,Mon,0.61480,0.61720,0.61850,0.61120
2020/03/29,Sun,,,,
2020/03/28,Sat,,,,
2020/03/27,Fri,0.60650,0.61650,0.62010,0.60220
2020/03/26,Thu,0.59600,0.60630,0.60890,0.58700
2020/03/25,Wed,0.59570,0.59580,0.60740,0.59310
2020/03/24,Tue,0.58320,0.59570,0.59760,0.58110
2020/03/23,Mon,0.57990,0.58270,0.58460,0.57000
2020/03/22,Sun,,,,
2020/03/21,Sat,,,,
2020/03/20,Fri,0.57420,0.57980,0.59880,0.56640
2020/03/19,Thu,0.57710,0.57410,0.59640,0.55070
2020/03/18,Wed,0.59990,0.57710,0.60290,0.57000
2020/03/17,Tue,0.61170,0.59980,0.61500,0.59580
2020/03/16,Mon,0.61360,0.61170,0.63120,0.60800
2020/03/15,Sun,,,,
2020/03/14,Sat,,,,
2020/03/13,Fri,0.62360,0.61820,0.63280,0.61220
2020/03/12,Thu,0.64850,0.62340,0.64940,0.62130
2020/03/11,Wed,0.65080,0.64840,0.65410,0.64790
2020/03/10,Tue,0.65900,0.65050,0.66140,0.64630
2020/03/09,Mon,0.66220,0.65860,0.66870,0.63210
2020/03/08,Sun,,,,
2020/03/07,Sat,,,,
2020/03/06,Fri,0.66130,0.66510,0.66590,0.65840
2020/03/05,Thu,0.66270,0.66130,0.66380,0.65840
2020/03/04,Wed,0.65830,0.66260,0.66290,0.65760
2020/03/03,Tue,0.65360,0.65820,0.66470,0.65080
2020/03/02,Mon,0.64880,0.65390,0.65700,0.64570
2020/03/01,Sun,,,,
2020/02/29,Sat,,,,
2020/02/28,Fri,0.65690,0.65090,0.65870,0.64340
2020/02/27,Thu,0.65440,0.65680,0.65940,0.65420
2020/02/26,Wed,0.66060,0.65430,0.66080,0.65410
2020/02/25,Tue,0.66050,0.66020,0.66240,0.65850
2020/02/24,Mon,0.66290,0.66040,0.66290,0.65820
2020/02/23,Sun,,,,
2020/02/22,Sat,,,,
2020/02/21,Fri,0.66140,0.66270,0.66410,0.65850
2020/02/20,Thu,0.66740,0.66150,0.66970,0.66090
2020/02/19,Wed,0.66870,0.66750,0.67080,0.66640
2020/02/18,Tue,0.67140,0.66840,0.67170,0.66730
2020/02/17,Mon,0.67120,0.67130,0.67350,0.67100
2020/02/16,Sun,,,,
2020/02/15,Sat,,,,
2020/02/14,Fri,0.67180,0.67130,0.67330,0.67080
2020/02/13,Thu,0.67380,0.67180,0.67460,0.67060
2020/02/12,Wed,0.67140,0.67370,0.67520,0.67110
2020/02/11,Tue,0.66870,0.67130,0.67380,0.66810
2020/02/10,Mon,0.66800,0.66860,0.67080,0.66580
2020/02/09,Sun,,,,
2020/02/08,Sat,,,,
2020/02/07,Fri,0.67300,0.66720,0.67380,0.66610
2020/02/06,Thu,0.67470,0.67300,0.67660,0.67260
2020/02/05,Wed,0.67390,0.67450,0.67760,0.67230
2020/02/04,Tue,0.66920,0.67370,0.67430,0.66780
2020/02/03,Mon,0.66910,0.66910,0.67080,0.66810
2020/02/02,Sun,,,,
2020/02/01,Sat,,,,
2020/01/31,Fri,0.67220,0.66910,0.67310,0.66820
2020/01/30,Thu,0.67540,0.67190,0.67570,0.66990
2020/01/29,Wed,0.67620,0.67530,0.67790,0.67350
2020/01/28,Tue,0.67610,0.67620,0.67670,0.67370
2020/01/27,Mon,0.68170,0.67600,0.68290,0.67510
2020/01/26,Sun,,,,
2020/01/25,Sat,,,,
2020/01/24,Fri,0.68470,0.68280,0.68590,0.68160
2020/01/23,Thu,0.68450,0.68460,0.68800,0.68290
2020/01/22,Wed,0.68450,0.68440,0.68580,0.68260
2020/01/21,Tue,0.68740,0.68440,0.68820,0.68410
2020/01/20,Mon,0.68820,0.68720,0.68900,0.68540
2020/01/19,Sun,,,,
2020/01/18,Sat,,,,
2020/01/17,Fri,0.68980,0.68720,0.69130,0.68700
2020/01/16,Thu,0.69040,0.68980,0.69350,0.68870
2020/01/15,Wed,0.69010,0.69020,0.69180,0.68770
2020/01/14,Tue,0.69030,0.69000,0.69100,0.68840
2020/01/13,Mon,0.68970,0.69030,0.69210,0.68830
2020/01/12,Sun,,,,
2020/01/11,Sat,,,,
2020/01/10,Fri,0.68580,0.69010,0.69130,0.68490
2020/01/09,Thu,0.68660,0.68570,0.68820,0.68490
2020/01/08,Wed,0.68690,0.68650,0.68870,0.68480
2020/01/07,Tue,0.69400,0.68680,0.69440,0.68580
2020/01/06,Mon,0.69500,0.69390,0.69590,0.69240
2020/01/05,Sun,,,,
2020/01/04,Sat,,,,
2020/01/03,Fri,0.69950,0.69510,0.70000,0.69290
2020/01/02,Thu,0.70180,0.69930,0.70210,0.69770
2020/01/01,Wed,0.70210,0.70170,0.70310,0.70090
2019/12/31,Tue,0.69950,0.70210,0.70330,0.69930
2019/12/30,Mon,0.69780,0.69940,0.70060,0.69680
2019/12/29,Sun,,,,
2019/12/28,Sat,,,,
2019/12/27,Fri,0.69460,0.69770,0.69890,0.69400
2019/12/26,Thu,0.69240,0.69450,0.69500,0.69170
2019/12/25,Wed,0.69200,0.69190,0.69270,0.69140
2019/12/24,Tue,0.69230,0.69200,0.69310,0.69110
2019/12/23,Mon,0.68960,0.69220,0.69300,0.68890
2019/12/22,Sun,,,,
2019/12/21,Sat,,,,
2019/12/20,Fri,0.68870,0.68980,0.69090,0.68820
2019/12/19,Thu,0.68530,0.68840,0.68890,0.68480
2019/12/18,Wed,0.68510,0.68520,0.68660,0.68380
2019/12/17,Tue,0.68850,0.68500,0.68870,0.68370
2019/12/16,Mon,0.68900,0.68840,0.69000,0.68670
2019/12/15,Sun,,,,
2019/12/14,Sat,,,,
2019/12/13,Fri,0.69080,0.68750,0.69400,0.68630
2019/12/12,Thu,0.68750,0.69080,0.69150,0.68660
2019/12/11,Wed,0.68090,0.68740,0.68900,0.68040
2019/12/10,Tue,0.68230,0.68090,0.68390,0.67990
2019/12/09,Mon,0.68330,0.68220,0.68420,0.68190
2019/12/08,Sun,,,,
2019/12/07,Sat,,,,
2019/12/06,Fri,0.68330,0.68380,0.68590,0.68220
2019/12/05,Thu,0.68490,0.68330,0.68570,0.68200
2019/12/04,Wed,0.68470,0.68490,0.68570,0.68120
2019/12/03,Tue,0.68180,0.68460,0.68640,0.68140
2019/12/02,Mon,0.67610,0.68170,0.68260,0.67550
2019/12/01,Sun,,,,
2019/11/30,Sat,,,,
2019/11/29,Fri,0.67710,0.67640,0.67810,0.67530
2019/11/28,Thu,0.67760,0.67680,0.67800,0.67590
2019/11/27,Wed,0.67880,0.67750,0.67930,0.67700
2019/11/26,Tue,0.67790,0.67870,0.67970,0.67680
2019/11/25,Mon,0.67930,0.67770,0.68020,0.67670
2019/11/24,Sun,,,,
2019/11/23,Sat,,,,
2019/11/22,Fri,0.67860,0.67860,0.68050,0.67800
2019/11/21,Thu,0.68030,0.67840,0.68160,0.67830
2019/11/20,Wed,0.68260,0.68020,0.68330,0.67890
2019/11/19,Tue,0.68130,0.68250,0.68360,0.67840
2019/11/18,Mon,0.68120,0.68080,0.68250,0.67980
2019/11/17,Sun,,,,
2019/11/16,Sat,,,,
2019/11/15,Fri,0.67870,0.68190,0.68250,0.67790
2019/11/14,Thu,0.68380,0.67860,0.68430,0.67680
2019/11/13,Wed,0.68410,0.68370,0.68590,0.68200
2019/11/12,Tue,0.68510,0.68400,0.68590,0.68300
2019/11/11,Mon,0.68700,0.68490,0.68720,0.68460
2019/11/10,Sun,,,,
2019/11/09,Sat,,,,
2019/11/08,Fri,0.68980,0.68590,0.69070,0.68470
2019/11/07,Thu,0.68840,0.68970,0.69150,0.68610
2019/11/06,Wed,0.68940,0.68820,0.69090,0.68680
2019/11/05,Tue,0.68840,0.68930,0.69300,0.68760
2019/11/04,Mon,0.69090,0.68830,0.69270,0.68760
2019/11/03,Sun,,,,
2019/11/02,Sat,,,,
2019/11/01,Fri,0.68940,0.69130,0.69220,0.68830
2019/10/31,Thu,0.69040,0.68930,0.69300,0.68820
2019/10/30,Wed,0.68640,0.69020,0.69060,0.68480
2019/10/29,Tue,0.68390,0.68640,0.68730,0.68340
2019/10/28,Mon,0.68240,0.68380,0.68470,0.68100
2019/10/27,Sun,,,,
2019/10/26,Sat,,,,
2019/10/25,Fri,0.68200,0.68220,0.68380,0.68080
2019/10/24,Thu,0.68540,0.68170,0.68590,0.68100
2019/10/23,Wed,0.68550,0.68530,0.68640,0.68330
2019/10/22,Tue,0.68680,0.68550,0.68840,0.68490
2019/10/21,Mon,0.68560,0.68660,0.68820,0.68400
2019/10/20,Sun,,,,
2019/10/19,Sat,,,,
2019/10/18,Fri,0.68240,0.68550,0.68580,0.68200
2019/10/17,Thu,0.67580,0.68230,0.68350,0.67520
2019/10/16,Wed,0.67530,0.67560,0.67670,0.67220
2019/10/15,Tue,0.67740,0.67520,0.67890,0.67420
2019/10/14,Mon,0.67850,0.67740,0.68020,0.67500
2019/10/13,Sun,,,,
2019/10/12,Sat,,,,
2019/10/11,Fri,0.67610,0.67870,0.68120,0.67520
2019/10/10,Thu,0.67260,0.67610,0.67760,0.67090
2019/10/09,Wed,0.67280,0.67230,0.67510,0.67220
2019/10/08,Tue,0.67330,0.67280,0.67590,0.67220
2019/10/07,Mon,0.67690,0.67310,0.67720,0.67280
2019/10/06,Sun,,,,
2019/10/05,Sat,,,,
2019/10/04,Fri,0.67430,0.67680,0.67760,0.67380
2019/10/03,Thu,0.67060,0.67410,0.67550,0.67020
2019/10/02,Wed,0.67050,0.67030,0.67200,0.66700
2019/10/01,Tue,0.67500,0.67020,0.67760,0.66710
2019/09/30,Mon,0.67660,0.67490,0.67710,0.67400
2019/09/29,Sun,,,,
2019/09/28,Sat,,,,
2019/09/27,Fri,0.67480,0.67650,0.67810,0.67430
2019/09/26,Thu,0.67520,0.67480,0.67830,0.67450
2019/09/25,Wed,0.68010,0.67500,0.68050,0.67380
2019/09/24,Tue,0.67740,0.67990,0.68070,0.67640
2019/09/23,Mon,0.67710,0.67730,0.67830,0.67630
2019/09/22,Sun,,,,
2019/09/21,Sat,,,,
2019/09/20,Fri,0.67930,0.67680,0.68100,0.67590
2019/09/19,Thu,0.68280,0.67890,0.68340,0.67790
2019/09/18,Wed,0.68660,0.68270,0.68700,0.68120
2019/09/17,Tue,0.68650,0.68640,0.68720,0.68290
2019/09/16,Mon,0.68810,0.68640,0.68880,0.68530
2019/09/15,Sun,,,,
2019/09/14,Sat,,,,
2019/09/13,Fri,0.68660,0.68770,0.68910,0.68580
2019/09/12,Thu,0.68620,0.68660,0.68960,0.68590
2019/09/11,Wed,0.68610,0.68610,0.68860,0.68470
2019/09/10,Tue,0.68620,0.68590,0.68720,0.68470
2019/09/09,Mon,0.68390,0.68610,0.68780,0.68360
2019/09/08,Sun,,,,
2019/09/07,Sat,,,,
2019/09/06,Fri,0.68150,0.68460,0.68630,0.68060
2019/09/05,Thu,0.67970,0.68130,0.68320,0.67930
2019/09/04,Wed,0.67580,0.67960,0.68020,0.67540
2019/09/03,Tue,0.67180,0.67570,0.67650,0.66870
2019/09/02,Mon,0.67220,0.67130,0.67370,0.67090
2019/09/01,Sun,,,,
2019/08/31,Sat,,,,
2019/08/30,Fri,0.67300,0.67360,0.67420,0.67060
2019/08/29,Thu,0.67340,0.67240,0.67550,0.67160
2019/08/28,Wed,0.67520,0.67330,0.67630,0.67320
2019/08/27,Tue,0.67750,0.67510,0.67820,0.67450
2019/08/26,Mon,0.67340,0.67740,0.67890,0.66890
2019/08/25,Sun,,,,
2019/08/24,Sat,,,,
2019/08/23,Fri,0.67570,0.67540,0.67790,0.67360
2019/08/22,Thu,0.67810,0.67560,0.67880,0.67500
2019/08/21,Wed,0.67780,0.67800,0.68010,0.67720
2019/08/20,Tue,0.67650,0.67760,0.67970,0.67530
2019/08/19,Mon,0.67830,0.67620,0.68010,0.67610
2019/08/18,Sun,,,,
2019/08/17,Sat,,,,
2019/08/16,Fri,0.67750,0.67800,0.67970,0.67690
2019/08/15,Thu,0.67480,0.67750,0.67910,0.67450
2019/08/14,Wed,0.68010,0.67470,0.68090,0.67350
2019/08/13,Tue,0.67530,0.68000,0.68200,0.67460
2019/08/12,Mon,0.67890,0.67520,0.67970,0.67440
2019/08/11,Sun,,,,
2019/08/10,Sat,,,,
2019/08/09,Fri,0.68010,0.67870,0.68200,0.67780
2019/08/08,Thu,0.67570,0.68000,0.68230,0.67460
2019/08/07,Wed,0.67610,0.67550,0.67840,0.66770
2019/08/06,Tue,0.67560,0.67600,0.68030,0.67490
2019/08/05,Mon,0.67990,0.67560,0.68060,0.67480
2019/08/04,Sun,,,,
2019/08/03,Sat,,,,
2019/08/02,Fri,0.68010,0.67990,0.68200,0.67630
2019/08/01,Thu,0.68450,0.67990,0.68690,0.67950
2019/07/31,Wed,0.68720,0.68440,0.69010,0.68320
2019/07/30,Tue,0.69020,0.68710,0.69090,0.68680
2019/07/29,Mon,0.69170,0.69010,0.69240,0.68940
2019/07/28,Sun,,,,
2019/07/27,Sat,,,,
2019/07/26,Fri,0.69510,0.69080,0.69570,0.69010
2019/07/25,Thu,0.69770,0.69500,0.69860,0.69410
2019/07/24,Wed,0.70060,0.69760,0.70100,0.69710
2019/07/23,Tue,0.70350,0.70040,0.70370,0.69960
2019/07/22,Mon,0.70450,0.70340,0.70590,0.70300
2019/07/21,Sun,,,,
2019/07/20,Sat,,,,
2019/07/19,Fri,0.70760,0.70420,0.70840,0.70370
2019/07/18,Thu,0.70100,0.70750,0.70780,0.70050
2019/07/17,Wed,0.70130,0.70090,0.70260,0.69950
2019/07/16,Tue,0.70400,0.70120,0.70460,0.70090
2019/07/15,Mon,0.70100,0.70390,0.70410,0.70050
2019/07/14,Sun,,,,
2019/07/13,Sat,,,,
2019/07/12,Fri,0.69750,0.70170,0.70260,0.69700
2019/07/11,Thu,0.69580,0.69730,0.69900,0.69530
2019/07/10,Wed,0.69280,0.69570,0.69700,0.69090
2019/07/09,Tue,0.69720,0.69270,0.69770,0.69200
2019/07/08,Mon,0.69780,0.69700,0.69960,0.69660
2019/07/07,Sun,,,,
2019/07/06,Sat,,,,
2019/07/05,Fri,0.70210,0.69790,0.70300,0.69560
2019/07/04,Thu,0.70300,0.70190,0.70490,0.70140
2019/07/03,Wed,0.69950,0.70280,0.70410,0.69840
2019/07/02,Tue,0.69660,0.69940,0.70020,0.69570
2019/07/01,Mon,0.70240,0.69650,0.70380,0.69550
2019/06/30,Sun,,,,
2019/06/29,Sat,,,,
2019/06/28,Fri,0.70090,0.70200,0.70250,0.69970
2019/06/27,Thu,0.69860,0.70080,0.70100,0.69830
2019/06/26,Wed,0.69590,0.69830,0.69960,0.69520
2019/06/25,Tue,0.69620,0.69570,0.69800,0.69420
2019/06/24,Mon,0.69280,0.69610,0.69700,0.69250
2019/06/23,Sun,,,,
2019/06/22,Sat,,,,
2019/06/21,Fri,0.69220,0.69230,0.69390,0.69020
2019/06/20,Thu,0.68810,0.69220,0.69370,0.68780
2019/06/19,Wed,0.68770,0.68810,0.69100,0.68540
2019/06/18,Tue,0.68530,0.68760,0.68840,0.68300
2019/06/17,Mon,0.68700,0.68520,0.68860,0.68480
2019/06/16,Sun,,,,
2019/06/15,Sat,,,,
2019/06/14,Fri,0.69150,0.68720,0.69200,0.68600
2019/06/13,Thu,0.69280,0.69130,0.69390,0.69000
2019/06/12,Wed,0.69620,0.69280,0.69650,0.69240
2019/06/11,Tue,0.69650,0.69600,0.69680,0.69460
2019/06/10,Mon,0.70070,0.69610,0.70240,0.69560
2019/06/09,Sun,,,,
2019/06/08,Sat,,,,
2019/06/07,Fri,0.69770,0.69980,0.70240,0.69630
2019/06/06,Thu,0.69700,0.69760,0.69950,0.69620
2019/06/05,Wed,0.69910,0.69690,0.70090,0.69610
2019/06/04,Tue,0.69770,0.69900,0.70060,0.69570
2019/06/03,Mon,0.69340,0.69760,0.69840,0.69240
2019/06/02,Sun,,,,
2019/06/01,Sat,,,,
2019/05/31,Fri,0.69140,0.69380,0.69460,0.69000
2019/05/30,Thu,0.69180,0.69110,0.69380,0.68980
2019/05/29,Wed,0.69230,0.69170,0.69330,0.69030
2019/05/28,Tue,0.69210,0.69220,0.69370,0.69150
2019/05/27,Mon,0.69300,0.69170,0.69410,0.69120
2019/05/26,Sun,,,,
2019/05/25,Sat,,,,
2019/05/24,Fri,0.69010,0.69230,0.69360,0.68800
2019/05/23,Thu,0.68810,0.68990,0.69020,0.68640
2019/05/22,Wed,0.68840,0.68800,0.68980,0.68700
2019/05/21,Tue,0.69080,0.68830,0.69300,0.68650
2019/05/20,Mon,0.69270,0.69060,0.69400,0.68880
2019/05/19,Sun,,,,
2019/05/18,Sat,,,,
2019/05/17,Fri,0.68930,0.68680,0.68990,0.68640
2019/05/16,Thu,0.69280,0.68920,0.69350,0.68860
2019/05/15,Wed,0.69440,0.69270,0.69490,0.69140
2019/05/14,Tue,0.69450,0.69410,0.69610,0.69340
2019/05/13,Mon,0.70010,0.69430,0.70070,0.69400
2019/05/12,Sun,,,,
2019/05/11,Sat,,,,
2019/05/10,Fri,0.69890,0.70000,0.70200,0.69790
2019/05/09,Thu,0.69890,0.69880,0.70000,0.69640
2019/05/08,Wed,0.70130,0.69880,0.70280,0.69850
2019/05/07,Tue,0.69900,0.70110,0.70490,0.69810
2019/05/06,Mon,0.69840,0.69890,0.70040,0.69620
2019/05/05,Sun,,,,
2019/05/04,Sat,,,,
2019/05/03,Fri,0.70030,0.70230,0.70260,0.69840
2019/05/02,Thu,0.70150,0.70000,0.70300,0.69940
2019/05/01,Wed,0.70500,0.70130,0.70630,0.70060
2019/04/30,Tue,0.70570,0.70480,0.70710,0.70300
2019/04/29,Mon,0.70430,0.70550,0.70620,0.70300
2019/04/28,Sun,,,,
2019/04/27,Sat,,,,
2019/04/26,Fri,0.70170,0.70390,0.70630,0.70070
2019/04/25,Thu,0.70150,0.70130,0.70240,0.69870
2019/04/24,Wed,0.71020,0.70150,0.71040,0.70040
2019/04/23,Tue,0.71340,0.71010,0.71410,0.70800
2019/04/22,Mon,0.71500,0.71330,0.71610,0.71280
2019/04/21,Sun,,,,
2019/04/20,Sat,,,,
2019/04/19,Fri,0.71520,0.71520,0.71610,0.71430
2019/04/18,Thu,0.71790,0.71500,0.72000,0.71350
2019/04/17,Wed,0.71750,0.71780,0.72070,0.71520
2019/04/16,Tue,0.71740,0.71750,0.71810,0.71390
2019/04/15,Mon,0.71730,0.71730,0.71850,0.71630
2019/04/14,Sun,,,,
2019/04/13,Sat,,,,
2019/04/12,Fri,0.71240,0.71710,0.71930,0.71150
2019/04/11,Thu,0.71710,0.71230,0.71730,0.71150
2019/04/10,Wed,0.71230,0.71700,0.71760,0.71090
2019/04/09,Tue,0.71270,0.71220,0.71530,0.71180
2019/04/08,Mon,0.71010,0.71260,0.71330,0.70870
2019/04/07,Sun,,,,
2019/04/06,Sat,,,,
2019/04/05,Fri,0.71120,0.71050,0.71320,0.70910
2019/04/04,Thu,0.71130,0.71110,0.71290,0.70970
2019/04/03,Wed,0.70710,0.71120,0.71310,0.70530
2019/04/02,Tue,0.71120,0.70700,0.71310,0.70510
2019/04/01,Mon,0.71160,0.71110,0.71330,0.71020
2019/03/31,Sun,,,,
2019/03/30,Sat,,,,
2019/03/29,Fri,0.70770,0.70940,0.71060,0.70710
2019/03/28,Thu,0.70850,0.70750,0.71080,0.70630
2019/03/27,Wed,0.71340,0.70840,0.71430,0.70670
2019/03/26,Tue,0.71120,0.71340,0.71490,0.71060
2019/03/25,Mon,0.70790,0.71110,0.71180,0.70650
2019/03/24,Sun,,,,
2019/03/23,Sat,,,,
2019/03/22,Fri,0.71120,0.70820,0.71210,0.70750
2019/03/21,Thu,0.71160,0.71110,0.71690,0.70890
2019/03/20,Wed,0.70860,0.71150,0.71510,0.70560
2019/03/19,Tue,0.71040,0.70870,0.71120,0.70840
2019/03/18,Mon,0.70810,0.71020,0.71210,0.70760
2019/03/17,Sun,,,,
2019/03/16,Sat,,,,
2019/03/15,Fri,0.70640,0.70870,0.70990,0.70600
2019/03/14,Thu,0.70940,0.70640,0.70990,0.70410
2019/03/13,Wed,0.70820,0.70930,0.71000,0.70490
2019/03/12,Tue,0.70710,0.70800,0.70940,0.70570
2019/03/11,Mon,0.70440,0.70690,0.70790,0.70250
2019/03/10,Sun,,,,
2019/03/09,Sat,,,,
2019/03/08,Fri,0.70150,0.70450,0.70540,0.70020
2019/03/07,Thu,0.70320,0.70130,0.70520,0.70040
2019/03/06,Wed,0.70840,0.70320,0.70940,0.70200
2019/03/05,Tue,0.70920,0.70820,0.70980,0.70580
2019/03/04,Mon,0.70820,0.70920,0.71210,0.70740
2019/03/03,Sun,,,,
2019/03/02,Sat,,,,
2019/03/01,Fri,0.70940,0.70800,0.71230,0.70690
2019/02/28,Thu,0.71390,0.70940,0.71680,0.70900
2019/02/27,Wed,0.71860,0.71380,0.72000,0.71270
2019/02/26,Tue,0.71670,0.71860,0.71960,0.71410
2019/02/25,Mon,0.71260,0.71650,0.71860,0.71210
2019/02/24,Sun,,,,
2019/02/23,Sat,,,,
2019/02/22,Fri,0.70910,0.71270,0.71510,0.70830
2019/02/21,Thu,0.71640,0.70920,0.72090,0.70700
2019/02/20,Wed,0.71660,0.71630,0.71840,0.71400
2019/02/19,Tue,0.71310,0.71630,0.71750,0.71020
2019/02/18,Mon,0.71400,0.71300,0.71620,0.71240
2019/02/17,Sun,,,,
2019/02/16,Sat,,,,
2019/02/15,Fri,0.71060,0.71390,0.71500,0.70790
2019/02/14,Thu,0.70890,0.71050,0.71330,0.70720
2019/02/13,Wed,0.70920,0.70880,0.71380,0.70850
2019/02/12,Tue,0.70630,0.70930,0.71040,0.70520
2019/02/11,Mon,0.70880,0.70590,0.71110,0.70560
2019/02/10,Sun,,,,
2019/02/09,Sat,,,,
2019/02/08,Fri,0.71010,0.70880,0.71070,0.70600
2019/02/07,Thu,0.71060,0.70990,0.71190,0.70880
2019/02/06,Wed,0.72340,0.71030,0.72470,0.71030
2019/02/05,Tue,0.72260,0.72340,0.72660,0.71920
2019/02/04,Mon,0.72460,0.72240,0.72560,0.72100
2019/02/03,Sun,,,,
2019/02/02,Sat,,,,
2019/02/01,Fri,0.72760,0.72490,0.72860,0.72350
2019/01/31,Thu,0.72470,0.72720,0.72970,0.72410
2019/01/30,Wed,0.71550,0.72460,0.72740,0.71490
2019/01/29,Tue,0.71660,0.71530,0.71780,0.71380
2019/01/28,Mon,0.71870,0.71650,0.72050,0.71600
2019/01/27,Sun,,,,
2019/01/26,Sat,,,,
2019/01/25,Fri,0.70980,0.71820,0.71870,0.70750
2019/01/24,Thu,0.71430,0.70940,0.71680,0.70800
2019/01/23,Wed,0.71240,0.71410,0.71460,0.71160
2019/01/22,Tue,0.71600,0.71220,0.71620,0.71150
2019/01/21,Mon,0.71660,0.71580,0.71890,0.71390
2019/01/20,Sun,,,,
2019/01/19,Sat,,,,
2019/01/18,Fri,0.71930,0.71670,0.72150,0.71610
2019/01/17,Thu,0.71680,0.71910,0.72230,0.71460
2019/01/16,Wed,0.72020,0.71660,0.72130,0.71610
2019/01/15,Tue,0.71960,0.72000,0.72270,0.71790
2019/01/14,Mon,0.72050,0.71950,0.72190,0.71750
2019/01/13,Sun,,,,
2019/01/12,Sat,,,,
2019/01/11,Fri,0.71850,0.72150,0.72370,0.71810
2019/01/10,Thu,0.71710,0.71850,0.71990,0.71450
2019/01/09,Wed,0.71410,0.71700,0.71950,0.71330
2019/01/08,Tue,0.71490,0.71390,0.71510,0.71160
2019/01/07,Mon,0.71160,0.71470,0.71510,0.71090
2019/01/06,Sun,,,,
2019/01/05,Sat,,,,
2019/01/04,Fri,0.70060,0.71120,0.71260,0.69930
2019/01/03,Thu,0.69850,0.70050,0.70210,0.67430
2019/01/02,Wed,0.70530,0.69840,0.70550,0.69810
2019/01/01,Tue,0.70480,0.70520,0.70690,0.70450
2018/12/31,Mon,0.70510,0.70490,0.70730,0.70310
2018/12/30,Sun,,,,
2018/12/29,Sat,,,,
2018/12/28,Fri,0.70340,0.70410,0.70710,0.70260
2018/12/27,Thu,0.70680,0.70330,0.70790,0.70160
2018/12/26,Wed,0.70390,0.70650,0.70720,0.70310
2018/12/25,Tue,0.70540,0.70370,0.70710,0.70320
2018/12/24,Mon,0.70370,0.70570,0.70710,0.70320
2018/12/23,Sun,,,,
2018/12/22,Sat,,,,
2018/12/21,Fri,0.71110,0.70320,0.71250,0.70300
2018/12/20,Thu,0.71090,0.71090,0.71500,0.70850
2018/12/19,Wed,0.71810,0.71070,0.72020,0.70870
2018/12/18,Tue,0.71810,0.71800,0.72050,0.71640
2018/12/17,Mon,0.71820,0.71720,0.71890,0.71670
2018/12/16,Sun,,,,
2018/12/15,Sat,,,,
2018/12/14,Fri,0.72290,0.71760,0.72310,0.71510
2018/12/13,Thu,0.72200,0.72260,0.72490,0.72110
2018/12/12,Wed,0.72070,0.72190,0.72400,0.71980
2018/12/11,Tue,0.71910,0.72060,0.72260,0.71840
2018/12/10,Mon,0.71920,0.71890,0.72290,0.71690
2018/12/09,Sun,,,,
2018/12/08,Sat,,,,
2018/12/07,Fri,0.72380,0.71990,0.72430,0.71980
2018/12/06,Thu,0.72710,0.72350,0.72750,0.71920
2018/12/05,Wed,0.73370,0.72680,0.73570,0.72590
2018/12/04,Tue,0.73580,0.73370,0.73940,0.73260
2018/12/03,Mon,0.73680,0.73550,0.73940,0.73450
2018/12/02,Sun,,,,
2018/12/01,Sat,,,,
2018/11/30,Fri,0.73190,0.73150,0.73280,0.72840
2018/11/29,Thu,0.73050,0.73180,0.73460,0.72930
2018/11/28,Wed,0.72260,0.73040,0.73290,0.72210
2018/11/27,Tue,0.72210,0.72230,0.72710,0.71980
2018/11/26,Mon,0.72320,0.72200,0.72780,0.72120
2018/11/25,Sun,,,,
2018/11/24,Sat,,,,
2018/11/23,Fri,0.72540,0.72340,0.72590,0.72180
2018/11/22,Thu,0.72630,0.72540,0.72700,0.72330
2018/11/21,Wed,0.72130,0.72610,0.72790,0.72020
2018/11/20,Tue,0.72940,0.72130,0.73020,0.72120
2018/11/19,Mon,0.73260,0.72930,0.73330,0.72760
2018/11/18,Sun,,,,
2018/11/17,Sat,,,,
2018/11/16,Fri,0.72770,0.73340,0.73390,0.72490
2018/11/15,Thu,0.72310,0.72760,0.73000,0.72280
2018/11/14,Wed,0.72190,0.72340,0.72540,0.71870
2018/11/13,Tue,0.71730,0.72170,0.72260,0.71630
2018/11/12,Mon,0.72240,0.71720,0.72390,0.71710
2018/11/11,Sun,,,,
2018/11/10,Sat,,,,
2018/11/09,Fri,0.72550,0.72240,0.72720,0.72180
2018/11/08,Thu,0.72800,0.72560,0.73040,0.72460
2018/11/07,Wed,0.72490,0.72740,0.73010,0.72120
2018/11/06,Tue,0.72110,0.72460,0.72480,0.72040
2018/11/05,Mon,0.72000,0.72090,0.72190,0.71810
2018/11/04,Sun,,,,
2018/11/03,Sat,,,,
2018/11/02,Fri,0.72060,0.71970,0.72600,0.71810
2018/11/01,Thu,0.70730,0.72050,0.72130,0.70710
2018/10/31,Wed,0.71060,0.70730,0.71080,0.70670
2018/10/30,Tue,0.70580,0.71050,0.71240,0.70530
2018/10/29,Mon,0.70870,0.70550,0.71100,0.70500
2018/10/28,Sun,,,,
2018/10/27,Sat,,,,
2018/10/26,Fri,0.70810,0.70940,0.71060,0.70200
2018/10/25,Thu,0.70590,0.70790,0.71010,0.70560
2018/10/24,Wed,0.70860,0.70580,0.71080,0.70580
2018/10/23,Tue,0.70810,0.70840,0.70910,0.70540
2018/10/22,Mon,0.71110,0.70790,0.71290,0.70750
2018/10/21,Sun,,,,
2018/10/20,Sat,,,,
2018/10/19,Fri,0.70990,0.71200,0.71510,0.70890
2018/10/18,Thu,0.71080,0.70990,0.71520,0.70960
2018/10/17,Wed,0.71410,0.71080,0.71610,0.71050
2018/10/16,Tue,0.71290,0.71400,0.71520,0.71110
2018/10/15,Mon,0.71130,0.71300,0.71500,0.70980
2018/10/14,Sun,,,,
2018/10/13,Sat,,,,
2018/10/12,Fri,0.71230,0.71170,0.71410,0.71010
2018/10/11,Thu,0.70540,0.71230,0.71310,0.70450
2018/10/10,Wed,0.71030,0.70600,0.71310,0.70430
2018/10/09,Tue,0.70790,0.71020,0.71070,0.70530
2018/10/08,Mon,0.70530,0.70760,0.70830,0.70410
2018/10/07,Sun,,,,
2018/10/06,Sat,,,,
2018/10/05,Fri,0.70750,0.70510,0.70890,0.70410
2018/10/04,Thu,0.71040,0.70720,0.71150,0.70640
2018/10/03,Wed,0.71890,0.71020,0.71980,0.71010
2018/10/02,Tue,0.72260,0.71860,0.72390,0.71620
2018/10/01,Mon,0.72320,0.72230,0.72340,0.72050
2018/09/30,Sun,,,,
2018/09/29,Sat,,,,
2018/09/28,Fri,0.72080,0.72280,0.72430,0.72010
2018/09/27,Thu,0.72580,0.72060,0.72710,0.72040
2018/09/26,Wed,0.72510,0.72560,0.73160,0.72400
2018/09/25,Tue,0.72520,0.72500,0.72650,0.72350
2018/09/24,Mon,0.72720,0.72520,0.72830,0.72480
2018/09/23,Sun,,,,
2018/09/22,Sat,,,,
2018/09/21,Fri,0.72920,0.72890,0.73050,0.72620
2018/09/20,Thu,0.72620,0.72890,0.72940,0.72530
2018/09/19,Wed,0.72180,0.72630,0.72770,0.72120
2018/09/18,Tue,0.71810,0.72180,0.72250,0.71430
2018/09/17,Mon,0.71520,0.71800,0.71980,0.71410
2018/09/16,Sun,,,,
2018/09/15,Sat,,,,
2018/09/14,Fri,0.71930,0.71500,0.72180,0.71500
2018/09/13,Thu,0.71680,0.71920,0.72310,0.71650
2018/09/12,Wed,0.71250,0.71680,0.71840,0.70920
2018/09/11,Tue,0.71150,0.71220,0.71300,0.70840
2018/09/10,Mon,0.71160,0.71140,0.71330,0.70970
2018/09/09,Sun,,,,
2018/09/08,Sat,,,,
2018/09/07,Fri,0.72050,0.71060,0.72070,0.70980
2018/09/06,Thu,0.71890,0.72010,0.72120,0.71650
2018/09/05,Wed,0.71770,0.71890,0.72200,0.71440
2018/09/04,Tue,0.72130,0.71770,0.72370,0.71570
2018/09/03,Mon,0.71970,0.72110,0.72250,0.71660
2018/09/02,Sun,,,,
2018/09/01,Sat,,,,
2018/08/31,Fri,0.72660,0.71900,0.72690,0.71750
2018/08/30,Thu,0.73110,0.72630,0.73160,0.72480
2018/08/29,Wed,0.73380,0.73080,0.73510,0.72740
2018/08/28,Tue,0.73520,0.73370,0.73640,0.73210
2018/08/27,Mon,0.73200,0.73500,0.73580,0.73070
2018/08/26,Sun,,,,
2018/08/25,Sat,,,,
2018/08/24,Fri,0.72440,0.73240,0.73460,0.72370
2018/08/23,Thu,0.73500,0.72430,0.73540,0.72400
2018/08/22,Wed,0.73720,0.73460,0.73720,0.73330
2018/08/21,Tue,0.73400,0.73690,0.73830,0.73320
2018/08/20,Mon,0.73110,0.73390,0.73450,0.72940
2018/08/19,Sun,,,,
2018/08/18,Sat,,,,
2018/08/17,Fri,0.72620,0.73100,0.73220,0.72520
2018/08/16,Thu,0.72390,0.72590,0.72890,0.72210
2018/08/15,Wed,0.72470,0.72370,0.72490,0.72020
2018/08/14,Tue,0.72700,0.72440,0.72850,0.72230
2018/08/13,Mon,0.72910,0.72680,0.73020,0.72490
2018/08/12,Sun,,,,
2018/08/11,Sat,,,,
2018/08/10,Fri,0.73720,0.73010,0.73820,0.72800
2018/08/09,Thu,0.74340,0.73700,0.74540,0.73710
2018/08/08,Wed,0.74200,0.74310,0.74410,0.73820
2018/08/07,Tue,0.73870,0.74200,0.74410,0.73810
2018/08/06,Mon,0.74060,0.73860,0.74100,0.73730
2018/08/05,Sun,,,,
2018/08/04,Sat,,,,
2018/08/03,Fri,0.73610,0.73990,0.74130,0.73470
2018/08/02,Thu,0.74060,0.73580,0.74130,0.73540
2018/08/01,Wed,0.74270,0.74030,0.74310,0.73900
2018/07/31,Tue,0.74080,0.74260,0.74420,0.74030
2018/07/30,Mon,0.73890,0.74040,0.74140,0.73860
2018/07/29,Sun,,,,
2018/07/28,Sat,,,,
2018/07/27,Fri,0.73760,0.74000,0.74160,0.73690
2018/07/26,Thu,0.74550,0.73760,0.74650,0.73710
2018/07/25,Wed,0.74250,0.74530,0.74660,0.73910
2018/07/24,Tue,0.73830,0.74200,0.74350,0.73590
2018/07/23,Mon,0.74110,0.73790,0.74400,0.73710
2018/07/22,Sun,,,,
2018/07/21,Sat,,,,
2018/07/20,Fri,0.73560,0.74210,0.74330,0.73180
2018/07/19,Thu,0.73980,0.73580,0.74430,0.73220
2018/07/18,Wed,0.73890,0.73970,0.74090,0.73420
2018/07/17,Tue,0.74200,0.73860,0.74400,0.73760
2018/07/16,Mon,0.74070,0.74180,0.74440,0.74060
2018/07/15,Sun,,,,
2018/07/14,Sat,,,,
2018/07/13,Fri,0.74080,0.74230,0.74260,0.73670
2018/07/12,Thu,0.73670,0.74060,0.74210,0.73590
2018/07/11,Wed,0.74610,0.73650,0.74620,0.73630
2018/07/10,Tue,0.74680,0.74580,0.74860,0.74290
2018/07/09,Mon,0.74310,0.74660,0.74850,0.74250
2018/07/08,Sun,,,,
2018/07/07,Sat,,,,
2018/07/06,Fri,0.73870,0.74310,0.74460,0.73760
2018/07/05,Thu,0.73830,0.73860,0.74100,0.73610
2018/07/04,Wed,0.73840,0.73800,0.74260,0.73730
2018/07/03,Tue,0.73400,0.73850,0.74060,0.73130
2018/07/02,Mon,0.73960,0.73390,0.74160,0.73100
2018/07/01,Sun,,,,
2018/06/30,Sat,,,,
2018/06/29,Fri,0.73520,0.74020,0.74110,0.73340
2018/06/28,Thu,0.73420,0.73520,0.73640,0.73290
2018/06/27,Wed,0.73940,0.73400,0.74090,0.73240
2018/06/26,Tue,0.74130,0.73930,0.74250,0.73790
2018/06/25,Mon,0.74440,0.74130,0.74460,0.73950
2018/06/24,Sun,,,,
2018/06/23,Sat,,,,
2018/06/22,Fri,0.73780,0.74390,0.74450,0.73730
2018/06/21,Thu,0.73680,0.73790,0.73950,0.73440
2018/06/20,Wed,0.73810,0.73670,0.74100,0.73660
2018/06/19,Tue,0.74240,0.73810,0.74290,0.73460
2018/06/18,Mon,0.74560,0.74210,0.74590,0.74130
2018/06/17,Sun,,,,
2018/06/16,Sat,,,,
2018/06/15,Fri,0.74790,0.74400,0.74820,0.74380
2018/06/14,Thu,0.75790,0.74780,0.75840,0.74740
2018/06/13,Wed,0.75710,0.75760,0.76110,0.75290
2018/06/12,Tue,0.76120,0.75710,0.76250,0.75650
2018/06/11,Mon,0.76080,0.76090,0.76230,0.75670
2018/06/10,Sun,,,,
2018/06/09,Sat,,,,
2018/06/08,Fri,0.76240,0.75990,0.76290,0.75600
2018/06/07,Thu,0.76670,0.76250,0.76750,0.76120
2018/06/06,Wed,0.76160,0.76660,0.76780,0.76120
2018/06/05,Tue,0.76520,0.76150,0.76570,0.75940
2018/06/04,Mon,0.75640,0.76430,0.76680,0.75550
2018/06/03,Sun,,,,
2018/06/02,Sat,,,,
2018/06/01,Fri,0.75690,0.75660,0.75750,0.75140
2018/05/31,Thu,0.75790,0.75670,0.75950,0.75520
2018/05/30,Wed,0.75050,0.75750,0.75850,0.74750
2018/05/29,Tue,0.75460,0.75040,0.75540,0.74970
2018/05/28,Mon,0.75500,0.75440,0.75830,0.75400
2018/05/27,Sun,,,,
2018/05/26,Sat,,,,
2018/05/25,Fri,0.75760,0.75480,0.75920,0.75410
2018/05/24,Thu,0.75610,0.75740,0.75840,0.75410
2018/05/23,Wed,0.75760,0.75590,0.75840,0.75220
2018/05/22,Tue,0.75830,0.75750,0.76070,0.75650
2018/05/21,Mon,0.75250,0.75810,0.75880,0.75020
2018/05/20,Sun,,,,
2018/05/19,Sat,,,,
2018/05/18,Fri,0.75130,0.75110,0.75300,0.74880
2018/05/17,Thu,0.75160,0.75090,0.75490,0.74970
2018/05/16,Wed,0.74720,0.75140,0.75240,0.74470
2018/05/15,Tue,0.75260,0.74710,0.75390,0.74470
2018/05/14,Mon,0.75430,0.75250,0.75660,0.75240
2018/05/13,Sun,,,,
2018/05/12,Sat,,,,
2018/05/11,Fri,0.75330,0.75420,0.75680,0.75210
2018/05/10,Thu,0.74650,0.75320,0.75410,0.74500
2018/05/09,Wed,0.74550,0.74620,0.74740,0.74120
2018/05/08,Tue,0.75220,0.74500,0.75300,0.74330
2018/05/07,Mon,0.75270,0.75160,0.75460,0.74920
2018/05/06,Sun,,,,
2018/05/05,Sat,,,,
2018/05/04,Fri,0.75320,0.75400,0.75620,0.74910
2018/05/03,Thu,0.74940,0.75290,0.75440,0.74840
2018/05/02,Wed,0.74900,0.74940,0.75390,0.74740
2018/05/01,Tue,0.75310,0.74890,0.75480,0.74720
2018/04/30,Mon,0.75750,0.75310,0.75850,0.75240
2018/04/29,Sun,,,,
2018/04/28,Sat,,,,
2018/04/27,Fri,0.75550,0.75810,0.75850,0.75320
2018/04/26,Thu,0.75640,0.75550,0.75910,0.75460
2018/04/25,Wed,0.76040,0.75630,0.76080,0.75510
2018/04/24,Tue,0.76050,0.76030,0.76220,0.75780
2018/04/23,Mon,0.76690,0.76040,0.76840,0.75990
2018/04/22,Sun,,,,
2018/04/21,Sat,,,,
2018/04/20,Fri,0.77310,0.76720,0.77340,0.76540
2018/04/19,Thu,0.77860,0.77280,0.78140,0.77170
2018/04/18,Wed,0.77680,0.77820,0.77980,0.77440
2018/04/17,Tue,0.77800,0.77640,0.77930,0.77590
2018/04/16,Mon,0.77690,0.77780,0.77850,0.77520
2018/04/15,Sun,,,,
2018/04/14,Sat,,,,
2018/04/13,Fri,0.77560,0.77660,0.78110,0.77520
2018/04/12,Thu,0.77550,0.77540,0.77730,0.77370
2018/04/11,Wed,0.77630,0.77540,0.77750,0.77380
2018/04/10,Tue,0.77000,0.77590,0.77700,0.76930
2018/04/09,Mon,0.76760,0.76970,0.77130,0.76510
2018/04/08,Sun,,,,
2018/04/07,Sat,,,,
2018/04/06,Fri,0.76820,0.76750,0.77010,0.76560
2018/04/05,Thu,0.77170,0.76840,0.77280,0.76730
2018/04/04,Wed,0.76840,0.77160,0.77230,0.76620
2018/04/03,Tue,0.76620,0.76830,0.77090,0.76510
2018/04/02,Mon,0.76890,0.76620,0.77000,0.76490
2018/04/01,Sun,,,,
2018/03/31,Sat,,,,
2018/03/30,Fri,0.76770,0.76780,0.77080,0.76720
2018/03/29,Thu,0.76620,0.76770,0.76910,0.76420
2018/03/28,Wed,0.76800,0.76590,0.77040,0.76530
2018/03/27,Tue,0.77470,0.76770,0.77590,0.76740
2018/03/26,Mon,0.77100,0.77460,0.77520,0.76930
2018/03/25,Sun,,,,
2018/03/24,Sat,,,,
2018/03/23,Fri,0.76930,0.76960,0.77450,0.76870
2018/03/22,Thu,0.77660,0.76910,0.77850,0.76870
2018/03/21,Wed,0.76840,0.77650,0.77810,0.76710
2018/03/20,Tue,0.77180,0.76820,0.77230,0.76770
2018/03/19,Mon,0.77210,0.77170,0.77280,0.76860
2018/03/18,Sun,,,,
2018/03/17,Sat,,,,
2018/03/16,Fri,0.77990,0.77150,0.78060,0.77090
2018/03/15,Thu,0.78780,0.77980,0.78870,0.77930
2018/03/14,Wed,0.78600,0.78770,0.79170,0.78500
2018/03/13,Tue,0.78730,0.78570,0.78990,0.78450
2018/03/12,Mon,0.78530,0.78720,0.78810,0.78440
2018/03/11,Sun,,,,
2018/03/10,Sat,,,,
2018/03/09,Fri,0.77920,0.78490,0.78550,0.77760
2018/03/08,Thu,0.78260,0.77890,0.78400,0.77710
2018/03/07,Wed,0.78300,0.78230,0.78320,0.77710
2018/03/06,Tue,0.77660,0.78270,0.78440,0.77550
2018/03/05,Mon,0.77680,0.77640,0.77800,0.77250
2018/03/04,Sun,,,,
2018/03/03,Sat,,,,
2018/03/02,Fri,0.77570,0.77620,0.77760,0.77360
2018/03/01,Thu,0.77620,0.77540,0.77710,0.77120
2018/02/28,Wed,0.77890,0.77610,0.78210,0.77590
2018/02/27,Tue,0.78570,0.77890,0.78700,0.77820
2018/02/26,Mon,0.78420,0.78540,0.78950,0.78250
2018/02/25,Sun,,,,
2018/02/24,Sat,,,,
2018/02/23,Fri,0.78460,0.78420,0.78490,0.78040
2018/02/22,Thu,0.78040,0.78450,0.78610,0.77900
2018/02/21,Wed,0.78840,0.78030,0.79030,0.78020
2018/02/20,Tue,0.79130,0.78810,0.79350,0.78730
2018/02/19,Mon,0.79130,0.79110,0.79370,0.78970
2018/02/18,Sun,,,,
2018/02/17,Sat,,,,
2018/02/16,Fri,0.79460,0.79100,0.79900,0.78920
2018/02/15,Thu,0.79250,0.79430,0.79680,0.78910
2018/02/14,Wed,0.78610,0.79230,0.79360,0.77730
2018/02/13,Tue,0.78630,0.78590,0.78770,0.78270
2018/02/12,Mon,0.78100,0.78580,0.78650,0.77990
2018/02/11,Sun,,,,
2018/02/10,Sat,,,,
2018/02/09,Fri,0.77810,0.78120,0.78320,0.77580
2018/02/08,Thu,0.78240,0.77790,0.78450,0.77750
2018/02/07,Wed,0.79060,0.78210,0.79110,0.78160
2018/02/06,Tue,0.78780,0.79050,0.79120,0.78340
2018/02/05,Mon,0.79280,0.78770,0.79550,0.78740
2018/02/04,Sun,,,,
2018/02/03,Sat,,,,
2018/02/02,Fri,0.80400,0.79200,0.80450,0.79180
2018/02/01,Thu,0.80560,0.80380,0.80690,0.79870
2018/01/31,Wed,0.80850,0.80540,0.81180,0.80340
2018/01/30,Tue,0.80950,0.80820,0.81150,0.80420
2018/01/29,Mon,0.81200,0.80920,0.81240,0.80740
2018/01/28,Sun,,,,
2018/01/27,Sat,,,,
2018/01/26,Fri,0.80260,0.81090,0.81370,0.80040
2018/01/25,Thu,0.80610,0.80280,0.81200,0.80110
2018/01/24,Wed,0.80020,0.80610,0.80840,0.79920
2018/01/23,Tue,0.80160,0.79960,0.80310,0.79560
2018/01/22,Mon,0.79940,0.80170,0.80290,0.79780
2018/01/21,Sun,,,,
2018/01/20,Sat,,,,
2018/01/19,Fri,0.80020,0.79900,0.80400,0.79840
2018/01/18,Thu,0.79700,0.79980,0.80080,0.79410
2018/01/17,Wed,0.79600,0.79690,0.80240,0.79390
2018/01/16,Tue,0.79650,0.79600,0.79760,0.79370
2018/01/15,Mon,0.79060,0.79630,0.79800,0.78960
2018/01/14,Sun,,,,
2018/01/13,Sat,,,,
2018/01/12,Fri,0.78910,0.79120,0.79170,0.78470
2018/01/11,Thu,0.78430,0.78900,0.78960,0.78370
2018/01/10,Wed,0.78230,0.78420,0.78680,0.78070
2018/01/09,Tue,0.78420,0.78230,0.78660,0.78060
2018/01/08,Mon,0.78510,0.78400,0.78740,0.78260
2018/01/07,Sun,,,,
2018/01/06,Sat,,,,
2018/01/05,Fri,0.78620,0.78620,0.78760,0.78340
2018/01/04,Thu,0.78370,0.78630,0.78680,0.78130
2018/01/03,Wed,0.78300,0.78350,0.78460,0.78040
2018/01/02,Tue,0.78050,0.78290,0.78460,0.77940
2018/01/01,Mon,0.78020,0.78030,0.78110,0.77980
2017/12/31,Sun,,,,
2017/12/30,Sat,,,,
2017/12/29,Fri,0.77950,0.78010,0.78260,0.77870
2017/12/28,Thu,0.77670,0.77960,0.78110,0.77640
2017/12/27,Wed,0.77270,0.77670,0.77800,0.77230
2017/12/26,Tue,0.77140,0.77270,0.77310,0.77120
2017/12/25,Mon,0.77170,0.77150,0.77320,0.77080
2017/12/24,Sun,,,,
2017/12/23,Sat,,,,
2017/12/22,Fri,0.77020,0.77150,0.77220,0.76990
2017/12/21,Thu,0.76670,0.77000,0.77090,0.76530
2017/12/20,Wed,0.76640,0.76660,0.76810,0.76500
2017/12/19,Tue,0.76640,0.76640,0.76850,0.76450
2017/12/18,Mon,0.76460,0.76610,0.76790,0.76400
2017/12/17,Sun,,,,
2017/12/16,Sat,,,,
2017/12/15,Fri,0.76660,0.76440,0.76960,0.76360
2017/12/14,Thu,0.76370,0.76650,0.76810,0.76270
2017/12/13,Wed,0.75580,0.76360,0.76410,0.75510
2017/12/12,Tue,0.75260,0.75570,0.75820,0.75180
2017/12/11,Mon,0.75120,0.75240,0.75460,0.75020
2017/12/10,Sun,,,,
2017/12/09,Sat,,,,
2017/12/08,Fri,0.75110,0.75040,0.75340,0.75000
2017/12/07,Thu,0.75640,0.75110,0.75710,0.75040
2017/12/06,Wed,0.76070,0.75630,0.76180,0.75580
2017/12/05,Tue,0.75980,0.76040,0.76550,0.75950
2017/12/04,Mon,0.76120,0.75980,0.76180,0.75780
2017/12/03,Sun,,,,
2017/12/02,Sat,,,,
2017/12/01,Fri,0.75680,0.76090,0.76400,0.75500
2017/11/30,Thu,0.75720,0.75660,0.75950,0.75550
2017/11/29,Wed,0.75970,0.75700,0.76090,0.75520
2017/11/28,Tue,0.76030,0.75940,0.76220,0.75870
2017/11/27,Mon,0.76210,0.76010,0.76460,0.75920
2017/11/26,Sun,,,,
2017/11/25,Sat,,,,
2017/11/24,Fri,0.76250,0.76120,0.76340,0.76060
2017/11/23,Thu,0.76160,0.76220,0.76400,0.76020
2017/11/22,Wed,0.75780,0.76160,0.76250,0.75540
2017/11/21,Tue,0.75500,0.75780,0.75910,0.75310
2017/11/20,Mon,0.75630,0.75490,0.75750,0.75430
2017/11/19,Sun,,,,
2017/11/18,Sat,,,,
2017/11/17,Fri,0.75880,0.75650,0.76100,0.75350
2017/11/16,Thu,0.75900,0.75870,0.76100,0.75700
2017/11/15,Wed,0.76310,0.75870,0.76340,0.75720
2017/11/14,Tue,0.76230,0.76290,0.76510,0.76090
2017/11/13,Mon,0.76560,0.76210,0.76720,0.76150
2017/11/12,Sun,,,,
2017/11/11,Sat,,,,
2017/11/10,Fri,0.76800,0.76610,0.76960,0.76530
2017/11/09,Thu,0.76770,0.76780,0.76950,0.76480
2017/11/08,Wed,0.76430,0.76750,0.76860,0.76380
2017/11/07,Tue,0.76910,0.76440,0.77020,0.76260
2017/11/06,Mon,0.76530,0.76900,0.76930,0.76370
2017/11/05,Sun,,,,
2017/11/04,Sat,,,,
2017/11/03,Fri,0.77130,0.76500,0.77190,0.76380
2017/11/02,Thu,0.76750,0.77120,0.77310,0.76720
2017/11/01,Wed,0.76570,0.76750,0.76970,0.76470
2017/10/31,Tue,0.76880,0.76550,0.77000,0.76390
2017/10/30,Mon,0.76700,0.76870,0.76930,0.76550
2017/10/29,Sun,,,,
2017/10/28,Sat,,,,
2017/10/27,Fri,0.76600,0.76760,0.76810,0.76240
2017/10/26,Thu,0.77040,0.76600,0.77200,0.76550
2017/10/25,Wed,0.77760,0.77030,0.77860,0.76890
2017/10/24,Tue,0.78070,0.77750,0.78260,0.77700
2017/10/23,Mon,0.78140,0.78050,0.78360,0.77950
2017/10/22,Sun,,,,
2017/10/21,Sat,,,,
2017/10/20,Fri,0.78760,0.78180,0.78840,0.78070
2017/10/19,Thu,0.78470,0.78790,0.78850,0.78400
2017/10/18,Wed,0.78460,0.78440,0.78590,0.78180
2017/10/17,Tue,0.78510,0.78430,0.78620,0.78170
2017/10/16,Mon,0.78770,0.78500,0.78920,0.78420
2017/10/15,Sun,,,,
2017/10/14,Sat,,,,
2017/10/13,Fri,0.78220,0.78880,0.78980,0.78170
2017/10/12,Thu,0.77880,0.78190,0.78370,0.77850
2017/10/11,Wed,0.77780,0.77870,0.78110,0.77700
2017/10/10,Tue,0.77520,0.77760,0.77980,0.77490
2017/10/09,Mon,0.77500,0.77520,0.77840,0.77460
2017/10/08,Sun,,,,
2017/10/07,Sat,,,,
2017/10/06,Fri,0.77950,0.77690,0.78000,0.77320
2017/10/05,Thu,0.78630,0.77940,0.78670,0.77860
2017/10/04,Wed,0.78360,0.78630,0.78770,0.78290
2017/10/03,Tue,0.78280,0.78340,0.78400,0.77850
2017/10/02,Mon,0.78410,0.78250,0.78500,0.77950
2017/10/01,Sun,,,,
2017/09/30,Sat,,,,
2017/09/29,Fri,0.78560,0.78330,0.78610,0.78170
2017/09/28,Thu,0.78510,0.78560,0.78610,0.77980
2017/09/27,Wed,0.78860,0.78480,0.78900,0.78350
2017/09/26,Tue,0.79360,0.78860,0.79500,0.78580
2017/09/25,Mon,0.79630,0.79340,0.79780,0.79260
2017/09/24,Sun,,,,
2017/09/23,Sat,,,,
2017/09/22,Fri,0.79350,0.79620,0.79880,0.79080
2017/09/21,Thu,0.80310,0.79310,0.80380,0.79160
2017/09/20,Wed,0.80140,0.80310,0.81040,0.79860
2017/09/19,Tue,0.79610,0.80090,0.80200,0.79560
2017/09/18,Mon,0.80000,0.79600,0.80360,0.79380
2017/09/17,Sun,,,,
2017/09/16,Sat,,,,
2017/09/15,Fri,0.80050,0.80010,0.80360,0.79850
2017/09/14,Thu,0.79850,0.80050,0.80180,0.79550
2017/09/13,Wed,0.80190,0.79840,0.80460,0.79700
2017/09/12,Tue,0.80290,0.80180,0.80510,0.79980
2017/09/11,Mon,0.80680,0.80280,0.80760,0.80180
2017/09/10,Sun,,,,
2017/09/09,Sat,,,,
2017/09/08,Fri,0.80470,0.80580,0.81260,0.80420
2017/09/07,Thu,0.80010,0.80460,0.80500,0.79740
2017/09/06,Wed,0.79960,0.79990,0.80220,0.79620
2017/09/05,Tue,0.79450,0.79950,0.80290,0.79420
2017/09/04,Mon,0.79330,0.79420,0.79750,0.79320
2017/09/03,Sun,,,,
2017/09/02,Sat,,,,
2017/09/01,Fri,0.79470,0.79670,0.79950,0.79210
2017/08/31,Thu,0.79040,0.79460,0.79510,0.78700
2017/08/30,Wed,0.79500,0.79040,0.79970,0.78900
2017/08/29,Tue,0.79640,0.79470,0.79850,0.79050
2017/08/28,Mon,0.79320,0.79620,0.79740,0.79150
2017/08/27,Sun,,,,
2017/08/26,Sat,,,,
2017/08/25,Fri,0.79080,0.79330,0.79560,0.78840
2017/08/24,Thu,0.79040,0.79000,0.79170,0.78660
2017/08/23,Wed,0.79110,0.79020,0.79190,0.78810
2017/08/22,Tue,0.79400,0.79070,0.79530,0.78960
2017/08/21,Mon,0.79170,0.79350,0.79530,0.79100
2017/08/20,Sun,,,,
2017/08/19,Sat,,,,
2017/08/18,Fri,0.78850,0.79270,0.79460,0.78680
2017/08/17,Thu,0.79250,0.78840,0.79650,0.78780
2017/08/16,Wed,0.78220,0.79220,0.79360,0.78150
2017/08/15,Tue,0.78520,0.78180,0.78780,0.78070
2017/08/14,Mon,0.78890,0.78490,0.79210,0.78430
2017/08/13,Sun,,,,
2017/08/12,Sat,,,,
2017/08/11,Fri,0.78750,0.78890,0.79120,0.78380
2017/08/10,Thu,0.78890,0.78740,0.79130,0.78650
2017/08/09,Wed,0.79140,0.78860,0.79170,0.78540
2017/08/08,Tue,0.79130,0.79120,0.79450,0.78860
2017/08/07,Mon,0.79190,0.79110,0.79510,0.78970
2017/08/06,Sun,,,,
2017/08/05,Sat,,,,
2017/08/04,Fri,0.79500,0.79220,0.79820,0.78900
2017/08/03,Thu,0.79680,0.79480,0.79720,0.79130
2017/08/02,Wed,0.79690,0.79620,0.79950,0.79400
2017/08/01,Tue,0.80030,0.79670,0.80450,0.79590
2017/07/31,Mon,0.79910,0.80020,0.80070,0.79550
2017/07/30,Sun,,,,
2017/07/29,Sat,,,,
2017/07/28,Fri,0.79670,0.79860,0.80100,0.79350
2017/07/27,Thu,0.80060,0.79630,0.80680,0.79550
2017/07/26,Wed,0.79370,0.80010,0.80160,0.78770
2017/07/25,Tue,0.79200,0.79360,0.79730,0.79010
2017/07/24,Mon,0.79170,0.79220,0.79700,0.78980
2017/07/23,Sun,,,,
2017/07/22,Sat,,,,
2017/07/21,Fri,0.79580,0.79110,0.79620,0.78750
2017/07/20,Thu,0.79520,0.79570,0.79910,0.78960
2017/07/19,Wed,0.79160,0.79490,0.79620,0.79080
2017/07/18,Tue,0.78020,0.79150,0.79450,0.77850
2017/07/17,Mon,0.78210,0.77980,0.78410,0.77900
2017/07/16,Sun,,,,
2017/07/15,Sat,,,,
2017/07/14,Fri,0.77320,0.78280,0.78370,0.77240
2017/07/13,Thu,0.76780,0.77260,0.77420,0.76740
2017/07/12,Wed,0.76370,0.76750,0.76870,0.76330
2017/07/11,Tue,0.76070,0.76340,0.76450,0.76020
2017/07/10,Mon,0.76050,0.76050,0.76160,0.75850
2017/07/09,Sun,,,,
2017/07/08,Sat,,,,
2017/07/07,Fri,0.75860,0.76050,0.76260,0.75710
2017/07/06,Thu,0.76040,0.75850,0.76170,0.75750
2017/07/05,Wed,0.76010,0.76000,0.76340,0.75700
2017/07/04,Tue,0.76610,0.76000,0.76850,0.75900
2017/07/03,Mon,0.76830,0.76600,0.76970,0.76430
2017/07/02,Sun,,,,
2017/07/01,Sat,,,,
2017/06/30,Fri,0.76840,0.76860,0.77140,0.76660
2017/06/29,Thu,0.76400,0.76820,0.76890,0.76340
2017/06/28,Wed,0.75840,0.76400,0.76470,0.75760
2017/06/27,Tue,0.75860,0.75820,0.76260,0.75750
2017/06/26,Mon,0.75670,0.75820,0.76010,0.75570
2017/06/25,Sun,,,,
2017/06/24,Sat,,,,
2017/06/23,Fri,0.75420,0.75650,0.75850,0.75360
2017/06/22,Thu,0.75540,0.75410,0.75770,0.75340
2017/06/21,Wed,0.75810,0.75500,0.75890,0.75420
2017/06/20,Tue,0.76010,0.75790,0.76260,0.75690
2017/06/19,Mon,0.76180,0.75940,0.76320,0.75840
2017/06/18,Sun,,,,
2017/06/17,Sat,,,,
2017/06/16,Fri,0.75790,0.76160,0.76320,0.75750
2017/06/15,Thu,0.75820,0.75760,0.76340,0.75670
2017/06/14,Wed,0.75380,0.75850,0.76370,0.75310
2017/06/13,Tue,0.75410,0.75350,0.75670,0.75230
2017/06/12,Mon,0.75290,0.75390,0.75500,0.75200
2017/06/11,Sun,,,,
2017/06/10,Sat,,,,
2017/06/09,Fri,0.75480,0.75260,0.75510,0.75180
2017/06/08,Thu,0.75510,0.75420,0.75570,0.75240
2017/06/07,Wed,0.75080,0.75460,0.75690,0.74990
2017/06/06,Tue,0.74870,0.75060,0.75250,0.74560
2017/06/05,Mon,0.74310,0.74830,0.75010,0.74140
2017/06/04,Sun,,,,
2017/06/03,Sat,,,,
2017/06/02,Fri,0.73740,0.74410,0.74490,0.73710
2017/06/01,Thu,0.74290,0.73720,0.74560,0.73710
2017/05/31,Wed,0.74650,0.74290,0.74780,0.74230
2017/05/30,Tue,0.74400,0.74640,0.74730,0.74150
2017/05/29,Mon,0.74320,0.74360,0.74530,0.74260
2017/05/28,Sun,,,,
2017/05/27,Sat,,,,
2017/05/26,Fri,0.74540,0.74460,0.74640,0.74210
2017/05/25,Thu,0.75040,0.74520,0.75170,0.74490
2017/05/24,Wed,0.74780,0.75020,0.75100,0.74410
2017/05/23,Tue,0.74780,0.74740,0.75200,0.74650
2017/05/22,Mon,0.74550,0.74750,0.74910,0.74320
2017/05/21,Sun,,,,
2017/05/20,Sat,,,,
2017/05/19,Fri,0.74180,0.74590,0.74710,0.74060
2017/05/18,Thu,0.74310,0.74160,0.74690,0.74070
2017/05/17,Wed,0.74260,0.74310,0.74460,0.73870
2017/05/16,Tue,0.74130,0.74260,0.74400,0.73930
2017/05/15,Mon,0.73900,0.74120,0.74480,0.73840
2017/05/14,Sun,,,,
2017/05/13,Sat,,,,
2017/05/12,Fri,0.73790,0.73850,0.74230,0.73670
2017/05/11,Thu,0.73680,0.73760,0.73860,0.73320
2017/05/10,Wed,0.73450,0.73630,0.73960,0.73370
2017/05/09,Tue,0.73870,0.73440,0.74010,0.73280
2017/05/08,Mon,0.74110,0.73860,0.74270,0.73760
2017/05/07,Sun,,,,
2017/05/06,Sat,,,,
2017/05/05,Fri,0.74090,0.74180,0.74290,0.73670
2017/05/04,Thu,0.74210,0.74070,0.74330,0.73820
2017/05/03,Wed,0.75360,0.74210,0.75480,0.74180
2017/05/02,Tue,0.75270,0.75350,0.75570,0.75090
2017/05/01,Mon,0.74600,0.75230,0.75420,0.74600
2017/04/30,Sun,,,,
2017/04/29,Sat,,,,
2017/04/28,Fri,0.74660,0.74840,0.74940,0.74460
2017/04/27,Thu,0.74750,0.74610,0.74940,0.74390
2017/04/26,Wed,0.75350,0.74720,0.75550,0.74540
2017/04/25,Tue,0.75710,0.75350,0.75750,0.75190
2017/04/24,Mon,0.75690,0.75660,0.75940,0.75360
2017/04/23,Sun,,,,
2017/04/22,Sat,,,,
2017/04/21,Fri,0.75270,0.75420,0.75490,0.75140
2017/04/20,Thu,0.74970,0.75260,0.75490,0.74910
2017/04/19,Wed,0.75610,0.74940,0.75650,0.74910
2017/04/18,Tue,0.75860,0.75600,0.75980,0.75330
2017/04/17,Mon,0.75700,0.75860,0.76130,0.75670
2017/04/16,Sun,,,,
2017/04/15,Sat,,,,
2017/04/14,Fri,0.75680,0.75720,0.75860,0.75550
2017/04/13,Thu,0.75230,0.75670,0.75970,0.75170
2017/04/12,Wed,0.74990,0.75200,0.75310,0.74720
2017/04/11,Tue,0.75000,0.74960,0.75170,0.74730
2017/04/10,Mon,0.75020,0.75000,0.75110,0.74740
2017/04/09,Sun,,,,
2017/04/08,Sat,,,,
2017/04/07,Fri,0.75450,0.74950,0.75510,0.74930
2017/04/06,Thu,0.75700,0.75450,0.75790,0.75310
2017/04/05,Wed,0.75650,0.75660,0.75900,0.75590
2017/04/04,Tue,0.76050,0.75630,0.76160,0.75440
2017/04/03,Mon,0.76200,0.76010,0.76440,0.75900
2017/04/02,Sun,,,,
2017/04/01,Sat,,,,
2017/03/31,Fri,0.76410,0.76280,0.76650,0.76220
2017/03/30,Thu,0.76690,0.76400,0.76820,0.76370
2017/03/29,Wed,0.76340,0.76670,0.76770,0.76290
2017/03/28,Tue,0.76170,0.76330,0.76560,0.75860
2017/03/27,Mon,0.76190,0.76150,0.76510,0.76070
2017/03/26,Sun,,,,
2017/03/25,Sat,,,,
2017/03/24,Fri,0.76270,0.76220,0.76430,0.76030
2017/03/23,Thu,0.76770,0.76260,0.76820,0.76210
2017/03/22,Wed,0.76910,0.76760,0.76930,0.76380
2017/03/21,Tue,0.77320,0.76880,0.77520,0.76820
2017/03/20,Mon,0.77040,0.77290,0.77500,0.76850
2017/03/19,Sun,,,,
2017/03/18,Sat,,,,
2017/03/17,Fri,0.76770,0.76980,0.77200,0.76620
2017/03/16,Thu,0.77090,0.76770,0.77190,0.76610
2017/03/15,Wed,0.75600,0.77070,0.77220,0.75540
2017/03/14,Tue,0.75710,0.75580,0.75820,0.75390
2017/03/13,Mon,0.75430,0.75670,0.75950,0.75310
2017/03/12,Sun,,,,
2017/03/11,Sat,,,,
2017/03/10,Fri,0.75060,0.75400,0.75590,0.74960
2017/03/09,Thu,0.75280,0.75040,0.75360,0.74900
2017/03/08,Wed,0.75880,0.75260,0.76110,0.75230
2017/03/07,Tue,0.75790,0.75840,0.76340,0.75750
2017/03/06,Mon,0.75820,0.75760,0.76120,0.75690
2017/03/05,Sun,,,,
2017/03/04,Sat,,,,
2017/03/03,Fri,0.75730,0.75940,0.75990,0.75420
2017/03/02,Thu,0.76760,0.75710,0.76850,0.75550
2017/03/01,Wed,0.76570,0.76740,0.77020,0.76350
2017/02/28,Tue,0.76730,0.76570,0.76960,0.76440
2017/02/27,Mon,0.76690,0.76710,0.77100,0.76620
2017/02/26,Sun,,,,
2017/02/25,Sat,,,,
2017/02/24,Fri,0.77160,0.76690,0.77230,0.76630
2017/02/23,Thu,0.77030,0.77130,0.77430,0.76640
2017/02/22,Wed,0.76750,0.77020,0.77160,0.76660
2017/02/21,Tue,0.76880,0.76740,0.76930,0.76480
2017/02/20,Mon,0.76660,0.76860,0.76940,0.76570
2017/02/19,Sun,,,,
2017/02/18,Sat,,,,
2017/02/17,Fri,0.76930,0.76690,0.77150,0.76540
2017/02/16,Thu,0.77100,0.76940,0.77350,0.76830
2017/02/15,Wed,0.76630,0.77080,0.77220,0.76340
2017/02/14,Tue,0.76370,0.76600,0.76980,0.76160
2017/02/13,Mon,0.76790,0.76380,0.76890,0.76290
2017/02/12,Sun,,,,
2017/02/11,Sat,,,,
2017/02/10,Fri,0.76250,0.76690,0.76910,0.76160
2017/02/09,Thu,0.76450,0.76220,0.76670,0.76080
2017/02/08,Wed,0.76280,0.76450,0.76680,0.76090
2017/02/07,Tue,0.76600,0.76240,0.76830,0.76050
2017/02/06,Mon,0.76710,0.76570,0.76900,0.76270
2017/02/05,Sun,,,,
2017/02/04,Sat,,,,
2017/02/03,Fri,0.76580,0.76830,0.76970,0.76200
2017/02/02,Thu,0.75860,0.76550,0.76980,0.75740
2017/02/01,Wed,0.75860,0.75820,0.75990,0.75490
2017/01/31,Tue,0.75550,0.75830,0.76080,0.75410
2017/01/30,Mon,0.75410,0.75520,0.75690,0.75260
2017/01/29,Sun,,,,
2017/01/28,Sat,,,,
2017/01/27,Fri,0.75350,0.75460,0.75750,0.75100
2017/01/26,Thu,0.75720,0.75350,0.75870,0.75200
2017/01/25,Wed,0.75810,0.75700,0.76010,0.75140
2017/01/24,Tue,0.75830,0.75780,0.76110,0.75510
2017/01/23,Mon,0.75600,0.75790,0.75920,0.75430
2017/01/22,Sun,,,,
2017/01/21,Sat,,,,
2017/01/20,Fri,0.75620,0.75530,0.75910,0.75160
2017/01/19,Thu,0.75060,0.75580,0.75750,0.74920
2017/01/18,Wed,0.75670,0.75050,0.75710,0.75010
2017/01/17,Tue,0.74770,0.75660,0.75720,0.74640
2017/01/16,Mon,0.74940,0.74750,0.75110,0.74570
2017/01/15,Sun,,,,
2017/01/14,Sat,,,,
2017/01/13,Fri,0.74840,0.74990,0.75110,0.74480
2017/01/12,Thu,0.74410,0.74820,0.75210,0.74290
2017/01/11,Wed,0.73690,0.74400,0.74740,0.73520
2017/01/10,Tue,0.73530,0.73670,0.73870,0.73310
2017/01/09,Mon,0.72940,0.73520,0.73760,0.72860
2017/01/08,Sun,,,,
2017/01/07,Sat,,,,
2017/01/06,Fri,0.73370,0.72910,0.73580,0.72870
2017/01/05,Thu,0.72820,0.73360,0.73590,0.72700
2017/01/04,Wed,0.72200,0.72830,0.72900,0.72100
2017/01/03,Tue,0.71870,0.72240,0.72440,0.71780
2017/01/02,Mon,0.72300,0.71810,0.72330,0.71630
2017/01/01,Sun,,,,
2016/12/31,Sat,,,,
2016/12/30,Fri,0.72200,0.72150,0.72490,0.72080
2016/12/29,Thu,0.71810,0.72140,0.72260,0.71670
2016/12/28,Wed,0.71860,0.71760,0.72220,0.71610
2016/12/27,Tue,0.71920,0.71800,0.71990,0.71710
2016/12/26,Mon,0.71730,0.71840,0.72320,0.71570
2016/12/25,Sun,,,,
2016/12/24,Sat,,,,
2016/12/23,Fri,0.72170,0.71800,0.72300,0.71580
2016/12/22,Thu,0.72380,0.72140,0.72600,0.71950
2016/12/21,Wed,0.72590,0.72350,0.72830,0.72320
2016/12/20,Tue,0.72480,0.72590,0.72650,0.72210
2016/12/19,Mon,0.72980,0.72450,0.73150,0.72400
2016/12/18,Sun,,,,
2016/12/17,Sat,,,,
2016/12/16,Fri,0.73590,0.73040,0.73720,0.72640
2016/12/15,Thu,0.74070,0.73550,0.74330,0.73340
2016/12/14,Wed,0.74990,0.74020,0.75270,0.73930
2016/12/13,Tue,0.75000,0.74980,0.75260,0.74720
2016/12/12,Mon,0.74490,0.74960,0.75070,0.74270
2016/12/11,Sun,,,,
2016/12/10,Sat,,,,
2016/12/09,Fri,0.74600,0.74510,0.74980,0.74330
2016/12/08,Thu,0.74820,0.74590,0.75100,0.74260
2016/12/07,Wed,0.74570,0.74790,0.74860,0.74140
2016/12/06,Tue,0.74720,0.74600,0.74870,0.74290
2016/12/05,Mon,0.74480,0.74720,0.75000,0.74110
2016/12/04,Sun,,,,
2016/12/03,Sat,,,,
2016/12/02,Fri,0.74140,0.74600,0.74710,0.73990
2016/12/01,Thu,0.73850,0.74140,0.74240,0.73690
2016/11/30,Wed,0.74850,0.73820,0.75000,0.73710
2016/11/29,Tue,0.74810,0.74830,0.75000,0.74310
2016/11/28,Mon,0.74310,0.74790,0.74960,0.74270
2016/11/27,Sun,,,,
2016/11/26,Sat,,,,
2016/11/25,Fri,0.74080,0.74300,0.74700,0.73970
2016/11/24,Thu,0.73860,0.74060,0.74200,0.73620
2016/11/23,Wed,0.74030,0.73840,0.74470,0.73700
2016/11/22,Tue,0.73690,0.74010,0.74160,0.73550
2016/11/21,Mon,0.73430,0.73640,0.73840,0.73080
2016/11/20,Sun,,,,
2016/11/19,Sat,,,,
2016/11/18,Fri,0.74080,0.73320,0.74210,0.73280
2016/11/17,Thu,0.74810,0.74040,0.75040,0.73940
2016/11/16,Wed,0.75590,0.74760,0.75740,0.74590
2016/11/15,Tue,0.75550,0.75560,0.75830,0.75090
2016/11/14,Mon,0.75250,0.75500,0.75680,0.75220
2016/11/13,Sun,,,,
2016/11/12,Sat,,,,
2016/11/11,Fri,0.76150,0.75500,0.76320,0.75230
2016/11/10,Thu,0.76340,0.76110,0.77450,0.75670
2016/11/09,Wed,0.77620,0.76330,0.77740,0.75790
2016/11/08,Tue,0.77290,0.77610,0.77800,0.76880
2016/11/07,Mon,0.76750,0.77250,0.77320,0.76550
2016/11/06,Sun,,,,
2016/11/05,Sat,,,,
2016/11/04,Fri,0.76820,0.76700,0.76980,0.76510
2016/11/03,Thu,0.76610,0.76780,0.76900,0.76350
2016/11/02,Wed,0.76530,0.76580,0.76810,0.76120
2016/11/01,Tue,0.76110,0.76490,0.76900,0.75970
2016/10/31,Mon,0.75970,0.76090,0.76210,0.75790
2016/10/30,Sun,,,,
2016/10/29,Sat,,,,
2016/10/28,Fri,0.75910,0.75950,0.76100,0.75570
2016/10/27,Thu,0.76510,0.75880,0.76550,0.75800
2016/10/26,Wed,0.76460,0.76490,0.77110,0.76310
2016/10/25,Tue,0.76100,0.76450,0.76560,0.75880
2016/10/24,Mon,0.76050,0.76090,0.76430,0.75900
2016/10/23,Sun,,,,
2016/10/22,Sat,,,,
2016/10/21,Fri,0.76260,0.76020,0.76530,0.75860
2016/10/20,Thu,0.77220,0.76240,0.77360,0.76200
2016/10/19,Wed,0.76670,0.77210,0.77310,0.76580
2016/10/18,Tue,0.76290,0.76620,0.76920,0.76230
2016/10/17,Mon,0.76140,0.76250,0.76350,0.75800
2016/10/16,Sun,,,,
2016/10/15,Sat,,,,
2016/10/14,Fri,0.75680,0.76110,0.76500,0.75550
2016/10/13,Thu,0.75600,0.75680,0.75830,0.75060
2016/10/12,Wed,0.75380,0.75600,0.75940,0.75320
2016/10/11,Tue,0.76070,0.75350,0.76160,0.75320
2016/10/10,Mon,0.75800,0.76060,0.76300,0.75790
2016/10/09,Sun,,,,
2016/10/08,Sat,,,,
2016/10/07,Fri,0.75850,0.75750,0.76260,0.75520
2016/10/06,Thu,0.76230,0.75820,0.76260,0.75610
2016/10/05,Wed,0.76210,0.76220,0.76470,0.75920
2016/10/04,Tue,0.76710,0.76190,0.76930,0.76070
2016/10/03,Mon,0.76580,0.76700,0.76830,0.76390
2016/10/02,Sun,,,,
2016/10/01,Sat,,,,
2016/09/30,Fri,0.76360,0.76540,0.76740,0.75890
2016/09/29,Thu,0.76920,0.76330,0.77130,0.76220
2016/09/28,Wed,0.76670,0.76900,0.76960,0.76440
2016/09/27,Tue,0.76350,0.76660,0.76980,0.76100
2016/09/26,Mon,0.76180,0.76360,0.76520,0.76020
2016/09/25,Sun,,,,
2016/09/24,Sat,,,,
2016/09/23,Fri,0.76440,0.76180,0.76550,0.76080
2016/09/22,Thu,0.76240,0.76420,0.76770,0.76070
2016/09/21,Wed,0.75560,0.76230,0.76330,0.75330
2016/09/20,Tue,0.75340,0.75560,0.75670,0.75290
2016/09/19,Mon,0.74890,0.75330,0.75750,0.74720
2016/09/18,Sun,,,,
2016/09/17,Sat,,,,
2016/09/16,Fri,0.75150,0.74880,0.75290,0.74740
2016/09/15,Thu,0.74700,0.75140,0.75250,0.74460
2016/09/14,Wed,0.74650,0.74660,0.74990,0.74500
2016/09/13,Tue,0.75660,0.74620,0.75700,0.74410
2016/09/12,Mon,0.75420,0.75630,0.75690,0.74930
2016/09/11,Sun,,,,
2016/09/10,Sat,,,,
2016/09/09,Fri,0.76440,0.75380,0.76580,0.75360
2016/09/08,Thu,0.76730,0.76400,0.77350,0.76340
2016/09/07,Wed,0.76890,0.76720,0.77000,0.76510
2016/09/06,Tue,0.75830,0.76860,0.76910,0.75790
2016/09/05,Mon,0.75710,0.75780,0.76090,0.75610
2016/09/04,Sun,,,,
2016/09/03,Sat,,,,
2016/09/02,Fri,0.75520,0.75700,0.76170,0.75340
2016/09/01,Thu,0.75160,0.75510,0.75610,0.75040
2016/08/31,Wed,0.75120,0.75140,0.75350,0.74900
2016/08/30,Tue,0.75680,0.75090,0.75820,0.74990
2016/08/29,Mon,0.75650,0.75670,0.75850,0.75240
2016/08/28,Sun,,,,
2016/08/27,Sat,,,,
2016/08/26,Fri,0.76180,0.75630,0.76940,0.75500
2016/08/25,Thu,0.76130,0.76150,0.76410,0.76010
2016/08/24,Wed,0.76150,0.76120,0.76350,0.75880
2016/08/23,Tue,0.76250,0.76150,0.76570,0.76110
2016/08/22,Mon,0.76080,0.76170,0.76420,0.75820
2016/08/21,Sun,,,,
2016/08/20,Sat,,,,
2016/08/19,Fri,0.76870,0.76240,0.76940,0.75980
2016/08/18,Thu,0.76560,0.76850,0.77250,0.76450
2016/08/17,Wed,0.76950,0.76540,0.77100,0.76090
2016/08/16,Tue,0.76740,0.76940,0.77520,0.76530
2016/08/15,Mon,0.76490,0.76720,0.76940,0.76350
2016/08/14,Sun,,,,
2016/08/13,Sat,,,,
2016/08/12,Fri,0.77000,0.76460,0.77270,0.76440
2016/08/11,Thu,0.77020,0.76950,0.77560,0.76910
2016/08/10,Wed,0.76710,0.77020,0.77580,0.76610
2016/08/09,Tue,0.76510,0.76710,0.76900,0.76210
2016/08/08,Mon,0.76160,0.76500,0.76750,0.75960
2016/08/07,Sun,,,,
2016/08/06,Sat,,,,
2016/08/05,Fri,0.76280,0.76190,0.76660,0.75960
2016/08/04,Thu,0.75880,0.76270,0.76430,0.75820
2016/08/03,Wed,0.76110,0.75880,0.76180,0.75680
2016/08/02,Tue,0.75380,0.76090,0.76400,0.74980
2016/08/01,Mon,0.75930,0.75340,0.76170,0.75280
2016/07/31,Sun,,,,
2016/07/30,Sat,,,,
2016/07/29,Fri,0.75050,0.75950,0.76120,0.74920
2016/07/28,Thu,0.74910,0.75000,0.75520,0.74850
2016/07/27,Wed,0.75030,0.74900,0.75680,0.74200
2016/07/26,Tue,0.74690,0.75000,0.75430,0.74610
2016/07/25,Mon,0.74620,0.74660,0.74940,0.74520
2016/07/24,Sun,,,,
2016/07/23,Sat,,,,
2016/07/22,Fri,0.74960,0.74610,0.75100,0.74410
2016/07/21,Thu,0.74810,0.74950,0.75150,0.74520
2016/07/20,Wed,0.75040,0.74770,0.75190,0.74610
2016/07/19,Tue,0.75920,0.75010,0.75950,0.74750
2016/07/18,Mon,0.75790,0.75900,0.76090,0.75740
2016/07/17,Sun,,,,
2016/07/16,Sat,,,,
2016/07/15,Fri,0.76320,0.75770,0.76760,0.75580
2016/07/14,Thu,0.76070,0.76280,0.76550,0.75910
2016/07/13,Wed,0.76210,0.76050,0.76410,0.75780
2016/07/12,Tue,0.75320,0.76210,0.76600,0.75280
2016/07/11,Mon,0.75660,0.75290,0.75770,0.75210
2016/07/10,Sun,,,,
2016/07/09,Sat,,,,
2016/07/08,Fri,0.74790,0.75670,0.75750,0.74700
2016/07/07,Thu,0.75200,0.74770,0.75410,0.74660
2016/07/06,Wed,0.74620,0.75150,0.75310,0.74070
2016/07/05,Tue,0.75390,0.74580,0.75460,0.74520
2016/07/04,Mon,0.74480,0.75340,0.75470,0.74390
2016/07/03,Sun,,,,
2016/07/02,Sat,,,,
2016/07/01,Fri,0.74490,0.74930,0.75050,0.74330
2016/06/30,Thu,0.74520,0.74500,0.74740,0.73710
2016/06/29,Wed,0.73850,0.74480,0.74580,0.73760
2016/06/28,Tue,0.73330,0.73870,0.74180,0.73210
2016/06/27,Mon,0.74530,0.73220,0.74620,0.73190
2016/06/26,Sun,,,,
2016/06/25,Sat,,,,
2016/06/24,Fri,0.76110,0.74580,0.76500,0.73050
2016/06/23,Thu,0.75020,0.76080,0.76190,0.74920
2016/06/22,Wed,0.74490,0.75000,0.75290,0.74400
2016/06/21,Tue,0.74580,0.74440,0.75140,0.74450
2016/06/20,Mon,0.74000,0.74570,0.74830,0.73980
2016/06/19,Sun,,,,
2016/06/18,Sat,,,,
2016/06/17,Fri,0.73630,0.73960,0.74130,0.73580
2016/06/16,Thu,0.74080,0.73590,0.74350,0.72850
2016/06/15,Wed,0.73590,0.74040,0.74480,0.73330
2016/06/14,Tue,0.73880,0.73560,0.74070,0.73290
2016/06/13,Mon,0.73810,0.73850,0.74130,0.73580
2016/06/12,Sun,,,,
2016/06/11,Sat,,,,
2016/06/10,Fri,0.74310,0.73710,0.74400,0.73690
2016/06/09,Thu,0.74710,0.74270,0.75070,0.74200
2016/06/08,Wed,0.74580,0.74680,0.74850,0.74290
2016/06/07,Tue,0.73650,0.74570,0.74660,0.73580
2016/06/06,Mon,0.73660,0.73660,0.73930,0.73140
2016/06/05,Sun,,,,
2016/06/04,Sat,,,,
2016/06/03,Fri,0.72290,0.73640,0.73710,0.72170
2016/06/02,Thu,0.72600,0.72290,0.72710,0.72010
2016/06/01,Wed,0.72360,0.72580,0.73020,0.72260
2016/05/31,Tue,0.71830,0.72290,0.72690,0.71790
2016/05/30,Mon,0.71830,0.71790,0.71910,0.71480
2016/05/29,Sun,,,,
2016/05/28,Sat,,,,
2016/05/27,Fri,0.72260,0.71790,0.72370,0.71700
2016/05/26,Thu,0.71990,0.72250,0.72460,0.71640
2016/05/25,Wed,0.71830,0.71980,0.72210,0.71720
2016/05/24,Tue,0.72230,0.71820,0.72310,0.71440
2016/05/23,Mon,0.72240,0.72200,0.72620,0.71940
2016/05/22,Sun,,,,
2016/05/21,Sat,,,,
2016/05/20,Fri,0.72270,0.72190,0.72520,0.72110
2016/05/19,Thu,0.72310,0.72250,0.72450,0.71750
2016/05/18,Wed,0.73250,0.72280,0.73340,0.72190
2016/05/17,Tue,0.72890,0.73220,0.73690,0.72810
2016/05/16,Mon,0.72550,0.72870,0.73110,0.72350
2016/05/15,Sun,,,,
2016/05/14,Sat,,,,
2016/05/13,Fri,0.73260,0.72630,0.73280,0.72530
2016/05/12,Thu,0.73770,0.73250,0.73820,0.73090
2016/05/11,Wed,0.73630,0.73750,0.74040,0.73350
2016/05/10,Tue,0.73160,0.73620,0.73750,0.72990
2016/05/09,Mon,0.73570,0.73140,0.73870,0.73060
2016/05/08,Sun,,,,
2016/05/07,Sat,,,,
2016/05/06,Fri,0.74660,0.73640,0.74800,0.73380
2016/05/05,Thu,0.74590,0.74640,0.75150,0.74510
2016/05/04,Wed,0.74840,0.74560,0.75200,0.74460
2016/05/03,Tue,0.76670,0.74830,0.77210,0.74820
2016/05/02,Mon,0.76060,0.76650,0.76750,0.75910
2016/05/01,Sun,,,,
2016/04/30,Sat,,,,
2016/04/29,Fri,0.76250,0.76020,0.76700,0.75850
2016/04/28,Thu,0.75930,0.76250,0.76600,0.75740
2016/04/27,Wed,0.77500,0.75830,0.77680,0.75480
2016/04/26,Tue,0.77150,0.77470,0.77670,0.76960
2016/04/25,Mon,0.77080,0.77140,0.77310,0.76900
2016/04/24,Sun,,,,
2016/04/23,Sat,,,,
2016/04/22,Fri,0.77380,0.77030,0.77760,0.76930
2016/04/21,Thu,0.77940,0.77370,0.78370,0.77320
2016/04/20,Wed,0.78140,0.77930,0.78310,0.77660
2016/04/19,Tue,0.77500,0.78110,0.78290,0.77440
2016/04/18,Mon,0.76390,0.77490,0.77610,0.75930
2016/04/17,Sun,,,,
2016/04/16,Sat,,,,
2016/04/15,Fri,0.76960,0.77190,0.77370,0.76790
2016/04/14,Thu,0.76520,0.76950,0.77380,0.76180
2016/04/13,Wed,0.76840,0.76520,0.77180,0.76330
2016/04/12,Tue,0.75970,0.76830,0.76920,0.75820
2016/04/11,Mon,0.75500,0.75940,0.76320,0.75270
2016/04/10,Sun,,,,
2016/04/09,Sat,,,,
2016/04/08,Fri,0.75050,0.75500,0.75820,0.74990
2016/04/07,Thu,0.75980,0.75010,0.76400,0.74910
2016/04/06,Wed,0.75460,0.75980,0.76210,0.75310
2016/04/05,Tue,0.76070,0.75430,0.76290,0.75100
2016/04/04,Mon,0.76760,0.76020,0.76800,0.75970
2016/04/03,Sun,,,,
2016/04/02,Sat,,,,
2016/04/01,Fri,0.76580,0.76680,0.77020,0.75990
2016/03/31,Thu,0.76720,0.76540,0.77240,0.76340
2016/03/30,Wed,0.76280,0.76700,0.77090,0.76140
2016/03/29,Tue,0.75460,0.76250,0.76480,0.75100
2016/03/28,Mon,0.74990,0.75430,0.75600,0.74920
2016/03/27,Sun,,,,
2016/03/26,Sat,,,,
2016/03/25,Fri,0.75280,0.75050,0.75370,0.74950
2016/03/24,Thu,0.75320,0.75270,0.75400,0.74770
2016/03/23,Wed,0.76220,0.75280,0.76510,0.75170
2016/03/22,Tue,0.75790,0.76210,0.76450,0.75500
2016/03/21,Mon,0.76040,0.75760,0.76290,0.75680
2016/03/20,Sun,,,,
2016/03/19,Sat,,,,
2016/03/18,Fri,0.76490,0.75990,0.76830,0.75940
2016/03/17,Thu,0.75520,0.76480,0.76590,0.75330
2016/03/16,Wed,0.74580,0.75480,0.75630,0.74140
2016/03/15,Tue,0.75160,0.74560,0.75300,0.74430
2016/03/14,Mon,0.75470,0.75130,0.75950,0.74890
2016/03/13,Sun,,,,
2016/03/12,Sat,,,,
2016/03/11,Fri,0.74540,0.75630,0.75860,0.74460
2016/03/10,Thu,0.74870,0.74510,0.75140,0.74260
2016/03/09,Wed,0.74400,0.74850,0.75300,0.74110
2016/03/08,Tue,0.74680,0.74380,0.74750,0.74090
2016/03/07,Mon,0.74230,0.74660,0.74870,0.73920
2016/03/06,Sun,,,,
2016/03/05,Sat,,,,
2016/03/04,Fri,0.73520,0.74400,0.74460,0.73390
2016/03/03,Thu,0.72950,0.73490,0.73770,0.72810
2016/03/02,Wed,0.71750,0.72930,0.73030,0.71640
2016/03/01,Tue,0.71410,0.71740,0.71930,0.71080
2016/02/29,Mon,0.71310,0.71380,0.71700,0.71080
2016/02/28,Sun,,,,
2016/02/27,Sat,,,,
2016/02/26,Fri,0.72350,0.71280,0.72590,0.71170
2016/02/25,Thu,0.71980,0.72310,0.72460,0.71560
2016/02/24,Wed,0.72020,0.71960,0.72150,0.71450
2016/02/23,Tue,0.72270,0.72020,0.72610,0.71980
2016/02/22,Mon,0.71520,0.72220,0.72490,0.71350
2016/02/21,Sun,,,,
2016/02/20,Sat,,,,
2016/02/19,Fri,0.71570,0.71480,0.71640,0.70680
2016/02/18,Thu,0.71850,0.71560,0.71870,0.71320
2016/02/17,Wed,0.71120,0.71820,0.71890,0.70830
2016/02/16,Tue,0.71400,0.71080,0.71840,0.70800
2016/02/15,Mon,0.71100,0.71370,0.71730,0.71000
2016/02/14,Sun,,,,
2016/02/13,Sat,,,,
2016/02/12,Fri,0.71090,0.70970,0.71310,0.70630
2016/02/11,Thu,0.70950,0.71080,0.71540,0.69840
2016/02/10,Wed,0.70710,0.70950,0.71280,0.70370
2016/02/09,Tue,0.70870,0.70690,0.70970,0.69730
2016/02/08,Mon,0.70680,0.70830,0.71300,0.70510
2016/02/07,Sun,,,,
2016/02/06,Sat,,,,
2016/02/05,Fri,0.72000,0.70620,0.72220,0.70620
2016/02/04,Thu,0.71680,0.71990,0.72450,0.71520
2016/02/03,Wed,0.70390,0.71670,0.71910,0.70020
2016/02/02,Tue,0.71150,0.70380,0.71310,0.70320
2016/02/01,Mon,0.70880,0.71100,0.71240,0.70420
2016/01/31,Sun,,,,
2016/01/30,Sat,,,,
2016/01/29,Fri,0.70840,0.70820,0.71430,0.70570
2016/01/28,Thu,0.70260,0.70840,0.71310,0.70070
2016/01/27,Wed,0.70050,0.70250,0.70840,0.69910
2016/01/26,Tue,0.69560,0.70020,0.70240,0.69180
2016/01/25,Mon,0.69940,0.69540,0.70330,0.69470
2016/01/24,Sun,,,,
2016/01/23,Sat,,,,
2016/01/22,Fri,0.69990,0.70000,0.70480,0.69850
2016/01/21,Thu,0.69070,0.69960,0.70200,0.68750
2016/01/20,Wed,0.69070,0.69060,0.69280,0.68270
2016/01/19,Tue,0.68660,0.69030,0.69590,0.68370
2016/01/18,Mon,0.68710,0.68630,0.69280,0.68290
2016/01/17,Sun,,,,
2016/01/16,Sat,,,,
2016/01/15,Fri,0.69850,0.68670,0.70050,0.68260
2016/01/14,Thu,0.69560,0.69830,0.69990,0.69090
2016/01/13,Wed,0.69890,0.69540,0.70510,0.69480
2016/01/12,Tue,0.69960,0.69830,0.70230,0.69390
2016/01/11,Mon,0.69530,0.69930,0.70380,0.69260
2016/01/10,Sun,,,,
2016/01/09,Sat,,,,
2016/01/08,Fri,0.70110,0.69510,0.70760,0.69500
2016/01/07,Thu,0.70710,0.70090,0.70890,0.69800
2016/01/06,Wed,0.71620,0.70710,0.71730,0.70460
2016/01/05,Tue,0.71920,0.71570,0.72170,0.71310
2016/01/04,Mon,0.72990,0.71880,0.73040,0.71550
2016/01/03,Sun,,,,
2016/01/02,Sat,,,,
2016/01/01,Fri,0.72840,0.72960,0.73030,0.72780
2015/12/31,Thu,0.72870,0.72750,0.73290,0.72650
2015/12/30,Wed,0.72950,0.72830,0.73050,0.72700
2015/12/29,Tue,0.72490,0.72940,0.73050,0.72440
2015/12/28,Mon,0.72800,0.72460,0.72890,0.72450
2015/12/27,Sun,,,,
2015/12/26,Sat,,,,
2015/12/25,Fri,0.72820,0.72410,0.73130,0.72420
2015/12/24,Thu,0.72330,0.72770,0.72870,0.72250
2015/12/23,Wed,0.72360,0.72300,0.72500,0.72080
2015/12/22,Tue,0.71900,0.72340,0.72520,0.71810
2015/12/21,Mon,0.71750,0.71870,0.71980,0.71540
2015/12/20,Sun,,,,
2015/12/19,Sat,,,,
2015/12/18,Fri,0.71300,0.71690,0.72020,0.71100
2015/12/17,Thu,0.72330,0.71250,0.72490,0.70940
2015/12/16,Wed,0.71920,0.72310,0.72810,0.71760
2015/12/15,Tue,0.72470,0.71910,0.72860,0.71600
2015/12/14,Mon,0.72050,0.72410,0.72720,0.71590
2015/12/13,Sun,,,,
2015/12/12,Sat,,,,
2015/12/11,Fri,0.72820,0.71860,0.72840,0.71830
2015/12/10,Thu,0.72310,0.72790,0.73350,0.72200
2015/12/09,Wed,0.72150,0.72270,0.72480,0.71710
2015/12/08,Tue,0.72660,0.72140,0.72720,0.71860
2015/12/07,Mon,0.73390,0.72650,0.73470,0.72550
2015/12/06,Sun,,,,
2015/12/05,Sat,,,,
2015/12/04,Fri,0.73450,0.73390,0.73880,0.72780
2015/12/03,Thu,0.73080,0.73370,0.73640,0.72830
2015/12/02,Wed,0.73240,0.73070,0.73440,0.72920
2015/12/01,Tue,0.72280,0.73210,0.73380,0.72210
2015/11/30,Mon,0.71980,0.72260,0.72520,0.71700
2015/11/29,Sun,,,,
2015/11/28,Sat,,,,
2015/11/27,Fri,0.72270,0.71920,0.72420,0.71830
2015/11/26,Thu,0.72520,0.72240,0.72630,0.72090
2015/11/25,Wed,0.72570,0.72490,0.72860,0.72260
2015/11/24,Tue,0.71930,0.72530,0.72600,0.71840
2015/11/23,Mon,0.72330,0.71930,0.72440,0.71590
2015/11/22,Sun,,,,
2015/11/21,Sat,,,,
2015/11/20,Fri,0.71940,0.72380,0.72520,0.71830
2015/11/19,Thu,0.71110,0.71920,0.72170,0.71010
2015/11/18,Wed,0.71110,0.71100,0.71200,0.70690
2015/11/17,Tue,0.70970,0.71090,0.71430,0.70710
2015/11/16,Mon,0.71290,0.70940,0.71370,0.70780
2015/11/15,Sun,,,,
2015/11/14,Sat,,,,
2015/11/13,Fri,0.71270,0.71290,0.71610,0.71050
2015/11/12,Thu,0.70620,0.71250,0.71550,0.70590
2015/11/11,Wed,0.70310,0.70580,0.70800,0.70240
2015/11/10,Tue,0.70460,0.70290,0.70670,0.70150
2015/11/09,Mon,0.70430,0.70430,0.70720,0.70160
2015/11/08,Sun,,,,
2015/11/07,Sat,,,,
2015/11/06,Fri,0.71430,0.70460,0.71710,0.70210
2015/11/05,Thu,0.71490,0.71400,0.71710,0.71250
2015/11/04,Wed,0.71860,0.71460,0.72250,0.71330
2015/11/03,Tue,0.71460,0.71850,0.72200,0.71390
2015/11/02,Mon,0.71210,0.71430,0.71560,0.71060
2015/11/01,Sun,,,,
2015/10/31,Sat,,,,
2015/10/30,Fri,0.70730,0.71370,0.71510,0.70680
2015/10/29,Thu,0.71160,0.70660,0.71220,0.70660
2015/10/28,Wed,0.71920,0.71150,0.72090,0.70790
2015/10/27,Tue,0.72470,0.71880,0.72610,0.71780
2015/10/26,Mon,0.72160,0.72460,0.72720,0.72050
2015/10/25,Sun,,,,
2015/10/24,Sat,,,,
2015/10/23,Fri,0.72110,0.72120,0.72990,0.71970
2015/10/22,Thu,0.72110,0.72040,0.72400,0.71820
2015/10/21,Wed,0.72610,0.72080,0.72770,0.72020
2015/10/20,Tue,0.72480,0.72580,0.73010,0.72410
2015/10/19,Mon,0.72690,0.72490,0.73090,0.72390
2015/10/18,Sun,,,,
2015/10/17,Sat,,,,
2015/10/16,Fri,0.73310,0.72570,0.73410,0.72490
2015/10/15,Thu,0.73010,0.73260,0.73660,0.72660
2015/10/14,Wed,0.72440,0.72960,0.73200,0.71980
2015/10/13,Tue,0.73620,0.72420,0.73660,0.72420
2015/10/12,Mon,0.73250,0.73590,0.73850,0.73050
2015/10/11,Sun,,,,
2015/10/10,Sat,,,,
2015/10/09,Fri,0.72610,0.73310,0.73470,0.72460
2015/10/08,Thu,0.72080,0.72570,0.72730,0.71640
2015/10/07,Wed,0.71660,0.72040,0.72370,0.71490
2015/10/06,Tue,0.70840,0.71630,0.71780,0.70690
2015/10/05,Mon,0.70440,0.70810,0.71120,0.70400
2015/10/04,Sun,,,,
2015/10/03,Sat,,,,
2015/10/02,Fri,0.70290,0.70460,0.70690,0.70020
2015/10/01,Thu,0.70220,0.70260,0.70870,0.69970
2015/09/30,Wed,0.69850,0.70170,0.70400,0.69810
2015/09/29,Tue,0.69900,0.69820,0.70260,0.69360
2015/09/28,Mon,0.70210,0.69890,0.70390,0.69780
2015/09/27,Sun,,,,
2015/09/26,Sat,,,,
2015/09/25,Fri,0.70240,0.70190,0.70450,0.69790
2015/09/24,Thu,0.70030,0.70230,0.70450,0.69380
2015/09/23,Wed,0.70900,0.69990,0.70940,0.69870
2015/09/22,Tue,0.71310,0.70880,0.71620,0.70550
2015/09/21,Mon,0.71890,0.71290,0.72010,0.71200
2015/09/20,Sun,,,,
2015/09/19,Sat,,,,
2015/09/18,Fri,0.71720,0.71870,0.72830,0.71610
2015/09/17,Thu,0.71980,0.71690,0.72780,0.71360
2015/09/16,Wed,0.71420,0.71950,0.72020,0.71220
2015/09/15,Tue,0.71380,0.71410,0.71670,0.70840
2015/09/14,Mon,0.70820,0.71350,0.71530,0.70620
2015/09/13,Sun,,,,
2015/09/12,Sat,,,,
2015/09/11,Fri,0.70720,0.70870,0.70950,0.70350
2015/09/10,Thu,0.70150,0.70670,0.71010,0.69450
2015/09/09,Wed,0.70170,0.70140,0.70710,0.70040
2015/09/08,Tue,0.69240,0.70140,0.70410,0.69220
2015/09/07,Mon,0.69220,0.69230,0.69520,0.68950
2015/09/06,Sun,,,,
2015/09/05,Sat,,,,
2015/09/04,Fri,0.70170,0.69050,0.70230,0.69050
2015/09/03,Thu,0.70380,0.70150,0.70650,0.69920
2015/09/02,Wed,0.70180,0.70360,0.70510,0.69820
2015/09/01,Tue,0.71130,0.70140,0.71540,0.70120
2015/08/31,Mon,0.71640,0.71100,0.71770,0.70820
2015/08/30,Sun,,,,
2015/08/29,Sat,,,,
2015/08/28,Fri,0.71690,0.71710,0.72070,0.71200
2015/08/27,Thu,0.71240,0.71640,0.71830,0.70980
2015/08/26,Wed,0.71290,0.71200,0.71600,0.70690
2015/08/25,Tue,0.71570,0.71260,0.72520,0.71220
2015/08/24,Mon,0.73120,0.71530,0.73150,0.70540
2015/08/23,Sun,,,,
2015/08/22,Sat,,,,
2015/08/21,Fri,0.73360,0.73190,0.73620,0.72870
2015/08/20,Thu,0.73480,0.73360,0.73730,0.72840
2015/08/19,Wed,0.73410,0.73450,0.73770,0.73110
2015/08/18,Tue,0.73710,0.73380,0.73880,0.73190
2015/08/17,Mon,0.73810,0.73660,0.73920,0.73420
2015/08/16,Sun,,,,
2015/08/15,Sat,,,,
2015/08/14,Fri,0.73620,0.73690,0.74000,0.73540
2015/08/13,Thu,0.73790,0.73550,0.74100,0.73230
2015/08/12,Wed,0.73050,0.73750,0.73900,0.72180
2015/08/11,Tue,0.74130,0.73020,0.74410,0.72820
2015/08/10,Mon,0.74130,0.74100,0.74240,0.73520
2015/08/09,Sun,,,,
2015/08/08,Sat,,,,
2015/08/07,Fri,0.73460,0.74160,0.74220,0.73330
2015/08/06,Thu,0.73590,0.73430,0.73900,0.73140
2015/08/05,Wed,0.73810,0.73530,0.73960,0.73340
2015/08/04,Tue,0.72860,0.73780,0.74310,0.72630
2015/08/03,Mon,0.73080,0.72840,0.73240,0.72590
2015/08/02,Sun,,,,
2015/08/01,Sat,,,,
2015/07/31,Fri,0.72920,0.73020,0.73670,0.72340
2015/07/30,Thu,0.72950,0.72900,0.73250,0.72540
2015/07/29,Wed,0.73370,0.72910,0.73530,0.72810
2015/07/28,Tue,0.72700,0.73340,0.73480,0.72560
2015/07/27,Mon,0.72800,0.72680,0.73270,0.72640
2015/07/26,Sun,,,,
2015/07/25,Sat,,,,
2015/07/24,Fri,0.73530,0.72800,0.73630,0.72590
2015/07/23,Thu,0.73740,0.73520,0.74210,0.73500
2015/07/22,Wed,0.74180,0.73730,0.74400,0.73600
2015/07/21,Tue,0.73700,0.74170,0.74510,0.73400
2015/07/20,Mon,0.73780,0.73670,0.74000,0.73280
2015/07/19,Sun,,,,
2015/07/18,Sat,,,,
2015/07/17,Fri,0.74040,0.73700,0.74210,0.73670
2015/07/16,Thu,0.73790,0.74000,0.74390,0.73490
2015/07/15,Wed,0.74540,0.73760,0.74900,0.73530
2015/07/14,Tue,0.74070,0.74470,0.74810,0.73870
2015/07/13,Mon,0.74220,0.74050,0.74690,0.73820
2015/07/12,Sun,,,,
2015/07/11,Sat,,,,
2015/07/10,Fri,0.74480,0.74360,0.74990,0.74080
2015/07/09,Thu,0.74280,0.74420,0.74940,0.73920
2015/07/08,Wed,0.74520,0.74270,0.74610,0.73710
2015/07/07,Tue,0.74990,0.74470,0.75040,0.73960
2015/07/06,Mon,0.74850,0.74950,0.75340,0.74510
2015/07/05,Sun,,,,
2015/07/04,Sat,,,,
2015/07/03,Fri,0.76340,0.75080,0.76500,0.75080
2015/07/02,Thu,0.76440,0.76280,0.76580,0.75890
2015/07/01,Wed,0.77070,0.76430,0.77400,0.76370
2015/06/30,Tue,0.76810,0.77040,0.77270,0.76590
2015/06/29,Mon,0.76280,0.76730,0.77150,0.75870
2015/06/28,Sun,,,,
2015/06/27,Sat,,,,
2015/06/26,Fri,0.77390,0.76530,0.77440,0.76290
2015/06/25,Thu,0.77030,0.77330,0.77550,0.76960
2015/06/24,Wed,0.77370,0.77000,0.77740,0.76820
2015/06/23,Tue,0.77280,0.77320,0.77510,0.76790
2015/06/22,Mon,0.77620,0.77260,0.77980,0.77200
2015/06/21,Sun,,,,
2015/06/20,Sat,,,,
2015/06/19,Fri,0.77980,0.77680,0.78120,0.77360
2015/06/18,Thu,0.77480,0.77960,0.78500,0.77100
2015/06/17,Wed,0.77530,0.77440,0.77720,0.76460
2015/06/16,Tue,0.77660,0.77470,0.77810,0.77210
2015/06/15,Mon,0.77250,0.77610,0.77790,0.77030
2015/06/14,Sun,,,,
2015/06/13,Sat,,,,
2015/06/12,Fri,0.77550,0.77230,0.77620,0.76770
2015/06/11,Thu,0.77650,0.77530,0.77940,0.76940
2015/06/10,Wed,0.76910,0.77580,0.77880,0.76350
2015/06/09,Tue,0.77030,0.76870,0.77200,0.76460
2015/06/08,Mon,0.76210,0.76990,0.77150,0.76030
2015/06/07,Sun,,,,
2015/06/06,Sat,,,,
2015/06/05,Fri,0.76890,0.76270,0.77280,0.75980
2015/06/04,Thu,0.77860,0.76870,0.77910,0.76630
2015/06/03,Wed,0.77730,0.77840,0.78200,0.77510
2015/06/02,Tue,0.76070,0.77680,0.77920,0.76020
2015/06/01,Mon,0.76440,0.76040,0.76710,0.75970
2015/05/31,Sun,,,,
2015/05/30,Sat,,,,
2015/05/29,Fri,0.76500,0.76360,0.76760,0.76290
2015/05/28,Thu,0.77290,0.76430,0.77630,0.76170
2015/05/27,Wed,0.77360,0.77210,0.77710,0.76910
2015/05/26,Tue,0.78230,0.77340,0.78410,0.77260
2015/05/25,Mon,0.78300,0.78220,0.78420,0.78030
2015/05/24,Sun,,,,
2015/05/23,Sat,,,,
2015/05/22,Fri,0.78950,0.78270,0.79340,0.78080
2015/05/21,Thu,0.78750,0.78920,0.79150,0.78640
2015/05/20,Wed,0.79160,0.78710,0.79370,0.78590
2015/05/19,Tue,0.79920,0.79130,0.80130,0.79050
2015/05/18,Mon,0.80300,0.79840,0.80530,0.79750
2015/05/17,Sun,,,,
2015/05/16,Sat,,,,
2015/05/15,Fri,0.80790,0.80290,0.80910,0.79950
2015/05/14,Thu,0.81130,0.80740,0.81640,0.80620
2015/05/13,Wed,0.79740,0.81100,0.81260,0.79540
2015/05/12,Tue,0.78910,0.79710,0.80020,0.78850
2015/05/11,Mon,0.79480,0.78870,0.79500,0.78760
2015/05/10,Sun,,,,
2015/05/09,Sat,,,,
2015/05/08,Fri,0.79070,0.79270,0.79700,0.78620
2015/05/07,Thu,0.79710,0.79040,0.80060,0.78890
2015/05/06,Wed,0.79430,0.79670,0.80330,0.79170
2015/05/05,Tue,0.78370,0.79400,0.79580,0.77960
2015/05/04,Mon,0.78360,0.78350,0.78540,0.78020
2015/05/03,Sun,,,,
2015/05/02,Sat,,,,
2015/05/01,Fri,0.79050,0.78490,0.79200,0.78030
2015/04/30,Thu,0.80070,0.78970,0.80240,0.78620
2015/04/29,Wed,0.80220,0.80070,0.80770,0.79750
2015/04/28,Tue,0.78580,0.80220,0.80300,0.78330
2015/04/27,Mon,0.78210,0.78560,0.78740,0.77910
2015/04/26,Sun,,,,
2015/04/25,Sat,,,,
2015/04/24,Fri,0.77780,0.78120,0.78430,0.77640
2015/04/23,Thu,0.77550,0.77770,0.77930,0.77100
2015/04/22,Wed,0.77100,0.77510,0.78090,0.77040
2015/04/21,Tue,0.77250,0.77070,0.77560,0.76820
2015/04/20,Mon,0.78350,0.77190,0.78450,0.77050
2015/04/19,Sun,,,,
2015/04/18,Sat,,,,
2015/04/17,Fri,0.78040,0.77700,0.78450,0.77570
2015/04/16,Thu,0.76830,0.78000,0.78250,0.76710
2015/04/15,Wed,0.76260,0.76790,0.77020,0.75710
2015/04/14,Tue,0.75910,0.76240,0.76510,0.75540
2015/04/13,Mon,0.76780,0.75890,0.76840,0.75520
2015/04/12,Sun,,,,
2015/04/11,Sat,,,,
2015/04/10,Fri,0.76920,0.76760,0.77230,0.76370
2015/04/09,Thu,0.76840,0.76920,0.77410,0.76580
2015/04/08,Wed,0.76330,0.76810,0.77300,0.76300
2015/04/07,Tue,0.75930,0.76310,0.77130,0.75760
2015/04/06,Mon,0.76170,0.75890,0.76700,0.75790
2015/04/05,Sun,,,,
2015/04/04,Sat,,,,
2015/04/03,Fri,0.75920,0.76290,0.76930,0.75700
2015/04/02,Thu,0.76010,0.75890,0.76120,0.75320
2015/04/01,Wed,0.76070,0.75970,0.76650,0.75810
2015/03/31,Tue,0.76540,0.76050,0.76660,0.75900
2015/03/30,Mon,0.77470,0.76470,0.77640,0.76320
2015/03/29,Sun,,,,
2015/03/28,Sat,,,,
2015/03/27,Fri,0.78280,0.77440,0.78390,0.77420
2015/03/26,Thu,0.78430,0.78260,0.78870,0.78000
2015/03/25,Wed,0.78770,0.78420,0.79070,0.78280
2015/03/24,Tue,0.78810,0.78740,0.79390,0.78380
2015/03/23,Mon,0.77800,0.78800,0.79010,0.77630
2015/03/22,Sun,,,,
2015/03/21,Sat,,,,
2015/03/20,Fri,0.76490,0.77660,0.78050,0.76420
2015/03/19,Thu,0.77750,0.76430,0.78090,0.76110
2015/03/18,Wed,0.76170,0.77690,0.78450,0.75900
2015/03/17,Tue,0.76390,0.76170,0.76680,0.76040
2015/03/16,Mon,0.76350,0.76380,0.76820,0.76100
2015/03/15,Sun,,,,
2015/03/14,Sat,,,,
2015/03/13,Fri,0.77100,0.76310,0.77140,0.76090
2015/03/12,Thu,0.75940,0.77070,0.77320,0.75720
2015/03/11,Wed,0.76260,0.75930,0.76460,0.75600
2015/03/10,Tue,0.77020,0.76190,0.77120,0.76040
2015/03/09,Mon,0.77040,0.77010,0.77420,0.76830
2015/03/08,Sun,,,,
2015/03/07,Sat,,,,
2015/03/06,Fri,0.77830,0.77110,0.78480,0.77050
2015/03/05,Thu,0.78170,0.77790,0.78410,0.77530
2015/03/04,Wed,0.78180,0.78120,0.78620,0.77970
2015/03/03,Tue,0.77690,0.78120,0.78470,0.77500
2015/03/02,Mon,0.78390,0.77650,0.78480,0.77550
2015/03/01,Sun,,,,
2015/02/28,Sat,,,,
2015/02/27,Fri,0.78000,0.78090,0.78370,0.77760
2015/02/26,Thu,0.78870,0.77990,0.79150,0.77830
2015/02/25,Wed,0.78330,0.78820,0.79040,0.78230
2015/02/24,Tue,0.78030,0.78270,0.78390,0.77380
2015/02/23,Mon,0.78470,0.77970,0.78520,0.77800
2015/02/22,Sun,,,,
2015/02/21,Sat,,,,
2015/02/20,Fri,0.77930,0.78410,0.78510,0.77880
2015/02/19,Thu,0.78110,0.77910,0.78440,0.77560
2015/02/18,Wed,0.78180,0.78100,0.78390,0.77720
2015/02/17,Tue,0.77720,0.78170,0.78310,0.77470
2015/02/16,Mon,0.77650,0.77680,0.77960,0.77500
2015/02/15,Sun,,,,
2015/02/14,Sat,,,,
2015/02/13,Fri,0.77370,0.77680,0.77940,0.77230
2015/02/12,Thu,0.77190,0.77330,0.77810,0.76430
2015/02/11,Wed,0.77700,0.77170,0.77960,0.76930
2015/02/10,Tue,0.77980,0.77690,0.78430,0.77470
2015/02/09,Mon,0.77690,0.77970,0.78370,0.77470
2015/02/08,Sun,,,,
2015/02/07,Sat,,,,
2015/02/06,Fri,0.77980,0.77920,0.78770,0.77770
2015/02/05,Thu,0.77530,0.77940,0.78270,0.77340
2015/02/04,Wed,0.77930,0.77490,0.78510,0.77420
2015/02/03,Tue,0.78040,0.77910,0.78500,0.76250
2015/02/02,Mon,0.77350,0.78010,0.78320,0.77260
2015/02/01,Sun,,,,
2015/01/31,Sat,,,,
2015/01/30,Fri,0.77620,0.77660,0.77990,0.77300
2015/01/29,Thu,0.78890,0.77580,0.79070,0.77190
2015/01/28,Wed,0.79380,0.78860,0.80280,0.78830
2015/01/27,Tue,0.79260,0.79320,0.79770,0.79050
2015/01/26,Mon,0.78940,0.79240,0.79360,0.78530
2015/01/25,Sun,,,,
2015/01/24,Sat,,,,
2015/01/23,Fri,0.80280,0.79040,0.80510,0.78810
2015/01/22,Thu,0.80850,0.80230,0.81380,0.79950
2015/01/21,Wed,0.81720,0.80840,0.82360,0.80770
2015/01/20,Tue,0.82120,0.81680,0.82200,0.81590
2015/01/19,Mon,0.82220,0.82110,0.82450,0.81950
2015/01/18,Sun,,,,
2015/01/17,Sat,,,,
2015/01/16,Fri,0.82160,0.82240,0.82580,0.81680
2015/01/15,Thu,0.81510,0.82130,0.82970,0.81320
2015/01/14,Wed,0.81660,0.81460,0.81900,0.80680
2015/01/13,Tue,0.81570,0.81650,0.81990,0.81270
2015/01/12,Mon,0.82050,0.81560,0.82570,0.81310
2015/01/11,Sun,,,,
2015/01/10,Sat,,,,
2015/01/09,Fri,0.81230,0.82000,0.82110,0.81060
2015/01/08,Thu,0.80790,0.81220,0.81330,0.80700
2015/01/07,Wed,0.80840,0.80770,0.80930,0.80330
2015/01/06,Tue,0.80830,0.80840,0.81590,0.80800
2015/01/05,Mon,0.80790,0.80820,0.81100,0.80350
2015/01/04,Sun,,,,
2015/01/03,Sat,,,,
2015/01/02,Fri,0.81830,0.80870,0.81860,0.80790
2015/01/01,Thu,0.81630,0.81770,0.81860,0.81590
2014/12/31,Wed,0.81820,0.81680,0.82170,0.81560
2014/12/30,Tue,0.81330,0.81810,0.82060,0.81210
2014/12/29,Mon,0.81170,0.81300,0.81650,0.81090
2014/12/28,Sun,,,,
2014/12/27,Sat,,,,
2014/12/26,Fri,0.81170,0.81150,0.81350,0.81040
2014/12/25,Thu,0.81090,0.81110,0.81320,0.81040
2014/12/24,Wed,0.81050,0.81040,0.81250,0.80960
2014/12/23,Tue,0.81350,0.81010,0.81460,0.80870
2014/12/22,Mon,0.81440,0.81320,0.81760,0.81240
2014/12/21,Sun,,,,
2014/12/20,Sat,,,,
2014/12/19,Fri,0.81650,0.81410,0.81950,0.81200
2014/12/18,Thu,0.81240,0.81640,0.82050,0.81160
2014/12/17,Wed,0.82180,0.81200,0.82380,0.81070
2014/12/16,Tue,0.82140,0.82170,0.82760,0.81990
2014/12/15,Mon,0.82470,0.82080,0.82700,0.82000
2014/12/14,Sun,,,,
2014/12/13,Sat,,,,
2014/12/12,Fri,0.82710,0.82400,0.83010,0.82260
2014/12/11,Thu,0.83180,0.82710,0.83770,0.82140
2014/12/10,Wed,0.82930,0.83170,0.83500,0.82630
2014/12/09,Tue,0.82940,0.82910,0.83730,0.82230
2014/12/08,Mon,0.82960,0.82920,0.83250,0.82600
2014/12/07,Sun,,,,
2014/12/06,Sat,,,,
2014/12/05,Fri,0.83850,0.83230,0.83940,0.83140
2014/12/04,Thu,0.84040,0.83810,0.84310,0.83550
2014/12/03,Wed,0.84460,0.84010,0.84680,0.83880
2014/12/02,Tue,0.84920,0.84390,0.85450,0.84320
2014/12/01,Mon,0.84970,0.84890,0.85340,0.84180
2014/11/30,Sun,,,,
2014/11/29,Sat,,,,
2014/11/28,Fri,0.85450,0.85090,0.85490,0.84850
2014/11/27,Thu,0.85470,0.85410,0.86180,0.85280
2014/11/26,Wed,0.85310,0.85460,0.85680,0.84790
2014/11/25,Tue,0.86180,0.85260,0.86210,0.85130
2014/11/24,Mon,0.86700,0.86130,0.87020,0.86010
2014/11/23,Sun,,,,
2014/11/22,Sat,,,,
2014/11/21,Fri,0.86210,0.86650,0.87250,0.86050
2014/11/20,Thu,0.86180,0.86160,0.86440,0.85660
2014/11/19,Wed,0.87200,0.86170,0.87230,0.86010
2014/11/18,Tue,0.87080,0.87160,0.87490,0.86820
2014/11/17,Mon,0.87560,0.87080,0.87960,0.86950
2014/11/16,Sun,,,,
2014/11/15,Sat,,,,
2014/11/14,Fri,0.87240,0.87430,0.87750,0.86490
2014/11/13,Thu,0.87200,0.87200,0.87670,0.86720
2014/11/12,Wed,0.86860,0.87170,0.87470,0.86650
2014/11/11,Tue,0.86210,0.86850,0.87220,0.85900
2014/11/10,Mon,0.86370,0.86190,0.86850,0.86070
2014/11/09,Sun,,,,
2014/11/08,Sat,,,,
2014/11/07,Fri,0.85620,0.86320,0.86590,0.85400
2014/11/06,Thu,0.85960,0.85570,0.86290,0.85530
2014/11/05,Wed,0.87390,0.85900,0.87640,0.85640
2014/11/04,Tue,0.86810,0.87380,0.87520,0.86460
2014/11/03,Mon,0.87480,0.86780,0.87630,0.86760
2014/11/02,Sun,,,,
2014/11/01,Sat,,,,
2014/10/31,Fri,0.88350,0.87940,0.88530,0.87630
2014/10/30,Thu,0.87980,0.88290,0.88420,0.87550
2014/10/29,Wed,0.88560,0.87970,0.89130,0.87750
2014/10/28,Tue,0.88020,0.88540,0.88830,0.87940
2014/10/27,Mon,0.87950,0.88010,0.88250,0.87880
2014/10/26,Sun,,,,
2014/10/25,Sat,,,,
2014/10/24,Fri,0.87620,0.87940,0.88270,0.87180
2014/10/23,Thu,0.87790,0.87600,0.88090,0.87480
2014/10/22,Wed,0.87790,0.87750,0.88180,0.87520
2014/10/21,Tue,0.87830,0.87780,0.88350,0.87670
2014/10/20,Mon,0.87470,0.87800,0.88040,0.87440
2014/10/19,Sun,,,,
2014/10/18,Sat,,,,
2014/10/17,Fri,0.87570,0.87430,0.88130,0.87330
2014/10/16,Thu,0.88310,0.87560,0.88330,0.86860
2014/10/15,Wed,0.87130,0.88240,0.88620,0.86750
2014/10/14,Tue,0.87730,0.87120,0.88140,0.86930
2014/10/13,Mon,0.86930,0.87680,0.87900,0.86510
2014/10/12,Sun,,,,
2014/10/11,Sat,,,,
2014/10/10,Fri,0.87830,0.86810,0.87880,0.86790
2014/10/09,Thu,0.88410,0.87780,0.89010,0.87630
2014/10/08,Wed,0.88170,0.88400,0.88540,0.87330
2014/10/07,Tue,0.87640,0.88160,0.88350,0.87270
2014/10/06,Mon,0.86750,0.87610,0.87850,0.86510
2014/10/05,Sun,,,,
2014/10/04,Sat,,,,
2014/10/03,Fri,0.88040,0.86730,0.88080,0.86420
2014/10/02,Thu,0.87370,0.88030,0.88290,0.87230
2014/10/01,Wed,0.87460,0.87370,0.87520,0.86620
2014/09/30,Tue,0.87180,0.87450,0.87700,0.86930
2014/09/29,Mon,0.87690,0.87130,0.87770,0.86840
2014/09/28,Sun,,,,
2014/09/27,Sat,,,,
2014/09/26,Fri,0.87880,0.87630,0.88140,0.87480
2014/09/25,Thu,0.88860,0.87860,0.88900,0.87730
2014/09/24,Wed,0.88400,0.88810,0.89000,0.88370
2014/09/23,Tue,0.88750,0.88390,0.89300,0.88310
2014/09/22,Mon,0.89260,0.88700,0.89510,0.88520
2014/09/21,Sun,,,,
2014/09/20,Sat,,,,
2014/09/19,Fri,0.89920,0.89210,0.90040,0.89200
2014/09/18,Thu,0.89600,0.89900,0.89980,0.89270
2014/09/17,Wed,0.90940,0.89580,0.90990,0.89500
2014/09/16,Tue,0.90280,0.90940,0.91140,0.89880
2014/09/15,Mon,0.90190,0.90270,0.90520,0.89830
2014/09/14,Sun,,,,
2014/09/13,Sat,,,,
2014/09/12,Fri,0.91010,0.90370,0.91110,0.90300
2014/09/11,Thu,0.91550,0.90990,0.92190,0.90870
2014/09/10,Wed,0.92050,0.91540,0.92190,0.91120
2014/09/09,Tue,0.92820,0.92000,0.92910,0.91880
2014/09/08,Mon,0.93680,0.92780,0.93760,0.92760
2014/09/07,Sun,,,,
2014/09/06,Sat,,,,
2014/09/05,Fri,0.93500,0.93760,0.94030,0.93320
2014/09/04,Thu,0.93470,0.93460,0.93950,0.93290
2014/09/03,Wed,0.92740,0.93420,0.93530,0.92630
2014/09/02,Tue,0.93320,0.92740,0.93390,0.92670
2014/09/01,Mon,0.93290,0.93310,0.93540,0.93180
2014/08/31,Sun,,,,
2014/08/30,Sat,,,,
2014/08/29,Fri,0.93570,0.93330,0.93650,0.93300
2014/08/28,Thu,0.93360,0.93510,0.93760,0.93300
2014/08/27,Wed,0.93070,0.93360,0.93540,0.93000
2014/08/26,Tue,0.92980,0.93030,0.93330,0.92710
2014/08/25,Mon,0.93180,0.92920,0.93260,0.92890
2014/08/24,Sun,,,,
2014/08/23,Sat,,,,
2014/08/22,Fri,0.93050,0.93100,0.93320,0.92920
2014/08/21,Thu,0.92870,0.92970,0.93130,0.92400
2014/08/20,Wed,0.93020,0.92860,0.93200,0.92750
2014/08/19,Tue,0.93260,0.92990,0.93470,0.93000
2014/08/18,Mon,0.93210,0.93170,0.93360,0.93070
2014/08/17,Sun,,,,
2014/08/16,Sat,,,,
2014/08/15,Fri,0.93180,0.93160,0.93370,0.92970
2014/08/14,Thu,0.93050,0.93170,0.93300,0.92870
2014/08/13,Wed,0.92690,0.93020,0.93220,0.92610
2014/08/12,Tue,0.92620,0.92640,0.92790,0.92470
2014/08/11,Mon,0.92750,0.92610,0.92880,0.92570
2014/08/10,Sun,,,,
2014/08/09,Sat,,,,
2014/08/08,Fri,0.92720,0.92770,0.92890,0.92380
2014/08/07,Thu,0.93540,0.92700,0.93600,0.92580
2014/08/06,Wed,0.93030,0.93530,0.93740,0.92910
2014/08/05,Tue,0.93360,0.93020,0.93450,0.92920
2014/08/04,Mon,0.93150,0.93320,0.93390,0.93050
2014/08/03,Sun,,,,
2014/08/02,Sat,,,,
2014/08/01,Fri,0.92950,0.93060,0.93380,0.92740
2014/07/31,Thu,0.93290,0.92950,0.93340,0.92780
2014/07/30,Wed,0.93840,0.93290,0.93910,0.93040
2014/07/29,Tue,0.94070,0.93820,0.94180,0.93730
2014/07/28,Mon,0.94010,0.94050,0.94160,0.93830
2014/07/27,Sun,,,,
2014/07/26,Sat,,,,
2014/07/25,Fri,0.94190,0.93930,0.94260,0.93910
2014/07/24,Thu,0.94560,0.94180,0.94720,0.94110
2014/07/23,Wed,0.93940,0.94520,0.94640,0.93800
2014/07/22,Tue,0.93730,0.93900,0.94240,0.93600
2014/07/21,Mon,0.93910,0.93720,0.94030,0.93700
2014/07/20,Sun,,,,
2014/07/19,Sat,,,,
2014/07/18,Fri,0.93520,0.93880,0.94120,0.93350
2014/07/17,Thu,0.93680,0.93510,0.93940,0.93440
2014/07/16,Wed,0.93710,0.93670,0.93760,0.93290
2014/07/15,Tue,0.93950,0.93660,0.94030,0.93480
2014/07/14,Mon,0.93900,0.93930,0.94060,0.93730
2014/07/13,Sun,,,,
2014/07/12,Sat,,,,
2014/07/11,Fri,0.93950,0.93900,0.94110,0.93750
2014/07/10,Thu,0.94140,0.93900,0.94550,0.93600
2014/07/09,Wed,0.94010,0.94080,0.94270,0.93830
2014/07/08,Tue,0.93750,0.93980,0.94170,0.93640
2014/07/07,Mon,0.93680,0.93720,0.93790,0.93410
2014/07/06,Sun,,,,
2014/07/05,Sat,,,,
2014/07/04,Fri,0.93450,0.93590,0.93720,0.93420
2014/07/03,Thu,0.94430,0.93440,0.94470,0.93290
2014/07/02,Wed,0.94970,0.94430,0.95020,0.94290
2014/07/01,Tue,0.94350,0.94960,0.95070,0.94120
2014/06/30,Mon,0.94240,0.94300,0.94410,0.93870
2014/06/29,Sun,,,,
2014/06/28,Sat,,,,
2014/06/27,Fri,0.94150,0.94190,0.94430,0.94040
2014/06/26,Thu,0.94100,0.94090,0.94210,0.93950
2014/06/25,Wed,0.93680,0.94030,0.94110,0.93530
2014/06/24,Tue,0.94220,0.93620,0.94330,0.93640
2014/06/23,Mon,0.93690,0.94190,0.94480,0.93680
2014/06/22,Sun,,,,
2014/06/21,Sat,,,,
2014/06/20,Fri,0.93990,0.93860,0.94160,0.93770
2014/06/19,Thu,0.94080,0.93960,0.94340,0.93890
2014/06/18,Wed,0.93360,0.94050,0.94140,0.93210
2014/06/17,Tue,0.94010,0.93330,0.94050,0.93290
2014/06/16,Mon,0.93990,0.94000,0.94190,0.93730
2014/06/15,Sun,,,,
2014/06/14,Sat,,,,
2014/06/13,Fri,0.94270,0.93990,0.94300,0.93740
2014/06/12,Thu,0.93810,0.94240,0.94400,0.93580
2014/06/11,Wed,0.93740,0.93810,0.94090,0.93630
2014/06/10,Tue,0.93560,0.93720,0.93860,0.93400
2014/06/09,Mon,0.93370,0.93550,0.93660,0.93290
2014/06/08,Sun,,,,
2014/06/07,Sat,,,,
2014/06/06,Fri,0.93410,0.93320,0.93600,0.93180
2014/06/05,Thu,0.92780,0.93390,0.93490,0.92570
2014/06/04,Wed,0.92650,0.92750,0.92950,0.92510
2014/06/03,Tue,0.92470,0.92610,0.92900,0.92310
2014/06/02,Mon,0.93150,0.92460,0.93230,0.92340
2014/06/01,Sun,,,,
2014/05/31,Sat,,,,
2014/05/30,Fri,0.93090,0.93090,0.93310,0.92880
2014/05/29,Thu,0.92360,0.93070,0.93150,0.92130
2014/05/28,Wed,0.92590,0.92350,0.92730,0.92130
2014/05/27,Tue,0.92370,0.92570,0.92790,0.92310
2014/05/26,Mon,0.92320,0.92360,0.92520,0.92290
2014/05/25,Sun,,,,
2014/05/24,Sat,,,,
2014/05/23,Fri,0.92230,0.92260,0.92510,0.92130
2014/05/22,Thu,0.92520,0.92220,0.92750,0.92120
2014/05/21,Wed,0.92430,0.92490,0.92550,0.92080
2014/05/20,Tue,0.93300,0.92410,0.93370,0.92390
2014/05/19,Mon,0.93610,0.93300,0.93780,0.93240
2014/05/18,Sun,,,,
2014/05/17,Sat,,,,
2014/05/16,Fri,0.93580,0.93610,0.93740,0.93340
2014/05/15,Thu,0.93790,0.93560,0.93960,0.93270
2014/05/14,Wed,0.93620,0.93730,0.94110,0.93530
2014/05/13,Tue,0.93600,0.93570,0.93850,0.93320
2014/05/12,Mon,0.93590,0.93570,0.93880,0.93470
2014/05/11,Sun,,,,
2014/05/10,Sat,,,,
2014/05/09,Fri,0.93750,0.93600,0.93810,0.93460
2014/05/08,Thu,0.93270,0.93680,0.93970,0.93180
2014/05/07,Wed,0.93500,0.93260,0.93560,0.93180
2014/05/06,Tue,0.92740,0.93470,0.93700,0.92690
2014/05/05,Mon,0.92750,0.92690,0.93170,0.92520
2014/05/04,Sun,,,,
2014/05/03,Sat,,,,
2014/05/02,Fri,0.92760,0.92740,0.92820,0.92020
2014/05/01,Thu,0.92870,0.92740,0.93150,0.92600
2014/04/30,Wed,0.92690,0.92830,0.93030,0.92510
2014/04/29,Tue,0.92580,0.92680,0.92830,0.92270
2014/04/28,Mon,0.92780,0.92570,0.93190,0.92430
2014/04/27,Sun,,,,
2014/04/26,Sat,,,,
2014/04/25,Fri,0.92650,0.92750,0.93000,0.92530
2014/04/24,Thu,0.92900,0.92620,0.93030,0.92510
2014/04/23,Wed,0.93670,0.92890,0.93790,0.92670
2014/04/22,Tue,0.93280,0.93670,0.93800,0.93200
2014/04/21,Mon,0.93350,0.93260,0.93480,0.93150
2014/04/20,Sun,,,,
2014/04/19,Sat,,,,
2014/04/18,Fri,0.93290,0.93280,0.93440,0.93220
2014/04/17,Thu,0.93700,0.93250,0.93920,0.93200
2014/04/16,Wed,0.93620,0.93700,0.93900,0.93310
2014/04/15,Tue,0.94240,0.93580,0.94270,0.93350
2014/04/14,Mon,0.93900,0.94200,0.94280,0.93750
2014/04/13,Sun,,,,
2014/04/12,Sat,,,,
2014/04/11,Fri,0.94130,0.93920,0.94290,0.93630
2014/04/10,Thu,0.93910,0.94130,0.94640,0.93700
2014/04/09,Wed,0.93620,0.93860,0.94010,0.93350
2014/04/08,Tue,0.92720,0.93600,0.93690,0.92610
2014/04/07,Mon,0.92960,0.92700,0.93030,0.92530
2014/04/06,Sun,,,,
2014/04/05,Sat,,,,
2014/04/04,Fri,0.92310,0.92910,0.93090,0.92210
2014/04/03,Thu,0.92480,0.92290,0.92570,0.92050
2014/04/02,Wed,0.92460,0.92470,0.92660,0.92220
2014/04/01,Tue,0.92640,0.92450,0.92990,0.92290
2014/03/31,Mon,0.92480,0.92620,0.92790,0.92180
2014/03/30,Sun,,,,
2014/03/29,Sat,,,,
2014/03/28,Fri,0.92620,0.92470,0.92970,0.92360
2014/03/27,Thu,0.92260,0.92590,0.92740,0.92130
2014/03/26,Wed,0.91660,0.92190,0.92470,0.91530
2014/03/25,Tue,0.91330,0.91630,0.91760,0.91190
2014/03/24,Mon,0.90900,0.91320,0.91520,0.90530
2014/03/23,Sun,,,,
2014/03/22,Sat,,,,
2014/03/21,Fri,0.90380,0.90790,0.91030,0.90310
2014/03/20,Thu,0.90420,0.90380,0.90550,0.89940
2014/03/19,Wed,0.91270,0.90400,0.91400,0.90190
2014/03/18,Tue,0.90880,0.91270,0.91380,0.90630
2014/03/17,Mon,0.90130,0.90860,0.91000,0.89920
2014/03/16,Sun,,,,
2014/03/15,Sat,,,,
2014/03/14,Fri,0.90320,0.90240,0.90520,0.89970
2014/03/13,Thu,0.89880,0.90300,0.91060,0.89840
2014/03/12,Wed,0.89770,0.89850,0.89960,0.89240
2014/03/11,Tue,0.90200,0.89720,0.90530,0.89600
2014/03/10,Mon,0.90560,0.90150,0.90650,0.90110
2014/03/09,Sun,,,,
2014/03/08,Sat,,,,
2014/03/07,Fri,0.90920,0.90710,0.91360,0.90600
2014/03/06,Thu,0.89850,0.90850,0.91140,0.89720
2014/03/05,Wed,0.89500,0.89850,0.89970,0.89420
2014/03/04,Tue,0.89380,0.89490,0.89700,0.89090
2014/03/03,Mon,0.89110,0.89360,0.89490,0.88900
2014/03/02,Sun,,,,
2014/03/01,Sat,,,,
2014/02/28,Fri,0.89650,0.89260,0.89910,0.89140
2014/02/27,Thu,0.89700,0.89610,0.89720,0.89040
2014/02/26,Wed,0.90190,0.89630,0.90280,0.89430
2014/02/25,Tue,0.90350,0.90190,0.90450,0.90030
2014/02/24,Mon,0.89830,0.90350,0.90520,0.89370
2014/02/23,Sun,,,,
2014/02/22,Sat,,,,
2014/02/21,Fri,0.90060,0.89740,0.90160,0.89510
2014/02/20,Thu,0.90000,0.90050,0.90230,0.89360
2014/02/19,Wed,0.90270,0.89970,0.90470,0.89890
2014/02/18,Tue,0.90330,0.90230,0.90810,0.90010
2014/02/17,Mon,0.90530,0.90310,0.90700,0.90220
2014/02/16,Sun,,,,
2014/02/15,Sat,,,,
2014/02/14,Fri,0.89780,0.90280,0.90420,0.89670
2014/02/13,Thu,0.90270,0.89770,0.90330,0.89260
2014/02/12,Wed,0.90390,0.90240,0.90690,0.90060
2014/02/11,Tue,0.89490,0.90360,0.90500,0.89400
2014/02/10,Mon,0.89650,0.89460,0.89650,0.89070
2014/02/09,Sun,,,,
2014/02/08,Sat,,,,
2014/02/07,Fri,0.89570,0.89550,0.90000,0.89220
2014/02/06,Thu,0.89110,0.89540,0.89820,0.89080
2014/02/05,Wed,0.89270,0.89040,0.89410,0.88720
2014/02/04,Tue,0.87540,0.89240,0.89440,0.87300
2014/02/03,Mon,0.87530,0.87470,0.88360,0.87380
2014/02/02,Sun,,,,
2014/02/01,Sat,,,,
2014/01/31,Fri,0.87930,0.87530,0.88250,0.86940
2014/01/30,Thu,0.87390,0.87900,0.88030,0.87100
2014/01/29,Wed,0.87780,0.87390,0.88270,0.87240
2014/01/28,Tue,0.87390,0.87760,0.88230,0.87250
2014/01/27,Mon,0.86920,0.87350,0.87620,0.86770
2014/01/26,Sun,,,,
2014/01/25,Sat,,,,
2014/01/24,Fri,0.87690,0.86810,0.87770,0.86600
2014/01/23,Thu,0.88520,0.87670,0.88540,0.87320
2014/01/22,Wed,0.88050,0.88510,0.88900,0.87870
2014/01/21,Tue,0.88110,0.88050,0.88380,0.87740
2014/01/20,Mon,0.87750,0.88090,0.88230,0.87560
2014/01/19,Sun,,,,
2014/01/18,Sat,,,,
2014/01/17,Fri,0.88210,0.87780,0.88290,0.87620
2014/01/16,Thu,0.89150,0.88190,0.89190,0.87750
2014/01/15,Wed,0.89670,0.89140,0.89720,0.88870
2014/01/14,Tue,0.90540,0.89660,0.90610,0.89540
2014/01/13,Mon,0.90030,0.90520,0.90890,0.89840
2014/01/12,Sun,,,,
2014/01/11,Sat,,,,
2014/01/10,Fri,0.89000,0.89930,0.90070,0.88750
2014/01/09,Thu,0.89010,0.88950,0.89140,0.88650
2014/01/08,Wed,0.89270,0.89010,0.89530,0.88950
2014/01/07,Tue,0.89680,0.89250,0.89730,0.88940
2014/01/06,Mon,0.89530,0.89620,0.89840,0.89340
2014/01/05,Sun,,,,
2014/01/04,Sat,,,,
2014/01/03,Fri,0.89110,0.89430,0.90070,0.88840
2014/01/02,Thu,0.88860,0.89050,0.89440,0.88420
2014/01/01,Wed,0.89150,0.88820,0.89220,0.88790
2013/12/31,Tue,0.89040,0.89130,0.89540,0.88970
2013/12/30,Mon,0.88700,0.89030,0.89310,0.88320
2013/12/29,Sun,,,,
2013/12/28,Sat,,,,
2013/12/27,Fri,0.88980,0.88680,0.89310,0.88600
2013/12/26,Thu,0.89220,0.88900,0.89300,0.88760
2013/12/25,Wed,0.89190,0.89120,0.89330,0.89100
2013/12/24,Tue,0.89340,0.89150,0.89420,0.89050
2013/12/23,Mon,0.89210,0.89340,0.89600,0.89160
2013/12/22,Sun,,,,
2013/12/21,Sat,,,,
2013/12/20,Fri,0.88670,0.89210,0.89350,0.88540
2013/12/19,Thu,0.88610,0.88660,0.88770,0.88230
2013/12/18,Wed,0.88990,0.88600,0.89460,0.88300
2013/12/17,Tue,0.89480,0.88920,0.89590,0.88810
2013/12/16,Mon,0.89630,0.89470,0.89720,0.89260
2013/12/15,Sun,,,,
2013/12/14,Sat,,,,
2013/12/13,Fri,0.89370,0.89620,0.89700,0.89080
2013/12/12,Thu,0.90490,0.89330,0.90790,0.89150
2013/12/11,Wed,0.91510,0.90480,0.91540,0.90450
2013/12/10,Tue,0.91110,0.91500,0.91700,0.90780
2013/12/09,Mon,0.91280,0.91120,0.91380,0.90700
2013/12/08,Sun,,,,
2013/12/07,Sat,,,,
2013/12/06,Fri,0.90630,0.91000,0.91200,0.89900
2013/12/05,Thu,0.90310,0.90620,0.90790,0.90020
2013/12/04,Wed,0.91370,0.90250,0.91430,0.89980
2013/12/03,Tue,0.91060,0.91360,0.91490,0.90570
2013/12/02,Mon,0.91100,0.91000,0.91710,0.90880
2013/12/01,Sun,,,,
2013/11/30,Sat,,,,
2013/11/29,Fri,0.91010,0.91100,0.91420,0.90550
2013/11/28,Thu,0.90800,0.90960,0.91520,0.90740
2013/11/27,Wed,0.91270,0.90770,0.91400,0.90640
2013/11/26,Tue,0.91610,0.91270,0.92070,0.90880
2013/11/25,Mon,0.91680,0.91580,0.91900,0.91190
2013/11/24,Sun,,,,
2013/11/23,Sat,,,,
2013/11/22,Fri,0.92340,0.91660,0.92510,0.91420
2013/11/21,Thu,0.93350,0.92330,0.93370,0.91990
2013/11/20,Wed,0.94350,0.93340,0.94490,0.93150
2013/11/19,Tue,0.93770,0.94330,0.94490,0.93520
2013/11/18,Mon,0.93680,0.93760,0.94210,0.93570
2013/11/17,Sun,,,,
2013/11/16,Sat,,,,
2013/11/15,Fri,0.93170,0.93680,0.93770,0.93040
2013/11/14,Thu,0.93590,0.93150,0.93870,0.92800
2013/11/13,Wed,0.93030,0.93580,0.93720,0.92780
2013/11/12,Tue,0.93590,0.93010,0.93700,0.92760
2013/11/11,Mon,0.93870,0.93580,0.93960,0.93430
2013/11/10,Sun,,,,
2013/11/09,Sat,,,,
2013/11/08,Fri,0.94550,0.93840,0.94820,0.93520
2013/11/07,Thu,0.95290,0.94530,0.95310,0.94390
2013/11/06,Wed,0.95070,0.95200,0.95450,0.94850
2013/11/05,Tue,0.95110,0.95040,0.95400,0.94620
2013/11/04,Mon,0.94420,0.95090,0.95170,0.94280
2013/11/03,Sun,,,,
2013/11/02,Sat,,,,
2013/11/01,Fri,0.94590,0.94370,0.94920,0.94210
2013/10/31,Thu,0.94830,0.94580,0.95280,0.94500
2013/10/30,Wed,0.94810,0.94780,0.95180,0.94400
2013/10/29,Tue,0.95720,0.94740,0.95770,0.94710
2013/10/28,Mon,0.95830,0.95680,0.96250,0.95550
2013/10/27,Sun,,,,
2013/10/26,Sat,,,,
2013/10/25,Fri,0.96240,0.95790,0.96270,0.95710
2013/10/24,Thu,0.96270,0.96200,0.96730,0.95710
2013/10/23,Wed,0.97080,0.96260,0.97570,0.96060
2013/10/22,Tue,0.96580,0.97060,0.97320,0.96430
2013/10/21,Mon,0.96690,0.96480,0.96820,0.96420
2013/10/20,Sun,,,,
2013/10/19,Sat,,,,
2013/10/18,Fri,0.96360,0.96750,0.96800,0.96040
2013/10/17,Thu,0.95510,0.96310,0.96490,0.95270
2013/10/16,Wed,0.95270,0.95510,0.95590,0.94990
2013/10/15,Tue,0.94890,0.95250,0.95500,0.94770
2013/10/14,Mon,0.94420,0.94870,0.95090,0.94120
2013/10/13,Sun,,,,
2013/10/12,Sat,,,,
2013/10/11,Fri,0.94520,0.94630,0.94870,0.94340
2013/10/10,Thu,0.94440,0.94510,0.94730,0.93890
2013/10/09,Wed,0.94240,0.94390,0.94670,0.94130
2013/10/08,Tue,0.94290,0.94180,0.94870,0.94110
2013/10/07,Mon,0.94500,0.94270,0.94530,0.93880
2013/10/06,Sun,,,,
2013/10/05,Sat,,,,
2013/10/04,Fri,0.93960,0.94310,0.94610,0.93870
2013/10/03,Thu,0.93860,0.93930,0.94170,0.93660
2013/10/02,Wed,0.93970,0.93830,0.94140,0.93340
2013/10/01,Tue,0.93180,0.93960,0.94380,0.92900
2013/09/30,Mon,0.93140,0.93120,0.93580,0.92800
2013/09/29,Sun,,,,
2013/09/28,Sat,,,,
2013/09/27,Fri,0.93630,0.93150,0.93760,0.92970
2013/09/26,Thu,0.93670,0.93600,0.94040,0.93390
2013/09/25,Wed,0.93910,0.93660,0.93950,0.93370
2013/09/24,Tue,0.94300,0.93920,0.94340,0.93640
2013/09/23,Mon,0.93680,0.94290,0.94590,0.93500
2013/09/22,Sun,,,,
2013/09/21,Sat,,,,
2013/09/20,Fri,0.94390,0.93930,0.94610,0.93770
2013/09/19,Thu,0.95190,0.94370,0.95270,0.94260
2013/09/18,Wed,0.93560,0.95170,0.95310,0.93350
2013/09/17,Tue,0.93190,0.93530,0.93680,0.92860
2013/09/16,Mon,0.92620,0.93180,0.93900,0.92570
2013/09/15,Sun,,,,
2013/09/14,Sat,,,,
2013/09/13,Fri,0.92710,0.92420,0.92760,0.92230
2013/09/12,Thu,0.93290,0.92660,0.93550,0.92280
2013/09/11,Wed,0.93120,0.93280,0.93410,0.92760
2013/09/10,Tue,0.92280,0.93080,0.93220,0.92170
2013/09/09,Mon,0.92030,0.92260,0.92430,0.91670
2013/09/08,Sun,,,,
2013/09/07,Sat,,,,
2013/09/06,Fri,0.91220,0.91810,0.92180,0.91160
2013/09/05,Thu,0.91730,0.91210,0.91890,0.91140
2013/09/04,Wed,0.90630,0.91660,0.91890,0.90380
2013/09/03,Tue,0.89780,0.90590,0.90740,0.89720
2013/09/02,Mon,0.89410,0.89730,0.90160,0.89240
2013/09/01,Sun,,,,
2013/08/31,Sat,,,,
2013/08/30,Fri,0.89310,0.88960,0.89600,0.88900
2013/08/29,Thu,0.89420,0.89290,0.89800,0.89160
2013/08/28,Wed,0.89840,0.89400,0.89900,0.88920
2013/08/27,Tue,0.90300,0.89820,0.90400,0.89320
2013/08/26,Mon,0.90420,0.90310,0.90720,0.90020
2013/08/25,Sun,,,,
2013/08/24,Sat,,,,
2013/08/23,Fri,0.90090,0.90200,0.90520,0.89710
2013/08/22,Thu,0.89690,0.90060,0.90450,0.89320
2013/08/21,Wed,0.90720,0.89700,0.90760,0.89640
2013/08/20,Tue,0.91090,0.90710,0.91350,0.90260
2013/08/19,Mon,0.91780,0.91090,0.92350,0.91020
2013/08/18,Sun,,,,
2013/08/17,Sat,,,,
2013/08/16,Fri,0.91410,0.91800,0.92170,0.91240
2013/08/15,Thu,0.91220,0.91360,0.91910,0.90590
2013/08/14,Wed,0.91160,0.91190,0.91610,0.90810
2013/08/13,Tue,0.91510,0.91140,0.91510,0.90720
2013/08/12,Mon,0.91850,0.91480,0.92220,0.91340
2013/08/11,Sun,,,,
2013/08/10,Sat,,,,
2013/08/09,Fri,0.91050,0.91880,0.92170,0.90870
2013/08/08,Thu,0.90000,0.91020,0.91360,0.89850
2013/08/07,Wed,0.89860,0.89980,0.90260,0.89190
2013/08/06,Tue,0.89310,0.89860,0.90080,0.89060
2013/08/05,Mon,0.88990,0.89290,0.89370,0.88480
2013/08/04,Sun,,,,
2013/08/03,Sat,,,,
2013/08/02,Fri,0.89250,0.88970,0.89710,0.88740
2013/08/01,Thu,0.89850,0.89230,0.89930,0.89070
2013/07/31,Wed,0.90620,0.89800,0.90770,0.89390
2013/07/30,Tue,0.92060,0.90610,0.92130,0.90430
2013/07/29,Mon,0.92620,0.92030,0.92890,0.91870
2013/07/28,Sun,,,,
2013/07/27,Sat,,,,
2013/07/26,Fri,0.92470,0.92580,0.92970,0.92280
2013/07/25,Thu,0.91640,0.92450,0.92840,0.91280
2013/07/24,Wed,0.92970,0.91630,0.93190,0.91310
2013/07/23,Tue,0.92500,0.92960,0.93010,0.92220
2013/07/22,Mon,0.91800,0.92490,0.92720,0.91700
2013/07/21,Sun,,,,
2013/07/20,Sat,,,,
2013/07/19,Fri,0.91690,0.91680,0.92370,0.91550
2013/07/18,Thu,0.92370,0.91640,0.92520,0.91380
2013/07/17,Wed,0.92530,0.92320,0.92940,0.91910
2013/07/16,Tue,0.90990,0.92500,0.92640,0.90850
2013/07/15,Mon,0.90620,0.90930,0.91240,0.90340
2013/07/14,Sun,,,,
2013/07/13,Sat,,,,
2013/07/12,Fri,0.91890,0.90460,0.91940,0.89990
2013/07/11,Thu,0.91720,0.91860,0.93070,0.91200
2013/07/10,Wed,0.91760,0.91690,0.92360,0.90930
2013/07/09,Tue,0.91340,0.91750,0.92030,0.90830
2013/07/08,Mon,0.90540,0.91330,0.91480,0.90410
2013/07/07,Sun,,,,
2013/07/06,Sat,,,,
2013/07/05,Fri,0.91490,0.90620,0.91830,0.90460
2013/07/04,Thu,0.90880,0.91420,0.91820,0.90730
2013/07/03,Wed,0.91470,0.90840,0.91910,0.90380
2013/07/02,Tue,0.92390,0.91420,0.92520,0.91290
2013/07/01,Mon,0.91380,0.92380,0.92550,0.91090
2013/06/30,Sun,,,,
2013/06/29,Sat,,,,
2013/06/28,Fri,0.92760,0.91360,0.92890,0.91120
2013/06/27,Thu,0.92790,0.92700,0.93390,0.92610
2013/06/26,Wed,0.92610,0.92760,0.93460,0.92350
2013/06/25,Tue,0.92490,0.92580,0.92990,0.91970
2013/06/24,Mon,0.92180,0.92480,0.93020,0.91470
2013/06/23,Sun,,,,
2013/06/22,Sat,,,,
2013/06/21,Fri,0.91980,0.92140,0.92610,0.91820
2013/06/20,Thu,0.92930,0.91960,0.93140,0.91620
2013/06/19,Wed,0.94870,0.92920,0.95580,0.92840
2013/06/18,Tue,0.95480,0.94860,0.95760,0.94390
2013/06/17,Mon,0.95410,0.95450,0.96440,0.95090
2013/06/16,Sun,,,,
2013/06/15,Sat,,,,
2013/06/14,Fri,0.96390,0.95660,0.96670,0.95660
2013/06/13,Thu,0.94820,0.96360,0.96600,0.94280
2013/06/12,Wed,0.94270,0.94800,0.95660,0.94150
2013/06/11,Tue,0.94640,0.94240,0.94740,0.93260
2013/06/10,Mon,0.94340,0.94620,0.94830,0.93920
2013/06/09,Sun,,,,
2013/06/08,Sat,,,,
2013/06/07,Fri,0.95980,0.94900,0.95990,0.94290
2013/06/06,Thu,0.95410,0.95910,0.96750,0.94340
2013/06/05,Wed,0.96510,0.95390,0.96580,0.95110
2013/06/04,Tue,0.97720,0.96480,0.97740,0.96090
2013/06/03,Mon,0.96380,0.97710,0.97950,0.95900
2013/06/02,Sun,,,,
2013/06/01,Sat,,,,
2013/05/31,Fri,0.96620,0.95700,0.96870,0.95480
2013/05/30,Thu,0.96350,0.96580,0.96980,0.95830
2013/05/29,Wed,0.96160,0.96330,0.96720,0.95280
2013/05/28,Tue,0.96330,0.96140,0.96980,0.95960
2013/05/27,Mon,0.96570,0.96310,0.96680,0.96150
2013/05/26,Sun,,,,
2013/05/25,Sat,,,,
2013/05/24,Fri,0.97480,0.96450,0.97550,0.96350
2013/05/23,Thu,0.96990,0.97510,0.97790,0.95940
2013/05/22,Wed,0.98000,0.96960,0.98290,0.96610
2013/05/21,Tue,0.98090,0.98010,0.98440,0.97510
2013/05/20,Mon,0.97350,0.98060,0.98300,0.97260
2013/05/19,Sun,,,,
2013/05/18,Sat,,,,
2013/05/17,Fri,0.98090,0.97230,0.98320,0.97100
2013/05/16,Thu,0.98990,0.98070,0.99140,0.97970
2013/05/15,Wed,0.98890,0.98960,0.99220,0.98530
2013/05/14,Tue,0.99520,0.98880,1.00060,0.98750
2013/05/13,Mon,1.00040,0.99510,1.00180,0.99390
2013/05/12,Sun,,,,
2013/05/11,Sat,,,,
2013/05/10,Fri,1.00950,1.00200,1.00980,0.99600
2013/05/09,Thu,1.01720,1.00920,1.02550,1.00460
2013/05/08,Wed,1.01850,1.01680,1.02120,1.01550
2013/05/07,Tue,1.02520,1.01810,1.02580,1.01540
2013/05/06,Mon,1.03170,1.02490,1.03170,1.02210
2013/05/05,Sun,,,,
2013/05/04,Sat,,,,
2013/05/03,Fri,1.02500,1.03140,1.03260,1.02420
2013/05/02,Thu,1.02780,1.02440,1.02860,1.02210
2013/05/01,Wed,1.03720,1.02760,1.03840,1.02640
2013/04/30,Tue,1.03510,1.03690,1.03870,1.03280
2013/04/29,Mon,1.02760,1.03480,1.03610,1.02700
2013/04/28,Sun,,,,
2013/04/27,Sat,,,,
2013/04/26,Fri,1.02920,1.02780,1.03380,1.02610
2013/04/25,Thu,1.02800,1.02880,1.03410,1.02710
2013/04/24,Wed,1.02610,1.02750,1.02980,1.02310
2013/04/23,Tue,1.02750,1.02610,1.02790,1.02210
2013/04/22,Mon,1.02760,1.02700,1.03090,1.02350
2013/04/21,Sun,,,,
2013/04/20,Sat,,,,
2013/04/19,Fri,1.03010,1.02700,1.03610,1.02740
2013/04/18,Thu,1.02970,1.03010,1.03400,1.02690
2013/04/17,Wed,1.03920,1.02950,1.03960,1.02760
2013/04/16,Tue,1.03130,1.03880,1.04000,1.02940
2013/04/15,Mon,1.05210,1.03110,1.05260,1.02890
2013/04/14,Sun,,,,
2013/04/13,Sat,,,,
2013/04/12,Fri,1.05450,1.05050,1.05630,1.04790
2013/04/11,Thu,1.05420,1.05440,1.05850,1.05010
2013/04/10,Wed,1.04880,1.05400,1.05540,1.04750
2013/04/09,Tue,1.04120,1.04830,1.05120,1.04040
2013/04/08,Mon,1.03800,1.04070,1.04270,1.03490
2013/04/07,Sun,,,,
2013/04/06,Sat,,,,
2013/04/05,Fri,1.04340,1.03740,1.04400,1.03550
2013/04/04,Thu,1.04610,1.04340,1.04880,1.03850
2013/04/03,Wed,1.04500,1.04600,1.05000,1.04440
2013/04/02,Tue,1.04240,1.04460,1.04820,1.04190
2013/04/01,Mon,1.04140,1.04230,1.04340,1.03850
2013/03/31,Sun,,,,
2013/03/30,Sat,,,,
2013/03/29,Fri,1.04100,1.04170,1.04290,1.04020
2013/03/28,Thu,1.04440,1.04080,1.04580,1.03960
2013/03/27,Wed,1.04840,1.04430,1.04890,1.04170
2013/03/26,Tue,1.04660,1.04820,1.05000,1.04460
2013/03/25,Mon,1.04380,1.04640,1.04820,1.04320
2013/03/24,Sun,,,,
2013/03/23,Sat,,,,
2013/03/22,Fri,1.04400,1.04420,1.04620,1.04200
2013/03/21,Thu,1.03790,1.04360,1.04600,1.03620
2013/03/20,Wed,1.03700,1.03740,1.04060,1.03550
2013/03/19,Tue,1.04020,1.03640,1.04070,1.03490
2013/03/18,Mon,1.03390,1.04010,1.04120,1.03380
2013/03/17,Sun,,,,
2013/03/16,Sat,,,,
2013/03/15,Fri,1.03830,1.04040,1.04170,1.03610
2013/03/14,Thu,1.02980,1.03820,1.04020,1.02870
2013/03/13,Wed,1.03240,1.02960,1.03360,1.02820
2013/03/12,Tue,1.02800,1.03190,1.03380,1.02660
2013/03/11,Mon,1.02080,1.02800,1.02860,1.02020
2013/03/10,Sun,,,,
2013/03/09,Sat,,,,
2013/03/08,Fri,1.02660,1.02300,1.02850,1.02100
2013/03/07,Thu,1.02340,1.02660,1.02920,1.02180
2013/03/06,Wed,1.02580,1.02270,1.03010,1.02300
2013/03/05,Tue,1.01960,1.02570,1.02650,1.01860
2013/03/04,Mon,1.01950,1.01950,1.02080,1.01150
2013/03/03,Sun,,,,
2013/03/02,Sat,,,,
2013/03/01,Fri,1.02150,1.02020,1.02440,1.01810
2013/02/28,Thu,1.02340,1.02120,1.02920,1.02020
2013/02/27,Wed,1.02300,1.02310,1.02480,1.01820
2013/02/26,Tue,1.02580,1.02260,1.02940,1.02000
2013/02/25,Mon,1.03030,1.02570,1.03310,1.02490
2013/02/24,Sun,,,,
2013/02/23,Sat,,,,
2013/02/22,Fri,1.02460,1.03180,1.03430,1.02360
2013/02/21,Thu,1.02560,1.02450,1.02670,1.02190
2013/02/20,Wed,1.03570,1.02550,1.03680,1.02350
2013/02/19,Tue,1.03060,1.03520,1.03700,1.03010
2013/02/18,Mon,1.02970,1.03060,1.03180,1.02750
2013/02/17,Sun,,,,
2013/02/16,Sat,,,,
2013/02/15,Fri,1.03610,1.03040,1.03760,1.02860
2013/02/14,Thu,1.03720,1.03570,1.03720,1.03250
2013/02/13,Wed,1.03030,1.03690,1.03700,1.03010
2013/02/12,Tue,1.02560,1.03050,1.03240,1.02250
2013/02/11,Mon,1.03240,1.02540,1.03260,1.02490
2013/02/10,Sun,,,,
2013/02/09,Sat,,,,
2013/02/08,Fri,1.02840,1.03170,1.03510,1.02550
2013/02/07,Thu,1.03190,1.02770,1.03410,1.02720
2013/02/06,Wed,1.03900,1.03180,1.04020,1.02950
2013/02/05,Tue,1.04390,1.03830,1.04600,1.03690
2013/02/04,Mon,1.04020,1.04360,1.04450,1.04000
2013/02/03,Sun,,,,
2013/02/02,Sat,,,,
2013/02/01,Fri,1.04230,1.04050,1.04480,1.03600
2013/01/31,Thu,1.04180,1.04220,1.04540,1.03800
2013/01/30,Wed,1.04760,1.04150,1.04770,1.03990
2013/01/29,Tue,1.04160,1.04750,1.04780,1.04040
2013/01/28,Mon,1.04200,1.04160,1.04320,1.03840
2013/01/27,Sun,,,,
2013/01/26,Sat,,,,
2013/01/25,Fri,1.04520,1.04220,1.04710,1.04010
2013/01/24,Thu,1.05550,1.04500,1.05570,1.04430
2013/01/23,Wed,1.05660,1.05530,1.05760,1.05260
2013/01/22,Tue,1.05170,1.05650,1.05810,1.05040
2013/01/21,Mon,1.05130,1.05140,1.05340,1.04920
2013/01/20,Sun,,,,
2013/01/19,Sat,,,,
2013/01/18,Fri,1.05460,1.05080,1.05580,1.04840
2013/01/17,Thu,1.05740,1.05450,1.05780,1.04930
2013/01/16,Wed,1.05660,1.05720,1.05810,1.05310
2013/01/15,Tue,1.05680,1.05650,1.05720,1.05250
2013/01/14,Mon,1.05400,1.05640,1.05800,1.05210
2013/01/13,Sun,,,,
2013/01/12,Sat,,,,
2013/01/11,Fri,1.05970,1.05320,1.06000,1.05280
2013/01/10,Thu,1.05140,1.05950,1.06010,1.04930
2013/01/09,Wed,1.05030,1.05120,1.05380,1.04860
2013/01/08,Tue,1.05040,1.05010,1.05180,1.04690
2013/01/07,Mon,1.04710,1.05020,1.05130,1.04630
2013/01/06,Sun,,,,
2013/01/05,Sat,,,,
2013/01/04,Fri,1.04670,1.04780,1.04900,1.03940
2013/01/03,Thu,1.05030,1.04640,1.05300,1.04590
2013/01/02,Wed,1.03960,1.05030,1.05270,1.03750
2013/01/01,Tue,1.03940,1.03950,1.04460,1.03850
2012/12/31,Mon,1.03720,1.03930,1.04100,1.03610
2012/12/30,Sun,,,,
2012/12/29,Sat,,,,
2012/12/28,Fri,1.03770,1.03700,1.03990,1.03610
2012/12/27,Thu,1.03780,1.03720,1.03920,1.03450
2012/12/26,Wed,1.03590,1.03750,1.03890,1.03440
2012/12/25,Tue,1.03620,1.03520,1.04250,1.03550
2012/12/24,Mon,1.03990,1.03580,1.04180,1.03560
2012/12/23,Sun,,,,
2012/12/22,Sat,,,,
2012/12/21,Fri,1.04820,1.03990,1.04880,1.03920
2012/12/20,Thu,1.04810,1.04800,1.05020,1.04610
2012/12/19,Wed,1.05350,1.04790,1.05360,1.04750
2012/12/18,Tue,1.05530,1.05290,1.05600,1.05150
2012/12/17,Mon,1.05690,1.05510,1.05720,1.05250
2012/12/16,Sun,,,,
2012/12/15,Sat,,,,
2012/12/14,Fri,1.05280,1.05600,1.05800,1.05090
2012/12/13,Thu,1.05550,1.05260,1.05660,1.05060
2012/12/12,Wed,1.05280,1.05520,1.05880,1.05220
2012/12/11,Tue,1.04890,1.05280,1.05350,1.04610
2012/12/10,Mon,1.04900,1.04840,1.05070,1.04650
2012/12/09,Sun,,,,
2012/12/08,Sat,,,,
2012/12/07,Fri,1.04860,1.04850,1.04990,1.04590
2012/12/06,Thu,1.04560,1.04850,1.05180,1.04400
2012/12/05,Wed,1.04720,1.04520,1.04860,1.04410
2012/12/04,Tue,1.04190,1.04680,1.04860,1.04130
2012/12/03,Mon,1.04300,1.04180,1.04480,1.03920
2012/12/02,Sun,,,,
2012/12/01,Sat,,,,
2012/11/30,Fri,1.04340,1.04260,1.04500,1.04010
2012/11/29,Thu,1.04760,1.04310,1.04820,1.04170
2012/11/28,Wed,1.04460,1.04750,1.04840,1.04260
2012/11/27,Tue,1.04650,1.04460,1.04920,1.04350
2012/11/26,Mon,1.04540,1.04590,1.04700,1.04350
2012/11/25,Sun,,,,
2012/11/24,Sat,,,,
2012/11/23,Fri,1.03920,1.04580,1.04730,1.03740
2012/11/22,Thu,1.03680,1.03870,1.04020,1.03490
2012/11/21,Wed,1.03870,1.03660,1.03960,1.03350
2012/11/20,Tue,1.04120,1.03860,1.04250,1.03560
2012/11/19,Mon,1.03380,1.04090,1.04200,1.03350
2012/11/18,Sun,,,,
2012/11/17,Sat,,,,
2012/11/16,Fri,1.03320,1.03410,1.03550,1.02860
2012/11/15,Thu,1.03760,1.03310,1.03890,1.03050
2012/11/14,Wed,1.04370,1.03740,1.04620,1.03640
2012/11/13,Tue,1.04280,1.04300,1.04490,1.03950
2012/11/12,Mon,1.03880,1.04260,1.04440,1.03840
2012/11/11,Sun,,,,
2012/11/10,Sat,,,,
2012/11/09,Fri,1.04040,1.03830,1.04380,1.03580
2012/11/08,Thu,1.04110,1.04010,1.04460,1.03860
2012/11/07,Wed,1.04350,1.04050,1.04830,1.03980
2012/11/06,Tue,1.03650,1.04290,1.04500,1.03600
2012/11/05,Mon,1.03390,1.03600,1.03730,1.03310
2012/11/04,Sun,,,,
2012/11/03,Sat,,,,
2012/11/02,Fri,1.04010,1.03310,1.04220,1.03280
2012/11/01,Thu,1.03760,1.03980,1.04130,1.03520
2012/10/31,Wed,1.03610,1.03730,1.04020,1.03490
2012/10/30,Tue,1.03320,1.03580,1.03860,1.03220
2012/10/29,Mon,1.03480,1.03300,1.03720,1.03240
2012/10/28,Sun,,,,
2012/10/27,Sat,,,,
2012/10/26,Fri,1.03470,1.03720,1.03870,1.03020
2012/10/25,Thu,1.03560,1.03440,1.04000,1.03310
2012/10/24,Wed,1.02650,1.03530,1.03690,1.02560
2012/10/23,Tue,1.03200,1.02640,1.03410,1.02340
2012/10/22,Mon,1.03140,1.03200,1.03430,1.02940
2012/10/21,Sun,,,,
2012/10/20,Sat,,,,
2012/10/19,Fri,1.03660,1.03290,1.03850,1.03160
2012/10/18,Thu,1.03830,1.03650,1.04150,1.03540
2012/10/17,Wed,1.02760,1.03800,1.03910,1.02700
2012/10/16,Tue,1.02530,1.02700,1.02920,1.02410
2012/10/15,Mon,1.02600,1.02470,1.02710,1.02000
2012/10/14,Sun,,,,
2012/10/13,Sat,,,,
2012/10/12,Fri,1.02640,1.02290,1.02920,1.02150
2012/10/11,Thu,1.02340,1.02640,1.02960,1.02090
2012/10/10,Wed,1.02040,1.02280,1.02650,1.01810
2012/10/09,Tue,1.01910,1.02000,1.02500,1.01740
2012/10/08,Mon,1.01600,1.01840,1.02230,1.01470
2012/10/07,Sun,,,,
2012/10/06,Sat,,,,
2012/10/05,Fri,1.02400,1.01810,1.02780,1.01500
2012/10/04,Thu,1.02170,1.02380,1.02750,1.01800
2012/10/03,Wed,1.02670,1.02130,1.02720,1.01950
2012/10/02,Tue,1.03630,1.02650,1.03790,1.02500
2012/10/01,Mon,1.03630,1.03560,1.04060,1.03240
2012/09/30,Sun,,,,
2012/09/29,Sat,,,,
2012/09/28,Fri,1.04440,1.03770,1.04770,1.03640
2012/09/27,Thu,1.03710,1.04370,1.04610,1.03610
2012/09/26,Wed,1.03900,1.03650,1.03970,1.03280
2012/09/25,Tue,1.04250,1.03850,1.04650,1.03790
2012/09/24,Mon,1.04530,1.04180,1.04610,1.03850
2012/09/23,Sun,,,,
2012/09/22,Sat,,,,
2012/09/21,Fri,1.04360,1.04570,1.05220,1.04230
2012/09/20,Thu,1.04800,1.04330,1.04840,1.03660
2012/09/19,Wed,1.04550,1.04740,1.05000,1.04160
2012/09/18,Tue,1.04770,1.04510,1.04890,1.04080
2012/09/17,Mon,1.05520,1.04730,1.05660,1.04530
2012/09/16,Sun,,,,
2012/09/15,Sat,,,,
2012/09/14,Fri,1.05470,1.05450,1.06270,1.05280
2012/09/13,Thu,1.04660,1.05410,1.05680,1.04270
2012/09/12,Wed,1.04320,1.04650,1.05090,1.04240
2012/09/11,Tue,1.03340,1.04260,1.04520,1.03180
2012/09/10,Mon,1.03810,1.03300,1.03880,1.03310
2012/09/09,Sun,,,,
2012/09/08,Sat,,,,
2012/09/07,Fri,1.02840,1.03830,1.04030,1.02740
2012/09/06,Thu,1.01930,1.02800,1.03030,1.01730
2012/09/05,Wed,1.02250,1.01900,1.02330,1.01640
2012/09/04,Tue,1.02480,1.02190,1.02900,1.02130
2012/09/03,Mon,1.02870,1.02430,1.03010,1.02310
2012/09/02,Sun,,,,
2012/09/01,Sat,,,,
2012/08/31,Fri,1.02890,1.03200,1.03570,1.02760
2012/08/30,Thu,1.03520,1.02840,1.03550,1.02750
2012/08/29,Wed,1.03770,1.03460,1.04010,1.03450
2012/08/28,Tue,1.03690,1.03720,1.03920,1.03430
2012/08/27,Mon,1.04110,1.03690,1.04340,1.03640
2012/08/26,Sun,,,,
2012/08/25,Sat,,,,
2012/08/24,Fri,1.04420,1.04020,1.04480,1.03740
2012/08/23,Thu,1.05050,1.04340,1.05470,1.04340
2012/08/22,Wed,1.04860,1.05030,1.05200,1.04120
2012/08/21,Tue,1.04440,1.04820,1.05230,1.04400
2012/08/20,Mon,1.04200,1.04420,1.04720,1.04170
2012/08/19,Sun,,,,
2012/08/18,Sat,,,,
2012/08/17,Fri,1.05110,1.04160,1.05310,1.04100
2012/08/16,Thu,1.05050,1.05090,1.05280,1.04730
2012/08/15,Wed,1.04900,1.05020,1.05170,1.04530
2012/08/14,Tue,1.05180,1.04870,1.05430,1.04790
2012/08/13,Mon,1.05680,1.05130,1.05760,1.04950
2012/08/12,Sun,,,,
2012/08/11,Sat,,,,
2012/08/10,Fri,1.05810,1.05750,1.05850,1.04950
2012/08/09,Thu,1.05740,1.05770,1.06150,1.05510
2012/08/08,Wed,1.05560,1.05660,1.05850,1.05290
2012/08/07,Tue,1.05700,1.05530,1.06060,1.05460
2012/08/06,Mon,1.05660,1.05660,1.05960,1.05340
2012/08/05,Sun,,,,
2012/08/04,Sat,,,,
2012/08/03,Fri,1.04650,1.05690,1.05730,1.04440
2012/08/02,Thu,1.04610,1.04610,1.05810,1.04340
2012/08/01,Wed,1.05040,1.04580,1.05450,1.04470
2012/07/31,Tue,1.05030,1.05000,1.05410,1.04870
2012/07/30,Mon,1.04910,1.04980,1.05110,1.04480
2012/07/29,Sun,,,,
2012/07/28,Sat,,,,
2012/07/27,Fri,1.03960,1.04830,1.04900,1.03830
2012/07/26,Thu,1.03110,1.03950,1.04240,1.02900
2012/07/25,Wed,1.02220,1.03050,1.03400,1.01750
2012/07/24,Tue,1.02590,1.02200,1.03190,1.02130
2012/07/23,Mon,1.03610,1.02540,1.03760,1.02410
2012/07/22,Sun,,,,
2012/07/21,Sat,,,,
2012/07/20,Fri,1.04260,1.03720,1.04320,1.03610
2012/07/19,Thu,1.03630,1.04220,1.04470,1.03550
2012/07/18,Wed,1.03160,1.03620,1.03760,1.02860
2012/07/17,Tue,1.02490,1.03110,1.03220,1.02340
2012/07/16,Mon,1.02430,1.02420,1.02620,1.02000
2012/07/15,Sun,,,,
2012/07/14,Sat,,,,
2012/07/13,Fri,1.01350,1.02240,1.02330,1.01200
2012/07/12,Thu,1.02520,1.01330,1.02630,1.00990
2012/07/11,Wed,1.01930,1.02530,1.02840,1.01770
2012/07/10,Tue,1.02080,1.01880,1.02480,1.01580
2012/07/09,Mon,1.01900,1.02100,1.02170,1.01530
2012/07/08,Sun,,,,
2012/07/07,Sat,,,,
2012/07/06,Fri,1.02890,1.02080,1.02920,1.01780
2012/07/05,Thu,1.02770,1.02870,1.03310,1.02410
2012/07/04,Wed,1.02820,1.02690,1.03210,1.02600
2012/07/03,Tue,1.02530,1.02800,1.02990,1.02270
2012/07/02,Mon,1.02600,1.02480,1.02800,1.02100
2012/07/01,Sun,,,,
2012/06/30,Sat,,,,
2012/06/29,Fri,1.00400,1.02330,1.02610,1.00170
2012/06/28,Thu,1.00840,1.00380,1.01280,0.99950
2012/06/27,Wed,1.00630,1.00770,1.00920,1.00390
2012/06/26,Tue,1.00080,1.00600,1.00860,0.99990
2012/06/25,Mon,1.00520,1.00030,1.00550,0.99680
2012/06/24,Sun,,,,
2012/06/23,Sat,,,,
2012/06/22,Fri,1.00520,1.00600,1.00800,1.00070
2012/06/21,Thu,1.01870,1.00350,1.02070,1.00270
2012/06/20,Wed,1.01900,1.01910,1.02260,1.01320
2012/06/19,Tue,1.01200,1.01860,1.02040,1.01020
2012/06/18,Mon,1.01220,1.01200,1.01450,1.00560
2012/06/17,Sun,,,,
2012/06/16,Sat,,,,
2012/06/15,Fri,1.00230,1.00800,1.00930,0.99930
2012/06/14,Thu,0.99420,1.00210,1.00360,0.99210
2012/06/13,Wed,0.99520,0.99320,1.00040,0.99270
2012/06/12,Tue,0.98590,0.99640,0.99710,0.98490
2012/06/11,Mon,1.00000,0.98620,1.00080,0.98620
2012/06/10,Sun,,,,
2012/06/09,Sat,,,,
2012/06/08,Fri,0.98920,0.99110,0.99420,0.98200
2012/06/07,Thu,0.99240,0.98940,1.00050,0.98860
2012/06/06,Wed,0.97460,0.99230,0.99350,0.97360
2012/06/05,Tue,0.97240,0.97400,0.98060,0.97090
2012/06/04,Mon,0.97000,0.97260,0.97490,0.96260
2012/06/03,Sun,,,,
2012/06/02,Sat,,,,
2012/06/01,Fri,0.97270,0.96980,0.97350,0.95810
2012/05/31,Thu,0.97090,0.97270,0.97730,0.96720
2012/05/30,Wed,0.98330,0.97080,0.98460,0.97010
2012/05/29,Tue,0.98550,0.98450,0.99000,0.98000
2012/05/28,Mon,0.98040,0.98500,0.98900,0.97940
2012/05/27,Sun,,,,
2012/05/26,Sat,,,,
2012/05/25,Fri,0.97680,0.97540,0.98020,0.97250
2012/05/24,Thu,0.97550,0.97650,0.98160,0.97110
2012/05/23,Wed,0.97960,0.97500,0.98030,0.96880
2012/05/22,Tue,0.99130,0.97950,0.99380,0.97870
2012/05/21,Mon,0.98520,0.99070,0.99220,0.98010
2012/05/20,Sun,,,,
2012/05/19,Sat,,,,
2012/05/18,Fri,0.98890,0.98420,0.99020,0.97940
2012/05/17,Thu,0.99140,0.98900,0.99660,0.98820
2012/05/16,Wed,0.99400,0.99110,0.99710,0.98690
2012/05/15,Tue,0.99610,0.99360,1.00190,0.99210
2012/05/14,Mon,1.00110,0.99590,1.00370,0.99550
2012/05/13,Sun,,,,
2012/05/12,Sat,,,,
2012/05/11,Fri,1.00560,1.00180,1.00850,1.00170
2012/05/10,Thu,1.00380,1.00700,1.01460,1.00360
2012/05/09,Wed,1.01110,1.00370,1.01190,1.00190
2012/05/08,Tue,1.02040,1.01150,1.02210,1.00870
2012/05/07,Mon,1.01570,1.01990,1.02230,1.01090
2012/05/06,Sun,,,,
2012/05/05,Sat,,,,
2012/05/04,Fri,1.02660,1.01760,1.02810,1.01690
2012/05/03,Thu,1.03280,1.02620,1.03300,1.02380
2012/05/02,Wed,1.03330,1.03330,1.03580,1.02820
2012/05/01,Tue,1.04260,1.03320,1.04330,1.03030
2012/04/30,Mon,1.04600,1.04230,1.04730,1.04040
2012/04/29,Sun,,,,
2012/04/28,Sat,,,,
2012/04/27,Fri,1.03690,1.04680,1.04770,1.03520
2012/04/26,Thu,1.03710,1.03780,1.04010,1.03490
2012/04/25,Wed,1.03240,1.03730,1.03780,1.03040
2012/04/24,Tue,1.03200,1.03140,1.03270,1.02460
2012/04/23,Mon,1.03750,1.03140,1.03870,1.02710
2012/04/22,Sun,,,,
2012/04/21,Sat,,,,
2012/04/20,Fri,1.03360,1.03770,1.03860,1.03080
2012/04/19,Thu,1.03550,1.03330,1.03970,1.03120
2012/04/18,Wed,1.03940,1.03560,1.04190,1.03390
2012/04/17,Tue,1.03550,1.03820,1.04210,1.03010
2012/04/16,Mon,1.03700,1.03510,1.03810,1.03090
2012/04/15,Sun,,,,
2012/04/14,Sat,,,,
2012/04/13,Fri,1.04350,1.03680,1.04550,1.03550
2012/04/12,Thu,1.03040,1.04350,1.04520,1.03000
2012/04/11,Wed,1.02550,1.03020,1.03350,1.02240
2012/04/10,Tue,1.03030,1.02500,1.03590,1.02440
2012/04/09,Mon,1.02990,1.03030,1.03350,1.02560
2012/04/08,Sun,,,,
2012/04/07,Sat,,,,
2012/04/06,Fri,1.03040,1.03030,1.03390,1.02710
2012/04/05,Thu,1.02640,1.03010,1.03250,1.02500
2012/04/04,Wed,1.03260,1.02600,1.03360,1.02410
2012/04/03,Tue,1.04160,1.03280,1.04670,1.03000
2012/04/02,Mon,1.04460,1.04080,1.04540,1.03640
2012/04/01,Sun,,,,
2012/03/31,Sat,,,,
2012/03/30,Fri,1.03770,1.03410,1.04190,1.03450
2012/03/29,Thu,1.03880,1.03670,1.04070,1.03030
2012/03/28,Wed,1.04560,1.03900,1.04630,1.03540
2012/03/27,Tue,1.05330,1.04530,1.05600,1.04500
2012/03/26,Mon,1.04690,1.05350,1.05480,1.04250
2012/03/25,Sun,,,,
2012/03/24,Sat,,,,
2012/03/23,Fri,1.03970,1.04580,1.04850,1.03670
2012/03/22,Thu,1.04440,1.03880,1.04860,1.03360
2012/03/21,Wed,1.04750,1.04540,1.05300,1.04200
2012/03/20,Tue,1.06080,1.04780,1.06280,1.04560
2012/03/19,Mon,1.05910,1.06100,1.06410,1.05560
2012/03/18,Sun,,,,
2012/03/17,Sat,,,,
2012/03/16,Fri,1.05310,1.05860,1.06010,1.05080
2012/03/15,Thu,1.04530,1.05250,1.05570,1.04220
2012/03/14,Wed,1.05380,1.04520,1.05590,1.04270
2012/03/13,Tue,1.05110,1.05480,1.05640,1.04840
2012/03/12,Mon,1.05630,1.05090,1.05780,1.04720
2012/03/11,Sun,,,,
2012/03/10,Sat,,,,
2012/03/09,Fri,1.06460,1.05700,1.06660,1.05640
2012/03/08,Thu,1.05830,1.06430,1.06730,1.05330
2012/03/07,Wed,1.05510,1.05820,1.05960,1.05080
2012/03/06,Tue,1.06660,1.05470,1.06940,1.05240
2012/03/05,Mon,1.07400,1.06670,1.07460,1.06550
2012/03/04,Sun,,,,
2012/03/03,Sat,,,,
2012/03/02,Fri,1.08100,1.07340,1.08210,1.07260
2012/03/01,Thu,1.07320,1.08000,1.08160,1.07220
2012/02/29,Wed,1.07720,1.07290,1.08590,1.07140
2012/02/28,Tue,1.07580,1.07770,1.07890,1.07280
2012/02/27,Mon,1.07070,1.07540,1.07870,1.06480
2012/02/26,Sun,,,,
2012/02/25,Sat,,,,
2012/02/24,Fri,1.07170,1.06980,1.07580,1.06880
2012/02/23,Thu,1.06350,1.07040,1.07180,1.05970
2012/02/22,Wed,1.06570,1.06360,1.06880,1.06030
2012/02/21,Tue,1.07570,1.06630,1.07630,1.06520
2012/02/20,Mon,1.07740,1.07510,1.08180,1.07380
2012/02/19,Sun,,,,
2012/02/18,Sat,,,,
2012/02/17,Fri,1.07580,1.07090,1.08020,1.06860
2012/02/16,Thu,1.06950,1.07560,1.07760,1.06440
2012/02/15,Wed,1.06860,1.06990,1.07800,1.06670
2012/02/14,Tue,1.07340,1.06790,1.07420,1.06270
2012/02/13,Mon,1.06970,1.07360,1.07810,1.06760
2012/02/12,Sun,,,,
2012/02/11,Sat,,,,
2012/02/10,Fri,1.07850,1.06600,1.07950,1.06390
2012/02/09,Thu,1.08010,1.07860,1.08270,1.07390
2012/02/08,Wed,1.08060,1.07900,1.08470,1.07660
2012/02/07,Tue,1.07290,1.08040,1.08250,1.06990
2012/02/06,Mon,1.07570,1.07270,1.07740,1.06820
2012/02/05,Sun,,,,
2012/02/04,Sat,,,,
2012/02/03,Fri,1.07130,1.07750,1.07960,1.06690
2012/02/02,Thu,1.07050,1.07110,1.07590,1.06780
2012/02/01,Wed,1.06180,1.06950,1.07440,1.05670
2012/01/31,Tue,1.05910,1.06140,1.06860,1.05760
2012/01/30,Mon,1.06350,1.05890,1.06560,1.05240
2012/01/29,Sun,,,,
2012/01/28,Sat,,,,
2012/01/27,Fri,1.06290,1.06510,1.06740,1.05910
2012/01/26,Thu,1.05980,1.06180,1.06900,1.05860
2012/01/25,Wed,1.04890,1.05970,1.06220,1.04410
2012/01/24,Tue,1.05360,1.04770,1.05400,1.04270
2012/01/23,Mon,1.04760,1.05320,1.05760,1.04570
2012/01/22,Sun,,,,
2012/01/21,Sat,,,,
2012/01/20,Fri,1.04220,1.04850,1.04900,1.03810
2012/01/19,Thu,1.04320,1.04130,1.04400,1.03690
2012/01/18,Wed,1.03800,1.04180,1.04340,1.03570
2012/01/17,Tue,1.03070,1.03800,1.04520,1.03010
2012/01/16,Mon,1.02950,1.03060,1.03400,1.02520
2012/01/15,Sun,,,,
2012/01/14,Sat,,,,
2012/01/13,Fri,1.03350,1.03100,1.03700,1.02310
2012/01/12,Thu,1.03110,1.03380,1.03800,1.02840
2012/01/11,Wed,1.03160,1.03090,1.03320,1.02610
2012/01/10,Tue,1.02410,1.03080,1.03560,1.02270
2012/01/09,Mon,1.02040,1.02360,1.02600,1.01450
2012/01/08,Sun,,,,
2012/01/07,Sat,,,,
2012/01/06,Fri,1.02610,1.02270,1.02760,1.02000
2012/01/05,Thu,1.03700,1.02460,1.03760,1.02310
2012/01/04,Wed,1.03740,1.03640,1.03850,1.03030
2012/01/03,Tue,1.02330,1.03690,1.03890,1.02300
2012/01/02,Mon,1.02190,1.02230,1.02390,1.01950
2012/01/01,Sun,,,,
2011/12/31,Sat,,,,
2011/12/30,Fri,1.01340,1.02250,1.02700,1.01240
2011/12/29,Thu,1.00940,1.01390,1.01480,1.00440
2011/12/28,Wed,1.01560,1.00860,1.02060,1.00700
2011/12/27,Tue,1.01700,1.01530,1.01780,1.01390
2011/12/26,Mon,1.01540,1.01660,1.01760,1.01320
2011/12/25,Sun,,,,
2011/12/24,Sat,,,,
2011/12/23,Fri,1.01280,1.01460,1.01830,1.01240
2011/12/22,Thu,1.00940,1.01260,1.01510,1.00590
2011/12/21,Wed,1.00800,1.00890,1.02210,1.00500
2011/12/20,Tue,0.98960,1.00760,1.00970,0.98930
2011/12/19,Mon,0.99890,0.98870,0.99920,0.98820
2011/12/18,Sun,,,,
2011/12/17,Sat,,,,
2011/12/16,Fri,0.99210,0.99680,1.00300,0.99170
2011/12/15,Thu,0.99120,0.99140,0.99920,0.98600
2011/12/14,Wed,1.00150,0.99090,1.00480,0.98830
2011/12/13,Tue,1.00670,1.00060,1.01650,0.99790
2011/12/12,Mon,1.02090,1.00700,1.02180,1.00500
2011/12/11,Sun,,,,
2011/12/10,Sat,,,,
2011/12/09,Fri,1.01680,1.02140,1.02270,1.00460
2011/12/08,Thu,1.02960,1.01650,1.03810,1.01450
2011/12/07,Wed,1.02480,1.02860,1.03070,1.02300
2011/12/06,Tue,1.02670,1.02350,1.02760,1.01550
2011/12/05,Mon,1.02670,1.02700,1.03070,1.02000
2011/12/04,Sun,,,,
2011/12/03,Sat,,,,
2011/12/02,Fri,1.02440,1.02130,1.03260,1.02030
2011/12/01,Thu,1.02800,1.02270,1.02920,1.01490
2011/11/30,Wed,1.00030,1.02750,1.03330,0.99410
2011/11/29,Tue,0.98980,1.00280,1.00800,0.98620
2011/11/28,Mon,0.98170,0.98920,0.99790,0.97890
2011/11/27,Sun,,,,
2011/11/26,Sat,,,,
2011/11/25,Fri,0.97280,0.97040,0.97760,0.96660
2011/11/24,Thu,0.96890,0.97250,0.97870,0.96820
2011/11/23,Wed,0.98310,0.96840,0.98580,0.96620
2011/11/22,Tue,0.98400,0.98350,0.99020,0.98120
2011/11/21,Mon,0.99900,0.98530,1.00170,0.98080
2011/11/20,Sun,,,,
2011/11/19,Sat,,,,
2011/11/18,Fri,1.00010,0.99980,1.01100,0.99630
2011/11/17,Thu,1.00800,0.99930,1.01200,0.99720
2011/11/16,Wed,1.01770,1.00770,1.01870,1.00590
2011/11/15,Tue,1.02110,1.01760,1.02290,1.01120
2011/11/14,Mon,1.03340,1.01930,1.03530,1.01600
2011/11/13,Sun,,,,
2011/11/12,Sat,,,,
2011/11/11,Fri,1.01510,1.02750,1.03070,1.01040
2011/11/10,Thu,1.01470,1.01480,1.02120,1.00520
2011/11/09,Wed,1.03940,1.01480,1.04000,1.01360
2011/11/08,Tue,1.03760,1.03940,1.04070,1.02800
2011/11/07,Mon,1.04130,1.03710,1.04290,1.02740
2011/11/06,Sun,,,,
2011/11/05,Sat,,,,
2011/11/04,Fri,1.04030,1.03730,1.04420,1.03140
2011/11/03,Thu,1.03420,1.04050,1.04480,1.02020
2011/11/02,Wed,1.03310,1.03370,1.04290,1.02780
2011/11/01,Tue,1.05420,1.03310,1.05690,1.02710
2011/10/31,Mon,1.07110,1.05350,1.07120,1.05050
2011/10/30,Sun,,,,
2011/10/29,Sat,,,,
2011/10/28,Fri,1.07090,1.06980,1.07330,1.06550
2011/10/27,Thu,1.03850,1.07270,1.07560,1.03830
2011/10/26,Wed,1.04290,1.03980,1.04390,1.03210
2011/10/25,Tue,1.04690,1.04250,1.04990,1.03960
2011/10/24,Mon,1.03270,1.04690,1.05030,1.03140
2011/10/23,Sun,,,,
2011/10/22,Sat,,,,
2011/10/21,Fri,1.02290,1.03680,1.03810,1.02020
2011/10/20,Thu,1.02320,1.02300,1.03000,1.01460
2011/10/19,Wed,1.02630,1.02280,1.03560,1.02040
2011/10/18,Tue,1.01600,1.02580,1.03280,1.01170
2011/10/17,Mon,1.03300,1.01530,1.03740,1.01470
2011/10/16,Sun,,,,
2011/10/15,Sat,,,,
2011/10/14,Fri,1.01870,1.03420,1.03480,1.01440
2011/10/13,Thu,1.01310,1.01860,1.02340,1.01000
2011/10/12,Wed,0.99660,1.01500,1.02080,0.98660
2011/10/11,Tue,0.99990,0.99550,1.00080,0.99040
2011/10/10,Mon,0.97620,0.99850,1.00170,0.97530
2011/10/09,Sun,,,,
2011/10/08,Sat,,,,
2011/10/07,Fri,0.97380,0.97690,0.98810,0.97270
2011/10/06,Thu,0.96630,0.97420,0.97700,0.96200
2011/10/05,Wed,0.95580,0.96570,0.96710,0.94870
2011/10/04,Tue,0.95290,0.95730,0.95980,0.93880
2011/10/03,Mon,0.96690,0.95170,0.97030,0.95080
2011/10/02,Sun,,,,
2011/10/01,Sat,,,,
2011/09/30,Fri,0.97720,0.96580,0.98110,0.96590
2011/09/29,Thu,0.97610,0.97790,0.98810,0.97000
2011/09/28,Wed,0.99140,0.97760,0.99580,0.97730
2011/09/27,Tue,0.98270,0.99030,0.99880,0.97750
2011/09/26,Mon,0.97780,0.98450,0.98500,0.96120
2011/09/25,Sun,,,,
2011/09/24,Sat,,,,
2011/09/23,Fri,0.97590,0.97780,0.98680,0.96680
2011/09/22,Thu,1.00560,0.97250,1.00800,0.96920
2011/09/21,Wed,1.02620,1.00360,1.02940,1.00330
2011/09/20,Tue,1.02080,1.02680,1.03150,1.01470
2011/09/19,Mon,1.02990,1.02080,1.03180,1.01660
2011/09/18,Sun,,,,
2011/09/17,Sat,,,,
2011/09/16,Fri,1.03350,1.03590,1.04010,1.02930
2011/09/15,Thu,1.02630,1.03310,1.03490,1.01810
2011/09/14,Wed,1.03140,1.02640,1.03730,1.01760
2011/09/13,Tue,1.03580,1.03160,1.03780,1.02610
2011/09/12,Mon,1.04120,1.03520,1.04420,1.02550
2011/09/11,Sun,,,,
2011/09/10,Sat,,,,
2011/09/09,Fri,1.05800,1.04690,1.06380,1.04210
2011/09/08,Thu,1.06560,1.05720,1.06630,1.05640
2011/09/07,Wed,1.04900,1.06590,1.06640,1.04820
2011/09/06,Tue,1.05450,1.04950,1.06290,1.04810
2011/09/05,Mon,1.06080,1.05420,1.06150,1.05110
2011/09/04,Sun,,,,
2011/09/03,Sat,,,,
2011/09/02,Fri,1.07240,1.06400,1.07360,1.06250
2011/09/01,Thu,1.06840,1.07200,1.07670,1.06610
2011/08/31,Wed,1.06710,1.07010,1.07230,1.06510
2011/08/30,Tue,1.06640,1.06840,1.07230,1.06200
2011/08/29,Mon,1.05770,1.06560,1.06650,1.05610
2011/08/28,Sun,,,,
2011/08/27,Sat,,,,
2011/08/26,Fri,1.04300,1.05680,1.05930,1.04170
2011/08/25,Thu,1.04690,1.04340,1.05160,1.04220
2011/08/24,Wed,1.05240,1.04740,1.05330,1.04460
2011/08/23,Tue,1.04000,1.05240,1.05370,1.03850
2011/08/22,Mon,1.03850,1.03960,1.04750,1.03610
2011/08/21,Sun,,,,
2011/08/20,Sat,,,,
2011/08/19,Fri,1.03770,1.03980,1.04830,1.03140
2011/08/18,Thu,1.05400,1.03850,1.05600,1.03510
2011/08/17,Wed,1.04710,1.05390,1.06040,1.04320
2011/08/16,Tue,1.05090,1.04700,1.05160,1.04040
2011/08/15,Mon,1.03680,1.05070,1.05160,1.03610
2011/08/14,Sun,,,,
2011/08/13,Sat,,,,
2011/08/12,Fri,1.03430,1.03540,1.03640,1.02440
2011/08/11,Thu,1.01660,1.03480,1.03610,1.01110
2011/08/10,Wed,1.04000,1.01800,1.04040,1.01670
2011/08/09,Tue,1.02020,1.03670,1.03810,0.99270
2011/08/08,Mon,1.04350,1.02040,1.04400,1.01790
2011/08/07,Sun,,,,
2011/08/06,Sat,,,,
2011/08/05,Fri,1.04640,1.04400,1.05290,1.03740
2011/08/04,Thu,1.07690,1.04660,1.07820,1.04550
2011/08/03,Wed,1.07750,1.07640,1.07890,1.06770
2011/08/02,Tue,1.09760,1.07740,1.10100,1.07740
2011/08/01,Mon,1.10030,1.09700,1.10680,1.09210
2011/07/31,Sun,,,,
2011/07/30,Sat,,,,
2011/07/29,Fri,1.10060,1.09880,1.10190,1.09090
2011/07/28,Thu,1.10290,1.10030,1.10790,1.09750
2011/07/27,Wed,1.09550,1.10230,1.10830,1.09410
2011/07/26,Tue,1.08470,1.09470,1.09720,1.08200
2011/07/25,Mon,1.08480,1.08410,1.08790,1.07930
2011/07/24,Sun,,,,
2011/07/23,Sat,,,,
2011/07/22,Fri,1.08420,1.08400,1.08780,1.08190
2011/07/21,Thu,1.07450,1.08390,1.08590,1.06920
2011/07/20,Wed,1.07250,1.07460,1.07630,1.07090
2011/07/19,Tue,1.06040,1.07290,1.07440,1.06000
2011/07/18,Mon,1.06330,1.06070,1.06570,1.05590
2011/07/17,Sun,,,,
2011/07/16,Sat,,,,
2011/07/15,Fri,1.07220,1.06400,1.07480,1.06190
2011/07/14,Thu,1.07510,1.07190,1.07890,1.06920
2011/07/13,Wed,1.05990,1.07610,1.08060,1.05760
2011/07/12,Tue,1.06560,1.06010,1.06670,1.05240
2011/07/11,Mon,1.07220,1.06530,1.07360,1.06300
2011/07/10,Sun,,,,
2011/07/09,Sat,,,,
2011/07/08,Fri,1.07720,1.07530,1.07910,1.07020
2011/07/07,Thu,1.06980,1.07760,1.07830,1.06850
2011/07/06,Wed,1.06850,1.06950,1.07360,1.06530
2011/07/05,Tue,1.07470,1.06900,1.07490,1.06620
2011/07/04,Mon,1.07810,1.07320,1.07880,1.07110
2011/07/03,Sun,,,,
2011/07/02,Sat,,,,
2011/07/01,Fri,1.07160,1.07740,1.07910,1.06720
2011/06/30,Thu,1.06710,1.07170,1.07530,1.06660
2011/06/29,Wed,1.05360,1.06760,1.06890,1.05180
2011/06/28,Tue,1.04460,1.05360,1.05470,1.04340
2011/06/27,Mon,1.04810,1.04450,1.04910,1.03890
2011/06/26,Sun,,,,
2011/06/25,Sat,,,,
2011/06/24,Fri,1.05280,1.04930,1.06030,1.04840
2011/06/23,Thu,1.05670,1.05300,1.05750,1.04540
2011/06/22,Wed,1.05990,1.05730,1.06520,1.05640
2011/06/21,Tue,1.05790,1.05890,1.06220,1.05310
2011/06/20,Mon,1.06010,1.05800,1.06200,1.04950
2011/06/19,Sun,,,,
2011/06/18,Sat,,,,
2011/06/17,Fri,1.05610,1.06260,1.06370,1.05040
2011/06/16,Thu,1.05570,1.05560,1.05940,1.04760
2011/06/15,Wed,1.06810,1.05640,1.07160,1.05340
2011/06/14,Tue,1.06120,1.06770,1.07180,1.05670
2011/06/13,Mon,1.05340,1.06010,1.06390,1.05220
2011/06/12,Sun,,,,
2011/06/11,Sat,,,,
2011/06/10,Fri,1.06270,1.05280,1.06550,1.05260
2011/06/09,Thu,1.06230,1.06280,1.06650,1.05630
2011/06/08,Wed,1.07180,1.06180,1.07260,1.05870
2011/06/07,Tue,1.07230,1.07110,1.07510,1.06710
2011/06/06,Mon,1.07340,1.07120,1.07700,1.06910
2011/06/05,Sun,,,,
2011/06/04,Sat,,,,
2011/06/03,Fri,1.06710,1.07150,1.07770,1.05950
2011/06/02,Thu,1.06080,1.06710,1.06920,1.05870
2011/06/01,Wed,1.06580,1.06000,1.07570,1.06000
2011/05/31,Tue,1.06880,1.06680,1.07590,1.06400
2011/05/30,Mon,1.07130,1.06890,1.07190,1.06700
2011/05/29,Sun,,,,
2011/05/28,Sat,,,,
2011/05/27,Fri,1.06370,1.06960,1.07210,1.06070
2011/05/26,Thu,1.05260,1.06360,1.06500,1.05090
2011/05/25,Wed,1.05540,1.05280,1.05630,1.04400
2011/05/24,Tue,1.05080,1.05540,1.05850,1.04780
2011/05/23,Mon,1.06500,1.05050,1.06540,1.04780
2011/05/22,Sun,,,,
2011/05/21,Sat,,,,
2011/05/20,Fri,1.06710,1.06560,1.07130,1.06080
2011/05/19,Thu,1.06350,1.06750,1.06840,1.05940
2011/05/18,Wed,1.06190,1.06250,1.06680,1.05680
2011/05/17,Tue,1.05790,1.06170,1.06310,1.05040
2011/05/16,Mon,1.05700,1.05610,1.06440,1.05110
2011/05/15,Sun,,,,
2011/05/14,Sat,,,,
2011/05/13,Fri,1.06720,1.05670,1.07190,1.05190
2011/05/12,Thu,1.07010,1.06740,1.07160,1.05660
2011/05/11,Wed,1.08450,1.06900,1.08900,1.06630
2011/05/10,Tue,1.07870,1.08350,1.08520,1.07350
2011/05/09,Mon,1.07110,1.07960,1.08140,1.07010
2011/05/08,Sun,,,,
2011/05/07,Sat,,,,
2011/05/06,Fri,1.05870,1.06860,1.08050,1.05830
2011/05/05,Thu,1.07280,1.05800,1.07720,1.05350
2011/05/04,Wed,1.08340,1.07430,1.08790,1.07290
2011/05/03,Tue,1.09400,1.08390,1.09550,1.08370
2011/05/02,Mon,1.09760,1.09400,1.10140,1.09210
2011/05/01,Sun,,,,
2011/04/30,Sat,,,,
2011/04/29,Fri,1.09280,1.09650,1.09800,1.08810
2011/04/28,Thu,1.08580,1.09250,1.09490,1.08500
2011/04/27,Wed,1.07960,1.08710,1.08810,1.07770
2011/04/26,Tue,1.07220,1.07750,1.07940,1.06760
2011/04/25,Mon,1.07600,1.07240,1.07790,1.06830
2011/04/24,Sun,,,,
2011/04/23,Sat,,,,
2011/04/22,Fri,1.07460,1.07380,1.07570,1.07200
2011/04/21,Thu,1.06950,1.07470,1.07760,1.06760
2011/04/20,Wed,1.05300,1.07040,1.07180,1.05180
2011/04/19,Tue,1.04980,1.05260,1.05330,1.04420
2011/04/18,Mon,1.05510,1.05060,1.05760,1.04540
2011/04/17,Sun,,,,
2011/04/16,Sat,,,,
2011/04/15,Fri,1.05430,1.05650,1.05800,1.05100
2011/04/14,Thu,1.04980,1.05410,1.05510,1.04570
2011/04/13,Wed,1.04380,1.04980,1.05400,1.04270
2011/04/12,Tue,1.04940,1.04420,1.05250,1.03890
2011/04/11,Mon,1.05570,1.04970,1.05820,1.04840
2011/04/10,Sun,,,,
2011/04/09,Sat,,,,
2011/04/08,Fri,1.04710,1.05610,1.05840,1.04520
2011/04/07,Thu,1.04360,1.04690,1.05100,1.04120
2011/04/06,Wed,1.03210,1.04390,1.04520,1.03150
2011/04/05,Tue,1.03720,1.03270,1.03740,1.02870
2011/04/04,Mon,1.03930,1.03640,1.04180,1.03350
2011/04/03,Sun,,,,
2011/04/02,Sat,,,,
2011/04/01,Fri,1.03280,1.03880,1.03970,1.03130
2011/03/31,Thu,1.03190,1.03270,1.03740,1.03100
2011/03/30,Wed,1.02880,1.03250,1.03390,1.02690
2011/03/29,Tue,1.02420,1.02880,1.02980,1.02040
2011/03/28,Mon,1.02440,1.02420,1.03160,1.02340
2011/03/27,Sun,,,,
2011/03/26,Sat,,,,
2011/03/25,Fri,1.02070,1.02590,1.02960,1.01860
2011/03/24,Thu,1.01290,1.02090,1.02300,1.01070
2011/03/23,Wed,1.01120,1.01280,1.01580,1.00640
2011/03/22,Tue,1.00670,1.01050,1.01310,1.00370
2011/03/21,Mon,0.99550,1.00660,1.00720,0.99520
2011/03/20,Sun,,,,
2011/03/19,Sat,,,,
2011/03/18,Fri,0.98180,0.99640,0.99800,0.97810
2011/03/17,Thu,0.97840,0.98090,0.98750,0.97070
2011/03/16,Wed,0.98950,0.97660,0.99650,0.97530
2011/03/15,Tue,1.00940,0.98990,1.01080,0.98150
2011/03/14,Mon,1.01200,1.00890,1.01300,1.00460
2011/03/13,Sun,,,,
2011/03/12,Sat,,,,
2011/03/11,Fri,1.00040,1.01430,1.01600,0.99680
2011/03/10,Thu,1.01050,1.00040,1.01190,0.99900
2011/03/09,Wed,1.01010,1.01030,1.01350,1.00600
2011/03/08,Tue,1.01120,1.00950,1.01370,1.00530
2011/03/07,Mon,1.01510,1.01110,1.01870,1.00910
2011/03/06,Sun,,,,
2011/03/05,Sat,,,,
2011/03/04,Fri,1.01460,1.01430,1.01500,1.00750
2011/03/03,Thu,1.01720,1.01440,1.01920,1.01240
2011/03/02,Wed,1.01380,1.01630,1.01830,1.00850
2011/03/01,Tue,1.01850,1.01370,1.02030,1.01240
2011/02/28,Mon,1.01490,1.01830,1.01940,1.01200
2011/02/27,Sun,,,,
2011/02/26,Sat,,,,
2011/02/25,Fri,1.00890,1.01730,1.01790,1.00840
2011/02/24,Thu,1.00200,1.00920,1.01260,0.99960
2011/02/23,Wed,0.99930,1.00170,1.00630,0.99810
2011/02/22,Tue,1.00910,0.99900,1.01040,0.99660
2011/02/21,Mon,1.01400,1.00880,1.01620,1.00720
2011/02/20,Sun,,,,
2011/02/19,Sat,,,,
2011/02/18,Fri,1.01210,1.01450,1.01620,1.00900
2011/02/17,Thu,1.00330,1.01150,1.01350,1.00170
2011/02/16,Wed,0.99610,1.00310,1.00600,0.99580
2011/02/15,Tue,1.00310,0.99540,1.00620,0.99420
2011/02/14,Mon,0.99900,1.00250,1.00790,0.99800
2011/02/13,Sun,,,,
2011/02/12,Sat,,,,
2011/02/11,Fri,1.00420,1.00230,1.00500,0.99600
2011/02/10,Thu,1.01240,1.00390,1.01310,1.00090
2011/02/09,Wed,1.01460,1.01130,1.01560,1.00860
2011/02/08,Tue,1.01370,1.01440,1.01960,1.01130
2011/02/07,Mon,1.01230,1.01290,1.01680,1.01030
2011/02/06,Sun,,,,
2011/02/05,Sat,,,,
2011/02/04,Fri,1.01520,1.01330,1.02040,1.01110
2011/02/03,Thu,1.00940,1.01540,1.01660,1.00820
2011/02/02,Wed,1.01170,1.00810,1.01380,1.00540
2011/02/01,Tue,0.99740,1.01150,1.01550,0.99620
2011/01/31,Mon,0.99010,0.99630,0.99950,0.98660
2011/01/30,Sun,,,,
2011/01/29,Sat,,,,
2011/01/28,Fri,0.99250,0.99310,0.99930,0.98830
2011/01/27,Thu,0.99890,0.99130,1.00060,0.98760
2011/01/26,Wed,0.99680,0.99840,1.00060,0.99290
2011/01/25,Tue,0.99720,0.99730,0.99990,0.98880
2011/01/24,Mon,0.98870,0.99790,1.00270,0.98610
2011/01/23,Sun,,,,
2011/01/22,Sat,,,,
2011/01/21,Fri,0.98660,0.98910,0.99230,0.98390
2011/01/20,Thu,1.00080,0.98820,1.00130,0.98310
2011/01/19,Wed,0.99940,1.00020,1.00830,0.99620
2011/01/18,Tue,0.99410,0.99760,1.00100,0.98970
2011/01/17,Mon,0.99100,0.99400,0.99720,0.98620
2011/01/16,Sun,,,,
2011/01/15,Sat,,,,
2011/01/14,Fri,0.99680,0.98940,1.00050,0.98550
2011/01/13,Thu,0.99620,0.99640,1.00280,0.99100
2011/01/12,Wed,0.98730,0.99590,0.99680,0.98040
2011/01/11,Tue,0.99560,0.98670,0.99610,0.98190
2011/01/10,Mon,0.99340,0.99550,0.99910,0.98820
2011/01/09,Sun,,,,
2011/01/08,Sat,,,,
2011/01/07,Fri,0.99450,0.99640,0.99980,0.99060
2011/01/06,Thu,0.99970,0.99400,1.00190,0.99320
2011/01/05,Wed,1.00510,0.99960,1.00800,0.99590
2011/01/04,Tue,1.01690,1.00550,1.01750,1.00270
2011/01/03,Mon,1.02080,1.01620,1.02290,1.01570
2011/01/02,Sun,,,,
2011/01/01,Sat,,,,
2010/12/31,Fri,1.01720,1.02030,1.02570,1.01510
2010/12/30,Thu,1.01780,1.01700,1.02020,1.01170
2010/12/29,Wed,1.00920,1.01720,1.01880,1.00880
2010/12/28,Tue,1.00370,1.00940,1.01580,1.00360
2010/12/27,Mon,1.00180,1.00450,1.00630,0.99850
2010/12/26,Sun,,,,
2010/12/25,Sat,,,,
2010/12/24,Fri,1.00430,1.00340,1.00590,1.00190
2010/12/23,Thu,0.99910,1.00440,1.00690,0.99780
2010/12/22,Wed,0.99640,0.99980,1.00160,0.99500
2010/12/21,Tue,0.99370,0.99680,0.99990,0.99170
2010/12/20,Mon,0.98820,0.99330,0.99540,0.98610
2010/12/19,Sun,,,,
2010/12/18,Sat,,,,
2010/12/17,Fri,0.98960,0.98870,0.99290,0.98390
2010/12/16,Thu,0.98660,0.98880,0.99080,0.98300
2010/12/15,Wed,0.99940,0.98550,1.00120,0.98410
2010/12/14,Tue,0.99570,0.99910,1.00360,0.99420
2010/12/13,Mon,0.98420,0.99510,0.99870,0.98290
2010/12/12,Sun,,,,
2010/12/11,Sat,,,,
2010/12/10,Fri,0.98370,0.98540,0.98990,0.98270
2010/12/09,Thu,0.97940,0.98430,0.98870,0.97760
2010/12/08,Wed,0.98260,0.97860,0.98570,0.97500
2010/12/07,Tue,0.98970,0.98390,0.99680,0.98340
2010/12/06,Mon,0.99050,0.98980,0.99290,0.98480
2010/12/05,Sun,,,,
2010/12/04,Sat,,,,
2010/12/03,Fri,0.97650,0.99250,0.99390,0.97390
2010/12/02,Thu,0.96840,0.97560,0.97800,0.96270
2010/12/01,Wed,0.95920,0.96890,0.97000,0.95380
2010/11/30,Tue,0.96240,0.95750,0.96620,0.95440
2010/11/29,Mon,0.96860,0.96310,0.97000,0.95660
2010/11/28,Sun,,,,
2010/11/27,Sat,,,,
2010/11/26,Fri,0.98050,0.96440,0.98180,0.96120
2010/11/25,Thu,0.98120,0.98030,0.98510,0.97610
2010/11/24,Wed,0.97280,0.98220,0.98530,0.97180
2010/11/23,Tue,0.98850,0.97250,0.98910,0.97080
2010/11/22,Mon,0.98730,0.98880,0.99570,0.98230
2010/11/21,Sun,,,,
2010/11/20,Sat,,,,
2010/11/19,Fri,0.98980,0.98620,0.99130,0.98140
2010/11/18,Thu,0.97960,0.98930,0.99070,0.97860
2010/11/17,Wed,0.97670,0.97830,0.98360,0.97260
2010/11/16,Tue,0.98480,0.97680,0.98940,0.97240
2010/11/15,Mon,0.98890,0.98480,0.99210,0.98120
2010/11/14,Sun,,,,
2010/11/13,Sat,,,,
2010/11/12,Fri,0.99800,0.98650,1.00040,0.98250
2010/11/11,Thu,1.00520,0.99740,1.00890,0.99560
2010/11/10,Wed,1.00370,1.00580,1.00760,0.99750
2010/11/09,Tue,1.01300,1.00310,1.01780,1.00000
2010/11/08,Mon,1.01510,1.01300,1.01670,1.00800
2010/11/07,Sun,,,,
2010/11/06,Sat,,,,
2010/11/05,Fri,1.01470,1.01600,1.01840,1.00840
2010/11/04,Thu,1.00610,1.01410,1.01770,1.00210
2010/11/03,Wed,0.99920,1.00560,1.00650,0.98950
2010/11/02,Tue,0.98740,0.99950,1.00250,0.98590
2010/11/01,Mon,0.98490,0.98710,0.99170,0.98250
2010/10/31,Sun,,,,
2010/10/30,Sat,,,,
2010/10/29,Fri,0.97770,0.98340,0.98410,0.96780
2010/10/28,Thu,0.97230,0.97890,0.98210,0.97190
2010/10/27,Wed,0.98640,0.97210,0.98660,0.96510
2010/10/26,Tue,0.99080,0.98550,0.99300,0.98140
2010/10/25,Mon,0.98490,0.99120,0.99770,0.98240
2010/10/24,Sun,,,,
2010/10/23,Sat,,,,
2010/10/22,Fri,0.97810,0.98250,0.98570,0.97580
2010/10/21,Thu,0.98610,0.97800,0.98940,0.97430
2010/10/20,Wed,0.96930,0.98660,0.98910,0.96630
2010/10/19,Tue,0.98980,0.96900,0.99490,0.96620
2010/10/18,Mon,0.99060,0.98980,0.99460,0.98010
2010/10/17,Sun,,,,
2010/10/16,Sat,,,,
2010/10/15,Fri,0.99370,0.99050,1.00050,0.98630
2010/10/14,Thu,0.98990,0.99430,0.99960,0.98950
2010/10/13,Wed,0.98610,0.99010,0.99380,0.98330
2010/10/12,Tue,0.98310,0.98610,0.98790,0.97670
2010/10/11,Mon,0.98950,0.98310,0.99080,0.98220
2010/10/10,Sun,,,,
2010/10/09,Sat,,,,
2010/10/08,Fri,0.98180,0.98480,0.98740,0.97090
2010/10/07,Thu,0.97700,0.98200,0.99230,0.97570
2010/10/06,Wed,0.97130,0.97730,0.97930,0.96930
2010/10/05,Tue,0.96760,0.97120,0.97270,0.95410
2010/10/04,Mon,0.97270,0.96770,0.97290,0.96510
2010/10/03,Sun,,,,
2010/10/02,Sat,,,,
2010/10/01,Fri,0.96590,0.97160,0.97510,0.96360
2010/09/30,Thu,0.96820,0.96670,0.97350,0.96240
2010/09/29,Wed,0.96730,0.96850,0.97330,0.96570
2010/09/28,Tue,0.96050,0.96710,0.96880,0.95590
2010/09/27,Mon,0.96020,0.96080,0.96460,0.95730
2010/09/26,Sun,,,,
2010/09/25,Sat,,,,
2010/09/24,Fri,0.94860,0.95880,0.96170,0.94630
2010/09/23,Thu,0.95530,0.94870,0.95790,0.94660
2010/09/22,Wed,0.95380,0.95630,0.96020,0.95090
2010/09/21,Tue,0.94650,0.95330,0.95660,0.94410
2010/09/20,Mon,0.93820,0.94770,0.94960,0.93620
2010/09/19,Sun,,,,
2010/09/18,Sat,,,,
2010/09/17,Fri,0.93650,0.93600,0.94710,0.93500
2010/09/16,Thu,0.93820,0.93630,0.93970,0.93300
2010/09/15,Wed,0.93940,0.93830,0.94310,0.93420
2010/09/14,Tue,0.93520,0.93940,0.94600,0.93130
2010/09/13,Mon,0.92980,0.93560,0.93640,0.92880
2010/09/12,Sun,,,,
2010/09/11,Sat,,,,
2010/09/10,Fri,0.92330,0.92640,0.92700,0.92040
2010/09/09,Thu,0.91880,0.92300,0.92790,0.91700
2010/09/08,Wed,0.91070,0.91880,0.91960,0.90980
2010/09/07,Tue,0.91700,0.91050,0.91800,0.90910
2010/09/06,Mon,0.91590,0.91710,0.91840,0.91450
2010/09/05,Sun,,,,
2010/09/04,Sat,,,,
2010/09/03,Fri,0.91110,0.91650,0.91780,0.90660
2010/09/02,Thu,0.91060,0.91090,0.91230,0.90540
2010/09/01,Wed,0.89230,0.91110,0.91180,0.89120
2010/08/31,Tue,0.89180,0.89060,0.89580,0.88600
2010/08/30,Mon,0.90140,0.89200,0.90320,0.89160
2010/08/29,Sun,,,,
2010/08/28,Sat,,,,
2010/08/27,Fri,0.88570,0.89880,0.90000,0.88440
2010/08/26,Thu,0.88470,0.88640,0.89180,0.88310
2010/08/25,Wed,0.88240,0.88370,0.88970,0.87710
2010/08/24,Tue,0.89090,0.88190,0.89100,0.87970
2010/08/23,Mon,0.88650,0.89080,0.89850,0.88650
2010/08/22,Sun,,,,
2010/08/21,Sat,,,,
2010/08/20,Fri,0.89150,0.89390,0.89440,0.88410
2010/08/19,Thu,0.89850,0.89250,0.90200,0.89050
2010/08/18,Wed,0.90520,0.89870,0.90600,0.89720
2010/08/17,Tue,0.89720,0.90490,0.90830,0.89450
2010/08/16,Mon,0.89290,0.89800,0.89980,0.88590
2010/08/15,Sun,,,,
2010/08/14,Sat,,,,
2010/08/13,Fri,0.89560,0.89280,0.90380,0.89220
2010/08/12,Thu,0.89440,0.89590,0.90100,0.89140
2010/08/11,Wed,0.91330,0.89600,0.91350,0.89580
2010/08/10,Tue,0.91650,0.91350,0.91680,0.90580
2010/08/09,Mon,0.91880,0.91610,0.92080,0.91530
2010/08/08,Sun,,,,
2010/08/07,Sat,,,,
2010/08/06,Fri,0.91510,0.91800,0.92240,0.91350
2010/08/05,Thu,0.91680,0.91530,0.91760,0.91160
2010/08/04,Wed,0.91300,0.91730,0.91850,0.90940
2010/08/03,Tue,0.91330,0.91250,0.91510,0.90700
2010/08/02,Mon,0.90580,0.91320,0.91480,0.90440
2010/08/01,Sun,,,,
2010/07/31,Sat,,,,
2010/07/30,Fri,0.90100,0.90400,0.90680,0.89650
2010/07/29,Thu,0.89090,0.90030,0.90450,0.89060
2010/07/28,Wed,0.90100,0.89060,0.90270,0.89050
2010/07/27,Tue,0.90250,0.90130,0.90710,0.89990
2010/07/26,Mon,0.89620,0.90250,0.90370,0.89280
2010/07/25,Sun,,,,
2010/07/24,Sat,,,,
2010/07/23,Fri,0.89300,0.89550,0.89730,0.88960
2010/07/22,Thu,0.87670,0.89340,0.89550,0.87370
2010/07/21,Wed,0.88290,0.87730,0.88610,0.87620
2010/07/20,Tue,0.86840,0.88330,0.88470,0.86670
2010/07/19,Mon,0.86620,0.86830,0.87210,0.86330
2010/07/18,Sun,,,,
2010/07/17,Sat,,,,
2010/07/16,Fri,0.88330,0.86880,0.88470,0.86810
2010/07/15,Thu,0.88370,0.88360,0.88500,0.87270
2010/07/14,Wed,0.88310,0.88420,0.88730,0.87860
2010/07/13,Tue,0.87720,0.88310,0.88430,0.86820
2010/07/12,Mon,0.87730,0.87560,0.87780,0.87010
2010/07/11,Sun,,,,
2010/07/10,Sat,,,,
2010/07/09,Fri,0.87700,0.87730,0.87890,0.87270
2010/07/08,Thu,0.86400,0.87740,0.87930,0.86210
2010/07/07,Wed,0.85230,0.86430,0.86650,0.84490
2010/07/06,Tue,0.83980,0.85280,0.85610,0.83170
2010/07/05,Mon,0.84190,0.83970,0.84700,0.83710
2010/07/04,Sun,,,,
2010/07/03,Sat,,,,
2010/07/02,Fri,0.84630,0.84150,0.85120,0.84020
2010/07/01,Thu,0.83960,0.84300,0.84500,0.83160
2010/06/30,Wed,0.84840,0.83990,0.85690,0.83990
2010/06/29,Tue,0.87150,0.84660,0.87230,0.84640
2010/06/28,Mon,0.87410,0.87190,0.87770,0.87060
2010/06/27,Sun,,,,
2010/06/26,Sat,,,,
2010/06/25,Fri,0.86660,0.87480,0.87610,0.85950
2010/06/24,Thu,0.87430,0.86680,0.87720,0.86410
2010/06/23,Wed,0.87080,0.87380,0.87810,0.86600
2010/06/22,Tue,0.87620,0.87240,0.88340,0.87120
2010/06/21,Mon,0.88140,0.87540,0.88610,0.87520
2010/06/20,Sun,,,,
2010/06/19,Sat,,,,
2010/06/18,Fri,0.86730,0.87200,0.87230,0.86510
2010/06/17,Thu,0.86200,0.86810,0.86880,0.85820
2010/06/16,Wed,0.86520,0.86320,0.86740,0.85810
2010/06/15,Tue,0.85750,0.86530,0.86440,0.85050
2010/06/14,Mon,0.85200,0.85750,0.86680,0.85100
2010/06/13,Sun,,,,
2010/06/12,Sat,,,,
2010/06/11,Fri,0.84870,0.85020,0.85060,0.84230
2010/06/10,Thu,0.82730,0.84880,0.85010,0.82670
2010/06/09,Wed,0.82730,0.82780,0.83600,0.81950
2010/06/08,Tue,0.80990,0.82720,0.82760,0.80880
2010/06/07,Mon,0.82170,0.80920,0.82290,0.80920
2010/06/06,Sun,,,,
2010/06/05,Sat,,,,
2010/06/04,Fri,0.84210,0.82320,0.84790,0.82120
2010/06/03,Thu,0.84230,0.84350,0.85230,0.83420
2010/06/02,Wed,0.82970,0.84110,0.84040,0.82850
2010/06/01,Tue,0.84730,0.83210,0.84780,0.82820
2010/05/31,Mon,0.84500,0.84640,0.85170,0.83820
2010/05/30,Sun,,,,
2010/05/29,Sat,,,,
2010/05/28,Fri,0.85130,0.84730,0.85530,0.84280
2010/05/27,Thu,0.82150,0.85140,0.85050,0.82120
2010/05/26,Wed,0.82890,0.82090,0.83900,0.81890
2010/05/25,Tue,0.82430,0.82890,0.82750,0.80670
2010/05/24,Mon,0.83180,0.82410,0.83600,0.81850
2010/05/23,Sun,,,,
2010/05/22,Sat,,,,
2010/05/21,Fri,0.80760,0.83240,0.83680,0.80750
2010/05/20,Thu,0.84970,0.81550,0.85000,0.81510
2010/05/19,Wed,0.86170,0.84760,0.86390,0.83570
2010/05/18,Tue,0.87760,0.86230,0.87910,0.86250
2010/05/17,Mon,0.88500,0.87700,0.88630,0.86860
2010/05/16,Sun,,,,
2010/05/15,Sat,,,,
2010/05/14,Fri,0.89410,0.88570,0.89750,0.88500
2010/05/13,Thu,0.89440,0.89510,0.90290,0.89410
2010/05/12,Wed,0.89510,0.89330,0.89820,0.88880
2010/05/11,Tue,0.90350,0.89440,0.90370,0.89320
2010/05/10,Mon,0.90010,0.90280,0.90800,0.89230
2010/05/09,Sun,,,,
2010/05/08,Sat,,,,
2010/05/07,Fri,0.88720,0.88800,0.89410,0.88030
2010/05/06,Thu,0.90620,0.88530,0.90950,0.87150
2010/05/05,Wed,0.90810,0.90480,0.91200,0.90200
2010/05/04,Tue,0.92650,0.90820,0.92740,0.90790
2010/05/03,Mon,0.92280,0.92640,0.92770,0.92270
2010/05/02,Sun,,,,
2010/05/01,Sat,,,,
2010/04/30,Fri,0.92840,0.92440,0.93270,0.92350
2010/04/29,Thu,0.92530,0.92700,0.92970,0.92220
2010/04/28,Wed,0.91430,0.92510,0.92600,0.91410
2010/04/27,Tue,0.92760,0.91470,0.92880,0.91350
2010/04/26,Mon,0.92570,0.92650,0.93150,0.92560
2010/04/25,Sun,,,,
2010/04/24,Sat,,,,
2010/04/23,Fri,0.92680,0.92760,0.92770,0.91710
2010/04/22,Thu,0.92670,0.92740,0.93060,0.92270
2010/04/21,Wed,0.93210,0.92570,0.93410,0.92560
2010/04/20,Tue,0.92570,0.93180,0.93260,0.92400
2010/04/19,Mon,0.92200,0.92400,0.92460,0.91570
2010/04/18,Sun,,,,
2010/04/17,Sat,,,,
2010/04/16,Fri,0.93460,0.92430,0.93470,0.92300
2010/04/15,Thu,0.93550,0.93500,0.93660,0.93100
2010/04/14,Wed,0.92880,0.93490,0.93620,0.92730
2010/04/13,Tue,0.92560,0.92860,0.92940,0.92230
2010/04/12,Mon,0.93620,0.92650,0.93840,0.92510
2010/04/11,Sun,,,,
2010/04/10,Sat,,,,
2010/04/09,Fri,0.92860,0.93300,0.93460,0.92660
2010/04/08,Thu,0.92710,0.92900,0.92920,0.92230
2010/04/07,Wed,0.92820,0.92670,0.92950,0.92480
2010/04/06,Tue,0.92120,0.92780,0.92760,0.91650
2010/04/05,Mon,0.91880,0.92160,0.92230,0.91870
2010/04/04,Sun,,,,
2010/04/03,Sat,,,,
2010/04/02,Fri,0.92050,0.91920,0.92160,0.91820
2010/04/01,Thu,0.91730,0.92070,0.92200,0.91510
2010/03/31,Wed,0.91840,0.91660,0.92080,0.91310
2010/03/30,Tue,0.91730,0.91830,0.92170,0.91580
2010/03/29,Mon,0.90470,0.91720,0.91740,0.90330
2010/03/28,Sun,,,,
2010/03/27,Sat,,,,
2010/03/26,Fri,0.90780,0.90390,0.91180,0.90000
2010/03/25,Thu,0.90800,0.90720,0.91420,0.90700
2010/03/24,Wed,0.91870,0.90660,0.91980,0.90650
2010/03/23,Tue,0.91800,0.91850,0.92000,0.91360
2010/03/22,Mon,0.91480,0.91760,0.91820,0.90840
2010/03/21,Sun,,,,
2010/03/20,Sat,,,,
2010/03/19,Fri,0.91990,0.91530,0.92260,0.91280
2010/03/18,Thu,0.92350,0.92040,0.92440,0.91800
2010/03/17,Wed,0.92030,0.92320,0.92490,0.91730
2010/03/16,Tue,0.91430,0.91940,0.91830,0.91190
2010/03/15,Mon,0.91810,0.91410,0.91810,0.90950
2010/03/14,Sun,,,,
2010/03/13,Sat,,,,
2010/03/12,Fri,0.91520,0.91520,0.91970,0.91400
2010/03/11,Thu,0.91510,0.91510,0.91710,0.91110
2010/03/10,Wed,0.91400,0.91460,0.91950,0.91260
2010/03/09,Tue,0.90940,0.91370,0.91440,0.90550
2010/03/08,Mon,0.90790,0.90910,0.91350,0.90760
2010/03/07,Sun,,,,
2010/03/06,Sat,,,,
2010/03/05,Fri,0.90060,0.90690,0.90940,0.89840
2010/03/04,Thu,0.90550,0.90050,0.90640,0.89780
2010/03/03,Wed,0.90390,0.90550,0.90870,0.90080
2010/03/02,Tue,0.90120,0.90320,0.90600,0.89590
2010/03/01,Mon,0.89610,0.90110,0.90140,0.89350
2010/02/28,Sun,,,,
2010/02/27,Sat,,,,
2010/02/26,Fri,0.88810,0.89480,0.89810,0.88620
2010/02/25,Thu,0.89320,0.88830,0.89540,0.88010
2010/02/24,Wed,0.89120,0.89280,0.89570,0.88560
2010/02/23,Tue,0.89990,0.88980,0.90720,0.88780
2010/02/22,Mon,0.90140,0.90010,0.90260,0.89730
2010/02/21,Sun,,,,
2010/02/20,Sat,,,,
2010/02/19,Fri,0.89600,0.89850,0.89810,0.88780
2010/02/18,Thu,0.89920,0.90180,0.90240,0.89370
2010/02/17,Wed,0.90190,0.89970,0.90400,0.89730
2010/02/16,Tue,0.88860,0.90190,0.90240,0.88770
2010/02/15,Mon,0.88770,0.88900,0.89110,0.88470
2010/02/14,Sun,,,,
2010/02/13,Sat,,,,
2010/02/12,Fri,0.89050,0.88730,0.89170,0.87830
2010/02/11,Thu,0.87540,0.89090,0.89150,0.87490
2010/02/10,Wed,0.87870,0.87500,0.87980,0.87080
2010/02/09,Tue,0.86440,0.87780,0.87960,0.86150
2010/02/08,Mon,0.86850,0.86460,0.87100,0.86400
2010/02/07,Sun,,,,
2010/02/06,Sat,,,,
2010/02/05,Fri,0.86410,0.86740,0.87190,0.85770
2010/02/04,Thu,0.88210,0.86380,0.88320,0.86070
2010/02/03,Wed,0.88600,0.88280,0.89180,0.88140
2010/02/02,Tue,0.89130,0.88650,0.89290,0.87790
2010/02/01,Mon,0.88030,0.89150,0.89050,0.87860
2010/01/31,Sun,,,,
2010/01/30,Sat,,,,
2010/01/29,Fri,0.89500,0.88450,0.89630,0.88340
2010/01/28,Thu,0.89460,0.89320,0.90490,0.89290
2010/01/27,Wed,0.89870,0.89470,0.90460,0.89110
2010/01/26,Tue,0.90430,0.89830,0.90860,0.89370
2010/01/25,Mon,0.90350,0.90400,0.90950,0.90140
2010/01/24,Sun,,,,
2010/01/23,Sat,,,,
2010/01/22,Fri,0.90040,0.90070,0.90950,0.89830
2010/01/21,Thu,0.90990,0.90080,0.91480,0.90090
2010/01/20,Wed,0.92320,0.90870,0.92440,0.90710
2010/01/19,Tue,0.92640,0.92460,0.92840,0.91750
2010/01/18,Mon,0.92060,0.92630,0.92810,0.91710
2010/01/17,Sun,,,,
2010/01/16,Sat,,,,
2010/01/15,Fri,0.93180,0.92310,0.93210,0.92130
2010/01/14,Thu,0.92420,0.93190,0.93310,0.92160
2010/01/13,Wed,0.91980,0.92410,0.92700,0.91850
2010/01/12,Tue,0.92990,0.92030,0.93080,0.91690
2010/01/11,Mon,0.92950,0.93150,0.93270,0.92750
2010/01/10,Sun,,,,
2010/01/09,Sat,,,,
2010/01/08,Fri,0.91790,0.92450,0.92450,0.91220
2010/01/07,Thu,0.91970,0.91640,0.92670,0.91590
2010/01/06,Wed,0.91240,0.92010,0.92110,0.90990
2010/01/05,Tue,0.91340,0.91170,0.91750,0.90910
2010/01/04,Mon,0.89860,0.91250,0.91380,0.89390
2010/01/03,Sun,,,,
2010/01/02,Sat,,,,
2010/01/01,Fri,0.89730,0.89700,0.89730,0.89730
2009/12/31,Thu,0.89370,0.89720,0.90100,0.89300
2009/12/30,Wed,0.89420,0.89410,0.89580,0.89020
2009/12/29,Tue,0.88720,0.89420,0.89950,0.88560
2009/12/28,Mon,0.88520,0.88720,0.88930,0.88280
2009/12/27,Sun,,,,
2009/12/26,Sat,,,,
2009/12/25,Fri,0.88280,0.88470,0.88580,0.88250
2009/12/24,Thu,0.87920,0.88250,0.88610,0.87820
2009/12/23,Wed,0.87630,0.87910,0.88180,0.87340
2009/12/22,Tue,0.88160,0.87580,0.88350,0.87510
2009/12/21,Mon,0.89080,0.88080,0.89130,0.88050
2009/12/20,Sun,,,,
2009/12/19,Sat,,,,
2009/12/18,Fri,0.88710,0.89060,0.89130,0.88110
2009/12/17,Thu,0.90040,0.88700,0.90230,0.88460
2009/12/16,Wed,0.90600,0.90060,0.90700,0.89550
2009/12/15,Tue,0.91690,0.90670,0.91740,0.90330
2009/12/14,Mon,0.91140,0.91650,0.91730,0.90540
2009/12/13,Sun,,,,
2009/12/12,Sat,,,,
2009/12/11,Fri,0.91730,0.91210,0.91970,0.90900
2009/12/10,Thu,0.90860,0.91690,0.91920,0.90810
2009/12/09,Wed,0.90470,0.90870,0.91150,0.90150
2009/12/08,Tue,0.91270,0.90390,0.91650,0.90200
2009/12/07,Mon,0.91300,0.91230,0.91820,0.90520
2009/12/06,Sun,,,,
2009/12/05,Sat,,,,
2009/12/04,Fri,0.92340,0.91560,0.92950,0.91070
2009/12/03,Thu,0.92510,0.92460,0.93270,0.92450
2009/12/02,Wed,0.92500,0.92490,0.92970,0.92300
2009/12/01,Tue,0.91590,0.92540,0.92680,0.91050
2009/11/30,Mon,0.91300,0.91500,0.92000,0.90960
2009/11/29,Sun,,,,
2009/11/28,Sat,,,,
2009/11/27,Fri,0.91450,0.90670,0.91470,0.89460
2009/11/26,Thu,0.93180,0.91280,0.93240,0.90940
2009/11/25,Wed,0.91950,0.93160,0.93140,0.91880
2009/11/24,Tue,0.92410,0.91860,0.92570,0.91310
2009/11/23,Mon,0.91520,0.92410,0.92790,0.91120
2009/11/22,Sun,,,,
2009/11/21,Sat,,,,
2009/11/20,Fri,0.91960,0.91540,0.92170,0.90600
2009/11/19,Thu,0.92910,0.91920,0.93030,0.91310
2009/11/18,Wed,0.93090,0.92940,0.93410,0.92660
2009/11/17,Tue,0.93760,0.93070,0.93790,0.92370
2009/11/16,Mon,0.93390,0.93700,0.93920,0.93160
2009/11/15,Sun,,,,
2009/11/14,Sat,,,,
2009/11/13,Fri,0.92350,0.93340,0.93380,0.92240
2009/11/12,Thu,0.92960,0.92260,0.93710,0.92100
2009/11/11,Wed,0.93060,0.93020,0.93460,0.92700
2009/11/10,Tue,0.92980,0.93030,0.93250,0.92550
2009/11/09,Mon,0.92310,0.92960,0.93100,0.91950
2009/11/08,Sun,,,,
2009/11/07,Sat,,,,
2009/11/06,Fri,0.91010,0.91860,0.91990,0.90910
2009/11/05,Thu,0.91040,0.91110,0.91260,0.90240
2009/11/04,Wed,0.90320,0.91070,0.91330,0.89570
2009/11/03,Tue,0.90410,0.90270,0.90930,0.89160
2009/11/02,Mon,0.89710,0.90330,0.91240,0.89060
2009/11/01,Sun,,,,
2009/10/31,Sat,,,,
2009/10/30,Fri,0.91580,0.89910,0.91810,0.89780
2009/10/29,Thu,0.89900,0.91550,0.91790,0.89420
2009/10/28,Wed,0.91670,0.89760,0.92090,0.89620
2009/10/27,Tue,0.91650,0.91640,0.92200,0.91210
2009/10/26,Mon,0.92060,0.91590,0.92780,0.91250
2009/10/25,Sun,,,,
2009/10/24,Sat,,,,
2009/10/23,Fri,0.92610,0.92220,0.92970,0.91990
2009/10/22,Thu,0.92580,0.92640,0.93000,0.91850
2009/10/21,Wed,0.92310,0.92700,0.93160,0.91930
2009/10/20,Tue,0.92910,0.92350,0.93120,0.91810
2009/10/19,Mon,0.91470,0.92840,0.92860,0.91130
2009/10/18,Sun,,,,
2009/10/17,Sat,,,,
2009/10/16,Fri,0.92080,0.91630,0.92720,0.91230
2009/10/15,Thu,0.91570,0.92090,0.92290,0.91450
2009/10/14,Wed,0.90910,0.91530,0.91600,0.90530
2009/10/13,Tue,0.90720,0.90820,0.91280,0.90310
2009/10/12,Mon,0.90420,0.90660,0.90850,0.89830
2009/10/11,Sun,,,,
2009/10/10,Sat,,,,
2009/10/09,Fri,0.90640,0.90380,0.90860,0.90120
2009/10/08,Thu,0.89080,0.90600,0.90920,0.89010
2009/10/07,Wed,0.89040,0.89100,0.89520,0.88650
2009/10/06,Tue,0.87800,0.89050,0.89210,0.87560
2009/10/05,Mon,0.86610,0.87730,0.87910,0.86470
2009/10/04,Sun,,,,
2009/10/03,Sat,,,,
2009/10/02,Fri,0.86940,0.86510,0.87150,0.85680
2009/10/01,Thu,0.88380,0.87060,0.88610,0.86760
2009/09/30,Wed,0.87140,0.88340,0.88490,0.87090
2009/09/29,Tue,0.87220,0.87080,0.87660,0.86760
2009/09/28,Mon,0.86590,0.87260,0.87570,0.85830
2009/09/27,Sun,,,,
2009/09/26,Sat,,,,
2009/09/25,Fri,0.86550,0.86800,0.87160,0.86080
2009/09/24,Thu,0.86830,0.86470,0.87710,0.86200
2009/09/23,Wed,0.87360,0.86980,0.87900,0.86860
2009/09/22,Tue,0.86280,0.87330,0.87610,0.86240
2009/09/21,Mon,0.86630,0.86280,0.86850,0.85900
2009/09/20,Sun,,,,
2009/09/19,Sat,,,,
2009/09/18,Fri,0.87240,0.86730,0.87270,0.86530
2009/09/17,Thu,0.87290,0.87190,0.87770,0.86900
2009/09/16,Wed,0.86300,0.87260,0.87510,0.86250
2009/09/15,Tue,0.86170,0.86300,0.86450,0.85640
2009/09/14,Mon,0.86210,0.86160,0.86330,0.85440
2009/09/13,Sun,,,,
2009/09/12,Sat,,,,
2009/09/11,Fri,0.86320,0.86340,0.86770,0.86050
2009/09/10,Thu,0.86310,0.86300,0.86430,0.85440
2009/09/09,Wed,0.86160,0.86280,0.86700,0.85660
2009/09/08,Tue,0.85550,0.86130,0.86590,0.85280
2009/09/07,Mon,0.85180,0.85530,0.85790,0.85100
2009/09/06,Sun,,,,
2009/09/05,Sat,,,,
2009/09/04,Fri,0.83940,0.85050,0.85320,0.83780
2009/09/03,Thu,0.83380,0.84020,0.84290,0.83160
2009/09/02,Wed,0.82620,0.83370,0.83750,0.82400
2009/09/01,Tue,0.84370,0.82620,0.84510,0.82450
2009/08/31,Mon,0.84220,0.84430,0.84570,0.83380
2009/08/30,Sun,,,,
2009/08/29,Sat,,,,
2009/08/28,Fri,0.83860,0.84190,0.84720,0.83750
2009/08/27,Thu,0.82710,0.83990,0.83990,0.82390
2009/08/26,Wed,0.83470,0.82700,0.83890,0.82510
2009/08/25,Tue,0.83760,0.83430,0.84280,0.83370
2009/08/24,Mon,0.83820,0.83800,0.84310,0.83580
2009/08/23,Sun,,,,
2009/08/22,Sat,,,,
2009/08/21,Fri,0.83120,0.83470,0.83970,0.82160
2009/08/20,Thu,0.82990,0.83090,0.83350,0.82690
2009/08/19,Wed,0.82630,0.82930,0.83150,0.81740
2009/08/18,Tue,0.82070,0.82570,0.82780,0.81950
2009/08/17,Mon,0.82970,0.82060,0.83170,0.81550
2009/08/16,Sun,,,,
2009/08/15,Sat,,,,
2009/08/14,Fri,0.84190,0.83250,0.84790,0.82750
2009/08/13,Thu,0.83310,0.84270,0.84540,0.83260
2009/08/12,Wed,0.82910,0.83230,0.83630,0.81790
2009/08/11,Tue,0.83800,0.82950,0.83910,0.82750
2009/08/10,Mon,0.83410,0.83750,0.84330,0.83300
2009/08/09,Sun,,,,
2009/08/08,Sat,,,,
2009/08/07,Fri,0.83960,0.83700,0.84510,0.83440
2009/08/06,Thu,0.84080,0.83880,0.84630,0.83660
2009/08/05,Wed,0.84380,0.84050,0.84550,0.83610
2009/08/04,Tue,0.84180,0.84500,0.84720,0.83840
2009/08/03,Mon,0.83530,0.84160,0.84420,0.83400
2009/08/02,Sun,,,,
2009/08/01,Sat,,,,
2009/07/31,Fri,0.82510,0.83510,0.83540,0.82370
2009/07/30,Thu,0.81680,0.82530,0.82880,0.81430
2009/07/29,Wed,0.82660,0.81670,0.82800,0.81240
2009/07/28,Tue,0.82320,0.82690,0.83400,0.81990
2009/07/27,Mon,0.81850,0.82270,0.82610,0.81450
2009/07/26,Sun,,,,
2009/07/25,Sat,,,,
2009/07/24,Fri,0.81320,0.81710,0.81910,0.81240
2009/07/23,Thu,0.81580,0.81300,0.82240,0.81080
2009/07/22,Wed,0.81730,0.81550,0.82080,0.80990
2009/07/21,Tue,0.81570,0.81840,0.81950,0.80890
2009/07/20,Mon,0.80240,0.81530,0.81680,0.80240
2009/07/19,Sun,,,,
2009/07/18,Sat,,,,
2009/07/17,Fri,0.80540,0.80240,0.80570,0.79700
2009/07/16,Thu,0.80370,0.80540,0.80710,0.79590
2009/07/15,Wed,0.79460,0.80340,0.80570,0.79240
2009/07/14,Tue,0.78320,0.79440,0.79360,0.78130
2009/07/13,Mon,0.77970,0.78270,0.78320,0.77020
2009/07/12,Sun,,,,
2009/07/11,Sat,,,,
2009/07/10,Fri,0.78370,0.77850,0.78510,0.77390
2009/07/09,Thu,0.77840,0.78260,0.78640,0.77540
2009/07/08,Wed,0.78970,0.77840,0.78990,0.77230
2009/07/07,Tue,0.79620,0.78920,0.80390,0.78840
2009/07/06,Mon,0.79480,0.79700,0.79740,0.78780
2009/07/05,Sun,,,,
2009/07/04,Sat,,,,
2009/07/03,Fri,0.79140,0.79680,0.80090,0.79040
2009/07/02,Thu,0.80920,0.79250,0.81000,0.79170
2009/07/01,Wed,0.80600,0.80820,0.81110,0.80230
2009/06/30,Tue,0.80750,0.80670,0.81570,0.80380
2009/06/29,Mon,0.80640,0.80690,0.80950,0.79830
2009/06/28,Sun,,,,
2009/06/27,Sat,,,,
2009/06/26,Fri,0.80330,0.80710,0.80880,0.80250
2009/06/25,Thu,0.79660,0.80270,0.80270,0.79330
2009/06/24,Wed,0.79410,0.79580,0.80570,0.79170
2009/06/23,Tue,0.78670,0.79400,0.79810,0.77890
2009/06/22,Mon,0.80610,0.78560,0.80610,0.78510
2009/06/21,Sun,,,,
2009/06/20,Sat,,,,
2009/06/19,Fri,0.80030,0.80600,0.81200,0.79840
2009/06/18,Thu,0.79250,0.79900,0.80540,0.79120
2009/06/17,Wed,0.79280,0.79240,0.79980,0.78500
2009/06/16,Tue,0.79450,0.79320,0.80700,0.78630
2009/06/15,Mon,0.80870,0.79490,0.81000,0.79040
2009/06/14,Sun,,,,
2009/06/13,Sat,,,,
2009/06/12,Fri,0.81880,0.81220,0.82140,0.80600
2009/06/11,Thu,0.80150,0.81870,0.82340,0.80130
2009/06/10,Wed,0.80090,0.80170,0.81370,0.79680
2009/06/09,Tue,0.78910,0.80060,0.80340,0.78530
2009/06/08,Mon,0.79380,0.78860,0.79880,0.78270
2009/06/07,Sun,,,,
2009/06/06,Sat,,,,
2009/06/05,Fri,0.80170,0.79300,0.81240,0.79170
2009/06/04,Thu,0.79980,0.80240,0.80920,0.78850
2009/06/03,Wed,0.82040,0.80010,0.82660,0.79320
2009/06/02,Tue,0.80850,0.82090,0.82310,0.80500
2009/06/01,Mon,0.80280,0.81000,0.81460,0.79910
2009/05/31,Sun,,,,
2009/05/30,Sat,,,,
2009/05/29,Fri,0.78460,0.80100,0.80160,0.78300
2009/05/28,Thu,0.77560,0.78490,0.78700,0.77550
2009/05/27,Wed,0.78680,0.77500,0.78920,0.77450
2009/05/26,Tue,0.78230,0.78620,0.78730,0.77030
2009/05/25,Mon,0.78190,0.78190,0.78370,0.77730
2009/05/24,Sun,,,,
2009/05/23,Sat,,,,
2009/05/22,Fri,0.77830,0.78250,0.78690,0.77690
2009/05/21,Thu,0.77390,0.77880,0.77980,0.76680
2009/05/20,Wed,0.77350,0.77420,0.78110,0.76860
2009/05/19,Tue,0.76460,0.77340,0.77770,0.76290
2009/05/18,Mon,0.75020,0.76480,0.76550,0.74510
2009/05/17,Sun,,,,
2009/05/16,Sat,,,,
2009/05/15,Fri,0.75910,0.74850,0.76100,0.74760
2009/05/14,Thu,0.75310,0.75970,0.76080,0.74660
2009/05/13,Wed,0.76480,0.75280,0.77060,0.75080
2009/05/12,Tue,0.75730,0.76490,0.76830,0.75610
2009/05/11,Mon,0.77090,0.75840,0.77160,0.75800
2009/05/10,Sun,,,,
2009/05/09,Sat,,,,
2009/05/08,Fri,0.75660,0.76950,0.76880,0.75070
2009/05/07,Thu,0.74620,0.75640,0.76170,0.74580
2009/05/06,Wed,0.74080,0.74630,0.74990,0.73350
2009/05/05,Tue,0.74010,0.74120,0.74810,0.73780
2009/05/04,Mon,0.73310,0.73990,0.74120,0.73130
2009/05/03,Sun,,,,
2009/05/02,Sat,,,,
2009/05/01,Fri,0.72530,0.73040,0.73470,0.72420
2009/04/30,Thu,0.72420,0.72510,0.73850,0.72320
2009/04/29,Wed,0.70630,0.72550,0.72930,0.70510
2009/04/28,Tue,0.70910,0.70590,0.70990,0.69890
2009/04/27,Mon,0.72120,0.70940,0.72150,0.70880
2009/04/26,Sun,,,,
2009/04/25,Sat,,,,
2009/04/24,Fri,0.71370,0.72310,0.72350,0.71060
2009/04/23,Thu,0.70470,0.71450,0.71540,0.70300
2009/04/22,Wed,0.71010,0.70510,0.71160,0.70020
2009/04/21,Tue,0.69840,0.71050,0.71310,0.69700
2009/04/20,Mon,0.72380,0.69770,0.72410,0.69530
2009/04/19,Sun,,,,
2009/04/18,Sat,,,,
2009/04/17,Fri,0.72060,0.72130,0.72310,0.71670
2009/04/16,Thu,0.72710,0.71990,0.73180,0.71380
2009/04/15,Wed,0.72060,0.72800,0.72880,0.71440
2009/04/14,Tue,0.73150,0.72330,0.73260,0.72110
2009/04/13,Mon,0.72450,0.73070,0.73110,0.71860
2009/04/12,Sun,,,,
2009/04/11,Sat,,,,
2009/04/10,Fri,0.71970,0.71940,0.72100,0.71610
2009/04/09,Thu,0.70970,0.71980,0.72060,0.70520
2009/04/08,Wed,0.71100,0.70920,0.71340,0.70240
2009/04/07,Tue,0.71250,0.70960,0.71710,0.70450
2009/04/06,Mon,0.71580,0.71230,0.72100,0.70780
2009/04/05,Sun,,,,
2009/04/04,Sat,,,,
2009/04/03,Fri,0.71510,0.71480,0.72300,0.70570
2009/04/02,Thu,0.69790,0.71460,0.72010,0.69750
2009/04/01,Wed,0.69170,0.69860,0.69750,0.68560
2009/03/31,Tue,0.68120,0.69200,0.69640,0.67880
2009/03/30,Mon,0.69010,0.68040,0.69270,0.67640
2009/03/29,Sun,,,,
2009/03/28,Sat,,,,
2009/03/27,Fri,0.70230,0.69350,0.70320,0.68660
2009/03/26,Thu,0.69780,0.70200,0.70430,0.69730
2009/03/25,Wed,0.69680,0.69710,0.70510,0.69040
2009/03/24,Tue,0.70490,0.69490,0.70950,0.69330
2009/03/23,Mon,0.68980,0.70550,0.70400,0.68960
2009/03/22,Sun,,,,
2009/03/21,Sat,,,,
2009/03/20,Fri,0.68650,0.68650,0.69330,0.68500
2009/03/19,Thu,0.68110,0.68520,0.69450,0.67230
2009/03/18,Wed,0.66190,0.68040,0.67210,0.65660
2009/03/17,Tue,0.65950,0.66160,0.66220,0.65670
2009/03/16,Mon,0.65550,0.65930,0.66390,0.65280
2009/03/15,Sun,,,,
2009/03/14,Sat,,,,
2009/03/13,Fri,0.65650,0.65870,0.66060,0.65110
2009/03/12,Thu,0.65150,0.65610,0.65510,0.64120
2009/03/11,Wed,0.64650,0.64970,0.65230,0.64000
2009/03/10,Tue,0.63150,0.64560,0.64910,0.63110
2009/03/09,Mon,0.64050,0.63190,0.64520,0.63050
2009/03/08,Sun,,,,
2009/03/07,Sat,,,,
2009/03/06,Fri,0.63870,0.64050,0.64720,0.63690
2009/03/05,Thu,0.64950,0.63720,0.64990,0.63560
2009/03/04,Wed,0.63760,0.64900,0.65200,0.62850
2009/03/03,Tue,0.63050,0.63880,0.64640,0.62850
2009/03/02,Mon,0.63850,0.62930,0.64030,0.62900
2009/03/01,Sun,,,,
2009/02/28,Sat,,,,
2009/02/27,Fri,0.64820,0.63980,0.64850,0.63400
2009/02/26,Thu,0.64680,0.64880,0.65540,0.64610
2009/02/25,Wed,0.65040,0.64620,0.65560,0.64540
2009/02/24,Tue,0.64100,0.64990,0.65140,0.63860
2009/02/23,Mon,0.64490,0.64190,0.65490,0.64040
2009/02/22,Sun,,,,
2009/02/21,Sat,,,,
2009/02/20,Fri,0.64340,0.64570,0.64990,0.63540
2009/02/19,Thu,0.63690,0.64320,0.65240,0.63610
2009/02/18,Wed,0.63520,0.63760,0.64330,0.63320
2009/02/17,Tue,0.65000,0.63450,0.65340,0.63460
2009/02/16,Mon,0.65220,0.64890,0.65410,0.64730
2009/02/15,Sun,,,,
2009/02/14,Sat,,,,
2009/02/13,Fri,0.65320,0.65690,0.66430,0.65220
2009/02/12,Thu,0.65540,0.65270,0.66180,0.64310
2009/02/11,Wed,0.65510,0.65550,0.66030,0.64820
2009/02/10,Tue,0.67980,0.65230,0.68000,0.64840
2009/02/09,Mon,0.67340,0.68010,0.68460,0.66270
2009/02/08,Sun,,,,
2009/02/07,Sat,,,,
2009/02/06,Fri,0.65230,0.67570,0.67640,0.64770
2009/02/05,Thu,0.64530,0.65180,0.65820,0.64020
2009/02/04,Wed,0.65090,0.64280,0.65390,0.63540
2009/02/03,Tue,0.63160,0.65250,0.65250,0.62960
2009/02/02,Mon,0.63580,0.63110,0.63780,0.62470
2009/02/01,Sun,,,,
2009/01/31,Sat,,,,
2009/01/30,Fri,0.65280,0.63500,0.65290,0.63450
2009/01/29,Thu,0.66570,0.65260,0.66820,0.65160
2009/01/28,Wed,0.66070,0.66550,0.67270,0.65950
2009/01/27,Tue,0.65970,0.66240,0.67200,0.65720
2009/01/26,Mon,0.65670,0.65900,0.66450,0.64940
2009/01/25,Sun,,,,
2009/01/24,Sat,,,,
2009/01/23,Fri,0.65520,0.65540,0.65790,0.64180
2009/01/22,Thu,0.66330,0.65540,0.66420,0.64910
2009/01/21,Wed,0.64980,0.66400,0.66130,0.64560
2009/01/20,Tue,0.66820,0.64750,0.66860,0.64710
2009/01/19,Mon,0.67630,0.67000,0.68450,0.66800
2009/01/18,Sun,,,,
2009/01/17,Sat,,,,
2009/01/16,Fri,0.66340,0.67260,0.67980,0.66260
2009/01/15,Thu,0.66020,0.66480,0.67010,0.65370
2009/01/14,Wed,0.66480,0.65900,0.68140,0.65800
2009/01/13,Tue,0.68160,0.66350,0.68240,0.65760
2009/01/12,Mon,0.69890,0.68030,0.70040,0.67860
2009/01/11,Sun,,,,
2009/01/10,Sat,,,,
2009/01/09,Fri,0.71210,0.70300,0.71270,0.70110
2009/01/08,Thu,0.71390,0.71260,0.71480,0.69560
2009/01/07,Wed,0.72320,0.71140,0.72690,0.70920
2009/01/06,Tue,0.71740,0.72290,0.72390,0.70320
2009/01/05,Mon,0.71160,0.71710,0.71810,0.70620
2009/01/04,Sun,,,,
2009/01/03,Sat,,,,
2009/01/02,Fri,0.70510,0.71020,0.70970,0.69160
2009/01/01,Thu,0.70510,0.70220,0.70550,0.70120
2008/12/31,Wed,0.69170,0.70730,0.70550,0.68480
2008/12/30,Tue,0.68640,0.69110,0.69430,0.68490
2008/12/29,Mon,0.68640,0.68700,0.69690,0.68360
2008/12/28,Sun,,,,
2008/12/27,Sat,,,,
2008/12/26,Fri,0.68270,0.68600,0.68730,0.67960
2008/12/25,Thu,0.68300,0.68260,0.68490,0.68020
2008/12/24,Wed,0.68150,0.68230,0.68400,0.67560
2008/12/23,Tue,0.68490,0.68080,0.68530,0.67790
2008/12/22,Mon,0.68280,0.68460,0.68950,0.68000
2008/12/21,Sun,,,,
2008/12/20,Sat,,,,
2008/12/19,Fri,0.68510,0.68260,0.69340,0.67670
2008/12/18,Thu,0.70390,0.68490,0.71410,0.68050
2008/12/17,Wed,0.69540,0.70200,0.70510,0.68620
2008/12/16,Tue,0.66870,0.69700,0.68840,0.66630
2008/12/15,Mon,0.66380,0.66700,0.67480,0.66120
2008/12/14,Sun,,,,
2008/12/13,Sat,,,,
2008/12/12,Fri,0.67150,0.66200,0.67360,0.64880
2008/12/11,Thu,0.65590,0.67140,0.67950,0.65440
2008/12/10,Wed,0.65870,0.65660,0.66440,0.65210
2008/12/09,Tue,0.66500,0.65600,0.66610,0.64940
2008/12/08,Mon,0.64830,0.66760,0.66940,0.64570
2008/12/07,Sun,,,,
2008/12/06,Sat,,,,
2008/12/05,Fri,0.64460,0.64720,0.64810,0.62920
2008/12/04,Thu,0.64830,0.64460,0.65370,0.63940
2008/12/03,Wed,0.64360,0.64740,0.64880,0.63950
2008/12/02,Tue,0.63950,0.64520,0.64970,0.63340
2008/12/01,Mon,0.65320,0.63990,0.65390,0.63710
2008/11/30,Sun,,,,
2008/11/29,Sat,,,,
2008/11/28,Fri,0.65770,0.65480,0.66090,0.64920
2008/11/27,Thu,0.65200,0.65740,0.66050,0.64780
2008/11/26,Wed,0.64990,0.65380,0.65360,0.64280
2008/11/25,Tue,0.65260,0.64980,0.66190,0.63330
2008/11/24,Mon,0.63250,0.65300,0.65220,0.62320
2008/11/23,Sun,,,,
2008/11/22,Sat,,,,
2008/11/21,Fri,0.61000,0.63040,0.62980,0.60770
2008/11/20,Thu,0.63720,0.60840,0.64180,0.60750
2008/11/19,Wed,0.65250,0.63770,0.65970,0.63630
2008/11/18,Tue,0.65030,0.65180,0.65780,0.64050
2008/11/17,Mon,0.63840,0.64940,0.65910,0.63630
2008/11/16,Sun,,,,
2008/11/15,Sat,,,,
2008/11/14,Fri,0.66570,0.64860,0.66960,0.64780
2008/11/13,Thu,0.63950,0.66590,0.65900,0.63410
2008/11/12,Wed,0.65750,0.63750,0.66650,0.63490
2008/11/11,Tue,0.66980,0.65690,0.67590,0.64770
2008/11/10,Mon,0.68580,0.66870,0.69840,0.66510
2008/11/09,Sun,,,,
2008/11/08,Sat,,,,
2008/11/07,Fri,0.66540,0.67570,0.67830,0.65450
2008/11/06,Thu,0.68430,0.66470,0.69040,0.66410
2008/11/05,Wed,0.69780,0.68550,0.70130,0.68230
2008/11/04,Tue,0.67650,0.70040,0.70130,0.65960
2008/11/03,Mon,0.67000,0.67850,0.68650,0.66400
2008/11/02,Sun,,,,
2008/11/01,Sat,,,,
2008/10/31,Fri,0.67310,0.66760,0.67680,0.65530
2008/10/30,Thu,0.66740,0.67910,0.68940,0.66170
2008/10/29,Wed,0.64870,0.66610,0.67640,0.63380
2008/10/28,Tue,0.60220,0.64590,0.64060,0.60130
2008/10/27,Mon,0.61510,0.60180,0.62480,0.60070
2008/10/26,Sun,,,,
2008/10/25,Sat,,,,
2008/10/24,Fri,0.67480,0.62310,0.67520,0.60560
2008/10/23,Thu,0.67190,0.67260,0.67430,0.65270
2008/10/22,Wed,0.67770,0.67290,0.68270,0.66290
2008/10/21,Tue,0.70360,0.67160,0.70420,0.67060
2008/10/20,Mon,0.69060,0.70540,0.70560,0.68860
2008/10/19,Sun,,,,
2008/10/18,Sat,,,,
2008/10/17,Fri,0.68830,0.68870,0.70000,0.67300
2008/10/16,Thu,0.65380,0.69300,0.68990,0.65200
2008/10/15,Wed,0.70010,0.65120,0.70780,0.65100
2008/10/14,Tue,0.69700,0.69980,0.72410,0.69360
2008/10/13,Mon,0.67330,0.69810,0.69230,0.65460
2008/10/12,Sun,,,,
2008/10/11,Sat,,,,
2008/10/10,Fri,0.68480,0.64300,0.68840,0.63730
2008/10/09,Thu,0.66980,0.68310,0.71340,0.66450
2008/10/08,Wed,0.71540,0.66350,0.71580,0.64380
2008/10/07,Tue,0.71120,0.71140,0.73570,0.70260
2008/10/06,Mon,0.77290,0.71990,0.77310,0.70110
2008/10/05,Sun,,,,
2008/10/04,Sat,,,,
2008/10/03,Fri,0.77350,0.77380,0.78210,0.77120
2008/10/02,Thu,0.79090,0.77190,0.79460,0.76990
2008/10/01,Wed,0.79490,0.78810,0.80210,0.78570
2008/09/30,Tue,0.80040,0.79410,0.80970,0.78680
2008/09/29,Mon,0.82760,0.80240,0.83320,0.80020
2008/09/28,Sun,,,,
2008/09/27,Sat,,,,
2008/09/26,Fri,0.83430,0.83090,0.83820,0.82390
2008/09/25,Thu,0.83330,0.83500,0.84270,0.83190
2008/09/24,Wed,0.83120,0.83290,0.84290,0.83120
2008/09/23,Tue,0.84340,0.83050,0.84710,0.82780
2008/09/22,Mon,0.83760,0.84390,0.84910,0.82830
2008/09/21,Sun,,,,
2008/09/20,Sat,,,,
2008/09/19,Fri,0.80380,0.83380,0.83470,0.80090
2008/09/18,Thu,0.78480,0.80200,0.80990,0.78480
2008/09/17,Wed,0.79430,0.78620,0.80770,0.78020
2008/09/16,Tue,0.80500,0.79440,0.80600,0.78520
2008/09/15,Mon,0.81950,0.80630,0.82640,0.80120
2008/09/14,Sun,,,,
2008/09/13,Sat,,,,
2008/09/12,Fri,0.80820,0.82350,0.82200,0.80060
2008/09/11,Thu,0.79680,0.80830,0.80600,0.78990
2008/09/10,Wed,0.79960,0.79540,0.81320,0.79530
2008/09/09,Tue,0.81560,0.80120,0.81790,0.79920
2008/09/08,Mon,0.83240,0.81490,0.83550,0.80750
2008/09/07,Sun,,,,
2008/09/06,Sat,,,,
2008/09/05,Fri,0.81590,0.81600,0.82250,0.80290
2008/09/04,Thu,0.83520,0.81470,0.83960,0.81330
2008/09/03,Wed,0.83720,0.83510,0.84040,0.82330
2008/09/02,Tue,0.85000,0.83730,0.85350,0.82690
2008/09/01,Mon,0.85650,0.84940,0.85830,0.84810
2008/08/31,Sun,,,,
2008/08/30,Sat,,,,
2008/08/29,Fri,0.86300,0.85800,0.86610,0.85550
2008/08/28,Thu,0.85780,0.86320,0.86960,0.85750
2008/08/27,Wed,0.85460,0.85820,0.86390,0.85310
2008/08/26,Tue,0.86390,0.85500,0.86480,0.84940
2008/08/25,Mon,0.86740,0.86310,0.86910,0.86140
2008/08/24,Sun,,,,
2008/08/23,Sat,,,,
2008/08/22,Fri,0.87930,0.86480,0.88070,0.86480
2008/08/21,Thu,0.87280,0.88050,0.88060,0.86500
2008/08/20,Wed,0.87240,0.87320,0.87450,0.86730
2008/08/19,Tue,0.86850,0.87230,0.87350,0.86260
2008/08/18,Mon,0.86670,0.86850,0.87580,0.86530
2008/08/17,Sun,,,,
2008/08/16,Sat,,,,
2008/08/15,Fri,0.86970,0.86600,0.87080,0.86080
2008/08/14,Thu,0.87480,0.87040,0.87970,0.86680
2008/08/13,Wed,0.87060,0.87420,0.87580,0.85920
2008/08/12,Tue,0.88290,0.87180,0.88470,0.87030
2008/08/11,Mon,0.88560,0.88340,0.89530,0.87950
2008/08/10,Sun,,,,
2008/08/09,Sat,,,,
2008/08/08,Fri,0.90520,0.88850,0.90760,0.88660
2008/08/07,Thu,0.90940,0.90630,0.91310,0.90500
2008/08/06,Wed,0.91580,0.90910,0.92070,0.90650
2008/08/05,Tue,0.92920,0.91610,0.93010,0.91320
2008/08/04,Mon,0.92980,0.92900,0.93480,0.92860
2008/08/03,Sun,,,,
2008/08/02,Sat,,,,
2008/08/01,Fri,0.94140,0.92900,0.94190,0.92850
2008/07/31,Thu,0.94460,0.94170,0.94780,0.93970
2008/07/30,Wed,0.95240,0.94400,0.95280,0.94120
2008/07/29,Tue,0.95710,0.95230,0.95910,0.94980
2008/07/28,Mon,0.95560,0.95720,0.95970,0.95270
2008/07/27,Sun,,,,
2008/07/26,Sat,,,,
2008/07/25,Fri,0.95860,0.95610,0.96100,0.95450
2008/07/24,Thu,0.96060,0.95900,0.96380,0.95380
2008/07/23,Wed,0.97170,0.96080,0.97400,0.95990
2008/07/22,Tue,0.97720,0.97110,0.97940,0.96850
2008/07/21,Mon,0.97210,0.97680,0.97720,0.97050
2008/07/20,Sun,,,,
2008/07/19,Sat,,,,
2008/07/18,Fri,0.97320,0.97050,0.97400,0.96980
2008/07/17,Thu,0.97410,0.97220,0.97930,0.96770
2008/07/16,Wed,0.97880,0.97420,0.98170,0.97280
2008/07/15,Tue,0.97160,0.97870,0.98510,0.97080
2008/07/14,Mon,0.97080,0.97170,0.97370,0.96630
2008/07/13,Sun,,,,
2008/07/12,Sat,,,,
2008/07/11,Fri,0.96150,0.96700,0.97180,0.95890
2008/07/10,Thu,0.95570,0.96190,0.96410,0.95440
2008/07/09,Wed,0.95330,0.95570,0.95910,0.94760
2008/07/08,Tue,0.95540,0.95350,0.95650,0.95010
2008/07/07,Mon,0.96260,0.95590,0.96350,0.95160
2008/07/06,Sun,,,,
2008/07/05,Sat,,,,
2008/07/04,Fri,0.95980,0.96310,0.96410,0.95910
2008/07/03,Thu,0.96240,0.95980,0.96340,0.95820
2008/07/02,Wed,0.95520,0.96140,0.96520,0.95330
2008/07/01,Tue,0.95830,0.95510,0.95960,0.95120
2008/06/30,Mon,0.96090,0.95780,0.96690,0.95510
2008/06/29,Sun,,,,
2008/06/28,Sat,,,,
2008/06/27,Fri,0.95610,0.96070,0.96350,0.95410
2008/06/26,Thu,0.95920,0.95640,0.96110,0.95510
2008/06/25,Wed,0.95580,0.95950,0.95900,0.95320
2008/06/24,Tue,0.95180,0.95570,0.95880,0.94990
2008/06/23,Mon,0.95340,0.95240,0.95630,0.94920
2008/06/22,Sun,,,,
2008/06/21,Sat,,,,
2008/06/20,Fri,0.94990,0.95380,0.95690,0.94900
2008/06/19,Thu,0.94630,0.95050,0.95160,0.94470
2008/06/18,Wed,0.94370,0.94690,0.94650,0.94020
2008/06/17,Tue,0.94030,0.94370,0.94480,0.93890
2008/06/16,Mon,0.93960,0.93980,0.94270,0.93610
2008/06/15,Sun,,,,
2008/06/14,Sat,,,,
2008/06/13,Fri,0.93620,0.93940,0.94130,0.93340
2008/06/12,Thu,0.94760,0.93470,0.94900,0.93270
2008/06/11,Wed,0.94510,0.94670,0.94920,0.94280
2008/06/10,Tue,0.94900,0.94520,0.95270,0.94400
2008/06/09,Mon,0.96210,0.94890,0.96490,0.94820
2008/06/08,Sun,,,,
2008/06/07,Sat,,,,
2008/06/06,Fri,0.95810,0.96240,0.96440,0.95640
2008/06/05,Thu,0.95640,0.95870,0.95920,0.95110
2008/06/04,Wed,0.95120,0.95640,0.96300,0.94860
2008/06/03,Tue,0.95550,0.95210,0.96150,0.95080
2008/06/02,Mon,0.95470,0.95520,0.95690,0.94970
2008/06/01,Sun,,,,
2008/05/31,Sat,,,,
2008/05/30,Fri,0.95520,0.95570,0.95810,0.95120
2008/05/29,Thu,0.96240,0.95530,0.96460,0.95360
2008/05/28,Wed,0.95890,0.96250,0.96300,0.95590
2008/05/27,Tue,0.96040,0.95840,0.96380,0.95800
2008/05/26,Mon,0.95930,0.96050,0.96200,0.95810
2008/05/25,Sun,,,,
2008/05/24,Sat,,,,
2008/05/23,Fri,0.95680,0.95930,0.96380,0.95430
2008/05/22,Thu,0.96310,0.95740,0.96520,0.95430
2008/05/21,Wed,0.95830,0.96290,0.96540,0.95570
2008/05/20,Tue,0.95300,0.95880,0.96210,0.95170
2008/05/19,Mon,0.95660,0.95300,0.95660,0.95100
2008/05/18,Sun,,,,
2008/05/17,Sat,,,,
2008/05/16,Fri,0.93990,0.95520,0.95610,0.93910
2008/05/15,Thu,0.93340,0.93960,0.94220,0.92910
2008/05/14,Wed,0.93980,0.93390,0.94280,0.93030
2008/05/13,Tue,0.94720,0.93940,0.94880,0.93840
2008/05/12,Mon,0.94100,0.94730,0.94800,0.93560
2008/05/11,Sun,,,,
2008/05/10,Sat,,,,
2008/05/09,Fri,0.94360,0.94200,0.94570,0.93830
2008/05/08,Thu,0.94190,0.94400,0.94570,0.93480
2008/05/07,Wed,0.94970,0.94110,0.95070,0.94070
2008/05/06,Tue,0.94650,0.94940,0.95030,0.94320
2008/05/05,Mon,0.93540,0.94660,0.94690,0.93420
2008/05/04,Sun,,,,
2008/05/03,Sat,,,,
2008/05/02,Fri,0.93250,0.93590,0.93870,0.92750
2008/05/01,Thu,0.94330,0.93330,0.94440,0.93060
2008/04/30,Wed,0.93290,0.94230,0.94550,0.93110
2008/04/29,Tue,0.93830,0.93320,0.93950,0.92930
2008/04/28,Mon,0.93410,0.93810,0.94060,0.93340
2008/04/27,Sun,,,,
2008/04/26,Sat,,,,
2008/04/25,Fri,0.93960,0.93350,0.94220,0.92910
2008/04/24,Thu,0.94730,0.93980,0.94850,0.93740
2008/04/23,Wed,0.94460,0.94830,0.95430,0.94460
2008/04/22,Tue,0.94250,0.94400,0.94750,0.93910
2008/04/21,Mon,0.93330,0.94220,0.94450,0.93280
2008/04/20,Sun,,,,
2008/04/19,Sat,,,,
2008/04/18,Fri,0.93600,0.93340,0.93970,0.92710
2008/04/17,Thu,0.93950,0.93660,0.93970,0.93380
2008/04/16,Wed,0.92660,0.93950,0.94020,0.92480
2008/04/15,Tue,0.92650,0.92630,0.93100,0.92330
2008/04/14,Mon,0.92530,0.92710,0.92720,0.92050
2008/04/13,Sun,,,,
2008/04/12,Sat,,,,
2008/04/11,Fri,0.93140,0.92750,0.93500,0.92730
2008/04/10,Thu,0.92890,0.93210,0.93480,0.92760
2008/04/09,Wed,0.93070,0.92880,0.93360,0.92610
2008/04/08,Tue,0.92500,0.93080,0.93070,0.92420
2008/04/07,Mon,0.92130,0.92470,0.92850,0.91670
2008/04/06,Sun,,,,
2008/04/05,Sat,,,,
2008/04/04,Fri,0.91610,0.92290,0.92340,0.90990
2008/04/03,Thu,0.91410,0.91580,0.91800,0.90910
2008/04/02,Wed,0.90720,0.91390,0.91490,0.90540
2008/04/01,Tue,0.91340,0.90690,0.91510,0.90300
2008/03/31,Mon,0.91660,0.91260,0.91840,0.91030
2008/03/30,Sun,,,,
2008/03/29,Sat,,,,
2008/03/28,Fri,0.91860,0.91760,0.92450,0.91510
2008/03/27,Thu,0.92070,0.91870,0.92540,0.91670
2008/03/26,Wed,0.91750,0.92000,0.92430,0.91210
2008/03/25,Tue,0.90710,0.91760,0.91740,0.90680
2008/03/24,Mon,0.90100,0.90650,0.90820,0.89780
2008/03/23,Sun,,,,
2008/03/22,Sat,,,,
2008/03/21,Fri,0.89960,0.90180,0.90310,0.89890
2008/03/20,Thu,0.91230,0.89900,0.91690,0.89540
2008/03/19,Wed,0.92950,0.91170,0.93550,0.91160
2008/03/18,Tue,0.91900,0.92820,0.93090,0.91670
2008/03/17,Mon,0.93620,0.92080,0.94490,0.91290
2008/03/16,Sun,,,,
2008/03/15,Sat,,,,
2008/03/14,Fri,0.94580,0.93750,0.94680,0.93520
2008/03/13,Thu,0.93360,0.94570,0.94580,0.93290
2008/03/12,Wed,0.93020,0.93150,0.93570,0.92750
2008/03/11,Tue,0.91690,0.92980,0.92900,0.91480
2008/03/10,Mon,0.92630,0.91690,0.93130,0.91600
2008/03/09,Sun,,,,
2008/03/08,Sat,,,,
2008/03/07,Fri,0.92570,0.92720,0.93770,0.92460
2008/03/06,Thu,0.93360,0.92550,0.93860,0.92460
2008/03/05,Wed,0.92790,0.93310,0.93430,0.92290
2008/03/04,Tue,0.93990,0.92700,0.94100,0.92170
2008/03/03,Mon,0.93270,0.93930,0.94220,0.92770
2008/03/02,Sun,,,,
2008/03/01,Sat,,,,
2008/02/29,Fri,0.94850,0.93130,0.94930,0.93090
2008/02/28,Thu,0.94200,0.94870,0.94920,0.93680
2008/02/27,Wed,0.93380,0.94230,0.94280,0.93130
2008/02/26,Tue,0.92670,0.93310,0.93180,0.92530
2008/02/25,Mon,0.92400,0.92630,0.92710,0.92160
2008/02/24,Sun,,,,
2008/02/23,Sat,,,,
2008/02/22,Fri,0.91910,0.92400,0.92520,0.91710
2008/02/21,Thu,0.91850,0.91860,0.92100,0.91660
2008/02/20,Wed,0.91870,0.91900,0.92140,0.91120
2008/02/19,Tue,0.91370,0.91800,0.92390,0.91340
2008/02/18,Mon,0.90770,0.91330,0.91430,0.90700
2008/02/17,Sun,,,,
2008/02/16,Sat,,,,
2008/02/15,Fri,0.90170,0.90800,0.91000,0.90040
2008/02/14,Thu,0.89560,0.90130,0.90680,0.89530
2008/02/13,Wed,0.90340,0.89580,0.90580,0.89230
2008/02/12,Tue,0.90390,0.90230,0.90890,0.90200
2008/02/11,Mon,0.89660,0.90430,0.90600,0.89410
2008/02/10,Sun,,,,
2008/02/09,Sat,,,,
2008/02/08,Fri,0.89420,0.89560,0.89880,0.89150
2008/02/07,Thu,0.89750,0.89330,0.89780,0.88740
2008/02/06,Wed,0.89670,0.89590,0.90010,0.89080
2008/02/05,Tue,0.90810,0.89580,0.90930,0.89410
2008/02/04,Mon,0.90330,0.90840,0.91020,0.90230
2008/02/03,Sun,,,,
2008/02/02,Sat,,,,
2008/02/01,Fri,0.89560,0.90390,0.90470,0.89430
2008/01/31,Thu,0.89490,0.89590,0.89800,0.88190
2008/01/30,Wed,0.88960,0.89620,0.89640,0.88610
2008/01/29,Tue,0.88860,0.88950,0.89070,0.88590
2008/01/28,Mon,0.87920,0.88820,0.88710,0.87670
2008/01/27,Sun,,,,
2008/01/26,Sat,,,,
2008/01/25,Fri,0.88110,0.87930,0.88550,0.87720
2008/01/24,Thu,0.87440,0.88100,0.88080,0.86920
2008/01/23,Wed,0.86820,0.87370,0.87470,0.86110
2008/01/22,Tue,0.86120,0.86880,0.87220,0.85120
2008/01/21,Mon,0.87890,0.86230,0.88210,0.85950
2008/01/20,Sun,,,,
2008/01/19,Sat,,,,
2008/01/18,Fri,0.87740,0.87930,0.88540,0.87000
2008/01/17,Thu,0.87880,0.87690,0.88820,0.87670
2008/01/16,Wed,0.88170,0.87830,0.88690,0.87440
2008/01/15,Tue,0.89940,0.88230,0.90210,0.88160
2008/01/14,Mon,0.88960,0.89930,0.90050,0.88920
2008/01/13,Sun,,,,
2008/01/12,Sat,,,,
2008/01/11,Fri,0.89540,0.89100,0.89720,0.88980
2008/01/10,Thu,0.88310,0.89560,0.89360,0.88110
2008/01/09,Wed,0.87870,0.88280,0.88590,0.87840
2008/01/08,Tue,0.87270,0.87760,0.88350,0.87030
2008/01/07,Mon,0.87160,0.87100,0.87510,0.86830
2008/01/06,Sun,,,,
2008/01/05,Sat,,,,
2008/01/04,Fri,0.88000,0.87100,0.88380,0.87000
2008/01/03,Thu,0.88380,0.88010,0.88530,0.87870
2008/01/02,Wed,0.87620,0.88320,0.88350,0.87580
2008/01/01,Tue,0.87460,0.87620,0.87730,0.87380
2007/12/31,Mon,0.87690,0.87570,0.88290,0.87520
2007/12/30,Sun,,,,
2007/12/29,Sat,,,,
2007/12/28,Fri,0.87780,0.87460,0.87900,0.87210
2007/12/27,Thu,0.87430,0.87700,0.87870,0.87100
2007/12/26,Wed,0.87070,0.87360,0.87460,0.86980
2007/12/25,Tue,0.87130,0.87090,0.87190,0.86810
2007/12/24,Mon,0.86760,0.87080,0.87220,0.86730
2007/12/23,Sun,,,,
2007/12/22,Sat,,,,
2007/12/21,Fri,0.85850,0.86710,0.86990,0.85790
2007/12/20,Thu,0.85890,0.85830,0.86050,0.85670
2007/12/19,Wed,0.86110,0.85900,0.86390,0.85580
2007/12/18,Tue,0.85750,0.86000,0.86460,0.85530
2007/12/17,Mon,0.86260,0.85640,0.86620,0.85570
2007/12/16,Sun,,,,
2007/12/15,Sat,,,,
2007/12/14,Fri,0.87570,0.86110,0.87970,0.86060
2007/12/13,Thu,0.88300,0.87580,0.88690,0.87340
2007/12/12,Wed,0.87290,0.88230,0.89070,0.87260
2007/12/11,Tue,0.88580,0.87160,0.88970,0.87110
2007/12/10,Mon,0.87560,0.88450,0.88460,0.87280
2007/12/09,Sun,,,,
2007/12/08,Sat,,,,
2007/12/07,Fri,0.87870,0.87720,0.88280,0.87410
2007/12/06,Thu,0.86970,0.87830,0.87700,0.86910
2007/12/05,Wed,0.87350,0.86930,0.87460,0.86600
2007/12/04,Tue,0.88070,0.87310,0.88140,0.87090
2007/12/03,Mon,0.88300,0.88010,0.88560,0.87860
2007/12/02,Sun,,,,
2007/12/01,Sat,,,,
2007/11/30,Fri,0.88220,0.88400,0.88970,0.88060
2007/11/29,Thu,0.88950,0.88200,0.89060,0.87750
2007/11/28,Wed,0.87790,0.89020,0.88850,0.87190
2007/11/27,Tue,0.87130,0.87690,0.88160,0.86800
2007/11/26,Mon,0.88080,0.86930,0.88710,0.86660
2007/11/25,Sun,,,,
2007/11/24,Sat,,,,
2007/11/23,Fri,0.87150,0.87700,0.87800,0.86850
2007/11/22,Thu,0.87080,0.87150,0.87920,0.86810
2007/11/21,Wed,0.89270,0.86860,0.89560,0.86530
2007/11/20,Tue,0.88380,0.89100,0.89220,0.87590
2007/11/19,Mon,0.89630,0.88320,0.89990,0.88270
2007/11/18,Sun,,,,
2007/11/17,Sat,,,,
2007/11/16,Fri,0.88560,0.89200,0.89430,0.88160
2007/11/15,Thu,0.89550,0.88600,0.90190,0.88540
2007/11/14,Wed,0.89630,0.89670,0.90710,0.89470
2007/11/13,Tue,0.87770,0.89610,0.89740,0.87530
2007/11/12,Mon,0.90400,0.87660,0.90910,0.87620
2007/11/11,Sun,,,,
2007/11/10,Sat,,,,
2007/11/09,Fri,0.92790,0.91240,0.93230,0.91010
2007/11/08,Thu,0.92780,0.92700,0.93330,0.91900
2007/11/07,Wed,0.92880,0.92860,0.94020,0.92700
2007/11/06,Tue,0.92010,0.92790,0.92780,0.92000
2007/11/05,Mon,0.92110,0.91980,0.92330,0.91570
2007/11/04,Sun,,,,
2007/11/03,Sat,,,,
2007/11/02,Fri,0.91250,0.92330,0.92470,0.91200
2007/11/01,Thu,0.93210,0.91170,0.93390,0.91070
2007/10/31,Wed,0.91910,0.93210,0.93100,0.91780
2007/10/30,Tue,0.92280,0.91840,0.92390,0.91460
2007/10/29,Mon,0.91990,0.92170,0.92740,0.91850
2007/10/28,Sun,,,,
2007/10/27,Sat,,,,
2007/10/26,Fri,0.90910,0.91830,0.91810,0.90760
2007/10/25,Thu,0.90320,0.90820,0.90880,0.90100
2007/10/24,Wed,0.89820,0.90280,0.90490,0.89360
2007/10/23,Tue,0.88730,0.89850,0.89810,0.88520
2007/10/22,Mon,0.88910,0.88640,0.89180,0.87510
2007/10/21,Sun,,,,
2007/10/20,Sat,,,,
2007/10/19,Fri,0.89500,0.89050,0.89950,0.88920
2007/10/18,Thu,0.89140,0.89650,0.89670,0.88810
2007/10/17,Wed,0.88860,0.89010,0.89740,0.88160
2007/10/16,Tue,0.90060,0.88810,0.90150,0.88220
2007/10/15,Mon,0.90610,0.89980,0.90800,0.89590
2007/10/14,Sun,,,,
2007/10/13,Sat,,,,
2007/10/12,Fri,0.90070,0.90400,0.90540,0.89510
2007/10/11,Thu,0.89730,0.89940,0.90620,0.89650
2007/10/10,Wed,0.90020,0.89740,0.90110,0.89390
2007/10/09,Tue,0.89310,0.90080,0.90020,0.89120
2007/10/08,Mon,0.89940,0.89270,0.90350,0.89180
2007/10/07,Sun,,,,
2007/10/06,Sat,,,,
2007/10/05,Fri,0.88800,0.89730,0.90070,0.88600
2007/10/04,Thu,0.88290,0.88810,0.89020,0.87940
2007/10/03,Wed,0.88160,0.88250,0.89220,0.88070
2007/10/02,Tue,0.89410,0.88330,0.89510,0.88080
2007/10/01,Mon,0.88820,0.89390,0.89450,0.88540
2007/09/30,Sun,,,,
2007/09/29,Sat,,,,
2007/09/28,Fri,0.87980,0.88720,0.88790,0.87850
2007/09/27,Thu,0.87690,0.87980,0.88360,0.87340
2007/09/26,Wed,0.87370,0.87650,0.87680,0.87130
2007/09/25,Tue,0.86830,0.87360,0.87280,0.86110
2007/09/24,Mon,0.86780,0.86840,0.86990,0.86550
2007/09/23,Sun,,,,
2007/09/22,Sat,,,,
2007/09/21,Fri,0.86310,0.86670,0.87050,0.86050
2007/09/20,Thu,0.85640,0.86310,0.86610,0.85510
2007/09/19,Wed,0.85190,0.85640,0.85720,0.84860
2007/09/18,Tue,0.83260,0.85250,0.84530,0.82750
2007/09/17,Mon,0.84190,0.83350,0.84610,0.83110
2007/09/16,Sun,,,,
2007/09/15,Sat,,,,
2007/09/14,Fri,0.83470,0.84110,0.84320,0.83420
2007/09/13,Thu,0.84190,0.83760,0.84400,0.83660
2007/09/12,Wed,0.83400,0.84160,0.84340,0.83140
2007/09/11,Tue,0.82550,0.83370,0.83370,0.82360
2007/09/10,Mon,0.82690,0.82520,0.82710,0.81720
2007/09/09,Sun,,,,
2007/09/08,Sat,,,,
2007/09/07,Fri,0.82920,0.82610,0.83100,0.82280
2007/09/06,Thu,0.82200,0.82900,0.82920,0.81890
2007/09/05,Wed,0.82400,0.82180,0.82880,0.81830
2007/09/04,Tue,0.82290,0.82370,0.82740,0.82000
2007/09/03,Mon,0.81600,0.82220,0.82410,0.81590
2007/09/02,Sun,,,,
2007/09/01,Sat,,,,
2007/08/31,Fri,0.81550,0.81760,0.82530,0.81070
2007/08/30,Thu,0.82300,0.81510,0.82300,0.81270
2007/08/29,Wed,0.81390,0.82260,0.82260,0.80510
2007/08/28,Tue,0.82650,0.81360,0.82790,0.81300
2007/08/27,Mon,0.82800,0.82740,0.83360,0.82720
2007/08/26,Sun,,,,
2007/08/25,Sat,,,,
2007/08/24,Fri,0.81960,0.82710,0.82670,0.81540
2007/08/23,Thu,0.80880,0.82010,0.82140,0.80760
2007/08/22,Wed,0.80100,0.80870,0.80810,0.79700
2007/08/21,Tue,0.80700,0.80080,0.80830,0.79570
2007/08/20,Mon,0.79770,0.80670,0.80820,0.78920
2007/08/19,Sun,,,,
2007/08/18,Sat,,,,
2007/08/17,Fri,0.79630,0.79800,0.80110,0.76750
2007/08/16,Thu,0.81880,0.79340,0.82030,0.78190
2007/08/15,Wed,0.83420,0.81880,0.83480,0.81850
2007/08/14,Tue,0.84180,0.83410,0.84280,0.83400
2007/08/13,Mon,0.84570,0.84150,0.85070,0.84060
2007/08/12,Sun,,,,
2007/08/11,Sat,,,,
2007/08/10,Fri,0.84950,0.84390,0.85110,0.84000
2007/08/09,Thu,0.86250,0.84920,0.86640,0.84840
2007/08/08,Wed,0.85480,0.86220,0.86340,0.85310
2007/08/07,Tue,0.85870,0.85480,0.85940,0.85130
2007/08/06,Mon,0.85390,0.85810,0.85880,0.85210
2007/08/05,Sun,,,,
2007/08/04,Sat,,,,
2007/08/03,Fri,0.85880,0.85440,0.86050,0.85360
2007/08/02,Thu,0.85630,0.85760,0.86060,0.84910
2007/08/01,Wed,0.85060,0.85550,0.85570,0.84460
2007/07/31,Tue,0.85690,0.85080,0.86170,0.85080
2007/07/30,Mon,0.84910,0.85610,0.85630,0.84590
2007/07/29,Sun,,,,
2007/07/28,Sat,,,,
2007/07/27,Fri,0.86910,0.85100,0.87700,0.85070
2007/07/26,Thu,0.88470,0.86910,0.88690,0.86810
2007/07/25,Wed,0.88130,0.88410,0.88730,0.87870
2007/07/24,Tue,0.88330,0.88110,0.88640,0.88060
2007/07/23,Mon,0.87960,0.88350,0.88450,0.87880
2007/07/22,Sun,,,,
2007/07/21,Sat,,,,
2007/07/20,Fri,0.88010,0.87960,0.88350,0.87530
2007/07/19,Thu,0.87770,0.87990,0.88120,0.87620
2007/07/18,Wed,0.87320,0.87760,0.87910,0.87170
2007/07/17,Tue,0.87180,0.87290,0.87530,0.87080
2007/07/16,Mon,0.87000,0.87150,0.87640,0.86930
2007/07/15,Sun,,,,
2007/07/14,Sat,,,,
2007/07/13,Fri,0.86640,0.87100,0.87080,0.86540
2007/07/12,Thu,0.86390,0.86650,0.86610,0.86030
2007/07/11,Wed,0.86130,0.86270,0.86430,0.85750
2007/07/10,Tue,0.86030,0.86130,0.86390,0.85640
2007/07/09,Mon,0.85820,0.85990,0.86170,0.85680
2007/07/08,Sun,,,,
2007/07/07,Sat,,,,
2007/07/06,Fri,0.85600,0.85800,0.85920,0.85480
2007/07/05,Thu,0.85750,0.85560,0.86110,0.85550
2007/07/04,Wed,0.85470,0.85750,0.85880,0.85430
2007/07/03,Tue,0.85920,0.85420,0.85980,0.85390
2007/07/02,Mon,0.85260,0.85860,0.86000,0.84960
2007/07/01,Sun,,,,
2007/06/30,Sat,,,,
2007/06/29,Fri,0.84700,0.84860,0.85230,0.84610
2007/06/28,Thu,0.83860,0.84650,0.84720,0.83830
2007/06/27,Wed,0.84560,0.83810,0.84620,0.83550
2007/06/26,Tue,0.84740,0.84560,0.85130,0.84510
2007/06/25,Mon,0.84810,0.84690,0.85010,0.84620
2007/06/24,Sun,,,,
2007/06/23,Sat,,,,
2007/06/22,Fri,0.84730,0.84750,0.84950,0.84550
2007/06/21,Thu,0.84320,0.84700,0.84760,0.84280
2007/06/20,Wed,0.84640,0.84350,0.84770,0.84320
2007/06/19,Tue,0.84300,0.84650,0.84690,0.84150
2007/06/18,Mon,0.84170,0.84290,0.84550,0.83980
2007/06/17,Sun,,,,
2007/06/16,Sat,,,,
2007/06/15,Fri,0.83540,0.84230,0.84180,0.83530
2007/06/14,Thu,0.83990,0.83560,0.84080,0.83330
2007/06/13,Wed,0.84000,0.83990,0.84290,0.83590
2007/06/12,Tue,0.84350,0.83970,0.84480,0.83930
2007/06/11,Mon,0.84440,0.84330,0.84470,0.83930
2007/06/10,Sun,,,,
2007/06/09,Sat,,,,
2007/06/08,Fri,0.84040,0.84510,0.84530,0.83670
2007/06/07,Thu,0.84160,0.83930,0.84780,0.83870
2007/06/06,Wed,0.83690,0.84140,0.84420,0.83660
2007/06/05,Tue,0.83460,0.83720,0.84090,0.83380
2007/06/04,Mon,0.83280,0.83400,0.83490,0.83100
2007/06/03,Sun,,,,
2007/06/02,Sat,,,,
2007/06/01,Fri,0.82770,0.83260,0.83300,0.82690
2007/05/31,Thu,0.82340,0.82750,0.82940,0.82130
2007/05/30,Wed,0.81810,0.82350,0.82350,0.81690
2007/05/29,Tue,0.81950,0.81830,0.82140,0.81630
2007/05/28,Mon,0.81890,0.81930,0.82010,0.81810
2007/05/27,Sun,,,,
2007/05/26,Sat,,,,
2007/05/25,Fri,0.81830,0.81850,0.82200,0.81740
2007/05/24,Thu,0.82340,0.81820,0.82380,0.81810
2007/05/23,Wed,0.81930,0.82310,0.82690,0.81910
2007/05/22,Tue,0.82110,0.81900,0.82310,0.81870
2007/05/21,Mon,0.82460,0.82110,0.82510,0.81800
2007/05/20,Sun,,,,
2007/05/19,Sat,,,,
2007/05/18,Fri,0.82330,0.82250,0.82600,0.82040
2007/05/17,Thu,0.82360,0.82380,0.82700,0.82020
2007/05/16,Wed,0.83410,0.82410,0.83420,0.82340
2007/05/15,Tue,0.83210,0.83330,0.83510,0.83030
2007/05/14,Mon,0.83180,0.83200,0.83540,0.83170
2007/05/13,Sun,,,,
2007/05/12,Sat,,,,
2007/05/11,Fri,0.82440,0.83260,0.83320,0.82300
2007/05/10,Thu,0.82740,0.82530,0.83380,0.82510
2007/05/09,Wed,0.82830,0.82760,0.83090,0.82650
2007/05/08,Tue,0.82450,0.82850,0.83110,0.82420
2007/05/07,Mon,0.82180,0.82480,0.82680,0.82050
2007/05/06,Sun,,,,
2007/05/05,Sat,,,,
2007/05/04,Fri,0.82320,0.82270,0.82390,0.81700
2007/05/03,Thu,0.82450,0.82310,0.82640,0.82230
2007/05/02,Wed,0.82730,0.82450,0.82860,0.82200
2007/05/01,Tue,0.82980,0.82760,0.83310,0.82720
2007/04/30,Mon,0.82870,0.83050,0.83330,0.82570
2007/04/29,Sun,,,,
2007/04/28,Sat,,,,
2007/04/27,Fri,0.82640,0.82960,0.83410,0.82380
2007/04/26,Thu,0.83510,0.82620,0.83570,0.82490
2007/04/25,Wed,0.82780,0.83570,0.83550,0.82630
2007/04/24,Tue,0.83220,0.82770,0.83410,0.82320
2007/04/23,Mon,0.83780,0.83200,0.83800,0.83160
2007/04/22,Sun,,,,
2007/04/21,Sat,,,,
2007/04/20,Fri,0.83560,0.83740,0.83750,0.83390
2007/04/19,Thu,0.83880,0.83540,0.83950,0.82770
2007/04/18,Wed,0.83640,0.83830,0.83850,0.83150
2007/04/17,Tue,0.83220,0.83640,0.83880,0.83140
2007/04/16,Mon,0.83400,0.83260,0.83590,0.83130
2007/04/15,Sun,,,,
2007/04/14,Sat,,,,
2007/04/13,Fri,0.82930,0.83320,0.83440,0.82860
2007/04/12,Thu,0.82550,0.82870,0.82930,0.82330
2007/04/11,Wed,0.82560,0.82460,0.82690,0.82270
2007/04/10,Tue,0.81690,0.82650,0.82650,0.81580
2007/04/09,Mon,0.81660,0.81660,0.81770,0.81510
2007/04/08,Sun,,,,
2007/04/07,Sat,,,,
2007/04/06,Fri,0.81930,0.81610,0.82030,0.81520
2007/04/05,Thu,0.81840,0.81880,0.82130,0.81580
2007/04/04,Wed,0.81340,0.81840,0.81960,0.80640
2007/04/03,Tue,0.81700,0.81300,0.81750,0.81140
2007/04/02,Mon,0.81020,0.81650,0.81840,0.80830
2007/04/01,Sun,,,,
2007/03/31,Sat,,,,
2007/03/30,Fri,0.80780,0.80840,0.81280,0.80570
2007/03/29,Thu,0.80580,0.80670,0.81100,0.80510
2007/03/28,Wed,0.80830,0.80470,0.80840,0.80320
2007/03/27,Tue,0.80960,0.80810,0.81100,0.80660
2007/03/26,Mon,0.80570,0.80960,0.81090,0.80280
2007/03/25,Sun,,,,
2007/03/24,Sat,,,,
2007/03/23,Fri,0.80610,0.80410,0.80830,0.80430
2007/03/22,Thu,0.80780,0.80600,0.80940,0.80490
2007/03/21,Wed,0.80290,0.80760,0.80640,0.80000
2007/03/20,Tue,0.80030,0.80300,0.80390,0.79630
2007/03/19,Mon,0.79530,0.80030,0.80130,0.79350
2007/03/18,Sun,,,,
2007/03/17,Sat,,,,
2007/03/16,Fri,0.78920,0.79560,0.79780,0.78770
2007/03/15,Thu,0.78670,0.78920,0.78970,0.78390
2007/03/14,Wed,0.78150,0.78670,0.78760,0.78020
2007/03/13,Tue,0.78590,0.78050,0.78860,0.77970
2007/03/12,Mon,0.78090,0.78560,0.78570,0.77960
2007/03/11,Sun,,,,
2007/03/10,Sat,,,,
2007/03/09,Fri,0.77730,0.77970,0.78150,0.77690
2007/03/08,Thu,0.77710,0.77660,0.77910,0.77510
2007/03/07,Wed,0.77480,0.77670,0.77940,0.77400
2007/03/06,Tue,0.77090,0.77470,0.77570,0.76810
2007/03/05,Mon,0.78120,0.77060,0.78250,0.77030
2007/03/04,Sun,,,,
2007/03/03,Sat,,,,
2007/03/02,Fri,0.78480,0.78170,0.78650,0.78120
2007/03/01,Thu,0.78760,0.78520,0.78850,0.78410
2007/02/28,Wed,0.78800,0.78790,0.78950,0.78520
2007/02/27,Tue,0.79370,0.78800,0.79480,0.78730
2007/02/26,Mon,0.79120,0.79410,0.79450,0.79090
2007/02/25,Sun,,,,
2007/02/24,Sat,,,,
2007/02/23,Fri,0.78900,0.79180,0.79260,0.78750
2007/02/22,Thu,0.79180,0.78830,0.79200,0.78740
2007/02/21,Wed,0.78630,0.79130,0.79110,0.78540
2007/02/20,Tue,0.78650,0.78580,0.78730,0.78500
2007/02/19,Mon,0.78810,0.78700,0.78880,0.78460
2007/02/18,Sun,,,,
2007/02/17,Sat,,,,
2007/02/16,Fri,0.78440,0.78690,0.78730,0.78270
2007/02/15,Thu,0.78410,0.78460,0.78660,0.78250
2007/02/14,Wed,0.77960,0.78370,0.78510,0.77860
2007/02/13,Tue,0.77170,0.77920,0.77900,0.77080
2007/02/12,Mon,0.77590,0.77170,0.77860,0.77110
2007/02/11,Sun,,,,
2007/02/10,Sat,,,,
2007/02/09,Fri,0.78140,0.77690,0.78250,0.77510
2007/02/08,Thu,0.77850,0.78160,0.78190,0.77620
2007/02/07,Wed,0.77760,0.77830,0.77890,0.77590
2007/02/06,Tue,0.77610,0.77760,0.77840,0.77410
2007/02/05,Mon,0.77430,0.77590,0.77700,0.77240
2007/02/04,Sun,,,,
2007/02/03,Sat,,,,
2007/02/02,Fri,0.77410,0.77490,0.77580,0.77150
2007/02/01,Thu,0.77690,0.77400,0.77710,0.77350
2007/01/31,Wed,0.77210,0.77650,0.77640,0.76960
2007/01/30,Tue,0.77230,0.77230,0.77390,0.77010
2007/01/29,Mon,0.77370,0.77150,0.77470,0.77080
2007/01/28,Sun,,,,
2007/01/27,Sat,,,,
2007/01/26,Fri,0.77320,0.77350,0.77520,0.77200
2007/01/25,Thu,0.78120,0.77290,0.78220,0.77280
2007/01/24,Wed,0.79260,0.78190,0.79320,0.77910
2007/01/23,Tue,0.78770,0.79230,0.79390,0.78720
2007/01/22,Mon,0.78960,0.78800,0.79080,0.78750
2007/01/21,Sun,,,,
2007/01/20,Sat,,,,
2007/01/19,Fri,0.78940,0.78980,0.79100,0.78550
2007/01/18,Thu,0.78660,0.78840,0.78980,0.78560
2007/01/17,Wed,0.78260,0.78650,0.78740,0.78130
2007/01/16,Tue,0.78390,0.78270,0.78550,0.78200
2007/01/15,Mon,0.78460,0.78400,0.78610,0.78210
2007/01/14,Sun,,,,
2007/01/13,Sat,,,,
2007/01/12,Fri,0.78080,0.78310,0.78360,0.77800
2007/01/11,Thu,0.77700,0.78110,0.78420,0.77680
2007/01/10,Wed,0.78080,0.77650,0.78140,0.77600
2007/01/09,Tue,0.77980,0.78060,0.78380,0.77860
2007/01/08,Mon,0.77930,0.77970,0.78270,0.77810
2007/01/07,Sun,,,,
2007/01/06,Sat,,,,
2007/01/05,Fri,0.78410,0.77900,0.78530,0.77840
2007/01/04,Thu,0.79140,0.78410,0.79230,0.78280
2007/01/03,Wed,0.79620,0.79120,0.79860,0.79050
2007/01/02,Tue,0.78950,0.79590,0.79720,0.78870
2007/01/01,Mon,0.78850,0.78950,0.78940,0.78800
2006/12/31,Sun,,,,
2006/12/30,Sat,,,,
2006/12/29,Fri,0.79070,0.78900,0.79260,0.78530
2006/12/28,Thu,0.78440,0.78990,0.79190,0.78420
2006/12/27,Wed,0.78140,0.78430,0.78640,0.78070
2006/12/26,Tue,0.78420,0.78120,0.78660,0.78120
2006/12/25,Mon,0.78460,0.78400,0.79580,0.78260
2006/12/24,Sun,,,,
2006/12/23,Sat,,,,
2006/12/22,Fri,0.78440,0.78370,0.78790,0.78230
2006/12/21,Thu,0.78590,0.78420,0.78700,0.78240
2006/12/20,Wed,0.78370,0.78570,0.78820,0.78230
2006/12/19,Tue,0.78010,0.78350,0.78510,0.77980
2006/12/18,Mon,0.78170,0.78000,0.78390,0.77810
2006/12/17,Sun,,,,
2006/12/16,Sat,,,,
2006/12/15,Fri,0.78280,0.78140,0.78470,0.77960
2006/12/14,Thu,0.78570,0.78280,0.78770,0.78140
2006/12/13,Wed,0.78680,0.78610,0.78950,0.78370
2006/12/12,Tue,0.78450,0.78620,0.78770,0.78340
2006/12/11,Mon,0.78510,0.78420,0.78640,0.78130
2006/12/10,Sun,,,,
2006/12/09,Sat,,,,
2006/12/08,Fri,0.78870,0.78550,0.79330,0.78500
2006/12/07,Thu,0.78450,0.78890,0.79160,0.78360
2006/12/06,Wed,0.78660,0.78440,0.78910,0.78420
2006/12/05,Tue,0.78930,0.78650,0.79000,0.78430
2006/12/04,Mon,0.78950,0.78910,0.79090,0.78480
2006/12/03,Sun,,,,
2006/12/02,Sat,,,,
2006/12/01,Fri,0.78920,0.78860,0.79280,0.78750
2006/11/30,Thu,0.78340,0.78830,0.79050,0.78240
2006/11/29,Wed,0.78400,0.78320,0.78570,0.78180
2006/11/28,Tue,0.77870,0.78390,0.78380,0.77760
2006/11/27,Mon,0.78150,0.77870,0.78220,0.77630
2006/11/26,Sun,,,,
2006/11/25,Sat,,,,
2006/11/24,Fri,0.77390,0.77850,0.77920,0.77310
2006/11/23,Thu,0.77560,0.77390,0.77630,0.77320
2006/11/22,Wed,0.77140,0.77560,0.77650,0.77050
2006/11/21,Tue,0.77050,0.77120,0.77130,0.76820
2006/11/20,Mon,0.76870,0.77020,0.77050,0.76760
2006/11/19,Sun,,,,
2006/11/18,Sat,,,,
2006/11/17,Fri,0.76640,0.76880,0.76940,0.76420
2006/11/16,Thu,0.76520,0.76670,0.76980,0.76430
2006/11/15,Wed,0.76530,0.76530,0.76660,0.76310
2006/11/14,Tue,0.76200,0.76520,0.76760,0.76190
2006/11/13,Mon,0.76730,0.76220,0.76800,0.76150
2006/11/12,Sun,,,,
2006/11/11,Sat,,,,
2006/11/10,Fri,0.76820,0.76740,0.77000,0.76610
2006/11/09,Thu,0.77060,0.76820,0.77100,0.76440
2006/11/08,Wed,0.77340,0.77050,0.77520,0.76790
2006/11/07,Tue,0.77130,0.77280,0.77640,0.77040
2006/11/06,Mon,0.77000,0.77130,0.77160,0.76700
2006/11/05,Sun,,,,
2006/11/04,Sat,,,,
2006/11/03,Fri,0.77460,0.76970,0.77530,0.76840
2006/11/02,Thu,0.77500,0.77420,0.77540,0.77060
2006/11/01,Wed,0.77370,0.77480,0.77640,0.77300
2006/10/31,Tue,0.76930,0.77400,0.77550,0.76720
2006/10/30,Mon,0.76890,0.76940,0.77050,0.76740
2006/10/29,Sun,,,,
2006/10/28,Sat,,,,
2006/10/27,Fri,0.76430,0.76810,0.76980,0.76240
2006/10/26,Thu,0.76100,0.76390,0.76460,0.76070
2006/10/25,Wed,0.75800,0.76080,0.76240,0.75770
2006/10/24,Tue,0.75690,0.75770,0.75910,0.75600
2006/10/23,Mon,0.75870,0.75670,0.76160,0.75660
2006/10/22,Sun,,,,
2006/10/21,Sat,,,,
2006/10/20,Fri,0.75950,0.75830,0.76060,0.75740
2006/10/19,Thu,0.75550,0.75930,0.75980,0.75420
2006/10/18,Wed,0.75280,0.75520,0.75570,0.75220
2006/10/17,Tue,0.75360,0.75300,0.75570,0.75240
2006/10/16,Mon,0.75090,0.75340,0.75490,0.74930
2006/10/15,Sun,,,,
2006/10/14,Sat,,,,
2006/10/13,Fri,0.75090,0.75090,0.75330,0.74880
2006/10/12,Thu,0.74280,0.75070,0.75160,0.74140
2006/10/11,Wed,0.74360,0.74240,0.74630,0.74180
2006/10/10,Tue,0.74430,0.74340,0.74640,0.74260
2006/10/09,Mon,0.74300,0.74420,0.74530,0.74170
2006/10/08,Sun,,,,
2006/10/07,Sat,,,,
2006/10/06,Fri,0.74540,0.74250,0.74870,0.74150
2006/10/05,Thu,0.74600,0.74580,0.74780,0.74390
2006/10/04,Wed,0.74320,0.74570,0.74620,0.74170
2006/10/03,Tue,0.74810,0.74280,0.74880,0.74250
2006/10/02,Mon,0.74530,0.74780,0.74950,0.74320
2006/10/01,Sun,,,,
2006/09/30,Sat,,,,
2006/09/29,Fri,0.74850,0.74630,0.74930,0.74340
2006/09/28,Thu,0.75080,0.74840,0.75160,0.74620
2006/09/27,Wed,0.75200,0.75060,0.75300,0.74720
2006/09/26,Tue,0.75400,0.75210,0.75580,0.75020
2006/09/25,Mon,0.75140,0.75400,0.75390,0.74910
2006/09/24,Sun,,,,
2006/09/23,Sat,,,,
2006/09/22,Fri,0.75740,0.74970,0.75770,0.74930
2006/09/21,Thu,0.75270,0.75660,0.75800,0.75230
2006/09/20,Wed,0.75140,0.75230,0.75480,0.75100
2006/09/19,Tue,0.75550,0.75090,0.75770,0.75060
2006/09/18,Mon,0.75240,0.75540,0.75530,0.75110
2006/09/17,Sun,,,,
2006/09/16,Sat,,,,
2006/09/15,Fri,0.75460,0.75260,0.75650,0.75040
2006/09/14,Thu,0.75400,0.75410,0.75710,0.75120
2006/09/13,Wed,0.75050,0.75250,0.75410,0.74830
2006/09/12,Tue,0.75090,0.75060,0.75490,0.75000
2006/09/11,Mon,0.75370,0.75050,0.75490,0.75000
2006/09/10,Sun,,,,
2006/09/09,Sat,,,,
2006/09/08,Fri,0.75940,0.75370,0.75970,0.75310
2006/09/07,Thu,0.76620,0.75820,0.76860,0.75730
2006/09/06,Wed,0.77090,0.76600,0.77120,0.76500
2006/09/05,Tue,0.77080,0.77090,0.77210,0.76810
2006/09/04,Mon,0.76680,0.77030,0.77230,0.76670
2006/09/03,Sun,,,,
2006/09/02,Sat,,,,
2006/09/01,Fri,0.76350,0.76690,0.76720,0.76260
2006/08/31,Thu,0.76430,0.76370,0.76510,0.76100
2006/08/30,Wed,0.76410,0.76310,0.76570,0.76130
2006/08/29,Tue,0.75920,0.76390,0.76430,0.75880
2006/08/28,Mon,0.75750,0.75850,0.75990,0.75630
2006/08/27,Sun,,,,
2006/08/26,Sat,,,,
2006/08/25,Fri,0.76140,0.75740,0.76190,0.75500
2006/08/24,Thu,0.76290,0.76120,0.76460,0.75970
2006/08/23,Wed,0.76240,0.76260,0.76710,0.76160
2006/08/22,Tue,0.76280,0.76230,0.76380,0.76090
2006/08/21,Mon,0.75930,0.76280,0.76470,0.75810
2006/08/20,Sun,,,,
2006/08/19,Sat,,,,
2006/08/18,Fri,0.76180,0.75820,0.76240,0.75630
2006/08/17,Thu,0.76850,0.76190,0.76920,0.76010
2006/08/16,Wed,0.76490,0.76770,0.77020,0.76270
2006/08/15,Tue,0.75990,0.76510,0.76550,0.75860
2006/08/14,Mon,0.76620,0.75960,0.76850,0.75900
2006/08/13,Sun,,,,
2006/08/12,Sat,,,,
2006/08/11,Fri,0.76760,0.76600,0.77050,0.76510
2006/08/10,Thu,0.76550,0.76740,0.77170,0.76440
2006/08/09,Wed,0.75920,0.76480,0.76690,0.75650
2006/08/08,Tue,0.76300,0.76010,0.76430,0.75860
2006/08/07,Mon,0.76680,0.76320,0.76700,0.76160
2006/08/06,Sun,,,,
2006/08/05,Sat,,,,
2006/08/04,Fri,0.76040,0.76620,0.76740,0.75850
2006/08/03,Thu,0.76450,0.76030,0.76520,0.75860
2006/08/02,Wed,0.76570,0.76410,0.76850,0.76290
2006/08/01,Tue,0.76560,0.76570,0.76630,0.75960
2006/07/31,Mon,0.76670,0.76600,0.76720,0.76420
2006/07/30,Sun,,,,
2006/07/29,Sat,,,,
2006/07/28,Fri,0.76250,0.76740,0.76760,0.75930
2006/07/27,Thu,0.76140,0.76280,0.76620,0.76010
2006/07/26,Wed,0.75300,0.76170,0.76160,0.75250
2006/07/25,Tue,0.75440,0.75290,0.75660,0.75200
2006/07/24,Mon,0.75260,0.75430,0.75490,0.75000
2006/07/23,Sun,,,,
2006/07/22,Sat,,,,
2006/07/21,Fri,0.75080,0.75230,0.75460,0.74910
2006/07/20,Thu,0.75080,0.75060,0.75340,0.74890
2006/07/19,Wed,0.74680,0.74990,0.75060,0.74050
2006/07/18,Tue,0.74750,0.74630,0.75320,0.74490
2006/07/17,Mon,0.75320,0.74740,0.75410,0.74700
2006/07/16,Sun,,,,
2006/07/15,Sat,,,,
2006/07/14,Fri,0.75410,0.75320,0.75510,0.74820
2006/07/13,Thu,0.75270,0.75380,0.75680,0.75140
2006/07/12,Wed,0.75220,0.75170,0.75560,0.75100
2006/07/11,Tue,0.74740,0.75270,0.75330,0.74660
2006/07/10,Mon,0.75190,0.74650,0.75340,0.74660
2006/07/09,Sun,,,,
2006/07/08,Sat,,,,
2006/07/07,Fri,0.74630,0.75050,0.75310,0.74530
2006/07/06,Thu,0.74190,0.74620,0.74730,0.74080
2006/07/05,Wed,0.74520,0.74160,0.74760,0.73980
2006/07/04,Tue,0.74280,0.74430,0.74720,0.74210
2006/07/03,Mon,0.74340,0.74180,0.74620,0.74110
2006/07/02,Sun,,,,
2006/07/01,Sat,,,,
2006/06/30,Fri,0.73860,0.74220,0.74530,0.73810
2006/06/29,Thu,0.72930,0.73790,0.73620,0.72720
2006/06/28,Wed,0.73250,0.72900,0.73310,0.72700
2006/06/27,Tue,0.73200,0.73260,0.73530,0.73140
2006/06/26,Mon,0.73120,0.73210,0.73440,0.72920
2006/06/25,Sun,,,,
2006/06/24,Sat,,,,
2006/06/23,Fri,0.73390,0.73160,0.73540,0.73050
2006/06/22,Thu,0.73960,0.73350,0.74240,0.73220
2006/06/21,Wed,0.73830,0.73970,0.74060,0.73400
2006/06/20,Tue,0.73680,0.73740,0.74060,0.73580
2006/06/19,Mon,0.73780,0.73630,0.73890,0.73600
2006/06/18,Sun,,,,
2006/06/17,Sat,,,,
2006/06/16,Fri,0.74220,0.73880,0.74490,0.73730
2006/06/15,Thu,0.73720,0.74230,0.74190,0.73630
2006/06/14,Wed,0.73800,0.73660,0.74110,0.73450
2006/06/13,Tue,0.74480,0.73760,0.74530,0.73710
2006/06/12,Mon,0.74860,0.74590,0.75000,0.74540
2006/06/11,Sun,,,,
2006/06/10,Sat,,,,
2006/06/09,Fri,0.74300,0.74820,0.75060,0.74130
2006/06/08,Thu,0.74130,0.74180,0.74680,0.74070
2006/06/07,Wed,0.74090,0.74070,0.74340,0.73910
2006/06/06,Tue,0.74820,0.74050,0.74880,0.73950
2006/06/05,Mon,0.75080,0.74790,0.75470,0.74700
2006/06/04,Sun,,,,
2006/06/03,Sat,,,,
2006/06/02,Fri,0.74630,0.75160,0.75240,0.74450
2006/06/01,Thu,0.75190,0.74670,0.75320,0.74400
2006/05/31,Wed,0.76170,0.75220,0.76540,0.75110
2006/05/30,Tue,0.75870,0.76200,0.76500,0.75670
2006/05/29,Mon,0.75760,0.75820,0.75970,0.75690
2006/05/28,Sun,,,,
2006/05/27,Sat,,,,
2006/05/26,Fri,0.76160,0.75760,0.76210,0.75590
2006/05/25,Thu,0.75310,0.76060,0.76010,0.75030
2006/05/24,Wed,0.75100,0.75170,0.75630,0.74910
2006/05/23,Tue,0.75350,0.75230,0.75840,0.75060
2006/05/22,Mon,0.75640,0.75440,0.75690,0.74660
2006/05/21,Sun,,,,
2006/05/20,Sat,,,,
2006/05/19,Fri,0.76490,0.75820,0.76570,0.75250
2006/05/18,Thu,0.75780,0.76430,0.76760,0.75740
2006/05/17,Wed,0.76650,0.75750,0.77270,0.75820
2006/05/16,Tue,0.76060,0.76710,0.76870,0.75990
2006/05/15,Mon,0.77460,0.76120,0.77500,0.76010
2006/05/14,Sun,,,,
2006/05/13,Sat,,,,
2006/05/12,Fri,0.77540,0.77220,0.77910,0.76990
2006/05/11,Thu,0.77410,0.77540,0.77940,0.76800
2006/05/10,Wed,0.77380,0.77420,0.77710,0.77100
2006/05/09,Tue,0.76850,0.77370,0.77440,0.76330
2006/05/08,Mon,0.77290,0.76850,0.77460,0.76800
2006/05/07,Sun,,,,
2006/05/06,Sat,,,,
2006/05/05,Fri,0.77250,0.77180,0.77460,0.76760
2006/05/04,Thu,0.77050,0.77090,0.77320,0.76520
2006/05/03,Wed,0.76100,0.77060,0.77200,0.76000
2006/05/02,Tue,0.75690,0.76180,0.76370,0.75510
2006/05/01,Mon,0.75890,0.75940,0.76390,0.75730
2006/04/30,Sun,,,,
2006/04/29,Sat,,,,
2006/04/28,Fri,0.75670,0.75760,0.76090,0.75290
2006/04/27,Thu,0.75260,0.75650,0.75820,0.74920
2006/04/26,Wed,0.74590,0.75240,0.75470,0.74300
2006/04/25,Tue,0.74340,0.74580,0.74830,0.74310
2006/04/24,Mon,0.74720,0.74390,0.74850,0.74190
2006/04/23,Sun,,,,
2006/04/22,Sat,,,,
2006/04/21,Fri,0.73710,0.74140,0.74570,0.73630
2006/04/20,Thu,0.74710,0.73780,0.74720,0.73570
2006/04/19,Wed,0.74240,0.74660,0.74780,0.74120
2006/04/18,Tue,0.73760,0.74240,0.74190,0.73670
2006/04/17,Mon,0.72790,0.73680,0.73870,0.72720
2006/04/16,Sun,,,,
2006/04/15,Sat,,,,
2006/04/14,Fri,0.72780,0.72760,0.72920,0.72690
2006/04/13,Thu,0.73230,0.72770,0.73390,0.72370
2006/04/12,Wed,0.73330,0.73170,0.73450,0.72920
2006/04/11,Tue,0.73060,0.73350,0.73400,0.72660
2006/04/10,Mon,0.72630,0.73040,0.73030,0.72550
2006/04/09,Sun,,,,
2006/04/08,Sat,,,,
2006/04/07,Fri,0.73020,0.72570,0.73450,0.72590
2006/04/06,Thu,0.72790,0.73070,0.73320,0.72600
2006/04/05,Wed,0.72070,0.72800,0.72870,0.72000
2006/04/04,Tue,0.71580,0.72020,0.72230,0.71150
2006/04/03,Mon,0.71580,0.71550,0.71870,0.71280
2006/04/02,Sun,,,,
2006/04/01,Sat,,,,
2006/03/31,Fri,0.71490,0.71600,0.71750,0.71090
2006/03/30,Thu,0.70650,0.71450,0.71530,0.70600
2006/03/29,Wed,0.70530,0.70740,0.70740,0.70150
2006/03/28,Tue,0.70570,0.70450,0.71220,0.70430
2006/03/27,Mon,0.70930,0.70520,0.70960,0.70360
2006/03/26,Sun,,,,
2006/03/25,Sat,,,,
2006/03/24,Fri,0.71470,0.70950,0.71520,0.70610
2006/03/23,Thu,0.71880,0.71420,0.72150,0.71310
2006/03/22,Wed,0.71630,0.71880,0.72090,0.71530
2006/03/21,Tue,0.72050,0.71630,0.72200,0.71480
2006/03/20,Mon,0.72880,0.72010,0.72900,0.71790
2006/03/19,Sun,,,,
2006/03/18,Sat,,,,
2006/03/17,Fri,0.73800,0.72750,0.73870,0.72640
2006/03/16,Thu,0.73940,0.73760,0.73960,0.73390
2006/03/15,Wed,0.73720,0.73880,0.74120,0.73650
2006/03/14,Tue,0.73590,0.73710,0.73730,0.73250
2006/03/13,Mon,0.73280,0.73470,0.73510,0.73050
2006/03/12,Sun,,,,
2006/03/11,Sat,,,,
2006/03/10,Fri,0.73430,0.73150,0.73710,0.73020
2006/03/09,Thu,0.73420,0.73430,0.73770,0.73250
2006/03/08,Wed,0.73330,0.73380,0.73630,0.73080
2006/03/07,Tue,0.74050,0.73310,0.74080,0.73290
2006/03/06,Mon,0.74470,0.74020,0.74860,0.73980
2006/03/05,Sun,,,,
2006/03/04,Sat,,,,
2006/03/03,Fri,0.74840,0.74500,0.74940,0.74230
2006/03/02,Thu,0.74470,0.74830,0.74860,0.74440
2006/03/01,Wed,0.74280,0.74440,0.74670,0.74000
2006/02/28,Tue,0.73750,0.74240,0.74370,0.73600
2006/02/27,Mon,0.73920,0.73660,0.73980,0.73660
2006/02/26,Sun,,,,
2006/02/25,Sat,,,,
2006/02/24,Fri,0.73890,0.73940,0.74160,0.73780
2006/02/23,Thu,0.73680,0.73870,0.74240,0.73450
2006/02/22,Wed,0.73910,0.73610,0.73980,0.73420
2006/02/21,Tue,0.74100,0.73860,0.74170,0.73700
2006/02/20,Mon,0.73900,0.74100,0.74200,0.73830
2006/02/19,Sun,,,,
2006/02/18,Sat,,,,
2006/02/17,Fri,0.73920,0.73890,0.74180,0.73470
2006/02/16,Thu,0.73900,0.73880,0.73970,0.73610
2006/02/15,Wed,0.74210,0.73780,0.74450,0.73820
2006/02/14,Tue,0.73680,0.74180,0.74100,0.73560
2006/02/13,Mon,0.73730,0.73710,0.74010,0.73620
2006/02/12,Sun,,,,
2006/02/11,Sat,,,,
2006/02/10,Fri,0.74040,0.73710,0.74390,0.73700
2006/02/09,Thu,0.73900,0.73970,0.74220,0.73800
2006/02/08,Wed,0.73970,0.73900,0.74130,0.73660
2006/02/07,Tue,0.74150,0.73990,0.74500,0.73950
2006/02/06,Mon,0.74980,0.74190,0.75020,0.74160
2006/02/05,Sun,,,,
2006/02/04,Sat,,,,
2006/02/03,Fri,0.75330,0.74910,0.75410,0.74740
2006/02/02,Thu,0.75270,0.75310,0.75570,0.75060
2006/02/01,Wed,0.75830,0.75250,0.75910,0.75280
2006/01/31,Tue,0.74900,0.75860,0.75830,0.74840
2006/01/30,Mon,0.75000,0.74820,0.75160,0.74800
2006/01/29,Sun,,,,
2006/01/28,Sat,,,,
2006/01/27,Fri,0.75140,0.74940,0.75460,0.74970
2006/01/26,Thu,0.75310,0.75160,0.75620,0.75180
2006/01/25,Wed,0.75190,0.75310,0.75590,0.75050
2006/01/24,Tue,0.75350,0.75160,0.75430,0.74860
2006/01/23,Mon,0.74880,0.75330,0.75500,0.74740
2006/01/22,Sun,,,,
2006/01/21,Sat,,,,
2006/01/20,Fri,0.74710,0.74780,0.75020,0.74600
2006/01/19,Thu,0.74740,0.74690,0.74860,0.74430
2006/01/18,Wed,0.75250,0.74730,0.75320,0.74600
2006/01/17,Tue,0.75400,0.75200,0.75590,0.75050
2006/01/16,Mon,0.75460,0.75440,0.75790,0.75300
2006/01/15,Sun,,,,
2006/01/14,Sat,,,,
2006/01/13,Fri,0.75020,0.75470,0.75470,0.74980
2006/01/12,Thu,0.75490,0.75020,0.75670,0.74990
2006/01/11,Wed,0.74890,0.75480,0.75650,0.74800
2006/01/10,Tue,0.75410,0.74850,0.75450,0.74830
2006/01/09,Mon,0.75330,0.75400,0.75470,0.75020
2006/01/08,Sun,,,,
2006/01/07,Sat,,,,
2006/01/06,Fri,0.74740,0.75400,0.75430,0.74500
2006/01/05,Thu,0.74660,0.74720,0.74870,0.74430
2006/01/04,Wed,0.74050,0.74760,0.74770,0.73980
2006/01/03,Tue,0.73310,0.73960,0.74000,0.73150
2006/01/02,Mon,0.73290,0.73290,0.73550,0.73210
2006/01/01,Sun,,,,
2005/12/31,Sat,,,,
2005/12/30,Fri,0.73200,0.73330,0.73480,0.73060
2005/12/29,Thu,0.72890,0.73240,0.73300,0.72720
2005/12/28,Wed,0.72460,0.72860,0.73190,0.72370
2005/12/27,Tue,0.73040,0.72390,0.73160,0.72450
2005/12/26,Mon,0.72890,0.73060,0.73240,0.72830
2005/12/25,Sun,,,,
2005/12/24,Sat,,,,
2005/12/23,Fri,0.73190,0.72820,0.73260,0.72670
2005/12/22,Thu,0.73340,0.73160,0.73480,0.73000
2005/12/21,Wed,0.73350,0.73380,0.73710,0.73180
2005/12/20,Tue,0.74000,0.73390,0.74210,0.73220
2005/12/19,Mon,0.74430,0.74000,0.74720,0.74070
2005/12/18,Sun,,,,
2005/12/17,Sat,,,,
2005/12/16,Fri,0.74840,0.74450,0.74860,0.74180
2005/12/15,Thu,0.75520,0.74800,0.75650,0.74610
2005/12/14,Wed,0.75430,0.75480,0.75810,0.75200
2005/12/13,Tue,0.75530,0.75390,0.75720,0.75250
2005/12/12,Mon,0.74880,0.75440,0.75660,0.74790
2005/12/11,Sun,,,,
2005/12/10,Sat,,,,
2005/12/09,Fri,0.74990,0.75020,0.75240,0.74910
2005/12/08,Thu,0.74750,0.74950,0.75160,0.74420
2005/12/07,Wed,0.75300,0.74760,0.75380,0.74580
2005/12/06,Tue,0.75180,0.75350,0.75450,0.75020
2005/12/05,Mon,0.74670,0.75100,0.75260,0.74500
2005/12/04,Sun,,,,
2005/12/03,Sat,,,,
2005/12/02,Fri,0.74200,0.74840,0.74820,0.74070
2005/12/01,Thu,0.73780,0.74160,0.74310,0.73720
2005/11/30,Wed,0.73820,0.73820,0.74080,0.73700
2005/11/29,Tue,0.74190,0.73800,0.74240,0.73720
2005/11/28,Mon,0.73460,0.74190,0.74170,0.73220
2005/11/27,Sun,,,,
2005/11/26,Sat,,,,
2005/11/25,Fri,0.73950,0.73560,0.73960,0.73450
2005/11/24,Thu,0.73790,0.73870,0.74080,0.73680
2005/11/23,Wed,0.73790,0.73740,0.73940,0.73560
2005/11/22,Tue,0.73640,0.73710,0.73790,0.73200
2005/11/21,Mon,0.73250,0.73640,0.73960,0.73220
2005/11/20,Sun,,,,
2005/11/19,Sat,,,,
2005/11/18,Fri,0.73440,0.73340,0.73470,0.73000
2005/11/17,Thu,0.73140,0.73420,0.73500,0.72950
2005/11/16,Wed,0.73330,0.73150,0.73450,0.72790
2005/11/15,Tue,0.72720,0.73300,0.73340,0.72660
2005/11/14,Mon,0.73270,0.72770,0.73470,0.72620
2005/11/13,Sun,,,,
2005/11/12,Sat,,,,
2005/11/11,Fri,0.72990,0.73270,0.73360,0.72950
2005/11/10,Thu,0.73720,0.72910,0.73790,0.72930
2005/11/09,Wed,0.73460,0.73660,0.73710,0.73180
2005/11/08,Tue,0.73330,0.73450,0.73610,0.72850
2005/11/07,Mon,0.73190,0.73320,0.73440,0.73050
2005/11/06,Sun,,,,
2005/11/05,Sat,,,,
2005/11/04,Fri,0.73940,0.73280,0.74010,0.73110
2005/11/03,Thu,0.74290,0.73920,0.74340,0.73870
2005/11/02,Wed,0.74430,0.74260,0.74470,0.73970
2005/11/01,Tue,0.74830,0.74410,0.74860,0.74400
2005/10/31,Mon,0.75000,0.74830,0.75240,0.74650
2005/10/30,Sun,,,,
2005/10/29,Sat,,,,
2005/10/28,Fri,0.75730,0.74930,0.75830,0.74910
2005/10/27,Thu,0.75380,0.75670,0.76040,0.75240
2005/10/26,Wed,0.75610,0.75440,0.75740,0.75310
2005/10/25,Tue,0.75150,0.75670,0.75720,0.74880
2005/10/24,Mon,0.74870,0.75140,0.75190,0.74660
2005/10/23,Sun,,,,
2005/10/22,Sat,,,,
2005/10/21,Fri,0.75230,0.74900,0.75460,0.74690
2005/10/20,Thu,0.75090,0.75240,0.75410,0.74860
2005/10/19,Wed,0.74770,0.75080,0.75120,0.74390
2005/10/18,Tue,0.74970,0.74740,0.75040,0.74470
2005/10/17,Mon,0.75430,0.74930,0.75510,0.74850
2005/10/16,Sun,,,,
2005/10/15,Sat,,,,
2005/10/14,Fri,0.75090,0.75250,0.75430,0.74900
2005/10/13,Thu,0.75540,0.75030,0.75640,0.74620
2005/10/12,Wed,0.75220,0.75470,0.75660,0.75050
2005/10/11,Tue,0.75870,0.75230,0.75880,0.75070
2005/10/10,Mon,0.75650,0.75890,0.76090,0.75610
2005/10/09,Sun,,,,
2005/10/08,Sat,,,,
2005/10/07,Fri,0.75920,0.75670,0.76160,0.75560
2005/10/06,Thu,0.75580,0.75880,0.76050,0.75520
2005/10/05,Wed,0.76340,0.75620,0.76350,0.75590
2005/10/04,Tue,0.76290,0.76260,0.76470,0.76150
2005/10/03,Mon,0.76270,0.76330,0.76350,0.75900
2005/10/02,Sun,,,,
2005/10/01,Sat,,,,
2005/09/30,Fri,0.76060,0.76110,0.76450,0.75830
2005/09/29,Thu,0.75950,0.75940,0.76260,0.75740
2005/09/28,Wed,0.75620,0.75870,0.76000,0.75430
2005/09/27,Tue,0.75670,0.75600,0.75750,0.75300
2005/09/26,Mon,0.75740,0.75660,0.75890,0.75470
2005/09/25,Sun,,,,
2005/09/24,Sat,,,,
2005/09/23,Fri,0.76280,0.75780,0.76380,0.75700
2005/09/22,Thu,0.77130,0.76200,0.77310,0.76190
2005/09/21,Wed,0.76660,0.77110,0.77320,0.76550
2005/09/20,Tue,0.76670,0.76570,0.77240,0.76510
2005/09/19,Mon,0.76630,0.76670,0.76810,0.76150
2005/09/18,Sun,,,,
2005/09/17,Sat,,,,
2005/09/16,Fri,0.76770,0.76670,0.77070,0.76420
2005/09/15,Thu,0.77110,0.76710,0.77130,0.76540
2005/09/14,Wed,0.76920,0.77110,0.77380,0.76860
2005/09/13,Tue,0.76850,0.76890,0.77120,0.76700
2005/09/12,Mon,0.77490,0.76860,0.77660,0.76910
2005/09/11,Sun,,,,
2005/09/10,Sat,,,,
2005/09/09,Fri,0.77300,0.77470,0.77560,0.77050
2005/09/08,Thu,0.76570,0.77260,0.77350,0.76530
2005/09/07,Wed,0.76850,0.76630,0.77050,0.76550
2005/09/06,Tue,0.76820,0.76770,0.76920,0.76450
2005/09/05,Mon,0.76400,0.76730,0.76980,0.76360
2005/09/04,Sun,,,,
2005/09/03,Sat,,,,
2005/09/02,Fri,0.76270,0.76550,0.76670,0.76140
2005/09/01,Thu,0.75470,0.76260,0.76310,0.75330
2005/08/31,Wed,0.74880,0.75480,0.75510,0.74570
2005/08/30,Tue,0.75000,0.74850,0.75190,0.74640
2005/08/29,Mon,0.75530,0.75160,0.75860,0.75150
2005/08/28,Sun,,,,
2005/08/27,Sat,,,,
2005/08/26,Fri,0.75940,0.75640,0.76080,0.75610
2005/08/25,Thu,0.75550,0.75900,0.76170,0.75500
2005/08/24,Wed,0.75550,0.75530,0.75760,0.75110
2005/08/23,Tue,0.75510,0.75500,0.75730,0.75370
2005/08/22,Mon,0.75170,0.75480,0.75680,0.75060
2005/08/21,Sun,,,,
2005/08/20,Sat,,,,
2005/08/19,Fri,0.75340,0.75140,0.75420,0.74970
2005/08/18,Thu,0.75960,0.75290,0.76130,0.75210
2005/08/17,Wed,0.76940,0.76030,0.77150,0.76030
2005/08/16,Tue,0.76870,0.76920,0.77000,0.76590
2005/08/15,Mon,0.77320,0.76900,0.77470,0.76720
2005/08/14,Sun,,,,
2005/08/13,Sat,,,,
2005/08/12,Fri,0.77470,0.77180,0.77560,0.77060
2005/08/11,Thu,0.76520,0.77440,0.77490,0.76440
2005/08/10,Wed,0.76190,0.76480,0.76650,0.76070
2005/08/09,Tue,0.76400,0.76130,0.76690,0.75860
2005/08/08,Mon,0.76800,0.76370,0.76890,0.76340
2005/08/07,Sun,,,,
2005/08/06,Sat,,,,
2005/08/05,Fri,0.77230,0.76840,0.77250,0.76600
2005/08/04,Thu,0.77140,0.77200,0.77420,0.76930
2005/08/03,Wed,0.76550,0.77140,0.77260,0.76250
2005/08/02,Tue,0.76100,0.76490,0.76610,0.75950
2005/08/01,Mon,0.75600,0.76100,0.76370,0.75520
2005/07/31,Sun,,,,
2005/07/30,Sat,,,,
2005/07/29,Fri,0.75970,0.75650,0.76240,0.75700
2005/07/28,Thu,0.75620,0.75970,0.76100,0.75370
2005/07/27,Wed,0.75780,0.75670,0.75990,0.75280
2005/07/26,Tue,0.76330,0.75730,0.76350,0.75690
2005/07/25,Mon,0.76160,0.76260,0.76490,0.75840
2005/07/24,Sun,,,,
2005/07/23,Sat,,,,
2005/07/22,Fri,0.76530,0.76710,0.76890,0.76250
2005/07/21,Thu,0.75590,0.76550,0.76670,0.75580
2005/07/20,Wed,0.75080,0.75590,0.75700,0.74910
2005/07/19,Tue,0.75380,0.75040,0.75430,0.74800
2005/07/18,Mon,0.74870,0.75380,0.75500,0.74750
2005/07/17,Sun,,,,
2005/07/16,Sat,,,,
2005/07/15,Fri,0.75100,0.74820,0.75380,0.74740
2005/07/14,Thu,0.74960,0.75120,0.75450,0.74810
2005/07/13,Wed,0.75690,0.74990,0.75710,0.74720
2005/07/12,Tue,0.74760,0.75700,0.75730,0.74660
2005/07/11,Mon,0.74250,0.74710,0.74900,0.74180
2005/07/10,Sun,,,,
2005/07/09,Sat,,,,
2005/07/08,Fri,0.73990,0.74250,0.74450,0.73680
2005/07/07,Thu,0.73920,0.73950,0.74710,0.73660
2005/07/06,Wed,0.74120,0.73990,0.74480,0.73840
2005/07/05,Tue,0.74870,0.74110,0.75070,0.73910
2005/07/04,Mon,0.75140,0.74910,0.75210,0.74750
2005/07/03,Sun,,,,
2005/07/02,Sat,,,,
2005/07/01,Fri,0.76300,0.75160,0.76490,0.74970
2005/06/30,Thu,0.76250,0.76240,0.76480,0.75930
2005/06/29,Wed,0.76400,0.76230,0.76470,0.75840
2005/06/28,Tue,0.76940,0.76260,0.77020,0.76300
2005/06/27,Mon,0.76930,0.76920,0.77060,0.76690
2005/06/26,Sun,,,,
2005/06/25,Sat,,,,
2005/06/24,Fri,0.77150,0.76990,0.77460,0.76660
2005/06/23,Thu,0.77870,0.77090,0.77910,0.77150
2005/06/22,Wed,0.77930,0.77840,0.78030,0.77430
2005/06/21,Tue,0.77640,0.77990,0.78070,0.77250
2005/06/20,Mon,0.77560,0.77550,0.77940,0.77500
2005/06/19,Sun,,,,
2005/06/18,Sat,,,,
2005/06/17,Fri,0.77250,0.77760,0.77830,0.77130
2005/06/16,Thu,0.77020,0.77290,0.77450,0.76610
2005/06/15,Wed,0.76330,0.76960,0.76990,0.76210
2005/06/14,Tue,0.76160,0.76290,0.76850,0.75960
2005/06/13,Mon,0.76250,0.76110,0.76410,0.75900
2005/06/12,Sun,,,,
2005/06/11,Sat,,,,
2005/06/10,Fri,0.76780,0.76110,0.76840,0.76090
2005/06/09,Thu,0.76550,0.76760,0.76910,0.76520
2005/06/08,Wed,0.76880,0.76560,0.77070,0.76530
2005/06/07,Tue,0.76480,0.76820,0.77020,0.76360
2005/06/06,Mon,0.75540,0.76480,0.76650,0.75490
2005/06/05,Sun,,,,
2005/06/04,Sat,,,,
2005/06/03,Fri,0.75480,0.75540,0.76080,0.75340
2005/06/02,Thu,0.75040,0.75400,0.75600,0.74820
2005/06/01,Wed,0.75600,0.74980,0.75780,0.74740
2005/05/31,Tue,0.76070,0.75570,0.76110,0.75410
2005/05/30,Mon,0.76170,0.76050,0.76350,0.76030
2005/05/29,Sun,,,,
2005/05/28,Sat,,,,
2005/05/27,Fri,0.75880,0.76300,0.76370,0.75830
2005/05/26,Thu,0.76290,0.75860,0.76510,0.75860
2005/05/25,Wed,0.76150,0.76230,0.76350,0.75840
2005/05/24,Tue,0.75870,0.76250,0.76410,0.75780
2005/05/23,Mon,0.75470,0.75940,0.76010,0.75430
2005/05/22,Sun,,,,
2005/05/21,Sat,,,,
2005/05/20,Fri,0.75720,0.75600,0.76110,0.75350
2005/05/19,Thu,0.76080,0.75810,0.76150,0.75650
2005/05/18,Wed,0.75590,0.76090,0.76190,0.75310
2005/05/17,Tue,0.75620,0.75490,0.75880,0.75500
2005/05/16,Mon,0.76140,0.75540,0.76200,0.75370
2005/05/15,Sun,,,,
2005/05/14,Sat,,,,
2005/05/13,Fri,0.76500,0.75950,0.76710,0.76010
2005/05/12,Thu,0.77460,0.76490,0.77480,0.76540
2005/05/11,Wed,0.77660,0.77400,0.77940,0.77390
2005/05/10,Tue,0.77330,0.77690,0.77730,0.77200
2005/05/09,Mon,0.77370,0.77300,0.77580,0.77110
2005/05/08,Sun,,,,
2005/05/07,Sat,,,,
2005/05/06,Fri,0.78160,0.77490,0.78160,0.77460
2005/05/05,Thu,0.78110,0.78100,0.78290,0.77710
2005/05/04,Wed,0.77410,0.78070,0.78070,0.77270
2005/05/03,Tue,0.77930,0.77370,0.78030,0.77230
2005/05/02,Mon,0.78040,0.77970,0.78150,0.77850
2005/05/01,Sun,,,,
2005/04/30,Sat,,,,
2005/04/29,Fri,0.77810,0.78050,0.78430,0.77730
2005/04/28,Thu,0.77660,0.77870,0.78220,0.77490
2005/04/27,Wed,0.77750,0.77670,0.77880,0.77430
2005/04/26,Tue,0.77940,0.77680,0.78150,0.77630
2005/04/25,Mon,0.78170,0.77990,0.78200,0.77710
2005/04/24,Sun,,,,
2005/04/23,Sat,,,,
2005/04/22,Fri,0.77560,0.78090,0.78340,0.77420
2005/04/21,Thu,0.77540,0.77630,0.77740,0.77350
2005/04/20,Wed,0.77160,0.77550,0.77720,0.77080
2005/04/19,Tue,0.76840,0.77140,0.77160,0.76470
2005/04/18,Mon,0.76870,0.76830,0.76970,0.76350
2005/04/17,Sun,,,,
2005/04/16,Sat,,,,
2005/04/15,Fri,0.76890,0.76840,0.77250,0.76510
2005/04/14,Thu,0.77810,0.76950,0.77860,0.76950
2005/04/13,Wed,0.77520,0.77760,0.78060,0.77430
2005/04/12,Tue,0.77530,0.77510,0.77750,0.77210
2005/04/11,Mon,0.77170,0.77500,0.77580,0.77040
2005/04/10,Sun,,,,
2005/04/09,Sat,,,,
2005/04/08,Fri,0.76640,0.77220,0.77370,0.76490
2005/04/07,Thu,0.76430,0.76590,0.77100,0.76270
2005/04/06,Wed,0.76810,0.76390,0.76840,0.76330
2005/04/05,Tue,0.76720,0.76810,0.76900,0.76280
2005/04/04,Mon,0.76910,0.76750,0.77100,0.76490
2005/04/03,Sun,,,,
2005/04/02,Sat,,,,
2005/04/01,Fri,0.77290,0.77090,0.77660,0.76820
2005/03/31,Thu,0.77080,0.77230,0.77790,0.77040
2005/03/30,Wed,0.77070,0.77040,0.77450,0.76960
2005/03/29,Tue,0.76900,0.77010,0.77520,0.76730
2005/03/28,Mon,0.77240,0.76890,0.77290,0.76720
2005/03/27,Sun,,,,
2005/03/26,Sat,,,,
2005/03/25,Fri,0.77240,0.77150,0.77400,0.77080
2005/03/24,Thu,0.77280,0.77140,0.77420,0.77040
2005/03/23,Wed,0.78280,0.77170,0.78320,0.77020
2005/03/22,Tue,0.78520,0.78260,0.79340,0.78280
2005/03/21,Mon,0.79390,0.78570,0.79430,0.78440
2005/03/20,Sun,,,,
2005/03/19,Sat,,,,
2005/03/18,Fri,0.79340,0.79460,0.79500,0.78860
2005/03/17,Thu,0.79370,0.79280,0.79520,0.79060
2005/03/16,Wed,0.79100,0.79300,0.79580,0.78820
2005/03/15,Tue,0.78750,0.79010,0.79410,0.78630
2005/03/14,Mon,0.79310,0.78720,0.79440,0.78600
2005/03/13,Sun,,,,
2005/03/12,Sat,,,,
2005/03/11,Fri,0.79130,0.79220,0.79580,0.78760
2005/03/10,Thu,0.79310,0.79150,0.79840,0.78780
2005/03/09,Wed,0.79850,0.79320,0.79900,0.79090
2005/03/08,Tue,0.79270,0.79760,0.79900,0.79130
2005/03/07,Mon,0.78980,0.79240,0.79310,0.78840
2005/03/06,Sun,,,,
2005/03/05,Sat,,,,
2005/03/04,Fri,0.78330,0.79050,0.79370,0.78110
2005/03/03,Thu,0.78300,0.78290,0.78530,0.78020
2005/03/02,Wed,0.78710,0.78310,0.78860,0.77700
2005/03/01,Tue,0.79180,0.78690,0.79340,0.78310
2005/02/28,Mon,0.78700,0.79220,0.79470,0.78570
2005/02/27,Sun,,,,
2005/02/26,Sat,,,,
2005/02/25,Fri,0.78670,0.78640,0.78770,0.78070
2005/02/24,Thu,0.78620,0.78630,0.78980,0.78420
2005/02/23,Wed,0.79440,0.78620,0.79540,0.78450
2005/02/22,Tue,0.78970,0.79390,0.79580,0.78650
2005/02/21,Mon,0.78870,0.78920,0.79040,0.78590
2005/02/20,Sun,,,,
2005/02/19,Sat,,,,
2005/02/18,Fri,0.78760,0.78810,0.78930,0.78300
2005/02/17,Thu,0.78450,0.78750,0.78920,0.78320
2005/02/16,Wed,0.78770,0.78460,0.78780,0.77860
2005/02/15,Tue,0.78810,0.78720,0.78860,0.78260
2005/02/14,Mon,0.78570,0.78800,0.78920,0.78460
2005/02/13,Sun,,,,
2005/02/12,Sat,,,,
2005/02/11,Fri,0.78360,0.78560,0.78660,0.78100
2005/02/10,Thu,0.77090,0.78290,0.78400,0.76970
2005/02/09,Wed,0.76670,0.77080,0.77060,0.76310
2005/02/08,Tue,0.76790,0.76640,0.76890,0.76110
2005/02/07,Mon,0.76910,0.76740,0.77390,0.76640
2005/02/06,Sun,,,,
2005/02/05,Sat,,,,
2005/02/04,Fri,0.77130,0.77010,0.77580,0.76820
2005/02/03,Thu,0.77820,0.77100,0.77860,0.76720
2005/02/02,Wed,0.77400,0.77790,0.77790,0.77180
2005/02/01,Tue,0.77530,0.77460,0.77640,0.76910
2005/01/31,Mon,0.77380,0.77500,0.77660,0.77190
2005/01/30,Sun,,,,
2005/01/29,Sat,,,,
2005/01/28,Fri,0.77710,0.77460,0.78050,0.77090
2005/01/27,Thu,0.77560,0.77650,0.77810,0.77300
2005/01/26,Wed,0.76500,0.77480,0.77570,0.76380
2005/01/25,Tue,0.77010,0.76460,0.77280,0.76320
2005/01/24,Mon,0.76850,0.76980,0.77200,0.76800
2005/01/23,Sun,,,,
2005/01/22,Sat,,,,
2005/01/21,Fri,0.75860,0.76960,0.77150,0.75710
2005/01/20,Thu,0.76040,0.75810,0.76240,0.75710
2005/01/19,Wed,0.75550,0.75910,0.76540,0.75340
2005/01/18,Tue,0.75800,0.75530,0.75900,0.75050
2005/01/17,Mon,0.75950,0.75790,0.76200,0.75740
2005/01/16,Sun,,,,
2005/01/15,Sat,,,,
2005/01/14,Fri,0.76560,0.75850,0.76670,0.75660
2005/01/13,Thu,0.76720,0.76550,0.76890,0.76420
2005/01/12,Wed,0.76190,0.76740,0.76990,0.75500
2005/01/11,Tue,0.75770,0.76210,0.76450,0.75740
2005/01/10,Mon,0.75740,0.75890,0.76100,0.75660
2005/01/09,Sun,,,,
2005/01/08,Sat,,,,
2005/01/07,Fri,0.76080,0.75720,0.76710,0.75510
2005/01/06,Thu,0.76460,0.76010,0.76550,0.75750
2005/01/05,Wed,0.76490,0.76430,0.76830,0.75950
2005/01/04,Tue,0.77810,0.76600,0.78020,0.76400
2005/01/03,Mon,0.78070,0.77740,0.78290,0.77250
2005/01/02,Sun,,,,
2005/01/01,Sat,,,,
2004/12/31,Fri,0.77950,0.78190,0.78450,0.77590
2004/12/30,Thu,0.77390,0.77940,0.77960,0.77260
2004/12/29,Wed,0.77820,0.77380,0.78090,0.77040
2004/12/28,Tue,0.77720,0.77850,0.78160,0.77500
2004/12/27,Mon,0.76940,0.77730,0.77920,0.76840
2004/12/26,Sun,,,,
2004/12/25,Sat,,,,
2004/12/24,Fri,0.76630,0.76870,0.77140,0.76340
2004/12/23,Thu,0.76340,0.76640,0.76770,0.76290
2004/12/22,Wed,0.76540,0.76340,0.76830,0.76300
2004/12/21,Tue,0.76320,0.76460,0.76860,0.76130
2004/12/20,Mon,0.76340,0.76340,0.76550,0.76180
2004/12/19,Sun,,,,
2004/12/18,Sat,,,,
2004/12/17,Fri,0.75660,0.76390,0.76410,0.75600
2004/12/16,Thu,0.76390,0.75660,0.76700,0.75290
2004/12/15,Wed,0.75680,0.76340,0.76550,0.75420
2004/12/14,Tue,0.75910,0.75650,0.76240,0.75460
2004/12/13,Mon,0.74870,0.75880,0.76010,0.74790
2004/12/12,Sun,,,,
2004/12/11,Sat,,,,
2004/12/10,Fri,0.75440,0.75150,0.75580,0.74430
2004/12/09,Thu,0.75680,0.75450,0.76200,0.74990
2004/12/08,Wed,0.77410,0.75780,0.77600,0.75220
2004/12/07,Tue,0.77320,0.77420,0.78050,0.77250
2004/12/06,Mon,0.78080,0.77260,0.78250,0.77340
2004/12/05,Sun,,,,
2004/12/04,Sat,,,,
2004/12/03,Fri,0.77440,0.78160,0.78120,0.77160
2004/12/02,Thu,0.77680,0.77410,0.78340,0.77330
2004/12/01,Wed,0.77300,0.77680,0.77910,0.76960
2004/11/30,Tue,0.78340,0.77190,0.78490,0.76950
2004/11/29,Mon,0.78920,0.78320,0.79080,0.78280
2004/11/28,Sun,,,,
2004/11/27,Sat,,,,
2004/11/26,Fri,0.79170,0.79050,0.79480,0.78420
2004/11/25,Thu,0.78660,0.79090,0.79380,0.78550
2004/11/24,Wed,0.78590,0.78720,0.78940,0.78430
2004/11/23,Tue,0.78260,0.78590,0.78790,0.77730
2004/11/22,Mon,0.78380,0.78190,0.78570,0.78080
2004/11/21,Sun,,,,
2004/11/20,Sat,,,,
2004/11/19,Fri,0.77770,0.78320,0.78650,0.77510
2004/11/18,Thu,0.78160,0.77780,0.78440,0.77620
2004/11/17,Wed,0.77240,0.78200,0.78450,0.77200
2004/11/16,Tue,0.77280,0.77250,0.77460,0.76910
2004/11/15,Mon,0.76860,0.77290,0.77390,0.76800
2004/11/14,Sun,,,,
2004/11/13,Sat,,,,
2004/11/12,Fri,0.76530,0.76930,0.76970,0.76320
2004/11/11,Thu,0.75950,0.76400,0.76610,0.75780
2004/11/10,Wed,0.76040,0.75920,0.76500,0.75590
2004/11/09,Tue,0.75760,0.76080,0.76200,0.75540
2004/11/08,Mon,0.76270,0.75740,0.76390,0.75550
2004/11/07,Sun,,,,
2004/11/06,Sat,,,,
2004/11/05,Fri,0.75750,0.76280,0.76330,0.75300
2004/11/04,Thu,0.75620,0.75730,0.75930,0.75400
2004/11/03,Wed,0.74830,0.75550,0.75680,0.74450
2004/11/02,Tue,0.74650,0.74720,0.74730,0.74340
2004/11/01,Mon,0.74890,0.74640,0.75020,0.74360
2004/10/31,Sun,,,,
2004/10/30,Sat,,,,
2004/10/29,Fri,0.74490,0.74840,0.74880,0.74350
2004/10/28,Thu,0.74270,0.74600,0.75030,0.73690
2004/10/27,Wed,0.74620,0.74440,0.75120,0.74300
2004/10/26,Tue,0.74730,0.74540,0.75060,0.74360
2004/10/25,Mon,0.74220,0.74700,0.74990,0.74110
2004/10/24,Sun,,,,
2004/10/23,Sat,,,,
2004/10/22,Fri,0.73650,0.73910,0.74040,0.73610
2004/10/21,Thu,0.73470,0.73670,0.74040,0.73380
2004/10/20,Wed,0.72690,0.73440,0.73780,0.72640
2004/10/19,Tue,0.72510,0.72660,0.72990,0.72230
2004/10/18,Mon,0.73060,0.72490,0.73220,0.72510
2004/10/17,Sun,,,,
2004/10/16,Sat,,,,
2004/10/15,Fri,0.72860,0.72900,0.73370,0.72670
2004/10/14,Thu,0.72530,0.72830,0.73290,0.72290
2004/10/13,Wed,0.73040,0.72520,0.73090,0.72150
2004/10/12,Tue,0.73320,0.72950,0.73460,0.72990
2004/10/11,Mon,0.73770,0.73270,0.73830,0.73240
2004/10/10,Sun,,,,
2004/10/09,Sat,,,,
2004/10/08,Fri,0.72800,0.73460,0.73670,0.72570
2004/10/07,Thu,0.72360,0.72740,0.72880,0.72180
2004/10/06,Wed,0.72420,0.72350,0.72510,0.72060
2004/10/05,Tue,0.72170,0.72380,0.72560,0.71920
2004/10/04,Mon,0.72380,0.72170,0.72540,0.71870
2004/10/03,Sun,,,,
2004/10/02,Sat,,,,
2004/10/01,Fri,0.72670,0.72630,0.72720,0.72230
2004/09/30,Thu,0.71650,0.72720,0.72840,0.71350
2004/09/29,Wed,0.71770,0.71670,0.71850,0.71280
2004/09/28,Tue,0.71360,0.71780,0.71940,0.71340
2004/09/27,Mon,0.71420,0.71360,0.71490,0.71030
2004/09/26,Sun,,,,
2004/09/25,Sat,,,,
2004/09/24,Fri,0.71330,0.71390,0.71710,0.71160
2004/09/23,Thu,0.70700,0.71330,0.71620,0.70650
2004/09/22,Wed,0.70380,0.70710,0.70810,0.70320
2004/09/21,Tue,0.70070,0.70350,0.70400,0.69880
2004/09/20,Mon,0.69820,0.70070,0.70200,0.69700
2004/09/19,Sun,,,,
2004/09/18,Sat,,,,
2004/09/17,Fri,0.69860,0.69860,0.70110,0.69610
2004/09/16,Thu,0.69540,0.69850,0.70080,0.69410
2004/09/15,Wed,0.70180,0.69490,0.70370,0.69340
2004/09/14,Tue,0.69650,0.70190,0.70510,0.69640
2004/09/13,Mon,0.69650,0.69660,0.69860,0.69500
2004/09/12,Sun,,,,
2004/09/11,Sat,,,,
2004/09/10,Fri,0.68890,0.69510,0.69960,0.68760
2004/09/09,Thu,0.69710,0.68800,0.69770,0.68530
2004/09/08,Wed,0.69410,0.69660,0.69850,0.68830
2004/09/07,Tue,0.69170,0.69460,0.69610,0.69090
2004/09/06,Mon,0.69140,0.69170,0.69300,0.68970
2004/09/05,Sun,,,,
2004/09/04,Sat,,,,
2004/09/03,Fri,0.69670,0.69120,0.69880,0.68890
2004/09/02,Thu,0.70240,0.69510,0.70360,0.69420
2004/09/01,Wed,0.70520,0.70220,0.70640,0.70150
2004/08/31,Tue,0.69910,0.70440,0.70780,0.69790
2004/08/30,Mon,0.70160,0.69890,0.70290,0.69600
2004/08/29,Sun,,,,
2004/08/28,Sat,,,,
2004/08/27,Fri,0.70300,0.70370,0.70920,0.70250
2004/08/26,Thu,0.70550,0.70300,0.70820,0.70030
2004/08/25,Wed,0.70490,0.70520,0.70850,0.70280
2004/08/24,Tue,0.71190,0.70480,0.71380,0.70220
2004/08/23,Mon,0.72340,0.71290,0.72410,0.71340
2004/08/22,Sun,,,,
2004/08/21,Sat,,,,
2004/08/20,Fri,0.72470,0.72380,0.72610,0.72140
2004/08/19,Thu,0.71540,0.72500,0.72610,0.71410
2004/08/18,Wed,0.71600,0.71570,0.71690,0.71310
2004/08/17,Tue,0.71820,0.71600,0.71960,0.71310
2004/08/16,Mon,0.71670,0.71800,0.71980,0.71590
2004/08/15,Sun,,,,
2004/08/14,Sat,,,,
2004/08/13,Fri,0.71440,0.71640,0.71780,0.70580
2004/08/12,Thu,0.71430,0.71400,0.71840,0.71210
2004/08/11,Wed,0.71270,0.71380,0.71510,0.71050
2004/08/10,Tue,0.71510,0.71240,0.71780,0.71220
2004/08/09,Mon,0.71420,0.71500,0.71800,0.71210
2004/08/08,Sun,,,,
2004/08/07,Sat,,,,
2004/08/06,Fri,0.70310,0.71340,0.71590,0.70120
2004/08/05,Thu,0.70520,0.70310,0.70570,0.70160
2004/08/04,Wed,0.70630,0.70430,0.70700,0.70120
2004/08/03,Tue,0.70290,0.70600,0.70720,0.69900
2004/08/02,Mon,0.70430,0.70260,0.70650,0.70100
2004/08/01,Sun,,,,
2004/07/31,Sat,,,,
2004/07/30,Fri,0.69840,0.70240,0.70620,0.69570
2004/07/29,Thu,0.69790,0.69840,0.70110,0.69320
2004/07/28,Wed,0.69980,0.69870,0.70230,0.69500
2004/07/27,Tue,0.70920,0.69950,0.71420,0.69780
2004/07/26,Mon,0.70870,0.70890,0.71310,0.70680
2004/07/25,Sun,,,,
2004/07/24,Sat,,,,
2004/07/23,Fri,0.71450,0.70900,0.71590,0.70720
2004/07/22,Thu,0.71630,0.71490,0.71800,0.70970
2004/07/21,Wed,0.72720,0.71460,0.72900,0.71090
2004/07/20,Tue,0.73180,0.72760,0.73390,0.72660
2004/07/19,Mon,0.73210,0.73240,0.73480,0.73170
2004/07/18,Sun,,,,
2004/07/17,Sat,,,,
2004/07/16,Fri,0.72250,0.73130,0.73250,0.71980
2004/07/15,Thu,0.72450,0.72230,0.72640,0.72010
2004/07/14,Wed,0.72560,0.72360,0.72680,0.72230
2004/07/13,Tue,0.72690,0.72450,0.72730,0.72070
2004/07/12,Mon,0.72310,0.72710,0.72870,0.72260
2004/07/11,Sun,,,,
2004/07/10,Sat,,,,
2004/07/09,Fri,0.72100,0.72180,0.72430,0.71880
2004/07/08,Thu,0.72280,0.72020,0.72360,0.71680
2004/07/07,Wed,0.71380,0.72300,0.72420,0.71330
2004/07/06,Tue,0.71170,0.71340,0.71880,0.71170
2004/07/05,Mon,0.71280,0.71180,0.71620,0.71160
2004/07/04,Sun,,,,
2004/07/03,Sat,,,,
2004/07/02,Fri,0.70450,0.71370,0.71420,0.70150
2004/07/01,Thu,0.69880,0.70400,0.70630,0.69660
2004/06/30,Wed,0.69110,0.69820,0.69810,0.68790
2004/06/29,Tue,0.70030,0.69050,0.70130,0.68920
2004/06/28,Mon,0.69960,0.69960,0.70250,0.69550
2004/06/27,Sun,,,,
2004/06/26,Sat,,,,
2004/06/25,Fri,0.70010,0.70010,0.70270,0.69660
2004/06/24,Thu,0.68790,0.70030,0.70140,0.68690
2004/06/23,Wed,0.68770,0.68730,0.69200,0.68480
2004/06/22,Tue,0.69050,0.68730,0.69190,0.68460
2004/06/21,Mon,0.68950,0.69010,0.69200,0.68750
2004/06/20,Sun,,,,
2004/06/19,Sat,,,,
2004/06/18,Fri,0.67920,0.68870,0.69110,0.67880
2004/06/17,Thu,0.68890,0.68260,0.69120,0.68160
2004/06/16,Wed,0.69690,0.68900,0.69760,0.68570
2004/06/15,Tue,0.68710,0.69670,0.69830,0.68010
2004/06/14,Mon,0.69290,0.68700,0.69340,0.68300
2004/06/13,Sun,,,,
2004/06/12,Sat,,,,
2004/06/11,Fri,0.69780,0.69330,0.69780,0.69050
2004/06/10,Thu,0.68840,0.69640,0.69930,0.68650
2004/06/09,Wed,0.70000,0.68920,0.70140,0.68930
2004/06/08,Tue,0.70640,0.69980,0.70650,0.69900
2004/06/07,Mon,0.69850,0.70630,0.70760,0.69680
2004/06/06,Sun,,,,
2004/06/05,Sat,,,,
2004/06/04,Fri,0.68760,0.69560,0.69640,0.68740
2004/06/03,Thu,0.69680,0.68810,0.69860,0.68470
2004/06/02,Wed,0.70660,0.69620,0.70950,0.69460
2004/06/01,Tue,0.71560,0.70640,0.71730,0.70590
2004/05/31,Mon,0.71440,0.71490,0.71740,0.71220
2004/05/30,Sun,,,,
2004/05/29,Sat,,,,
2004/05/28,Fri,0.71870,0.71400,0.72010,0.71190
2004/05/27,Thu,0.70750,0.71820,0.71900,0.70570
2004/05/26,Wed,0.70820,0.70720,0.71150,0.70530
2004/05/25,Tue,0.69810,0.70820,0.70900,0.69590
2004/05/24,Mon,0.69920,0.69770,0.70090,0.69470
2004/05/23,Sun,,,,
2004/05/22,Sat,,,,
2004/05/21,Fri,0.69630,0.69930,0.70340,0.69430
2004/05/20,Thu,0.69750,0.69600,0.69770,0.69060
2004/05/19,Wed,0.68750,0.69570,0.70110,0.68670
2004/05/18,Tue,0.68630,0.68720,0.68860,0.67980
2004/05/17,Mon,0.69160,0.68610,0.69630,0.68530
2004/05/16,Sun,,,,
2004/05/15,Sat,,,,
2004/05/14,Fri,0.68760,0.69140,0.69230,0.68300
2004/05/13,Thu,0.69910,0.68790,0.69950,0.68490
2004/05/12,Wed,0.69740,0.69860,0.70240,0.69420
2004/05/11,Tue,0.69440,0.69780,0.69900,0.69210
2004/05/10,Mon,0.70220,0.69560,0.70340,0.69070
2004/05/09,Sun,,,,
2004/05/08,Sat,,,,
2004/05/07,Fri,0.72100,0.70150,0.72390,0.70170
2004/05/06,Thu,0.73160,0.72140,0.73300,0.72190
2004/05/05,Wed,0.73020,0.73160,0.73440,0.72860
2004/05/04,Tue,0.72010,0.72910,0.73060,0.72010
2004/05/03,Mon,0.72260,0.71960,0.72310,0.71850
2004/05/02,Sun,,,,
2004/05/01,Sat,,,,
2004/04/30,Fri,0.72030,0.72050,0.72420,0.71710
2004/04/29,Thu,0.72230,0.72100,0.72390,0.71260
2004/04/28,Wed,0.73580,0.72250,0.73660,0.72150
2004/04/27,Tue,0.73410,0.73580,0.73700,0.72810
2004/04/26,Mon,0.73040,0.73390,0.73560,0.72870
2004/04/25,Sun,,,,
2004/04/24,Sat,,,,
2004/04/23,Fri,0.73470,0.73440,0.73540,0.72710
2004/04/22,Thu,0.72990,0.73500,0.73440,0.72340
2004/04/21,Wed,0.73220,0.72960,0.73740,0.72660
2004/04/20,Tue,0.74560,0.73140,0.74640,0.73410
2004/04/19,Mon,0.74470,0.74590,0.75140,0.74440
2004/04/18,Sun,,,,
2004/04/17,Sat,,,,
2004/04/16,Fri,0.74120,0.74370,0.74650,0.73620
2004/04/15,Thu,0.73360,0.74110,0.74210,0.73250
2004/04/14,Wed,0.75300,0.73370,0.75470,0.73010
2004/04/13,Tue,0.76680,0.75340,0.76890,0.75350
2004/04/12,Mon,0.76290,0.76600,0.76810,0.76270
2004/04/11,Sun,,,,
2004/04/10,Sat,,,,
2004/04/09,Fri,0.76250,0.76340,0.76500,0.76100
2004/04/08,Thu,0.76480,0.76220,0.76740,0.75810
2004/04/07,Wed,0.76210,0.76530,0.76920,0.75760
2004/04/06,Tue,0.75320,0.76260,0.76320,0.75130
2004/04/05,Mon,0.75590,0.75320,0.76000,0.75140
2004/04/04,Sun,,,,
2004/04/03,Sat,,,,
2004/04/02,Fri,0.76670,0.75800,0.76760,0.75630
2004/04/01,Thu,0.76670,0.76730,0.76880,0.75960
2004/03/31,Wed,0.75330,0.76650,0.76580,0.75320
2004/03/30,Tue,0.74710,0.75330,0.75550,0.74650
2004/03/29,Mon,0.74650,0.74750,0.74920,0.74350
2004/03/28,Sun,,,,
2004/03/27,Sat,,,,
2004/03/26,Fri,0.73920,0.74670,0.74760,0.73830
2004/03/25,Thu,0.74470,0.73770,0.74520,0.73730
2004/03/24,Wed,0.75230,0.74410,0.75480,0.74410
2004/03/23,Tue,0.75340,0.75200,0.75460,0.74980
2004/03/22,Mon,0.74860,0.75320,0.75570,0.74330
2004/03/21,Sun,,,,
2004/03/20,Sat,,,,
2004/03/19,Fri,0.75140,0.74850,0.75290,0.74430
2004/03/18,Thu,0.74130,0.75190,0.75370,0.73990
2004/03/17,Wed,0.74230,0.74080,0.74380,0.73640
2004/03/16,Tue,0.73600,0.74120,0.74380,0.73530
2004/03/15,Mon,0.73190,0.73720,0.73700,0.72910
2004/03/14,Sun,,,,
2004/03/13,Sat,,,,
2004/03/12,Fri,0.73770,0.73210,0.73830,0.72530
2004/03/11,Thu,0.74560,0.73920,0.75070,0.73180
2004/03/10,Wed,0.75850,0.74550,0.75950,0.74580
2004/03/09,Tue,0.76030,0.75810,0.76590,0.75780
2004/03/08,Mon,0.76080,0.75810,0.76120,0.75430
2004/03/07,Sun,,,,
2004/03/06,Sat,,,,
2004/03/05,Fri,0.75120,0.76030,0.76280,0.74850
2004/03/04,Thu,0.74970,0.74990,0.75570,0.74750
2004/03/03,Wed,0.76370,0.75030,0.76440,0.73950
2004/03/02,Tue,0.77270,0.76340,0.77440,0.75950
2004/03/01,Mon,0.77310,0.77110,0.77720,0.77120
2004/02/29,Sun,,,,
2004/02/28,Sat,,,,
2004/02/27,Fri,0.77170,0.77370,0.77360,0.76610
2004/02/26,Thu,0.77230,0.77100,0.77410,0.76660
2004/02/25,Wed,0.78010,0.77110,0.78170,0.77070
2004/02/24,Tue,0.77190,0.78100,0.78180,0.76940
2004/02/23,Mon,0.76990,0.77120,0.77560,0.76560
2004/02/22,Sun,,,,
2004/02/21,Sat,,,,
2004/02/20,Fri,0.79080,0.76900,0.79360,0.76880
2004/02/19,Thu,0.79020,0.79100,0.79300,0.78670
2004/02/18,Wed,0.79850,0.78870,0.80130,0.79010
2004/02/17,Tue,0.79270,0.79820,0.79880,0.79110
2004/02/16,Mon,0.78970,0.79230,0.79360,0.78930
2004/02/15,Sun,,,,
2004/02/14,Sat,,,,
2004/02/13,Fri,0.78940,0.78910,0.79470,0.78660
2004/02/12,Thu,0.78850,0.78860,0.78960,0.78570
2004/02/11,Wed,0.77940,0.78900,0.78890,0.77660
2004/02/10,Tue,0.77670,0.77920,0.78370,0.77540
2004/02/09,Mon,0.76630,0.77640,0.77850,0.76520
2004/02/08,Sun,,,,
2004/02/07,Sat,,,,
2004/02/06,Fri,0.76150,0.77020,0.77040,0.76090
2004/02/05,Thu,0.76190,0.76130,0.76730,0.76060
2004/02/04,Wed,0.76550,0.76160,0.76710,0.75920
2004/02/03,Tue,0.75870,0.76460,0.76760,0.75830
2004/02/02,Mon,0.76340,0.75830,0.76540,0.75610
2004/02/01,Sun,,,,
2004/01/31,Sat,,,,
2004/01/30,Fri,0.76070,0.76360,0.76470,0.75440
2004/01/29,Thu,0.77160,0.76120,0.77450,0.75740
2004/01/28,Wed,0.77890,0.77140,0.78050,0.77270
2004/01/27,Tue,0.76870,0.77860,0.78140,0.76800
2004/01/26,Mon,0.77080,0.76920,0.77750,0.76950
2004/01/25,Sun,,,,
2004/01/24,Sat,,,,
2004/01/23,Fri,0.77820,0.77150,0.77970,0.77110
2004/01/22,Thu,0.77330,0.77810,0.77950,0.77220
2004/01/21,Wed,0.76750,0.77270,0.77500,0.76720
2004/01/20,Tue,0.75540,0.76800,0.77020,0.75370
2004/01/19,Mon,0.76320,0.75500,0.76370,0.75310
2004/01/18,Sun,,,,
2004/01/17,Sat,,,,
2004/01/16,Fri,0.77020,0.76390,0.77250,0.76280
2004/01/15,Thu,0.77460,0.77050,0.77670,0.76890
2004/01/14,Wed,0.77950,0.77330,0.78010,0.77400
2004/01/13,Tue,0.77640,0.77820,0.78150,0.77520
2004/01/12,Mon,0.77730,0.77640,0.77960,0.77560
2004/01/11,Sun,,,,
2004/01/10,Sat,,,,
2004/01/09,Fri,0.77490,0.77640,0.77830,0.77170
2004/01/08,Thu,0.76850,0.77500,0.77590,0.76490
2004/01/07,Wed,0.76960,0.76710,0.77070,0.76540
2004/01/06,Tue,0.76760,0.76850,0.77280,0.76640
2004/01/05,Mon,0.75800,0.76770,0.76900,0.75800
2004/01/04,Sun,,,,
2004/01/03,Sat,,,,
2004/01/02,Fri,0.75130,0.75830,0.75890,0.75030
2004/01/01,Thu,0.75210,0.75060,0.75240,0.75070
2003/12/31,Wed,0.74900,0.75160,0.75390,0.74830
2003/12/30,Tue,0.74370,0.74880,0.74920,0.74310
2003/12/29,Mon,0.74120,0.74310,0.74460,0.74070
2003/12/28,Sun,,,,
2003/12/27,Sat,,,,
2003/12/26,Fri,0.74200,0.74060,0.74400,0.74120
2003/12/25,Thu,0.74150,0.74210,0.74270,0.74120
2003/12/24,Wed,0.73650,0.74150,0.74360,0.73650
2003/12/23,Tue,0.73420,0.73620,0.73680,0.73340
2003/12/22,Mon,0.73770,0.73300,0.73780,0.73260
2003/12/21,Sun,,,,
2003/12/20,Sat,,,,
2003/12/19,Fri,0.74090,0.73690,0.74200,0.73570
2003/12/18,Thu,0.73910,0.74150,0.74300,0.73470
2003/12/17,Wed,0.74340,0.73860,0.74410,0.73760
2003/12/16,Tue,0.74340,0.74290,0.74540,0.74250
2003/12/15,Mon,0.73730,0.74290,0.74420,0.73690
2003/12/14,Sun,,,,
2003/12/13,Sat,,,,
2003/12/12,Fri,0.73960,0.74210,0.74370,0.73880
2003/12/11,Thu,0.74030,0.73900,0.74030,0.73330
2003/12/10,Wed,0.74170,0.73860,0.74180,0.73680
2003/12/09,Tue,0.74060,0.74110,0.74320,0.73710
2003/12/08,Mon,0.73670,0.74000,0.74150,0.73540
2003/12/07,Sun,,,,
2003/12/06,Sat,,,,
2003/12/05,Fri,0.73540,0.73620,0.73670,0.73350
2003/12/04,Thu,0.73730,0.73540,0.73840,0.73170
2003/12/03,Wed,0.73140,0.73630,0.73680,0.72980
2003/12/02,Tue,0.72810,0.73100,0.73250,0.72640
2003/12/01,Mon,0.72390,0.72710,0.72830,0.72320
2003/11/30,Sun,,,,
2003/11/29,Sat,,,,
2003/11/28,Fri,0.72250,0.72400,0.72590,0.71900
2003/11/27,Thu,0.72370,0.72240,0.72410,0.72120
2003/11/26,Wed,0.71950,0.72310,0.72520,0.71680
2003/11/25,Tue,0.71860,0.71850,0.72130,0.71640
2003/11/24,Mon,0.72360,0.71770,0.72450,0.71570
2003/11/23,Sun,,,,
2003/11/22,Sat,,,,
2003/11/21,Fri,0.72120,0.72330,0.72450,0.72070
2003/11/20,Thu,0.72130,0.72270,0.72630,0.72080
2003/11/19,Wed,0.72450,0.72100,0.72480,0.72030
2003/11/18,Tue,0.71190,0.72380,0.72330,0.70880
2003/11/17,Mon,0.72060,0.71090,0.72130,0.71010
2003/11/16,Sun,,,,
2003/11/15,Sat,,,,
2003/11/14,Fri,0.72100,0.72000,0.72240,0.71780
2003/11/13,Thu,0.71640,0.72020,0.72250,0.71610
2003/11/12,Wed,0.71540,0.71680,0.71920,0.71260
2003/11/11,Tue,0.71560,0.71490,0.71650,0.71310
2003/11/10,Mon,0.70910,0.71500,0.71770,0.70880
2003/11/09,Sun,,,,
2003/11/08,Sat,,,,
2003/11/07,Fri,0.70670,0.70840,0.71000,0.70400
2003/11/06,Thu,0.70910,0.70610,0.71250,0.70590
2003/11/05,Wed,0.70290,0.70830,0.71200,0.70250
2003/11/04,Tue,0.69770,0.70270,0.70300,0.69620
2003/11/03,Mon,0.70730,0.69860,0.70920,0.69800
2003/11/02,Sun,,,,
2003/11/01,Sat,,,,
2003/10/31,Fri,0.70460,0.70800,0.71000,0.70260
2003/10/30,Thu,0.70340,0.70360,0.71090,0.70270
2003/10/29,Wed,0.70530,0.70360,0.70730,0.70360
2003/10/28,Tue,0.70440,0.70420,0.70610,0.70200
2003/10/27,Mon,0.69950,0.70470,0.70590,0.69860
2003/10/26,Sun,,,,
2003/10/25,Sat,,,,
2003/10/24,Fri,0.69990,0.69890,0.70270,0.69880
2003/10/23,Thu,0.70240,0.70080,0.70430,0.69800
2003/10/22,Wed,0.69980,0.70490,0.70790,0.69810
2003/10/21,Tue,0.69130,0.69980,0.70060,0.69120
2003/10/20,Mon,0.69440,0.69090,0.69520,0.68960
2003/10/19,Sun,,,,
2003/10/18,Sat,,,,
2003/10/17,Fri,0.68860,0.69190,0.69470,0.68710
2003/10/16,Thu,0.68870,0.68800,0.69220,0.68760
2003/10/15,Wed,0.68980,0.68780,0.69250,0.68670
2003/10/14,Tue,0.68930,0.68980,0.69120,0.68270
2003/10/13,Mon,0.69260,0.68940,0.69280,0.68620
2003/10/12,Sun,,,,
2003/10/11,Sat,,,,
2003/10/10,Fri,0.68980,0.69120,0.69410,0.68780
2003/10/09,Thu,0.68970,0.69030,0.69580,0.68610
2003/10/08,Wed,0.69020,0.69030,0.69290,0.68870
2003/10/07,Tue,0.68530,0.69120,0.69180,0.68460
2003/10/06,Mon,0.67880,0.68490,0.68590,0.67620
2003/10/05,Sun,,,,
2003/10/04,Sat,,,,
2003/10/03,Fri,0.68420,0.67900,0.68570,0.67730
2003/10/02,Thu,0.68660,0.68400,0.68740,0.68190
2003/10/01,Wed,0.68030,0.68620,0.68660,0.67950
2003/09/30,Tue,0.67800,0.68020,0.68690,0.67560
2003/09/29,Mon,0.67580,0.67780,0.67770,0.66820
2003/09/28,Sun,,,,
2003/09/27,Sat,,,,
2003/09/26,Fri,0.67780,0.67340,0.68050,0.67350
2003/09/25,Thu,0.67720,0.67790,0.68260,0.67710
2003/09/24,Wed,0.67560,0.67710,0.67940,0.67330
2003/09/23,Tue,0.67780,0.67570,0.68100,0.67560
2003/09/22,Mon,0.67720,0.67770,0.68370,0.67680
2003/09/21,Sun,,,,
2003/09/20,Sat,,,,
2003/09/19,Fri,0.66670,0.67180,0.67340,0.66660
2003/09/18,Thu,0.66440,0.66580,0.66950,0.66320
2003/09/17,Wed,0.66230,0.66500,0.66560,0.65870
2003/09/16,Tue,0.66550,0.66280,0.66680,0.66060
2003/09/15,Mon,0.66290,0.66490,0.66670,0.66120
2003/09/14,Sun,,,,
2003/09/13,Sat,,,,
2003/09/12,Fri,0.65980,0.66330,0.66440,0.65670
2003/09/11,Thu,0.65670,0.66000,0.66180,0.65440
2003/09/10,Wed,0.65850,0.65680,0.66000,0.65630
2003/09/09,Tue,0.64840,0.65950,0.66070,0.64690
2003/09/08,Mon,0.64720,0.64800,0.65170,0.64480
2003/09/07,Sun,,,,
2003/09/06,Sat,,,,
2003/09/05,Fri,0.64180,0.64740,0.64880,0.64060
2003/09/04,Thu,0.63980,0.64220,0.64300,0.63690
2003/09/03,Wed,0.63660,0.64060,0.64130,0.63420
2003/09/02,Tue,0.64550,0.63630,0.64580,0.63760
2003/09/01,Mon,0.64710,0.64560,0.64790,0.64480
2003/08/31,Sun,,,,
2003/08/30,Sat,,,,
2003/08/29,Fri,0.64060,0.64730,0.64960,0.63930
2003/08/28,Thu,0.63980,0.64030,0.64160,0.63550
2003/08/27,Wed,0.64390,0.63880,0.64460,0.63670
2003/08/26,Tue,0.64970,0.64340,0.64980,0.64220
2003/08/25,Mon,0.65140,0.65010,0.65340,0.64960
2003/08/24,Sun,,,,
2003/08/23,Sat,,,,
2003/08/22,Fri,0.65300,0.65200,0.65460,0.64740
2003/08/21,Thu,0.65970,0.65320,0.66050,0.65120
2003/08/20,Wed,0.65620,0.66030,0.66230,0.65410
2003/08/19,Tue,0.65760,0.65550,0.65790,0.65260
2003/08/18,Mon,0.66060,0.65750,0.66200,0.65520
2003/08/17,Sun,,,,
2003/08/16,Sat,,,,
2003/08/15,Fri,0.65770,0.65970,0.66040,0.65620
2003/08/14,Thu,0.65750,0.65650,0.65930,0.65490
2003/08/13,Wed,0.65640,0.65810,0.65830,0.65260
2003/08/12,Tue,0.65780,0.65590,0.66120,0.65620
2003/08/11,Mon,0.65240,0.65780,0.65980,0.65060
2003/08/10,Sun,,,,
2003/08/09,Sat,,,,
2003/08/08,Fri,0.65140,0.65290,0.65390,0.65030
2003/08/07,Thu,0.64840,0.65140,0.65270,0.64430
2003/08/06,Wed,0.64920,0.64770,0.65130,0.64650
2003/08/05,Tue,0.64670,0.64810,0.64840,0.64110
2003/08/04,Mon,0.65210,0.64650,0.65280,0.64500
2003/08/03,Sun,,,,
2003/08/02,Sat,,,,
2003/08/01,Fri,0.64850,0.65130,0.65440,0.64460
2003/07/31,Thu,0.65300,0.64820,0.65390,0.64650
2003/07/30,Wed,0.66340,0.65270,0.66400,0.65180
2003/07/29,Tue,0.66230,0.66250,0.66790,0.66220
2003/07/28,Mon,0.66270,0.66260,0.66590,0.66150
2003/07/27,Sun,,,,
2003/07/26,Sat,,,,
2003/07/25,Fri,0.66570,0.66330,0.66590,0.66140
2003/07/24,Thu,0.66070,0.66570,0.66640,0.65960
2003/07/23,Wed,0.65120,0.66030,0.66070,0.64960
2003/07/22,Tue,0.65080,0.65110,0.65460,0.64940
2003/07/21,Mon,0.64660,0.65130,0.65260,0.64650
2003/07/20,Sun,,,,
2003/07/19,Sat,,,,
2003/07/18,Fri,0.65260,0.64690,0.65280,0.64410
2003/07/17,Thu,0.65600,0.65310,0.65660,0.64740
2003/07/16,Wed,0.64980,0.65570,0.65790,0.64950
2003/07/15,Tue,0.65860,0.64940,0.66040,0.64950
2003/07/14,Mon,0.65680,0.65890,0.66150,0.65650
2003/07/13,Sun,,,,
2003/07/12,Sat,,,,
2003/07/11,Fri,0.65850,0.66000,0.66140,0.65580
2003/07/10,Thu,0.65800,0.65860,0.65890,0.64880
2003/07/09,Wed,0.66070,0.65730,0.66330,0.65210
2003/07/08,Tue,0.67750,0.66040,0.67930,0.65610
2003/07/07,Mon,0.67920,0.67710,0.68470,0.67770
2003/07/06,Sun,,,,
2003/07/05,Sat,,,,
2003/07/04,Fri,0.68100,0.67780,0.68260,0.67840
2003/07/03,Thu,0.68040,0.68070,0.68380,0.67810
2003/07/02,Wed,0.67630,0.68080,0.68190,0.67530
2003/07/01,Tue,0.67360,0.67650,0.67800,0.67120
2003/06/30,Mon,0.66620,0.67340,0.67320,0.66570
2003/06/29,Sun,,,,
2003/06/28,Sat,,,,
2003/06/27,Fri,0.66430,0.66740,0.66760,0.66400
2003/06/26,Thu,0.66800,0.66380,0.67130,0.66360
2003/06/25,Wed,0.66380,0.66750,0.67290,0.66290
2003/06/24,Tue,0.66330,0.66350,0.66670,0.66160
2003/06/23,Mon,0.66750,0.66300,0.66880,0.66200
2003/06/22,Sun,,,,
2003/06/21,Sat,,,,
2003/06/20,Fri,0.67060,0.66780,0.67280,0.66610
2003/06/19,Thu,0.67320,0.67050,0.67320,0.66470
2003/06/18,Wed,0.66980,0.67330,0.67360,0.66890
2003/06/17,Tue,0.66740,0.66930,0.67240,0.66670
2003/06/16,Mon,0.66820,0.66760,0.67010,0.66670
2003/06/15,Sun,,,,
2003/06/14,Sat,,,,
2003/06/13,Fri,0.66500,0.66830,0.66900,0.66300
2003/06/12,Thu,0.66270,0.66530,0.66630,0.66150
2003/06/11,Wed,0.65590,0.66270,0.66470,0.65440
2003/06/10,Tue,0.65690,0.65580,0.65890,0.65520
2003/06/09,Mon,0.65910,0.65700,0.66180,0.65630
2003/06/08,Sun,,,,
2003/06/07,Sat,,,,
2003/06/06,Fri,0.66490,0.65820,0.67130,0.65330
2003/06/05,Thu,0.66370,0.66460,0.66880,0.66100
2003/06/04,Wed,0.66140,0.66400,0.66650,0.65960
2003/06/03,Tue,0.65800,0.66130,0.66150,0.65580
2003/06/02,Mon,0.65020,0.65730,0.65830,0.64810
2003/06/01,Sun,,,,
2003/05/31,Sat,,,,
2003/05/30,Fri,0.65170,0.65380,0.65460,0.64870
2003/05/29,Thu,0.65100,0.65200,0.65220,0.64290
2003/05/28,Wed,0.65520,0.65080,0.65760,0.64640
2003/05/27,Tue,0.66010,0.65470,0.66270,0.65540
2003/05/26,Mon,0.65970,0.65960,0.66010,0.65790
2003/05/25,Sun,,,,
2003/05/24,Sat,,,,
2003/05/23,Fri,0.65790,0.66000,0.66150,0.65530
2003/05/22,Thu,0.65460,0.65800,0.65950,0.65250
2003/05/21,Wed,0.65860,0.65460,0.66060,0.65460
2003/05/20,Tue,0.65390,0.65830,0.65870,0.65250
2003/05/19,Mon,0.65830,0.65380,0.65950,0.65330
2003/05/18,Sun,,,,
2003/05/17,Sat,,,,
2003/05/16,Fri,0.64020,0.65330,0.65270,0.64000
2003/05/15,Thu,0.64640,0.64040,0.64780,0.64010
2003/05/14,Wed,0.64830,0.64680,0.64850,0.64300
2003/05/13,Tue,0.65010,0.64800,0.65010,0.64370
2003/05/12,Mon,0.64660,0.64940,0.65080,0.64560
2003/05/11,Sun,,,,
2003/05/10,Sat,,,,
2003/05/09,Fri,0.64170,0.64450,0.64720,0.64160
2003/05/08,Thu,0.63820,0.64150,0.64460,0.63430
2003/05/07,Wed,0.64230,0.63730,0.64460,0.63470
2003/05/06,Tue,0.63430,0.64240,0.64100,0.63380
2003/05/05,Mon,0.63020,0.63460,0.63530,0.62980
2003/05/04,Sun,,,,
2003/05/03,Sat,,,,
2003/05/02,Fri,0.63140,0.63140,0.63450,0.62890
2003/05/01,Thu,0.62630,0.63060,0.63390,0.62550
2003/04/30,Wed,0.62220,0.62640,0.62670,0.62210
2003/04/29,Tue,0.61800,0.62190,0.62180,0.61690
2003/04/28,Mon,0.61610,0.61820,0.62190,0.61490
2003/04/27,Sun,,,,
2003/04/26,Sat,,,,
2003/04/25,Fri,0.61860,0.61610,0.61960,0.61400
2003/04/24,Thu,0.61640,0.61810,0.62160,0.61560
2003/04/23,Wed,0.62090,0.61670,0.62170,0.61700
2003/04/22,Tue,0.61340,0.62100,0.62310,0.61310
2003/04/21,Mon,0.61490,0.61420,0.61600,0.61290
2003/04/20,Sun,,,,
2003/04/19,Sat,,,,
2003/04/18,Fri,0.61380,0.61420,0.61570,0.61360
2003/04/17,Thu,0.61280,0.61270,0.61700,0.61180
2003/04/16,Wed,0.60680,0.61250,0.61330,0.60680
2003/04/15,Tue,0.60430,0.60610,0.60760,0.60320
2003/04/14,Mon,0.60490,0.60450,0.60540,0.60170
2003/04/13,Sun,,,,
2003/04/12,Sat,,,,
2003/04/11,Fri,0.60660,0.60490,0.60800,0.60210
2003/04/10,Thu,0.60560,0.60620,0.60740,0.60400
2003/04/09,Wed,0.60140,0.60530,0.60600,0.60090
2003/04/08,Tue,0.59870,0.60090,0.60110,0.59730
2003/04/07,Mon,0.59940,0.59860,0.60090,0.59240
2003/04/06,Sun,,,,
2003/04/05,Sat,,,,
2003/04/04,Fri,0.60190,0.60070,0.60260,0.59930
2003/04/03,Thu,0.60220,0.60160,0.60310,0.59600
2003/04/02,Wed,0.60450,0.60210,0.60640,0.59920
2003/04/01,Tue,0.60480,0.60450,0.60630,0.60220
2003/03/31,Mon,0.60020,0.60430,0.60520,0.60000
2003/03/30,Sun,,,,
2003/03/29,Sat,,,,
2003/03/28,Fri,0.60130,0.60060,0.60210,0.59860
2003/03/27,Thu,0.59900,0.60130,0.60190,0.59820
2003/03/26,Wed,0.59630,0.59840,0.59940,0.59620
2003/03/25,Tue,0.59530,0.59610,0.59800,0.59380
2003/03/24,Mon,0.59330,0.59460,0.59560,0.59220
2003/03/23,Sun,,,,
2003/03/22,Sat,,,,
2003/03/21,Fri,0.59300,0.59050,0.59400,0.58920
2003/03/20,Thu,0.59000,0.59330,0.59600,0.58920
2003/03/19,Wed,0.59460,0.58970,0.59480,0.58930
2003/03/18,Tue,0.59320,0.59400,0.59500,0.58810
2003/03/17,Mon,0.59790,0.59270,0.60270,0.59120
2003/03/16,Sun,,,,
2003/03/15,Sat,,,,
2003/03/14,Fri,0.59500,0.59850,0.59890,0.59410
2003/03/13,Thu,0.59490,0.59470,0.59550,0.58930
2003/03/12,Wed,0.60500,0.59590,0.60630,0.59160
2003/03/11,Tue,0.61480,0.60460,0.61560,0.60220
2003/03/10,Mon,0.61240,0.61450,0.61680,0.61230
2003/03/09,Sun,,,,
2003/03/08,Sat,,,,
2003/03/07,Fri,0.61430,0.61300,0.61780,0.61310
2003/03/06,Thu,0.61610,0.61440,0.61700,0.61230
2003/03/05,Wed,0.61240,0.61660,0.61830,0.61230
2003/03/04,Tue,0.61420,0.61240,0.61620,0.61210
2003/03/03,Mon,0.60770,0.61420,0.61460,0.60620
2003/03/02,Sun,,,,
2003/03/01,Sat,,,,
2003/02/28,Fri,0.60500,0.60850,0.60850,0.60300
2003/02/27,Thu,0.60760,0.60450,0.60910,0.60480
2003/02/26,Wed,0.60550,0.60710,0.60800,0.60380
2003/02/25,Tue,0.60460,0.60520,0.60850,0.60410
2003/02/24,Mon,0.59750,0.60460,0.60670,0.59600
2003/02/23,Sun,,,,
2003/02/22,Sat,,,,
2003/02/21,Fri,0.59830,0.59690,0.59970,0.59620
2003/02/20,Thu,0.59420,0.59800,0.59900,0.59360
2003/02/19,Wed,0.58960,0.59400,0.59500,0.58920
2003/02/18,Tue,0.59010,0.58960,0.59230,0.58890
2003/02/17,Mon,0.59110,0.59030,0.59290,0.58810
2003/02/16,Sun,,,,
2003/02/15,Sat,,,,
2003/02/14,Fri,0.59550,0.59200,0.59710,0.59060
2003/02/13,Thu,0.58770,0.59510,0.59690,0.58710
2003/02/12,Wed,0.59160,0.58870,0.59390,0.58900
2003/02/11,Tue,0.59070,0.59100,0.59140,0.58680
2003/02/10,Mon,0.59050,0.59080,0.59390,0.58950
2003/02/09,Sun,,,,
2003/02/08,Sat,,,,
2003/02/07,Fri,0.59150,0.59000,0.59330,0.58840
2003/02/06,Thu,0.59040,0.59150,0.59200,0.58750
2003/02/05,Wed,0.59130,0.58930,0.59380,0.58900
2003/02/04,Tue,0.58460,0.59100,0.59210,0.58390
2003/02/03,Mon,0.58660,0.58420,0.58730,0.58220
2003/02/02,Sun,,,,
2003/02/01,Sat,,,,
2003/01/31,Fri,0.58910,0.58720,0.59080,0.58590
2003/01/30,Thu,0.59030,0.58900,0.59090,0.58540
2003/01/29,Wed,0.58920,0.58940,0.59180,0.58780
2003/01/28,Tue,0.58980,0.58870,0.59000,0.58620
2003/01/27,Mon,0.59180,0.59020,0.59420,0.58780
2003/01/26,Sun,,,,
2003/01/25,Sat,,,,
2003/01/24,Fri,0.59110,0.59180,0.59400,0.59050
2003/01/23,Thu,0.58630,0.59040,0.59250,0.58490
2003/01/22,Wed,0.58890,0.58610,0.59020,0.58460
2003/01/21,Tue,0.59140,0.58850,0.59240,0.58540
2003/01/20,Mon,0.59160,0.59120,0.59220,0.58900
2003/01/19,Sun,,,,
2003/01/18,Sat,,,,
2003/01/17,Fri,0.58810,0.59170,0.59150,0.58760
2003/01/16,Thu,0.58410,0.58730,0.58800,0.58410
2003/01/15,Wed,0.58380,0.58400,0.58910,0.58230
2003/01/14,Tue,0.58530,0.58340,0.58730,0.58250
2003/01/13,Mon,0.58290,0.58490,0.58510,0.58090
2003/01/12,Sun,,,,
2003/01/11,Sat,,,,
2003/01/10,Fri,0.57620,0.58390,0.58380,0.57540
2003/01/09,Thu,0.57680,0.57650,0.57910,0.57600
2003/01/08,Wed,0.57400,0.57630,0.57640,0.57110
2003/01/07,Tue,0.57590,0.57350,0.57670,0.57340
2003/01/06,Mon,0.56690,0.57570,0.57730,0.56690
2003/01/05,Sun,,,,
2003/01/04,Sat,,,,
2003/01/03,Fri,0.56400,0.56720,0.56680,0.56230
2003/01/02,Thu,0.56240,0.56400,0.56570,0.56140
2003/01/01,Wed,0.56180,0.56160,0.56180,0.56180
2002/12/31,Tue,0.56520,0.56090,0.56680,0.56070
2002/12/30,Mon,0.56100,0.56470,0.56470,0.56090
2002/12/29,Sun,,,,
2002/12/28,Sat,,,,
2002/12/27,Fri,0.56360,0.56120,0.56500,0.56030
2002/12/26,Thu,0.56330,0.56320,0.56450,0.56220
2002/12/25,Wed,0.56360,0.56280,0.56410,0.56200
2002/12/24,Tue,0.56160,0.56330,0.56430,0.56080
2002/12/23,Mon,0.56330,0.56190,0.56490,0.56100
2002/12/22,Sun,,,,
2002/12/21,Sat,,,,
2002/12/20,Fri,0.56580,0.56290,0.56660,0.55990
2002/12/19,Thu,0.56510,0.56530,0.56670,0.56420
2002/12/18,Wed,0.56620,0.56490,0.56690,0.56380
2002/12/17,Tue,0.56630,0.56560,0.56910,0.56440
2002/12/16,Mon,0.56540,0.56660,0.56760,0.56470
2002/12/15,Sun,,,,
2002/12/14,Sat,,,,
2002/12/13,Fri,0.56540,0.56560,0.56850,0.56410
2002/12/12,Thu,0.56060,0.56540,0.56690,0.56030
2002/12/11,Wed,0.55930,0.56030,0.56150,0.55910
2002/12/10,Tue,0.56360,0.55890,0.56400,0.55850
2002/12/09,Mon,0.56190,0.56350,0.56420,0.56190
2002/12/08,Sun,,,,
2002/12/07,Sat,,,,
2002/12/06,Fri,0.56140,0.56080,0.56250,0.55980
2002/12/05,Thu,0.56070,0.56120,0.56210,0.55980
2002/12/04,Wed,0.55970,0.56050,0.56230,0.55880
2002/12/03,Tue,0.56010,0.55880,0.56050,0.55830
2002/12/02,Mon,0.56060,0.55940,0.56250,0.55560
2002/12/01,Sun,,,,
2002/11/30,Sat,,,,
2002/11/29,Fri,0.56090,0.56040,0.56270,0.55810
2002/11/28,Thu,0.55670,0.56040,0.56170,0.55560
2002/11/27,Wed,0.56000,0.55620,0.56120,0.55450
2002/11/26,Tue,0.55970,0.55960,0.56170,0.55860
2002/11/25,Mon,0.56380,0.55940,0.56500,0.55840
2002/11/24,Sun,,,,
2002/11/23,Sat,,,,
2002/11/22,Fri,0.56280,0.56350,0.56470,0.56140
2002/11/21,Thu,0.56080,0.56260,0.56340,0.55950
2002/11/20,Wed,0.55890,0.56030,0.56050,0.55720
2002/11/19,Tue,0.56230,0.55870,0.56420,0.55660
2002/11/18,Mon,0.56330,0.56210,0.56520,0.56160
2002/11/17,Sun,,,,
2002/11/16,Sat,,,,
2002/11/15,Fri,0.56340,0.56340,0.56450,0.56150
2002/11/14,Thu,0.56030,0.56320,0.56380,0.55950
2002/11/13,Wed,0.56070,0.56000,0.56230,0.55850
2002/11/12,Tue,0.56160,0.56020,0.56220,0.55790
2002/11/11,Mon,0.56440,0.56120,0.56590,0.55960
2002/11/10,Sun,,,,
2002/11/09,Sat,,,,
2002/11/08,Fri,0.56670,0.56450,0.56790,0.56450
2002/11/07,Thu,0.56430,0.56630,0.56700,0.56340
2002/11/06,Wed,0.56130,0.56350,0.56340,0.55970
2002/11/05,Tue,0.56120,0.56110,0.56370,0.56030
2002/11/04,Mon,0.55970,0.56110,0.56230,0.55960
2002/11/03,Sun,,,,
2002/11/02,Sat,,,,
2002/11/01,Fri,0.55470,0.55880,0.55970,0.55430
2002/10/31,Thu,0.55220,0.55470,0.55530,0.55210
2002/10/30,Wed,0.55690,0.55270,0.55740,0.55140
2002/10/29,Tue,0.55890,0.55670,0.55960,0.55570
2002/10/28,Mon,0.55580,0.55860,0.55930,0.55480
2002/10/27,Sun,,,,
2002/10/26,Sat,,,,
2002/10/25,Fri,0.55480,0.55530,0.55600,0.55400
2002/10/24,Thu,0.55330,0.55400,0.55630,0.55300
2002/10/23,Wed,0.55280,0.55270,0.55370,0.55160
2002/10/22,Tue,0.55470,0.55320,0.55680,0.55220
2002/10/21,Mon,0.55000,0.55400,0.55500,0.54940
2002/10/20,Sun,,,,
2002/10/19,Sat,,,,
2002/10/18,Fri,0.55120,0.54980,0.55180,0.54950
2002/10/17,Thu,0.54880,0.55060,0.55320,0.54760
2002/10/16,Wed,0.54720,0.54850,0.54930,0.54640
2002/10/15,Tue,0.54660,0.54700,0.54940,0.54490
2002/10/14,Mon,0.54760,0.54640,0.54800,0.54530
2002/10/13,Sun,,,,
2002/10/12,Sat,,,,
2002/10/11,Fri,0.54820,0.54840,0.54960,0.54640
2002/10/10,Thu,0.54880,0.54790,0.54940,0.54640
2002/10/09,Wed,0.54640,0.54840,0.54940,0.54560
2002/10/08,Tue,0.54970,0.54620,0.55090,0.54600
2002/10/07,Mon,0.54640,0.54990,0.55070,0.54630
2002/10/06,Sun,,,,
2002/10/05,Sat,,,,
2002/10/04,Fri,0.54650,0.54650,0.54790,0.54530
2002/10/03,Thu,0.54370,0.54640,0.54800,0.54330
2002/10/02,Wed,0.54550,0.54350,0.54570,0.54170
2002/10/01,Tue,0.54240,0.54440,0.54410,0.54020
2002/09/30,Mon,0.54340,0.54230,0.54510,0.54230
2002/09/29,Sun,,,,
2002/09/28,Sat,,,,
2002/09/27,Fri,0.54520,0.54320,0.54640,0.54320
2002/09/26,Thu,0.54630,0.54440,0.54710,0.54130
2002/09/25,Wed,0.54420,0.54580,0.54800,0.54170
2002/09/24,Tue,0.54380,0.54370,0.54550,0.54140
2002/09/23,Mon,0.54590,0.54340,0.54830,0.54290
2002/09/22,Sun,,,,
2002/09/21,Sat,,,,
2002/09/20,Fri,0.54930,0.54570,0.55040,0.54560
2002/09/19,Thu,0.54880,0.54950,0.55250,0.54730
2002/09/18,Wed,0.54780,0.54870,0.54900,0.54360
2002/09/17,Tue,0.54790,0.54790,0.55190,0.54510
2002/09/16,Mon,0.55010,0.54760,0.55090,0.54690
2002/09/15,Sun,,,,
2002/09/14,Sat,,,,
2002/09/13,Fri,0.55180,0.54990,0.55200,0.54850
2002/09/12,Thu,0.54800,0.55160,0.55380,0.54780
2002/09/11,Wed,0.54830,0.54790,0.54920,0.54610
2002/09/10,Tue,0.54760,0.54810,0.54980,0.54650
2002/09/09,Mon,0.54760,0.54760,0.54860,0.54530
2002/09/08,Sun,,,,
2002/09/07,Sat,,,,
2002/09/06,Fri,0.54270,0.54750,0.54780,0.54190
2002/09/05,Thu,0.54550,0.54250,0.54680,0.53960
2002/09/04,Wed,0.54840,0.54560,0.54850,0.54280
2002/09/03,Tue,0.55160,0.54730,0.55190,0.54630
2002/09/02,Mon,0.55000,0.55130,0.55270,0.54800
2002/09/01,Sun,,,,
2002/08/31,Sat,,,,
2002/08/30,Fri,0.55210,0.55060,0.55440,0.54930
2002/08/29,Thu,0.55100,0.55200,0.55280,0.55000
2002/08/28,Wed,0.55380,0.55100,0.55490,0.55050
2002/08/27,Tue,0.54480,0.55310,0.55490,0.54460
2002/08/26,Mon,0.54400,0.54430,0.54490,0.54230
2002/08/25,Sun,,,,
2002/08/24,Sat,,,,
2002/08/23,Fri,0.54110,0.54290,0.54500,0.53910
2002/08/22,Thu,0.54420,0.54140,0.54440,0.53880
2002/08/21,Wed,0.54550,0.54430,0.54930,0.54220
2002/08/20,Tue,0.54260,0.54590,0.54700,0.54230
2002/08/19,Mon,0.54580,0.54140,0.54710,0.54110
2002/08/18,Sun,,,,
2002/08/17,Sat,,,,
2002/08/16,Fri,0.54280,0.54570,0.54650,0.54260
2002/08/15,Thu,0.53700,0.54250,0.54590,0.53700
2002/08/14,Wed,0.53780,0.53710,0.54210,0.53370
2002/08/13,Tue,0.53960,0.53760,0.54100,0.53660
2002/08/12,Mon,0.53570,0.53940,0.54130,0.53420
2002/08/11,Sun,,,,
2002/08/10,Sat,,,,
2002/08/09,Fri,0.53450,0.53560,0.53670,0.53240
2002/08/08,Thu,0.53670,0.53460,0.53730,0.53120
2002/08/07,Wed,0.53140,0.53620,0.53810,0.52900
2002/08/06,Tue,0.52760,0.53050,0.53040,0.52300
2002/08/05,Mon,0.53900,0.52750,0.53980,0.52720
2002/08/04,Sun,,,,
2002/08/03,Sat,,,,
2002/08/02,Fri,0.53910,0.53870,0.54230,0.53710
2002/08/01,Thu,0.54260,0.53980,0.54270,0.53670
2002/07/31,Wed,0.54330,0.54310,0.54840,0.54180
2002/07/30,Tue,0.53980,0.54350,0.54580,0.53960
2002/07/29,Mon,0.53570,0.54090,0.54170,0.53530
2002/07/28,Sun,,,,
2002/07/27,Sat,,,,
2002/07/26,Fri,0.54080,0.53590,0.54240,0.53450
2002/07/25,Thu,0.54510,0.54090,0.54550,0.53950
2002/07/24,Wed,0.53960,0.54480,0.54380,0.53560
2002/07/23,Tue,0.54790,0.53950,0.54790,0.53840
2002/07/22,Mon,0.55700,0.54770,0.55710,0.54720
2002/07/21,Sun,,,,
2002/07/20,Sat,,,,
2002/07/19,Fri,0.55360,0.55650,0.55830,0.55330
2002/07/18,Thu,0.55180,0.55370,0.55380,0.54990
2002/07/17,Wed,0.55690,0.55120,0.55830,0.54930
2002/07/16,Tue,0.56060,0.55700,0.56500,0.55550
2002/07/15,Mon,0.55990,0.55990,0.56290,0.55890
2002/07/14,Sun,,,,
2002/07/13,Sat,,,,
2002/07/12,Fri,0.55780,0.55950,0.56160,0.55660
2002/07/11,Thu,0.56470,0.55660,0.56680,0.55500
2002/07/10,Wed,0.56750,0.56470,0.57140,0.56470
2002/07/09,Tue,0.56400,0.56710,0.56970,0.56330
2002/07/08,Mon,0.55750,0.56460,0.56490,0.55660
2002/07/07,Sun,,,,
2002/07/06,Sat,,,,
2002/07/05,Fri,0.55600,0.55750,0.55900,0.55350
2002/07/04,Thu,0.56010,0.55590,0.56030,0.55400
2002/07/03,Wed,0.56470,0.55960,0.56470,0.55760
2002/07/02,Tue,0.56200,0.56370,0.56430,0.55910
2002/07/01,Mon,0.56320,0.56240,0.56360,0.56000
2002/06/30,Sun,,,,
2002/06/29,Sat,,,,
2002/06/28,Fri,0.56420,0.56330,0.56690,0.56110
2002/06/27,Thu,0.56050,0.56370,0.56740,0.56050
2002/06/26,Wed,0.57170,0.55940,0.57840,0.55930
2002/06/25,Tue,0.57160,0.57230,0.57360,0.56800
2002/06/24,Mon,0.57430,0.56990,0.57970,0.56850
2002/06/23,Sun,,,,
2002/06/22,Sat,,,,
2002/06/21,Fri,0.57170,0.57410,0.57490,0.57080
2002/06/20,Thu,0.56540,0.57190,0.57220,0.56470
2002/06/19,Wed,0.56590,0.56510,0.56770,0.56410
2002/06/18,Tue,0.55840,0.56600,0.56560,0.55660
2002/06/17,Mon,0.56090,0.55800,0.56150,0.55570
2002/06/16,Sun,,,,
2002/06/15,Sat,,,,
2002/06/14,Fri,0.56610,0.56010,0.56870,0.55770
2002/06/13,Thu,0.56990,0.56660,0.57110,0.56610
2002/06/12,Wed,0.57040,0.57010,0.57230,0.56810
2002/06/11,Tue,0.56880,0.56990,0.57070,0.56630
2002/06/10,Mon,0.57130,0.56980,0.57160,0.56770
2002/06/09,Sun,,,,
2002/06/08,Sat,,,,
2002/06/07,Fri,0.57600,0.57120,0.57610,0.57040
2002/06/06,Thu,0.57340,0.57560,0.57780,0.57020
2002/06/05,Wed,0.57300,0.57320,0.57480,0.56970
2002/06/04,Tue,0.57140,0.57240,0.57730,0.57080
2002/06/03,Mon,0.56800,0.57110,0.57210,0.56570
2002/06/02,Sun,,,,
2002/06/01,Sat,,,,
2002/05/31,Fri,0.56320,0.56710,0.56980,0.56240
2002/05/30,Thu,0.56340,0.56320,0.56620,0.56270
2002/05/29,Wed,0.56150,0.56260,0.56590,0.56090
2002/05/28,Tue,0.55740,0.56110,0.56290,0.55660
2002/05/27,Mon,0.55580,0.55720,0.55790,0.55570
2002/05/26,Sun,,,,
2002/05/25,Sat,,,,
2002/05/24,Fri,0.55600,0.55650,0.55680,0.55200
2002/05/23,Thu,0.55890,0.55580,0.55930,0.55430
2002/05/22,Wed,0.55630,0.55860,0.56030,0.55490
2002/05/21,Tue,0.55560,0.55640,0.55710,0.55350
2002/05/20,Mon,0.55240,0.55550,0.55470,0.55070
2002/05/19,Sun,,,,
2002/05/18,Sat,,,,
2002/05/17,Fri,0.54860,0.55250,0.55320,0.54710
2002/05/16,Thu,0.54910,0.54840,0.55060,0.54730
2002/05/15,Wed,0.54860,0.54880,0.54970,0.54440
2002/05/14,Tue,0.54710,0.54770,0.54820,0.54470
2002/05/13,Mon,0.54410,0.54710,0.54810,0.54380
2002/05/12,Sun,,,,
2002/05/11,Sat,,,,
2002/05/10,Fri,0.54380,0.54420,0.54530,0.54210
2002/05/09,Thu,0.53940,0.54370,0.54390,0.53870
2002/05/08,Wed,0.53960,0.53930,0.54390,0.53880
2002/05/07,Tue,0.54040,0.53900,0.54320,0.53830
2002/05/06,Mon,0.54070,0.53990,0.54100,0.53720
2002/05/05,Sun,,,,
2002/05/04,Sat,,,,
2002/05/03,Fri,0.53610,0.53950,0.53970,0.53420
2002/05/02,Thu,0.54000,0.53570,0.54090,0.53530
2002/05/01,Wed,0.53850,0.53960,0.54010,0.53560
2002/04/30,Tue,0.53860,0.53800,0.54150,0.53640
2002/04/29,Mon,0.54340,0.53860,0.54510,0.53760
2002/04/28,Sun,,,,
2002/04/27,Sat,,,,
2002/04/26,Fri,0.54330,0.54370,0.54510,0.54270
2002/04/25,Thu,0.54350,0.54330,0.54580,0.54250
2002/04/24,Wed,0.53850,0.54340,0.54350,0.53730
2002/04/23,Tue,0.54160,0.53830,0.54260,0.53770
2002/04/22,Mon,0.54010,0.54070,0.54180,0.53890
2002/04/21,Sun,,,,
2002/04/20,Sat,,,,
2002/04/19,Fri,0.53960,0.54020,0.54170,0.53850
2002/04/18,Thu,0.53780,0.53840,0.53970,0.53730
2002/04/17,Wed,0.53340,0.53800,0.53840,0.53300
2002/04/16,Tue,0.53130,0.53320,0.53330,0.53020
2002/04/15,Mon,0.53370,0.53130,0.53410,0.53050
2002/04/14,Sun,,,,
2002/04/13,Sat,,,,
2002/04/12,Fri,0.53500,0.53410,0.53710,0.53350
2002/04/11,Thu,0.53160,0.53440,0.53550,0.53080
2002/04/10,Wed,0.52860,0.53100,0.53190,0.52860
2002/04/09,Tue,0.52820,0.52810,0.53000,0.52710
2002/04/08,Mon,0.52920,0.52820,0.53040,0.52570
2002/04/07,Sun,,,,
2002/04/06,Sat,,,,
2002/04/05,Fri,0.53100,0.53010,0.53260,0.52930
2002/04/04,Thu,0.53260,0.53060,0.53280,0.52980
2002/04/03,Wed,0.53490,0.53160,0.53570,0.52830
2002/04/02,Tue,0.53410,0.53470,0.53580,0.53130
2002/04/01,Mon,0.53320,0.53370,0.53610,0.53310
2002/03/31,Sun,,,,
2002/03/30,Sat,,,,
2002/03/29,Fri,0.53390,0.53330,0.53410,0.53190
2002/03/28,Thu,0.52780,0.53370,0.53510,0.52760
2002/03/27,Wed,0.52800,0.52750,0.52880,0.52690
2002/03/26,Tue,0.53020,0.52700,0.53040,0.52650
2002/03/25,Mon,0.53040,0.53000,0.53310,0.52940
2002/03/24,Sun,,,,
2002/03/23,Sat,,,,
2002/03/22,Fri,0.53080,0.53050,0.53410,0.52940
2002/03/21,Thu,0.53030,0.53000,0.53360,0.52920
2002/03/20,Wed,0.52310,0.52990,0.53170,0.52160
2002/03/19,Tue,0.52490,0.52280,0.52550,0.52280
2002/03/18,Mon,0.52590,0.52510,0.52670,0.52260
2002/03/17,Sun,,,,
2002/03/16,Sat,,,,
2002/03/15,Fri,0.52370,0.52530,0.52650,0.52260
2002/03/14,Thu,0.52010,0.52370,0.52400,0.51940
2002/03/13,Wed,0.52090,0.51970,0.52200,0.51830
2002/03/12,Tue,0.52180,0.52030,0.52240,0.51910
2002/03/11,Mon,0.52170,0.52160,0.52240,0.51950
2002/03/10,Sun,,,,
2002/03/09,Sat,,,,
2002/03/08,Fri,0.52530,0.52280,0.52640,0.52100
2002/03/07,Thu,0.52260,0.52490,0.52670,0.52170
2002/03/06,Wed,0.52050,0.52250,0.52250,0.51870
2002/03/05,Tue,0.52060,0.52030,0.52140,0.51860
2002/03/04,Mon,0.52040,0.52000,0.52170,0.51890
2002/03/03,Sun,,,,
2002/03/02,Sat,,,,
2002/03/01,Fri,0.51770,0.51950,0.51920,0.51660
2002/02/28,Thu,0.51530,0.51670,0.51760,0.51530
2002/02/27,Wed,0.51350,0.51520,0.51630,0.51180
2002/02/26,Tue,0.51380,0.51350,0.51530,0.51300
2002/02/25,Mon,0.51290,0.51350,0.51460,0.51150
2002/02/24,Sun,,,,
2002/02/23,Sat,,,,
2002/02/22,Fri,0.51610,0.51220,0.51750,0.51210
2002/02/21,Thu,0.51770,0.51550,0.51770,0.51450
2002/02/20,Wed,0.51900,0.51780,0.51950,0.51590
2002/02/19,Tue,0.51850,0.51890,0.51910,0.51510
2002/02/18,Mon,0.51740,0.51810,0.51890,0.51660
2002/02/17,Sun,,,,
2002/02/16,Sat,,,,
2002/02/15,Fri,0.51600,0.51750,0.51880,0.51400
2002/02/14,Thu,0.51000,0.51710,0.51740,0.50930
2002/02/13,Wed,0.50950,0.50970,0.51000,0.50690
2002/02/12,Tue,0.51240,0.50890,0.51280,0.50750
2002/02/11,Mon,0.51070,0.51240,0.51410,0.51020
2002/02/10,Sun,,,,
2002/02/09,Sat,,,,
2002/02/08,Fri,0.50880,0.51030,0.51240,0.50880
2002/02/07,Thu,0.50880,0.50900,0.50970,0.50530
2002/02/06,Wed,0.50910,0.50840,0.51020,0.50680
2002/02/05,Tue,0.51090,0.50930,0.51240,0.50830
2002/02/04,Mon,0.50920,0.51020,0.51150,0.50860
2002/02/03,Sun,,,,
2002/02/02,Sat,,,,
2002/02/01,Fri,0.50810,0.50900,0.51060,0.50670
2002/01/31,Thu,0.50650,0.50760,0.50950,0.50590
2002/01/30,Wed,0.50980,0.50650,0.51070,0.50520
2002/01/29,Tue,0.51610,0.50930,0.51650,0.51020
2002/01/28,Mon,0.51670,0.51560,0.51720,0.51510
2002/01/27,Sun,,,,
2002/01/26,Sat,,,,
2002/01/25,Fri,0.51980,0.51610,0.52040,0.51450
2002/01/24,Thu,0.51810,0.51940,0.52020,0.51610
2002/01/23,Wed,0.51960,0.51800,0.52190,0.51820
2002/01/22,Tue,0.51760,0.51910,0.52060,0.51690
2002/01/21,Mon,0.51480,0.51730,0.51890,0.51430
2002/01/20,Sun,,,,
2002/01/19,Sat,,,,
2002/01/18,Fri,0.51470,0.51400,0.51570,0.51380
2002/01/17,Thu,0.51450,0.51430,0.51570,0.51130
2002/01/16,Wed,0.51740,0.51520,0.51800,0.51340
2002/01/15,Tue,0.51910,0.51760,0.52000,0.51730
2002/01/14,Mon,0.51770,0.51830,0.51950,0.51670
2002/01/13,Sun,,,,
2002/01/12,Sat,,,,
2002/01/11,Fri,0.52280,0.52000,0.52360,0.52040
2002/01/10,Thu,0.52390,0.52240,0.52730,0.52200
2002/01/09,Wed,0.52410,0.52450,0.52690,0.52210
2002/01/08,Tue,0.51810,0.52370,0.52450,0.51750
2002/01/07,Mon,0.52060,0.51750,0.52100,0.51740
2002/01/06,Sun,,,,
2002/01/05,Sat,,,,
2002/01/04,Fri,0.51480,0.52010,0.52060,0.51390
2002/01/03,Thu,0.51490,0.51430,0.51730,0.51360
2002/01/02,Wed,0.51010,0.51490,0.51560,0.50860
2002/01/01,Tue,0.51050,0.50990,0.51070,0.50950
2001/12/31,Mon,0.51110,0.51060,0.51220,0.50910
2001/12/30,Sun,,,,
2001/12/29,Sat,,,,
2001/12/28,Fri,0.50750,0.51150,0.51230,0.50580
2001/12/27,Thu,0.50670,0.50740,0.50860,0.50430
2001/12/26,Wed,0.50840,0.50710,0.50920,0.50660
2001/12/25,Tue,0.50870,0.50780,0.50870,0.50750
2001/12/24,Mon,0.50840,0.50880,0.50970,0.50630
2001/12/23,Sun,,,,
2001/12/22,Sat,,,,
2001/12/21,Fri,0.50480,0.50750,0.50850,0.50430
2001/12/20,Thu,0.51110,0.50500,0.51210,0.50400
2001/12/19,Wed,0.51510,0.51090,0.51570,0.51120
2001/12/18,Tue,0.51710,0.51510,0.51900,0.51370
2001/12/17,Mon,0.51970,0.51720,0.51970,0.51700
2001/12/16,Sun,,,,
2001/12/15,Sat,,,,
2001/12/14,Fri,0.51910,0.51920,0.52020,0.51710
2001/12/13,Thu,0.51990,0.51860,0.52100,0.51710
2001/12/12,Wed,0.51560,0.51960,0.52090,0.51540
2001/12/11,Tue,0.51470,0.51540,0.51660,0.51360
2001/12/10,Mon,0.51540,0.51420,0.51720,0.51390
2001/12/09,Sun,,,,
2001/12/08,Sat,,,,
2001/12/07,Fri,0.51900,0.51380,0.51950,0.51450
2001/12/06,Thu,0.51820,0.51880,0.51970,0.51620
2001/12/05,Wed,0.51440,0.51780,0.51770,0.51290
2001/12/04,Tue,0.51710,0.51440,0.51800,0.51310
2001/12/03,Mon,0.52200,0.51680,0.52230,0.51680
2001/12/02,Sun,,,,
2001/12/01,Sat,,,,
2001/11/30,Fri,0.51780,0.52160,0.52190,0.51760
2001/11/29,Thu,0.52140,0.51760,0.52170,0.51710
2001/11/28,Wed,0.52260,0.52130,0.52420,0.51930
2001/11/27,Tue,0.51870,0.52220,0.52400,0.51730
2001/11/26,Mon,0.51810,0.51860,0.52010,0.51650
2001/11/25,Sun,,,,
2001/11/24,Sat,,,,
2001/11/23,Fri,0.51690,0.51730,0.51870,0.51590
2001/11/22,Thu,0.51520,0.51640,0.51760,0.51480
2001/11/21,Wed,0.52000,0.51630,0.52080,0.51550
2001/11/20,Tue,0.52220,0.51940,0.52280,0.51790
2001/11/19,Mon,0.52250,0.52200,0.52350,0.51970
2001/11/18,Sun,,,,
2001/11/17,Sat,,,,
2001/11/16,Fri,0.51830,0.52220,0.52520,0.51610
2001/11/15,Thu,0.51990,0.51810,0.52130,0.51710
2001/11/14,Wed,0.52050,0.52000,0.52390,0.51840
2001/11/13,Tue,0.52020,0.52050,0.52200,0.51550
2001/11/12,Mon,0.51850,0.52050,0.52220,0.51690
2001/11/11,Sun,,,,
2001/11/10,Sat,,,,
2001/11/09,Fri,0.51520,0.51400,0.51600,0.51060
2001/11/08,Thu,0.51540,0.51440,0.51770,0.51340
2001/11/07,Wed,0.51340,0.51510,0.51680,0.51280
2001/11/06,Tue,0.50920,0.51350,0.51490,0.50850
2001/11/05,Mon,0.50810,0.50850,0.50970,0.50610
2001/11/04,Sun,,,,
2001/11/03,Sat,,,,
2001/11/02,Fri,0.50900,0.50820,0.51130,0.50580
2001/11/01,Thu,0.50320,0.50850,0.51310,0.50260
2001/10/31,Wed,0.50450,0.50300,0.50620,0.50220
2001/10/30,Tue,0.50560,0.50410,0.50950,0.50440
2001/10/29,Mon,0.50150,0.50530,0.50640,0.49990
2001/10/28,Sun,,,,
2001/10/27,Sat,,,,
2001/10/26,Fri,0.50260,0.50240,0.50410,0.50100
2001/10/25,Thu,0.50860,0.50320,0.50890,0.50310
2001/10/24,Wed,0.50760,0.50750,0.50920,0.50610
2001/10/23,Tue,0.51030,0.50750,0.51070,0.50680
2001/10/22,Mon,0.50900,0.51050,0.51030,0.50630
2001/10/21,Sun,,,,
2001/10/20,Sat,,,,
2001/10/19,Fri,0.50720,0.50890,0.50960,0.50510
2001/10/18,Thu,0.50950,0.50630,0.51170,0.50600
2001/10/17,Wed,0.51150,0.50840,0.51630,0.50990
2001/10/16,Tue,0.51470,0.51090,0.51490,0.51120
2001/10/15,Mon,0.51140,0.51620,0.51710,0.51140
2001/10/14,Sun,,,,
2001/10/13,Sat,,,,
2001/10/12,Fri,0.50130,0.50550,0.50540,0.49800
2001/10/11,Thu,0.50210,0.50050,0.50250,0.49620
2001/10/10,Wed,0.49970,0.50150,0.50310,0.49940
2001/10/09,Tue,0.50750,0.50040,0.50780,0.49910
2001/10/08,Mon,0.50770,0.50790,0.50830,0.50500
2001/10/07,Sun,,,,
2001/10/06,Sat,,,,
2001/10/05,Fri,0.49940,0.50670,0.50800,0.49920
2001/10/04,Thu,0.49560,0.49820,0.50050,0.49540
2001/10/03,Wed,0.49520,0.49550,0.49950,0.49330
2001/10/02,Tue,0.49540,0.49520,0.49590,0.49180
2001/10/01,Mon,0.49270,0.49520,0.49640,0.49010
2001/09/30,Sun,,,,
2001/09/29,Sat,,,,
2001/09/28,Fri,0.48660,0.49100,0.49670,0.48530
2001/09/27,Thu,0.49140,0.48760,0.49150,0.48500
2001/09/26,Wed,0.49330,0.49100,0.49780,0.48900
2001/09/25,Tue,0.49260,0.49270,0.49500,0.49090
2001/09/24,Mon,0.48580,0.49130,0.49410,0.48220
2001/09/23,Sun,,,,
2001/09/22,Sat,,,,
2001/09/21,Fri,0.49220,0.48420,0.49350,0.48190
2001/09/20,Thu,0.49430,0.49230,0.49580,0.49020
2001/09/19,Wed,0.49770,0.49310,0.49820,0.48920
2001/09/18,Tue,0.50250,0.49680,0.50320,0.49300
2001/09/17,Mon,0.51660,0.50220,0.51680,0.49880
2001/09/16,Sun,,,,
2001/09/15,Sat,,,,
2001/09/14,Fri,0.51620,0.51470,0.51830,0.51250
2001/09/13,Thu,0.51670,0.51620,0.51750,0.51380
2001/09/12,Wed,0.52010,0.51640,0.52100,0.51330
2001/09/11,Tue,0.51350,0.52190,0.52340,0.51230
2001/09/10,Mon,0.51830,0.51300,0.51940,0.51470
2001/09/09,Sun,,,,
2001/09/08,Sat,,,,
2001/09/07,Fri,0.52230,0.51900,0.52430,0.51720
2001/09/06,Thu,0.52090,0.52200,0.52320,0.51830
2001/09/05,Wed,0.52050,0.52030,0.52450,0.51620
2001/09/04,Tue,0.52750,0.52060,0.52780,0.51900
2001/09/03,Mon,0.52840,0.52660,0.52880,0.52570
2001/09/02,Sun,,,,
2001/09/01,Sat,,,,
2001/08/31,Fri,0.53180,0.52920,0.53520,0.52540
2001/08/30,Thu,0.52930,0.53190,0.53380,0.52810
2001/08/29,Wed,0.53080,0.52910,0.53380,0.52680
2001/08/28,Tue,0.52870,0.53060,0.53030,0.52450
2001/08/27,Mon,0.53430,0.52830,0.53600,0.52680
2001/08/26,Sun,,,,
2001/08/25,Sat,,,,
2001/08/24,Fri,0.53410,0.53420,0.53590,0.52900
2001/08/23,Thu,0.53270,0.53390,0.53530,0.53160
2001/08/22,Wed,0.53550,0.53340,0.53930,0.53400
2001/08/21,Tue,0.53330,0.53480,0.53640,0.52960
2001/08/20,Mon,0.53640,0.53260,0.53770,0.53140
2001/08/19,Sun,,,,
2001/08/18,Sat,,,,
2001/08/17,Fri,0.52410,0.53550,0.53710,0.52260
2001/08/16,Thu,0.52830,0.52400,0.53180,0.52430
2001/08/15,Wed,0.52180,0.52870,0.52940,0.52120
2001/08/14,Tue,0.51760,0.52160,0.52250,0.51510
2001/08/13,Mon,0.51370,0.51720,0.51950,0.51340
2001/08/12,Sun,,,,
2001/08/11,Sat,,,,
2001/08/10,Fri,0.51260,0.51280,0.51700,0.51060
2001/08/09,Thu,0.51930,0.51190,0.52020,0.50910
2001/08/08,Wed,0.51560,0.51880,0.52000,0.51440
2001/08/07,Tue,0.51780,0.51500,0.51840,0.51450
2001/08/06,Mon,0.51640,0.51720,0.51800,0.51550
2001/08/05,Sun,,,,
2001/08/04,Sat,,,,
2001/08/03,Fri,0.52010,0.51660,0.52090,0.51460
2001/08/02,Thu,0.51780,0.52000,0.52140,0.51500
2001/08/01,Wed,0.50980,0.51800,0.51870,0.50790
2001/07/31,Tue,0.50610,0.50950,0.50960,0.50190
2001/07/30,Mon,0.50830,0.50600,0.50850,0.50440
2001/07/29,Sun,,,,
2001/07/28,Sat,,,,
2001/07/27,Fri,0.50920,0.50820,0.50940,0.50410
2001/07/26,Thu,0.50830,0.50920,0.51190,0.50630
2001/07/25,Wed,0.51010,0.50800,0.51010,0.50570
2001/07/24,Tue,0.50840,0.50920,0.50980,0.50690
2001/07/23,Mon,0.50640,0.50790,0.50850,0.50550
2001/07/22,Sun,,,,
2001/07/21,Sat,,,,
2001/07/20,Fri,0.51290,0.50540,0.51470,0.50430
2001/07/19,Thu,0.51590,0.51290,0.51880,0.51210
2001/07/18,Wed,0.50980,0.51540,0.51590,0.50820
2001/07/17,Tue,0.50730,0.50930,0.50900,0.50530
2001/07/16,Mon,0.51070,0.50730,0.51130,0.50700
2001/07/15,Sun,,,,
2001/07/14,Sat,,,,
2001/07/13,Fri,0.50600,0.50790,0.50870,0.50490
2001/07/12,Thu,0.50630,0.50510,0.50730,0.50120
2001/07/11,Wed,0.51020,0.50500,0.51270,0.50490
2001/07/10,Tue,0.51120,0.50950,0.51340,0.50830
2001/07/09,Mon,0.50890,0.51050,0.51120,0.50470
2001/07/08,Sun,,,,
2001/07/07,Sat,,,,
2001/07/06,Fri,0.51440,0.50880,0.51440,0.50410
2001/07/05,Thu,0.51830,0.51420,0.51930,0.51330
2001/07/04,Wed,0.51720,0.51800,0.52140,0.51610
2001/07/03,Tue,0.51120,0.51700,0.51910,0.51040
2001/07/02,Mon,0.51120,0.51120,0.51160,0.50810
2001/07/01,Sun,,,,
2001/06/30,Sat,,,,
2001/06/29,Fri,0.50580,0.51110,0.51120,0.50470
2001/06/28,Thu,0.51850,0.50730,0.51920,0.50710
2001/06/27,Wed,0.52170,0.51900,0.52230,0.51670
2001/06/26,Tue,0.51680,0.52120,0.52190,0.51630
2001/06/25,Mon,0.51700,0.51680,0.51850,0.51520
2001/06/24,Sun,,,,
2001/06/23,Sat,,,,
2001/06/22,Fri,0.51580,0.51560,0.51780,0.51460
2001/06/21,Thu,0.51980,0.51730,0.52230,0.51610
2001/06/20,Wed,0.52140,0.51920,0.52150,0.51670
2001/06/19,Tue,0.52270,0.52020,0.52380,0.51970
2001/06/18,Mon,0.52390,0.52360,0.52810,0.52110
2001/06/17,Sun,,,,
2001/06/16,Sat,,,,
2001/06/15,Fri,0.52820,0.52360,0.52850,0.52280
2001/06/14,Thu,0.52860,0.52730,0.52890,0.52270
2001/06/13,Wed,0.52520,0.52940,0.53030,0.52350
2001/06/12,Tue,0.52230,0.52540,0.52590,0.52010
2001/06/11,Mon,0.52490,0.52150,0.52760,0.52060
2001/06/10,Sun,,,,
2001/06/09,Sat,,,,
2001/06/08,Fri,0.52100,0.52480,0.52570,0.51860
2001/06/07,Thu,0.51550,0.51930,0.52050,0.51310
2001/06/06,Wed,0.51020,0.51600,0.51690,0.50900
2001/06/05,Tue,0.50780,0.50980,0.51020,0.50490
2001/06/04,Mon,0.50830,0.50770,0.51150,0.50590
2001/06/03,Sun,,,,
2001/06/02,Sat,,,,
2001/06/01,Fri,0.50690,0.50840,0.51000,0.50370
2001/05/31,Thu,0.51270,0.50560,0.51330,0.50380
2001/05/30,Wed,0.51740,0.51270,0.52080,0.51130
2001/05/29,Tue,0.52080,0.51690,0.52130,0.51450
2001/05/28,Mon,0.52000,0.52050,0.52150,0.51800
2001/05/27,Sun,,,,
2001/05/26,Sat,,,,
2001/05/25,Fri,0.52100,0.52030,0.52250,0.51800
2001/05/24,Thu,0.51610,0.51800,0.52030,0.50880
2001/05/23,Wed,0.52330,0.51650,0.52340,0.51660
2001/05/22,Tue,0.52700,0.52310,0.52780,0.52160
2001/05/21,Mon,0.52970,0.52650,0.53220,0.52600
2001/05/20,Sun,,,,
2001/05/19,Sat,,,,
2001/05/18,Fri,0.52810,0.52990,0.52980,0.52420
2001/05/17,Thu,0.52480,0.52740,0.52960,0.52340
2001/05/16,Wed,0.52160,0.52350,0.52410,0.51880
2001/05/15,Tue,0.51910,0.52150,0.52090,0.51550
2001/05/14,Mon,0.52190,0.51900,0.52280,0.51600
2001/05/13,Sun,,,,
2001/05/12,Sat,,,,
2001/05/11,Fri,0.52370,0.52150,0.52540,0.51890
2001/05/10,Thu,0.52530,0.52340,0.52680,0.52240
2001/05/09,Wed,0.51630,0.52440,0.52460,0.51490
2001/05/08,Tue,0.51840,0.51610,0.52130,0.51530
2001/05/07,Mon,0.51960,0.51750,0.51990,0.51710
2001/05/06,Sun,,,,
2001/05/05,Sat,,,,
2001/05/04,Fri,0.51830,0.51890,0.52270,0.51470
2001/05/03,Thu,0.52060,0.51850,0.52430,0.51800
2001/05/02,Wed,0.51720,0.52100,0.52290,0.51680
2001/05/01,Tue,0.51280,0.51680,0.51900,0.51070
2001/04/30,Mon,0.50820,0.51210,0.51270,0.50680
2001/04/29,Sun,,,,
2001/04/28,Sat,,,,
2001/04/27,Fri,0.51370,0.50910,0.51410,0.50750
2001/04/26,Thu,0.50710,0.51100,0.51080,0.50270
2001/04/25,Wed,0.50640,0.50590,0.50670,0.50260
2001/04/24,Tue,0.50740,0.50650,0.50920,0.50140
2001/04/23,Mon,0.51310,0.50690,0.51970,0.50370
2001/04/22,Sun,,,,
2001/04/21,Sat,,,,
2001/04/20,Fri,0.51560,0.51470,0.51920,0.51210
2001/04/19,Thu,0.50230,0.51680,0.51400,0.50020
2001/04/18,Wed,0.50400,0.50330,0.50510,0.49420
2001/04/17,Tue,0.51110,0.50350,0.51140,0.50250
2001/04/16,Mon,0.50740,0.51100,0.51190,0.50570
2001/04/15,Sun,,,,
2001/04/14,Sat,,,,
2001/04/13,Fri,0.51020,0.50870,0.51020,0.50350
2001/04/12,Thu,0.50390,0.51020,0.51080,0.50280
2001/04/11,Wed,0.49660,0.50290,0.50420,0.49560
2001/04/10,Tue,0.49120,0.49580,0.49730,0.49080
2001/04/09,Mon,0.49840,0.49110,0.50010,0.49120
2001/04/08,Sun,,,,
2001/04/07,Sat,,,,
2001/04/06,Fri,0.49020,0.49820,0.49830,0.49010
2001/04/05,Thu,0.48960,0.49020,0.49460,0.48800
2001/04/04,Wed,0.48720,0.48910,0.49220,0.48280
2001/04/03,Tue,0.47870,0.48700,0.48740,0.47850
2001/04/02,Mon,0.48590,0.47900,0.48900,0.48010
2001/04/01,Sun,,,,
2001/03/31,Sat,,,,
2001/03/30,Fri,0.49440,0.48510,0.49470,0.48520
2001/03/29,Thu,0.49340,0.49390,0.49620,0.49030
2001/03/28,Wed,0.49890,0.49330,0.50080,0.49220
2001/03/27,Tue,0.50050,0.49930,0.50100,0.49480
2001/03/26,Mon,0.50020,0.50040,0.50110,0.48890
2001/03/25,Sun,,,,
2001/03/24,Sat,,,,
2001/03/23,Fri,0.49360,0.49630,0.49790,0.49150
2001/03/22,Thu,0.49360,0.49360,0.49480,0.48900
2001/03/21,Wed,0.50140,0.49410,0.50430,0.49680
2001/03/20,Tue,0.49820,0.50120,0.50220,0.49730
2001/03/19,Mon,0.49480,0.49840,0.50460,0.49380
2001/03/18,Sun,,,,
2001/03/17,Sat,,,,
2001/03/16,Fri,0.49170,0.49460,0.49680,0.49150
2001/03/15,Thu,0.49620,0.49170,0.49790,0.49140
2001/03/14,Wed,0.50350,0.49530,0.50480,0.49480
2001/03/13,Tue,0.50950,0.50410,0.51040,0.50210
2001/03/12,Mon,0.50950,0.50900,0.51140,0.50720
2001/03/11,Sun,,,,
2001/03/10,Sat,,,,
2001/03/09,Fri,0.51130,0.50880,0.51380,0.50750
2001/03/08,Thu,0.50970,0.51090,0.51150,0.50790
2001/03/07,Wed,0.52030,0.50900,0.52090,0.50820
2001/03/06,Tue,0.52200,0.51910,0.52280,0.51650
2001/03/05,Mon,0.52950,0.52100,0.52980,0.52050
2001/03/04,Sun,,,,
2001/03/03,Sat,,,,
2001/03/02,Fri,0.52750,0.52930,0.52980,0.52540
2001/03/01,Thu,0.52610,0.52790,0.52930,0.52520
2001/02/28,Wed,0.52570,0.52600,0.52760,0.52250
2001/02/27,Tue,0.52260,0.52550,0.52630,0.52130
2001/02/26,Mon,0.52650,0.52290,0.52760,0.52080
2001/02/25,Sun,,,,
2001/02/24,Sat,,,,
2001/02/23,Fri,0.52430,0.52600,0.52560,0.52090
2001/02/22,Thu,0.52480,0.52460,0.52630,0.52080
2001/02/21,Wed,0.52380,0.52380,0.52860,0.52250
2001/02/20,Tue,0.53010,0.52400,0.53180,0.52130
2001/02/19,Mon,0.52930,0.53000,0.53060,0.52720
2001/02/18,Sun,,,,
2001/02/17,Sat,,,,
2001/02/16,Fri,0.52350,0.52790,0.53130,0.52340
2001/02/15,Thu,0.52890,0.52360,0.52900,0.52040
2001/02/14,Wed,0.53410,0.52920,0.53440,0.52700
2001/02/13,Tue,0.53880,0.53360,0.54090,0.53250
2001/02/12,Mon,0.53640,0.53870,0.53960,0.53560
2001/02/11,Sun,,,,
2001/02/10,Sat,,,,
2001/02/09,Fri,0.53630,0.53620,0.53840,0.53220
2001/02/08,Thu,0.54580,0.53500,0.54640,0.53400
2001/02/07,Wed,0.54880,0.54520,0.55100,0.54470
2001/02/06,Tue,0.55030,0.54790,0.55150,0.54730
2001/02/05,Mon,0.55070,0.54970,0.55340,0.54880
2001/02/04,Sun,,,,
2001/02/03,Sat,,,,
2001/02/02,Fri,0.55300,0.55250,0.55670,0.55110
2001/02/01,Thu,0.55110,0.55300,0.55580,0.54950
2001/01/31,Wed,0.54840,0.55090,0.55050,0.54430
2001/01/30,Tue,0.54340,0.54870,0.54860,0.54080
2001/01/29,Mon,0.54350,0.54290,0.54530,0.54170
2001/01/28,Sun,,,,
2001/01/27,Sat,,,,
2001/01/26,Fri,0.54610,0.54400,0.54680,0.54140
2001/01/25,Thu,0.54260,0.54580,0.54660,0.54180
2001/01/24,Wed,0.55130,0.54270,0.55530,0.54280
2001/01/23,Tue,0.55650,0.55220,0.55790,0.55230
2001/01/22,Mon,0.55610,0.55620,0.55770,0.55200
2001/01/21,Sun,,,,
2001/01/20,Sat,,,,
2001/01/19,Fri,0.55850,0.55680,0.56250,0.55590
2001/01/18,Thu,0.55370,0.55880,0.55830,0.55230
2001/01/17,Wed,0.55530,0.55300,0.55710,0.54930
2001/01/16,Tue,0.55240,0.55480,0.55860,0.55240
2001/01/15,Mon,0.55700,0.55180,0.55720,0.55030
2001/01/14,Sun,,,,
2001/01/13,Sat,,,,
2001/01/12,Fri,0.56080,0.55660,0.56230,0.55410
2001/01/11,Thu,0.55550,0.56090,0.56160,0.55230
2001/01/10,Wed,0.56330,0.55580,0.56380,0.55550
2001/01/09,Tue,0.56790,0.56360,0.56860,0.55930
2001/01/08,Mon,0.57160,0.56870,0.57250,0.56510
2001/01/07,Sun,,,,
2001/01/06,Sat,,,,
2001/01/05,Fri,0.56660,0.57210,0.57270,0.56490
2001/01/04,Thu,0.55610,0.56610,0.56780,0.55560
2001/01/03,Wed,0.56030,0.55550,0.56560,0.55740
2001/01/02,Tue,0.55900,0.55940,0.55970,0.55650
2001/01/01,Mon,0.55900,0.55850,0.55930,0.55850
