日付,曜日,始値,終値,高値,安値
2026/08/14,Fri,114.450,114.820,114.880,114.310
2026/08/13,Thu,114.340,114.490,114.540,113.990
2026/08/12,Wed,114.360,114.360,114.480,113.820
2026/08/11,Tue,114.280,114.400,114.460,114.070
2026/08/10,Mon,113.120,114.280,114.330,112.900
2026/08/09,Sun,,,,
2026/08/08,Sat,,,,
2026/08/07,Fri,113.040,113.190,113.420,112.510
2026/08/06,Thu,112.550,113.070,113.090,112.440
2026/08/05,Wed,112.080,112.600,112.630,111.770
2026/08/04,Tue,111.870,112.180,112.510,111.760
2026/08/03,Mon,112.350,111.900,112.640,110.790
2026/08/02,Sun,,,,
2026/08/01,Sat,,,,
2026/07/31,Fri,113.830,112.400,114.730,112.370
2026/07/30,Thu,116.290,113.860,116.440,112.710
2026/07/29,Wed,116.130,116.320,116.460,115.860
2026/07/28,Tue,115.920,116.150,116.230,115.850
2026/07/27,Mon,116.300,115.940,116.310,115.850
2026/07/26,Sun,,,,
2026/07/25,Sat,,,,
2026/07/24,Fri,116.280,116.250,116.450,116.070
2026/07/23,Thu,115.790,116.330,116.470,115.710
2026/07/22,Wed,115.640,115.810,115.870,115.550
2026/07/21,Tue,115.460,115.660,115.740,115.320
2026/07/20,Mon,115.850,115.500,115.980,115.450
2026/07/19,Sun,,,,
2026/07/18,Sat,,,,
2026/07/17,Fri,115.630,115.820,116.010,115.530
2026/07/16,Thu,115.490,115.640,115.820,115.310
2026/07/15,Wed,115.370,115.500,115.560,115.210
2026/07/14,Tue,114.740,115.410,115.410,114.650
2026/07/13,Mon,114.120,114.760,114.850,114.050
2026/07/12,Sun,,,,
2026/07/11,Sat,,,,
2026/07/10,Fri,114.600,114.220,114.640,113.950
2026/07/09,Thu,114.700,114.610,114.770,114.380
2026/07/08,Wed,114.130,114.720,114.770,114.070
2026/07/07,Tue,114.090,114.160,114.170,113.700
2026/07/06,Mon,113.650,114.110,114.210,113.490
2026/07/05,Sun,,,,
2026/07/04,Sat,,,,
2026/07/03,Fri,113.580,113.660,113.800,113.310
2026/07/02,Thu,114.350,113.600,114.410,113.320
2026/07/01,Wed,114.460,114.370,114.560,114.230
2026/06/30,Tue,113.920,114.520,114.660,113.850
2026/06/29,Mon,113.970,113.960,114.130,113.780
2026/06/28,Sun,,,,
2026/06/27,Sat,,,,
2026/06/26,Fri,113.890,113.960,114.090,113.790
2026/06/25,Thu,113.640,113.930,114.030,113.510
2026/06/24,Wed,113.690,113.670,113.770,113.490
2026/06/23,Tue,114.060,113.710,114.160,113.610
2026/06/22,Mon,113.760,114.110,114.340,113.670
2026/06/21,Sun,,,,
2026/06/20,Sat,,,,
2026/06/19,Fri,114.120,113.960,114.200,113.630
2026/06/18,Thu,113.910,114.160,114.400,113.630
2026/06/17,Wed,114.640,113.930,114.660,113.790
2026/06/16,Tue,114.570,114.650,114.700,114.260
2026/06/15,Mon,114.400,114.600,114.690,114.220
2026/06/14,Sun,,,,
2026/06/13,Sat,,,,
2026/06/12,Fri,114.480,114.540,114.740,114.380
2026/06/11,Thu,115.110,114.510,115.190,114.360
2026/06/10,Wed,114.960,115.150,115.360,114.830
2026/06/09,Tue,114.780,114.980,115.060,114.680
2026/06/08,Mon,115.000,114.800,115.020,114.610
2026/06/07,Sun,,,,
2026/06/06,Sat,,,,
2026/06/05,Fri,115.020,115.060,115.350,114.760
2026/06/04,Thu,115.150,115.050,115.180,114.780
2026/06/03,Wed,115.520,115.180,115.590,115.000
2026/06/02,Tue,115.320,115.540,115.660,115.220
2026/06/01,Mon,115.380,115.350,115.550,115.210
2026/05/31,Sun,,,,
2026/05/30,Sat,,,,
2026/05/29,Fri,115.490,115.450,115.600,115.140
2026/05/28,Thu,115.240,115.530,115.580,114.890
2026/05/27,Wed,115.320,115.260,115.380,115.110
2026/05/26,Tue,115.100,115.330,115.440,115.010
2026/05/25,Mon,115.200,115.150,115.200,114.810
2026/05/24,Sun,,,,
2026/05/23,Sat,,,,
2026/05/22,Fri,115.380,115.200,115.440,115.100
2026/05/21,Thu,115.590,115.390,115.650,115.240
2026/05/20,Wed,115.670,115.610,115.750,115.380
2026/05/19,Tue,115.560,115.730,115.760,115.320
2026/05/18,Mon,115.490,115.610,115.710,115.180
2026/05/17,Sun,,,,
2026/05/16,Sat,,,,
2026/05/15,Fri,115.410,115.480,115.550,115.150
2026/05/14,Thu,115.110,115.430,115.470,114.710
2026/05/13,Wed,115.040,115.170,115.270,114.980
2026/05/12,Tue,114.890,115.090,115.200,114.690
2026/05/11,Mon,114.590,114.920,115.060,114.200
2026/05/10,Sun,,,,
2026/05/09,Sat,,,,
2026/05/08,Fri,114.800,114.560,114.930,114.130
2026/05/07,Thu,114.710,114.840,115.010,114.450
2026/05/06,Wed,115.910,114.720,116.080,114.080
2026/05/05,Tue,115.380,115.930,115.950,115.290
2026/05/04,Mon,115.470,115.400,115.680,114.700
2026/05/03,Sun,,,,
2026/05/02,Sat,,,,
2026/05/01,Fri,115.250,115.580,115.880,114.550
2026/04/30,Thu,117.130,115.310,117.480,113.870
2026/04/29,Wed,116.610,117.230,117.290,116.570
2026/04/28,Tue,116.960,116.650,117.060,116.550
2026/04/27,Mon,116.450,116.990,117.070,116.440
2026/04/26,Sun,,,,
2026/04/25,Sat,,,,
2026/04/24,Fri,116.540,116.600,116.720,116.370
2026/04/23,Thu,116.630,116.590,116.890,116.400
2026/04/22,Wed,116.620,116.650,116.800,116.460
2026/04/21,Tue,116.300,116.660,116.880,116.200
2026/04/20,Mon,115.790,116.400,116.480,115.770
2026/04/19,Sun,,,,
2026/04/18,Sat,,,,
2026/04/17,Fri,116.140,115.850,116.590,115.290
2026/04/16,Thu,115.660,116.160,116.220,115.370
2026/04/15,Wed,115.310,115.700,115.860,115.250
2026/04/14,Tue,115.590,115.340,115.620,115.220
2026/04/13,Mon,115.010,115.610,115.670,114.990
2026/04/12,Sun,,,,
2026/04/11,Sat,,,,
2026/04/10,Fri,115.090,115.090,115.310,114.950
2026/04/09,Thu,114.510,115.050,115.210,114.360
2026/04/08,Wed,114.900,114.540,114.940,113.980
2026/04/07,Tue,114.760,114.950,115.070,114.550
2026/04/06,Mon,114.410,114.790,114.820,114.330
2026/04/05,Sun,,,,
2026/04/04,Sat,,,,
2026/04/03,Fri,114.670,114.430,114.700,114.360
2026/04/02,Thu,114.410,114.680,114.820,114.230
2026/04/01,Wed,114.040,114.440,114.500,113.830
2026/03/31,Tue,114.680,114.060,114.860,113.800
2026/03/30,Mon,115.680,114.710,115.720,114.370
2026/03/29,Sun,,,,
2026/03/28,Sat,,,,
2026/03/27,Fri,115.270,115.390,115.500,115.040
2026/03/26,Thu,115.450,115.310,115.530,115.100
2026/03/25,Wed,115.280,115.470,115.500,115.080
2026/03/24,Tue,115.390,115.310,115.640,115.210
2026/03/23,Mon,115.980,115.430,116.380,115.160
2026/03/22,Sun,,,,
2026/03/21,Sat,,,,
2026/03/20,Fri,114.790,116.030,116.190,114.660
2026/03/19,Thu,116.410,114.810,116.480,114.670
2026/03/18,Wed,116.110,116.430,116.480,115.660
2026/03/17,Tue,116.200,116.140,116.500,115.830
2026/03/16,Mon,116.470,116.220,116.500,116.000
2026/03/15,Sun,,,,
2026/03/14,Sat,,,,
2026/03/13,Fri,116.770,116.440,117.000,116.060
2026/03/12,Thu,116.890,116.810,117.090,116.630
2026/03/11,Wed,116.360,116.930,117.050,116.260
2026/03/10,Tue,116.000,116.390,116.600,115.790
2026/03/09,Mon,116.290,116.040,117.200,115.950
2026/03/08,Sun,,,,
2026/03/07,Sat,,,,
2026/03/06,Fri,115.150,116.310,116.330,115.050
2026/03/05,Thu,115.080,115.240,115.690,114.720
2026/03/04,Wed,115.290,115.110,115.390,114.740
2026/03/03,Tue,115.040,115.320,115.490,114.690
2026/03/02,Mon,114.250,115.080,115.260,113.930
2026/03/01,Sun,,,,
2026/02/28,Sat,,,,
2026/02/27,Fri,114.100,114.380,114.530,113.780
2026/02/26,Thu,114.310,114.120,114.330,113.710
2026/02/25,Wed,113.770,114.340,114.490,113.490
2026/02/24,Tue,112.860,113.790,114.040,112.800
2026/02/23,Mon,113.350,112.920,113.460,112.660
2026/02/22,Sun,,,,
2026/02/21,Sat,,,,
2026/02/20,Fri,113.280,113.350,113.680,113.040
2026/02/19,Thu,113.020,113.290,113.390,112.830
2026/02/18,Wed,112.420,113.050,113.050,112.180
2026/02/17,Tue,112.570,112.420,112.730,111.880
2026/02/16,Mon,112.100,112.570,112.860,111.990
2026/02/15,Sun,,,,
2026/02/14,Sat,,,,
2026/02/13,Fri,112.180,112.140,112.970,112.030
2026/02/12,Thu,112.850,112.220,113.240,111.730
2026/02/11,Wed,113.900,112.890,114.010,112.500
2026/02/10,Tue,114.930,113.920,115.200,113.790
2026/02/09,Mon,114.910,114.980,115.370,114.380
2026/02/08,Sun,,,,
2026/02/07,Sat,,,,
2026/02/06,Fri,114.500,114.930,115.180,114.090
2026/02/05,Thu,114.770,114.530,114.900,114.420
2026/02/04,Wed,114.140,114.810,114.890,114.100
2026/02/03,Tue,113.720,114.180,114.240,113.600
2026/02/02,Mon,113.740,113.760,114.160,113.070
2026/02/01,Sun,,,,
2026/01/31,Sat,,,,
2026/01/30,Fri,113.470,113.670,114.450,113.160
2026/01/29,Thu,113.140,113.510,113.560,112.560
2026/01/28,Wed,112.030,113.150,113.280,112.000
2026/01/27,Tue,112.440,112.110,112.740,111.710
2026/01/26,Mon,113.490,112.480,113.510,112.030
2026/01/25,Sun,,,,
2026/01/24,Sat,,,,
2026/01/23,Fri,114.900,113.660,115.420,113.570
2026/01/22,Thu,114.370,114.910,114.990,114.310
2026/01/21,Wed,114.290,114.420,114.680,114.040
2026/01/20,Tue,113.960,114.300,114.470,113.740
2026/01/19,Mon,113.680,114.020,114.100,113.280
2026/01/18,Sun,,,,
2026/01/17,Sat,,,,
2026/01/16,Fri,114.220,113.630,114.260,113.470
2026/01/15,Thu,114.120,114.190,114.260,113.840
2026/01/14,Wed,114.560,114.150,114.770,113.900
2026/01/13,Tue,113.970,114.580,114.670,113.790
2026/01/12,Mon,113.510,113.960,114.040,113.410
2026/01/11,Sun,,,,
2026/01/10,Sat,,,,
2026/01/09,Fri,113.160,113.480,113.850,113.080
2026/01/08,Thu,113.100,113.160,113.380,112.720
2026/01/07,Wed,113.400,113.100,113.490,113.070
2026/01/06,Tue,113.560,113.390,113.850,113.380
2026/01/05,Mon,114.150,113.560,114.390,113.440
2026/01/04,Sun,,,,
2026/01/03,Sat,,,,
2026/01/02,Fri,114.160,114.240,114.570,114.000
2026/01/01,Thu,114.150,114.130,114.180,114.120
2025/12/31,Wed,114.230,114.150,114.600,114.090
2025/12/30,Tue,113.990,114.200,114.330,113.770
2025/12/29,Mon,114.570,113.990,114.600,113.920
2025/12/28,Sun,,,,
2025/12/27,Sat,,,,
2025/12/26,Fri,113.880,114.520,114.650,113.880
2025/12/25,Thu,114.050,113.880,114.090,113.820
2025/12/24,Wed,114.120,114.030,114.190,113.740
2025/12/23,Tue,114.230,114.140,114.260,113.480
2025/12/22,Mon,114.360,114.240,114.390,113.950
2025/12/21,Sun,,,,
2025/12/20,Sat,,,,
2025/12/19,Fri,112.900,114.320,114.460,112.830
2025/12/18,Thu,112.920,112.920,113.270,112.710
2025/12/17,Wed,112.470,112.940,113.060,112.270
2025/12/16,Tue,112.710,112.480,112.780,112.270
2025/12/15,Mon,113.130,112.730,113.320,112.470
2025/12/14,Sun,,,,
2025/12/13,Sat,,,,
2025/12/12,Fri,113.010,113.140,113.460,112.840
2025/12/11,Thu,113.150,112.990,113.180,112.480
2025/12/10,Wed,113.280,113.130,113.350,112.810
2025/12/09,Tue,112.550,113.290,113.470,112.450
2025/12/08,Mon,112.340,112.520,112.830,112.040
2025/12/07,Sun,,,,
2025/12/06,Sat,,,,
2025/12/05,Fri,111.120,112.440,112.450,110.690
2025/12/04,Thu,111.290,111.120,111.410,110.570
2025/12/03,Wed,111.560,111.290,111.650,111.140
2025/12/02,Tue,111.050,111.580,111.730,111.020
2025/12/01,Mon,111.750,111.070,111.840,110.790
2025/11/30,Sun,,,,
2025/11/29,Sat,,,,
2025/11/28,Fri,111.410,111.770,112.020,111.190
2025/11/27,Thu,111.430,111.410,111.470,110.940
2025/11/26,Wed,110.700,111.430,111.510,110.560
2025/11/25,Tue,111.230,110.700,111.270,110.420
2025/11/24,Mon,110.890,111.230,111.450,110.880
2025/11/23,Sun,,,,
2025/11/22,Sat,,,,
2025/11/21,Fri,111.710,110.910,111.830,110.570
2025/11/20,Thu,111.850,111.720,112.280,111.520
2025/11/19,Wed,111.170,111.850,111.920,110.900
2025/11/18,Tue,110.470,111.180,111.470,110.120
2025/11/17,Mon,110.180,110.460,110.750,110.060
2025/11/16,Sun,,,,
2025/11/15,Sat,,,,
2025/11/14,Fri,110.120,110.210,110.350,109.540
2025/11/13,Thu,110.540,110.130,110.650,109.930
2025/11/12,Wed,109.980,110.520,110.600,109.870
2025/11/11,Tue,109.910,109.960,110.100,109.670
2025/11/10,Mon,109.130,109.950,110.100,109.130
2025/11/09,Sun,,,,
2025/11/08,Sat,,,,
2025/11/07,Fri,108.430,109.210,109.420,108.290
2025/11/06,Thu,109.260,108.430,109.280,108.180
2025/11/05,Wed,108.960,109.240,109.310,108.360
2025/11/04,Tue,109.720,108.960,109.810,108.850
2025/11/03,Mon,109.990,109.720,110.120,109.410
2025/11/02,Sun,,,,
2025/11/01,Sat,,,,
2025/10/31,Fri,110.200,109.920,110.310,109.700
2025/10/30,Thu,109.540,110.200,110.390,109.200
2025/10/29,Wed,109.070,109.540,109.790,108.720
2025/10/28,Tue,109.270,109.080,109.290,108.450
2025/10/27,Mon,109.350,109.270,109.570,109.020
2025/10/26,Sun,,,,
2025/10/25,Sat,,,,
2025/10/24,Fri,109.040,109.230,109.300,108.720
2025/10/23,Thu,108.620,109.040,109.220,108.500
2025/10/22,Wed,108.350,108.600,108.730,108.120
2025/10/21,Tue,107.390,108.360,108.570,107.240
2025/10/20,Mon,107.430,107.390,107.940,107.080
2025/10/19,Sun,,,,
2025/10/18,Sat,,,,
2025/10/17,Fri,107.040,107.440,107.500,106.220
2025/10/16,Thu,107.560,107.030,107.870,106.860
2025/10/15,Wed,108.110,107.570,108.200,107.480
2025/10/14,Tue,108.490,108.110,108.740,107.900
2025/10/13,Mon,107.980,108.490,108.850,107.920
2025/10/12,Sun,,,,
2025/10/11,Sat,,,,
2025/10/10,Fri,109.190,107.930,109.310,107.920
2025/10/09,Thu,109.440,109.180,109.750,109.040
2025/10/08,Wed,108.900,109.440,109.680,108.780
2025/10/07,Tue,107.830,108.900,108.960,107.740
2025/10/06,Mon,105.640,107.840,107.890,105.610
2025/10/05,Sun,,,,
2025/10/04,Sat,,,,
2025/10/03,Fri,105.420,105.700,105.850,105.340
2025/10/02,Thu,105.540,105.420,105.740,105.170
2025/10/01,Wed,106.260,105.540,106.440,105.240
2025/09/30,Tue,106.800,106.260,106.920,106.060
2025/09/29,Mon,107.230,106.790,107.300,106.580
2025/09/28,Sun,,,,
2025/09/27,Sat,,,,
2025/09/26,Fri,107.470,107.230,107.600,107.150
2025/09/25,Thu,107.150,107.460,107.630,106.920
2025/09/24,Wed,106.720,107.150,107.220,106.560
2025/09/23,Tue,106.910,106.720,107.020,106.510
2025/09/22,Mon,107.340,106.900,107.570,106.810
2025/09/21,Sun,,,,
2025/09/20,Sat,,,,
2025/09/19,Fri,107.280,107.370,107.460,106.720
2025/09/18,Thu,106.700,107.280,107.420,106.570
2025/09/17,Wed,106.630,106.720,106.770,105.960
2025/09/16,Tue,106.990,106.630,107.120,106.420
2025/09/15,Mon,106.630,106.980,107.070,106.450
2025/09/14,Sun,,,,
2025/09/13,Sat,,,,
2025/09/12,Fri,106.420,106.690,106.940,106.320
2025/09/11,Thu,106.380,106.420,106.630,106.180
2025/09/10,Wed,106.500,106.380,106.620,106.230
2025/09/09,Tue,106.880,106.500,106.930,105.990
2025/09/08,Mon,106.620,106.870,107.360,106.550
2025/09/07,Sun,,,,
2025/09/06,Sat,,,,
2025/09/05,Fri,107.460,106.590,107.550,106.160
2025/09/04,Thu,107.370,107.460,107.560,107.130
2025/09/03,Wed,107.650,107.370,108.050,107.200
2025/09/02,Tue,107.040,107.650,107.970,106.930
2025/09/01,Mon,107.010,107.030,107.260,106.790
2025/08/31,Sun,,,,
2025/08/30,Sat,,,,
2025/08/29,Fri,106.870,106.980,107.140,106.740
2025/08/28,Thu,106.890,106.870,107.030,106.660
2025/08/27,Wed,106.520,106.900,107.030,106.440
2025/08/26,Tue,106.630,106.520,106.750,106.180
2025/08/25,Mon,106.300,106.630,106.770,106.130
2025/08/24,Sun,,,,
2025/08/23,Sat,,,,
2025/08/22,Fri,106.660,106.280,106.980,105.960
2025/08/21,Thu,106.190,106.660,106.790,106.110
2025/08/20,Wed,106.490,106.200,106.590,105.930
2025/08/19,Tue,107.140,106.490,107.220,106.330
2025/08/18,Mon,106.480,107.140,107.210,106.430
2025/08/17,Sun,,,,
2025/08/16,Sat,,,,
2025/08/15,Fri,106.950,106.520,107.070,106.340
2025/08/14,Thu,107.110,106.950,107.140,106.200
2025/08/13,Wed,107.350,107.120,107.540,106.840
2025/08/12,Tue,107.520,107.340,107.900,107.180
2025/08/11,Mon,107.370,107.520,107.590,106.990
2025/08/10,Sun,,,,
2025/08/09,Sat,,,,
2025/08/08,Fri,107.030,107.380,107.700,106.830
2025/08/07,Thu,107.250,107.040,107.510,106.850
2025/08/06,Wed,107.170,107.250,107.420,106.970
2025/08/05,Tue,106.760,107.180,107.300,106.500
2025/08/04,Mon,106.880,106.750,107.440,106.570
2025/08/03,Sun,,,,
2025/08/02,Sat,,,,
2025/08/01,Fri,108.810,106.890,108.970,106.800
2025/07/31,Thu,108.130,108.810,108.940,107.470
2025/07/30,Wed,107.810,108.110,108.140,107.320
2025/07/29,Tue,108.130,107.810,108.230,107.670
2025/07/28,Mon,107.890,108.130,108.270,107.690
2025/07/27,Sun,,,,
2025/07/26,Sat,,,,
2025/07/25,Fri,107.790,107.770,108.180,107.540
2025/07/24,Thu,107.770,107.790,107.850,107.210
2025/07/23,Wed,107.780,107.760,108.240,107.380
2025/07/22,Tue,107.680,107.780,108.080,107.170
2025/07/21,Mon,108.490,107.720,108.490,107.420
2025/07/20,Sun,,,,
2025/07/19,Sat,,,,
2025/07/18,Fri,108.070,108.450,108.480,107.910
2025/07/17,Thu,108.070,108.070,108.400,107.900
2025/07/16,Wed,108.470,108.070,108.750,107.290
2025/07/15,Tue,107.780,108.480,108.630,107.700
2025/07/14,Mon,107.640,107.780,107.930,107.280
2025/07/13,Sun,,,,
2025/07/12,Sat,,,,
2025/07/11,Fri,107.100,107.680,107.860,106.570
2025/07/10,Thu,106.920,107.110,107.180,106.560
2025/07/09,Wed,107.290,106.920,107.550,106.800
2025/07/08,Tue,106.760,107.300,107.450,106.630
2025/07/07,Mon,106.260,106.760,107.040,105.930
2025/07/06,Sun,,,,
2025/07/05,Sat,,,,
2025/07/04,Fri,106.700,106.270,106.750,106.090
2025/07/03,Thu,105.750,106.710,107.040,105.580
2025/07/02,Wed,105.120,105.750,105.780,105.050
2025/07/01,Tue,105.840,105.120,105.900,104.840
2025/06/30,Mon,105.710,105.840,105.960,105.220
2025/06/29,Sun,,,,
2025/06/28,Sat,,,,
2025/06/27,Fri,105.840,105.740,106.180,105.240
2025/06/26,Thu,105.850,105.850,106.010,105.010
2025/06/25,Wed,105.590,105.830,106.250,105.350
2025/06/24,Tue,106.420,105.600,106.490,105.400
2025/06/23,Mon,106.350,106.430,107.350,106.190
2025/06/22,Sun,,,,
2025/06/21,Sat,,,,
2025/06/20,Fri,106.180,106.380,106.440,105.980
2025/06/19,Thu,105.970,106.180,106.340,105.600
2025/06/18,Wed,106.220,105.950,106.390,105.620
2025/06/17,Tue,106.650,106.190,106.890,106.070
2025/06/16,Mon,105.980,106.650,106.750,105.830
2025/06/15,Sun,,,,
2025/06/14,Sat,,,,
2025/06/13,Fri,105.480,106.070,106.160,104.800
2025/06/12,Thu,105.720,105.490,105.760,105.110
2025/06/11,Wed,105.970,105.720,106.380,105.570
2025/06/10,Tue,105.560,105.970,106.040,105.320
2025/06/09,Mon,105.740,105.550,105.890,105.260
2025/06/08,Sun,,,,
2025/06/07,Sat,,,,
2025/06/06,Fri,104.960,105.810,106.030,104.860
2025/06/05,Thu,104.370,104.970,105.350,104.240
2025/06/04,Wed,104.960,104.380,105.340,104.320
2025/06/03,Tue,104.060,104.960,105.040,103.820
2025/06/02,Mon,104.860,104.070,104.930,104.000
2025/06/01,Sun,,,,
2025/05/31,Sat,,,,
2025/05/30,Fri,104.440,104.840,105.060,103.870
2025/05/29,Thu,104.680,104.410,105.570,104.290
2025/05/28,Wed,104.520,104.680,105.000,104.200
2025/05/27,Tue,103.990,104.520,104.990,103.520
2025/05/26,Mon,103.710,103.990,104.320,103.660
2025/05/25,Sun,,,,
2025/05/24,Sat,,,,
2025/05/23,Fri,103.930,103.770,104.030,103.000
2025/05/22,Thu,103.670,103.930,104.110,103.100
2025/05/21,Wed,103.840,103.670,104.020,103.340
2025/05/20,Tue,103.830,103.850,104.220,103.380
2025/05/19,Mon,104.250,103.830,104.260,103.670
2025/05/18,Sun,,,,
2025/05/17,Sat,,,,
2025/05/16,Fri,104.360,104.280,104.520,103.880
2025/05/15,Thu,104.940,104.360,105.040,103.940
2025/05/14,Wed,105.830,104.950,105.970,104.480
2025/05/13,Tue,106.230,105.830,106.260,105.460
2025/05/12,Mon,104.630,106.230,106.270,104.550
2025/05/11,Sun,,,,
2025/05/10,Sat,,,,
2025/05/09,Fri,104.790,104.300,104.960,103.970
2025/05/08,Thu,103.930,104.790,104.960,103.810
2025/05/07,Wed,103.370,103.930,104.210,103.320
2025/05/06,Tue,103.950,103.370,104.230,103.240
2025/05/05,Mon,104.720,103.950,105.030,103.910
2025/05/04,Sun,,,,
2025/05/03,Sat,,,,
2025/05/02,Fri,104.980,104.880,105.410,104.230
2025/05/01,Thu,103.700,104.980,105.270,103.590
2025/04/30,Wed,102.910,103.690,103.840,102.760
2025/04/29,Tue,102.680,102.910,103.150,102.480
2025/04/28,Mon,103.700,102.690,103.840,102.580
2025/04/27,Sun,,,,
2025/04/26,Sat,,,,
2025/04/25,Fri,103.010,103.710,103.960,102.900
2025/04/24,Thu,103.330,102.980,103.350,102.540
2025/04/23,Wed,102.480,103.340,103.420,102.360
2025/04/22,Tue,101.780,102.480,102.550,101.240
2025/04/21,Mon,102.710,101.740,102.710,101.530
2025/04/20,Sun,,,,
2025/04/19,Sat,,,,
2025/04/18,Fri,102.960,102.660,103.000,102.570
2025/04/17,Thu,102.330,102.900,103.170,102.190
2025/04/16,Wed,102.660,102.310,102.950,102.030
2025/04/15,Tue,103.050,102.620,103.530,102.370
2025/04/14,Mon,104.060,103.010,104.130,102.650
2025/04/13,Sun,,,,
2025/04/12,Sat,,,,
2025/04/11,Fri,103.300,103.500,103.760,102.240
2025/04/10,Thu,104.900,103.290,104.910,102.830
2025/04/09,Wed,102.570,104.880,105.100,101.620
2025/04/08,Tue,103.770,102.530,104.350,102.360
2025/04/07,Mon,103.260,103.740,104.380,101.640
2025/04/06,Sun,,,,
2025/04/05,Sat,,,,
2025/04/04,Fri,103.620,103.280,104.120,101.860
2025/04/03,Thu,104.880,103.590,104.980,103.270
2025/04/02,Wed,104.590,104.850,105.460,104.030
2025/04/01,Tue,104.230,104.600,104.640,103.490
2025/03/31,Mon,104.670,104.220,104.730,103.730
2025/03/30,Sun,,,,
2025/03/29,Sat,,,,
2025/03/28,Fri,105.590,104.620,105.660,104.520
2025/03/27,Thu,105.570,105.590,105.820,105.010
2025/03/26,Wed,104.990,105.530,105.880,104.930
2025/03/25,Tue,105.240,104.960,105.420,104.520
2025/03/24,Mon,104.050,105.210,105.510,103.990
2025/03/23,Sun,,,,
2025/03/22,Sat,,,,
2025/03/21,Fri,103.860,104.050,104.510,103.470
2025/03/20,Thu,103.810,103.830,104.020,103.130
2025/03/19,Wed,104.380,103.760,104.930,103.720
2025/03/18,Tue,104.420,104.360,105.030,104.160
2025/03/17,Mon,103.300,104.410,104.540,103.280
2025/03/16,Sun,,,,
2025/03/15,Sat,,,,
2025/03/14,Fri,102.350,103.420,103.570,102.290
2025/03/13,Thu,103.180,102.330,103.300,102.020
2025/03/12,Wed,102.380,103.170,103.660,102.310
2025/03/11,Tue,102.010,102.350,102.810,101.370
2025/03/10,Mon,102.950,101.970,102.990,101.630
2025/03/09,Sun,,,,
2025/03/08,Sat,,,,
2025/03/07,Fri,103.520,102.930,103.670,101.910
2025/03/06,Thu,103.820,103.500,104.240,102.570
2025/03/05,Wed,104.090,103.790,104.270,103.020
2025/03/04,Tue,103.250,104.060,104.220,102.180
2025/03/03,Mon,104.120,103.220,105.000,102.540
2025/03/02,Sun,,,,
2025/03/01,Sat,,,,
2025/02/28,Fri,103.760,104.110,104.770,103.190
2025/02/27,Thu,104.000,103.750,104.690,103.550
2025/02/26,Wed,104.120,103.980,104.560,103.760
2025/02/25,Tue,104.980,104.090,105.350,103.930
2025/02/24,Mon,105.000,104.980,105.480,104.770
2025/02/23,Sun,,,,
2025/02/22,Sat,,,,
2025/02/21,Fri,105.540,104.950,106.340,104.650
2025/02/20,Thu,106.400,105.520,106.450,105.290
2025/02/19,Wed,107.090,106.390,107.360,106.350
2025/02/18,Tue,106.820,107.070,107.240,106.590
2025/02/17,Mon,107.430,106.790,107.500,106.660
2025/02/16,Sun,,,,
2025/02/15,Sat,,,,
2025/02/14,Fri,107.660,107.370,107.900,107.240
2025/02/13,Thu,107.930,107.660,108.320,107.330
2025/02/12,Wed,106.740,107.910,108.310,106.640
2025/02/11,Tue,106.180,106.700,106.860,105.790
2025/02/10,Mon,105.920,106.160,106.450,105.220
2025/02/09,Sun,,,,
2025/02/08,Sat,,,,
2025/02/07,Fri,105.850,105.910,106.470,105.370
2025/02/06,Thu,106.650,105.840,106.700,105.630
2025/02/05,Wed,107.770,106.620,107.840,106.410
2025/02/04,Tue,107.250,107.730,108.040,106.770
2025/02/03,Mon,105.660,107.240,107.530,104.900
2025/02/02,Sun,,,,
2025/02/01,Sat,,,,
2025/01/31,Fri,106.490,106.800,107.720,106.240
2025/01/30,Thu,107.660,106.470,107.810,105.740
2025/01/29,Wed,108.010,107.610,108.170,107.260
2025/01/28,Tue,107.510,107.990,108.310,107.390
2025/01/27,Mon,108.760,107.480,108.760,107.060
2025/01/26,Sun,,,,
2025/01/25,Sat,,,,
2025/01/24,Fri,108.500,108.720,109.300,108.050
2025/01/23,Thu,108.850,108.480,108.920,108.340
2025/01/22,Wed,108.590,108.860,109.100,108.440
2025/01/21,Tue,108.760,108.560,108.810,107.340
2025/01/20,Mon,107.950,108.730,109.030,107.750
2025/01/19,Sun,,,,
2025/01/18,Sat,,,,
2025/01/17,Fri,107.780,107.930,108.540,107.650
2025/01/16,Thu,109.110,107.750,109.220,107.750
2025/01/15,Wed,110.100,109.090,110.150,108.900
2025/01/14,Tue,109.530,110.070,110.170,109.390
2025/01/13,Mon,109.320,109.510,109.600,108.740
2025/01/12,Sun,,,,
2025/01/11,Sat,,,,
2025/01/10,Fri,109.880,109.330,110.200,109.130
2025/01/09,Thu,110.160,109.860,110.200,109.480
2025/01/08,Wed,109.990,110.130,110.310,109.870
2025/01/07,Tue,109.990,109.980,110.480,109.840
2025/01/06,Mon,108.870,109.970,110.040,108.790
2025/01/05,Sun,,,,
2025/01/04,Sat,,,,
2025/01/03,Fri,109.380,108.850,109.490,108.570
2025/01/02,Thu,109.050,109.360,109.760,108.530
2025/01/01,Wed,109.300,109.040,109.330,109.030
2024/12/31,Tue,109.270,109.270,109.530,108.510
2024/12/30,Mon,109.490,109.240,109.850,108.640
2024/12/29,Sun,,,,
2024/12/28,Sat,,,,
2024/12/27,Fri,109.690,109.510,109.790,109.140
2024/12/26,Thu,109.590,109.660,109.740,109.210
2024/12/25,Wed,109.490,109.560,109.720,109.200
2024/12/24,Tue,109.380,109.420,109.630,108.950
2024/12/23,Mon,108.920,109.340,109.410,108.760
2024/12/22,Sun,,,,
2024/12/21,Sat,,,,
2024/12/20,Fri,109.350,108.820,109.640,108.600
2024/12/19,Thu,107.160,109.330,109.920,106.780
2024/12/18,Wed,107.240,107.140,107.630,106.970
2024/12/17,Tue,108.250,107.250,108.440,107.030
2024/12/16,Mon,108.000,108.230,108.530,107.800
2024/12/15,Sun,,,,
2024/12/14,Sat,,,,
2024/12/13,Fri,107.320,107.940,108.080,107.200
2024/12/12,Thu,107.680,107.320,108.020,107.130
2024/12/11,Wed,107.160,107.660,107.920,106.490
2024/12/10,Tue,106.720,107.120,107.460,106.430
2024/12/09,Mon,105.980,106.680,107.180,105.750
2024/12/08,Sun,,,,
2024/12/07,Sat,,,,
2024/12/06,Fri,107.000,105.940,107.330,105.810
2024/12/05,Thu,107.030,106.980,107.450,106.370
2024/12/04,Wed,106.350,107.010,107.530,106.250
2024/12/03,Tue,106.490,106.320,107.130,105.760
2024/12/02,Mon,106.920,106.460,107.470,105.950
2024/12/01,Sun,,,,
2024/11/30,Sat,,,,
2024/11/29,Fri,108.160,106.940,108.190,106.760
2024/11/28,Thu,107.720,108.130,108.540,107.590
2024/11/27,Wed,108.950,107.680,109.040,107.310
2024/11/26,Tue,110.260,108.920,110.310,108.560
2024/11/25,Mon,110.700,110.240,110.940,109.910
2024/11/24,Sun,,,,
2024/11/23,Sat,,,,
2024/11/22,Fri,110.610,110.690,110.920,110.130
2024/11/21,Thu,111.220,110.550,111.230,110.230
2024/11/20,Wed,110.810,111.190,111.570,110.660
2024/11/19,Tue,110.360,110.780,110.850,109.250
2024/11/18,Mon,109.540,110.350,110.490,109.270
2024/11/17,Sun,,,,
2024/11/16,Sat,,,,
2024/11/15,Fri,111.160,109.520,111.440,109.240
2024/11/14,Thu,111.070,111.120,111.540,110.940
2024/11/13,Wed,110.880,111.050,111.290,110.560
2024/11/12,Tue,110.390,110.860,111.100,109.990
2024/11/11,Mon,109.750,110.380,110.570,109.670
2024/11/10,Sun,,,,
2024/11/09,Sat,,,,
2024/11/08,Fri,110.340,109.730,110.550,109.480
2024/11/07,Thu,110.950,110.320,111.190,110.220
2024/11/06,Wed,109.660,110.930,111.040,109.370
2024/11/05,Tue,109.430,109.640,109.800,109.340
2024/11/04,Mon,109.640,109.420,109.790,109.000
2024/11/03,Sun,,,,
2024/11/02,Sat,,,,
2024/11/01,Fri,109.120,109.620,109.980,108.940
2024/10/31,Thu,110.340,109.110,110.390,109.060
2024/10/30,Wed,110.220,110.340,110.410,109.740
2024/10/29,Tue,110.340,110.200,110.710,109.910
2024/10/28,Mon,109.640,110.350,110.730,109.640
2024/10/27,Sun,,,,
2024/10/26,Sat,,,,
2024/10/25,Fri,109.590,109.620,109.950,109.340
2024/10/24,Thu,110.380,109.570,110.510,109.390
2024/10/23,Wed,109.330,110.390,110.670,109.250
2024/10/22,Tue,109.060,109.310,109.410,108.790
2024/10/21,Mon,108.350,109.040,109.100,107.990
2024/10/20,Sun,,,,
2024/10/19,Sat,,,,
2024/10/18,Fri,108.890,108.330,108.940,108.210
2024/10/17,Thu,108.820,108.870,108.990,108.450
2024/10/16,Wed,108.320,108.780,108.930,108.020
2024/10/15,Tue,108.560,108.300,108.620,107.690
2024/10/14,Mon,108.360,108.550,108.760,108.200
2024/10/13,Sun,,,,
2024/10/12,Sat,,,,
2024/10/11,Fri,108.130,108.360,108.630,107.950
2024/10/10,Thu,108.890,108.110,109.100,107.820
2024/10/09,Wed,108.590,108.880,109.100,108.400
2024/10/08,Tue,108.810,108.570,108.830,108.020
2024/10/07,Mon,109.590,108.800,109.840,108.560
2024/10/06,Sun,,,,
2024/10/05,Sat,,,,
2024/10/04,Fri,108.400,109.520,109.760,107.660
2024/10/03,Thu,108.480,108.370,108.970,108.150
2024/10/02,Wed,106.420,108.460,108.570,106.290
2024/10/01,Tue,106.200,106.410,106.920,105.840
2024/09/30,Mon,105.220,106.180,106.370,104.850
2024/09/29,Sun,,,,
2024/09/28,Sat,,,,
2024/09/27,Fri,107.560,105.180,108.580,105.050
2024/09/26,Thu,107.350,107.540,107.760,106.990
2024/09/25,Wed,106.640,107.320,107.550,106.430
2024/09/24,Tue,106.060,106.630,107.070,105.990
2024/09/23,Mon,106.120,106.040,106.790,105.660
2024/09/22,Sun,,,,
2024/09/21,Sat,,,,
2024/09/20,Fri,105.200,106.040,106.440,104.550
2024/09/19,Thu,104.590,105.170,105.970,104.300
2024/09/18,Wed,104.740,104.570,104.900,103.660
2024/09/17,Tue,103.520,104.720,104.790,103.250
2024/09/16,Mon,103.620,103.470,103.750,102.800
2024/09/15,Sun,,,,
2024/09/14,Sat,,,,
2024/09/13,Fri,104.430,103.650,104.480,103.330
2024/09/12,Thu,104.870,104.400,105.430,104.360
2024/09/11,Wed,104.680,104.850,105.020,103.490
2024/09/10,Tue,105.620,104.640,105.920,104.480
2024/09/09,Mon,104.850,105.590,106.050,104.610
2024/09/08,Sun,,,,
2024/09/07,Sat,,,,
2024/09/06,Fri,106.230,104.780,106.490,104.660
2024/09/05,Thu,106.420,106.220,106.760,105.650
2024/09/04,Wed,107.340,106.410,107.540,106.370
2024/09/03,Tue,108.870,107.340,109.040,107.120
2024/09/02,Mon,108.370,108.850,109.070,107.970
2024/09/01,Sun,,,,
2024/08/31,Sat,,,,
2024/08/30,Fri,107.530,108.310,108.560,107.270
2024/08/29,Thu,107.250,107.500,108.010,106.990
2024/08/28,Wed,107.100,107.250,107.690,106.870
2024/08/27,Tue,107.160,107.060,107.770,106.970
2024/08/26,Mon,106.910,107.150,107.340,106.220
2024/08/25,Sun,,,,
2024/08/24,Sat,,,,
2024/08/23,Fri,107.440,106.870,107.900,106.580
2024/08/22,Thu,106.870,107.410,107.720,106.620
2024/08/21,Wed,106.640,106.840,107.780,106.360
2024/08/20,Tue,107.520,106.610,108.070,106.600
2024/08/19,Mon,107.780,107.500,108.260,106.210
2024/08/18,Sun,,,,
2024/08/17,Sat,,,,
2024/08/16,Fri,108.740,107.860,108.800,107.510
2024/08/15,Thu,107.410,108.710,108.820,107.240
2024/08/14,Wed,107.150,107.380,107.610,106.490
2024/08/13,Tue,107.110,107.130,107.780,106.900
2024/08/12,Mon,106.790,107.090,108.000,106.730
2024/08/11,Sun,,,,
2024/08/10,Sat,,,,
2024/08/09,Fri,107.260,106.770,107.620,106.550
2024/08/08,Thu,106.620,107.230,107.380,105.790
2024/08/07,Wed,104.700,106.610,107.610,104.670
2024/08/06,Tue,104.300,104.670,106.000,103.960
2024/08/05,Mon,105.650,104.270,105.690,101.650
2024/08/04,Sun,,,,
2024/08/03,Sat,,,,
2024/08/02,Fri,107.650,105.620,107.990,105.610
2024/08/01,Thu,108.630,107.640,109.240,107.560
2024/07/31,Wed,110.320,108.610,111.050,108.340
2024/07/30,Tue,111.190,110.280,112.120,110.220
2024/07/29,Mon,111.130,111.160,111.630,110.720
2024/07/28,Sun,,,,
2024/07/27,Sat,,,,
2024/07/26,Fri,111.360,111.070,112.000,110.750
2024/07/25,Thu,111.460,111.340,111.780,109.880
2024/07/24,Wed,112.890,111.430,113.190,110.940
2024/07/23,Tue,114.170,112.860,114.220,112.840
2024/07/22,Mon,114.740,114.110,114.860,113.740
2024/07/21,Sun,,,,
2024/07/20,Sat,,,,
2024/07/19,Fri,114.820,114.650,115.200,114.510
2024/07/18,Thu,114.150,114.790,114.860,113.570
2024/07/17,Wed,115.810,114.100,115.940,114.010
2024/07/16,Tue,115.480,115.790,116.030,115.460
2024/07/15,Mon,115.820,115.480,116.060,115.050
2024/07/14,Sun,,,,
2024/07/13,Sat,,,,
2024/07/12,Fri,116.480,115.810,116.970,115.460
2024/07/11,Thu,118.710,116.470,118.880,115.710
2024/07/10,Wed,118.330,118.680,118.880,118.250
2024/07/09,Tue,117.950,118.280,118.410,117.870
2024/07/08,Mon,117.830,117.920,118.170,117.490
2024/07/07,Sun,,,,
2024/07/06,Sat,,,,
2024/07/05,Fri,118.460,117.800,118.560,117.720
2024/07/04,Thu,118.560,118.430,118.620,118.150
2024/07/03,Wed,118.040,118.530,118.680,117.990
2024/07/02,Tue,117.540,118.000,118.170,117.480
2024/07/01,Mon,117.600,117.530,117.930,117.380
2024/06/30,Sun,,,,
2024/06/29,Sat,,,,
2024/06/28,Fri,117.330,117.550,117.770,117.010
2024/06/27,Thu,117.370,117.310,117.510,117.020
2024/06/26,Wed,116.940,117.340,117.440,116.830
2024/06/25,Tue,116.870,116.910,117.070,116.530
2024/06/24,Mon,116.680,116.840,117.050,116.120
2024/06/23,Sun,,,,
2024/06/22,Sat,,,,
2024/06/21,Fri,116.100,116.650,116.740,115.830
2024/06/20,Thu,115.340,116.060,116.170,115.210
2024/06/19,Wed,115.090,115.300,115.360,114.820
2024/06/18,Tue,114.930,115.060,115.220,114.670
2024/06/17,Mon,114.590,114.900,114.970,114.270
2024/06/16,Sun,,,,
2024/06/15,Sat,,,,
2024/06/14,Fri,114.250,114.570,115.130,114.000
2024/06/13,Thu,114.200,114.250,114.590,113.890
2024/06/12,Wed,114.170,114.170,114.750,113.510
2024/06/11,Tue,114.130,114.140,114.420,113.850
2024/06/10,Mon,113.930,114.100,114.220,113.760
2024/06/09,Sun,,,,
2024/06/08,Sat,,,,
2024/06/07,Fri,113.840,113.830,114.410,113.440
2024/06/06,Thu,114.000,113.810,114.250,113.630
2024/06/05,Wed,113.240,113.970,114.310,113.150
2024/06/04,Tue,114.560,113.190,114.810,112.960
2024/06/03,Mon,115.440,114.520,115.570,114.290
2024/06/02,Sun,,,,
2024/06/01,Sat,,,,
2024/05/31,Fri,114.650,115.410,115.510,114.420
2024/05/30,Thu,114.910,114.620,114.950,114.060
2024/05/29,Wed,115.170,114.910,115.300,114.830
2024/05/28,Tue,115.080,115.130,115.230,114.930
2024/05/27,Mon,114.880,115.030,115.140,114.640
2024/05/26,Sun,,,,
2024/05/25,Sat,,,,
2024/05/24,Fri,114.310,114.860,115.020,114.230
2024/05/23,Thu,114.490,114.280,114.890,114.140
2024/05/22,Wed,114.390,114.460,114.690,114.310
2024/05/21,Tue,114.690,114.350,114.850,114.140
2024/05/20,Mon,114.360,114.650,114.850,114.190
2024/05/19,Sun,,,,
2024/05/18,Sat,,,,
2024/05/17,Fri,114.110,114.340,114.470,114.070
2024/05/16,Thu,113.850,114.090,114.210,112.960
2024/05/15,Wed,114.610,113.830,114.720,113.750
2024/05/14,Tue,114.290,114.590,114.820,114.230
2024/05/13,Mon,113.910,114.280,114.350,113.690
2024/05/12,Sun,,,,
2024/05/11,Sat,,,,
2024/05/10,Fri,113.680,113.880,114.230,113.520
2024/05/09,Thu,113.320,113.650,113.780,113.020
2024/05/08,Wed,112.710,113.310,113.440,112.600
2024/05/07,Tue,112.660,112.680,113.080,112.500
2024/05/06,Mon,111.790,112.580,112.800,111.670
2024/05/05,Sun,,,,
2024/05/04,Sat,,,,
2024/05/03,Fri,112.380,111.760,112.490,111.540
2024/05/02,Thu,112.450,112.340,113.820,111.900
2024/05/01,Wed,114.550,112.410,114.770,111.550
2024/04/30,Tue,114.430,114.510,114.880,114.240
2024/04/29,Mon,115.820,114.420,117.230,113.160
2024/04/28,Sun,,,,
2024/04/27,Sat,,,,
2024/04/26,Fri,114.000,115.790,115.940,113.610
2024/04/25,Thu,113.410,113.960,114.020,113.210
2024/04/24,Wed,113.320,113.330,113.400,112.840
2024/04/23,Tue,113.030,113.300,113.350,112.870
2024/04/22,Mon,112.420,113.010,113.150,112.350
2024/04/21,Sun,,,,
2024/04/20,Sat,,,,
2024/04/19,Fri,112.330,112.390,112.650,111.260
2024/04/18,Thu,112.090,112.300,112.480,111.890
2024/04/17,Wed,111.880,112.070,112.270,111.670
2024/04/16,Tue,111.900,111.860,112.280,111.280
2024/04/15,Mon,111.290,111.860,112.430,111.050
2024/04/14,Sun,,,,
2024/04/13,Sat,,,,
2024/04/12,Fri,111.970,111.260,112.000,110.850
2024/04/11,Thu,111.990,111.960,112.040,111.600
2024/04/10,Wed,111.840,111.920,112.030,111.410
2024/04/09,Tue,111.860,111.830,112.010,111.470
2024/04/08,Mon,111.570,111.840,111.910,111.400
2024/04/07,Sun,,,,
2024/04/06,Sat,,,,
2024/04/05,Fri,111.760,111.550,111.770,111.100
2024/04/04,Thu,112.140,111.720,112.500,111.480
2024/04/03,Wed,111.710,112.110,112.340,111.620
2024/04/02,Tue,111.750,111.690,111.900,111.570
2024/04/01,Mon,111.710,111.710,112.000,111.570
2024/03/31,Sun,,,,
2024/03/30,Sat,,,,
2024/03/29,Fri,111.790,111.760,111.930,111.590
2024/03/28,Thu,111.540,111.780,111.900,111.230
2024/03/27,Wed,111.580,111.530,111.760,111.100
2024/03/26,Tue,111.450,111.550,111.760,111.310
2024/03/25,Mon,111.350,111.420,111.600,111.030
2024/03/24,Sun,,,,
2024/03/23,Sat,,,,
2024/03/22,Fri,112.040,111.260,112.190,111.150
2024/03/21,Thu,112.120,112.030,112.330,111.590
2024/03/20,Wed,111.230,112.080,112.310,111.140
2024/03/19,Tue,110.230,111.190,111.360,110.090
2024/03/18,Mon,110.070,110.200,110.400,109.930
2024/03/17,Sun,,,,
2024/03/16,Sat,,,,
2024/03/15,Fri,109.610,110.030,110.340,109.350
2024/03/14,Thu,109.680,109.580,109.840,109.420
2024/03/13,Wed,109.460,109.680,109.870,109.120
2024/03/12,Tue,108.980,109.440,109.700,108.780
2024/03/11,Mon,109.100,108.970,109.130,108.670
2024/03/10,Sun,,,,
2024/03/09,Sat,,,,
2024/03/08,Fri,110.000,109.090,110.140,108.930
2024/03/07,Thu,110.530,109.970,110.560,109.370
2024/03/06,Wed,110.400,110.530,110.650,109.930
2024/03/05,Tue,110.900,110.360,110.920,110.170
2024/03/04,Mon,110.720,110.860,111.050,110.600
2024/03/03,Sun,,,,
2024/03/02,Sat,,,,
2024/03/01,Fri,110.460,110.690,110.980,110.430
2024/02/29,Thu,110.980,110.430,110.990,110.130
2024/02/28,Wed,111.260,110.960,111.290,110.760
2024/02/27,Tue,111.590,111.250,111.600,111.160
2024/02/26,Mon,111.480,111.560,111.640,111.180
2024/02/25,Sun,,,,
2024/02/24,Sat,,,,
2024/02/23,Fri,111.650,111.420,111.820,111.240
2024/02/22,Thu,111.290,111.640,111.750,111.250
2024/02/21,Wed,110.920,111.270,111.350,110.840
2024/02/20,Tue,111.290,110.890,111.470,110.670
2024/02/19,Mon,111.390,111.270,111.450,111.190
2024/02/18,Sun,,,,
2024/02/17,Sat,,,,
2024/02/16,Fri,111.340,111.370,111.640,111.290
2024/02/15,Thu,111.200,111.320,111.400,110.650
2024/02/14,Wed,111.190,111.160,111.350,110.910
2024/02/13,Tue,111.030,111.140,111.420,110.820
2024/02/12,Mon,110.920,111.010,111.210,110.560
2024/02/11,Sun,,,,
2024/02/10,Sat,,,,
2024/02/09,Fri,110.920,110.920,111.350,110.790
2024/02/08,Thu,110.070,110.910,111.060,109.910
2024/02/07,Wed,109.650,110.060,110.180,109.540
2024/02/06,Tue,109.810,109.640,109.990,109.440
2024/02/05,Mon,110.190,109.780,110.410,109.740
2024/02/04,Sun,,,,
2024/02/03,Sat,,,,
2024/02/02,Fri,109.400,110.200,110.400,109.320
2024/02/01,Thu,109.350,109.360,109.530,108.800
2024/01/31,Wed,110.170,109.330,110.230,109.110
2024/01/30,Tue,109.970,110.160,110.290,109.640
2024/01/29,Mon,110.110,109.920,110.240,109.700
2024/01/28,Sun,,,,
2024/01/27,Sat,,,,
2024/01/26,Fri,109.580,110.120,110.260,109.430
2024/01/25,Thu,109.080,109.570,109.710,108.920
2024/01/24,Wed,110.210,109.040,110.260,108.870
2024/01/23,Tue,109.890,110.210,110.260,109.230
2024/01/22,Mon,110.410,109.870,110.430,109.790
2024/01/21,Sun,,,,
2024/01/20,Sat,,,,
2024/01/19,Fri,109.870,110.300,110.380,109.690
2024/01/18,Thu,109.690,109.840,109.870,109.370
2024/01/17,Wed,109.120,109.690,109.920,108.990
2024/01/16,Tue,108.550,109.030,109.240,108.260
2024/01/15,Mon,108.080,108.520,108.790,108.040
2024/01/14,Sun,,,,
2024/01/13,Sat,,,,
2024/01/12,Fri,108.480,108.030,108.820,107.990
2024/01/11,Thu,108.930,108.460,109.260,108.440
2024/01/10,Wed,107.900,108.920,109.000,107.760
2024/01/09,Tue,108.040,107.880,108.100,107.220
2024/01/08,Mon,108.390,108.020,108.450,107.430
2024/01/07,Sun,,,,
2024/01/06,Sat,,,,
2024/01/05,Fri,108.340,108.210,109.040,108.030
2024/01/04,Thu,107.270,108.310,108.460,106.990
2024/01/03,Wed,106.560,107.300,107.630,106.450
2024/01/02,Tue,106.420,106.560,107.090,106.220
2024/01/01,Mon,106.490,106.400,106.590,106.380
2023/12/31,Sun,,,,
2023/12/30,Sat,,,,
2023/12/29,Fri,106.880,106.460,107.230,106.330
2023/12/28,Thu,107.380,106.850,107.390,106.320
2023/12/27,Wed,107.910,107.360,108.290,107.120
2023/12/26,Tue,107.380,107.900,108.010,107.160
2023/12/25,Mon,107.350,107.410,107.500,106.950
2023/12/24,Sun,,,,
2023/12/23,Sat,,,,
2023/12/22,Fri,107.000,107.270,107.600,106.840
2023/12/21,Thu,107.390,106.970,107.490,106.570
2023/12/20,Wed,107.880,107.350,108.060,107.370
2023/12/19,Tue,106.550,107.850,108.290,106.220
2023/12/18,Mon,106.380,106.510,107.000,106.180
2023/12/17,Sun,,,,
2023/12/16,Sat,,,,
2023/12/15,Fri,105.810,106.220,106.430,105.710
2023/12/14,Thu,105.720,105.810,105.910,104.740
2023/12/13,Wed,107.030,105.670,107.370,105.680
2023/12/12,Tue,107.670,107.000,107.720,106.800
2023/12/11,Mon,106.680,107.650,108.040,106.580
2023/12/10,Sun,,,,
2023/12/09,Sat,,,,
2023/12/08,Fri,105.980,106.640,106.820,104.890
2023/12/07,Thu,108.390,105.960,108.390,104.270
2023/12/06,Wed,108.260,108.360,108.720,108.200
2023/12/05,Tue,108.750,108.220,108.850,107.980
2023/12/04,Mon,108.710,108.730,108.880,108.140
2023/12/03,Sun,,,,
2023/12/02,Sat,,,,
2023/12/01,Fri,109.290,108.760,109.670,108.560
2023/11/30,Thu,108.380,109.270,109.470,108.040
2023/11/29,Wed,108.650,108.340,108.880,108.200
2023/11/28,Tue,109.190,108.630,109.530,108.590
2023/11/27,Mon,109.620,109.160,109.790,108.940
2023/11/26,Sun,,,,
2023/11/25,Sat,,,,
2023/11/24,Fri,109.210,109.570,110.010,108.890
2023/11/23,Thu,109.250,109.180,109.290,108.900
2023/11/22,Wed,108.320,109.230,109.320,108.040
2023/11/21,Tue,108.110,108.300,108.450,107.220
2023/11/20,Mon,109.080,108.070,109.330,107.940
2023/11/19,Sun,,,,
2023/11/18,Sat,,,,
2023/11/17,Fri,109.550,109.040,109.640,108.710
2023/11/16,Thu,110.650,109.540,110.660,109.270
2023/11/15,Wed,109.830,110.610,110.720,109.720
2023/11/14,Tue,109.910,109.810,110.030,109.580
2023/11/13,Mon,109.790,109.870,110.040,109.470
2023/11/12,Sun,,,,
2023/11/11,Sat,,,,
2023/11/10,Fri,109.620,109.760,109.870,109.340
2023/11/09,Thu,109.470,109.600,109.810,109.340
2023/11/08,Wed,109.230,109.450,109.510,109.180
2023/11/07,Tue,109.550,109.200,109.640,109.200
2023/11/06,Mon,109.350,109.520,109.780,109.250
2023/11/05,Sun,,,,
2023/11/04,Sat,,,,
2023/11/03,Fri,109.510,109.350,109.550,108.990
2023/11/02,Thu,108.940,109.470,109.590,108.500
2023/11/01,Wed,109.350,108.930,109.400,108.680
2023/10/31,Tue,107.850,109.310,109.380,107.770
2023/10/30,Mon,107.900,107.830,108.460,107.480
2023/10/29,Sun,,,,
2023/10/28,Sat,,,,
2023/10/27,Fri,108.740,107.830,108.860,107.710
2023/10/26,Thu,108.890,108.720,109.160,108.520
2023/10/25,Wed,109.140,108.870,109.150,108.560
2023/10/24,Tue,109.350,109.100,109.510,108.900
2023/10/23,Mon,109.210,109.330,109.560,109.120
2023/10/22,Sun,,,,
2023/10/21,Sat,,,,
2023/10/20,Fri,109.190,109.240,109.740,109.110
2023/10/19,Thu,109.340,109.150,109.460,109.010
2023/10/18,Wed,109.770,109.300,109.990,109.260
2023/10/17,Tue,109.850,109.740,109.960,109.270
2023/10/16,Mon,109.440,109.840,110.010,109.320
2023/10/15,Sun,,,,
2023/10/14,Sat,,,,
2023/10/13,Fri,109.430,109.470,109.790,109.280
2023/10/12,Thu,109.730,109.400,109.960,109.290
2023/10/11,Wed,109.480,109.700,109.790,109.260
2023/10/10,Tue,109.280,109.460,109.700,109.120
2023/10/09,Mon,109.180,109.260,109.400,108.940
2023/10/08,Sun,,,,
2023/10/07,Sat,,,,
2023/10/06,Fri,108.360,109.270,109.450,108.230
2023/10/05,Thu,108.490,108.330,108.520,107.970
2023/10/04,Wed,108.720,108.480,108.980,108.120
2023/10/03,Tue,109.580,108.700,109.640,107.590
2023/10/02,Mon,110.030,109.560,110.390,109.460
2023/10/01,Sun,,,,
2023/09/30,Sat,,,,
2023/09/29,Fri,110.690,109.990,111.200,109.970
2023/09/28,Thu,110.860,110.670,110.900,110.440
2023/09/27,Wed,110.280,110.840,110.900,110.160
2023/09/26,Tue,110.650,110.250,110.710,110.090
2023/09/25,Mon,110.020,110.650,110.690,109.970
2023/09/24,Sun,,,,
2023/09/23,Sat,,,,
2023/09/22,Fri,109.450,110.010,110.450,109.410
2023/09/21,Thu,110.190,109.450,110.270,109.210
2023/09/20,Wed,109.960,110.170,110.270,109.750
2023/09/19,Tue,109.440,109.940,110.470,109.380
2023/09/18,Mon,109.330,109.420,109.670,109.180
2023/09/17,Sun,,,,
2023/09/16,Sat,,,,
2023/09/15,Fri,109.170,109.320,109.510,109.020
2023/09/14,Thu,108.840,109.160,109.230,108.570
2023/09/13,Wed,108.510,108.800,109.110,108.460
2023/09/12,Tue,108.000,108.490,108.700,107.810
2023/09/11,Mon,108.440,107.960,108.530,107.260
2023/09/10,Sun,,,,
2023/09/09,Sat,,,,
2023/09/08,Fri,107.650,108.340,108.470,107.160
2023/09/07,Thu,108.280,107.630,108.380,107.400
2023/09/06,Wed,108.290,108.270,108.350,107.780
2023/09/05,Tue,107.780,108.260,108.570,107.440
2023/09/04,Mon,107.550,107.750,107.800,107.390
2023/09/03,Sun,,,,
2023/09/02,Sat,,,,
2023/09/01,Fri,107.740,107.540,107.850,106.670
2023/08/31,Thu,108.050,107.710,108.130,107.280
2023/08/30,Wed,107.620,108.050,108.130,107.510
2023/08/29,Tue,107.760,107.610,108.150,107.340
2023/08/28,Mon,107.650,107.750,108.040,107.590
2023/08/27,Sun,,,,
2023/08/26,Sat,,,,
2023/08/25,Fri,107.370,107.590,107.720,107.220
2023/08/24,Thu,107.080,107.350,107.690,106.880
2023/08/23,Wed,107.670,107.070,107.710,106.530
2023/08/22,Tue,107.930,107.650,108.040,107.430
2023/08/21,Mon,107.310,107.900,108.220,107.100
2023/08/20,Sun,,,,
2023/08/19,Sat,,,,
2023/08/18,Fri,107.680,107.280,107.760,107.020
2023/08/17,Thu,108.150,107.650,108.250,107.500
2023/08/16,Wed,107.850,108.090,108.210,107.600
2023/08/15,Tue,108.130,107.830,108.320,107.630
2023/08/14,Mon,107.900,108.100,108.150,107.510
2023/08/13,Sun,,,,
2023/08/12,Sat,,,,
2023/08/11,Fri,107.640,107.840,107.960,107.410
2023/08/10,Thu,107.100,107.610,107.910,107.010
2023/08/09,Wed,106.820,107.090,107.210,106.550
2023/08/08,Tue,106.570,106.830,107.120,105.890
2023/08/07,Mon,106.030,106.570,106.690,105.840
2023/08/06,Sun,,,,
2023/08/05,Sat,,,,
2023/08/04,Fri,106.760,105.990,107.070,105.890
2023/08/03,Thu,107.360,106.690,107.790,106.380
2023/08/02,Wed,107.940,107.340,107.950,106.820
2023/08/01,Tue,107.890,107.900,108.120,107.520
2023/07/31,Mon,106.690,107.870,108.150,106.170
2023/07/30,Sun,,,,
2023/07/29,Sat,,,,
2023/07/28,Fri,105.430,106.490,106.710,104.210
2023/07/27,Thu,106.160,105.440,107.100,104.790
2023/07/26,Wed,106.970,106.130,107.040,105.890
2023/07/25,Tue,107.440,106.940,107.700,106.840
2023/07/24,Mon,107.270,107.400,107.570,106.770
2023/07/23,Sun,,,,
2023/07/22,Sat,,,,
2023/07/21,Fri,106.330,107.210,107.820,106.070
2023/07/20,Thu,106.110,106.310,106.630,105.870
2023/07/19,Wed,105.430,106.080,106.370,105.350
2023/07/18,Tue,105.120,105.390,105.540,104.230
2023/07/17,Mon,104.990,105.080,105.740,104.380
2023/07/16,Sun,,,,
2023/07/15,Sat,,,,
2023/07/14,Fri,105.250,104.960,105.950,104.730
2023/07/13,Thu,105.060,105.280,105.530,104.750
2023/07/12,Wed,106.100,105.010,106.130,104.790
2023/07/11,Tue,106.410,106.080,106.630,105.640
2023/07/10,Mon,107.060,106.400,107.610,106.380
2023/07/09,Sun,,,,
2023/07/08,Sat,,,,
2023/07/07,Fri,107.780,107.020,107.870,106.870
2023/07/06,Thu,108.910,107.760,108.960,107.740
2023/07/05,Wed,109.230,108.890,109.420,108.500
2023/07/04,Tue,109.210,109.220,109.390,108.990
2023/07/03,Mon,109.000,109.140,109.400,108.780
2023/07/02,Sun,,,,
2023/07/01,Sat,,,,
2023/06/30,Fri,109.240,109.000,109.430,108.730
2023/06/29,Thu,108.970,109.210,109.440,108.650
2023/06/28,Wed,109.210,108.950,109.240,108.620
2023/06/27,Tue,109.110,109.190,109.530,108.750
2023/06/26,Mon,109.000,109.080,109.300,108.600
2023/06/25,Sun,,,,
2023/06/24,Sat,,,,
2023/06/23,Fri,108.820,108.960,109.150,108.000
2023/06/22,Thu,107.810,108.810,108.940,107.580
2023/06/21,Wed,106.900,107.760,107.920,106.790
2023/06/20,Tue,107.460,106.850,107.680,106.540
2023/06/19,Mon,107.420,107.460,107.700,106.970
2023/06/18,Sun,,,,
2023/06/17,Sat,,,,
2023/06/16,Fri,106.090,107.440,107.670,105.730
2023/06/15,Thu,105.160,106.080,106.260,105.000
2023/06/14,Wed,105.290,105.130,105.410,104.720
2023/06/13,Tue,104.420,105.260,105.470,104.230
2023/06/12,Mon,104.460,104.420,104.790,104.270
2023/06/11,Sun,,,,
2023/06/10,Sat,,,,
2023/06/09,Fri,104.020,104.410,104.790,103.850
2023/06/08,Thu,104.800,104.010,104.880,103.690
2023/06/07,Wed,104.190,104.760,104.900,103.690
2023/06/06,Tue,103.780,104.160,104.380,103.610
2023/06/05,Mon,104.200,103.770,104.610,103.490
2023/06/04,Sun,,,,
2023/06/03,Sat,,,,
2023/06/02,Fri,103.180,104.220,104.290,103.130
2023/06/01,Thu,102.670,103.170,103.340,102.410
2023/05/31,Wed,102.780,102.640,103.030,102.140
2023/05/30,Tue,103.350,102.750,103.610,102.600
2023/05/29,Mon,103.330,103.330,103.570,102.960
2023/05/28,Sun,,,,
2023/05/27,Sat,,,,
2023/05/26,Fri,102.680,103.270,103.360,102.350
2023/05/25,Thu,102.590,102.660,102.870,102.100
2023/05/24,Wed,102.590,102.570,102.690,102.110
2023/05/23,Tue,102.630,102.610,102.920,102.160
2023/05/22,Mon,102.210,102.590,102.680,101.860
2023/05/21,Sun,,,,
2023/05/20,Sat,,,,
2023/05/19,Fri,102.740,102.170,102.930,101.650
2023/05/18,Thu,102.330,102.720,102.870,101.940
2023/05/17,Wed,101.160,102.320,102.410,101.120
2023/05/16,Tue,101.070,101.120,101.700,100.680
2023/05/15,Mon,100.070,101.040,101.150,100.000
2023/05/14,Sun,,,,
2023/05/13,Sat,,,,
2023/05/12,Fri,99.730,100.140,100.230,99.620
2023/05/11,Thu,100.480,99.710,100.600,99.350
2023/05/10,Wed,101.020,100.450,101.360,100.010
2023/05/09,Tue,101.030,100.970,101.200,100.670
2023/05/08,Mon,100.750,100.990,101.440,100.710
2023/05/07,Sun,,,,
2023/05/06,Sat,,,,
2023/05/05,Fri,99.190,100.800,100.850,99.070
2023/05/04,Thu,98.910,99.160,99.240,98.370
2023/05/03,Wed,100.220,98.910,100.290,98.920
2023/05/02,Tue,101.520,100.180,101.810,99.990
2023/05/01,Mon,100.570,101.490,101.600,100.460
2023/04/30,Sun,,,,
2023/04/29,Sat,,,,
2023/04/28,Fri,98.560,100.550,100.700,98.030
2023/04/27,Thu,98.030,98.540,98.640,97.800
2023/04/26,Wed,98.120,98.000,98.380,97.560
2023/04/25,Tue,99.140,98.110,99.330,97.740
2023/04/24,Mon,99.070,99.110,99.550,98.840
2023/04/23,Sun,,,,
2023/04/22,Sat,,,,
2023/04/21,Fri,99.600,99.060,99.660,98.660
2023/04/20,Thu,100.070,99.580,100.260,99.520
2023/04/19,Wed,100.160,100.050,100.570,99.940
2023/04/18,Tue,100.380,100.130,100.610,100.030
2023/04/17,Mon,100.150,100.380,100.500,100.030
2023/04/16,Sun,,,,
2023/04/15,Sat,,,,
2023/04/14,Fri,99.400,100.080,100.190,99.200
2023/04/13,Thu,99.050,99.380,99.590,98.720
2023/04/12,Wed,99.260,99.030,99.560,98.680
2023/04/11,Tue,98.900,99.240,99.360,98.470
2023/04/10,Mon,97.810,98.870,98.960,97.620
2023/04/09,Sun,,,,
2023/04/08,Sat,,,,
2023/04/07,Fri,97.670,97.790,97.960,97.360
2023/04/06,Thu,97.560,97.650,97.890,97.160
2023/04/05,Wed,97.990,97.560,98.150,97.130
2023/04/04,Tue,98.540,97.960,99.180,97.690
2023/04/03,Mon,98.250,98.530,99.070,98.240
2023/04/02,Sun,,,,
2023/04/01,Sat,,,,
2023/03/31,Fri,98.100,98.240,98.760,97.950
2023/03/30,Thu,98.000,98.070,98.230,97.570
2023/03/29,Wed,96.240,97.970,98.030,96.170
2023/03/28,Tue,96.300,96.220,96.350,95.500
2023/03/27,Mon,95.120,96.300,96.530,94.960
2023/03/26,Sun,,,,
2023/03/25,Sat,,,,
2023/03/24,Fri,95.390,95.060,95.480,94.070
2023/03/23,Thu,95.750,95.360,96.340,94.890
2023/03/22,Wed,96.620,95.730,97.130,95.450
2023/03/21,Tue,96.100,96.610,96.950,95.790
2023/03/20,Mon,96.500,96.070,96.890,95.020
2023/03/19,Sun,,,,
2023/03/18,Sat,,,,
2023/03/17,Fri,97.480,95.970,97.520,95.800
2023/03/16,Thu,96.890,97.450,97.600,95.740
2023/03/15,Wed,98.080,96.890,98.660,95.890
2023/03/14,Tue,97.050,98.060,98.730,96.830
2023/03/13,Mon,97.690,97.020,98.080,95.930
2023/03/12,Sun,,,,
2023/03/11,Sat,,,,
2023/03/10,Fri,98.460,97.590,99.200,97.220
2023/03/09,Thu,99.530,98.430,99.560,98.360
2023/03/08,Wed,99.720,99.490,100.200,99.080
2023/03/07,Tue,99.840,99.690,100.040,99.460
2023/03/06,Mon,99.950,99.820,100.100,99.590
2023/03/05,Sun,,,,
2023/03/04,Sat,,,,
2023/03/03,Fri,100.600,99.920,100.660,99.670
2023/03/02,Thu,100.180,100.570,100.630,100.060
2023/03/01,Wed,99.820,100.150,100.250,99.490
2023/02/28,Tue,100.340,99.790,100.910,99.700
2023/02/27,Mon,100.260,100.300,100.560,100.000
2023/02/26,Sun,,,,
2023/02/25,Sat,,,,
2023/02/24,Fri,99.440,100.240,100.340,99.040
2023/02/23,Thu,99.570,99.400,99.930,99.270
2023/02/22,Wed,99.700,99.540,99.810,99.280
2023/02/21,Tue,99.800,99.680,100.320,99.530
2023/02/20,Mon,99.560,99.760,99.870,99.400
2023/02/19,Sun,,,,
2023/02/18,Sat,,,,
2023/02/17,Fri,99.530,99.560,99.970,99.390
2023/02/16,Thu,100.150,99.510,100.240,99.440
2023/02/15,Wed,99.810,100.120,100.300,99.320
2023/02/14,Tue,99.320,99.790,99.840,98.820
2023/02/13,Mon,98.480,99.300,99.600,98.360
2023/02/12,Sun,,,,
2023/02/11,Sat,,,,
2023/02/10,Fri,97.820,98.480,98.570,96.610
2023/02/09,Thu,97.730,97.770,98.070,97.410
2023/02/08,Wed,97.820,97.670,98.090,97.590
2023/02/07,Tue,98.640,97.810,98.730,97.470
2023/02/06,Mon,98.600,98.630,98.880,98.090
2023/02/05,Sun,,,,
2023/02/04,Sat,,,,
2023/02/03,Fri,96.610,97.880,98.090,95.890
2023/02/02,Thu,97.040,96.610,97.260,96.360
2023/02/01,Wed,97.790,97.010,97.990,96.640
2023/01/31,Tue,97.440,97.760,97.910,96.730
2023/01/30,Mon,97.560,97.430,97.890,96.990
2023/01/29,Sun,,,,
2023/01/28,Sat,,,,
2023/01/27,Fri,97.710,97.540,97.790,97.240
2023/01/26,Thu,96.770,97.740,97.810,96.280
2023/01/25,Wed,97.350,96.750,97.800,96.340
2023/01/24,Tue,97.760,97.320,97.840,97.150
2023/01/23,Mon,96.810,97.730,97.800,96.510
2023/01/22,Sun,,,,
2023/01/21,Sat,,,,
2023/01/20,Fri,95.410,96.820,96.990,95.310
2023/01/19,Thu,95.540,95.380,95.600,94.630
2023/01/18,Wed,95.720,95.500,98.310,95.370
2023/01/17,Tue,95.900,95.680,96.240,95.650
2023/01/16,Mon,95.420,95.870,96.160,95.240
2023/01/15,Sun,,,,
2023/01/14,Sat,,,,
2023/01/13,Fri,96.710,95.430,96.840,95.070
2023/01/12,Thu,98.680,96.710,98.720,96.540
2023/01/11,Wed,98.510,98.670,98.970,98.300
2023/01/10,Tue,98.530,98.500,98.780,98.170
2023/01/09,Mon,98.250,98.510,99.100,97.920
2023/01/08,Sun,,,,
2023/01/07,Sat,,,,
2023/01/06,Fri,98.270,98.220,99.090,98.080
2023/01/05,Thu,98.400,98.280,98.860,97.620
2023/01/04,Wed,95.840,98.380,98.480,95.510
2023/01/03,Tue,96.330,95.810,96.900,95.400
2023/01/02,Mon,96.770,96.290,96.880,96.180
2023/01/01,Sun,,,,
2022/12/31,Sat,,,,
2022/12/30,Fri,98.180,96.740,98.230,96.460
2022/12/29,Thu,98.820,98.160,98.840,97.970
2022/12/28,Wed,98.670,98.790,99.320,98.640
2022/12/27,Tue,97.820,98.710,98.950,97.770
2022/12/26,Mon,97.570,97.780,98.000,97.180
2022/12/25,Sun,,,,
2022/12/24,Sat,,,,
2022/12/23,Fri,96.980,97.630,97.940,96.840
2022/12/22,Thu,97.350,96.940,97.350,96.730
2022/12/21,Wed,96.780,97.310,97.390,96.620
2022/12/20,Tue,100.350,96.750,100.780,95.850
2022/12/19,Mon,99.300,100.320,100.490,99.270
2022/12/18,Sun,,,,
2022/12/17,Sat,,,,
2022/12/16,Fri,100.890,99.740,100.960,99.520
2022/12/15,Thu,99.980,100.830,101.160,99.740
2022/12/14,Wed,100.050,99.960,100.150,99.300
2022/12/13,Tue,100.960,100.030,101.440,99.470
2022/12/12,Mon,100.060,100.930,101.130,99.990
2022/12/11,Sun,,,,
2022/12/10,Sat,,,,
2022/12/09,Fri,100.520,100.010,100.640,99.330
2022/12/08,Thu,100.080,100.510,100.740,99.790
2022/12/07,Wed,100.380,100.050,100.960,99.830
2022/12/06,Tue,100.630,100.360,101.070,99.840
2022/12/05,Mon,99.750,100.600,101.150,99.700
2022/12/04,Sun,,,,
2022/12/03,Sat,,,,
2022/12/02,Fri,100.730,99.690,100.850,99.480
2022/12/01,Thu,102.960,100.720,102.980,100.550
2022/11/30,Wed,102.150,102.920,103.510,101.950
2022/11/29,Tue,102.940,102.110,103.310,101.350
2022/11/28,Mon,103.840,102.910,104.090,102.320
2022/11/27,Sun,,,,
2022/11/26,Sat,,,,
2022/11/25,Fri,103.940,103.980,104.560,103.800
2022/11/24,Thu,104.550,103.920,104.590,103.400
2022/11/23,Wed,105.600,104.520,105.750,104.090
2022/11/22,Tue,105.700,105.570,105.790,105.310
2022/11/21,Mon,104.860,105.660,105.850,104.590
2022/11/20,Sun,,,,
2022/11/19,Sat,,,,
2022/11/18,Fri,105.200,104.830,105.440,104.340
2022/11/17,Thu,104.710,105.160,105.390,104.350
2022/11/16,Wed,104.890,104.670,105.530,104.500
2022/11/15,Tue,105.090,104.860,105.680,104.080
2022/11/14,Mon,104.710,105.050,105.950,104.350
2022/11/13,Sun,,,,
2022/11/12,Sat,,,,
2022/11/11,Fri,105.860,104.680,106.740,104.400
2022/11/10,Thu,108.260,105.800,108.580,105.310
2022/11/09,Wed,108.510,108.260,108.960,108.140
2022/11/08,Tue,108.640,108.480,108.750,108.100
2022/11/07,Mon,108.250,108.610,109.020,108.230
2022/11/06,Sun,,,,
2022/11/05,Sat,,,,
2022/11/04,Fri,107.870,108.750,109.040,107.680
2022/11/03,Thu,107.880,107.860,108.060,107.170
2022/11/02,Wed,108.780,107.860,108.840,107.310
2022/11/01,Tue,109.160,108.750,109.320,108.320
2022/10/31,Mon,108.310,109.140,109.240,108.300
2022/10/30,Sun,,,,
2022/10/29,Sat,,,,
2022/10/28,Fri,107.840,108.390,108.650,107.690
2022/10/27,Thu,108.000,107.810,108.120,107.100
2022/10/26,Wed,108.720,107.960,109.040,107.370
2022/10/25,Tue,108.700,108.680,108.880,108.270
2022/10/24,Mon,108.180,108.690,109.570,106.890
2022/10/23,Sun,,,,
2022/10/22,Sat,,,,
2022/10/21,Fri,109.080,108.220,110.370,106.980
2022/10/20,Thu,108.880,109.060,109.690,108.570
2022/10/19,Wed,108.650,108.870,108.980,108.390
2022/10/18,Tue,108.700,108.610,108.950,108.060
2022/10/17,Mon,107.200,108.650,108.690,106.950
2022/10/16,Sun,,,,
2022/10/15,Sat,,,,
2022/10/14,Fri,107.040,107.120,107.590,106.840
2022/10/13,Thu,106.340,107.040,107.260,105.070
2022/10/12,Wed,105.720,106.320,106.710,105.620
2022/10/11,Tue,105.780,105.700,106.130,105.100
2022/10/10,Mon,105.820,105.730,106.230,105.670
2022/10/09,Sun,,,,
2022/10/08,Sat,,,,
2022/10/07,Fri,105.560,105.760,106.170,105.310
2022/10/06,Thu,106.240,105.540,106.550,105.440
2022/10/05,Wed,106.670,106.210,106.790,105.700
2022/10/04,Tue,106.100,106.610,106.740,105.920
2022/10/03,Mon,104.530,106.060,106.240,104.510
2022/10/02,Sun,,,,
2022/10/01,Sat,,,,
2022/09/30,Fri,105.610,104.660,105.810,104.610
2022/09/29,Thu,105.930,105.580,106.020,105.130
2022/09/28,Wed,105.480,105.930,105.980,104.640
2022/09/27,Tue,105.410,105.490,105.810,105.120
2022/09/26,Mon,105.470,105.370,106.070,104.700
2022/09/25,Sun,,,,
2022/09/24,Sat,,,,
2022/09/23,Fri,105.530,105.440,105.870,105.150
2022/09/22,Thu,106.980,105.540,108.170,104.560
2022/09/21,Wed,107.540,106.930,107.820,106.920
2022/09/20,Tue,108.080,107.510,108.350,107.400
2022/09/19,Mon,107.800,108.050,108.130,107.460
2022/09/18,Sun,,,,
2022/09/17,Sat,,,,
2022/09/16,Fri,108.500,107.750,108.520,107.490
2022/09/15,Thu,108.740,108.470,109.200,108.370
2022/09/14,Wed,109.790,108.710,110.010,108.250
2022/09/13,Tue,109.930,109.740,110.540,108.890
2022/09/12,Mon,109.450,109.910,110.230,109.000
2022/09/11,Sun,,,,
2022/09/10,Sat,,,,
2022/09/09,Fri,110.100,109.380,110.250,108.900
2022/09/08,Thu,109.500,110.070,110.130,109.180
2022/09/07,Wed,108.560,109.530,110.130,108.490
2022/09/06,Tue,106.980,108.540,108.990,106.870
2022/09/05,Mon,106.730,106.950,107.110,106.570
2022/09/04,Sun,,,,
2022/09/03,Sat,,,,
2022/09/02,Fri,106.580,106.730,107.190,106.390
2022/09/01,Thu,105.840,106.550,106.600,105.480
2022/08/31,Wed,106.000,105.800,106.090,105.590
2022/08/30,Tue,106.610,105.970,106.690,105.780
2022/08/29,Mon,105.560,106.590,106.820,105.510
2022/08/28,Sun,,,,
2022/08/27,Sat,,,,
2022/08/26,Fri,105.630,105.480,106.040,105.280
2022/08/25,Thu,105.750,105.610,105.910,105.410
2022/08/24,Wed,105.600,105.710,105.840,105.070
2022/08/23,Tue,105.300,105.570,105.820,104.860
2022/08/22,Mon,105.370,105.250,105.790,105.010
2022/08/21,Sun,,,,
2022/08/20,Sat,,,,
2022/08/19,Fri,104.940,105.360,105.640,104.810
2022/08/18,Thu,104.580,104.920,105.120,104.290
2022/08/17,Wed,104.490,104.530,104.970,104.200
2022/08/16,Tue,103.300,104.460,104.670,102.900
2022/08/15,Mon,104.550,103.300,104.580,102.580
2022/08/14,Sun,,,,
2022/08/13,Sat,,,,
2022/08/12,Fri,104.170,104.490,104.750,104.090
2022/08/11,Thu,104.050,104.170,104.360,103.220
2022/08/10,Wed,104.850,103.990,105.100,103.270
2022/08/09,Tue,105.000,104.820,105.110,104.610
2022/08/08,Mon,104.380,105.020,105.080,104.290
2022/08/07,Sun,,,,
2022/08/06,Sat,,,,
2022/08/05,Fri,103.300,104.350,104.760,102.960
2022/08/04,Thu,104.240,103.280,104.740,103.260
2022/08/03,Wed,103.390,104.220,104.600,102.870
2022/08/02,Tue,102.470,103.380,103.510,101.410
2022/08/01,Mon,104.130,102.450,104.250,102.420
2022/07/31,Sun,,,,
2022/07/30,Sat,,,,
2022/07/29,Fri,104.870,104.100,105.170,103.540
2022/07/28,Thu,106.490,104.830,106.540,104.570
2022/07/27,Wed,106.250,106.450,106.660,106.150
2022/07/26,Tue,106.380,106.220,106.650,105.830
2022/07/25,Mon,105.350,106.330,106.510,105.060
2022/07/24,Sun,,,,
2022/07/23,Sat,,,,
2022/07/22,Fri,106.760,105.320,107.080,105.260
2022/07/21,Thu,107.280,106.740,107.680,106.680
2022/07/20,Wed,107.390,107.250,107.590,106.970
2022/07/19,Tue,106.420,107.350,107.430,106.140
2022/07/18,Mon,106.380,106.400,107.040,106.110
2022/07/17,Sun,,,,
2022/07/16,Sat,,,,
2022/07/15,Fri,105.930,106.280,106.500,105.500
2022/07/14,Thu,105.930,105.860,106.960,105.270
2022/07/13,Wed,105.100,105.900,106.310,104.890
2022/07/12,Tue,105.660,105.080,105.770,104.630
2022/07/11,Mon,105.090,105.630,105.860,104.970
2022/07/10,Sun,,,,
2022/07/09,Sat,,,,
2022/07/08,Fri,104.910,105.060,105.240,104.110
2022/07/07,Thu,104.270,104.860,104.900,103.860
2022/07/06,Wed,104.220,104.250,104.410,103.360
2022/07/05,Tue,105.520,104.190,106.150,103.640
2022/07/04,Mon,105.040,105.490,105.600,104.480
2022/07/03,Sun,,,,
2022/07/02,Sat,,,,
2022/07/01,Fri,105.440,104.930,105.680,104.150
2022/06/30,Thu,105.950,105.440,106.110,105.140
2022/06/29,Wed,105.740,105.920,106.470,105.450
2022/06/28,Tue,105.160,105.710,106.260,104.940
2022/06/27,Mon,104.840,105.130,105.260,104.200
2022/06/26,Sun,,,,
2022/06/25,Sat,,,,
2022/06/24,Fri,103.840,104.810,104.930,103.490
2022/06/23,Thu,105.250,103.810,105.260,103.520
2022/06/22,Wed,105.760,105.230,105.830,104.590
2022/06/21,Tue,104.080,105.700,105.860,103.920
2022/06/20,Mon,103.540,104.040,104.170,103.460
2022/06/19,Sun,,,,
2022/06/18,Sat,,,,
2022/06/17,Fri,102.090,103.580,104.040,102.020
2022/06/16,Thu,103.830,102.080,104.560,101.640
2022/06/15,Wed,104.630,103.810,104.710,103.460
2022/06/14,Tue,104.220,104.620,104.720,103.690
2022/06/13,Mon,105.170,104.190,105.520,103.820
2022/06/12,Sun,,,,
2022/06/11,Sat,,,,
2022/06/10,Fri,105.790,105.140,105.920,104.590
2022/06/09,Thu,106.850,105.770,107.200,105.700
2022/06/08,Wed,105.800,106.870,107.240,105.780
2022/06/07,Tue,104.840,105.780,105.930,104.810
2022/06/06,Mon,103.950,104.830,105.010,103.600
2022/06/05,Sun,,,,
2022/06/04,Sat,,,,
2022/06/03,Fri,103.290,103.890,104.130,103.090
2022/06/02,Thu,102.790,103.260,103.360,102.460
2022/06/01,Wed,101.760,102.760,103.120,101.710
2022/05/31,Tue,100.790,101.740,101.980,100.660
2022/05/30,Mon,99.850,100.780,100.900,99.780
2022/05/29,Sun,,,,
2022/05/28,Sat,,,,
2022/05/27,Fri,99.530,99.870,99.970,99.290
2022/05/26,Thu,99.350,99.510,99.700,98.690
2022/05/25,Wed,98.940,99.340,99.470,98.460
2022/05/24,Tue,100.180,98.920,100.220,98.290
2022/05/23,Mon,99.640,100.150,100.210,99.250
2022/05/22,Sun,,,,
2022/05/21,Sat,,,,
2022/05/20,Fri,99.640,99.560,100.410,99.270
2022/05/19,Thu,99.480,99.620,100.590,99.120
2022/05/18,Wed,101.010,99.450,101.180,99.390
2022/05/17,Tue,100.570,100.980,101.140,100.270
2022/05/16,Mon,100.130,100.560,100.710,99.170
2022/05/15,Sun,,,,
2022/05/14,Sat,,,,
2022/05/13,Fri,98.380,100.050,100.250,98.300
2022/05/12,Thu,100.040,98.340,100.100,97.800
2022/05/11,Wed,100.160,99.990,100.770,99.570
2022/05/10,Tue,100.120,100.120,100.490,99.600
2022/05/09,Mon,101.170,100.110,101.520,100.070
2022/05/08,Sun,,,,
2022/05/07,Sat,,,,
2022/05/06,Fri,101.440,101.140,101.870,101.000
2022/05/05,Thu,101.370,101.380,102.030,101.140
2022/05/04,Wed,101.310,101.350,101.760,100.890
2022/05/03,Tue,101.030,101.280,101.450,100.860
2022/05/02,Mon,100.930,101.020,101.440,100.620
2022/05/01,Sun,,,,
2022/04/30,Sat,,,,
2022/04/29,Fri,102.180,100.960,102.450,100.780
2022/04/28,Thu,100.180,102.150,102.490,100.090
2022/04/27,Wed,99.200,100.170,100.320,99.020
2022/04/26,Tue,100.620,99.170,101.050,99.150
2022/04/25,Mon,101.190,100.590,101.370,99.810
2022/04/24,Sun,,,,
2022/04/23,Sat,,,,
2022/04/22,Fri,102.060,101.110,102.160,100.930
2022/04/21,Thu,102.350,102.030,102.970,101.850
2022/04/20,Wed,102.200,102.330,102.660,101.730
2022/04/19,Tue,100.650,102.140,102.210,100.630
2022/04/18,Mon,100.190,100.620,100.730,99.960
2022/04/17,Sun,,,,
2022/04/16,Sat,,,,
2022/04/15,Fri,99.900,100.160,100.550,99.810
2022/04/14,Thu,99.990,99.870,100.120,99.570
2022/04/13,Wed,99.150,99.970,100.070,99.130
2022/04/12,Tue,99.240,99.120,99.520,99.000
2022/04/11,Mon,98.910,99.200,99.880,98.630
2022/04/10,Sun,,,,
2022/04/09,Sat,,,,
2022/04/08,Fri,98.430,98.890,98.990,98.240
2022/04/07,Thu,98.690,98.400,98.830,98.190
2022/04/06,Wed,98.990,98.680,99.350,98.650
2022/04/05,Tue,98.370,98.960,99.310,98.000
2022/04/04,Mon,97.850,98.300,98.490,97.610
2022/04/03,Sun,,,,
2022/04/02,Sat,,,,
2022/04/01,Fri,97.330,97.820,98.450,97.270
2022/03/31,Thu,97.590,97.330,98.020,97.040
2022/03/30,Wed,98.260,97.540,98.590,97.100
2022/03/29,Tue,98.980,98.250,99.250,97.580
2022/03/28,Mon,97.770,98.970,100.210,97.700
2022/03/27,Sun,,,,
2022/03/26,Sat,,,,
2022/03/25,Fri,97.670,97.800,98.010,96.720
2022/03/24,Thu,96.460,97.650,97.720,96.220
2022/03/23,Wed,96.120,96.430,96.570,95.700
2022/03/22,Tue,94.880,96.090,96.160,94.840
2022/03/21,Mon,94.560,94.860,94.950,94.340
2022/03/20,Sun,,,,
2022/03/19,Sat,,,,
2022/03/18,Fri,93.920,94.530,94.640,93.770
2022/03/17,Thu,93.650,93.900,94.080,93.460
2022/03/16,Wed,92.690,93.640,93.720,92.570
2022/03/15,Tue,92.170,92.650,92.720,91.590
2022/03/14,Mon,92.040,92.130,92.600,92.020
2022/03/13,Sun,,,,
2022/03/12,Sat,,,,
2022/03/11,Fri,90.950,92.020,92.330,90.880
2022/03/10,Thu,90.430,90.920,91.070,90.280
2022/03/09,Wed,89.790,90.410,90.500,89.710
2022/03/08,Tue,89.960,89.770,90.320,89.650
2022/03/07,Mon,90.170,89.930,90.730,89.930
2022/03/06,Sun,,,,
2022/03/05,Sat,,,,
2022/03/04,Fri,91.060,90.140,91.160,89.790
2022/03/03,Thu,91.470,91.040,91.990,90.930
2022/03/02,Wed,90.180,91.430,91.510,90.080
2022/03/01,Tue,90.720,90.160,90.980,90.010
2022/02/28,Mon,90.560,90.690,91.020,90.020
2022/02/27,Sun,,,,
2022/02/26,Sat,,,,
2022/02/25,Fri,90.150,90.920,91.030,89.930
2022/02/24,Thu,90.310,90.150,90.430,89.230
2022/02/23,Wed,90.120,90.280,90.780,90.070
2022/02/22,Tue,90.000,90.110,90.570,89.690
2022/02/21,Mon,90.210,89.980,90.410,89.940
2022/02/20,Sun,,,,
2022/02/19,Sat,,,,
2022/02/18,Fri,90.470,90.170,90.980,90.150
2022/02/17,Thu,91.010,90.430,91.060,90.340
2022/02/16,Wed,90.910,91.020,91.420,90.840
2022/02/15,Tue,90.770,90.890,91.060,90.390
2022/02/14,Mon,90.570,90.740,90.940,90.010
2022/02/13,Sun,,,,
2022/02/12,Sat,,,,
2022/02/11,Fri,91.210,90.610,91.510,90.260
2022/02/10,Thu,91.150,91.190,91.730,91.020
2022/02/09,Wed,90.890,91.120,91.230,90.730
2022/02/08,Tue,90.890,90.870,91.080,90.720
2022/02/07,Mon,90.280,90.870,90.930,90.240
2022/02/06,Sun,,,,
2022/02/05,Sat,,,,
2022/02/04,Fri,90.700,90.230,90.800,90.120
2022/02/03,Thu,90.350,90.670,90.790,90.120
2022/02/02,Wed,90.420,90.320,90.530,89.940
2022/02/01,Tue,90.600,90.390,90.890,90.190
2022/01/31,Mon,90.300,90.570,90.830,90.210
2022/01/30,Sun,,,,
2022/01/29,Sat,,,,
2022/01/28,Fri,90.540,90.270,90.830,90.040
2022/01/27,Thu,90.500,90.510,91.190,90.090
2022/01/26,Wed,90.160,90.470,91.030,90.070
2022/01/25,Tue,90.200,90.140,90.450,89.790
2022/01/24,Mon,90.350,90.130,90.760,89.560
2022/01/23,Sun,,,,
2022/01/22,Sat,,,,
2022/01/21,Fri,91.260,90.330,91.310,90.270
2022/01/20,Thu,91.370,91.230,91.720,91.170
2022/01/19,Wed,91.600,91.330,91.960,91.270
2022/01/18,Tue,91.580,91.580,92.020,91.210
2022/01/17,Mon,90.970,91.510,91.680,90.960
2022/01/16,Sun,,,,
2022/01/15,Sat,,,,
2022/01/14,Fri,91.200,90.950,91.360,90.530
2022/01/13,Thu,91.650,91.180,91.820,91.140
2022/01/12,Wed,91.700,91.620,92.210,91.460
2022/01/11,Tue,90.870,91.680,91.830,90.810
2022/01/10,Mon,91.360,90.820,91.710,90.620
2022/01/09,Sun,,,,
2022/01/08,Sat,,,,
2022/01/07,Fri,90.980,91.360,91.510,90.940
2022/01/06,Thu,91.040,90.950,91.170,90.290
2022/01/05,Wed,91.410,91.000,91.540,90.850
2022/01/04,Tue,90.490,91.370,91.690,90.410
2022/01/03,Mon,91.080,90.480,91.170,90.220
2022/01/02,Sun,,,,
2022/01/01,Sat,,,,
2021/12/31,Fri,90.340,91.060,91.270,90.240
2021/12/30,Thu,89.890,90.290,90.370,89.830
2021/12/29,Wed,89.540,89.850,89.930,89.430
2021/12/28,Tue,89.820,89.510,89.910,89.450
2021/12/27,Mon,89.310,89.800,89.910,89.180
2021/12/26,Sun,,,,
2021/12/25,Sat,,,,
2021/12/24,Fri,89.300,89.280,89.480,89.110
2021/12/23,Thu,88.910,89.270,89.430,88.780
2021/12/22,Wed,88.320,88.870,88.970,88.190
2021/12/21,Tue,87.780,88.320,88.380,87.710
2021/12/20,Mon,88.180,87.740,88.280,87.430
2021/12/19,Sun,,,,
2021/12/18,Sat,,,,
2021/12/17,Fri,89.020,88.140,89.100,88.130
2021/12/16,Thu,88.850,89.010,89.480,88.640
2021/12/15,Wed,88.430,88.840,88.920,88.070
2021/12/14,Tue,88.700,88.390,88.880,88.360
2021/12/13,Mon,89.100,88.660,89.370,88.510
2021/12/12,Sun,,,,
2021/12/11,Sat,,,,
2021/12/10,Fri,89.240,89.110,89.620,88.990
2021/12/09,Thu,89.820,89.220,89.950,89.140
2021/12/08,Wed,89.870,89.810,90.380,89.490
2021/12/07,Tue,88.980,89.840,89.950,88.820
2021/12/06,Mon,87.920,88.930,89.030,87.890
2021/12/05,Sun,,,,
2021/12/04,Sat,,,,
2021/12/03,Fri,88.390,87.810,89.150,87.700
2021/12/02,Thu,87.990,88.320,88.710,87.840
2021/12/01,Wed,88.570,87.940,89.300,87.870
2021/11/30,Tue,89.100,88.520,89.430,88.020
2021/11/29,Mon,88.580,89.070,89.470,88.580
2021/11/28,Sun,,,,
2021/11/27,Sat,,,,
2021/11/26,Fri,91.200,88.580,91.240,88.390
2021/11/25,Thu,91.140,91.170,91.300,90.950
2021/11/24,Wed,90.910,91.100,91.270,90.540
2021/11/23,Tue,90.440,90.870,90.980,89.950
2021/11/22,Mon,90.240,90.430,90.630,90.080
2021/11/21,Sun,,,,
2021/11/20,Sat,,,,
2021/11/19,Fri,90.670,90.160,90.880,89.710
2021/11/18,Thu,90.480,90.640,90.770,90.230
2021/11/17,Wed,91.410,90.450,91.640,90.330
2021/11/16,Tue,91.180,91.390,91.510,91.070
2021/11/15,Mon,90.780,91.160,91.280,90.660
2021/11/14,Sun,,,,
2021/11/13,Sat,,,,
2021/11/12,Fri,90.680,90.750,90.890,90.430
2021/11/11,Thu,91.210,90.650,91.400,90.460
2021/11/10,Wed,90.750,91.170,91.740,90.630
2021/11/09,Tue,91.010,90.720,91.070,90.410
2021/11/08,Mon,91.030,90.980,91.330,90.740
2021/11/07,Sun,,,,
2021/11/06,Sat,,,,
2021/11/05,Fri,91.350,91.030,91.600,90.980
2021/11/04,Thu,92.010,91.310,92.240,91.120
2021/11/03,Wed,91.820,91.970,92.090,91.540
2021/11/02,Tue,92.160,91.800,92.260,91.420
2021/11/01,Mon,92.000,92.130,92.510,92.000
2021/10/31,Sun,,,,
2021/10/30,Sat,,,,
2021/10/29,Fri,92.000,92.000,92.280,91.710
2021/10/28,Thu,92.120,91.980,92.160,91.700
2021/10/27,Wed,92.150,92.100,92.490,91.240
2021/10/26,Tue,91.840,92.110,92.540,91.780
2021/10/25,Mon,91.900,91.830,92.160,91.700
2021/10/24,Sun,,,,
2021/10/23,Sat,,,,
2021/10/22,Fri,92.170,91.710,92.510,91.650
2021/10/21,Thu,92.740,92.150,93.040,91.890
2021/10/20,Wed,92.530,92.720,92.900,92.330
2021/10/19,Tue,92.380,92.490,92.720,92.240
2021/10/18,Mon,92.330,92.350,92.600,92.060
2021/10/17,Sun,,,,
2021/10/16,Sat,,,,
2021/10/15,Fri,91.910,92.330,92.690,91.840
2021/10/14,Thu,91.040,91.880,92.020,90.970
2021/10/13,Wed,91.130,90.980,91.370,90.920
2021/10/12,Tue,90.780,91.110,91.440,90.540
2021/10/11,Mon,89.970,90.760,91.050,89.870
2021/10/10,Sun,,,,
2021/10/09,Sat,,,,
2021/10/08,Fri,88.960,89.970,90.090,88.890
2021/10/07,Thu,88.520,88.920,89.030,88.340
2021/10/06,Wed,88.590,88.480,88.780,87.990
2021/10/05,Tue,88.080,88.560,88.850,87.960
2021/10/04,Mon,87.770,88.090,88.540,87.670
2021/10/03,Sun,,,,
2021/10/02,Sat,,,,
2021/10/01,Fri,87.760,87.780,88.000,87.170
2021/09/30,Thu,87.780,87.740,88.340,87.640
2021/09/29,Wed,87.890,87.760,88.120,87.620
2021/09/28,Tue,87.900,87.870,88.340,87.620
2021/09/27,Mon,87.510,87.880,88.010,87.410
2021/09/26,Sun,,,,
2021/09/25,Sat,,,,
2021/09/24,Fri,87.190,87.470,87.650,86.830
2021/09/23,Thu,85.970,87.130,87.230,85.840
2021/09/22,Wed,85.180,85.940,86.290,85.090
2021/09/21,Tue,85.290,85.190,86.060,85.030
2021/09/20,Mon,86.160,85.300,86.230,84.890
2021/09/19,Sun,,,,
2021/09/18,Sat,,,,
2021/09/17,Fri,86.530,86.110,87.040,86.100
2021/09/16,Thu,86.560,86.480,86.840,86.320
2021/09/15,Wed,86.400,86.530,86.660,85.950
2021/09/14,Tue,86.950,86.370,87.260,86.330
2021/09/13,Mon,86.590,86.910,87.040,86.570
2021/09/12,Sun,,,,
2021/09/11,Sat,,,,
2021/09/10,Fri,86.640,86.610,87.340,86.570
2021/09/09,Thu,86.870,86.610,86.940,86.370
2021/09/08,Wed,87.190,86.840,87.380,86.450
2021/09/07,Tue,87.630,87.200,87.750,87.150
2021/09/06,Mon,87.620,87.600,87.750,87.490
2021/09/05,Sun,,,,
2021/09/04,Sat,,,,
2021/09/03,Fri,87.590,87.570,87.930,87.430
2021/09/02,Thu,87.170,87.550,87.670,86.990
2021/09/01,Wed,87.210,87.160,87.760,87.110
2021/08/31,Tue,87.200,87.190,87.460,86.810
2021/08/30,Mon,87.040,87.200,87.460,86.880
2021/08/29,Sun,,,,
2021/08/28,Sat,,,,
2021/08/27,Fri,86.790,86.950,87.220,86.540
2021/08/26,Thu,87.370,86.760,87.530,86.650
2021/08/25,Wed,87.090,87.360,87.420,86.880
2021/08/24,Tue,86.720,87.070,87.200,86.620
2021/08/23,Mon,85.650,86.710,86.790,85.460
2021/08/22,Sun,,,,
2021/08/21,Sat,,,,
2021/08/20,Fri,85.560,85.610,85.770,84.660
2021/08/19,Thu,86.730,85.520,86.870,85.540
2021/08/18,Wed,86.760,86.690,87.170,86.610
2021/08/17,Tue,86.870,86.730,87.000,86.400
2021/08/16,Mon,87.550,86.860,87.710,86.730
2021/08/15,Sun,,,,
2021/08/14,Sat,,,,
2021/08/13,Fri,88.140,87.540,88.260,87.510
2021/08/12,Thu,88.290,88.110,88.410,88.060
2021/08/11,Wed,88.310,88.280,88.490,88.200
2021/08/10,Tue,87.720,88.280,88.360,87.610
2021/08/09,Mon,87.850,87.680,87.930,87.580
2021/08/08,Sun,,,,
2021/08/07,Sat,,,,
2021/08/06,Fri,87.740,87.810,88.070,87.650
2021/08/05,Thu,87.340,87.710,87.970,87.240
2021/08/04,Wed,86.990,87.280,87.470,86.660
2021/08/03,Tue,87.360,86.950,87.530,86.570
2021/08/02,Mon,87.920,87.330,88.100,87.270
2021/08/01,Sun,,,,
2021/07/31,Sat,,,,
2021/07/30,Fri,87.960,87.940,88.320,87.770
2021/07/29,Thu,87.730,87.940,88.200,87.550
2021/07/28,Wed,87.100,87.700,87.850,87.070
2021/07/27,Tue,87.940,87.080,88.030,87.070
2021/07/26,Mon,88.010,87.960,88.040,87.500
2021/07/25,Sun,,,,
2021/07/24,Sat,,,,
2021/07/23,Fri,87.670,87.980,88.070,87.620
2021/07/22,Thu,87.820,87.640,87.970,87.430
2021/07/21,Wed,86.650,87.820,88.030,86.260
2021/07/20,Tue,85.840,86.620,86.700,85.570
2021/07/19,Mon,87.310,85.820,87.320,85.430
2021/07/18,Sun,,,,
2021/07/17,Sat,,,,
2021/07/16,Fri,87.260,87.240,87.760,87.130
2021/07/15,Thu,87.920,87.220,87.980,87.050
2021/07/14,Wed,88.430,87.900,88.600,87.830
2021/07/13,Tue,88.640,88.400,88.740,88.010
2021/07/12,Mon,88.530,88.600,88.670,87.990
2021/07/11,Sun,,,,
2021/07/10,Sat,,,,
2021/07/09,Fri,87.600,88.470,88.530,87.440
2021/07/08,Thu,88.680,87.580,88.730,87.100
2021/07/07,Wed,88.750,88.640,89.160,88.390
2021/07/06,Tue,89.930,88.740,90.140,88.480
2021/07/05,Mon,90.130,89.900,90.230,89.680
2021/07/04,Sun,,,,
2021/07/03,Sat,,,,
2021/07/02,Fri,89.670,90.110,90.220,89.590
2021/07/01,Thu,89.630,89.640,90.150,89.490
2021/06/30,Wed,89.120,89.610,89.760,88.900
2021/06/29,Tue,89.680,89.090,89.730,89.110
2021/06/28,Mon,90.070,89.650,90.190,89.530
2021/06/27,Sun,,,,
2021/06/26,Sat,,,,
2021/06/25,Fri,89.970,90.070,90.250,89.860
2021/06/24,Thu,90.140,89.940,90.340,89.820
2021/06/23,Wed,89.910,90.150,90.430,89.850
2021/06/22,Tue,89.250,89.880,89.990,89.010
2021/06/21,Mon,88.460,89.220,89.330,87.960
2021/06/20,Sun,,,,
2021/06/19,Sat,,,,
2021/06/18,Fri,89.140,88.390,89.400,88.340
2021/06/17,Thu,90.170,89.110,90.280,89.020
2021/06/16,Wed,90.370,90.140,90.460,89.970
2021/06/15,Tue,90.650,90.320,90.780,90.230
2021/06/14,Mon,90.250,90.610,90.700,90.100
2021/06/13,Sun,,,,
2021/06/12,Sat,,,,
2021/06/11,Fri,90.410,90.180,90.620,90.090
2021/06/10,Thu,90.520,90.350,90.820,90.310
2021/06/09,Wed,90.410,90.490,90.740,90.330
2021/06/08,Tue,90.440,90.380,90.690,90.330
2021/06/07,Mon,90.720,90.410,90.800,90.320
2021/06/06,Sun,,,,
2021/06/05,Sat,,,,
2021/06/04,Fri,91.100,90.590,91.150,90.460
2021/06/03,Thu,91.040,91.100,91.180,90.890
2021/06/02,Wed,90.690,91.010,91.090,90.630
2021/06/01,Tue,90.830,90.650,91.220,90.620
2021/05/31,Mon,91.000,90.780,91.040,90.520
2021/05/30,Sun,,,,
2021/05/29,Sat,,,,
2021/05/28,Fri,91.010,91.010,91.190,90.750
2021/05/27,Thu,90.070,90.980,91.090,89.910
2021/05/26,Wed,90.120,90.040,90.400,89.850
2021/05/25,Tue,90.280,90.140,90.540,90.080
2021/05/24,Mon,90.220,90.280,90.410,90.010
2021/05/23,Sun,,,,
2021/05/22,Sat,,,,
2021/05/21,Fri,90.210,90.260,90.490,89.840
2021/05/20,Thu,90.070,90.160,90.320,89.710
2021/05/19,Wed,90.250,90.000,90.600,89.580
2021/05/18,Tue,90.490,90.230,90.760,90.180
2021/05/17,Mon,90.360,90.460,90.570,90.010
2021/05/16,Sun,,,,
2021/05/15,Sat,,,,
2021/05/14,Fri,90.010,90.320,90.540,89.900
2021/05/13,Thu,90.390,89.980,90.600,89.730
2021/05/12,Wed,89.750,90.360,90.670,89.700
2021/05/11,Tue,89.940,89.710,90.100,89.360
2021/05/10,Mon,89.310,89.890,90.140,89.310
2021/05/09,Sun,,,,
2021/05/08,Sat,,,,
2021/05/07,Fri,89.790,89.500,89.870,89.060
2021/05/06,Thu,89.030,89.750,89.840,88.920
2021/05/05,Wed,88.830,89.000,89.190,88.760
2021/05/04,Tue,88.850,88.810,88.990,88.430
2021/05/03,Mon,88.970,88.810,89.190,88.640
2021/05/02,Sun,,,,
2021/05/01,Sat,,,,
2021/04/30,Fri,88.690,88.890,89.070,88.520
2021/04/29,Thu,88.190,88.670,88.900,88.100
2021/04/28,Wed,87.700,88.170,88.300,87.580
2021/04/27,Tue,87.210,87.650,87.750,87.140
2021/04/26,Mon,86.470,87.160,87.350,86.330
2021/04/25,Sun,,,,
2021/04/24,Sat,,,,
2021/04/23,Fri,86.330,86.490,86.610,86.000
2021/04/22,Thu,86.480,86.310,86.750,86.190
2021/04/21,Wed,85.730,86.460,86.820,85.430
2021/04/20,Tue,86.290,85.700,86.950,85.640
2021/04/19,Mon,87.060,86.270,87.070,86.180
2021/04/18,Sun,,,,
2021/04/17,Sat,,,,
2021/04/16,Fri,86.730,86.960,87.150,86.550
2021/04/15,Thu,87.000,86.680,87.220,86.590
2021/04/14,Wed,87.000,86.970,87.190,86.620
2021/04/13,Tue,87.070,86.980,87.290,86.570
2021/04/12,Mon,87.570,87.040,87.630,87.030
2021/04/11,Sun,,,,
2021/04/10,Sat,,,,
2021/04/09,Fri,86.970,87.480,87.600,86.740
2021/04/08,Thu,87.140,86.950,87.160,86.490
2021/04/07,Wed,87.350,87.100,87.410,86.850
2021/04/06,Tue,87.980,87.320,88.120,87.280
2021/04/05,Mon,88.040,87.960,88.220,87.820
2021/04/04,Sun,,,,
2021/04/03,Sat,,,,
2021/04/02,Fri,88.170,87.970,88.340,87.850
2021/04/01,Thu,88.140,88.130,88.260,87.820
2021/03/31,Wed,87.370,88.120,88.270,87.320
2021/03/30,Tue,87.210,87.310,87.670,87.140
2021/03/29,Mon,87.200,87.180,87.310,86.630
2021/03/28,Sun,,,,
2021/03/27,Sat,,,,
2021/03/26,Fri,86.570,87.170,87.430,86.550
2021/03/25,Thu,86.460,86.550,86.970,86.370
2021/03/24,Wed,86.290,86.430,86.840,86.090
2021/03/23,Tue,86.950,86.240,86.990,86.070
2021/03/22,Mon,87.060,86.900,87.230,86.680
2021/03/21,Sun,,,,
2021/03/20,Sat,,,,
2021/03/19,Fri,87.200,87.090,87.320,86.810
2021/03/18,Thu,87.740,87.190,88.120,86.880
2021/03/17,Wed,87.560,87.740,87.810,87.420
2021/03/16,Tue,87.520,87.530,87.670,87.220
2021/03/15,Mon,87.420,87.490,87.680,87.200
2021/03/14,Sun,,,,
2021/03/13,Sat,,,,
2021/03/12,Fri,86.590,87.370,87.520,86.540
2021/03/11,Thu,85.920,86.580,86.630,85.870
2021/03/10,Wed,85.850,85.880,86.080,85.740
2021/03/09,Tue,85.990,85.820,86.410,85.720
2021/03/08,Mon,85.550,85.970,86.140,85.440
2021/03/07,Sun,,,,
2021/03/06,Sat,,,,
2021/03/05,Fri,85.240,85.580,85.720,84.940
2021/03/04,Thu,84.550,85.220,85.570,84.440
2021/03/03,Wed,84.450,84.530,84.890,84.390
2021/03/02,Tue,84.420,84.430,84.730,84.100
2021/03/01,Mon,83.670,84.390,84.490,83.630
2021/02/28,Sun,,,,
2021/02/27,Sat,,,,
2021/02/26,Fri,84.290,83.640,84.450,83.570
2021/02/25,Thu,84.620,84.270,85.120,84.190
2021/02/24,Wed,83.610,84.590,84.670,83.510
2021/02/23,Tue,83.310,83.590,83.730,83.190
2021/02/22,Mon,83.560,83.270,83.970,83.150
2021/02/21,Sun,,,,
2021/02/20,Sat,,,,
2021/02/19,Fri,83.370,83.580,83.890,83.090
2021/02/18,Thu,83.340,83.320,83.450,83.100
2021/02/17,Wed,83.570,83.310,83.640,83.030
2021/02/16,Tue,83.380,83.560,83.770,83.230
2021/02/15,Mon,82.690,83.340,83.430,82.680
2021/02/14,Sun,,,,
2021/02/13,Sat,,,,
2021/02/12,Fri,82.460,82.640,82.790,82.330
2021/02/11,Thu,82.360,82.420,82.700,82.280
2021/02/10,Wed,82.400,82.320,82.590,82.260
2021/02/09,Tue,82.600,82.370,82.650,81.940
2021/02/08,Mon,82.640,82.580,82.740,82.390
2021/02/07,Sun,,,,
2021/02/06,Sat,,,,
2021/02/05,Fri,82.260,82.600,82.690,82.230
2021/02/04,Thu,82.160,82.250,82.390,82.070
2021/02/03,Wed,82.150,82.120,82.320,81.990
2021/02/02,Tue,81.650,82.110,82.170,81.570
2021/02/01,Mon,81.910,81.620,82.080,81.570
2021/01/31,Sun,,,,
2021/01/30,Sat,,,,
2021/01/29,Fri,81.250,81.900,82.220,81.140
2021/01/28,Thu,81.340,81.210,81.580,80.980
2021/01/27,Wed,81.630,81.310,81.720,81.210
2021/01/26,Tue,81.430,81.600,81.710,81.150
2021/01/25,Mon,81.540,81.410,81.800,81.220
2021/01/24,Sun,,,,
2021/01/23,Sat,,,,
2021/01/22,Fri,81.910,81.460,81.950,81.440
2021/01/21,Thu,81.940,81.890,82.230,81.850
2021/01/20,Wed,81.570,81.940,82.150,81.510
2021/01/19,Tue,81.280,81.550,81.820,81.260
2021/01/18,Mon,81.590,81.270,81.630,81.080
2021/01/17,Sun,,,,
2021/01/16,Sat,,,,
2021/01/15,Fri,82.150,81.550,82.170,81.310
2021/01/14,Thu,81.840,82.120,82.210,81.720
2021/01/13,Wed,81.640,81.780,81.950,81.440
2021/01/12,Tue,81.560,81.620,81.850,81.470
2021/01/11,Mon,81.910,81.530,81.910,81.230
2021/01/10,Sun,,,,
2021/01/09,Sat,,,,
2021/01/08,Fri,81.810,81.920,82.020,81.600
2021/01/07,Thu,81.290,81.790,81.950,81.220
2021/01/06,Wed,81.060,81.270,81.560,80.950
2021/01/05,Tue,80.700,81.050,81.140,80.550
2021/01/04,Mon,81.110,80.670,81.220,80.600
2021/01/03,Sun,,,,
2021/01/02,Sat,,,,
2021/01/01,Fri,81.090,81.060,81.150,81.060
2020/12/31,Thu,80.870,81.060,81.210,80.770
2020/12/30,Wed,80.810,80.840,81.050,80.530
2020/12/29,Tue,80.820,80.770,81.070,80.690
2020/12/28,Mon,80.440,80.770,80.890,80.440
2020/12/27,Sun,,,,
2020/12/26,Sat,,,,
2020/12/25,Fri,80.510,80.400,80.620,80.340
2020/12/24,Thu,80.630,80.480,80.930,80.470
2020/12/23,Wed,80.290,80.590,80.730,80.180
2020/12/22,Tue,80.360,80.280,80.490,80.140
2020/12/21,Mon,80.820,80.340,81.000,80.140
2020/12/20,Sun,,,,
2020/12/19,Sat,,,,
2020/12/18,Fri,81.070,80.790,81.330,80.710
2020/12/17,Thu,81.190,81.030,81.340,80.930
2020/12/16,Wed,81.630,81.180,81.690,80.940
2020/12/15,Tue,81.530,81.620,81.750,81.370
2020/12/14,Mon,81.440,81.500,81.650,81.290
2020/12/13,Sun,,,,
2020/12/12,Sat,,,,
2020/12/11,Fri,81.810,81.430,81.870,81.290
2020/12/10,Thu,81.340,81.780,82.150,81.260
2020/12/09,Wed,81.270,81.300,81.660,81.220
2020/12/08,Tue,81.310,81.250,81.500,81.170
2020/12/07,Mon,81.440,81.290,81.590,81.160
2020/12/06,Sun,,,,
2020/12/05,Sat,,,,
2020/12/04,Fri,80.730,81.450,81.590,80.610
2020/12/03,Thu,80.830,80.710,80.940,80.420
2020/12/02,Wed,80.660,80.820,81.040,80.560
2020/12/01,Tue,80.230,80.630,80.790,80.180
2020/11/30,Mon,80.100,80.180,80.680,79.920
2020/11/29,Sun,,,,
2020/11/28,Sat,,,,
2020/11/27,Fri,80.120,80.110,80.280,79.830
2020/11/26,Thu,80.320,80.090,80.370,80.040
2020/11/25,Wed,80.380,80.330,80.500,80.110
2020/11/24,Tue,79.940,80.330,80.440,79.910
2020/11/23,Mon,79.350,79.920,79.980,79.270
2020/11/22,Sun,,,,
2020/11/21,Sat,,,,
2020/11/20,Fri,79.350,79.270,79.600,79.260
2020/11/19,Thu,79.350,79.330,79.520,79.220
2020/11/18,Wed,79.530,79.350,79.690,79.230
2020/11/17,Tue,79.990,79.480,80.030,79.380
2020/11/16,Mon,79.630,79.960,80.370,79.600
2020/11/15,Sun,,,,
2020/11/14,Sat,,,,
2020/11/13,Fri,80.010,79.650,80.120,79.400
2020/11/12,Thu,80.730,79.990,80.760,79.930
2020/11/11,Wed,80.810,80.700,80.970,80.570
2020/11/10,Tue,81.020,80.770,81.120,80.550
2020/11/09,Mon,79.110,81.000,81.440,79.070
2020/11/08,Sun,,,,
2020/11/07,Sat,,,,
2020/11/06,Fri,79.320,79.130,79.420,78.960
2020/11/05,Thu,79.570,79.310,79.730,79.190
2020/11/04,Wed,79.570,79.500,79.890,78.870
2020/11/03,Tue,79.220,79.530,79.850,78.980
2020/11/02,Mon,78.510,79.210,79.290,78.200
2020/11/01,Sun,,,,
2020/10/31,Sat,,,,
2020/10/30,Fri,78.530,78.550,78.720,78.060
2020/10/29,Thu,78.320,78.490,78.660,77.910
2020/10/28,Wed,79.190,78.280,79.290,78.210
2020/10/27,Tue,79.370,79.170,79.570,79.180
2020/10/26,Mon,79.740,79.350,79.790,79.290
2020/10/25,Sun,,,,
2020/10/24,Sat,,,,
2020/10/23,Fri,79.820,79.760,79.940,79.570
2020/10/22,Thu,79.560,79.800,79.920,79.390
2020/10/21,Wed,80.350,79.530,80.500,79.500
2020/10/20,Tue,79.910,80.330,80.540,79.880
2020/10/19,Mon,79.910,79.890,80.220,79.860
2020/10/18,Sun,,,,
2020/10/17,Sat,,,,
2020/10/16,Fri,79.770,79.910,80.020,79.470
2020/10/15,Thu,79.970,79.740,80.120,79.440
2020/10/14,Wed,80.290,79.970,80.380,79.850
2020/10/13,Tue,80.320,80.260,80.560,80.110
2020/10/12,Mon,80.560,80.290,80.640,80.250
2020/10/11,Sun,,,,
2020/10/10,Sat,,,,
2020/10/09,Fri,80.350,80.470,80.630,80.230
2020/10/08,Thu,79.950,80.320,80.380,79.850
2020/10/07,Wed,79.370,79.930,79.980,79.180
2020/10/06,Tue,79.700,79.340,79.830,79.260
2020/10/05,Mon,79.180,79.670,79.790,79.150
2020/10/04,Sun,,,,
2020/10/03,Sat,,,,
2020/10/02,Fri,79.400,79.100,79.510,78.740
2020/10/01,Thu,79.190,79.390,79.580,79.120
2020/09/30,Wed,78.930,79.140,79.320,78.560
2020/09/29,Tue,78.910,78.890,79.130,78.750
2020/09/28,Mon,78.900,78.870,79.000,78.590
2020/09/27,Sun,,,,
2020/09/26,Sat,,,,
2020/09/25,Fri,78.900,78.880,79.070,78.690
2020/09/24,Thu,78.720,78.860,79.100,78.470
2020/09/23,Wed,78.900,78.700,79.110,78.660
2020/09/22,Tue,78.630,78.880,78.970,78.360
2020/09/21,Mon,79.270,78.620,79.290,78.510
2020/09/20,Sun,,,,
2020/09/19,Sat,,,,
2020/09/18,Fri,79.570,79.160,79.790,79.040
2020/09/17,Thu,79.650,79.550,79.750,79.060
2020/09/16,Wed,79.980,79.630,80.020,79.500
2020/09/15,Tue,80.250,79.940,80.470,79.890
2020/09/14,Mon,80.520,80.220,80.650,80.110
2020/09/13,Sun,,,,
2020/09/12,Sat,,,,
2020/09/11,Fri,80.440,80.560,80.790,80.340
2020/09/10,Thu,80.790,80.440,80.930,80.360
2020/09/09,Wed,80.110,80.740,80.830,79.800
2020/09/08,Tue,81.130,80.090,81.220,80.080
2020/09/07,Mon,81.390,81.110,81.440,80.970
2020/09/06,Sun,,,,
2020/09/05,Sat,,,,
2020/09/04,Fri,80.900,81.330,81.440,80.710
2020/09/03,Thu,81.420,80.870,81.470,80.570
2020/09/02,Wed,81.110,81.390,81.470,81.020
2020/09/01,Tue,81.210,81.080,81.490,80.970
2020/08/31,Mon,80.460,81.150,81.440,80.400
2020/08/30,Sun,,,,
2020/08/29,Sat,,,,
2020/08/28,Fri,81.180,80.410,81.600,80.300
2020/08/27,Thu,80.650,81.170,81.320,80.510
2020/08/26,Wed,80.790,80.640,80.970,80.540
2020/08/25,Tue,80.180,80.740,80.810,80.040
2020/08/24,Mon,80.270,80.160,80.520,80.020
2020/08/23,Sun,,,,
2020/08/22,Sat,,,,
2020/08/21,Fri,80.240,80.260,80.350,79.890
2020/08/20,Thu,80.300,80.230,80.410,79.990
2020/08/19,Wed,80.040,80.280,80.380,79.880
2020/08/18,Tue,80.210,80.030,80.310,79.880
2020/08/17,Mon,80.370,80.190,80.520,80.190
2020/08/16,Sun,,,,
2020/08/15,Sat,,,,
2020/08/14,Fri,80.850,80.330,80.980,80.280
2020/08/13,Thu,80.690,80.850,81.020,80.500
2020/08/12,Wed,80.070,80.680,80.850,79.910
2020/08/11,Tue,79.360,80.040,80.330,79.290
2020/08/10,Mon,79.130,79.350,79.410,79.020
2020/08/09,Sun,,,,
2020/08/08,Sat,,,,
2020/08/07,Fri,79.300,79.120,79.450,78.960
2020/08/06,Thu,79.590,79.310,79.660,79.220
2020/08/05,Wed,79.370,79.570,79.890,79.270
2020/08/04,Tue,79.130,79.350,79.410,79.010
2020/08/03,Mon,79.000,79.100,79.340,78.680
2020/08/02,Sun,,,,
2020/08/01,Sat,,,,
2020/07/31,Fri,78.000,78.890,79.130,77.610
2020/07/30,Thu,78.640,78.000,78.850,77.820
2020/07/29,Wed,78.540,78.620,78.750,78.470
2020/07/28,Tue,78.900,78.520,79.070,78.320
2020/07/27,Mon,79.040,78.860,79.150,78.440
2020/07/26,Sun,,,,
2020/07/25,Sat,,,,
2020/07/24,Fri,79.690,79.100,79.770,78.650
2020/07/23,Thu,79.870,79.660,80.170,79.630
2020/07/22,Wed,79.350,79.840,80.000,79.310
2020/07/21,Tue,79.250,79.330,79.760,79.180
2020/07/20,Mon,78.850,79.220,79.360,78.770
2020/07/19,Sun,,,,
2020/07/18,Sat,,,,
2020/07/17,Fri,79.040,78.780,79.140,78.740
2020/07/16,Thu,79.160,79.020,79.310,78.990
2020/07/15,Wed,78.770,79.130,79.220,78.540
2020/07/14,Tue,78.840,78.750,78.930,78.600
2020/07/13,Mon,78.700,78.820,79.250,78.580
2020/07/12,Sun,,,,
2020/07/11,Sat,,,,
2020/07/10,Fri,78.910,78.620,79.000,78.380
2020/07/09,Thu,79.380,78.890,79.570,78.830
2020/07/08,Wed,79.040,79.360,79.490,78.930
2020/07/07,Tue,79.320,79.020,79.460,79.010
2020/07/06,Mon,79.320,79.280,79.660,79.190
2020/07/05,Sun,,,,
2020/07/04,Sat,,,,
2020/07/03,Fri,79.260,79.350,79.380,79.150
2020/07/02,Thu,79.110,79.230,79.350,78.920
2020/07/01,Wed,79.510,79.090,79.720,78.990
2020/06/30,Tue,78.750,79.480,79.580,78.610
2020/06/29,Mon,78.330,78.740,78.880,78.220
2020/06/28,Sun,,,,
2020/06/27,Sat,,,,
2020/06/26,Fri,78.620,78.300,78.660,78.110
2020/06/25,Thu,78.470,78.600,78.800,78.330
2020/06/24,Wed,78.630,78.460,78.880,78.380
2020/06/23,Tue,79.050,78.610,79.360,78.500
2020/06/22,Mon,78.650,79.020,79.100,78.370
2020/06/21,Sun,,,,
2020/06/20,Sat,,,,
2020/06/19,Fri,78.650,78.530,78.930,78.460
2020/06/18,Thu,78.880,78.640,79.160,78.430
2020/06/17,Wed,79.290,78.860,79.520,78.770
2020/06/16,Tue,79.100,79.230,79.670,78.790
2020/06/15,Mon,79.010,79.060,79.260,78.320
2020/06/14,Sun,,,,
2020/06/13,Sat,,,,
2020/06/12,Fri,78.410,79.000,79.500,78.030
2020/06/11,Thu,79.850,78.400,79.990,78.380
2020/06/10,Wed,80.310,79.830,80.450,79.770
2020/06/09,Tue,81.030,80.270,81.150,79.940
2020/06/08,Mon,81.630,81.000,81.890,80.820
2020/06/07,Sun,,,,
2020/06/06,Sat,,,,
2020/06/05,Fri,80.830,81.610,81.940,80.710
2020/06/04,Thu,80.700,80.830,80.970,80.230
2020/06/03,Wed,80.400,80.680,80.820,79.960
2020/06/02,Tue,79.270,80.380,80.560,79.150
2020/06/01,Mon,78.210,79.250,79.360,78.040
2020/05/31,Sun,,,,
2020/05/30,Sat,,,,
2020/05/29,Fri,78.220,78.270,78.410,77.760
2020/05/28,Thu,78.350,78.210,78.520,78.040
2020/05/27,Wed,78.070,78.300,78.550,77.790
2020/05/26,Tue,77.020,78.020,78.190,76.990
2020/05/25,Mon,76.860,76.990,77.130,76.820
2020/05/24,Sun,,,,
2020/05/23,Sat,,,,
2020/05/22,Fri,77.120,76.850,77.290,76.520
2020/05/21,Thu,77.320,77.100,77.540,77.070
2020/05/20,Wed,77.260,77.320,77.590,77.150
2020/05/19,Tue,77.010,77.220,77.850,76.830
2020/05/18,Mon,75.910,76.990,77.040,75.870
2020/05/17,Sun,,,,
2020/05/16,Sat,,,,
2020/05/15,Fri,76.340,75.840,76.560,75.790
2020/05/14,Thu,75.910,76.320,76.510,75.580
2020/05/13,Wed,76.110,75.890,76.380,75.800
2020/05/12,Tue,76.850,76.080,76.920,76.090
2020/05/11,Mon,76.570,76.880,77.080,76.440
2020/05/10,Sun,,,,
2020/05/09,Sat,,,,
2020/05/08,Fri,76.070,76.570,76.670,75.930
2020/05/07,Thu,75.040,76.050,76.240,74.790
2020/05/06,Wed,75.890,75.020,75.940,74.920
2020/05/05,Tue,75.790,75.870,76.160,75.660
2020/05/04,Mon,76.010,75.760,76.070,75.400
2020/05/03,Sun,,,,
2020/05/02,Sat,,,,
2020/05/01,Fri,76.850,75.880,76.980,75.670
2020/04/30,Thu,76.890,76.840,77.280,76.570
2020/04/29,Wed,76.350,76.860,76.890,76.260
2020/04/28,Tue,76.410,76.340,76.580,76.160
2020/04/27,Mon,76.240,76.410,76.470,76.050
2020/04/26,Sun,,,,
2020/04/25,Sat,,,,
2020/04/24,Fri,76.460,76.210,76.730,76.090
2020/04/23,Thu,76.090,76.430,76.910,75.870
2020/04/22,Wed,75.850,76.050,76.420,75.580
2020/04/21,Tue,76.070,75.810,76.350,75.310
2020/04/20,Mon,76.760,76.040,76.820,76.050
2020/04/19,Sun,,,,
2020/04/18,Sat,,,,
2020/04/17,Fri,76.660,76.780,77.110,76.310
2020/04/16,Thu,76.160,76.650,76.670,75.930
2020/04/15,Wed,77.230,76.120,77.260,76.060
2020/04/14,Tue,77.520,77.210,77.730,76.910
2020/04/13,Mon,77.790,77.480,77.940,76.990
2020/04/12,Sun,,,,
2020/04/11,Sat,,,,
2020/04/10,Fri,77.600,77.690,77.760,77.410
2020/04/09,Thu,77.660,77.600,77.990,77.240
2020/04/08,Wed,77.680,77.620,77.870,77.240
2020/04/07,Tue,77.410,77.670,78.210,77.080
2020/04/06,Mon,76.430,77.380,77.600,76.040
2020/04/05,Sun,,,,
2020/04/04,Sat,,,,
2020/04/03,Fri,76.340,76.350,76.990,76.070
2020/04/02,Thu,75.510,76.300,76.580,74.960
2020/04/01,Wed,76.490,75.480,76.560,75.150
2020/03/31,Tue,76.100,76.460,76.800,75.420
2020/03/30,Mon,77.110,76.080,77.160,76.000
2020/03/29,Sun,,,,
2020/03/28,Sat,,,,
2020/03/27,Fri,78.190,77.160,78.310,76.600
2020/03/26,Thu,78.360,78.170,78.450,77.320
2020/03/25,Wed,76.890,78.340,78.510,76.740
2020/03/24,Tue,76.710,76.890,77.150,76.220
2020/03/23,Mon,77.190,76.690,77.390,75.990
2020/03/22,Sun,,,,
2020/03/21,Sat,,,,
2020/03/20,Fri,76.290,77.120,77.820,76.240
2020/03/19,Thu,74.510,76.260,76.540,74.190
2020/03/18,Wed,75.830,74.450,75.890,73.810
2020/03/17,Tue,75.540,75.810,76.760,75.310
2020/03/16,Mon,78.040,75.500,78.040,75.290
2020/03/15,Sun,,,,
2020/03/14,Sat,,,,
2020/03/13,Fri,75.130,78.160,78.410,74.960
2020/03/12,Thu,75.890,75.130,77.290,74.660
2020/03/11,Wed,76.990,75.860,77.040,75.660
2020/03/10,Tue,74.710,76.960,77.260,74.490
2020/03/09,Mon,78.240,74.670,78.240,73.990
2020/03/08,Sun,,,,
2020/03/07,Sat,,,,
2020/03/06,Fri,79.190,78.430,79.440,78.240
2020/03/05,Thu,80.340,79.160,80.490,78.970
2020/03/04,Wed,80.040,80.300,80.660,79.830
2020/03/03,Tue,81.290,80.020,81.470,79.960
2020/03/02,Mon,80.580,81.280,81.400,79.680
2020/03/01,Sun,,,,
2020/02/29,Sat,,,,
2020/02/28,Fri,81.850,80.640,82.000,80.140
2020/02/27,Thu,82.840,81.820,82.880,81.800
2020/02/26,Wed,82.990,82.810,83.420,82.690
2020/02/25,Tue,83.290,82.970,83.590,82.770
2020/02/24,Mon,84.230,83.270,84.460,83.090
2020/02/23,Sun,,,,
2020/02/22,Sat,,,,
2020/02/21,Fri,84.560,84.340,84.690,84.020
2020/02/20,Thu,84.240,84.550,84.770,84.050
2020/02/19,Wed,82.870,84.220,84.390,82.830
2020/02/18,Tue,83.020,82.850,83.060,82.650
2020/02/17,Mon,82.850,83.020,83.130,82.810
2020/02/16,Sun,,,,
2020/02/15,Sat,,,,
2020/02/14,Fri,82.770,82.800,82.990,82.700
2020/02/13,Thu,83.090,82.760,83.120,82.630
2020/02/12,Wed,82.640,83.080,83.150,82.580
2020/02/11,Tue,82.430,82.610,82.810,82.390
2020/02/10,Mon,82.510,82.410,82.670,82.270
2020/02/09,Sun,,,,
2020/02/08,Sat,,,,
2020/02/07,Fri,82.810,82.420,82.840,82.240
2020/02/06,Thu,82.700,82.790,82.850,82.550
2020/02/05,Wed,82.500,82.670,82.720,82.180
2020/02/04,Tue,81.810,82.490,82.530,81.600
2020/02/03,Mon,81.920,81.780,82.200,81.570
2020/02/02,Sun,,,,
2020/02/01,Sat,,,,
2020/01/31,Fri,82.500,81.880,82.730,81.750
2020/01/30,Thu,82.590,82.480,82.680,82.120
2020/01/29,Wed,82.970,82.570,83.060,82.560
2020/01/28,Tue,82.540,82.950,83.000,82.360
2020/01/27,Mon,83.140,82.520,83.140,82.470
2020/01/26,Sun,,,,
2020/01/25,Sat,,,,
2020/01/24,Fri,83.430,83.130,83.570,83.010
2020/01/23,Thu,83.620,83.400,83.670,83.070
2020/01/22,Wed,84.070,83.600,84.380,83.530
2020/01/21,Tue,84.460,84.050,84.480,83.930
2020/01/20,Mon,84.330,84.430,84.490,84.200
2020/01/19,Sun,,,,
2020/01/18,Sat,,,,
2020/01/17,Fri,84.450,84.310,84.590,84.230
2020/01/16,Thu,84.260,84.440,84.520,84.210
2020/01/15,Wed,84.210,84.250,84.360,83.970
2020/01/14,Tue,84.210,84.200,84.440,84.040
2020/01/13,Mon,83.860,84.190,84.320,83.810
2020/01/12,Sun,,,,
2020/01/11,Sat,,,,
2020/01/10,Fri,83.890,83.860,84.160,83.770
2020/01/09,Thu,83.700,83.880,83.930,83.560
2020/01/08,Wed,83.370,83.680,83.880,82.790
2020/01/07,Tue,83.610,83.350,83.750,83.180
2020/01/06,Mon,83.140,83.570,83.710,82.970
2020/01/05,Sun,,,,
2020/01/04,Sat,,,,
2020/01/03,Fri,83.640,83.120,83.690,82.980
2020/01/02,Thu,83.710,83.600,83.920,83.320
2020/01/01,Wed,83.640,83.700,83.770,83.540
2019/12/31,Tue,83.310,83.630,83.940,83.210
2019/12/30,Mon,83.730,83.300,83.760,83.200
2019/12/29,Sun,,,,
2019/12/28,Sat,,,,
2019/12/27,Fri,83.540,83.650,83.820,83.430
2019/12/26,Thu,83.070,83.530,83.690,83.050
2019/12/25,Wed,83.100,83.090,83.480,83.030
2019/12/24,Tue,83.230,83.090,83.270,83.040
2019/12/23,Mon,83.210,83.200,83.360,82.980
2019/12/22,Sun,,,,
2019/12/21,Sat,,,,
2019/12/20,Fri,83.320,83.220,83.390,82.920
2019/12/19,Thu,83.540,83.300,83.650,83.180
2019/12/18,Wed,83.190,83.500,83.660,83.050
2019/12/17,Tue,83.250,83.170,83.360,83.080
2019/12/16,Mon,83.010,83.240,83.480,82.900
2019/12/15,Sun,,,,
2019/12/14,Sat,,,,
2019/12/13,Fri,82.900,83.040,83.400,82.710
2019/12/12,Thu,82.410,82.880,83.050,82.310
2019/12/11,Wed,82.160,82.380,82.500,82.070
2019/12/10,Tue,82.010,82.170,82.250,81.920
2019/12/09,Mon,81.920,81.980,82.160,81.740
2019/12/08,Sun,,,,
2019/12/07,Sat,,,,
2019/12/06,Fri,82.580,81.900,82.580,81.840
2019/12/05,Thu,82.470,82.530,82.790,82.430
2019/12/04,Wed,81.710,82.440,82.590,81.540
2019/12/03,Tue,81.900,81.680,82.150,81.510
2019/12/02,Mon,82.480,81.890,82.640,81.870
2019/12/01,Sun,,,,
2019/11/30,Sat,,,,
2019/11/29,Fri,82.460,82.470,82.530,82.310
2019/11/28,Thu,82.480,82.450,82.530,82.270
2019/11/27,Wed,82.170,82.480,82.540,82.130
2019/11/26,Tue,81.900,82.140,82.230,81.760
2019/11/25,Mon,81.670,81.870,81.970,81.670
2019/11/24,Sun,,,,
2019/11/23,Sat,,,,
2019/11/22,Fri,81.780,81.670,81.950,81.620
2019/11/21,Thu,81.660,81.760,81.880,81.280
2019/11/20,Wed,81.810,81.630,81.870,81.360
2019/11/19,Tue,82.290,81.790,82.950,81.750
2019/11/18,Mon,82.260,82.270,82.560,82.080
2019/11/17,Sun,,,,
2019/11/16,Sat,,,,
2019/11/15,Fri,81.850,82.220,82.320,81.800
2019/11/14,Thu,82.130,81.810,82.160,81.610
2019/11/13,Wed,82.390,82.100,82.440,81.970
2019/11/12,Tue,82.420,82.360,82.610,82.280
2019/11/11,Mon,82.620,82.400,82.670,82.300
2019/11/10,Sun,,,,
2019/11/09,Sat,,,,
2019/11/08,Fri,82.960,82.590,83.070,82.430
2019/11/07,Thu,82.680,82.930,83.140,82.330
2019/11/06,Wed,82.970,82.650,83.090,82.490
2019/11/05,Tue,82.560,82.950,83.070,82.510
2019/11/04,Mon,82.380,82.540,82.690,82.310
2019/11/03,Sun,,,,
2019/11/02,Sat,,,,
2019/11/01,Fri,82.070,82.330,82.440,81.910
2019/10/31,Thu,82.720,82.060,82.780,81.960
2019/10/30,Wed,83.210,82.700,83.320,82.540
2019/10/29,Tue,83.460,83.180,83.570,83.070
2019/10/28,Mon,83.200,83.450,83.550,83.120
2019/10/27,Sun,,,,
2019/10/26,Sat,,,,
2019/10/25,Fri,83.100,83.190,83.280,83.000
2019/10/24,Thu,83.170,83.090,83.240,82.900
2019/10/23,Wed,82.840,83.150,83.210,82.600
2019/10/22,Tue,82.980,82.830,83.190,82.710
2019/10/21,Mon,82.630,82.960,83.070,82.440
2019/10/20,Sun,,,,
2019/10/19,Sat,,,,
2019/10/18,Fri,82.720,82.590,82.810,82.450
2019/10/17,Thu,82.390,82.690,82.790,82.290
2019/10/16,Wed,82.470,82.360,82.530,82.070
2019/10/15,Tue,81.910,82.450,82.530,81.740
2019/10/14,Mon,82.150,81.900,82.260,81.740
2019/10/13,Sun,,,,
2019/10/12,Sat,,,,
2019/10/11,Fri,81.240,82.120,82.450,81.130
2019/10/10,Thu,80.600,81.210,81.350,80.210
2019/10/09,Wed,80.360,80.580,80.790,80.270
2019/10/08,Tue,80.630,80.340,80.850,80.150
2019/10/07,Mon,80.330,80.590,80.760,79.970
2019/10/06,Sun,,,,
2019/10/05,Sat,,,,
2019/10/04,Fri,80.180,80.300,80.560,80.040
2019/10/03,Thu,80.430,80.140,80.570,79.810
2019/10/02,Wed,81.510,80.430,81.690,80.400
2019/10/01,Tue,81.630,81.480,81.850,81.220
2019/09/30,Mon,81.490,81.610,81.740,81.390
2019/09/29,Sun,,,,
2019/09/28,Sat,,,,
2019/09/27,Fri,81.290,81.460,81.860,81.100
2019/09/26,Thu,81.240,81.260,81.400,81.080
2019/09/25,Wed,80.850,81.210,81.370,80.720
2019/09/24,Tue,81.100,80.830,81.360,80.790
2019/09/23,Mon,81.120,81.060,81.290,80.670
2019/09/22,Sun,,,,
2019/09/21,Sat,,,,
2019/09/20,Fri,81.460,81.090,81.530,80.980
2019/09/19,Thu,81.620,81.420,81.650,81.090
2019/09/18,Wed,81.660,81.610,81.720,81.340
2019/09/17,Tue,81.690,81.620,81.790,81.380
2019/09/16,Mon,81.720,81.670,81.740,81.210
2019/09/15,Sun,,,,
2019/09/14,Sat,,,,
2019/09/13,Fri,81.830,81.340,81.940,81.330
2019/09/12,Thu,81.740,81.810,82.100,81.360
2019/09/11,Wed,81.770,81.710,82.090,81.530
2019/09/10,Tue,81.440,81.750,81.840,81.310
2019/09/09,Mon,81.180,81.420,81.560,81.020
2019/09/08,Sun,,,,
2019/09/07,Sat,,,,
2019/09/06,Fri,80.830,81.140,81.250,80.690
2019/09/05,Thu,80.470,80.820,81.140,80.370
2019/09/04,Wed,79.450,80.430,80.520,79.330
2019/09/03,Tue,79.690,79.420,79.790,79.190
2019/09/02,Mon,79.850,79.680,79.850,79.500
2019/09/01,Sun,,,,
2019/08/31,Sat,,,,
2019/08/30,Fri,80.160,79.830,80.270,79.710
2019/08/29,Thu,79.750,80.150,80.260,79.470
2019/08/28,Wed,79.620,79.730,79.850,79.320
2019/08/27,Tue,80.070,79.580,80.130,79.500
2019/08/26,Mon,79.160,80.050,80.160,78.500
2019/08/25,Sun,,,,
2019/08/24,Sat,,,,
2019/08/23,Fri,80.010,79.320,80.170,79.020
2019/08/22,Thu,80.220,79.980,80.320,79.830
2019/08/21,Wed,79.780,80.200,80.350,79.710
2019/08/20,Tue,80.030,79.760,80.100,79.580
2019/08/19,Mon,80.120,80.010,80.520,79.940
2019/08/18,Sun,,,,
2019/08/17,Sat,,,,
2019/08/16,Fri,79.720,80.130,80.190,79.580
2019/08/15,Thu,79.510,79.710,80.360,79.300
2019/08/14,Wed,80.720,79.490,80.760,79.350
2019/08/13,Tue,79.540,80.700,81.050,79.140
2019/08/12,Mon,79.900,79.510,80.050,79.280
2019/08/11,Sun,,,,
2019/08/10,Sat,,,,
2019/08/09,Fri,80.210,79.900,80.270,79.550
2019/08/08,Thu,79.900,80.180,80.250,79.560
2019/08/07,Wed,80.160,79.870,80.260,79.090
2019/08/06,Tue,80.170,80.160,81.210,79.860
2019/08/05,Mon,80.730,80.150,80.790,79.960
2019/08/04,Sun,,,,
2019/08/03,Sat,,,,
2019/08/02,Fri,81.250,80.690,81.420,80.440
2019/08/01,Thu,82.440,81.230,82.760,81.080
2019/07/31,Wed,82.570,82.420,82.840,82.370
2019/07/30,Tue,82.650,82.580,82.770,82.270
2019/07/29,Mon,82.570,82.620,82.800,82.370
2019/07/28,Sun,,,,
2019/07/27,Sat,,,,
2019/07/26,Fri,82.530,82.520,82.640,82.340
2019/07/25,Thu,82.320,82.510,82.700,82.240
2019/07/24,Wed,82.410,82.290,82.440,82.160
2019/07/23,Tue,82.230,82.400,82.460,82.140
2019/07/22,Mon,82.430,82.200,82.720,82.200
2019/07/21,Sun,,,,
2019/07/20,Sat,,,,
2019/07/19,Fri,82.370,82.440,82.660,82.200
2019/07/18,Thu,82.730,82.340,82.780,82.240
2019/07/17,Wed,82.710,82.710,82.990,82.640
2019/07/16,Tue,82.700,82.670,83.160,82.630
2019/07/15,Mon,82.780,82.680,82.980,82.650
2019/07/14,Sun,,,,
2019/07/13,Sat,,,,
2019/07/12,Fri,82.990,82.780,83.260,82.690
2019/07/11,Thu,82.910,82.950,83.090,82.630
2019/07/10,Wed,82.930,82.900,83.180,82.640
2019/07/09,Tue,83.040,82.900,83.140,82.770
2019/07/08,Mon,82.990,83.010,83.230,82.780
2019/07/07,Sun,,,,
2019/07/06,Sat,,,,
2019/07/05,Fri,82.600,82.900,83.050,82.540
2019/07/04,Thu,82.600,82.570,82.710,82.400
2019/07/03,Wed,82.330,82.560,82.600,82.030
2019/07/02,Tue,82.560,82.310,82.690,82.200
2019/07/01,Mon,82.600,82.550,82.910,82.500
2019/06/30,Sun,,,,
2019/06/29,Sat,,,,
2019/06/28,Fri,82.320,82.390,82.490,82.120
2019/06/27,Thu,82.110,82.300,82.390,82.030
2019/06/26,Wed,81.400,82.090,82.250,81.290
2019/06/25,Tue,81.410,81.380,81.520,80.990
2019/06/24,Mon,81.240,81.400,81.500,81.170
2019/06/23,Sun,,,,
2019/06/22,Sat,,,,
2019/06/21,Fri,81.350,81.130,81.620,81.140
2019/06/20,Thu,81.410,81.340,81.890,81.190
2019/06/19,Wed,81.070,81.380,81.430,80.910
2019/06/18,Tue,80.940,81.050,81.160,80.570
2019/06/17,Mon,80.990,80.930,81.130,80.830
2019/06/16,Sun,,,,
2019/06/15,Sat,,,,
2019/06/14,Fri,81.340,80.920,81.350,80.860
2019/06/13,Thu,81.320,81.310,81.590,81.120
2019/06/12,Wed,81.690,81.300,81.770,81.300
2019/06/11,Tue,81.720,81.680,82.100,81.520
2019/06/10,Mon,81.680,81.720,82.150,81.610
2019/06/09,Sun,,,,
2019/06/08,Sat,,,,
2019/06/07,Fri,81.160,81.520,81.590,81.060
2019/06/06,Thu,80.870,81.110,81.250,80.510
2019/06/05,Wed,80.750,80.820,81.090,80.540
2019/06/04,Tue,80.440,80.740,80.780,80.210
2019/06/03,Mon,80.210,80.410,80.540,79.960
2019/06/02,Sun,,,,
2019/06/01,Sat,,,,
2019/05/31,Fri,81.210,80.100,81.250,80.080
2019/05/30,Thu,81.060,81.170,81.530,80.960
2019/05/29,Wed,81.060,81.040,81.190,80.660
2019/05/28,Tue,81.460,81.040,81.590,81.000
2019/05/27,Mon,81.350,81.440,81.600,81.310
2019/05/26,Sun,,,,
2019/05/25,Sat,,,,
2019/05/24,Fri,81.350,81.320,81.630,81.140
2019/05/23,Thu,82.140,81.330,82.170,81.160
2019/05/22,Wed,82.410,82.140,82.640,82.070
2019/05/21,Tue,81.970,82.390,82.570,81.910
2019/05/20,Mon,81.600,81.960,82.130,81.600
2019/05/19,Sun,,,,
2019/05/18,Sat,,,,
2019/05/17,Fri,81.630,81.780,82.000,81.080
2019/05/16,Thu,81.570,81.590,81.970,81.310
2019/05/15,Wed,81.410,81.540,81.640,80.920
2019/05/14,Tue,81.110,81.400,81.570,80.960
2019/05/13,Mon,81.790,81.090,81.850,80.930
2019/05/12,Sun,,,,
2019/05/11,Sat,,,,
2019/05/10,Fri,81.440,81.970,82.070,81.330
2019/05/09,Thu,81.680,81.430,81.750,81.110
2019/05/08,Wed,81.820,81.670,81.980,81.560
2019/05/07,Tue,82.380,81.800,82.570,81.680
2019/05/06,Mon,82.300,82.350,82.600,81.780
2019/05/05,Sun,,,,
2019/05/04,Sat,,,,
2019/05/03,Fri,82.750,82.770,83.000,82.670
2019/05/02,Thu,82.850,82.730,83.090,82.650
2019/05/01,Wed,83.260,82.830,83.370,82.760
2019/04/30,Tue,82.960,83.240,83.270,82.590
2019/04/29,Mon,82.930,82.930,83.220,82.850
2019/04/28,Sun,,,,
2019/04/27,Sat,,,,
2019/04/26,Fri,82.790,82.920,83.070,82.670
2019/04/25,Thu,83.130,82.770,83.190,82.540
2019/04/24,Wed,83.350,83.130,83.390,82.670
2019/04/23,Tue,83.860,83.310,83.930,83.170
2019/04/22,Mon,83.600,83.850,83.950,83.510
2019/04/21,Sun,,,,
2019/04/20,Sat,,,,
2019/04/19,Fri,83.730,83.550,83.770,83.540
2019/04/18,Thu,84.000,83.690,84.040,83.520
2019/04/17,Wed,83.920,83.970,84.390,83.730
2019/04/16,Tue,83.820,83.870,83.940,83.470
2019/04/15,Mon,84.080,83.820,84.270,83.640
2019/04/14,Sun,,,,
2019/04/13,Sat,,,,
2019/04/12,Fri,83.420,84.070,84.110,83.380
2019/04/11,Thu,83.350,83.400,83.550,83.080
2019/04/10,Wed,83.380,83.300,83.530,83.150
2019/04/09,Tue,83.750,83.370,83.860,83.320
2019/04/08,Mon,83.430,83.710,83.820,83.180
2019/04/07,Sun,,,,
2019/04/06,Sat,,,,
2019/04/05,Fri,83.600,83.470,83.720,83.290
2019/04/04,Thu,83.520,83.560,83.630,83.320
2019/04/03,Wed,83.490,83.520,83.900,83.320
2019/04/02,Tue,83.700,83.450,83.770,83.200
2019/04/01,Mon,83.040,83.650,83.770,82.930
2019/03/31,Sun,,,,
2019/03/30,Sat,,,,
2019/03/29,Fri,82.330,83.040,83.070,82.250
2019/03/28,Thu,82.420,82.310,82.670,81.960
2019/03/27,Wed,82.670,82.390,82.720,82.110
2019/03/26,Tue,82.050,82.640,82.740,81.940
2019/03/25,Mon,81.840,82.020,82.250,81.620
2019/03/24,Sun,,,,
2019/03/23,Sat,,,,
2019/03/22,Fri,82.950,81.830,83.000,81.820
2019/03/21,Thu,83.200,82.920,83.430,82.700
2019/03/20,Wed,83.650,83.180,83.870,83.140
2019/03/19,Tue,83.570,83.590,84.120,83.350
2019/03/18,Mon,83.520,83.550,83.860,83.320
2019/03/17,Sun,,,,
2019/03/16,Sat,,,,
2019/03/15,Fri,83.780,83.570,84.070,83.380
2019/03/14,Thu,83.590,83.750,83.970,83.520
2019/03/13,Wed,83.410,83.510,83.680,83.120
2019/03/12,Tue,83.040,83.370,83.420,82.850
2019/03/11,Mon,82.780,83.020,83.070,82.540
2019/03/10,Sun,,,,
2019/03/09,Sat,,,,
2019/03/08,Fri,82.930,82.840,83.070,82.410
2019/03/07,Thu,83.150,82.920,83.320,82.830
2019/03/06,Wed,83.840,83.120,83.840,82.990
2019/03/05,Tue,84.000,83.820,84.070,83.750
2019/03/04,Mon,84.160,83.970,84.350,83.690
2019/03/03,Sun,,,,
2019/03/02,Sat,,,,
2019/03/01,Fri,84.570,84.160,85.260,84.090
2019/02/28,Thu,84.370,84.560,84.820,83.940
2019/02/27,Wed,83.980,84.320,84.520,83.740
2019/02/26,Tue,84.200,83.950,84.270,83.620
2019/02/25,Mon,82.040,84.180,84.480,82.010
2019/02/24,Sun,,,,
2019/02/23,Sat,,,,
2019/02/22,Fri,83.670,84.240,84.290,83.570
2019/02/21,Thu,84.140,83.650,84.240,83.630
2019/02/20,Wed,83.770,84.110,84.280,83.640
2019/02/19,Tue,83.550,83.730,83.820,83.230
2019/02/18,Mon,83.450,83.530,83.640,82.940
2019/02/17,Sun,,,,
2019/02/16,Sat,,,,
2019/02/15,Fri,83.070,83.380,83.430,82.800
2019/02/14,Thu,83.750,83.090,83.990,82.910
2019/02/13,Wed,83.470,83.720,83.890,83.400
2019/02/12,Tue,82.970,83.450,83.520,82.880
2019/02/11,Mon,82.530,82.950,83.220,82.530
2019/02/10,Sun,,,,
2019/02/09,Sat,,,,
2019/02/08,Fri,82.530,82.620,83.030,82.260
2019/02/07,Thu,83.230,82.500,83.310,82.370
2019/02/06,Wed,83.800,83.200,83.820,83.040
2019/02/05,Tue,83.820,83.760,84.000,83.520
2019/02/04,Mon,83.420,83.810,83.990,83.400
2019/02/03,Sun,,,,
2019/02/02,Sat,,,,
2019/02/01,Fri,82.970,83.560,83.850,82.720
2019/01/31,Thu,82.930,82.960,83.010,82.460
2019/01/30,Wed,82.460,82.900,83.210,82.260
2019/01/29,Tue,82.440,82.420,82.680,82.190
2019/01/28,Mon,82.880,82.450,82.940,82.210
2019/01/27,Sun,,,,
2019/01/26,Sat,,,,
2019/01/25,Fri,82.140,82.860,82.940,81.970
2019/01/24,Thu,82.150,82.110,82.280,81.940
2019/01/23,Wed,81.900,82.140,82.460,81.840
2019/01/22,Tue,82.500,81.880,82.520,81.720
2019/01/21,Mon,82.840,82.490,82.840,82.350
2019/01/20,Sun,,,,
2019/01/19,Sat,,,,
2019/01/18,Fri,82.280,82.770,82.920,82.100
2019/01/17,Thu,82.310,82.260,82.580,81.600
2019/01/16,Wed,81.920,82.280,82.450,81.600
2019/01/15,Tue,81.440,81.900,82.090,81.400
2019/01/14,Mon,81.870,81.400,81.880,81.290
2019/01/13,Sun,,,,
2019/01/12,Sat,,,,
2019/01/11,Fri,81.920,81.810,82.200,81.620
2019/01/10,Thu,81.880,81.900,82.030,81.430
2019/01/09,Wed,81.920,81.880,82.410,81.570
2019/01/08,Tue,81.760,81.900,82.150,81.430
2019/01/07,Mon,81.160,81.730,81.860,80.860
2019/01/06,Sun,,,,
2019/01/05,Sat,,,,
2019/01/04,Fri,79.820,81.130,81.190,79.700
2019/01/03,Thu,80.190,79.790,80.360,77.030
2019/01/02,Wed,80.460,80.180,80.650,79.650
2019/01/01,Tue,80.350,80.430,80.730,80.320
2018/12/31,Mon,80.900,80.330,81.140,80.260
2018/12/30,Sun,,,,
2018/12/29,Sat,,,,
2018/12/28,Fri,81.510,80.840,81.570,80.650
2018/12/27,Thu,82.040,81.490,82.090,80.940
2018/12/26,Wed,81.150,82.030,82.080,80.940
2018/12/25,Tue,81.180,81.130,81.260,80.620
2018/12/24,Mon,81.820,81.150,81.940,81.040
2018/12/23,Sun,,,,
2018/12/22,Sat,,,,
2018/12/21,Fri,82.380,81.760,82.550,81.740
2018/12/20,Thu,83.410,82.360,83.520,81.920
2018/12/19,Wed,83.580,83.390,83.740,83.090
2018/12/18,Tue,84.170,83.540,84.190,83.340
2018/12/17,Mon,84.770,84.150,84.870,83.960
2018/12/16,Sun,,,,
2018/12/15,Sat,,,,
2018/12/14,Fri,85.100,84.690,85.160,84.600
2018/12/13,Thu,84.850,85.080,85.260,84.750
2018/12/12,Wed,84.680,84.830,85.020,84.600
2018/12/11,Tue,84.600,84.660,84.750,84.240
2018/12/10,Mon,84.630,84.590,84.740,84.200
2018/12/09,Sun,,,,
2018/12/08,Sat,,,,
2018/12/07,Fri,84.180,84.610,85.100,84.080
2018/12/06,Thu,84.770,84.190,84.790,83.560
2018/12/05,Wed,85.050,84.740,85.220,84.460
2018/12/04,Tue,86.130,85.010,86.150,84.910
2018/12/03,Mon,85.590,86.110,86.270,85.540
2018/12/02,Sun,,,,
2018/12/01,Sat,,,,
2018/11/30,Fri,85.440,85.310,85.550,85.180
2018/11/29,Thu,85.640,85.420,85.670,85.150
2018/11/28,Wed,85.570,85.640,85.760,85.260
2018/11/27,Tue,85.700,85.560,85.890,85.360
2018/11/26,Mon,85.370,85.700,85.940,85.310
2018/11/25,Sun,,,,
2018/11/24,Sat,,,,
2018/11/23,Fri,85.640,85.300,85.720,85.040
2018/11/22,Thu,85.450,85.610,85.740,85.230
2018/11/21,Wed,84.760,85.410,85.520,84.640
2018/11/20,Tue,85.460,84.720,85.570,84.590
2018/11/19,Mon,85.840,85.450,85.840,85.200
2018/11/18,Sun,,,,
2018/11/17,Sat,,,,
2018/11/16,Fri,86.240,85.800,86.280,85.490
2018/11/15,Thu,85.800,86.200,86.380,85.440
2018/11/14,Wed,85.990,85.800,86.290,85.520
2018/11/13,Tue,85.940,85.970,86.320,85.760
2018/11/12,Mon,86.270,85.910,86.560,85.870
2018/11/11,Sun,,,,
2018/11/10,Sat,,,,
2018/11/09,Fri,86.710,86.140,86.790,85.940
2018/11/08,Thu,86.600,86.690,87.010,86.430
2018/11/07,Wed,86.440,86.560,86.790,86.070
2018/11/06,Tue,86.350,86.410,86.560,86.160
2018/11/05,Mon,86.350,86.320,86.630,86.270
2018/11/04,Sun,,,,
2018/11/03,Sat,,,,
2018/11/02,Fri,86.140,86.320,86.630,85.960
2018/11/01,Thu,85.850,86.110,86.340,85.630
2018/10/31,Wed,86.320,85.830,86.420,85.670
2018/10/30,Tue,85.560,86.260,86.300,85.510
2018/10/29,Mon,85.380,85.540,85.920,85.280
2018/10/28,Sun,,,,
2018/10/27,Sat,,,,
2018/10/26,Fri,86.000,85.340,86.040,84.840
2018/10/25,Thu,86.000,85.980,86.340,85.720
2018/10/24,Wed,85.940,85.970,86.840,85.820
2018/10/23,Tue,86.120,85.930,86.190,85.350
2018/10/22,Mon,85.940,86.090,86.310,85.640
2018/10/21,Sun,,,,
2018/10/20,Sat,,,,
2018/10/19,Fri,85.760,85.900,86.400,85.560
2018/10/18,Thu,86.530,85.730,86.600,85.570
2018/10/17,Wed,86.790,86.500,86.910,86.150
2018/10/16,Tue,86.040,86.770,86.900,86.010
2018/10/15,Mon,86.160,86.010,86.420,85.570
2018/10/14,Sun,,,,
2018/10/13,Sat,,,,
2018/10/12,Fri,86.070,86.140,86.470,85.760
2018/10/11,Thu,85.920,86.070,86.410,85.670
2018/10/10,Wed,87.250,85.910,87.480,85.890
2018/10/09,Tue,87.340,87.220,87.470,87.000
2018/10/08,Mon,87.860,87.310,87.990,87.000
2018/10/07,Sun,,,,
2018/10/06,Sat,,,,
2018/10/05,Fri,88.150,87.870,88.340,87.680
2018/10/04,Thu,89.010,88.120,89.020,87.930
2018/10/03,Wed,88.640,88.980,89.250,88.470
2018/10/02,Tue,88.900,88.620,89.040,88.460
2018/10/01,Mon,88.130,88.870,89.200,88.130
2018/09/30,Sun,,,,
2018/09/29,Sat,,,,
2018/09/28,Fri,86.940,88.070,88.120,86.890
2018/09/27,Thu,86.590,86.910,87.160,86.190
2018/09/26,Wed,87.220,86.560,87.280,86.510
2018/09/25,Tue,87.070,87.210,87.280,86.940
2018/09/24,Mon,87.160,87.050,87.250,86.840
2018/09/23,Sun,,,,
2018/09/22,Sat,,,,
2018/09/21,Fri,87.190,87.140,87.480,87.060
2018/09/20,Thu,86.940,87.160,87.270,86.720
2018/09/19,Wed,86.600,86.910,87.040,86.350
2018/09/18,Tue,85.760,86.580,86.650,85.470
2018/09/17,Mon,85.950,85.720,86.150,85.730
2018/09/16,Sun,,,,
2018/09/15,Sat,,,,
2018/09/14,Fri,86.110,85.950,86.260,85.770
2018/09/13,Thu,85.620,86.090,86.180,85.480
2018/09/12,Wed,85.440,85.580,85.840,85.070
2018/09/11,Tue,84.420,85.410,85.570,84.380
2018/09/10,Mon,84.250,84.390,84.570,84.080
2018/09/09,Sun,,,,
2018/09/08,Sat,,,,
2018/09/07,Fri,84.290,84.400,84.670,83.870
2018/09/06,Thu,84.650,84.260,84.670,83.760
2018/09/05,Wed,84.520,84.610,84.920,84.360
2018/09/04,Tue,84.850,84.490,85.030,84.210
2018/09/03,Mon,85.200,84.830,85.200,84.750
2018/09/02,Sun,,,,
2018/09/01,Sat,,,,
2018/08/31,Fri,85.490,85.150,85.620,84.690
2018/08/30,Thu,86.530,85.470,86.620,85.410
2018/08/29,Wed,86.000,86.510,86.580,85.900
2018/08/28,Tue,85.680,85.960,86.220,85.570
2018/08/27,Mon,85.430,85.640,85.760,85.020
2018/08/26,Sun,,,,
2018/08/25,Sat,,,,
2018/08/24,Fri,85.090,85.370,85.480,84.970
2018/08/23,Thu,85.060,85.040,85.350,84.760
2018/08/22,Wed,84.610,85.040,85.130,84.370
2018/08/21,Tue,84.360,84.590,84.870,84.200
2018/08/20,Mon,84.640,84.340,84.750,84.300
2018/08/19,Sun,,,,
2018/08/18,Sat,,,,
2018/08/17,Fri,84.310,84.590,84.790,83.850
2018/08/16,Thu,84.280,84.290,84.580,83.990
2018/08/15,Wed,85.140,84.240,85.340,83.820
2018/08/14,Tue,84.310,85.110,85.160,84.190
2018/08/13,Mon,84.380,84.280,84.640,83.620
2018/08/12,Sun,,,,
2018/08/11,Sat,,,,
2018/08/10,Fri,85.130,84.380,85.230,84.090
2018/08/09,Thu,85.240,85.100,85.460,84.950
2018/08/08,Wed,85.330,85.200,85.390,84.720
2018/08/07,Tue,85.670,85.300,85.880,85.140
2018/08/06,Mon,85.640,85.650,85.770,85.400
2018/08/05,Sun,,,,
2018/08/04,Sat,,,,
2018/08/03,Fri,85.740,85.630,85.970,85.560
2018/08/02,Thu,85.920,85.720,85.980,85.400
2018/08/01,Wed,86.020,85.890,86.320,85.730
2018/07/31,Tue,85.210,85.990,86.110,84.770
2018/07/30,Mon,85.060,85.180,85.420,84.870
2018/07/29,Sun,,,,
2018/07/28,Sat,,,,
2018/07/27,Fri,85.080,85.050,85.230,84.770
2018/07/26,Thu,85.070,85.060,85.250,84.790
2018/07/25,Wed,84.540,85.050,85.230,84.440
2018/07/24,Tue,84.540,84.520,84.670,84.250
2018/07/23,Mon,84.840,84.490,84.920,84.400
2018/07/22,Sun,,,,
2018/07/21,Sat,,,,
2018/07/20,Fri,84.750,84.690,85.290,84.510
2018/07/19,Thu,85.680,84.730,85.760,84.690
2018/07/18,Wed,85.570,85.680,85.780,85.040
2018/07/17,Tue,85.470,85.560,85.720,85.380
2018/07/16,Mon,85.350,85.470,85.680,85.250
2018/07/15,Sun,,,,
2018/07/14,Sat,,,,
2018/07/13,Fri,85.580,85.350,85.690,85.230
2018/07/12,Thu,84.820,85.550,85.570,84.670
2018/07/11,Wed,84.660,84.800,85.200,84.200
2018/07/10,Tue,84.590,84.630,84.950,84.470
2018/07/09,Mon,84.410,84.530,84.710,84.260
2018/07/08,Sun,,,,
2018/07/07,Sat,,,,
2018/07/06,Fri,84.230,84.420,84.530,84.060
2018/07/05,Thu,84.050,84.210,84.370,83.850
2018/07/04,Wed,84.200,84.010,84.260,83.930
2018/07/03,Tue,84.100,84.150,84.450,83.860
2018/07/02,Mon,84.250,84.080,84.440,83.740
2018/07/01,Sun,,,,
2018/06/30,Sat,,,,
2018/06/29,Fri,83.400,84.250,84.410,83.240
2018/06/28,Thu,82.640,83.390,83.420,82.460
2018/06/27,Wed,82.700,82.640,83.200,82.350
2018/06/26,Tue,82.560,82.670,82.850,82.200
2018/06/25,Mon,82.860,82.540,82.920,82.160
2018/06/24,Sun,,,,
2018/06/23,Sat,,,,
2018/06/22,Fri,82.620,82.840,83.070,82.270
2018/06/21,Thu,82.900,82.590,83.220,82.470
2018/06/20,Wed,82.840,82.880,83.070,82.660
2018/06/19,Tue,83.750,82.820,83.800,82.540
2018/06/18,Mon,83.870,83.730,84.020,83.440
2018/06/17,Sun,,,,
2018/06/16,Sat,,,,
2018/06/15,Fri,84.430,83.800,84.500,83.700
2018/06/14,Thu,84.980,84.410,85.050,84.350
2018/06/13,Wed,84.800,84.940,85.220,84.770
2018/06/12,Tue,84.790,84.780,85.060,84.660
2018/06/11,Mon,84.450,84.770,84.910,83.990
2018/06/10,Sun,,,,
2018/06/09,Sat,,,,
2018/06/08,Fri,84.570,84.720,84.790,83.850
2018/06/07,Thu,85.130,84.550,85.190,84.250
2018/06/06,Wed,84.660,85.110,85.670,84.630
2018/06/05,Tue,84.940,84.620,85.150,84.060
2018/06/04,Mon,84.600,84.910,84.970,84.460
2018/06/03,Sun,,,,
2018/06/02,Sat,,,,
2018/06/01,Fri,83.980,84.580,84.670,83.940
2018/05/31,Thu,84.600,83.960,84.990,83.560
2018/05/30,Wed,83.550,84.590,84.980,83.140
2018/05/29,Tue,84.230,83.530,84.270,82.990
2018/05/28,Mon,84.330,84.200,84.730,83.970
2018/05/27,Sun,,,,
2018/05/26,Sat,,,,
2018/05/25,Fri,84.820,84.310,85.150,84.040
2018/05/24,Thu,85.790,84.790,85.830,84.430
2018/05/23,Wed,86.510,85.760,86.560,84.920
2018/05/22,Tue,86.850,86.480,87.130,86.450
2018/05/21,Mon,85.980,86.820,86.890,85.960
2018/05/20,Sun,,,,
2018/05/19,Sat,,,,
2018/05/18,Fri,86.500,85.950,86.760,85.760
2018/05/17,Thu,86.340,86.480,86.820,86.190
2018/05/16,Wed,85.700,86.300,86.350,85.570
2018/05/15,Tue,85.590,85.690,85.950,85.300
2018/05/14,Mon,85.530,85.570,85.890,85.400
2018/05/13,Sun,,,,
2018/05/12,Sat,,,,
2018/05/11,Fri,85.700,85.490,85.900,85.400
2018/05/10,Thu,85.380,85.660,86.080,85.300
2018/05/09,Wed,84.270,85.370,85.530,84.150
2018/05/08,Tue,84.700,84.240,84.730,83.880
2018/05/07,Mon,84.950,84.670,85.040,84.510
2018/05/06,Sun,,,,
2018/05/05,Sat,,,,
2018/05/04,Fri,85.010,84.920,85.050,84.350
2018/05/03,Thu,85.260,84.960,85.460,84.470
2018/05/02,Wed,85.520,85.230,85.760,85.250
2018/05/01,Tue,85.150,85.490,85.540,84.970
2018/04/30,Mon,84.930,85.110,85.410,84.900
2018/04/29,Sun,,,,
2018/04/28,Sat,,,,
2018/04/27,Fri,84.950,84.980,85.070,84.740
2018/04/26,Thu,85.200,84.930,85.330,84.850
2018/04/25,Wed,84.790,85.180,85.260,84.650
2018/04/24,Tue,84.600,84.780,85.190,84.570
2018/04/23,Mon,84.410,84.580,84.750,84.350
2018/04/22,Sun,,,,
2018/04/21,Sat,,,,
2018/04/20,Fri,84.750,84.360,85.190,84.300
2018/04/19,Thu,84.910,84.700,85.320,84.660
2018/04/18,Wed,85.280,84.890,85.470,84.670
2018/04/17,Tue,85.230,85.250,85.450,85.040
2018/04/16,Mon,85.130,85.230,85.400,84.900
2018/04/15,Sun,,,,
2018/04/14,Sat,,,,
2018/04/13,Fri,85.270,85.070,85.790,85.010
2018/04/12,Thu,84.880,85.270,85.350,84.690
2018/04/11,Wed,85.090,84.870,85.170,84.570
2018/04/10,Tue,84.090,85.040,85.280,83.920
2018/04/09,Mon,83.720,84.060,84.410,83.570
2018/04/08,Sun,,,,
2018/04/07,Sat,,,,
2018/04/06,Fri,84.240,83.610,84.290,83.520
2018/04/05,Thu,83.620,84.210,84.290,83.540
2018/04/04,Wed,83.240,83.600,83.740,82.540
2018/04/03,Tue,82.010,83.210,83.370,81.820
2018/04/02,Mon,82.390,81.980,82.700,81.630
2018/04/01,Sun,,,,
2018/03/31,Sat,,,,
2018/03/30,Fri,82.600,82.390,82.690,82.310
2018/03/29,Thu,82.710,82.580,82.800,82.300
2018/03/28,Wed,81.770,82.670,82.870,81.690
2018/03/27,Tue,82.060,81.750,82.460,81.680
2018/03/26,Mon,81.240,82.070,82.110,81.130
2018/03/25,Sun,,,,
2018/03/24,Sat,,,,
2018/03/23,Fri,81.330,81.210,82.090,80.900
2018/03/22,Thu,82.200,81.350,82.400,81.290
2018/03/21,Wed,81.520,82.180,82.430,81.400
2018/03/20,Tue,81.130,81.490,81.630,80.950
2018/03/19,Mon,81.030,81.110,81.440,80.540
2018/03/18,Sun,,,,
2018/03/17,Sat,,,,
2018/03/16,Fri,81.470,80.900,81.560,80.670
2018/03/15,Thu,82.080,81.460,82.140,81.140
2018/03/14,Wed,82.210,82.060,82.460,81.750
2018/03/13,Tue,82.860,82.180,83.470,82.010
2018/03/12,Mon,83.270,82.840,83.510,82.810
2018/03/11,Sun,,,,
2018/03/10,Sat,,,,
2018/03/09,Fri,82.360,83.320,83.460,82.290
2018/03/08,Thu,82.160,82.340,82.490,81.860
2018/03/07,Wed,82.420,82.130,82.500,81.400
2018/03/06,Tue,81.930,82.400,82.580,81.540
2018/03/05,Mon,82.170,81.910,82.170,81.370
2018/03/04,Sun,,,,
2018/03/03,Sat,,,,
2018/03/02,Fri,82.760,82.080,82.920,81.660
2018/03/01,Thu,83.140,82.720,83.670,82.510
2018/02/28,Wed,84.020,83.120,84.220,83.020
2018/02/27,Tue,84.340,83.990,84.510,84.000
2018/02/26,Mon,84.530,84.310,84.870,84.100
2018/02/25,Sun,,,,
2018/02/24,Sat,,,,
2018/02/23,Fri,84.030,84.610,84.660,83.940
2018/02/22,Thu,84.850,84.000,84.900,83.830
2018/02/21,Wed,84.870,84.820,85.290,84.730
2018/02/20,Tue,84.870,84.840,85.150,84.790
2018/02/19,Mon,84.720,84.840,84.990,84.540
2018/02/18,Sun,,,,
2018/02/17,Sat,,,,
2018/02/16,Fri,85.060,84.640,85.200,84.470
2018/02/15,Thu,85.670,85.020,85.700,84.750
2018/02/14,Wed,85.640,85.650,85.770,84.670
2018/02/13,Tue,86.400,85.620,86.500,85.170
2018/02/12,Mon,86.450,86.380,86.590,85.990
2018/02/11,Sun,,,,
2018/02/10,Sat,,,,
2018/02/09,Fri,86.290,86.470,86.790,85.550
2018/02/08,Thu,86.980,86.270,87.400,86.150
2018/02/07,Wed,87.710,86.960,87.820,86.870
2018/02/06,Tue,87.000,87.700,87.770,86.340
2018/02/05,Mon,88.610,86.990,88.680,86.990
2018/02/04,Sun,,,,
2018/02/03,Sat,,,,
2018/02/02,Fri,89.180,88.580,89.470,88.560
2018/02/01,Thu,88.660,89.170,89.300,88.630
2018/01/31,Wed,88.190,88.650,89.070,88.100
2018/01/30,Tue,88.310,88.160,88.410,87.790
2018/01/29,Mon,88.200,88.280,88.530,87.980
2018/01/28,Sun,,,,
2018/01/27,Sat,,,,
2018/01/26,Fri,88.350,88.280,88.900,87.880
2018/01/25,Thu,88.450,88.340,88.750,88.100
2018/01/24,Wed,88.840,88.420,88.930,88.180
2018/01/23,Tue,89.140,88.820,89.270,88.400
2018/01/22,Mon,88.720,89.110,89.250,88.370
2018/01/21,Sun,,,,
2018/01/20,Sat,,,,
2018/01/19,Fri,89.480,88.670,89.590,88.500
2018/01/18,Thu,89.470,89.440,89.590,88.870
2018/01/17,Wed,88.820,89.430,89.660,88.250
2018/01/16,Tue,88.940,88.800,89.340,88.600
2018/01/15,Mon,89.150,88.910,89.350,88.810
2018/01/14,Sun,,,,
2018/01/13,Sat,,,,
2018/01/12,Fri,88.880,89.120,89.200,88.620
2018/01/11,Thu,88.840,88.840,89.160,88.560
2018/01/10,Wed,90.390,88.790,90.450,88.500
2018/01/09,Tue,91.040,90.360,91.190,90.120
2018/01/08,Mon,91.100,91.020,91.390,90.790
2018/01/07,Sun,,,,
2018/01/06,Sat,,,,
2018/01/05,Fri,90.300,91.100,91.600,90.230
2018/01/04,Thu,89.760,90.280,90.320,89.700
2018/01/03,Wed,89.750,89.730,89.840,89.510
2018/01/02,Tue,89.820,89.710,89.980,89.380
2018/01/01,Mon,89.590,89.770,89.830,89.560
2017/12/31,Sun,,,,
2017/12/30,Sat,,,,
2017/12/29,Fri,89.810,89.560,90.060,89.520
2017/12/28,Thu,89.570,89.790,89.850,89.330
2017/12/27,Wed,89.230,89.550,89.750,89.170
2017/12/26,Tue,88.990,89.210,89.270,88.950
2017/12/25,Mon,89.020,88.960,89.120,88.890
2017/12/24,Sun,,,,
2017/12/23,Sat,,,,
2017/12/22,Fri,88.950,88.940,89.320,88.600
2017/12/21,Thu,88.340,88.960,89.350,88.260
2017/12/20,Wed,87.680,88.340,88.470,87.610
2017/12/19,Tue,87.490,87.640,87.810,87.410
2017/12/18,Mon,87.480,87.460,87.720,87.320
2017/12/17,Sun,,,,
2017/12/16,Sat,,,,
2017/12/15,Fri,87.830,87.510,88.140,87.320
2017/12/14,Thu,87.790,87.800,88.220,87.520
2017/12/13,Wed,88.280,87.800,88.300,87.640
2017/12/12,Tue,88.310,88.250,88.550,87.980
2017/12/11,Mon,88.320,88.320,88.480,88.040
2017/12/10,Sun,,,,
2017/12/09,Sat,,,,
2017/12/08,Fri,88.000,88.330,88.540,87.950
2017/12/07,Thu,87.790,87.970,88.100,87.500
2017/12/06,Wed,88.750,87.770,88.790,87.660
2017/12/05,Tue,88.730,88.720,89.260,88.600
2017/12/04,Mon,88.370,88.700,89.270,88.370
2017/12/03,Sun,,,,
2017/12/02,Sat,,,,
2017/12/01,Fri,87.260,88.370,88.650,87.150
2017/11/30,Thu,87.000,87.230,87.370,86.790
2017/11/29,Wed,87.000,86.980,87.250,86.790
2017/11/28,Tue,87.010,86.970,87.260,86.750
2017/11/27,Mon,87.750,86.990,87.880,86.940
2017/11/26,Sun,,,,
2017/11/25,Sat,,,,
2017/11/24,Fri,87.490,87.700,87.930,87.390
2017/11/23,Thu,87.600,87.450,87.790,87.400
2017/11/22,Wed,88.000,87.590,88.050,87.480
2017/11/21,Tue,87.850,87.970,88.190,87.630
2017/11/20,Mon,87.820,87.830,88.080,87.460
2017/11/19,Sun,,,,
2017/11/18,Sat,,,,
2017/11/17,Fri,88.620,87.790,88.740,87.490
2017/11/16,Thu,88.440,88.600,88.820,88.280
2017/11/15,Wed,89.120,88.410,89.140,88.040
2017/11/14,Tue,89.240,89.090,89.390,88.770
2017/11/13,Mon,89.520,89.210,89.640,89.070
2017/11/12,Sun,,,,
2017/11/11,Sat,,,,
2017/11/10,Fri,89.480,89.510,89.670,89.240
2017/11/09,Thu,89.470,89.450,89.650,89.070
2017/11/08,Wed,89.270,89.440,89.540,89.030
2017/11/07,Tue,89.500,89.230,89.750,88.970
2017/11/06,Mon,89.350,89.470,89.830,89.250
2017/11/05,Sun,,,,
2017/11/04,Sat,,,,
2017/11/03,Fri,89.070,89.350,89.650,88.570
2017/11/02,Thu,88.730,89.040,89.130,88.590
2017/11/01,Wed,88.170,88.690,88.810,88.090
2017/10/31,Tue,88.220,88.160,88.300,87.790
2017/10/30,Mon,88.820,88.190,88.820,88.040
2017/10/29,Sun,,,,
2017/10/28,Sat,,,,
2017/10/27,Fri,88.730,88.740,88.850,88.210
2017/10/26,Thu,88.900,88.700,89.030,88.530
2017/10/25,Wed,89.860,88.870,90.040,88.590
2017/10/24,Tue,89.650,89.840,90.160,89.570
2017/10/23,Mon,90.060,89.620,90.320,89.560
2017/10/22,Sun,,,,
2017/10/21,Sat,,,,
2017/10/20,Fri,90.130,89.880,90.780,89.780
2017/10/19,Thu,90.590,90.110,90.790,90.020
2017/10/18,Wed,89.600,90.560,90.670,89.560
2017/10/17,Tue,89.630,89.580,89.730,89.200
2017/10/16,Mon,89.650,89.600,89.790,89.000
2017/10/15,Sun,,,,
2017/10/14,Sat,,,,
2017/10/13,Fri,90.020,89.690,90.040,89.370
2017/10/12,Thu,90.290,89.990,90.380,89.920
2017/10/11,Wed,89.850,90.260,90.330,89.570
2017/10/10,Tue,89.780,89.830,90.040,89.620
2017/10/09,Mon,89.920,89.760,89.970,89.600
2017/10/08,Sun,,,,
2017/10/07,Sat,,,,
2017/10/06,Fri,89.790,89.830,90.320,89.640
2017/10/05,Thu,90.370,89.770,90.480,89.600
2017/10/04,Wed,90.370,90.360,90.500,90.140
2017/10/03,Tue,90.170,90.350,90.500,90.010
2017/10/02,Mon,90.210,90.120,90.430,89.980
2017/10/01,Sun,,,,
2017/09/30,Sat,,,,
2017/09/29,Fri,90.390,90.180,90.680,89.850
2017/09/28,Thu,90.460,90.380,90.600,90.180
2017/09/27,Wed,90.890,90.430,91.490,90.320
2017/09/26,Tue,90.320,90.870,91.020,90.060
2017/09/25,Mon,90.790,90.290,91.220,90.140
2017/09/24,Sun,,,,
2017/09/23,Sat,,,,
2017/09/22,Fri,91.240,90.740,91.490,90.660
2017/09/21,Thu,91.040,91.220,91.310,90.770
2017/09/20,Wed,90.790,91.060,91.290,90.640
2017/09/19,Tue,90.780,90.770,91.100,90.470
2017/09/18,Mon,90.920,90.750,91.510,90.400
2017/09/17,Sun,,,,
2017/09/16,Sat,,,,
2017/09/15,Fri,90.630,90.870,91.700,90.000
2017/09/14,Thu,90.770,90.600,91.040,90.400
2017/09/13,Wed,90.410,90.740,90.850,90.370
2017/09/12,Tue,90.350,90.400,90.690,90.200
2017/09/11,Mon,88.720,90.320,90.400,88.720
2017/09/10,Sun,,,,
2017/09/09,Sat,,,,
2017/09/08,Fri,89.540,88.710,89.690,88.570
2017/09/07,Thu,89.350,89.470,89.670,89.010
2017/09/06,Wed,87.950,89.330,89.820,87.540
2017/09/05,Tue,88.370,87.930,88.500,87.690
2017/09/04,Mon,88.210,88.330,88.790,88.020
2017/09/03,Sun,,,,
2017/09/02,Sat,,,,
2017/09/01,Fri,88.100,88.930,89.110,88.020
2017/08/31,Thu,87.350,88.080,88.180,87.290
2017/08/30,Wed,87.720,87.320,87.970,87.190
2017/08/29,Tue,87.370,87.710,87.760,86.440
2017/08/28,Mon,87.650,87.320,87.900,87.260
2017/08/27,Sun,,,,
2017/08/26,Sat,,,,
2017/08/25,Fri,87.520,87.600,87.780,87.320
2017/08/24,Thu,86.850,87.490,87.570,86.730
2017/08/23,Wed,87.220,86.830,87.380,86.560
2017/08/22,Tue,86.790,87.210,87.400,86.670
2017/08/21,Mon,86.960,86.770,87.030,86.310
2017/08/20,Sun,,,,
2017/08/19,Sat,,,,
2017/08/18,Fri,86.430,86.730,87.290,86.040
2017/08/17,Thu,87.350,86.400,87.430,86.350
2017/08/16,Wed,86.750,87.300,87.370,86.660
2017/08/15,Tue,86.180,86.720,86.910,86.130
2017/08/14,Mon,86.180,86.150,86.490,86.020
2017/08/13,Sun,,,,
2017/08/12,Sat,,,,
2017/08/11,Fri,85.700,86.120,86.290,85.460
2017/08/10,Thu,86.680,85.670,86.790,85.660
2017/08/09,Wed,87.100,86.650,87.150,86.320
2017/08/08,Tue,87.330,87.060,87.510,86.890
2017/08/07,Mon,87.470,87.300,87.730,87.190
2017/08/06,Sun,,,,
2017/08/05,Sat,,,,
2017/08/04,Fri,87.440,87.460,88.050,87.350
2017/08/03,Thu,88.100,87.410,88.180,87.350
2017/08/02,Wed,88.030,88.110,88.320,87.710
2017/08/01,Tue,88.360,88.000,88.670,87.860
2017/07/31,Mon,89.020,88.330,89.030,88.160
2017/07/30,Sun,,,,
2017/07/29,Sat,,,,
2017/07/28,Fri,88.600,88.980,89.400,88.310
2017/07/27,Thu,89.340,88.600,89.590,88.350
2017/07/26,Wed,89.440,89.300,89.740,89.120
2017/07/25,Tue,88.820,89.430,89.540,88.640
2017/07/24,Mon,88.590,88.790,88.940,88.150
2017/07/23,Sun,,,,
2017/07/22,Sat,,,,
2017/07/21,Fri,88.890,88.590,89.030,88.430
2017/07/20,Thu,88.830,88.860,89.230,88.480
2017/07/19,Wed,88.760,88.790,88.920,88.510
2017/07/18,Tue,88.700,88.730,89.070,88.280
2017/07/17,Mon,89.020,88.670,89.270,88.680
2017/07/16,Sun,,,,
2017/07/15,Sat,,,,
2017/07/14,Fri,89.040,88.990,89.210,88.220
2017/07/13,Thu,88.760,89.020,89.100,88.570
2017/07/12,Wed,88.230,88.720,89.320,87.410
2017/07/11,Tue,88.470,88.200,88.850,88.010
2017/07/10,Mon,88.420,88.440,88.740,88.220
2017/07/09,Sun,,,,
2017/07/08,Sat,,,,
2017/07/07,Fri,87.240,88.430,88.730,87.130
2017/07/06,Thu,87.420,87.210,87.700,87.010
2017/07/05,Wed,87.570,87.390,87.780,86.920
2017/07/04,Tue,87.170,87.530,87.670,86.780
2017/07/03,Mon,86.490,87.120,87.280,86.290
2017/07/02,Sun,,,,
2017/07/01,Sat,,,,
2017/06/30,Fri,86.270,86.640,86.880,86.070
2017/06/29,Thu,86.130,86.240,86.730,85.850
2017/06/28,Wed,85.130,86.100,86.350,85.000
2017/06/27,Tue,84.480,85.100,85.360,84.210
2017/06/26,Mon,83.770,84.430,84.510,83.760
2017/06/25,Sun,,,,
2017/06/24,Sat,,,,
2017/06/23,Fri,84.120,83.850,84.260,83.600
2017/06/22,Thu,83.530,84.100,84.340,83.200
2017/06/21,Wed,84.010,83.490,84.120,83.410
2017/06/20,Tue,84.380,83.990,84.570,83.820
2017/06/19,Mon,83.920,84.340,84.460,83.780
2017/06/18,Sun,,,,
2017/06/17,Sat,,,,
2017/06/16,Fri,83.600,83.880,84.260,83.480
2017/06/15,Thu,82.730,83.570,83.660,82.510
2017/06/14,Wed,83.110,82.700,83.650,82.380
2017/06/13,Tue,82.500,83.090,83.320,82.440
2017/06/12,Mon,82.000,82.490,82.540,81.400
2017/06/11,Sun,,,,
2017/06/10,Sat,,,,
2017/06/09,Fri,81.440,81.900,82.460,81.140
2017/06/08,Thu,81.290,81.390,81.790,80.960
2017/06/07,Wed,81.330,81.260,81.600,80.870
2017/06/06,Tue,81.980,81.300,82.030,81.060
2017/06/05,Mon,81.810,81.950,82.140,81.690
2017/06/04,Sun,,,,
2017/06/03,Sat,,,,
2017/06/02,Fri,82.400,81.870,82.720,81.620
2017/06/01,Thu,82.050,82.370,82.620,82.020
2017/05/31,Wed,82.350,82.030,82.640,81.750
2017/05/30,Tue,82.710,82.330,82.760,82.190
2017/05/29,Mon,82.790,82.670,82.900,82.620
2017/05/28,Sun,,,,
2017/05/27,Sat,,,,
2017/05/26,Fri,82.940,82.760,82.980,82.370
2017/05/25,Thu,83.160,82.920,83.500,82.840
2017/05/24,Wed,82.710,83.150,83.420,82.570
2017/05/23,Tue,82.430,82.690,82.850,82.150
2017/05/22,Mon,82.380,82.390,82.590,82.030
2017/05/21,Sun,,,,
2017/05/20,Sat,,,,
2017/05/19,Fri,81.960,82.320,82.480,81.660
2017/05/18,Thu,81.470,81.940,82.000,80.640
2017/05/17,Wed,83.150,81.450,83.170,81.320
2017/05/16,Tue,83.470,83.120,83.540,83.000
2017/05/15,Mon,82.570,83.450,83.490,82.530
2017/05/14,Sun,,,,
2017/05/13,Sat,,,,
2017/05/12,Fri,83.130,82.650,83.170,82.460
2017/05/11,Thu,83.690,83.110,83.730,82.590
2017/05/10,Wed,83.080,83.670,83.750,82.900
2017/05/09,Tue,82.730,83.050,83.330,82.610
2017/05/08,Mon,82.760,82.710,82.850,82.070
2017/05/07,Sun,,,,
2017/05/06,Sat,,,,
2017/05/05,Fri,81.800,82.550,82.700,81.290
2017/05/04,Thu,82.130,81.780,82.470,81.550
2017/05/03,Wed,81.690,82.100,82.240,81.570
2017/05/02,Tue,81.750,81.660,82.260,81.470
2017/05/01,Mon,81.490,81.740,81.960,81.410
2017/04/30,Sun,,,,
2017/04/29,Sat,,,,
2017/04/28,Fri,81.610,81.680,81.890,81.350
2017/04/27,Thu,81.570,81.590,82.230,81.270
2017/04/26,Wed,81.850,81.540,82.410,81.400
2017/04/25,Tue,81.290,81.830,81.960,80.860
2017/04/24,Mon,82.050,81.280,82.230,81.150
2017/04/23,Sun,,,,
2017/04/22,Sat,,,,
2017/04/21,Fri,81.160,80.780,81.270,80.560
2017/04/20,Thu,80.730,81.140,81.250,80.670
2017/04/19,Wed,81.060,80.710,81.250,80.570
2017/04/18,Tue,81.780,81.030,81.970,80.910
2017/04/17,Mon,81.570,81.760,81.910,81.260
2017/04/16,Sun,,,,
2017/04/15,Sat,,,,
2017/04/14,Fri,81.850,81.490,82.000,81.440
2017/04/13,Thu,82.270,81.820,82.650,81.770
2017/04/12,Wed,82.270,82.230,82.710,82.010
2017/04/11,Tue,83.250,82.250,83.270,82.120
2017/04/10,Mon,82.900,83.210,83.400,82.810
2017/04/09,Sun,,,,
2017/04/08,Sat,,,,
2017/04/07,Fri,82.610,82.820,83.070,82.100
2017/04/06,Thu,82.410,82.590,82.900,82.070
2017/04/05,Wed,82.640,82.380,83.200,82.340
2017/04/04,Tue,82.880,82.600,82.930,82.000
2017/04/03,Mon,83.620,82.850,83.780,82.750
2017/04/02,Sun,,,,
2017/04/01,Sat,,,,
2017/03/31,Fri,83.880,83.630,84.230,83.500
2017/03/30,Thu,83.330,83.860,83.940,83.180
2017/03/29,Wed,83.060,83.310,83.370,82.740
2017/03/28,Tue,82.730,83.020,83.150,82.300
2017/03/27,Mon,83.160,82.700,83.200,82.240
2017/03/26,Sun,,,,
2017/03/25,Sat,,,,
2017/03/24,Fri,83.090,83.190,83.430,82.690
2017/03/23,Thu,83.400,83.060,83.740,82.910
2017/03/22,Wed,83.680,83.380,83.740,82.640
2017/03/21,Tue,84.320,83.650,84.820,83.550
2017/03/20,Mon,84.380,84.320,84.650,84.220
2017/03/19,Sun,,,,
2017/03/18,Sat,,,,
2017/03/17,Fri,85.070,84.410,85.240,84.150
2017/03/16,Thu,85.220,85.050,85.390,84.780
2017/03/15,Wed,85.120,85.190,85.430,84.770
2017/03/14,Tue,85.440,85.100,85.590,84.890
2017/03/13,Mon,85.280,85.420,85.470,85.100
2017/03/12,Sun,,,,
2017/03/11,Sat,,,,
2017/03/10,Fri,85.090,85.160,85.930,85.030
2017/03/09,Thu,84.750,85.040,85.160,84.640
2017/03/08,Wed,84.980,84.730,85.240,84.680
2017/03/07,Tue,84.930,84.950,85.150,84.870
2017/03/06,Mon,85.220,84.900,85.320,84.790
2017/03/05,Sun,,,,
2017/03/04,Sat,,,,
2017/03/03,Fri,85.440,85.200,85.530,85.090
2017/03/02,Thu,85.350,85.410,85.670,85.270
2017/03/01,Wed,84.800,85.320,85.700,84.750
2017/02/28,Tue,85.540,84.760,85.590,84.180
2017/02/27,Mon,85.640,85.490,85.820,85.340
2017/02/26,Sun,,,,
2017/02/25,Sat,,,,
2017/02/24,Fri,85.940,85.690,86.200,85.420
2017/02/23,Thu,86.070,85.890,86.280,85.850
2017/02/22,Wed,86.520,86.030,86.620,85.470
2017/02/21,Tue,86.300,86.480,86.600,86.210
2017/02/20,Mon,86.130,86.260,86.550,86.070
2017/02/19,Sun,,,,
2017/02/18,Sat,,,,
2017/02/17,Fri,86.630,86.140,86.900,85.900
2017/02/16,Thu,87.290,86.590,87.450,86.500
2017/02/15,Wed,87.360,87.260,87.750,87.080
2017/02/14,Tue,87.010,87.350,87.540,86.770
2017/02/13,Mon,86.660,86.990,87.180,86.620
2017/02/12,Sun,,,,
2017/02/11,Sat,,,,
2017/02/10,Fri,86.170,86.500,86.960,86.100
2017/02/09,Thu,85.160,86.120,86.310,85.010
2017/02/08,Wed,85.230,85.140,85.440,84.850
2017/02/07,Tue,85.390,85.220,85.540,84.880
2017/02/06,Mon,86.250,85.340,86.590,85.160
2017/02/05,Sun,,,,
2017/02/04,Sat,,,,
2017/02/03,Fri,86.600,86.530,86.930,86.350
2017/02/02,Thu,86.790,86.590,86.940,86.190
2017/02/01,Wed,86.570,86.770,87.150,86.340
2017/01/31,Tue,86.730,86.550,86.980,86.110
2017/01/30,Mon,87.540,86.710,87.580,86.540
2017/01/29,Sun,,,,
2017/01/28,Sat,,,,
2017/01/27,Fri,87.500,87.460,87.990,87.370
2017/01/26,Thu,86.670,87.470,87.620,86.570
2017/01/25,Wed,86.470,86.650,87.120,86.280
2017/01/24,Tue,85.140,86.440,86.630,85.020
2017/01/23,Mon,86.010,85.120,86.010,84.790
2017/01/22,Sun,,,,
2017/01/21,Sat,,,,
2017/01/20,Fri,86.240,86.030,86.420,85.820
2017/01/19,Thu,86.420,86.230,86.790,86.100
2017/01/18,Wed,86.350,86.400,86.870,85.670
2017/01/17,Tue,86.680,86.330,86.970,86.240
2017/01/16,Mon,87.370,86.650,87.390,86.520
2017/01/15,Sun,,,,
2017/01/14,Sat,,,,
2017/01/13,Fri,87.270,87.310,87.780,87.000
2017/01/12,Thu,87.570,87.230,87.670,86.570
2017/01/11,Wed,87.500,87.560,88.220,86.980
2017/01/10,Tue,87.790,87.470,87.890,87.230
2017/01/09,Mon,88.330,87.770,88.670,87.680
2017/01/08,Sun,,,,
2017/01/07,Sat,,,,
2017/01/06,Fri,87.230,88.310,88.540,87.010
2017/01/05,Thu,88.160,87.200,88.240,87.110
2017/01/04,Wed,87.680,88.120,88.450,87.560
2017/01/03,Tue,87.480,87.650,88.270,87.120
2017/01/02,Mon,87.090,87.440,87.720,86.890
2017/01/01,Sun,,,,
2016/12/31,Sat,,,,
2016/12/30,Fri,86.320,86.990,87.100,86.080
2016/12/29,Thu,86.470,86.280,86.490,85.940
2016/12/28,Wed,86.500,86.430,86.820,86.380
2016/12/27,Tue,86.670,86.460,86.880,86.470
2016/12/26,Mon,86.720,86.630,86.880,86.470
2016/12/25,Sun,,,,
2016/12/24,Sat,,,,
2016/12/23,Fri,87.170,86.650,87.280,86.450
2016/12/22,Thu,87.650,87.130,87.700,86.870
2016/12/21,Wed,88.160,87.620,88.280,87.550
2016/12/20,Tue,87.330,88.130,88.310,87.260
2016/12/19,Mon,88.400,87.310,88.510,86.960
2016/12/18,Sun,,,,
2016/12/17,Sat,,,,
2016/12/16,Fri,88.630,88.440,88.820,88.010
2016/12/15,Thu,88.120,88.590,88.950,88.040
2016/12/14,Wed,87.740,88.110,88.390,87.420
2016/12/13,Tue,87.600,87.700,88.040,87.380
2016/12/12,Mon,87.690,87.580,88.500,87.410
2016/12/11,Sun,,,,
2016/12/10,Sat,,,,
2016/12/09,Fri,86.440,87.510,87.630,86.340
2016/12/08,Thu,85.960,86.410,86.560,85.610
2016/12/07,Wed,85.870,85.930,86.180,85.590
2016/12/06,Tue,85.820,85.840,86.150,85.520
2016/12/05,Mon,85.400,85.770,86.490,84.590
2016/12/04,Sun,,,,
2016/12/03,Sat,,,,
2016/12/02,Fri,85.700,85.390,85.870,85.310
2016/12/01,Thu,85.180,85.660,86.050,85.020
2016/11/30,Wed,83.670,85.170,85.290,83.450
2016/11/29,Tue,83.470,83.650,84.280,83.250
2016/11/28,Mon,83.650,83.420,84.100,82.710
2016/11/27,Sun,,,,
2016/11/26,Sat,,,,
2016/11/25,Fri,84.020,83.550,84.400,83.400
2016/11/24,Thu,83.400,83.940,84.150,83.190
2016/11/23,Wed,82.690,83.380,83.780,82.500
2016/11/22,Tue,82.600,82.660,83.010,82.240
2016/11/21,Mon,82.130,82.560,82.910,82.020
2016/11/20,Sun,,,,
2016/11/19,Sat,,,,
2016/11/18,Fri,81.440,82.140,82.180,81.220
2016/11/17,Thu,81.140,81.390,81.710,80.790
2016/11/16,Wed,81.180,81.100,81.660,80.960
2016/11/15,Tue,79.990,81.150,81.280,79.650
2016/11/14,Mon,78.880,79.950,80.090,78.850
2016/11/13,Sun,,,,
2016/11/12,Sat,,,,
2016/11/11,Fri,79.310,78.740,79.460,78.450
2016/11/10,Thu,78.740,79.280,79.620,78.290
2016/11/09,Wed,79.140,78.710,79.500,74.810
2016/11/08,Tue,78.190,79.110,79.210,77.900
2016/11/07,Mon,76.930,78.160,78.410,76.920
2016/11/06,Sun,,,,
2016/11/05,Sat,,,,
2016/11/04,Fri,76.880,76.920,77.120,76.530
2016/11/03,Thu,77.150,76.850,77.270,76.630
2016/11/02,Wed,77.790,77.130,77.820,76.900
2016/11/01,Tue,78.170,77.750,78.560,77.520
2016/10/31,Mon,78.180,78.150,78.560,77.650
2016/10/30,Sun,,,,
2016/10/29,Sat,,,,
2016/10/28,Fri,78.650,78.130,78.990,77.880
2016/10/27,Thu,78.080,78.630,78.750,77.880
2016/10/26,Wed,78.070,78.050,78.410,77.830
2016/10/25,Tue,78.410,78.050,78.680,77.970
2016/10/24,Mon,77.900,78.390,78.440,77.760
2016/10/23,Sun,,,,
2016/10/22,Sat,,,,
2016/10/21,Fri,78.580,77.820,78.780,77.600
2016/10/20,Thu,78.880,78.550,78.970,78.430
2016/10/19,Wed,79.260,78.860,79.440,78.600
2016/10/18,Tue,79.140,79.210,79.690,79.040
2016/10/17,Mon,79.290,79.140,79.590,78.910
2016/10/16,Sun,,,,
2016/10/15,Sat,,,,
2016/10/14,Fri,78.610,79.270,79.470,78.490
2016/10/13,Thu,78.490,78.580,78.760,77.960
2016/10/12,Wed,78.040,78.480,78.920,78.020
2016/10/11,Tue,78.650,78.030,78.940,77.740
2016/10/10,Mon,77.620,78.610,78.970,77.560
2016/10/09,Sun,,,,
2016/10/08,Sat,,,,
2016/10/07,Fri,78.640,77.370,78.740,77.370
2016/10/06,Thu,78.550,78.630,78.910,78.360
2016/10/05,Wed,78.000,78.530,78.770,77.820
2016/10/04,Tue,77.490,77.970,78.210,77.400
2016/10/03,Mon,77.240,77.430,77.610,77.100
2016/10/02,Sun,,,,
2016/10/01,Sat,,,,
2016/09/30,Fri,76.880,77.170,77.440,76.350
2016/09/29,Thu,76.970,76.840,77.870,76.480
2016/09/28,Wed,76.130,76.940,77.030,75.850
2016/09/27,Tue,75.870,76.100,76.720,75.410
2016/09/26,Mon,76.710,75.850,76.830,75.690
2016/09/25,Sun,,,,
2016/09/24,Sat,,,,
2016/09/23,Fri,77.260,76.680,77.520,76.630
2016/09/22,Thu,76.580,77.220,77.540,76.540
2016/09/21,Wed,77.120,76.540,77.910,76.140
2016/09/20,Tue,77.210,77.090,77.320,76.770
2016/09/19,Mon,77.430,77.180,77.670,76.970
2016/09/18,Sun,,,,
2016/09/17,Sat,,,,
2016/09/16,Fri,77.580,77.420,77.710,77.030
2016/09/15,Thu,77.620,77.560,78.000,77.170
2016/09/14,Wed,77.840,77.590,78.670,77.470
2016/09/13,Tue,78.110,77.810,78.240,77.510
2016/09/12,Mon,78.720,78.100,78.810,77.620
2016/09/11,Sun,,,,
2016/09/10,Sat,,,,
2016/09/09,Fri,79.210,78.680,79.460,78.630
2016/09/08,Thu,78.970,79.210,79.420,78.590
2016/09/07,Wed,79.430,78.940,79.520,78.640
2016/09/06,Tue,80.000,79.390,80.320,79.340
2016/09/05,Mon,80.050,79.980,80.210,79.680
2016/09/04,Sun,,,,
2016/09/03,Sat,,,,
2016/09/02,Fri,78.800,79.980,80.180,78.760
2016/09/01,Thu,78.920,78.780,79.220,78.600
2016/08/31,Wed,78.600,78.920,78.970,78.570
2016/08/30,Tue,78.350,78.590,78.900,78.190
2016/08/29,Mon,78.350,78.320,78.740,78.210
2016/08/28,Sun,,,,
2016/08/27,Sat,,,,
2016/08/26,Fri,77.790,78.300,78.440,77.750
2016/08/25,Thu,77.710,77.770,77.880,77.640
2016/08/24,Wed,77.630,77.680,77.860,77.410
2016/08/23,Tue,77.500,77.610,77.920,77.370
2016/08/22,Mon,78.020,77.480,78.320,77.330
2016/08/21,Sun,,,,
2016/08/20,Sat,,,,
2016/08/19,Fri,78.150,77.830,78.540,77.600
2016/08/18,Thu,78.070,78.120,78.520,77.570
2016/08/17,Wed,78.000,78.030,78.560,77.730
2016/08/16,Tue,78.350,77.970,78.410,77.600
2016/08/15,Mon,78.180,78.340,78.460,77.940
2016/08/14,Sun,,,,
2016/08/13,Sat,,,,
2016/08/12,Fri,78.470,78.220,78.820,77.910
2016/08/11,Thu,77.570,78.470,78.760,77.360
2016/08/10,Wed,77.690,77.540,77.880,77.410
2016/08/09,Tue,77.910,77.670,77.920,77.440
2016/08/08,Mon,77.210,77.850,78.150,77.200
2016/08/07,Sun,,,,
2016/08/06,Sat,,,,
2016/08/05,Fri,77.770,77.300,77.960,76.980
2016/08/04,Thu,77.480,77.730,77.850,77.300
2016/08/03,Wed,76.960,77.450,77.690,76.760
2016/08/02,Tue,78.020,76.940,78.280,76.780
2016/08/01,Mon,78.350,78.000,78.790,77.940
2016/07/31,Sun,,,,
2016/07/30,Sat,,,,
2016/07/29,Fri,80.010,78.270,80.090,78.120
2016/07/28,Thu,79.900,79.980,80.180,79.430
2016/07/27,Wed,79.350,79.900,80.790,79.330
2016/07/26,Tue,80.060,79.330,80.150,78.650
2016/07/25,Mon,80.780,80.010,81.220,79.960
2016/07/24,Sun,,,,
2016/07/23,Sat,,,,
2016/07/22,Fri,80.850,80.780,81.340,80.400
2016/07/21,Thu,81.830,80.820,82.300,80.650
2016/07/20,Wed,81.510,81.800,82.020,81.170
2016/07/19,Tue,82.010,81.490,82.120,81.210
2016/07/18,Mon,81.260,81.990,82.170,80.930
2016/07/17,Sun,,,,
2016/07/16,Sat,,,,
2016/07/15,Fri,81.690,80.810,82.540,80.720
2016/07/14,Thu,80.530,81.690,82.020,80.140
2016/07/13,Wed,80.280,80.490,80.740,79.440
2016/07/12,Tue,78.370,80.260,80.850,78.070
2016/07/11,Mon,77.070,78.380,78.650,77.000
2016/07/10,Sun,,,,
2016/07/09,Sat,,,,
2016/07/08,Fri,77.520,77.060,77.740,76.760
2016/07/07,Thu,78.170,77.480,78.470,77.290
2016/07/06,Wed,78.380,78.150,78.410,77.040
2016/07/05,Tue,79.850,78.340,79.880,78.090
2016/07/04,Mon,79.380,79.820,79.970,79.310
2016/07/03,Sun,,,,
2016/07/02,Sat,,,,
2016/07/01,Fri,79.920,79.350,79.940,79.120
2016/06/30,Thu,79.520,79.880,79.990,78.790
2016/06/29,Wed,78.910,79.460,79.580,78.370
2016/06/28,Tue,78.040,78.880,78.990,77.710
2016/06/27,Mon,78.600,78.010,78.690,77.450
2016/06/26,Sun,,,,
2016/06/25,Sat,,,,
2016/06/24,Fri,83.210,78.540,83.850,76.200
2016/06/23,Thu,81.290,83.170,83.510,81.270
2016/06/22,Wed,81.720,81.270,82.100,81.240
2016/06/21,Tue,81.160,81.700,82.070,80.910
2016/06/20,Mon,80.780,81.140,81.840,80.760
2016/06/19,Sun,,,,
2016/06/18,Sat,,,,
2016/06/17,Fri,80.400,80.710,81.290,80.380
2016/06/16,Thu,82.110,80.370,82.180,79.320
2016/06/15,Wed,82.440,82.080,82.910,81.770
2016/06/14,Tue,82.770,82.410,82.990,82.140
2016/06/13,Mon,83.680,82.750,83.690,82.600
2016/06/12,Sun,,,,
2016/06/11,Sat,,,,
2016/06/10,Fri,84.190,83.650,84.450,83.390
2016/06/09,Thu,84.290,84.140,84.380,83.430
2016/06/08,Wed,84.310,84.250,84.600,83.750
2016/06/07,Tue,83.920,84.270,84.470,83.650
2016/06/06,Mon,82.280,83.890,84.090,82.120
2016/06/05,Sun,,,,
2016/06/04,Sat,,,,
2016/06/03,Fri,83.130,82.340,83.400,82.230
2016/06/02,Thu,83.770,83.100,83.850,82.670
2016/06/01,Wed,84.560,83.740,84.870,83.290
2016/05/31,Tue,85.140,84.520,85.530,84.140
2016/05/30,Mon,84.840,85.150,85.320,84.640
2016/05/29,Sun,,,,
2016/05/28,Sat,,,,
2016/05/27,Fri,84.570,84.650,84.810,83.890
2016/05/26,Thu,84.620,84.550,85.210,84.010
2016/05/25,Wed,83.820,84.610,84.690,83.730
2016/05/24,Tue,83.120,83.780,84.040,82.900
2016/05/23,Mon,83.970,83.090,84.050,83.060
2016/05/22,Sun,,,,
2016/05/21,Sat,,,,
2016/05/20,Fri,83.990,83.980,84.350,83.840
2016/05/19,Thu,84.540,83.960,84.710,83.490
2016/05/18,Wed,84.560,84.520,85.040,84.100
2016/05/17,Tue,84.550,84.530,85.250,84.140
2016/05/16,Mon,83.970,84.520,84.620,83.710
2016/05/15,Sun,,,,
2016/05/14,Sat,,,,
2016/05/13,Fri,84.880,83.910,85.000,83.870
2016/05/12,Thu,84.370,84.840,85.480,84.180
2016/05/11,Wed,84.660,84.300,84.740,83.920
2016/05/10,Tue,83.570,84.620,84.680,83.480
2016/05/09,Mon,82.990,83.570,83.820,82.600
2016/05/08,Sun,,,,
2016/05/07,Sat,,,,
2016/05/06,Fri,83.450,82.950,83.570,82.250
2016/05/05,Thu,83.150,83.420,83.770,83.090
2016/05/04,Wed,83.810,83.130,84.360,82.990
2016/05/03,Tue,84.940,83.780,85.010,83.560
2016/05/02,Mon,84.710,84.900,85.270,84.580
2016/05/01,Sun,,,,
2016/04/30,Sat,,,,
2016/04/29,Fri,86.130,84.710,86.240,84.660
2016/04/28,Thu,88.470,86.090,88.820,85.650
2016/04/27,Wed,88.320,88.450,88.580,87.890
2016/04/26,Tue,87.710,88.290,88.460,87.290
2016/04/25,Mon,88.200,87.680,88.400,87.340
2016/04/24,Sun,,,,
2016/04/23,Sat,,,,
2016/04/22,Fri,85.950,88.210,88.290,85.910
2016/04/21,Thu,86.830,85.920,86.980,85.900
2016/04/20,Wed,86.200,86.770,87.050,85.490
2016/04/19,Tue,85.120,86.130,86.560,85.020
2016/04/18,Mon,83.650,85.100,85.170,83.100
2016/04/17,Sun,,,,
2016/04/16,Sat,,,,
2016/04/15,Fri,85.160,84.770,85.700,84.230
2016/04/14,Thu,85.320,85.140,85.460,84.780
2016/04/13,Wed,85.070,85.310,85.740,84.940
2016/04/12,Tue,83.710,85.030,85.170,83.540
2016/04/11,Mon,83.220,83.660,83.850,82.730
2016/04/10,Sun,,,,
2016/04/09,Sat,,,,
2016/04/08,Fri,82.320,83.160,83.790,82.190
2016/04/07,Thu,83.890,82.300,84.040,81.720
2016/04/06,Wed,84.020,83.860,84.300,83.440
2016/04/05,Tue,85.070,83.970,85.180,83.510
2016/04/04,Mon,85.840,85.060,85.860,85.040
2016/04/03,Sun,,,,
2016/04/02,Sat,,,,
2016/04/01,Fri,86.560,85.800,86.740,85.260
2016/03/31,Thu,86.700,86.540,87.490,86.290
2016/03/30,Wed,86.200,86.690,87.140,85.800
2016/03/29,Tue,86.060,86.190,86.520,85.850
2016/03/28,Mon,85.220,86.010,86.120,85.180
2016/03/27,Sun,,,,
2016/03/26,Sat,,,,
2016/03/25,Fri,85.250,85.140,85.600,85.110
2016/03/24,Thu,85.110,85.210,85.400,84.550
2016/03/23,Wed,86.120,85.070,86.320,85.000
2016/03/22,Tue,85.450,86.110,86.230,84.790
2016/03/21,Mon,85.800,85.430,85.910,85.070
2016/03/20,Sun,,,,
2016/03/19,Sat,,,,
2016/03/18,Fri,85.840,85.780,86.310,85.350
2016/03/17,Thu,85.980,85.830,86.260,84.980
2016/03/16,Wed,84.750,85.920,85.990,84.600
2016/03/15,Tue,85.850,84.730,85.890,84.160
2016/03/14,Mon,86.150,85.800,86.260,85.380
2016/03/13,Sun,,,,
2016/03/12,Sat,,,,
2016/03/11,Fri,84.810,86.140,86.270,84.560
2016/03/10,Thu,85.590,84.770,86.180,84.100
2016/03/09,Wed,83.930,85.560,85.650,83.640
2016/03/08,Tue,85.450,83.920,85.450,83.840
2016/03/07,Mon,85.460,85.410,85.670,84.840
2016/03/06,Sun,,,,
2016/03/05,Sat,,,,
2016/03/04,Fri,84.830,85.420,85.790,84.380
2016/03/03,Thu,84.580,84.800,85.250,84.420
2016/03/02,Wed,85.040,84.540,85.240,84.260
2016/03/01,Tue,83.230,85.000,85.280,82.800
2016/02/29,Mon,84.380,83.190,84.380,83.070
2016/02/28,Sun,,,,
2016/02/27,Sat,,,,
2016/02/26,Fri,83.510,84.340,84.380,83.130
2016/02/25,Thu,81.900,83.490,83.620,81.560
2016/02/24,Wed,81.290,81.850,81.950,80.370
2016/02/23,Tue,82.390,81.260,82.500,81.030
2016/02/22,Mon,81.780,82.370,82.810,81.530
2016/02/21,Sun,,,,
2016/02/20,Sat,,,,
2016/02/19,Fri,82.500,81.740,82.590,81.350
2016/02/18,Thu,83.460,82.490,83.620,82.280
2016/02/17,Wed,82.300,83.450,83.650,81.580
2016/02/16,Tue,82.830,82.280,83.530,81.690
2016/02/15,Mon,81.720,82.800,83.020,81.590
2016/02/14,Sun,,,,
2016/02/13,Sat,,,,
2016/02/12,Fri,80.660,81.740,82.070,80.330
2016/02/11,Thu,81.400,80.660,81.570,79.290
2016/02/10,Wed,83.020,81.370,83.230,81.250
2016/02/09,Tue,83.200,82.990,83.700,81.910
2016/02/08,Mon,84.060,83.180,84.750,82.570
2016/02/07,Sun,,,,
2016/02/06,Sat,,,,
2016/02/05,Fri,84.910,83.990,85.340,83.990
2016/02/04,Thu,85.560,84.870,86.240,84.750
2016/02/03,Wed,85.370,85.540,86.230,84.470
2016/02/02,Tue,86.740,85.340,86.820,85.340
2016/02/01,Mon,86.640,86.720,87.070,85.850
2016/01/31,Sun,,,,
2016/01/30,Sat,,,,
2016/01/29,Fri,84.700,86.600,86.980,84.390
2016/01/28,Thu,84.210,84.680,85.320,83.930
2016/01/27,Wed,83.880,84.180,84.810,83.420
2016/01/26,Tue,82.770,83.870,84.470,82.190
2016/01/25,Mon,84.140,82.750,84.140,82.750
2016/01/24,Sun,,,,
2016/01/23,Sat,,,,
2016/01/22,Fri,82.500,84.120,84.150,82.200
2016/01/21,Thu,80.630,82.510,82.720,80.120
2016/01/20,Wed,80.690,80.580,80.880,78.940
2016/01/19,Tue,80.560,80.670,81.840,80.490
2016/01/18,Mon,80.500,80.530,81.070,79.820
2016/01/17,Sun,,,,
2016/01/16,Sat,,,,
2016/01/15,Fri,82.170,80.500,82.480,80.150
2016/01/14,Thu,82.070,82.150,82.400,81.560
2016/01/13,Wed,82.510,82.030,83.440,81.850
2016/01/12,Tue,82.840,82.460,83.220,82.120
2016/01/11,Mon,82.900,82.790,83.920,82.270
2016/01/10,Sun,,,,
2016/01/09,Sat,,,,
2016/01/08,Fri,83.380,82.870,84.350,82.840
2016/01/07,Thu,84.190,83.330,84.450,82.900
2016/01/06,Wed,85.080,84.160,85.280,83.880
2016/01/05,Tue,85.620,85.050,86.150,84.820
2016/01/04,Mon,86.860,85.580,87.020,85.170
2016/01/03,Sun,,,,
2016/01/02,Sat,,,,
2016/01/01,Fri,86.940,86.850,86.940,86.750
2015/12/31,Thu,86.850,86.910,87.040,86.460
2015/12/30,Wed,87.020,86.800,87.180,86.550
2015/12/29,Tue,86.590,87.010,87.170,86.370
2015/12/28,Mon,87.160,86.560,87.160,86.490
2015/12/27,Sun,,,,
2015/12/26,Sat,,,,
2015/12/25,Fri,87.160,87.090,87.230,86.800
2015/12/24,Thu,87.330,87.130,87.370,86.710
2015/12/23,Wed,86.980,87.310,87.450,86.760
2015/12/22,Tue,86.820,86.950,87.080,86.560
2015/12/21,Mon,86.870,86.780,87.290,86.380
2015/12/20,Sun,,,,
2015/12/19,Sat,,,,
2015/12/18,Fri,87.940,86.840,88.490,86.680
2015/12/17,Thu,88.710,87.930,88.890,87.770
2015/12/16,Wed,88.600,88.670,88.810,87.960
2015/12/15,Tue,88.130,88.570,88.910,87.910
2015/12/14,Mon,87.920,88.110,88.570,87.450
2015/12/13,Sun,,,,
2015/12/12,Sat,,,,
2015/12/11,Fri,89.250,87.850,89.540,87.720
2015/12/10,Thu,89.450,89.210,89.970,89.070
2015/12/09,Wed,90.490,89.400,90.630,89.090
2015/12/08,Tue,91.430,90.480,91.440,90.130
2015/12/07,Mon,92.240,91.410,92.260,91.100
2015/12/06,Sun,,,,
2015/12/05,Sat,,,,
2015/12/04,Fri,91.820,92.160,92.390,91.520
2015/12/03,Thu,92.360,91.770,92.810,91.600
2015/12/02,Wed,92.000,92.350,92.710,91.900
2015/12/01,Tue,92.130,91.950,92.550,91.780
2015/11/30,Mon,91.900,92.110,92.650,91.670
2015/11/29,Sun,,,,
2015/11/28,Sat,,,,
2015/11/27,Fri,92.240,91.840,92.320,91.780
2015/11/26,Thu,92.340,92.220,92.370,92.030
2015/11/25,Wed,92.110,92.340,92.390,91.870
2015/11/24,Tue,91.940,92.080,92.180,91.620
2015/11/23,Mon,92.160,91.890,92.350,91.650
2015/11/22,Sun,,,,
2015/11/21,Sat,,,,
2015/11/20,Fri,92.490,92.090,92.570,91.970
2015/11/19,Thu,92.940,92.480,93.120,92.280
2015/11/18,Wed,92.690,92.930,92.990,92.350
2015/11/17,Tue,92.420,92.660,92.810,92.370
2015/11/16,Mon,91.850,92.360,92.540,91.770
2015/11/15,Sun,,,,
2015/11/14,Sat,,,,
2015/11/13,Fri,92.250,92.040,92.430,91.890
2015/11/12,Thu,92.640,92.220,92.990,92.120
2015/11/11,Wed,92.780,92.600,93.010,92.520
2015/11/10,Tue,92.730,92.770,93.060,92.640
2015/11/09,Mon,92.600,92.700,93.280,92.570
2015/11/08,Sun,,,,
2015/11/07,Sat,,,,
2015/11/06,Fri,92.440,92.530,92.810,92.060
2015/11/05,Thu,92.440,92.440,92.780,92.150
2015/11/04,Wed,92.690,92.430,93.010,92.140
2015/11/03,Tue,92.220,92.670,92.940,91.920
2015/11/02,Mon,92.230,92.170,92.320,91.900
2015/11/01,Sun,,,,
2015/10/31,Sat,,,,
2015/10/30,Fri,91.980,92.210,92.510,91.400
2015/10/29,Thu,91.810,91.940,92.200,91.160
2015/10/28,Wed,90.810,91.750,92.080,90.590
2015/10/27,Tue,92.060,90.780,92.090,90.650
2015/10/26,Mon,92.260,92.030,92.330,91.730
2015/10/25,Sun,,,,
2015/10/24,Sat,,,,
2015/10/23,Fri,92.210,92.230,92.620,91.630
2015/10/22,Thu,91.290,92.180,92.240,91.100
2015/10/21,Wed,92.340,91.260,92.570,91.230
2015/10/20,Tue,91.780,92.300,92.720,91.530
2015/10/19,Mon,92.530,91.770,92.630,91.640
2015/10/18,Sun,,,,
2015/10/17,Sat,,,,
2015/10/16,Fri,92.430,92.480,92.720,92.040
2015/10/15,Thu,91.860,92.380,92.640,91.460
2015/10/14,Wed,91.850,91.850,92.220,91.590
2015/10/13,Tue,92.360,91.810,92.510,91.480
2015/10/12,Mon,92.940,92.330,93.180,92.180
2015/10/11,Sun,,,,
2015/10/10,Sat,,,,
2015/10/09,Fri,92.130,92.890,93.290,92.070
2015/10/08,Thu,91.910,92.100,92.320,91.620
2015/10/07,Wed,92.230,91.880,92.570,91.710
2015/10/06,Tue,92.070,92.220,92.350,91.600
2015/10/05,Mon,91.150,92.040,92.180,91.020
2015/10/04,Sun,,,,
2015/10/03,Sat,,,,
2015/10/02,Fri,90.400,91.160,91.280,89.720
2015/10/01,Thu,90.050,90.370,90.640,89.900
2015/09/30,Wed,89.210,89.980,90.120,89.150
2015/09/29,Tue,89.500,89.180,89.840,88.870
2015/09/28,Mon,90.430,89.480,90.520,89.450
2015/09/27,Sun,,,,
2015/09/26,Sat,,,,
2015/09/25,Fri,90.280,90.380,90.970,89.910
2015/09/24,Thu,90.320,90.250,90.410,89.000
2015/09/23,Wed,90.550,90.280,90.940,89.930
2015/09/22,Tue,90.960,90.520,91.100,90.130
2015/09/21,Mon,90.650,90.920,91.470,90.590
2015/09/20,Sun,,,,
2015/09/19,Sat,,,,
2015/09/18,Fri,91.040,90.690,91.760,90.660
2015/09/17,Thu,91.550,91.000,92.060,90.890
2015/09/16,Wed,90.910,91.500,91.750,90.690
2015/09/15,Tue,90.670,90.890,91.070,90.090
2015/09/14,Mon,90.940,90.630,91.270,90.310
2015/09/13,Sun,,,,
2015/09/12,Sat,,,,
2015/09/11,Fri,91.020,90.890,91.460,90.570
2015/09/10,Thu,90.910,90.980,91.880,90.350
2015/09/09,Wed,90.710,90.870,92.100,90.660
2015/09/08,Tue,89.630,90.670,90.930,89.320
2015/09/07,Mon,89.470,89.620,90.180,89.440
2015/09/06,Sun,,,,
2015/09/05,Sat,,,,
2015/09/04,Fri,91.120,89.550,91.190,89.520
2015/09/03,Thu,90.680,91.110,91.500,90.200
2015/09/02,Wed,90.040,90.640,91.170,89.970
2015/09/01,Tue,92.260,90.000,92.350,90.020
2015/08/31,Mon,92.200,92.220,92.460,90.840
2015/08/30,Sun,,,,
2015/08/29,Sat,,,,
2015/08/28,Fri,91.700,92.180,92.240,90.790
2015/08/27,Thu,90.230,91.690,92.070,90.070
2015/08/26,Wed,89.130,90.200,90.440,88.770
2015/08/25,Tue,89.140,89.090,91.380,88.820
2015/08/24,Mon,92.590,89.080,92.600,87.640
2015/08/23,Sun,,,,
2015/08/22,Sat,,,,
2015/08/21,Fri,94.280,92.520,94.470,92.450
2015/08/20,Thu,94.330,94.230,94.810,94.030
2015/08/19,Wed,95.270,94.270,95.420,94.170
2015/08/18,Tue,95.100,95.240,95.390,94.670
2015/08/17,Mon,94.980,95.090,95.250,94.650
2015/08/16,Sun,,,,
2015/08/15,Sat,,,,
2015/08/14,Fri,95.280,94.960,95.450,94.880
2015/08/13,Thu,95.720,95.260,96.010,95.010
2015/08/12,Wed,95.420,95.700,95.800,94.960
2015/08/11,Tue,95.870,95.390,96.040,94.970
2015/08/10,Mon,94.560,95.830,95.910,94.500
2015/08/09,Sun,,,,
2015/08/08,Sat,,,,
2015/08/07,Fri,95.160,94.590,95.540,94.470
2015/08/06,Thu,94.790,95.130,95.250,94.560
2015/08/05,Wed,94.270,94.740,95.040,94.150
2015/08/04,Tue,94.300,94.250,94.640,94.080
2015/08/03,Mon,94.640,94.270,94.790,94.150
2015/08/02,Sun,,,,
2015/08/01,Sat,,,,
2015/07/31,Fri,95.530,94.660,95.580,94.620
2015/07/30,Thu,95.740,95.510,95.960,95.320
2015/07/29,Wed,95.630,95.710,96.230,95.300
2015/07/28,Tue,94.520,95.600,95.740,94.370
2015/07/27,Mon,94.890,94.510,95.060,94.410
2015/07/26,Sun,,,,
2015/07/25,Sat,,,,
2015/07/24,Fri,95.050,94.870,95.280,94.480
2015/07/23,Thu,95.120,95.030,95.710,94.880
2015/07/22,Wed,95.690,95.070,95.760,94.960
2015/07/21,Tue,95.650,95.650,96.050,95.540
2015/07/20,Mon,95.660,95.590,95.880,95.460
2015/07/19,Sun,,,,
2015/07/18,Sat,,,,
2015/07/17,Fri,95.840,95.620,95.850,95.350
2015/07/16,Thu,95.830,95.820,96.090,95.660
2015/07/15,Wed,96.940,95.820,97.060,95.540
2015/07/14,Tue,96.890,96.930,97.020,96.340
2015/07/13,Mon,96.440,96.850,97.160,96.160
2015/07/12,Sun,,,,
2015/07/11,Sat,,,,
2015/07/10,Fri,95.510,96.940,97.040,95.450
2015/07/09,Thu,94.710,95.490,95.900,94.520
2015/07/08,Wed,96.470,94.670,96.500,94.540
2015/07/07,Tue,96.890,96.420,97.040,95.580
2015/07/06,Mon,97.080,96.840,97.600,96.600
2015/07/05,Sun,,,,
2015/07/04,Sat,,,,
2015/07/03,Fri,98.160,97.650,98.180,97.340
2015/07/02,Thu,97.830,98.120,98.260,97.710
2015/07/01,Wed,98.040,97.810,98.530,97.760
2015/06/30,Tue,98.800,98.030,99.090,97.660
2015/06/29,Mon,99.590,98.780,99.870,98.710
2015/06/28,Sun,,,,
2015/06/27,Sat,,,,
2015/06/26,Fri,100.280,100.530,100.640,99.780
2015/06/25,Thu,100.000,100.240,100.420,99.590
2015/06/24,Wed,100.550,100.020,100.890,99.820
2015/06/23,Tue,100.240,100.540,100.610,100.110
2015/06/22,Mon,100.160,100.200,100.860,99.950
2015/06/21,Sun,,,,
2015/06/20,Sat,,,,
2015/06/19,Fri,100.610,99.980,100.860,99.750
2015/06/18,Thu,100.910,100.590,101.190,100.410
2015/06/17,Wed,100.350,100.930,101.230,100.230
2015/06/16,Tue,100.130,100.300,100.450,99.920
2015/06/15,Mon,100.120,100.110,100.430,99.880
2015/06/14,Sun,,,,
2015/06/13,Sat,,,,
2015/06/12,Fri,100.430,100.110,100.710,100.020
2015/06/11,Thu,100.120,100.370,100.670,99.970
2015/06/10,Wed,100.780,100.070,100.960,99.500
2015/06/09,Tue,100.310,100.750,101.030,99.980
2015/06/08,Mon,100.970,100.280,101.140,100.260
2015/06/07,Sun,,,,
2015/06/06,Sat,,,,
2015/06/05,Fri,99.480,100.960,101.070,99.450
2015/06/04,Thu,99.790,99.450,100.040,99.400
2015/06/03,Wed,100.090,99.760,100.130,99.650
2015/06/02,Tue,99.650,100.050,100.260,99.490
2015/06/01,Mon,99.670,99.620,99.800,99.120
2015/05/31,Sun,,,,
2015/05/30,Sat,,,,
2015/05/29,Fri,99.680,99.690,99.850,98.990
2015/05/28,Thu,99.320,99.650,99.840,99.120
2015/05/27,Wed,99.010,99.290,99.520,98.920
2015/05/26,Tue,98.690,98.970,99.500,98.650
2015/05/25,Mon,99.010,98.720,99.070,98.620
2015/05/24,Sun,,,,
2015/05/23,Sat,,,,
2015/05/22,Fri,99.260,98.960,99.330,98.620
2015/05/21,Thu,99.400,99.200,99.540,98.890
2015/05/20,Wed,98.670,99.380,99.570,98.590
2015/05/19,Tue,98.670,98.650,98.930,98.330
2015/05/18,Mon,99.310,98.650,99.600,98.510
2015/05/17,Sun,,,,
2015/05/16,Sat,,,,
2015/05/15,Fri,99.440,99.270,99.800,99.080
2015/05/14,Thu,99.660,99.390,99.960,99.210
2015/05/13,Wed,99.750,99.620,100.130,99.380
2015/05/12,Tue,99.230,99.730,100.080,99.190
2015/05/11,Mon,99.160,99.180,99.430,98.710
2015/05/10,Sun,,,,
2015/05/09,Sat,,,,
2015/05/08,Fri,98.730,99.210,99.450,98.640
2015/05/07,Thu,99.160,98.690,99.340,98.220
2015/05/06,Wed,99.330,99.120,99.940,98.950
2015/05/05,Tue,99.330,99.320,100.020,99.010
2015/05/04,Mon,98.850,99.270,99.410,98.550
2015/05/03,Sun,,,,
2015/05/02,Sat,,,,
2015/05/01,Fri,98.840,98.790,99.220,98.410
2015/04/30,Thu,99.030,98.810,99.230,98.480
2015/04/29,Wed,98.770,99.000,99.510,98.620
2015/04/28,Tue,98.490,98.740,98.970,98.270
2015/04/27,Mon,97.690,98.480,98.710,97.450
2015/04/26,Sun,,,,
2015/04/25,Sat,,,,
2015/04/24,Fri,98.500,97.670,98.670,97.580
2015/04/23,Thu,98.000,98.420,98.730,97.660
2015/04/22,Wed,97.440,97.970,98.120,97.410
2015/04/21,Tue,97.520,97.430,97.780,97.190
2015/04/20,Mon,97.300,97.480,97.950,97.130
2015/04/19,Sun,,,,
2015/04/18,Sat,,,,
2015/04/17,Fri,97.660,97.040,98.470,96.830
2015/04/16,Thu,96.950,97.620,97.970,96.740
2015/04/15,Wed,95.620,96.930,96.990,94.920
2015/04/14,Tue,95.360,95.590,95.820,94.880
2015/04/13,Mon,95.600,95.340,95.780,94.940
2015/04/12,Sun,,,,
2015/04/11,Sat,,,,
2015/04/10,Fri,95.880,95.620,95.900,95.010
2015/04/09,Thu,95.780,95.820,95.950,95.390
2015/04/08,Wed,96.190,95.750,96.660,95.610
2015/04/07,Tue,95.790,96.150,96.520,95.680
2015/04/06,Mon,95.310,95.760,95.810,95.170
2015/04/05,Sun,,,,
2015/04/04,Sat,,,,
2015/04/03,Fri,95.320,95.270,95.850,95.160
2015/04/02,Thu,94.920,95.320,95.400,94.540
2015/04/01,Wed,94.680,94.870,95.060,94.310
2015/03/31,Tue,94.740,94.660,94.850,93.750
2015/03/30,Mon,94.490,94.710,94.970,94.400
2015/03/29,Sun,,,,
2015/03/28,Sat,,,,
2015/03/27,Fri,95.480,94.440,95.640,94.380
2015/03/26,Thu,95.440,95.460,95.810,95.070
2015/03/25,Wed,95.840,95.450,95.900,95.250
2015/03/24,Tue,95.620,95.820,96.000,95.430
2015/03/23,Mon,95.650,95.590,95.920,95.120
2015/03/22,Sun,,,,
2015/03/21,Sat,,,,
2015/03/20,Fri,94.980,95.600,95.890,94.940
2015/03/19,Thu,95.600,94.940,95.790,94.740
2015/03/18,Wed,94.900,95.540,95.870,94.370
2015/03/17,Tue,94.990,94.890,95.170,94.700
2015/03/16,Mon,94.950,94.970,95.260,94.620
2015/03/15,Sun,,,,
2015/03/14,Sat,,,,
2015/03/13,Fri,95.610,94.940,95.660,94.490
2015/03/12,Thu,95.260,95.600,95.750,95.200
2015/03/11,Wed,95.470,95.220,95.900,94.890
2015/03/10,Tue,96.130,95.450,96.500,95.420
2015/03/09,Mon,95.750,96.120,96.390,95.650
2015/03/08,Sun,,,,
2015/03/07,Sat,,,,
2015/03/06,Fri,96.230,95.710,96.380,95.620
2015/03/05,Thu,96.310,96.200,96.850,95.950
2015/03/04,Wed,95.820,96.250,96.520,95.320
2015/03/03,Tue,95.840,95.790,96.290,95.450
2015/03/02,Mon,95.590,95.820,96.010,95.390
2015/03/01,Sun,,,,
2015/02/28,Sat,,,,
2015/02/27,Fri,95.420,95.530,95.870,95.280
2015/02/26,Thu,95.580,95.400,95.880,95.160
2015/02/25,Wed,95.290,95.550,95.900,95.080
2015/02/24,Tue,94.500,95.290,95.320,94.150
2015/02/23,Mon,95.000,94.510,95.240,94.250
2015/02/22,Sun,,,,
2015/02/21,Sat,,,,
2015/02/20,Fri,95.190,94.980,95.560,94.170
2015/02/19,Thu,95.380,95.170,95.460,94.840
2015/02/18,Wed,96.240,95.350,96.380,95.350
2015/02/17,Tue,95.050,96.220,96.460,94.810
2015/02/16,Mon,95.410,95.020,95.530,94.760
2015/02/15,Sun,,,,
2015/02/14,Sat,,,,
2015/02/13,Fri,95.250,95.350,95.610,94.750
2015/02/12,Thu,95.350,95.210,95.740,94.380
2015/02/11,Wed,94.890,95.320,95.480,94.690
2015/02/10,Tue,95.160,94.850,95.840,94.470
2015/02/09,Mon,95.140,95.150,95.560,94.630
2015/02/08,Sun,,,,
2015/02/07,Sat,,,,
2015/02/06,Fri,94.520,94.960,95.540,94.040
2015/02/05,Thu,93.270,94.480,94.850,93.100
2015/02/04,Wed,94.700,93.240,95.060,93.050
2015/02/03,Tue,93.580,94.670,94.910,92.430
2015/02/02,Mon,92.260,93.580,93.670,91.810
2015/02/01,Sun,,,,
2015/01/31,Sat,,,,
2015/01/30,Fri,93.770,92.230,93.960,91.740
2015/01/29,Thu,93.770,93.720,94.340,93.320
2015/01/28,Wed,95.070,93.720,95.240,93.570
2015/01/27,Tue,94.960,95.060,95.290,94.240
2015/01/26,Mon,94.820,94.940,95.460,94.110
2015/01/25,Sun,,,,
2015/01/24,Sat,,,,
2015/01/23,Fri,95.710,94.790,96.130,94.650
2015/01/22,Thu,95.590,95.690,95.790,94.870
2015/01/21,Wed,98.090,95.550,98.160,95.060
2015/01/20,Tue,98.480,98.040,99.100,97.720
2015/01/19,Mon,98.150,98.440,98.610,97.660
2015/01/18,Sun,,,,
2015/01/17,Sat,,,,
2015/01/16,Fri,97.140,98.120,98.360,96.730
2015/01/15,Thu,98.190,97.110,98.810,97.090
2015/01/14,Wed,98.620,98.160,98.740,97.090
2015/01/13,Tue,98.840,98.600,99.470,98.160
2015/01/12,Mon,99.890,98.800,100.470,98.780
2015/01/11,Sun,,,,
2015/01/10,Sat,,,,
2015/01/09,Fri,101.150,99.840,101.400,99.770
2015/01/08,Thu,100.940,101.120,101.630,100.820
2015/01/07,Wed,100.040,100.910,101.210,99.960
2015/01/06,Tue,101.710,100.020,101.760,99.910
2015/01/05,Mon,102.240,101.680,102.420,101.240
2015/01/04,Sun,,,,
2015/01/03,Sat,,,,
2015/01/02,Fri,103.130,102.230,103.540,102.240
2015/01/01,Thu,102.990,103.080,103.190,102.960
2014/12/31,Wed,102.910,102.970,103.680,102.800
2014/12/30,Tue,103.730,102.870,103.760,102.270
2014/12/29,Mon,103.550,103.690,103.900,103.410
2014/12/28,Sun,,,,
2014/12/27,Sat,,,,
2014/12/26,Fri,103.310,103.530,103.800,103.290
2014/12/25,Thu,103.660,103.270,103.690,103.280
2014/12/24,Wed,103.910,103.610,103.990,103.420
2014/12/23,Tue,103.250,103.860,104.050,102.780
2014/12/22,Mon,103.060,103.220,103.520,102.780
2014/12/21,Sun,,,,
2014/12/20,Sat,,,,
2014/12/19,Fri,102.660,102.990,103.260,102.350
2014/12/18,Thu,102.040,102.640,102.820,101.720
2014/12/17,Wed,100.110,101.980,102.090,99.950
2014/12/16,Tue,100.950,100.060,101.300,99.140
2014/12/15,Mon,102.650,100.920,102.840,100.910
2014/12/14,Sun,,,,
2014/12/13,Sat,,,,
2014/12/12,Fri,102.980,102.530,103.390,102.040
2014/12/11,Thu,102.570,102.970,103.720,102.430
2014/12/10,Wed,104.570,102.570,104.690,102.530
2014/12/09,Tue,105.130,104.570,105.310,103.450
2014/12/08,Mon,106.120,105.110,106.530,104.920
2014/12/07,Sun,,,,
2014/12/06,Sat,,,,
2014/12/05,Fri,105.220,106.140,106.450,105.090
2014/12/04,Thu,105.420,105.210,105.740,104.900
2014/12/03,Wed,104.510,105.370,105.540,104.450
2014/12/02,Tue,104.490,104.470,104.980,104.390
2014/12/01,Mon,103.980,104.480,104.590,103.450
2014/11/30,Sun,,,,
2014/11/29,Sat,,,,
2014/11/28,Fri,103.890,103.900,104.330,103.560
2014/11/27,Thu,104.680,103.830,104.760,103.740
2014/11/26,Wed,104.770,104.680,104.910,104.230
2014/11/25,Tue,104.870,104.750,105.030,104.250
2014/11/24,Mon,104.780,104.830,105.320,104.630
2014/11/23,Sun,,,,
2014/11/22,Sat,,,,
2014/11/21,Fri,104.550,104.880,105.350,103.870
2014/11/20,Thu,104.020,104.580,104.770,103.940
2014/11/19,Wed,103.470,104.020,104.120,103.180
2014/11/18,Tue,103.180,103.440,103.800,102.980
2014/11/17,Mon,103.100,103.160,103.680,102.400
2014/11/16,Sun,,,,
2014/11/15,Sat,,,,
2014/11/14,Fri,101.840,102.980,103.260,101.670
2014/11/13,Thu,102.030,101.800,102.390,101.580
2014/11/12,Wed,102.180,102.020,102.380,101.410
2014/11/11,Tue,100.930,102.140,102.250,100.800
2014/11/10,Mon,101.120,100.900,101.380,100.520
2014/11/09,Sun,,,,
2014/11/08,Sat,,,,
2014/11/07,Fri,100.850,101.090,101.520,100.610
2014/11/06,Thu,100.700,100.810,101.220,100.060
2014/11/05,Wed,99.570,100.680,100.810,99.460
2014/11/04,Tue,100.410,99.540,100.440,99.280
2014/11/03,Mon,99.830,100.380,101.000,99.680
2014/11/02,Sun,,,,
2014/11/01,Sat,,,,
2014/10/31,Fri,97.630,99.660,99.920,97.510
2014/10/30,Thu,97.390,97.600,97.880,97.210
2014/10/29,Wed,96.870,97.370,97.420,96.680
2014/10/28,Tue,95.870,96.840,96.910,95.790
2014/10/27,Mon,96.310,95.830,96.520,95.680
2014/10/26,Sun,,,,
2014/10/25,Sat,,,,
2014/10/24,Fri,96.410,96.260,96.550,96.030
2014/10/23,Thu,95.330,96.390,96.480,95.150
2014/10/22,Wed,95.340,95.330,95.900,94.970
2014/10/21,Tue,94.770,95.300,95.400,94.340
2014/10/20,Mon,94.910,94.740,95.350,94.620
2014/10/19,Sun,,,,
2014/10/18,Sat,,,,
2014/10/17,Fri,94.460,94.740,95.190,94.220
2014/10/16,Thu,94.120,94.440,94.650,92.900
2014/10/15,Wed,94.770,94.080,94.980,93.380
2014/10/14,Tue,95.440,94.740,95.880,94.460
2014/10/13,Mon,96.160,95.360,96.350,95.380
2014/10/12,Sun,,,,
2014/10/11,Sat,,,,
2014/10/10,Fri,96.410,96.110,96.700,95.980
2014/10/09,Thu,97.310,96.370,97.540,96.370
2014/10/08,Wed,96.680,97.280,97.510,96.560
2014/10/07,Tue,97.740,96.630,97.790,96.600
2014/10/06,Mon,97.590,97.700,97.860,97.290
2014/10/05,Sun,,,,
2014/10/04,Sat,,,,
2014/10/03,Fri,97.180,97.600,97.830,97.060
2014/10/02,Thu,97.550,97.130,98.170,96.760
2014/10/01,Wed,97.940,97.500,98.180,97.460
2014/09/30,Tue,98.070,97.880,98.410,97.790
2014/09/29,Mon,97.980,98.030,98.400,97.850
2014/09/28,Sun,,,,
2014/09/27,Sat,,,,
2014/09/26,Fri,97.890,97.940,98.330,97.660
2014/09/25,Thu,98.590,97.860,98.770,97.820
2014/09/24,Wed,98.300,98.560,98.720,97.770
2014/09/23,Tue,98.570,98.250,98.790,98.170
2014/09/22,Mon,99.590,98.550,99.690,98.520
2014/09/21,Sun,,,,
2014/09/20,Sat,,,,
2014/09/19,Fri,99.410,99.430,99.860,99.060
2014/09/18,Thu,98.540,99.370,99.440,98.320
2014/09/17,Wed,97.620,98.500,98.570,97.550
2014/09/16,Tue,96.940,97.630,97.740,96.750
2014/09/15,Mon,96.710,96.900,97.130,96.580
2014/09/14,Sun,,,,
2014/09/13,Sat,,,,
2014/09/12,Fri,97.090,96.730,97.210,96.620
2014/09/11,Thu,97.700,97.060,97.780,96.750
2014/09/10,Wed,96.680,97.680,97.760,96.660
2014/09/09,Tue,96.620,96.670,96.820,96.270
2014/09/08,Mon,96.570,96.590,96.710,96.380
2014/09/07,Sun,,,,
2014/09/06,Sat,,,,
2014/09/05,Fri,96.780,96.550,97.100,96.220
2014/09/04,Thu,96.250,96.770,97.040,96.120
2014/09/03,Wed,96.140,96.220,96.530,95.960
2014/09/02,Tue,95.990,96.100,96.340,95.900
2014/09/01,Mon,95.660,95.970,96.070,95.650
2014/08/31,Sun,,,,
2014/08/30,Sat,,,,
2014/08/29,Fri,95.490,95.620,96.120,95.460
2014/08/28,Thu,95.600,95.460,95.790,95.320
2014/08/27,Wed,95.040,95.560,95.990,94.980
2014/08/26,Tue,94.740,94.970,95.180,94.540
2014/08/25,Mon,94.880,94.700,95.350,94.640
2014/08/24,Sun,,,,
2014/08/23,Sat,,,,
2014/08/22,Fri,94.900,94.900,95.100,94.440
2014/08/21,Thu,94.600,94.850,94.960,94.490
2014/08/20,Wed,94.050,94.550,94.710,94.010
2014/08/19,Tue,94.200,94.010,94.280,93.940
2014/08/18,Mon,93.840,94.160,94.310,93.790
2014/08/17,Sun,,,,
2014/08/16,Sat,,,,
2014/08/15,Fri,93.980,93.910,94.550,93.540
2014/08/14,Thu,93.870,93.940,94.100,93.790
2014/08/13,Wed,93.620,93.830,93.910,93.540
2014/08/12,Tue,93.570,93.570,93.670,93.330
2014/08/11,Mon,93.010,93.550,93.620,92.950
2014/08/10,Sun,,,,
2014/08/09,Sat,,,,
2014/08/08,Fri,93.430,92.960,93.500,92.740
2014/08/07,Thu,93.540,93.390,93.860,93.340
2014/08/06,Wed,93.600,93.500,93.720,93.120
2014/08/05,Tue,94.090,93.580,94.100,93.420
2014/08/04,Mon,93.970,94.020,94.100,93.770
2014/08/03,Sun,,,,
2014/08/02,Sat,,,,
2014/08/01,Fri,94.260,93.970,94.370,93.800
2014/07/31,Thu,94.290,94.220,94.520,94.130
2014/07/30,Wed,94.110,94.260,94.500,93.930
2014/07/29,Tue,94.340,94.060,94.420,93.980
2014/07/28,Mon,94.100,94.320,94.380,94.050
2014/07/27,Sun,,,,
2014/07/26,Sat,,,,
2014/07/25,Fri,94.750,94.150,94.840,94.030
2014/07/24,Thu,94.600,94.720,94.920,94.430
2014/07/23,Wed,94.490,94.560,94.700,94.430
2014/07/22,Tue,94.430,94.470,94.610,94.380
2014/07/21,Mon,94.430,94.410,94.530,94.180
2014/07/20,Sun,,,,
2014/07/19,Sat,,,,
2014/07/18,Fri,94.030,94.390,94.610,93.900
2014/07/17,Thu,94.650,93.970,94.720,93.980
2014/07/16,Wed,94.510,94.650,94.850,94.220
2014/07/15,Tue,94.810,94.480,94.870,94.340
2014/07/14,Mon,94.470,94.760,94.890,94.330
2014/07/13,Sun,,,,
2014/07/12,Sat,,,,
2014/07/11,Fri,95.150,94.420,95.370,94.370
2014/07/10,Thu,95.420,95.120,95.490,94.670
2014/07/09,Wed,95.120,95.370,95.580,95.040
2014/07/08,Tue,95.320,95.090,95.440,95.000
2014/07/07,Mon,95.840,95.270,95.910,95.310
2014/07/06,Sun,,,,
2014/07/05,Sat,,,,
2014/07/04,Fri,96.090,95.810,96.160,95.730
2014/07/03,Thu,95.470,96.070,96.270,95.360
2014/07/02,Wed,95.500,95.400,95.640,95.350
2014/07/01,Tue,94.970,95.490,95.560,94.870
2014/06/30,Mon,95.160,94.900,95.180,94.750
2014/06/29,Sun,,,,
2014/06/28,Sat,,,,
2014/06/27,Fri,95.180,94.990,95.220,94.740
2014/06/26,Thu,95.040,95.170,95.210,94.710
2014/06/25,Wed,94.910,95.020,95.070,94.740
2014/06/24,Tue,95.020,94.860,95.210,94.830
2014/06/23,Mon,94.860,94.990,95.110,94.800
2014/06/22,Sun,,,,
2014/06/21,Sat,,,,
2014/06/20,Fri,94.230,94.850,95.040,94.100
2014/06/19,Thu,94.060,94.180,94.310,93.970
2014/06/18,Wed,94.060,94.040,94.180,93.770
2014/06/17,Tue,93.930,94.030,94.230,93.820
2014/06/16,Mon,93.970,93.880,94.070,93.560
2014/06/15,Sun,,,,
2014/06/14,Sat,,,,
2014/06/13,Fri,93.740,93.990,94.090,93.630
2014/06/12,Thu,93.940,93.700,94.080,93.590
2014/06/11,Wed,93.880,93.890,93.990,93.530
2014/06/10,Tue,94.040,93.860,94.090,93.680
2014/06/09,Mon,93.810,94.010,94.140,93.680
2014/06/08,Sun,,,,
2014/06/07,Sat,,,,
2014/06/06,Fri,93.750,93.680,93.900,93.420
2014/06/05,Thu,93.930,93.700,94.010,93.440
2014/06/04,Wed,93.970,93.870,94.040,93.620
2014/06/03,Tue,93.930,93.930,94.050,93.700
2014/06/02,Mon,93.890,93.900,94.100,93.640
2014/06/01,Sun,,,,
2014/05/31,Sat,,,,
2014/05/30,Fri,93.940,93.850,93.980,93.540
2014/05/29,Thu,93.650,93.910,93.990,93.340
2014/05/28,Wed,93.950,93.620,94.040,93.490
2014/05/27,Tue,93.890,93.920,94.120,93.800
2014/05/26,Mon,93.810,93.860,93.940,93.720
2014/05/25,Sun,,,,
2014/05/24,Sat,,,,
2014/05/23,Fri,93.420,93.860,93.910,93.230
2014/05/22,Thu,92.870,93.370,93.520,92.820
2014/05/21,Wed,92.890,92.870,92.990,92.470
2014/05/20,Tue,93.340,92.840,93.460,92.730
2014/05/19,Mon,93.500,93.280,93.590,92.980
2014/05/18,Sun,,,,
2014/05/17,Sat,,,,
2014/05/16,Fri,93.320,93.450,93.570,93.130
2014/05/15,Thu,93.590,93.280,94.010,93.060
2014/05/14,Wed,93.780,93.540,93.830,93.290
2014/05/13,Tue,93.740,93.740,93.950,93.600
2014/05/12,Mon,93.360,93.700,93.910,93.310
2014/05/11,Sun,,,,
2014/05/10,Sat,,,,
2014/05/09,Fri,93.850,93.460,94.100,93.230
2014/05/08,Thu,93.510,93.830,93.980,93.350
2014/05/07,Wed,93.350,93.480,93.590,93.180
2014/05/06,Tue,93.230,93.310,93.490,93.010
2014/05/05,Mon,93.070,93.200,93.320,92.720
2014/05/04,Sun,,,,
2014/05/03,Sat,,,,
2014/05/02,Fri,93.410,93.110,93.740,93.010
2014/05/01,Thu,93.290,93.360,93.420,93.010
2014/04/30,Wed,93.790,93.240,93.830,93.040
2014/04/29,Tue,92.930,93.740,93.820,92.900
2014/04/28,Mon,92.550,92.880,93.140,92.430
2014/04/27,Sun,,,,
2014/04/26,Sat,,,,
2014/04/25,Fri,92.840,92.500,92.990,92.380
2014/04/24,Thu,92.940,92.810,93.150,92.550
2014/04/23,Wed,93.070,92.930,93.130,92.550
2014/04/22,Tue,93.200,93.030,93.270,92.930
2014/04/21,Mon,93.000,93.180,93.290,92.870
2014/04/20,Sun,,,,
2014/04/19,Sat,,,,
2014/04/18,Fri,93.070,92.910,93.190,92.840
2014/04/17,Thu,92.860,93.040,93.150,92.590
2014/04/16,Wed,92.880,92.820,93.310,92.690
2014/04/15,Tue,92.900,92.810,93.010,92.370
2014/04/14,Mon,92.750,92.890,93.050,92.280
2014/04/13,Sun,,,,
2014/04/12,Sat,,,,
2014/04/11,Fri,92.840,92.510,93.200,92.320
2014/04/10,Thu,93.750,92.800,93.910,92.770
2014/04/09,Wed,93.240,93.720,93.890,93.140
2014/04/08,Tue,93.960,93.160,94.030,92.900
2014/04/07,Mon,94.070,93.910,94.250,93.660
2014/04/06,Sun,,,,
2014/04/05,Sat,,,,
2014/04/04,Fri,94.180,94.020,94.930,93.930
2014/04/03,Thu,94.160,94.140,94.520,94.070
2014/04/02,Wed,94.020,94.120,94.300,93.900
2014/04/01,Tue,93.410,93.980,94.060,93.240
2014/03/31,Mon,92.940,93.380,93.960,92.880
2014/03/30,Sun,,,,
2014/03/29,Sat,,,,
2014/03/28,Fri,92.630,92.940,93.180,92.510
2014/03/27,Thu,91.920,92.600,92.770,91.660
2014/03/26,Wed,91.570,91.890,92.050,91.540
2014/03/25,Tue,91.360,91.540,91.720,91.130
2014/03/24,Mon,91.130,91.340,91.430,90.950
2014/03/23,Sun,,,,
2014/03/22,Sat,,,,
2014/03/21,Fri,91.100,91.080,91.550,90.650
2014/03/20,Thu,91.080,91.060,91.280,90.780
2014/03/19,Wed,91.100,91.020,91.400,90.650
2014/03/18,Tue,92.080,91.070,92.280,90.920
2014/03/17,Mon,91.280,92.030,92.210,91.170
2014/03/16,Sun,,,,
2014/03/15,Sat,,,,
2014/03/14,Fri,91.970,91.240,92.090,91.170
2014/03/13,Thu,92.410,91.940,92.960,91.760
2014/03/12,Wed,92.770,92.430,92.850,92.010
2014/03/11,Tue,92.960,92.730,93.300,92.570
2014/03/10,Mon,93.220,92.930,93.280,92.570
2014/03/09,Sun,,,,
2014/03/08,Sat,,,,
2014/03/07,Fri,93.820,93.140,94.130,92.990
2014/03/06,Thu,92.780,93.800,94.120,92.700
2014/03/05,Wed,92.160,92.730,92.810,92.060
2014/03/04,Tue,91.590,92.140,92.200,91.500
2014/03/03,Mon,91.870,91.570,91.930,91.090
2014/03/02,Sun,,,,
2014/03/01,Sat,,,,
2014/02/28,Fri,91.830,91.990,92.480,91.250
2014/02/27,Thu,92.010,91.790,92.080,91.350
2014/02/26,Wed,92.250,91.970,92.480,91.880
2014/02/25,Tue,92.700,92.210,92.820,92.000
2014/02/24,Mon,92.280,92.680,92.760,91.870
2014/02/23,Sun,,,,
2014/02/22,Sat,,,,
2014/02/21,Fri,92.140,92.260,92.410,91.680
2014/02/20,Thu,92.360,92.130,92.490,91.780
2014/02/19,Wed,93.500,92.330,93.610,92.190
2014/02/18,Tue,92.960,93.490,93.740,92.890
2014/02/17,Mon,92.630,92.900,93.040,92.340
2014/02/16,Sun,,,,
2014/02/15,Sat,,,,
2014/02/14,Fri,93.100,92.690,93.370,92.620
2014/02/13,Thu,93.190,93.040,93.330,92.280
2014/02/12,Wed,93.240,93.170,93.440,92.880
2014/02/11,Tue,92.510,93.230,93.340,92.100
2014/02/10,Mon,92.740,92.470,92.990,92.280
2014/02/09,Sun,,,,
2014/02/08,Sat,,,,
2014/02/07,Fri,92.240,92.740,93.420,91.920
2014/02/06,Thu,91.540,92.200,92.400,91.100
2014/02/05,Wed,91.730,91.510,91.850,91.040
2014/02/04,Tue,90.850,91.670,92.010,90.800
2014/02/03,Mon,91.690,90.800,92.260,90.790
2014/02/02,Sun,,,,
2014/02/01,Sat,,,,
2014/01/31,Fri,92.070,91.650,92.230,91.060
2014/01/30,Thu,91.570,92.030,92.240,91.250
2014/01/29,Wed,92.350,91.520,92.850,91.290
2014/01/28,Tue,92.260,92.310,92.930,91.840
2014/01/27,Mon,92.280,92.210,93.270,91.950
2014/01/26,Sun,,,,
2014/01/25,Sat,,,,
2014/01/24,Fri,93.020,92.230,93.310,92.020
2014/01/23,Thu,94.280,92.990,94.390,92.410
2014/01/22,Wed,95.110,94.240,95.390,94.150
2014/01/21,Tue,95.160,95.090,95.620,94.770
2014/01/20,Mon,95.110,95.110,95.270,94.790
2014/01/19,Sun,,,,
2014/01/18,Sat,,,,
2014/01/17,Fri,95.490,95.120,95.550,94.940
2014/01/16,Thu,95.630,95.430,95.950,95.290
2014/01/15,Wed,95.230,95.580,95.720,94.950
2014/01/14,Tue,94.820,95.190,95.270,94.670
2014/01/13,Mon,95.610,94.790,95.610,94.560
2014/01/12,Sun,,,,
2014/01/11,Sat,,,,
2014/01/10,Fri,96.730,95.540,96.870,95.110
2014/01/09,Thu,96.920,96.660,97.010,96.320
2014/01/08,Wed,97.170,96.880,97.310,96.760
2014/01/07,Tue,97.810,97.150,98.050,96.940
2014/01/06,Mon,98.610,97.780,98.720,97.490
2014/01/05,Sun,,,,
2014/01/04,Sat,,,,
2014/01/03,Fri,98.180,98.520,98.660,97.710
2014/01/02,Thu,98.880,98.150,99.180,98.070
2014/01/01,Wed,99.140,98.830,99.160,98.800
2013/12/31,Tue,98.760,99.120,99.250,98.430
2013/12/30,Mon,98.240,98.730,98.850,98.070
2013/12/29,Sun,,,,
2013/12/28,Sat,,,,
2013/12/27,Fri,98.430,98.190,98.670,98.020
2013/12/26,Thu,98.130,98.390,98.720,98.130
2013/12/25,Wed,98.170,98.080,98.420,98.040
2013/12/24,Tue,98.160,98.130,98.400,97.990
2013/12/23,Mon,97.820,98.140,98.360,97.570
2013/12/22,Sun,,,,
2013/12/21,Sat,,,,
2013/12/20,Fri,97.760,97.840,98.030,97.200
2013/12/19,Thu,97.440,97.720,97.810,96.830
2013/12/18,Wed,96.800,97.380,97.600,96.570
2013/12/17,Tue,97.210,96.770,97.500,96.630
2013/12/16,Mon,97.470,97.190,97.620,96.950
2013/12/15,Sun,,,,
2013/12/14,Sat,,,,
2013/12/13,Fri,97.180,97.450,97.640,96.810
2013/12/12,Thu,96.740,97.150,97.420,96.580
2013/12/11,Wed,97.010,96.700,97.080,96.340
2013/12/10,Tue,97.180,96.960,97.310,96.630
2013/12/09,Mon,96.490,97.170,97.230,96.490
2013/12/08,Sun,,,,
2013/12/07,Sat,,,,
2013/12/06,Fri,95.540,96.730,96.810,95.430
2013/12/05,Thu,95.810,95.520,96.000,95.370
2013/12/04,Wed,96.270,95.790,96.510,95.170
2013/12/03,Tue,96.730,96.250,97.130,95.770
2013/12/02,Mon,96.520,96.680,97.050,96.230
2013/12/01,Sun,,,,
2013/11/30,Sat,,,,
2013/11/29,Fri,96.710,96.460,96.890,96.350
2013/11/28,Thu,96.420,96.640,96.790,96.270
2013/11/27,Wed,96.100,96.400,96.700,95.950
2013/11/26,Tue,96.440,96.050,96.580,95.890
2013/11/25,Mon,96.260,96.390,96.710,95.930
2013/11/24,Sun,,,,
2013/11/23,Sat,,,,
2013/11/22,Fri,96.180,96.300,96.370,95.690
2013/11/21,Thu,95.700,96.160,96.510,95.630
2013/11/20,Wed,95.650,95.680,95.980,95.410
2013/11/19,Tue,95.880,95.640,95.990,95.420
2013/11/18,Mon,95.950,95.840,96.200,95.630
2013/11/17,Sun,,,,
2013/11/16,Sat,,,,
2013/11/15,Fri,95.600,95.950,96.070,95.500
2013/11/14,Thu,94.930,95.580,95.620,94.850
2013/11/13,Wed,94.930,94.900,95.120,94.680
2013/11/12,Tue,94.650,94.910,95.200,94.630
2013/11/11,Mon,94.640,94.640,94.800,94.390
2013/11/10,Sun,,,,
2013/11/09,Sat,,,,
2013/11/08,Fri,93.790,94.520,94.680,93.700
2013/11/07,Thu,94.700,93.760,95.260,93.460
2013/11/06,Wed,94.240,94.670,94.860,94.090
2013/11/05,Tue,94.620,94.190,94.700,93.920
2013/11/04,Mon,94.670,94.590,94.940,94.530
2013/11/03,Sun,,,,
2013/11/02,Sat,,,,
2013/11/01,Fri,94.290,94.660,94.790,93.790
2013/10/31,Thu,93.990,94.280,94.480,93.690
2013/10/30,Wed,93.780,93.970,94.150,93.720
2013/10/29,Tue,93.520,93.740,93.980,93.230
2013/10/28,Mon,93.260,93.470,93.640,93.260
2013/10/27,Sun,,,,
2013/10/26,Sat,,,,
2013/10/25,Fri,93.350,93.220,93.550,92.880
2013/10/24,Thu,93.790,93.330,94.140,93.260
2013/10/23,Wed,95.420,93.760,95.450,93.550
2013/10/22,Tue,95.320,95.390,95.780,95.000
2013/10/21,Mon,94.940,95.280,95.470,94.910
2013/10/20,Sun,,,,
2013/10/19,Sat,,,,
2013/10/18,Fri,95.160,94.970,95.360,94.810
2013/10/17,Thu,95.630,95.120,95.890,94.840
2013/10/16,Wed,94.560,95.610,95.690,94.530
2013/10/15,Tue,95.200,94.540,95.420,94.470
2013/10/14,Mon,95.230,95.150,95.320,94.560
2013/10/13,Sun,,,,
2013/10/12,Sat,,,,
2013/10/11,Fri,94.390,95.200,95.260,94.100
2013/10/10,Thu,93.650,94.360,94.600,93.640
2013/10/09,Wed,93.450,93.620,93.980,93.310
2013/10/08,Tue,93.770,93.400,94.350,93.370
2013/10/07,Mon,94.710,93.730,94.720,93.680
2013/10/06,Sun,,,,
2013/10/05,Sat,,,,
2013/10/04,Fri,94.130,94.650,94.730,93.850
2013/10/03,Thu,94.190,94.090,94.800,93.900
2013/10/02,Wed,94.930,94.150,94.970,93.950
2013/10/01,Tue,95.270,94.900,95.640,94.680
2013/09/30,Mon,95.370,95.250,95.670,94.600
2013/09/29,Sun,,,,
2013/09/28,Sat,,,,
2013/09/27,Fri,96.020,95.290,96.080,95.160
2013/09/26,Thu,95.450,95.980,96.120,95.240
2013/09/25,Wed,95.870,95.410,96.030,95.340
2013/09/24,Tue,96.120,95.830,96.500,95.510
2013/09/23,Mon,96.290,96.050,96.480,95.820
2013/09/22,Sun,,,,
2013/09/21,Sat,,,,
2013/09/20,Fri,96.900,96.360,96.960,96.330
2013/09/19,Thu,95.830,96.850,97.450,95.670
2013/09/18,Wed,96.270,95.790,96.450,95.650
2013/09/17,Tue,95.960,96.230,96.700,95.900
2013/09/16,Mon,96.090,95.930,96.150,95.560
2013/09/15,Sun,,,,
2013/09/14,Sat,,,,
2013/09/13,Fri,96.440,95.970,96.740,95.850
2013/09/12,Thu,96.800,96.430,96.970,95.910
2013/09/11,Wed,97.010,96.750,97.210,96.580
2013/09/10,Tue,96.030,97.000,97.170,95.920
2013/09/09,Mon,95.930,95.990,96.160,95.590
2013/09/08,Sun,,,,
2013/09/07,Sat,,,,
2013/09/06,Fri,95.300,95.220,95.830,94.750
2013/09/05,Thu,95.060,95.270,95.450,94.870
2013/09/04,Wed,94.530,95.040,95.170,94.340
2013/09/03,Tue,94.200,94.480,94.880,94.070
2013/09/02,Mon,93.320,94.180,94.390,93.250
2013/09/01,Sun,,,,
2013/08/31,Sat,,,,
2013/08/30,Fri,93.380,93.110,93.490,92.950
2013/08/29,Thu,93.110,93.350,93.800,92.920
2013/08/28,Wed,92.640,93.070,93.410,92.280
2013/08/27,Tue,93.820,92.610,93.870,92.370
2013/08/26,Mon,93.970,93.790,94.140,93.480
2013/08/25,Sun,,,,
2013/08/24,Sat,,,,
2013/08/23,Fri,93.890,94.060,94.150,93.530
2013/08/22,Thu,93.250,93.860,94.160,93.120
2013/08/21,Wed,93.620,93.230,93.830,93.210
2013/08/20,Tue,94.310,93.570,94.510,93.270
2013/08/19,Mon,94.370,94.280,95.040,94.230
2013/08/18,Sun,,,,
2013/08/17,Sat,,,,
2013/08/16,Fri,94.490,94.330,94.880,93.990
2013/08/15,Thu,94.900,94.460,95.310,94.240
2013/08/14,Wed,94.940,94.870,95.210,94.560
2013/08/13,Tue,94.010,94.930,95.130,93.970
2013/08/12,Mon,93.520,93.980,94.100,93.290
2013/08/11,Sun,,,,
2013/08/10,Sat,,,,
2013/08/09,Fri,93.670,93.480,93.890,92.990
2013/08/08,Thu,92.420,93.610,93.710,92.300
2013/08/07,Wed,94.220,92.390,94.300,92.370
2013/08/06,Tue,94.880,94.200,95.160,93.970
2013/08/05,Mon,95.230,94.870,95.390,94.610
2013/08/04,Sun,,,,
2013/08/03,Sat,,,,
2013/08/02,Fri,96.210,95.220,96.380,95.070
2013/08/01,Thu,95.240,96.160,96.400,94.960
2013/07/31,Wed,95.090,95.200,95.800,94.700
2013/07/30,Tue,95.420,95.100,95.840,94.990
2013/07/29,Mon,95.590,95.380,95.670,95.060
2013/07/28,Sun,,,,
2013/07/27,Sat,,,,
2013/07/26,Fri,96.590,95.530,96.690,95.260
2013/07/25,Thu,97.180,96.550,97.390,96.390
2013/07/24,Wed,96.660,97.120,97.690,96.470
2013/07/23,Tue,96.450,96.600,97.140,95.900
2013/07/22,Mon,97.170,96.380,97.180,95.900
2013/07/21,Sun,,,,
2013/07/20,Sat,,,,
2013/07/19,Fri,96.760,97.050,97.110,96.340
2013/07/18,Thu,95.720,96.730,96.950,95.600
2013/07/17,Wed,95.570,95.690,96.170,95.270
2013/07/16,Tue,95.760,95.550,95.920,95.290
2013/07/15,Mon,95.670,95.720,96.420,95.320
2013/07/14,Sun,,,,
2013/07/13,Sat,,,,
2013/07/12,Fri,95.470,95.420,96.060,95.120
2013/07/11,Thu,95.220,95.440,95.870,94.650
2013/07/10,Wed,96.140,95.190,96.200,94.860
2013/07/09,Tue,95.640,96.100,96.230,95.420
2013/07/08,Mon,95.750,95.600,96.030,95.290
2013/07/07,Sun,,,,
2013/07/06,Sat,,,,
2013/07/05,Fri,95.170,95.630,95.820,94.750
2013/07/04,Thu,95.150,95.150,95.530,94.540
2013/07/03,Wed,95.450,95.120,95.660,94.180
2013/07/02,Tue,94.950,95.430,95.710,94.430
2013/07/01,Mon,94.430,94.930,95.130,94.180
2013/06/30,Sun,,,,
2013/06/29,Sat,,,,
2013/06/28,Fri,93.890,94.210,94.640,93.830
2013/06/27,Thu,93.370,93.840,94.270,93.230
2013/06/26,Wed,93.050,93.320,93.490,92.780
2013/06/25,Tue,93.100,93.030,93.390,92.490
2013/06/24,Mon,93.650,93.030,94.050,92.160
2013/06/23,Sun,,,,
2013/06/22,Sat,,,,
2013/06/21,Fri,93.650,93.590,94.610,92.920
2013/06/20,Thu,93.910,93.620,95.140,93.490
2013/06/19,Wed,93.370,93.890,94.600,92.850
2013/06/18,Tue,92.800,93.340,93.860,92.700
2013/06/17,Mon,92.550,92.760,93.720,92.470
2013/06/16,Sun,,,,
2013/06/15,Sat,,,,
2013/06/14,Fri,93.900,92.480,94.390,92.350
2013/06/13,Thu,94.070,93.860,94.160,91.800
2013/06/12,Wed,94.290,94.000,95.380,93.290
2013/06/11,Tue,96.890,94.250,97.200,93.730
2013/06/10,Mon,95.670,96.850,97.460,95.430
2013/06/09,Sun,,,,
2013/06/08,Sat,,,,
2013/06/07,Fri,94.500,95.630,95.780,92.960
2013/06/06,Thu,95.760,94.410,96.170,94.010
2013/06/05,Wed,96.720,95.760,97.070,95.590
2013/06/04,Tue,96.850,96.670,97.390,96.520
2013/06/03,Mon,97.050,96.820,97.230,96.030
2013/06/02,Sun,,,,
2013/06/01,Sat,,,,
2013/05/31,Fri,97.820,96.770,98.310,96.760
2013/05/30,Thu,97.720,97.770,98.190,97.100
2013/05/29,Wed,98.430,97.710,98.540,97.030
2013/05/28,Tue,97.630,98.390,99.060,97.590
2013/05/27,Mon,98.290,97.590,98.640,97.530
2013/05/26,Sun,,,,
2013/05/25,Sat,,,,
2013/05/24,Fri,99.010,98.130,99.400,97.430
2013/05/23,Thu,99.510,98.970,99.720,97.320
2013/05/22,Wed,99.850,99.470,100.320,98.970
2013/05/21,Tue,99.850,99.790,100.240,99.390
2013/05/20,Mon,100.130,99.830,100.350,99.410
2013/05/19,Sun,,,,
2013/05/18,Sat,,,,
2013/05/17,Fri,100.320,100.340,100.480,99.350
2013/05/16,Thu,100.650,100.260,100.820,100.250
2013/05/15,Wed,100.550,100.640,100.850,100.080
2013/05/14,Tue,100.750,100.520,100.940,99.990
2013/05/13,Mon,100.940,100.710,101.100,100.310
2013/05/12,Sun,,,,
2013/05/11,Sat,,,,
2013/05/10,Fri,99.900,100.560,100.990,99.870
2013/05/09,Thu,98.710,99.890,100.290,98.310
2013/05/08,Wed,98.600,98.680,98.750,98.070
2013/05/07,Tue,98.660,98.570,98.940,98.130
2013/05/06,Mon,98.270,98.650,98.780,98.220
2013/05/05,Sun,,,,
2013/05/04,Sat,,,,
2013/05/03,Fri,96.940,98.210,98.430,96.730
2013/05/02,Thu,96.590,96.930,97.780,96.260
2013/05/01,Wed,96.740,96.550,97.150,96.190
2013/04/30,Tue,96.690,96.680,96.990,96.180
2013/04/29,Mon,96.410,96.630,97.040,95.830
2013/04/28,Sun,,,,
2013/04/27,Sat,,,,
2013/04/26,Fri,97.320,96.380,97.470,95.860
2013/04/25,Thu,97.010,97.300,97.640,96.670
2013/04/24,Wed,97.000,96.980,97.210,96.590
2013/04/23,Tue,96.750,96.950,97.040,95.790
2013/04/22,Mon,97.280,96.700,97.490,96.280
2013/04/21,Sun,,,,
2013/04/20,Sat,,,,
2013/04/19,Fri,95.740,96.880,97.180,95.650
2013/04/18,Thu,95.680,95.680,96.290,95.010
2013/04/17,Wed,95.720,95.660,96.310,94.560
2013/04/16,Tue,94.160,95.500,96.180,94.120
2013/04/15,Mon,96.930,93.970,97.380,93.950
2013/04/14,Sun,,,,
2013/04/13,Sat,,,,
2013/04/12,Fri,98.690,97.040,98.820,96.750
2013/04/11,Thu,98.370,98.620,98.920,97.870
2013/04/10,Wed,97.570,98.350,98.490,97.350
2013/04/09,Tue,97.850,97.420,98.050,97.010
2013/04/08,Mon,96.710,97.740,97.820,96.450
2013/04/07,Sun,,,,
2013/04/06,Sat,,,,
2013/04/05,Fri,95.180,95.800,96.300,93.900
2013/04/04,Thu,91.750,95.100,95.260,91.430
2013/04/03,Wed,92.060,91.730,92.390,91.350
2013/04/02,Tue,91.650,92.040,92.260,91.180
2013/04/01,Mon,92.610,91.730,92.810,91.570
2013/03/31,Sun,,,,
2013/03/30,Sat,,,,
2013/03/29,Fri,92.640,92.590,92.840,92.420
2013/03/28,Thu,92.890,92.590,92.970,92.280
2013/03/27,Wed,92.970,92.940,93.310,92.330
2013/03/26,Tue,92.230,92.910,93.090,91.890
2013/03/25,Mon,92.380,92.150,93.190,91.470
2013/03/24,Sun,,,,
2013/03/23,Sat,,,,
2013/03/22,Fri,92.770,92.370,92.940,91.790
2013/03/21,Thu,93.580,92.580,93.750,92.290
2013/03/20,Wed,92.600,93.610,93.790,92.330
2013/03/19,Tue,93.220,92.560,93.720,92.200
2013/03/18,Mon,92.540,93.110,93.580,92.130
2013/03/17,Sun,,,,
2013/03/16,Sat,,,,
2013/03/15,Fri,94.020,93.470,94.390,93.250
2013/03/14,Thu,93.490,93.970,94.190,93.170
2013/03/13,Wed,93.600,93.450,93.790,93.050
2013/03/12,Tue,93.910,93.610,94.270,93.040
2013/03/11,Mon,93.380,93.840,93.930,93.290
2013/03/10,Sun,,,,
2013/03/09,Sat,,,,
2013/03/08,Fri,92.150,93.300,94.310,92.070
2013/03/07,Thu,91.180,92.120,92.330,90.880
2013/03/06,Wed,90.820,91.190,91.280,90.510
2013/03/05,Tue,90.960,90.700,91.120,90.520
2013/03/04,Mon,91.090,90.900,91.200,90.440
2013/03/03,Sun,,,,
2013/03/02,Sat,,,,
2013/03/01,Fri,89.830,91.050,91.210,89.640
2013/02/28,Thu,90.050,89.840,90.620,89.500
2013/02/27,Wed,89.630,90.080,90.330,88.740
2013/02/26,Tue,89.690,89.540,90.440,88.600
2013/02/25,Mon,92.500,89.070,92.580,88.570
2013/02/24,Sun,,,,
2013/02/23,Sat,,,,
2013/02/22,Fri,91.380,91.470,91.960,90.850
2013/02/21,Thu,92.100,91.360,92.330,91.020
2013/02/20,Wed,92.470,92.060,92.760,91.900
2013/02/19,Tue,92.980,92.410,93.020,92.130
2013/02/18,Mon,93.040,92.930,93.540,92.790
2013/02/17,Sun,,,,
2013/02/16,Sat,,,,
2013/02/15,Fri,92.720,92.880,93.340,92.040
2013/02/14,Thu,93.310,92.660,93.600,92.560
2013/02/13,Wed,93.250,93.290,93.460,92.630
2013/02/12,Tue,93.870,93.250,94.000,92.720
2013/02/11,Mon,92.520,93.520,93.620,91.980
2013/02/10,Sun,,,,
2013/02/09,Sat,,,,
2013/02/08,Fri,93.820,92.440,93.990,92.060
2013/02/07,Thu,93.980,93.740,94.550,93.250
2013/02/06,Wed,94.010,93.950,94.370,93.420
2013/02/05,Tue,92.460,93.910,94.000,92.040
2013/02/04,Mon,93.100,92.490,93.630,92.340
2013/02/03,Sun,,,,
2013/02/02,Sat,,,,
2013/02/01,Fri,91.780,93.020,93.220,91.760
2013/01/31,Thu,90.990,91.760,91.850,90.460
2013/01/30,Wed,90.600,90.900,91.240,90.530
2013/01/29,Tue,90.190,90.540,90.630,89.770
2013/01/28,Mon,90.470,90.180,90.620,89.680
2013/01/27,Sun,,,,
2013/01/26,Sat,,,,
2013/01/25,Fri,90.210,90.340,90.670,89.910
2013/01/24,Thu,88.730,90.150,90.330,88.390
2013/01/23,Wed,89.420,88.780,89.540,88.470
2013/01/22,Tue,90.280,89.400,90.810,88.930
2013/01/21,Mon,90.890,90.210,90.990,89.990
2013/01/20,Sun,,,,
2013/01/19,Sat,,,,
2013/01/18,Fri,91.220,90.780,91.430,90.280
2013/01/17,Thu,89.720,91.170,91.480,89.270
2013/01/16,Wed,90.190,89.650,90.330,88.940
2013/01/15,Tue,90.910,90.100,91.170,89.570
2013/01/14,Mon,90.710,90.840,91.160,90.290
2013/01/13,Sun,,,,
2013/01/12,Sat,,,,
2013/01/11,Fri,90.120,90.630,91.070,90.050
2013/01/10,Thu,88.960,89.990,90.150,88.910
2013/01/09,Wed,88.230,88.850,89.210,87.990
2013/01/08,Tue,89.040,88.270,89.100,88.060
2013/01/07,Mon,89.320,89.010,89.600,88.690
2013/01/06,Sun,,,,
2013/01/05,Sat,,,,
2013/01/04,Fri,88.290,89.320,89.660,88.260
2013/01/03,Thu,88.520,88.280,88.730,87.960
2013/01/02,Wed,87.270,88.490,88.660,87.040
2013/01/01,Tue,87.420,87.140,87.520,87.120
2012/12/31,Mon,86.090,87.320,87.450,86.060
2012/12/30,Sun,,,,
2012/12/29,Sat,,,,
2012/12/28,Fri,86.000,86.320,87.100,85.810
2012/12/27,Thu,86.110,86.460,86.840,86.000
2012/12/26,Wed,85.470,86.080,86.240,85.380
2012/12/25,Tue,85.500,85.390,85.600,85.150
2012/12/24,Mon,84.910,85.420,85.680,84.790
2012/12/23,Sun,,,,
2012/12/22,Sat,,,,
2012/12/21,Fri,85.440,84.800,85.540,84.490
2012/12/20,Thu,85.380,85.450,85.570,84.760
2012/12/19,Wed,85.430,85.410,85.850,85.230
2012/12/18,Tue,85.250,85.390,85.530,85.100
2012/12/17,Mon,85.480,85.220,85.540,84.630
2012/12/16,Sun,,,,
2012/12/15,Sat,,,,
2012/12/14,Fri,84.930,84.660,85.380,84.510
2012/12/13,Thu,84.540,84.860,85.090,84.410
2012/12/12,Wed,83.700,84.500,84.730,83.630
2012/12/11,Tue,83.500,83.670,83.740,83.380
2012/12/10,Mon,83.570,83.470,83.760,83.100
2012/12/09,Sun,,,,
2012/12/08,Sat,,,,
2012/12/07,Fri,83.130,83.230,83.850,82.820
2012/12/06,Thu,83.160,83.090,83.300,82.990
2012/12/05,Wed,82.430,83.110,83.220,82.350
2012/12/04,Tue,82.650,82.380,82.710,82.220
2012/12/03,Mon,82.940,82.620,83.150,82.510
2012/12/02,Sun,,,,
2012/12/01,Sat,,,,
2012/11/30,Fri,82.710,82.970,83.380,82.620
2012/11/29,Thu,82.720,82.630,82.920,82.450
2012/11/28,Wed,82.640,82.580,82.710,82.020
2012/11/27,Tue,82.560,82.610,83.040,82.410
2012/11/26,Mon,82.970,82.530,83.270,82.420
2012/11/25,Sun,,,,
2012/11/24,Sat,,,,
2012/11/23,Fri,82.650,83.010,83.140,82.260
2012/11/22,Thu,82.810,82.620,83.190,82.430
2012/11/21,Wed,81.930,82.780,82.860,81.800
2012/11/20,Tue,81.690,81.910,82.050,81.350
2012/11/19,Mon,81.330,81.640,81.720,81.120
2012/11/18,Sun,,,,
2012/11/17,Sat,,,,
2012/11/16,Fri,81.100,81.180,81.400,80.750
2012/11/15,Thu,79.970,81.070,81.300,79.810
2012/11/14,Wed,79.220,79.930,80.290,79.180
2012/11/13,Tue,79.500,79.220,79.690,79.050
2012/11/12,Mon,79.500,79.500,79.650,79.340
2012/11/11,Sun,,,,
2012/11/10,Sat,,,,
2012/11/09,Fri,79.460,79.400,79.690,78.860
2012/11/08,Thu,80.250,79.350,80.360,79.320
2012/11/07,Wed,81.000,80.230,81.390,79.970
2012/11/06,Tue,80.590,80.990,81.190,80.320
2012/11/05,Mon,80.850,80.560,81.020,80.410
2012/11/04,Sun,,,,
2012/11/03,Sat,,,,
2012/11/02,Fri,80.410,80.750,81.170,80.350
2012/11/01,Thu,79.780,80.390,80.560,79.740
2012/10/31,Wed,79.670,79.780,80.190,79.560
2012/10/30,Tue,79.740,79.680,79.930,79.120
2012/10/29,Mon,79.750,79.690,79.930,79.520
2012/10/28,Sun,,,,
2012/10/27,Sat,,,,
2012/10/26,Fri,80.810,79.840,80.860,79.610
2012/10/25,Thu,80.310,80.720,81.040,80.230
2012/10/24,Wed,80.470,80.280,80.790,80.100
2012/10/23,Tue,80.590,80.460,80.710,79.960
2012/10/22,Mon,79.690,80.550,80.630,79.630
2012/10/21,Sun,,,,
2012/10/20,Sat,,,,
2012/10/19,Fri,80.440,79.800,80.660,79.720
2012/10/18,Thu,80.760,80.400,81.180,80.250
2012/10/17,Wed,79.970,80.700,80.900,79.660
2012/10/16,Tue,80.220,79.960,80.540,79.840
2012/10/15,Mon,80.140,80.210,80.750,79.830
2012/10/14,Sun,,,,
2012/10/13,Sat,,,,
2012/10/12,Fri,80.110,80.030,80.340,79.810
2012/10/11,Thu,79.640,80.060,80.460,79.360
2012/10/10,Wed,80.010,79.560,80.250,79.520
2012/10/09,Tue,80.160,79.960,80.500,79.720
2012/10/08,Mon,80.450,80.120,80.570,79.720
2012/10/07,Sun,,,,
2012/10/06,Sat,,,,
2012/10/05,Fri,80.060,80.350,81.000,79.830
2012/10/04,Thu,79.510,80.040,80.110,79.430
2012/10/03,Wed,79.440,79.470,79.710,79.130
2012/10/02,Tue,79.410,79.390,79.720,79.280
2012/10/01,Mon,79.260,79.370,79.700,79.030
2012/09/30,Sun,,,,
2012/09/29,Sat,,,,
2012/09/28,Fri,79.180,79.220,79.500,78.970
2012/09/27,Thu,78.930,79.110,79.350,78.780
2012/09/26,Wed,79.350,78.860,79.410,78.800
2012/09/25,Tue,79.810,79.310,80.080,79.190
2012/09/24,Mon,80.030,79.500,80.080,79.320
2012/09/23,Sun,,,,
2012/09/22,Sat,,,,
2012/09/21,Fri,80.100,80.000,80.410,79.880
2012/09/20,Thu,80.380,80.060,80.470,79.580
2012/09/19,Wed,80.830,80.380,81.460,80.150
2012/09/18,Tue,80.750,80.840,80.970,80.440
2012/09/17,Mon,80.760,80.740,81.310,80.520
2012/09/16,Sun,,,,
2012/09/15,Sat,,,,
2012/09/14,Fri,79.990,80.690,81.090,79.950
2012/09/13,Thu,79.780,79.950,80.210,79.190
2012/09/12,Wed,79.920,79.710,80.200,79.660
2012/09/11,Tue,80.070,79.880,80.410,79.820
2012/09/10,Mon,80.020,80.040,80.290,79.860
2012/09/09,Sun,,,,
2012/09/08,Sat,,,,
2012/09/07,Fri,80.300,79.940,80.590,79.790
2012/09/06,Thu,79.170,80.230,80.520,79.060
2012/09/05,Wed,79.570,79.170,79.660,78.940
2012/09/04,Tue,79.400,79.520,79.720,79.260
2012/09/03,Mon,79.380,79.380,79.600,79.190
2012/09/02,Sun,,,,
2012/09/01,Sat,,,,
2012/08/31,Fri,79.260,79.430,79.540,78.980
2012/08/30,Thu,79.560,79.220,79.640,79.030
2012/08/29,Wed,79.520,79.530,79.850,79.160
2012/08/28,Tue,79.510,79.420,79.850,79.160
2012/08/27,Mon,79.330,79.450,79.630,79.270
2012/08/26,Sun,,,,
2012/08/25,Sat,,,,
2012/08/24,Fri,79.050,79.210,79.460,78.910
2012/08/23,Thu,79.290,78.970,79.550,78.870
2012/08/22,Wed,80.280,79.260,80.720,78.990
2012/08/21,Tue,80.380,80.140,80.720,80.020
2012/08/20,Mon,80.460,80.320,80.590,80.100
2012/08/19,Sun,,,,
2012/08/18,Sat,,,,
2012/08/17,Fri,80.410,80.390,80.610,80.190
2012/08/16,Thu,79.800,80.390,80.500,79.780
2012/08/15,Wed,79.370,79.790,79.910,79.290
2012/08/14,Tue,78.890,79.360,79.680,78.860
2012/08/13,Mon,78.980,78.880,79.100,78.760
2012/08/12,Sun,,,,
2012/08/11,Sat,,,,
2012/08/10,Fri,79.260,78.920,79.360,78.470
2012/08/09,Thu,78.870,79.230,79.510,78.720
2012/08/08,Wed,78.850,78.850,79.030,78.410
2012/08/07,Tue,78.210,78.810,79.050,78.070
2012/08/06,Mon,78.510,78.180,78.670,78.130
2012/08/05,Sun,,,,
2012/08/04,Sat,,,,
2012/08/03,Fri,77.690,78.340,78.880,77.490
2012/08/02,Thu,78.030,77.640,78.300,77.540
2012/08/01,Wed,77.860,78.000,78.230,77.630
2012/07/31,Tue,78.030,77.850,78.260,77.820
2012/07/30,Mon,78.180,78.010,78.260,77.720
2012/07/29,Sun,,,,
2012/07/28,Sat,,,,
2012/07/27,Fri,77.430,78.160,78.350,77.300
2012/07/26,Thu,76.980,77.420,77.690,76.790
2012/07/25,Wed,76.530,76.950,77.100,76.310
2012/07/24,Tue,76.850,76.510,77.100,76.410
2012/07/23,Mon,77.340,76.870,77.520,76.610
2012/07/22,Sun,,,,
2012/07/21,Sat,,,,
2012/07/20,Fri,78.000,77.450,78.190,77.440
2012/07/19,Thu,78.010,77.980,78.150,77.760
2012/07/18,Wed,78.100,77.990,78.220,77.770
2012/07/17,Tue,77.690,78.080,78.200,77.590
2012/07/16,Mon,78.190,77.650,78.240,77.410
2012/07/15,Sun,,,,
2012/07/14,Sat,,,,
2012/07/13,Fri,77.790,78.040,78.250,77.690
2012/07/12,Thu,78.210,77.790,78.440,77.300
2012/07/11,Wed,77.670,78.190,78.280,77.460
2012/07/10,Tue,78.070,77.650,78.190,77.580
2012/07/09,Mon,78.120,78.060,78.300,77.860
2012/07/08,Sun,,,,
2012/07/07,Sat,,,,
2012/07/06,Fri,78.810,78.120,78.880,78.000
2012/07/05,Thu,78.850,78.730,79.150,78.470
2012/07/04,Wed,78.840,78.770,78.950,78.560
2012/07/03,Tue,78.410,78.850,78.960,77.780
2012/07/02,Mon,78.610,78.140,78.680,77.780
2012/07/01,Sun,,,,
2012/06/30,Sat,,,,
2012/06/29,Fri,76.870,78.450,78.610,76.630
2012/06/28,Thu,77.760,76.850,77.840,76.600
2012/06/27,Wed,77.630,77.740,77.910,77.420
2012/06/26,Tue,77.360,77.570,77.730,77.050
2012/06/25,Mon,78.460,77.400,78.570,77.090
2012/06/24,Sun,,,,
2012/06/23,Sat,,,,
2012/06/22,Fri,77.990,78.480,78.600,77.770
2012/06/21,Thu,78.010,77.960,78.710,77.780
2012/06/20,Wed,77.630,77.980,78.350,77.300
2012/06/19,Tue,77.300,77.510,77.760,77.000
2012/06/18,Mon,77.340,77.220,77.820,76.760
2012/06/17,Sun,,,,
2012/06/16,Sat,,,,
2012/06/15,Fri,77.380,77.000,77.710,76.690
2012/06/14,Thu,77.160,77.580,77.650,77.040
2012/06/13,Wed,77.540,77.090,77.780,77.030
2012/06/12,Tue,76.930,77.520,77.600,76.730
2012/06/11,Mon,77.860,76.930,78.140,76.930
2012/06/10,Sun,,,,
2012/06/09,Sat,,,,
2012/06/08,Fri,77.520,77.410,77.680,76.430
2012/06/07,Thu,77.110,77.410,78.100,76.970
2012/06/06,Wed,75.850,77.050,77.180,75.780
2012/06/05,Tue,75.350,75.870,76.050,75.010
2012/06/04,Mon,75.100,75.330,75.470,74.730
2012/06/03,Sun,,,,
2012/06/02,Sat,,,,
2012/06/01,Fri,75.900,74.940,76.090,74.410
2012/05/31,Thu,76.780,75.800,76.910,75.460
2012/05/30,Wed,77.800,76.780,77.840,76.490
2012/05/29,Tue,77.630,77.760,77.910,77.280
2012/05/28,Mon,77.580,77.600,77.690,77.360
2012/05/27,Sun,,,,
2012/05/26,Sat,,,,
2012/05/25,Fri,77.540,77.370,77.770,77.220
2012/05/24,Thu,77.560,77.480,77.740,77.180
2012/05/23,Wed,78.320,77.540,78.380,77.010
2012/05/22,Tue,77.960,78.240,78.710,77.870
2012/05/21,Mon,77.530,77.880,78.070,77.320
2012/05/20,Sun,,,,
2012/05/19,Sat,,,,
2012/05/18,Fri,77.830,77.280,78.270,77.260
2012/05/17,Thu,79.340,77.750,79.510,77.720
2012/05/16,Wed,79.630,79.310,80.150,79.240
2012/05/15,Tue,79.590,79.610,80.150,79.500
2012/05/14,Mon,79.820,79.570,80.210,79.320
2012/05/13,Sun,,,,
2012/05/12,Sat,,,,
2012/05/11,Fri,79.650,79.840,80.390,79.350
2012/05/10,Thu,79.450,79.720,80.130,79.350
2012/05/09,Wed,79.970,79.400,80.040,79.040
2012/05/08,Tue,80.480,79.940,80.620,79.560
2012/05/07,Mon,80.160,80.440,80.570,79.770
2012/05/06,Sun,,,,
2012/05/05,Sat,,,,
2012/05/04,Fri,81.120,80.160,81.510,80.100
2012/05/03,Thu,81.200,81.100,81.900,81.040
2012/05/02,Wed,81.240,81.180,81.770,80.900
2012/05/01,Tue,80.870,81.190,81.600,80.560
2012/04/30,Mon,81.840,80.780,81.990,80.610
2012/04/29,Sun,,,,
2012/04/28,Sat,,,,
2012/04/27,Fri,82.220,81.820,82.650,81.720
2012/04/26,Thu,82.700,82.190,82.830,81.970
2012/04/25,Wed,82.360,82.630,83.010,82.180
2012/04/24,Tue,81.920,82.380,82.480,81.560
2012/04/23,Mon,82.190,81.890,82.290,81.210
2012/04/22,Sun,,,,
2012/04/21,Sat,,,,
2012/04/20,Fri,81.960,82.210,82.550,81.900
2012/04/19,Thu,81.960,82.000,82.650,81.740
2012/04/18,Wed,81.650,81.980,82.500,81.640
2012/04/17,Tue,80.350,81.580,81.910,80.310
2012/04/16,Mon,80.930,80.370,81.110,80.160
2012/04/15,Sun,,,,
2012/04/14,Sat,,,,
2012/04/13,Fri,81.240,80.910,81.690,80.900
2012/04/12,Thu,80.550,81.290,81.410,80.510
2012/04/11,Wed,80.340,80.540,81.060,80.220
2012/04/10,Tue,81.740,80.290,82.200,80.280
2012/04/09,Mon,81.730,81.710,82.020,81.240
2012/04/08,Sun,,,,
2012/04/07,Sat,,,,
2012/04/06,Fri,82.910,81.820,83.190,81.540
2012/04/05,Thu,82.710,82.810,83.140,81.870
2012/04/04,Wed,83.540,82.720,83.660,82.540
2012/04/03,Tue,82.810,83.580,83.730,82.360
2012/04/02,Mon,83.340,82.810,83.590,82.340
2012/04/01,Sun,,,,
2012/03/31,Sat,,,,
2012/03/30,Fri,82.690,82.960,83.160,82.020
2012/03/29,Thu,82.970,82.720,83.150,81.830
2012/03/28,Wed,83.560,82.950,83.620,82.730
2012/03/27,Tue,83.600,83.510,84.140,83.320
2012/03/26,Mon,82.540,83.570,83.720,82.550
2012/03/25,Sun,,,,
2012/03/24,Sat,,,,
2012/03/23,Fri,82.610,82.450,83.010,81.860
2012/03/22,Thu,84.010,82.590,84.180,82.330
2012/03/21,Wed,84.360,84.030,85.020,83.960
2012/03/20,Tue,84.450,84.400,84.720,83.780
2012/03/19,Mon,84.080,84.400,84.660,83.650
2012/03/18,Sun,,,,
2012/03/17,Sat,,,,
2012/03/16,Fri,84.180,84.080,84.640,83.790
2012/03/15,Thu,84.250,84.130,84.760,83.630
2012/03/14,Wed,83.820,84.270,84.710,83.750
2012/03/13,Tue,82.860,83.830,84.000,82.700
2012/03/12,Mon,83.180,82.860,83.350,82.650
2012/03/11,Sun,,,,
2012/03/10,Sat,,,,
2012/03/09,Fri,82.360,83.150,83.560,82.160
2012/03/08,Thu,81.240,82.350,82.540,81.230
2012/03/07,Wed,80.750,81.310,81.440,80.440
2012/03/06,Tue,81.960,80.750,82.100,80.370
2012/03/05,Mon,82.630,81.950,82.760,81.500
2012/03/04,Sun,,,,
2012/03/03,Sat,,,,
2012/03/02,Fri,82.260,82.680,82.850,82.240
2012/03/01,Thu,81.990,82.160,82.580,81.770
2012/02/29,Wed,80.870,81.980,82.310,80.750
2012/02/28,Tue,80.680,80.810,81.280,80.190
2012/02/27,Mon,81.350,80.600,81.690,79.880
2012/02/26,Sun,,,,
2012/02/25,Sat,,,,
2012/02/24,Fri,80.190,81.000,81.130,80.090
2012/02/23,Thu,80.220,80.140,80.630,80.020
2012/02/22,Wed,79.950,80.210,80.550,79.910
2012/02/21,Tue,80.150,79.940,80.400,79.830
2012/02/20,Mon,80.110,80.120,80.600,79.820
2012/02/19,Sun,,,,
2012/02/18,Sat,,,,
2012/02/17,Fri,79.120,79.770,79.900,79.020
2012/02/16,Thu,78.400,79.130,79.290,78.150
2012/02/15,Wed,78.470,78.410,79.080,78.290
2012/02/14,Tue,77.560,78.440,78.620,77.290
2012/02/13,Mon,77.450,77.610,77.940,77.320
2012/02/12,Sun,,,,
2012/02/11,Sat,,,,
2012/02/10,Fri,78.060,77.450,78.150,77.340
2012/02/09,Thu,77.320,78.070,78.180,77.260
2012/02/08,Wed,77.190,77.300,77.640,76.970
2012/02/07,Tue,76.820,77.170,77.430,76.790
2012/02/06,Mon,77.010,76.830,77.210,76.670
2012/02/05,Sun,,,,
2012/02/04,Sat,,,,
2012/02/03,Fri,76.310,77.000,77.150,75.970
2012/02/02,Thu,76.300,76.270,76.440,76.020
2012/02/01,Wed,76.000,76.270,76.590,75.740
2012/01/31,Tue,76.120,75.980,76.690,75.880
2012/01/30,Mon,76.530,76.100,76.690,75.870
2012/01/29,Sun,,,,
2012/01/28,Sat,,,,
2012/01/27,Fri,77.290,76.570,77.390,76.490
2012/01/26,Thu,77.410,77.280,77.650,77.260
2012/01/25,Wed,76.920,77.420,77.500,76.860
2012/01/24,Tue,76.420,76.900,77.140,76.240
2012/01/23,Mon,75.840,76.360,76.670,75.690
2012/01/22,Sun,,,,
2012/01/21,Sat,,,,
2012/01/20,Fri,76.240,75.950,76.360,75.790
2012/01/19,Thu,75.920,76.260,76.610,75.790
2012/01/18,Wed,75.610,75.890,75.980,75.400
2012/01/17,Tue,75.430,75.650,75.960,75.350
2012/01/16,Mon,75.260,75.390,75.550,74.940
2012/01/15,Sun,,,,
2012/01/14,Sat,,,,
2012/01/13,Fri,75.350,75.200,75.500,74.850
2012/01/12,Thu,75.430,75.340,75.850,75.140
2012/01/11,Wed,75.570,75.430,75.910,75.320
2012/01/10,Tue,75.060,75.590,75.690,75.030
2012/01/09,Mon,74.740,75.050,75.160,74.520
2012/01/08,Sun,,,,
2012/01/07,Sat,,,,
2012/01/06,Fri,75.620,74.860,75.900,74.840
2012/01/05,Thu,75.740,75.680,75.940,75.340
2012/01/04,Wed,75.860,75.730,75.980,75.530
2012/01/03,Tue,75.410,75.840,76.220,75.400
2012/01/02,Mon,75.330,75.410,75.790,75.300
2012/01/01,Sun,,,,
2011/12/31,Sat,,,,
2011/12/30,Fri,76.050,75.460,76.240,75.440
2011/12/29,Thu,76.040,75.990,76.220,75.820
2011/12/28,Wed,76.400,76.030,76.660,76.020
2011/12/27,Tue,76.400,76.420,76.680,76.160
2011/12/26,Mon,76.410,76.410,76.630,76.180
2011/12/25,Sun,,,,
2011/12/24,Sat,,,,
2011/12/23,Fri,76.540,76.530,76.780,76.400
2011/12/22,Thu,76.000,76.530,76.670,75.910
2011/12/21,Wed,75.570,76.100,76.180,75.530
2011/12/20,Tue,75.140,75.560,75.800,75.100
2011/12/19,Mon,74.990,75.150,75.400,74.780
2011/12/18,Sun,,,,
2011/12/17,Sat,,,,
2011/12/16,Fri,75.260,74.910,75.620,74.720
2011/12/15,Thu,75.100,75.250,75.440,74.910
2011/12/14,Wed,75.430,75.060,75.510,74.870
2011/12/13,Tue,75.900,75.450,75.980,75.340
2011/12/12,Mon,76.200,75.930,76.280,75.630
2011/12/11,Sun,,,,
2011/12/10,Sat,,,,
2011/12/09,Fri,75.940,76.080,76.270,75.630
2011/12/08,Thu,76.930,76.010,77.020,75.940
2011/12/07,Wed,76.910,76.930,77.200,76.710
2011/12/06,Tue,76.380,76.920,77.070,76.120
2011/12/05,Mon,76.730,76.390,76.970,76.280
2011/12/04,Sun,,,,
2011/12/03,Sat,,,,
2011/12/02,Fri,76.590,76.510,77.380,76.410
2011/12/01,Thu,76.160,76.610,76.720,75.940
2011/11/30,Wed,75.430,76.050,76.620,75.180
2011/11/29,Tue,75.330,75.510,75.810,75.140
2011/11/28,Mon,74.280,75.340,75.870,74.180
2011/11/27,Sun,,,,
2011/11/26,Sat,,,,
2011/11/25,Fri,73.590,74.090,74.410,73.570
2011/11/24,Thu,73.770,73.640,73.920,73.470
2011/11/23,Wed,74.090,73.830,74.240,73.720
2011/11/22,Tue,74.020,74.150,74.490,73.900
2011/11/21,Mon,74.780,74.030,74.900,73.850
2011/11/20,Sun,,,,
2011/11/19,Sat,,,,
2011/11/18,Fri,74.830,74.830,75.150,74.540
2011/11/17,Thu,75.240,74.800,75.470,74.750
2011/11/16,Wed,75.460,75.270,75.770,74.780
2011/11/15,Tue,75.840,75.460,76.040,74.970
2011/11/14,Mon,76.520,75.850,76.680,75.440
2011/11/13,Sun,,,,
2011/11/12,Sat,,,,
2011/11/11,Fri,76.290,76.110,76.470,75.570
2011/11/10,Thu,75.960,76.320,76.440,75.620
2011/11/09,Wed,76.920,76.040,77.130,75.950
2011/11/08,Tue,77.030,76.980,77.160,76.530
2011/11/07,Mon,76.860,77.010,77.130,76.520
2011/11/06,Sun,,,,
2011/11/05,Sat,,,,
2011/11/04,Fri,77.450,76.770,77.530,76.460
2011/11/03,Thu,77.000,77.480,77.580,76.370
2011/11/02,Wed,76.840,76.910,77.240,76.470
2011/11/01,Tue,78.180,76.770,78.690,76.710
2011/10/31,Mon,76.260,78.210,79.630,76.110
2011/10/30,Sun,,,,
2011/10/29,Sat,,,,
2011/10/28,Fri,76.560,76.390,76.720,75.960
2011/10/27,Thu,75.810,76.620,76.800,75.820
2011/10/26,Wed,74.850,75.830,76.020,74.560
2011/10/25,Tue,75.790,74.810,76.280,74.350
2011/10/24,Mon,75.420,75.790,75.990,75.400
2011/10/23,Sun,,,,
2011/10/22,Sat,,,,
2011/10/21,Fri,75.590,75.710,75.990,75.130
2011/10/20,Thu,75.340,75.580,75.910,74.840
2011/10/19,Wed,75.630,75.310,76.200,75.100
2011/10/18,Tue,75.070,75.650,76.030,74.700
2011/10/17,Mon,76.290,75.050,77.130,74.990
2011/10/16,Sun,,,,
2011/10/15,Sat,,,,
2011/10/14,Fri,75.250,76.440,76.520,75.100
2011/10/13,Thu,75.810,75.250,75.960,74.760
2011/10/12,Wed,74.520,75.880,76.400,74.250
2011/10/11,Tue,74.620,74.480,74.790,74.140
2011/10/10,Mon,73.900,74.620,74.870,73.910
2011/10/09,Sun,,,,
2011/10/08,Sat,,,,
2011/10/07,Fri,73.860,73.780,75.120,73.600
2011/10/06,Thu,73.770,73.830,74.010,73.130
2011/10/05,Wed,73.050,73.740,73.890,72.470
2011/10/04,Tue,72.610,73.110,73.150,72.140
2011/10/03,Mon,73.550,72.570,73.760,72.560
2011/10/02,Sun,,,,
2011/10/01,Sat,,,,
2011/09/30,Fri,74.060,73.360,74.320,73.300
2011/09/29,Thu,73.970,74.090,74.950,73.690
2011/09/28,Wed,75.210,74.110,75.380,74.010
2011/09/27,Tue,74.400,75.230,75.720,74.270
2011/09/26,Mon,74.410,74.490,74.690,73.430
2011/09/25,Sun,,,,
2011/09/24,Sat,,,,
2011/09/23,Fri,74.130,74.480,74.600,73.600
2011/09/22,Thu,75.950,74.190,76.280,73.590
2011/09/21,Wed,77.000,75.880,77.070,75.770
2011/09/20,Tue,77.260,77.000,77.410,76.830
2011/09/19,Mon,78.400,77.300,78.480,76.970
2011/09/18,Sun,,,,
2011/09/17,Sat,,,,
2011/09/16,Fri,77.980,78.500,78.600,77.760
2011/09/15,Thu,77.420,77.980,78.320,77.040
2011/09/14,Wed,77.960,77.410,78.160,77.160
2011/09/13,Tue,77.730,77.990,78.100,77.130
2011/09/12,Mon,77.690,77.780,77.970,76.660
2011/09/11,Sun,,,,
2011/09/10,Sat,,,,
2011/09/09,Fri,78.340,77.820,78.560,77.330
2011/09/08,Thu,78.420,78.290,78.690,78.260
2011/09/07,Wed,78.300,78.490,78.600,77.930
2011/09/06,Tue,77.650,78.330,78.570,77.380
2011/09/05,Mon,77.890,77.660,78.040,77.380
2011/09/04,Sun,,,,
2011/09/03,Sat,,,,
2011/09/02,Fri,78.760,77.880,78.900,77.890
2011/09/01,Thu,78.340,78.760,79.150,78.350
2011/08/31,Wed,78.340,78.330,78.930,78.080
2011/08/30,Tue,78.680,78.390,78.880,78.120
2011/08/29,Mon,78.130,78.670,78.940,77.970
2011/08/28,Sun,,,,
2011/08/27,Sat,,,,
2011/08/26,Fri,78.370,78.030,78.510,77.160
2011/08/25,Thu,77.900,78.380,78.840,77.760
2011/08/24,Wed,77.610,77.900,78.090,77.280
2011/08/23,Tue,77.550,77.580,77.870,77.210
2011/08/22,Mon,77.410,77.550,78.160,77.260
2011/08/21,Sun,,,,
2011/08/20,Sat,,,,
2011/08/19,Fri,77.180,77.280,77.700,76.980
2011/08/18,Thu,78.100,77.290,78.210,76.930
2011/08/17,Wed,78.140,78.160,78.350,77.780
2011/08/16,Tue,78.350,78.130,78.470,77.670
2011/08/15,Mon,77.770,78.380,78.520,77.520
2011/08/14,Sun,,,,
2011/08/13,Sat,,,,
2011/08/12,Fri,77.990,77.660,78.220,77.290
2011/08/11,Thu,77.220,78.000,78.120,76.790
2011/08/10,Wed,78.940,77.340,79.140,76.850
2011/08/09,Tue,78.350,78.600,78.830,76.910
2011/08/08,Mon,79.560,78.260,79.930,78.000
2011/08/07,Sun,,,,
2011/08/06,Sat,,,,
2011/08/05,Fri,80.740,79.840,81.190,79.600
2011/08/04,Thu,80.100,80.630,82.720,80.060
2011/08/03,Wed,80.400,80.080,80.740,79.650
2011/08/02,Tue,80.930,80.170,81.430,80.090
2011/08/01,Mon,80.980,80.750,82.000,79.600
2011/07/31,Sun,,,,
2011/07/30,Sat,,,,
2011/07/29,Fri,81.860,80.310,81.960,80.230
2011/07/28,Thu,82.090,81.920,82.310,81.630
2011/07/27,Wed,82.580,82.080,82.710,82.030
2011/07/26,Tue,82.610,82.530,83.160,82.350
2011/07/25,Mon,82.510,82.660,83.030,82.140
2011/07/24,Sun,,,,
2011/07/23,Sat,,,,
2011/07/22,Fri,83.130,82.800,83.420,82.250
2011/07/21,Thu,83.170,83.080,83.640,82.870
2011/07/20,Wed,83.280,83.130,83.520,82.930
2011/07/19,Tue,82.340,83.250,83.480,82.330
2011/07/18,Mon,82.840,82.350,83.000,82.100
2011/07/17,Sun,,,,
2011/07/16,Sat,,,,
2011/07/15,Fri,82.430,82.940,83.050,82.200
2011/07/14,Thu,82.280,82.420,82.950,81.840
2011/07/13,Wed,81.900,82.360,82.710,81.900
2011/07/12,Tue,82.890,81.530,83.000,81.010
2011/07/11,Mon,83.660,82.800,83.940,82.700
2011/07/10,Sun,,,,
2011/07/09,Sat,,,,
2011/07/08,Fri,84.670,83.830,85.080,83.330
2011/07/07,Thu,83.800,84.730,84.980,83.690
2011/07/06,Wed,84.170,83.770,84.320,83.400
2011/07/05,Tue,84.030,84.170,84.520,84.030
2011/07/04,Mon,84.210,84.030,84.410,83.880
2011/07/03,Sun,,,,
2011/07/02,Sat,,,,
2011/07/01,Fri,83.510,84.280,84.380,83.530
2011/06/30,Thu,83.250,83.570,83.900,82.980
2011/06/29,Wed,82.600,83.230,83.560,82.440
2011/06/28,Tue,82.020,82.580,82.710,81.730
2011/06/27,Mon,81.430,82.000,82.100,81.290
2011/06/26,Sun,,,,
2011/06/25,Sat,,,,
2011/06/24,Fri,82.230,81.340,82.390,81.320
2011/06/23,Thu,82.450,82.300,82.900,81.940
2011/06/22,Wed,82.490,82.440,82.770,82.100
2011/06/21,Tue,81.900,82.510,82.680,81.690
2011/06/20,Mon,81.600,81.890,82.130,81.250
2011/06/19,Sun,,,,
2011/06/18,Sat,,,,
2011/06/17,Fri,82.090,81.710,82.260,81.460
2011/06/16,Thu,82.690,82.090,82.850,81.530
2011/06/15,Wed,83.090,82.710,83.480,82.230
2011/06/14,Tue,82.170,83.080,83.310,81.990
2011/06/13,Mon,82.040,82.160,82.560,81.820
2011/06/12,Sun,,,,
2011/06/11,Sat,,,,
2011/06/10,Fri,82.550,81.930,82.650,81.840
2011/06/09,Thu,81.580,82.490,82.650,81.460
2011/06/08,Wed,82.180,81.540,82.390,81.210
2011/06/07,Tue,81.670,82.140,82.470,81.690
2011/06/06,Mon,81.950,81.770,82.290,81.550
2011/06/05,Sun,,,,
2011/06/04,Sat,,,,
2011/06/03,Fri,82.950,82.050,83.090,81.350
2011/06/02,Thu,82.710,82.900,83.240,82.370
2011/06/01,Wed,84.080,82.750,84.290,82.710
2011/05/31,Tue,82.830,84.160,84.580,82.710
2011/05/30,Mon,82.610,82.830,82.960,82.560
2011/05/29,Sun,,,,
2011/05/28,Sat,,,,
2011/05/27,Fri,83.130,82.700,83.260,82.600
2011/05/26,Thu,83.880,83.110,84.030,82.730
2011/05/25,Wed,83.940,83.810,84.160,83.340
2011/05/24,Tue,83.800,83.960,84.230,83.550
2011/05/23,Mon,83.950,83.830,84.100,83.060
2011/05/22,Sun,,,,
2011/05/21,Sat,,,,
2011/05/20,Fri,84.350,83.850,84.680,83.620
2011/05/19,Thu,84.180,84.330,85.040,84.040
2011/05/18,Wed,83.740,84.210,84.280,83.130
2011/05/17,Tue,82.900,83.740,84.150,82.760
2011/05/16,Mon,83.420,82.880,83.690,82.650
2011/05/15,Sun,,,,
2011/05/14,Sat,,,,
2011/05/13,Fri,84.100,83.390,84.290,82.800
2011/05/12,Thu,84.440,84.070,84.610,83.300
2011/05/11,Wed,84.410,84.320,85.330,83.750
2011/05/10,Tue,83.270,84.390,84.600,83.090
2011/05/09,Mon,83.500,83.390,83.950,83.160
2011/05/08,Sun,,,,
2011/05/07,Sat,,,,
2011/05/06,Fri,82.990,83.400,84.490,82.760
2011/05/05,Thu,84.020,82.850,84.290,82.290
2011/05/04,Wed,84.940,84.080,85.270,83.810
2011/05/03,Tue,85.430,84.940,85.720,84.580
2011/05/02,Mon,85.780,85.380,86.130,85.310
2011/05/01,Sun,,,,
2011/04/30,Sat,,,,
2011/04/29,Fri,85.760,85.960,86.080,85.260
2011/04/28,Thu,86.510,85.670,86.670,85.560
2011/04/27,Wed,85.710,86.500,86.660,85.490
2011/04/26,Tue,85.710,85.630,86.300,85.370
2011/04/25,Mon,85.910,85.740,86.480,85.530
2011/04/24,Sun,,,,
2011/04/23,Sat,,,,
2011/04/22,Fri,85.870,85.670,86.250,85.640
2011/04/21,Thu,86.580,85.870,86.830,85.690
2011/04/20,Wed,86.370,86.540,87.210,86.180
2011/04/19,Tue,85.490,86.350,86.640,85.250
2011/04/18,Mon,86.670,85.690,86.770,84.570
2011/04/17,Sun,,,,
2011/04/16,Sat,,,,
2011/04/15,Fri,86.910,86.550,87.240,86.100
2011/04/14,Thu,87.130,86.880,87.240,85.870
2011/04/13,Wed,86.840,87.080,87.780,86.660
2011/04/12,Tue,88.460,86.810,88.730,86.520
2011/04/11,Mon,88.800,88.470,89.180,88.310
2011/04/10,Sun,,,,
2011/04/09,Sat,,,,
2011/04/08,Fri,88.610,88.610,89.580,88.460
2011/04/07,Thu,88.910,88.590,89.110,87.920
2011/04/06,Wed,88.110,88.940,89.310,88.120
2011/04/05,Tue,86.990,88.120,88.200,86.910
2011/04/04,Mon,87.200,86.930,87.650,86.620
2011/04/03,Sun,,,,
2011/04/02,Sat,,,,
2011/04/01,Fri,85.760,87.210,87.790,85.740
2011/03/31,Thu,85.300,85.690,85.840,84.960
2011/03/30,Wed,84.600,85.250,85.850,84.500
2011/03/29,Tue,83.520,84.650,84.760,83.350
2011/03/28,Mon,82.820,83.550,83.890,82.860
2011/03/27,Sun,,,,
2011/03/26,Sat,,,,
2011/03/25,Fri,82.960,82.870,83.520,82.810
2011/03/24,Thu,82.500,82.910,83.150,82.320
2011/03/23,Wed,82.560,82.380,82.690,82.120
2011/03/22,Tue,82.910,82.510,83.210,82.450
2011/03/21,Mon,81.950,82.810,83.400,81.960
2011/03/20,Sun,,,,
2011/03/19,Sat,,,,
2011/03/18,Fri,80.150,81.830,83.540,80.180
2011/03/17,Thu,78.110,80.010,80.540,77.820
2011/03/16,Wed,81.940,78.860,82.570,78.770
2011/03/15,Tue,83.850,81.950,84.140,80.970
2011/03/14,Mon,84.200,83.800,84.620,83.090
2011/03/13,Sun,,,,
2011/03/12,Sat,,,,
2011/03/11,Fri,84.980,84.210,85.420,83.590
2011/03/10,Thu,85.410,84.970,85.660,84.870
2011/03/09,Wed,85.070,85.390,85.610,85.060
2011/03/08,Tue,84.510,85.090,85.230,84.430
2011/03/07,Mon,84.520,84.500,84.780,84.240
2011/03/06,Sun,,,,
2011/03/05,Sat,,,,
2011/03/04,Fri,84.760,84.620,85.410,84.530
2011/03/03,Thu,84.160,84.720,84.800,83.870
2011/03/02,Wed,83.950,84.160,84.390,83.770
2011/03/01,Tue,84.170,84.010,84.720,83.900
2011/02/28,Mon,83.390,84.130,84.310,83.420
2011/02/27,Sun,,,,
2011/02/26,Sat,,,,
2011/02/25,Fri,83.290,83.510,83.620,83.150
2011/02/24,Thu,83.340,83.260,83.460,82.650
2011/02/23,Wed,83.510,83.320,83.920,82.850
2011/02/22,Tue,84.550,83.570,84.950,83.420
2011/02/21,Mon,84.280,84.550,84.700,84.160
2011/02/20,Sun,,,,
2011/02/19,Sat,,,,
2011/02/18,Fri,84.590,84.170,84.940,84.100
2011/02/17,Thu,84.900,84.590,85.200,84.410
2011/02/16,Wed,84.620,84.880,85.140,84.550
2011/02/15,Tue,84.140,84.610,85.190,84.160
2011/02/14,Mon,84.400,84.210,84.660,84.100
2011/02/13,Sun,,,,
2011/02/12,Sat,,,,
2011/02/11,Fri,83.570,84.390,84.660,83.570
2011/02/10,Thu,82.840,83.570,83.780,82.740
2011/02/09,Wed,82.690,82.850,83.190,82.640
2011/02/08,Tue,83.050,82.700,83.250,82.340
2011/02/07,Mon,83.090,83.070,83.730,83.030
2011/02/06,Sun,,,,
2011/02/05,Sat,,,,
2011/02/04,Fri,82.360,83.170,83.400,82.180
2011/02/03,Thu,82.470,82.340,82.990,82.170
2011/02/02,Wed,82.040,82.520,82.860,82.050
2011/02/01,Tue,81.930,82.050,82.300,81.590
2011/01/31,Mon,81.850,81.970,82.470,81.470
2011/01/30,Sun,,,,
2011/01/29,Sat,,,,
2011/01/28,Fri,83.410,81.980,83.500,81.960
2011/01/27,Thu,82.670,83.340,83.610,82.440
2011/01/26,Wed,82.450,82.650,82.980,82.230
2011/01/25,Tue,82.990,82.490,83.230,82.030
2011/01/24,Mon,83.020,82.960,83.540,82.820
2011/01/23,Sun,,,,
2011/01/22,Sat,,,,
2011/01/21,Fri,83.200,83.030,83.550,82.900
2011/01/20,Thu,82.300,83.170,83.350,82.190
2011/01/19,Wed,83.260,82.360,83.490,82.180
2011/01/18,Tue,83.790,83.260,83.990,83.140
2011/01/17,Mon,83.780,83.750,84.660,83.260
2011/01/16,Sun,,,,
2011/01/15,Sat,,,,
2011/01/14,Fri,83.660,83.800,84.040,82.890
2011/01/13,Thu,84.110,83.710,84.320,83.440
2011/01/12,Wed,84.010,84.140,84.740,83.810
2011/01/11,Tue,83.230,84.000,84.320,83.210
2011/01/10,Mon,83.810,83.270,83.870,82.930
2011/01/09,Sun,,,,
2011/01/08,Sat,,,,
2011/01/07,Fri,83.590,83.640,84.410,83.150
2011/01/06,Thu,83.540,83.600,83.840,83.140
2011/01/05,Wed,82.080,83.500,83.850,81.860
2011/01/04,Tue,82.220,82.130,82.930,81.420
2011/01/03,Mon,81.590,82.240,82.560,81.460
2011/01/02,Sun,,,,
2011/01/01,Sat,,,,
2010/12/31,Fri,81.480,81.350,81.830,81.320
2010/12/30,Thu,81.540,81.540,81.890,81.210
2010/12/29,Wed,82.340,81.590,82.460,81.550
2010/12/28,Tue,82.190,82.350,82.520,81.790
2010/12/27,Mon,82.200,82.210,82.690,82.010
2010/12/26,Sun,,,,
2010/12/25,Sat,,,,
2010/12/24,Fri,82.160,82.190,82.560,82.070
2010/12/23,Thu,82.450,82.170,82.680,81.690
2010/12/22,Wed,82.380,82.400,82.590,82.020
2010/12/21,Tue,82.320,82.330,82.510,81.940
2010/12/20,Mon,83.000,82.310,83.080,81.980
2010/12/19,Sun,,,,
2010/12/18,Sat,,,,
2010/12/17,Fri,83.460,82.810,83.640,82.790
2010/12/16,Thu,83.820,83.450,84.030,83.460
2010/12/15,Wed,83.050,83.850,84.230,83.020
2010/12/14,Tue,82.680,83.070,83.290,82.290
2010/12/13,Mon,83.090,82.740,83.780,82.570
2010/12/12,Sun,,,,
2010/12/11,Sat,,,,
2010/12/10,Fri,82.830,83.080,83.250,82.580
2010/12/09,Thu,83.070,82.790,83.290,82.720
2010/12/08,Wed,82.390,83.080,83.520,82.410
2010/12/07,Tue,82.200,82.480,82.830,81.800
2010/12/06,Mon,82.250,82.220,82.650,82.010
2010/12/05,Sun,,,,
2010/12/04,Sat,,,,
2010/12/03,Fri,83.600,82.280,83.710,81.940
2010/12/02,Thu,82.760,83.540,83.760,82.520
2010/12/01,Wed,81.470,82.730,83.080,81.350
2010/11/30,Tue,82.730,81.490,82.810,81.120
2010/11/29,Mon,82.630,82.710,82.820,82.170
2010/11/28,Sun,,,,
2010/11/27,Sat,,,,
2010/11/26,Fri,82.800,82.410,83.170,81.710
2010/11/25,Thu,82.650,82.750,83.040,82.440
2010/11/24,Wed,81.170,82.630,82.760,81.130
2010/11/23,Tue,81.720,81.230,82.200,80.700
2010/11/22,Mon,82.090,81.750,82.510,81.630
2010/11/21,Sun,,,,
2010/11/20,Sat,,,,
2010/11/19,Fri,81.880,81.940,82.130,81.540
2010/11/18,Thu,81.160,81.790,82.320,81.130
2010/11/17,Wed,81.470,81.130,81.810,81.150
2010/11/16,Tue,82.370,81.500,82.640,81.320
2010/11/15,Mon,81.470,82.340,82.530,81.440
2010/11/14,Sun,,,,
2010/11/13,Sat,,,,
2010/11/12,Fri,82.220,81.730,82.290,80.600
2010/11/11,Thu,82.200,82.230,82.430,81.830
2010/11/10,Wed,81.060,82.260,82.550,80.890
2010/11/09,Tue,80.860,81.160,81.520,80.190
2010/11/08,Mon,81.180,80.860,81.300,80.620
2010/11/07,Sun,,,,
2010/11/06,Sat,,,,
2010/11/05,Fri,80.510,81.200,81.460,80.130
2010/11/04,Thu,80.720,80.480,80.850,80.090
2010/11/03,Wed,79.900,80.580,80.900,79.840
2010/11/02,Tue,79.210,79.910,80.200,79.240
2010/11/01,Mon,78.810,79.190,79.390,78.750
2010/10/31,Sun,,,,
2010/10/30,Sat,,,,
2010/10/29,Fri,79.370,78.890,79.520,78.720
2010/10/28,Thu,79.520,79.330,79.600,78.870
2010/10/27,Wed,79.530,79.460,79.830,78.940
2010/10/26,Tue,79.220,79.490,79.640,79.130
2010/10/25,Mon,79.290,79.230,79.450,78.920
2010/10/24,Sun,,,,
2010/10/23,Sat,,,,
2010/10/22,Fri,79.240,79.280,79.500,78.880
2010/10/21,Thu,79.430,79.220,79.700,78.910
2010/10/20,Wed,79.000,79.380,79.460,78.710
2010/10/19,Tue,79.870,78.950,80.000,78.760
2010/10/18,Mon,80.520,79.850,80.570,79.460
2010/10/17,Sun,,,,
2010/10/16,Sat,,,,
2010/10/15,Fri,81.130,80.620,81.220,80.330
2010/10/14,Thu,81.520,81.070,81.620,80.830
2010/10/13,Wed,80.940,81.480,81.740,80.890
2010/10/12,Tue,80.970,80.920,81.220,80.370
2010/10/11,Mon,80.940,80.920,81.380,80.570
2010/10/10,Sun,,,,
2010/10/09,Sat,,,,
2010/10/08,Fri,80.880,81.010,81.320,80.290
2010/10/07,Thu,82.000,80.920,82.140,80.750
2010/10/06,Wed,81.910,81.980,82.310,81.640
2010/10/05,Tue,81.520,81.880,82.090,81.430
2010/10/04,Mon,81.620,81.440,82.200,81.240
2010/10/03,Sun,,,,
2010/10/02,Sat,,,,
2010/10/01,Fri,81.120,81.530,81.830,80.820
2010/09/30,Thu,81.090,81.070,81.610,80.540
2010/09/29,Wed,81.400,81.040,81.780,80.890
2010/09/28,Tue,81.840,81.400,81.930,81.050
2010/09/27,Mon,82.280,81.850,82.460,81.830
2010/09/26,Sun,,,,
2010/09/25,Sat,,,,
2010/09/24,Fri,81.590,82.170,82.600,81.580
2010/09/23,Thu,82.060,81.610,82.290,81.240
2010/09/22,Wed,82.960,82.030,83.110,81.480
2010/09/21,Tue,83.280,82.890,83.320,82.650
2010/09/20,Mon,83.040,83.290,83.530,82.870
2010/09/19,Sun,,,,
2010/09/18,Sat,,,,
2010/09/17,Fri,83.580,83.040,84.100,82.850
2010/09/16,Thu,83.580,83.550,83.730,82.920
2010/09/15,Wed,80.820,83.550,83.580,80.710
2010/09/14,Tue,81.470,80.790,81.490,80.710
2010/09/13,Mon,81.550,81.420,81.810,81.170
2010/09/12,Sun,,,,
2010/09/11,Sat,,,,
2010/09/10,Fri,81.080,81.130,81.690,81.050
2010/09/09,Thu,80.850,81.010,81.330,80.470
2010/09/08,Wed,80.000,80.860,81.130,79.510
2010/09/07,Tue,81.340,79.920,81.360,79.910
2010/09/06,Mon,81.040,81.280,81.530,80.890
2010/09/05,Sun,,,,
2010/09/04,Sat,,,,
2010/09/03,Fri,80.070,81.130,81.690,79.790
2010/09/02,Thu,80.400,80.020,80.480,79.760
2010/09/01,Wed,79.020,80.370,80.650,78.930
2010/08/31,Tue,79.850,79.070,79.890,78.600
2010/08/30,Mon,81.270,79.760,81.990,79.720
2010/08/29,Sun,,,,
2010/08/28,Sat,,,,
2010/08/27,Fri,79.880,81.030,81.220,79.400
2010/08/26,Thu,79.830,79.820,80.410,79.710
2010/08/25,Wed,79.230,79.780,80.050,78.950
2010/08/24,Tue,80.910,79.120,80.990,78.590
2010/08/23,Mon,81.540,80.820,81.720,80.850
2010/08/22,Sun,,,,
2010/08/21,Sat,,,,
2010/08/20,Fri,82.020,81.700,82.320,81.180
2010/08/19,Thu,83.000,82.030,83.540,81.840
2010/08/18,Wed,82.870,83.020,83.210,82.540
2010/08/17,Tue,81.800,82.830,83.070,81.590
2010/08/16,Mon,82.750,81.750,82.900,81.520
2010/08/15,Sun,,,,
2010/08/14,Sat,,,,
2010/08/13,Fri,82.420,82.670,83.240,82.120
2010/08/12,Thu,81.430,82.480,82.520,81.090
2010/08/11,Wed,82.930,81.370,82.960,81.180
2010/08/10,Tue,83.680,82.840,83.750,82.450
2010/08/09,Mon,83.250,83.640,83.740,82.960
2010/08/08,Sun,,,,
2010/08/07,Sat,,,,
2010/08/06,Fri,84.430,83.180,84.860,82.740
2010/08/05,Thu,84.800,84.320,85.290,84.250
2010/08/04,Wed,83.800,84.770,84.900,83.200
2010/08/03,Tue,84.550,83.780,84.730,83.550
2010/08/02,Mon,83.910,84.500,84.960,83.830
2010/08/01,Sun,,,,
2010/07/31,Sat,,,,
2010/07/30,Fri,83.810,83.940,84.240,83.070
2010/07/29,Thu,84.160,83.750,84.690,83.400
2010/07/28,Wed,84.880,84.150,85.490,84.030
2010/07/27,Tue,84.240,84.830,85.390,84.130
2010/07/26,Mon,84.330,84.200,84.750,83.820
2010/07/25,Sun,,,,
2010/07/24,Sat,,,,
2010/07/23,Fri,83.850,84.380,84.500,83.450
2010/07/22,Thu,82.910,83.780,84.090,82.290
2010/07/21,Wed,83.890,82.990,84.260,82.840
2010/07/20,Tue,82.230,83.890,83.950,81.990
2010/07/19,Mon,81.880,82.210,82.980,81.780
2010/07/18,Sun,,,,
2010/07/17,Sat,,,,
2010/07/16,Fri,84.180,81.850,84.280,81.810
2010/07/15,Thu,85.730,84.190,85.850,83.640
2010/07/14,Wed,86.050,85.700,86.410,85.120
2010/07/13,Tue,85.520,86.000,86.170,85.230
2010/07/12,Mon,85.820,85.470,86.440,85.130
2010/07/11,Sun,,,,
2010/07/10,Sat,,,,
2010/07/09,Fri,84.720,85.730,85.950,84.600
2010/07/08,Thu,83.760,84.680,85.380,83.630
2010/07/07,Wed,83.070,83.720,83.810,82.110
2010/07/06,Tue,82.500,83.100,83.520,81.920
2010/07/05,Mon,82.570,82.480,83.160,82.190
2010/07/04,Sun,,,,
2010/07/03,Sat,,,,
2010/07/02,Fri,82.800,82.550,83.540,82.040
2010/07/01,Thu,83.070,82.710,83.280,81.670
2010/06/30,Wed,83.930,83.000,84.750,83.010
2010/06/29,Tue,86.260,83.930,86.390,83.670
2010/06/28,Mon,86.290,86.240,86.600,85.930
2010/06/27,Sun,,,,
2010/06/26,Sat,,,,
2010/06/25,Fri,85.850,86.130,86.520,85.710
2010/06/24,Thu,86.470,85.800,86.680,85.300
2010/06/23,Wed,87.950,86.420,88.160,86.070
2010/06/22,Tue,88.870,87.950,89.160,87.800
2010/06/21,Mon,88.640,88.800,90.050,88.500
2010/06/20,Sun,,,,
2010/06/19,Sat,,,,
2010/06/18,Fri,88.510,88.740,88.910,87.810
2010/06/17,Thu,89.160,88.500,89.380,87.690
2010/06/16,Wed,89.210,89.130,89.560,88.300
2010/06/15,Tue,88.550,89.070,89.320,88.010
2010/06/14,Mon,88.870,88.500,89.810,88.470
2010/06/13,Sun,,,,
2010/06/12,Sat,,,,
2010/06/11,Fri,88.670,88.720,89.040,88.040
2010/06/10,Thu,87.370,88.620,88.760,87.230
2010/06/09,Wed,87.400,87.340,88.360,86.830
2010/06/08,Tue,86.130,87.340,87.380,85.900
2010/06/07,Mon,86.570,86.050,87.520,85.250
2010/06/06,Sun,,,,
2010/06/05,Sat,,,,
2010/06/04,Fri,89.080,86.490,89.540,86.250
2010/06/03,Thu,88.790,89.090,89.670,88.230
2010/06/02,Wed,86.240,88.700,88.860,86.160
2010/06/01,Tue,87.370,86.230,87.600,85.890
2010/05/31,Mon,86.500,87.280,87.760,86.210
2010/05/30,Sun,,,,
2010/05/29,Sat,,,,
2010/05/28,Fri,86.770,86.370,87.390,86.080
2010/05/27,Thu,83.880,86.830,86.880,83.830
2010/05/26,Wed,84.780,83.880,85.470,83.820
2010/05/25,Tue,84.870,84.720,84.950,82.460
2010/05/24,Mon,84.890,84.680,85.790,84.210
2010/05/23,Sun,,,,
2010/05/22,Sat,,,,
2010/05/21,Fri,83.520,84.950,85.540,83.120
2010/05/20,Thu,87.940,83.670,88.170,83.240
2010/05/19,Wed,88.640,87.790,88.740,86.390
2010/05/18,Tue,89.740,88.530,90.550,88.640
2010/05/17,Mon,89.240,89.780,89.750,87.980
2010/05/16,Sun,,,,
2010/05/15,Sat,,,,
2010/05/14,Fri,90.790,89.300,91.050,88.600
2010/05/13,Thu,91.410,90.800,92.550,90.790
2010/05/12,Wed,90.780,91.370,91.820,90.300
2010/05/11,Tue,91.130,90.680,91.690,89.780
2010/05/10,Mon,88.930,91.160,91.530,88.430
2010/05/09,Sun,,,,
2010/05/08,Sat,,,,
2010/05/07,Fri,86.250,87.800,89.730,85.480
2010/05/06,Thu,91.030,86.190,91.340,82.510
2010/05/05,Wed,92.390,91.020,92.690,90.670
2010/05/04,Tue,93.570,92.320,93.930,92.010
2010/05/03,Mon,92.390,93.530,93.660,92.150
2010/05/02,Sun,,,,
2010/05/01,Sat,,,,
2010/04/30,Fri,93.520,92.180,94.160,92.160
2010/04/29,Thu,93.210,93.420,93.980,92.810
2010/04/28,Wed,91.620,93.120,93.590,91.530
2010/04/27,Tue,93.940,91.490,94.030,91.240
2010/04/26,Mon,94.070,93.870,94.510,93.810
2010/04/25,Sun,,,,
2010/04/24,Sat,,,,
2010/04/23,Fri,93.420,93.930,94.150,93.080
2010/04/22,Thu,93.160,93.380,93.640,92.490
2010/04/21,Wed,93.400,93.120,94.000,92.950
2010/04/20,Tue,91.120,93.380,93.560,91.020
2010/04/19,Mon,90.660,91.090,91.140,89.980
2010/04/18,Sun,,,,
2010/04/17,Sat,,,,
2010/04/16,Fri,92.820,90.990,92.970,90.510
2010/04/15,Thu,93.340,92.790,93.800,92.670
2010/04/14,Wed,93.090,93.280,93.960,92.980
2010/04/13,Tue,92.980,93.090,93.160,92.150
2010/04/12,Mon,92.750,92.960,93.200,92.490
2010/04/11,Sun,,,,
2010/04/10,Sat,,,,
2010/04/09,Fri,93.190,92.870,93.820,92.570
2010/04/08,Thu,92.830,93.180,93.240,92.010
2010/04/07,Wed,93.640,92.830,94.310,92.660
2010/04/06,Tue,94.200,93.540,94.220,93.440
2010/04/05,Mon,93.770,94.100,94.250,93.510
2010/04/04,Sun,,,,
2010/04/03,Sat,,,,
2010/04/02,Fri,93.070,93.500,93.830,92.630
2010/04/01,Thu,92.060,93.040,93.270,91.980
2010/03/31,Wed,91.010,92.010,92.140,90.950
2010/03/30,Tue,90.590,90.960,91.480,90.180
2010/03/29,Mon,90.070,90.520,91.010,89.910
2010/03/28,Sun,,,,
2010/03/27,Sat,,,,
2010/03/26,Fri,90.480,90.010,90.760,89.740
2010/03/25,Thu,89.940,90.430,91.110,89.690
2010/03/24,Wed,88.980,89.870,90.160,88.880
2010/03/23,Tue,88.480,88.950,89.070,88.270
2010/03/22,Mon,88.990,88.470,89.240,87.830
2010/03/21,Sun,,,,
2010/03/20,Sat,,,,
2010/03/19,Fri,89.070,88.970,90.090,88.750
2010/03/18,Thu,89.440,89.010,89.540,88.820
2010/03/17,Wed,89.050,89.360,89.670,88.870
2010/03/16,Tue,88.830,89.020,89.340,88.340
2010/03/15,Mon,89.190,88.820,89.310,88.390
2010/03/14,Sun,,,,
2010/03/13,Sat,,,,
2010/03/12,Fri,88.350,88.800,89.590,88.220
2010/03/11,Thu,88.280,88.370,88.530,87.580
2010/03/10,Wed,87.680,88.210,88.750,87.450
2010/03/09,Tue,87.870,87.610,87.950,86.980
2010/03/08,Mon,87.880,87.760,88.280,87.680
2010/03/07,Sun,,,,
2010/03/06,Sat,,,,
2010/03/05,Fri,86.360,87.590,88.230,86.270
2010/03/04,Thu,85.750,86.320,86.630,85.320
2010/03/03,Wed,85.790,85.740,86.250,85.520
2010/03/02,Tue,85.560,85.610,86.460,85.460
2010/03/01,Mon,84.340,85.470,85.740,84.180
2010/02/28,Sun,,,,
2010/02/27,Sat,,,,
2010/02/26,Fri,84.070,84.370,84.590,83.780
2010/02/25,Thu,85.530,83.960,85.790,83.200
2010/02/24,Wed,85.420,85.510,85.740,85.010
2010/02/23,Tue,87.410,85.440,87.660,85.060
2010/02/22,Mon,88.170,87.370,88.430,87.180
2010/02/21,Sun,,,,
2010/02/20,Sat,,,,
2010/02/19,Fri,87.730,88.070,88.310,87.170
2010/02/18,Thu,87.200,87.530,87.870,86.520
2010/02/17,Wed,86.380,87.310,87.380,86.220
2010/02/16,Tue,85.770,86.250,86.870,85.680
2010/02/15,Mon,85.690,85.730,85.980,85.560
2010/02/14,Sun,,,,
2010/02/13,Sat,,,,
2010/02/12,Fri,85.480,85.620,86.020,84.870
2010/02/11,Thu,84.650,85.370,85.630,84.580
2010/02/10,Wed,84.140,84.610,84.790,83.630
2010/02/09,Tue,82.930,83.930,84.250,82.810
2010/02/08,Mon,83.660,83.040,84.020,83.000
2010/02/07,Sun,,,,
2010/02/06,Sat,,,,
2010/02/05,Fri,82.880,83.590,84.160,82.570
2010/02/04,Thu,85.630,82.920,85.880,82.620
2010/02/03,Wed,85.460,85.640,86.100,85.320
2010/02/02,Tue,85.390,85.360,85.920,85.000
2010/02/01,Mon,83.990,85.330,85.460,83.880
2010/01/31,Sun,,,,
2010/01/30,Sat,,,,
2010/01/29,Fri,84.270,84.360,85.410,83.890
2010/01/28,Thu,84.520,84.240,85.650,84.180
2010/01/27,Wed,84.370,84.570,84.600,83.690
2010/01/26,Tue,85.340,84.330,85.860,83.840
2010/01/25,Mon,85.100,85.230,85.690,84.820
2010/01/24,Sun,,,,
2010/01/23,Sat,,,,
2010/01/22,Fri,86.010,84.920,86.430,84.850
2010/01/21,Thu,87.200,85.880,87.820,85.790
2010/01/20,Wed,88.370,87.190,88.430,86.800
2010/01/19,Tue,88.450,88.370,88.510,87.870
2010/01/18,Mon,88.130,88.410,88.590,88.000
2010/01/17,Sun,,,,
2010/01/16,Sat,,,,
2010/01/15,Fri,89.120,88.190,89.190,88.100
2010/01/14,Thu,88.660,89.090,89.320,88.490
2010/01/13,Wed,87.600,88.600,88.830,87.400
2010/01/12,Tue,89.120,87.460,89.290,87.310
2010/01/11,Mon,89.920,89.010,90.130,88.930
2010/01/10,Sun,,,,
2010/01/09,Sat,,,,
2010/01/08,Fri,90.340,89.900,90.600,89.300
2010/01/07,Thu,89.420,90.150,90.400,89.040
2010/01/06,Wed,88.310,89.460,89.700,88.010
2010/01/05,Tue,88.850,88.170,89.000,87.980
2010/01/04,Mon,88.440,88.850,89.510,88.150
2010/01/03,Sun,,,,
2010/01/02,Sat,,,,
2010/01/01,Fri,88.330,88.370,88.440,88.320
2009/12/31,Thu,87.570,88.270,89.080,87.490
2009/12/30,Wed,88.160,87.630,88.240,87.420
2009/12/29,Tue,87.890,88.170,88.550,87.790
2009/12/28,Mon,87.020,87.810,87.940,86.950
2009/12/27,Sun,,,,
2009/12/26,Sat,,,,
2009/12/25,Fri,87.190,86.820,87.260,86.840
2009/12/24,Thu,87.430,87.130,87.630,86.960
2009/12/23,Wed,86.850,87.410,87.530,86.640
2009/12/22,Tue,85.750,86.740,87.060,85.620
2009/12/21,Mon,84.750,85.770,86.130,84.540
2009/12/20,Sun,,,,
2009/12/19,Sat,,,,
2009/12/18,Fri,84.010,84.710,85.070,83.260
2009/12/17,Thu,84.620,83.950,84.710,83.690
2009/12/16,Wed,84.470,84.580,84.800,84.190
2009/12/15,Tue,83.670,84.420,84.740,83.640
2009/12/14,Mon,83.980,83.640,84.400,82.990
2009/12/13,Sun,,,,
2009/12/12,Sat,,,,
2009/12/11,Fri,84.000,83.990,85.180,83.860
2009/12/10,Thu,83.360,83.890,84.190,83.010
2009/12/09,Wed,83.160,83.290,83.480,82.350
2009/12/08,Tue,85.030,83.100,85.120,82.780
2009/12/07,Mon,85.500,85.060,85.590,84.510
2009/12/06,Sun,,,,
2009/12/05,Sat,,,,
2009/12/04,Fri,83.510,85.490,85.800,83.270
2009/12/03,Thu,83.140,83.610,84.030,83.110
2009/12/02,Wed,82.890,83.170,83.730,82.770
2009/12/01,Tue,81.720,82.760,83.320,81.620
2009/11/30,Mon,81.880,81.770,82.360,81.240
2009/11/29,Sun,,,,
2009/11/28,Sat,,,,
2009/11/27,Fri,81.680,81.320,81.830,80.040
2009/11/26,Thu,83.570,81.550,83.620,81.470
2009/11/25,Wed,83.650,83.490,83.910,83.170
2009/11/24,Tue,84.260,83.590,84.340,83.320
2009/11/23,Mon,83.020,84.200,84.570,82.930
2009/11/22,Sun,,,,
2009/11/21,Sat,,,,
2009/11/20,Fri,83.690,83.090,83.810,82.890
2009/11/19,Thu,84.720,83.670,84.770,83.040
2009/11/18,Wed,84.950,84.740,85.260,84.570
2009/11/17,Tue,85.030,84.930,85.150,84.100
2009/11/16,Mon,85.070,85.080,85.750,84.840
2009/11/15,Sun,,,,
2009/11/14,Sat,,,,
2009/11/13,Fri,85.570,85.360,85.880,85.030
2009/11/12,Thu,85.980,85.600,86.360,85.270
2009/11/11,Wed,85.590,85.900,86.150,85.070
2009/11/10,Tue,85.230,85.570,85.680,84.590
2009/11/09,Mon,83.740,85.210,85.350,83.480
2009/11/08,Sun,,,,
2009/11/07,Sat,,,,
2009/11/06,Fri,85.110,83.680,85.350,83.370
2009/11/05,Thu,85.390,85.110,85.530,84.380
2009/11/04,Wed,84.750,85.350,85.920,84.400
2009/11/03,Tue,83.790,84.610,84.780,83.020
2009/11/02,Mon,82.860,83.770,84.510,82.090
2009/11/01,Sun,,,,
2009/10/31,Sat,,,,
2009/10/30,Fri,85.690,83.030,85.820,83.000
2009/10/29,Thu,83.910,85.650,85.880,83.600
2009/10/28,Wed,86.210,83.790,86.290,83.820
2009/10/27,Tue,86.250,86.230,86.630,85.730
2009/10/26,Mon,87.460,86.270,87.700,86.190
2009/10/25,Sun,,,,
2009/10/24,Sat,,,,
2009/10/23,Fri,87.180,87.340,87.640,86.980
2009/10/22,Thu,87.220,87.210,87.540,86.630
2009/10/21,Wed,86.480,87.180,87.670,85.960
2009/10/20,Tue,88.130,86.420,88.250,86.230
2009/10/19,Mon,87.640,88.000,88.190,87.180
2009/10/18,Sun,,,,
2009/10/17,Sat,,,,
2009/10/16,Fri,87.600,87.650,88.270,87.240
2009/10/15,Thu,87.290,87.570,88.240,87.150
2009/10/14,Wed,86.900,87.260,87.410,86.500
2009/10/13,Tue,86.770,86.880,87.220,86.530
2009/10/12,Mon,86.060,86.730,87.350,85.890
2009/10/11,Sun,,,,
2009/10/10,Sat,,,,
2009/10/09,Fri,84.010,86.090,86.220,83.970
2009/10/08,Thu,83.460,84.080,84.240,83.370
2009/10/07,Wed,83.800,83.410,84.280,83.250
2009/10/06,Tue,83.680,83.750,84.140,83.180
2009/10/05,Mon,82.970,83.620,83.930,82.720
2009/10/04,Sun,,,,
2009/10/03,Sat,,,,
2009/10/02,Fri,82.640,83.170,83.230,81.380
2009/10/01,Thu,83.940,82.650,84.180,82.630
2009/09/30,Wed,83.070,83.950,83.990,82.810
2009/09/29,Tue,82.600,82.970,83.270,82.410
2009/09/28,Mon,82.150,82.570,82.630,80.800
2009/09/27,Sun,,,,
2009/09/26,Sat,,,,
2009/09/25,Fri,83.830,82.120,83.850,82.020
2009/09/24,Thu,84.930,83.770,85.130,83.570
2009/09/23,Wed,85.260,84.870,85.600,84.780
2009/09/22,Tue,85.300,85.250,85.720,84.930
2009/09/21,Mon,85.480,85.270,85.860,85.060
2009/09/20,Sun,,,,
2009/09/19,Sat,,,,
2009/09/18,Fri,85.480,85.360,85.660,84.770
2009/09/17,Thu,85.220,85.420,86.030,85.140
2009/09/16,Wed,84.850,85.180,85.400,84.320
2009/09/15,Tue,83.940,84.850,85.020,83.790
2009/09/14,Mon,84.040,83.850,84.090,83.120
2009/09/13,Sun,,,,
2009/09/12,Sat,,,,
2009/09/11,Fri,85.160,84.210,85.200,83.820
2009/09/10,Thu,85.320,85.130,85.540,84.480
2009/09/09,Wed,85.560,85.320,85.900,84.930
2009/09/08,Tue,86.350,85.490,86.400,85.250
2009/09/07,Mon,85.530,86.290,86.570,85.500
2009/09/06,Sun,,,,
2009/09/05,Sat,,,,
2009/09/04,Fri,84.040,85.430,85.810,83.850
2009/09/03,Thu,83.460,83.990,84.260,83.280
2009/09/02,Wed,84.160,83.390,84.500,83.160
2009/09/01,Tue,85.000,84.130,85.760,84.000
2009/08/31,Mon,85.570,85.010,85.680,83.870
2009/08/30,Sun,,,,
2009/08/29,Sat,,,,
2009/08/28,Fri,85.930,85.690,86.920,85.290
2009/08/27,Thu,85.820,85.910,86.350,84.940
2009/08/26,Wed,86.680,85.800,86.990,85.660
2009/08/25,Tue,87.780,86.650,88.000,86.470
2009/08/24,Mon,87.320,87.730,88.400,87.250
2009/08/23,Sun,,,,
2009/08/22,Sat,,,,
2009/08/21,Fri,86.540,87.270,87.660,85.490
2009/08/20,Thu,85.910,86.550,86.670,85.450
2009/08/19,Wed,85.970,85.870,86.260,84.460
2009/08/18,Tue,85.340,85.870,86.310,85.200
2009/08/17,Mon,86.280,85.290,86.310,84.750
2009/08/16,Sun,,,,
2009/08/15,Sat,,,,
2009/08/14,Fri,87.760,86.400,87.920,86.050
2009/08/13,Thu,88.310,87.750,89.160,87.260
2009/08/12,Wed,87.100,88.200,88.690,86.010
2009/08/11,Tue,89.260,87.110,89.290,86.780
2009/08/10,Mon,90.230,89.160,90.300,88.870
2009/08/09,Sun,,,,
2009/08/08,Sat,,,,
2009/08/07,Fri,88.540,90.190,90.300,87.740
2009/08/06,Thu,88.680,88.440,89.580,88.400
2009/08/05,Wed,88.780,88.650,89.190,88.070
2009/08/04,Tue,89.350,88.870,89.710,88.420
2009/08/03,Mon,87.910,89.350,89.500,87.710
2009/08/02,Sun,,,,
2009/08/01,Sat,,,,
2009/07/31,Fri,88.170,87.790,88.940,87.480
2009/07/30,Thu,87.170,88.140,88.600,86.980
2009/07/29,Wed,87.410,87.130,87.690,86.460
2009/07/28,Tue,88.100,87.490,88.480,86.300
2009/07/27,Mon,87.240,88.010,88.340,87.070
2009/07/26,Sun,,,,
2009/07/25,Sat,,,,
2009/07/24,Fri,87.210,87.200,87.880,86.660
2009/07/23,Thu,85.100,87.090,87.840,84.980
2009/07/22,Wed,84.900,85.020,85.530,84.090
2009/07/21,Tue,85.180,84.890,85.980,84.090
2009/07/20,Mon,84.600,85.060,85.880,84.390
2009/07/19,Sun,,,,
2009/07/18,Sat,,,,
2009/07/17,Fri,83.970,84.560,84.680,83.530
2009/07/16,Thu,84.700,83.900,84.720,83.350
2009/07/15,Wed,82.590,84.610,84.940,82.350
2009/07/14,Tue,80.790,82.590,82.740,80.580
2009/07/13,Mon,79.520,80.770,80.830,78.820
2009/07/12,Sun,,,,
2009/07/11,Sat,,,,
2009/07/10,Fri,80.000,79.440,80.220,78.820
2009/07/09,Thu,79.470,79.970,80.660,79.260
2009/07/08,Wed,81.300,79.530,81.380,78.610
2009/07/07,Tue,82.250,81.310,82.540,81.220
2009/07/06,Mon,82.720,82.200,82.790,81.330
2009/07/05,Sun,,,,
2009/07/04,Sat,,,,
2009/07/03,Fri,82.510,82.710,83.080,82.340
2009/07/02,Thu,84.100,82.360,84.300,82.400
2009/07/01,Wed,82.850,84.050,84.460,82.780
2009/06/30,Tue,83.070,82.830,83.380,82.650
2009/06/29,Mon,82.610,83.020,83.160,82.280
2009/06/28,Sun,,,,
2009/06/27,Sat,,,,
2009/06/26,Fri,83.080,82.590,83.550,82.430
2009/06/25,Thu,82.760,83.030,83.690,82.630
2009/06/24,Wed,82.770,82.800,83.510,82.570
2009/06/23,Tue,83.100,82.720,83.490,82.100
2009/06/22,Mon,84.760,83.060,84.910,82.940
2009/06/21,Sun,,,,
2009/06/20,Sat,,,,
2009/06/19,Fri,85.250,84.750,86.080,84.640
2009/06/18,Thu,84.530,85.250,85.650,84.200
2009/06/17,Wed,84.930,84.620,85.750,83.700
2009/06/16,Tue,86.420,84.840,86.510,84.860
2009/06/15,Mon,87.880,86.330,88.010,85.990
2009/06/14,Sun,,,,
2009/06/13,Sat,,,,
2009/06/12,Fri,88.410,87.920,88.730,87.330
2009/06/11,Thu,88.570,88.470,89.290,88.380
2009/06/10,Wed,88.230,88.530,89.390,87.990
2009/06/09,Tue,88.210,88.140,89.180,87.450
2009/06/08,Mon,88.070,88.130,88.370,87.270
2009/06/07,Sun,,,,
2009/06/06,Sat,,,,
2009/06/05,Fri,87.990,88.120,88.920,87.410
2009/06/04,Thu,86.230,87.950,88.350,86.050
2009/06/03,Wed,88.470,86.170,89.140,86.210
2009/06/02,Tue,88.460,88.430,89.050,87.760
2009/06/01,Mon,87.250,88.460,89.060,86.850
2009/05/31,Sun,,,,
2009/05/30,Sat,,,,
2009/05/29,Fri,86.910,87.340,87.660,86.520
2009/05/28,Thu,84.920,86.900,87.110,84.870
2009/05/27,Wed,85.080,84.890,85.880,84.880
2009/05/26,Tue,84.400,85.110,85.160,83.590
2009/05/25,Mon,84.480,84.350,84.790,84.000
2009/05/24,Sun,,,,
2009/05/23,Sat,,,,
2009/05/22,Fri,83.040,84.620,84.780,82.690
2009/05/21,Thu,83.110,83.080,83.460,82.350
2009/05/20,Wed,83.040,83.090,83.740,82.480
2009/05/19,Tue,82.740,82.990,83.620,82.490
2009/05/18,Mon,80.720,82.730,82.960,80.140
2009/05/17,Sun,,,,
2009/05/16,Sat,,,,
2009/05/15,Fri,81.940,80.790,82.140,80.470
2009/05/14,Thu,81.240,81.990,82.060,80.880
2009/05/13,Wed,82.960,81.200,83.560,80.940
2009/05/12,Tue,83.490,82.910,84.340,82.380
2009/05/11,Mon,85.790,83.500,85.930,83.440
2009/05/10,Sun,,,,
2009/05/09,Sat,,,,
2009/05/08,Fri,84.870,85.650,85.840,84.460
2009/05/07,Thu,84.340,84.850,85.400,84.200
2009/05/06,Wed,84.150,84.370,84.430,83.030
2009/05/05,Tue,84.300,84.120,84.700,83.890
2009/05/04,Mon,83.670,84.230,84.570,83.490
2009/05/03,Sun,,,,
2009/05/02,Sat,,,,
2009/05/01,Fri,82.540,83.570,84.010,82.500
2009/04/30,Thu,81.070,82.540,83.050,80.960
2009/04/29,Wed,79.040,81.020,81.490,78.960
2009/04/28,Tue,79.250,78.960,79.430,78.120
2009/04/27,Mon,80.150,79.160,80.180,79.170
2009/04/26,Sun,,,,
2009/04/25,Sat,,,,
2009/04/24,Fri,80.160,80.310,80.570,79.080
2009/04/23,Thu,79.000,80.140,80.190,78.660
2009/04/22,Wed,79.820,78.960,79.850,78.320
2009/04/21,Tue,79.090,79.770,80.040,78.310
2009/04/20,Mon,81.740,79.060,81.960,78.980
2009/04/19,Sun,,,,
2009/04/18,Sat,,,,
2009/04/17,Fri,82.140,81.650,82.450,81.180
2009/04/16,Thu,82.540,82.090,82.870,81.530
2009/04/15,Wed,81.290,82.580,82.770,80.660
2009/04/14,Tue,82.010,81.230,82.460,81.250
2009/04/13,Mon,81.790,81.980,82.330,81.560
2009/04/12,Sun,,,,
2009/04/11,Sat,,,,
2009/04/10,Fri,82.050,81.710,82.180,81.580
2009/04/09,Thu,80.690,81.930,82.100,80.500
2009/04/08,Wed,81.170,80.660,81.480,80.010
2009/04/07,Tue,81.560,81.100,81.720,80.090
2009/04/06,Mon,81.470,81.470,82.890,80.890
2009/04/05,Sun,,,,
2009/04/04,Sat,,,,
2009/04/03,Fri,80.450,81.540,81.590,79.990
2009/04/02,Thu,78.280,80.400,80.520,78.120
2009/04/01,Wed,78.380,78.210,78.820,77.490
2009/03/31,Tue,77.100,78.350,78.920,77.060
2009/03/30,Mon,78.940,77.080,79.330,76.670
2009/03/29,Sun,,,,
2009/03/28,Sat,,,,
2009/03/27,Fri,80.290,78.750,80.440,78.460
2009/03/26,Thu,79.220,80.230,80.420,79.160
2009/03/25,Wed,79.530,79.150,80.060,78.690
2009/03/24,Tue,79.280,79.470,80.630,79.090
2009/03/23,Mon,77.270,79.230,79.560,77.100
2009/03/22,Sun,,,,
2009/03/21,Sat,,,,
2009/03/20,Fri,76.280,77.250,77.790,76.130
2009/03/19,Thu,77.090,76.160,77.700,75.920
2009/03/18,Wed,77.700,77.070,77.930,76.350
2009/03/17,Tue,77.240,77.560,77.810,77.190
2009/03/16,Mon,77.080,77.200,77.900,76.360
2009/03/15,Sun,,,,
2009/03/14,Sat,,,,
2009/03/13,Fri,76.440,76.980,77.870,76.010
2009/03/12,Thu,75.730,76.480,76.690,74.070
2009/03/11,Wed,77.080,75.640,77.150,75.340
2009/03/10,Tue,76.000,76.950,77.190,75.930
2009/03/09,Mon,76.420,75.980,76.810,75.780
2009/03/08,Sun,,,,
2009/03/07,Sat,,,,
2009/03/06,Fri,76.000,76.390,76.720,75.190
2009/03/05,Thu,77.760,75.980,78.040,75.840
2009/03/04,Wed,75.920,77.720,78.040,75.760
2009/03/03,Tue,75.430,76.000,76.470,75.130
2009/03/02,Mon,76.500,75.320,76.760,75.300
2009/03/01,Sun,,,,
2009/02/28,Sat,,,,
2009/02/27,Fri,78.570,76.590,78.710,76.320
2009/02/26,Thu,77.500,78.560,79.350,77.460
2009/02/25,Wed,77.740,77.690,78.220,76.910
2009/02/24,Tue,75.660,77.790,78.150,75.300
2009/02/23,Mon,74.690,75.570,76.390,74.190
2009/02/22,Sun,,,,
2009/02/21,Sat,,,,
2009/02/20,Fri,74.970,74.450,75.190,73.910
2009/02/19,Thu,74.370,74.840,75.570,74.220
2009/02/18,Wed,73.030,74.420,74.680,72.880
2009/02/17,Tue,73.800,72.970,74.220,72.450
2009/02/16,Mon,74.140,73.700,74.300,73.490
2009/02/15,Sun,,,,
2009/02/14,Sat,,,,
2009/02/13,Fri,73.160,74.510,74.660,72.880
2009/02/12,Thu,72.930,73.000,73.230,72.060
2009/02/11,Wed,72.770,72.820,73.060,72.030
2009/02/10,Tue,75.140,72.400,75.280,72.210
2009/02/09,Mon,75.160,75.190,75.820,74.180
2009/02/08,Sun,,,,
2009/02/07,Sat,,,,
2009/02/06,Fri,73.960,75.090,75.330,72.690
2009/02/05,Thu,72.590,73.990,75.070,72.300
2009/02/04,Wed,72.720,72.550,73.270,71.680
2009/02/03,Tue,71.850,72.480,72.720,71.500
2009/02/02,Mon,73.220,72.010,73.320,71.740
2009/02/01,Sun,,,,
2009/01/31,Sat,,,,
2009/01/30,Fri,73.470,73.310,73.530,72.180
2009/01/29,Thu,74.520,73.470,74.770,73.290
2009/01/28,Wed,72.370,74.350,74.720,72.310
2009/01/27,Tue,72.790,72.460,73.880,71.920
2009/01/26,Mon,72.050,72.730,73.780,71.350
2009/01/25,Sun,,,,
2009/01/24,Sat,,,,
2009/01/23,Fri,70.950,72.130,72.450,69.730
2009/01/22,Thu,71.230,70.800,71.290,69.340
2009/01/21,Wed,70.850,71.210,71.500,68.490
2009/01/20,Tue,72.300,70.900,72.480,70.780
2009/01/19,Mon,72.920,72.260,73.760,71.810
2009/01/18,Sun,,,,
2009/01/17,Sat,,,,
2009/01/16,Fri,71.720,72.640,73.560,71.570
2009/01/15,Thu,71.230,71.690,72.000,70.680
2009/01/14,Wed,73.040,71.390,74.110,71.240
2009/01/13,Tue,73.280,72.770,73.550,72.300
2009/01/12,Mon,76.000,73.230,76.010,73.140
2009/01/11,Sun,,,,
2009/01/10,Sat,,,,
2009/01/09,Fri,77.220,75.970,77.460,75.500
2009/01/08,Thu,77.590,77.150,77.630,75.930
2009/01/07,Wed,79.120,77.400,79.400,77.060
2009/01/06,Tue,78.500,79.140,80.420,77.780
2009/01/05,Mon,76.290,78.520,78.650,75.730
2009/01/04,Sun,,,,
2009/01/03,Sat,,,,
2009/01/02,Fri,74.320,75.870,76.350,74.170
2009/01/01,Thu,74.540,74.340,75.030,73.550
2008/12/31,Wed,74.210,74.380,74.940,73.340
2008/12/30,Tue,74.270,73.960,74.730,73.130
2008/12/29,Mon,74.210,74.370,74.990,73.710
2008/12/28,Sun,,,,
2008/12/27,Sat,,,,
2008/12/26,Fri,75.970,74.170,75.530,74.070
2008/12/25,Thu,74.570,74.280,75.270,74.140
2008/12/24,Wed,74.630,74.530,75.050,74.050
2008/12/23,Tue,73.970,74.680,74.980,73.570
2008/12/22,Mon,73.380,73.900,74.950,73.300
2008/12/21,Sun,,,,
2008/12/20,Sat,,,,
2008/12/19,Fri,74.260,73.240,74.520,71.720
2008/12/18,Thu,73.240,74.170,75.430,73.180
2008/12/17,Wed,73.870,73.010,74.160,72.430
2008/12/16,Tue,73.470,73.830,74.350,72.780
2008/12/15,Mon,73.340,73.560,74.070,72.720
2008/12/14,Sun,,,,
2008/12/13,Sat,,,,
2008/12/12,Fri,74.030,72.870,74.500,71.370
2008/12/11,Thu,73.790,74.180,75.570,73.220
2008/12/10,Wed,72.970,73.550,74.260,72.940
2008/12/09,Tue,74.180,72.800,74.350,72.580
2008/12/08,Mon,73.210,73.970,74.940,72.710
2008/12/07,Sun,,,,
2008/12/06,Sat,,,,
2008/12/05,Fri,72.290,73.140,73.410,70.660
2008/12/04,Thu,74.440,72.140,74.560,72.090
2008/12/03,Wed,74.650,74.480,75.040,73.240
2008/12/02,Tue,74.710,74.560,75.490,73.950
2008/12/01,Mon,77.240,74.860,77.340,74.690
2008/11/30,Sun,,,,
2008/11/29,Sat,,,,
2008/11/28,Fri,77.430,77.250,77.570,76.380
2008/11/27,Thu,77.620,77.390,77.930,77.040
2008/11/26,Wed,77.650,77.740,78.240,76.540
2008/11/25,Tue,78.690,77.740,79.360,76.710
2008/11/24,Mon,75.530,78.830,78.990,74.370
2008/11/23,Sun,,,,
2008/11/22,Sat,,,,
2008/11/21,Fri,72.380,75.220,75.460,72.240
2008/11/20,Thu,76.300,72.710,76.660,72.300
2008/11/19,Wed,78.760,76.470,78.930,76.310
2008/11/18,Tue,78.660,78.920,79.600,77.830
2008/11/17,Mon,77.970,78.690,80.120,77.320
2008/11/16,Sun,,,,
2008/11/15,Sat,,,,
2008/11/14,Fri,80.670,78.910,80.910,78.280
2008/11/13,Thu,76.590,80.440,80.880,76.250
2008/11/12,Wed,80.910,76.800,81.850,76.570
2008/11/11,Tue,81.990,81.020,82.370,80.520
2008/11/10,Mon,83.510,81.780,85.150,81.440
2008/11/09,Sun,,,,
2008/11/08,Sat,,,,
2008/11/07,Fri,81.520,82.690,84.060,80.570
2008/11/06,Thu,83.850,81.930,84.320,81.680
2008/11/05,Wed,86.730,84.390,86.960,83.850
2008/11/04,Tue,84.080,86.580,87.490,82.960
2008/11/03,Mon,81.450,83.870,84.020,81.090
2008/11/02,Sun,,,,
2008/11/01,Sat,,,,
2008/10/31,Fri,82.100,81.170,82.540,78.220
2008/10/30,Thu,79.780,82.090,82.920,79.500
2008/10/29,Wed,77.570,79.670,80.690,74.800
2008/10/28,Tue,71.470,77.480,77.310,71.300
2008/10/27,Mon,72.990,71.480,74.230,71.340
2008/10/26,Sun,,,,
2008/10/25,Sat,,,,
2008/10/24,Fri,78.630,73.770,78.830,71.180
2008/10/23,Thu,77.880,78.510,78.480,76.160
2008/10/22,Wed,82.640,77.820,83.040,77.280
2008/10/21,Tue,85.600,82.540,85.710,82.170
2008/10/20,Mon,85.910,85.590,87.110,84.860
2008/10/19,Sun,,,,
2008/10/18,Sat,,,,
2008/10/17,Fri,86.240,85.950,86.420,84.370
2008/10/16,Thu,83.710,86.360,86.300,83.250
2008/10/15,Wed,87.920,83.730,88.120,83.780
2008/10/14,Tue,88.980,87.940,90.930,87.450
2008/10/13,Mon,86.710,89.040,89.030,84.450
2008/10/12,Sun,,,,
2008/10/11,Sat,,,,
2008/10/10,Fri,86.780,85.760,87.000,82.270
2008/10/09,Thu,87.880,86.640,90.560,86.600
2008/10/08,Wed,91.930,87.950,92.170,87.740
2008/10/07,Tue,92.190,91.670,94.130,91.270
2008/10/06,Mon,97.060,92.330,97.280,90.600
2008/10/05,Sun,,,,
2008/10/04,Sat,,,,
2008/10/03,Fri,97.630,97.240,98.600,96.930
2008/10/02,Thu,99.590,97.540,99.820,97.370
2008/10/01,Wed,99.750,99.580,100.620,99.070
2008/09/30,Tue,99.480,99.690,100.720,98.870
2008/09/29,Mon,102.550,99.490,103.130,99.510
2008/09/28,Sun,,,,
2008/09/27,Sat,,,,
2008/09/26,Fri,102.980,102.500,103.090,101.530
2008/09/25,Thu,102.270,102.950,103.460,101.810
2008/09/24,Wed,101.750,102.270,102.910,101.710
2008/09/23,Tue,101.830,101.590,102.570,101.510
2008/09/22,Mon,102.170,101.780,103.080,101.200
2008/09/21,Sun,,,,
2008/09/20,Sat,,,,
2008/09/19,Fri,99.730,102.590,102.830,99.290
2008/09/18,Thu,97.400,99.690,99.660,97.170
2008/09/17,Wed,98.490,97.320,99.890,96.780
2008/09/16,Tue,97.790,98.210,99.660,96.490
2008/09/15,Mon,99.990,97.770,100.400,97.690
2008/09/14,Sun,,,,
2008/09/13,Sat,,,,
2008/09/12,Fri,99.750,101.770,101.900,99.430
2008/09/11,Thu,100.390,99.730,100.480,98.410
2008/09/10,Wed,99.680,100.240,100.950,99.490
2008/09/09,Tue,101.520,99.830,101.930,99.570
2008/09/08,Mon,102.460,101.620,103.240,100.710
2008/09/07,Sun,,,,
2008/09/06,Sat,,,,
2008/09/05,Fri,99.780,101.420,101.600,98.690
2008/09/04,Thu,101.990,99.250,102.850,99.630
2008/09/03,Wed,101.770,102.060,102.530,100.710
2008/09/02,Tue,101.250,101.770,102.070,100.890
2008/09/01,Mon,102.220,101.250,102.320,100.890
2008/08/31,Sun,,,,
2008/08/30,Sat,,,,
2008/08/29,Fri,104.150,102.240,104.230,102.130
2008/08/28,Thu,104.610,104.140,104.940,103.930
2008/08/27,Wed,104.570,104.620,104.960,104.090
2008/08/26,Tue,104.010,104.530,105.420,103.750
2008/08/25,Mon,104.890,103.910,105.250,103.900
2008/08/24,Sun,,,,
2008/08/23,Sat,,,,
2008/08/22,Fri,103.860,105.020,105.350,103.790
2008/08/21,Thu,103.630,103.850,104.030,102.660
2008/08/20,Wed,103.380,103.610,103.990,103.150
2008/08/19,Tue,103.440,103.360,103.530,102.930
2008/08/18,Mon,104.290,103.370,104.440,103.320
2008/08/17,Sun,,,,
2008/08/16,Sat,,,,
2008/08/15,Fri,103.090,104.290,104.420,102.900
2008/08/14,Thu,102.990,102.990,103.740,102.620
2008/08/13,Wed,102.590,102.960,103.210,101.530
2008/08/12,Tue,102.940,102.570,103.350,102.610
2008/08/11,Mon,103.360,102.920,103.420,102.730
2008/08/10,Sun,,,,
2008/08/09,Sat,,,,
2008/08/08,Fri,103.900,103.270,104.250,102.850
2008/08/07,Thu,104.620,103.870,104.790,103.850
2008/08/06,Wed,103.840,104.570,104.790,103.760
2008/08/05,Tue,104.420,103.840,104.450,103.200
2008/08/04,Mon,104.890,104.360,105.060,104.370
2008/08/03,Sun,,,,
2008/08/02,Sat,,,,
2008/08/01,Fri,105.390,104.800,105.460,104.450
2008/07/31,Thu,105.620,105.340,105.950,104.960
2008/07/30,Wed,105.590,105.630,105.800,105.330
2008/07/29,Tue,105.080,105.530,105.650,105.020
2008/07/28,Mon,105.810,105.070,105.960,104.840
2008/07/27,Sun,,,,
2008/07/26,Sat,,,,
2008/07/25,Fri,105.710,105.750,106.300,105.070
2008/07/24,Thu,106.750,105.690,106.940,105.640
2008/07/23,Wed,106.480,106.710,107.170,106.320
2008/07/22,Tue,106.450,106.430,106.540,105.810
2008/07/21,Mon,106.280,106.410,106.700,105.830
2008/07/20,Sun,,,,
2008/07/19,Sat,,,,
2008/07/18,Fri,105.630,106.330,106.510,105.440
2008/07/17,Thu,104.910,105.650,106.420,104.640
2008/07/16,Wed,104.530,104.820,104.970,103.650
2008/07/15,Tue,105.510,104.480,105.620,104.230
2008/07/14,Mon,105.280,105.460,106.020,105.180
2008/07/13,Sun,,,,
2008/07/12,Sat,,,,
2008/07/11,Fri,106.120,105.200,106.240,104.520
2008/07/10,Thu,105.540,106.050,106.210,105.420
2008/07/09,Wed,105.480,105.550,106.190,105.100
2008/07/08,Tue,105.340,105.390,105.520,104.420
2008/07/07,Mon,104.780,105.350,105.880,104.690
2008/07/06,Sun,,,,
2008/07/05,Sat,,,,
2008/07/04,Fri,104.880,104.710,105.320,104.600
2008/07/03,Thu,104.630,104.800,105.040,104.370
2008/07/02,Wed,103.780,104.510,104.950,103.620
2008/07/01,Tue,103.990,103.720,104.280,103.190
2008/06/30,Mon,105.080,103.860,105.420,103.870
2008/06/29,Sun,,,,
2008/06/28,Sat,,,,
2008/06/27,Fri,105.370,104.970,106.040,104.650
2008/06/26,Thu,106.890,105.300,107.060,105.250
2008/06/25,Wed,106.580,106.800,107.090,106.300
2008/06/24,Tue,106.170,106.520,106.640,105.960
2008/06/23,Mon,105.470,106.110,106.320,105.380
2008/06/22,Sun,,,,
2008/06/21,Sat,,,,
2008/06/20,Fri,106.330,105.490,106.420,105.080
2008/06/19,Thu,106.000,106.260,106.710,105.640
2008/06/18,Wed,105.950,105.970,106.350,105.730
2008/06/17,Tue,105.670,105.860,106.290,105.340
2008/06/16,Mon,104.990,105.550,106.060,104.920
2008/06/15,Sun,,,,
2008/06/14,Sat,,,,
2008/06/13,Fri,105.390,105.030,105.760,104.790
2008/06/12,Thu,104.740,105.380,105.760,104.690
2008/06/11,Wed,105.100,104.700,105.560,104.740
2008/06/10,Tue,103.870,105.080,105.150,103.380
2008/06/09,Mon,102.720,103.890,104.070,102.570
2008/06/08,Sun,,,,
2008/06/07,Sat,,,,
2008/06/06,Fri,104.130,102.860,104.490,102.880
2008/06/05,Thu,103.490,104.150,104.390,103.460
2008/06/04,Wed,104.180,103.430,104.330,103.270
2008/06/03,Tue,104.270,104.060,104.920,103.850
2008/06/02,Mon,105.930,104.230,106.070,103.840
2008/06/01,Sun,,,,
2008/05/31,Sat,,,,
2008/05/30,Fri,106.790,106.170,106.870,105.930
2008/05/29,Thu,105.790,106.740,107.130,105.690
2008/05/28,Wed,104.900,105.670,105.910,104.550
2008/05/27,Tue,104.250,104.790,105.320,104.180
2008/05/26,Mon,104.440,104.230,104.690,104.140
2008/05/25,Sun,,,,
2008/05/24,Sat,,,,
2008/05/23,Fri,105.740,104.360,105.800,104.270
2008/05/22,Thu,104.730,105.710,105.890,104.460
2008/05/21,Wed,104.440,104.660,105.180,104.110
2008/05/20,Tue,105.220,104.350,105.300,104.160
2008/05/19,Mon,104.110,105.160,105.630,104.000
2008/05/18,Sun,,,,
2008/05/17,Sat,,,,
2008/05/16,Fri,104.700,104.080,105.290,103.800
2008/05/15,Thu,104.740,104.690,105.020,104.420
2008/05/14,Wed,104.320,104.720,105.570,104.110
2008/05/13,Tue,103.310,104.300,104.580,102.670
2008/05/12,Mon,102.310,103.190,103.560,102.060
2008/05/11,Sun,,,,
2008/05/10,Sat,,,,
2008/05/09,Fri,101.960,102.260,102.830,101.710
2008/05/08,Thu,103.700,101.850,103.930,101.880
2008/05/07,Wed,104.500,103.620,105.390,103.620
2008/05/06,Tue,103.610,104.410,104.790,102.780
2008/05/05,Mon,103.260,103.520,103.900,103.180
2008/05/04,Sun,,,,
2008/05/03,Sat,,,,
2008/05/02,Fri,102.380,103.330,103.750,102.350
2008/05/01,Thu,103.210,102.280,103.350,101.600
2008/04/30,Wed,102.700,103.100,104.090,102.350
2008/04/29,Tue,102.830,102.660,103.150,101.850
2008/04/28,Mon,103.040,102.740,103.890,102.550
2008/04/27,Sun,,,,
2008/04/26,Sat,,,,
2008/04/25,Fri,102.790,102.950,103.030,102.330
2008/04/24,Thu,101.640,102.690,103.090,101.460
2008/04/23,Wed,102.190,101.560,102.520,100.950
2008/04/22,Tue,102.640,102.170,102.790,101.840
2008/04/21,Mon,103.240,102.670,103.550,102.250
2008/04/20,Sun,,,,
2008/04/19,Sat,,,,
2008/04/18,Fri,101.460,103.170,103.870,101.330
2008/04/17,Thu,101.700,101.500,102.570,100.890
2008/04/16,Wed,100.060,101.710,101.840,99.800
2008/04/15,Tue,99.250,100.040,100.070,98.530
2008/04/14,Mon,98.930,99.210,99.310,97.960
2008/04/13,Sun,,,,
2008/04/12,Sat,,,,
2008/04/11,Fri,99.830,98.610,100.600,98.390
2008/04/10,Thu,99.900,99.750,100.300,98.190
2008/04/09,Wed,101.230,99.840,101.400,99.690
2008/04/08,Tue,101.060,101.100,101.260,100.640
2008/04/07,Mon,100.760,100.880,102.290,100.470
2008/04/06,Sun,,,,
2008/04/05,Sat,,,,
2008/04/04,Fri,101.750,100.650,102.270,100.520
2008/04/03,Thu,100.750,101.850,102.030,100.650
2008/04/02,Wed,99.620,100.720,101.090,99.230
2008/04/01,Tue,97.290,99.580,99.850,97.090
2008/03/31,Mon,96.860,97.290,97.870,96.640
2008/03/30,Sun,,,,
2008/03/29,Sat,,,,
2008/03/28,Fri,97.850,96.900,98.710,96.950
2008/03/27,Thu,97.230,97.930,98.760,96.980
2008/03/26,Wed,98.290,97.200,98.500,97.200
2008/03/25,Tue,98.980,98.360,99.350,97.610
2008/03/24,Mon,97.010,98.960,99.160,96.840
2008/03/23,Sun,,,,
2008/03/22,Sat,,,,
2008/03/21,Fri,97.080,97.280,97.490,96.790
2008/03/20,Thu,97.280,97.010,97.880,95.720
2008/03/19,Wed,100.660,97.120,101.370,97.240
2008/03/18,Tue,97.510,100.550,100.680,97.320
2008/03/17,Mon,99.950,97.660,100.430,96.470
2008/03/16,Sun,,,,
2008/03/15,Sat,,,,
2008/03/14,Fri,102.310,100.110,102.530,99.960
2008/03/13,Thu,102.570,102.210,102.990,100.960
2008/03/12,Wed,104.320,102.540,104.760,102.620
2008/03/11,Tue,102.110,104.210,104.320,101.800
2008/03/10,Mon,103.650,102.050,103.750,101.840
2008/03/09,Sun,,,,
2008/03/08,Sat,,,,
2008/03/07,Fri,104.160,103.760,104.730,103.260
2008/03/06,Thu,105.630,103.960,105.670,103.910
2008/03/05,Wed,103.980,105.560,105.670,103.840
2008/03/04,Tue,104.610,103.920,104.770,103.100
2008/03/03,Mon,105.190,104.280,105.210,103.770
2008/03/02,Sun,,,,
2008/03/01,Sat,,,,
2008/02/29,Fri,107.960,105.460,108.010,105.200
2008/02/28,Thu,108.510,107.920,108.990,107.810
2008/02/27,Wed,109.270,108.490,109.530,108.150
2008/02/26,Tue,108.520,109.080,109.650,108.090
2008/02/25,Mon,105.990,108.500,108.620,105.820
2008/02/24,Sun,,,,
2008/02/23,Sat,,,,
2008/02/22,Fri,106.180,105.910,106.350,105.070
2008/02/21,Thu,106.770,106.100,107.300,105.920
2008/02/20,Wed,105.940,106.730,106.850,105.840
2008/02/19,Tue,107.330,105.920,107.520,105.740
2008/02/18,Mon,107.210,107.420,107.580,106.790
2008/02/17,Sun,,,,
2008/02/16,Sat,,,,
2008/02/15,Fri,107.870,106.940,109.000,106.460
2008/02/14,Thu,108.550,107.850,108.900,107.820
2008/02/13,Wed,107.150,108.590,108.700,106.890
2008/02/12,Tue,106.730,107.190,107.970,106.430
2008/02/11,Mon,107.320,106.760,107.730,106.100
2008/02/10,Sun,,,,
2008/02/09,Sat,,,,
2008/02/08,Fri,106.470,107.380,107.990,106.180
2008/02/07,Thu,105.960,106.460,106.980,104.760
2008/02/06,Wed,106.000,105.770,106.570,105.220
2008/02/05,Tue,107.440,106.040,107.840,105.930
2008/02/04,Mon,107.070,107.340,107.620,106.760
2008/02/03,Sun,,,,
2008/02/02,Sat,,,,
2008/02/01,Fri,106.120,107.380,107.470,105.690
2008/01/31,Thu,106.920,106.010,107.460,105.080
2008/01/30,Wed,107.320,107.100,108.490,106.640
2008/01/29,Tue,106.570,107.210,107.700,105.790
2008/01/28,Mon,105.900,106.340,106.570,104.860
2008/01/27,Sun,,,,
2008/01/26,Sat,,,,
2008/01/25,Fri,106.860,105.990,107.500,105.800
2008/01/24,Thu,104.190,106.480,106.740,103.680
2008/01/23,Wed,103.430,104.230,104.510,101.890
2008/01/22,Tue,102.400,103.530,104.570,101.950
2008/01/21,Mon,104.020,102.400,104.140,102.320
2008/01/20,Sun,,,,
2008/01/19,Sat,,,,
2008/01/18,Fri,103.550,103.860,105.180,103.300
2008/01/17,Thu,104.970,103.580,105.680,103.470
2008/01/16,Wed,104.890,104.890,105.590,103.090
2008/01/15,Tue,106.350,105.090,106.470,104.740
2008/01/14,Mon,106.680,106.260,107.000,105.670
2008/01/13,Sun,,,,
2008/01/12,Sat,,,,
2008/01/11,Fri,108.340,106.790,108.740,106.540
2008/01/10,Thu,108.910,108.460,109.210,107.740
2008/01/09,Wed,108.180,108.730,109.370,107.980
2008/01/08,Tue,108.620,108.120,109.940,108.100
2008/01/07,Mon,108.310,108.540,109.430,108.020
2008/01/06,Sun,,,,
2008/01/05,Sat,,,,
2008/01/04,Fri,110.580,108.180,111.060,107.810
2008/01/03,Thu,110.440,110.380,110.990,108.840
2008/01/02,Wed,112.460,110.150,113.280,109.990
2008/01/01,Tue,111.900,112.440,112.560,111.500
2007/12/31,Mon,114.660,111.650,115.070,111.700
2007/12/30,Sun,,,,
2007/12/29,Sat,,,,
2007/12/28,Fri,115.950,114.730,116.210,114.470
2007/12/27,Thu,116.460,115.880,116.820,115.680
2007/12/26,Wed,115.840,116.510,116.610,115.600
2007/12/25,Tue,116.080,115.790,116.190,115.560
2007/12/24,Mon,115.030,115.950,116.300,114.850
2007/12/23,Sun,,,,
2007/12/22,Sat,,,,
2007/12/21,Fri,113.020,115.100,115.180,112.870
2007/12/20,Thu,113.050,112.960,113.690,112.430
2007/12/19,Wed,112.750,113.040,113.180,111.790
2007/12/18,Tue,112.390,112.680,113.070,111.840
2007/12/17,Mon,111.550,112.150,112.880,110.750
2007/12/16,Sun,,,,
2007/12/15,Sat,,,,
2007/12/14,Fri,109.940,111.460,111.990,109.920
2007/12/13,Thu,110.760,109.940,110.900,109.580
2007/12/12,Wed,109.070,110.710,111.470,109.020
2007/12/11,Tue,110.940,108.860,111.390,108.810
2007/12/10,Mon,111.120,110.950,111.670,110.390
2007/12/09,Sun,,,,
2007/12/08,Sat,,,,
2007/12/07,Fri,110.350,111.090,111.470,109.730
2007/12/06,Thu,109.460,110.300,110.510,108.790
2007/12/05,Wed,108.460,109.300,109.600,107.920
2007/12/04,Tue,110.440,108.370,110.560,108.040
2007/12/03,Mon,111.170,110.430,111.260,109.830
2007/12/02,Sun,,,,
2007/12/01,Sat,,,,
2007/11/30,Fri,110.110,111.150,111.540,110.000
2007/11/29,Thu,111.590,110.160,111.920,109.690
2007/11/28,Wed,109.460,111.670,112.000,108.650
2007/11/27,Tue,108.470,109.260,110.630,108.150
2007/11/26,Mon,109.660,108.360,110.720,108.210
2007/11/25,Sun,,,,
2007/11/24,Sat,,,,
2007/11/23,Fri,110.030,109.460,114.620,109.020
2007/11/22,Thu,109.990,110.070,111.310,109.700
2007/11/21,Wed,112.320,109.560,112.440,109.310
2007/11/20,Tue,111.510,112.260,113.190,111.200
2007/11/19,Mon,113.790,111.420,114.230,111.460
2007/11/18,Sun,,,,
2007/11/17,Sat,,,,
2007/11/16,Fri,111.890,113.970,114.620,111.210
2007/11/15,Thu,115.100,112.020,115.960,111.910
2007/11/14,Wed,115.590,115.210,117.260,115.010
2007/11/13,Tue,112.920,115.520,115.760,112.600
2007/11/12,Mon,116.980,112.900,117.380,112.950
2007/11/11,Sun,,,,
2007/11/10,Sat,,,,
2007/11/09,Fri,120.420,117.500,121.730,117.160
2007/11/08,Thu,121.090,120.500,122.390,119.450
2007/11/07,Wed,124.680,121.490,125.530,121.170
2007/11/06,Tue,122.680,124.380,124.610,122.450
2007/11/05,Mon,122.800,122.590,122.990,121.990
2007/11/04,Sun,,,,
2007/11/03,Sat,,,,
2007/11/02,Fri,120.490,122.880,123.510,120.300
2007/11/01,Thu,122.270,120.320,122.840,120.340
2007/10/31,Wed,120.300,122.100,122.460,120.040
2007/10/30,Tue,120.260,120.250,120.620,119.640
2007/10/29,Mon,118.690,120.180,120.480,118.530
2007/10/28,Sun,,,,
2007/10/27,Sat,,,,
2007/10/26,Fri,118.190,118.680,119.250,117.880
2007/10/25,Thu,117.910,118.100,118.880,117.550
2007/10/24,Wed,118.780,117.800,118.970,116.950
2007/10/23,Tue,117.020,118.810,119.300,116.870
2007/10/22,Mon,117.940,117.050,118.260,115.800
2007/10/21,Sun,,,,
2007/10/20,Sat,,,,
2007/10/19,Fri,118.640,118.440,119.660,117.840
2007/10/18,Thu,119.630,118.540,119.920,118.100
2007/10/17,Wed,119.420,119.660,120.160,118.430
2007/10/16,Tue,120.240,119.310,120.390,118.820
2007/10/15,Mon,121.040,120.220,121.290,119.830
2007/10/14,Sun,,,,
2007/10/13,Sat,,,,
2007/10/12,Fri,120.160,121.050,121.130,119.680
2007/10/11,Thu,119.340,120.030,120.970,119.230
2007/10/10,Wed,119.420,119.280,119.930,119.090
2007/10/09,Tue,119.010,119.340,119.510,118.410
2007/10/08,Mon,119.380,119.050,119.550,118.740
2007/10/07,Sun,,,,
2007/10/06,Sat,,,,
2007/10/05,Fri,116.840,119.240,119.350,116.670
2007/10/04,Thu,116.880,116.830,117.030,116.360
2007/10/03,Wed,115.930,116.870,117.250,115.750
2007/10/02,Tue,116.730,115.840,116.770,115.670
2007/10/01,Mon,115.690,116.680,116.860,115.400
2007/09/30,Sun,,,,
2007/09/29,Sat,,,,
2007/09/28,Fri,115.430,115.750,115.950,114.720
2007/09/27,Thu,114.990,115.310,115.650,114.800
2007/09/26,Wed,114.310,114.860,115.200,113.840
2007/09/25,Tue,114.650,114.200,114.710,113.770
2007/09/24,Mon,115.400,114.590,115.580,114.480
2007/09/23,Sun,,,,
2007/09/22,Sat,,,,
2007/09/21,Fri,114.480,115.300,116.000,114.380
2007/09/20,Thu,114.260,114.490,115.040,113.890
2007/09/19,Wed,114.430,114.210,114.890,113.840
2007/09/18,Tue,112.030,114.410,114.740,111.580
2007/09/17,Mon,111.900,112.010,112.570,111.260
2007/09/16,Sun,,,,
2007/09/15,Sat,,,,
2007/09/14,Fri,110.910,111.880,112.110,110.640
2007/09/13,Thu,110.120,111.090,111.900,110.050
2007/09/12,Wed,109.710,109.990,110.320,109.160
2007/09/11,Tue,108.060,109.630,109.800,107.720
2007/09/10,Mon,107.170,108.040,108.240,106.530
2007/09/09,Sun,,,,
2007/09/08,Sat,,,,
2007/09/07,Fri,109.710,107.350,109.910,107.060
2007/09/06,Thu,109.240,109.660,109.780,108.880
2007/09/05,Wed,110.830,109.220,111.000,109.140
2007/09/04,Tue,110.180,110.880,110.970,109.240
2007/09/03,Mon,109.670,110.100,110.330,109.590
2007/09/02,Sun,,,,
2007/09/01,Sat,,,,
2007/08/31,Fri,109.500,109.580,110.620,109.070
2007/08/30,Thu,109.760,109.540,110.000,108.190
2007/08/29,Wed,107.190,109.660,109.730,106.780
2007/08/28,Tue,109.760,107.210,109.780,107.200
2007/08/27,Mon,110.670,109.630,111.130,109.710
2007/08/26,Sun,,,,
2007/08/25,Sat,,,,
2007/08/24,Fri,110.470,110.600,110.740,109.390
2007/08/23,Thu,108.610,110.540,111.330,108.560
2007/08/22,Wed,107.580,108.440,109.050,107.110
2007/08/21,Tue,108.880,107.510,109.110,107.260
2007/08/20,Mon,107.950,108.910,109.170,107.200
2007/08/19,Sun,,,,
2007/08/18,Sat,,,,
2007/08/17,Fri,106.170,107.800,108.500,103.430
2007/08/16,Thu,107.890,106.210,108.000,104.100
2007/08/15,Wed,110.140,107.950,110.170,108.010
2007/08/14,Tue,112.150,110.060,112.180,110.110
2007/08/13,Mon,112.310,112.080,112.890,111.480
2007/08/12,Sun,,,,
2007/08/11,Sat,,,,
2007/08/10,Fri,111.710,112.350,112.620,111.030
2007/08/09,Thu,114.140,111.580,114.260,111.140
2007/08/08,Wed,112.670,114.110,114.320,112.550
2007/08/07,Tue,113.120,112.550,113.300,111.720
2007/08/06,Mon,111.230,112.970,113.300,110.860
2007/08/05,Sun,,,,
2007/08/04,Sat,,,,
2007/08/03,Fri,113.230,111.600,113.300,111.560
2007/08/02,Thu,112.560,113.150,113.500,111.790
2007/08/01,Wed,111.100,112.520,112.730,110.030
2007/07/31,Tue,111.670,110.900,112.800,110.970
2007/07/30,Mon,111.250,111.420,111.680,110.550
2007/07/29,Sun,,,,
2007/07/28,Sat,,,,
2007/07/27,Fri,112.210,111.360,113.260,111.310
2007/07/26,Thu,115.640,112.060,115.830,112.250
2007/07/25,Wed,115.930,115.440,116.190,115.120
2007/07/24,Tue,115.640,115.820,116.680,115.090
2007/07/23,Mon,115.900,115.590,116.400,115.340
2007/07/22,Sun,,,,
2007/07/21,Sat,,,,
2007/07/20,Fri,116.990,115.790,117.320,115.400
2007/07/19,Thu,116.740,116.930,117.270,116.420
2007/07/18,Wed,117.140,116.660,117.160,116.550
2007/07/17,Tue,116.730,117.100,117.320,116.540
2007/07/16,Mon,116.300,116.720,117.110,116.150
2007/07/15,Sun,,,,
2007/07/14,Sat,,,,
2007/07/13,Fri,117.070,116.330,117.250,116.260
2007/07/12,Thu,116.060,116.990,117.210,115.790
2007/07/11,Wed,115.360,115.990,116.250,114.490
2007/07/10,Tue,117.570,115.440,117.740,115.410
2007/07/09,Mon,117.640,117.510,118.220,117.490
2007/07/08,Sun,,,,
2007/07/07,Sat,,,,
2007/07/06,Fri,116.380,117.480,117.740,116.310
2007/07/05,Thu,115.970,116.380,116.440,115.660
2007/07/04,Wed,115.340,115.950,116.070,115.280
2007/07/03,Tue,115.880,115.300,116.350,115.060
2007/07/02,Mon,115.640,115.820,116.180,115.410
2007/07/01,Sun,,,,
2007/06/30,Sat,,,,
2007/06/29,Fri,116.240,115.570,117.610,115.560
2007/06/28,Thu,114.770,116.200,116.470,114.710
2007/06/27,Wed,115.180,114.660,115.210,114.070
2007/06/26,Tue,115.580,115.200,115.610,114.690
2007/06/25,Mon,115.820,115.520,115.970,114.940
2007/06/24,Sun,,,,
2007/06/23,Sat,,,,
2007/06/22,Fri,115.150,115.750,116.270,115.120
2007/06/21,Thu,115.820,115.120,116.150,114.950
2007/06/20,Wed,116.090,115.750,116.280,115.570
2007/06/19,Tue,115.400,116.050,116.210,115.260
2007/06/18,Mon,115.640,115.310,116.000,114.900
2007/06/17,Sun,,,,
2007/06/16,Sat,,,,
2007/06/15,Fri,115.070,115.540,116.420,114.990
2007/06/14,Thu,115.010,114.920,115.490,114.790
2007/06/13,Wed,113.980,114.840,115.140,113.870
2007/06/12,Tue,114.810,113.840,114.970,113.930
2007/06/11,Mon,114.710,114.790,114.910,114.350
2007/06/10,Sun,,,,
2007/06/09,Sat,,,,
2007/06/08,Fri,113.520,114.640,114.870,113.450
2007/06/07,Thu,114.430,113.540,114.860,113.550
2007/06/06,Wed,114.150,114.370,114.700,113.870
2007/06/05,Tue,115.000,114.050,115.300,114.030
2007/06/04,Mon,115.040,114.940,115.620,114.830
2007/06/03,Sun,,,,
2007/06/02,Sat,,,,
2007/06/01,Fri,113.810,115.010,115.210,113.690
2007/05/31,Thu,113.250,113.690,114.080,113.110
2007/05/30,Wed,113.320,113.160,113.850,112.930
2007/05/29,Tue,112.660,113.230,113.700,112.040
2007/05/28,Mon,112.770,112.600,112.870,112.520
2007/05/27,Sun,,,,
2007/05/26,Sat,,,,
2007/05/25,Fri,111.950,112.670,112.910,111.440
2007/05/24,Thu,112.330,111.920,112.500,111.800
2007/05/23,Wed,111.850,112.320,112.480,111.750
2007/05/22,Tue,112.030,111.800,112.190,111.700
2007/05/21,Mon,111.120,111.980,112.230,111.090
2007/05/20,Sun,,,,
2007/05/19,Sat,,,,
2007/05/18,Fri,110.260,111.230,111.330,110.090
2007/05/17,Thu,109.380,110.230,110.530,109.330
2007/05/16,Wed,109.470,109.440,109.770,109.150
2007/05/15,Tue,108.850,109.440,109.810,108.520
2007/05/14,Mon,108.280,108.810,108.870,108.040
2007/05/13,Sun,,,,
2007/05/12,Sat,,,,
2007/05/11,Fri,107.820,108.230,108.350,107.210
2007/05/10,Thu,108.620,107.800,108.940,107.810
2007/05/09,Wed,108.520,108.520,108.720,108.030
2007/05/08,Tue,108.990,108.570,109.010,108.210
2007/05/07,Mon,108.490,108.910,109.040,108.310
2007/05/06,Sun,,,,
2007/05/05,Sat,,,,
2007/05/04,Fri,108.720,108.480,109.030,108.420
2007/05/03,Thu,108.430,108.620,108.870,108.260
2007/05/02,Wed,107.790,108.500,108.540,107.470
2007/05/01,Tue,107.640,107.740,108.210,107.510
2007/04/30,Mon,106.920,107.640,108.180,106.690
2007/04/29,Sun,,,,
2007/04/28,Sat,,,,
2007/04/27,Fri,106.540,107.030,107.330,106.380
2007/04/26,Thu,106.420,106.470,106.850,106.260
2007/04/25,Wed,105.720,106.380,106.600,105.480
2007/04/24,Tue,105.750,105.630,106.210,105.130
2007/04/23,Mon,105.700,105.650,105.920,105.270
2007/04/22,Sun,,,,
2007/04/21,Sat,,,,
2007/04/20,Fri,104.870,105.570,105.950,104.720
2007/04/19,Thu,105.120,104.850,105.200,104.020
2007/04/18,Wed,105.130,105.130,105.320,104.450
2007/04/17,Tue,105.820,105.170,105.850,105.090
2007/04/16,Mon,105.050,105.780,106.030,104.810
2007/04/15,Sun,,,,
2007/04/14,Sat,,,,
2007/04/13,Fri,105.000,104.720,105.180,104.200
2007/04/12,Thu,104.840,104.940,105.070,104.530
2007/04/11,Wed,103.760,104.770,104.820,103.650
2007/04/10,Tue,103.530,103.700,103.950,103.210
2007/04/09,Mon,103.620,103.500,103.750,103.440
2007/04/08,Sun,,,,
2007/04/07,Sat,,,,
2007/04/06,Fri,103.120,103.550,103.800,103.040
2007/04/05,Thu,102.380,103.030,103.280,102.230
2007/04/04,Wed,102.650,102.320,103.020,102.310
2007/04/03,Tue,101.880,102.590,102.740,101.770
2007/04/02,Mon,102.010,101.830,102.440,101.720
2007/04/01,Sun,,,,
2007/03/31,Sat,,,,
2007/03/30,Fri,101.880,102.090,102.800,101.480
2007/03/29,Thu,100.820,101.790,101.990,100.640
2007/03/28,Wed,101.820,100.850,102.070,100.480
2007/03/27,Tue,101.700,101.780,102.410,101.630
2007/03/26,Mon,101.640,101.640,101.950,101.300
2007/03/25,Sun,,,,
2007/03/24,Sat,,,,
2007/03/23,Fri,102.020,101.690,102.220,101.380
2007/03/22,Thu,101.730,102.000,102.150,101.370
2007/03/21,Wed,100.960,101.610,101.880,100.880
2007/03/20,Tue,99.920,100.940,101.100,99.760
2007/03/19,Mon,98.850,99.800,100.220,98.760
2007/03/18,Sun,,,,
2007/03/17,Sat,,,,
2007/03/16,Fri,99.890,99.180,99.910,99.020
2007/03/15,Thu,99.510,99.780,100.160,99.460
2007/03/14,Wed,98.990,99.430,99.620,98.580
2007/03/13,Tue,100.390,98.840,100.520,98.850
2007/03/12,Mon,100.920,100.390,101.120,100.220
2007/03/11,Sun,,,,
2007/03/10,Sat,,,,
2007/03/09,Fri,99.270,100.830,101.100,99.190
2007/03/08,Thu,98.520,99.200,99.520,98.100
2007/03/07,Wed,99.150,98.460,99.450,98.420
2007/03/06,Tue,97.830,99.000,99.240,97.510
2007/03/05,Mon,99.200,97.900,99.290,97.580
2007/03/04,Sun,,,,
2007/03/03,Sat,,,,
2007/03/02,Fri,100.300,99.250,100.540,99.070
2007/03/01,Thu,101.320,100.320,101.560,99.650
2007/02/28,Wed,101.080,101.250,101.680,100.730
2007/02/27,Tue,103.950,101.030,104.060,100.740
2007/02/26,Mon,104.380,103.840,104.460,103.820
2007/02/25,Sun,,,,
2007/02/24,Sat,,,,
2007/02/23,Fri,104.650,104.360,104.820,104.330
2007/02/22,Thu,104.200,104.610,104.760,104.130
2007/02/21,Wed,102.560,104.160,104.310,102.330
2007/02/20,Tue,102.720,102.480,103.330,102.420
2007/02/19,Mon,102.580,102.630,102.920,102.420
2007/02/18,Sun,,,,
2007/02/17,Sat,,,,
2007/02/16,Fri,102.580,102.540,102.760,102.380
2007/02/15,Thu,103.580,102.470,103.660,102.490
2007/02/14,Wed,103.850,103.580,103.960,103.430
2007/02/13,Tue,103.750,103.810,103.930,103.220
2007/02/12,Mon,103.850,103.720,104.100,103.530
2007/02/11,Sun,,,,
2007/02/10,Sat,,,,
2007/02/09,Fri,102.370,103.750,103.970,102.300
2007/02/08,Thu,101.870,102.330,102.420,101.700
2007/02/07,Wed,101.600,101.790,102.150,101.490
2007/02/06,Tue,101.740,101.510,102.010,101.420
2007/02/05,Mon,102.320,101.740,102.350,101.610
2007/02/04,Sun,,,,
2007/02/03,Sat,,,,
2007/02/02,Fri,102.460,102.110,102.530,102.050
2007/02/01,Thu,102.660,102.380,102.830,102.100
2007/01/31,Wed,103.090,102.530,103.250,102.270
2007/01/30,Tue,102.920,103.000,103.290,102.780
2007/01/29,Mon,102.970,102.940,103.480,102.920
2007/01/28,Sun,,,,
2007/01/27,Sat,,,,
2007/01/26,Fri,102.520,102.990,103.110,102.430
2007/01/25,Thu,102.810,102.350,102.840,102.010
2007/01/24,Wed,103.010,102.700,103.140,102.080
2007/01/23,Tue,102.900,103.000,103.140,102.310
2007/01/22,Mon,103.400,102.790,103.700,102.780
2007/01/21,Sun,,,,
2007/01/20,Sat,,,,
2007/01/19,Fri,103.240,103.460,103.640,103.160
2007/01/18,Thu,102.850,103.340,103.510,102.740
2007/01/17,Wed,102.620,102.820,102.940,102.490
2007/01/16,Tue,103.100,102.490,103.470,102.410
2007/01/15,Mon,102.920,103.190,103.340,102.600
2007/01/14,Sun,,,,
2007/01/13,Sat,,,,
2007/01/12,Fri,102.260,102.840,103.070,102.150
2007/01/11,Thu,101.900,102.360,102.860,101.790
2007/01/10,Wed,101.440,101.710,101.870,101.140
2007/01/09,Tue,101.110,101.490,101.570,101.040
2007/01/08,Mon,101.180,100.970,101.220,100.560
2007/01/07,Sun,,,,
2007/01/06,Sat,,,,
2007/01/05,Fri,101.070,101.080,101.280,100.280
2007/01/04,Thu,101.750,101.050,101.910,101.070
2007/01/03,Wed,102.020,101.780,102.320,101.730
2007/01/02,Tue,102.100,102.020,102.220,101.810
2007/01/01,Mon,102.120,102.070,102.130,101.990
2006/12/31,Sun,,,,
2006/12/30,Sat,,,,
2006/12/29,Fri,102.470,102.080,102.730,102.010
2006/12/28,Thu,102.200,102.480,102.660,102.120
2006/12/27,Wed,102.570,102.210,102.600,101.730
2006/12/26,Tue,102.610,102.600,102.750,102.480
2006/12/25,Mon,102.560,102.580,102.700,102.470
2006/12/24,Sun,,,,
2006/12/23,Sat,,,,
2006/12/22,Fri,102.450,102.550,102.790,102.370
2006/12/21,Thu,103.070,102.430,103.260,102.400
2006/12/20,Wed,102.460,102.990,103.310,102.320
2006/12/19,Tue,102.080,102.470,102.530,101.900
2006/12/18,Mon,101.930,102.010,102.290,101.700
2006/12/17,Sun,,,,
2006/12/16,Sat,,,,
2006/12/15,Fri,101.810,102.020,102.420,101.450
2006/12/14,Thu,101.660,101.750,101.950,101.400
2006/12/13,Wed,101.360,101.530,101.880,101.240
2006/12/12,Tue,101.880,101.300,102.070,101.160
2006/12/11,Mon,101.240,101.840,102.040,101.100
2006/12/10,Sun,,,,
2006/12/09,Sat,,,,
2006/12/08,Fri,100.250,101.300,101.380,100.050
2006/12/07,Thu,100.410,100.200,100.540,100.020
2006/12/06,Wed,100.580,100.330,100.830,100.150
2006/12/05,Tue,101.060,100.540,101.170,100.320
2006/12/04,Mon,100.760,101.090,101.340,100.560
2006/12/03,Sun,,,,
2006/12/02,Sat,,,,
2006/12/01,Fri,101.480,100.770,102.060,100.560
2006/11/30,Thu,102.260,101.390,102.340,101.170
2006/11/29,Wed,102.690,102.220,102.830,101.840
2006/11/28,Tue,102.480,102.660,103.020,102.290
2006/11/27,Mon,102.080,102.430,102.730,101.870
2006/11/26,Sun,,,,
2006/11/25,Sat,,,,
2006/11/24,Fri,101.820,102.020,102.320,101.600
2006/11/23,Thu,102.250,101.780,102.290,101.640
2006/11/22,Wed,102.850,102.240,102.900,102.050
2006/11/21,Tue,102.980,102.810,103.130,102.640
2006/11/20,Mon,102.710,102.870,103.310,102.670
2006/11/19,Sun,,,,
2006/11/18,Sat,,,,
2006/11/17,Fri,103.490,102.570,103.710,102.540
2006/11/16,Thu,103.620,103.440,103.800,103.450
2006/11/15,Wed,103.380,103.520,103.800,103.300
2006/11/14,Tue,103.840,103.280,103.900,103.100
2006/11/13,Mon,103.870,103.780,104.070,103.510
2006/11/12,Sun,,,,
2006/11/11,Sat,,,,
2006/11/10,Fri,104.410,103.870,104.450,103.650
2006/11/09,Thu,104.350,104.340,104.740,104.120
2006/11/08,Wed,104.190,104.270,104.520,103.880
2006/11/07,Tue,104.720,104.180,104.800,103.960
2006/11/06,Mon,104.480,104.650,104.880,104.120
2006/11/05,Sun,,,,
2006/11/04,Sat,,,,
2006/11/03,Fri,103.430,104.420,104.690,103.130
2006/11/02,Thu,103.420,103.220,103.740,102.920
2006/11/01,Wed,104.150,103.300,104.350,103.070
2006/10/31,Tue,104.400,104.170,104.710,103.970
2006/10/30,Mon,104.990,104.260,105.050,104.220
2006/10/29,Sun,,,,
2006/10/28,Sat,,,,
2006/10/27,Fri,105.450,105.020,105.720,104.800
2006/10/26,Thu,105.990,105.390,106.000,104.950
2006/10/25,Wed,105.950,105.970,106.030,105.490
2006/10/24,Tue,105.760,105.870,106.040,105.620
2006/10/23,Mon,105.490,105.690,106.000,105.380
2006/10/22,Sun,,,,
2006/10/21,Sat,,,,
2006/10/20,Fri,104.880,105.470,105.720,104.760
2006/10/19,Thu,104.640,104.830,104.890,104.210
2006/10/18,Wed,103.970,104.620,104.820,103.770
2006/10/17,Tue,104.690,103.880,104.770,103.970
2006/10/16,Mon,105.190,104.630,105.370,104.600
2006/10/15,Sun,,,,
2006/10/14,Sat,,,,
2006/10/13,Fri,105.280,105.080,105.440,105.030
2006/10/12,Thu,105.280,105.200,105.370,105.020
2006/10/11,Wed,105.610,105.130,105.660,105.070
2006/10/10,Tue,106.050,105.590,106.220,105.560
2006/10/09,Mon,105.660,106.060,106.250,105.480
2006/10/08,Sun,,,,
2006/10/07,Sat,,,,
2006/10/06,Fri,104.600,105.610,105.780,104.520
2006/10/05,Thu,104.610,104.550,104.780,104.170
2006/10/04,Wed,105.060,104.540,105.310,104.440
2006/10/03,Tue,105.470,105.010,105.530,104.990
2006/10/02,Mon,105.710,105.400,105.930,105.290
2006/10/01,Sun,,,,
2006/09/30,Sat,,,,
2006/09/29,Fri,106.040,105.640,106.200,105.440
2006/09/28,Thu,105.720,105.930,106.310,105.570
2006/09/27,Wed,105.130,105.660,105.930,104.820
2006/09/26,Tue,104.370,105.130,105.300,104.130
2006/09/25,Mon,104.240,104.300,104.600,104.000
2006/09/24,Sun,,,,
2006/09/23,Sat,,,,
2006/09/22,Fri,104.000,104.210,104.560,103.750
2006/09/21,Thu,104.020,103.900,104.420,103.790
2006/09/20,Wed,104.390,103.980,104.430,103.740
2006/09/19,Tue,105.590,104.390,105.640,104.160
2006/09/18,Mon,104.850,105.490,105.780,104.770
2006/09/17,Sun,,,,
2006/09/16,Sat,,,,
2006/09/15,Fri,105.160,104.990,105.640,104.520
2006/09/14,Thu,105.020,105.170,105.690,104.800
2006/09/13,Wed,105.270,104.900,105.340,104.650
2006/09/12,Tue,104.880,105.270,105.520,104.730
2006/09/11,Mon,104.340,104.840,105.060,104.050
2006/09/10,Sun,,,,
2006/09/09,Sat,,,,
2006/09/08,Fri,104.910,104.270,104.950,104.180
2006/09/07,Thu,105.470,104.890,105.900,104.770
2006/09/06,Wed,104.470,105.560,105.690,104.340
2006/09/05,Tue,104.850,104.380,104.960,103.960
2006/09/04,Mon,105.960,104.760,106.010,104.690
2006/09/03,Sun,,,,
2006/09/02,Sat,,,,
2006/09/01,Fri,106.340,106.040,106.380,105.850
2006/08/31,Thu,105.570,106.290,106.380,105.430
2006/08/30,Wed,105.310,105.500,105.900,105.240
2006/08/29,Tue,105.460,105.260,105.650,105.070
2006/08/28,Mon,105.720,105.430,105.900,105.310
2006/08/27,Sun,,,,
2006/08/26,Sat,,,,
2006/08/25,Fri,105.010,105.670,106.090,104.880
2006/08/24,Thu,104.600,104.980,105.100,104.490
2006/08/23,Wed,104.450,104.530,105.240,104.160
2006/08/22,Tue,103.690,104.410,104.700,103.620
2006/08/21,Mon,102.920,103.620,103.770,102.780
2006/08/20,Sun,,,,
2006/08/19,Sat,,,,
2006/08/18,Fri,103.350,102.900,103.460,102.770
2006/08/17,Thu,103.460,103.250,103.550,103.020
2006/08/16,Wed,103.490,103.430,103.860,103.220
2006/08/15,Tue,103.500,103.460,103.570,102.880
2006/08/14,Mon,103.370,103.520,103.850,103.310
2006/08/13,Sun,,,,
2006/08/12,Sat,,,,
2006/08/11,Fri,102.260,103.380,103.830,102.100
2006/08/10,Thu,102.980,102.220,103.100,102.190
2006/08/09,Wed,102.640,102.890,103.040,102.550
2006/08/08,Tue,102.850,102.610,103.010,102.290
2006/08/07,Mon,101.400,102.800,102.940,101.290
2006/08/06,Sun,,,,
2006/08/05,Sat,,,,
2006/08/04,Fri,102.200,101.490,102.510,101.060
2006/08/03,Thu,101.770,102.160,102.460,101.670
2006/08/02,Wed,101.330,101.700,101.890,101.080
2006/08/01,Tue,101.310,101.250,101.660,101.100
2006/07/31,Mon,101.390,101.280,101.850,101.070
2006/07/30,Sun,,,,
2006/07/29,Sat,,,,
2006/07/28,Fri,102.000,101.320,102.170,101.240
2006/07/27,Thu,102.450,101.930,102.660,101.710
2006/07/26,Wed,102.660,102.390,102.890,102.230
2006/07/25,Tue,102.310,102.580,102.850,102.150
2006/07/24,Mon,102.150,102.250,102.490,101.820
2006/07/23,Sun,,,,
2006/07/22,Sat,,,,
2006/07/21,Fri,103.340,102.040,103.350,101.930
2006/07/20,Thu,102.960,103.270,103.420,102.820
2006/07/19,Wed,103.200,102.870,103.570,102.850
2006/07/18,Tue,103.110,103.110,103.640,102.820
2006/07/17,Mon,103.040,103.090,103.770,102.910
2006/07/16,Sun,,,,
2006/07/15,Sat,,,,
2006/07/14,Fri,102.000,102.930,103.280,101.950
2006/07/13,Thu,101.860,101.980,102.120,101.590
2006/07/12,Wed,100.940,101.820,101.890,100.860
2006/07/11,Tue,101.670,100.850,101.870,100.610
2006/07/10,Mon,102.270,101.620,102.360,101.110
2006/07/09,Sun,,,,
2006/07/08,Sat,,,,
2006/07/07,Fri,103.420,102.370,103.690,102.210
2006/07/06,Thu,103.980,103.360,104.000,103.350
2006/07/05,Wed,103.670,103.930,104.230,103.550
2006/07/04,Tue,103.190,103.590,103.790,102.870
2006/07/03,Mon,102.580,103.150,103.550,102.140
2006/07/02,Sun,,,,
2006/07/01,Sat,,,,
2006/06/30,Fri,103.690,102.390,103.850,102.400
2006/06/29,Thu,103.630,103.570,104.460,103.390
2006/06/28,Wed,103.490,103.580,103.820,103.170
2006/06/27,Tue,103.490,103.410,103.870,103.320
2006/06/26,Mon,103.880,103.440,104.100,103.280
2006/06/25,Sun,,,,
2006/06/24,Sat,,,,
2006/06/23,Fri,103.870,103.770,103.950,102.990
2006/06/22,Thu,103.620,103.930,104.080,103.470
2006/06/21,Wed,102.780,103.580,104.040,102.570
2006/06/20,Tue,103.060,102.680,103.160,102.200
2006/06/19,Mon,102.650,103.030,103.180,102.530
2006/06/18,Sun,,,,
2006/06/17,Sat,,,,
2006/06/16,Fri,103.230,102.590,103.350,102.270
2006/06/15,Thu,103.270,103.210,103.380,102.710
2006/06/14,Wed,103.620,103.200,103.670,102.970
2006/06/13,Tue,104.000,103.570,104.290,103.560
2006/06/12,Mon,103.050,104.010,104.180,103.000
2006/06/11,Sun,,,,
2006/06/10,Sat,,,,
2006/06/09,Fri,101.740,102.900,103.120,101.410
2006/06/08,Thu,102.010,101.710,102.440,101.560
2006/06/07,Wed,101.740,102.050,102.130,101.490
2006/06/06,Tue,101.350,101.660,101.880,101.180
2006/06/05,Mon,101.430,101.300,101.790,101.160
2006/06/04,Sun,,,,
2006/06/03,Sat,,,,
2006/06/02,Fri,102.120,101.420,102.300,101.320
2006/06/01,Thu,102.230,101.990,102.530,101.790
2006/05/31,Wed,102.100,102.160,102.530,101.670
2006/05/30,Tue,101.650,102.060,102.220,101.280
2006/05/29,Mon,101.820,101.600,102.090,101.390
2006/05/28,Sun,,,,
2006/05/27,Sat,,,,
2006/05/26,Fri,100.920,101.760,101.950,100.610
2006/05/25,Thu,100.820,100.930,101.190,100.380
2006/05/24,Wed,99.500,100.800,100.880,99.480
2006/05/23,Tue,99.970,99.470,100.160,99.290
2006/05/22,Mon,99.820,100.040,100.300,99.580
2006/05/21,Sun,,,,
2006/05/20,Sat,,,,
2006/05/19,Fri,98.840,99.770,99.960,98.780
2006/05/18,Thu,99.560,98.850,99.950,98.480
2006/05/17,Wed,99.050,99.520,100.060,98.620
2006/05/16,Tue,99.290,99.080,99.450,98.680
2006/05/15,Mon,98.950,99.230,99.340,98.380
2006/05/14,Sun,,,,
2006/05/13,Sat,,,,
2006/05/12,Fri,100.300,99.190,100.430,99.110
2006/05/11,Thu,100.340,100.210,100.920,100.180
2006/05/10,Wed,101.020,100.350,101.100,100.060
2006/05/09,Tue,100.430,100.910,101.310,100.010
2006/05/08,Mon,101.250,100.380,101.450,100.110
2006/05/07,Sun,,,,
2006/05/06,Sat,,,,
2006/05/05,Fri,102.530,101.830,102.870,101.320
2006/05/04,Thu,102.490,102.470,102.820,102.230
2006/05/03,Wed,102.470,102.400,102.840,102.290
2006/05/02,Tue,101.850,102.360,102.780,101.830
2006/05/01,Mon,101.720,101.790,102.030,100.840
2006/04/30,Sun,,,,
2006/04/29,Sat,,,,
2006/04/28,Fri,101.680,101.870,101.980,101.420
2006/04/27,Thu,101.760,101.640,102.040,101.240
2006/04/26,Wed,101.490,101.670,102.100,101.450
2006/04/25,Tue,100.900,101.430,101.660,100.530
2006/04/24,Mon,101.970,100.780,102.080,100.530
2006/04/23,Sun,,,,
2006/04/22,Sat,,,,
2006/04/21,Fri,103.090,102.400,103.500,102.430
2006/04/20,Thu,103.260,103.020,103.670,102.880
2006/04/19,Wed,102.630,103.220,103.700,102.400
2006/04/18,Tue,102.790,102.580,103.240,102.650
2006/04/17,Mon,103.010,102.800,103.170,102.630
2006/04/16,Sun,,,,
2006/04/15,Sat,,,,
2006/04/14,Fri,102.990,103.030,103.300,102.940
2006/04/13,Thu,103.280,102.950,103.580,102.690
2006/04/12,Wed,103.490,103.270,103.510,102.990
2006/04/11,Tue,103.040,103.460,103.780,102.970
2006/04/10,Mon,102.870,102.940,103.530,102.620
2006/04/09,Sun,,,,
2006/04/08,Sat,,,,
2006/04/07,Fri,102.120,102.900,103.210,101.720
2006/04/06,Thu,100.990,102.110,102.330,100.970
2006/04/05,Wed,101.100,100.880,101.410,100.350
2006/04/04,Tue,100.520,101.040,101.120,100.070
2006/04/03,Mon,100.750,100.430,101.390,100.280
2006/04/02,Sun,,,,
2006/04/01,Sat,,,,
2006/03/31,Fri,101.160,100.660,101.440,100.620
2006/03/30,Thu,100.500,101.190,101.440,100.380
2006/03/29,Wed,100.740,100.480,100.870,100.190
2006/03/28,Tue,99.890,100.680,100.840,99.510
2006/03/27,Mon,100.650,99.830,100.820,99.370
2006/03/26,Sun,,,,
2006/03/25,Sat,,,,
2006/03/24,Fri,101.170,100.450,101.510,100.500
2006/03/23,Thu,100.320,101.160,101.240,100.040
2006/03/22,Wed,100.760,100.260,100.840,99.820
2006/03/21,Tue,100.290,100.750,100.850,99.970
2006/03/20,Mon,100.080,100.240,100.540,99.060
2006/03/19,Sun,,,,
2006/03/18,Sat,,,,
2006/03/17,Fri,101.380,100.010,101.450,99.900
2006/03/16,Thu,101.660,101.310,102.070,101.290
2006/03/15,Wed,101.650,101.570,101.940,101.460
2006/03/14,Tue,102.600,101.580,102.620,101.450
2006/03/13,Mon,102.590,102.610,102.850,102.310
2006/03/12,Sun,,,,
2006/03/11,Sat,,,,
2006/03/10,Fri,101.880,102.370,102.680,101.680
2006/03/09,Thu,101.900,101.720,102.470,101.150
2006/03/08,Wed,102.480,101.850,102.530,101.590
2006/03/07,Tue,103.140,102.480,103.290,102.420
2006/03/06,Mon,102.600,103.120,103.430,102.280
2006/03/05,Sun,,,,
2006/03/04,Sat,,,,
2006/03/03,Fri,102.440,102.560,102.960,102.110
2006/03/02,Thu,102.290,102.310,102.700,102.080
2006/03/01,Wed,101.840,102.210,102.530,101.580
2006/02/28,Tue,101.830,101.820,102.200,101.730
2006/02/27,Mon,101.680,101.880,101.980,100.540
2006/02/26,Sun,,,,
2006/02/25,Sat,,,,
2006/02/24,Fri,101.550,101.640,101.920,101.050
2006/02/23,Thu,103.140,101.550,103.210,101.430
2006/02/22,Wed,103.510,103.180,103.580,103.040
2006/02/21,Tue,103.020,103.460,103.870,103.010
2006/02/20,Mon,102.640,103.020,103.160,102.510
2006/02/19,Sun,,,,
2006/02/18,Sat,,,,
2006/02/17,Fri,101.630,102.650,102.960,101.470
2006/02/16,Thu,101.900,101.550,102.070,101.560
2006/02/15,Wed,101.790,101.730,102.350,101.390
2006/02/14,Tue,101.940,101.730,102.100,101.170
2006/02/13,Mon,102.130,101.780,102.400,101.770
2006/02/12,Sun,,,,
2006/02/11,Sat,,,,
2006/02/10,Fri,103.690,102.120,103.800,101.300
2006/02/09,Thu,103.100,103.650,103.850,102.960
2006/02/08,Wed,102.220,103.100,103.280,101.890
2006/02/07,Tue,103.770,102.350,103.940,102.160
2006/02/06,Mon,103.870,103.780,104.140,103.490
2006/02/05,Sun,,,,
2006/02/04,Sat,,,,
2006/02/03,Fri,103.580,103.710,104.020,103.260
2006/02/02,Thu,103.420,103.490,103.880,103.250
2006/02/01,Wed,102.940,103.450,103.710,102.740
2006/01/31,Tue,102.630,102.860,103.150,102.060
2006/01/30,Mon,102.030,102.510,102.960,101.810
2006/01/29,Sun,,,,
2006/01/28,Sat,,,,
2006/01/27,Fri,101.180,101.940,102.290,100.960
2006/01/26,Thu,100.730,101.260,101.310,100.200
2006/01/25,Wed,99.570,100.580,100.850,99.540
2006/01/24,Tue,99.590,99.370,99.880,98.870
2006/01/23,Mon,99.860,99.480,100.010,99.230
2006/01/22,Sun,,,,
2006/01/21,Sat,,,,
2006/01/20,Fri,99.230,99.960,100.210,98.850
2006/01/19,Thu,98.410,99.110,99.270,97.630
2006/01/18,Wed,99.200,98.330,99.690,98.140
2006/01/17,Tue,99.310,99.100,99.740,98.980
2006/01/16,Mon,98.470,99.220,99.350,98.090
2006/01/15,Sun,,,,
2006/01/14,Sat,,,,
2006/01/13,Fri,98.340,98.370,98.920,98.250
2006/01/12,Thu,98.480,98.230,98.690,97.880
2006/01/11,Wed,98.140,98.480,98.630,97.940
2006/01/10,Tue,97.990,98.010,98.620,97.560
2006/01/09,Mon,98.180,97.780,98.320,97.140
2006/01/08,Sun,,,,
2006/01/07,Sat,,,,
2006/01/06,Fri,99.780,98.130,99.970,98.000
2006/01/05,Thu,101.180,99.670,101.470,99.500
2006/01/04,Wed,100.470,101.010,101.280,99.970
2006/01/03,Tue,101.250,100.460,101.400,100.370
2006/01/02,Mon,101.360,101.110,101.630,100.730
2006/01/01,Sun,,,,
2005/12/31,Sat,,,,
2005/12/30,Fri,101.220,101.420,101.600,100.640
2005/12/29,Thu,101.140,101.140,101.350,100.860
2005/12/28,Wed,99.980,101.090,101.350,99.860
2005/12/27,Tue,99.560,100.020,100.470,99.430
2005/12/26,Mon,99.570,99.400,99.980,99.270
2005/12/25,Sun,,,,
2005/12/24,Sat,,,,
2005/12/23,Fri,100.050,99.660,100.220,99.540
2005/12/22,Thu,100.670,99.960,100.880,99.640
2005/12/21,Wed,99.950,100.440,100.680,99.590
2005/12/20,Tue,99.350,99.890,100.030,99.200
2005/12/19,Mon,99.740,99.160,100.630,99.180
2005/12/18,Sun,,,,
2005/12/17,Sat,,,,
2005/12/16,Fri,100.330,99.710,100.810,99.580
2005/12/15,Thu,101.880,100.220,102.260,100.080
2005/12/14,Wed,104.300,101.740,104.490,101.250
2005/12/13,Tue,104.040,104.220,104.560,103.970
2005/12/12,Mon,104.270,103.910,104.700,103.750
2005/12/11,Sun,,,,
2005/12/10,Sat,,,,
2005/12/09,Fri,103.830,104.260,104.350,103.720
2005/12/08,Thu,104.410,103.760,104.480,103.570
2005/12/07,Wed,104.450,104.380,104.630,103.870
2005/12/06,Tue,104.460,104.360,105.050,104.340
2005/12/05,Mon,104.050,104.360,104.610,103.980
2005/12/04,Sun,,,,
2005/12/03,Sat,,,,
2005/12/02,Fri,103.410,103.720,104.260,103.260
2005/12/01,Thu,102.820,103.420,103.600,102.430
2005/11/30,Wed,102.390,102.730,102.920,102.070
2005/11/29,Tue,101.820,102.320,102.430,101.680
2005/11/28,Mon,102.300,101.670,102.600,101.500
2005/11/27,Sun,,,,
2005/11/26,Sat,,,,
2005/11/25,Fri,101.480,102.250,102.510,101.440
2005/11/24,Thu,101.270,101.490,101.600,101.180
2005/11/23,Wed,101.130,101.240,101.510,100.760
2005/11/22,Tue,100.690,101.120,101.460,100.510
2005/11/21,Mon,100.360,100.500,100.800,99.820
2005/11/20,Sun,,,,
2005/11/19,Sat,,,,
2005/11/18,Fri,100.060,100.120,100.470,99.900
2005/11/17,Thu,99.880,99.990,100.170,99.360
2005/11/16,Wed,99.700,99.790,100.120,99.620
2005/11/15,Tue,99.570,99.620,99.880,99.370
2005/11/14,Mon,99.130,99.460,99.670,98.890
2005/11/13,Sun,,,,
2005/11/12,Sat,,,,
2005/11/11,Fri,99.250,99.030,99.320,98.900
2005/11/10,Thu,99.070,99.210,99.760,98.950
2005/11/09,Wed,99.000,99.080,99.350,98.460
2005/11/08,Tue,99.170,98.830,99.190,98.240
2005/11/07,Mon,99.890,98.980,99.910,98.710
2005/11/06,Sun,,,,
2005/11/05,Sat,,,,
2005/11/04,Fri,99.190,99.920,100.570,99.160
2005/11/03,Thu,99.130,99.120,99.460,98.960
2005/11/02,Wed,99.330,99.060,99.450,98.850
2005/11/01,Tue,98.510,99.220,99.380,98.430
2005/10/31,Mon,98.220,98.480,99.000,98.150
2005/10/30,Sun,,,,
2005/10/29,Sat,,,,
2005/10/28,Fri,98.500,98.180,98.640,98.000
2005/10/27,Thu,99.050,98.420,99.340,98.400
2005/10/26,Wed,97.890,99.010,99.090,97.700
2005/10/25,Tue,97.280,97.880,98.030,97.180
2005/10/24,Mon,97.560,97.240,97.760,96.820
2005/10/23,Sun,,,,
2005/10/22,Sat,,,,
2005/10/21,Fri,97.920,97.550,98.180,97.530
2005/10/20,Thu,98.120,97.810,98.600,97.830
2005/10/19,Wed,98.260,98.050,98.520,97.860
2005/10/18,Tue,97.430,98.240,98.300,97.410
2005/10/17,Mon,96.170,97.360,97.540,96.100
2005/10/16,Sun,,,,
2005/10/15,Sat,,,,
2005/10/14,Fri,96.780,96.060,97.170,95.980
2005/10/13,Thu,97.610,96.790,98.020,96.590
2005/10/12,Wed,97.400,97.610,97.850,97.290
2005/10/11,Tue,97.050,97.310,97.510,96.560
2005/10/10,Mon,96.840,96.930,97.470,96.640
2005/10/09,Sun,,,,
2005/10/08,Sat,,,,
2005/10/07,Fri,95.920,96.900,97.080,95.890
2005/10/06,Thu,96.310,95.830,96.660,95.690
2005/10/05,Wed,97.500,96.280,97.580,96.300
2005/10/04,Tue,97.880,97.390,98.160,97.280
2005/10/03,Mon,97.600,97.840,98.240,97.510
2005/10/02,Sun,,,,
2005/10/01,Sat,,,,
2005/09/30,Fri,96.510,97.520,97.920,96.330
2005/09/29,Thu,96.310,96.460,96.660,95.970
2005/09/28,Wed,96.150,96.240,96.500,95.740
2005/09/27,Tue,95.690,96.100,96.560,95.650
2005/09/26,Mon,95.950,95.620,96.090,95.290
2005/09/25,Sun,,,,
2005/09/24,Sat,,,,
2005/09/23,Fri,95.290,96.110,96.270,94.850
2005/09/22,Thu,95.330,95.100,95.790,95.220
2005/09/21,Wed,95.720,95.300,95.810,95.040
2005/09/20,Tue,95.490,95.620,95.810,95.160
2005/09/19,Mon,94.320,95.440,95.530,94.220
2005/09/18,Sun,,,,
2005/09/17,Sat,,,,
2005/09/16,Fri,93.370,94.390,94.570,93.290
2005/09/15,Thu,93.460,93.340,93.630,92.770
2005/09/14,Wed,93.590,93.410,93.830,92.980
2005/09/13,Tue,92.970,93.590,94.020,92.790
2005/09/12,Mon,92.780,92.920,93.090,92.550
2005/09/11,Sun,,,,
2005/09/10,Sat,,,,
2005/09/09,Fri,93.550,93.080,93.890,92.840
2005/09/08,Thu,92.640,93.500,93.590,92.560
2005/09/07,Wed,92.150,92.570,93.000,91.950
2005/09/06,Tue,91.780,92.120,92.520,91.650
2005/09/05,Mon,92.370,91.700,92.400,91.590
2005/09/04,Sun,,,,
2005/09/03,Sat,,,,
2005/09/02,Fri,92.810,92.370,92.980,92.100
2005/09/01,Thu,93.140,92.730,93.360,92.680
2005/08/31,Wed,93.380,93.030,93.820,93.090
2005/08/30,Tue,92.320,93.290,93.630,92.260
2005/08/29,Mon,91.960,92.220,92.820,91.890
2005/08/28,Sun,,,,
2005/08/27,Sat,,,,
2005/08/26,Fri,92.350,91.700,92.600,91.620
2005/08/25,Thu,92.560,92.340,92.880,92.220
2005/08/24,Wed,91.810,92.520,92.680,91.730
2005/08/23,Tue,91.300,91.770,91.950,91.060
2005/08/22,Mon,91.150,91.250,91.330,90.510
2005/08/21,Sun,,,,
2005/08/20,Sat,,,,
2005/08/19,Fri,90.680,91.170,91.370,90.510
2005/08/18,Thu,90.450,90.660,90.990,90.400
2005/08/17,Wed,91.440,90.480,91.600,90.540
2005/08/16,Tue,91.070,91.340,91.520,90.700
2005/08/15,Mon,91.500,90.940,91.820,91.010
2005/08/14,Sun,,,,
2005/08/13,Sat,,,,
2005/08/12,Fri,91.280,91.350,91.840,91.140
2005/08/11,Thu,91.420,91.210,91.690,90.990
2005/08/10,Wed,92.280,91.330,92.330,91.050
2005/08/09,Tue,92.390,92.250,92.470,91.970
2005/08/08,Mon,92.160,92.310,92.440,91.870
2005/08/07,Sun,,,,
2005/08/06,Sat,,,,
2005/08/05,Fri,91.660,91.990,92.190,91.390
2005/08/04,Thu,91.340,91.570,92.000,91.200
2005/08/03,Wed,91.410,91.260,92.070,91.240
2005/08/02,Tue,92.690,91.350,92.760,91.440
2005/08/01,Mon,91.830,92.580,92.750,91.560
2005/07/31,Sun,,,,
2005/07/30,Sat,,,,
2005/07/29,Fri,91.120,92.030,92.740,90.940
2005/07/28,Thu,90.970,91.090,91.500,90.680
2005/07/27,Wed,91.440,90.900,91.610,90.550
2005/07/26,Tue,91.470,91.440,91.970,91.140
2005/07/25,Mon,91.340,91.360,91.920,91.200
2005/07/24,Sun,,,,
2005/07/23,Sat,,,,
2005/07/22,Fri,90.630,91.430,91.580,90.580
2005/07/21,Thu,92.420,90.560,92.510,90.410
2005/07/20,Wed,92.430,92.410,93.030,92.190
2005/07/19,Tue,92.060,92.370,92.780,91.770
2005/07/18,Mon,91.960,91.950,92.240,91.710
2005/07/17,Sun,,,,
2005/07/16,Sat,,,,
2005/07/15,Fri,92.600,91.980,92.800,91.840
2005/07/14,Thu,92.640,92.530,93.230,92.410
2005/07/13,Wed,92.050,92.560,93.060,92.000
2005/07/12,Tue,91.850,92.020,92.320,91.480
2005/07/11,Mon,92.040,91.840,92.420,91.770
2005/07/10,Sun,,,,
2005/07/09,Sat,,,,
2005/07/08,Fri,91.230,92.040,92.150,91.140
2005/07/07,Thu,90.830,91.130,91.300,90.300
2005/07/06,Wed,89.880,90.700,90.820,89.720
2005/07/05,Tue,89.990,89.770,90.290,89.640
2005/07/04,Mon,89.830,89.930,90.030,89.420
2005/07/03,Sun,,,,
2005/07/02,Sat,,,,
2005/07/01,Fri,90.440,89.900,90.590,89.820
2005/06/30,Thu,89.920,90.400,90.640,89.480
2005/06/29,Wed,89.230,89.880,90.090,89.120
2005/06/28,Tue,88.870,89.160,89.460,88.740
2005/06/27,Mon,88.500,88.840,89.080,88.280
2005/06/26,Sun,,,,
2005/06/25,Sat,,,,
2005/06/24,Fri,88.350,88.440,88.970,88.270
2005/06/23,Thu,88.170,88.240,88.470,87.650
2005/06/22,Wed,87.870,88.150,88.350,87.790
2005/06/21,Tue,88.470,87.730,88.560,87.800
2005/06/20,Mon,88.460,88.410,88.980,88.220
2005/06/19,Sun,,,,
2005/06/18,Sat,,,,
2005/06/17,Fri,88.100,88.220,88.440,87.850
2005/06/16,Thu,88.300,88.040,88.380,87.860
2005/06/15,Wed,87.410,88.310,88.410,87.180
2005/06/14,Tue,87.230,87.370,87.450,86.880
2005/06/13,Mon,86.810,87.160,87.320,86.520
2005/06/12,Sun,,,,
2005/06/11,Sat,,,,
2005/06/10,Fri,85.510,86.690,87.050,85.320
2005/06/09,Thu,85.770,85.420,85.800,85.420
2005/06/08,Wed,85.570,85.660,85.960,85.470
2005/06/07,Tue,85.940,85.520,86.030,85.260
2005/06/06,Mon,86.420,85.840,86.530,85.720
2005/06/05,Sun,,,,
2005/06/04,Sat,,,,
2005/06/03,Fri,86.720,86.260,86.800,86.230
2005/06/02,Thu,87.090,86.670,87.160,86.430
2005/06/01,Wed,86.520,87.020,87.180,86.220
2005/05/31,Tue,85.970,86.480,86.600,85.620
2005/05/30,Mon,86.070,85.940,86.130,85.670
2005/05/29,Sun,,,,
2005/05/28,Sat,,,,
2005/05/27,Fri,85.240,86.060,86.200,85.130
2005/05/26,Thu,85.210,85.190,85.480,85.090
2005/05/25,Wed,85.430,85.190,85.570,85.040
2005/05/24,Tue,85.580,85.380,85.670,84.990
2005/05/23,Mon,85.480,85.560,85.710,85.380
2005/05/22,Sun,,,,
2005/05/21,Sat,,,,
2005/05/20,Fri,85.540,85.400,85.780,85.360
2005/05/19,Thu,84.980,85.490,85.540,84.770
2005/05/18,Wed,84.980,84.910,85.200,84.670
2005/05/17,Tue,84.150,85.000,85.040,83.950
2005/05/16,Mon,84.830,84.100,85.100,84.060
2005/05/15,Sun,,,,
2005/05/14,Sat,,,,
2005/05/13,Fri,85.390,84.770,85.540,84.700
2005/05/12,Thu,84.820,85.330,85.470,84.710
2005/05/11,Wed,85.350,84.760,85.370,84.510
2005/05/10,Tue,85.400,85.310,85.610,85.160
2005/05/09,Mon,84.670,85.320,85.390,84.600
2005/05/08,Sun,,,,
2005/05/07,Sat,,,,
2005/05/06,Fri,83.930,84.520,84.680,83.870
2005/05/05,Thu,83.880,83.870,83.990,83.640
2005/05/04,Wed,83.820,83.790,84.070,83.350
2005/05/03,Tue,83.780,83.830,84.000,83.560
2005/05/02,Mon,83.370,83.750,83.820,83.210
2005/05/01,Sun,,,,
2005/04/30,Sat,,,,
2005/04/29,Fri,84.750,83.090,84.790,83.110
2005/04/28,Thu,84.730,84.690,84.990,84.380
2005/04/27,Wed,85.240,84.690,85.460,84.560
2005/04/26,Tue,85.450,85.140,85.600,84.950
2005/04/25,Mon,85.610,85.390,85.770,85.190
2005/04/24,Sun,,,,
2005/04/23,Sat,,,,
2005/04/22,Fri,86.280,85.760,86.320,85.560
2005/04/21,Thu,86.100,86.230,86.770,86.070
2005/04/20,Wed,86.350,85.990,86.510,86.010
2005/04/19,Tue,86.060,86.260,86.340,85.740
2005/04/18,Mon,86.460,86.100,86.620,85.910
2005/04/17,Sun,,,,
2005/04/16,Sat,,,,
2005/04/15,Fri,87.150,86.440,87.330,86.360
2005/04/14,Thu,86.700,87.070,87.270,86.640
2005/04/13,Wed,87.010,86.620,87.140,86.660
2005/04/12,Tue,87.390,86.980,87.890,86.970
2005/04/11,Mon,88.130,87.300,88.410,87.160
2005/04/10,Sun,,,,
2005/04/09,Sat,,,,
2005/04/08,Fri,88.810,88.000,88.890,88.000
2005/04/07,Thu,88.940,88.760,89.000,88.600
2005/04/06,Wed,88.780,88.890,89.160,88.500
2005/04/05,Tue,88.560,88.760,88.990,88.520
2005/04/04,Mon,88.520,88.500,88.870,88.430
2005/04/03,Sun,,,,
2005/04/02,Sat,,,,
2005/04/01,Fri,88.520,88.560,88.810,88.160
2005/03/31,Thu,88.390,88.520,88.700,87.900
2005/03/30,Wed,88.820,88.290,88.950,88.110
2005/03/29,Tue,88.030,88.700,88.970,87.930
2005/03/28,Mon,87.290,87.800,88.060,87.260
2005/03/27,Sun,,,,
2005/03/26,Sat,,,,
2005/03/25,Fri,87.530,87.260,87.730,87.230
2005/03/24,Thu,87.110,87.440,87.720,87.050
2005/03/23,Wed,87.370,87.150,87.470,86.870
2005/03/22,Tue,86.810,87.300,87.570,86.610
2005/03/21,Mon,87.060,86.750,87.220,86.680
2005/03/20,Sun,,,,
2005/03/19,Sat,,,,
2005/03/18,Fri,87.040,87.100,87.300,86.830
2005/03/17,Thu,86.470,86.960,87.290,86.250
2005/03/16,Wed,86.650,86.370,86.710,86.390
2005/03/15,Tue,86.830,86.490,87.010,86.490
2005/03/14,Mon,86.180,86.830,87.110,86.090
2005/03/13,Sun,,,,
2005/03/12,Sat,,,,
2005/03/11,Fri,86.420,86.240,86.570,85.950
2005/03/10,Thu,86.210,86.350,86.810,86.130
2005/03/09,Wed,86.290,86.170,86.640,85.960
2005/03/08,Tue,85.560,86.170,86.370,85.320
2005/03/07,Mon,85.080,85.520,85.640,84.860
2005/03/06,Sun,,,,
2005/03/05,Sat,,,,
2005/03/04,Fri,84.650,85.010,85.140,84.580
2005/03/03,Thu,84.520,84.570,84.750,84.020
2005/03/02,Wed,84.150,84.490,84.600,84.040
2005/03/01,Tue,84.780,84.110,84.850,83.880
2005/02/28,Mon,84.880,84.720,85.010,84.500
2005/02/27,Sun,,,,
2005/02/26,Sat,,,,
2005/02/25,Fri,85.060,84.920,85.130,84.560
2005/02/24,Thu,84.190,84.980,85.090,83.930
2005/02/23,Wed,84.910,84.410,85.400,84.260
2005/02/22,Tue,85.570,84.930,85.580,84.520
2005/02/21,Mon,85.820,85.530,85.950,85.350
2005/02/20,Sun,,,,
2005/02/19,Sat,,,,
2005/02/18,Fri,85.880,85.690,86.080,85.470
2005/02/17,Thu,85.210,85.830,85.990,85.060
2005/02/16,Wed,84.880,85.170,85.370,84.750
2005/02/15,Tue,85.260,84.780,85.340,84.620
2005/02/14,Mon,85.340,85.180,85.460,84.820
2005/02/13,Sun,,,,
2005/02/12,Sat,,,,
2005/02/11,Fri,85.200,85.410,85.540,84.970
2005/02/10,Thu,84.630,85.210,85.330,84.480
2005/02/09,Wed,84.860,84.480,84.920,84.440
2005/02/08,Tue,83.520,84.790,84.870,83.390
2005/02/07,Mon,83.500,83.480,83.740,83.110
2005/02/06,Sun,,,,
2005/02/05,Sat,,,,
2005/02/04,Fri,84.170,83.340,84.310,82.940
2005/02/03,Thu,83.660,84.120,84.280,83.650
2005/02/02,Wed,83.850,83.710,84.300,83.590
2005/02/01,Tue,83.630,83.900,84.030,83.480
2005/01/31,Mon,83.500,83.500,83.770,83.260
2005/01/30,Sun,,,,
2005/01/29,Sat,,,,
2005/01/28,Fri,83.140,83.350,83.530,82.790
2005/01/27,Thu,83.610,83.250,83.920,83.100
2005/01/26,Wed,84.220,83.490,84.280,83.260
2005/01/25,Tue,83.820,84.180,84.620,83.710
2005/01/24,Mon,84.120,83.760,84.760,83.730
2005/01/23,Sun,,,,
2005/01/22,Sat,,,,
2005/01/21,Fri,83.850,84.060,84.740,83.770
2005/01/20,Thu,83.700,83.800,83.940,83.300
2005/01/19,Wed,83.570,83.710,84.300,83.270
2005/01/18,Tue,83.890,83.510,84.190,83.530
2005/01/17,Mon,83.840,83.780,84.100,83.670
2005/01/16,Sun,,,,
2005/01/15,Sat,,,,
2005/01/14,Fri,85.180,83.890,85.290,83.590
2005/01/13,Thu,85.230,85.150,85.510,84.980
2005/01/12,Wed,84.740,85.260,85.720,84.580
2005/01/11,Tue,85.290,84.810,85.540,84.730
2005/01/10,Mon,85.020,85.170,85.640,84.930
2005/01/09,Sun,,,,
2005/01/08,Sat,,,,
2005/01/07,Fri,85.000,85.060,85.320,84.560
2005/01/06,Thu,84.960,84.960,85.440,84.740
2005/01/05,Wed,85.420,84.840,85.590,84.740
2005/01/04,Tue,85.130,85.540,85.640,84.820
2005/01/03,Mon,85.480,85.000,85.610,84.770
2005/01/02,Sun,,,,
2005/01/01,Sat,,,,
2004/12/31,Fri,85.590,85.100,85.680,84.850
2004/12/30,Thu,85.680,85.580,85.980,85.300
2004/12/29,Wed,84.700,85.720,85.920,84.650
2004/12/28,Tue,84.590,84.620,84.910,84.410
2004/12/27,Mon,84.230,84.460,84.830,84.150
2004/12/26,Sun,,,,
2004/12/25,Sat,,,,
2004/12/24,Fri,84.100,84.260,84.400,83.870
2004/12/23,Thu,83.980,84.090,84.200,83.670
2004/12/22,Wed,84.830,83.870,85.060,83.500
2004/12/21,Tue,84.800,84.730,85.330,84.410
2004/12/20,Mon,84.780,84.640,85.210,84.460
2004/12/19,Sun,,,,
2004/12/18,Sat,,,,
2004/12/17,Fri,84.870,84.850,85.210,84.470
2004/12/16,Thu,85.120,84.890,85.270,84.050
2004/12/15,Wed,85.370,85.100,85.450,84.590
2004/12/14,Tue,85.390,85.360,85.570,84.820
2004/12/13,Mon,85.880,85.370,86.160,84.990
2004/12/12,Sun,,,,
2004/12/11,Sat,,,,
2004/12/10,Fri,85.600,85.770,86.280,85.530
2004/12/09,Thu,85.640,85.590,85.790,85.160
2004/12/08,Wed,85.160,85.670,85.690,84.990
2004/12/07,Tue,86.030,85.090,86.100,84.880
2004/12/06,Mon,85.690,85.940,86.200,85.250
2004/12/05,Sun,,,,
2004/12/04,Sat,,,,
2004/12/03,Fri,86.430,85.660,86.920,85.330
2004/12/02,Thu,86.720,86.440,86.970,86.200
2004/12/01,Wed,86.760,86.670,86.950,86.350
2004/11/30,Tue,86.770,86.760,87.010,86.190
2004/11/29,Mon,87.190,86.650,87.330,86.550
2004/11/28,Sun,,,,
2004/11/27,Sat,,,,
2004/11/26,Fri,87.070,87.200,87.570,86.920
2004/11/25,Thu,87.200,87.040,87.380,86.860
2004/11/24,Wed,87.120,87.070,87.500,86.860
2004/11/23,Tue,87.060,87.130,87.240,86.850
2004/11/22,Mon,86.440,86.940,87.300,86.210
2004/11/21,Sun,,,,
2004/11/20,Sat,,,,
2004/11/19,Fri,86.430,86.340,86.600,85.720
2004/11/18,Thu,87.090,86.380,87.240,86.210
2004/11/17,Wed,88.100,86.960,88.290,87.000
2004/11/16,Tue,87.730,88.060,88.400,87.640
2004/11/15,Mon,88.520,87.640,88.580,87.600
2004/11/14,Sun,,,,
2004/11/13,Sat,,,,
2004/11/12,Fri,89.140,88.480,89.280,88.270
2004/11/11,Thu,89.700,89.080,89.730,89.000
2004/11/10,Wed,88.140,89.670,89.780,88.030
2004/11/09,Tue,88.320,88.050,88.760,88.030
2004/11/08,Mon,88.250,88.320,88.640,88.010
2004/11/07,Sun,,,,
2004/11/06,Sat,,,,
2004/11/05,Fri,87.890,88.110,88.260,87.700
2004/11/04,Thu,87.880,87.780,88.190,87.690
2004/11/03,Wed,86.540,87.840,87.930,86.480
2004/11/02,Tue,87.080,86.610,87.210,86.510
2004/11/01,Mon,86.850,86.970,87.330,86.790
2004/10/31,Sun,,,,
2004/10/30,Sat,,,,
2004/10/29,Fri,86.890,86.790,87.290,86.650
2004/10/28,Thu,86.870,87.070,87.240,86.410
2004/10/27,Wed,87.180,86.790,87.460,86.750
2004/10/26,Tue,87.390,87.100,87.600,86.920
2004/10/25,Mon,86.980,87.340,87.590,86.750
2004/10/24,Sun,,,,
2004/10/23,Sat,,,,
2004/10/22,Fri,86.470,86.870,87.010,86.350
2004/10/21,Thu,86.940,86.390,87.040,86.160
2004/10/20,Wed,86.070,86.900,87.100,86.020
2004/10/19,Tue,86.940,85.970,87.000,86.040
2004/10/18,Mon,87.180,86.900,87.380,86.820
2004/10/17,Sun,,,,
2004/10/16,Sat,,,,
2004/10/15,Fri,87.240,87.240,87.370,86.640
2004/10/14,Thu,87.370,87.200,87.580,87.000
2004/10/13,Wed,87.330,87.330,87.430,86.620
2004/10/12,Tue,87.320,87.300,87.430,87.050
2004/10/11,Mon,87.540,87.060,87.590,86.980
2004/10/10,Sun,,,,
2004/10/09,Sat,,,,
2004/10/08,Fri,88.220,87.460,88.300,87.360
2004/10/07,Thu,88.370,88.180,88.760,88.070
2004/10/06,Wed,88.170,88.340,88.530,87.830
2004/10/05,Tue,87.190,88.130,88.260,86.970
2004/10/04,Mon,87.760,87.150,87.930,87.110
2004/10/03,Sun,,,,
2004/10/02,Sat,,,,
2004/10/01,Fri,87.190,87.610,87.770,87.110
2004/09/30,Thu,87.280,87.110,87.640,86.820
2004/09/29,Wed,87.590,87.260,87.630,87.020
2004/09/28,Tue,87.490,87.500,87.850,87.270
2004/09/27,Mon,86.820,87.430,87.560,86.630
2004/09/26,Sun,,,,
2004/09/25,Sat,,,,
2004/09/24,Fri,86.630,86.930,87.080,86.280
2004/09/23,Thu,86.250,86.540,86.630,86.140
2004/09/22,Wed,85.280,86.170,86.300,85.160
2004/09/21,Tue,84.910,85.220,85.460,84.870
2004/09/20,Mon,84.570,84.870,85.020,84.410
2004/09/19,Sun,,,,
2004/09/18,Sat,,,,
2004/09/17,Fri,84.960,84.540,85.260,84.390
2004/09/16,Thu,84.840,84.900,85.100,84.540
2004/09/15,Wed,84.760,84.800,85.040,84.290
2004/09/14,Tue,84.570,84.700,84.840,84.290
2004/09/13,Mon,84.890,84.520,85.360,84.530
2004/09/12,Sun,,,,
2004/09/11,Sat,,,,
2004/09/10,Fri,85.070,84.840,85.590,84.800
2004/09/09,Thu,84.750,85.100,85.400,84.570
2004/09/08,Wed,84.950,84.740,85.020,84.530
2004/09/07,Tue,84.820,84.910,85.190,84.290
2004/09/06,Mon,84.980,84.790,85.140,84.660
2004/09/05,Sun,,,,
2004/09/04,Sat,,,,
2004/09/03,Fri,84.210,84.900,85.220,83.970
2004/09/02,Thu,83.700,84.170,84.330,83.600
2004/09/01,Wed,83.180,83.670,83.910,83.020
2004/08/31,Tue,83.400,83.100,83.600,82.720
2004/08/30,Mon,83.480,83.350,83.850,83.250
2004/08/29,Sun,,,,
2004/08/28,Sat,,,,
2004/08/27,Fri,83.890,83.470,83.960,83.360
2004/08/26,Thu,84.420,83.770,84.460,83.460
2004/08/25,Wed,83.880,84.370,84.690,83.690
2004/08/24,Tue,84.000,83.870,84.480,83.710
2004/08/23,Mon,84.120,84.020,84.380,83.700
2004/08/22,Sun,,,,
2004/08/21,Sat,,,,
2004/08/20,Fri,84.360,84.050,84.500,84.010
2004/08/19,Thu,83.890,84.290,84.440,83.830
2004/08/18,Wed,84.090,83.860,84.330,83.550
2004/08/17,Tue,84.530,84.150,84.770,83.980
2004/08/16,Mon,84.450,84.520,84.860,84.220
2004/08/15,Sun,,,,
2004/08/14,Sat,,,,
2004/08/13,Fri,83.260,84.560,84.660,83.210
2004/08/12,Thu,83.690,83.230,83.870,83.190
2004/08/11,Wed,84.300,83.610,84.380,83.570
2004/08/10,Tue,83.990,84.240,84.540,83.850
2004/08/09,Mon,84.140,83.900,84.340,83.870
2004/08/08,Sun,,,,
2004/08/07,Sat,,,,
2004/08/06,Fri,84.780,84.210,84.880,83.920
2004/08/05,Thu,84.420,84.710,84.820,84.220
2004/08/04,Wed,83.970,84.350,84.850,83.890
2004/08/03,Tue,83.130,83.980,84.060,83.050
2004/08/02,Mon,83.600,83.040,83.870,83.080
2004/08/01,Sun,,,,
2004/07/31,Sat,,,,
2004/07/30,Fri,84.550,83.640,84.680,83.500
2004/07/29,Thu,84.040,84.460,84.660,83.890
2004/07/28,Wed,83.270,83.960,84.300,83.060
2004/07/27,Tue,82.500,83.180,83.360,82.380
2004/07/26,Mon,83.390,82.510,83.480,82.450
2004/07/25,Sun,,,,
2004/07/24,Sat,,,,
2004/07/23,Fri,83.370,83.310,83.730,83.170
2004/07/22,Thu,83.060,83.230,83.540,82.560
2004/07/21,Wed,82.720,83.070,83.190,82.420
2004/07/20,Tue,82.810,82.650,83.130,82.420
2004/07/19,Mon,83.040,82.770,83.230,82.480
2004/07/18,Sun,,,,
2004/07/17,Sat,,,,
2004/07/16,Fri,82.960,82.890,83.270,82.510
2004/07/15,Thu,82.490,82.890,83.040,82.330
2004/07/14,Wed,82.360,82.490,83.090,82.230
2004/07/13,Tue,82.120,82.310,82.750,81.780
2004/07/12,Mon,82.100,82.050,82.260,81.700
2004/07/11,Sun,,,,
2004/07/10,Sat,,,,
2004/07/09,Fri,82.720,82.030,82.760,81.750
2004/07/08,Thu,82.200,82.650,82.740,82.070
2004/07/07,Wed,82.480,82.180,82.570,81.890
2004/07/06,Tue,82.280,82.410,82.960,82.190
2004/07/05,Mon,81.840,82.210,82.400,81.800
2004/07/04,Sun,,,,
2004/07/03,Sat,,,,
2004/07/02,Fri,81.380,81.760,82.060,81.360
2004/07/01,Thu,81.600,81.380,81.690,80.910
2004/06/30,Wed,80.480,81.600,81.870,80.350
2004/06/29,Tue,80.050,80.410,80.880,79.960
2004/06/28,Mon,79.680,80.020,80.440,79.600
2004/06/27,Sun,,,,
2004/06/26,Sat,,,,
2004/06/25,Fri,79.620,79.610,80.200,78.690
2004/06/24,Thu,79.770,79.600,79.910,79.400
2004/06/23,Wed,80.390,79.750,80.440,79.650
2004/06/22,Tue,79.790,80.350,80.640,79.370
2004/06/21,Mon,79.680,79.730,79.940,79.210
2004/06/20,Sun,,,,
2004/06/19,Sat,,,,
2004/06/18,Fri,79.840,79.650,79.920,79.340
2004/06/17,Thu,80.130,79.830,80.190,79.460
2004/06/16,Wed,80.000,80.110,80.220,79.750
2004/06/15,Tue,80.770,79.920,80.930,79.830
2004/06/14,Mon,80.710,80.720,81.650,80.560
2004/06/13,Sun,,,,
2004/06/12,Sat,,,,
2004/06/11,Fri,80.350,80.610,81.040,80.310
2004/06/10,Thu,81.140,80.320,81.300,80.270
2004/06/09,Wed,81.260,81.120,81.450,80.400
2004/06/08,Tue,81.360,81.210,81.980,81.210
2004/06/07,Mon,82.210,81.340,82.290,81.320
2004/06/06,Sun,,,,
2004/06/05,Sat,,,,
2004/06/04,Fri,81.420,82.300,82.540,81.320
2004/06/03,Thu,80.760,81.350,82.090,80.660
2004/06/02,Wed,80.840,80.740,81.220,80.680
2004/06/01,Tue,80.370,80.880,80.990,80.020
2004/05/31,Mon,80.930,80.350,81.090,80.080
2004/05/30,Sun,,,,
2004/05/29,Sat,,,,
2004/05/28,Fri,81.680,80.680,81.830,80.560
2004/05/27,Thu,81.590,81.640,81.830,81.350
2004/05/26,Wed,81.470,81.510,81.840,81.210
2004/05/25,Tue,82.470,81.450,82.710,81.370
2004/05/24,Mon,81.750,82.380,82.620,81.650
2004/05/23,Sun,,,,
2004/05/22,Sat,,,,
2004/05/21,Fri,82.410,81.800,82.510,81.440
2004/05/20,Thu,82.150,82.420,82.690,81.780
2004/05/19,Wed,82.230,82.160,82.270,81.280
2004/05/18,Tue,81.880,82.170,82.240,81.070
2004/05/17,Mon,82.210,81.850,82.600,81.660
2004/05/16,Sun,,,,
2004/05/15,Sat,,,,
2004/05/14,Fri,82.260,82.210,82.460,81.880
2004/05/13,Thu,81.410,82.160,82.450,81.340
2004/05/12,Wed,81.590,81.370,81.740,81.190
2004/05/11,Tue,81.810,81.460,82.000,81.400
2004/05/10,Mon,81.130,81.720,81.950,80.970
2004/05/09,Sun,,,,
2004/05/08,Sat,,,,
2004/05/07,Fri,79.720,81.160,81.310,79.650
2004/05/06,Thu,79.090,79.670,79.970,79.060
2004/05/05,Wed,79.820,79.080,80.070,78.690
2004/05/04,Tue,80.340,79.780,80.730,79.810
2004/05/03,Mon,80.490,80.280,80.580,79.900
2004/05/02,Sun,,,,
2004/05/01,Sat,,,,
2004/04/30,Fri,80.150,80.540,80.680,80.020
2004/04/29,Thu,80.010,80.280,81.100,79.940
2004/04/28,Wed,80.970,79.960,81.140,79.960
2004/04/27,Tue,80.560,80.940,81.310,80.260
2004/04/26,Mon,80.090,80.580,80.680,79.940
2004/04/25,Sun,,,,
2004/04/24,Sat,,,,
2004/04/23,Fri,80.730,80.170,80.970,79.990
2004/04/22,Thu,80.440,80.660,81.030,80.290
2004/04/21,Wed,80.130,80.480,80.750,79.890
2004/04/20,Tue,80.610,80.170,80.840,79.470
2004/04/19,Mon,80.080,80.590,80.720,80.030
2004/04/18,Sun,,,,
2004/04/17,Sat,,,,
2004/04/16,Fri,80.510,80.140,80.940,79.860
2004/04/15,Thu,80.810,80.460,81.220,80.360
2004/04/14,Wed,79.870,80.750,81.010,79.810
2004/04/13,Tue,78.910,79.810,80.140,78.660
2004/04/12,Mon,80.040,78.920,80.190,78.560
2004/04/11,Sun,,,,
2004/04/10,Sat,,,,
2004/04/09,Fri,80.090,80.120,80.460,79.870
2004/04/08,Thu,80.320,79.980,80.850,79.680
2004/04/07,Wed,80.740,80.370,80.940,79.780
2004/04/06,Tue,79.880,80.770,81.450,79.850
2004/04/05,Mon,79.470,79.840,80.280,79.190
2004/04/04,Sun,,,,
2004/04/03,Sat,,,,
2004/04/02,Fri,79.330,79.410,80.010,79.240
2004/04/01,Thu,79.540,79.330,79.660,78.680
2004/03/31,Wed,80.960,79.600,81.060,79.000
2004/03/30,Tue,80.630,80.820,81.210,80.520
2004/03/29,Mon,80.250,80.610,80.720,79.880
2004/03/28,Sun,,,,
2004/03/27,Sat,,,,
2004/03/26,Fri,79.770,80.270,80.470,79.470
2004/03/25,Thu,79.180,79.800,79.940,79.000
2004/03/24,Wed,80.080,79.110,80.340,79.030
2004/03/23,Tue,80.120,80.060,80.430,79.980
2004/03/22,Mon,80.050,80.070,80.720,80.040
2004/03/21,Sun,,,,
2004/03/20,Sat,,,,
2004/03/19,Fri,80.490,80.030,80.900,79.960
2004/03/18,Thu,80.880,80.290,80.940,79.590
2004/03/17,Wed,81.530,80.850,81.830,80.450
2004/03/16,Tue,82.660,81.720,82.770,81.470
2004/03/15,Mon,82.980,82.670,83.350,82.070
2004/03/14,Sun,,,,
2004/03/13,Sat,,,,
2004/03/12,Fri,83.960,82.970,84.350,82.730
2004/03/11,Thu,83.690,83.950,84.090,83.220
2004/03/10,Wed,84.070,83.540,84.220,83.340
2004/03/09,Tue,84.260,84.000,84.500,83.730
2004/03/08,Mon,84.880,84.200,85.040,84.030
2004/03/07,Sun,,,,
2004/03/06,Sat,,,,
2004/03/05,Fri,83.380,84.710,84.950,83.180
2004/03/04,Thu,82.140,83.270,83.410,81.980
2004/03/03,Wed,81.980,82.150,82.360,81.240
2004/03/02,Tue,81.470,81.990,82.230,81.260
2004/03/01,Mon,81.720,81.320,81.900,81.160
2004/02/29,Sun,,,,
2004/02/28,Sat,,,,
2004/02/27,Fri,81.690,81.610,81.790,80.780
2004/02/26,Thu,81.720,81.620,82.000,81.340
2004/02/25,Wed,81.380,81.710,81.880,81.070
2004/02/24,Tue,81.070,81.400,81.520,80.880
2004/02/23,Mon,81.600,81.050,81.670,80.640
2004/02/22,Sun,,,,
2004/02/21,Sat,,,,
2004/02/20,Fri,80.390,81.510,81.760,80.330
2004/02/19,Thu,80.650,80.490,80.810,80.270
2004/02/18,Wed,80.660,80.640,81.000,80.410
2004/02/17,Tue,80.150,80.620,80.820,80.060
2004/02/16,Mon,80.140,80.120,80.260,79.930
2004/02/15,Sun,,,,
2004/02/14,Sat,,,,
2004/02/13,Fri,79.900,80.100,80.600,79.630
2004/02/12,Thu,80.260,79.860,80.310,79.770
2004/02/11,Wed,79.310,80.220,80.300,79.130
2004/02/10,Tue,79.530,79.240,79.810,79.240
2004/02/09,Mon,79.750,79.540,80.000,79.380
2004/02/08,Sun,,,,
2004/02/07,Sat,,,,
2004/02/06,Fri,79.120,79.630,79.990,78.910
2004/02/05,Thu,79.080,79.160,79.360,78.830
2004/02/04,Wed,78.890,79.080,79.300,78.470
2004/02/03,Tue,78.850,78.840,79.560,78.750
2004/02/02,Mon,79.760,78.930,79.850,78.650
2004/02/01,Sun,,,,
2004/01/31,Sat,,,,
2004/01/30,Fri,79.670,79.800,80.060,79.190
2004/01/29,Thu,80.010,79.610,80.110,79.310
2004/01/28,Wed,80.900,80.010,81.320,79.630
2004/01/27,Tue,80.940,80.870,81.080,80.590
2004/01/26,Mon,81.160,80.870,81.210,80.690
2004/01/25,Sun,,,,
2004/01/24,Sat,,,,
2004/01/23,Fri,81.820,81.170,82.050,80.460
2004/01/22,Thu,82.170,81.690,82.350,81.620
2004/01/21,Wed,82.930,82.170,83.070,81.880
2004/01/20,Tue,82.370,82.800,83.490,82.280
2004/01/19,Mon,82.100,82.350,82.530,81.730
2004/01/18,Sun,,,,
2004/01/17,Sat,,,,
2004/01/16,Fri,82.200,82.030,82.410,81.520
2004/01/15,Thu,82.320,82.120,82.560,81.660
2004/01/14,Wed,83.450,82.330,83.570,82.100
2004/01/13,Tue,83.710,83.520,83.760,83.290
2004/01/12,Mon,84.060,83.570,84.090,83.520
2004/01/11,Sun,,,,
2004/01/10,Sat,,,,
2004/01/09,Fri,83.010,83.840,84.520,83.000
2004/01/08,Thu,82.400,82.950,83.250,81.970
2004/01/07,Wed,82.590,82.410,82.670,82.180
2004/01/06,Tue,82.910,82.550,83.200,82.560
2004/01/05,Mon,83.080,82.930,83.370,82.490
2004/01/04,Sun,,,,
2004/01/03,Sat,,,,
2004/01/02,Fri,82.890,83.030,83.150,82.360
2004/01/01,Thu,82.690,82.860,83.010,82.660
2003/12/31,Wed,82.760,82.730,83.380,82.570
2003/12/30,Tue,81.740,82.740,82.930,81.520
2003/12/29,Mon,82.030,81.670,82.070,81.360
2003/12/28,Sun,,,,
2003/12/27,Sat,,,,
2003/12/26,Fri,81.950,82.200,82.310,81.620
2003/12/25,Thu,82.130,81.790,82.160,81.650
2003/12/24,Wed,81.200,82.120,82.190,81.160
2003/12/23,Tue,80.760,81.130,81.400,80.590
2003/12/22,Mon,80.670,80.750,80.940,80.300
2003/12/21,Sun,,,,
2003/12/20,Sat,,,,
2003/12/19,Fri,80.970,80.620,81.010,80.410
2003/12/18,Thu,80.990,80.850,81.350,80.750
2003/12/17,Wed,80.990,81.020,81.130,80.580
2003/12/16,Tue,82.000,80.950,82.150,80.890
2003/12/15,Mon,81.770,81.940,82.130,81.550
2003/12/14,Sun,,,,
2003/12/13,Sat,,,,
2003/12/12,Fri,81.950,81.800,82.450,81.630
2003/12/11,Thu,82.880,81.960,82.910,81.440
2003/12/10,Wed,82.030,82.710,83.070,81.890
2003/12/09,Tue,82.720,81.820,82.870,81.720
2003/12/08,Mon,82.490,82.650,82.860,82.260
2003/12/07,Sun,,,,
2003/12/06,Sat,,,,
2003/12/05,Fri,82.480,82.460,83.030,82.320
2003/12/04,Thu,83.230,82.550,83.340,82.200
2003/12/03,Wed,83.720,83.220,83.900,83.130
2003/12/02,Tue,83.950,83.650,84.170,83.530
2003/12/01,Mon,84.410,83.840,84.690,83.830
2003/11/30,Sun,,,,
2003/11/29,Sat,,,,
2003/11/28,Fri,83.460,84.290,84.670,83.450
2003/11/27,Thu,83.650,83.390,83.730,83.310
2003/11/26,Wed,83.540,83.550,84.060,83.360
2003/11/25,Tue,82.990,83.510,83.710,82.860
2003/11/24,Mon,83.570,82.930,83.690,82.720
2003/11/23,Sun,,,,
2003/11/22,Sat,,,,
2003/11/21,Fri,83.720,83.430,83.840,83.030
2003/11/20,Thu,83.760,83.640,83.840,83.400
2003/11/19,Wed,83.150,83.690,83.940,82.790
2003/11/18,Tue,83.060,83.210,83.330,82.710
2003/11/17,Mon,83.130,83.000,84.030,82.860
2003/11/16,Sun,,,,
2003/11/15,Sat,,,,
2003/11/14,Fri,83.270,83.130,83.390,82.990
2003/11/13,Thu,83.500,83.160,83.590,83.020
2003/11/12,Wed,82.860,83.440,83.780,82.770
2003/11/11,Tue,82.870,82.810,83.180,82.650
2003/11/10,Mon,82.650,82.740,82.870,82.180
2003/11/09,Sun,,,,
2003/11/08,Sat,,,,
2003/11/07,Fri,82.290,82.620,83.190,82.090
2003/11/06,Thu,82.370,82.350,82.600,82.240
2003/11/05,Wed,82.440,82.290,82.710,82.200
2003/11/04,Tue,83.020,82.400,83.170,82.060
2003/11/03,Mon,83.300,83.100,83.650,82.880
2003/11/02,Sun,,,,
2003/11/01,Sat,,,,
2003/10/31,Fri,82.730,83.240,83.670,82.600
2003/10/30,Thu,82.590,82.730,83.160,82.330
2003/10/29,Wed,82.630,82.540,82.700,82.340
2003/10/28,Tue,82.730,82.610,82.840,82.350
2003/10/27,Mon,83.510,82.860,83.620,82.600
2003/10/26,Sun,,,,
2003/10/25,Sat,,,,
2003/10/24,Fri,83.810,83.490,84.250,83.390
2003/10/23,Thu,83.720,83.810,84.010,83.630
2003/10/22,Wed,83.180,83.550,83.720,83.060
2003/10/21,Tue,83.580,83.100,83.640,82.940
2003/10/20,Mon,83.020,83.560,83.840,82.720
2003/10/19,Sun,,,,
2003/10/18,Sat,,,,
2003/10/17,Fri,83.340,83.100,83.510,82.990
2003/10/16,Thu,82.620,83.240,83.520,82.560
2003/10/15,Wed,82.220,82.440,82.800,82.190
2003/10/14,Tue,82.500,82.180,82.970,82.100
2003/10/13,Mon,82.290,82.480,82.580,81.800
2003/10/12,Sun,,,,
2003/10/11,Sat,,,,
2003/10/10,Fri,81.470,82.210,82.380,80.980
2003/10/09,Thu,82.170,81.440,82.370,81.330
2003/10/08,Wed,82.550,82.030,82.710,82.050
2003/10/07,Tue,82.790,82.550,82.920,82.260
2003/10/06,Mon,82.450,82.710,82.890,82.300
2003/10/05,Sun,,,,
2003/10/04,Sat,,,,
2003/10/03,Fri,82.620,82.430,82.900,82.250
2003/10/02,Thu,82.160,82.540,82.780,82.080
2003/10/01,Wed,82.490,82.090,82.680,81.990
2003/09/30,Tue,82.010,82.390,82.820,81.770
2003/09/29,Mon,82.500,81.920,82.540,81.660
2003/09/28,Sun,,,,
2003/09/27,Sat,,,,
2003/09/26,Fri,83.170,82.430,83.190,82.430
2003/09/25,Thu,82.870,83.120,83.280,82.590
2003/09/24,Wed,82.790,82.720,82.960,82.040
2003/09/23,Tue,82.890,82.680,83.040,82.140
2003/09/22,Mon,83.690,82.910,83.970,82.850
2003/09/21,Sun,,,,
2003/09/20,Sat,,,,
2003/09/19,Fri,84.640,84.560,85.000,83.890
2003/09/18,Thu,84.940,84.550,85.040,84.210
2003/09/17,Wed,84.880,84.900,85.300,84.510
2003/09/16,Tue,85.930,84.840,85.970,84.700
2003/09/15,Mon,86.000,85.890,86.200,85.700
2003/09/14,Sun,,,,
2003/09/13,Sat,,,,
2003/09/12,Fri,85.450,85.940,86.190,85.170
2003/09/11,Thu,85.570,85.430,85.760,84.970
2003/09/10,Wed,85.480,85.540,85.820,85.180
2003/09/09,Tue,85.010,85.410,85.710,84.740
2003/09/08,Mon,85.100,85.010,85.630,84.930
2003/09/07,Sun,,,,
2003/09/06,Sat,,,,
2003/09/05,Fri,85.100,85.190,85.450,84.990
2003/09/04,Thu,84.020,85.000,85.340,83.840
2003/09/03,Wed,83.550,83.980,84.200,83.130
2003/09/02,Tue,84.540,83.480,84.810,83.360
2003/09/01,Mon,84.310,84.540,84.670,84.090
2003/08/31,Sun,,,,
2003/08/30,Sat,,,,
2003/08/29,Fri,84.170,84.280,84.440,83.100
2003/08/28,Thu,83.750,84.120,84.200,83.380
2003/08/27,Wed,84.150,83.690,84.330,83.610
2003/08/26,Tue,83.770,84.090,84.410,83.480
2003/08/25,Mon,83.930,83.700,84.170,83.580
2003/08/24,Sun,,,,
2003/08/23,Sat,,,,
2003/08/22,Fri,83.730,83.820,83.970,83.000
2003/08/21,Thu,84.260,83.670,84.290,83.450
2003/08/20,Wed,84.820,84.210,85.090,83.760
2003/08/19,Tue,85.830,84.760,85.890,84.560
2003/08/18,Mon,85.940,85.770,86.200,85.670
2003/08/17,Sun,,,,
2003/08/16,Sat,,,,
2003/08/15,Fri,85.460,85.900,86.100,85.240
2003/08/14,Thu,86.380,85.420,86.660,85.280
2003/08/13,Wed,85.700,86.290,86.500,85.530
2003/08/12,Tue,85.880,85.680,86.060,85.480
2003/08/11,Mon,85.580,85.810,86.220,84.740
2003/08/10,Sun,,,,
2003/08/09,Sat,,,,
2003/08/08,Fri,85.470,85.550,85.670,85.110
2003/08/07,Thu,85.660,85.380,85.660,85.160
2003/08/06,Wed,85.660,85.600,85.900,85.470
2003/08/05,Tue,85.720,85.640,85.840,85.260
2003/08/04,Mon,85.650,85.700,85.970,85.640
2003/08/03,Sun,,,,
2003/08/02,Sat,,,,
2003/08/01,Fri,85.800,85.820,86.450,85.450
2003/07/31,Thu,85.820,85.740,85.940,85.260
2003/07/30,Wed,86.440,85.750,86.450,85.740
2003/07/29,Tue,86.220,86.410,86.620,86.150
2003/07/28,Mon,86.000,86.140,86.650,85.990
2003/07/27,Sun,,,,
2003/07/26,Sat,,,,
2003/07/25,Fri,85.330,85.900,86.250,85.270
2003/07/24,Thu,85.020,85.250,85.490,84.870
2003/07/23,Wed,84.100,84.970,85.210,83.760
2003/07/22,Tue,84.250,84.090,85.060,84.040
2003/07/21,Mon,84.230,84.230,84.520,83.970
2003/07/20,Sun,,,,
2003/07/19,Sat,,,,
2003/07/18,Fri,85.020,84.150,85.230,83.830
2003/07/17,Thu,84.970,84.960,85.510,84.760
2003/07/16,Wed,84.760,84.970,85.360,84.570
2003/07/15,Tue,85.710,84.750,85.740,83.830
2003/07/14,Mon,85.620,85.650,85.770,85.000
2003/07/13,Sun,,,,
2003/07/12,Sat,,,,
2003/07/11,Fri,85.060,85.570,85.710,84.940
2003/07/10,Thu,85.720,85.010,85.850,84.780
2003/07/09,Wed,86.640,85.700,86.920,85.510
2003/07/08,Tue,87.690,86.560,87.810,86.300
2003/07/07,Mon,88.130,87.640,88.300,87.260
2003/07/06,Sun,,,,
2003/07/05,Sat,,,,
2003/07/04,Fri,88.440,88.060,88.500,88.020
2003/07/03,Thu,88.290,88.350,88.750,88.020
2003/07/02,Wed,88.280,88.260,88.830,88.040
2003/07/01,Tue,88.910,88.210,89.190,88.200
2003/06/30,Mon,88.840,88.880,89.020,88.100
2003/06/29,Sun,,,,
2003/06/28,Sat,,,,
2003/06/27,Fri,87.980,88.670,88.950,87.900
2003/06/26,Thu,87.540,87.940,88.350,87.440
2003/06/25,Wed,86.730,87.500,87.800,86.440
2003/06/24,Tue,86.730,86.620,87.100,86.430
2003/06/23,Mon,87.120,86.650,87.240,86.300
2003/06/22,Sun,,,,
2003/06/21,Sat,,,,
2003/06/20,Fri,88.070,86.910,88.190,86.920
2003/06/19,Thu,88.240,88.000,88.690,87.750
2003/06/18,Wed,88.340,88.170,88.930,88.060
2003/06/17,Tue,87.580,88.280,88.400,87.540
2003/06/16,Mon,87.950,87.510,88.340,87.500
2003/06/15,Sun,,,,
2003/06/14,Sat,,,,
2003/06/13,Fri,87.260,87.980,88.110,87.130
2003/06/12,Thu,87.130,87.270,87.350,86.930
2003/06/11,Wed,86.410,87.110,87.230,86.230
2003/06/10,Tue,87.070,86.310,87.160,86.110
2003/06/09,Mon,87.350,87.040,87.370,86.480
2003/06/08,Sun,,,,
2003/06/07,Sat,,,,
2003/06/06,Fri,87.680,87.310,87.940,87.050
2003/06/05,Thu,87.320,87.630,87.850,86.830
2003/06/04,Wed,87.310,87.330,87.870,86.990
2003/06/03,Tue,86.690,87.330,87.350,86.220
2003/06/02,Mon,87.190,86.600,87.370,86.020
2003/06/01,Sun,,,,
2003/05/31,Sat,,,,
2003/05/30,Fri,86.310,87.230,87.380,86.270
2003/05/29,Thu,85.660,86.190,86.430,85.380
2003/05/28,Wed,85.210,85.590,85.860,85.070
2003/05/27,Tue,85.170,85.170,85.500,84.660
2003/05/26,Mon,84.900,85.100,85.170,84.670
2003/05/25,Sun,,,,
2003/05/24,Sat,,,,
2003/05/23,Fri,85.330,85.070,85.790,84.570
2003/05/22,Thu,86.980,85.290,87.160,85.090
2003/05/21,Wed,86.500,86.890,87.070,86.370
2003/05/20,Tue,85.960,86.530,86.880,85.750
2003/05/19,Mon,85.190,85.930,86.200,84.800
2003/05/18,Sun,,,,
2003/05/17,Sat,,,,
2003/05/16,Fri,84.400,84.970,85.070,83.960
2003/05/15,Thu,84.630,84.320,84.650,83.900
2003/05/14,Wed,84.270,84.630,84.690,83.710
2003/05/13,Tue,84.210,84.250,84.450,83.750
2003/05/12,Mon,84.230,84.120,84.420,83.870
2003/05/11,Sun,,,,
2003/05/10,Sat,,,,
2003/05/09,Fri,83.990,84.220,84.530,83.740
2003/05/08,Thu,83.210,83.840,84.060,82.580
2003/05/07,Wed,84.380,83.270,85.030,82.940
2003/05/06,Tue,84.040,84.350,84.540,83.690
2003/05/05,Mon,83.890,84.010,84.170,83.720
2003/05/04,Sun,,,,
2003/05/03,Sat,,,,
2003/05/02,Fri,83.550,83.800,83.960,83.420
2003/05/01,Thu,83.050,83.490,83.610,82.990
2003/04/30,Wed,83.070,82.920,83.260,82.710
2003/04/29,Tue,83.220,83.010,83.310,82.700
2003/04/28,Mon,83.110,83.120,83.320,82.910
2003/04/27,Sun,,,,
2003/04/26,Sat,,,,
2003/04/25,Fri,82.380,83.050,83.330,82.260
2003/04/24,Thu,82.900,82.340,83.010,81.880
2003/04/23,Wed,82.860,82.890,83.220,82.750
2003/04/22,Tue,82.850,82.850,82.960,82.390
2003/04/21,Mon,82.530,82.790,82.990,82.430
2003/04/20,Sun,,,,
2003/04/19,Sat,,,,
2003/04/18,Fri,82.440,82.570,82.710,82.380
2003/04/17,Thu,82.160,82.430,82.530,81.910
2003/04/16,Wed,83.020,82.110,83.240,81.960
2003/04/15,Tue,82.770,83.000,83.070,82.480
2003/04/14,Mon,82.960,82.720,83.130,82.630
2003/04/13,Sun,,,,
2003/04/12,Sat,,,,
2003/04/11,Fri,82.290,82.940,83.220,82.160
2003/04/10,Thu,81.880,82.260,82.380,81.690
2003/04/09,Wed,81.630,81.820,82.170,81.490
2003/04/08,Tue,81.360,81.610,81.910,80.740
2003/04/07,Mon,81.290,81.010,81.710,80.730
2003/04/06,Sun,,,,
2003/04/05,Sat,,,,
2003/04/04,Fri,80.980,81.440,81.570,80.830
2003/04/03,Thu,80.990,81.020,81.260,80.610
2003/04/02,Wed,80.120,80.870,81.030,79.810
2003/04/01,Tue,80.430,80.040,80.770,80.040
2003/03/31,Mon,81.410,80.290,81.710,80.240
2003/03/30,Sun,,,,
2003/03/29,Sat,,,,
2003/03/28,Fri,81.980,81.360,82.290,81.270
2003/03/27,Thu,81.690,81.960,82.040,81.530
2003/03/26,Wed,81.390,81.660,82.010,81.160
2003/03/25,Tue,81.600,81.350,81.640,80.820
2003/03/24,Mon,81.300,81.570,81.700,81.010
2003/03/23,Sun,,,,
2003/03/22,Sat,,,,
2003/03/21,Fri,81.170,81.230,81.750,81.080
2003/03/20,Thu,81.240,81.160,81.320,80.710
2003/03/19,Wed,80.630,81.190,81.380,80.120
2003/03/18,Tue,80.150,80.600,80.680,79.920
2003/03/17,Mon,80.250,80.030,80.300,79.750
2003/03/16,Sun,,,,
2003/03/15,Sat,,,,
2003/03/14,Fri,79.820,80.200,80.450,79.540
2003/03/13,Thu,79.490,79.870,80.000,79.380
2003/03/12,Wed,79.610,79.470,79.770,79.190
2003/03/11,Tue,79.810,79.530,80.180,79.360
2003/03/10,Mon,79.860,79.730,79.910,79.470
2003/03/09,Sun,,,,
2003/03/08,Sat,,,,
2003/03/07,Fri,79.810,79.780,80.050,59.500
2003/03/06,Thu,79.850,79.780,79.960,79.580
2003/03/05,Wed,79.790,79.770,79.960,79.460
2003/03/04,Tue,79.190,79.660,80.010,78.980
2003/03/03,Mon,79.580,79.190,79.740,79.040
2003/03/02,Sun,,,,
2003/03/01,Sat,,,,
2003/02/28,Fri,78.800,79.560,79.660,78.690
2003/02/27,Thu,78.440,78.670,78.960,78.340
2003/02/26,Wed,78.490,78.350,78.630,78.280
2003/02/25,Tue,79.020,78.460,79.220,78.310
2003/02/24,Mon,78.990,79.010,79.230,78.570
2003/02/23,Sun,,,,
2003/02/22,Sat,,,,
2003/02/21,Fri,78.630,78.810,78.950,78.560
2003/02/20,Thu,78.550,78.560,78.920,78.440
2003/02/19,Wed,78.480,78.460,78.820,78.210
2003/02/18,Tue,79.090,78.390,79.190,77.960
2003/02/17,Mon,79.080,78.950,79.240,78.760
2003/02/16,Sun,,,,
2003/02/15,Sat,,,,
2003/02/14,Fri,79.500,78.950,79.570,78.900
2003/02/13,Thu,79.300,79.440,79.590,78.980
2003/02/12,Wed,79.240,79.240,79.470,78.860
2003/02/11,Tue,79.310,79.070,79.550,79.040
2003/02/10,Mon,79.130,79.210,79.340,78.990
2003/02/09,Sun,,,,
2003/02/08,Sat,,,,
2003/02/07,Fri,79.000,79.070,79.180,78.690
2003/02/06,Thu,78.940,79.010,79.070,78.460
2003/02/05,Wed,79.010,78.870,79.100,78.630
2003/02/04,Tue,79.300,78.980,79.410,78.890
2003/02/03,Mon,78.840,79.250,79.470,78.680
2003/02/02,Sun,,,,
2003/02/01,Sat,,,,
2003/01/31,Fri,77.880,78.740,78.970,77.790
2003/01/30,Thu,77.880,77.830,78.240,77.790
2003/01/29,Wed,77.610,77.790,77.900,77.180
2003/01/28,Tue,77.630,77.640,77.910,77.240
2003/01/27,Mon,77.540,77.550,78.280,77.400
2003/01/26,Sun,,,,
2003/01/25,Sat,,,,
2003/01/24,Fri,77.500,77.500,77.620,77.270
2003/01/23,Thu,77.220,77.400,77.650,77.160
2003/01/22,Wed,77.070,77.240,77.320,77.000
2003/01/21,Tue,76.920,77.060,77.750,76.890
2003/01/20,Mon,76.760,76.790,77.100,76.710
2003/01/19,Sun,,,,
2003/01/18,Sat,,,,
2003/01/17,Fri,76.790,76.640,77.000,76.630
2003/01/16,Thu,76.880,76.730,77.080,76.640
2003/01/15,Wed,76.670,76.830,76.940,76.530
2003/01/14,Tue,77.140,76.630,77.320,76.450
2003/01/13,Mon,77.120,77.110,77.460,77.020
2003/01/12,Sun,,,,
2003/01/11,Sat,,,,
2003/01/10,Fri,76.900,77.140,77.440,76.810
2003/01/09,Thu,76.370,76.870,77.030,76.080
2003/01/08,Wed,77.080,76.250,77.130,75.940
2003/01/07,Tue,76.340,77.000,77.250,76.290
2003/01/06,Mon,76.520,76.390,76.660,75.860
2003/01/05,Sun,,,,
2003/01/04,Sat,,,,
2003/01/03,Fri,76.630,76.520,76.740,76.270
2003/01/02,Thu,75.470,76.570,76.640,75.310
2003/01/01,Wed,,,,
2002/12/31,Tue,75.210,75.470,75.570,75.040
2002/12/30,Mon,76.470,75.080,76.580,74.910
2002/12/29,Sun,,,,
2002/12/28,Sat,,,,
2002/12/27,Fri,76.950,76.380,77.050,76.260
2002/12/26,Thu,77.740,76.950,77.760,76.970
2002/12/25,Wed,77.690,77.660,77.850,77.630
2002/12/24,Tue,77.620,77.700,77.780,77.330
2002/12/23,Mon,77.600,77.560,77.910,77.220
2002/12/22,Sun,,,,
2002/12/21,Sat,,,,
2002/12/20,Fri,77.650,77.660,78.190,77.470
2002/12/19,Thu,77.940,77.550,78.160,77.590
2002/12/18,Wed,78.380,77.940,78.580,77.830
2002/12/17,Tue,77.780,78.270,78.440,77.150
2002/12/16,Mon,77.170,77.660,77.770,77.110
2002/12/15,Sun,,,,
2002/12/14,Sat,,,,
2002/12/13,Fri,78.970,77.170,79.090,77.070
2002/12/12,Thu,79.450,78.910,79.580,78.760
2002/12/11,Wed,79.340,79.400,79.550,78.920
2002/12/10,Tue,78.980,79.270,79.380,78.850
2002/12/09,Mon,78.880,78.890,79.140,78.260
2002/12/08,Sun,,,,
2002/12/07,Sat,,,,
2002/12/06,Fri,79.910,78.880,80.270,78.290
2002/12/05,Thu,79.830,79.910,80.630,79.690
2002/12/04,Wed,80.030,79.770,80.220,79.640
2002/12/03,Tue,79.920,79.940,80.190,79.690
2002/12/02,Mon,78.380,79.960,80.260,78.320
2002/12/01,Sun,,,,
2002/11/30,Sat,,,,
2002/11/29,Fri,77.720,78.270,78.500,77.630
2002/11/28,Thu,77.760,77.660,77.800,77.540
2002/11/27,Wed,77.180,77.750,77.830,76.900
2002/11/26,Tue,77.640,77.140,77.790,77.160
2002/11/25,Mon,77.940,77.560,78.190,77.430
2002/11/24,Sun,,,,
2002/11/23,Sat,,,,
2002/11/22,Fri,77.760,77.770,77.940,77.540
2002/11/21,Thu,77.330,77.700,77.880,76.900
2002/11/20,Wed,77.220,77.310,77.510,77.090
2002/11/19,Tue,76.130,77.070,77.370,76.030
2002/11/18,Mon,76.060,76.070,76.650,75.990
2002/11/17,Sun,,,,
2002/11/16,Sat,,,,
2002/11/15,Fri,76.490,75.990,76.830,75.940
2002/11/14,Thu,76.180,76.450,76.640,75.860
2002/11/13,Wed,75.800,76.200,76.480,75.700
2002/11/12,Tue,76.190,75.820,76.370,75.720
2002/11/11,Mon,76.590,76.100,76.740,75.870
2002/11/10,Sun,,,,
2002/11/09,Sat,,,,
2002/11/08,Fri,77.870,76.530,78.000,76.380
2002/11/07,Thu,78.440,77.790,78.570,77.770
2002/11/06,Wed,78.250,78.440,78.780,78.160
2002/11/05,Tue,78.510,78.180,78.570,78.000
2002/11/04,Mon,78.410,78.550,78.880,78.380
2002/11/03,Sun,,,,
2002/11/02,Sat,,,,
2002/11/01,Fri,78.500,78.330,78.770,78.060
2002/10/31,Thu,78.520,78.560,78.710,77.940
2002/10/30,Wed,78.770,78.470,78.810,78.220
2002/10/29,Tue,79.350,78.720,79.430,78.260
2002/10/28,Mon,79.210,79.260,79.940,79.170
2002/10/27,Sun,,,,
2002/10/26,Sat,,,,
2002/10/25,Fri,79.490,79.190,79.590,78.930
2002/10/24,Thu,79.640,79.420,80.000,79.180
2002/10/23,Wed,79.810,79.560,79.890,78.990
2002/10/22,Tue,79.880,79.770,80.180,79.630
2002/10/21,Mon,79.720,79.830,79.910,79.220
2002/10/20,Sun,,,,
2002/10/19,Sat,,,,
2002/10/18,Fri,79.670,79.720,79.910,79.490
2002/10/17,Thu,78.640,79.640,79.690,78.440
2002/10/16,Wed,78.560,78.560,78.810,77.980
2002/10/15,Tue,78.400,78.500,78.980,78.260
2002/10/14,Mon,78.070,78.340,78.430,77.980
2002/10/13,Sun,,,,
2002/10/12,Sat,,,,
2002/10/11,Fri,77.750,78.150,78.470,77.630
2002/10/10,Thu,77.220,77.690,77.850,77.070
2002/10/09,Wed,77.840,77.180,77.990,77.070
2002/10/08,Tue,77.890,77.810,78.300,77.750
2002/10/07,Mon,77.490,77.880,78.200,77.310
2002/10/06,Sun,,,,
2002/10/05,Sat,,,,
2002/10/04,Fri,77.050,77.320,77.660,76.860
2002/10/03,Thu,77.310,77.030,77.430,76.920
2002/10/02,Wed,77.500,77.300,77.910,77.220
2002/10/01,Tue,76.670,77.420,77.720,76.650
2002/09/30,Mon,77.620,76.640,77.840,76.600
2002/09/29,Sun,,,,
2002/09/28,Sat,,,,
2002/09/27,Fri,77.540,77.540,78.210,77.460
2002/09/26,Thu,77.780,77.480,77.980,77.400
2002/09/25,Wed,77.680,77.730,77.870,76.880
2002/09/24,Tue,78.300,77.680,78.380,77.410
2002/09/23,Mon,78.310,78.260,78.540,77.890
2002/09/22,Sun,,,,
2002/09/21,Sat,,,,
2002/09/20,Fri,77.170,78.400,78.660,77.050
2002/09/19,Thu,76.920,77.130,77.470,76.900
2002/09/18,Wed,77.180,76.870,77.820,76.550
2002/09/17,Tue,77.330,77.070,78.260,77.090
2002/09/16,Mon,77.050,77.280,77.600,76.990
2002/09/15,Sun,,,,
2002/09/14,Sat,,,,
2002/09/13,Fri,75.630,76.950,77.160,75.300
2002/09/12,Thu,76.130,75.560,76.380,75.600
2002/09/11,Wed,76.240,76.090,76.630,75.870
2002/09/10,Tue,76.060,76.240,76.380,75.900
2002/09/09,Mon,76.030,75.980,76.440,75.790
2002/09/08,Sun,,,,
2002/09/07,Sat,,,,
2002/09/06,Fri,75.250,76.010,76.080,75.070
2002/09/05,Thu,75.320,75.220,75.600,74.740
2002/09/04,Wed,75.410,75.250,75.870,75.110
2002/09/03,Tue,75.870,75.350,75.930,75.210
2002/09/02,Mon,76.180,75.820,76.310,75.740
2002/09/01,Sun,,,,
2002/08/31,Sat,,,,
2002/08/30,Fri,75.830,75.930,76.300,75.570
2002/08/29,Thu,76.190,75.790,76.330,75.110
2002/08/28,Wed,76.100,76.190,76.400,75.660
2002/08/27,Tue,77.010,76.030,77.090,75.940
2002/08/26,Mon,76.900,76.940,77.010,76.580
2002/08/25,Sun,,,,
2002/08/24,Sat,,,,
2002/08/23,Fri,76.880,76.820,77.170,76.740
2002/08/22,Thu,76.180,76.850,77.120,76.100
2002/08/21,Wed,75.830,76.230,76.280,75.200
2002/08/20,Tue,75.360,75.790,75.890,75.290
2002/08/19,Mon,75.430,75.330,76.160,75.270
2002/08/18,Sun,,,,
2002/08/17,Sat,,,,
2002/08/16,Fri,75.290,75.380,75.620,75.120
2002/08/15,Thu,75.080,75.250,75.560,74.850
2002/08/14,Wed,75.580,75.050,75.630,74.370
2002/08/13,Tue,75.610,75.600,76.260,75.400
2002/08/12,Mon,76.360,75.540,76.440,75.410
2002/08/11,Sun,,,,
2002/08/10,Sat,,,,
2002/08/09,Fri,76.600,76.370,76.790,76.050
2002/08/08,Thu,76.240,76.560,76.830,76.020
2002/08/07,Wed,76.210,76.130,76.570,75.910
2002/08/06,Tue,74.940,76.160,76.430,74.860
2002/08/05,Mon,75.040,74.910,75.510,74.550
2002/08/04,Sun,,,,
2002/08/03,Sat,,,,
2002/08/02,Fri,74.960,74.960,75.130,74.710
2002/08/01,Thu,75.680,74.950,75.940,74.910
2002/07/31,Wed,76.350,75.640,76.460,75.460
2002/07/30,Tue,76.110,76.300,76.610,75.820
2002/07/29,Mon,74.930,76.040,76.370,74.770
2002/07/28,Sun,,,,
2002/07/27,Sat,,,,
2002/07/26,Fri,74.260,74.810,75.130,74.200
2002/07/25,Thu,74.660,74.170,74.660,74.070
2002/07/24,Wed,74.280,74.590,74.880,72.830
2002/07/23,Tue,74.340,74.150,74.790,73.780
2002/07/22,Mon,75.110,74.250,75.530,74.250
2002/07/21,Sun,,,,
2002/07/20,Sat,,,,
2002/07/19,Fri,75.390,75.010,75.690,74.960
2002/07/18,Thu,75.560,75.370,76.210,75.420
2002/07/17,Wed,75.290,75.500,75.810,75.150
2002/07/16,Tue,75.610,75.260,75.760,75.120
2002/07/15,Mon,76.320,75.600,76.410,75.260
2002/07/14,Sun,,,,
2002/07/13,Sat,,,,
2002/07/12,Fri,76.800,76.150,76.890,76.120
2002/07/11,Thu,77.380,76.690,77.560,76.510
2002/07/10,Wed,78.130,77.340,78.190,77.330
2002/07/09,Tue,77.770,78.060,78.110,77.580
2002/07/08,Mon,78.880,77.650,78.920,77.690
2002/07/07,Sun,,,,
2002/07/06,Sat,,,,
2002/07/05,Fri,78.560,79.020,79.090,78.460
2002/07/04,Thu,78.220,78.530,78.600,78.190
2002/07/03,Wed,78.490,78.150,78.820,78.110
2002/07/02,Tue,78.990,78.450,79.150,78.440
2002/07/01,Mon,78.840,78.860,79.150,78.690
2002/06/30,Sun,,,,
2002/06/29,Sat,,,,
2002/06/28,Fri,79.190,78.680,79.540,78.570
2002/06/27,Thu,79.070,79.120,79.570,78.790
2002/06/26,Wed,80.080,78.950,80.350,78.340
2002/06/25,Tue,80.030,80.030,80.190,79.850
2002/06/24,Mon,79.820,80.010,80.800,79.660
2002/06/23,Sun,,,,
2002/06/22,Sat,,,,
2002/06/21,Fri,80.830,79.610,81.110,79.240
2002/06/20,Thu,80.380,80.800,80.860,80.360
2002/06/19,Wed,80.440,80.350,80.600,80.160
2002/06/18,Tue,80.380,80.370,80.870,80.330
2002/06/17,Mon,80.350,80.340,80.460,80.040
2002/06/16,Sun,,,,
2002/06/15,Sat,,,,
2002/06/14,Fri,81.160,80.190,81.260,79.960
2002/06/13,Thu,81.870,81.080,81.900,81.100
2002/06/12,Wed,81.610,81.780,81.970,81.480
2002/06/11,Tue,81.030,81.540,81.750,80.890
2002/06/10,Mon,81.290,80.990,81.420,80.860
2002/06/09,Sun,,,,
2002/06/08,Sat,,,,
2002/06/07,Fri,80.960,81.120,81.350,80.930
2002/06/06,Thu,81.050,80.900,81.620,80.880
2002/06/05,Wed,81.070,81.160,81.280,80.880
2002/06/04,Tue,80.930,80.990,81.350,80.720
2002/06/03,Mon,80.940,80.870,81.150,80.660
2002/06/02,Sun,,,,
2002/06/01,Sat,,,,
2002/05/31,Fri,80.400,80.920,81.430,80.190
2002/05/30,Thu,81.070,80.320,81.120,80.100
2002/05/29,Wed,81.380,81.010,81.410,80.970
2002/05/28,Tue,81.370,81.330,81.500,81.120
2002/05/27,Mon,81.410,81.320,81.470,81.280
2002/05/26,Sun,,,,
2002/05/25,Sat,,,,
2002/05/24,Fri,81.460,81.350,81.520,81.120
2002/05/23,Thu,81.060,81.380,81.540,80.760
2002/05/22,Wed,80.800,80.970,81.370,80.430
2002/05/21,Tue,81.320,80.750,81.700,80.410
2002/05/20,Mon,81.490,81.270,81.640,81.220
2002/05/19,Sun,,,,
2002/05/18,Sat,,,,
2002/05/17,Fri,82.380,81.550,82.400,81.250
2002/05/16,Thu,81.960,82.350,82.620,81.840
2002/05/15,Wed,82.490,81.910,82.540,81.910
2002/05/14,Tue,82.210,82.440,82.670,82.110
2002/05/13,Mon,81.980,82.180,82.240,81.720
2002/05/12,Sun,,,,
2002/05/11,Sat,,,,
2002/05/10,Fri,81.980,81.850,82.230,81.540
2002/05/09,Thu,82.090,81.950,82.220,81.730
2002/05/08,Wed,81.670,82.030,82.230,81.550
2002/05/07,Tue,81.080,81.600,81.780,80.910
2002/05/06,Mon,81.270,80.980,81.460,81.050
2002/05/05,Sun,,,,
2002/05/04,Sat,,,,
2002/05/03,Fri,81.880,81.000,81.930,81.020
2002/05/02,Thu,81.720,81.840,82.040,81.350
2002/05/01,Wed,82.000,81.700,82.190,81.570
2002/04/30,Tue,81.720,81.940,82.050,81.560
2002/04/29,Mon,82.010,81.670,82.050,81.650
2002/04/28,Sun,,,,
2002/04/27,Sat,,,,
2002/04/26,Fri,82.240,81.770,82.330,81.720
2002/04/25,Thu,82.680,82.210,82.740,81.980
2002/04/24,Wed,82.790,82.610,82.950,82.440
2002/04/23,Tue,82.760,82.760,82.880,82.410
2002/04/22,Mon,82.910,82.710,83.000,82.460
2002/04/21,Sun,,,,
2002/04/20,Sat,,,,
2002/04/19,Fri,82.560,82.860,83.090,82.410
2002/04/18,Thu,82.970,82.490,83.130,82.280
2002/04/17,Wed,82.940,82.940,83.200,82.630
2002/04/16,Tue,83.260,82.880,83.320,82.730
2002/04/15,Mon,83.270,83.250,83.410,82.630
2002/04/14,Sun,,,,
2002/04/13,Sat,,,,
2002/04/12,Fri,82.760,83.180,83.330,82.710
2002/04/11,Thu,82.080,82.760,82.950,82.020
2002/04/10,Wed,82.010,82.050,82.170,81.600
2002/04/09,Tue,82.500,82.020,82.740,81.940
2002/04/08,Mon,82.860,82.410,82.990,82.220
2002/04/07,Sun,,,,
2002/04/06,Sat,,,,
2002/04/05,Fri,83.040,82.780,83.090,82.630
2002/04/04,Thu,83.490,83.020,83.670,82.670
2002/04/03,Wed,83.700,83.480,83.750,83.180
2002/04/02,Tue,83.500,83.660,83.800,83.210
2002/04/01,Mon,83.270,83.440,83.730,83.240
2002/03/31,Sun,,,,
2002/03/30,Sat,,,,
2002/03/29,Fri,83.350,83.170,83.610,83.090
2002/03/28,Thu,83.160,83.210,83.380,82.940
2002/03/27,Wed,83.650,83.150,83.770,83.010
2002/03/26,Tue,84.220,83.500,84.300,83.050
2002/03/25,Mon,84.250,84.160,84.300,84.040
2002/03/24,Sun,,,,
2002/03/23,Sat,,,,
2002/03/22,Fri,83.710,84.120,84.390,83.640
2002/03/21,Thu,83.130,83.630,83.720,83.110
2002/03/20,Wed,83.340,83.130,83.620,83.110
2002/03/19,Tue,82.890,83.240,83.600,82.600
2002/03/18,Mon,81.540,82.820,82.940,81.500
2002/03/17,Sun,,,,
2002/03/16,Sat,,,,
2002/03/15,Fri,81.160,81.510,81.570,80.960
2002/03/14,Thu,81.220,81.170,81.250,80.410
2002/03/13,Wed,81.260,81.130,81.750,80.990
2002/03/12,Tue,81.180,81.280,81.440,80.900
2002/03/11,Mon,81.030,81.030,81.440,80.680
2002/03/10,Sun,,,,
2002/03/09,Sat,,,,
2002/03/08,Fri,80.410,80.980,81.240,80.360
2002/03/07,Thu,82.640,80.240,82.780,80.100
2002/03/06,Wed,83.240,82.570,83.480,82.500
2002/03/05,Tue,83.130,83.190,83.410,82.710
2002/03/04,Mon,83.840,83.060,83.870,82.990
2002/03/03,Sun,,,,
2002/03/02,Sat,,,,
2002/03/01,Fri,83.320,83.750,83.830,83.100
2002/02/28,Thu,83.540,83.400,83.680,83.120
2002/02/27,Wed,83.570,83.440,84.000,83.320
2002/02/26,Tue,83.610,83.570,83.740,83.250
2002/02/25,Mon,84.000,83.530,84.040,83.470
2002/02/24,Sun,,,,
2002/02/23,Sat,,,,
2002/02/22,Fri,84.340,83.920,84.520,83.750
2002/02/21,Thu,84.180,84.310,84.690,83.940
2002/02/20,Wed,84.060,84.120,84.290,83.770
2002/02/19,Tue,83.340,83.980,84.300,83.270
2002/02/18,Mon,83.500,83.250,83.590,83.230
2002/02/17,Sun,,,,
2002/02/16,Sat,,,,
2002/02/15,Fri,82.990,83.380,83.670,82.860
2002/02/14,Thu,83.870,82.900,83.900,82.860
2002/02/13,Wed,83.320,83.790,83.910,82.870
2002/02/12,Tue,83.840,83.330,84.140,83.250
2002/02/11,Mon,84.360,83.820,84.570,83.790
2002/02/10,Sun,,,,
2002/02/09,Sat,,,,
2002/02/08,Fri,83.640,84.210,84.600,83.460
2002/02/07,Thu,83.200,83.540,83.680,83.100
2002/02/06,Wed,83.820,83.250,84.040,83.190
2002/02/05,Tue,82.870,83.820,84.050,82.600
2002/02/04,Mon,83.610,82.830,83.850,82.850
2002/02/03,Sun,,,,
2002/02/02,Sat,,,,
2002/02/01,Fri,84.690,83.670,84.970,83.600
2002/01/31,Thu,83.710,84.790,85.190,83.550
2002/01/30,Wed,83.680,83.570,83.850,83.210
2002/01/29,Tue,83.420,83.600,84.210,83.370
2002/01/28,Mon,83.600,83.460,83.730,82.760
2002/01/27,Sun,,,,
2002/01/26,Sat,,,,
2002/01/25,Fri,83.990,83.380,84.150,83.330
2002/01/24,Thu,84.010,84.060,84.170,83.760
2002/01/23,Wed,83.190,83.890,84.010,83.070
2002/01/22,Tue,82.340,83.190,83.630,82.300
2002/01/21,Mon,82.080,82.230,82.330,81.660
2002/01/20,Sun,,,,
2002/01/19,Sat,,,,
2002/01/18,Fri,82.140,82.030,82.470,82.030
2002/01/17,Thu,82.580,82.290,82.780,81.750
2002/01/16,Wed,82.530,82.440,82.910,82.410
2002/01/15,Tue,82.780,82.560,82.810,82.200
2002/01/14,Mon,82.790,82.730,82.860,82.290
2002/01/13,Sun,,,,
2002/01/12,Sat,,,,
2002/01/11,Fri,82.880,82.680,82.970,82.210
2002/01/10,Thu,83.320,82.890,83.420,82.620
2002/01/09,Wed,83.200,83.170,83.640,82.880
2002/01/08,Tue,82.010,83.110,83.320,81.980
2002/01/07,Mon,82.040,81.880,82.520,81.810
2002/01/06,Sun,,,,
2002/01/05,Sat,,,,
2002/01/04,Fri,82.410,82.050,82.500,81.840
2002/01/03,Thu,82.710,82.360,82.890,82.300
2002/01/02,Wed,82.650,82.650,82.910,82.430
2002/01/01,Tue,,,,
2001/12/31,Mon,82.580,82.660,82.750,81.870
2001/12/30,Sun,,,,
2001/12/29,Sat,,,,
2001/12/28,Fri,82.420,82.360,82.580,81.850
2001/12/27,Thu,81.760,82.380,82.580,81.720
2001/12/26,Wed,82.060,81.660,82.130,81.620
2001/12/25,Tue,81.540,81.990,82.130,81.380
2001/12/24,Mon,81.730,81.410,81.800,80.910
2001/12/23,Sun,,,,
2001/12/22,Sat,,,,
2001/12/21,Fri,81.470,81.660,82.150,81.470
2001/12/20,Thu,81.330,81.360,81.790,81.150
2001/12/19,Wed,81.160,81.230,81.580,80.940
2001/12/18,Tue,81.260,81.120,81.990,81.130
2001/12/17,Mon,81.530,81.370,82.100,81.320
2001/12/16,Sun,,,,
2001/12/15,Sat,,,,
2001/12/14,Fri,80.220,81.530,81.760,80.200
2001/12/13,Thu,80.440,80.280,80.850,80.250
2001/12/12,Wed,80.150,80.310,80.870,80.020
2001/12/11,Tue,79.810,80.090,80.260,79.640
2001/12/10,Mon,79.700,79.800,80.150,79.660
2001/12/09,Sun,,,,
2001/12/08,Sat,,,,
2001/12/07,Fri,79.240,79.630,79.960,79.160
2001/12/06,Thu,78.790,79.250,79.410,78.570
2001/12/05,Wed,79.020,78.810,79.290,78.780
2001/12/04,Tue,78.720,79.020,79.090,78.410
2001/12/03,Mon,78.440,78.650,78.770,78.320
2001/12/02,Sun,,,,
2001/12/01,Sat,,,,
2001/11/30,Fri,78.340,78.400,78.670,78.100
2001/11/29,Thu,77.690,78.290,78.430,77.570
2001/11/28,Wed,77.790,77.660,77.890,77.260
2001/11/27,Tue,77.560,77.760,78.060,77.540
2001/11/26,Mon,77.770,77.480,77.830,77.390
2001/11/25,Sun,,,,
2001/11/24,Sat,,,,
2001/11/23,Fri,77.490,77.680,77.910,77.310
2001/11/22,Thu,76.930,77.430,77.550,76.810
2001/11/21,Wed,76.900,76.850,77.310,76.730
2001/11/20,Tue,77.570,76.790,77.570,76.830
2001/11/19,Mon,77.240,77.530,78.000,77.220
2001/11/18,Sun,,,,
2001/11/17,Sat,,,,
2001/11/16,Fri,77.030,77.290,77.390,76.720
2001/11/15,Thu,76.370,77.000,77.220,76.320
2001/11/14,Wed,76.320,76.310,76.800,76.170
2001/11/13,Tue,75.180,76.270,76.350,75.100
2001/11/12,Mon,75.090,75.090,75.390,74.670
2001/11/11,Sun,,,,
2001/11/10,Sat,,,,
2001/11/09,Fri,75.120,75.030,75.400,74.940
2001/11/08,Thu,75.740,75.080,76.010,74.930
2001/11/07,Wed,76.090,75.610,76.200,75.610
2001/11/06,Tue,76.370,76.050,76.390,75.860
2001/11/05,Mon,76.390,76.380,76.690,76.190
2001/11/04,Sun,,,,
2001/11/03,Sat,,,,
2001/11/02,Fri,76.470,76.410,76.580,76.070
2001/11/01,Thu,77.090,76.400,77.150,76.300
2001/10/31,Wed,77.290,77.000,77.400,76.770
2001/10/30,Tue,77.400,77.210,77.510,77.030
2001/10/29,Mon,77.870,77.390,77.910,77.340
2001/10/28,Sun,,,,
2001/10/27,Sat,,,,
2001/10/26,Fri,78.110,77.780,78.260,77.750
2001/10/25,Thu,77.970,78.030,78.340,77.660
2001/10/24,Wed,78.000,77.950,78.130,77.820
2001/10/23,Tue,77.570,77.900,78.350,77.470
2001/10/22,Mon,76.850,77.540,77.680,76.820
2001/10/21,Sun,,,,
2001/10/20,Sat,,,,
2001/10/19,Fri,76.740,76.930,77.040,76.620
2001/10/18,Thu,77.190,76.700,77.330,76.700
2001/10/17,Wed,77.470,77.150,77.900,77.040
2001/10/16,Tue,77.570,77.420,78.180,77.300
2001/10/15,Mon,77.480,77.510,77.710,77.180
2001/10/14,Sun,,,,
2001/10/13,Sat,,,,
2001/10/12,Fri,77.600,77.450,77.900,77.080
2001/10/11,Thu,76.780,77.530,77.750,76.620
2001/10/10,Wed,76.720,76.730,77.040,76.580
2001/10/09,Tue,76.690,76.660,77.210,76.650
2001/10/08,Mon,77.130,76.690,77.130,76.560
2001/10/07,Sun,,,,
2001/10/06,Sat,,,,
2001/10/05,Fri,76.770,77.110,77.210,76.530
2001/10/04,Thu,76.890,76.710,77.180,76.660
2001/10/03,Wed,77.020,76.840,77.490,76.830
2001/10/02,Tue,76.410,77.000,77.200,76.330
2001/10/01,Mon,75.650,76.390,76.560,75.590
2001/09/30,Sun,,,,
2001/09/29,Sat,,,,
2001/09/28,Fri,75.850,75.650,75.890,75.260
2001/09/27,Thu,74.890,75.820,76.100,74.860
2001/09/26,Wed,74.870,74.830,75.150,74.570
2001/09/25,Tue,74.840,74.770,75.100,74.520
2001/09/24,Mon,74.330,74.790,74.970,74.010
2001/09/23,Sun,,,,
2001/09/22,Sat,,,,
2001/09/21,Fri,74.000,74.150,74.990,74.000
2001/09/20,Thu,74.940,73.930,75.000,73.720
2001/09/19,Wed,74.630,74.920,75.140,74.530
2001/09/18,Tue,75.040,74.530,75.270,74.440
2001/09/17,Mon,75.040,75.020,75.610,74.460
2001/09/16,Sun,,,,
2001/09/15,Sat,,,,
2001/09/14,Fri,75.900,74.990,76.130,74.530
2001/09/13,Thu,76.510,75.840,76.640,75.680
2001/09/12,Wed,76.380,76.470,76.750,75.940
2001/09/11,Tue,77.420,76.140,78.190,75.550
2001/09/10,Mon,76.690,77.380,77.460,76.540
2001/09/09,Sun,,,,
2001/09/08,Sat,,,,
2001/09/07,Fri,77.650,76.630,77.960,76.520
2001/09/06,Thu,77.520,77.570,78.160,77.490
2001/09/05,Wed,76.540,77.470,77.610,76.500
2001/09/04,Tue,76.540,76.460,77.310,76.380
2001/09/03,Mon,76.710,76.510,76.970,76.460
2001/09/02,Sun,,,,
2001/09/01,Sat,,,,
2001/08/31,Fri,77.290,76.520,77.370,76.500
2001/08/30,Thu,77.740,77.230,77.780,77.100
2001/08/29,Wed,77.970,77.700,78.050,77.190
2001/08/28,Tue,77.850,77.960,78.470,77.670
2001/08/27,Mon,78.010,77.800,78.240,77.740
2001/08/26,Sun,,,,
2001/08/25,Sat,,,,
2001/08/24,Fri,77.840,77.940,78.130,77.650
2001/08/23,Thu,77.790,77.780,78.080,77.540
2001/08/22,Wed,77.370,78.080,77.890,77.140
2001/08/21,Tue,78.160,77.170,78.290,77.190
2001/08/20,Mon,77.970,78.100,78.220,77.820
2001/08/19,Sun,,,,
2001/08/18,Sat,,,,
2001/08/17,Fri,78.270,77.890,78.620,77.850
2001/08/16,Thu,78.220,78.230,78.670,77.900
2001/08/15,Wed,79.290,78.260,79.410,77.920
2001/08/14,Tue,79.630,79.260,80.060,78.640
2001/08/13,Mon,79.340,79.590,79.690,78.960
2001/08/12,Sun,,,,
2001/08/11,Sat,,,,
2001/08/10,Fri,79.140,79.220,79.600,79.070
2001/08/09,Thu,80.590,79.080,80.800,78.820
2001/08/08,Wed,80.500,80.530,80.600,80.130
2001/08/07,Tue,81.220,80.460,81.320,80.410
2001/08/06,Mon,80.750,81.170,81.300,80.740
2001/08/05,Sun,,,,
2001/08/04,Sat,,,,
2001/08/03,Fri,80.620,80.830,80.910,80.330
2001/08/02,Thu,81.100,80.560,81.160,80.240
2001/08/01,Wed,81.550,81.070,81.670,80.970
2001/07/31,Tue,81.810,81.470,81.930,81.530
2001/07/30,Mon,80.520,81.760,81.910,80.430
2001/07/29,Sun,,,,
2001/07/28,Sat,,,,
2001/07/27,Fri,80.700,80.600,81.040,80.320
2001/07/26,Thu,80.440,80.650,80.840,80.180
2001/07/25,Wed,80.580,80.390,80.960,80.300
2001/07/24,Tue,80.550,80.500,80.720,80.430
2001/07/23,Mon,79.750,80.500,80.590,79.710
2001/07/22,Sun,,,,
2001/07/21,Sat,,,,
2001/07/20,Fri,80.070,79.640,80.380,79.440
2001/07/19,Thu,80.580,79.990,80.760,79.930
2001/07/18,Wed,81.160,80.570,81.650,80.370
2001/07/17,Tue,81.620,81.120,81.790,80.970
2001/07/16,Mon,81.220,81.560,81.660,81.110
2001/07/15,Sun,,,,
2001/07/14,Sat,,,,
2001/07/13,Fri,80.960,81.280,81.440,80.770
2001/07/12,Thu,81.500,80.920,81.630,80.890
2001/07/11,Wed,82.470,81.440,82.740,81.130
2001/07/10,Tue,82.370,82.410,82.820,82.320
2001/07/09,Mon,82.570,82.280,82.760,82.290
2001/07/08,Sun,,,,
2001/07/07,Sat,,,,
2001/07/06,Fri,83.080,82.620,83.330,82.580
2001/07/05,Thu,82.370,83.040,83.330,82.350
2001/07/04,Wed,82.310,82.340,82.890,82.230
2001/07/03,Tue,81.990,82.280,82.600,81.690
2001/07/02,Mon,82.340,81.930,82.500,81.960
2001/07/01,Sun,,,,
2001/06/30,Sat,,,,
2001/06/29,Fri,81.920,82.290,82.460,81.260
2001/06/28,Thu,81.950,81.850,82.430,81.720
2001/06/27,Wed,81.580,81.920,82.340,81.540
2001/06/26,Tue,81.580,81.550,81.840,81.240
2001/06/25,Mon,81.670,81.560,81.790,81.320
2001/06/24,Sun,,,,
2001/06/23,Sat,,,,
2001/06/22,Fri,81.810,81.710,81.870,81.190
2001/06/21,Thu,80.790,81.740,81.850,80.660
2001/06/20,Wed,80.060,80.680,80.910,79.890
2001/06/19,Tue,80.350,80.000,80.710,80.030
2001/06/18,Mon,80.610,80.310,80.940,80.270
2001/06/17,Sun,,,,
2001/06/16,Sat,,,,
2001/06/15,Fri,79.800,80.600,81.040,79.070
2001/06/14,Thu,80.490,79.740,80.510,79.660
2001/06/13,Wed,79.850,80.450,80.540,79.790
2001/06/12,Tue,80.240,79.750,80.320,79.720
2001/06/11,Mon,79.560,80.180,80.520,79.510
2001/06/10,Sun,,,,
2001/06/09,Sat,,,,
2001/06/08,Fri,78.980,79.670,79.720,78.870
2001/06/07,Thu,78.850,78.940,79.020,78.630
2001/06/06,Wed,78.560,78.850,79.100,78.460
2001/06/05,Tue,77.630,78.510,78.710,77.310
2001/06/04,Mon,77.650,77.580,78.330,77.410
2001/06/03,Sun,,,,
2001/06/02,Sat,,,,
2001/06/01,Fri,77.560,77.580,77.870,77.010
2001/05/31,Thu,77.990,77.440,78.100,76.610
2001/05/30,Wed,78.240,77.930,78.470,77.780
2001/05/29,Tue,78.460,78.170,78.620,77.680
2001/05/28,Mon,78.050,78.380,78.550,77.890
2001/05/27,Sun,,,,
2001/05/26,Sat,,,,
2001/05/25,Fri,77.500,78.020,78.240,77.470
2001/05/24,Thu,77.430,77.500,77.740,76.690
2001/05/23,Wed,79.720,77.430,79.760,76.940
2001/05/22,Tue,79.840,79.710,80.220,79.370
2001/05/21,Mon,80.690,79.750,80.760,79.740
2001/05/20,Sun,,,,
2001/05/19,Sat,,,,
2001/05/18,Fri,79.780,80.480,80.740,79.760
2001/05/17,Thu,80.220,79.720,80.310,79.720
2001/05/16,Wed,79.810,80.220,80.410,79.600
2001/05/15,Tue,79.470,79.770,79.910,79.220
2001/05/14,Mon,79.070,79.390,79.530,78.960
2001/05/13,Sun,,,,
2001/05/12,Sat,,,,
2001/05/11,Fri,79.480,78.960,79.660,78.800
2001/05/10,Thu,79.440,79.450,79.820,79.270
2001/05/09,Wed,78.610,79.340,79.470,78.560
2001/05/08,Tue,78.530,78.560,79.220,78.360
2001/05/07,Mon,79.010,78.500,79.430,78.490
2001/05/06,Sun,,,,
2001/05/05,Sat,,,,
2001/05/04,Fri,79.170,79.000,79.300,78.750
2001/05/03,Thu,79.270,79.120,79.440,78.800
2001/05/02,Wed,79.660,79.190,80.070,79.230
2001/05/01,Tue,80.500,79.570,80.540,79.450
2001/04/30,Mon,80.410,80.440,80.600,79.910
2001/04/29,Sun,,,,
2001/04/28,Sat,,,,
2001/04/27,Fri,79.890,80.370,80.560,79.810
2001/04/26,Thu,78.890,79.840,79.940,78.760
2001/04/25,Wed,79.090,78.870,79.510,78.700
2001/04/24,Tue,78.310,79.060,79.100,78.250
2001/04/23,Mon,79.070,78.250,79.290,78.210
2001/04/22,Sun,,,,
2001/04/21,Sat,,,,
2001/04/20,Fri,78.130,79.200,79.470,78.090
2001/04/19,Thu,77.970,78.050,78.800,77.860
2001/04/18,Wed,78.810,78.010,79.040,77.820
2001/04/17,Tue,79.640,78.760,79.860,78.800
2001/04/16,Mon,79.470,79.620,79.920,79.430
2001/04/15,Sun,,,,
2001/04/14,Sat,,,,
2001/04/13,Fri,79.140,79.510,79.640,79.120
2001/04/12,Thu,79.900,79.100,80.000,78.690
2001/04/11,Wed,79.960,79.810,80.080,79.610
2001/04/10,Tue,79.990,79.900,80.190,79.460
2001/04/09,Mon,79.210,79.920,80.260,79.210
2001/04/08,Sun,,,,
2001/04/07,Sat,,,,
2001/04/06,Fri,78.820,79.060,79.880,78.790
2001/04/05,Thu,79.620,78.750,79.770,78.440
2001/04/04,Wed,79.620,79.560,80.150,79.550
2001/04/03,Tue,80.200,79.550,80.260,79.300
2001/04/02,Mon,80.150,80.150,80.440,79.680
2001/04/01,Sun,,,,
2001/03/31,Sat,,,,
2001/03/30,Fri,78.660,80.040,80.220,78.450
2001/03/29,Thu,78.160,78.560,78.880,78.040
2001/03/28,Wed,77.880,78.100,78.330,77.280
2001/03/27,Tue,78.690,77.890,79.030,77.620
2001/03/26,Mon,78.500,78.770,79.150,78.430
2001/03/25,Sun,,,,
2001/03/24,Sat,,,,
2001/03/23,Fri,78.650,78.380,78.900,78.110
2001/03/22,Thu,78.550,78.560,79.140,78.290
2001/03/21,Wed,77.970,78.250,78.910,77.930
2001/03/20,Tue,78.470,78.080,78.660,78.020
2001/03/19,Mon,78.470,78.500,78.820,77.890
2001/03/18,Sun,,,,
2001/03/17,Sat,,,,
2001/03/16,Fri,78.440,78.280,78.720,78.190
2001/03/15,Thu,77.720,78.430,78.540,77.380
2001/03/14,Wed,77.540,77.730,78.160,77.410
2001/03/13,Tue,77.660,77.510,77.750,77.160
2001/03/12,Mon,77.280,77.540,78.030,77.190
2001/03/11,Sun,,,,
2001/03/10,Sat,,,,
2001/03/09,Fri,77.310,77.230,77.530,76.960
2001/03/08,Thu,77.430,77.400,77.570,77.030
2001/03/07,Wed,77.240,77.380,78.080,77.110
2001/03/06,Tue,77.110,77.260,77.350,76.610
2001/03/05,Mon,77.080,76.930,77.630,76.860
2001/03/04,Sun,,,,
2001/03/03,Sat,,,,
2001/03/02,Fri,75.880,77.030,77.220,75.850
2001/03/01,Thu,76.340,75.820,76.470,75.760
2001/02/28,Wed,75.890,76.330,76.930,75.830
2001/02/27,Tue,76.220,75.880,76.300,75.850
2001/02/26,Mon,75.350,76.160,76.290,75.330
2001/02/25,Sun,,,,
2001/02/24,Sat,,,,
2001/02/23,Fri,75.980,75.280,76.130,75.220
2001/02/22,Thu,75.890,76.040,76.140,75.330
2001/02/21,Wed,75.130,75.810,76.060,74.940
2001/02/20,Tue,75.630,75.090,75.780,74.990
2001/02/19,Mon,75.250,75.560,75.690,75.000
2001/02/18,Sun,,,,
2001/02/17,Sat,,,,
2001/02/16,Fri,75.460,75.090,75.530,74.740
2001/02/15,Thu,76.160,75.450,76.210,75.430
2001/02/14,Wed,76.790,76.170,76.830,76.120
2001/02/13,Tue,77.150,76.620,77.280,76.530
2001/02/12,Mon,77.810,77.170,78.050,77.160
2001/02/11,Sun,,,,
2001/02/10,Sat,,,,
2001/02/09,Fri,77.290,77.750,78.080,77.050
2001/02/08,Thu,77.030,77.190,77.280,76.630
2001/02/07,Wed,76.030,77.010,77.150,75.940
2001/02/06,Tue,76.100,75.900,76.490,75.870
2001/02/05,Mon,77.260,76.120,77.520,76.070
2001/02/04,Sun,,,,
2001/02/03,Sat,,,,
2001/02/02,Fri,77.420,77.290,77.630,76.930
2001/02/01,Thu,77.790,77.360,77.970,77.060
2001/01/31,Wed,77.020,77.590,77.810,76.910
2001/01/30,Tue,77.760,77.100,77.970,76.980
2001/01/29,Mon,77.970,77.740,78.200,77.220
2001/01/28,Sun,,,,
2001/01/27,Sat,,,,
2001/01/26,Fri,77.550,77.920,78.020,77.300
2001/01/25,Thu,77.910,77.430,78.110,77.030
2001/01/24,Wed,77.320,77.860,78.290,77.130
2001/01/23,Tue,77.420,77.390,78.170,77.310
2001/01/22,Mon,77.470,77.300,77.580,76.970
2001/01/21,Sun,,,,
2001/01/20,Sat,,,,
2001/01/19,Fri,78.120,77.420,78.310,77.310
2001/01/18,Thu,78.640,77.960,79.290,77.660
2001/01/17,Wed,78.160,78.600,78.710,77.620
2001/01/16,Tue,79.250,78.040,79.340,77.880
2001/01/15,Mon,78.870,79.170,79.530,78.770
2001/01/14,Sun,,,,
2001/01/13,Sat,,,,
2001/01/12,Fri,78.810,78.920,79.150,78.460
2001/01/11,Thu,77.550,78.750,78.810,77.430
2001/01/10,Wed,78.200,77.490,78.360,77.450
2001/01/09,Tue,77.630,78.150,78.240,77.270
2001/01/08,Mon,77.790,77.610,77.830,77.460
2001/01/07,Sun,,,,
2001/01/06,Sat,,,,
2001/01/05,Fri,77.190,77.690,77.850,77.070
2001/01/04,Thu,75.850,77.170,77.330,75.820
2001/01/03,Wed,76.580,75.790,76.920,75.770
2001/01/02,Tue,76.350,76.620,76.890,76.250
