日付,曜日,始値,終値,高値,安値
2026/08/07,Fri,194.940,195.310,196.060,194.490
2026/08/06,Thu,195.370,195.050,195.600,194.680
2026/08/05,Wed,194.860,195.470,195.480,194.600
2026/08/04,Tue,193.890,194.950,195.000,193.750
2026/08/03,Mon,194.660,193.990,195.590,192.540
2026/08/02,Sun,,,,
2026/08/01,Sat,,,,
2026/07/31,Fri,198.080,195.140,199.310,195.030
2026/07/30,Thu,200.710,198.170,200.860,196.000
2026/07/29,Wed,199.800,200.790,200.950,199.430
2026/07/28,Tue,199.830,200.020,200.370,199.610
2026/07/27,Mon,200.370,199.950,200.920,199.700
2026/07/26,Sun,,,,
2026/07/25,Sat,,,,
2026/07/24,Fri,200.500,200.270,200.750,200.100
2026/07/23,Thu,200.210,200.610,200.830,200.100
2026/07/22,Wed,200.710,200.320,200.960,200.110
2026/07/21,Tue,200.480,200.780,201.000,200.270
2026/07/20,Mon,201.040,200.600,201.350,200.420
2026/07/19,Sun,,,,
2026/07/18,Sat,,,,
2026/07/17,Fri,200.740,201.140,201.400,200.530
2026/07/16,Thu,201.290,200.780,201.550,200.610
2026/07/15,Wed,200.300,201.390,201.520,200.020
2026/07/14,Tue,199.310,200.500,200.810,199.140
2026/07/13,Mon,199.810,199.390,200.660,199.230
2026/07/12,Sun,,,,
2026/07/11,Sat,,,,
2026/07/10,Fri,201.130,199.980,201.430,199.780
2026/07/09,Thu,201.110,201.220,201.480,200.680
2026/07/08,Wed,200.510,201.180,201.230,200.330
2026/07/07,Tue,201.220,200.620,201.420,200.300
2026/07/06,Mon,200.710,201.310,201.570,200.340
2026/07/05,Sun,,,,
2026/07/04,Sat,,,,
2026/07/03,Fri,200.340,200.880,200.920,200.240
2026/07/02,Thu,200.720,200.440,201.010,199.630
2026/07/01,Wed,200.910,200.820,201.270,200.310
2026/06/30,Tue,200.460,201.110,201.530,200.050
2026/06/29,Mon,199.670,200.520,200.620,199.410
2026/06/28,Sun,,,,
2026/06/27,Sat,,,,
2026/06/26,Fri,199.610,199.760,200.360,199.350
2026/06/25,Thu,199.060,199.700,199.850,198.810
2026/06/24,Wed,199.470,199.180,199.600,198.620
2026/06/23,Tue,199.600,199.510,200.020,199.090
2026/06/22,Mon,199.900,199.750,200.380,199.320
2026/06/21,Sun,,,,
2026/06/20,Sat,,,,
2026/06/19,Fri,200.420,199.870,200.670,199.380
2026/06/18,Thu,200.740,200.540,201.240,199.860
2026/06/17,Wed,202.210,200.840,202.580,200.500
2026/06/16,Tue,201.690,202.290,202.400,201.190
2026/06/15,Mon,200.930,201.810,202.070,200.590
2026/06/14,Sun,,,,
2026/06/13,Sat,,,,
2026/06/12,Fri,201.160,201.000,201.450,200.840
2026/06/11,Thu,200.610,201.250,201.280,200.250
2026/06/10,Wed,200.830,200.730,201.310,200.410
2026/06/09,Tue,200.610,200.910,201.470,200.460
2026/06/08,Mon,201.080,200.820,201.500,200.280
2026/06/07,Sun,,,,
2026/06/06,Sat,,,,
2026/06/05,Fri,202.570,201.330,203.110,200.930
2026/06/04,Thu,201.930,202.660,203.080,201.740
2026/06/03,Wed,203.010,202.070,203.230,201.800
2026/06/02,Tue,202.830,203.120,203.580,202.640
2026/06/01,Mon,203.680,202.920,203.950,202.470
2026/05/31,Sun,,,,
2026/05/30,Sat,,,,
2026/05/29,Fri,203.020,203.900,204.180,202.870
2026/05/28,Thu,202.620,203.120,203.200,201.760
2026/05/27,Wed,202.700,202.700,203.150,202.430
2026/05/26,Tue,202.980,202.820,203.030,202.530
2026/05/25,Mon,202.790,203.040,203.460,202.150
2026/05/24,Sun,,,,
2026/05/23,Sat,,,,
2026/05/22,Fri,201.970,202.810,203.010,201.510
2026/05/21,Thu,201.820,202.070,202.280,201.440
2026/05/20,Wed,201.460,201.880,201.910,200.990
2026/05/19,Tue,202.460,201.570,202.560,201.050
2026/05/18,Mon,201.680,202.490,202.580,201.240
2026/05/17,Sun,,,,
2026/05/16,Sat,,,,
2026/05/15,Fri,201.980,201.740,202.120,201.400
2026/05/14,Thu,201.750,202.050,202.140,201.230
2026/05/13,Wed,201.750,201.870,202.170,201.460
2026/05/12,Tue,201.910,201.890,202.280,201.470
2026/05/11,Mon,200.960,202.040,202.120,200.420
2026/05/10,Sun,,,,
2026/05/09,Sat,,,,
2026/05/08,Fri,200.910,201.780,201.910,200.640
2026/05/07,Thu,200.730,201.100,201.340,200.380
2026/05/06,Wed,201.610,200.790,202.010,198.900
2026/05/05,Tue,200.480,201.640,201.750,200.180
2026/05/04,Mon,200.420,200.570,201.290,199.740
2026/05/03,Sun,,,,
2026/05/02,Sat,,,,
2026/05/01,Fri,200.270,200.880,201.270,199.260
2026/04/30,Thu,202.690,200.370,203.040,198.140
2026/04/29,Wed,202.140,202.760,202.900,201.870
2026/04/28,Tue,203.040,202.230,203.160,201.670
2026/04/27,Mon,203.230,203.050,203.230,202.590
2026/04/26,Sun,,,,
2026/04/25,Sat,,,,
2026/04/24,Fri,202.920,203.090,203.400,202.580
2026/04/23,Thu,203.290,203.150,203.660,202.800
2026/04/22,Wed,204.010,203.190,204.310,203.080
2026/04/21,Tue,203.900,204.120,204.420,203.550
2026/04/20,Mon,202.750,204.030,204.140,202.720
2026/04/19,Sun,,,,
2026/04/18,Sat,,,,
2026/04/17,Fri,203.060,202.890,203.640,202.430
2026/04/16,Thu,203.220,203.150,203.390,202.680
2026/04/15,Wed,203.260,203.320,203.570,202.980
2026/04/14,Tue,203.320,203.330,203.880,202.860
2026/04/13,Mon,201.510,203.430,203.430,201.260
2026/04/12,Sun,,,,
2026/04/11,Sat,,,,
2026/04/10,Fri,201.080,201.860,202.530,200.870
2026/04/09,Thu,200.460,201.180,201.660,200.040
2026/04/08,Wed,199.940,200.390,200.950,199.750
2026/04/07,Tue,199.940,200.050,200.180,199.550
2026/04/06,Mon,199.060,200.020,200.210,198.910
2026/04/05,Sun,,,,
2026/04/04,Sat,,,,
2026/04/03,Fri,199.710,199.230,200.050,199.110
2026/04/02,Thu,199.920,199.810,200.110,199.060
2026/04/01,Wed,198.460,199.930,200.330,198.240
2026/03/31,Tue,199.710,198.550,200.200,197.640
2026/03/30,Mon,200.060,199.780,200.890,199.050
2026/03/29,Sun,,,,
2026/03/28,Sat,,,,
2026/03/27,Fri,200.800,200.700,201.070,200.210
2026/03/26,Thu,201.340,200.920,201.500,200.550
2026/03/25,Wed,201.310,201.410,201.640,200.770
2026/03/24,Tue,201.390,201.330,201.750,200.490
2026/03/23,Mon,201.300,201.480,201.990,200.430
2026/03/22,Sun,,,,
2026/03/21,Sat,,,,
2026/03/20,Fri,200.080,202.070,202.170,199.770
2026/03/19,Thu,201.440,200.140,201.770,199.380
2026/03/18,Wed,202.470,201.550,202.640,201.390
2026/03/17,Tue,202.030,202.610,202.650,201.670
2026/03/16,Mon,201.990,201.910,202.220,201.010
2026/03/15,Sun,,,,
2026/03/14,Sat,,,,
2026/03/13,Fri,202.630,201.830,202.890,201.640
2026/03/12,Thu,203.720,202.720,203.900,202.580
2026/03/11,Wed,202.900,203.640,204.000,202.760
2026/03/10,Tue,202.670,203.010,203.510,202.540
2026/03/09,Mon,203.270,202.800,203.710,202.370
2026/03/08,Sun,,,,
2026/03/07,Sat,,,,
2026/03/06,Fri,201.700,203.360,203.420,201.300
2026/03/05,Thu,201.450,201.800,202.100,200.850
2026/03/04,Wed,201.320,201.550,201.950,200.510
2026/03/03,Tue,201.820,201.750,202.190,200.330
2026/03/02,Mon,202.870,201.920,203.990,201.590
2026/03/01,Sun,,,,
2026/02/28,Sat,,,,
2026/02/27,Fri,201.560,202.980,203.370,201.240
2026/02/26,Thu,202.340,201.670,202.460,201.130
2026/02/25,Wed,201.370,202.390,202.500,200.910
2026/02/24,Tue,199.480,201.440,201.680,199.330
2026/02/23,Mon,200.030,199.610,200.210,199.260
2026/02/22,Sun,,,,
2026/02/21,Sat,,,,
2026/02/20,Fri,199.990,199.880,200.680,199.610
2026/02/19,Thu,200.100,199.980,200.910,199.470
2026/02/18,Wed,199.000,200.270,200.350,198.630
2026/02/17,Tue,199.470,199.080,199.690,198.440
2026/02/16,Mon,198.540,199.480,199.690,198.000
2026/02/15,Sun,,,,
2026/02/14,Sat,,,,
2026/02/13,Fri,198.430,198.930,199.710,198.270
2026/02/12,Thu,198.500,198.520,199.990,197.540
2026/02/11,Wed,200.940,198.610,201.120,198.070
2026/02/10,Tue,203.300,201.000,203.620,200.820
2026/02/09,Mon,202.630,203.450,203.450,201.510
2026/02/08,Sun,,,,
2026/02/07,Sat,,,,
2026/02/06,Fri,201.660,202.660,202.710,201.270
2026/02/05,Thu,201.650,201.760,202.330,201.280
2026/02/04,Wed,200.800,201.790,202.090,200.630
2026/02/03,Tue,199.590,200.920,201.100,199.320
2026/02/02,Mon,200.100,199.640,201.040,199.030
2026/02/01,Sun,,,,
2026/01/31,Sat,,,,
2026/01/30,Fri,200.300,200.180,201.160,199.680
2026/01/29,Thu,199.610,200.350,200.350,198.470
2026/01/28,Wed,199.880,199.660,200.090,198.380
2026/01/27,Tue,198.290,199.960,200.130,197.310
2026/01/26,Mon,198.680,198.420,200.000,197.210
2026/01/25,Sun,,,,
2026/01/24,Sat,,,,
2026/01/23,Fri,200.710,199.560,201.300,198.450
2026/01/22,Thu,198.830,200.780,200.790,198.730
2026/01/21,Wed,200.180,198.950,200.380,198.770
2026/01/20,Tue,198.120,200.220,200.300,197.830
2026/01/19,Mon,197.130,198.310,198.440,196.560
2026/01/18,Sun,,,,
2026/01/17,Sat,,,,
2026/01/16,Fri,197.480,196.920,197.600,196.750
2026/01/15,Thu,198.020,197.490,198.320,197.180
2026/01/14,Wed,198.670,198.070,198.950,197.640
2026/01/13,Tue,198.350,198.700,199.480,198.030
2026/01/12,Mon,197.060,198.330,198.630,197.050
2026/01/11,Sun,,,,
2026/01/10,Sat,,,,
2026/01/09,Fri,196.350,197.030,197.480,196.260
2026/01/08,Thu,196.460,196.350,196.840,196.030
2026/01/07,Wed,196.790,196.520,197.290,196.370
2026/01/06,Tue,197.470,196.870,197.900,196.810
2026/01/05,Mon,198.120,197.570,198.400,196.810
2026/01/04,Sun,,,,
2026/01/03,Sat,,,,
2026/01/02,Fri,197.660,197.950,198.210,197.490
2026/01/01,Thu,197.660,197.600,197.810,197.540
2025/12/31,Wed,197.580,197.650,198.090,197.130
2025/12/30,Tue,197.800,197.580,198.220,197.370
2025/12/29,Mon,198.490,197.800,198.580,197.450
2025/12/28,Sun,,,,
2025/12/27,Sat,,,,
2025/12/26,Fri,198.030,198.320,198.630,197.610
2025/12/25,Thu,197.800,197.840,198.060,197.520
2025/12/24,Wed,198.370,197.750,198.540,197.390
2025/12/23,Tue,198.270,198.320,198.490,197.210
2025/12/22,Mon,198.270,198.240,198.500,197.800
2025/12/21,Sun,,,,
2025/12/20,Sat,,,,
2025/12/19,Fri,195.850,198.360,198.360,195.650
2025/12/18,Thu,195.650,195.860,196.370,195.450
2025/12/17,Wed,194.560,195.670,195.860,194.330
2025/12/16,Tue,194.830,194.580,195.180,194.230
2025/12/15,Mon,195.760,194.960,196.050,194.470
2025/12/14,Sun,,,,
2025/12/13,Sat,,,,
2025/12/12,Fri,195.580,195.770,196.250,195.430
2025/12/11,Thu,195.060,195.610,195.890,194.580
2025/12/10,Wed,194.520,195.070,195.190,194.150
2025/12/09,Tue,193.250,194.580,194.760,192.950
2025/12/08,Mon,192.880,193.270,193.470,192.680
2025/12/07,Sun,,,,
2025/12/06,Sat,,,,
2025/12/05,Fri,193.000,193.080,193.290,192.370
2025/12/04,Thu,194.070,193.000,194.320,192.870
2025/12/03,Wed,194.030,194.150,194.450,193.610
2025/12/02,Tue,193.230,194.150,194.220,193.110
2025/12/01,Mon,194.370,193.190,194.460,193.070
2025/11/30,Sun,,,,
2025/11/29,Sat,,,,
2025/11/28,Fri,194.190,194.310,194.550,193.520
2025/11/27,Thu,194.560,194.200,194.610,193.810
2025/11/26,Wed,193.260,194.560,194.640,192.990
2025/11/25,Tue,194.040,193.260,194.190,192.860
2025/11/24,Mon,193.460,194.110,194.620,193.380
2025/11/23,Sun,,,,
2025/11/22,Sat,,,,
2025/11/21,Fri,195.410,193.440,195.660,193.320
2025/11/20,Thu,195.120,195.410,195.740,194.680
2025/11/19,Wed,194.420,195.110,195.160,193.990
2025/11/18,Tue,195.000,194.490,195.460,194.260
2025/11/17,Mon,194.610,195.030,195.230,194.170
2025/11/16,Sun,,,,
2025/11/15,Sat,,,,
2025/11/14,Fri,195.050,194.660,195.660,194.500
2025/11/13,Thu,194.050,194.910,195.180,193.620
2025/11/12,Wed,192.560,194.020,194.300,192.330
2025/11/11,Tue,191.430,192.550,192.730,191.200
2025/11/10,Mon,190.420,191.460,191.560,190.160
2025/11/09,Sun,,,,
2025/11/08,Sat,,,,
2025/11/07,Fri,189.800,190.560,190.740,189.460
2025/11/06,Thu,190.230,189.800,190.390,189.310
2025/11/05,Wed,189.630,190.210,190.440,189.080
2025/11/04,Tue,190.860,189.620,190.980,189.370
2025/11/03,Mon,191.560,190.850,191.870,190.520
2025/11/02,Sun,,,,
2025/11/01,Sat,,,,
2025/10/31,Fri,192.200,191.430,192.410,191.320
2025/10/30,Thu,190.920,192.190,192.720,190.450
2025/10/29,Wed,191.720,190.910,191.990,190.490
2025/10/28,Tue,192.190,191.710,192.310,191.110
2025/10/27,Mon,192.350,192.190,192.440,191.630
2025/10/26,Sun,,,,
2025/10/25,Sat,,,,
2025/10/24,Fri,191.880,192.120,192.570,191.710
2025/10/23,Thu,190.940,191.870,192.140,190.740
2025/10/22,Wed,190.790,190.960,191.010,190.370
2025/10/21,Tue,190.210,190.790,191.360,190.040
2025/10/20,Mon,189.760,190.210,190.570,189.560
2025/10/19,Sun,,,,
2025/10/18,Sat,,,,
2025/10/17,Fri,189.680,189.950,190.140,189.390
2025/10/16,Thu,189.600,189.710,190.180,189.100
2025/10/15,Wed,189.560,189.610,189.920,188.650
2025/10/14,Tue,189.370,189.560,189.700,188.750
2025/10/13,Mon,189.950,189.370,190.100,188.960
2025/10/12,Sun,,,,
2025/10/11,Sat,,,,
2025/10/10,Fri,189.860,189.170,190.140,189.010
2025/10/09,Thu,190.390,189.850,190.930,189.540
2025/10/08,Wed,190.310,190.400,191.210,190.050
2025/10/07,Tue,189.090,190.300,190.420,188.750
2025/10/06,Mon,187.630,189.100,189.240,186.920
2025/10/05,Sun,,,,
2025/10/04,Sat,,,,
2025/10/03,Fri,184.500,185.410,185.520,184.450
2025/10/02,Thu,184.540,184.540,184.910,184.120
2025/10/01,Wed,185.730,184.540,186.130,183.940
2025/09/30,Tue,186.290,185.730,186.600,185.350
2025/09/29,Mon,187.360,186.290,187.570,186.130
2025/09/28,Sun,,,,
2025/09/27,Sat,,,,
2025/09/26,Fri,187.400,187.400,187.630,187.050
2025/09/25,Thu,187.250,187.330,187.440,186.610
2025/09/24,Wed,186.600,187.250,187.350,186.300
2025/09/23,Tue,186.410,186.600,186.700,186.210
2025/09/22,Mon,185.990,186.410,186.540,185.830
2025/09/21,Sun,,,,
2025/09/20,Sat,,,,
2025/09/19,Fri,186.770,185.990,186.890,185.690
2025/09/18,Thu,186.350,186.770,187.090,186.090
2025/09/17,Wed,186.390,186.320,186.470,185.500
2025/09/16,Tue,185.480,186.390,186.450,185.120
2025/09/15,Mon,185.480,185.470,185.680,184.950
2025/09/14,Sun,,,,
2025/09/13,Sat,,,,
2025/09/12,Fri,184.970,185.370,185.600,184.730
2025/09/11,Thu,184.520,184.960,185.360,184.360
2025/09/10,Wed,184.830,184.520,185.190,184.290
2025/09/09,Tue,185.980,184.830,186.060,184.490
2025/09/08,Mon,185.940,185.970,186.280,185.140
2025/09/07,Sun,,,,
2025/09/06,Sat,,,,
2025/09/05,Fri,184.310,184.690,185.260,184.010
2025/09/04,Thu,184.220,184.310,184.550,183.910
2025/09/03,Wed,184.420,184.220,185.000,183.980
2025/09/02,Tue,183.760,184.420,185.170,183.690
2025/09/01,Mon,183.730,183.850,184.190,183.530
2025/08/31,Sun,,,,
2025/08/30,Sat,,,,
2025/08/29,Fri,183.320,183.680,183.890,182.860
2025/08/28,Thu,183.750,183.320,184.000,183.180
2025/08/27,Wed,183.510,183.740,184.120,183.110
2025/08/26,Tue,183.360,183.500,183.680,182.790
2025/08/25,Mon,183.300,183.350,183.920,182.760
2025/08/24,Sun,,,,
2025/08/23,Sat,,,,
2025/08/22,Fri,183.460,183.330,184.430,182.980
2025/08/21,Thu,183.250,183.430,183.640,182.840
2025/08/20,Wed,182.820,183.240,183.410,182.040
2025/08/19,Tue,183.120,182.830,183.610,182.550
2025/08/18,Mon,182.470,183.120,183.380,182.270
2025/08/17,Sun,,,,
2025/08/16,Sat,,,,
2025/08/15,Fri,182.990,182.520,183.170,182.170
2025/08/14,Thu,183.030,182.980,183.150,181.440
2025/08/13,Wed,183.200,183.040,183.680,182.870
2025/08/12,Tue,182.320,183.300,183.710,182.170
2025/08/11,Mon,182.650,182.320,183.070,181.960
2025/08/10,Sun,,,,
2025/08/09,Sat,,,,
2025/08/08,Fri,182.420,182.790,183.230,182.100
2025/08/07,Thu,182.710,182.390,183.300,182.040
2025/08/06,Wed,182.730,182.710,183.100,182.310
2025/08/05,Tue,181.980,182.720,182.910,181.550
2025/08/04,Mon,183.270,181.980,183.640,181.760
2025/08/03,Sun,,,,
2025/08/02,Sat,,,,
2025/08/01,Fri,185.570,183.310,185.690,182.900
2025/07/31,Thu,183.490,185.580,185.780,182.650
2025/07/30,Wed,184.220,183.490,184.380,183.360
2025/07/29,Tue,184.860,184.210,185.070,183.750
2025/07/28,Mon,185.990,184.860,186.080,184.500
2025/07/27,Sun,,,,
2025/07/26,Sat,,,,
2025/07/25,Fri,184.780,185.790,185.840,184.530
2025/07/24,Thu,184.850,184.780,185.070,184.160
2025/07/23,Wed,185.070,184.900,185.480,184.110
2025/07/22,Tue,184.710,185.070,185.460,183.850
2025/07/21,Mon,184.760,184.690,185.590,184.310
2025/07/20,Sun,,,,
2025/07/19,Sat,,,,
2025/07/18,Fri,184.720,185.700,185.820,184.600
2025/07/17,Thu,184.720,184.720,185.210,184.310
2025/07/16,Wed,185.750,184.740,186.070,184.300
2025/07/15,Tue,185.150,185.710,186.100,185.020
2025/07/14,Mon,184.920,185.140,185.300,184.390
2025/07/13,Sun,,,,
2025/07/12,Sat,,,,
2025/07/11,Fri,183.460,185.070,185.200,183.350
2025/07/10,Thu,184.210,183.490,184.460,183.390
2025/07/09,Wed,184.100,184.210,184.630,183.910
2025/07/08,Tue,182.880,184.150,184.460,182.770
2025/07/07,Mon,181.890,182.910,183.200,181.600
2025/07/06,Sun,,,,
2025/07/05,Sat,,,,
2025/07/04,Fri,182.260,182.060,182.470,181.700
2025/07/03,Thu,181.440,182.290,182.730,181.150
2025/07/02,Wed,181.330,181.420,181.970,181.120
2025/07/01,Tue,181.620,181.330,181.750,180.830
2025/06/30,Mon,180.830,181.620,181.890,180.160
2025/06/29,Sun,,,,
2025/06/28,Sat,,,,
2025/06/27,Fri,180.460,181.050,181.500,180.090
2025/06/26,Thu,180.450,180.430,180.730,179.550
2025/06/25,Wed,179.910,180.490,180.950,179.710
2025/06/24,Tue,179.830,179.940,180.210,178.590
2025/06/23,Mon,178.570,179.850,180.930,178.230
2025/06/22,Sun,,,,
2025/06/21,Sat,,,,
2025/06/20,Fri,178.120,178.700,178.760,177.720
2025/06/19,Thu,177.260,178.120,178.280,176.710
2025/06/18,Wed,177.910,177.220,178.110,176.810
2025/06/17,Tue,177.770,177.940,178.410,177.580
2025/06/16,Mon,177.460,177.770,178.280,177.240
2025/06/15,Sun,,,,
2025/06/14,Sat,,,,
2025/06/13,Fri,177.080,177.620,177.730,176.870
2025/06/12,Thu,176.230,177.100,177.170,175.840
2025/06/11,Wed,176.080,176.230,176.890,175.920
2025/06/10,Tue,175.960,176.080,176.380,175.710
2025/06/09,Mon,176.360,175.960,176.390,175.560
2025/06/08,Sun,,,,
2025/06/07,Sat,,,,
2025/06/06,Fri,175.130,176.320,176.380,174.800
2025/06/05,Thu,174.460,175.100,175.350,174.160
2025/06/04,Wed,174.810,174.460,175.620,174.330
2025/06/03,Tue,174.610,174.820,175.100,174.110
2025/06/02,Mon,174.930,174.670,175.230,174.290
2025/06/01,Sun,,,,
2025/05/31,Sat,,,,
2025/05/30,Fri,175.230,175.140,175.770,174.300
2025/05/29,Thu,175.040,175.200,175.410,174.740
2025/05/28,Wed,174.490,175.050,175.460,174.020
2025/05/27,Tue,173.980,174.500,174.870,173.440
2025/05/26,Mon,173.600,173.980,174.210,173.420
2025/05/25,Sun,,,,
2025/05/24,Sat,,,,
2025/05/23,Fri,173.700,173.580,173.960,173.060
2025/05/22,Thu,174.060,173.700,174.810,173.170
2025/05/21,Wed,174.480,174.070,175.010,173.880
2025/05/20,Tue,173.560,174.460,174.510,172.880
2025/05/19,Mon,173.510,173.560,174.240,173.140
2025/05/18,Sun,,,,
2025/05/17,Sat,,,,
2025/05/16,Fri,174.270,173.820,174.460,173.600
2025/05/15,Thu,174.250,174.270,174.580,173.670
2025/05/14,Wed,175.690,174.270,175.870,174.030
2025/05/13,Tue,175.560,175.690,176.250,175.130
2025/05/12,Mon,175.390,175.560,176.020,174.700
2025/05/11,Sun,,,,
2025/05/10,Sat,,,,
2025/05/09,Fri,175.360,174.830,175.750,174.500
2025/05/08,Thu,174.600,175.360,175.690,174.220
2025/05/07,Wed,173.240,174.600,175.040,172.820
2025/05/06,Tue,174.740,173.240,174.980,172.850
2025/05/05,Mon,175.050,174.780,175.920,174.350
2025/05/04,Sun,,,,
2025/05/03,Sat,,,,
2025/05/02,Fri,175.340,175.330,176.180,174.490
2025/05/01,Thu,173.170,175.340,175.600,172.890
2025/04/30,Wed,172.800,173.170,173.770,172.440
2025/04/29,Tue,173.180,172.800,173.390,172.410
2025/04/28,Mon,173.580,173.200,173.890,172.550
2025/04/27,Sun,,,,
2025/04/26,Sat,,,,
2025/04/25,Fri,172.480,173.580,173.700,172.000
2025/04/24,Thu,172.590,172.430,173.110,172.030
2025/04/23,Wed,172.960,172.630,173.530,172.130
2025/04/22,Tue,174.110,172.890,174.420,172.580
2025/04/21,Mon,174.200,174.080,175.030,173.140
2025/04/20,Sun,,,,
2025/04/19,Sat,,,,
2025/04/18,Fri,173.880,174.160,174.290,173.500
2025/04/17,Thu,174.380,173.670,174.920,173.190
2025/04/16,Wed,173.970,174.330,175.170,173.750
2025/04/15,Tue,175.490,173.890,175.850,173.800
2025/04/14,Mon,176.970,175.390,176.990,174.070
2025/04/13,Sun,,,,
2025/04/12,Sat,,,,
2025/04/11,Fri,175.320,176.000,176.520,173.980
2025/04/10,Thu,172.320,175.300,175.660,171.440
2025/04/09,Wed,172.570,172.070,173.020,171.390
2025/04/08,Tue,171.930,172.520,172.810,171.070
2025/04/07,Mon,170.800,171.870,172.890,169.650
2025/04/06,Sun,,,,
2025/04/05,Sat,,,,
2025/04/04,Fri,170.020,170.690,171.490,169.580
2025/04/03,Thu,169.310,170.000,170.400,168.070
2025/04/02,Wed,169.290,169.260,170.710,168.800
2025/04/01,Tue,169.570,169.280,169.830,168.830
2025/03/31,Mon,170.070,169.510,170.330,168.930
2025/03/30,Sun,,,,
2025/03/29,Sat,,,,
2025/03/28,Fri,171.400,170.120,171.430,169.740
2025/03/27,Thu,170.380,171.280,171.490,169.890
2025/03/26,Wed,169.850,170.380,170.570,169.730
2025/03/25,Tue,170.660,169.820,170.990,169.670
2025/03/24,Mon,169.100,170.600,170.780,168.990
2025/03/23,Sun,,,,
2025/03/22,Sat,,,,
2025/03/21,Fri,168.690,169.000,169.410,168.420
2025/03/20,Thu,169.450,168.680,169.730,168.090
2025/03/19,Wed,170.280,169.360,171.030,169.290
2025/03/18,Tue,169.400,170.230,170.600,169.190
2025/03/17,Mon,167.830,169.360,169.520,167.820
2025/03/16,Sun,,,,
2025/03/15,Sat,,,,
2025/03/14,Fri,167.580,167.860,168.580,167.280
2025/03/13,Thu,168.120,167.530,168.290,166.600
2025/03/12,Wed,167.410,168.100,169.070,167.240
2025/03/11,Tue,167.170,167.330,168.330,166.800
2025/03/10,Mon,168.090,167.130,168.340,166.850
2025/03/09,Sun,,,,
2025/03/08,Sat,,,,
2025/03/07,Fri,167.380,168.180,168.410,167.120
2025/03/06,Thu,167.090,167.320,167.710,166.300
2025/03/05,Wed,168.360,167.070,168.780,166.810
2025/03/04,Tue,166.680,168.310,168.520,166.070
2025/03/03,Mon,167.040,166.670,168.030,166.290
2025/03/02,Sun,,,,
2025/03/01,Sat,,,,
2025/02/28,Fri,166.510,166.650,167.350,165.830
2025/02/27,Thu,166.640,166.480,167.140,166.180
2025/02/26,Wed,166.910,166.610,167.450,166.460
2025/02/25,Tue,166.900,166.880,167.610,166.330
2025/02/24,Mon,166.400,166.830,167.160,165.950
2025/02/23,Sun,,,,
2025/02/22,Sat,,,,
2025/02/21,Fri,166.660,166.280,167.760,165.930
2025/02/20,Thu,167.460,166.570,167.560,165.960
2025/02/19,Wed,168.340,167.390,168.540,167.370
2025/02/18,Tue,168.190,168.270,168.900,167.880
2025/02/17,Mon,169.450,168.180,169.680,167.900
2025/02/16,Sun,,,,
2025/02/15,Sat,,,,
2025/02/14,Fri,169.200,169.290,169.750,168.620
2025/02/13,Thu,169.010,169.130,169.800,168.720
2025/02/12,Wed,166.990,168.990,169.530,166.770
2025/02/11,Tue,166.800,166.920,167.150,166.410
2025/02/10,Mon,166.260,166.730,167.600,166.000
2025/02/09,Sun,,,,
2025/02/08,Sat,,,,
2025/02/07,Fri,167.420,166.360,167.980,165.840
2025/02/06,Thu,169.210,167.320,169.470,167.140
2025/02/05,Wed,170.520,169.190,170.690,168.800
2025/02/04,Tue,169.980,170.460,171.120,169.610
2025/02/03,Mon,170.290,169.910,170.390,168.540
2025/02/02,Sun,,,,
2025/02/01,Sat,,,,
2025/01/31,Fri,169.640,170.270,170.670,169.180
2025/01/30,Thu,171.170,169.580,171.270,169.420
2025/01/29,Wed,172.050,171.080,172.360,170.740
2025/01/28,Tue,171.290,171.980,172.230,171.150
2025/01/27,Mon,172.200,171.240,172.330,171.070
2025/01/26,Sun,,,,
2025/01/25,Sat,,,,
2025/01/24,Fri,172.000,172.160,172.880,171.190
2025/01/23,Thu,172.580,171.920,172.960,171.570
2025/01/22,Wed,171.750,172.560,172.850,171.520
2025/01/21,Tue,171.650,171.650,171.850,170.700
2025/01/20,Mon,170.850,171.560,171.810,170.490
2025/01/19,Sun,,,,
2025/01/18,Sat,,,,
2025/01/17,Fri,170.350,170.820,171.190,170.240
2025/01/16,Thu,171.460,170.240,171.580,170.240
2025/01/15,Wed,173.190,171.440,173.250,171.320
2025/01/14,Tue,171.780,173.130,173.220,171.500
2025/01/13,Mon,172.080,171.720,172.280,171.180
2025/01/12,Sun,,,,
2025/01/11,Sat,,,,
2025/01/10,Fri,173.440,172.060,173.680,171.710
2025/01/09,Thu,173.810,173.300,173.880,172.860
2025/01/08,Wed,173.750,173.740,174.100,173.360
2025/01/07,Tue,174.240,173.730,174.940,173.510
2025/01/06,Mon,172.950,174.210,174.540,172.860
2025/01/05,Sun,,,,
2025/01/04,Sat,,,,
2025/01/03,Fri,172.670,173.090,173.210,172.350
2025/01/02,Thu,173.360,172.590,173.900,172.380
2025/01/01,Wed,173.250,172.920,173.310,172.890
2024/12/31,Tue,173.510,173.220,173.870,172.690
2024/12/30,Mon,175.090,173.480,175.370,172.950
2024/12/29,Sun,,,,
2024/12/28,Sat,,,,
2024/12/27,Fri,175.850,174.970,175.850,174.600
2024/12/26,Thu,174.880,175.730,175.870,174.570
2024/12/25,Wed,174.560,175.060,175.110,174.390
2024/12/24,Tue,174.920,174.570,175.140,174.290
2024/12/23,Mon,175.270,174.870,175.530,174.550
2024/12/22,Sun,,,,
2024/12/21,Sat,,,,
2024/12/20,Fri,175.230,175.130,175.770,174.620
2024/12/19,Thu,171.830,175.080,175.870,171.240
2024/12/18,Wed,171.860,171.730,172.790,171.340
2024/12/17,Tue,172.450,171.830,172.680,171.340
2024/12/16,Mon,172.070,172.290,172.930,171.880
2024/12/15,Sun,,,,
2024/12/14,Sat,,,,
2024/12/13,Fri,171.170,172.070,172.350,170.880
2024/12/12,Thu,172.420,171.020,173.060,170.820
2024/12/11,Wed,172.150,172.400,172.970,170.860
2024/12/10,Tue,172.020,172.060,172.660,171.950
2024/12/09,Mon,170.690,172.000,172.490,170.230
2024/12/08,Sun,,,,
2024/12/07,Sat,,,,
2024/12/06,Fri,170.820,170.680,172.210,170.350
2024/12/05,Thu,170.340,170.740,171.040,169.400
2024/12/04,Wed,168.780,170.280,170.530,168.630
2024/12/03,Tue,168.700,168.770,169.590,168.020
2024/12/02,Mon,169.980,168.650,170.400,168.190
2024/12/01,Sun,,,,
2024/11/30,Sat,,,,
2024/11/29,Fri,171.630,169.980,171.730,169.750
2024/11/28,Thu,171.400,171.560,171.930,171.150
2024/11/27,Wed,172.680,171.350,172.870,170.940
2024/11/26,Tue,174.000,172.600,174.070,172.460
2024/11/25,Mon,172.560,173.950,174.110,172.540
2024/11/24,Sun,,,,
2024/11/23,Sat,,,,
2024/11/22,Fri,174.280,173.090,174.900,172.550
2024/11/21,Thu,175.730,174.210,175.840,174.170
2024/11/20,Wed,175.330,175.730,176.160,175.080
2024/11/19,Tue,175.190,175.220,175.360,173.520
2024/11/18,Mon,173.890,175.120,175.190,173.400
2024/11/17,Sun,,,,
2024/11/16,Sat,,,,
2024/11/15,Fri,175.550,173.790,176.040,173.610
2024/11/14,Thu,175.450,175.500,175.960,175.090
2024/11/13,Wed,175.340,175.410,176.130,175.110
2024/11/12,Tue,174.530,175.260,175.510,174.080
2024/11/11,Mon,174.210,174.490,175.230,174.130
2024/11/10,Sun,,,,
2024/11/09,Sat,,,,
2024/11/08,Fri,175.220,174.260,175.600,174.020
2024/11/07,Thu,176.430,175.260,176.510,175.040
2024/11/06,Wed,175.660,176.380,176.730,175.470
2024/11/05,Tue,176.080,175.620,176.730,175.320
2024/11/04,Mon,175.830,176.020,176.370,174.650
2024/11/03,Sun,,,,
2024/11/02,Sat,,,,
2024/11/01,Fri,176.020,175.800,176.660,175.370
2024/10/31,Thu,176.990,175.980,177.310,175.590
2024/10/30,Wed,176.820,176.980,177.100,176.200
2024/10/29,Tue,177.140,176.730,177.240,176.550
2024/10/28,Mon,175.780,177.080,177.280,175.640
2024/10/27,Sun,,,,
2024/10/26,Sat,,,,
2024/10/25,Fri,175.380,175.620,175.880,175.040
2024/10/24,Thu,176.290,175.350,176.380,175.090
2024/10/23,Wed,174.580,176.300,176.570,174.420
2024/10/22,Tue,174.150,174.530,174.690,173.950
2024/10/21,Mon,172.800,174.130,174.260,172.380
2024/10/20,Sun,,,,
2024/10/19,Sat,,,,
2024/10/18,Fri,173.440,172.780,173.520,172.630
2024/10/17,Thu,172.910,173.380,173.690,172.380
2024/10/16,Wed,173.120,172.870,173.440,172.700
2024/10/15,Tue,173.580,173.010,173.730,172.770
2024/10/14,Mon,173.890,173.600,174.110,173.390
2024/10/13,Sun,,,,
2024/10/12,Sat,,,,
2024/10/11,Fri,173.540,173.930,174.180,173.250
2024/10/10,Thu,173.500,173.510,173.920,173.020
2024/10/09,Wed,172.900,173.470,173.760,172.650
2024/10/08,Tue,173.390,172.820,173.530,172.580
2024/10/07,Mon,173.280,173.370,173.550,172.670
2024/10/06,Sun,,,,
2024/10/05,Sat,,,,
2024/10/04,Fri,172.250,173.240,173.470,171.040
2024/10/03,Thu,172.360,172.250,173.030,171.570
2024/10/02,Wed,169.590,172.330,172.530,169.430
2024/10/01,Tue,169.860,169.550,170.770,169.400
2024/09/30,Mon,168.960,169.820,169.940,168.290
2024/09/29,Sun,,,,
2024/09/28,Sat,,,,
2024/09/27,Fri,171.140,169.150,172.580,168.680
2024/09/26,Thu,170.180,171.100,171.250,169.940
2024/09/25,Wed,169.840,170.190,170.610,169.620
2024/09/24,Tue,169.440,169.810,170.580,169.290
2024/09/23,Mon,169.310,169.400,169.830,168.490
2024/09/22,Sun,,,,
2024/09/21,Sat,,,,
2024/09/20,Fri,168.240,169.270,170.010,167.630
2024/09/19,Thu,168.150,168.190,169.270,167.710
2024/09/18,Wed,168.110,168.110,168.900,167.090
2024/09/17,Tue,166.480,168.080,168.180,166.240
2024/09/16,Mon,165.760,166.410,166.670,165.280
2024/09/15,Sun,,,,
2024/09/14,Sat,,,,
2024/09/13,Fri,166.640,165.810,166.730,165.550
2024/09/12,Thu,167.030,166.580,167.600,166.350
2024/09/11,Wed,168.220,167.010,168.230,166.540
2024/09/10,Tue,168.540,168.160,169.370,167.970
2024/09/09,Mon,168.730,168.550,169.470,168.250
2024/09/08,Sun,,,,
2024/09/07,Sat,,,,
2024/09/06,Fri,169.960,168.750,170.140,168.520
2024/09/05,Thu,169.810,169.930,170.040,169.020
2024/09/04,Wed,171.080,169.770,171.460,169.740
2024/09/03,Tue,172.560,171.060,172.700,170.740
2024/09/02,Mon,171.970,172.420,172.860,171.540
2024/09/01,Sun,,,,
2024/08/31,Sat,,,,
2024/08/30,Fri,171.120,171.870,172.080,170.740
2024/08/29,Thu,171.660,171.090,172.310,170.830
2024/08/28,Wed,171.070,171.650,171.880,170.770
2024/08/27,Tue,170.580,171.020,171.360,170.340
2024/08/26,Mon,170.260,170.570,170.720,169.460
2024/08/25,Sun,,,,
2024/08/24,Sat,,,,
2024/08/23,Fri,171.660,170.150,171.790,169.960
2024/08/22,Thu,170.560,171.610,171.910,170.220
2024/08/21,Wed,170.080,170.490,171.480,169.790
2024/08/20,Tue,169.910,170.060,171.000,169.460
2024/08/19,Mon,170.450,169.860,170.680,168.350
2024/08/18,Sun,,,,
2024/08/17,Sat,,,,
2024/08/16,Fri,171.070,170.300,171.410,170.250
2024/08/15,Thu,170.320,171.010,171.210,169.410
2024/08/14,Wed,169.800,170.240,170.760,169.080
2024/08/13,Tue,170.140,169.770,170.670,169.610
2024/08/12,Mon,169.610,170.100,170.380,169.420
2024/08/11,Sun,,,,
2024/08/10,Sat,,,,
2024/08/09,Fri,169.940,169.350,170.510,169.260
2024/08/08,Thu,170.210,169.870,170.910,169.540
2024/08/07,Wed,169.480,170.210,172.200,169.350
2024/08/06,Tue,169.130,169.430,171.200,168.570
2024/08/05,Mon,170.820,169.090,170.830,166.810
2024/08/04,Sun,,,,
2024/08/03,Sat,,,,
2024/08/02,Fri,171.130,170.810,171.630,169.910
2024/08/01,Thu,170.820,171.090,172.250,169.470
2024/07/31,Wed,173.100,170.800,174.170,170.360
2024/07/30,Tue,173.820,173.060,174.930,172.930
2024/07/29,Mon,173.910,173.770,174.540,173.420
2024/07/28,Sun,,,,
2024/07/27,Sat,,,,
2024/07/26,Fri,174.600,173.950,175.160,173.530
2024/07/25,Thu,173.870,174.540,175.200,172.300
2024/07/24,Wed,174.590,173.830,174.910,173.160
2024/07/23,Tue,176.490,174.530,176.610,174.490
2024/07/22,Mon,177.070,176.440,177.380,176.060
2024/07/21,Sun,,,,
2024/07/20,Sat,,,,
2024/07/19,Fri,177.300,177.070,177.550,176.810
2024/07/18,Thu,176.690,177.250,177.440,176.060
2024/07/17,Wed,177.110,176.730,177.360,175.850
2024/07/16,Tue,176.410,177.150,177.390,176.240
2024/07/15,Mon,176.550,176.350,176.960,175.860
2024/07/14,Sun,,,,
2024/07/13,Sat,,,,
2024/07/12,Fri,177.150,176.510,177.900,176.020
2024/07/11,Thu,179.690,177.080,179.980,176.460
2024/07/10,Wed,179.690,179.670,180.110,179.550
2024/07/09,Tue,179.160,179.610,179.880,178.950
2024/07/08,Mon,179.490,179.100,179.950,178.910
2024/07/07,Sun,,,,
2024/07/06,Sat,,,,
2024/07/05,Fri,179.130,179.310,179.580,178.540
2024/07/04,Thu,179.350,179.110,179.480,178.540
2024/07/03,Wed,178.630,179.290,179.540,178.500
2024/07/02,Tue,178.850,178.560,178.990,178.380
2024/07/01,Mon,178.980,178.790,179.230,178.580
2024/06/30,Sun,,,,
2024/06/29,Sat,,,,
2024/06/28,Fri,178.890,178.880,179.270,178.210
2024/06/27,Thu,179.250,178.840,179.300,178.600
2024/06/26,Wed,178.490,179.170,179.300,178.150
2024/06/25,Tue,178.750,178.420,178.910,178.330
2024/06/24,Mon,178.730,178.690,178.940,177.990
2024/06/23,Sun,,,,
2024/06/22,Sat,,,,
2024/06/21,Fri,178.320,178.720,178.830,177.780
2024/06/20,Thu,178.790,178.240,179.130,177.650
2024/06/19,Wed,178.470,178.760,178.820,178.140
2024/06/18,Tue,177.330,178.500,178.780,177.130
2024/06/17,Mon,176.850,177.260,177.360,176.460
2024/06/16,Sun,,,,
2024/06/15,Sat,,,,
2024/06/14,Fri,175.720,176.720,176.960,175.470
2024/06/13,Thu,175.240,175.620,175.830,175.020
2024/06/12,Wed,175.010,175.190,176.430,174.400
2024/06/11,Tue,175.180,174.950,175.580,174.770
2024/06/10,Mon,174.820,175.110,175.300,174.510
2024/06/09,Sun,,,,
2024/06/08,Sat,,,,
2024/06/07,Fri,174.990,174.830,175.500,174.450
2024/06/06,Thu,174.670,174.930,175.410,174.460
2024/06/05,Wed,174.000,174.690,175.190,173.830
2024/06/04,Tue,174.360,173.990,174.770,173.200
2024/06/03,Mon,174.190,174.240,174.730,173.730
2024/06/02,Sun,,,,
2024/06/01,Sat,,,,
2024/05/31,Fri,173.620,174.340,174.400,173.190
2024/05/30,Thu,172.620,173.560,173.680,171.830
2024/05/29,Wed,172.250,172.590,172.730,171.980
2024/05/28,Tue,171.700,172.180,172.510,171.520
2024/05/27,Mon,171.630,171.620,171.870,171.320
2024/05/26,Sun,,,,
2024/05/25,Sat,,,,
2024/05/24,Fri,171.640,171.570,171.880,171.470
2024/05/23,Thu,171.200,171.620,171.970,171.020
2024/05/22,Wed,171.440,171.150,171.680,170.960
2024/05/21,Tue,171.610,171.370,171.920,171.270
2024/05/20,Mon,171.140,171.540,172.000,171.020
2024/05/19,Sun,,,,
2024/05/18,Sat,,,,
2024/05/17,Fri,171.470,171.180,171.910,171.150
2024/05/16,Thu,171.670,171.410,171.830,170.820
2024/05/15,Wed,172.540,171.620,172.730,171.210
2024/05/14,Tue,172.000,172.500,172.780,171.910
2024/05/13,Mon,171.830,171.930,172.300,171.550
2024/05/12,Sun,,,,
2024/05/11,Sat,,,,
2024/05/10,Fri,171.600,171.740,172.090,171.390
2024/05/09,Thu,171.270,171.550,171.720,170.900
2024/05/08,Wed,170.300,171.210,171.460,170.080
2024/05/07,Tue,169.870,170.250,170.500,169.740
2024/05/06,Mon,168.900,169.750,170.190,168.730
2024/05/05,Sun,,,,
2024/05/04,Sat,,,,
2024/05/03,Fri,168.800,168.890,169.160,168.010
2024/05/02,Thu,168.650,168.690,170.730,168.130
2024/05/01,Wed,171.630,168.670,171.730,167.470
2024/04/30,Tue,171.720,171.600,172.400,171.390
2024/04/29,Mon,173.300,171.660,175.110,169.630
2024/04/28,Sun,,,,
2024/04/27,Sat,,,,
2024/04/26,Fri,170.680,173.140,173.240,170.270
2024/04/25,Thu,169.760,170.590,170.680,169.600
2024/04/24,Wed,169.800,169.710,170.040,169.120
2024/04/23,Tue,169.790,169.770,170.220,169.450
2024/04/22,Mon,169.800,169.740,170.010,169.530
2024/04/21,Sun,,,,
2024/04/20,Sat,,,,
2024/04/19,Fri,169.520,169.850,170.750,169.290
2024/04/18,Thu,169.500,169.460,170.100,169.130
2024/04/17,Wed,169.480,169.460,169.930,169.220
2024/04/16,Tue,169.240,169.430,169.690,168.700
2024/04/15,Mon,167.460,169.180,169.300,167.410
2024/04/14,Sun,,,,
2024/04/13,Sat,,,,
2024/04/12,Fri,168.440,167.630,168.510,167.510
2024/04/11,Thu,167.730,168.390,168.520,167.290
2024/04/10,Wed,167.960,167.730,168.600,167.210
2024/04/09,Tue,167.680,167.960,168.420,167.550
2024/04/08,Mon,168.110,167.620,168.300,167.520
2024/04/07,Sun,,,,
2024/04/06,Sat,,,,
2024/04/05,Fri,167.910,168.120,168.520,167.070
2024/04/04,Thu,167.990,167.860,168.030,167.120
2024/04/03,Wed,166.880,167.920,168.060,166.740
2024/04/02,Tue,167.710,166.870,167.780,166.760
2024/04/01,Mon,167.760,167.660,168.090,167.450
2024/03/31,Sun,,,,
2024/03/30,Sat,,,,
2024/03/29,Fri,167.960,167.740,168.120,167.520
2024/03/28,Thu,167.450,167.870,168.110,166.930
2024/03/27,Wed,167.670,167.430,168.100,166.660
2024/03/26,Tue,168.360,167.610,168.490,167.420
2024/03/25,Mon,168.760,168.310,168.890,168.300
2024/03/24,Sun,,,,
2024/03/23,Sat,,,,
2024/03/22,Fri,168.900,168.620,169.020,167.950
2024/03/21,Thu,170.520,168.910,170.860,168.430
2024/03/20,Wed,169.900,170.470,170.790,169.630
2024/03/19,Tue,168.050,169.820,170.060,167.850
2024/03/18,Mon,168.610,167.980,169.060,167.810
2024/03/17,Sun,,,,
2024/03/16,Sat,,,,
2024/03/15,Fri,167.830,168.590,168.890,167.320
2024/03/14,Thu,168.110,167.770,168.300,167.590
2024/03/13,Wed,168.370,168.060,168.690,167.800
2024/03/12,Tue,167.420,168.290,169.030,167.120
2024/03/11,Mon,167.560,167.410,167.750,167.060
2024/03/10,Sun,,,,
2024/03/09,Sat,,,,
2024/03/08,Fri,168.680,167.520,168.840,167.490
2024/03/07,Thu,169.320,168.620,169.380,167.710
2024/03/06,Wed,169.830,169.300,169.960,168.900
2024/03/05,Tue,170.110,169.810,170.230,169.230
2024/03/04,Mon,169.880,170.050,170.780,169.580
2024/03/03,Sun,,,,
2024/03/02,Sat,,,,
2024/03/01,Fri,169.550,169.830,170.250,169.140
2024/02/29,Thu,171.470,169.510,171.500,169.480
2024/02/28,Wed,171.320,171.430,171.550,170.960
2024/02/27,Tue,171.260,171.280,171.360,170.580
2024/02/26,Mon,170.780,171.230,171.450,170.430
2024/02/25,Sun,,,,
2024/02/24,Sat,,,,
2024/02/23,Fri,171.000,170.730,171.360,170.600
2024/02/22,Thu,170.870,170.940,171.710,170.600
2024/02/21,Wed,170.100,170.810,170.910,169.910
2024/02/20,Tue,170.160,170.020,170.560,170.020
2024/02/19,Mon,170.440,170.100,170.650,170.030
2024/02/18,Sun,,,,
2024/02/17,Sat,,,,
2024/02/16,Fri,170.380,170.540,170.950,170.270
2024/02/15,Thu,169.940,170.350,170.630,169.520
2024/02/14,Wed,170.010,169.950,170.120,169.430
2024/02/13,Tue,170.530,169.940,170.930,169.320
2024/02/12,Mon,170.640,170.500,170.860,170.040
2024/02/11,Sun,,,,
2024/02/10,Sat,,,,
2024/02/09,Fri,170.810,170.630,171.040,170.440
2024/02/08,Thu,169.440,170.890,170.990,169.220
2024/02/07,Wed,170.110,169.410,170.310,169.260
2024/02/06,Tue,170.760,170.050,170.910,169.870
2024/02/05,Mon,171.190,170.710,171.450,170.460
2024/02/04,Sun,,,,
2024/02/03,Sat,,,,
2024/02/02,Fri,170.750,171.170,172.010,170.540
2024/02/01,Thu,170.550,170.660,170.800,169.640
2024/01/31,Wed,171.270,170.490,171.470,170.000
2024/01/30,Tue,171.250,171.230,171.430,170.490
2024/01/29,Mon,171.320,171.220,171.870,170.790
2024/01/28,Sun,,,,
2024/01/27,Sat,,,,
2024/01/26,Fri,170.310,171.340,171.710,170.070
2024/01/25,Thu,170.980,170.280,171.210,169.930
2024/01/24,Wed,170.470,170.900,171.120,169.890
2024/01/23,Tue,170.420,170.450,171.200,169.710
2024/01/22,Mon,170.540,170.370,170.940,169.970
2024/01/21,Sun,,,,
2024/01/20,Sat,,,,
2024/01/19,Fri,170.670,170.490,171.240,170.150
2024/01/18,Thu,171.400,170.640,171.500,170.350
2024/01/17,Wed,170.930,171.350,171.610,170.540
2024/01/16,Tue,170.260,170.820,171.070,169.850
2024/01/15,Mon,170.120,170.270,170.930,169.870
2024/01/14,Sun,,,,
2024/01/13,Sat,,,,
2024/01/12,Fri,170.520,169.950,170.670,169.740
2024/01/11,Thu,171.310,170.480,171.620,170.350
2024/01/10,Wed,169.500,171.280,171.380,169.300
2024/01/09,Tue,170.050,169.470,170.250,168.830
2024/01/08,Mon,170.180,170.010,170.300,169.310
2024/01/07,Sun,,,,
2024/01/06,Sat,,,,
2024/01/05,Fri,170.110,170.110,170.880,169.870
2024/01/04,Thu,168.760,170.060,170.440,168.180
2024/01/03,Wed,167.050,168.740,168.900,166.920
2024/01/02,Tue,167.460,167.000,167.940,166.760
2024/01/01,Mon,167.600,167.420,167.690,167.390
2023/12/31,Sun,,,,
2023/12/30,Sat,,,,
2023/12/29,Fri,167.430,167.550,169.330,167.200
2023/12/28,Thu,168.200,167.370,168.870,167.250
2023/12/27,Wed,166.800,168.160,168.840,166.670
2023/12/26,Tue,166.540,166.760,167.020,165.880
2023/12/25,Mon,166.450,166.170,166.530,165.970
2023/12/24,Sun,,,,
2023/12/23,Sat,,,,
2023/12/22,Fri,165.970,166.390,166.760,165.740
2023/12/21,Thu,166.440,165.910,166.450,165.620
2023/12/20,Wed,167.060,166.370,167.390,165.890
2023/12/19,Tue,164.620,167.000,167.380,164.030
2023/12/18,Mon,163.290,164.560,164.990,163.170
2023/12/17,Sun,,,,
2023/12/16,Sat,,,,
2023/12/15,Fri,163.510,163.240,164.240,163.010
2023/12/14,Thu,163.920,163.480,164.120,162.150
2023/12/13,Wed,166.170,163.870,166.690,163.870
2023/12/12,Tue,166.380,166.110,166.510,165.560
2023/12/11,Mon,164.650,166.350,166.730,164.400
2023/12/10,Sun,,,,
2023/12/09,Sat,,,,
2023/12/08,Fri,164.660,164.710,165.420,162.940
2023/12/07,Thu,168.410,164.580,168.470,162.250
2023/12/06,Wed,168.180,168.350,168.690,167.800
2023/12/05,Tue,168.670,168.110,168.930,167.710
2023/12/04,Mon,168.930,168.610,169.020,167.700
2023/12/03,Sun,,,,
2023/12/02,Sat,,,,
2023/12/01,Fri,169.310,168.860,169.620,168.580
2023/11/30,Thu,168.500,169.260,170.240,168.000
2023/11/29,Wed,167.940,168.470,168.760,167.380
2023/11/28,Tue,168.890,167.880,169.000,167.810
2023/11/27,Mon,169.380,168.830,169.630,168.700
2023/11/26,Sun,,,,
2023/11/25,Sat,,,,
2023/11/24,Fri,169.150,169.280,169.720,168.810
2023/11/23,Thu,169.190,169.130,169.500,168.690
2023/11/22,Wed,167.950,169.150,169.350,167.520
2023/11/21,Tue,167.660,167.900,168.010,166.540
2023/11/20,Mon,168.730,167.600,169.330,167.540
2023/11/19,Sun,,,,
2023/11/18,Sat,,,,
2023/11/17,Fri,169.590,168.890,169.730,168.150
2023/11/16,Thu,170.460,169.570,170.570,169.300
2023/11/15,Wed,169.150,170.430,170.540,168.990
2023/11/14,Tue,168.270,169.120,169.430,167.990
2023/11/13,Mon,167.820,168.200,168.460,167.480
2023/11/12,Sun,,,,
2023/11/11,Sat,,,,
2023/11/10,Fri,167.630,167.760,168.210,167.360
2023/11/09,Thu,167.900,167.580,168.000,167.390
2023/11/08,Wed,167.050,167.840,168.020,166.940
2023/11/07,Tue,166.870,167.010,167.410,166.700
2023/11/06,Mon,166.160,166.840,167.100,165.980
2023/11/05,Sun,,,,
2023/11/04,Sat,,,,
2023/11/03,Fri,166.060,166.110,166.520,165.690
2023/11/02,Thu,166.290,166.030,166.660,165.870
2023/11/01,Wed,166.630,166.260,166.740,165.810
2023/10/31,Tue,165.360,166.560,167.290,165.180
2023/10/30,Mon,165.870,165.260,166.130,164.950
2023/10/29,Sun,,,,
2023/10/28,Sat,,,,
2023/10/27,Fri,167.350,165.780,167.470,165.520
2023/10/26,Thu,167.530,167.290,167.770,166.880
2023/10/25,Wed,167.820,167.470,168.020,167.180
2023/10/24,Tue,168.040,167.800,168.200,167.420
2023/10/23,Mon,167.980,167.980,168.250,167.370
2023/10/22,Sun,,,,
2023/10/21,Sat,,,,
2023/10/20,Fri,168.050,167.980,168.460,167.720
2023/10/19,Thu,166.780,167.980,168.200,166.410
2023/10/18,Wed,166.440,166.740,167.240,166.200
2023/10/17,Tue,166.150,166.410,166.560,165.560
2023/10/16,Mon,165.830,166.070,166.370,165.380
2023/10/15,Sun,,,,
2023/10/14,Sat,,,,
2023/10/13,Fri,164.890,165.670,166.160,164.640
2023/10/12,Thu,165.370,164.870,165.950,164.740
2023/10/11,Wed,164.440,165.320,165.560,164.170
2023/10/10,Tue,163.790,164.360,164.860,163.700
2023/10/09,Mon,164.020,163.740,164.280,163.460
2023/10/08,Sun,,,,
2023/10/07,Sat,,,,
2023/10/06,Fri,162.780,164.030,164.330,162.520
2023/10/05,Thu,162.610,162.740,162.890,162.130
2023/10/04,Wed,161.820,162.540,162.860,161.590
2023/10/03,Tue,163.200,161.770,163.320,160.020
2023/10/02,Mon,163.350,163.140,164.330,162.940
2023/10/01,Sun,,,,
2023/09/30,Sat,,,,
2023/09/29,Fri,163.180,163.170,163.960,162.940
2023/09/28,Thu,162.430,163.120,163.250,162.010
2023/09/27,Wed,162.780,162.380,162.940,162.180
2023/09/26,Tue,163.290,162.740,163.330,162.710
2023/09/25,Mon,163.560,163.230,163.730,162.960
2023/09/24,Sun,,,,
2023/09/23,Sat,,,,
2023/09/22,Fri,163.160,163.530,164.070,163.010
2023/09/21,Thu,165.080,163.130,165.100,162.980
2023/09/20,Wed,164.700,165.030,165.450,164.520
2023/09/19,Tue,164.540,164.670,165.090,164.390
2023/09/18,Mon,164.600,164.480,164.960,164.360
2023/09/17,Sun,,,,
2023/09/16,Sat,,,,
2023/09/15,Fri,164.720,164.670,165.210,164.430
2023/09/14,Thu,165.010,164.640,165.100,164.190
2023/09/13,Wed,165.000,164.960,165.460,164.830
2023/09/12,Tue,164.550,164.980,165.210,164.290
2023/09/11,Mon,165.730,164.480,165.760,163.810
2023/09/10,Sun,,,,
2023/09/09,Sat,,,,
2023/09/08,Fri,164.960,165.430,165.720,164.470
2023/09/07,Thu,165.630,164.920,165.880,164.650
2023/09/06,Wed,166.150,165.660,166.170,164.900
2023/09/05,Tue,165.650,166.080,166.240,165.360
2023/09/04,Mon,165.050,165.600,165.800,164.880
2023/09/03,Sun,,,,
2023/09/02,Sat,,,,
2023/09/01,Fri,164.770,165.050,165.290,164.050
2023/08/31,Thu,166.530,164.720,166.570,164.550
2023/08/30,Wed,166.080,166.500,166.690,165.920
2023/08/29,Tue,165.850,166.030,166.730,165.430
2023/08/28,Mon,165.510,165.770,166.040,165.360
2023/08/27,Sun,,,,
2023/08/26,Sat,,,,
2023/08/25,Fri,164.880,165.450,165.690,164.610
2023/08/24,Thu,164.980,164.820,165.710,164.740
2023/08/23,Wed,165.710,164.940,165.950,164.460
2023/08/22,Tue,166.410,165.680,166.610,165.580
2023/08/21,Mon,164.830,166.350,166.580,164.510
2023/08/20,Sun,,,,
2023/08/19,Sat,,,,
2023/08/18,Fri,166.030,164.840,166.120,164.420
2023/08/17,Thu,166.320,165.980,166.460,165.630
2023/08/16,Wed,165.710,166.220,166.440,165.420
2023/08/15,Tue,165.710,165.720,166.460,165.510
2023/08/14,Mon,165.340,165.700,165.770,164.810
2023/08/13,Sun,,,,
2023/08/12,Sat,,,,
2023/08/11,Fri,165.080,165.270,165.530,164.720
2023/08/10,Thu,163.810,165.070,165.460,163.730
2023/08/09,Wed,163.650,163.820,164.100,163.300
2023/08/08,Tue,163.330,163.620,164.310,162.840
2023/08/07,Mon,162.440,163.310,163.360,161.940
2023/08/06,Sun,,,,
2023/08/05,Sat,,,,
2023/08/04,Fri,163.080,162.350,163.400,162.320
2023/08/03,Thu,163.270,163.010,163.810,162.400
2023/08/02,Wed,163.680,163.270,164.070,162.070
2023/08/01,Tue,163.190,163.750,163.910,162.890
2023/07/31,Mon,162.070,163.150,164.080,161.700
2023/07/30,Sun,,,,
2023/07/29,Sat,,,,
2023/07/28,Fri,160.430,162.200,162.400,158.860
2023/07/27,Thu,162.910,160.400,163.830,159.590
2023/07/26,Wed,163.160,162.850,163.450,162.430
2023/07/25,Tue,162.630,163.070,163.260,162.460
2023/07/24,Mon,163.630,162.560,163.820,162.610
2023/07/23,Sun,,,,
2023/07/22,Sat,,,,
2023/07/21,Fri,161.610,163.710,164.020,161.280
2023/07/20,Thu,162.700,161.580,162.940,161.470
2023/07/19,Wed,161.790,162.610,163.140,161.760
2023/07/18,Tue,161.180,161.840,162.120,160.640
2023/07/17,Mon,160.990,161.200,161.820,160.550
2023/07/16,Sun,,,,
2023/07/15,Sat,,,,
2023/07/14,Fri,160.700,160.920,161.650,159.980
2023/07/13,Thu,159.670,160.690,161.110,159.370
2023/07/12,Wed,159.610,159.640,159.950,158.480
2023/07/11,Tue,159.610,159.570,159.830,158.900
2023/07/10,Mon,160.060,159.580,160.560,159.220
2023/07/09,Sun,,,,
2023/07/08,Sat,,,,
2023/07/07,Fri,160.950,159.880,160.980,159.470
2023/07/06,Thu,160.930,160.890,161.030,159.940
2023/07/05,Wed,161.090,160.880,161.390,160.440
2023/07/04,Tue,161.350,161.040,161.490,160.900
2023/07/03,Mon,161.320,161.360,161.630,160.550
2023/07/02,Sun,,,,
2023/07/01,Sat,,,,
2023/06/30,Fri,160.970,161.130,161.690,160.410
2023/06/29,Thu,161.070,160.930,161.360,160.620
2023/06/28,Wed,161.190,161.020,161.300,160.570
2023/06/27,Tue,160.200,161.210,161.370,159.950
2023/06/26,Mon,160.110,160.160,160.720,159.670
2023/06/25,Sun,,,,
2023/06/24,Sat,,,,
2023/06/23,Fri,159.920,160.070,160.370,158.450
2023/06/22,Thu,158.870,159.920,160.070,158.280
2023/06/21,Wed,157.530,158.810,158.950,157.350
2023/06/20,Tue,158.510,157.450,158.740,157.160
2023/06/19,Mon,158.630,158.460,158.870,157.900
2023/06/18,Sun,,,,
2023/06/17,Sat,,,,
2023/06/16,Fri,157.300,158.600,158.830,156.830
2023/06/15,Thu,155.460,157.300,157.560,155.340
2023/06/14,Wed,154.900,155.450,155.510,154.570
2023/06/13,Tue,153.610,154.850,154.970,153.410
2023/06/12,Mon,154.210,153.560,154.780,153.330
2023/06/11,Sun,,,,
2023/06/10,Sat,,,,
2023/06/09,Fri,154.570,154.100,155.300,154.150
2023/06/08,Thu,153.960,154.550,154.650,153.500
2023/06/07,Wed,153.850,153.850,154.190,153.230
2023/06/06,Tue,153.940,153.810,154.320,153.360
2023/06/05,Mon,154.010,153.900,154.430,153.450
2023/06/04,Sun,,,,
2023/06/03,Sat,,,,
2023/06/02,Fri,153.280,153.900,154.130,153.040
2023/06/01,Thu,152.960,153.260,153.880,152.440
2023/05/31,Wed,154.320,152.970,154.410,152.740
2023/05/30,Tue,155.340,154.290,155.570,154.110
2023/05/29,Mon,155.370,155.320,155.600,155.040
2023/05/28,Sun,,,,
2023/05/27,Sat,,,,
2023/05/26,Fri,154.630,155.260,155.510,154.280
2023/05/25,Thu,154.120,154.600,154.740,153.510
2023/05/24,Wed,153.800,154.080,154.160,153.210
2023/05/23,Tue,154.370,153.760,154.510,153.490
2023/05/22,Mon,153.240,154.300,154.510,153.140
2023/05/21,Sun,,,,
2023/05/20,Sat,,,,
2023/05/19,Fri,153.200,153.280,153.800,152.820
2023/05/18,Thu,153.160,153.140,153.450,152.730
2023/05/17,Wed,152.140,153.120,153.310,152.040
2023/05/16,Tue,151.970,152.100,152.590,151.590
2023/05/15,Mon,150.970,151.920,152.220,150.960
2023/05/14,Sun,,,,
2023/05/13,Sat,,,,
2023/05/12,Fri,150.470,151.060,151.560,150.290
2023/05/11,Thu,151.000,150.440,151.110,149.790
2023/05/10,Wed,151.870,150.940,152.390,150.590
2023/05/09,Tue,151.870,151.800,151.970,151.000
2023/05/08,Mon,151.310,151.840,152.280,151.290
2023/05/07,Sun,,,,
2023/05/06,Sat,,,,
2023/05/05,Fri,151.610,151.320,151.700,150.180
2023/05/04,Thu,152.420,151.560,152.560,150.820
2023/05/03,Wed,152.890,152.390,153.040,152.200
2023/05/02,Tue,153.550,152.820,153.900,152.510
2023/05/01,Mon,152.410,153.420,153.560,152.120
2023/04/30,Sun,,,,
2023/04/29,Sat,,,,
2023/04/28,Fri,149.790,152.370,153.260,149.120
2023/04/27,Thu,149.990,149.750,150.290,149.180
2023/04/26,Wed,149.950,149.940,150.550,149.600
2023/04/25,Tue,151.230,149.880,151.550,149.510
2023/04/24,Mon,150.310,151.200,151.540,150.030
2023/04/23,Sun,,,,
2023/04/22,Sat,,,,
2023/04/21,Fri,150.440,150.220,150.560,149.510
2023/04/20,Thu,150.070,150.450,150.600,149.810
2023/04/19,Wed,149.630,150.020,150.260,149.450
2023/04/18,Tue,149.600,149.590,149.970,149.170
2023/04/17,Mon,149.560,149.580,150.220,149.390
2023/04/16,Sun,,,,
2023/04/15,Sat,,,,
2023/04/14,Fri,148.990,149.650,149.750,148.850
2023/04/13,Thu,148.570,148.980,149.940,148.390
2023/04/12,Wed,147.960,148.520,149.020,147.610
2023/04/11,Tue,146.910,147.950,148.150,146.660
2023/04/10,Mon,146.040,146.880,146.950,145.700
2023/04/09,Sun,,,,
2023/04/08,Sat,,,,
2023/04/07,Fri,145.640,145.870,146.310,145.340
2023/04/06,Thu,144.790,145.670,145.830,144.290
2023/04/05,Wed,145.400,144.790,145.630,144.490
2023/04/04,Tue,145.120,145.350,146.010,144.790
2023/04/03,Mon,145.350,145.110,145.890,144.690
2023/04/02,Sun,,,,
2023/04/01,Sat,,,,
2023/03/31,Fri,145.290,145.110,146.110,144.940
2023/03/30,Thu,144.630,145.260,145.600,144.070
2023/03/29,Wed,142.340,144.580,144.710,142.100
2023/03/28,Tue,143.670,142.170,143.730,142.000
2023/03/27,Mon,142.400,143.660,143.770,141.950
2023/03/26,Sun,,,,
2023/03/25,Sat,,,,
2023/03/24,Fri,142.740,142.010,142.850,140.820
2023/03/23,Thu,143.260,142.710,143.750,142.200
2023/03/22,Wed,143.670,143.230,144.240,142.720
2023/03/21,Tue,141.400,143.620,143.720,141.060
2023/03/20,Mon,143.070,141.350,143.180,140.190
2023/03/19,Sun,,,,
2023/03/18,Sat,,,,
2023/03/17,Fri,143.920,142.290,144.190,142.010
2023/03/16,Thu,142.940,143.860,144.130,141.880
2023/03/15,Wed,146.820,142.920,147.610,142.640
2023/03/14,Tue,146.080,146.780,147.570,145.770
2023/03/13,Mon,146.490,146.030,147.050,145.260
2023/03/12,Sun,,,,
2023/03/11,Sat,,,,
2023/03/10,Fri,145.990,146.460,147.950,145.710
2023/03/09,Thu,145.840,145.980,146.020,144.940
2023/03/08,Wed,145.670,145.800,146.200,145.140
2023/03/07,Tue,146.050,145.630,146.370,145.260
2023/03/06,Mon,145.070,146.010,146.090,144.700
2023/03/05,Sun,,,,
2023/03/04,Sat,,,,
2023/03/03,Fri,145.140,145.120,145.630,144.790
2023/03/02,Thu,144.950,145.090,145.470,144.630
2023/03/01,Wed,144.570,144.890,145.200,144.450
2023/02/28,Tue,145.570,144.510,146.320,144.450
2023/02/27,Mon,145.120,145.510,145.650,144.420
2023/02/26,Sun,,,,
2023/02/25,Sat,,,,
2023/02/24,Fri,144.230,144.990,145.370,143.670
2023/02/23,Thu,144.840,144.190,145.100,144.060
2023/02/22,Wed,145.510,144.800,145.700,144.600
2023/02/21,Tue,145.390,145.510,145.940,145.240
2023/02/20,Mon,145.090,145.350,145.540,144.900
2023/02/19,Sun,,,,
2023/02/18,Sat,,,,
2023/02/17,Fri,144.750,145.040,145.270,144.490
2023/02/16,Thu,145.200,144.720,145.370,144.560
2023/02/15,Wed,144.490,145.150,145.320,143.740
2023/02/14,Tue,144.010,144.450,144.570,143.570
2023/02/13,Mon,142.240,143.980,144.280,142.110
2023/02/12,Sun,,,,
2023/02/11,Sat,,,,
2023/02/10,Fri,142.660,142.230,142.910,141.060
2023/02/09,Thu,142.640,142.640,143.180,142.140
2023/02/08,Wed,142.150,142.610,142.870,141.840
2023/02/07,Tue,142.900,142.130,143.060,141.860
2023/02/06,Mon,142.670,142.900,143.270,141.950
2023/02/05,Sun,,,,
2023/02/04,Sat,,,,
2023/02/03,Fri,140.870,141.640,142.130,139.820
2023/02/02,Thu,141.960,140.860,142.140,140.510
2023/02/01,Wed,141.960,141.900,142.480,140.950
2023/01/31,Tue,141.010,141.960,142.290,140.340
2023/01/30,Mon,140.940,140.940,141.580,140.270
2023/01/29,Sun,,,,
2023/01/28,Sat,,,,
2023/01/27,Fri,141.490,140.970,141.550,140.570
2023/01/26,Thu,141.190,141.440,142.010,140.620
2023/01/25,Wed,141.150,141.140,141.530,140.500
2023/01/24,Tue,141.760,141.130,141.800,140.610
2023/01/23,Mon,140.790,141.730,141.850,140.510
2023/01/22,Sun,,,,
2023/01/21,Sat,,,,
2023/01/20,Fri,140.150,140.710,141.600,140.090
2023/01/19,Thu,140.700,140.100,140.880,139.440
2023/01/18,Wed,138.990,140.640,142.490,138.930
2023/01/17,Tue,138.760,138.910,140.070,138.470
2023/01/16,Mon,137.930,138.690,139.140,137.720
2023/01/15,Sun,,,,
2023/01/14,Sat,,,,
2023/01/13,Fri,139.350,137.970,139.530,137.400
2023/01/12,Thu,142.260,139.270,142.320,139.020
2023/01/11,Wed,143.380,142.210,143.910,142.050
2023/01/10,Tue,143.130,143.330,143.630,142.670
2023/01/09,Mon,142.240,143.100,143.950,141.850
2023/01/08,Sun,,,,
2023/01/07,Sat,,,,
2023/01/06,Fri,142.550,142.360,143.430,142.140
2023/01/05,Thu,142.680,142.450,143.640,141.850
2023/01/04,Wed,139.950,142.630,142.990,139.830
2023/01/03,Tue,141.310,139.930,141.810,138.940
2023/01/02,Mon,141.820,141.270,141.840,141.140
2023/01/01,Sun,,,,
2022/12/31,Sat,,,,
2022/12/30,Fri,144.080,141.770,144.180,141.580
2022/12/29,Thu,144.780,144.040,144.870,143.720
2022/12/28,Wed,143.700,144.730,144.910,143.530
2022/12/27,Tue,142.590,143.680,143.830,142.290
2022/12/26,Mon,142.190,142.520,143.010,141.640
2022/12/25,Sun,,,,
2022/12/24,Sat,,,,
2022/12/23,Fri,142.190,142.170,142.940,141.920
2022/12/22,Thu,142.950,142.080,143.090,142.000
2022/12/21,Wed,142.230,142.900,143.260,141.870
2022/12/20,Tue,147.430,142.210,147.820,141.020
2022/12/19,Mon,145.720,147.370,147.470,145.450
2022/12/18,Sun,,,,
2022/12/17,Sat,,,,
2022/12/16,Fri,148.270,146.360,148.550,146.200
2022/12/15,Thu,146.530,148.320,148.520,146.250
2022/12/14,Wed,145.950,146.500,146.800,145.280
2022/12/13,Tue,147.050,145.900,147.530,145.410
2022/12/12,Mon,146.180,147.010,147.150,145.980
2022/12/11,Sun,,,,
2022/12/10,Sat,,,,
2022/12/09,Fri,145.920,146.100,146.590,144.800
2022/12/08,Thu,145.200,145.880,146.090,144.830
2022/12/07,Wed,145.540,145.160,146.310,144.880
2022/12/06,Tue,145.090,145.500,145.560,144.700
2022/12/05,Mon,143.620,145.050,145.360,143.140
2022/12/04,Sun,,,,
2022/12/03,Sat,,,,
2022/12/02,Fri,144.390,143.310,144.540,142.880
2022/12/01,Thu,145.960,144.350,146.100,143.970
2022/11/30,Wed,145.410,145.890,147.100,145.140
2022/11/29,Tue,146.400,145.370,146.700,145.000
2022/11/28,Mon,147.370,146.330,147.380,145.780
2022/11/27,Sun,,,,
2022/11/26,Sat,,,,
2022/11/25,Fri,146.960,147.090,147.740,146.520
2022/11/24,Thu,148.080,146.910,148.180,146.320
2022/11/23,Wed,148.390,148.030,148.920,147.790
2022/11/22,Tue,148.200,148.350,148.720,147.660
2022/11/21,Mon,146.970,148.150,148.350,146.870
2022/11/20,Sun,,,,
2022/11/19,Sat,,,,
2022/11/18,Fri,147.320,146.960,147.490,146.500
2022/11/17,Thu,147.740,147.280,147.800,147.070
2022/11/16,Wed,147.470,147.690,148.570,147.040
2022/11/15,Tue,148.340,147.410,148.830,146.980
2022/11/14,Mon,147.090,148.290,149.130,146.940
2022/11/13,Sun,,,,
2022/11/12,Sat,,,,
2022/11/11,Fri,146.310,147.320,147.550,144.640
2022/11/10,Thu,148.810,146.230,148.900,145.480
2022/11/09,Wed,147.770,148.760,148.910,147.420
2022/11/08,Tue,148.370,147.710,148.430,147.450
2022/11/07,Mon,148.040,148.300,148.440,147.050
2022/11/06,Sun,,,,
2022/11/05,Sat,,,,
2022/11/04,Fri,146.310,147.450,147.700,145.980
2022/11/03,Thu,147.450,146.310,147.810,145.780
2022/11/02,Wed,148.280,147.380,148.390,146.680
2022/11/01,Tue,148.530,148.240,148.700,147.870
2022/10/31,Mon,148.320,148.490,148.850,147.820
2022/10/30,Sun,,,,
2022/10/29,Sat,,,,
2022/10/28,Fri,147.640,147.970,148.560,147.420
2022/10/27,Thu,148.330,147.550,148.600,147.200
2022/10/26,Wed,148.680,148.290,149.140,148.090
2022/10/25,Tue,148.950,148.630,149.240,148.170
2022/10/24,Mon,147.900,148.870,149.680,146.190
2022/10/23,Sun,,,,
2022/10/22,Sat,,,,
2022/10/21,Fri,149.610,147.940,150.590,146.480
2022/10/20,Thu,149.220,149.570,149.900,148.880
2022/10/19,Wed,150.140,149.190,150.250,148.910
2022/10/18,Tue,149.550,150.080,150.190,149.240
2022/10/17,Mon,147.670,149.520,149.690,147.600
2022/10/16,Sun,,,,
2022/10/15,Sat,,,,
2022/10/14,Fri,147.100,147.940,148.110,146.950
2022/10/13,Thu,147.270,147.100,147.460,145.760
2022/10/12,Wed,146.300,147.220,147.550,146.110
2022/10/11,Tue,145.720,146.270,146.850,145.410
2022/10/10,Mon,146.180,145.700,146.510,145.550
2022/10/09,Sun,,,,
2022/10/08,Sat,,,,
2022/10/07,Fri,146.500,146.120,146.680,145.770
2022/10/06,Thu,147.040,146.480,147.840,146.190
2022/10/05,Wed,147.190,146.980,147.290,146.410
2022/10/04,Tue,145.730,147.110,147.480,145.460
2022/10/03,Mon,146.610,145.680,147.290,145.320
2022/10/02,Sun,,,,
2022/10/01,Sat,,,,
2022/09/30,Fri,148.060,146.630,148.590,146.550
2022/09/29,Thu,147.710,148.030,148.120,146.770
2022/09/28,Wed,146.010,147.630,147.890,145.280
2022/09/27,Tue,145.730,145.970,146.600,145.430
2022/09/26,Mon,146.010,145.660,146.630,145.130
2022/09/25,Sun,,,,
2022/09/24,Sat,,,,
2022/09/23,Fri,145.750,145.900,146.670,144.980
2022/09/22,Thu,149.040,145.690,151.570,143.480
2022/09/21,Wed,149.090,149.030,149.680,148.370
2022/09/20,Tue,148.460,149.070,149.280,148.170
2022/09/19,Mon,148.180,148.410,148.720,147.910
2022/09/18,Sun,,,,
2022/09/17,Sat,,,,
2022/09/16,Fri,149.240,148.100,149.370,148.000
2022/09/15,Thu,148.760,149.180,150.180,148.430
2022/09/14,Wed,150.360,148.770,150.750,148.320
2022/09/13,Tue,149.780,150.280,150.530,148.340
2022/09/12,Mon,148.550,149.730,149.850,148.160
2022/09/11,Sun,,,,
2022/09/10,Sat,,,,
2022/09/09,Fri,148.410,148.410,148.850,147.490
2022/09/08,Thu,147.180,148.360,148.540,146.920
2022/09/07,Wed,145.070,147.090,147.400,144.950
2022/09/06,Tue,143.510,145.040,145.390,143.370
2022/09/05,Mon,142.950,143.460,143.540,142.560
2022/09/04,Sun,,,,
2022/09/03,Sat,,,,
2022/09/02,Fri,142.750,142.940,143.310,142.440
2022/09/01,Thu,142.160,142.710,142.910,142.040
2022/08/31,Wed,142.500,142.130,142.590,141.380
2022/08/30,Tue,143.260,142.450,143.410,142.200
2022/08/29,Mon,142.450,143.220,143.450,142.350
2022/08/28,Sun,,,,
2022/08/27,Sat,,,,
2022/08/26,Fri,141.620,142.260,142.730,141.590
2022/08/25,Thu,141.870,141.580,142.070,141.430
2022/08/24,Wed,141.890,141.810,141.990,141.320
2022/08/23,Tue,142.540,141.840,142.750,141.390
2022/08/22,Mon,142.940,142.490,143.290,142.370
2022/08/21,Sun,,,,
2022/08/20,Sat,,,,
2022/08/19,Fri,142.020,142.750,143.350,141.870
2022/08/18,Thu,141.860,142.000,142.210,141.440
2022/08/17,Wed,141.380,141.800,142.350,141.130
2022/08/16,Tue,140.850,141.320,141.850,140.470
2022/08/15,Mon,141.820,140.860,141.920,140.510
2022/08/14,Sun,,,,
2022/08/13,Sat,,,,
2022/08/12,Fri,141.390,141.760,142.170,141.170
2022/08/11,Thu,141.010,141.320,141.410,140.380
2022/08/10,Wed,141.690,140.950,142.380,140.400
2022/08/09,Tue,141.380,141.660,141.920,140.940
2022/08/08,Mon,140.450,141.320,141.400,140.250
2022/08/07,Sun,,,,
2022/08/06,Sat,,,,
2022/08/05,Fri,139.140,140.370,140.730,138.880
2022/08/04,Thu,139.330,139.080,140.030,138.820
2022/08/03,Wed,139.080,139.300,139.710,138.610
2022/08/02,Tue,138.610,139.040,139.150,137.140
2022/08/01,Mon,140.010,138.600,140.170,138.470
2022/07/31,Sun,,,,
2022/07/30,Sat,,,,
2022/07/29,Fri,140.630,139.930,141.100,139.310
2022/07/28,Thu,142.260,140.550,142.400,140.410
2022/07/27,Wed,142.240,142.220,142.600,141.990
2022/07/26,Tue,141.710,142.170,142.250,141.280
2022/07/25,Mon,141.530,141.650,141.820,141.140
2022/07/24,Sun,,,,
2022/07/23,Sat,,,,
2022/07/22,Fri,142.080,141.470,142.460,141.180
2022/07/21,Thu,142.260,142.070,143.160,141.660
2022/07/20,Wed,142.670,142.270,142.860,141.940
2022/07/19,Tue,141.260,142.620,142.740,141.050
2022/07/18,Mon,141.920,141.280,142.070,141.190
2022/07/17,Sun,,,,
2022/07/16,Sat,,,,
2022/07/15,Fri,141.230,141.880,141.940,140.970
2022/07/14,Thu,140.390,141.130,141.530,140.170
2022/07/13,Wed,139.420,140.350,140.730,139.190
2022/07/12,Tue,139.800,139.380,139.940,138.750
2022/07/11,Mon,139.320,139.750,140.390,139.200
2022/07/10,Sun,,,,
2022/07/09,Sat,,,,
2022/07/08,Fri,139.670,139.340,139.890,138.660
2022/07/07,Thu,140.040,139.600,140.390,139.370
2022/07/06,Wed,140.310,140.000,140.340,138.840
2022/07/05,Tue,141.190,140.270,142.050,139.920
2022/07/04,Mon,141.040,141.150,141.570,140.600
2022/07/03,Sun,,,,
2022/07/02,Sat,,,,
2022/07/01,Fri,142.100,140.870,142.340,140.060
2022/06/30,Thu,142.990,142.080,143.300,141.810
2022/06/29,Wed,142.200,142.970,143.780,141.880
2022/06/28,Tue,141.700,142.180,142.770,141.320
2022/06/27,Mon,141.230,141.630,141.790,140.480
2022/06/26,Sun,,,,
2022/06/25,Sat,,,,
2022/06/24,Fri,140.380,141.080,141.720,139.830
2022/06/23,Thu,141.760,140.330,141.780,139.830
2022/06/22,Wed,141.390,141.680,141.920,140.610
2022/06/21,Tue,139.610,141.370,141.490,139.440
2022/06/20,Mon,138.880,139.590,140.200,138.850
2022/06/19,Sun,,,,
2022/06/18,Sat,,,,
2022/06/17,Fri,136.760,139.120,140.030,136.700
2022/06/16,Thu,134.610,136.710,137.250,134.490
2022/06/15,Wed,135.270,134.570,135.440,134.010
2022/06/14,Tue,134.710,135.240,135.950,134.390
2022/06/13,Mon,136.180,134.670,136.640,134.150
2022/06/12,Sun,,,,
2022/06/11,Sat,,,,
2022/06/10,Fri,137.010,136.120,137.170,135.430
2022/06/09,Thu,137.250,136.960,137.650,136.190
2022/06/08,Wed,136.260,137.160,137.820,136.220
2022/06/07,Tue,135.860,136.200,136.840,135.760
2022/06/06,Mon,135.940,135.810,136.200,135.600
2022/06/05,Sun,,,,
2022/06/04,Sat,,,,
2022/06/03,Fri,135.490,135.910,136.000,135.360
2022/06/02,Thu,135.120,135.440,135.660,134.890
2022/06/01,Wed,134.130,134.990,135.260,134.040
2022/05/31,Tue,133.220,134.100,134.460,132.790
2022/05/30,Mon,132.840,133.180,133.350,132.560
2022/05/29,Sun,,,,
2022/05/28,Sat,,,,
2022/05/27,Fri,132.510,132.780,133.000,132.260
2022/05/26,Thu,132.360,132.490,132.760,131.840
2022/05/25,Wed,132.060,132.350,132.500,131.680
2022/05/24,Tue,132.390,132.010,132.510,131.660
2022/05/23,Mon,131.180,132.360,132.620,130.880
2022/05/22,Sun,,,,
2022/05/21,Sat,,,,
2022/05/20,Fri,131.310,131.070,132.060,130.850
2022/05/19,Thu,129.800,131.300,131.670,129.540
2022/05/18,Wed,130.200,129.750,130.400,129.000
2022/05/17,Tue,128.910,130.200,130.640,128.590
2022/05/16,Mon,129.020,128.880,129.310,128.240
2022/05/15,Sun,,,,
2022/05/14,Sat,,,,
2022/05/13,Fri,127.960,128.920,129.250,127.820
2022/05/12,Thu,130.710,127.910,130.870,127.490
2022/05/11,Wed,130.940,130.670,131.860,130.370
2022/05/10,Tue,131.070,130.900,131.670,130.410
2022/05/09,Mon,131.990,131.040,132.390,130.810
2022/05/08,Sun,,,,
2022/05/07,Sat,,,,
2022/05/06,Fri,132.190,132.010,132.740,131.800
2022/05/05,Thu,132.790,132.130,133.010,131.840
2022/05/04,Wed,132.920,132.730,133.130,131.990
2022/05/03,Tue,133.050,132.900,133.640,132.710
2022/05/02,Mon,133.310,133.030,134.070,132.930
2022/05/01,Sun,,,,
2022/04/30,Sat,,,,
2022/04/29,Fri,134.600,133.340,134.740,133.210
2022/04/28,Thu,132.530,134.560,135.060,132.400
2022/04/27,Wed,132.180,132.490,132.860,131.930
2022/04/26,Tue,133.530,132.140,133.730,132.120
2022/04/25,Mon,134.330,133.470,134.720,133.050
2022/04/24,Sun,,,,
2022/04/23,Sat,,,,
2022/04/22,Fri,134.700,134.270,134.910,133.910
2022/04/21,Thu,134.830,134.630,135.400,134.420
2022/04/20,Wed,135.450,134.810,135.890,134.550
2022/04/19,Tue,134.400,135.400,136.220,134.360
2022/04/18,Mon,133.820,134.350,134.480,133.800
2022/04/17,Sun,,,,
2022/04/16,Sat,,,,
2022/04/15,Fri,133.590,134.000,134.440,133.540
2022/04/14,Thu,134.450,133.570,134.630,133.400
2022/04/13,Wed,134.320,134.410,135.460,134.300
2022/04/12,Tue,134.700,134.280,134.920,134.290
2022/04/11,Mon,132.700,134.600,134.950,132.650
2022/04/10,Sun,,,,
2022/04/09,Sat,,,,
2022/04/08,Fri,132.660,132.960,133.300,132.370
2022/04/07,Thu,132.680,132.620,132.990,132.340
2022/04/06,Wed,132.970,132.600,133.320,132.490
2022/04/05,Tue,132.560,132.890,133.120,132.160
2022/04/04,Mon,132.500,132.510,132.780,132.160
2022/04/03,Sun,,,,
2022/04/02,Sat,,,,
2022/04/01,Fri,131.860,132.310,132.910,131.820
2022/03/31,Thu,131.950,131.840,132.700,131.400
2022/03/30,Wed,131.890,131.900,132.390,130.730
2022/03/29,Tue,132.660,131.860,132.910,131.080
2022/03/28,Mon,131.080,132.640,133.570,130.980
2022/03/27,Sun,,,,
2022/03/26,Sat,,,,
2022/03/25,Fri,131.520,131.130,131.710,130.840
2022/03/24,Thu,130.200,131.480,131.600,129.860
2022/03/23,Wed,129.540,130.180,130.240,129.010
2022/03/22,Tue,127.960,129.470,129.640,127.850
2022/03/21,Mon,127.890,127.930,128.250,127.500
2022/03/20,Sun,,,,
2022/03/19,Sat,,,,
2022/03/18,Fri,126.570,127.890,127.960,126.490
2022/03/17,Thu,126.250,126.540,126.850,126.020
2022/03/16,Wed,125.710,126.220,126.320,125.580
2022/03/15,Tue,125.900,125.660,126.180,125.380
2022/03/14,Mon,125.530,125.870,126.490,125.480
2022/03/13,Sun,,,,
2022/03/12,Sat,,,,
2022/03/11,Fri,124.860,125.430,125.750,124.800
2022/03/10,Thu,125.040,124.820,125.320,124.680
2022/03/09,Wed,124.500,124.990,125.170,124.360
2022/03/08,Tue,124.600,124.460,125.020,124.270
2022/03/07,Mon,125.250,124.600,125.370,124.240
2022/03/06,Sun,,,,
2022/03/05,Sat,,,,
2022/03/04,Fri,125.880,125.180,125.940,124.810
2022/03/03,Thu,125.480,125.840,125.950,125.350
2022/03/02,Wed,125.100,125.420,125.680,124.910
2022/03/01,Tue,125.450,125.030,125.680,124.720
2022/02/28,Mon,124.280,125.400,125.690,123.860
2022/02/27,Sun,,,,
2022/02/26,Sat,,,,
2022/02/25,Fri,124.760,124.890,125.080,124.420
2022/02/24,Thu,125.220,124.710,125.350,123.980
2022/02/23,Wed,124.900,125.170,125.550,124.800
2022/02/22,Tue,125.290,124.880,125.350,124.730
2022/02/21,Mon,124.700,125.260,125.510,124.660
2022/02/20,Sun,,,,
2022/02/19,Sat,,,,
2022/02/18,Fri,124.890,124.760,125.220,124.690
2022/02/17,Thu,125.120,124.860,125.420,124.650
2022/02/16,Wed,124.930,125.090,125.410,124.870
2022/02/15,Tue,125.000,124.890,125.350,124.680
2022/02/14,Mon,124.520,124.920,125.050,124.320
2022/02/13,Sun,,,,
2022/02/12,Sat,,,,
2022/02/11,Fri,125.380,124.630,125.480,124.280
2022/02/10,Thu,124.940,125.350,125.600,124.890
2022/02/09,Wed,124.940,124.890,125.210,124.720
2022/02/08,Tue,124.540,124.910,125.110,124.520
2022/02/07,Mon,124.480,124.530,124.760,124.230
2022/02/06,Sun,,,,
2022/02/05,Sat,,,,
2022/02/04,Fri,124.980,124.430,125.130,124.370
2022/02/03,Thu,124.600,124.950,125.160,124.330
2022/02/02,Wed,124.490,124.550,124.640,124.180
2022/02/01,Tue,124.160,124.450,124.590,124.030
2022/01/31,Mon,123.830,124.100,124.330,123.540
2022/01/30,Sun,,,,
2022/01/29,Sat,,,,
2022/01/28,Fri,123.960,123.780,124.260,123.670
2022/01/27,Thu,124.070,123.890,124.240,123.570
2022/01/26,Wed,124.020,124.030,124.380,123.800
2022/01/25,Tue,124.680,123.960,124.830,123.750
2022/01/24,Mon,124.700,124.640,124.880,124.310
2022/01/23,Sun,,,,
2022/01/22,Sat,,,,
2022/01/21,Fri,124.490,124.680,125.040,124.010
2022/01/20,Thu,124.850,124.440,125.200,124.340
2022/01/19,Wed,124.940,124.820,125.190,124.680
2022/01/18,Tue,125.430,124.930,125.710,124.830
2022/01/17,Mon,124.990,125.360,125.490,124.890
2022/01/16,Sun,,,,
2022/01/15,Sat,,,,
2022/01/14,Fri,125.320,124.920,125.440,124.510
2022/01/13,Thu,125.360,125.280,125.690,125.170
2022/01/12,Wed,124.850,125.350,125.650,124.750
2022/01/11,Tue,124.250,124.810,124.990,124.130
2022/01/10,Mon,125.670,124.200,125.930,124.190
2022/01/09,Sun,,,,
2022/01/08,Sat,,,,
2022/01/07,Fri,125.740,125.720,125.920,125.440
2022/01/06,Thu,126.640,125.690,126.670,125.640
2022/01/05,Wed,126.830,126.580,126.880,126.310
2022/01/04,Tue,125.460,126.780,127.100,125.420
2022/01/03,Mon,126.150,125.420,126.450,125.330
2022/01/02,Sun,,,,
2022/01/01,Sat,,,,
2021/12/31,Fri,126.010,126.100,126.480,125.830
2021/12/30,Thu,125.690,125.940,126.080,125.410
2021/12/29,Wed,125.150,125.630,125.870,124.980
2021/12/28,Tue,125.200,125.120,125.420,124.920
2021/12/27,Mon,124.520,125.130,125.280,124.320
2021/12/26,Sun,,,,
2021/12/25,Sat,,,,
2021/12/24,Fri,124.550,124.440,124.830,124.230
2021/12/23,Thu,124.040,124.500,124.740,123.910
2021/12/22,Wed,123.530,123.970,124.230,123.370
2021/12/21,Tue,123.340,123.460,123.600,123.170
2021/12/20,Mon,123.020,123.270,123.410,122.650
2021/12/19,Sun,,,,
2021/12/18,Sat,,,,
2021/12/17,Fri,123.700,123.020,123.820,122.950
2021/12/16,Thu,123.280,123.650,124.010,123.200
2021/12/15,Wed,123.070,123.250,123.410,122.810
2021/12/14,Tue,123.070,123.020,123.590,122.870
2021/12/13,Mon,122.980,123.010,123.320,122.660
2021/12/12,Sun,,,,
2021/12/11,Sat,,,,
2021/12/10,Fri,122.940,123.070,123.240,122.660
2021/12/09,Thu,123.500,122.820,123.690,122.480
2021/12/08,Wed,122.750,123.450,123.630,122.560
2021/12/07,Tue,122.560,122.700,123.140,122.480
2021/12/06,Mon,122.940,122.530,123.150,122.350
2021/12/05,Sun,,,,
2021/12/04,Sat,,,,
2021/12/03,Fri,122.980,122.850,123.560,122.710
2021/12/02,Thu,122.520,122.950,123.110,122.380
2021/12/01,Wed,123.170,122.490,123.570,122.470
2021/11/30,Tue,122.980,123.090,123.400,122.550
2021/11/29,Mon,122.670,122.930,123.210,122.110
2021/11/28,Sun,,,,
2021/11/27,Sat,,,,
2021/11/26,Fri,123.240,122.580,123.390,122.450
2021/11/25,Thu,123.510,123.200,123.740,123.190
2021/11/24,Wed,123.370,123.460,123.650,122.760
2021/11/23,Tue,123.160,123.360,123.530,123.000
2021/11/22,Mon,122.740,123.100,123.450,122.610
2021/11/21,Sun,,,,
2021/11/20,Sat,,,,
2021/11/19,Fri,123.360,122.760,123.540,122.410
2021/11/18,Thu,122.860,123.330,123.500,122.740
2021/11/17,Wed,123.480,122.840,123.570,122.780
2021/11/16,Tue,123.350,123.450,123.690,123.000
2021/11/15,Mon,123.620,123.310,123.990,123.310
2021/11/14,Sun,,,,
2021/11/13,Sat,,,,
2021/11/12,Fri,123.870,123.560,123.980,123.370
2021/11/11,Thu,124.090,123.830,124.260,123.410
2021/11/10,Wed,123.870,124.090,124.530,123.600
2021/11/09,Tue,124.030,123.810,124.070,123.400
2021/11/08,Mon,124.270,123.970,124.550,123.570
2021/11/07,Sun,,,,
2021/11/06,Sat,,,,
2021/11/05,Fri,124.630,124.270,124.800,123.940
2021/11/04,Thu,125.030,124.590,125.270,124.250
2021/11/03,Wed,124.600,124.980,125.180,124.450
2021/11/02,Tue,125.400,124.560,125.550,124.320
2021/11/01,Mon,124.420,125.350,125.490,124.400
2021/10/31,Sun,,,,
2021/10/30,Sat,,,,
2021/10/29,Fri,124.540,124.450,125.060,124.260
2021/10/28,Thu,123.980,124.500,124.570,123.510
2021/10/27,Wed,124.030,123.940,124.250,123.570
2021/10/26,Tue,123.620,123.970,124.250,123.550
2021/10/25,Mon,123.870,123.600,124.230,123.520
2021/10/24,Sun,,,,
2021/10/23,Sat,,,,
2021/10/22,Fri,124.120,123.840,124.400,123.710
2021/10/21,Thu,124.380,124.100,124.570,123.770
2021/10/20,Wed,123.910,124.300,124.450,123.600
2021/10/19,Tue,123.740,123.870,124.340,123.620
2021/10/18,Mon,123.770,123.700,123.910,123.360
2021/10/17,Sun,,,,
2021/10/16,Sat,,,,
2021/10/15,Fri,123.100,123.750,123.910,123.000
2021/10/14,Thu,122.550,123.050,123.320,122.480
2021/10/13,Wed,122.060,122.480,122.750,121.930
2021/10/12,Tue,122.180,122.020,122.360,122.000
2021/10/11,Mon,121.040,122.100,122.370,120.900
2021/10/10,Sun,,,,
2021/10/09,Sat,,,,
2021/10/08,Fri,120.170,120.990,121.130,120.120
2021/10/07,Thu,120.140,120.120,120.410,119.930
2021/10/06,Wed,120.140,120.110,120.280,119.740
2021/10/05,Tue,119.890,120.080,120.280,119.780
2021/10/04,Mon,119.260,119.890,120.290,118.930
2021/10/03,Sun,,,,
2021/10/02,Sat,,,,
2021/10/01,Fri,119.430,119.250,119.650,119.000
2021/09/30,Thu,119.840,119.400,119.970,119.170
2021/09/29,Wed,119.970,119.730,120.200,119.660
2021/09/28,Tue,119.900,119.940,120.240,119.740
2021/09/27,Mon,119.780,119.860,119.970,119.220
2021/09/26,Sun,,,,
2021/09/25,Sat,,,,
2021/09/24,Fri,119.350,119.670,119.870,119.240
2021/09/23,Thu,118.530,119.320,119.500,118.440
2021/09/22,Wed,118.260,118.500,118.930,118.140
2021/09/21,Tue,117.900,118.230,118.520,117.840
2021/09/20,Mon,118.010,117.880,118.130,117.530
2021/09/19,Sun,,,,
2021/09/18,Sat,,,,
2021/09/17,Fri,118.270,117.890,118.710,117.860
2021/09/16,Thu,118.910,118.220,119.010,118.110
2021/09/15,Wed,119.160,118.870,119.320,118.800
2021/09/14,Tue,119.260,119.130,119.670,119.130
2021/09/13,Mon,119.740,119.220,119.800,119.120
2021/09/12,Sun,,,,
2021/09/11,Sat,,,,
2021/09/10,Fri,119.630,119.760,120.120,119.610
2021/09/09,Thu,119.560,119.600,119.870,119.430
2021/09/08,Wed,119.920,119.540,120.040,119.490
2021/09/07,Tue,120.030,119.870,120.380,119.880
2021/09/06,Mon,120.120,120.010,120.210,119.800
2021/09/05,Sun,,,,
2021/09/04,Sat,,,,
2021/09/03,Fri,120.260,120.080,120.450,119.930
2021/09/02,Thu,120.200,120.200,120.330,119.980
2021/09/01,Wed,120.220,120.160,120.440,119.930
2021/08/31,Tue,119.890,120.190,120.450,119.750
2021/08/30,Mon,120.500,119.860,120.640,119.690
2021/08/29,Sun,,,,
2021/08/28,Sat,,,,
2021/08/27,Fri,119.960,120.480,120.600,119.690
2021/08/26,Thu,120.380,119.900,120.570,119.780
2021/08/25,Wed,120.160,120.360,120.520,119.940
2021/08/24,Tue,120.210,120.120,120.370,120.020
2021/08/23,Mon,119.760,120.180,120.340,119.630
2021/08/22,Sun,,,,
2021/08/21,Sat,,,,
2021/08/20,Fri,119.430,119.710,119.870,119.340
2021/08/19,Thu,119.690,119.380,119.880,119.420
2021/08/18,Wed,119.830,119.630,120.120,119.530
2021/08/17,Tue,119.740,119.790,120.160,119.550
2021/08/16,Mon,119.820,119.720,119.890,119.310
2021/08/15,Sun,,,,
2021/08/14,Sat,,,,
2021/08/13,Fri,119.550,119.640,119.960,119.350
2021/08/12,Thu,119.750,119.520,119.890,119.450
2021/08/11,Wed,119.830,119.710,120.050,119.730
2021/08/10,Tue,119.790,119.780,120.060,119.630
2021/08/09,Mon,120.560,119.750,120.800,119.790
2021/08/08,Sun,,,,
2021/08/07,Sat,,,,
2021/08/06,Fri,120.980,120.520,121.160,120.400
2021/08/05,Thu,120.730,120.890,121.150,120.700
2021/08/04,Wed,120.680,120.680,120.980,120.380
2021/08/03,Tue,120.710,120.620,121.040,120.410
2021/08/02,Mon,121.060,120.640,121.240,120.580
2021/08/01,Sun,,,,
2021/07/31,Sat,,,,
2021/07/30,Fri,120.800,121.110,121.210,120.680
2021/07/29,Thu,120.770,120.790,121.070,120.540
2021/07/28,Wed,120.020,120.730,120.810,119.910
2021/07/27,Tue,120.460,120.000,120.600,119.870
2021/07/26,Mon,120.290,120.420,120.610,119.850
2021/07/25,Sun,,,,
2021/07/24,Sat,,,,
2021/07/23,Fri,119.870,120.230,120.280,119.730
2021/07/22,Thu,120.220,119.820,120.300,119.650
2021/07/21,Wed,119.170,120.130,120.280,119.070
2021/07/20,Tue,119.220,119.130,119.490,118.640
2021/07/19,Mon,119.780,119.220,119.820,118.920
2021/07/18,Sun,,,,
2021/07/17,Sat,,,,
2021/07/16,Fri,119.720,119.650,120.070,119.510
2021/07/15,Thu,120.220,119.670,120.460,119.540
2021/07/14,Wed,120.440,120.140,120.520,120.020
2021/07/13,Tue,120.630,120.390,120.750,120.030
2021/07/12,Mon,120.350,120.560,120.660,120.160
2021/07/11,Sun,,,,
2021/07/10,Sat,,,,
2021/07/09,Fri,119.920,120.490,120.570,119.830
2021/07/08,Thu,119.580,119.880,120.070,118.970
2021/07/07,Wed,119.690,119.520,120.060,119.320
2021/07/06,Tue,120.330,119.670,120.530,119.560
2021/07/05,Mon,120.610,120.310,120.660,120.210
2021/07/04,Sun,,,,
2021/07/03,Sat,,,,
2021/07/02,Fri,120.540,120.560,120.700,120.240
2021/07/01,Thu,120.100,120.490,120.720,119.910
2021/06/30,Wed,120.030,120.070,120.150,119.620
2021/06/29,Tue,120.320,119.980,120.390,119.780
2021/06/28,Mon,120.760,120.280,120.920,120.170
2021/06/27,Sun,,,,
2021/06/26,Sat,,,,
2021/06/25,Fri,120.820,120.680,120.970,120.590
2021/06/24,Thu,120.750,120.780,121.000,120.480
2021/06/23,Wed,120.530,120.710,121.010,120.400
2021/06/22,Tue,120.200,120.500,120.600,119.860
2021/06/21,Mon,119.520,120.130,120.230,118.850
2021/06/20,Sun,,,,
2021/06/19,Sat,,,,
2021/06/18,Fri,120.110,119.410,120.270,119.270
2021/06/17,Thu,121.820,120.070,121.960,119.930
2021/06/16,Wed,122.570,121.780,122.650,121.760
2021/06/15,Tue,122.300,122.550,122.790,122.250
2021/06/14,Mon,122.090,122.260,122.410,121.840
2021/06/13,Sun,,,,
2021/06/12,Sat,,,,
2021/06/11,Fri,122.220,122.060,122.510,121.960
2021/06/10,Thu,122.410,122.180,122.570,122.030
2021/06/09,Wed,122.100,122.330,122.500,121.960
2021/06/08,Tue,121.720,122.060,122.200,121.620
2021/06/07,Mon,121.770,121.680,121.930,121.450
2021/06/06,Sun,,,,
2021/06/05,Sat,,,,
2021/06/04,Fri,122.080,121.710,122.150,121.610
2021/06/03,Thu,122.030,122.050,122.170,121.730
2021/06/02,Wed,122.050,121.980,122.340,121.720
2021/06/01,Tue,121.830,121.990,122.280,121.670
2021/05/31,Mon,121.980,121.770,122.170,121.580
2021/05/30,Sun,,,,
2021/05/29,Sat,,,,
2021/05/28,Fri,122.430,122.080,122.550,121.870
2021/05/27,Thu,121.540,122.400,122.550,121.390
2021/05/26,Wed,121.470,121.500,121.790,121.350
2021/05/25,Tue,121.180,121.420,121.850,121.140
2021/05/24,Mon,121.390,121.140,121.460,121.010
2021/05/23,Sun,,,,
2021/05/22,Sat,,,,
2021/05/21,Fri,121.240,121.310,121.480,120.940
2021/05/20,Thu,120.800,121.170,121.260,120.640
2021/05/19,Wed,121.280,120.780,121.540,120.540
2021/05/18,Tue,120.890,121.250,121.550,120.840
2021/05/17,Mon,121.140,120.840,121.420,120.880
2021/05/16,Sun,,,,
2021/05/15,Sat,,,,
2021/05/14,Fri,120.810,121.290,121.370,120.720
2021/05/13,Thu,120.600,120.770,121.080,120.490
2021/05/12,Wed,120.190,120.560,120.720,119.890
2021/05/11,Tue,120.710,120.150,120.990,120.120
2021/05/10,Mon,120.680,120.670,121.100,120.020
2021/05/09,Sun,,,,
2021/05/08,Sat,,,,
2021/05/07,Fri,120.210,120.490,120.640,119.890
2021/05/06,Thu,119.610,120.160,120.420,119.510
2021/05/05,Wed,119.680,119.560,119.780,119.250
2021/05/04,Tue,119.720,119.630,119.870,119.440
2021/05/03,Mon,119.610,119.690,120.190,119.530
2021/05/02,Sun,,,,
2021/05/01,Sat,,,,
2021/04/30,Fri,119.890,119.590,120.020,119.560
2021/04/29,Thu,119.390,119.850,120.130,119.270
2021/04/28,Wed,119.040,119.360,119.530,118.680
2021/04/27,Tue,118.230,118.970,119.040,118.080
2021/04/26,Mon,118.200,118.160,118.330,117.720
2021/04/25,Sun,,,,
2021/04/24,Sat,,,,
2021/04/23,Fri,117.770,118.090,118.250,117.490
2021/04/22,Thu,117.840,117.740,118.170,117.580
2021/04/21,Wed,118.020,117.810,118.120,117.560
2021/04/20,Tue,118.190,117.980,118.690,117.920
2021/04/19,Mon,118.320,118.160,118.500,117.800
2021/04/18,Sun,,,,
2021/04/17,Sat,,,,
2021/04/16,Fri,117.880,118.190,118.660,117.760
2021/04/15,Thu,118.080,117.810,118.160,117.640
2021/04/14,Wed,118.420,118.020,118.620,117.950
2021/04/13,Tue,118.560,118.390,118.770,118.010
2021/04/12,Mon,118.570,118.520,118.730,118.140
2021/04/11,Sun,,,,
2021/04/10,Sat,,,,
2021/04/09,Fri,118.120,118.510,118.660,118.080
2021/04/08,Thu,118.180,118.080,118.320,117.620
2021/04/07,Wed,117.890,118.130,118.390,117.550
2021/04/06,Tue,117.660,117.850,118.020,117.350
2021/04/05,Mon,117.490,117.600,117.750,117.180
2021/04/04,Sun,,,,
2021/04/03,Sat,,,,
2021/04/02,Fri,117.410,117.430,117.590,117.270
2021/04/01,Thu,117.370,117.360,117.590,116.930
2021/03/31,Wed,117.140,117.290,117.700,117.040
2021/03/30,Tue,116.890,117.080,117.230,116.830
2021/03/29,Mon,116.760,116.840,117.070,116.410
2021/03/28,Sun,,,,
2021/03/27,Sat,,,,
2021/03/26,Fri,116.140,116.730,116.880,116.080
2021/03/25,Thu,116.220,116.100,116.700,116.080
2021/03/24,Wed,116.270,116.190,116.400,115.900
2021/03/23,Tue,117.880,116.200,117.950,116.170
2021/03/22,Mon,117.190,117.860,117.920,116.600
2021/03/21,Sun,,,,
2021/03/20,Sat,,,,
2021/03/19,Fri,117.450,117.110,117.640,116.880
2021/03/18,Thu,117.980,117.420,118.200,117.210
2021/03/17,Wed,117.870,117.930,118.100,117.470
2021/03/16,Tue,117.680,117.830,118.100,117.440
2021/03/15,Mon,117.350,117.640,117.710,117.200
2021/03/14,Sun,,,,
2021/03/13,Sat,,,,
2021/03/12,Fri,117.320,117.190,117.570,116.980
2021/03/11,Thu,116.570,117.340,117.440,116.480
2021/03/10,Wed,116.930,116.520,117.180,116.490
2021/03/09,Tue,116.250,116.890,117.010,116.170
2021/03/08,Mon,116.430,116.190,116.720,116.060
2021/03/07,Sun,,,,
2021/03/06,Sat,,,,
2021/03/05,Fri,116.270,116.330,116.960,116.020
2021/03/04,Thu,116.320,116.230,116.600,115.970
2021/03/03,Wed,116.620,116.280,116.890,116.280
2021/03/02,Tue,116.680,116.600,116.870,116.240
2021/03/01,Mon,117.310,116.630,117.680,116.350
2021/02/28,Sun,,,,
2021/02/27,Sat,,,,
2021/02/26,Fri,117.440,117.300,117.810,117.020
2021/02/25,Thu,116.800,117.400,117.710,116.670
2021/02/24,Wed,116.280,116.750,116.880,116.140
2021/02/23,Tue,117.250,116.240,117.430,116.220
2021/02/22,Mon,117.590,117.200,117.830,117.090
2021/02/21,Sun,,,,
2021/02/20,Sat,,,,
2021/02/19,Fri,117.980,117.590,118.100,117.570
2021/02/18,Thu,117.800,117.910,118.030,117.660
2021/02/17,Wed,118.850,117.750,118.900,117.720
2021/02/16,Tue,118.360,118.800,118.860,118.250
2021/02/15,Mon,117.610,118.320,118.430,117.600
2021/02/14,Sun,,,,
2021/02/13,Sat,,,,
2021/02/12,Fri,117.720,117.670,117.910,117.530
2021/02/11,Thu,117.480,117.650,117.740,117.390
2021/02/10,Wed,117.220,117.440,117.750,117.100
2021/02/09,Tue,117.090,117.170,117.260,116.890
2021/02/08,Mon,117.230,117.050,117.370,116.970
2021/02/07,Sun,,,,
2021/02/06,Sat,,,,
2021/02/05,Fri,116.690,117.170,117.280,116.650
2021/02/04,Thu,116.810,116.700,116.910,116.580
2021/02/03,Wed,117.000,116.770,117.050,116.710
2021/02/02,Tue,116.980,116.970,117.280,116.840
2021/02/01,Mon,117.580,116.940,117.760,116.950
2021/01/31,Sun,,,,
2021/01/30,Sat,,,,
2021/01/29,Fri,117.270,117.540,118.030,117.190
2021/01/28,Thu,117.130,117.210,117.590,117.010
2021/01/27,Wed,116.840,117.090,117.260,116.730
2021/01/26,Tue,116.760,116.800,116.970,116.620
2021/01/25,Mon,117.230,116.730,117.360,116.720
2021/01/24,Sun,,,,
2021/01/23,Sat,,,,
2021/01/22,Fri,116.900,117.170,117.340,116.780
2021/01/21,Thu,116.360,116.870,117.020,116.270
2021/01/20,Wed,116.910,116.300,117.080,116.220
2021/01/19,Tue,116.450,116.890,117.300,116.320
2021/01/18,Mon,116.640,116.370,116.680,116.270
2021/01/17,Sun,,,,
2021/01/16,Sat,,,,
2021/01/15,Fri,116.850,116.560,116.950,116.490
2021/01/14,Thu,117.010,116.830,117.330,116.740
2021/01/13,Wed,117.050,116.920,117.260,116.840
2021/01/12,Tue,117.120,117.020,117.270,116.930
2021/01/11,Mon,117.460,117.080,117.500,116.870
2021/01/10,Sun,,,,
2021/01/09,Sat,,,,
2021/01/08,Fri,117.230,117.330,117.630,117.030
2021/01/07,Thu,117.290,117.220,117.550,117.120
2021/01/06,Wed,116.920,117.260,117.540,116.780
2021/01/05,Tue,116.990,116.890,117.180,116.730
2021/01/04,Mon,117.030,116.930,117.330,116.440
2021/01/03,Sun,,,,
2021/01/02,Sat,,,,
2021/01/01,Fri,116.540,116.540,116.540,116.540
2020/12/31,Thu,117.100,116.590,117.240,116.550
2020/12/30,Wed,117.160,117.050,117.280,116.470
2020/12/29,Tue,116.760,117.060,117.260,116.580
2020/12/28,Mon,116.370,116.690,116.880,116.130
2020/12/27,Sun,,,,
2020/12/26,Sat,,,,
2020/12/25,Fri,116.350,116.310,116.540,116.130
2020/12/24,Thu,116.640,116.270,116.820,116.140
2020/12/23,Wed,116.480,116.580,116.700,116.150
2020/12/22,Tue,116.640,116.440,116.940,116.390
2020/12/21,Mon,117.020,116.600,117.110,116.420
2020/12/20,Sun,,,,
2020/12/19,Sat,,,,
2020/12/18,Fri,116.590,116.920,117.210,116.510
2020/12/17,Thu,116.850,116.540,116.980,116.370
2020/12/16,Wed,117.050,116.820,117.140,116.730
2020/12/15,Tue,117.370,117.000,117.630,116.870
2020/12/14,Mon,117.030,117.320,117.490,116.810
2020/12/13,Sun,,,,
2020/12/12,Sat,,,,
2020/12/11,Fri,117.630,116.900,117.740,116.630
2020/12/10,Thu,117.180,117.580,117.790,117.120
2020/12/09,Wed,117.150,117.180,117.480,117.010
2020/12/08,Tue,116.800,117.100,117.270,116.660
2020/12/07,Mon,116.710,116.810,117.210,116.550
2020/12/06,Sun,,,,
2020/12/05,Sat,,,,
2020/12/04,Fri,116.530,116.680,117.070,116.450
2020/12/03,Thu,116.740,116.490,116.960,116.430
2020/12/02,Wed,115.940,116.670,116.840,115.850
2020/12/01,Tue,114.740,115.890,116.030,114.680
2020/11/30,Mon,115.000,114.670,115.670,114.710
2020/11/29,Sun,,,,
2020/11/28,Sat,,,,
2020/11/27,Fri,115.010,115.090,115.140,114.550
2020/11/26,Thu,115.030,114.930,115.140,114.620
2020/11/25,Wed,114.600,115.000,115.050,114.220
2020/11/24,Tue,114.560,114.570,114.890,114.150
2020/11/23,Mon,114.010,114.530,114.640,113.800
2020/11/22,Sun,,,,
2020/11/21,Sat,,,,
2020/11/20,Fri,113.870,113.960,114.240,113.770
2020/11/19,Thu,113.950,113.830,114.140,113.740
2020/11/18,Wed,114.360,113.940,114.370,113.810
2020/11/17,Tue,114.560,114.280,114.690,114.270
2020/11/16,Mon,114.620,114.520,115.030,114.440
2020/11/15,Sun,,,,
2020/11/14,Sat,,,,
2020/11/13,Fri,114.900,114.590,115.000,114.480
2020/11/12,Thu,114.910,114.870,115.370,114.710
2020/11/11,Wed,115.060,114.870,115.250,114.740
2020/11/10,Tue,115.350,114.970,115.430,114.830
2020/11/09,Mon,114.820,115.310,116.150,114.650
2020/11/08,Sun,,,,
2020/11/07,Sat,,,,
2020/11/06,Fri,114.450,114.680,115.110,114.210
2020/11/05,Thu,114.530,114.430,114.990,114.220
2020/11/04,Wed,114.530,114.400,114.990,114.220
2020/11/03,Tue,113.910,114.450,114.690,113.820
2020/11/02,Mon,114.050,113.890,114.370,113.800
2020/11/01,Sun,,,,
2020/10/31,Sat,,,,
2020/10/30,Fri,114.310,114.100,114.500,113.770
2020/10/29,Thu,114.570,114.250,114.930,114.060
2020/10/28,Wed,114.910,114.520,115.060,114.180
2020/10/27,Tue,115.510,114.860,115.620,114.890
2020/10/26,Mon,115.770,115.480,115.990,115.450
2020/10/25,Sun,,,,
2020/10/24,Sat,,,,
2020/10/23,Fri,115.570,115.730,115.950,115.170
2020/10/22,Thu,115.490,115.560,115.690,115.270
2020/10/21,Wed,116.310,115.460,116.420,115.450
2020/10/20,Tue,115.810,116.280,116.620,115.750
2020/10/19,Mon,115.200,115.770,116.020,115.020
2020/10/18,Sun,,,,
2020/10/17,Sat,,,,
2020/10/16,Fri,115.250,115.190,115.490,114.850
2020/10/15,Thu,115.030,115.210,115.360,114.980
2020/10/14,Wed,115.280,115.020,115.430,115.020
2020/10/13,Tue,115.850,115.220,116.010,115.250
2020/10/12,Mon,116.130,115.790,116.300,115.700
2020/10/11,Sun,,,,
2020/10/10,Sat,,,,
2020/10/09,Fri,115.640,115.970,116.210,115.460
2020/10/08,Thu,115.520,115.590,115.760,115.210
2020/10/07,Wed,115.070,115.480,115.780,114.970
2020/10/06,Tue,115.500,115.040,115.730,114.970
2020/10/05,Mon,114.390,115.450,115.630,114.370
2020/10/04,Sun,,,,
2020/10/03,Sat,,,,
2020/10/02,Fri,114.870,114.220,114.960,114.020
2020/10/01,Thu,114.510,114.850,115.240,114.420
2020/09/30,Wed,114.900,114.430,115.080,114.350
2020/09/29,Tue,114.110,114.880,115.020,114.010
2020/09/28,Mon,113.640,114.070,114.270,113.260
2020/09/27,Sun,,,,
2020/09/26,Sat,,,,
2020/09/25,Fri,113.760,113.710,113.950,113.520
2020/09/24,Thu,114.050,113.700,114.420,113.630
2020/09/23,Wed,114.080,114.010,114.300,113.900
2020/09/22,Tue,114.440,114.040,114.560,114.020
2020/09/21,Mon,114.740,114.400,114.910,113.690
2020/09/20,Sun,,,,
2020/09/19,Sat,,,,
2020/09/18,Fri,115.290,114.640,115.480,114.530
2020/09/17,Thu,115.410,115.250,115.520,114.720
2020/09/16,Wed,116.100,115.370,116.200,115.260
2020/09/15,Tue,116.430,116.040,116.810,115.980
2020/09/14,Mon,116.730,116.390,116.940,116.300
2020/09/13,Sun,,,,
2020/09/12,Sat,,,,
2020/09/11,Fri,116.550,116.790,117.020,116.470
2020/09/10,Thu,116.390,116.520,117.330,116.240
2020/09/09,Wed,115.530,116.330,116.470,115.140
2020/09/08,Tue,115.990,115.490,116.080,115.260
2020/09/07,Mon,116.370,115.960,116.500,115.880
2020/09/06,Sun,,,,
2020/09/05,Sat,,,,
2020/09/04,Fri,116.770,116.280,116.830,116.060
2020/09/03,Thu,116.620,116.730,117.030,116.240
2020/09/02,Wed,116.530,116.570,116.710,116.100
2020/09/01,Tue,117.220,116.510,117.520,116.460
2020/08/31,Mon,116.530,117.150,117.820,116.430
2020/08/30,Sun,,,,
2020/08/29,Sat,,,,
2020/08/28,Fri,117.220,116.500,117.920,116.300
2020/08/27,Thu,116.750,117.190,117.370,116.360
2020/08/26,Wed,117.190,116.650,117.410,116.550
2020/08/25,Tue,116.220,117.170,117.310,116.150
2020/08/24,Mon,116.060,116.180,116.640,115.820
2020/08/23,Sun,,,,
2020/08/22,Sat,,,,
2020/08/21,Fri,116.550,116.030,116.630,115.780
2020/08/20,Thu,115.950,116.550,116.620,115.810
2020/08/19,Wed,116.620,115.910,116.960,115.690
2020/08/18,Tue,116.930,116.610,117.100,116.440
2020/08/17,Mon,117.210,116.880,117.470,116.870
2020/08/16,Sun,,,,
2020/08/15,Sat,,,,
2020/08/14,Fri,117.510,117.250,117.660,116.920
2020/08/13,Thu,117.220,117.490,117.630,116.970
2020/08/12,Wed,116.160,117.180,117.470,115.960
2020/08/11,Tue,115.710,116.110,116.460,115.650
2020/08/10,Mon,115.940,115.670,116.140,115.510
2020/08/09,Sun,,,,
2020/08/08,Sat,,,,
2020/08/07,Fri,115.990,116.040,116.130,115.440
2020/08/06,Thu,116.210,116.000,116.410,115.590
2020/08/05,Wed,115.750,116.180,116.550,115.570
2020/08/04,Tue,115.460,115.720,116.070,115.300
2020/08/03,Mon,115.990,115.430,116.150,114.980
2020/08/02,Sun,,,,
2020/08/01,Sat,,,,
2020/07/31,Fri,115.200,115.920,116.340,114.860
2020/07/30,Thu,114.970,115.190,115.380,114.780
2020/07/29,Wed,114.490,114.930,115.050,114.290
2020/07/28,Tue,114.550,114.470,114.850,114.320
2020/07/27,Mon,115.090,114.520,115.320,114.100
2020/07/26,Sun,,,,
2020/07/25,Sat,,,,
2020/07/24,Fri,115.470,115.240,115.550,114.470
2020/07/23,Thu,115.260,115.430,115.690,115.170
2020/07/22,Wed,114.440,115.220,115.410,114.360
2020/07/21,Tue,114.240,114.410,114.520,113.950
2020/07/20,Mon,114.110,114.190,114.390,113.840
2020/07/19,Sun,,,,
2020/07/18,Sat,,,,
2020/07/17,Fri,113.450,113.950,114.120,113.290
2020/07/16,Thu,113.240,113.420,113.700,113.010
2020/07/15,Wed,114.140,113.190,114.240,113.060
2020/07/14,Tue,113.960,114.090,114.350,113.690
2020/07/13,Mon,113.560,113.920,114.070,113.560
2020/07/12,Sun,,,,
2020/07/11,Sat,,,,
2020/07/10,Fri,114.020,113.570,114.110,113.290
2020/07/09,Thu,114.320,114.000,114.630,113.900
2020/07/08,Wed,114.080,114.280,114.650,114.020
2020/07/07,Tue,113.950,114.070,114.370,113.850
2020/07/06,Mon,113.620,113.920,114.570,113.570
2020/07/05,Sun,,,,
2020/07/04,Sat,,,,
2020/07/03,Fri,113.720,113.640,113.880,113.490
2020/07/02,Thu,113.630,113.690,114.040,113.450
2020/07/01,Wed,113.950,113.610,114.170,113.160
2020/06/30,Tue,113.070,113.910,114.040,112.940
2020/06/29,Mon,113.050,113.030,113.650,112.980
2020/06/28,Sun,,,,
2020/06/27,Sat,,,,
2020/06/26,Fri,113.050,113.050,113.180,112.650
2020/06/25,Thu,112.920,113.010,113.190,112.770
2020/06/24,Wed,112.770,112.890,113.040,112.490
2020/06/23,Tue,112.800,112.700,113.460,112.410
2020/06/22,Mon,112.260,112.730,112.920,112.100
2020/06/21,Sun,,,,
2020/06/20,Sat,,,,
2020/06/19,Fri,112.440,112.210,112.630,112.150
2020/06/18,Thu,112.800,112.410,112.920,112.100
2020/06/17,Wed,112.850,112.790,113.230,112.520
2020/06/16,Tue,113.070,112.790,113.470,112.730
2020/06/15,Mon,112.710,113.030,113.280,112.350
2020/06/14,Sun,,,,
2020/06/13,Sat,,,,
2020/06/12,Fri,113.170,112.690,113.730,112.460
2020/06/11,Thu,113.380,113.140,113.800,113.090
2020/06/10,Wed,113.310,113.270,113.720,113.050
2020/06/09,Tue,113.240,113.280,113.660,112.590
2020/06/08,Mon,113.870,113.210,114.100,113.040
2020/06/07,Sun,,,,
2020/06/06,Sat,,,,
2020/06/05,Fri,114.220,113.810,114.620,113.580
2020/06/04,Thu,113.290,114.190,114.350,113.020
2020/06/03,Wed,112.940,113.270,113.370,112.470
2020/06/02,Tue,111.970,112.890,113.090,111.810
2020/06/01,Mon,112.100,111.930,112.340,111.790
2020/05/31,Sun,,,,
2020/05/30,Sat,,,,
2020/05/29,Fri,111.640,112.120,112.250,111.130
2020/05/28,Thu,111.240,111.620,111.800,110.850
2020/05/27,Wed,111.390,111.190,111.490,110.680
2020/05/26,Tue,110.800,111.330,111.510,110.750
2020/05/25,Mon,110.730,110.750,111.000,110.600
2020/05/24,Sun,,,,
2020/05/23,Sat,,,,
2020/05/22,Fri,110.880,110.790,111.000,110.440
2020/05/21,Thu,111.380,110.860,111.680,110.760
2020/05/20,Wed,110.870,111.370,111.520,110.780
2020/05/19,Tue,110.510,110.830,111.310,110.310
2020/05/18,Mon,110.120,110.480,110.970,109.900
2020/05/17,Sun,,,,
2020/05/16,Sat,,,,
2020/05/15,Fri,110.220,110.130,110.450,109.820
2020/05/14,Thu,110.110,110.170,110.290,109.680
2020/05/13,Wed,110.520,110.060,110.690,110.010
2020/05/12,Tue,110.640,110.480,111.080,110.240
2020/05/11,Mon,109.840,110.610,110.820,109.520
2020/05/10,Sun,,,,
2020/05/09,Sat,,,,
2020/05/08,Fri,109.240,109.840,109.970,109.130
2020/05/07,Thu,108.830,109.200,109.280,108.670
2020/05/06,Wed,109.600,108.840,109.630,108.700
2020/05/05,Tue,110.620,109.560,110.650,109.410
2020/05/04,Mon,111.270,110.570,111.310,110.430
2020/05/03,Sun,,,,
2020/05/02,Sat,,,,
2020/05/01,Fri,110.990,111.170,111.530,110.750
2020/04/30,Thu,109.590,110.990,111.350,109.160
2020/04/29,Wed,109.590,109.560,109.800,109.190
2020/04/28,Tue,109.930,109.560,110.090,109.350
2020/04/27,Mon,110.370,109.890,110.650,109.740
2020/04/26,Sun,,,,
2020/04/25,Sat,,,,
2020/04/24,Fri,110.230,110.450,110.570,109.860
2020/04/23,Thu,110.920,110.200,111.100,109.950
2020/04/22,Wed,111.140,110.860,111.410,110.720
2020/04/21,Tue,111.200,111.100,111.370,110.510
2020/04/20,Mon,111.170,111.160,111.540,111.020
2020/04/19,Sun,,,,
2020/04/18,Sat,,,,
2020/04/17,Fri,111.250,111.140,111.600,110.870
2020/04/16,Thu,111.430,111.200,111.680,110.850
2020/04/15,Wed,111.660,111.390,111.720,110.880
2020/04/14,Tue,111.410,111.620,111.770,111.240
2020/04/13,Mon,112.320,111.360,112.470,111.170
2020/04/12,Sun,,,,
2020/04/11,Sat,,,,
2020/04/10,Fri,112.260,112.200,112.480,111.990
2020/04/09,Thu,111.960,112.240,112.550,111.870
2020/04/08,Wed,112.130,111.930,112.430,111.730
2020/04/07,Tue,111.600,112.120,112.510,111.240
2020/04/06,Mon,111.030,111.540,111.930,110.890
2020/04/05,Sun,,,,
2020/04/04,Sat,,,,
2020/04/03,Fri,110.870,110.880,111.260,110.630
2020/04/02,Thu,110.990,110.780,111.240,110.270
2020/04/01,Wed,111.910,110.940,112.210,110.530
2020/03/31,Tue,112.510,111.870,113.110,111.440
2020/03/30,Mon,113.420,112.450,113.480,112.320
2020/03/29,Sun,,,,
2020/03/28,Sat,,,,
2020/03/27,Fri,113.750,113.390,113.860,112.410
2020/03/26,Thu,113.820,113.700,114.030,112.870
2020/03/25,Wed,113.310,113.770,114.030,112.820
2020/03/24,Tue,112.940,113.260,113.820,112.400
2020/03/23,Mon,112.350,112.900,113.590,111.480
2020/03/22,Sun,,,,
2020/03/21,Sat,,,,
2020/03/20,Fri,112.290,112.280,113.170,111.850
2020/03/19,Thu,111.650,112.250,113.060,111.470
2020/03/18,Wed,112.040,111.570,112.180,110.940
2020/03/17,Tue,111.790,112.000,112.900,111.120
2020/03/16,Mon,113.640,111.740,113.640,111.100
2020/03/15,Sun,,,,
2020/03/14,Sat,,,,
2020/03/13,Fri,110.840,113.580,113.790,110.590
2020/03/12,Thu,111.370,110.780,111.890,110.240
2020/03/11,Wed,112.410,111.310,112.520,111.160
2020/03/10,Tue,110.650,112.350,112.590,110.140
2020/03/09,Mon,112.340,110.590,112.380,109.260
2020/03/08,Sun,,,,
2020/03/07,Sat,,,,
2020/03/06,Fri,112.310,112.310,112.890,111.940
2020/03/05,Thu,112.390,112.240,112.620,111.980
2020/03/04,Wed,112.040,112.340,112.800,111.830
2020/03/03,Tue,112.910,112.000,113.270,111.770
2020/03/02,Mon,111.210,112.870,113.000,111.050
2020/03/01,Sun,,,,
2020/02/29,Sat,,,,
2020/02/28,Fri,113.270,111.920,113.300,111.320
2020/02/27,Thu,113.040,113.230,113.570,112.940
2020/02/26,Wed,112.890,113.010,113.520,112.810
2020/02/25,Tue,113.120,112.850,113.380,112.670
2020/02/24,Mon,114.070,113.070,114.270,112.870
2020/02/23,Sun,,,,
2020/02/22,Sat,,,,
2020/02/21,Fri,113.940,114.030,114.290,113.440
2020/02/20,Thu,113.200,113.910,114.260,113.020
2020/02/19,Wed,111.740,113.150,113.390,111.710
2020/02/18,Tue,112.030,111.700,112.060,111.620
2020/02/17,Mon,111.770,112.020,112.100,111.740
2020/02/16,Sun,,,,
2020/02/15,Sat,,,,
2020/02/14,Fri,112.140,111.710,112.200,111.730
2020/02/13,Thu,112.530,112.090,112.580,112.020
2020/02/12,Wed,112.470,112.500,112.950,112.460
2020/02/11,Tue,112.340,112.460,112.620,112.140
2020/02/10,Mon,112.300,112.300,112.420,112.150
2020/02/09,Sun,,,,
2020/02/08,Sat,,,,
2020/02/07,Fri,112.900,112.190,112.900,112.220
2020/02/06,Thu,112.830,112.830,112.930,112.650
2020/02/05,Wed,113.010,112.780,113.130,112.630
2020/02/04,Tue,112.520,112.960,113.030,112.330
2020/02/03,Mon,112.550,112.480,112.710,112.350
2020/02/02,Sun,,,,
2020/02/01,Sat,,,,
2020/01/31,Fri,112.390,112.500,112.720,112.250
2020/01/30,Thu,112.020,112.350,112.410,111.910
2020/01/29,Wed,112.160,111.970,112.340,111.720
2020/01/28,Tue,112.310,112.140,112.450,111.990
2020/01/27,Mon,112.480,112.280,112.600,112.070
2020/01/26,Sun,,,,
2020/01/25,Sat,,,,
2020/01/24,Fri,113.010,112.490,113.100,112.470
2020/01/23,Thu,113.490,112.970,113.540,112.690
2020/01/22,Wed,113.430,113.450,113.540,113.020
2020/01/21,Tue,113.760,113.400,113.920,113.340
2020/01/20,Mon,113.810,113.790,113.910,113.570
2020/01/19,Sun,,,,
2020/01/18,Sat,,,,
2020/01/17,Fri,114.180,113.730,114.310,113.620
2020/01/16,Thu,113.990,114.160,114.400,113.920
2020/01/15,Wed,113.700,113.970,114.190,113.520
2020/01/14,Tue,113.240,113.660,113.820,113.180
2020/01/13,Mon,112.580,113.200,113.370,112.400
2020/01/12,Sun,,,,
2020/01/11,Sat,,,,
2020/01/10,Fri,112.540,112.530,112.690,112.280
2020/01/09,Thu,112.060,112.490,112.730,111.970
2020/01/08,Wed,111.770,112.020,112.210,111.320
2020/01/07,Tue,111.940,111.700,112.020,111.510
2020/01/06,Mon,111.040,111.910,112.040,110.920
2020/01/05,Sun,,,,
2020/01/04,Sat,,,,
2020/01/03,Fri,111.790,111.120,111.840,110.900
2020/01/02,Thu,112.360,111.750,112.410,111.500
2020/01/01,Wed,112.220,112.280,112.350,112.170
2019/12/31,Tue,112.300,112.180,112.500,112.040
2019/12/30,Mon,112.340,112.270,112.570,112.080
2019/12/29,Sun,,,,
2019/12/28,Sat,,,,
2019/12/27,Fri,111.740,112.200,112.520,111.550
2019/12/26,Thu,111.560,111.690,111.850,111.530
2019/12/25,Wed,111.590,111.540,112.020,111.390
2019/12/24,Tue,111.420,111.550,111.670,111.250
2019/12/23,Mon,111.320,111.370,111.630,111.290
2019/12/22,Sun,,,,
2019/12/21,Sat,,,,
2019/12/20,Fri,111.770,111.340,111.870,111.320
2019/12/19,Thu,111.730,111.750,111.880,111.550
2019/12/18,Wed,111.680,111.690,111.850,111.440
2019/12/17,Tue,111.490,111.620,111.850,111.310
2019/12/16,Mon,111.160,111.450,111.590,111.050
2019/12/15,Sun,,,,
2019/12/14,Sat,,,,
2019/12/13,Fri,110.960,111.120,111.790,110.820
2019/12/12,Thu,110.440,110.920,111.050,110.410
2019/12/11,Wed,110.450,110.390,110.580,110.170
2019/12/10,Tue,109.870,110.400,110.570,109.840
2019/12/09,Mon,109.680,109.840,109.990,109.500
2019/12/08,Sun,,,,
2019/12/07,Sat,,,,
2019/12/06,Fri,110.160,109.630,110.210,109.570
2019/12/05,Thu,110.120,110.140,110.280,109.940
2019/12/04,Wed,110.060,110.080,110.210,109.810
2019/12/03,Tue,109.950,110.020,110.260,109.840
2019/12/02,Mon,109.520,109.910,110.040,109.400
2019/12/01,Sun,,,,
2019/11/30,Sat,,,,
2019/11/29,Fri,109.680,109.470,109.750,109.360
2019/11/28,Thu,109.640,109.640,109.750,109.440
2019/11/27,Wed,109.370,109.620,109.670,109.270
2019/11/26,Tue,109.290,109.330,109.490,109.030
2019/11/25,Mon,108.920,109.240,109.400,108.830
2019/11/24,Sun,,,,
2019/11/23,Sat,,,,
2019/11/22,Fri,109.400,108.900,109.450,108.830
2019/11/21,Thu,109.610,109.350,109.730,109.310
2019/11/20,Wed,109.600,109.580,109.650,109.230
2019/11/19,Tue,109.830,109.560,109.950,109.480
2019/11/18,Mon,109.950,109.800,110.200,109.780
2019/11/17,Sun,,,,
2019/11/16,Sat,,,,
2019/11/15,Fri,109.740,109.830,110.000,109.620
2019/11/14,Thu,109.920,109.700,110.100,109.560
2019/11/13,Wed,109.760,109.880,110.190,109.670
2019/11/12,Tue,109.790,109.740,109.930,109.570
2019/11/11,Mon,109.480,109.740,109.820,109.320
2019/11/10,Sun,,,,
2019/11/09,Sat,,,,
2019/11/08,Fri,109.800,109.530,109.950,109.400
2019/11/07,Thu,109.770,109.760,110.170,109.440
2019/11/06,Wed,109.930,109.730,110.010,109.660
2019/11/05,Tue,109.920,109.910,110.150,109.700
2019/11/04,Mon,109.790,109.860,110.090,109.640
2019/11/03,Sun,,,,
2019/11/02,Sat,,,,
2019/11/01,Fri,109.530,109.730,109.890,109.220
2019/10/31,Thu,110.010,109.480,110.220,109.380
2019/10/30,Wed,109.550,109.970,110.070,109.420
2019/10/29,Tue,109.550,109.510,109.650,109.270
2019/10/28,Mon,109.290,109.510,109.600,109.130
2019/10/27,Sun,,,,
2019/10/26,Sat,,,,
2019/10/25,Fri,109.470,109.230,109.630,109.220
2019/10/24,Thu,109.710,109.430,109.960,109.340
2019/10/23,Wed,109.620,109.680,109.790,109.370
2019/10/22,Tue,110.150,109.590,110.220,109.600
2019/10/21,Mon,110.210,110.120,110.410,109.910
2019/10/20,Sun,,,,
2019/10/19,Sat,,,,
2019/10/18,Fri,109.980,110.130,110.190,109.780
2019/10/17,Thu,109.350,109.940,110.090,109.230
2019/10/16,Wed,109.000,109.270,109.360,108.780
2019/10/15,Tue,108.700,108.960,109.090,108.380
2019/10/14,Mon,108.730,108.670,108.840,108.430
2019/10/13,Sun,,,,
2019/10/12,Sat,,,,
2019/10/11,Fri,108.300,108.730,108.990,108.080
2019/10/10,Thu,107.920,108.250,108.500,107.720
2019/10/09,Wed,107.850,107.880,108.170,107.730
2019/10/08,Tue,107.850,107.810,108.090,107.540
2019/10/07,Mon,107.450,107.830,107.940,107.150
2019/10/06,Sun,,,,
2019/10/05,Sat,,,,
2019/10/04,Fri,107.010,107.400,107.670,106.720
2019/10/03,Thu,107.510,106.960,107.600,106.710
2019/10/02,Wed,108.460,107.480,108.660,107.260
2019/10/01,Tue,108.300,108.430,108.570,108.010
2019/09/30,Mon,108.910,108.270,109.040,108.190
2019/09/29,Sun,,,,
2019/09/28,Sat,,,,
2019/09/27,Fri,108.520,108.890,109.100,108.290
2019/09/26,Thu,108.680,108.490,108.740,108.150
2019/09/25,Wed,108.640,108.630,109.010,108.510
2019/09/24,Tue,108.670,108.600,109.000,108.480
2019/09/23,Mon,108.520,108.620,108.770,108.290
2019/09/22,Sun,,,,
2019/09/21,Sat,,,,
2019/09/20,Fri,108.790,108.530,109.030,108.460
2019/09/19,Thu,108.730,108.750,109.050,108.140
2019/09/18,Wed,108.860,108.690,109.010,108.550
2019/09/17,Tue,108.910,108.830,109.190,108.580
2019/09/16,Mon,108.700,108.890,109.280,108.580
2019/09/15,Sun,,,,
2019/09/14,Sat,,,,
2019/09/13,Fri,109.140,109.100,109.600,109.060
2019/09/12,Thu,108.600,109.120,109.410,108.190
2019/09/11,Wed,108.410,108.570,108.730,108.310
2019/09/10,Tue,108.080,108.380,108.510,108.040
2019/09/09,Mon,108.260,108.060,108.300,107.910
2019/09/08,Sun,,,,
2019/09/07,Sat,,,,
2019/09/06,Fri,108.440,108.240,108.610,107.840
2019/09/05,Thu,108.480,108.420,108.820,108.190
2019/09/04,Wed,107.350,108.450,108.590,107.240
2019/09/03,Tue,107.230,107.320,107.500,106.850
2019/09/02,Mon,107.410,107.190,107.410,106.900
2019/09/01,Sun,,,,
2019/08/31,Sat,,,,
2019/08/30,Fri,107.940,107.330,108.030,107.190
2019/08/29,Thu,108.100,107.910,108.310,107.900
2019/08/28,Wed,107.730,108.070,108.180,107.560
2019/08/27,Tue,108.370,107.700,108.480,107.720
2019/08/26,Mon,107.870,108.390,108.620,107.510
2019/08/25,Sun,,,,
2019/08/24,Sat,,,,
2019/08/23,Fri,108.200,108.110,108.320,107.840
2019/08/22,Thu,108.530,108.160,108.600,108.090
2019/08/21,Wed,108.620,108.490,108.960,108.430
2019/08/20,Tue,108.640,108.590,108.750,108.320
2019/08/19,Mon,108.700,108.590,109.070,108.470
2019/08/18,Sun,,,,
2019/08/17,Sat,,,,
2019/08/16,Fri,108.690,108.690,108.760,108.350
2019/08/15,Thu,108.810,108.640,109.470,108.500
2019/08/14,Wed,109.290,108.760,109.380,108.580
2019/08/13,Tue,108.640,109.260,109.660,108.270
2019/08/12,Mon,108.560,108.620,108.740,107.970
2019/08/11,Sun,,,,
2019/08/10,Sat,,,,
2019/08/09,Fri,108.810,108.610,108.920,108.340
2019/08/08,Thu,108.960,108.780,109.040,108.420
2019/08/07,Wed,109.020,108.920,109.150,108.450
2019/08/06,Tue,108.840,109.010,109.820,108.580
2019/08/05,Mon,108.510,108.800,109.170,108.030
2019/08/04,Sun,,,,
2019/08/03,Sat,,,,
2019/08/02,Fri,108.400,108.500,108.690,108.130
2019/08/01,Thu,109.400,108.360,109.690,108.350
2019/07/31,Wed,109.680,109.370,109.950,109.350
2019/07/30,Tue,109.710,109.620,109.850,109.430
2019/07/29,Mon,109.410,109.680,109.790,109.270
2019/07/28,Sun,,,,
2019/07/27,Sat,,,,
2019/07/26,Fri,109.650,109.350,109.800,109.290
2019/07/25,Thu,109.850,109.600,109.910,109.130
2019/07/24,Wed,109.840,109.820,109.900,109.370
2019/07/23,Tue,109.840,109.810,110.070,109.680
2019/07/22,Mon,109.790,109.830,110.090,109.530
2019/07/21,Sun,,,,
2019/07/20,Sat,,,,
2019/07/19,Fri,109.340,109.670,109.800,109.230
2019/07/18,Thu,109.310,109.300,109.460,109.060
2019/07/17,Wed,109.570,109.280,109.650,109.280
2019/07/16,Tue,109.610,109.520,109.880,109.320
2019/07/15,Mon,109.590,109.590,109.920,109.450
2019/07/14,Sun,,,,
2019/07/13,Sat,,,,
2019/07/12,Fri,109.570,109.600,109.930,109.440
2019/07/11,Thu,109.600,109.530,109.790,109.350
2019/07/10,Wed,109.560,109.580,109.960,109.490
2019/07/09,Tue,109.410,109.520,109.650,109.320
2019/07/08,Mon,109.330,109.380,109.540,109.240
2019/07/07,Sun,,,,
2019/07/06,Sat,,,,
2019/07/05,Fri,109.450,109.340,109.560,109.170
2019/07/04,Thu,109.270,109.390,109.490,109.190
2019/07/03,Wed,109.400,109.250,109.520,109.090
2019/07/02,Tue,109.800,109.360,109.890,109.310
2019/07/01,Mon,110.740,109.770,110.920,109.720
2019/06/30,Sun,,,,
2019/06/29,Sat,,,,
2019/06/28,Fri,110.390,110.490,110.590,110.210
2019/06/27,Thu,110.210,110.340,110.470,110.020
2019/06/26,Wed,109.890,110.180,110.410,109.780
2019/06/25,Tue,110.400,109.840,110.520,109.520
2019/06/24,Mon,109.990,110.350,110.520,109.790
2019/06/23,Sun,,,,
2019/06/22,Sat,,,,
2019/06/21,Fri,109.280,109.870,110.030,109.000
2019/06/20,Thu,108.740,109.230,109.630,108.560
2019/06/19,Wed,108.390,108.700,108.940,108.230
2019/06/18,Tue,108.660,108.400,108.740,108.210
2019/06/17,Mon,108.700,108.630,108.980,108.540
2019/06/16,Sun,,,,
2019/06/15,Sat,,,,
2019/06/14,Fri,109.040,108.640,109.140,108.480
2019/06/13,Thu,108.990,109.020,109.350,108.740
2019/06/12,Wed,109.350,108.950,109.440,108.940
2019/06/11,Tue,109.570,109.310,109.780,109.280
2019/06/10,Mon,109.580,109.530,110.030,109.470
2019/06/09,Sun,,,,
2019/06/08,Sat,,,,
2019/06/07,Fri,109.370,109.490,109.680,109.020
2019/06/06,Thu,109.050,109.330,109.480,108.630
2019/06/05,Wed,109.010,108.990,109.470,108.910
2019/06/04,Tue,108.880,108.980,109.130,108.630
2019/06/03,Mon,108.270,108.840,108.940,108.110
2019/06/02,Sun,,,,
2019/06/01,Sat,,,,
2019/05/31,Fri,108.780,108.140,108.810,107.910
2019/05/30,Thu,108.730,108.730,109.020,108.600
2019/05/29,Wed,108.550,108.730,108.810,108.410
2019/05/28,Tue,109.100,108.500,109.190,108.470
2019/05/27,Mon,109.120,109.050,109.290,108.840
2019/05/26,Sun,,,,
2019/05/25,Sat,,,,
2019/05/24,Fri,109.250,109.070,109.450,109.070
2019/05/23,Thu,109.300,109.210,109.440,108.920
2019/05/22,Wed,109.280,109.260,109.650,109.100
2019/05/21,Tue,109.140,109.260,109.630,108.870
2019/05/20,Mon,108.970,109.100,109.160,108.790
2019/05/19,Sun,,,,
2019/05/18,Sat,,,,
2019/05/17,Fri,108.760,108.890,108.980,108.360
2019/05/16,Thu,108.650,108.730,108.920,108.460
2019/05/15,Wed,108.660,108.620,108.910,108.300
2019/05/14,Tue,108.610,108.620,109.020,108.530
2019/05/13,Mon,108.490,108.600,108.840,108.350
2019/05/12,Sun,,,,
2019/05/11,Sat,,,,
2019/05/10,Fri,108.160,108.650,108.830,108.040
2019/05/09,Thu,107.910,108.120,108.300,107.600
2019/05/08,Wed,108.140,107.880,108.300,107.850
2019/05/07,Tue,108.820,108.100,109.040,107.920
2019/05/06,Mon,108.820,108.780,109.130,108.540
2019/05/05,Sun,,,,
2019/05/04,Sat,,,,
2019/05/03,Fri,109.390,109.270,109.470,109.140
2019/05/02,Thu,109.410,109.370,109.710,109.290
2019/05/01,Wed,109.330,109.370,109.750,109.270
2019/04/30,Tue,109.500,109.310,109.590,109.090
2019/04/29,Mon,109.440,109.460,109.710,109.390
2019/04/28,Sun,,,,
2019/04/27,Sat,,,,
2019/04/26,Fri,109.410,109.400,109.600,109.220
2019/04/25,Thu,109.900,109.370,109.980,109.190
2019/04/24,Wed,109.640,109.900,110.030,109.460
2019/04/23,Tue,110.240,109.620,110.290,109.440
2019/04/22,Mon,110.320,110.190,110.440,110.150
2019/04/21,Sun,,,,
2019/04/20,Sat,,,,
2019/04/19,Fri,110.270,110.280,110.510,110.190
2019/04/18,Thu,110.900,110.220,110.940,110.190
2019/04/17,Wed,111.120,110.860,111.310,110.800
2019/04/16,Tue,111.590,111.080,111.660,111.070
2019/04/15,Mon,111.740,111.560,111.850,111.480
2019/04/14,Sun,,,,
2019/04/13,Sat,,,,
2019/04/12,Fri,111.310,111.730,112.000,111.240
2019/04/11,Thu,110.730,111.260,111.330,110.590
2019/04/10,Wed,111.150,110.690,111.250,110.580
2019/04/09,Tue,111.630,111.120,111.690,111.030
2019/04/08,Mon,111.710,111.550,111.800,111.400
2019/04/07,Sun,,,,
2019/04/06,Sat,,,,
2019/04/05,Fri,111.680,111.690,111.810,111.540
2019/04/04,Thu,111.680,111.650,111.820,111.460
2019/04/03,Wed,111.530,111.660,111.980,111.390
2019/04/02,Tue,111.470,111.530,111.660,111.310
2019/04/01,Mon,111.320,111.440,111.760,111.310
2019/03/31,Sun,,,,
2019/03/30,Sat,,,,
2019/03/29,Fri,111.120,111.340,111.480,111.000
2019/03/28,Thu,111.090,111.080,111.200,110.480
2019/03/27,Wed,111.250,111.070,111.390,110.840
2019/03/26,Tue,110.800,111.210,111.300,110.730
2019/03/25,Mon,110.550,110.760,111.050,110.310
2019/03/24,Sun,,,,
2019/03/23,Sat,,,,
2019/03/22,Fri,111.710,110.580,111.830,110.410
2019/03/21,Thu,111.520,111.680,111.790,111.080
2019/03/20,Wed,111.480,111.510,112.010,111.370
2019/03/19,Tue,111.270,111.440,111.560,111.070
2019/03/18,Mon,111.260,111.230,111.550,111.120
2019/03/17,Sun,,,,
2019/03/16,Sat,,,,
2019/03/15,Fri,111.280,111.220,111.510,111.020
2019/03/14,Thu,110.750,111.240,111.350,110.690
2019/03/13,Wed,110.500,110.690,110.880,110.310
2019/03/12,Tue,110.040,110.460,110.670,109.990
2019/03/11,Mon,110.250,110.010,110.420,109.920
2019/03/10,Sun,,,,
2019/03/09,Sat,,,,
2019/03/08,Fri,110.330,110.250,110.470,109.880
2019/03/07,Thu,111.210,110.310,111.320,110.170
2019/03/06,Wed,111.410,111.170,111.470,111.110
2019/03/05,Tue,111.850,111.400,112.030,111.280
2019/03/04,Mon,111.880,111.820,112.190,111.610
2019/03/03,Sun,,,,
2019/03/02,Sat,,,,
2019/03/01,Fri,111.570,111.990,112.220,111.530
2019/02/28,Thu,110.820,111.540,111.820,110.730
2019/02/27,Wed,110.600,110.790,111.120,110.350
2019/02/26,Tue,110.980,110.570,111.090,110.510
2019/02/25,Mon,110.620,110.950,111.170,110.550
2019/02/24,Sun,,,,
2019/02/23,Sat,,,,
2019/02/22,Fri,110.600,110.600,110.870,110.480
2019/02/21,Thu,110.750,110.570,110.880,110.440
2019/02/20,Wed,110.510,110.720,110.900,110.380
2019/02/19,Tue,110.140,110.460,110.610,109.860
2019/02/18,Mon,109.870,110.090,110.340,109.770
2019/02/17,Sun,,,,
2019/02/16,Sat,,,,
2019/02/15,Fri,109.950,109.820,110.020,109.520
2019/02/14,Thu,110.000,109.910,110.240,109.820
2019/02/13,Wed,109.770,109.960,110.180,109.690
2019/02/12,Tue,109.950,109.740,110.210,109.390
2019/02/11,Mon,109.710,109.910,110.150,108.730
2019/02/10,Sun,,,,
2019/02/09,Sat,,,,
2019/02/08,Fri,109.570,109.680,109.850,109.390
2019/02/07,Thu,109.700,109.530,109.830,109.430
2019/02/06,Wed,109.980,109.660,110.070,109.490
2019/02/05,Tue,110.130,109.950,110.280,109.720
2019/02/04,Mon,109.980,110.090,110.360,109.910
2019/02/03,Sun,,,,
2019/02/02,Sat,,,,
2019/02/01,Fri,109.500,109.930,110.270,109.300
2019/01/31,Thu,109.670,109.460,109.810,109.110
2019/01/30,Wed,109.990,109.610,110.060,109.490
2019/01/29,Tue,110.280,109.940,110.460,109.810
2019/01/28,Mon,110.280,110.200,110.430,110.070
2019/01/27,Sun,,,,
2019/01/26,Sat,,,,
2019/01/25,Fri,110.030,110.250,110.640,109.830
2019/01/24,Thu,110.150,109.990,110.470,109.890
2019/01/23,Wed,109.680,110.150,110.270,109.520
2019/01/22,Tue,109.960,109.650,110.020,109.460
2019/01/21,Mon,110.230,109.930,110.400,109.760
2019/01/20,Sun,,,,
2019/01/19,Sat,,,,
2019/01/18,Fri,109.890,110.210,110.390,109.640
2019/01/17,Thu,110.160,109.830,110.260,109.480
2019/01/16,Wed,110.000,110.130,110.260,109.670
2019/01/15,Tue,110.270,109.980,110.860,109.610
2019/01/14,Mon,110.210,110.240,110.500,109.840
2019/01/13,Sun,,,,
2019/01/12,Sat,,,,
2019/01/11,Fri,110.160,110.260,110.390,110.020
2019/01/10,Thu,111.000,110.120,111.200,110.070
2019/01/09,Wed,110.810,110.980,111.330,110.680
2019/01/08,Tue,110.980,110.780,111.200,110.590
2019/01/07,Mon,110.030,110.930,111.040,109.770
2019/01/06,Sun,,,,
2019/01/05,Sat,,,,
2019/01/04,Fri,109.120,109.980,110.100,108.990
2019/01/03,Thu,109.960,109.080,110.010,106.070
2019/01/02,Wed,111.780,109.930,111.790,109.910
2019/01/01,Tue,111.630,111.740,111.840,111.630
2018/12/31,Mon,112.200,111.590,112.270,111.240
2018/12/30,Sun,,,,
2018/12/29,Sat,,,,
2018/12/28,Fri,112.370,111.980,112.720,111.920
2018/12/27,Thu,111.840,112.350,112.520,111.640
2018/12/26,Wed,111.840,111.800,112.120,111.360
2018/12/25,Tue,112.000,111.490,112.180,111.490
2018/12/24,Mon,111.480,111.930,112.100,111.360
2018/12/23,Sun,,,,
2018/12/22,Sat,,,,
2018/12/21,Fri,112.650,111.720,112.940,111.660
2018/12/20,Thu,113.090,112.620,113.270,112.220
2018/12/19,Wed,113.360,113.060,113.460,112.860
2018/12/18,Tue,113.650,113.330,113.700,113.250
2018/12/17,Mon,113.570,113.590,114.190,113.480
2018/12/16,Sun,,,,
2018/12/15,Sat,,,,
2018/12/14,Fri,114.310,113.570,114.450,113.450
2018/12/13,Thu,114.020,114.260,114.480,113.930
2018/12/12,Wed,114.120,114.000,114.410,113.810
2018/12/11,Tue,114.430,114.100,114.670,114.000
2018/12/10,Mon,113.790,114.410,114.510,113.500
2018/12/09,Sun,,,,
2018/12/08,Sat,,,,
2018/12/07,Fri,113.520,113.780,113.930,113.400
2018/12/06,Thu,113.490,113.440,113.530,112.890
2018/12/05,Wed,113.060,113.440,113.520,112.890
2018/12/04,Tue,113.920,113.030,113.920,112.850
2018/12/03,Mon,113.600,113.880,114.180,113.560
2018/12/02,Sun,,,,
2018/12/01,Sat,,,,
2018/11/30,Fri,113.950,113.560,114.030,113.510
2018/11/29,Thu,114.400,113.920,114.440,113.620
2018/11/28,Wed,113.920,114.370,114.440,113.770
2018/11/27,Tue,113.770,113.870,114.000,113.510
2018/11/26,Mon,113.270,113.730,113.830,113.120
2018/11/25,Sun,,,,
2018/11/24,Sat,,,,
2018/11/23,Fri,113.510,113.290,113.700,113.030
2018/11/22,Thu,113.650,113.410,113.820,113.410
2018/11/21,Wed,113.340,113.610,113.850,113.190
2018/11/20,Tue,113.290,113.290,113.500,113.000
2018/11/19,Mon,112.850,113.260,113.340,112.570
2018/11/18,Sun,,,,
2018/11/17,Sat,,,,
2018/11/16,Fri,112.840,112.810,112.960,112.180
2018/11/15,Thu,112.970,112.810,113.050,112.480
2018/11/14,Wed,113.020,112.930,113.310,112.680
2018/11/13,Tue,112.600,113.000,113.100,112.400
2018/11/12,Mon,113.210,112.580,113.350,112.520
2018/11/11,Sun,,,,
2018/11/10,Sat,,,,
2018/11/09,Fri,113.390,113.170,113.480,112.840
2018/11/08,Thu,113.270,113.370,113.600,113.160
2018/11/07,Wed,113.150,113.230,113.770,112.930
2018/11/06,Tue,112.690,113.130,113.200,112.550
2018/11/05,Mon,112.780,112.630,112.980,112.490
2018/11/04,Sun,,,,
2018/11/03,Sat,,,,
2018/11/02,Fri,112.490,112.750,113.250,112.240
2018/11/01,Thu,111.980,112.440,112.700,111.820
2018/10/31,Wed,112.560,111.940,112.770,111.940
2018/10/30,Tue,112.160,112.470,112.780,112.080
2018/10/29,Mon,112.250,112.120,112.550,111.890
2018/10/28,Sun,,,,
2018/10/27,Sat,,,,
2018/10/26,Fri,112.460,112.160,112.550,111.540
2018/10/25,Thu,112.500,112.420,112.660,112.130
2018/10/24,Wed,113.020,112.460,113.250,112.400
2018/10/23,Tue,113.280,112.980,113.340,112.460
2018/10/22,Mon,112.890,113.220,113.440,112.680
2018/10/21,Sun,,,,
2018/10/20,Sat,,,,
2018/10/19,Fri,112.690,112.910,113.120,112.570
2018/10/18,Thu,113.180,112.650,113.480,112.510
2018/10/17,Wed,113.310,113.150,113.510,112.820
2018/10/16,Tue,113.260,113.290,113.730,113.160
2018/10/15,Mon,113.080,113.210,113.540,112.750
2018/10/14,Sun,,,,
2018/10/13,Sat,,,,
2018/10/12,Fri,113.350,113.110,113.700,112.890
2018/10/11,Thu,113.400,113.340,113.850,113.060
2018/10/10,Wed,113.890,113.370,114.230,113.340
2018/10/09,Tue,114.070,113.840,114.130,113.640
2018/10/08,Mon,114.650,114.050,114.890,113.630
2018/10/07,Sun,,,,
2018/10/06,Sat,,,,
2018/10/05,Fri,114.880,114.620,115.000,114.390
2018/10/04,Thu,115.420,114.850,115.630,114.540
2018/10/03,Wed,115.520,115.400,115.760,115.090
2018/10/02,Tue,115.800,115.510,115.930,115.270
2018/10/01,Mon,115.770,115.770,116.190,115.670
2018/09/30,Sun,,,,
2018/09/29,Sat,,,,
2018/09/28,Fri,116.020,115.730,116.470,115.680
2018/09/27,Thu,116.710,115.970,116.950,115.890
2018/09/26,Wed,117.060,116.650,117.230,116.440
2018/09/25,Tue,116.900,117.030,117.210,116.660
2018/09/24,Mon,117.420,116.880,117.590,116.820
2018/09/23,Sun,,,,
2018/09/22,Sat,,,,
2018/09/21,Fri,117.320,117.370,118.080,117.220
2018/09/20,Thu,116.120,117.260,117.330,115.820
2018/09/19,Wed,116.500,116.070,116.620,115.740
2018/09/18,Tue,116.200,116.450,116.930,115.980
2018/09/17,Mon,115.720,116.150,116.500,115.660
2018/09/16,Sun,,,,
2018/09/15,Sat,,,,
2018/09/14,Fri,115.940,115.780,116.130,115.720
2018/09/13,Thu,114.630,115.910,116.030,114.510
2018/09/12,Wed,114.830,114.570,114.850,114.300
2018/09/11,Tue,113.960,114.790,114.840,113.920
2018/09/10,Mon,114.490,113.920,114.670,113.930
2018/09/09,Sun,,,,
2018/09/08,Sat,,,,
2018/09/07,Fri,114.750,114.540,115.120,114.310
2018/09/06,Thu,114.770,114.710,114.960,114.390
2018/09/05,Wed,114.410,114.740,114.970,114.220
2018/09/04,Tue,114.580,114.330,114.780,114.020
2018/09/03,Mon,114.660,114.560,114.720,114.270
2018/09/02,Sun,,,,
2018/09/01,Sat,,,,
2018/08/31,Fri,114.520,114.580,114.950,114.260
2018/08/30,Thu,115.060,114.480,115.330,114.420
2018/08/29,Wed,113.880,115.030,115.140,113.680
2018/08/28,Tue,113.390,113.840,113.990,113.270
2018/08/27,Mon,113.120,113.350,113.480,112.780
2018/08/26,Sun,,,,
2018/08/25,Sat,,,,
2018/08/24,Fri,112.840,113.080,113.320,112.750
2018/08/23,Thu,112.460,112.810,113.000,112.370
2018/08/22,Wed,111.950,112.440,112.540,111.760
2018/08/21,Tue,111.020,111.910,112.170,110.910
2018/08/20,Mon,110.980,110.980,111.260,110.910
2018/08/19,Sun,,,,
2018/08/18,Sat,,,,
2018/08/17,Fri,111.250,110.930,111.350,110.800
2018/08/16,Thu,111.450,111.210,111.840,111.180
2018/08/15,Wed,111.800,111.420,111.970,110.950
2018/08/14,Tue,111.470,111.750,112.110,111.310
2018/08/13,Mon,111.470,111.420,111.660,110.690
2018/08/12,Sun,,,,
2018/08/11,Sat,,,,
2018/08/10,Fri,111.810,111.410,111.880,111.060
2018/08/09,Thu,111.720,111.770,112.100,111.440
2018/08/08,Wed,111.860,111.710,112.050,111.310
2018/08/07,Tue,111.760,111.860,111.990,111.600
2018/08/06,Mon,111.840,111.770,111.970,111.600
2018/08/05,Sun,,,,
2018/08/04,Sat,,,,
2018/08/03,Fri,112.210,111.870,112.340,111.820
2018/08/02,Thu,112.650,112.180,112.690,111.930
2018/08/01,Wed,112.980,112.580,113.130,112.410
2018/07/31,Tue,112.390,112.930,113.210,112.150
2018/07/30,Mon,111.660,112.350,112.430,111.470
2018/07/29,Sun,,,,
2018/07/28,Sat,,,,
2018/07/27,Fri,111.880,111.620,111.950,111.310
2018/07/26,Thu,111.880,111.850,112.030,111.470
2018/07/25,Wed,111.930,111.850,112.190,111.510
2018/07/24,Tue,112.180,111.890,112.320,111.730
2018/07/23,Mon,112.340,112.150,112.420,111.840
2018/07/22,Sun,,,,
2018/07/21,Sat,,,,
2018/07/20,Fri,112.560,112.200,112.700,112.190
2018/07/19,Thu,112.980,112.520,113.040,112.460
2018/07/18,Wed,112.860,112.960,113.050,112.640
2018/07/17,Tue,112.660,112.820,113.290,112.520
2018/07/16,Mon,112.160,112.620,112.740,111.970
2018/07/15,Sun,,,,
2018/07/14,Sat,,,,
2018/07/13,Fri,112.300,112.150,112.480,111.840
2018/07/12,Thu,112.480,112.260,112.980,112.170
2018/07/11,Wed,111.890,112.460,112.590,111.580
2018/07/10,Tue,111.810,111.850,112.200,111.680
2018/07/09,Mon,111.630,111.760,112.060,111.440
2018/07/08,Sun,,,,
2018/07/07,Sat,,,,
2018/07/06,Fri,111.380,111.550,111.790,111.240
2018/07/05,Thu,111.290,111.340,111.690,110.980
2018/07/04,Wed,111.440,111.210,111.510,111.160
2018/07/03,Tue,111.620,111.400,111.960,111.300
2018/07/02,Mon,111.750,111.580,112.010,111.170
2018/07/01,Sun,,,,
2018/06/30,Sat,,,,
2018/06/29,Fri,110.760,111.640,111.920,110.650
2018/06/28,Thu,110.570,110.730,110.870,110.290
2018/06/27,Wed,111.110,110.540,111.170,110.510
2018/06/26,Tue,111.210,111.070,111.290,110.750
2018/06/25,Mon,111.250,111.180,111.510,110.650
2018/06/24,Sun,,,,
2018/06/23,Sat,,,,
2018/06/22,Fri,110.910,111.270,111.440,110.760
2018/06/21,Thu,110.780,110.880,111.180,110.600
2018/06/20,Wed,110.720,110.740,110.910,110.290
2018/06/19,Tue,111.090,110.660,111.140,110.100
2018/06/18,Mon,110.940,111.060,111.190,110.630
2018/06/17,Sun,,,,
2018/06/16,Sat,,,,
2018/06/15,Fri,110.960,110.900,111.170,110.700
2018/06/14,Thu,111.950,110.920,112.070,110.900
2018/06/13,Wed,111.850,111.920,112.220,111.770
2018/06/12,Tue,111.670,111.810,112.190,111.540
2018/06/11,Mon,111.120,111.640,111.770,110.770
2018/06/10,Sun,,,,
2018/06/09,Sat,,,,
2018/06/08,Fri,111.900,111.150,112.040,110.740
2018/06/07,Thu,111.720,111.860,112.240,111.420
2018/06/06,Wed,111.530,111.680,111.950,111.380
2018/06/05,Tue,111.160,111.500,111.550,111.000
2018/06/04,Mon,110.820,111.120,111.450,110.660
2018/06/03,Sun,,,,
2018/06/02,Sat,,,,
2018/06/01,Fri,110.390,110.830,111.050,110.320
2018/05/31,Thu,110.100,110.370,110.650,109.750
2018/05/30,Wed,109.720,110.070,110.310,109.200
2018/05/29,Tue,110.120,109.680,110.220,108.990
2018/05/28,Mon,110.700,110.070,110.920,109.750
2018/05/27,Sun,,,,
2018/05/26,Sat,,,,
2018/05/25,Fri,110.180,110.480,110.660,109.950
2018/05/24,Thu,110.550,110.140,110.830,109.900
2018/05/23,Wed,111.710,110.550,111.780,110.460
2018/05/22,Tue,111.350,111.660,111.930,111.200
2018/05/21,Mon,110.970,111.320,111.530,110.970
2018/05/20,Sun,,,,
2018/05/19,Sat,,,,
2018/05/18,Fri,110.600,110.950,111.220,110.520
2018/05/17,Thu,110.260,110.570,110.710,110.110
2018/05/16,Wed,110.200,110.230,110.450,109.910
2018/05/15,Tue,109.600,110.190,110.450,109.520
2018/05/14,Mon,109.330,109.560,109.990,109.230
2018/05/13,Sun,,,,
2018/05/12,Sat,,,,
2018/05/11,Fri,109.050,109.290,109.500,108.880
2018/05/10,Thu,109.170,109.000,109.570,109.030
2018/05/09,Wed,108.940,109.140,109.650,108.820
2018/05/08,Tue,108.820,108.900,109.230,108.500
2018/05/07,Mon,109.100,108.780,109.220,108.680
2018/05/06,Sun,,,,
2018/05/05,Sat,,,,
2018/05/04,Fri,109.460,109.090,109.520,108.640
2018/05/03,Thu,109.910,109.420,110.150,109.070
2018/05/02,Wed,110.260,109.880,110.510,109.850
2018/05/01,Tue,110.370,110.220,110.480,110.080
2018/04/30,Mon,110.350,110.320,110.630,110.170
2018/04/29,Sun,,,,
2018/04/28,Sat,,,,
2018/04/27,Fri,110.510,110.340,110.590,110.200
2018/04/26,Thu,111.280,110.470,111.410,110.460
2018/04/25,Wed,111.170,111.250,111.350,110.890
2018/04/24,Tue,111.140,111.130,111.590,110.920
2018/04/23,Mon,110.440,111.110,111.160,110.330
2018/04/22,Sun,,,,
2018/04/21,Sat,,,,
2018/04/20,Fri,110.550,110.430,110.870,110.280
2018/04/19,Thu,110.700,110.520,111.090,110.370
2018/04/18,Wed,110.760,110.660,111.040,110.640
2018/04/17,Tue,111.580,110.720,111.670,110.580
2018/04/16,Mon,111.570,111.540,111.970,111.240
2018/04/15,Sun,,,,
2018/04/14,Sat,,,,
2018/04/13,Fri,111.510,111.500,112.140,111.380
2018/04/12,Thu,111.510,111.470,111.640,111.040
2018/04/11,Wed,112.010,111.470,112.120,111.400
2018/04/10,Tue,111.660,111.970,112.300,111.530
2018/04/09,Mon,111.470,111.620,111.970,111.320
2018/04/08,Sun,,,,
2018/04/07,Sat,,,,
2018/04/06,Fri,111.470,111.420,111.820,111.100
2018/04/05,Thu,111.130,111.430,111.660,111.070
2018/04/04,Wed,111.180,111.110,111.310,110.590
2018/04/03,Tue,110.840,111.150,111.350,110.660
2018/04/02,Mon,111.480,110.800,111.660,110.650
2018/04/01,Sun,,,,
2018/03/31,Sat,,,,
2018/03/30,Fri,111.260,111.290,111.550,111.090
2018/03/29,Thu,111.690,111.240,111.740,110.990
2018/03/28,Wed,111.260,111.660,111.790,110.940
2018/03/27,Tue,111.470,111.220,112.000,111.220
2018/03/26,Mon,110.570,111.430,111.620,110.370
2018/03/25,Sun,,,,
2018/03/24,Sat,,,,
2018/03/23,Fri,110.910,110.530,111.090,110.430
2018/03/22,Thu,111.670,110.880,111.810,110.840
2018/03/21,Wed,111.380,111.630,111.890,111.230
2018/03/20,Tue,111.560,111.350,112.110,111.350
2018/03/19,Mon,111.270,111.510,111.720,110.790
2018/03/18,Sun,,,,
2018/03/17,Sat,,,,
2018/03/16,Fri,111.770,111.250,111.830,111.150
2018/03/15,Thu,112.510,111.740,112.590,111.570
2018/03/14,Wed,112.900,112.480,113.100,112.090
2018/03/13,Tue,112.300,112.860,113.280,112.150
2018/03/12,Mon,112.300,112.260,112.540,112.010
2018/03/11,Sun,,,,
2018/03/10,Sat,,,,
2018/03/09,Fri,111.660,112.220,112.750,111.600
2018/03/08,Thu,112.430,111.620,112.600,111.510
2018/03/07,Wed,112.820,112.390,112.930,112.090
2018/03/06,Tue,112.980,112.780,113.510,112.580
2018/03/05,Mon,112.860,112.940,113.030,112.290
2018/03/04,Sun,,,,
2018/03/03,Sat,,,,
2018/03/02,Fri,112.800,112.670,112.950,112.330
2018/03/01,Thu,112.930,112.760,113.250,112.370
2018/02/28,Wed,114.310,112.900,114.470,112.810
2018/02/27,Tue,114.000,114.270,114.480,113.930
2018/02/26,Mon,114.170,113.970,114.580,113.830
2018/02/25,Sun,,,,
2018/02/24,Sat,,,,
2018/02/23,Fri,114.450,114.070,114.640,113.760
2018/02/22,Thu,114.790,114.410,114.810,114.060
2018/02/21,Wed,114.650,114.750,115.160,114.510
2018/02/20,Tue,114.730,114.630,114.960,114.500
2018/02/19,Mon,114.610,114.690,114.970,114.400
2018/02/18,Sun,,,,
2018/02/17,Sat,,,,
2018/02/16,Fri,115.100,114.550,115.330,114.440
2018/02/15,Thu,115.160,115.050,115.470,114.560
2018/02/14,Wed,115.310,115.130,115.430,114.330
2018/02/13,Tue,115.670,115.320,115.880,114.970
2018/02/12,Mon,115.740,115.640,116.070,115.500
2018/02/11,Sun,,,,
2018/02/10,Sat,,,,
2018/02/09,Fri,116.180,115.690,116.660,115.140
2018/02/08,Thu,115.860,116.150,116.640,115.730
2018/02/07,Wed,117.060,115.820,117.270,115.600
2018/02/06,Tue,117.110,117.020,117.320,116.270
2018/02/05,Mon,118.230,117.100,118.310,116.750
2018/02/04,Sun,,,,
2018/02/03,Sat,,,,
2018/02/02,Fri,118.100,118.190,118.580,117.980
2018/02/01,Thu,117.230,118.060,118.130,117.120
2018/01/31,Wed,116.430,117.210,117.560,116.250
2018/01/30,Tue,116.220,116.400,116.690,115.770
2018/01/29,Mon,116.390,116.190,116.560,116.010
2018/01/28,Sun,,,,
2018/01/27,Sat,,,,
2018/01/26,Fri,116.250,116.390,116.960,115.780
2018/01/25,Thu,115.540,116.230,117.020,115.370
2018/01/24,Wed,115.180,115.510,115.870,114.980
2018/01/23,Tue,115.330,115.170,115.520,114.770
2018/01/22,Mon,114.910,115.280,115.460,114.820
2018/01/21,Sun,,,,
2018/01/20,Sat,,,,
2018/01/19,Fri,115.880,114.990,115.970,114.890
2018/01/18,Thu,115.250,115.830,116.050,115.170
2018/01/17,Wed,115.120,115.190,115.600,114.770
2018/01/16,Tue,114.770,115.070,115.250,114.540
2018/01/15,Mon,114.710,114.730,115.190,114.410
2018/01/14,Sun,,,,
2018/01/13,Sat,,,,
2018/01/12,Fri,114.010,114.650,114.890,113.840
2018/01/11,Thu,113.870,113.960,114.540,113.750
2018/01/10,Wed,114.560,113.870,114.640,113.660
2018/01/09,Tue,115.740,114.520,115.820,114.290
2018/01/08,Mon,115.940,115.710,116.100,115.440
2018/01/07,Sun,,,,
2018/01/06,Sat,,,,
2018/01/05,Fri,115.680,115.910,116.170,115.600
2018/01/04,Thu,115.140,115.650,115.860,115.090
2018/01/03,Wed,115.580,115.110,115.620,114.700
2018/01/02,Tue,115.610,115.540,115.850,115.290
2018/01/01,Mon,115.630,115.560,115.680,115.590
2017/12/31,Sun,,,,
2017/12/30,Sat,,,,
2017/12/29,Fri,115.340,115.630,115.770,115.120
2017/12/28,Thu,114.930,115.310,115.530,114.720
2017/12/27,Wed,114.480,114.890,114.950,114.260
2017/12/26,Tue,114.580,114.440,114.690,114.270
2017/12/25,Mon,114.460,114.530,114.670,114.410
2017/12/24,Sun,,,,
2017/12/23,Sat,,,,
2017/12/22,Fri,114.660,114.460,114.730,114.340
2017/12/21,Thu,114.880,114.620,115.210,114.460
2017/12/20,Wed,114.630,114.830,115.180,114.450
2017/12/19,Tue,114.180,114.600,114.760,114.130
2017/12/18,Mon,113.720,114.140,114.260,113.620
2017/12/17,Sun,,,,
2017/12/16,Sat,,,,
2017/12/15,Fri,113.620,113.630,113.810,113.280
2017/12/14,Thu,114.210,113.570,114.500,113.440
2017/12/13,Wed,114.500,114.150,114.580,113.920
2017/12/12,Tue,114.480,114.470,114.710,114.290
2017/12/11,Mon,114.330,114.450,114.590,114.180
2017/12/10,Sun,,,,
2017/12/09,Sat,,,,
2017/12/08,Fri,113.720,114.260,114.430,113.680
2017/12/07,Thu,113.440,113.680,113.820,113.370
2017/12/06,Wed,114.030,113.400,114.110,113.280
2017/12/05,Tue,114.130,113.990,114.430,113.890
2017/12/04,Mon,115.220,114.090,115.410,114.030
2017/12/03,Sun,,,,
2017/12/02,Sat,,,,
2017/12/01,Fri,114.410,114.760,114.970,114.070
2017/11/30,Thu,113.670,114.370,114.570,113.560
2017/11/29,Wed,113.280,113.650,113.790,113.160
2017/11/28,Tue,113.180,113.240,113.450,112.950
2017/11/27,Mon,113.740,113.150,113.990,113.060
2017/11/26,Sun,,,,
2017/11/25,Sat,,,,
2017/11/24,Fri,113.310,113.810,114.000,113.280
2017/11/23,Thu,113.270,113.260,113.530,113.140
2017/11/22,Wed,113.430,113.230,113.600,113.120
2017/11/21,Tue,113.340,113.390,113.480,113.100
2017/11/20,Mon,113.390,113.310,113.550,113.070
2017/11/19,Sun,,,,
2017/11/18,Sat,,,,
2017/11/17,Fri,113.720,113.340,113.840,113.120
2017/11/16,Thu,114.200,113.700,114.370,113.520
2017/11/15,Wed,114.670,114.170,114.720,114.100
2017/11/14,Tue,114.040,114.630,114.730,113.960
2017/11/13,Mon,113.990,114.010,114.120,113.500
2017/11/12,Sun,,,,
2017/11/11,Sat,,,,
2017/11/10,Fri,114.160,113.990,114.310,113.840
2017/11/09,Thu,113.870,114.110,114.180,113.270
2017/11/08,Wed,114.000,113.830,114.050,113.460
2017/11/07,Tue,113.980,113.980,114.430,113.830
2017/11/06,Mon,113.880,113.940,114.550,113.820
2017/11/05,Sun,,,,
2017/11/04,Sat,,,,
2017/11/03,Fri,114.180,113.960,114.290,113.860
2017/11/02,Thu,113.790,114.130,114.290,113.740
2017/11/01,Wed,113.900,113.750,114.110,113.670
2017/10/31,Tue,113.810,113.860,114.140,113.390
2017/10/30,Mon,114.000,113.770,114.060,113.470
2017/10/29,Sun,,,,
2017/10/28,Sat,,,,
2017/10/27,Fri,114.250,113.910,114.430,113.710
2017/10/26,Thu,114.940,114.210,115.000,114.060
2017/10/25,Wed,114.930,114.900,115.150,114.720
2017/10/24,Tue,115.160,114.890,115.410,114.820
2017/10/23,Mon,115.500,115.120,115.770,114.980
2017/10/22,Sun,,,,
2017/10/21,Sat,,,,
2017/10/20,Fri,115.270,115.290,115.640,115.030
2017/10/19,Thu,115.050,115.240,115.580,114.900
2017/10/18,Wed,114.680,115.010,115.190,114.630
2017/10/17,Tue,115.010,114.630,115.090,114.500
2017/10/16,Mon,114.930,114.970,115.050,114.410
2017/10/15,Sun,,,,
2017/10/14,Sat,,,,
2017/10/13,Fri,115.120,114.740,115.190,114.580
2017/10/12,Thu,115.570,115.080,115.680,114.990
2017/10/11,Wed,115.330,115.520,115.670,114.920
2017/10/10,Tue,115.010,115.290,115.360,114.880
2017/10/09,Mon,115.230,114.970,115.280,114.900
2017/10/08,Sun,,,,
2017/10/07,Sat,,,,
2017/10/06,Fri,115.330,115.140,115.550,115.100
2017/10/05,Thu,115.640,115.290,115.770,115.010
2017/10/04,Wed,115.890,115.600,116.020,115.490
2017/10/03,Tue,115.700,115.860,116.070,115.550
2017/10/02,Mon,116.250,115.650,116.450,115.460
2017/10/01,Sun,,,,
2017/09/30,Sat,,,,
2017/09/29,Fri,115.800,116.140,116.400,115.690
2017/09/28,Thu,116.070,115.760,116.220,115.590
2017/09/27,Wed,115.840,116.030,116.220,115.490
2017/09/26,Tue,115.600,115.800,115.950,114.980
2017/09/25,Mon,115.540,115.570,115.900,115.030
2017/09/24,Sun,,,,
2017/09/23,Sat,,,,
2017/09/22,Fri,115.870,115.490,115.970,115.420
2017/09/21,Thu,115.700,115.820,115.990,115.380
2017/09/20,Wed,115.910,115.670,116.150,115.580
2017/09/19,Tue,116.030,115.880,116.500,115.570
2017/09/18,Mon,115.520,116.000,116.240,115.470
2017/09/17,Sun,,,,
2017/09/16,Sat,,,,
2017/09/15,Fri,114.460,115.450,116.060,113.740
2017/09/14,Thu,114.590,114.420,114.780,113.930
2017/09/13,Wed,114.750,114.540,114.870,114.410
2017/09/12,Tue,114.400,114.690,114.810,114.270
2017/09/11,Mon,114.560,114.380,114.790,114.030
2017/09/10,Sun,,,,
2017/09/09,Sat,,,,
2017/09/08,Fri,114.090,114.140,114.540,113.440
2017/09/07,Thu,114.200,114.050,114.460,113.740
2017/09/06,Wed,113.900,114.180,114.310,113.690
2017/09/05,Tue,114.500,113.870,114.570,113.680
2017/09/04,Mon,113.400,114.450,114.760,113.310
2017/09/03,Sun,,,,
2017/09/02,Sat,,,,
2017/09/01,Fri,114.710,114.260,115.090,114.170
2017/08/31,Thu,114.410,114.690,114.850,114.190
2017/08/30,Wed,114.870,114.370,115.350,114.350
2017/08/29,Tue,114.380,114.830,115.100,113.900
2017/08/28,Mon,114.140,114.330,114.680,113.970
2017/08/27,Sun,,,,
2017/08/26,Sat,,,,
2017/08/25,Fri,113.490,114.250,114.460,113.380
2017/08/24,Thu,112.970,113.440,113.570,112.700
2017/08/23,Wed,113.170,112.920,113.360,112.820
2017/08/22,Tue,113.290,113.150,113.570,112.900
2017/08/21,Mon,113.320,113.240,113.390,112.550
2017/08/20,Sun,,,,
2017/08/19,Sat,,,,
2017/08/18,Fri,113.800,113.110,113.870,113.000
2017/08/17,Thu,114.090,113.760,114.290,113.660
2017/08/16,Wed,113.790,114.060,114.210,113.510
2017/08/15,Tue,112.780,113.740,113.850,112.690
2017/08/14,Mon,113.370,112.730,113.760,112.640
2017/08/13,Sun,,,,
2017/08/12,Sat,,,,
2017/08/11,Fri,113.470,113.470,113.650,113.190
2017/08/10,Thu,114.230,113.420,114.320,113.260
2017/08/09,Wed,113.210,114.180,114.270,112.930
2017/08/08,Tue,113.810,113.200,113.950,113.140
2017/08/07,Mon,113.710,113.730,114.060,113.600
2017/08/06,Sun,,,,
2017/08/05,Sat,,,,
2017/08/04,Fri,113.620,113.730,114.100,113.470
2017/08/03,Thu,114.070,113.590,114.340,113.380
2017/08/02,Wed,114.290,114.040,114.830,113.850
2017/08/01,Tue,114.030,114.260,114.540,113.780
2017/07/31,Mon,114.210,113.990,114.670,113.800
2017/07/30,Sun,,,,
2017/07/29,Sat,,,,
2017/07/28,Fri,115.290,114.190,115.410,114.100
2017/07/27,Thu,116.930,115.280,117.000,115.130
2017/07/26,Wed,117.470,116.880,117.640,116.430
2017/07/25,Tue,117.380,117.430,117.920,117.130
2017/07/24,Mon,117.450,117.330,117.650,116.920
2017/07/23,Sun,,,,
2017/07/22,Sat,,,,
2017/07/21,Fri,117.640,117.450,117.810,117.230
2017/07/20,Thu,117.190,117.610,117.750,116.650
2017/07/19,Wed,117.390,117.130,117.620,116.920
2017/07/18,Tue,117.000,117.340,117.670,116.690
2017/07/17,Mon,116.820,116.970,117.280,116.540
2017/07/16,Sun,,,,
2017/07/15,Sat,,,,
2017/07/14,Fri,117.130,116.760,117.460,116.400
2017/07/13,Thu,117.210,117.090,117.670,116.800
2017/07/12,Wed,118.220,117.170,118.310,117.170
2017/07/11,Tue,118.100,118.170,118.390,117.830
2017/07/10,Mon,118.230,118.060,118.630,117.940
2017/07/09,Sun,,,,
2017/07/08,Sat,,,,
2017/07/07,Fri,117.870,118.110,118.450,117.720
2017/07/06,Thu,117.490,117.820,117.930,116.990
2017/07/05,Wed,117.320,117.450,117.810,116.990
2017/07/04,Tue,117.670,117.270,117.790,117.000
2017/07/03,Mon,117.010,117.610,117.790,116.760
2017/07/02,Sun,,,,
2017/07/01,Sat,,,,
2017/06/30,Fri,117.350,117.210,117.440,116.590
2017/06/29,Thu,117.040,117.330,117.810,116.940
2017/06/28,Wed,116.990,116.980,117.230,116.100
2017/06/27,Tue,115.050,116.950,117.080,114.630
2017/06/26,Mon,114.620,115.000,115.130,114.610
2017/06/25,Sun,,,,
2017/06/24,Sat,,,,
2017/06/23,Fri,114.560,114.740,115.000,114.410
2017/06/22,Thu,114.550,114.540,114.630,114.010
2017/06/21,Wed,114.300,114.480,114.650,113.950
2017/06/20,Tue,114.320,114.300,114.700,114.100
2017/06/19,Mon,113.820,114.290,114.530,113.800
2017/06/18,Sun,,,,
2017/06/17,Sat,,,,
2017/06/16,Fri,113.750,113.800,114.440,113.640
2017/06/15,Thu,112.850,113.710,113.830,112.490
2017/06/14,Wed,113.620,112.790,113.850,112.540
2017/06/13,Tue,113.470,113.570,114.120,113.340
2017/06/12,Mon,113.850,113.440,114.020,113.120
2017/06/11,Sun,,,,
2017/06/10,Sat,,,,
2017/06/09,Fri,113.730,113.770,114.180,113.280
2017/06/08,Thu,113.800,113.660,114.180,113.400
2017/06/07,Wed,113.730,113.720,113.960,113.080
2017/06/06,Tue,114.470,113.690,114.590,113.290
2017/06/05,Mon,114.700,114.380,114.850,114.330
2017/06/04,Sun,,,,
2017/06/03,Sat,,,,
2017/06/02,Fri,114.640,114.710,115.070,114.450
2017/06/01,Thu,114.460,114.580,114.910,114.350
2017/05/31,Wed,113.730,114.420,114.490,113.470
2017/05/30,Tue,113.790,113.700,114.030,113.020
2017/05/29,Mon,114.250,113.730,114.490,113.770
2017/05/28,Sun,,,,
2017/05/27,Sat,,,,
2017/05/26,Fri,114.950,114.210,115.030,113.920
2017/05/25,Thu,114.570,114.910,115.200,114.480
2017/05/24,Wed,114.510,114.540,114.900,114.360
2017/05/23,Tue,114.340,114.480,114.800,113.850
2017/05/22,Mon,114.480,114.290,114.920,113.830
2017/05/21,Sun,,,,
2017/05/20,Sat,,,,
2017/05/19,Fri,113.780,114.390,114.520,113.350
2017/05/18,Thu,113.210,113.740,113.880,112.490
2017/05/17,Wed,114.730,113.160,114.810,113.170
2017/05/16,Tue,114.180,114.690,114.990,113.830
2017/05/15,Mon,113.140,114.150,114.240,113.010
2017/05/14,Sun,,,,
2017/05/13,Sat,,,,
2017/05/12,Fri,112.990,113.240,113.480,112.620
2017/05/11,Thu,113.280,112.950,113.410,112.680
2017/05/10,Wed,113.160,113.250,113.480,112.850
2017/05/09,Tue,113.380,113.120,113.760,112.900
2017/05/08,Mon,114.230,113.340,114.590,112.960
2017/05/07,Sun,,,,
2017/05/06,Sat,,,,
2017/05/05,Fri,114.030,114.170,114.280,113.410
2017/05/04,Thu,113.350,113.990,114.060,113.150
2017/05/03,Wed,112.950,113.310,113.620,112.880
2017/05/02,Tue,112.260,112.900,113.100,112.200
2017/05/01,Mon,111.840,112.220,112.490,111.780
2017/04/30,Sun,,,,
2017/04/29,Sat,,,,
2017/04/28,Fri,111.920,112.050,112.650,111.670
2017/04/27,Thu,111.820,111.880,112.410,111.600
2017/04/26,Wed,111.810,111.770,112.350,111.630
2017/04/25,Tue,110.240,111.770,111.950,110.030
2017/04/24,Mon,111.470,110.200,111.740,110.040
2017/04/23,Sun,,,,
2017/04/22,Sat,,,,
2017/04/21,Fri,109.460,109.520,109.670,109.070
2017/04/20,Thu,109.040,109.430,109.930,108.960
2017/04/19,Wed,108.830,108.990,109.450,108.740
2017/04/18,Tue,108.420,108.800,109.000,108.310
2017/04/17,Mon,108.090,108.380,108.580,107.670
2017/04/16,Sun,,,,
2017/04/15,Sat,,,,
2017/04/14,Fri,108.430,107.990,108.740,107.960
2017/04/13,Thu,108.720,108.410,108.980,108.390
2017/04/12,Wed,108.800,108.650,109.080,108.540
2017/04/11,Tue,110.000,108.750,110.080,108.770
2017/04/10,Mon,110.130,109.930,110.510,109.870
2017/04/09,Sun,,,,
2017/04/08,Sat,,,,
2017/04/07,Fri,110.270,110.040,110.430,109.670
2017/04/06,Thu,110.160,110.240,110.650,109.660
2017/04/05,Wed,110.540,110.130,110.940,110.120
2017/04/04,Tue,110.710,110.490,110.790,109.980
2017/04/03,Mon,111.050,110.660,111.440,110.540
2017/04/02,Sun,,,,
2017/04/01,Sat,,,,
2017/03/31,Fri,111.780,111.010,112.100,111.010
2017/03/30,Thu,111.430,111.760,111.840,111.240
2017/03/29,Wed,112.020,111.400,112.250,111.050
2017/03/28,Tue,112.270,111.950,112.460,111.780
2017/03/27,Mon,112.190,112.210,112.460,111.550
2017/03/26,Sun,,,,
2017/03/25,Sat,,,,
2017/03/24,Fri,111.690,112.250,112.370,111.590
2017/03/23,Thu,112.140,111.640,112.430,111.490
2017/03/22,Wed,112.420,112.110,112.490,111.740
2017/03/21,Tue,112.690,112.380,113.340,112.260
2017/03/20,Mon,112.860,112.670,113.280,112.640
2017/03/19,Sun,,,,
2017/03/18,Sat,,,,
2017/03/17,Fri,113.720,112.840,113.960,112.750
2017/03/16,Thu,113.340,113.690,113.900,113.060
2017/03/15,Wed,113.600,113.290,113.970,113.130
2017/03/14,Tue,114.060,113.560,114.340,113.500
2017/03/13,Mon,113.570,114.040,114.120,113.230
2017/03/12,Sun,,,,
2017/03/11,Sat,,,,
2017/03/10,Fri,113.570,113.460,114.240,113.460
2017/03/09,Thu,112.700,113.510,113.830,112.600
2017/03/08,Wed,112.510,112.660,113.150,112.060
2017/03/07,Tue,112.550,112.420,112.730,112.110
2017/03/06,Mon,113.160,112.480,113.250,112.440
2017/03/05,Sun,,,,
2017/03/04,Sat,,,,
2017/03/03,Fri,112.910,113.110,113.370,112.640
2017/03/02,Thu,112.730,112.870,113.220,112.660
2017/03/01,Wed,112.130,112.680,112.980,112.040
2017/02/28,Tue,111.690,112.080,112.250,111.330
2017/02/27,Mon,111.410,111.690,111.850,111.050
2017/02/26,Sun,,,,
2017/02/25,Sat,,,,
2017/02/24,Fri,111.920,111.300,112.230,111.090
2017/02/23,Thu,112.100,111.800,112.310,111.750
2017/02/22,Wed,112.590,112.080,112.730,111.480
2017/02/21,Tue,112.780,112.560,113.070,112.370
2017/02/20,Mon,112.620,112.690,112.970,112.420
2017/02/19,Sun,,,,
2017/02/18,Sat,,,,
2017/02/17,Fri,113.570,112.510,113.830,112.480
2017/02/16,Thu,113.540,113.520,113.840,113.290
2017/02/15,Wed,113.550,113.530,113.810,113.210
2017/02/14,Tue,113.100,113.490,113.650,112.720
2017/02/13,Mon,112.970,113.070,113.630,112.910
2017/02/12,Sun,,,,
2017/02/11,Sat,,,,
2017/02/10,Fri,113.060,112.850,113.690,112.650
2017/02/09,Thu,112.540,112.990,113.230,112.290
2017/02/08,Wed,112.640,112.530,112.760,112.150
2017/02/07,Tue,112.760,112.560,112.970,112.130
2017/02/06,Mon,113.070,112.690,113.590,112.530
2017/02/05,Sun,,,,
2017/02/04,Sat,,,,
2017/02/03,Fri,113.630,113.520,113.980,113.090
2017/02/02,Thu,114.040,113.570,114.200,113.430
2017/02/01,Wed,114.010,114.000,114.810,113.780
2017/01/31,Tue,114.320,113.990,114.690,113.500
2017/01/30,Mon,115.200,114.290,115.270,113.920
2017/01/29,Sun,,,,
2017/01/28,Sat,,,,
2017/01/27,Fri,114.540,114.980,115.420,114.380
2017/01/26,Thu,113.340,114.480,114.760,113.240
2017/01/25,Wed,113.690,113.300,113.910,113.190
2017/01/24,Tue,113.100,113.610,113.790,112.890
2017/01/23,Mon,114.220,113.050,114.310,112.880
2017/01/22,Sun,,,,
2017/01/21,Sat,,,,
2017/01/20,Fri,114.180,114.310,114.590,113.980
2017/01/19,Thu,113.820,114.130,114.410,113.620
2017/01/18,Wed,112.450,113.790,113.970,112.340
2017/01/17,Tue,112.810,112.370,113.370,112.330
2017/01/16,Mon,113.410,112.770,113.470,112.540
2017/01/15,Sun,,,,
2017/01/14,Sat,,,,
2017/01/13,Fri,113.480,113.390,114.150,113.290
2017/01/12,Thu,113.810,113.360,113.960,112.950
2017/01/11,Wed,113.850,113.760,114.360,112.950
2017/01/10,Tue,114.310,113.770,114.610,113.720
2017/01/09,Mon,114.850,114.240,115.450,114.170
2017/01/08,Sun,,,,
2017/01/07,Sat,,,,
2017/01/06,Fri,114.240,114.760,115.220,113.970
2017/01/05,Thu,114.870,114.200,115.010,113.780
2017/01/04,Wed,114.630,114.770,115.060,114.240
2017/01/03,Tue,114.850,114.570,115.190,114.240
2017/01/02,Mon,114.940,114.790,115.250,114.370
2017/01/01,Sun,,,,
2016/12/31,Sat,,,,
2016/12/30,Fri,113.950,114.690,115.540,113.810
2016/12/29,Thu,114.030,113.890,114.140,113.350
2016/12/28,Wed,114.220,113.970,114.660,113.770
2016/12/27,Tue,113.990,114.090,114.410,113.920
2016/12/26,Mon,114.310,113.900,114.440,113.860
2016/12/25,Sun,,,,
2016/12/24,Sat,,,,
2016/12/23,Fri,114.600,114.190,114.730,114.010
2016/12/22,Thu,114.470,114.540,114.950,114.290
2016/12/21,Wed,114.470,114.420,114.920,114.160
2016/12/20,Tue,113.990,114.450,115.020,113.800
2016/12/19,Mon,114.780,113.900,115.030,113.830
2016/12/18,Sun,,,,
2016/12/17,Sat,,,,
2016/12/16,Fri,114.750,114.900,115.200,114.530
2016/12/15,Thu,114.710,114.700,115.440,114.210
2016/12/14,Wed,113.820,114.690,114.970,113.590
2016/12/13,Tue,113.530,113.760,114.160,113.130
2016/12/12,Mon,113.320,113.440,114.280,113.060
2016/12/11,Sun,,,,
2016/12/10,Sat,,,,
2016/12/09,Fri,112.210,113.260,113.440,112.020
2016/12/08,Thu,112.930,112.130,113.280,112.010
2016/12/07,Wed,112.870,112.820,113.340,112.590
2016/12/06,Tue,113.140,112.840,113.460,112.630
2016/12/05,Mon,112.350,113.020,113.840,110.940
2016/12/04,Sun,,,,
2016/12/03,Sat,,,,
2016/12/02,Fri,112.890,112.190,113.100,112.150
2016/12/01,Thu,112.560,112.900,113.210,112.120
2016/11/30,Wed,111.080,112.440,112.640,110.790
2016/11/29,Tue,110.490,111.040,111.560,110.190
2016/11/28,Mon,111.580,110.440,111.700,110.370
2016/11/27,Sun,,,,
2016/11/26,Sat,,,,
2016/11/25,Fri,111.450,111.500,111.940,111.040
2016/11/24,Thu,110.660,111.370,111.630,110.320
2016/11/23,Wed,109.900,110.590,111.070,109.620
2016/11/22,Tue,109.910,109.870,110.080,109.430
2016/11/21,Mon,109.780,109.770,110.150,109.420
2016/11/20,Sun,,,,
2016/11/19,Sat,,,,
2016/11/18,Fri,109.350,109.720,109.920,109.050
2016/11/17,Thu,108.850,109.280,109.450,108.410
2016/11/16,Wed,108.990,108.830,109.490,108.640
2016/11/15,Tue,108.640,108.950,109.170,108.240
2016/11/14,Mon,107.880,108.600,108.830,107.780
2016/11/13,Sun,,,,
2016/11/12,Sat,,,,
2016/11/11,Fri,108.250,107.800,108.430,107.440
2016/11/10,Thu,107.330,108.170,108.400,106.840
2016/11/09,Wed,107.550,107.300,107.800,105.490
2016/11/08,Tue,107.230,107.430,107.770,106.910
2016/11/07,Mon,106.490,107.190,107.370,106.220
2016/11/06,Sun,,,,
2016/11/05,Sat,,,,
2016/11/04,Fri,105.750,106.400,106.580,105.500
2016/11/03,Thu,106.140,105.680,106.410,105.560
2016/11/02,Wed,106.780,106.070,106.870,106.040
2016/11/01,Tue,105.980,106.720,106.970,105.750
2016/10/31,Mon,106.070,105.940,106.360,105.620
2016/10/30,Sun,,,,
2016/10/29,Sat,,,,
2016/10/28,Fri,105.970,105.820,106.240,105.700
2016/10/27,Thu,105.170,105.900,106.050,104.900
2016/10/26,Wed,104.830,105.130,105.380,104.540
2016/10/25,Tue,104.880,104.740,105.220,104.600
2016/10/24,Mon,104.410,104.780,105.160,104.320
2016/10/23,Sun,,,,
2016/10/22,Sat,,,,
2016/10/21,Fri,104.700,104.460,104.970,103.980
2016/10/20,Thu,104.610,104.640,105.400,104.390
2016/10/19,Wed,104.930,104.590,105.050,104.240
2016/10/18,Tue,105.050,104.850,105.460,104.790
2016/10/17,Mon,105.120,105.020,105.500,104.900
2016/10/16,Sun,,,,
2016/10/15,Sat,,,,
2016/10/14,Fri,105.150,105.200,105.710,104.920
2016/10/13,Thu,105.190,105.110,105.640,104.530
2016/10/12,Wed,104.690,105.160,105.670,104.490
2016/10/11,Tue,105.460,104.610,105.800,104.280
2016/10/10,Mon,105.220,105.370,105.700,105.100
2016/10/09,Sun,,,,
2016/10/08,Sat,,,,
2016/10/07,Fri,106.000,105.230,106.100,105.110
2016/10/06,Thu,106.250,105.950,106.390,105.730
2016/10/05,Wed,105.100,106.220,106.500,104.910
2016/10/04,Tue,104.410,105.040,105.380,104.230
2016/10/03,Mon,104.320,104.350,104.570,104.060
2016/10/02,Sun,,,,
2016/10/01,Sat,,,,
2016/09/30,Fri,104.580,104.280,105.320,103.660
2016/09/29,Thu,103.660,104.530,105.280,103.580
2016/09/28,Wed,103.460,103.630,103.850,103.260
2016/09/27,Tue,103.510,103.420,104.200,103.140
2016/09/26,Mon,104.040,103.440,104.330,103.420
2016/09/25,Sun,,,,
2016/09/24,Sat,,,,
2016/09/23,Fri,104.000,104.000,104.430,103.700
2016/09/22,Thu,103.000,103.930,104.370,102.870
2016/09/21,Wed,103.870,102.940,104.790,102.830
2016/09/20,Tue,104.040,103.830,104.300,103.690
2016/09/19,Mon,104.240,104.000,104.570,103.620
2016/09/18,Sun,,,,
2016/09/17,Sat,,,,
2016/09/16,Fri,105.060,104.270,105.160,104.190
2016/09/15,Thu,105.230,104.990,105.610,104.750
2016/09/14,Wed,105.040,105.170,105.860,104.800
2016/09/13,Tue,104.800,104.960,105.380,104.320
2016/09/12,Mon,105.220,104.760,105.390,104.450
2016/09/11,Sun,,,,
2016/09/10,Sat,,,,
2016/09/09,Fri,105.380,105.190,105.750,104.810
2016/09/08,Thu,104.920,105.340,105.460,104.680
2016/09/07,Wed,105.220,104.880,105.340,104.340
2016/09/06,Tue,105.540,105.120,105.850,104.930
2016/09/05,Mon,106.040,105.490,106.280,105.330
2016/09/04,Sun,,,,
2016/09/03,Sat,,,,
2016/09/02,Fri,105.340,105.920,106.380,105.250
2016/09/01,Thu,105.130,105.270,105.600,104.720
2016/08/31,Wed,104.670,105.060,105.380,104.500
2016/08/30,Tue,104.190,104.600,104.940,104.000
2016/08/29,Mon,104.200,104.150,104.840,104.040
2016/08/28,Sun,,,,
2016/08/27,Sat,,,,
2016/08/26,Fri,103.880,103.900,104.320,103.450
2016/08/25,Thu,103.870,103.800,104.210,103.720
2016/08/24,Wed,104.010,103.810,104.340,103.510
2016/08/23,Tue,104.260,103.980,104.420,103.950
2016/08/22,Mon,104.430,104.220,105.020,104.110
2016/08/21,Sun,,,,
2016/08/20,Sat,,,,
2016/08/19,Fri,104.680,104.260,105.180,104.190
2016/08/18,Thu,104.230,104.620,104.850,103.650
2016/08/17,Wed,104.270,104.120,105.010,103.900
2016/08/16,Tue,104.090,104.260,104.470,103.260
2016/08/15,Mon,103.840,104.030,104.180,103.500
2016/08/14,Sun,,,,
2016/08/13,Sat,,,,
2016/08/12,Fri,104.520,103.930,104.900,103.580
2016/08/11,Thu,103.870,104.450,104.710,103.590
2016/08/10,Wed,103.840,103.780,103.960,103.240
2016/08/09,Tue,104.280,103.760,104.350,103.610
2016/08/08,Mon,103.830,104.190,104.490,103.820
2016/08/07,Sun,,,,
2016/08/06,Sat,,,,
2016/08/05,Fri,103.900,103.750,104.270,103.400
2016/08/04,Thu,104.030,103.830,104.560,103.690
2016/08/03,Wed,104.640,103.960,105.010,103.840
2016/08/02,Tue,105.720,104.570,106.220,104.370
2016/08/01,Mon,105.280,105.690,106.040,105.210
2016/07/31,Sun,,,,
2016/07/30,Sat,,,,
2016/07/29,Fri,107.320,105.240,107.450,105.160
2016/07/28,Thu,106.910,107.270,107.600,106.100
2016/07/27,Wed,105.460,106.830,107.400,105.380
2016/07/26,Tue,107.330,105.390,107.450,105.220
2016/07/25,Mon,107.370,107.220,108.010,107.180
2016/07/24,Sun,,,,
2016/07/23,Sat,,,,
2016/07/22,Fri,107.330,107.360,107.950,107.100
2016/07/21,Thu,108.220,107.310,108.970,106.820
2016/07/20,Wed,107.680,108.190,108.480,107.280
2016/07/19,Tue,108.060,107.650,108.240,107.390
2016/07/18,Mon,106.690,108.030,108.220,106.690
2016/07/17,Sun,,,,
2016/07/16,Sat,,,,
2016/07/15,Fri,107.400,106.620,108.510,106.360
2016/07/14,Thu,106.060,107.330,108.310,105.630
2016/07/13,Wed,105.880,105.970,106.510,105.140
2016/07/12,Tue,104.600,105.870,106.560,104.020
2016/07/11,Mon,102.250,104.530,104.750,102.190
2016/07/10,Sun,,,,
2016/07/09,Sat,,,,
2016/07/08,Fri,103.070,102.160,103.230,102.040
2016/07/07,Thu,103.940,102.950,104.010,102.790
2016/07/06,Wed,104.140,103.840,104.200,102.390
2016/07/05,Tue,105.570,104.090,105.730,103.850
2016/07/04,Mon,105.340,105.490,105.730,105.100
2016/07/03,Sun,,,,
2016/07/02,Sat,,,,
2016/07/01,Fri,105.820,105.260,105.990,104.910
2016/06/30,Thu,104.950,105.760,105.900,104.320
2016/06/29,Wed,104.620,104.920,105.130,103.990
2016/06/28,Tue,104.250,104.580,105.010,103.780
2016/06/27,Mon,104.870,104.210,105.330,103.500
2016/06/26,Sun,,,,
2016/06/25,Sat,,,,
2016/06/24,Fri,110.790,104.910,111.450,101.890
2016/06/23,Thu,108.890,110.740,110.890,108.530
2016/06/22,Wed,108.860,108.890,109.570,108.530
2016/06/21,Tue,108.030,108.780,109.340,107.690
2016/06/20,Mon,108.680,107.960,109.340,107.790
2016/06/19,Sun,,,,
2016/06/18,Sat,,,,
2016/06/17,Fri,108.030,108.370,108.710,107.900
2016/06/16,Thu,110.280,107.950,110.350,107.110
2016/06/15,Wed,110.160,110.240,110.400,109.580
2016/06/14,Tue,110.160,110.120,110.480,109.360
2016/06/13,Mon,110.850,110.130,110.930,109.540
2016/06/12,Sun,,,,
2016/06/11,Sat,,,,
2016/06/10,Fri,111.040,110.800,111.410,110.390
2016/06/09,Thu,111.530,110.950,111.690,110.240
2016/06/08,Wed,111.230,111.500,111.660,110.600
2016/06/07,Tue,110.830,111.130,111.840,110.530
2016/06/06,Mon,108.950,110.740,110.950,108.890
2016/06/05,Sun,,,,
2016/06/04,Sat,,,,
2016/06/03,Fri,109.920,109.070,110.400,109.020
2016/06/02,Thu,110.840,109.870,110.990,109.620
2016/06/01,Wed,111.430,110.780,111.540,110.330
2016/05/31,Tue,112.000,111.370,112.370,111.170
2016/05/30,Mon,110.850,111.930,112.180,110.850
2016/05/29,Sun,,,,
2016/05/28,Sat,,,,
2016/05/27,Fri,110.960,110.790,111.220,110.440
2016/05/26,Thu,111.150,110.930,111.220,110.520
2016/05/25,Wed,110.730,111.110,111.480,110.600
2016/05/24,Tue,110.380,110.670,110.960,110.170
2016/05/23,Mon,111.090,110.350,111.300,110.220
2016/05/22,Sun,,,,
2016/05/21,Sat,,,,
2016/05/20,Fri,111.000,111.170,111.590,110.820
2016/05/19,Thu,111.570,110.910,111.760,110.830
2016/05/18,Wed,111.290,111.500,111.980,110.880
2016/05/17,Tue,111.510,111.220,112.160,111.170
2016/05/16,Mon,111.360,111.430,111.650,111.180
2016/05/15,Sun,,,,
2016/05/14,Sat,,,,
2016/05/13,Fri,112.350,111.280,112.450,111.240
2016/05/12,Thu,111.660,112.310,112.810,111.420
2016/05/11,Wed,111.940,111.560,112.100,111.380
2016/05/10,Tue,111.540,111.910,112.350,111.450
2016/05/09,Mon,110.130,111.450,111.950,110.030
2016/05/08,Sun,,,,
2016/05/07,Sat,,,,
2016/05/06,Fri,110.840,110.070,110.990,109.800
2016/05/05,Thu,111.760,110.800,111.970,110.610
2016/05/04,Wed,111.710,111.670,112.300,111.290
2016/05/03,Tue,111.510,111.730,111.910,110.890
2016/05/02,Mon,110.930,111.430,111.760,110.750
2016/05/01,Sun,,,,
2016/04/30,Sat,,,,
2016/04/29,Fri,111.850,110.790,111.980,110.730
2016/04/28,Thu,114.770,111.730,115.040,111.610
2016/04/27,Wed,114.340,114.700,114.920,113.950
2016/04/26,Tue,114.060,114.250,114.610,113.400
2016/04/25,Mon,114.330,113.990,114.360,113.600
2016/04/24,Sun,,,,
2016/04/23,Sat,,,,
2016/04/22,Fri,112.240,114.150,114.320,112.110
2016/04/21,Thu,113.030,112.150,113.690,112.110
2016/04/20,Wed,113.530,112.940,113.790,112.810
2016/04/19,Tue,112.870,113.440,114.030,112.710
2016/04/18,Mon,111.860,112.790,113.130,111.470
2016/04/17,Sun,,,,
2016/04/16,Sat,,,,
2016/04/15,Fri,113.140,112.300,113.480,112.180
2016/04/14,Thu,113.090,113.030,113.390,112.630
2016/04/13,Wed,113.700,113.050,113.910,112.900
2016/04/12,Tue,113.150,113.540,113.930,112.900
2016/04/11,Mon,113.380,113.110,113.800,112.870
2016/04/10,Sun,,,,
2016/04/09,Sat,,,,
2016/04/08,Fri,113.250,113.120,114.160,113.030
2016/04/07,Thu,114.870,113.200,114.940,112.690
2016/04/06,Wed,115.430,114.830,115.600,114.390
2016/04/05,Tue,116.080,115.390,116.190,114.920
2016/04/04,Mon,116.550,116.060,116.690,115.730
2016/04/03,Sun,,,,
2016/04/02,Sat,,,,
2016/04/01,Fri,117.050,116.580,117.320,116.320
2016/03/31,Thu,116.500,116.960,117.450,116.090
2016/03/30,Wed,116.560,116.490,117.270,116.030
2016/03/29,Tue,116.510,116.470,116.810,116.110
2016/03/28,Mon,115.700,116.420,116.550,115.600
2016/03/27,Sun,,,,
2016/03/26,Sat,,,,
2016/03/25,Fri,115.720,115.570,116.110,115.390
2016/03/24,Thu,115.230,115.690,115.760,115.060
2016/03/23,Wed,115.530,115.140,115.980,114.960
2016/03/22,Tue,115.430,115.450,115.760,114.480
2016/03/21,Mon,115.020,115.370,115.530,114.460
2016/03/20,Sun,,,,
2016/03/19,Sat,,,,
2016/03/18,Fri,115.120,114.920,115.430,114.520
2016/03/17,Thu,115.270,115.030,115.510,114.230
2016/03/16,Wed,114.660,115.200,115.470,114.400
2016/03/15,Tue,115.290,114.600,115.500,114.150
2016/03/14,Mon,115.870,115.250,116.000,114.900
2016/03/13,Sun,,,,
2016/03/12,Sat,,,,
2016/03/11,Fri,114.900,115.640,116.000,114.470
2016/03/10,Thu,113.710,114.800,115.550,113.130
2016/03/09,Wed,113.070,113.700,113.820,111.930
2016/03/08,Tue,114.000,112.960,114.080,112.880
2016/03/07,Mon,114.510,113.930,114.870,113.300
2016/03/06,Sun,,,,
2016/03/05,Sat,,,,
2016/03/04,Fri,114.560,114.390,114.930,114.000
2016/03/03,Thu,113.860,114.430,114.840,113.710
2016/03/02,Wed,114.310,113.770,114.690,113.610
2016/03/01,Tue,112.870,114.220,114.440,112.340
2016/02/29,Mon,114.400,112.770,114.410,112.500
2016/02/28,Sun,,,,
2016/02/27,Sat,,,,
2016/02/26,Fri,114.100,114.300,114.500,113.620
2016/02/25,Thu,113.450,114.050,114.270,113.010
2016/02/24,Wed,113.110,113.410,113.490,112.320
2016/02/23,Tue,112.930,113.040,113.300,112.230
2016/02/22,Mon,113.710,112.890,114.070,112.850
2016/02/21,Sun,,,,
2016/02/20,Sat,,,,
2016/02/19,Fri,114.050,113.580,114.200,113.260
2016/02/18,Thu,114.980,113.950,115.180,113.820
2016/02/17,Wed,115.380,114.900,115.650,114.640
2016/02/16,Tue,116.060,115.290,116.350,114.970
2016/02/15,Mon,115.900,116.000,116.400,115.590
2016/02/14,Sun,,,,
2016/02/13,Sat,,,,
2016/02/12,Fri,115.590,115.770,116.290,114.780
2016/02/11,Thu,116.400,115.520,116.700,114.410
2016/02/10,Wed,118.340,116.360,118.480,116.280
2016/02/09,Tue,117.360,118.270,118.660,116.060
2016/02/08,Mon,117.920,117.290,118.280,116.640
2016/02/07,Sun,,,,
2016/02/06,Sat,,,,
2016/02/05,Fri,117.560,117.890,118.070,117.180
2016/02/04,Thu,117.420,117.490,117.950,116.910
2016/02/03,Wed,117.780,117.360,117.840,116.810
2016/02/02,Tue,118.630,117.700,118.770,117.530
2016/02/01,Mon,118.330,118.540,119.090,118.300
2016/01/31,Sun,,,,
2016/01/30,Sat,,,,
2016/01/29,Fri,117.210,118.230,119.030,116.740
2016/01/28,Thu,116.900,117.180,117.500,116.490
2016/01/27,Wed,116.450,116.830,117.190,116.020
2016/01/26,Tue,116.790,116.370,116.940,116.140
2016/01/25,Mon,116.960,116.730,117.220,116.560
2016/01/24,Sun,,,,
2016/01/23,Sat,,,,
2016/01/22,Fri,116.870,116.830,117.390,116.190
2016/01/21,Thu,116.410,116.780,117.040,115.290
2016/01/20,Wed,117.190,116.320,117.330,115.730
2016/01/19,Tue,116.720,117.140,117.590,116.530
2016/01/18,Mon,116.700,116.610,116.980,116.380
2016/01/17,Sun,,,,
2016/01/16,Sat,,,,
2016/01/15,Fri,117.440,116.700,117.690,116.550
2016/01/14,Thu,117.000,117.350,117.630,116.520
2016/01/13,Wed,117.400,116.880,117.820,116.810
2016/01/12,Tue,117.530,117.290,117.910,117.130
2016/01/11,Mon,118.040,117.420,118.350,117.050
2016/01/10,Sun,,,,
2016/01/09,Sat,,,,
2016/01/08,Fri,118.460,117.960,118.880,117.870
2016/01/07,Thu,117.600,118.420,118.520,116.750
2016/01/06,Wed,118.050,117.520,118.230,117.110
2016/01/05,Tue,119.170,117.980,119.470,117.540
2016/01/04,Mon,120.120,119.100,120.430,118.510
2016/01/03,Sun,,,,
2016/01/02,Sat,,,,
2016/01/01,Fri,120.150,120.060,120.160,120.030
2015/12/31,Thu,121.900,120.020,122.050,119.810
2015/12/30,Wed,121.280,121.780,122.300,121.160
2015/12/29,Tue,121.840,121.270,122.080,121.080
2015/12/28,Mon,121.920,121.730,122.270,121.530
2015/12/27,Sun,,,,
2015/12/26,Sat,,,,
2015/12/25,Fri,122.080,121.850,122.530,121.470
2015/12/24,Thu,122.050,122.070,122.960,121.630
2015/12/23,Wed,122.640,121.960,123.030,121.540
2015/12/22,Tue,122.180,122.670,122.780,121.750
2015/12/21,Mon,122.120,122.130,122.560,121.740
2015/12/20,Sun,,,,
2015/12/19,Sat,,,,
2015/12/18,Fri,123.040,121.990,124.120,121.600
2015/12/17,Thu,123.470,123.130,123.990,122.560
2015/12/16,Wed,122.740,123.410,123.990,122.560
2015/12/15,Tue,122.890,122.670,123.270,122.510
2015/12/14,Mon,122.980,122.740,123.350,122.440
2015/12/13,Sun,,,,
2015/12/12,Sat,,,,
2015/12/11,Fri,123.130,122.840,123.680,122.700
2015/12/10,Thu,123.590,123.110,123.910,122.640
2015/12/09,Wed,123.920,123.430,124.080,123.010
2015/12/08,Tue,123.380,123.900,124.070,123.020
2015/12/07,Mon,123.610,123.280,123.710,122.850
2015/12/06,Sun,,,,
2015/12/05,Sat,,,,
2015/12/04,Fri,123.410,123.480,123.740,122.620
2015/12/03,Thu,120.970,123.340,123.870,120.370
2015/12/02,Wed,119.770,120.990,121.130,119.570
2015/12/01,Tue,119.670,119.740,119.910,119.230
2015/11/30,Mon,119.240,119.630,120.100,118.960
2015/11/29,Sun,,,,
2015/11/28,Sat,,,,
2015/11/27,Fri,119.780,119.090,120.050,118.650
2015/11/26,Thu,120.090,119.730,120.240,119.490
2015/11/25,Wed,120.510,120.120,120.700,119.760
2015/11/24,Tue,120.620,120.470,120.820,120.210
2015/11/23,Mon,120.700,120.570,121.040,120.390
2015/11/22,Sun,,,,
2015/11/21,Sat,,,,
2015/11/20,Fri,121.300,120.570,121.520,120.350
2015/11/19,Thu,121.230,121.230,121.660,120.670
2015/11/18,Wed,121.720,121.170,121.850,120.860
2015/11/17,Tue,121.990,121.620,122.420,121.340
2015/11/16,Mon,121.630,122.020,122.510,121.120
2015/11/15,Sun,,,,
2015/11/14,Sat,,,,
2015/11/13,Fri,122.660,121.740,122.800,121.640
2015/11/12,Thu,122.250,122.500,122.850,121.880
2015/11/11,Wed,122.400,122.150,122.700,122.100
2015/11/10,Tue,122.820,122.400,123.110,122.110
2015/11/09,Mon,122.440,122.670,123.430,122.420
2015/11/08,Sun,,,,
2015/11/07,Sat,,,,
2015/11/06,Fri,122.310,122.230,122.780,121.580
2015/11/05,Thu,122.430,122.270,122.590,121.810
2015/11/04,Wed,122.230,122.310,122.660,121.880
2015/11/03,Tue,122.370,122.040,122.570,121.910
2015/11/02,Mon,122.140,122.320,122.680,121.800
2015/11/01,Sun,,,,
2015/10/31,Sat,,,,
2015/10/30,Fri,122.430,122.010,122.740,121.600
2015/10/29,Thu,121.790,122.410,122.490,121.140
2015/10/28,Wed,122.180,121.820,122.710,121.500
2015/10/27,Tue,123.120,122.150,123.260,121.840
2015/10/26,Mon,124.110,123.080,124.250,122.890
2015/10/25,Sun,,,,
2015/10/24,Sat,,,,
2015/10/23,Fri,124.080,124.070,124.290,123.420
2015/10/22,Thu,124.990,124.010,125.200,123.570
2015/10/21,Wed,125.350,124.900,125.870,124.840
2015/10/20,Tue,124.900,125.220,126.000,124.780
2015/10/19,Mon,125.290,124.850,125.410,124.660
2015/10/18,Sun,,,,
2015/10/17,Sat,,,,
2015/10/16,Fri,125.030,125.230,125.680,124.590
2015/10/15,Thu,125.120,124.970,125.550,124.130
2015/10/14,Wed,125.000,125.020,125.390,124.690
2015/10/13,Tue,124.670,124.930,125.260,124.260
2015/10/12,Mon,125.030,124.730,125.290,124.520
2015/10/11,Sun,,,,
2015/10/10,Sat,,,,
2015/10/09,Fri,124.210,125.070,125.470,123.840
2015/10/08,Thu,123.330,124.090,124.430,123.060
2015/10/07,Wed,124.340,123.170,124.490,123.070
2015/10/06,Tue,123.550,124.320,124.460,123.120
2015/10/05,Mon,123.500,123.500,124.110,123.140
2015/10/04,Sun,,,,
2015/10/03,Sat,,,,
2015/10/02,Fri,122.750,123.450,123.710,122.350
2015/10/01,Thu,123.190,122.670,123.360,122.240
2015/09/30,Wed,123.250,123.080,123.710,122.450
2015/09/29,Tue,123.170,123.210,123.660,122.780
2015/09/28,Mon,123.230,123.060,123.300,122.340
2015/09/27,Sun,,,,
2015/09/26,Sat,,,,
2015/09/25,Fri,123.140,123.190,124.020,122.530
2015/09/24,Thu,122.790,123.110,123.420,122.350
2015/09/23,Wed,123.220,122.750,123.720,122.590
2015/09/22,Tue,124.070,123.130,124.150,122.850
2015/09/21,Mon,123.900,123.930,124.650,123.580
2015/09/20,Sun,,,,
2015/09/19,Sat,,,,
2015/09/18,Fri,125.020,123.880,125.340,123.600
2015/09/17,Thu,124.120,124.890,125.430,124.040
2015/09/16,Wed,123.670,124.110,124.880,123.370
2015/09/15,Tue,124.240,123.690,124.670,123.120
2015/09/14,Mon,124.230,124.030,124.730,123.520
2015/09/13,Sun,,,,
2015/09/12,Sat,,,,
2015/09/11,Fri,123.920,124.390,124.600,123.160
2015/09/10,Thu,123.570,123.820,124.330,122.970
2015/09/09,Wed,122.440,123.580,124.170,122.310
2015/09/08,Tue,122.380,122.400,123.360,122.080
2015/09/07,Mon,122.400,122.270,123.010,122.160
2015/09/06,Sun,,,,
2015/09/05,Sat,,,,
2015/09/04,Fri,123.370,122.370,123.540,121.900
2015/09/03,Thu,124.230,123.290,124.540,122.710
2015/09/02,Wed,124.570,124.190,125.340,123.710
2015/09/01,Tue,125.360,124.440,125.820,124.290
2015/08/31,Mon,126.420,125.330,126.450,125.170
2015/08/30,Sun,,,,
2015/08/29,Sat,,,,
2015/08/28,Fri,125.270,126.440,126.570,125.140
2015/08/27,Thu,125.670,125.260,126.560,124.920
2015/08/26,Wed,126.510,125.630,127.090,125.260
2015/08/25,Tue,127.270,126.510,128.450,126.160
2015/08/24,Mon,128.760,127.210,129.140,125.260
2015/08/23,Sun,,,,
2015/08/22,Sat,,,,
2015/08/21,Fri,128.760,128.870,129.070,128.130
2015/08/20,Thu,128.200,128.700,128.920,128.020
2015/08/19,Wed,127.300,128.230,128.420,127.050
2015/08/18,Tue,127.070,127.200,127.550,126.920
2015/08/17,Mon,127.300,127.010,127.720,126.930
2015/08/16,Sun,,,,
2015/08/15,Sat,,,,
2015/08/14,Fri,127.430,127.360,127.680,126.940
2015/08/13,Thu,127.330,127.310,127.740,127.030
2015/08/12,Wed,126.670,127.230,128.000,126.190
2015/08/11,Tue,126.700,126.630,127.440,126.290
2015/08/10,Mon,126.200,126.640,127.100,125.970
2015/08/09,Sun,,,,
2015/08/08,Sat,,,,
2015/08/07,Fri,127.100,126.190,127.420,126.070
2015/08/06,Thu,127.570,127.090,127.720,126.760
2015/08/05,Wed,127.130,127.470,127.630,126.680
2015/08/04,Tue,127.950,127.010,128.320,126.940
2015/08/03,Mon,128.390,127.920,128.620,127.700
2015/08/02,Sun,,,,
2015/08/01,Sat,,,,
2015/07/31,Fri,128.030,128.220,129.460,127.920
2015/07/30,Thu,128.030,128.010,128.430,127.760
2015/07/29,Wed,128.380,127.950,128.860,127.850
2015/07/28,Tue,128.020,128.340,128.600,127.830
2015/07/27,Mon,128.480,127.890,129.390,127.820
2015/07/26,Sun,,,,
2015/07/25,Sat,,,,
2015/07/24,Fri,129.090,128.430,129.350,128.320
2015/07/23,Thu,129.190,129.040,129.940,128.900
2015/07/22,Wed,129.240,129.160,129.450,128.580
2015/07/21,Tue,128.820,129.140,129.760,128.760
2015/07/20,Mon,129.040,128.690,129.360,128.750
2015/07/19,Sun,,,,
2015/07/18,Sat,,,,
2015/07/17,Fri,129.700,129.060,129.850,128.830
2015/07/16,Thu,130.000,129.570,130.310,129.390
2015/07/15,Wed,130.570,129.950,130.820,129.760
2015/07/14,Tue,129.880,130.450,130.940,129.440
2015/07/13,Mon,129.930,129.830,131.380,129.710
2015/07/12,Sun,,,,
2015/07/11,Sat,,,,
2015/07/10,Fri,128.000,130.660,131.220,127.780
2015/07/09,Thu,127.670,127.970,128.920,127.400
2015/07/08,Wed,129.450,127.600,129.540,127.100
2015/07/07,Tue,130.020,129.340,130.240,128.420
2015/07/06,Mon,129.790,129.970,130.270,129.000
2015/07/05,Sun,,,,
2015/07/04,Sat,,,,
2015/07/03,Fri,130.430,130.530,130.930,130.030
2015/07/02,Thu,129.890,130.380,130.700,129.760
2015/07/01,Wed,130.950,129.840,131.430,129.760
2015/06/30,Tue,132.490,130.910,132.580,130.220
2015/06/29,Mon,131.540,132.450,132.550,129.660
2015/06/28,Sun,,,,
2015/06/27,Sat,,,,
2015/06/26,Fri,131.960,132.720,133.050,131.550
2015/06/25,Thu,132.650,131.910,132.760,131.260
2015/06/24,Wed,132.660,132.590,133.470,132.340
2015/06/23,Tue,133.880,132.630,134.030,132.150
2015/06/22,Mon,133.870,133.830,134.570,133.450
2015/06/21,Sun,,,,
2015/06/20,Sat,,,,
2015/06/19,Fri,133.470,133.630,133.870,132.760
2015/06/18,Thu,133.740,133.420,134.230,133.090
2015/06/17,Wed,132.330,133.720,134.720,132.250
2015/06/16,Tue,132.780,132.270,133.320,132.090
2015/06/15,Mon,132.790,132.710,133.040,131.450
2015/06/14,Sun,,,,
2015/06/13,Sat,,,,
2015/06/12,Fri,132.170,132.770,133.310,131.690
2015/06/11,Thu,131.620,132.170,132.550,131.580
2015/06/10,Wed,133.540,131.640,133.860,131.530
2015/06/09,Tue,134.240,133.490,134.670,133.160
2015/06/08,Mon,133.700,134.200,134.520,133.040
2015/06/07,Sun,,,,
2015/06/06,Sat,,,,
2015/06/05,Fri,133.220,133.660,134.310,132.320
2015/06/04,Thu,133.050,133.180,133.690,132.570
2015/06/03,Wed,133.000,133.030,133.310,132.190
2015/06/02,Tue,131.920,132.930,133.280,131.750
2015/06/01,Mon,132.010,131.870,132.140,130.890
2015/05/31,Sun,,,,
2015/05/30,Sat,,,,
2015/05/29,Fri,131.360,131.980,132.500,130.700
2015/05/28,Thu,130.260,131.320,131.520,130.130
2015/05/27,Wed,129.140,130.190,130.550,129.010
2015/05/26,Tue,128.640,129.060,130.010,128.470
2015/05/25,Mon,128.700,128.570,129.330,128.410
2015/05/24,Sun,,,,
2015/05/23,Sat,,,,
2015/05/22,Fri,129.200,128.670,130.070,128.450
2015/05/21,Thu,129.450,129.170,130.150,128.990
2015/05/20,Wed,128.820,129.420,129.740,128.610
2015/05/19,Tue,129.500,128.800,129.810,128.170
2015/05/18,Mon,130.250,129.460,130.620,129.490
2015/05/17,Sun,,,,
2015/05/16,Sat,,,,
2015/05/15,Fri,130.550,130.180,131.130,129.300
2015/05/14,Thu,129.980,130.480,131.340,129.870
2015/05/13,Wed,129.020,129.920,130.090,128.840
2015/05/12,Tue,128.540,128.950,130.320,128.330
2015/05/11,Mon,128.560,128.480,129.120,128.150
2015/05/10,Sun,,,,
2015/05/09,Sat,,,,
2015/05/08,Fri,129.910,128.670,130.450,128.410
2015/05/07,Thu,130.380,129.850,131.480,129.650
2015/05/06,Wed,129.400,130.330,130.910,129.220
2015/05/05,Tue,128.670,129.370,129.780,127.720
2015/05/04,Mon,128.860,128.610,129.070,128.000
2015/05/03,Sun,,,,
2015/05/02,Sat,,,,
2015/05/01,Fri,127.970,128.830,129.200,127.900
2015/04/30,Thu,126.710,127.950,128.300,125.820
2015/04/29,Wed,124.410,126.620,127.250,124.090
2015/04/28,Tue,124.680,124.360,125.070,123.910
2015/04/27,Mon,124.730,124.640,125.490,124.360
2015/04/26,Sun,,,,
2015/04/25,Sat,,,,
2015/04/24,Fri,125.250,124.680,125.610,124.480
2015/04/23,Thu,123.380,125.190,125.540,123.340
2015/04/22,Wed,125.230,123.350,125.740,123.380
2015/04/21,Tue,124.600,125.300,125.710,124.120
2015/04/20,Mon,124.820,124.570,125.250,123.990
2015/04/19,Sun,,,,
2015/04/18,Sat,,,,
2015/04/17,Fri,124.480,124.870,125.100,124.050
2015/04/16,Thu,123.540,124.450,124.690,122.740
2015/04/15,Wed,122.720,123.490,123.620,122.290
2015/04/14,Tue,122.850,122.660,123.210,122.190
2015/04/13,Mon,122.680,122.790,123.260,121.930
2015/04/12,Sun,,,,
2015/04/11,Sat,,,,
2015/04/10,Fri,123.350,122.740,123.630,122.370
2015/04/09,Thu,124.280,123.310,124.400,123.130
2015/04/08,Wed,124.430,124.230,124.800,124.030
2015/04/07,Tue,124.690,124.480,125.370,124.390
2015/04/06,Mon,124.960,124.640,125.330,124.480
2015/04/05,Sun,,,,
2015/04/04,Sat,,,,
2015/04/03,Fri,124.730,124.930,125.840,124.490
2015/04/02,Thu,123.870,124.690,125.200,123.620
2015/04/01,Wed,123.510,123.840,124.190,123.180
2015/03/31,Tue,124.140,123.490,124.420,123.020
2015/03/30,Mon,123.940,124.090,124.650,123.440
2015/03/29,Sun,,,,
2015/03/28,Sat,,,,
2015/03/27,Fri,123.770,123.880,124.630,123.130
2015/03/26,Thu,124.510,123.730,124.940,123.430
2015/03/25,Wed,124.970,124.460,125.140,124.230
2015/03/24,Tue,123.920,124.960,125.440,123.450
2015/03/23,Mon,122.940,123.910,124.210,122.290
2015/03/22,Sun,,,,
2015/03/21,Sat,,,,
2015/03/20,Fri,122.000,123.030,123.760,121.910
2015/03/19,Thu,122.770,121.960,122.990,120.920
2015/03/18,Wed,120.610,122.700,124.090,120.420
2015/03/17,Tue,120.400,120.580,121.210,120.240
2015/03/16,Mon,120.810,120.370,121.030,120.320
2015/03/15,Sun,,,,
2015/03/14,Sat,,,,
2015/03/13,Fri,121.000,120.780,121.120,120.070
2015/03/12,Thu,120.340,120.950,121.240,119.900
2015/03/11,Wed,121.190,120.290,121.710,120.100
2015/03/10,Tue,122.910,121.170,123.400,121.080
2015/03/09,Mon,122.510,122.870,123.280,122.290
2015/03/08,Sun,,,,
2015/03/07,Sat,,,,
2015/03/06,Fri,123.280,122.480,123.680,122.390
2015/03/05,Thu,124.270,123.250,124.720,123.210
2015/03/04,Wed,124.580,124.180,124.820,123.650
2015/03/03,Tue,125.390,124.510,125.610,124.370
2015/03/02,Mon,125.310,125.310,125.830,125.040
2015/03/01,Sun,,,,
2015/02/28,Sat,,,,
2015/02/27,Fri,125.310,125.330,126.330,124.970
2015/02/26,Thu,125.340,125.270,125.740,124.800
2015/02/25,Wed,125.180,125.270,125.600,124.770
2015/02/24,Tue,125.140,125.150,126.120,124.940
2015/02/23,Mon,126.760,125.080,126.930,124.750
2015/02/22,Sun,,,,
2015/02/21,Sat,,,,
2015/02/20,Fri,125.270,126.490,126.770,124.350
2015/02/19,Thu,126.070,125.250,126.570,125.190
2015/02/18,Wed,127.310,126.050,127.940,125.780
2015/02/17,Tue,127.100,127.270,127.940,126.560
2015/02/16,Mon,127.290,127.050,127.780,126.820
2015/02/15,Sun,,,,
2015/02/14,Sat,,,,
2015/02/13,Fri,127.920,127.300,128.330,127.120
2015/02/12,Thu,129.730,127.930,130.060,127.540
2015/02/11,Wed,128.930,129.710,130.120,128.680
2015/02/10,Tue,128.450,128.910,129.330,128.020
2015/02/09,Mon,128.510,128.420,129.040,127.770
2015/02/08,Sun,,,,
2015/02/07,Sat,,,,
2015/02/06,Fri,127.590,128.510,129.140,126.780
2015/02/05,Thu,126.610,127.530,127.660,126.090
2015/02/04,Wed,127.170,126.580,127.750,126.310
2015/02/03,Tue,126.680,127.120,127.740,125.880
2015/02/02,Mon,127.540,126.610,127.640,125.760
2015/02/01,Sun,,,,
2015/01/31,Sat,,,,
2015/01/30,Fri,128.040,127.430,128.430,126.540
2015/01/29,Thu,129.880,128.000,130.060,127.540
2015/01/28,Wed,130.540,129.740,131.190,129.330
2015/01/27,Tue,131.200,130.460,132.190,128.870
2015/01/26,Mon,133.730,131.100,134.780,130.950
2015/01/25,Sun,,,,
2015/01/24,Sat,,,,
2015/01/23,Fri,136.000,133.600,136.820,133.590
2015/01/22,Thu,137.140,135.900,138.040,135.030
2015/01/21,Wed,135.660,137.030,138.310,134.100
2015/01/20,Tue,133.670,135.560,136.410,133.560
2015/01/19,Mon,137.170,133.560,137.210,133.530
2015/01/18,Sun,,,,
2015/01/17,Sat,,,,
2015/01/16,Fri,135.370,137.110,138.970,132.380
2015/01/15,Thu,115.140,135.320,157.510,114.680
2015/01/14,Wed,115.620,115.160,115.700,114.050
2015/01/13,Tue,116.630,115.570,117.030,115.150
2015/01/12,Mon,116.870,116.570,117.340,116.350
2015/01/11,Sun,,,,
2015/01/10,Sat,,,,
2015/01/09,Fri,117.510,116.820,117.750,116.720
2015/01/08,Thu,117.570,117.470,118.010,117.150
2015/01/07,Wed,117.210,117.560,118.000,116.820
2015/01/06,Tue,118.800,117.180,118.840,117.160
2015/01/05,Mon,120.330,118.760,120.420,118.450
2015/01/04,Sun,,,,
2015/01/03,Sat,,,,
2015/01/02,Fri,120.520,120.310,120.910,119.940
2015/01/01,Thu,120.370,120.490,120.650,120.280
2014/12/31,Wed,120.810,120.350,121.070,120.340
2014/12/30,Tue,121.920,120.760,122.020,120.370
2014/12/29,Mon,121.880,121.880,122.410,121.770
2014/12/28,Sun,,,,
2014/12/27,Sat,,,,
2014/12/26,Fri,122.010,121.850,122.350,121.780
2014/12/25,Thu,122.220,121.970,122.620,121.880
2014/12/24,Wed,122.170,122.180,122.410,121.760
2014/12/23,Tue,121.400,122.110,122.380,121.250
2014/12/22,Mon,121.510,122.030,122.280,121.250
2014/12/21,Sun,,,,
2014/12/20,Sat,,,,
2014/12/19,Fri,121.260,121.460,121.900,121.200
2014/12/18,Thu,121.910,121.240,122.230,120.620
2014/12/17,Wed,121.260,121.890,122.240,121.010
2014/12/16,Tue,122.010,121.210,122.440,120.700
2014/12/15,Mon,123.470,121.960,123.570,121.770
2014/12/14,Sun,,,,
2014/12/13,Sat,,,,
2014/12/12,Fri,122.630,123.170,123.420,122.320
2014/12/11,Thu,121.890,122.520,123.320,121.680
2014/12/10,Wed,123.230,121.850,123.380,121.740
2014/12/09,Tue,123.620,123.210,123.850,122.130
2014/12/08,Mon,124.100,123.570,124.530,123.240
2014/12/07,Sun,,,,
2014/12/06,Sat,,,,
2014/12/05,Fri,123.310,124.050,124.370,123.250
2014/12/04,Thu,122.550,123.310,123.940,122.420
2014/12/03,Wed,122.610,122.510,122.880,122.190
2014/12/02,Tue,122.740,122.560,123.120,122.480
2014/12/01,Mon,122.920,122.710,123.170,122.280
2014/11/30,Sun,,,,
2014/11/29,Sat,,,,
2014/11/28,Fri,122.100,122.780,123.220,122.090
2014/11/27,Thu,122.490,122.050,122.530,121.790
2014/11/26,Wed,122.340,122.460,122.660,121.780
2014/11/25,Tue,122.380,122.360,122.580,121.620
2014/11/24,Mon,121.310,122.330,122.530,121.050
2014/11/23,Sun,,,,
2014/11/22,Sat,,,,
2014/11/21,Fri,123.330,121.510,123.510,121.200
2014/11/20,Thu,123.280,123.290,124.190,123.020
2014/11/19,Wed,121.980,123.220,123.510,121.830
2014/11/18,Tue,120.890,121.930,122.160,120.810
2014/11/17,Mon,121.350,120.860,121.990,120.510
2014/11/16,Sun,,,,
2014/11/15,Sat,,,,
2014/11/14,Fri,120.170,121.190,121.450,120.040
2014/11/13,Thu,119.500,120.090,120.330,119.410
2014/11/12,Wed,120.060,119.460,120.270,119.190
2014/11/11,Tue,118.640,120.010,120.100,118.510
2014/11/10,Mon,118.530,118.610,118.810,118.120
2014/11/09,Sun,,,,
2014/11/08,Sat,,,,
2014/11/07,Fri,118.350,118.560,119.160,118.190
2014/11/06,Thu,118.910,118.340,119.790,118.090
2014/11/05,Wed,118.350,118.870,119.210,118.170
2014/11/04,Tue,118.070,118.310,118.430,117.530
2014/11/03,Mon,116.800,118.030,118.250,116.440
2014/11/02,Sun,,,,
2014/11/01,Sat,,,,
2014/10/31,Fri,114.240,116.590,116.800,114.180
2014/10/30,Thu,114.050,114.200,114.530,113.560
2014/10/29,Wed,114.180,114.010,114.470,113.810
2014/10/28,Tue,113.560,114.140,114.260,113.470
2014/10/27,Mon,113.600,113.530,113.960,113.260
2014/10/26,Sun,,,,
2014/10/25,Sat,,,,
2014/10/24,Fri,113.470,113.570,113.690,113.150
2014/10/23,Thu,112.320,113.430,113.550,112.090
2014/10/22,Wed,112.720,112.280,112.900,112.280
2014/10/21,Tue,113.450,112.680,113.510,112.450
2014/10/20,Mon,113.030,113.430,113.540,112.950
2014/10/19,Sun,,,,
2014/10/18,Sat,,,,
2014/10/17,Fri,112.810,112.910,113.260,112.410
2014/10/16,Thu,112.680,112.790,112.890,111.220
2014/10/15,Wed,112.270,112.620,112.760,112.000
2014/10/14,Tue,112.730,112.240,113.000,111.800
2014/10/13,Mon,112.380,112.670,112.870,112.100
2014/10/12,Sun,,,,
2014/10/11,Sat,,,,
2014/10/10,Fri,112.990,112.390,113.200,112.330
2014/10/09,Thu,113.540,112.960,113.780,112.810
2014/10/08,Wed,112.910,113.530,113.780,112.690
2014/10/07,Tue,113.500,112.870,113.640,112.590
2014/10/06,Mon,113.420,113.470,113.630,113.070
2014/10/05,Sun,,,,
2014/10/04,Sat,,,,
2014/10/03,Fri,113.650,113.380,114.230,113.310
2014/10/02,Thu,113.920,113.610,114.140,113.290
2014/10/01,Wed,114.810,113.870,115.100,113.840
2014/09/30,Tue,115.090,114.760,115.140,114.330
2014/09/29,Mon,114.740,115.040,115.290,114.740
2014/09/28,Sun,,,,
2014/09/27,Sat,,,,
2014/09/26,Fri,114.900,114.800,115.240,114.650
2014/09/25,Thu,115.320,114.870,115.620,114.670
2014/09/24,Wed,115.850,115.270,115.920,115.090
2014/09/23,Tue,115.810,115.820,116.200,115.300
2014/09/22,Mon,115.890,115.790,116.200,115.630
2014/09/21,Sun,,,,
2014/09/20,Sat,,,,
2014/09/19,Fri,116.370,115.830,117.060,115.710
2014/09/18,Thu,115.170,116.370,116.490,114.950
2014/09/17,Wed,114.860,115.120,115.290,114.710
2014/09/16,Tue,114.600,114.840,114.990,114.450
2014/09/15,Mon,114.890,114.560,115.110,114.420
2014/09/14,Sun,,,,
2014/09/13,Sat,,,,
2014/09/12,Fri,114.440,114.930,115.080,114.290
2014/09/11,Thu,114.060,114.420,114.510,113.820
2014/09/10,Wed,113.820,114.010,114.410,113.630
2014/09/09,Tue,113.340,113.780,113.970,113.230
2014/09/08,Mon,112.850,113.310,113.560,112.570
2014/09/07,Sun,,,,
2014/09/06,Sat,,,,
2014/09/05,Fri,112.980,112.820,113.280,112.550
2014/09/04,Thu,114.180,112.940,114.360,112.770
2014/09/03,Wed,114.350,114.160,114.570,114.050
2014/09/02,Tue,113.500,114.310,114.440,113.400
2014/09/01,Mon,113.450,113.470,113.600,113.240
2014/08/31,Sun,,,,
2014/08/30,Sat,,,,
2014/08/29,Fri,113.320,113.280,113.790,113.220
2014/08/28,Thu,113.570,113.280,113.720,113.150
2014/08/27,Wed,113.450,113.520,113.760,113.240
2014/08/26,Tue,113.680,113.380,113.720,113.380
2014/08/25,Mon,114.240,113.620,114.280,113.400
2014/08/24,Sun,,,,
2014/08/23,Sat,,,,
2014/08/22,Fri,113.910,113.670,114.040,113.520
2014/08/21,Thu,113.620,113.880,114.000,113.460
2014/08/20,Wed,113.190,113.560,113.690,113.120
2014/08/19,Tue,113.140,113.140,113.370,112.960
2014/08/18,Mon,113.430,113.310,113.440,113.390
2014/08/17,Sun,,,,
2014/08/16,Sat,,,,
2014/08/15,Fri,113.000,113.380,113.670,112.960
2014/08/14,Thu,112.880,112.960,113.340,112.810
2014/08/13,Wed,112.660,112.840,113.120,112.580
2014/08/12,Tue,112.740,112.630,112.830,112.340
2014/08/11,Mon,112.740,112.690,112.890,112.560
2014/08/10,Sun,,,,
2014/08/09,Sat,,,,
2014/08/08,Fri,112.340,112.700,112.820,111.860
2014/08/07,Thu,112.540,112.260,112.920,112.210
2014/08/06,Wed,112.860,112.500,112.890,112.100
2014/08/05,Tue,113.130,112.840,113.280,112.690
2014/08/04,Mon,113.220,113.120,113.390,112.960
2014/08/03,Sun,,,,
2014/08/02,Sat,,,,
2014/08/01,Fri,113.130,113.240,113.730,113.060
2014/07/31,Thu,113.110,113.110,113.370,113.000
2014/07/30,Wed,112.600,113.070,113.250,112.490
2014/07/29,Tue,112.680,112.540,112.890,112.470
2014/07/28,Mon,112.470,112.640,112.930,112.410
2014/07/27,Sun,,,,
2014/07/26,Sat,,,,
2014/07/25,Fri,112.810,112.510,112.980,112.450
2014/07/24,Thu,112.470,112.780,112.910,112.260
2014/07/23,Wed,112.440,112.430,112.620,112.220
2014/07/22,Tue,112.910,112.410,113.100,112.380
2014/07/21,Mon,112.800,112.870,112.950,112.620
2014/07/20,Sun,,,,
2014/07/19,Sat,,,,
2014/07/18,Fri,112.760,112.700,113.250,112.600
2014/07/17,Thu,113.190,112.700,113.250,112.700
2014/07/16,Wed,113.540,113.160,113.630,113.100
2014/07/15,Tue,113.840,113.520,114.050,113.420
2014/07/14,Mon,113.590,113.800,114.060,113.490
2014/07/13,Sun,,,,
2014/07/12,Sat,,,,
2014/07/11,Fri,113.580,113.520,113.730,113.350
2014/07/10,Thu,114.080,113.550,114.150,113.230
2014/07/09,Wed,113.760,114.030,114.200,113.630
2014/07/08,Tue,113.980,113.710,114.090,113.620
2014/07/07,Mon,114.160,113.910,114.210,113.850
2014/07/06,Sun,,,,
2014/07/05,Sat,,,,
2014/07/04,Fri,114.400,114.150,114.460,113.950
2014/07/03,Thu,114.510,114.360,114.860,114.260
2014/07/02,Wed,114.370,114.460,114.590,114.100
2014/07/01,Tue,114.270,114.340,114.670,114.180
2014/06/30,Mon,113.830,114.220,114.310,113.580
2014/06/29,Sun,,,,
2014/06/28,Sat,,,,
2014/06/27,Fri,113.850,113.750,113.930,113.420
2014/06/26,Thu,114.120,113.820,114.120,113.380
2014/06/25,Wed,114.090,114.040,114.220,113.850
2014/06/24,Tue,114.010,114.100,114.270,113.760
2014/06/23,Mon,114.040,113.960,114.190,113.570
2014/06/22,Sun,,,,
2014/06/21,Sat,,,,
2014/06/20,Fri,114.030,113.970,114.180,113.790
2014/06/19,Thu,113.810,113.960,114.280,113.600
2014/06/18,Wed,113.580,113.760,114.040,113.540
2014/06/17,Tue,113.530,113.560,113.740,113.390
2014/06/16,Mon,113.330,113.460,113.610,113.040
2014/06/15,Sun,,,,
2014/06/14,Sat,,,,
2014/06/13,Fri,113.230,113.280,113.820,113.140
2014/06/12,Thu,113.440,113.190,113.590,113.130
2014/06/11,Wed,113.820,113.390,113.850,113.200
2014/06/10,Tue,114.300,113.810,114.360,113.580
2014/06/09,Mon,114.690,114.270,114.940,114.170
2014/06/08,Sun,,,,
2014/06/07,Sat,,,,
2014/06/06,Fri,114.900,114.630,114.970,114.470
2014/06/05,Thu,114.520,114.840,114.980,113.630
2014/06/04,Wed,114.360,114.480,114.760,114.270
2014/06/03,Tue,113.930,114.330,114.450,113.800
2014/06/02,Mon,113.710,113.890,114.060,113.500
2014/06/01,Sun,,,,
2014/05/31,Sat,,,,
2014/05/30,Fri,113.360,113.700,113.920,113.050
2014/05/29,Thu,113.370,113.360,113.480,113.000
2014/05/28,Wed,113.730,113.330,113.820,113.150
2014/05/27,Tue,113.950,113.680,114.120,113.610
2014/05/26,Mon,113.800,113.900,114.010,113.620
2014/05/25,Sun,,,,
2014/05/24,Sat,,,,
2014/05/23,Fri,113.760,113.760,113.940,113.420
2014/05/22,Thu,113.510,113.740,113.900,113.410
2014/05/21,Wed,113.560,113.440,113.720,113.050
2014/05/20,Tue,113.790,113.530,113.930,113.300
2014/05/19,Mon,113.760,113.730,114.010,113.320
2014/05/18,Sun,,,,
2014/05/17,Sat,,,,
2014/05/16,Fri,114.010,113.650,114.180,113.660
2014/05/15,Thu,114.530,113.950,114.680,113.740
2014/05/14,Wed,114.880,114.460,115.030,114.300
2014/05/13,Tue,115.040,114.850,115.490,114.730
2014/05/12,Mon,114.820,115.000,115.170,114.720
2014/05/11,Sun,,,,
2014/05/10,Sat,,,,
2014/05/09,Fri,115.490,114.860,115.600,114.670
2014/05/08,Thu,116.300,115.490,116.920,115.350
2014/05/07,Wed,116.300,116.240,116.520,115.980
2014/05/06,Tue,116.370,116.290,116.770,116.100
2014/05/05,Mon,116.420,116.330,116.640,116.050
2014/05/04,Sun,,,,
2014/05/03,Sat,,,,
2014/05/02,Fri,116.380,116.380,117.170,116.140
2014/05/01,Thu,116.160,116.330,116.510,116.040
2014/04/30,Wed,116.180,116.060,116.510,115.640
2014/04/29,Tue,116.450,116.130,116.840,115.920
2014/04/28,Mon,115.960,116.400,116.730,115.600
2014/04/27,Sun,,,,
2014/04/26,Sat,,,,
2014/04/25,Fri,116.090,115.840,116.250,115.640
2014/04/24,Thu,116.050,116.050,116.230,115.700
2014/04/23,Wed,115.950,116.060,116.350,115.750
2014/04/22,Tue,115.930,115.910,116.150,115.640
2014/04/21,Mon,116.000,115.890,116.310,115.830
2014/04/20,Sun,,,,
2014/04/19,Sat,,,,
2014/04/18,Fri,115.940,115.900,116.140,115.840
2014/04/17,Thu,115.920,115.910,116.400,115.710
2014/04/16,Wed,115.820,115.880,116.570,115.650
2014/04/15,Tue,115.770,115.770,115.860,115.330
2014/04/14,Mon,115.750,115.730,116.010,115.530
2014/04/13,Sun,,,,
2014/04/12,Sat,,,,
2014/04/11,Fri,115.830,115.910,116.310,115.630
2014/04/10,Thu,115.930,115.790,116.210,115.440
2014/04/09,Wed,115.300,115.890,116.020,115.180
2014/04/08,Tue,116.120,115.240,116.190,114.970
2014/04/07,Mon,115.740,116.080,116.360,115.470
2014/04/06,Sun,,,,
2014/04/05,Sat,,,,
2014/04/04,Fri,116.660,115.710,116.700,115.620
2014/04/03,Thu,117.160,116.610,117.510,116.330
2014/04/02,Wed,117.340,117.110,117.750,116.920
2014/04/01,Tue,116.660,117.310,117.470,116.550
2014/03/31,Mon,115.970,116.610,117.000,115.840
2014/03/30,Sun,,,,
2014/03/29,Sat,,,,
2014/03/28,Fri,115.270,115.910,116.180,114.710
2014/03/27,Thu,115.300,115.210,115.640,114.970
2014/03/26,Wed,115.880,115.270,115.980,115.180
2014/03/25,Tue,116.080,115.840,116.230,115.240
2014/03/24,Mon,115.760,116.050,116.380,115.420
2014/03/23,Sun,,,,
2014/03/22,Sat,,,,
2014/03/21,Fri,115.870,115.720,116.080,115.420
2014/03/20,Thu,116.200,115.810,116.340,115.490
2014/03/19,Wed,116.180,116.190,116.500,115.930
2014/03/18,Tue,116.540,116.130,116.750,115.680
2014/03/17,Mon,116.150,116.480,116.850,115.950
2014/03/16,Sun,,,,
2014/03/15,Sat,,,,
2014/03/14,Fri,116.460,116.100,116.650,115.750
2014/03/13,Thu,117.580,116.360,117.910,115.950
2014/03/12,Wed,117.290,117.540,117.630,116.950
2014/03/11,Tue,117.650,117.230,117.730,117.170
2014/03/10,Mon,117.280,117.600,117.880,117.240
2014/03/09,Sun,,,,
2014/03/08,Sat,,,,
2014/03/07,Fri,117.050,117.570,117.900,116.920
2014/03/06,Thu,115.330,117.020,117.150,115.270
2014/03/05,Wed,115.170,115.280,115.580,115.040
2014/03/04,Tue,114.870,115.140,115.430,114.780
2014/03/03,Mon,115.400,114.840,115.640,114.700
2014/03/02,Sun,,,,
2014/03/01,Sat,,,,
2014/02/28,Fri,114.970,115.630,116.100,114.280
2014/02/27,Thu,114.930,114.920,115.160,114.140
2014/02/26,Wed,115.310,114.900,115.450,114.470
2014/02/25,Tue,115.300,115.230,115.550,114.900
2014/02/24,Mon,115.540,115.290,115.730,115.060
2014/02/23,Sun,,,,
2014/02/22,Sat,,,,
2014/02/21,Fri,114.990,115.420,115.810,114.890
2014/02/20,Thu,115.140,114.920,115.240,114.180
2014/02/19,Wed,115.250,115.110,115.430,114.620
2014/02/18,Tue,114.320,115.220,115.500,114.140
2014/02/17,Mon,114.020,114.260,114.430,113.720
2014/02/16,Sun,,,,
2014/02/15,Sat,,,,
2014/02/14,Fri,114.350,113.950,114.600,113.840
2014/02/13,Thu,113.850,114.290,114.460,113.560
2014/02/12,Wed,114.260,113.820,114.360,113.240
2014/02/11,Tue,114.010,114.220,114.640,113.820
2014/02/10,Mon,113.940,113.950,114.250,113.690
2014/02/09,Sun,,,,
2014/02/08,Sat,,,,
2014/02/07,Fri,113.320,113.900,114.190,112.960
2014/02/06,Thu,112.280,113.270,113.500,111.880
2014/02/05,Wed,112.460,112.230,112.610,111.700
2014/02/04,Tue,112.100,112.460,112.510,111.680
2014/02/03,Mon,112.570,112.060,112.950,111.870
2014/02/02,Sun,,,,
2014/02/01,Sat,,,,
2014/01/31,Fri,113.790,112.520,114.040,112.530
2014/01/30,Thu,114.400,113.740,114.440,113.550
2014/01/29,Wed,114.760,114.320,115.050,113.780
2014/01/28,Tue,114.410,114.720,114.930,114.330
2014/01/27,Mon,114.350,114.380,114.860,113.730
2014/01/26,Sun,,,,
2014/01/25,Sat,,,,
2014/01/24,Fri,115.070,114.320,115.420,114.150
2014/01/23,Thu,114.680,115.030,115.660,114.300
2014/01/22,Wed,114.600,114.630,114.940,114.250
2014/01/21,Tue,114.470,114.580,114.890,114.200
2014/01/20,Mon,114.520,114.420,114.690,113.770
2014/01/19,Sun,,,,
2014/01/18,Sat,,,,
2014/01/17,Fri,115.320,114.530,115.410,114.350
2014/01/16,Thu,115.120,115.280,115.620,114.910
2014/01/15,Wed,115.470,115.080,115.570,114.760
2014/01/14,Tue,114.550,115.430,115.550,114.490
2014/01/13,Mon,115.410,114.540,115.490,113.950
2014/01/12,Sun,,,,
2014/01/11,Sat,,,,
2014/01/10,Fri,115.580,115.320,115.900,114.810
2014/01/09,Thu,115.110,115.520,115.710,114.840
2014/01/08,Wed,115.090,115.060,115.670,114.870
2014/01/07,Tue,115.270,115.050,115.530,114.910
2014/01/06,Mon,115.850,115.240,115.990,114.980
2014/01/05,Sun,,,,
2014/01/04,Sat,,,,
2014/01/03,Fri,116.560,115.720,116.650,115.360
2014/01/02,Thu,117.980,116.500,118.260,116.160
2014/01/01,Wed,117.970,117.940,118.190,117.870
2013/12/31,Tue,118.420,117.880,118.500,117.680
2013/12/30,Mon,117.920,118.390,118.590,117.900
2013/12/29,Sun,,,,
2013/12/28,Sat,,,,
2013/12/27,Fri,116.900,117.890,119.210,116.840
2013/12/26,Thu,116.540,116.840,117.090,116.500
2013/12/25,Wed,116.550,116.460,116.840,116.290
2013/12/24,Tue,116.460,116.500,116.760,116.230
2013/12/23,Mon,116.180,116.440,116.620,115.890
2013/12/22,Sun,,,,
2013/12/21,Sat,,,,
2013/12/20,Fri,116.080,116.070,116.570,115.950
2013/12/19,Thu,116.620,116.040,116.800,115.880
2013/12/18,Wed,116.030,116.600,116.810,115.640
2013/12/17,Tue,116.130,115.990,116.310,115.560
2013/12/16,Mon,115.990,116.070,116.460,115.510
2013/12/15,Sun,,,,
2013/12/14,Sat,,,,
2013/12/13,Fri,116.270,116.000,116.750,115.710
2013/12/12,Thu,115.540,116.230,116.310,115.460
2013/12/11,Wed,115.890,115.520,116.040,115.290
2013/12/10,Tue,115.960,115.810,116.230,115.650
2013/12/09,Mon,115.100,115.960,116.090,114.950
2013/12/08,Sun,,,,
2013/12/07,Sat,,,,
2013/12/06,Fri,113.510,115.330,115.440,113.360
2013/12/05,Thu,113.430,113.490,113.810,112.970
2013/12/04,Wed,113.360,113.390,113.760,112.900
2013/12/03,Tue,113.310,113.310,113.840,112.880
2013/12/02,Mon,113.050,113.280,113.600,112.830
2013/12/01,Sun,,,,
2013/11/30,Sat,,,,
2013/11/29,Fri,113.000,112.990,113.420,112.760
2013/11/28,Thu,112.560,112.950,113.080,112.200
2013/11/27,Wed,111.750,112.520,112.730,111.540
2013/11/26,Tue,111.510,111.700,111.840,111.230
2013/11/25,Mon,111.660,111.480,112.170,111.210
2013/11/24,Sun,,,,
2013/11/23,Sat,,,,
2013/11/22,Fri,110.810,111.670,111.750,110.400
2013/11/21,Thu,109.190,110.780,110.850,109.110
2013/11/20,Wed,109.930,109.130,110.300,108.860
2013/11/19,Tue,109.490,109.880,110.090,109.160
2013/11/18,Mon,109.470,109.440,109.880,109.280
2013/11/17,Sun,,,,
2013/11/16,Sat,,,,
2013/11/15,Fri,109.160,109.470,109.710,108.960
2013/11/14,Thu,108.610,109.110,109.330,108.470
2013/11/13,Wed,108.600,108.580,108.730,108.100
2013/11/12,Tue,107.850,108.570,108.850,107.760
2013/11/11,Mon,107.600,107.820,108.030,107.250
2013/11/10,Sun,,,,
2013/11/09,Sat,,,,
2013/11/08,Fri,107.120,107.450,107.640,106.780
2013/11/07,Thu,108.140,107.090,108.340,106.780
2013/11/06,Wed,107.820,108.100,108.530,107.670
2013/11/05,Tue,108.390,107.770,108.460,107.540
2013/11/04,Mon,108.200,108.350,108.520,107.960
2013/11/03,Sun,,,,
2013/11/02,Sat,,,,
2013/11/01,Fri,108.470,108.100,108.550,107.650
2013/10/31,Thu,109.560,108.450,109.630,108.260
2013/10/30,Wed,109.240,109.520,109.720,108.900
2013/10/29,Tue,109.050,109.200,109.440,108.600
2013/10/28,Mon,109.170,109.000,109.610,108.990
2013/10/27,Sun,,,,
2013/10/26,Sat,,,,
2013/10/25,Fri,109.040,109.070,109.220,108.590
2013/10/24,Thu,109.150,108.990,109.530,108.910
2013/10/23,Wed,109.680,109.100,109.740,108.540
2013/10/22,Tue,108.860,109.640,109.800,108.370
2013/10/21,Mon,108.350,108.820,108.990,108.280
2013/10/20,Sun,,,,
2013/10/19,Sat,,,,
2013/10/18,Fri,108.490,108.300,108.750,108.160
2013/10/17,Thu,108.120,108.450,108.650,107.880
2013/10/16,Wed,107.560,108.080,108.260,107.540
2013/10/15,Tue,108.290,107.510,108.430,107.410
2013/10/14,Mon,107.460,108.250,108.370,107.440
2013/10/13,Sun,,,,
2013/10/12,Sat,,,,
2013/10/11,Fri,107.620,108.010,108.500,107.550
2013/10/10,Thu,106.960,107.600,107.900,106.870
2013/10/09,Wed,107.170,106.920,107.580,106.630
2013/10/08,Tue,107.130,107.130,107.540,106.880
2013/10/07,Mon,107.420,107.060,107.550,107.050
2013/10/06,Sun,,,,
2013/10/05,Sat,,,,
2013/10/04,Fri,108.160,107.410,108.350,107.250
2013/10/03,Thu,107.850,108.080,108.610,107.760
2013/10/02,Wed,108.210,107.800,108.310,107.400
2013/10/01,Tue,108.540,108.130,108.960,107.950
2013/09/30,Mon,108.030,108.510,108.860,107.530
2013/09/29,Sun,,,,
2013/09/28,Sat,,,,
2013/09/27,Fri,108.760,108.380,109.080,108.260
2013/09/26,Thu,108.280,108.700,108.930,108.010
2013/09/25,Wed,108.170,108.230,108.700,107.900
2013/09/24,Tue,108.510,108.080,108.970,107.970
2013/09/23,Mon,108.940,108.460,109.310,108.230
2013/09/22,Sun,,,,
2013/09/21,Sat,,,,
2013/09/20,Fri,109.220,109.070,109.410,108.910
2013/09/19,Thu,107.390,109.180,109.430,107.260
2013/09/18,Wed,107.040,107.330,107.640,106.620
2013/09/17,Tue,106.830,107.010,107.270,106.740
2013/09/16,Mon,106.970,106.770,107.170,106.470
2013/09/15,Sun,,,,
2013/09/14,Sat,,,,
2013/09/13,Fri,106.970,106.820,107.160,106.350
2013/09/12,Thu,107.380,106.920,107.480,106.450
2013/09/11,Wed,107.390,107.310,107.600,107.090
2013/09/10,Tue,106.810,107.370,107.560,106.650
2013/09/09,Mon,106.430,106.770,107.080,105.950
2013/09/08,Sun,,,,
2013/09/07,Sat,,,,
2013/09/06,Fri,105.940,105.670,106.090,105.150
2013/09/05,Thu,106.660,105.940,106.710,105.840
2013/09/04,Wed,106.340,106.640,106.690,105.970
2013/09/03,Tue,106.320,106.290,106.660,106.020
2013/09/02,Mon,105.540,106.280,106.750,105.400
2013/09/01,Sun,,,,
2013/08/31,Sat,,,,
2013/08/30,Fri,105.650,105.530,105.760,105.180
2013/08/29,Thu,105.870,105.610,106.090,105.480
2013/08/28,Wed,105.730,105.860,106.210,105.560
2013/08/27,Tue,106.700,105.720,106.830,105.650
2013/08/26,Mon,106.540,106.680,107.330,106.540
2013/08/25,Sun,,,,
2013/08/24,Sat,,,,
2013/08/23,Fri,106.940,107.140,107.250,106.850
2013/08/22,Thu,105.880,106.910,107.040,105.770
2013/08/21,Wed,106.010,105.840,106.420,105.780
2013/08/20,Tue,105.590,105.950,106.250,104.970
2013/08/19,Mon,105.310,105.550,106.080,105.140
2013/08/18,Sun,,,,
2013/08/17,Sat,,,,
2013/08/16,Fri,105.140,105.240,105.590,104.830
2013/08/15,Thu,104.870,105.110,105.410,104.410
2013/08/14,Wed,105.260,104.850,105.420,104.660
2013/08/13,Tue,104.680,105.210,105.700,104.590
2013/08/12,Mon,104.260,104.610,104.750,104.040
2013/08/11,Sun,,,,
2013/08/10,Sat,,,,
2013/08/09,Fri,105.100,104.230,105.350,104.250
2013/08/08,Thu,104.520,105.010,105.170,104.240
2013/08/07,Wed,105.560,104.480,105.700,104.290
2013/08/06,Tue,106.000,105.530,106.220,105.420
2013/08/05,Mon,106.400,105.970,106.660,105.620
2013/08/04,Sun,,,,
2013/08/03,Sat,,,,
2013/08/02,Fri,106.240,106.420,107.090,106.000
2013/08/01,Thu,105.660,106.200,106.700,105.460
2013/07/31,Wed,105.440,105.620,106.400,105.050
2013/07/30,Tue,105.190,105.410,105.760,105.060
2013/07/29,Mon,105.810,105.150,105.930,104.950
2013/07/28,Sun,,,,
2013/07/27,Sat,,,,
2013/07/26,Fri,106.800,105.820,106.940,105.530
2013/07/25,Thu,106.950,106.740,107.140,106.290
2013/07/24,Wed,106.380,106.910,107.220,106.280
2013/07/23,Tue,106.440,106.300,106.650,105.920
2013/07/22,Mon,107.040,106.380,107.060,106.130
2013/07/21,Sun,,,,
2013/07/20,Sat,,,,
2013/07/19,Fri,106.310,106.900,106.990,106.040
2013/07/18,Thu,105.810,106.270,106.490,105.700
2013/07/17,Wed,105.530,105.790,106.380,105.310
2013/07/16,Tue,105.310,105.500,105.720,104.910
2013/07/15,Mon,105.000,105.260,105.540,104.650
2013/07/14,Sun,,,,
2013/07/13,Sat,,,,
2013/07/12,Fri,104.500,104.800,105.210,104.130
2013/07/11,Thu,103.980,104.440,104.970,103.770
2013/07/10,Wed,104.000,103.950,104.230,103.090
2013/07/09,Tue,104.780,103.960,105.080,103.530
2013/07/08,Mon,105.030,104.740,105.170,104.510
2013/07/07,Sun,,,,
2013/07/06,Sat,,,,
2013/07/05,Fri,104.580,104.990,105.130,104.100
2013/07/04,Thu,105.550,104.540,105.730,104.380
2013/07/03,Wed,105.870,105.510,106.100,104.520
2013/07/02,Tue,105.430,105.830,106.120,105.110
2013/07/01,Mon,105.100,105.420,105.520,104.810
2013/06/30,Sun,,,,
2013/06/29,Sat,,,,
2013/06/28,Fri,104.050,104.910,105.200,103.990
2013/06/27,Thu,103.640,104.020,104.270,103.520
2013/06/26,Wed,104.260,103.580,104.650,103.170
2013/06/25,Tue,104.740,104.220,105.030,103.860
2013/06/24,Mon,104.720,104.680,105.340,104.080
2013/06/23,Sun,,,,
2013/06/22,Sat,,,,
2013/06/21,Fri,104.930,104.720,105.650,104.070
2013/06/20,Thu,103.920,104.880,105.760,103.570
2013/06/19,Wed,103.580,103.870,104.330,103.080
2013/06/18,Tue,102.420,103.520,104.000,102.370
2013/06/17,Mon,102.170,102.370,103.120,101.930
2013/06/16,Sun,,,,
2013/06/15,Sat,,,,
2013/06/14,Fri,103.460,102.080,103.930,101.850
2013/06/13,Thu,104.310,103.420,104.370,101.790
2013/06/12,Wed,103.850,104.230,104.950,103.550
2013/06/11,Tue,105.820,103.790,106.090,103.420
2013/06/10,Mon,104.320,105.770,105.910,103.990
2013/06/09,Sun,,,,
2013/06/08,Sat,,,,
2013/06/07,Fri,104.380,104.180,104.830,102.610
2013/06/06,Thu,105.120,104.300,105.760,103.750
2013/06/05,Wed,105.620,105.100,105.900,104.930
2013/06/04,Tue,105.070,105.550,105.960,104.900
2013/06/03,Mon,105.220,105.050,105.480,103.940
2013/06/02,Sun,,,,
2013/06/01,Sat,,,,
2013/05/31,Fri,105.710,105.150,106.170,104.820
2013/05/30,Thu,105.150,105.630,106.010,104.730
2013/05/29,Wed,104.790,105.130,105.260,104.400
2013/05/28,Tue,104.810,104.770,105.600,104.600
2013/05/27,Mon,105.360,104.780,105.760,104.720
2013/05/26,Sun,,,,
2013/05/25,Sat,,,,
2013/05/24,Fri,105.320,105.290,105.810,104.600
2013/05/23,Thu,105.450,105.270,105.540,104.040
2013/05/22,Wed,105.660,105.390,106.280,105.030
2013/05/21,Tue,105.780,105.610,106.270,105.390
2013/05/20,Mon,105.790,105.750,106.170,105.330
2013/05/19,Sun,,,,
2013/05/18,Sat,,,,
2013/05/17,Fri,105.990,106.090,106.310,105.270
2013/05/16,Thu,105.950,105.950,106.490,105.440
2013/05/15,Wed,105.860,105.890,106.090,105.330
2013/05/14,Tue,106.390,105.790,106.710,105.770
2013/05/13,Mon,106.390,106.330,106.630,105.920
2013/05/12,Sun,,,,
2013/05/11,Sat,,,,
2013/05/10,Fri,106.090,106.130,106.620,105.720
2013/05/09,Thu,105.810,106.070,106.400,105.320
2013/05/08,Wed,105.290,105.770,105.920,104.870
2013/05/07,Tue,105.870,105.260,105.990,104.970
2013/05/06,Mon,105.850,105.840,106.180,105.650
2013/05/05,Sun,,,,
2013/05/04,Sat,,,,
2013/05/03,Fri,104.780,105.820,106.430,104.660
2013/05/02,Thu,105.020,104.750,106.030,104.430
2013/05/01,Wed,104.870,104.960,105.340,104.410
2013/04/30,Tue,104.390,104.810,105.020,103.850
2013/04/29,Mon,104.010,104.320,104.820,103.380
2013/04/28,Sun,,,,
2013/04/27,Sat,,,,
2013/04/26,Fri,105.030,104.010,105.220,103.640
2013/04/25,Thu,105.070,105.040,105.310,104.650
2013/04/24,Wed,105.200,105.040,105.560,104.490
2013/04/23,Tue,106.200,105.170,106.410,104.630
2013/04/22,Mon,106.850,106.160,107.240,105.680
2013/04/21,Sun,,,,
2013/04/20,Sat,,,,
2013/04/19,Fri,105.300,106.590,107.010,105.200
2013/04/18,Thu,105.280,105.230,105.960,104.600
2013/04/17,Wed,105.980,105.250,106.790,104.100
2013/04/16,Tue,103.640,105.750,106.090,103.590
2013/04/15,Mon,106.020,103.460,106.340,103.340
2013/04/14,Sun,,,,
2013/04/13,Sat,,,,
2013/04/12,Fri,107.160,105.990,107.250,105.740
2013/04/11,Thu,106.980,107.080,107.480,106.430
2013/04/10,Wed,106.330,106.870,107.150,106.070
2013/04/09,Tue,106.410,106.160,106.720,105.430
2013/04/08,Mon,105.300,106.280,106.370,105.030
2013/04/07,Sun,,,,
2013/04/06,Sat,,,,
2013/04/05,Fri,102.530,104.280,104.840,101.930
2013/04/04,Thu,98.470,102.420,102.570,98.130
2013/04/03,Wed,98.430,98.420,98.750,98.070
2013/04/02,Tue,98.410,98.410,98.760,97.930
2013/04/01,Mon,99.250,98.510,99.370,98.220
2013/03/31,Sun,,,,
2013/03/30,Sat,,,,
2013/03/29,Fri,99.160,99.190,99.350,98.860
2013/03/28,Thu,98.980,99.120,99.360,98.330
2013/03/27,Wed,99.640,98.990,99.980,98.530
2013/03/26,Tue,99.290,99.580,99.800,99.000
2013/03/25,Mon,100.370,99.220,101.360,98.570
2013/03/24,Sun,,,,
2013/03/23,Sat,,,,
2013/03/22,Fri,100.380,100.440,101.040,99.490
2013/03/21,Thu,101.660,100.250,101.730,99.920
2013/03/20,Wed,100.450,101.640,101.930,100.040
2013/03/19,Tue,100.680,100.380,101.270,99.920
2013/03/18,Mon,100.290,100.530,101.150,99.760
2013/03/17,Sun,,,,
2013/03/16,Sat,,,,
2013/03/15,Fri,101.490,101.420,102.320,101.250
2013/03/14,Thu,100.890,101.440,101.600,100.510
2013/03/13,Wed,101.370,100.860,101.510,100.720
2013/03/12,Tue,101.720,101.360,102.030,100.850
2013/03/11,Mon,100.870,101.630,101.720,100.770
2013/03/10,Sun,,,,
2013/03/09,Sat,,,,
2013/03/08,Fri,100.620,100.920,102.120,100.080
2013/03/07,Thu,99.210,100.590,100.860,98.900
2013/03/06,Wed,99.170,99.170,99.330,98.770
2013/03/05,Tue,99.320,99.100,99.450,98.740
2013/03/04,Mon,99.320,99.290,99.470,98.870
2013/03/03,Sun,,,,
2013/03/02,Sat,,,,
2013/03/01,Fri,98.870,99.090,99.440,98.190
2013/02/28,Thu,99.150,98.840,99.780,98.650
2013/02/27,Wed,98.660,99.130,99.360,97.960
2013/02/26,Tue,98.790,98.580,99.540,97.760
2013/02/25,Mon,101.760,98.090,101.860,97.430
2013/02/24,Sun,,,,
2013/02/23,Sat,,,,
2013/02/22,Fri,99.950,100.420,100.620,99.790
2013/02/21,Thu,100.990,99.910,101.220,99.500
2013/02/20,Wed,101.400,100.910,101.910,100.780
2013/02/19,Tue,101.780,101.350,101.820,101.060
2013/02/18,Mon,101.560,101.680,102.190,101.460
2013/02/17,Sun,,,,
2013/02/16,Sat,,,,
2013/02/15,Fri,100.740,101.460,101.680,99.970
2013/02/14,Thu,101.880,100.660,102.130,100.520
2013/02/13,Wed,101.920,101.840,102.300,101.130
2013/02/12,Tue,102.480,101.920,103.040,101.440
2013/02/11,Mon,100.900,102.220,102.360,100.640
2013/02/10,Sun,,,,
2013/02/09,Sat,,,,
2013/02/08,Fri,101.940,101.070,102.110,100.510
2013/02/07,Thu,102.800,101.770,103.520,101.320
2013/02/06,Wed,103.080,102.790,103.690,102.120
2013/02/05,Tue,101.630,102.980,103.080,101.150
2013/02/04,Mon,102.100,101.650,102.440,101.490
2013/02/03,Sun,,,,
2013/02/02,Sat,,,,
2013/02/01,Fri,100.550,102.230,102.680,100.520
2013/01/31,Thu,100.020,100.520,100.650,99.620
2013/01/30,Wed,98.490,99.920,100.180,98.350
2013/01/29,Tue,97.980,98.420,98.680,97.570
2013/01/28,Mon,98.130,97.970,98.420,97.560
2013/01/27,Sun,,,,
2013/01/26,Sat,,,,
2013/01/25,Fri,97.320,98.090,98.680,97.090
2013/01/24,Thu,95.400,97.310,97.520,95.030
2013/01/23,Wed,95.480,95.450,95.610,94.700
2013/01/22,Tue,96.150,95.480,96.500,94.970
2013/01/21,Mon,96.380,96.120,96.630,95.730
2013/01/20,Sun,,,,
2013/01/19,Sat,,,,
2013/01/18,Fri,96.400,96.390,96.700,95.670
2013/01/17,Thu,94.970,96.350,96.610,94.560
2013/01/16,Wed,95.320,94.940,95.410,94.350
2013/01/15,Tue,97.010,95.200,97.280,95.000
2013/01/14,Mon,97.840,96.970,98.250,96.870
2013/01/13,Sun,,,,
2013/01/12,Sat,,,,
2013/01/11,Fri,96.900,97.660,97.970,96.770
2013/01/10,Thu,94.950,96.820,97.030,94.890
2013/01/09,Wed,94.170,94.840,95.190,93.930
2013/01/08,Tue,95.290,94.270,95.370,94.000
2013/01/07,Mon,95.350,95.250,95.630,94.390
2013/01/06,Sun,,,,
2013/01/05,Sat,,,,
2013/01/04,Fri,94.100,95.360,95.540,94.070
2013/01/03,Thu,95.040,94.130,95.220,93.970
2013/01/02,Wed,94.670,95.000,96.060,94.510
2013/01/01,Tue,94.770,94.480,94.820,94.390
2012/12/31,Mon,93.980,94.750,94.870,93.830
2012/12/30,Sun,,,,
2012/12/29,Sat,,,,
2012/12/28,Fri,93.450,94.210,94.920,93.090
2012/12/27,Thu,93.740,94.190,94.600,93.570
2012/12/26,Wed,92.640,93.750,93.920,92.490
2012/12/25,Tue,92.720,92.540,92.800,92.340
2012/12/24,Mon,92.040,92.610,92.760,91.960
2012/12/23,Sun,,,,
2012/12/22,Sat,,,,
2012/12/21,Fri,92.570,91.930,92.630,91.600
2012/12/20,Thu,92.430,92.520,92.900,91.680
2012/12/19,Wed,92.210,92.440,93.090,92.140
2012/12/18,Tue,91.380,92.140,92.320,91.330
2012/12/17,Mon,91.950,91.370,92.070,91.000
2012/12/16,Sun,,,,
2012/12/15,Sat,,,,
2012/12/14,Fri,90.540,90.900,91.100,90.250
2012/12/13,Thu,89.870,90.490,90.630,89.700
2012/12/12,Wed,88.550,89.780,90.040,88.440
2012/12/11,Tue,88.260,88.490,88.600,87.920
2012/12/10,Mon,88.060,88.250,88.360,87.830
2012/12/09,Sun,,,,
2012/12/08,Sat,,,,
2012/12/07,Fri,88.350,88.210,88.600,87.790
2012/12/06,Thu,89.000,88.290,89.130,88.110
2012/12/05,Wed,88.350,88.950,89.070,88.250
2012/12/04,Tue,88.850,88.340,88.920,88.170
2012/12/03,Mon,88.750,88.790,89.190,88.570
2012/12/02,Sun,,,,
2012/12/01,Sat,,,,
2012/11/30,Fri,88.510,88.970,89.410,88.400
2012/11/29,Thu,88.250,88.460,88.730,88.170
2012/11/28,Wed,88.290,88.070,88.350,87.490
2012/11/27,Tue,88.410,88.200,88.810,88.070
2012/11/26,Mon,88.640,88.360,89.020,88.090
2012/11/25,Sun,,,,
2012/11/24,Sat,,,,
2012/11/23,Fri,88.140,88.730,88.890,87.730
2012/11/22,Thu,87.860,88.110,88.500,87.700
2012/11/21,Wed,86.900,87.860,87.950,86.380
2012/11/20,Tue,86.590,86.920,87.010,86.010
2012/11/19,Mon,86.160,86.540,86.630,85.830
2012/11/18,Sun,,,,
2012/11/17,Sat,,,,
2012/11/16,Fri,86.110,85.920,86.280,85.530
2012/11/15,Thu,84.880,86.090,86.430,84.700
2012/11/14,Wed,83.770,84.830,85.080,83.720
2012/11/13,Tue,83.790,83.720,84.060,83.240
2012/11/12,Mon,83.770,83.770,84.010,83.600
2012/11/11,Sun,,,,
2012/11/10,Sat,,,,
2012/11/09,Fri,84.040,83.800,84.390,83.260
2012/11/08,Thu,84.590,83.890,84.730,83.740
2012/11/07,Wed,85.240,84.550,85.640,84.350
2012/11/06,Tue,85.090,85.160,85.420,84.620
2012/11/05,Mon,85.450,85.060,85.680,84.880
2012/11/04,Sun,,,,
2012/11/03,Sat,,,,
2012/11/02,Fri,86.010,85.510,86.150,85.350
2012/11/01,Thu,85.640,86.010,86.210,85.510
2012/10/31,Wed,85.370,85.630,86.080,85.290
2012/10/30,Tue,85.210,85.350,85.580,84.550
2012/10/29,Mon,85.220,85.150,85.330,84.780
2012/10/28,Sun,,,,
2012/10/27,Sat,,,,
2012/10/26,Fri,85.980,85.120,86.030,84.900
2012/10/25,Thu,85.540,85.870,86.340,85.520
2012/10/24,Wed,85.630,85.510,85.800,85.100
2012/10/23,Tue,86.310,85.620,86.420,85.350
2012/10/22,Mon,85.430,86.260,86.380,85.290
2012/10/21,Sun,,,,
2012/10/20,Sat,,,,
2012/10/19,Fri,85.760,85.380,85.910,85.290
2012/10/18,Thu,85.610,85.690,86.160,85.440
2012/10/17,Wed,85.420,85.570,85.760,85.020
2012/10/16,Tue,84.320,85.240,85.340,84.280
2012/10/15,Mon,84.080,84.280,84.620,83.600
2012/10/14,Sun,,,,
2012/10/13,Sat,,,,
2012/10/12,Fri,83.850,83.960,84.270,83.710
2012/10/11,Thu,83.200,83.830,84.170,82.870
2012/10/10,Wed,83.220,83.160,83.570,82.940
2012/10/09,Tue,83.920,83.130,84.090,83.060
2012/10/08,Mon,84.580,83.880,84.650,83.510
2012/10/07,Sun,,,,
2012/10/06,Sat,,,,
2012/10/05,Fri,84.370,84.560,84.860,84.050
2012/10/04,Thu,83.640,84.320,84.410,83.590
2012/10/03,Wed,83.510,83.630,83.880,83.180
2012/10/02,Tue,83.120,83.420,83.640,83.070
2012/10/01,Mon,82.890,83.100,83.520,82.520
2012/09/30,Sun,,,,
2012/09/29,Sat,,,,
2012/09/28,Fri,82.830,82.850,83.250,82.590
2012/09/27,Thu,82.780,82.790,82.980,82.440
2012/09/26,Wed,83.000,82.700,83.080,82.480
2012/09/25,Tue,83.480,82.930,83.820,82.810
2012/09/24,Mon,83.760,83.170,83.820,82.900
2012/09/23,Sun,,,,
2012/09/22,Sat,,,,
2012/09/21,Fri,83.840,83.740,84.310,83.630
2012/09/20,Thu,84.470,83.800,84.680,83.480
2012/09/19,Wed,84.850,84.460,85.580,84.320
2012/09/18,Tue,84.890,84.820,85.120,84.470
2012/09/17,Mon,84.570,84.860,85.300,84.250
2012/09/16,Sun,,,,
2012/09/15,Sat,,,,
2012/09/14,Fri,82.850,84.520,84.700,82.820
2012/09/13,Thu,83.070,82.830,83.140,82.160
2012/09/12,Wed,82.820,83.000,83.290,82.730
2012/09/11,Tue,82.710,82.790,83.090,82.420
2012/09/10,Mon,82.900,82.670,83.000,82.540
2012/09/09,Sun,,,,
2012/09/08,Sat,,,,
2012/09/07,Fri,82.700,82.780,82.970,82.370
2012/09/06,Thu,82.050,82.650,82.860,81.920
2012/09/05,Wed,82.070,82.020,82.300,81.570
2012/09/04,Tue,82.060,82.020,82.470,81.900
2012/09/03,Mon,82.070,82.060,82.220,81.770
2012/09/02,Sun,,,,
2012/09/01,Sat,,,,
2012/08/31,Fri,81.870,82.040,82.500,81.570
2012/08/30,Thu,82.120,81.880,82.300,81.610
2012/08/29,Wed,82.060,82.110,82.330,81.470
2012/08/28,Tue,81.950,82.110,82.320,81.470
2012/08/27,Mon,81.960,81.910,82.230,81.830
2012/08/26,Sun,,,,
2012/08/25,Sat,,,,
2012/08/24,Fri,82.210,81.880,82.320,81.560
2012/08/23,Thu,81.990,82.090,82.310,81.810
2012/08/22,Wed,82.000,81.920,82.610,81.530
2012/08/21,Tue,81.690,82.280,82.610,81.530
2012/08/20,Mon,81.770,81.610,81.910,81.350
2012/08/19,Sun,,,,
2012/08/18,Sat,,,,
2012/08/17,Fri,81.590,81.640,81.980,81.350
2012/08/16,Thu,80.760,81.610,81.790,80.740
2012/08/15,Wed,80.770,80.760,81.160,80.350
2012/08/14,Tue,80.410,80.760,81.180,80.360
2012/08/13,Mon,80.090,80.360,80.740,79.870
2012/08/12,Sun,,,,
2012/08/11,Sat,,,,
2012/08/10,Fri,80.510,80.050,80.590,79.680
2012/08/09,Thu,80.720,80.460,81.010,80.180
2012/08/08,Wed,81.130,80.700,81.180,80.380
2012/08/07,Tue,80.720,81.070,81.440,80.570
2012/08/06,Mon,81.130,80.700,81.430,80.470
2012/08/05,Sun,,,,
2012/08/04,Sat,,,,
2012/08/03,Fri,79.380,80.810,81.100,79.080
2012/08/02,Thu,79.840,79.330,80.660,79.000
2012/08/01,Wed,79.960,79.790,80.330,79.660
2012/07/31,Tue,79.790,79.980,80.180,79.690
2012/07/30,Mon,80.380,79.790,80.510,79.530
2012/07/29,Sun,,,,
2012/07/28,Sat,,,,
2012/07/27,Fri,79.970,80.380,81.070,79.620
2012/07/26,Thu,79.070,79.940,80.310,78.810
2012/07/25,Wed,78.540,79.060,79.300,78.360
2012/07/24,Tue,79.000,78.530,79.150,78.340
2012/07/23,Mon,79.140,79.050,79.350,78.470
2012/07/22,Sun,,,,
2012/07/21,Sat,,,,
2012/07/20,Fri,80.350,79.370,80.550,79.370
2012/07/19,Thu,80.590,80.340,80.650,80.020
2012/07/18,Wed,80.890,80.540,81.050,80.290
2012/07/17,Tue,80.560,80.860,81.100,80.250
2012/07/16,Mon,80.900,80.530,80.940,80.050
2012/07/15,Sun,,,,
2012/07/14,Sat,,,,
2012/07/13,Fri,80.540,80.710,80.890,80.300
2012/07/12,Thu,81.270,80.540,81.530,80.270
2012/07/11,Wed,81.020,81.260,81.430,80.750
2012/07/10,Tue,81.590,80.980,81.670,80.930
2012/07/09,Mon,81.400,81.610,81.750,81.130
2012/07/08,Sun,,,,
2012/07/07,Sat,,,,
2012/07/06,Fri,82.450,81.460,82.530,81.270
2012/07/05,Thu,83.540,82.400,83.850,82.220
2012/07/04,Wed,83.780,83.220,83.850,83.050
2012/07/03,Tue,83.800,83.780,84.340,83.010
2012/07/02,Mon,84.310,83.260,84.340,83.010
2012/07/01,Sun,,,,
2012/06/30,Sat,,,,
2012/06/29,Fri,82.270,84.070,84.450,82.030
2012/06/28,Thu,82.740,82.270,82.870,81.850
2012/06/27,Wed,82.710,82.730,82.980,82.470
2012/06/26,Tue,82.870,82.630,83.210,82.200
2012/06/25,Mon,84.100,82.920,84.190,82.560
2012/06/24,Sun,,,,
2012/06/23,Sat,,,,
2012/06/22,Fri,83.820,84.140,84.330,83.560
2012/06/21,Thu,84.060,83.760,84.660,83.670
2012/06/20,Wed,83.450,84.030,84.460,83.100
2012/06/19,Tue,82.860,83.340,83.720,82.560
2012/06/18,Mon,83.610,82.840,83.980,82.520
2012/06/17,Sun,,,,
2012/06/16,Sat,,,,
2012/06/15,Fri,83.290,82.880,83.600,82.470
2012/06/14,Thu,83.100,83.460,83.550,82.820
2012/06/13,Wed,82.840,83.060,83.400,82.660
2012/06/12,Tue,82.410,82.880,83.110,82.160
2012/06/11,Mon,83.860,82.410,84.040,82.440
2012/06/10,Sun,,,,
2012/06/09,Sat,,,,
2012/06/08,Fri,83.350,82.770,83.520,82.050
2012/06/07,Thu,83.000,83.240,83.810,82.740
2012/06/06,Wed,81.630,82.920,83.080,81.500
2012/06/05,Tue,81.500,81.630,81.850,80.790
2012/06/04,Mon,80.810,81.500,81.630,80.550
2012/06/03,Sun,,,,
2012/06/02,Sat,,,,
2012/06/01,Fri,80.660,80.710,81.210,79.580
2012/05/31,Thu,81.430,80.590,81.650,80.330
2012/05/30,Wed,82.720,81.450,82.780,81.380
2012/05/29,Tue,82.930,82.700,83.190,82.350
2012/05/28,Mon,83.300,82.890,83.370,82.760
2012/05/27,Sun,,,,
2012/05/26,Sat,,,,
2012/05/25,Fri,83.070,82.990,83.480,82.800
2012/05/24,Thu,83.300,83.000,83.450,82.710
2012/05/23,Wed,84.450,83.240,84.520,82.840
2012/05/22,Tue,84.590,84.390,85.070,84.190
2012/05/21,Mon,84.290,84.570,84.700,83.940
2012/05/20,Sun,,,,
2012/05/19,Sat,,,,
2012/05/18,Fri,83.830,84.030,84.220,83.410
2012/05/17,Thu,85.050,83.770,85.290,83.700
2012/05/16,Wed,85.130,84.980,85.690,84.820
2012/05/15,Tue,85.250,84.950,85.690,84.940
2012/05/14,Mon,85.810,85.260,86.100,85.090
2012/05/13,Sun,,,,
2012/05/12,Sat,,,,
2012/05/11,Fri,86.000,85.910,86.290,85.700
2012/05/10,Thu,85.760,86.050,86.430,85.690
2012/05/09,Wed,86.470,85.730,86.550,85.530
2012/05/08,Tue,86.850,86.440,86.970,86.170
2012/05/07,Mon,86.510,86.790,86.980,85.930
2012/05/06,Sun,,,,
2012/05/05,Sat,,,,
2012/05/04,Fri,87.770,86.920,87.910,86.890
2012/05/03,Thu,87.710,87.760,88.350,87.540
2012/05/02,Wed,88.240,87.680,88.710,87.470
2012/05/01,Tue,87.990,88.170,88.420,87.820
2012/04/30,Mon,88.480,87.890,88.660,87.760
2012/04/29,Sun,,,,
2012/04/28,Sat,,,,
2012/04/27,Fri,88.980,88.490,89.470,88.330
2012/04/26,Thu,89.470,89.030,89.630,88.610
2012/04/25,Wed,89.300,89.350,89.660,89.110
2012/04/24,Tue,88.860,89.300,89.440,88.460
2012/04/23,Mon,89.570,88.800,89.760,88.430
2012/04/22,Sun,,,,
2012/04/21,Sat,,,,
2012/04/20,Fri,89.140,89.640,89.950,89.080
2012/04/19,Thu,88.690,89.170,89.350,88.580
2012/04/18,Wed,88.310,88.700,88.990,88.260
2012/04/17,Tue,87.820,88.270,88.500,87.550
2012/04/16,Mon,87.860,87.860,88.070,87.020
2012/04/15,Sun,,,,
2012/04/14,Sat,,,,
2012/04/13,Fri,88.680,87.970,89.150,87.900
2012/04/12,Thu,88.680,88.700,88.970,88.190
2012/04/11,Wed,87.850,88.090,88.840,87.740
2012/04/10,Tue,88.880,87.800,89.420,87.760
2012/04/09,Mon,88.910,88.880,89.270,88.280
2012/04/08,Sun,,,,
2012/04/07,Sat,,,,
2012/04/06,Fri,89.490,88.990,89.800,88.700
2012/04/05,Thu,89.950,89.440,90.120,88.900
2012/04/04,Wed,90.960,89.980,91.140,89.620
2012/04/03,Tue,90.750,91.020,91.280,90.320
2012/04/02,Mon,92.070,90.810,92.320,90.500
2012/04/01,Sun,,,,
2012/03/31,Sat,,,,
2012/03/30,Fri,90.920,91.730,91.890,90.430
2012/03/29,Thu,91.500,90.930,91.710,90.270
2012/03/28,Wed,91.900,91.510,92.030,91.110
2012/03/27,Tue,91.770,91.850,92.320,91.480
2012/03/26,Mon,90.740,91.730,91.850,90.540
2012/03/25,Sun,,,,
2012/03/24,Sat,,,,
2012/03/23,Fri,90.310,90.630,91.170,90.100
2012/03/22,Thu,91.350,90.300,91.660,89.960
2012/03/21,Wed,91.720,91.360,92.460,91.240
2012/03/20,Tue,91.440,91.710,91.920,91.370
2012/03/19,Mon,91.080,91.430,91.690,90.480
2012/03/18,Sun,,,,
2012/03/17,Sat,,,,
2012/03/16,Fri,90.440,91.080,91.210,90.240
2012/03/15,Thu,89.890,90.450,90.610,89.800
2012/03/14,Wed,89.710,89.880,90.380,89.600
2012/03/13,Tue,89.730,89.700,90.200,89.500
2012/03/12,Mon,89.600,89.750,89.860,89.100
2012/03/11,Sun,,,,
2012/03/10,Sat,,,,
2012/03/09,Fri,89.840,89.660,90.150,89.320
2012/03/08,Thu,88.440,89.820,90.000,88.380
2012/03/07,Wed,87.950,88.480,88.660,87.630
2012/03/06,Tue,89.210,88.030,89.490,87.610
2012/03/05,Mon,89.360,89.330,89.580,88.520
2012/03/04,Sun,,,,
2012/03/03,Sat,,,,
2012/03/02,Fri,89.470,89.440,89.960,89.120
2012/03/01,Thu,89.710,89.390,90.010,89.300
2012/02/29,Wed,89.880,89.710,90.230,89.490
2012/02/28,Tue,89.590,89.840,90.280,89.030
2012/02/27,Mon,90.790,89.520,91.250,88.970
2012/02/26,Sun,,,,
2012/02/25,Sat,,,,
2012/02/24,Fri,88.730,90.380,90.570,88.620
2012/02/23,Thu,88.090,88.680,88.790,88.000
2012/02/22,Wed,87.320,88.130,88.360,87.300
2012/02/21,Tue,87.320,87.350,87.820,87.040
2012/02/20,Mon,86.770,87.300,87.460,86.590
2012/02/19,Sun,,,,
2012/02/18,Sat,,,,
2012/02/17,Fri,85.820,86.490,86.640,85.670
2012/02/16,Thu,84.870,85.830,86.030,84.460
2012/02/15,Wed,85.200,84.850,85.730,84.650
2012/02/14,Tue,84.630,85.120,85.490,84.230
2012/02/13,Mon,84.670,84.660,85.380,84.590
2012/02/12,Sun,,,,
2012/02/11,Sat,,,,
2012/02/10,Fri,85.160,84.620,85.340,84.410
2012/02/09,Thu,84.380,85.160,85.320,84.170
2012/02/08,Wed,84.150,84.350,84.660,84.000
2012/02/07,Tue,83.270,84.170,84.370,83.180
2012/02/06,Mon,83.230,83.290,83.450,82.710
2012/02/05,Sun,,,,
2012/02/04,Sat,,,,
2012/02/03,Fri,83.120,83.300,83.750,82.890
2012/02/02,Thu,83.240,83.110,83.420,82.650
2012/02/01,Wed,82.790,83.220,83.580,82.370
2012/01/31,Tue,83.120,82.760,83.760,82.680
2012/01/30,Mon,84.010,83.090,84.140,82.960
2012/01/29,Sun,,,,
2012/01/28,Sat,,,,
2012/01/27,Fri,84.100,84.060,84.220,83.360
2012/01/26,Thu,84.360,84.090,84.730,84.050
2012/01/25,Wed,83.690,84.320,84.440,83.580
2012/01/24,Tue,83.050,83.650,83.860,82.830
2012/01/23,Mon,82.000,83.030,83.260,82.010
2012/01/22,Sun,,,,
2012/01/21,Sat,,,,
2012/01/20,Fri,82.700,82.310,83.050,82.240
2012/01/19,Thu,81.690,82.700,82.820,81.520
2012/01/18,Wed,80.900,81.700,81.850,80.750
2012/01/17,Tue,80.460,80.890,81.300,80.200
2012/01/16,Mon,80.700,80.400,80.800,80.260
2012/01/15,Sun,,,,
2012/01/14,Sat,,,,
2012/01/13,Fri,81.310,80.670,81.560,80.400
2012/01/12,Thu,80.570,81.290,81.570,80.530
2012/01/11,Wed,80.900,80.540,81.150,80.410
2012/01/10,Tue,80.920,80.920,81.210,80.790
2012/01/09,Mon,80.240,80.890,81.000,80.030
2012/01/08,Sun,,,,
2012/01/07,Sat,,,,
2012/01/06,Fri,80.950,80.570,81.170,80.480
2012/01/05,Thu,81.430,80.950,81.570,80.760
2012/01/04,Wed,82.260,81.420,82.430,81.270
2012/01/03,Tue,81.790,82.260,82.410,81.710
2012/01/02,Mon,81.940,81.740,82.240,81.600
2012/01/01,Sun,,,,
2011/12/31,Sat,,,,
2011/12/30,Fri,82.530,81.990,82.700,81.910
2011/12/29,Thu,82.630,82.540,82.810,82.120
2011/12/28,Wed,83.300,82.630,83.430,82.560
2011/12/27,Tue,83.310,83.320,83.490,83.140
2011/12/26,Mon,83.290,83.270,83.490,83.100
2011/12/25,Sun,,,,
2011/12/24,Sat,,,,
2011/12/23,Fri,83.500,83.290,83.680,83.170
2011/12/22,Thu,83.400,83.430,83.860,83.160
2011/12/21,Wed,83.550,83.430,84.080,83.020
2011/12/20,Tue,83.200,83.530,84.010,83.030
2011/12/19,Mon,83.000,83.220,83.390,82.960
2011/12/18,Sun,,,,
2011/12/17,Sat,,,,
2011/12/16,Fri,82.820,83.030,83.220,82.730
2011/12/15,Thu,81.840,82.770,83.020,81.720
2011/12/14,Wed,82.400,81.840,82.690,81.810
2011/12/13,Tue,83.130,82.430,83.320,82.250
2011/12/12,Mon,83.880,83.110,84.000,82.960
2011/12/11,Sun,,,,
2011/12/10,Sat,,,,
2011/12/09,Fri,83.820,83.840,84.670,83.600
2011/12/08,Thu,84.070,83.880,84.230,83.350
2011/12/07,Wed,83.890,84.060,84.220,83.650
2011/12/06,Tue,84.430,83.850,84.610,83.620
2011/12/05,Mon,84.740,84.460,84.980,84.320
2011/12/04,Sun,,,,
2011/12/03,Sat,,,,
2011/12/02,Fri,84.840,84.680,85.630,84.310
2011/12/01,Thu,84.930,84.840,85.670,84.480
2011/11/30,Wed,84.490,84.850,85.570,84.260
2011/11/29,Tue,84.490,84.610,84.990,84.180
2011/11/28,Mon,83.560,84.510,84.930,83.400
2011/11/27,Sun,,,,
2011/11/26,Sat,,,,
2011/11/25,Fri,83.780,83.460,84.160,83.180
2011/11/24,Thu,84.010,83.830,84.200,83.660
2011/11/23,Wed,84.140,84.010,84.390,83.850
2011/11/22,Tue,83.850,84.190,84.450,83.760
2011/11/21,Mon,83.720,83.870,84.250,83.390
2011/11/20,Sun,,,,
2011/11/19,Sat,,,,
2011/11/18,Fri,83.440,83.830,84.350,83.430
2011/11/17,Thu,83.780,83.460,84.110,83.310
2011/11/16,Wed,84.140,83.700,84.300,83.420
2011/11/15,Tue,84.880,84.130,85.080,83.740
2011/11/14,Mon,85.840,84.940,86.070,84.730
2011/11/13,Sun,,,,
2011/11/12,Sat,,,,
2011/11/11,Fri,85.640,85.570,86.190,85.180
2011/11/10,Thu,85.520,85.670,86.120,84.950
2011/11/09,Wed,86.760,85.550,87.010,85.400
2011/11/08,Tue,86.620,86.800,87.220,85.940
2011/11/07,Mon,88.060,86.610,88.160,86.410
2011/11/06,Sun,,,,
2011/11/05,Sat,,,,
2011/11/04,Fri,88.790,88.400,89.040,87.770
2011/11/03,Thu,88.290,88.790,89.080,87.700
2011/11/02,Wed,88.300,88.220,88.740,87.980
2011/11/01,Tue,89.080,88.260,89.900,87.310
2011/10/31,Mon,87.780,89.090,91.380,87.660
2011/10/30,Sun,,,,
2011/10/29,Sat,,,,
2011/10/28,Fri,88.310,87.780,88.410,87.530
2011/10/27,Thu,86.390,88.260,88.580,86.310
2011/10/26,Wed,86.620,86.420,86.940,85.680
2011/10/25,Tue,86.360,86.590,86.850,85.880
2011/10/24,Mon,86.200,86.340,86.710,85.680
2011/10/23,Sun,,,,
2011/10/22,Sat,,,,
2011/10/21,Fri,85.820,86.340,86.760,85.520
2011/10/20,Thu,85.060,85.850,86.230,84.440
2011/10/19,Wed,85.390,85.020,85.730,84.870
2011/10/18,Tue,85.400,85.370,85.920,84.830
2011/10/17,Mon,86.430,85.430,87.210,85.290
2011/10/16,Sun,,,,
2011/10/15,Sat,,,,
2011/10/14,Fri,85.560,86.570,86.790,85.370
2011/10/13,Thu,86.240,85.550,86.390,84.950
2011/10/12,Wed,84.380,86.240,86.820,84.110
2011/10/11,Tue,84.790,84.350,84.980,83.970
2011/10/10,Mon,82.880,84.760,85.160,82.800
2011/10/09,Sun,,,,
2011/10/08,Sat,,,,
2011/10/07,Fri,83.230,82.720,83.940,82.600
2011/10/06,Thu,83.130,83.240,83.510,82.400
2011/10/05,Wed,83.760,83.100,83.830,82.930
2011/10/04,Tue,83.110,83.890,84.040,82.840
2011/10/03,Mon,84.720,83.060,85.060,83.030
2011/10/02,Sun,,,,
2011/10/01,Sat,,,,
2011/09/30,Fri,85.540,84.820,85.660,84.760
2011/09/29,Thu,84.920,85.540,86.090,84.710
2011/09/28,Wed,85.620,85.020,85.780,84.860
2011/09/27,Tue,84.680,85.630,86.050,84.380
2011/09/26,Mon,84.540,84.690,84.860,83.420
2011/09/25,Sun,,,,
2011/09/24,Sat,,,,
2011/09/23,Fri,83.990,84.520,84.980,83.870
2011/09/22,Thu,84.940,83.950,85.510,83.060
2011/09/21,Wed,86.130,84.850,86.390,84.870
2011/09/20,Tue,86.750,86.090,87.090,85.790
2011/09/19,Mon,87.130,86.790,87.460,86.210
2011/09/18,Sun,,,,
2011/09/17,Sat,,,,
2011/09/16,Fri,88.190,87.640,88.300,87.500
2011/09/15,Thu,87.510,88.210,88.820,87.140
2011/09/14,Wed,87.360,87.480,87.810,86.850
2011/09/13,Tue,87.550,87.390,87.750,86.700
2011/09/12,Mon,87.140,87.640,87.820,86.130
2011/09/11,Sun,,,,
2011/09/10,Sat,,,,
2011/09/09,Fri,88.500,87.720,89.020,87.260
2011/09/08,Thu,89.970,88.490,90.170,88.440
2011/09/07,Wed,89.900,90.040,90.440,89.760
2011/09/06,Tue,97.690,89.980,98.090,89.870
2011/09/05,Mon,97.430,97.680,98.400,97.050
2011/09/04,Sun,,,,
2011/09/03,Sat,,,,
2011/09/02,Fri,96.670,97.350,99.470,96.550
2011/09/01,Thu,94.990,96.680,96.920,94.970
2011/08/31,Wed,93.500,95.050,95.780,93.380
2011/08/30,Tue,94.140,93.450,94.470,93.190
2011/08/29,Mon,94.900,94.170,95.080,93.430
2011/08/28,Sun,,,,
2011/08/27,Sat,,,,
2011/08/26,Fri,97.540,94.980,97.690,94.470
2011/08/25,Thu,96.660,97.690,97.870,96.570
2011/08/24,Wed,96.700,96.620,97.220,96.400
2011/08/23,Tue,97.100,96.730,97.590,96.610
2011/08/22,Mon,97.140,97.170,98.090,97.040
2011/08/21,Sun,,,,
2011/08/20,Sat,,,,
2011/08/19,Fri,96.300,97.440,97.710,96.100
2011/08/18,Thu,96.930,96.370,97.380,95.950
2011/08/17,Wed,96.290,96.910,97.950,95.630
2011/08/16,Tue,97.910,96.470,98.890,96.340
2011/08/15,Mon,98.120,97.950,98.570,96.100
2011/08/14,Sun,,,,
2011/08/13,Sat,,,,
2011/08/12,Fri,100.760,98.520,101.640,98.490
2011/08/11,Thu,105.550,100.720,106.220,99.880
2011/08/10,Wed,106.790,105.790,107.200,104.540
2011/08/09,Tue,103.010,106.600,108.480,101.930
2011/08/08,Mon,103.200,102.940,103.670,101.600
2011/08/07,Sun,,,,
2011/08/06,Sat,,,,
2011/08/05,Fri,103.400,102.040,103.940,101.380
2011/08/04,Thu,100.140,103.320,103.430,99.940
2011/08/03,Wed,101.070,100.050,101.290,99.080
2011/08/02,Tue,98.710,100.920,101.310,98.480
2011/08/01,Mon,97.570,98.480,99.050,97.080
2011/07/31,Sun,,,,
2011/07/30,Sat,,,,
2011/07/29,Fri,96.870,97.630,98.190,96.610
2011/07/28,Thu,97.190,96.930,97.380,96.670
2011/07/27,Wed,97.190,97.180,97.440,96.830
2011/07/26,Tue,97.110,97.160,97.860,97.000
2011/07/25,Mon,96.250,97.100,97.510,96.120
2011/07/24,Sun,,,,
2011/07/23,Sat,,,,
2011/07/22,Fri,96.020,95.880,96.310,95.350
2011/07/21,Thu,96.080,96.190,96.350,95.630
2011/07/20,Wed,95.990,96.060,96.400,95.710
2011/07/19,Tue,96.580,95.960,96.960,95.720
2011/07/18,Mon,97.600,96.600,97.750,96.450
2011/07/17,Sun,,,,
2011/07/16,Sat,,,,
2011/07/15,Fri,96.970,96.960,97.340,96.590
2011/07/14,Thu,97.060,96.960,97.770,96.520
2011/07/13,Wed,95.300,96.850,97.020,95.240
2011/07/12,Tue,96.060,94.920,96.170,94.630
2011/07/11,Mon,96.220,95.960,96.640,95.880
2011/07/10,Sun,,,,
2011/07/09,Sat,,,,
2011/07/08,Fri,96.080,96.380,96.500,95.410
2011/07/07,Thu,96.380,96.190,96.630,95.750
2011/07/06,Wed,96.340,96.370,96.680,95.860
2011/07/05,Tue,95.200,96.360,96.640,95.170
2011/07/04,Mon,95.290,95.190,95.490,94.800
2011/07/03,Sun,,,,
2011/07/02,Sat,,,,
2011/07/01,Fri,95.660,95.310,96.070,95.060
2011/06/30,Thu,96.780,95.770,97.020,95.490
2011/06/29,Wed,97.360,96.750,97.710,96.510
2011/06/28,Tue,96.860,97.440,97.690,96.640
2011/06/27,Mon,96.280,96.820,97.290,96.250
2011/06/26,Sun,,,,
2011/06/25,Sat,,,,
2011/06/24,Fri,95.960,96.430,96.750,95.710
2011/06/23,Thu,95.580,96.020,96.330,95.400
2011/06/22,Wed,95.330,95.570,96.050,95.080
2011/06/21,Tue,94.870,95.390,95.560,94.790
2011/06/20,Mon,94.270,94.850,95.460,94.100
2011/06/19,Sun,,,,
2011/06/18,Sat,,,,
2011/06/17,Fri,95.020,94.250,95.220,94.190
2011/06/16,Thu,94.760,95.020,95.310,94.470
2011/06/15,Wed,95.210,94.870,95.440,94.640
2011/06/14,Tue,95.800,95.130,96.270,95.100
2011/06/13,Mon,95.280,95.780,96.180,95.040
2011/06/12,Sun,,,,
2011/06/11,Sat,,,,
2011/06/10,Fri,95.510,95.240,95.670,94.850
2011/06/09,Thu,95.510,95.460,96.050,94.910
2011/06/08,Wed,95.680,95.560,95.980,95.220
2011/06/07,Tue,95.920,95.690,96.370,95.490
2011/06/06,Mon,95.990,95.940,96.420,95.500
2011/06/05,Sun,,,,
2011/06/04,Sat,,,,
2011/06/03,Fri,95.950,96.260,96.500,95.290
2011/06/02,Thu,95.900,96.000,96.410,95.630
2011/06/01,Wed,95.340,96.020,96.410,95.100
2011/05/31,Tue,94.970,95.390,96.140,94.910
2011/05/30,Mon,94.990,94.970,95.240,94.740
2011/05/29,Sun,,,,
2011/05/28,Sat,,,,
2011/05/27,Fri,93.980,95.060,95.540,93.630
2011/05/26,Thu,93.930,93.970,94.260,93.560
2011/05/25,Wed,93.120,93.920,94.150,92.820
2011/05/24,Tue,92.670,93.120,93.600,92.100
2011/05/23,Mon,93.030,92.700,93.510,92.070
2011/05/22,Sun,,,,
2011/05/21,Sat,,,,
2011/05/20,Fri,92.650,93.040,93.360,92.250
2011/05/19,Thu,92.640,92.640,93.070,92.410
2011/05/18,Wed,92.450,92.690,92.830,91.820
2011/05/17,Tue,91.380,92.440,92.590,91.250
2011/05/16,Mon,90.500,91.380,91.940,90.200
2011/05/15,Sun,,,,
2011/05/14,Sat,,,,
2011/05/13,Fri,91.590,90.500,91.720,90.130
2011/05/12,Thu,91.470,91.550,91.840,90.870
2011/05/11,Wed,91.820,91.300,92.260,90.920
2011/05/10,Tue,91.970,91.790,92.310,91.480
2011/05/09,Mon,91.910,92.050,92.410,91.750
2011/05/08,Sun,,,,
2011/05/07,Sat,,,,
2011/05/06,Fri,92.170,91.690,92.820,91.390
2011/05/05,Thu,93.550,92.080,93.900,91.880
2011/05/04,Wed,93.910,93.470,94.470,93.410
2011/05/03,Tue,93.870,94.000,94.240,93.090
2011/05/02,Mon,93.710,93.830,94.140,93.350
2011/05/01,Sun,,,,
2011/04/30,Sat,,,,
2011/04/29,Fri,93.340,93.730,94.080,93.180
2011/04/28,Thu,93.910,93.290,94.220,93.130
2011/04/27,Wed,93.230,93.920,94.030,93.260
2011/04/26,Tue,92.830,93.140,93.520,92.270
2011/04/25,Mon,92.400,92.870,93.430,92.320
2011/04/24,Sun,,,,
2011/04/23,Sat,,,,
2011/04/22,Fri,92.310,92.280,92.700,92.080
2011/04/21,Thu,92.830,92.260,93.210,92.260
2011/04/20,Wed,91.700,92.800,93.040,91.660
2011/04/19,Tue,91.980,91.710,92.360,91.460
2011/04/18,Mon,93.150,92.180,93.350,91.380
2011/04/17,Sun,,,,
2011/04/16,Sat,,,,
2011/04/15,Fri,93.520,93.050,93.950,92.810
2011/04/14,Thu,93.560,93.500,94.080,92.740
2011/04/13,Wed,93.200,93.480,93.950,93.110
2011/04/12,Tue,93.260,93.210,94.020,92.460
2011/04/11,Mon,93.370,93.300,93.710,92.940
2011/04/10,Sun,,,,
2011/04/09,Sat,,,,
2011/04/08,Fri,92.670,93.460,93.690,92.560
2011/04/07,Thu,92.980,92.620,93.190,92.320
2011/04/06,Wed,91.730,93.000,93.330,91.750
2011/04/05,Tue,91.100,91.760,91.850,91.030
2011/04/04,Mon,90.810,91.050,91.330,90.780
2011/04/03,Sun,,,,
2011/04/02,Sat,,,,
2011/04/01,Fri,90.550,90.940,91.130,90.480
2011/03/31,Thu,90.250,90.500,90.740,89.970
2011/03/30,Wed,89.570,90.140,90.340,89.400
2011/03/29,Tue,89.110,89.570,89.730,88.990
2011/03/28,Mon,88.270,89.060,89.280,88.270
2011/03/27,Sun,,,,
2011/03/26,Sat,,,,
2011/03/25,Fri,89.140,88.350,89.290,88.360
2011/03/24,Thu,89.130,89.130,89.610,88.560
2011/03/23,Wed,89.610,89.040,90.050,88.930
2011/03/22,Tue,89.590,89.590,89.960,89.390
2011/03/21,Mon,89.530,89.550,89.900,89.350
2011/03/20,Sun,,,,
2011/03/19,Sat,,,,
2011/03/18,Fri,87.830,89.380,90.700,87.880
2011/03/17,Thu,86.370,87.810,88.240,85.820
2011/03/16,Wed,88.030,86.540,88.380,86.240
2011/03/15,Tue,88.330,88.040,88.830,87.660
2011/03/14,Mon,87.960,88.270,88.700,86.790
2011/03/13,Sun,,,,
2011/03/12,Sat,,,,
2011/03/11,Fri,88.880,88.060,89.340,87.770
2011/03/10,Thu,88.970,88.910,89.200,88.670
2011/03/09,Wed,88.330,88.940,89.230,88.330
2011/03/08,Tue,88.720,88.340,88.920,88.160
2011/03/07,Mon,88.870,88.690,89.050,88.590
2011/03/06,Sun,,,,
2011/03/05,Sat,,,,
2011/03/04,Fri,88.410,88.840,89.350,88.260
2011/03/03,Thu,88.600,88.370,88.690,88.100
2011/03/02,Wed,88.070,88.610,88.760,88.080
2011/03/01,Tue,88.040,88.100,88.440,87.980
2011/02/28,Mon,87.900,87.970,88.340,87.880
2011/02/27,Sun,,,,
2011/02/26,Sat,,,,
2011/02/25,Fri,88.430,87.930,88.730,87.740
2011/02/24,Thu,88.340,88.390,88.750,88.080
2011/02/23,Wed,88.120,88.340,88.690,88.020
2011/02/22,Tue,87.730,88.120,88.660,87.460
2011/02/21,Mon,88.050,87.760,88.170,87.600
2011/02/20,Sun,,,,
2011/02/19,Sat,,,,
2011/02/18,Fri,87.710,87.830,88.060,87.430
2011/02/17,Thu,87.190,87.690,87.830,87.030
2011/02/16,Wed,86.580,87.140,87.490,86.190
2011/02/15,Tue,85.790,86.570,86.830,85.810
2011/02/14,Mon,85.690,85.850,86.020,85.350
2011/02/13,Sun,,,,
2011/02/12,Sat,,,,
2011/02/11,Fri,85.830,85.700,86.250,85.470
2011/02/10,Thu,85.950,85.830,86.200,85.660
2011/02/09,Wed,85.460,85.950,86.170,85.210
2011/02/08,Tue,86.090,85.460,86.330,85.320
2011/02/07,Mon,85.780,86.130,86.300,85.790
2011/02/06,Sun,,,,
2011/02/05,Sat,,,,
2011/02/04,Fri,86.280,86.040,86.450,85.370
2011/02/03,Thu,86.720,86.290,86.900,86.060
2011/02/02,Wed,86.860,86.700,87.390,86.530
2011/02/01,Tue,86.850,86.880,87.200,86.500
2011/01/31,Mon,87.090,86.910,87.480,86.800
2011/01/30,Sun,,,,
2011/01/29,Sat,,,,
2011/01/28,Fri,87.600,87.070,87.870,86.880
2011/01/27,Thu,87.160,87.580,88.180,86.990
2011/01/26,Wed,87.180,87.160,87.470,86.730
2011/01/25,Tue,86.890,87.250,87.540,86.540
2011/01/24,Mon,86.040,86.850,87.140,85.760
2011/01/23,Sun,,,,
2011/01/22,Sat,,,,
2011/01/21,Fri,85.770,86.090,86.420,85.590
2011/01/20,Thu,85.820,85.810,86.350,85.660
2011/01/19,Wed,85.690,85.820,86.020,85.270
2011/01/18,Tue,85.660,85.630,86.380,85.560
2011/01/17,Mon,86.020,85.660,86.510,85.290
2011/01/16,Sun,,,,
2011/01/15,Sat,,,,
2011/01/14,Fri,85.870,85.990,86.140,85.390
2011/01/13,Thu,85.820,85.870,86.080,85.050
2011/01/12,Wed,85.400,85.810,85.990,85.070
2011/01/11,Tue,85.430,85.440,85.950,85.200
2011/01/10,Mon,85.870,85.450,86.400,85.120
2011/01/09,Sun,,,,
2011/01/08,Sat,,,,
2011/01/07,Fri,86.280,85.840,87.080,85.810
2011/01/06,Thu,86.160,86.320,86.430,85.650
2011/01/05,Wed,86.370,86.130,86.730,85.870
2011/01/04,Tue,87.490,86.450,87.810,86.160
2011/01/03,Mon,86.800,87.460,87.570,86.680
2011/01/02,Sun,,,,
2011/01/01,Sat,,,,
2010/12/31,Fri,87.110,86.890,87.280,86.560
2010/12/30,Thu,86.240,87.150,87.330,86.150
2010/12/29,Wed,86.510,86.290,86.660,86.070
2010/12/28,Tue,86.180,86.650,87.150,86.110
2010/12/27,Mon,86.040,86.220,89.020,85.850
2010/12/26,Sun,,,,
2010/12/25,Sat,,,,
2010/12/24,Fri,86.430,86.030,86.930,86.010
2010/12/23,Thu,87.690,86.450,87.880,85.910
2010/12/22,Wed,87.330,87.730,87.970,87.180
2010/12/21,Tue,86.790,87.310,87.510,86.710
2010/12/20,Mon,86.590,86.710,86.940,86.440
2010/12/19,Sun,,,,
2010/12/18,Sat,,,,
2010/12/17,Fri,87.010,86.460,87.810,86.430
2010/12/16,Thu,86.980,87.080,87.350,86.500
2010/12/15,Wed,87.140,86.980,87.600,86.910
2010/12/14,Tue,86.090,87.110,87.310,86.050
2010/12/13,Mon,85.400,86.130,86.590,85.280
2010/12/12,Sun,,,,
2010/12/11,Sat,,,,
2010/12/10,Fri,85.120,85.590,85.710,84.960
2010/12/09,Thu,85.120,85.080,85.430,84.900
2010/12/08,Wed,84.490,85.160,85.350,84.450
2010/12/07,Tue,84.160,84.460,84.860,83.910
2010/12/06,Mon,84.670,84.130,85.200,83.740
2010/12/05,Sun,,,,
2010/12/04,Sat,,,,
2010/12/03,Fri,84.420,84.700,84.980,83.730
2010/12/02,Thu,83.960,84.480,84.650,83.600
2010/12/01,Wed,83.290,83.970,84.170,83.070
2010/11/30,Tue,84.230,83.300,84.570,83.260
2010/11/29,Mon,83.780,84.190,84.400,83.700
2010/11/28,Sun,,,,
2010/11/27,Sat,,,,
2010/11/26,Fri,83.500,83.830,84.030,83.380
2010/11/25,Thu,83.830,83.470,84.050,83.410
2010/11/24,Wed,83.350,83.830,84.170,83.100
2010/11/23,Tue,84.120,83.410,84.790,83.060
2010/11/22,Mon,84.110,84.100,84.550,83.940
2010/11/21,Sun,,,,
2010/11/20,Sat,,,,
2010/11/19,Fri,83.850,84.170,84.280,83.380
2010/11/18,Thu,83.840,83.800,84.570,83.690
2010/11/17,Wed,83.600,83.860,84.140,83.540
2010/11/16,Tue,84.430,83.580,84.670,83.520
2010/11/15,Mon,84.030,84.390,84.710,83.980
2010/11/14,Sun,,,,
2010/11/13,Sat,,,,
2010/11/12,Fri,84.560,84.100,84.690,83.680
2010/11/11,Thu,84.690,84.570,85.030,84.260
2010/11/10,Wed,84.360,84.730,85.080,83.990
2010/11/09,Tue,84.010,84.420,84.640,83.510
2010/11/08,Mon,84.410,83.920,84.930,83.690
2010/11/07,Sun,,,,
2010/11/06,Sat,,,,
2010/11/05,Fri,84.180,84.450,84.980,84.070
2010/11/04,Thu,83.550,84.060,84.310,82.930
2010/11/03,Wed,82.290,83.480,83.730,82.100
2010/11/02,Tue,81.070,82.370,82.730,81.090
2010/11/01,Mon,81.710,81.120,82.420,80.930
2010/10/31,Sun,,,,
2010/10/30,Sat,,,,
2010/10/29,Fri,82.330,81.830,82.450,81.410
2010/10/28,Thu,82.490,82.350,82.700,82.110
2010/10/27,Wed,82.620,82.460,83.090,82.220
2010/10/26,Tue,83.190,82.700,83.550,82.360
2010/10/25,Mon,83.290,83.150,83.540,82.850
2010/10/24,Sun,,,,
2010/10/23,Sat,,,,
2010/10/22,Fri,83.980,83.220,84.180,83.000
2010/10/21,Thu,84.290,83.990,84.680,83.830
2010/10/20,Wed,84.000,84.280,84.630,83.770
2010/10/19,Tue,84.650,83.960,85.010,83.770
2010/10/18,Mon,84.940,84.580,85.100,84.100
2010/10/17,Sun,,,,
2010/10/16,Sat,,,,
2010/10/15,Fri,85.400,84.860,85.570,84.790
2010/10/14,Thu,85.300,85.390,85.800,85.180
2010/10/13,Wed,85.350,85.270,85.840,84.900
2010/10/12,Tue,85.060,85.410,85.590,84.230
2010/10/11,Mon,85.040,85.030,85.530,84.790
2010/10/10,Sun,,,,
2010/10/09,Sat,,,,
2010/10/08,Fri,85.150,85.050,85.600,84.720
2010/10/07,Thu,86.170,85.200,86.330,84.920
2010/10/06,Wed,85.980,86.230,86.400,85.730
2010/10/05,Tue,85.800,86.090,86.430,85.740
2010/10/04,Mon,85.340,85.750,85.880,85.080
2010/10/03,Sun,,,,
2010/10/02,Sat,,,,
2010/10/01,Fri,84.890,85.410,85.640,84.830
2010/09/30,Thu,85.640,84.940,85.840,84.810
2010/09/29,Wed,85.830,85.650,86.130,85.250
2010/09/28,Tue,85.430,85.900,86.090,85.150
2010/09/27,Mon,85.700,85.490,85.820,85.220
2010/09/26,Sun,,,,
2010/09/25,Sat,,,,
2010/09/24,Fri,85.580,85.590,86.530,85.450
2010/09/23,Thu,85.600,85.540,85.990,85.300
2010/09/22,Wed,85.340,85.630,85.880,84.970
2010/09/21,Tue,85.260,85.340,85.480,84.770
2010/09/20,Mon,84.830,85.210,85.460,84.620
2010/09/19,Sun,,,,
2010/09/18,Sat,,,,
2010/09/17,Fri,84.430,84.950,85.090,84.160
2010/09/16,Thu,85.460,84.400,85.660,84.150
2010/09/15,Wed,83.320,85.350,85.570,83.220
2010/09/14,Tue,83.030,83.360,83.670,82.550
2010/09/13,Mon,82.570,82.970,83.330,82.510
2010/09/12,Sun,,,,
2010/09/11,Sat,,,,
2010/09/10,Fri,82.530,82.530,82.880,81.840
2010/09/09,Thu,82.900,82.540,83.100,82.240
2010/09/08,Wed,82.850,82.910,83.250,82.460
2010/09/07,Tue,83.100,82.840,83.430,82.590
2010/09/06,Mon,82.950,83.160,83.330,82.650
2010/09/05,Sun,,,,
2010/09/04,Sat,,,,
2010/09/03,Fri,83.170,82.860,83.440,82.820
2010/09/02,Thu,83.100,83.170,83.440,82.540
2010/09/01,Wed,82.880,83.090,83.890,82.610
2010/08/31,Tue,82.470,82.900,83.230,82.060
2010/08/30,Mon,83.010,82.400,83.430,82.130
2010/08/29,Sun,,,,
2010/08/28,Sat,,,,
2010/08/27,Fri,82.460,82.830,83.180,82.130
2010/08/26,Thu,82.050,82.470,82.750,82.010
2010/08/25,Wed,81.570,82.040,82.500,81.470
2010/08/24,Tue,81.700,81.350,82.000,80.300
2010/08/23,Mon,82.630,81.720,82.900,81.690
2010/08/22,Sun,,,,
2010/08/21,Sat,,,,
2010/08/20,Fri,82.570,82.750,83.020,82.260
2010/08/19,Thu,81.870,82.680,82.890,81.820
2010/08/18,Wed,81.930,81.900,82.210,81.700
2010/08/17,Tue,82.010,81.970,82.320,81.690
2010/08/16,Mon,82.200,82.080,82.690,81.450
2010/08/15,Sun,,,,
2010/08/14,Sat,,,,
2010/08/13,Fri,81.750,81.990,82.210,81.220
2010/08/12,Thu,80.340,81.830,82.130,80.180
2010/08/11,Wed,81.530,80.190,81.630,80.160
2010/08/10,Tue,81.930,81.450,82.070,80.990
2010/08/09,Mon,82.350,81.930,82.540,81.760
2010/08/08,Sun,,,,
2010/08/07,Sat,,,,
2010/08/06,Fri,81.980,82.270,82.470,81.480
2010/08/05,Thu,81.870,81.940,82.560,81.630
2010/08/04,Wed,82.570,81.900,82.660,81.640
2010/08/03,Tue,83.170,82.450,83.420,82.450
2010/08/02,Mon,83.000,83.210,83.480,82.770
2010/08/01,Sun,,,,
2010/07/31,Sat,,,,
2010/07/30,Fri,83.440,82.960,83.510,82.620
2010/07/29,Thu,82.620,83.290,83.990,82.400
2010/07/28,Wed,82.900,82.710,83.270,82.480
2010/07/27,Tue,82.840,82.850,83.050,82.330
2010/07/26,Mon,82.930,82.840,83.450,82.500
2010/07/25,Sun,,,,
2010/07/24,Sat,,,,
2010/07/23,Fri,83.410,82.910,83.750,82.650
2010/07/22,Thu,82.700,83.290,83.820,82.200
2010/07/21,Wed,83.050,82.830,83.260,82.500
2010/07/20,Tue,82.210,83.100,83.540,82.170
2010/07/19,Mon,82.530,82.150,83.150,82.120
2010/07/18,Sun,,,,
2010/07/17,Sat,,,,
2010/07/16,Fri,83.860,82.410,84.020,82.000
2010/07/15,Thu,84.080,83.920,84.390,83.410
2010/07/14,Wed,84.070,83.970,84.450,83.410
2010/07/13,Tue,83.530,84.030,84.200,83.080
2010/07/12,Mon,83.960,83.540,84.460,82.950
2010/07/11,Sun,,,,
2010/07/10,Sat,,,,
2010/07/09,Fri,84.190,83.740,84.530,83.460
2010/07/08,Thu,83.340,84.170,84.390,83.290
2010/07/07,Wed,82.580,83.340,83.490,81.870
2010/07/06,Tue,82.370,82.630,83.120,81.970
2010/07/05,Mon,82.410,82.370,82.830,82.180
2010/07/04,Sun,,,,
2010/07/03,Sat,,,,
2010/07/02,Fri,82.610,82.520,83.170,81.960
2010/07/01,Thu,82.010,82.650,82.800,81.220
2010/06/30,Wed,81.750,81.990,82.340,81.630
2010/06/29,Tue,82.180,81.780,82.290,81.190
2010/06/28,Mon,81.620,82.180,82.570,81.600
2010/06/27,Sun,,,,
2010/06/26,Sat,,,,
2010/06/25,Fri,81.220,81.590,81.910,81.110
2010/06/24,Thu,81.380,81.210,81.530,80.740
2010/06/23,Wed,81.640,81.330,81.920,80.800
2010/06/22,Tue,81.910,81.710,82.250,81.470
2010/06/21,Mon,81.880,81.760,82.560,81.650
2010/06/20,Sun,,,,
2010/06/19,Sat,,,,
2010/06/18,Fri,81.790,81.780,81.970,81.430
2010/06/17,Thu,80.810,81.790,82.100,80.490
2010/06/16,Wed,80.750,80.750,81.340,80.490
2010/06/15,Tue,80.180,80.600,80.980,79.400
2010/06/14,Mon,80.000,80.070,81.020,79.780
2010/06/13,Sun,,,,
2010/06/12,Sat,,,,
2010/06/11,Fri,79.970,79.700,80.330,79.310
2010/06/10,Thu,79.490,79.910,80.130,79.160
2010/06/09,Wed,79.380,79.460,80.210,78.980
2010/06/08,Tue,78.550,79.390,79.550,78.260
2010/06/07,Mon,78.860,78.470,79.370,77.960
2010/06/06,Sun,,,,
2010/06/05,Sat,,,,
2010/06/04,Fri,80.100,79.020,80.970,78.770
2010/06/03,Thu,79.850,80.000,80.440,79.660
2010/06/02,Wed,78.580,79.820,79.930,78.520
2010/06/01,Tue,78.990,78.640,79.650,77.460
2010/05/31,Mon,78.580,78.970,79.340,78.440
2010/05/30,Sun,,,,
2010/05/29,Sat,,,,
2010/05/28,Fri,79.040,78.550,79.480,78.180
2010/05/27,Thu,77.440,79.130,79.100,77.330
2010/05/26,Wed,78.100,77.370,78.510,77.430
2010/05/25,Tue,77.830,78.170,78.080,76.380
2010/05/24,Mon,78.450,77.670,78.580,77.520
2010/05/23,Sun,,,,
2010/05/22,Sat,,,,
2010/05/21,Fri,77.630,78.290,78.820,77.300
2010/05/20,Thu,79.730,77.690,79.840,77.060
2010/05/19,Wed,80.230,79.680,80.410,78.520
2010/05/18,Tue,81.870,80.100,82.390,80.590
2010/05/17,Mon,81.360,81.810,81.960,80.310
2010/05/16,Sun,,,,
2010/05/15,Sat,,,,
2010/05/14,Fri,82.910,81.530,83.430,81.010
2010/05/13,Thu,83.930,82.880,84.400,82.900
2010/05/12,Wed,83.370,83.880,84.150,83.000
2010/05/11,Tue,84.050,83.330,84.250,82.960
2010/05/10,Mon,83.970,84.010,85.440,83.090
2010/05/09,Sun,,,,
2010/05/08,Sat,,,,
2010/05/07,Fri,81.440,82.640,83.860,80.800
2010/05/06,Thu,83.970,81.450,84.960,80.880
2010/05/05,Wed,85.750,83.930,86.140,83.990
2010/05/04,Tue,87.070,85.710,87.630,85.680
2010/05/03,Mon,87.390,87.050,87.510,86.550
2010/05/02,Sun,,,,
2010/05/01,Sat,,,,
2010/04/30,Fri,86.810,87.010,87.890,86.670
2010/04/29,Thu,86.710,86.620,87.100,86.320
2010/04/28,Wed,85.610,86.640,87.100,85.400
2010/04/27,Tue,87.690,85.530,87.810,85.520
2010/04/26,Mon,87.500,87.580,88.020,87.180
2010/04/25,Sun,,,,
2010/04/24,Sat,,,,
2010/04/23,Fri,86.650,87.500,87.830,86.100
2010/04/22,Thu,87.040,86.660,87.380,86.010
2010/04/21,Wed,87.250,86.960,87.620,86.720
2010/04/20,Tue,86.960,87.250,87.640,86.790
2010/04/19,Mon,86.460,86.860,86.920,85.870
2010/04/18,Sun,,,,
2010/04/17,Sat,,,,
2010/04/16,Fri,88.100,86.750,88.200,86.430
2010/04/15,Thu,88.640,88.070,88.980,87.690
2010/04/14,Wed,88.480,88.550,88.910,88.290
2010/04/13,Tue,88.010,88.410,88.420,87.390
2010/04/12,Mon,88.210,87.990,88.380,87.810
2010/04/11,Sun,,,,
2010/04/10,Sat,,,,
2010/04/09,Fri,87.060,87.370,87.750,86.900
2010/04/08,Thu,86.870,87.000,87.070,86.140
2010/04/07,Wed,87.750,86.890,88.100,86.880
2010/04/06,Tue,88.850,87.700,88.930,87.510
2010/04/05,Mon,89.220,88.770,89.320,88.600
2010/04/04,Sun,,,,
2010/04/03,Sat,,,,
2010/04/02,Fri,89.020,89.090,89.320,88.610
2010/04/01,Thu,88.660,88.980,90.030,88.440
2010/03/31,Wed,87.020,88.650,89.070,86.930
2010/03/30,Tue,87.060,87.000,87.560,86.640
2010/03/29,Mon,87.270,86.980,87.470,86.620
2010/03/28,Sun,,,,
2010/03/27,Sat,,,,
2010/03/26,Fri,86.310,86.810,87.020,86.170
2010/03/25,Thu,86.010,86.280,86.770,85.640
2010/03/24,Wed,85.490,85.920,86.280,85.110
2010/03/23,Tue,85.190,85.530,85.650,84.850
2010/03/22,Mon,85.350,85.100,85.600,84.330
2010/03/21,Sun,,,,
2010/03/20,Sat,,,,
2010/03/19,Fri,85.430,85.270,85.880,85.060
2010/03/18,Thu,85.720,85.310,85.910,84.750
2010/03/17,Wed,85.610,85.630,86.180,85.370
2010/03/16,Tue,85.200,85.570,85.830,84.850
2010/03/15,Mon,85.840,85.170,85.850,84.920
2010/03/14,Sun,,,,
2010/03/13,Sat,,,,
2010/03/12,Fri,84.710,85.470,85.870,84.550
2010/03/11,Thu,84.570,84.690,84.860,84.170
2010/03/10,Wed,83.650,84.550,84.860,83.320
2010/03/09,Tue,84.090,83.620,84.210,83.030
2010/03/08,Mon,84.240,84.070,84.720,83.940
2010/03/07,Sun,,,,
2010/03/06,Sat,,,,
2010/03/05,Fri,82.790,84.020,84.330,82.610
2010/03/04,Thu,82.820,82.660,83.270,82.200
2010/03/03,Wed,82.570,82.780,83.230,82.420
2010/03/02,Tue,82.540,82.460,82.960,81.850
2010/03/01,Mon,82.820,82.540,83.290,82.040
2010/02/28,Sun,,,,
2010/02/27,Sat,,,,
2010/02/26,Fri,82.500,82.730,83.170,82.310
2010/02/25,Thu,83.390,82.460,83.600,81.760
2010/02/24,Wed,83.200,83.360,83.780,83.060
2010/02/23,Tue,84.690,83.230,84.940,83.060
2010/02/22,Mon,85.160,84.670,85.460,84.400
2010/02/21,Sun,,,,
2010/02/20,Sat,,,,
2010/02/19,Fri,84.720,85.130,85.200,84.300
2010/02/18,Thu,84.600,84.680,84.830,83.750
2010/02/17,Wed,84.560,84.700,85.080,84.070
2010/02/16,Tue,83.550,84.470,84.790,83.400
2010/02/15,Mon,83.670,83.510,83.840,83.340
2010/02/14,Sun,,,,
2010/02/13,Sat,,,,
2010/02/12,Fri,83.800,83.610,84.060,82.840
2010/02/11,Thu,84.200,83.740,84.680,83.220
2010/02/10,Wed,84.170,84.170,84.580,83.660
2010/02/09,Tue,83.240,84.160,84.490,82.980
2010/02/08,Mon,83.410,83.190,83.700,82.820
2010/02/07,Sun,,,,
2010/02/06,Sat,,,,
2010/02/05,Fri,83.460,83.230,84.250,82.450
2010/02/04,Thu,85.910,83.420,86.030,82.970
2010/02/03,Wed,85.640,85.880,86.210,85.440
2010/02/02,Tue,85.800,85.630,86.070,85.410
2010/02/01,Mon,84.780,85.830,85.950,84.660
2010/01/31,Sun,,,,
2010/01/30,Sat,,,,
2010/01/29,Fri,85.430,85.120,86.420,85.040
2010/01/28,Thu,85.680,85.370,86.320,85.060
2010/01/27,Wed,85.660,85.700,85.820,85.040
2010/01/26,Tue,86.790,85.650,87.240,85.270
2010/01/25,Mon,86.880,86.760,87.090,86.270
2010/01/24,Sun,,,,
2010/01/23,Sat,,,,
2010/01/22,Fri,86.800,86.270,87.190,86.170
2010/01/21,Thu,87.400,86.710,88.010,86.410
2010/01/20,Wed,88.270,87.380,88.380,86.950
2010/01/19,Tue,88.540,88.240,88.680,87.760
2010/01/18,Mon,88.320,88.480,88.780,88.160
2010/01/17,Sun,,,,
2010/01/16,Sat,,,,
2010/01/15,Fri,89.470,88.390,89.690,88.160
2010/01/14,Thu,89.780,89.510,90.350,89.030
2010/01/13,Wed,89.340,89.710,90.070,89.120
2010/01/12,Tue,90.670,89.340,90.740,89.260
2010/01/11,Mon,90.480,90.550,91.070,90.320
2010/01/10,Sun,,,,
2010/01/09,Sat,,,,
2010/01/08,Fri,90.230,90.510,90.640,89.400
2010/01/07,Thu,89.870,90.210,90.370,89.420
2010/01/06,Wed,88.700,89.840,90.150,88.440
2010/01/05,Tue,89.860,88.660,89.930,88.410
2010/01/04,Mon,89.920,89.800,90.070,89.220
2010/01/03,Sun,,,,
2010/01/02,Sat,,,,
2010/01/01,Fri,89.850,89.810,89.940,89.750
2009/12/31,Thu,89.180,89.740,90.100,89.100
2009/12/30,Wed,88.760,89.150,89.340,88.520
2009/12/29,Tue,88.530,88.740,89.230,88.450
2009/12/28,Mon,88.010,88.540,88.690,88.000
2009/12/27,Sun,,,,
2009/12/26,Sat,,,,
2009/12/25,Fri,88.210,88.000,88.450,88.030
2009/12/24,Thu,88.200,88.170,88.630,87.760
2009/12/23,Wed,87.540,88.200,88.270,87.300
2009/12/22,Tue,87.150,87.550,87.630,87.000
2009/12/21,Mon,86.840,87.120,87.240,86.350
2009/12/20,Sun,,,,
2009/12/19,Sat,,,,
2009/12/18,Fri,85.900,86.650,86.920,85.390
2009/12/17,Thu,86.480,85.820,86.600,85.560
2009/12/16,Wed,86.170,86.420,86.620,85.850
2009/12/15,Tue,85.840,86.130,86.450,85.630
2009/12/14,Mon,86.060,85.870,86.370,85.370
2009/12/13,Sun,,,,
2009/12/12,Sat,,,,
2009/12/11,Fri,86.010,86.060,87.050,85.920
2009/12/10,Thu,85.610,85.950,86.270,85.300
2009/12/09,Wed,86.050,85.540,86.420,85.250
2009/12/08,Tue,87.780,86.000,87.840,85.940
2009/12/07,Mon,88.820,87.760,89.000,87.600
2009/12/06,Sun,,,,
2009/12/05,Sat,,,,
2009/12/04,Fri,88.200,88.910,89.180,87.950
2009/12/03,Thu,87.250,88.190,88.600,87.160
2009/12/02,Wed,86.790,87.260,87.570,86.640
2009/12/01,Tue,85.960,86.710,87.070,85.710
2009/11/30,Mon,86.520,85.910,86.810,85.530
2009/11/29,Sun,,,,
2009/11/28,Sat,,,,
2009/11/27,Fri,86.360,85.910,86.450,84.250
2009/11/26,Thu,87.670,86.170,87.880,85.930
2009/11/25,Wed,87.740,87.630,87.930,87.130
2009/11/24,Tue,88.130,87.730,88.220,87.310
2009/11/23,Mon,87.250,88.100,88.420,87.100
2009/11/22,Sun,,,,
2009/11/21,Sat,,,,
2009/11/20,Fri,87.870,87.360,87.960,87.070
2009/11/19,Thu,88.480,87.820,88.550,87.070
2009/11/18,Wed,87.850,88.470,88.710,87.690
2009/11/17,Tue,88.440,87.840,88.550,87.580
2009/11/16,Mon,88.560,88.410,89.040,88.340
2009/11/15,Sun,,,,
2009/11/14,Sat,,,,
2009/11/13,Fri,88.820,88.590,89.000,87.990
2009/11/12,Thu,89.110,88.760,89.410,88.610
2009/11/11,Wed,89.140,89.090,89.650,88.580
2009/11/10,Tue,89.240,89.090,89.610,88.760
2009/11/09,Mon,88.710,89.280,89.450,88.270
2009/11/08,Sun,,,,
2009/11/07,Sat,,,,
2009/11/06,Fri,89.260,88.370,89.440,88.160
2009/11/05,Thu,89.260,89.310,89.540,88.320
2009/11/04,Wed,88.030,89.300,89.690,87.650
2009/11/03,Tue,88.370,87.960,88.700,87.080
2009/11/02,Mon,87.410,88.360,89.160,86.770
2009/11/01,Sun,,,,
2009/10/31,Sat,,,,
2009/10/30,Fri,89.760,87.710,89.970,87.820
2009/10/29,Thu,88.340,89.780,90.020,87.910
2009/10/28,Wed,89.840,88.270,89.930,88.180
2009/10/27,Tue,90.530,89.810,90.690,89.640
2009/10/26,Mon,91.330,90.500,91.580,90.390
2009/10/25,Sun,,,,
2009/10/24,Sat,,,,
2009/10/23,Fri,90.850,91.220,91.450,90.790
2009/10/22,Thu,90.400,90.880,90.970,90.170
2009/10/21,Wed,89.660,90.420,90.700,89.390
2009/10/20,Tue,89.600,89.610,89.790,89.070
2009/10/19,Mon,89.340,89.560,89.730,88.750
2009/10/18,Sun,,,,
2009/10/17,Sat,,,,
2009/10/16,Fri,89.250,89.210,89.710,88.950
2009/10/15,Thu,88.130,89.240,89.340,87.990
2009/10/14,Wed,87.800,88.110,88.240,87.130
2009/10/13,Tue,87.490,87.770,87.940,87.330
2009/10/12,Mon,86.910,87.420,87.850,86.850
2009/10/11,Sun,,,,
2009/10/10,Sat,,,,
2009/10/09,Fri,86.160,86.950,87.120,86.070
2009/10/08,Thu,85.770,86.140,86.350,85.680
2009/10/07,Wed,86.470,85.740,86.570,85.560
2009/10/06,Tue,86.760,86.380,87.120,86.350
2009/10/05,Mon,86.500,86.760,87.180,86.410
2009/10/04,Sun,,,,
2009/10/03,Sat,,,,
2009/10/02,Fri,86.080,86.680,86.930,85.380
2009/10/01,Thu,86.570,86.030,86.940,85.770
2009/09/30,Wed,86.980,86.620,87.260,85.910
2009/09/29,Tue,86.810,86.890,87.280,86.410
2009/09/28,Mon,87.210,86.760,87.330,85.900
2009/09/27,Sun,,,,
2009/09/26,Sat,,,,
2009/09/25,Fri,88.650,87.150,88.750,87.150
2009/09/24,Thu,88.900,88.660,89.090,88.170
2009/09/23,Wed,89.020,88.860,89.360,88.610
2009/09/22,Tue,89.060,88.990,89.410,88.780
2009/09/21,Mon,88.700,89.070,89.280,88.560
2009/09/20,Sun,,,,
2009/09/19,Sat,,,,
2009/09/18,Fri,88.570,88.580,88.870,88.160
2009/09/17,Thu,88.100,88.470,88.790,87.800
2009/09/16,Wed,87.990,88.070,88.270,87.180
2009/09/15,Tue,87.890,87.930,88.250,87.570
2009/09/14,Mon,87.220,87.870,87.930,86.850
2009/09/13,Sun,,,,
2009/09/12,Sat,,,,
2009/09/11,Fri,88.360,87.290,88.410,86.940
2009/09/10,Thu,88.440,88.300,88.710,87.820
2009/09/09,Wed,88.200,88.420,88.620,88.050
2009/09/08,Tue,87.800,88.130,88.360,87.400
2009/09/07,Mon,87.660,87.730,88.330,87.550
2009/09/06,Sun,,,,
2009/09/05,Sat,,,,
2009/09/04,Fri,87.190,87.640,87.900,86.750
2009/09/03,Thu,86.930,87.140,87.610,86.700
2009/09/02,Wed,87.210,86.940,87.380,86.420
2009/09/01,Tue,87.840,87.100,88.450,87.060
2009/08/31,Mon,88.100,87.810,88.270,87.200
2009/08/30,Sun,,,,
2009/08/29,Sat,,,,
2009/08/28,Fri,88.280,88.260,88.960,88.200
2009/08/27,Thu,88.250,88.240,88.450,87.300
2009/08/26,Wed,88.740,88.210,89.020,87.970
2009/08/25,Tue,89.040,88.700,89.560,88.280
2009/08/24,Mon,89.260,88.940,89.660,88.930
2009/08/23,Sun,,,,
2009/08/22,Sat,,,,
2009/08/21,Fri,88.570,89.150,89.420,87.760
2009/08/20,Thu,88.280,88.560,88.720,87.940
2009/08/19,Wed,88.050,88.280,88.520,87.150
2009/08/18,Tue,87.630,87.990,88.590,87.460
2009/08/17,Mon,88.260,87.640,88.350,87.190
2009/08/16,Sun,,,,
2009/08/15,Sat,,,,
2009/08/14,Fri,89.180,88.510,89.250,88.020
2009/08/13,Thu,89.190,89.130,89.970,88.740
2009/08/12,Wed,88.700,89.120,89.640,87.730
2009/08/11,Tue,89.510,88.630,89.550,88.400
2009/08/10,Mon,90.260,89.410,90.390,89.190
2009/08/09,Sun,,,,
2009/08/08,Sat,,,,
2009/08/07,Fri,89.580,90.220,90.670,89.230
2009/08/06,Thu,89.460,89.540,90.220,89.280
2009/08/05,Wed,89.840,89.360,90.080,89.070
2009/08/04,Tue,89.930,89.760,90.190,88.940
2009/08/03,Mon,88.770,89.950,90.160,88.260
2009/08/02,Sun,,,,
2009/08/01,Sat,,,,
2009/07/31,Fri,87.850,88.560,88.780,87.600
2009/07/30,Thu,87.400,87.780,88.120,87.190
2009/07/29,Wed,87.890,87.360,88.200,87.060
2009/07/28,Tue,88.940,87.890,89.250,87.170
2009/07/27,Mon,88.620,88.880,89.340,88.220
2009/07/26,Sun,,,,
2009/07/25,Sat,,,,
2009/07/24,Fri,88.380,88.370,88.920,88.000
2009/07/23,Thu,87.820,88.340,89.130,87.600
2009/07/22,Wed,87.890,87.700,88.140,87.080
2009/07/21,Tue,88.220,87.730,88.660,87.310
2009/07/20,Mon,87.560,88.200,88.710,87.420
2009/07/19,Sun,,,,
2009/07/18,Sat,,,,
2009/07/17,Fri,87.460,87.420,87.710,86.630
2009/07/16,Thu,87.680,87.350,87.850,86.690
2009/07/15,Wed,85.960,87.670,87.880,85.760
2009/07/14,Tue,85.870,85.960,86.260,85.200
2009/07/13,Mon,85.130,85.830,85.870,84.590
2009/07/12,Sun,,,,
2009/07/11,Sat,,,,
2009/07/10,Fri,86.230,85.130,86.370,84.400
2009/07/09,Thu,85.100,86.170,86.540,84.670
2009/07/08,Wed,87.090,85.100,87.160,83.950
2009/07/07,Tue,87.910,87.110,88.260,87.000
2009/07/06,Mon,88.320,87.830,88.340,86.750
2009/07/05,Sun,,,,
2009/07/04,Sat,,,,
2009/07/03,Fri,88.290,88.360,88.760,87.950
2009/07/02,Thu,89.950,88.030,89.980,88.100
2009/07/01,Wed,88.700,89.860,90.010,88.600
2009/06/30,Tue,88.760,88.680,89.080,88.120
2009/06/29,Mon,87.890,88.700,88.760,87.470
2009/06/28,Sun,,,,
2009/06/27,Sat,,,,
2009/06/26,Fri,87.760,87.840,88.190,87.560
2009/06/25,Thu,87.150,87.580,88.330,87.110
2009/06/24,Wed,89.260,87.150,89.850,86.830
2009/06/23,Tue,88.290,89.210,89.470,87.330
2009/06/22,Mon,89.050,88.270,89.190,87.960
2009/06/21,Sun,,,,
2009/06/20,Sat,,,,
2009/06/19,Fri,88.920,89.000,89.490,88.780
2009/06/18,Thu,88.630,88.900,89.350,88.400
2009/06/17,Wed,88.550,88.590,89.290,87.910
2009/06/16,Tue,89.610,88.460,89.790,88.110
2009/06/15,Mon,91.130,89.510,91.290,89.340
2009/06/14,Sun,,,,
2009/06/13,Sat,,,,
2009/06/12,Fri,91.180,91.170,91.540,90.540
2009/06/11,Thu,90.810,91.110,91.380,90.330
2009/06/10,Wed,90.320,90.830,91.270,90.090
2009/06/09,Tue,90.210,90.270,90.480,89.410
2009/06/08,Mon,90.690,90.160,90.960,89.620
2009/06/07,Sun,,,,
2009/06/06,Sat,,,,
2009/06/05,Fri,90.350,90.850,91.420,89.800
2009/06/04,Thu,89.620,90.310,90.690,89.480
2009/06/03,Wed,90.170,89.530,90.780,89.230
2009/06/02,Tue,90.190,90.110,90.580,89.580
2009/06/01,Mon,89.230,90.210,90.490,88.730
2009/05/31,Sun,,,,
2009/05/30,Sat,,,,
2009/05/29,Fri,89.350,89.280,89.730,88.880
2009/05/28,Thu,87.190,89.320,89.470,87.100
2009/05/27,Wed,87.640,87.140,88.100,87.210
2009/05/26,Tue,87.590,87.640,87.760,86.700
2009/05/25,Mon,87.390,87.510,87.820,86.930
2009/05/24,Sun,,,,
2009/05/23,Sat,,,,
2009/05/22,Fri,86.320,87.340,87.420,86.040
2009/05/21,Thu,86.160,86.320,86.580,85.520
2009/05/20,Wed,86.490,86.170,87.070,85.850
2009/05/19,Tue,86.380,86.510,87.070,85.990
2009/05/18,Mon,84.590,86.310,86.460,84.050
2009/05/17,Sun,,,,
2009/05/16,Sat,,,,
2009/05/15,Fri,86.810,84.900,87.100,84.650
2009/05/14,Thu,86.140,86.800,86.830,85.650
2009/05/13,Wed,87.170,86.100,87.770,86.160
2009/05/12,Tue,87.810,87.150,88.580,86.780
2009/05/11,Mon,89.350,87.800,89.470,87.700
2009/05/10,Sun,,,,
2009/05/09,Sat,,,,
2009/05/08,Fri,87.760,89.070,89.030,87.380
2009/05/07,Thu,86.890,87.760,88.150,86.510
2009/05/06,Wed,87.300,86.840,87.680,86.120
2009/05/05,Tue,87.760,87.220,87.930,87.030
2009/05/04,Mon,87.440,87.680,88.110,87.030
2009/05/03,Sun,,,,
2009/05/02,Sat,,,,
2009/05/01,Fri,86.440,87.190,87.650,86.310
2009/04/30,Thu,85.900,86.320,86.910,85.570
2009/04/29,Wed,84.340,85.780,86.010,84.220
2009/04/28,Tue,83.680,84.270,84.310,82.670
2009/04/27,Mon,85.040,83.580,85.210,83.640
2009/04/26,Sun,,,,
2009/04/25,Sat,,,,
2009/04/24,Fri,85.190,85.260,85.630,84.260
2009/04/23,Thu,84.200,85.220,85.220,83.790
2009/04/22,Wed,84.530,84.160,84.720,83.550
2009/04/21,Tue,83.800,84.450,84.720,83.490
2009/04/20,Mon,85.080,83.760,85.200,83.590
2009/04/19,Sun,,,,
2009/04/18,Sat,,,,
2009/04/17,Fri,86.580,85.060,86.940,84.700
2009/04/16,Thu,86.900,86.580,87.290,85.530
2009/04/15,Wed,86.900,86.910,87.130,86.040
2009/04/14,Tue,88.320,86.840,88.680,86.700
2009/04/13,Mon,87.000,88.220,88.460,86.460
2009/04/12,Sun,,,,
2009/04/11,Sat,,,,
2009/04/10,Fri,86.880,86.790,86.950,86.420
2009/04/09,Thu,86.980,86.790,87.670,86.570
2009/04/08,Wed,87.930,86.860,88.260,86.450
2009/04/07,Tue,88.860,87.850,88.950,87.050
2009/04/06,Mon,88.740,88.820,90.040,88.270
2009/04/05,Sun,,,,
2009/04/04,Sat,,,,
2009/04/03,Fri,87.810,88.640,88.660,87.260
2009/04/02,Thu,85.990,87.740,87.880,85.880
2009/04/01,Wed,86.770,85.900,87.350,85.770
2009/03/31,Tue,84.730,86.700,87.230,84.480
2009/03/30,Mon,85.370,84.730,85.860,83.390
2009/03/29,Sun,,,,
2009/03/28,Sat,,,,
2009/03/27,Fri,87.580,85.500,87.760,85.070
2009/03/26,Thu,87.070,87.620,87.680,86.840
2009/03/25,Wed,86.530,87.020,87.230,86.010
2009/03/24,Tue,86.210,86.360,87.740,86.130
2009/03/23,Mon,85.070,86.210,86.330,84.880
2009/03/22,Sun,,,,
2009/03/21,Sat,,,,
2009/03/20,Fri,84.100,85.090,85.600,84.030
2009/03/19,Thu,84.330,84.090,84.640,83.260
2009/03/18,Wed,83.420,84.040,84.530,83.220
2009/03/17,Tue,82.890,83.360,83.690,82.790
2009/03/16,Mon,82.530,82.860,83.420,82.050
2009/03/15,Sun,,,,
2009/03/14,Sat,,,,
2009/03/13,Fri,82.400,82.630,83.180,81.850
2009/03/12,Thu,84.400,82.400,84.540,81.330
2009/03/11,Wed,85.040,84.220,85.270,83.870
2009/03/10,Tue,85.260,84.980,85.900,84.820
2009/03/09,Mon,84.930,85.310,85.430,84.430
2009/03/08,Sun,,,,
2009/03/07,Sat,,,,
2009/03/06,Fri,83.720,84.770,85.180,83.540
2009/03/05,Thu,84.680,83.740,85.090,83.370
2009/03/04,Wed,83.560,84.620,84.740,83.070
2009/03/03,Tue,82.870,83.560,83.940,82.380
2009/03/02,Mon,83.380,82.720,83.530,82.370
2009/03/01,Sun,,,,
2009/02/28,Sat,,,,
2009/02/27,Fri,84.540,83.270,84.690,82.450
2009/02/26,Thu,83.280,84.440,84.790,83.120
2009/02/25,Wed,83.380,83.340,83.980,82.950
2009/02/24,Tue,80.900,83.340,83.420,80.520
2009/02/23,Mon,80.600,80.910,81.810,80.370
2009/02/22,Sun,,,,
2009/02/21,Sat,,,,
2009/02/20,Fri,80.270,80.750,81.100,78.900
2009/02/19,Thu,79.680,80.270,80.590,79.210
2009/02/18,Wed,78.990,79.680,79.750,78.690
2009/02/17,Tue,79.010,79.000,79.200,78.090
2009/02/16,Mon,78.740,79.000,79.240,78.260
2009/02/15,Sun,,,,
2009/02/14,Sat,,,,
2009/02/13,Fri,78.210,79.210,79.490,77.930
2009/02/12,Thu,78.040,78.120,78.180,77.060
2009/02/11,Wed,78.130,78.040,78.340,77.600
2009/02/10,Tue,78.570,77.980,79.430,77.460
2009/02/09,Mon,79.130,78.560,79.760,78.040
2009/02/08,Sun,,,,
2009/02/07,Sat,,,,
2009/02/06,Fri,77.950,79.100,79.160,77.330
2009/02/05,Thu,77.250,77.810,79.230,76.850
2009/02/04,Wed,78.140,77.100,78.500,76.550
2009/02/03,Tue,77.070,78.080,78.350,76.640
2009/02/02,Mon,77.470,76.970,77.630,76.160
2009/02/01,Sun,,,,
2009/01/31,Sat,,,,
2009/01/30,Fri,77.980,77.440,78.120,76.860
2009/01/29,Thu,78.400,78.000,78.710,77.620
2009/01/28,Wed,77.990,78.360,78.780,77.810
2009/01/27,Tue,78.280,77.930,79.460,77.470
2009/01/26,Mon,76.930,78.170,78.380,75.910
2009/01/25,Sun,,,,
2009/01/24,Sat,,,,
2009/01/23,Fri,76.940,76.820,77.380,75.410
2009/01/22,Thu,77.570,76.810,77.770,76.160
2009/01/21,Wed,78.230,77.500,79.020,75.910
2009/01/20,Tue,80.030,78.250,80.150,78.320
2009/01/19,Mon,81.600,80.030,82.060,79.560
2009/01/18,Sun,,,,
2009/01/17,Sat,,,,
2009/01/16,Fri,79.940,81.220,81.410,79.800
2009/01/15,Thu,79.720,79.950,80.150,79.050
2009/01/14,Wed,79.790,79.740,80.760,79.310
2009/01/13,Tue,80.040,79.690,80.270,79.340
2009/01/12,Mon,80.990,79.950,81.070,79.690
2009/01/11,Sun,,,,
2009/01/10,Sat,,,,
2009/01/09,Fri,83.460,81.030,83.590,80.970
2009/01/08,Thu,84.190,83.310,84.260,82.910
2009/01/07,Wed,84.130,84.010,85.300,83.450
2009/01/06,Tue,84.070,84.030,84.280,83.370
2009/01/05,Mon,85.170,84.140,86.040,83.970
2009/01/04,Sun,,,,
2009/01/03,Sat,,,,
2009/01/02,Fri,85.100,85.100,85.910,84.580
2009/01/01,Thu,84.850,85.010,85.410,84.170
2008/12/31,Wed,85.280,84.770,85.670,84.250
2008/12/30,Tue,85.480,85.280,86.320,84.860
2008/12/29,Mon,84.870,85.510,87.080,84.840
2008/12/28,Sun,,,,
2008/12/27,Sat,,,,
2008/12/26,Fri,83.740,84.880,84.930,83.650
2008/12/25,Thu,84.230,83.730,84.500,83.670
2008/12/24,Wed,83.510,84.240,84.440,83.040
2008/12/23,Tue,82.440,83.590,83.590,82.360
2008/12/22,Mon,80.730,82.400,82.550,80.690
2008/12/21,Sun,,,,
2008/12/20,Sat,,,,
2008/12/19,Fri,82.460,80.890,83.320,80.200
2008/12/18,Thu,81.360,82.460,85.500,81.220
2008/12/17,Wed,79.340,81.320,81.530,78.800
2008/12/16,Tue,78.250,79.460,79.360,77.680
2008/12/15,Mon,77.680,78.310,78.480,77.120
2008/12/14,Sun,,,,
2008/12/13,Sat,,,,
2008/12/12,Fri,77.320,77.310,77.770,74.920
2008/12/11,Thu,77.340,77.440,77.850,76.560
2008/12/10,Wed,76.500,77.270,77.940,76.370
2008/12/09,Tue,77.160,76.380,77.220,75.910
2008/12/08,Mon,76.160,77.070,77.540,75.950
2008/12/07,Sun,,,,
2008/12/06,Sat,,,,
2008/12/05,Fri,77.240,76.120,77.390,75.060
2008/12/04,Thu,77.130,77.100,77.630,76.040
2008/12/03,Wed,77.330,77.130,77.710,76.150
2008/12/02,Tue,77.290,77.330,78.020,76.720
2008/12/01,Mon,78.690,77.410,78.790,77.270
2008/11/30,Sun,,,,
2008/11/29,Sat,,,,
2008/11/28,Fri,79.460,78.650,79.690,78.090
2008/11/27,Thu,79.430,79.350,79.820,79.150
2008/11/26,Wed,80.490,79.380,80.600,78.810
2008/11/25,Tue,81.130,80.430,81.620,79.350
2008/11/24,Mon,78.370,81.090,81.030,77.840
2008/11/23,Sun,,,,
2008/11/22,Sat,,,,
2008/11/21,Fri,76.740,78.390,78.420,76.280
2008/11/20,Thu,78.990,76.830,79.290,76.980
2008/11/19,Wed,80.600,79.100,81.120,79.330
2008/11/18,Tue,80.500,80.690,81.350,79.990
2008/11/17,Mon,80.050,80.440,81.550,79.820
2008/11/16,Sun,,,,
2008/11/15,Sat,,,,
2008/11/14,Fri,82.460,81.320,82.780,80.580
2008/11/13,Thu,80.030,82.320,81.980,79.470
2008/11/12,Wed,82.340,79.900,82.950,80.020
2008/11/11,Tue,83.060,82.240,83.510,82.080
2008/11/10,Mon,84.580,83.020,84.920,82.900
2008/11/09,Sun,,,,
2008/11/08,Sat,,,,
2008/11/07,Fri,82.990,83.370,84.020,82.020
2008/11/06,Thu,84.670,82.900,85.030,82.950
2008/11/05,Wed,85.820,85.040,86.160,84.170
2008/11/04,Tue,84.400,85.800,86.610,83.440
2008/11/03,Mon,85.180,84.350,86.720,84.210
2008/11/02,Sun,,,,
2008/11/01,Sat,,,,
2008/10/31,Fri,86.310,85.010,86.800,83.740
2008/10/30,Thu,86.260,86.540,88.060,84.870
2008/10/29,Wed,85.050,86.220,86.600,82.950
2008/10/28,Tue,80.250,85.280,84.310,79.830
2008/10/27,Mon,79.840,80.250,81.430,78.760
2008/10/26,Sun,,,,
2008/10/25,Sat,,,,
2008/10/24,Fri,84.320,80.750,84.750,78.820
2008/10/23,Thu,83.970,84.580,84.540,82.750
2008/10/22,Wed,87.070,84.000,87.370,84.050
2008/10/21,Tue,88.710,86.860,88.900,86.520
2008/10/20,Mon,89.480,88.650,90.370,88.120
2008/10/19,Sun,,,,
2008/10/18,Sat,,,,
2008/10/17,Fri,89.430,89.370,89.810,88.550
2008/10/16,Thu,88.240,89.360,89.600,87.200
2008/10/15,Wed,89.870,87.970,90.060,88.230
2008/10/14,Tue,89.680,89.900,91.270,89.540
2008/10/13,Mon,89.340,89.700,89.740,87.460
2008/10/12,Sun,,,,
2008/10/11,Sat,,,,
2008/10/10,Fri,88.300,88.380,89.720,86.840
2008/10/09,Thu,87.920,88.070,90.230,87.830
2008/10/08,Wed,89.230,87.970,89.490,86.980
2008/10/07,Tue,88.510,88.960,90.430,88.220
2008/10/06,Mon,92.510,88.620,92.960,87.640
2008/10/05,Sun,,,,
2008/10/04,Sat,,,,
2008/10/03,Fri,92.730,93.220,94.000,92.130
2008/10/02,Thu,93.980,92.700,94.240,92.310
2008/10/01,Wed,94.630,94.030,95.270,93.810
2008/09/30,Tue,95.520,94.590,95.810,94.290
2008/09/29,Mon,97.080,95.540,97.450,95.570
2008/09/28,Sun,,,,
2008/09/27,Sat,,,,
2008/09/26,Fri,97.720,97.150,97.830,96.580
2008/09/25,Thu,97.260,97.650,98.200,97.170
2008/09/24,Wed,97.190,97.270,97.900,96.910
2008/09/23,Tue,98.230,97.070,98.370,97.150
2008/09/22,Mon,96.720,98.090,98.590,96.320
2008/09/21,Sun,,,,
2008/09/20,Sat,,,,
2008/09/19,Fri,95.440,97.170,97.220,95.060
2008/09/18,Thu,94.660,95.330,96.070,94.410
2008/09/17,Wed,93.980,94.580,95.360,93.080
2008/09/16,Tue,93.840,93.780,94.440,92.940
2008/09/15,Mon,93.590,93.950,95.410,93.490
2008/09/14,Sun,,,,
2008/09/13,Sat,,,,
2008/09/12,Fri,94.230,95.450,95.400,93.900
2008/09/11,Thu,94.720,94.190,94.860,93.060
2008/09/10,Wed,94.770,94.430,95.490,94.350
2008/09/09,Tue,95.650,94.770,95.880,94.630
2008/09/08,Mon,97.290,95.650,97.720,95.080
2008/09/07,Sun,,,,
2008/09/06,Sat,,,,
2008/09/05,Fri,96.030,96.240,96.590,95.010
2008/09/04,Thu,97.870,95.570,98.420,96.130
2008/09/03,Wed,98.170,97.900,98.360,97.260
2008/09/02,Tue,98.160,98.200,98.520,97.580
2008/09/01,Mon,98.650,98.080,98.850,97.960
2008/08/31,Sun,,,,
2008/08/30,Sat,,,,
2008/08/29,Fri,99.640,98.750,99.760,98.500
2008/08/28,Thu,99.760,99.520,100.330,99.530
2008/08/27,Wed,99.670,99.760,100.010,99.310
2008/08/26,Tue,99.770,99.670,99.940,98.990
2008/08/25,Mon,100.170,99.740,100.290,99.660
2008/08/24,Sun,,,,
2008/08/23,Sat,,,,
2008/08/22,Fri,99.840,100.080,100.490,99.700
2008/08/21,Thu,99.930,99.830,100.100,99.030
2008/08/20,Wed,100.500,99.820,100.660,99.670
2008/08/19,Tue,100.310,100.490,100.630,99.850
2008/08/18,Mon,100.780,100.310,100.960,100.160
2008/08/17,Sun,,,,
2008/08/16,Sat,,,,
2008/08/15,Fri,100.360,100.780,100.910,100.040
2008/08/14,Thu,100.920,100.280,101.010,100.080
2008/08/13,Wed,100.540,100.860,100.870,99.700
2008/08/12,Tue,101.340,100.520,101.450,100.580
2008/08/11,Mon,101.710,101.270,102.190,101.080
2008/08/10,Sun,,,,
2008/08/09,Sat,,,,
2008/08/08,Fri,103.000,101.770,103.130,101.710
2008/08/07,Thu,103.530,103.020,103.800,102.950
2008/08/06,Wed,102.720,103.410,103.560,102.650
2008/08/05,Tue,103.240,102.670,103.290,102.210
2008/08/04,Mon,102.620,103.200,103.450,102.510
2008/08/03,Sun,,,,
2008/08/02,Sat,,,,
2008/08/01,Fri,103.000,102.550,103.040,102.330
2008/07/31,Thu,103.140,102.940,103.450,102.880
2008/07/30,Wed,103.310,103.080,103.450,102.890
2008/07/29,Tue,103.880,103.320,104.230,103.250
2008/07/28,Mon,103.980,103.910,104.260,103.730
2008/07/27,Sun,,,,
2008/07/26,Sat,,,,
2008/07/25,Fri,103.520,104.040,104.100,103.120
2008/07/24,Thu,103.970,103.550,104.040,103.430
2008/07/23,Wed,104.120,103.900,104.420,103.730
2008/07/22,Tue,104.610,104.060,104.830,103.810
2008/07/21,Mon,104.560,104.560,104.730,104.240
2008/07/20,Sun,,,,
2008/07/19,Sat,,,,
2008/07/18,Fri,104.220,104.540,104.630,103.980
2008/07/17,Thu,103.310,104.220,104.210,103.180
2008/07/16,Wed,103.770,103.240,103.850,102.980
2008/07/15,Tue,104.460,103.700,104.740,103.630
2008/07/14,Mon,104.590,104.420,104.720,104.100
2008/07/13,Sun,,,,
2008/07/12,Sat,,,,
2008/07/11,Fri,104.170,104.520,104.630,103.840
2008/07/10,Thu,103.840,104.070,104.260,103.690
2008/07/09,Wed,103.990,103.800,104.320,103.730
2008/07/08,Tue,104.370,103.920,104.450,103.830
2008/07/07,Mon,104.170,104.370,104.500,103.930
2008/07/06,Sun,,,,
2008/07/05,Sat,,,,
2008/07/04,Fri,104.000,104.140,104.340,103.840
2008/07/03,Thu,104.420,103.940,105.100,103.810
2008/07/02,Wed,104.020,104.380,104.600,103.880
2008/07/01,Tue,103.990,103.980,104.100,103.490
2008/06/30,Mon,104.190,103.900,104.520,103.450
2008/06/29,Sun,,,,
2008/06/28,Sat,,,,
2008/06/27,Fri,104.320,104.190,104.590,103.970
2008/06/26,Thu,104.170,104.290,104.710,104.060
2008/06/25,Wed,103.510,104.180,104.140,103.400
2008/06/24,Tue,103.180,103.520,103.910,103.140
2008/06/23,Mon,103.620,103.120,103.810,102.870
2008/06/22,Sun,,,,
2008/06/21,Sat,,,,
2008/06/20,Fri,103.320,103.580,104.090,103.220
2008/06/19,Thu,104.060,103.310,104.320,102.990
2008/06/18,Wed,103.630,104.000,104.060,103.420
2008/06/17,Tue,103.560,103.590,103.940,103.440
2008/06/16,Mon,103.410,103.490,104.070,103.150
2008/06/15,Sun,,,,
2008/06/14,Sat,,,,
2008/06/13,Fri,103.680,103.260,103.810,102.690
2008/06/12,Thu,103.650,103.590,103.780,102.880
2008/06/11,Wed,103.070,103.560,103.660,102.880
2008/06/10,Tue,103.440,103.070,103.700,102.850
2008/06/09,Mon,102.760,103.460,103.850,102.620
2008/06/08,Sun,,,,
2008/06/07,Sat,,,,
2008/06/06,Fri,102.040,102.990,103.170,101.700
2008/06/05,Thu,100.960,102.030,102.120,100.850
2008/06/04,Wed,100.790,101.000,101.090,100.480
2008/06/03,Tue,100.660,100.820,101.350,100.530
2008/06/02,Mon,101.010,100.700,101.280,100.260
2008/06/01,Sun,,,,
2008/05/31,Sat,,,,
2008/05/30,Fri,100.570,101.210,101.300,100.190
2008/05/29,Thu,100.880,100.590,101.060,100.350
2008/05/28,Wed,100.820,100.830,101.320,100.700
2008/05/27,Tue,100.950,100.760,101.350,100.820
2008/05/26,Mon,100.840,100.900,101.030,100.640
2008/05/25,Sun,,,,
2008/05/24,Sat,,,,
2008/05/23,Fri,101.000,100.890,101.070,100.490
2008/05/22,Thu,100.550,100.920,100.980,100.290
2008/05/21,Wed,99.900,100.510,100.540,99.390
2008/05/20,Tue,99.060,99.880,100.100,98.910
2008/05/19,Mon,99.450,99.050,99.650,98.930
2008/05/18,Sun,,,,
2008/05/17,Sat,,,,
2008/05/16,Fri,99.090,99.300,99.500,98.850
2008/05/15,Thu,99.640,99.080,99.910,98.990
2008/05/14,Wed,99.450,99.610,99.890,99.210
2008/05/13,Tue,99.410,99.420,99.650,98.820
2008/05/12,Mon,98.810,99.390,99.550,98.480
2008/05/11,Sun,,,,
2008/05/10,Sat,,,,
2008/05/09,Fri,98.730,98.780,99.040,98.560
2008/05/08,Thu,99.270,98.670,99.340,98.280
2008/05/07,Wed,99.590,99.150,99.950,99.240
2008/05/06,Tue,99.570,99.590,100.010,99.490
2008/05/05,Mon,99.690,99.550,100.090,99.520
2008/05/04,Sun,,,,
2008/05/03,Sat,,,,
2008/05/02,Fri,99.630,99.560,100.220,99.450
2008/05/01,Thu,100.430,99.660,100.500,99.030
2008/04/30,Wed,100.260,100.300,100.880,100.090
2008/04/29,Tue,100.800,100.200,100.870,99.910
2008/04/28,Mon,100.880,100.710,101.410,100.680
2008/04/27,Sun,,,,
2008/04/26,Sat,,,,
2008/04/25,Fri,100.660,100.990,101.020,100.390
2008/04/24,Thu,101.880,100.620,101.960,100.570
2008/04/23,Wed,102.660,101.800,102.790,101.710
2008/04/22,Tue,102.350,102.640,102.810,101.790
2008/04/21,Mon,102.000,102.330,102.620,101.890
2008/04/20,Sun,,,,
2008/04/19,Sat,,,,
2008/04/18,Fri,101.830,101.790,102.140,101.240
2008/04/17,Thu,101.770,101.790,102.280,101.640
2008/04/16,Wed,101.180,101.810,101.890,100.790
2008/04/15,Tue,101.210,101.160,101.400,100.870
2008/04/14,Mon,100.720,101.270,101.350,100.350
2008/04/13,Sun,,,,
2008/04/12,Sat,,,,
2008/04/11,Fri,101.060,100.850,101.670,100.770
2008/04/10,Thu,101.600,101.010,101.670,100.810
2008/04/09,Wed,101.170,101.560,101.850,100.900
2008/04/08,Tue,101.080,101.010,101.570,100.900
2008/04/07,Mon,101.030,101.080,101.510,100.790
2008/04/06,Sun,,,,
2008/04/05,Sat,,,,
2008/04/04,Fri,101.250,100.880,101.710,100.970
2008/04/03,Thu,101.470,101.280,101.630,100.660
2008/04/02,Wed,100.620,101.390,101.550,100.390
2008/04/01,Tue,100.390,100.560,100.820,99.590
2008/03/31,Mon,99.680,100.400,100.780,99.390
2008/03/30,Sun,,,,
2008/03/29,Sat,,,,
2008/03/28,Fri,100.290,99.610,100.770,99.630
2008/03/27,Thu,100.220,100.260,100.650,99.530
2008/03/26,Wed,99.410,100.180,100.160,99.020
2008/03/25,Tue,98.750,99.370,99.540,98.540
2008/03/24,Mon,98.410,98.770,98.800,97.850
2008/03/23,Sun,,,,
2008/03/22,Sat,,,,
2008/03/21,Fri,98.560,98.630,98.960,98.350
2008/03/20,Thu,99.080,98.530,99.260,97.370
2008/03/19,Wed,99.290,98.930,99.620,98.920
2008/03/18,Tue,98.830,99.510,99.720,98.560
2008/03/17,Mon,99.200,98.880,99.940,98.050
2008/03/16,Sun,,,,
2008/03/15,Sat,,,,
2008/03/14,Fri,99.650,99.210,100.030,99.080
2008/03/13,Thu,100.130,99.630,100.240,98.920
2008/03/12,Wed,100.060,100.170,100.420,99.840
2008/03/11,Tue,99.820,100.100,100.790,99.540
2008/03/10,Mon,100.170,99.810,100.340,99.710
2008/03/09,Sun,,,,
2008/03/08,Sat,,,,
2008/03/07,Fri,100.360,100.150,100.600,99.510
2008/03/06,Thu,100.320,100.320,100.500,100.000
2008/03/05,Wed,99.560,100.370,100.510,99.400
2008/03/04,Tue,99.170,99.500,99.770,99.030
2008/03/03,Mon,99.560,99.120,100.000,98.790
2008/03/02,Sun,,,,
2008/03/01,Sat,,,,
2008/02/29,Fri,100.270,99.740,100.320,99.280
2008/02/28,Thu,100.160,100.310,100.540,99.910
2008/02/27,Wed,99.720,100.080,100.190,99.400
2008/02/26,Tue,99.220,99.780,99.640,98.870
2008/02/25,Mon,98.920,99.110,99.420,98.570
2008/02/24,Sun,,,,
2008/02/23,Sat,,,,
2008/02/22,Fri,98.520,98.820,98.820,98.290
2008/02/21,Thu,98.360,98.480,98.670,97.960
2008/02/20,Wed,98.430,98.320,98.700,97.930
2008/02/19,Tue,98.150,98.440,98.540,98.000
2008/02/18,Mon,98.650,98.160,98.720,97.950
2008/02/17,Sun,,,,
2008/02/16,Sat,,,,
2008/02/15,Fri,98.280,98.590,98.840,98.190
2008/02/14,Thu,97.690,98.330,98.440,97.530
2008/02/13,Wed,97.370,97.690,97.770,97.070
2008/02/12,Tue,97.040,97.390,97.710,96.880
2008/02/11,Mon,97.390,97.060,97.620,96.530
2008/02/10,Sun,,,,
2008/02/09,Sat,,,,
2008/02/08,Fri,97.350,97.380,97.500,97.030
2008/02/07,Thu,97.080,97.370,97.400,96.290
2008/02/06,Wed,97.100,96.960,97.430,96.680
2008/02/05,Tue,98.070,97.080,98.180,96.850
2008/02/04,Mon,97.800,98.010,98.250,97.760
2008/02/03,Sun,,,,
2008/02/02,Sat,,,,
2008/02/01,Fri,98.390,97.860,98.940,97.890
2008/01/31,Thu,98.170,98.420,98.640,97.790
2008/01/30,Wed,97.940,98.160,98.550,97.580
2008/01/29,Tue,98.130,97.860,98.350,97.500
2008/01/28,Mon,97.350,98.070,98.190,96.940
2008/01/27,Sun,,,,
2008/01/26,Sat,,,,
2008/01/25,Fri,98.460,97.290,98.780,97.440
2008/01/24,Thu,97.820,98.420,98.390,97.220
2008/01/23,Wed,97.190,97.790,97.810,96.390
2008/01/22,Tue,95.570,97.190,97.510,95.120
2008/01/21,Mon,97.120,95.570,97.160,95.420
2008/01/20,Sun,,,,
2008/01/19,Sat,,,,
2008/01/18,Fri,96.930,97.050,97.790,96.620
2008/01/17,Thu,97.810,97.010,97.830,97.000
2008/01/16,Wed,97.780,97.740,98.200,97.100
2008/01/15,Tue,99.020,97.770,99.140,97.810
2008/01/14,Mon,98.680,98.970,99.130,98.460
2008/01/13,Sun,,,,
2008/01/12,Sat,,,,
2008/01/11,Fri,99.160,98.860,99.370,98.570
2008/01/10,Thu,98.480,99.140,99.210,98.230
2008/01/09,Wed,97.920,98.420,98.600,97.780
2008/01/08,Tue,97.740,97.900,98.450,97.520
2008/01/07,Mon,97.970,97.760,98.430,97.480
2008/01/06,Sun,,,,
2008/01/05,Sat,,,,
2008/01/04,Fri,98.370,97.950,98.600,97.500
2008/01/03,Thu,97.940,98.290,98.520,97.350
2008/01/02,Wed,98.470,97.940,99.340,97.860
2008/01/01,Tue,98.430,98.430,98.600,98.180
2007/12/31,Mon,99.790,98.280,99.900,98.320
2007/12/30,Sun,,,,
2007/12/29,Sat,,,,
2007/12/28,Fri,99.730,99.840,100.340,99.150
2007/12/27,Thu,99.310,99.720,100.090,99.140
2007/12/26,Wed,98.630,99.280,99.330,98.390
2007/12/25,Tue,98.870,98.610,100.500,98.130
2007/12/24,Mon,98.680,98.830,99.000,98.580
2007/12/23,Sun,,,,
2007/12/22,Sat,,,,
2007/12/21,Fri,97.640,98.740,98.750,97.570
2007/12/20,Thu,98.120,97.530,98.230,97.490
2007/12/19,Wed,98.380,98.130,98.490,97.810
2007/12/18,Tue,98.290,98.380,98.640,98.070
2007/12/17,Mon,98.130,98.260,98.400,97.850
2007/12/16,Sun,,,,
2007/12/15,Sat,,,,
2007/12/14,Fri,98.320,98.320,98.600,98.020
2007/12/13,Thu,98.870,98.290,98.940,98.090
2007/12/12,Wed,97.820,98.890,99.040,97.750
2007/12/11,Tue,99.030,97.820,99.290,98.060
2007/12/10,Mon,98.840,99.000,99.430,98.670
2007/12/09,Sun,,,,
2007/12/08,Sat,,,,
2007/12/07,Fri,98.540,98.950,98.980,98.150
2007/12/06,Thu,98.340,98.450,98.730,97.760
2007/12/05,Wed,98.310,98.350,98.840,98.120
2007/12/04,Tue,98.030,98.300,98.400,97.450
2007/12/03,Mon,98.190,98.040,98.300,97.600
2007/12/02,Sun,,,,
2007/12/01,Sat,,,,
2007/11/30,Fri,98.260,98.170,99.090,98.080
2007/11/29,Thu,99.040,98.240,99.200,97.970
2007/11/28,Wed,98.580,99.030,98.970,97.590
2007/11/27,Tue,97.850,98.490,99.040,97.650
2007/11/26,Mon,98.230,97.860,98.670,97.770
2007/11/25,Sun,,,,
2007/11/24,Sat,,,,
2007/11/23,Fri,98.530,98.250,99.060,97.720
2007/11/22,Thu,98.440,98.560,99.120,98.270
2007/11/21,Wed,99.320,98.270,99.500,97.850
2007/11/20,Tue,98.440,99.280,99.620,98.130
2007/11/19,Mon,99.260,98.400,99.470,98.410
2007/11/18,Sun,,,,
2007/11/17,Sat,,,,
2007/11/16,Fri,98.320,99.210,99.570,97.840
2007/11/15,Thu,98.950,98.360,99.490,98.140
2007/11/14,Wed,98.400,99.090,99.810,98.280
2007/11/13,Tue,97.030,98.390,98.330,96.810
2007/11/12,Mon,98.350,97.010,98.600,96.790
2007/11/11,Sun,,,,
2007/11/10,Sat,,,,
2007/11/09,Fri,99.910,98.630,100.530,98.500
2007/11/08,Thu,99.500,99.920,100.180,98.850
2007/11/07,Wed,100.180,99.500,100.750,99.550
2007/11/06,Tue,99.230,100.110,100.310,99.110
2007/11/05,Mon,99.480,99.190,99.600,98.850
2007/11/04,Sun,,,,
2007/11/03,Sat,,,,
2007/11/02,Fri,98.960,99.480,99.890,98.820
2007/11/01,Thu,99.600,98.910,99.820,98.670
2007/10/31,Wed,98.940,99.560,99.660,98.880
2007/10/30,Tue,98.460,98.820,99.060,98.010
2007/10/29,Mon,98.030,98.500,98.750,97.950
2007/10/28,Sun,,,,
2007/10/27,Sat,,,,
2007/10/26,Fri,97.970,98.040,98.470,97.750
2007/10/25,Thu,97.450,97.960,98.180,97.140
2007/10/24,Wed,97.850,97.400,97.980,96.960
2007/10/23,Tue,97.230,97.830,98.120,97.090
2007/10/22,Mon,98.090,97.140,98.260,96.460
2007/10/21,Sun,,,,
2007/10/20,Sat,,,,
2007/10/19,Fri,98.830,98.170,98.860,97.960
2007/10/18,Thu,98.850,98.710,99.220,98.660
2007/10/17,Wed,98.850,98.670,99.260,98.360
2007/10/16,Tue,99.450,98.760,99.560,98.380
2007/10/15,Mon,99.230,99.410,99.990,99.120
2007/10/14,Sun,,,,
2007/10/13,Sat,,,,
2007/10/12,Fri,99.280,99.250,99.430,98.930
2007/10/11,Thu,99.090,99.200,99.910,98.850
2007/10/10,Wed,98.980,99.020,99.460,98.910
2007/10/09,Tue,99.000,98.930,99.100,98.490
2007/10/08,Mon,99.350,99.010,99.560,98.850
2007/10/07,Sun,,,,
2007/10/06,Sat,,,,
2007/10/05,Fri,99.150,99.250,99.380,98.740
2007/10/04,Thu,98.880,99.120,99.310,98.620
2007/10/03,Wed,98.460,98.890,99.280,98.340
2007/10/02,Tue,99.040,98.410,99.170,98.320
2007/10/01,Mon,98.590,98.930,99.320,98.500
2007/09/30,Sun,,,,
2007/09/29,Sat,,,,
2007/09/28,Fri,98.480,98.600,98.730,98.070
2007/09/27,Thu,98.720,98.500,98.940,98.450
2007/09/26,Wed,98.360,98.600,98.850,98.210
2007/09/25,Tue,97.950,98.380,98.390,97.600
2007/09/24,Mon,98.480,97.920,98.490,97.770
2007/09/23,Sun,,,,
2007/09/22,Sat,,,,
2007/09/21,Fri,97.820,98.490,98.590,97.690
2007/09/20,Thu,97.950,97.800,98.570,97.520
2007/09/19,Wed,98.210,97.950,98.340,97.790
2007/09/18,Tue,96.960,98.290,98.010,96.590
2007/09/17,Mon,96.920,96.890,97.210,96.600
2007/09/16,Sun,,,,
2007/09/15,Sat,,,,
2007/09/14,Fri,96.900,96.960,97.280,96.490
2007/09/13,Thu,96.400,96.870,97.310,96.240
2007/09/12,Wed,96.130,96.330,96.540,95.930
2007/09/11,Tue,95.820,96.090,96.280,95.410
2007/09/10,Mon,95.180,95.840,96.040,94.930
2007/09/09,Sun,,,,
2007/09/08,Sat,,,,
2007/09/07,Fri,96.080,95.380,96.490,95.260
2007/09/06,Thu,95.660,95.990,96.190,95.400
2007/09/05,Wed,95.950,95.630,96.240,95.210
2007/09/04,Tue,95.960,95.970,96.120,95.070
2007/09/03,Mon,95.790,95.860,96.240,95.690
2007/09/02,Sun,,,,
2007/09/01,Sat,,,,
2007/08/31,Fri,96.200,95.750,97.060,95.690
2007/08/30,Thu,96.820,96.270,96.950,95.570
2007/08/29,Wed,95.150,96.830,96.700,94.690
2007/08/28,Tue,96.270,95.120,96.680,95.230
2007/08/27,Mon,96.980,96.090,97.260,96.200
2007/08/26,Sun,,,,
2007/08/25,Sat,,,,
2007/08/24,Fri,96.280,96.910,96.960,95.750
2007/08/23,Thu,95.620,96.400,96.970,95.590
2007/08/22,Wed,94.800,95.580,95.540,94.480
2007/08/21,Tue,95.290,94.810,95.560,94.670
2007/08/20,Mon,94.610,95.280,95.740,94.200
2007/08/19,Sun,,,,
2007/08/18,Sat,,,,
2007/08/17,Fri,93.780,94.620,95.280,92.220
2007/08/16,Thu,95.510,93.910,95.640,92.260
2007/08/15,Wed,97.100,95.470,97.180,95.680
2007/08/14,Tue,98.050,97.070,98.170,97.240
2007/08/13,Mon,98.660,98.060,98.850,98.020
2007/08/12,Sun,,,,
2007/08/11,Sat,,,,
2007/08/10,Fri,98.780,98.740,99.030,98.070
2007/08/09,Thu,100.000,98.780,100.180,98.600
2007/08/08,Wed,99.240,99.970,100.290,99.150
2007/08/07,Tue,99.740,99.180,99.890,98.940
2007/08/06,Mon,99.080,99.690,99.810,98.920
2007/08/05,Sun,,,,
2007/08/04,Sat,,,,
2007/08/03,Fri,98.960,99.110,99.530,98.630
2007/08/02,Thu,98.740,98.940,99.080,98.320
2007/08/01,Wed,98.710,98.660,99.020,97.950
2007/07/31,Tue,99.010,98.580,99.220,98.590
2007/07/30,Mon,97.930,99.010,98.950,97.660
2007/07/29,Sun,,,,
2007/07/28,Sat,,,,
2007/07/27,Fri,98.440,98.110,99.030,97.820
2007/07/26,Thu,99.290,98.330,99.460,98.450
2007/07/25,Wed,99.940,99.240,100.030,98.940
2007/07/24,Tue,100.390,99.780,100.630,99.820
2007/07/23,Mon,101.250,100.370,101.290,100.430
2007/07/22,Sun,,,,
2007/07/21,Sat,,,,
2007/07/20,Fri,101.400,100.990,101.660,100.780
2007/07/19,Thu,101.520,101.380,101.790,101.390
2007/07/18,Wed,101.690,101.470,101.840,101.400
2007/07/17,Tue,101.270,101.680,101.790,101.230
2007/07/16,Mon,101.380,101.250,101.590,101.180
2007/07/15,Sun,,,,
2007/07/14,Sat,,,,
2007/07/13,Fri,101.740,101.360,101.860,101.400
2007/07/12,Thu,101.510,101.740,101.850,101.280
2007/07/11,Wed,101.140,101.420,101.660,100.700
2007/07/10,Tue,101.440,101.210,101.680,101.090
2007/07/09,Mon,101.360,101.400,101.570,101.260
2007/07/08,Sun,,,,
2007/07/07,Sat,,,,
2007/07/06,Fri,100.980,101.240,101.300,100.900
2007/07/05,Thu,100.820,100.960,101.190,100.710
2007/07/04,Wed,100.700,100.760,100.900,100.560
2007/07/03,Tue,101.090,100.690,101.220,100.500
2007/07/02,Mon,100.790,101.070,101.320,100.530
2007/07/01,Sun,,,,
2007/06/30,Sat,,,,
2007/06/29,Fri,100.070,100.810,100.940,99.900
2007/06/28,Thu,99.910,100.000,100.350,99.860
2007/06/27,Wed,100.370,99.910,100.390,99.460
2007/06/26,Tue,100.670,100.340,100.700,99.880
2007/06/25,Mon,100.730,100.630,100.890,100.400
2007/06/24,Sun,,,,
2007/06/23,Sat,,,,
2007/06/22,Fri,99.650,100.730,100.850,99.600
2007/06/21,Thu,99.800,99.640,99.840,99.500
2007/06/20,Wed,99.450,99.750,100.000,99.330
2007/06/19,Tue,99.550,99.390,99.750,99.410
2007/06/18,Mon,99.410,99.520,99.730,99.370
2007/06/17,Sun,,,,
2007/06/16,Sat,,,,
2007/06/15,Fri,98.650,99.420,99.500,98.600
2007/06/14,Thu,98.570,98.600,98.920,98.460
2007/06/13,Wed,97.950,98.590,98.560,97.760
2007/06/12,Tue,98.300,97.950,98.380,97.910
2007/06/11,Mon,98.560,98.290,98.570,98.170
2007/06/10,Sun,,,,
2007/06/09,Sat,,,,
2007/06/08,Fri,98.810,98.530,99.030,98.320
2007/06/07,Thu,99.540,98.820,99.730,98.660
2007/06/06,Wed,99.650,99.510,99.820,99.350
2007/06/05,Tue,99.500,99.650,99.820,99.430
2007/06/04,Mon,99.280,99.420,99.620,99.130
2007/06/03,Sun,,,,
2007/06/02,Sat,,,,
2007/06/01,Fri,99.350,99.210,99.490,99.040
2007/05/31,Thu,99.270,99.350,99.490,99.070
2007/05/30,Wed,99.290,99.240,99.430,99.000
2007/05/29,Tue,99.030,99.240,99.650,98.700
2007/05/28,Mon,99.170,99.010,99.260,99.000
2007/05/27,Sun,,,,
2007/05/26,Sat,,,,
2007/05/25,Fri,98.900,99.120,99.230,98.420
2007/05/24,Thu,99.080,98.800,99.120,98.650
2007/05/23,Wed,98.840,99.100,99.190,98.820
2007/05/22,Tue,98.720,98.820,98.950,98.540
2007/05/21,Mon,98.720,98.670,98.900,98.540
2007/05/20,Sun,,,,
2007/05/19,Sat,,,,
2007/05/18,Fri,98.850,98.640,99.070,98.350
2007/05/17,Thu,98.750,98.790,99.140,98.700
2007/05/16,Wed,98.960,98.730,99.210,98.600
2007/05/15,Tue,98.730,98.930,99.140,98.620
2007/05/14,Mon,98.630,98.680,98.850,98.500
2007/05/13,Sun,,,,
2007/05/12,Sat,,,,
2007/05/11,Fri,98.230,98.630,98.680,98.070
2007/05/10,Thu,98.510,98.310,98.960,98.190
2007/05/09,Wed,98.510,98.470,98.610,98.260
2007/05/08,Tue,99.130,98.480,99.190,98.200
2007/05/07,Mon,99.130,99.100,99.290,99.030
2007/05/06,Sun,,,,
2007/05/05,Sat,,,,
2007/05/04,Fri,99.030,99.170,99.370,98.880
2007/05/03,Thu,98.990,99.030,99.310,98.920
2007/05/02,Wed,98.660,98.960,99.080,98.460
2007/05/01,Tue,98.920,98.620,99.120,98.490
2007/04/30,Mon,99.020,98.910,99.290,98.820
2007/04/29,Sun,,,,
2007/04/28,Sat,,,,
2007/04/27,Fri,98.900,99.180,99.280,98.790
2007/04/26,Thu,98.540,98.820,99.040,98.350
2007/04/25,Wed,98.670,98.550,98.770,98.400
2007/04/24,Tue,98.090,98.620,98.720,97.740
2007/04/23,Mon,98.290,98.010,98.560,97.820
2007/04/22,Sun,,,,
2007/04/21,Sat,,,,
2007/04/20,Fri,98.300,98.200,98.680,98.140
2007/04/19,Thu,98.480,98.280,98.560,97.720
2007/04/18,Wed,98.410,98.500,98.680,97.970
2007/04/17,Tue,98.600,98.370,98.870,98.250
2007/04/16,Mon,98.420,98.570,98.850,98.140
2007/04/15,Sun,,,,
2007/04/14,Sat,,,,
2007/04/13,Fri,97.920,98.140,98.420,97.700
2007/04/12,Thu,97.780,97.900,98.030,97.500
2007/04/11,Wed,97.840,97.770,98.010,97.600
2007/04/10,Tue,97.290,97.830,98.040,97.090
2007/04/09,Mon,97.560,97.280,97.660,97.170
2007/04/08,Sun,,,,
2007/04/07,Sat,,,,
2007/04/06,Fri,97.720,97.580,97.930,97.540
2007/04/05,Thu,97.290,97.660,97.880,97.160
2007/04/04,Wed,97.290,97.290,97.630,97.080
2007/04/03,Tue,96.980,97.300,97.540,96.890
2007/04/02,Mon,96.860,96.950,97.130,96.730
2007/04/01,Sun,,,,
2007/03/31,Sat,,,,
2007/03/30,Fri,96.940,96.870,97.170,96.530
2007/03/29,Thu,96.090,96.930,96.950,95.880
2007/03/28,Wed,97.190,96.050,97.370,96.040
2007/03/27,Tue,97.180,97.220,97.500,97.000
2007/03/26,Mon,96.790,97.180,97.220,96.570
2007/03/25,Sun,,,,
2007/03/24,Sat,,,,
2007/03/23,Fri,97.290,96.830,97.350,96.670
2007/03/22,Thu,97.180,97.300,97.350,96.940
2007/03/21,Wed,96.780,97.220,97.230,96.710
2007/03/20,Tue,97.030,96.750,97.270,96.530
2007/03/19,Mon,96.500,96.940,97.280,96.400
2007/03/18,Sun,,,,
2007/03/17,Sat,,,,
2007/03/16,Fri,96.550,96.640,97.000,96.390
2007/03/15,Thu,96.170,96.530,96.810,96.030
2007/03/14,Wed,95.450,96.070,96.160,95.120
2007/03/13,Tue,96.090,95.380,96.140,95.370
2007/03/12,Mon,96.000,96.100,96.280,95.560
2007/03/11,Sun,,,,
2007/03/10,Sat,,,,
2007/03/09,Fri,95.380,95.740,96.010,95.320
2007/03/08,Thu,95.340,95.310,96.000,94.970
2007/03/07,Wed,95.270,95.350,95.610,94.940
2007/03/06,Tue,94.730,95.190,95.500,94.370
2007/03/05,Mon,95.930,94.660,96.010,94.290
2007/03/04,Sun,,,,
2007/03/03,Sat,,,,
2007/03/02,Fri,96.200,96.060,96.350,95.540
2007/03/01,Thu,97.150,96.210,97.560,96.040
2007/02/28,Wed,96.890,97.130,97.390,96.720
2007/02/27,Tue,98.060,96.830,98.210,96.930
2007/02/26,Mon,98.160,98.020,98.380,97.810
2007/02/25,Sun,,,,
2007/02/24,Sat,,,,
2007/02/23,Fri,98.170,98.130,98.400,97.870
2007/02/22,Thu,97.660,98.110,98.130,97.430
2007/02/21,Wed,97.050,97.670,97.760,96.810
2007/02/20,Tue,96.960,97.030,97.320,96.910
2007/02/19,Mon,96.820,96.950,97.120,96.720
2007/02/18,Sun,,,,
2007/02/17,Sat,,,,
2007/02/16,Fri,96.560,96.690,96.880,96.320
2007/02/15,Thu,97.400,96.570,97.460,96.570
2007/02/14,Wed,97.180,97.340,97.720,97.090
2007/02/13,Tue,97.270,97.150,97.440,96.850
2007/02/12,Mon,97.570,97.250,97.930,97.040
2007/02/11,Sun,,,,
2007/02/10,Sat,,,,
2007/02/09,Fri,97.160,97.420,97.480,97.000
2007/02/08,Thu,97.200,97.110,97.440,96.930
2007/02/07,Wed,96.850,97.160,97.510,96.790
2007/02/06,Tue,96.430,96.790,97.000,96.170
2007/02/05,Mon,97.020,96.350,97.070,96.300
2007/02/04,Sun,,,,
2007/02/03,Sat,,,,
2007/02/02,Fri,97.100,97.090,97.620,96.940
2007/02/01,Thu,97.010,97.050,97.190,96.730
2007/01/31,Wed,97.160,97.020,97.440,96.540
2007/01/30,Tue,97.150,97.140,97.450,96.970
2007/01/29,Mon,96.910,97.130,97.350,96.880
2007/01/28,Sun,,,,
2007/01/27,Sat,,,,
2007/01/26,Fri,97.080,96.940,97.480,96.720
2007/01/25,Thu,97.030,97.060,97.320,96.320
2007/01/24,Wed,97.920,96.950,98.000,96.670
2007/01/23,Tue,97.390,97.860,98.060,97.240
2007/01/22,Mon,97.190,97.370,97.480,97.090
2007/01/21,Sun,,,,
2007/01/20,Sat,,,,
2007/01/19,Fri,97.210,97.140,97.450,96.930
2007/01/18,Thu,96.730,97.150,97.460,96.640
2007/01/17,Wed,96.650,96.660,96.850,96.330
2007/01/16,Tue,96.450,96.580,96.900,96.390
2007/01/15,Mon,96.520,96.430,96.860,96.220
2007/01/14,Sun,,,,
2007/01/13,Sat,,,,
2007/01/12,Fri,96.450,96.370,96.680,96.230
2007/01/11,Thu,95.970,96.430,96.900,95.890
2007/01/10,Wed,96.180,95.880,96.250,95.830
2007/01/09,Tue,96.060,96.180,96.380,95.990
2007/01/08,Mon,96.040,96.010,96.150,95.600
2007/01/07,Sun,,,,
2007/01/06,Sat,,,,
2007/01/05,Fri,96.560,95.930,96.620,95.650
2007/01/04,Thu,97.340,96.510,97.490,96.580
2007/01/03,Wed,97.940,97.250,98.010,97.360
2007/01/02,Tue,97.610,97.910,98.100,97.310
2007/01/01,Mon,97.740,97.650,97.740,97.620
2006/12/31,Sun,,,,
2006/12/30,Sat,,,,
2006/12/29,Fri,97.310,97.660,97.730,97.250
2006/12/28,Thu,96.920,97.350,97.660,96.740
2006/12/27,Wed,97.400,96.840,97.540,96.620
2006/12/26,Tue,97.450,97.390,97.610,97.320
2006/12/25,Mon,97.440,97.410,97.590,97.050
2006/12/24,Sun,,,,
2006/12/23,Sat,,,,
2006/12/22,Fri,97.260,97.460,97.710,97.220
2006/12/21,Thu,97.240,97.260,97.540,96.950
2006/12/20,Wed,97.260,97.190,97.570,97.150
2006/12/19,Tue,96.630,97.220,97.250,96.440
2006/12/18,Mon,96.610,96.610,96.810,96.320
2006/12/17,Sun,,,,
2006/12/16,Sat,,,,
2006/12/15,Fri,97.010,96.720,97.480,96.250
2006/12/14,Thu,97.450,97.010,97.620,96.850
2006/12/13,Wed,97.320,97.420,97.570,97.150
2006/12/12,Tue,97.250,97.340,97.470,97.080
2006/12/11,Mon,96.440,97.220,97.330,96.350
2006/12/10,Sun,,,,
2006/12/09,Sat,,,,
2006/12/08,Fri,96.430,96.580,96.910,96.290
2006/12/07,Thu,96.350,96.400,96.530,96.030
2006/12/06,Wed,96.340,96.320,96.480,95.890
2006/12/05,Tue,96.580,96.350,96.720,95.890
2006/12/04,Mon,96.770,96.560,96.930,96.450
2006/12/03,Sun,,,,
2006/12/02,Sat,,,,
2006/12/01,Fri,96.620,96.710,97.060,96.440
2006/11/30,Thu,96.200,96.570,96.690,96.040
2006/11/29,Wed,96.540,96.180,96.680,95.970
2006/11/28,Tue,96.230,96.550,96.560,96.100
2006/11/27,Mon,96.100,96.190,96.280,95.870
2006/11/26,Sun,,,,
2006/11/25,Sat,,,,
2006/11/24,Fri,94.950,95.790,95.870,94.910
2006/11/23,Thu,95.160,94.920,95.220,94.840
2006/11/22,Wed,94.990,95.130,95.180,94.730
2006/11/21,Tue,94.880,94.940,95.160,94.810
2006/11/20,Mon,94.750,94.840,95.250,94.700
2006/11/19,Sun,,,,
2006/11/18,Sat,,,,
2006/11/17,Fri,94.730,94.570,94.780,94.380
2006/11/16,Thu,94.730,94.700,94.790,94.450
2006/11/15,Wed,94.540,94.650,94.770,94.350
2006/11/14,Tue,94.920,94.510,94.950,94.400
2006/11/13,Mon,94.850,94.880,95.090,94.720
2006/11/12,Sun,,,,
2006/11/11,Sat,,,,
2006/11/10,Fri,94.850,94.730,95.040,94.730
2006/11/09,Thu,94.170,94.850,95.040,94.140
2006/11/08,Wed,94.180,94.160,94.390,94.090
2006/11/07,Tue,94.200,94.180,94.390,93.980
2006/11/06,Mon,94.210,94.150,94.310,94.030
2006/11/05,Sun,,,,
2006/11/04,Sat,,,,
2006/11/03,Fri,94.070,94.120,94.230,93.830
2006/11/02,Thu,93.980,94.020,94.190,93.630
2006/11/01,Wed,94.020,93.960,94.220,93.860
2006/10/31,Tue,94.070,93.990,94.350,93.850
2006/10/30,Mon,94.070,94.080,94.170,93.850
2006/10/29,Sun,,,,
2006/10/28,Sat,,,,
2006/10/27,Fri,94.440,94.130,94.680,93.910
2006/10/26,Thu,94.120,94.430,94.570,94.070
2006/10/25,Wed,94.230,94.150,94.290,94.020
2006/10/24,Tue,94.220,94.220,94.280,94.070
2006/10/23,Mon,94.380,94.170,94.430,94.030
2006/10/22,Sun,,,,
2006/10/21,Sat,,,,
2006/10/20,Fri,93.970,94.290,94.420,93.870
2006/10/19,Thu,93.600,93.950,94.010,93.530
2006/10/18,Wed,93.530,93.580,93.770,93.320
2006/10/17,Tue,93.700,93.400,93.910,93.450
2006/10/16,Mon,93.960,93.650,94.030,93.590
2006/10/15,Sun,,,,
2006/10/14,Sat,,,,
2006/10/13,Fri,94.040,93.950,94.270,93.750
2006/10/12,Thu,94.100,94.030,94.260,93.920
2006/10/11,Wed,94.210,94.070,94.270,93.970
2006/10/10,Tue,94.390,94.220,94.550,94.150
2006/10/09,Mon,94.320,94.390,94.740,94.200
2006/10/08,Sun,,,,
2006/10/07,Sat,,,,
2006/10/06,Fri,94.030,94.420,94.440,93.870
2006/10/05,Thu,94.380,94.030,94.430,93.690
2006/10/04,Wed,94.690,94.360,94.930,94.130
2006/10/03,Tue,94.640,94.690,94.810,94.350
2006/10/02,Mon,94.510,94.640,94.900,94.270
2006/10/01,Sun,,,,
2006/09/30,Sat,,,,
2006/09/29,Fri,94.440,94.470,94.570,93.850
2006/09/28,Thu,94.420,94.400,94.670,94.190
2006/09/27,Wed,94.170,94.390,94.500,93.990
2006/09/26,Tue,94.100,94.130,94.320,93.590
2006/09/25,Mon,94.260,94.030,94.620,93.920
2006/09/24,Sun,,,,
2006/09/23,Sat,,,,
2006/09/22,Fri,93.670,94.290,94.440,93.570
2006/09/21,Thu,93.780,93.600,94.040,93.140
2006/09/20,Wed,94.020,93.800,94.120,93.410
2006/09/19,Tue,94.320,94.050,94.570,93.470
2006/09/18,Mon,93.360,94.270,94.350,93.320
2006/09/17,Sun,,,,
2006/09/16,Sat,,,,
2006/09/15,Fri,93.870,93.650,94.060,93.100
2006/09/14,Thu,94.040,93.910,94.540,93.860
2006/09/13,Wed,94.260,93.960,94.340,93.760
2006/09/12,Tue,94.490,94.230,94.790,94.200
2006/09/11,Mon,93.700,94.460,94.600,93.450
2006/09/10,Sun,,,,
2006/09/09,Sat,,,,
2006/09/08,Fri,93.690,93.650,93.810,93.280
2006/09/07,Thu,94.410,93.750,94.740,93.320
2006/09/06,Wed,94.060,94.470,94.460,93.990
2006/09/05,Tue,94.510,94.060,94.570,93.690
2006/09/04,Mon,95.200,94.450,95.240,94.270
2006/09/03,Sun,,,,
2006/09/02,Sat,,,,
2006/09/01,Fri,95.370,95.160,95.460,94.670
2006/08/31,Thu,95.390,95.310,95.720,95.050
2006/08/30,Wed,94.940,95.370,95.460,94.890
2006/08/29,Tue,94.770,94.920,95.070,94.410
2006/08/28,Mon,94.660,94.730,95.000,94.590
2006/08/27,Sun,,,,
2006/08/26,Sat,,,,
2006/08/25,Fri,94.070,94.570,94.820,93.930
2006/08/24,Thu,94.230,94.030,94.600,93.960
2006/08/23,Wed,94.430,94.190,94.540,94.090
2006/08/22,Tue,94.630,94.390,94.940,94.270
2006/08/21,Mon,93.900,94.610,94.950,93.870
2006/08/20,Sun,,,,
2006/08/19,Sat,,,,
2006/08/18,Fri,94.100,93.870,94.340,93.650
2006/08/17,Thu,94.210,94.020,94.270,93.970
2006/08/16,Wed,93.840,94.160,94.420,93.670
2006/08/15,Tue,93.940,93.800,94.100,93.600
2006/08/14,Mon,93.690,93.920,94.060,93.640
2006/08/13,Sun,,,,
2006/08/12,Sat,,,,
2006/08/11,Fri,93.380,93.540,93.960,93.270
2006/08/10,Thu,94.050,93.380,94.270,93.180
2006/08/09,Wed,94.040,94.010,94.280,93.750
2006/08/08,Tue,93.950,94.020,94.100,93.650
2006/08/07,Mon,93.430,93.900,94.170,93.410
2006/08/06,Sun,,,,
2006/08/05,Sat,,,,
2006/08/04,Fri,93.390,93.510,93.740,93.250
2006/08/03,Thu,93.160,93.390,93.630,92.880
2006/08/02,Wed,93.470,93.130,93.520,92.970
2006/08/01,Tue,93.130,93.420,93.520,92.720
2006/07/31,Mon,93.100,93.100,93.240,92.640
2006/07/30,Sun,,,,
2006/07/29,Sat,,,,
2006/07/28,Fri,93.460,92.990,93.640,92.880
2006/07/27,Thu,93.730,93.450,93.850,93.320
2006/07/26,Wed,93.500,93.720,93.780,93.200
2006/07/25,Tue,93.640,93.450,93.980,93.450
2006/07/24,Mon,93.970,93.610,94.100,93.470
2006/07/23,Sun,,,,
2006/07/22,Sat,,,,
2006/07/21,Fri,94.070,93.900,94.220,93.500
2006/07/20,Thu,93.610,94.060,94.160,93.490
2006/07/19,Wed,93.640,93.550,93.810,93.400
2006/07/18,Tue,93.890,93.600,93.920,93.410
2006/07/17,Mon,94.210,93.880,94.380,93.730
2006/07/16,Sun,,,,
2006/07/15,Sat,,,,
2006/07/14,Fri,93.840,94.050,94.320,93.790
2006/07/13,Thu,93.600,93.800,93.860,93.410
2006/07/12,Wed,93.180,93.560,93.700,93.100
2006/07/11,Tue,92.870,93.170,93.180,92.660
2006/07/10,Mon,93.200,92.870,93.260,92.480
2006/07/09,Sun,,,,
2006/07/08,Sat,,,,
2006/07/07,Fri,93.740,93.230,93.850,93.100
2006/07/06,Thu,93.880,93.700,94.030,93.400
2006/07/05,Wed,93.790,93.840,94.100,93.500
2006/07/04,Tue,93.680,93.730,93.780,93.410
2006/07/03,Mon,93.440,93.640,93.820,93.230
2006/07/02,Sun,,,,
2006/07/01,Sat,,,,
2006/06/30,Fri,93.090,93.580,93.630,92.880
2006/06/29,Thu,93.440,93.020,93.570,92.860
2006/06/28,Wed,93.490,93.390,93.620,93.100
2006/06/27,Tue,93.570,93.480,93.650,93.280
2006/06/26,Mon,93.310,93.540,93.620,93.170
2006/06/25,Sun,,,,
2006/06/24,Sat,,,,
2006/06/23,Fri,93.440,93.250,93.500,92.850
2006/06/22,Thu,93.080,93.440,93.570,92.980
2006/06/21,Wed,92.760,93.070,93.170,92.620
2006/06/20,Tue,93.110,92.730,93.140,92.450
2006/06/19,Mon,93.590,93.100,93.760,92.780
2006/06/18,Sun,,,,
2006/06/17,Sat,,,,
2006/06/16,Fri,93.240,93.510,93.660,93.170
2006/06/15,Thu,93.400,93.260,93.600,93.190
2006/06/14,Wed,93.090,93.390,93.690,92.870
2006/06/13,Tue,92.710,93.080,93.390,92.650
2006/06/12,Mon,92.680,92.680,92.850,92.440
2006/06/11,Sun,,,,
2006/06/10,Sat,,,,
2006/06/09,Fri,92.680,92.560,92.820,92.280
2006/06/08,Thu,92.940,92.680,93.290,92.500
2006/06/07,Wed,93.190,92.940,93.230,92.720
2006/06/06,Tue,92.900,93.120,93.290,92.650
2006/06/05,Mon,92.560,92.910,92.990,92.470
2006/06/04,Sun,,,,
2006/06/03,Sat,,,,
2006/06/02,Fri,92.260,92.450,92.660,92.120
2006/06/01,Thu,92.380,92.220,92.510,92.060
2006/05/31,Wed,92.610,92.340,92.660,92.210
2006/05/30,Tue,91.800,92.590,92.700,91.750
2006/05/29,Mon,91.810,91.780,92.030,91.600
2006/05/28,Sun,,,,
2006/05/27,Sat,,,,
2006/05/26,Fri,91.820,91.900,92.200,91.530
2006/05/25,Thu,92.710,91.830,92.790,91.750
2006/05/24,Wed,92.620,92.690,92.980,92.380
2006/05/23,Tue,92.590,92.610,92.820,91.930
2006/05/22,Mon,91.840,92.700,92.810,91.670
2006/05/21,Sun,,,,
2006/05/20,Sat,,,,
2006/05/19,Fri,91.920,91.800,92.090,91.320
2006/05/18,Thu,91.350,91.970,91.910,91.150
2006/05/17,Wed,90.890,91.290,91.240,90.350
2006/05/16,Tue,91.160,90.840,91.410,90.750
2006/05/15,Mon,91.650,91.220,91.870,90.890
2006/05/14,Sun,,,,
2006/05/13,Sat,,,,
2006/05/12,Fri,91.210,91.850,91.990,90.850
2006/05/11,Thu,90.690,91.160,91.260,90.530
2006/05/10,Wed,90.990,90.690,91.160,90.450
2006/05/09,Tue,90.950,90.940,91.180,90.550
2006/05/08,Mon,91.430,90.910,91.620,90.690
2006/05/07,Sun,,,,
2006/05/06,Sat,,,,
2006/05/05,Fri,92.460,91.760,92.850,91.600
2006/05/04,Thu,91.890,92.470,92.560,91.800
2006/05/03,Wed,91.640,91.900,92.040,91.520
2006/05/02,Tue,91.370,91.560,92.070,91.350
2006/05/01,Mon,91.710,91.350,91.830,91.200
2006/04/30,Sun,,,,
2006/04/29,Sat,,,,
2006/04/28,Fri,90.640,91.890,91.940,90.540
2006/04/27,Thu,90.330,90.610,90.660,89.890
2006/04/26,Wed,90.560,90.210,90.840,90.280
2006/04/25,Tue,90.450,90.570,90.660,89.990
2006/04/24,Mon,90.920,90.410,91.170,90.190
2006/04/23,Sun,,,,
2006/04/22,Sat,,,,
2006/04/21,Fri,91.930,91.390,92.200,91.350
2006/04/20,Thu,92.560,91.860,92.710,91.770
2006/04/19,Wed,92.330,92.530,92.780,91.980
2006/04/18,Tue,92.060,92.250,92.570,91.940
2006/04/17,Mon,91.410,92.050,92.230,91.280
2006/04/16,Sun,,,,
2006/04/15,Sat,,,,
2006/04/14,Fri,91.350,91.400,91.510,91.290
2006/04/13,Thu,91.240,91.370,91.470,91.030
2006/04/12,Wed,91.170,91.220,91.350,90.790
2006/04/11,Tue,90.880,91.160,91.380,90.780
2006/04/10,Mon,90.810,90.840,91.210,90.700
2006/04/09,Sun,,,,
2006/04/08,Sat,,,,
2006/04/07,Fri,91.290,90.880,91.390,90.510
2006/04/06,Thu,91.440,91.270,91.790,91.070
2006/04/05,Wed,91.100,91.410,91.680,90.600
2006/04/04,Tue,90.250,91.060,91.230,90.100
2006/04/03,Mon,90.310,90.210,90.570,90.080
2006/04/02,Sun,,,,
2006/04/01,Sat,,,,
2006/03/31,Fri,90.470,90.230,90.650,90.060
2006/03/30,Thu,89.930,90.470,90.530,89.840
2006/03/29,Wed,90.050,89.920,90.140,89.790
2006/03/28,Tue,89.200,90.070,90.210,88.880
2006/03/27,Mon,89.700,89.150,89.820,88.970
2006/03/26,Sun,,,,
2006/03/25,Sat,,,,
2006/03/24,Fri,89.540,89.570,89.990,89.450
2006/03/23,Thu,89.570,89.520,89.770,89.210
2006/03/22,Wed,90.110,89.590,90.250,89.490
2006/03/21,Tue,90.070,90.080,90.300,89.740
2006/03/20,Mon,89.890,90.020,90.180,89.540
2006/03/19,Sun,,,,
2006/03/18,Sat,,,,
2006/03/17,Fri,90.620,89.800,90.710,89.660
2006/03/16,Thu,90.570,90.550,90.850,90.520
2006/03/15,Wed,90.250,90.520,90.500,90.140
2006/03/14,Tue,90.580,90.180,90.660,89.990
2006/03/13,Mon,90.300,90.570,90.700,90.230
2006/03/12,Sun,,,,
2006/03/11,Sat,,,,
2006/03/10,Fri,89.960,90.270,90.380,89.850
2006/03/09,Thu,90.080,89.940,90.290,89.400
2006/03/08,Wed,89.750,90.050,90.170,89.380
2006/03/07,Tue,90.540,89.760,90.630,89.500
2006/03/06,Mon,89.770,90.520,90.600,89.710
2006/03/05,Sun,,,,
2006/03/04,Sat,,,,
2006/03/03,Fri,89.260,89.710,89.820,89.000
2006/03/02,Thu,88.420,89.230,89.220,88.310
2006/03/01,Wed,88.240,88.370,88.910,88.090
2006/02/28,Tue,87.870,88.220,88.540,87.740
2006/02/27,Mon,88.720,87.860,88.850,87.680
2006/02/26,Sun,,,,
2006/02/25,Sat,,,,
2006/02/24,Fri,89.500,88.680,89.520,88.660
2006/02/23,Thu,90.410,89.500,90.480,89.310
2006/02/22,Wed,90.740,90.400,90.910,90.130
2006/02/21,Tue,90.430,90.690,90.920,90.390
2006/02/20,Mon,90.150,90.390,90.560,90.140
2006/02/19,Sun,,,,
2006/02/18,Sat,,,,
2006/02/17,Fri,89.770,90.120,90.490,89.590
2006/02/16,Thu,89.930,89.730,90.070,89.730
2006/02/15,Wed,89.790,89.880,90.100,89.550
2006/02/14,Tue,90.080,89.780,90.100,89.420
2006/02/13,Mon,90.080,90.040,90.360,89.890
2006/02/12,Sun,,,,
2006/02/11,Sat,,,,
2006/02/10,Fri,91.430,90.160,91.540,89.980
2006/02/09,Thu,91.160,91.440,91.590,90.960
2006/02/08,Wed,90.940,91.110,91.320,90.690
2006/02/07,Tue,91.460,90.980,91.630,90.630
2006/02/06,Mon,91.840,91.440,91.980,91.330
2006/02/05,Sun,,,,
2006/02/04,Sat,,,,
2006/02/03,Fri,92.200,91.800,92.250,91.750
2006/02/02,Thu,91.510,92.180,92.220,91.460
2006/02/01,Wed,91.740,91.540,91.900,91.370
2006/01/31,Tue,91.390,91.710,91.710,91.120
2006/01/30,Mon,91.250,91.360,91.600,91.100
2006/01/29,Sun,,,,
2006/01/28,Sat,,,,
2006/01/27,Fri,91.690,91.270,91.850,91.290
2006/01/26,Thu,91.550,91.690,91.770,91.380
2006/01/25,Wed,90.930,91.510,91.810,90.890
2006/01/24,Tue,91.070,90.900,91.220,90.650
2006/01/23,Mon,90.320,91.000,91.130,90.160
2006/01/22,Sun,,,,
2006/01/21,Sat,,,,
2006/01/20,Fri,89.880,90.310,90.200,89.540
2006/01/19,Thu,90.040,89.870,90.150,89.310
2006/01/18,Wed,90.170,89.900,90.420,89.840
2006/01/17,Tue,89.820,90.110,90.320,89.660
2006/01/16,Mon,89.520,89.770,89.970,89.320
2006/01/15,Sun,,,,
2006/01/14,Sat,,,,
2006/01/13,Fri,88.900,89.440,89.510,88.890
2006/01/12,Thu,89.490,88.870,89.760,88.540
2006/01/11,Wed,89.320,89.480,89.660,89.120
2006/01/10,Tue,89.620,89.270,89.790,89.290
2006/01/09,Mon,90.130,89.550,90.170,89.250
2006/01/08,Sun,,,,
2006/01/07,Sat,,,,
2006/01/06,Fri,90.820,90.050,91.030,90.020
2006/01/05,Thu,90.960,90.780,91.140,90.440
2006/01/04,Wed,90.030,90.900,90.970,89.820
2006/01/03,Tue,89.740,89.970,90.190,89.390
2006/01/02,Mon,89.710,89.740,89.960,89.390
2006/01/01,Sun,,,,
2005/12/31,Sat,,,,
2005/12/30,Fri,89.700,89.770,89.880,89.190
2005/12/29,Thu,89.520,89.660,89.780,89.370
2005/12/28,Wed,89.130,89.510,89.820,89.070
2005/12/27,Tue,88.540,89.090,89.310,88.460
2005/12/26,Mon,88.620,88.470,88.950,88.400
2005/12/25,Sun,,,,
2005/12/24,Sat,,,,
2005/12/23,Fri,88.960,88.560,89.070,88.410
2005/12/22,Thu,89.360,88.930,89.620,88.790
2005/12/21,Wed,89.510,89.280,89.810,89.150
2005/12/20,Tue,89.820,89.520,90.200,89.180
2005/12/19,Mon,89.660,89.750,90.420,89.570
2005/12/18,Sun,,,,
2005/12/17,Sat,,,,
2005/12/16,Fri,90.160,89.680,90.680,89.590
2005/12/15,Thu,91.550,90.150,91.790,90.090
2005/12/14,Wed,92.770,91.470,93.010,91.180
2005/12/13,Tue,92.790,92.730,93.100,92.620
2005/12/12,Mon,92.450,92.740,93.160,92.400
2005/12/11,Sun,,,,
2005/12/10,Sat,,,,
2005/12/09,Fri,92.540,92.620,92.740,92.120
2005/12/08,Thu,92.110,92.470,92.820,91.760
2005/12/07,Wed,92.520,92.100,92.630,91.930
2005/12/06,Tue,92.450,92.460,92.790,92.380
2005/12/05,Mon,91.850,92.330,92.520,91.730
2005/12/04,Sun,,,,
2005/12/03,Sat,,,,
2005/12/02,Fri,91.450,91.490,91.850,91.160
2005/12/01,Thu,91.110,91.440,91.480,91.010
2005/11/30,Wed,91.100,91.080,91.170,90.740
2005/11/29,Tue,91.030,91.090,91.250,90.660
2005/11/28,Mon,90.740,91.010,91.090,90.540
2005/11/27,Sun,,,,
2005/11/26,Sat,,,,
2005/11/25,Fri,90.400,90.690,90.950,90.340
2005/11/24,Thu,90.530,90.410,90.620,90.240
2005/11/23,Wed,90.620,90.490,90.740,90.010
2005/11/22,Tue,90.160,90.570,90.610,90.040
2005/11/21,Mon,90.690,90.120,90.850,90.010
2005/11/20,Sun,,,,
2005/11/19,Sat,,,,
2005/11/18,Fri,90.190,90.570,90.620,89.870
2005/11/17,Thu,89.920,90.110,90.140,89.510
2005/11/16,Wed,90.300,89.870,90.560,89.790
2005/11/15,Tue,90.170,90.240,90.350,89.990
2005/11/14,Mon,89.970,90.150,90.540,89.870
2005/11/13,Sun,,,,
2005/11/12,Sat,,,,
2005/11/11,Fri,89.890,89.860,89.970,89.470
2005/11/10,Thu,89.730,89.860,90.240,89.650
2005/11/09,Wed,89.460,89.700,89.750,89.170
2005/11/08,Tue,90.100,89.440,90.190,89.320
2005/11/07,Mon,90.390,90.090,90.450,89.760
2005/11/06,Sun,,,,
2005/11/05,Sat,,,,
2005/11/04,Fri,90.670,90.520,91.290,90.320
2005/11/03,Thu,91.390,90.630,91.530,90.700
2005/11/02,Wed,90.610,91.360,91.470,90.550
2005/11/01,Tue,90.320,90.550,90.620,90.230
2005/10/31,Mon,90.330,90.280,90.520,90.060
2005/10/30,Sun,,,,
2005/10/29,Sat,,,,
2005/10/28,Fri,90.680,90.310,90.740,90.190
2005/10/27,Thu,90.310,90.640,90.660,90.230
2005/10/26,Wed,90.120,90.260,90.450,89.960
2005/10/25,Tue,89.650,90.090,90.150,89.400
2005/10/24,Mon,89.660,89.660,89.790,89.340
2005/10/23,Sun,,,,
2005/10/22,Sat,,,,
2005/10/21,Fri,89.560,89.660,90.070,89.460
2005/10/20,Thu,89.080,89.540,89.560,88.940
2005/10/19,Wed,89.110,89.060,89.320,88.690
2005/10/18,Tue,88.920,89.140,89.240,88.710
2005/10/17,Mon,88.850,88.920,89.100,88.730
2005/10/16,Sun,,,,
2005/10/15,Sat,,,,
2005/10/14,Fri,88.830,88.700,89.040,88.600
2005/10/13,Thu,88.820,88.830,89.020,88.310
2005/10/12,Wed,88.820,88.820,89.070,88.540
2005/10/11,Tue,88.930,88.740,89.020,88.480
2005/10/10,Mon,88.870,88.920,89.270,88.750
2005/10/09,Sun,,,,
2005/10/08,Sat,,,,
2005/10/07,Fri,89.140,89.000,89.220,88.780
2005/10/06,Thu,88.150,89.050,89.200,88.110
2005/10/05,Wed,87.800,88.080,88.130,87.570
2005/10/04,Tue,87.690,87.760,88.030,87.540
2005/10/03,Mon,87.730,87.700,87.940,87.440
2005/10/02,Sun,,,,
2005/10/01,Sat,,,,
2005/09/30,Fri,87.360,87.720,88.070,87.320
2005/09/29,Thu,87.520,87.400,87.700,87.130
2005/09/28,Wed,87.430,87.490,87.570,87.280
2005/09/27,Tue,87.010,87.420,87.520,86.950
2005/09/26,Mon,86.980,86.940,87.240,86.680
2005/09/25,Sun,,,,
2005/09/24,Sat,,,,
2005/09/23,Fri,87.360,87.020,87.380,86.680
2005/09/22,Thu,87.630,87.300,87.940,87.130
2005/09/21,Wed,87.340,87.590,87.840,87.240
2005/09/20,Tue,87.230,87.330,87.540,87.040
2005/09/19,Mon,87.470,87.200,87.590,87.020
2005/09/18,Sun,,,,
2005/09/17,Sat,,,,
2005/09/16,Fri,87.300,87.660,87.810,87.280
2005/09/15,Thu,87.740,87.260,87.870,86.890
2005/09/14,Wed,87.760,87.730,88.040,87.440
2005/09/13,Tue,87.700,87.730,88.120,87.620
2005/09/12,Mon,87.710,87.690,88.010,87.290
2005/09/11,Sun,,,,
2005/09/10,Sat,,,,
2005/09/09,Fri,88.790,88.210,89.220,88.150
2005/09/08,Thu,88.530,88.790,89.040,88.470
2005/09/07,Wed,88.540,88.510,89.040,88.280
2005/09/06,Tue,88.670,88.520,88.850,88.290
2005/09/05,Mon,89.210,88.590,89.400,88.410
2005/09/04,Sun,,,,
2005/09/03,Sat,,,,
2005/09/02,Fri,88.940,89.300,89.440,88.840
2005/09/01,Thu,88.260,88.890,89.040,88.190
2005/08/31,Wed,87.640,88.270,88.410,87.600
2005/08/30,Tue,87.320,87.570,87.820,87.210
2005/08/29,Mon,87.540,87.300,88.180,87.170
2005/08/28,Sun,,,,
2005/08/27,Sat,,,,
2005/08/26,Fri,87.570,87.390,87.810,87.160
2005/08/25,Thu,87.190,87.560,87.630,87.100
2005/08/24,Wed,86.530,87.110,87.190,86.480
2005/08/23,Tue,86.390,86.560,86.820,86.170
2005/08/22,Mon,86.690,86.350,86.790,85.980
2005/08/21,Sun,,,,
2005/08/20,Sat,,,,
2005/08/19,Fri,86.940,86.610,87.060,86.560
2005/08/18,Thu,87.070,86.920,87.490,86.780
2005/08/17,Wed,87.310,87.060,87.360,86.850
2005/08/16,Tue,87.070,87.280,87.300,86.670
2005/08/15,Mon,87.810,87.040,87.930,86.980
2005/08/14,Sun,,,,
2005/08/13,Sat,,,,
2005/08/12,Fri,88.040,87.690,88.220,87.580
2005/08/11,Thu,88.060,87.970,88.270,87.850
2005/08/10,Wed,88.860,88.030,88.920,87.720
2005/08/09,Tue,88.930,88.870,89.180,88.700
2005/08/08,Mon,88.710,88.900,89.070,88.430
2005/08/07,Sun,,,,
2005/08/06,Sat,,,,
2005/08/05,Fri,88.430,88.630,88.850,88.340
2005/08/04,Thu,88.090,88.420,88.510,87.780
2005/08/03,Wed,87.270,88.080,88.150,87.160
2005/08/02,Tue,87.770,87.230,87.850,87.170
2005/08/01,Mon,87.420,87.680,88.020,87.070
2005/07/31,Sun,,,,
2005/07/30,Sat,,,,
2005/07/29,Fri,87.220,87.320,87.500,86.920
2005/07/28,Thu,86.820,87.210,87.320,86.520
2005/07/27,Wed,86.590,86.790,86.840,86.310
2005/07/26,Tue,86.030,86.550,86.630,85.940
2005/07/25,Mon,85.790,85.930,86.520,85.720
2005/07/24,Sun,,,,
2005/07/23,Sat,,,,
2005/07/22,Fri,85.830,85.780,86.620,85.570
2005/07/21,Thu,87.750,85.770,87.930,85.560
2005/07/20,Wed,86.710,87.740,87.730,86.680
2005/07/19,Tue,86.490,86.680,86.850,86.230
2005/07/18,Mon,86.560,86.440,86.900,86.310
2005/07/17,Sun,,,,
2005/07/16,Sat,,,,
2005/07/15,Fri,87.070,86.660,87.250,86.430
2005/07/14,Thu,86.750,87.070,87.250,86.520
2005/07/13,Wed,87.190,86.740,87.320,86.730
2005/07/12,Tue,86.850,87.130,87.270,86.600
2005/07/11,Mon,86.350,86.830,86.940,86.150
2005/07/10,Sun,,,,
2005/07/09,Sat,,,,
2005/07/08,Fri,86.290,86.410,86.600,86.000
2005/07/07,Thu,86.170,86.260,86.960,86.000
2005/07/06,Wed,85.680,86.100,86.140,85.520
2005/07/05,Tue,85.610,85.630,85.980,85.530
2005/07/04,Mon,86.070,85.600,86.210,85.500
2005/07/03,Sun,,,,
2005/07/02,Sat,,,,
2005/07/01,Fri,86.490,86.160,86.570,86.030
2005/06/30,Thu,86.120,86.440,86.610,85.900
2005/06/29,Wed,85.830,86.140,86.350,85.710
2005/06/28,Tue,86.160,85.790,86.560,85.740
2005/06/27,Mon,85.690,86.130,86.370,85.670
2005/06/26,Sun,,,,
2005/06/25,Sat,,,,
2005/06/24,Fri,85.140,85.550,85.840,84.940
2005/06/23,Thu,85.590,85.120,85.640,84.770
2005/06/22,Wed,85.520,85.570,86.000,85.410
2005/06/21,Tue,86.000,85.420,86.150,85.240
2005/06/20,Mon,86.120,85.930,86.230,85.870
2005/06/19,Sun,,,,
2005/06/18,Sat,,,,
2005/06/17,Fri,85.640,86.260,86.410,85.510
2005/06/16,Thu,85.940,85.610,86.050,85.480
2005/06/15,Wed,85.660,85.920,86.100,85.510
2005/06/14,Tue,86.240,85.640,86.420,85.500
2005/06/13,Mon,85.600,86.160,86.230,85.310
2005/06/12,Sun,,,,
2005/06/11,Sat,,,,
2005/06/10,Fri,85.650,85.560,85.880,85.380
2005/06/09,Thu,85.500,85.590,85.890,85.400
2005/06/08,Wed,85.590,85.460,86.120,85.370
2005/06/07,Tue,85.590,85.610,85.810,85.380
2005/06/06,Mon,85.890,85.540,86.110,85.470
2005/06/05,Sun,,,,
2005/06/04,Sat,,,,
2005/06/03,Fri,86.510,85.910,86.640,85.880
2005/06/02,Thu,86.510,86.510,86.770,86.270
2005/06/01,Wed,86.970,86.490,87.080,86.380
2005/05/31,Tue,87.180,86.940,87.280,86.550
2005/05/30,Mon,87.610,87.160,87.710,87.060
2005/05/29,Sun,,,,
2005/05/28,Sat,,,,
2005/05/27,Fri,87.360,87.680,87.790,87.240
2005/05/26,Thu,87.790,87.340,87.980,87.220
2005/05/25,Wed,87.570,87.780,87.950,87.290
2005/05/24,Tue,87.430,87.490,87.670,87.310
2005/05/23,Mon,87.650,87.440,87.740,87.400
2005/05/22,Sun,,,,
2005/05/21,Sat,,,,
2005/05/20,Fri,88.110,87.660,88.160,87.500
2005/05/19,Thu,87.920,88.100,88.200,87.730
2005/05/18,Wed,87.740,87.840,88.090,87.600
2005/05/17,Tue,87.390,87.720,87.960,87.100
2005/05/16,Mon,87.620,87.360,88.020,87.340
2005/05/15,Sun,,,,
2005/05/14,Sat,,,,
2005/05/13,Fri,87.810,87.540,87.870,87.400
2005/05/12,Thu,87.740,87.680,87.970,87.540
2005/05/11,Wed,87.880,87.710,88.240,87.390
2005/05/10,Tue,87.720,87.870,88.010,87.530
2005/05/09,Mon,87.070,87.750,87.710,87.020
2005/05/08,Sun,,,,
2005/05/07,Sat,,,,
2005/05/06,Fri,87.550,87.010,87.760,86.820
2005/05/05,Thu,87.730,87.530,87.820,87.160
2005/05/04,Wed,87.630,87.650,88.090,87.520
2005/05/03,Tue,87.700,87.650,88.000,87.490
2005/05/02,Mon,87.800,87.700,88.090,87.500
2005/05/01,Sun,,,,
2005/04/30,Sat,,,,
2005/04/29,Fri,88.970,87.540,89.060,87.660
2005/04/28,Thu,88.790,88.950,89.140,88.630
2005/04/27,Wed,89.370,88.790,89.570,88.750
2005/04/26,Tue,89.010,89.360,89.390,88.870
2005/04/25,Mon,89.280,88.960,89.490,88.740
2005/04/24,Sun,,,,
2005/04/23,Sat,,,,
2005/04/22,Fri,90.420,89.700,90.500,89.380
2005/04/21,Thu,90.750,90.380,91.130,90.270
2005/04/20,Wed,90.390,90.680,90.760,90.210
2005/04/19,Tue,90.460,90.350,90.610,90.190
2005/04/18,Mon,89.690,90.440,90.650,89.550
2005/04/17,Sun,,,,
2005/04/16,Sat,,,,
2005/04/15,Fri,89.100,89.820,89.830,88.990
2005/04/14,Thu,89.480,89.120,89.620,88.860
2005/04/13,Wed,89.850,89.410,89.920,89.140
2005/04/12,Tue,90.330,89.810,90.450,89.830
2005/04/11,Mon,90.450,90.280,90.590,90.120
2005/04/10,Sun,,,,
2005/04/09,Sat,,,,
2005/04/08,Fri,89.980,90.400,90.510,89.600
2005/04/07,Thu,90.150,89.990,90.420,89.970
2005/04/06,Wed,89.730,90.110,90.280,89.580
2005/04/05,Tue,89.550,89.680,89.860,89.470
2005/04/04,Mon,89.330,89.530,89.750,89.280
2005/04/03,Sun,,,,
2005/04/02,Sat,,,,
2005/04/01,Fri,89.580,89.420,89.910,89.160
2005/03/31,Thu,89.610,89.500,89.790,89.240
2005/03/30,Wed,89.510,89.600,89.990,89.280
2005/03/29,Tue,88.980,89.440,89.480,88.940
2005/03/28,Mon,88.730,88.900,89.030,88.530
2005/03/27,Sun,,,,
2005/03/26,Sat,,,,
2005/03/25,Fri,88.510,88.660,88.810,88.420
2005/03/24,Thu,88.600,88.510,89.200,88.510
2005/03/23,Wed,88.850,88.640,88.930,88.290
2005/03/22,Tue,89.250,88.800,89.470,88.800
2005/03/21,Mon,89.970,89.220,90.020,89.100
2005/03/20,Sun,,,,
2005/03/19,Sat,,,,
2005/03/18,Fri,90.360,89.930,90.600,89.690
2005/03/17,Thu,90.390,90.360,90.550,90.200
2005/03/16,Wed,89.740,90.370,90.510,89.540
2005/03/15,Tue,90.450,89.690,90.540,89.480
2005/03/14,Mon,90.280,90.440,90.970,90.250
2005/03/13,Sun,,,,
2005/03/12,Sat,,,,
2005/03/11,Fri,90.220,90.350,90.430,89.960
2005/03/10,Thu,89.710,90.190,90.390,89.620
2005/03/09,Wed,90.130,89.670,90.240,89.300
2005/03/08,Tue,89.530,90.090,90.200,89.310
2005/03/07,Mon,89.620,89.450,89.750,89.350
2005/03/06,Sun,,,,
2005/03/05,Sat,,,,
2005/03/04,Fri,89.160,89.580,89.580,89.000
2005/03/03,Thu,89.190,89.120,89.450,89.010
2005/03/02,Wed,89.600,89.160,89.780,89.070
2005/03/01,Tue,89.990,89.530,90.040,89.420
2005/02/28,Mon,90.570,90.000,90.620,89.680
2005/02/27,Sun,,,,
2005/02/26,Sat,,,,
2005/02/25,Fri,90.160,90.520,90.420,89.810
2005/02/24,Thu,90.120,90.100,90.530,89.990
2005/02/23,Wed,89.810,90.080,90.340,89.740
2005/02/22,Tue,89.290,89.780,89.840,88.750
2005/02/21,Mon,89.210,89.280,89.500,89.090
2005/02/20,Sun,,,,
2005/02/19,Sat,,,,
2005/02/18,Fri,89.140,89.260,89.490,88.790
2005/02/17,Thu,88.790,89.060,89.270,88.570
2005/02/16,Wed,87.730,88.760,88.780,87.680
2005/02/15,Tue,87.730,87.660,88.140,87.450
2005/02/14,Mon,87.230,87.670,87.740,87.030
2005/02/13,Sun,,,,
2005/02/12,Sat,,,,
2005/02/11,Fri,87.620,87.310,87.740,87.210
2005/02/10,Thu,86.850,87.580,87.620,86.700
2005/02/09,Wed,86.600,86.830,87.050,86.300
2005/02/08,Tue,85.670,86.600,86.750,85.540
2005/02/07,Mon,86.120,85.650,86.340,85.570
2005/02/06,Sun,,,,
2005/02/05,Sat,,,,
2005/02/04,Fri,86.910,85.940,87.000,85.830
2005/02/03,Thu,86.920,86.880,87.230,86.770
2005/02/02,Wed,87.090,86.940,87.410,86.890
2005/02/01,Tue,87.180,87.100,87.350,86.950
2005/01/31,Mon,87.180,87.130,87.320,86.800
2005/01/30,Sun,,,,
2005/01/29,Sat,,,,
2005/01/28,Fri,87.020,87.140,87.450,86.610
2005/01/27,Thu,87.060,87.020,87.640,86.910
2005/01/26,Wed,87.190,87.020,87.280,86.700
2005/01/25,Tue,86.730,87.180,87.570,86.470
2005/01/24,Mon,86.690,86.670,87.220,86.520
2005/01/23,Sun,,,,
2005/01/22,Sat,,,,
2005/01/21,Fri,86.890,86.680,87.250,86.580
2005/01/20,Thu,86.660,86.920,87.020,86.290
2005/01/19,Wed,86.280,86.620,87.140,86.160
2005/01/18,Tue,86.290,86.240,87.070,86.180
2005/01/17,Mon,86.400,86.200,86.620,86.230
2005/01/16,Sun,,,,
2005/01/15,Sat,,,,
2005/01/14,Fri,87.420,86.410,87.490,86.350
2005/01/13,Thu,87.690,87.350,88.010,87.270
2005/01/12,Wed,87.370,87.730,88.080,87.150
2005/01/11,Tue,88.220,87.380,88.660,87.500
2005/01/10,Mon,88.490,88.140,88.660,88.140
2005/01/09,Sun,,,,
2005/01/08,Sat,,,,
2005/01/07,Fri,89.420,88.410,89.550,88.170
2005/01/06,Thu,89.080,89.410,89.570,88.940
2005/01/05,Wed,89.570,89.050,89.650,88.820
2005/01/04,Tue,89.510,89.520,89.850,89.120
2005/01/03,Mon,90.020,89.430,90.270,89.280
2005/01/02,Sun,,,,
2005/01/01,Sat,,,,
2004/12/31,Fri,91.080,89.880,91.140,89.780
2004/12/30,Thu,91.590,91.070,91.830,90.850
2004/12/29,Wed,90.870,91.500,91.780,90.810
2004/12/28,Tue,90.730,90.850,91.070,90.600
2004/12/27,Mon,90.740,90.680,91.040,90.520
2004/12/26,Sun,,,,
2004/12/25,Sat,,,,
2004/12/24,Fri,90.570,90.690,90.880,90.470
2004/12/23,Thu,90.400,90.530,90.720,90.170
2004/12/22,Wed,90.490,90.370,90.620,90.100
2004/12/21,Tue,90.590,90.460,90.900,90.260
2004/12/20,Mon,90.030,90.580,91.020,90.000
2004/12/19,Sun,,,,
2004/12/18,Sat,,,,
2004/12/17,Fri,90.470,90.030,90.530,89.930
2004/12/16,Thu,91.320,90.470,91.590,90.150
2004/12/15,Wed,91.440,91.280,91.590,90.960
2004/12/14,Tue,90.820,91.400,91.540,90.660
2004/12/13,Mon,90.650,90.870,90.940,90.470
2004/12/12,Sun,,,,
2004/12/11,Sat,,,,
2004/12/10,Fri,90.960,90.560,91.210,90.650
2004/12/09,Thu,90.540,90.930,91.010,90.320
2004/12/08,Wed,90.200,90.540,90.660,89.910
2004/12/07,Tue,90.430,90.200,90.560,90.020
2004/12/06,Mon,90.210,90.400,90.550,89.970
2004/12/05,Sun,,,,
2004/12/04,Sat,,,,
2004/12/03,Fri,89.640,90.260,90.250,89.470
2004/12/02,Thu,89.960,89.640,90.110,89.350
2004/12/01,Wed,90.260,89.980,90.570,89.780
2004/11/30,Tue,90.040,90.260,90.560,89.940
2004/11/29,Mon,90.000,89.890,90.280,89.660
2004/11/28,Sun,,,,
2004/11/27,Sat,,,,
2004/11/26,Fri,89.870,90.000,90.280,89.640
2004/11/25,Thu,89.760,89.880,90.030,89.440
2004/11/24,Wed,89.180,89.720,89.760,89.140
2004/11/23,Tue,88.730,89.150,89.500,88.460
2004/11/22,Mon,88.940,88.720,89.070,88.570
2004/11/21,Sun,,,,
2004/11/20,Sat,,,,
2004/11/19,Fri,89.010,88.680,89.270,88.600
2004/11/18,Thu,89.460,88.970,89.600,88.950
2004/11/17,Wed,89.570,89.460,89.850,89.150
2004/11/16,Tue,89.290,89.560,89.800,89.220
2004/11/15,Mon,90.170,89.280,90.210,89.300
2004/11/14,Sun,,,,
2004/11/13,Sat,,,,
2004/11/12,Fri,90.520,90.060,90.670,89.650
2004/11/11,Thu,90.730,90.460,90.790,90.350
2004/11/10,Wed,89.330,90.650,90.840,89.260
2004/11/09,Tue,89.330,89.300,89.540,89.190
2004/11/08,Mon,89.560,89.250,89.660,89.230
2004/11/07,Sun,,,,
2004/11/06,Sat,,,,
2004/11/05,Fri,89.290,89.650,89.660,88.530
2004/11/04,Thu,88.960,89.250,89.490,88.840
2004/11/03,Wed,88.160,89.010,88.980,87.820
2004/11/02,Tue,88.570,88.100,88.680,87.820
2004/11/01,Mon,88.650,88.530,88.950,88.310
2004/10/31,Sun,,,,
2004/10/30,Sat,,,,
2004/10/29,Fri,88.560,88.510,88.660,88.230
2004/10/28,Thu,88.200,88.540,88.740,87.940
2004/10/27,Wed,88.880,88.120,89.090,88.170
2004/10/26,Tue,89.180,88.810,89.450,88.460
2004/10/25,Mon,88.840,89.160,89.350,88.460
2004/10/24,Sun,,,,
2004/10/23,Sat,,,,
2004/10/22,Fri,88.290,88.640,88.550,88.100
2004/10/21,Thu,88.640,88.230,88.750,88.120
2004/10/20,Wed,88.160,88.580,88.900,88.090
2004/10/19,Tue,88.720,88.040,88.810,88.030
2004/10/18,Mon,88.540,88.700,89.030,88.430
2004/10/17,Sun,,,,
2004/10/16,Sat,,,,
2004/10/15,Fri,88.060,88.550,88.700,87.830
2004/10/14,Thu,87.700,88.080,88.120,87.460
2004/10/13,Wed,87.410,87.670,87.710,86.940
2004/10/12,Tue,87.430,87.380,87.590,87.260
2004/10/11,Mon,87.690,87.340,87.740,87.240
2004/10/10,Sun,,,,
2004/10/09,Sat,,,,
2004/10/08,Fri,87.960,87.540,88.110,87.480
2004/10/07,Thu,88.010,87.980,88.220,87.840
2004/10/06,Wed,88.100,88.000,88.150,87.760
2004/10/05,Tue,87.690,88.080,88.170,87.420
2004/10/04,Mon,88.510,87.680,88.590,87.540
2004/10/03,Sun,,,,
2004/10/02,Sat,,,,
2004/10/01,Fri,88.330,88.370,88.610,88.130
2004/09/30,Thu,88.040,88.260,88.600,87.820
2004/09/29,Wed,88.410,87.980,88.470,87.780
2004/09/28,Tue,88.260,88.420,88.720,88.130
2004/09/27,Mon,87.790,88.250,88.430,87.620
2004/09/26,Sun,,,,
2004/09/25,Sat,,,,
2004/09/24,Fri,87.910,87.850,88.230,87.540
2004/09/23,Thu,87.820,87.850,88.300,87.590
2004/09/22,Wed,87.510,87.770,87.790,87.340
2004/09/21,Tue,86.410,87.470,87.570,86.350
2004/09/20,Mon,86.520,86.390,86.690,86.040
2004/09/19,Sun,,,,
2004/09/18,Sat,,,,
2004/09/17,Fri,86.370,86.470,86.920,86.240
2004/09/16,Thu,86.640,86.370,86.720,86.140
2004/09/15,Wed,87.090,86.590,87.180,86.600
2004/09/14,Tue,87.390,87.000,87.530,86.880
2004/09/13,Mon,87.160,87.340,87.570,86.970
2004/09/12,Sun,,,,
2004/09/11,Sat,,,,
2004/09/10,Fri,86.950,87.050,87.650,86.900
2004/09/09,Thu,86.760,86.980,87.120,86.620
2004/09/08,Wed,86.310,86.800,86.720,85.680
2004/09/07,Tue,86.680,86.290,86.750,86.030
2004/09/06,Mon,86.980,86.630,87.090,86.530
2004/09/05,Sun,,,,
2004/09/04,Sat,,,,
2004/09/03,Fri,86.810,86.810,87.200,86.290
2004/09/02,Thu,86.890,86.780,86.970,86.520
2004/09/01,Wed,86.200,86.870,87.100,86.070
2004/08/31,Tue,85.870,86.150,86.660,85.780
2004/08/30,Mon,85.490,85.850,86.240,85.400
2004/08/29,Sun,,,,
2004/08/28,Sat,,,,
2004/08/27,Fri,86.190,85.410,86.270,85.270
2004/08/26,Thu,86.500,86.130,86.550,85.900
2004/08/25,Wed,86.130,86.450,86.770,85.880
2004/08/24,Tue,86.510,86.170,86.760,85.880
2004/08/23,Mon,87.250,86.500,87.440,86.420
2004/08/22,Sun,,,,
2004/08/21,Sat,,,,
2004/08/20,Fri,87.980,87.210,88.150,87.210
2004/08/19,Thu,87.880,87.930,88.250,87.770
2004/08/18,Wed,88.420,87.850,88.560,87.590
2004/08/17,Tue,89.040,88.470,89.160,88.170
2004/08/16,Mon,89.120,89.030,89.470,88.720
2004/08/15,Sun,,,,
2004/08/14,Sat,,,,
2004/08/13,Fri,88.240,89.410,89.410,88.150
2004/08/12,Thu,87.960,88.260,88.490,87.690
2004/08/11,Wed,88.170,87.830,88.420,87.660
2004/08/10,Tue,88.240,88.160,88.690,88.100
2004/08/09,Mon,88.320,88.190,88.370,87.860
2004/08/08,Sun,,,,
2004/08/07,Sat,,,,
2004/08/06,Fri,87.670,88.370,88.340,87.370
2004/08/05,Thu,87.060,87.670,87.600,86.950
2004/08/04,Wed,86.500,87.010,87.400,86.420
2004/08/03,Tue,86.590,86.550,86.850,86.330
2004/08/02,Mon,87.160,86.530,87.370,86.590
2004/08/01,Sun,,,,
2004/07/31,Sat,,,,
2004/07/30,Fri,87.470,86.940,87.820,86.790
2004/07/29,Thu,87.540,87.460,87.980,87.420
2004/07/28,Wed,86.960,87.620,87.820,86.870
2004/07/27,Tue,86.970,86.970,87.250,86.710
2004/07/26,Mon,87.010,86.940,87.220,86.660
2004/07/25,Sun,,,,
2004/07/24,Sat,,,,
2004/07/23,Fri,87.910,86.900,88.030,86.900
2004/07/22,Thu,87.890,87.880,88.100,87.490
2004/07/21,Wed,87.290,87.890,87.900,87.070
2004/07/20,Tue,88.120,87.290,88.590,87.240
2004/07/19,Mon,88.770,88.080,88.880,87.850
2004/07/18,Sun,,,,
2004/07/17,Sat,,,,
2004/07/16,Fri,88.800,88.630,88.920,88.350
2004/07/15,Thu,88.800,88.760,89.150,88.340
2004/07/14,Wed,87.910,88.770,88.930,87.690
2004/07/13,Tue,88.390,87.900,88.730,87.890
2004/07/12,Mon,88.450,88.330,88.570,87.940
2004/07/11,Sun,,,,
2004/07/10,Sat,,,,
2004/07/09,Fri,88.930,88.460,89.040,88.090
2004/07/08,Thu,88.570,88.870,88.960,88.360
2004/07/07,Wed,88.520,88.560,88.640,88.160
2004/07/06,Tue,88.270,88.500,88.840,88.140
2004/07/05,Mon,88.100,88.200,88.450,87.950
2004/07/04,Sun,,,,
2004/07/03,Sat,,,,
2004/07/02,Fri,86.780,87.820,88.310,86.650
2004/07/01,Thu,87.090,86.740,87.170,86.100
2004/06/30,Wed,85.460,87.090,87.490,85.440
2004/06/29,Tue,86.390,85.450,86.770,85.520
2004/06/28,Mon,86.200,86.360,86.680,85.930
2004/06/27,Sun,,,,
2004/06/26,Sat,,,,
2004/06/25,Fri,86.090,86.220,86.570,85.980
2004/06/24,Thu,86.570,86.030,86.640,85.900
2004/06/23,Wed,87.370,86.560,87.550,86.460
2004/06/22,Tue,87.410,87.400,87.480,86.600
2004/06/21,Mon,87.510,87.390,87.550,86.710
2004/06/20,Sun,,,,
2004/06/19,Sat,,,,
2004/06/18,Fri,87.500,87.520,87.610,86.710
2004/06/17,Thu,86.870,87.450,87.680,86.490
2004/06/16,Wed,87.640,86.870,87.820,86.690
2004/06/15,Tue,88.370,87.670,88.820,87.390
2004/06/14,Mon,87.340,88.370,88.630,87.210
2004/06/13,Sun,,,,
2004/06/12,Sat,,,,
2004/06/11,Fri,87.840,87.390,88.010,87.290
2004/06/10,Thu,87.920,87.750,88.040,87.030
2004/06/09,Wed,88.590,87.860,88.640,87.020
2004/06/08,Tue,88.580,88.560,89.070,88.400
2004/06/07,Mon,89.470,88.650,89.830,88.500
2004/06/06,Sun,,,,
2004/06/05,Sat,,,,
2004/06/04,Fri,88.720,89.750,89.790,88.480
2004/06/03,Thu,87.920,88.680,89.330,87.810
2004/06/02,Wed,88.710,87.950,89.070,88.010
2004/06/01,Tue,87.300,88.730,88.770,87.230
2004/05/31,Mon,88.300,87.300,88.410,87.000
2004/05/30,Sun,,,,
2004/05/29,Sat,,,,
2004/05/28,Fri,89.050,87.760,89.260,87.790
2004/05/27,Thu,87.940,89.070,89.150,87.780
2004/05/26,Wed,87.850,87.910,88.040,87.550
2004/05/25,Tue,88.330,87.800,88.790,87.990
2004/05/24,Mon,87.450,88.270,88.460,87.380
2004/05/23,Sun,,,,
2004/05/22,Sat,,,,
2004/05/21,Fri,87.710,87.940,88.120,87.430
2004/05/20,Thu,88.480,87.770,88.820,87.500
2004/05/19,Wed,89.070,88.480,89.170,87.730
2004/05/18,Tue,89.630,89.060,89.930,88.560
2004/05/17,Mon,88.110,89.660,89.650,87.930
2004/05/16,Sun,,,,
2004/05/15,Sat,,,,
2004/05/14,Fri,88.010,88.100,88.300,87.620
2004/05/13,Thu,87.300,87.960,88.360,87.240
2004/05/12,Wed,87.230,87.260,87.920,86.550
2004/05/11,Tue,87.560,87.120,87.780,86.880
2004/05/10,Mon,86.260,87.460,87.750,86.060
2004/05/09,Sun,,,,
2004/05/08,Sat,,,,
2004/05/07,Fri,85.520,86.270,86.570,85.340
2004/05/06,Thu,85.310,85.570,85.920,85.160
2004/05/05,Wed,85.370,85.250,86.000,84.900
2004/05/04,Tue,84.780,85.370,85.850,84.540
2004/05/03,Mon,85.300,84.870,85.400,84.540
2004/05/02,Sun,,,,
2004/05/01,Sat,,,,
2004/04/30,Fri,85.100,85.080,85.590,84.700
2004/04/29,Thu,84.270,85.130,85.260,84.150
2004/04/28,Wed,84.280,84.260,84.600,83.710
2004/04/27,Tue,83.120,84.320,84.530,82.760
2004/04/26,Mon,82.720,83.170,83.170,82.440
2004/04/25,Sun,,,,
2004/04/24,Sat,,,,
2004/04/23,Fri,83.640,83.000,84.010,82.690
2004/04/22,Thu,83.300,83.670,83.800,82.960
2004/04/21,Wed,82.910,83.200,83.640,82.640
2004/04/20,Tue,84.020,82.840,84.200,82.570
2004/04/19,Mon,83.440,84.020,84.310,83.280
2004/04/18,Sun,,,,
2004/04/17,Sat,,,,
2004/04/16,Fri,83.510,83.250,84.060,83.150
2004/04/15,Thu,83.720,83.460,84.200,83.210
2004/04/14,Wed,81.980,83.690,83.790,81.880
2004/04/13,Tue,82.210,82.060,82.300,81.630
2004/04/12,Mon,82.930,82.290,83.030,81.900
2004/04/11,Sun,,,,
2004/04/10,Sat,,,,
2004/04/09,Fri,82.850,83.000,83.350,82.540
2004/04/08,Thu,82.430,82.790,83.250,82.300
2004/04/07,Wed,82.090,82.450,82.670,81.470
2004/04/06,Tue,80.470,82.020,82.320,80.380
2004/04/05,Mon,80.870,80.460,81.230,80.270
2004/04/04,Sun,,,,
2004/04/03,Sat,,,,
2004/04/02,Fri,82.060,80.970,82.540,80.720
2004/04/01,Thu,82.390,82.040,82.450,81.830
2004/03/31,Wed,82.460,82.400,82.720,81.190
2004/03/30,Tue,82.180,82.440,83.190,82.030
2004/03/29,Mon,82.390,82.200,82.500,81.800
2004/03/28,Sun,,,,
2004/03/27,Sat,,,,
2004/03/26,Fri,82.920,82.460,83.000,81.960
2004/03/25,Thu,83.190,82.910,83.400,82.810
2004/03/24,Wed,84.850,83.160,85.210,83.130
2004/03/23,Tue,84.930,84.780,85.270,84.390
2004/03/22,Mon,84.160,84.970,85.230,83.990
2004/03/21,Sun,,,,
2004/03/20,Sat,,,,
2004/03/19,Fri,84.980,84.000,85.420,83.940
2004/03/18,Thu,84.790,84.880,85.150,83.680
2004/03/17,Wed,85.130,84.750,85.280,84.120
2004/03/16,Tue,86.470,85.210,86.600,85.080
2004/03/15,Mon,86.470,86.440,87.170,85.930
2004/03/14,Sun,,,,
2004/03/13,Sat,,,,
2004/03/12,Fri,87.410,86.330,87.620,86.040
2004/03/11,Thu,86.100,87.350,87.160,85.480
2004/03/10,Wed,86.830,86.070,87.060,85.800
2004/03/09,Tue,87.270,86.800,87.690,86.820
2004/03/08,Mon,87.930,87.270,88.040,87.280
2004/03/07,Sun,,,,
2004/03/06,Sat,,,,
2004/03/05,Fri,85.910,87.780,87.940,85.640
2004/03/04,Thu,85.110,85.860,85.910,84.780
2004/03/03,Wed,84.990,85.120,85.130,84.250
2004/03/02,Tue,85.980,85.020,86.080,84.880
2004/03/01,Mon,86.520,85.920,86.940,85.730
2004/02/29,Sun,,,,
2004/02/28,Sat,,,,
2004/02/27,Fri,86.490,86.380,86.620,85.450
2004/02/26,Thu,86.570,86.480,86.830,86.270
2004/02/25,Wed,87.150,86.540,87.420,86.400
2004/02/24,Tue,86.220,87.160,87.370,86.070
2004/02/23,Mon,86.410,86.220,86.470,85.880
2004/02/22,Sun,,,,
2004/02/21,Sat,,,,
2004/02/20,Fri,86.410,86.500,87.080,86.290
2004/02/19,Thu,85.910,86.430,86.470,85.810
2004/02/18,Wed,86.120,85.920,86.690,85.950
2004/02/17,Tue,85.480,86.050,86.340,85.400
2004/02/16,Mon,85.270,85.500,85.600,85.050
2004/02/15,Sun,,,,
2004/02/14,Sat,,,,
2004/02/13,Fri,85.610,85.180,86.110,85.050
2004/02/12,Thu,85.710,85.600,85.910,85.490
2004/02/11,Wed,85.440,85.640,85.810,84.890
2004/02/10,Tue,85.430,85.340,85.960,85.370
2004/02/09,Mon,85.050,85.470,86.030,85.020
2004/02/08,Sun,,,,
2004/02/07,Sat,,,,
2004/02/06,Fri,84.670,85.570,85.770,84.550
2004/02/05,Thu,84.290,84.660,85.030,84.210
2004/02/04,Wed,84.390,84.260,84.580,84.050
2004/02/03,Tue,83.690,84.340,84.980,83.570
2004/02/02,Mon,84.030,83.680,84.230,83.490
2004/02/01,Sun,,,,
2004/01/31,Sat,,,,
2004/01/30,Fri,84.150,84.060,84.430,83.540
2004/01/29,Thu,84.500,84.120,84.990,83.920
2004/01/28,Wed,85.170,84.490,85.590,84.300
2004/01/27,Tue,84.600,85.170,85.250,84.210
2004/01/26,Mon,85.740,84.590,85.860,84.740
2004/01/25,Sun,,,,
2004/01/24,Sat,,,,
2004/01/23,Fri,85.950,85.810,86.370,85.310
2004/01/22,Thu,86.180,85.940,86.690,85.820
2004/01/21,Wed,85.860,86.180,86.340,85.660
2004/01/20,Tue,84.430,85.800,86.120,84.350
2004/01/19,Mon,84.170,84.430,84.760,83.930
2004/01/18,Sun,,,,
2004/01/17,Sat,,,,
2004/01/16,Fri,85.420,84.220,85.550,83.970
2004/01/15,Thu,86.130,85.390,86.350,85.250
2004/01/14,Wed,86.870,86.120,87.060,85.900
2004/01/13,Tue,87.160,86.950,87.230,86.530
2004/01/12,Mon,87.310,86.830,87.590,86.910
2004/01/11,Sun,,,,
2004/01/10,Sat,,,,
2004/01/09,Fri,86.540,87.270,87.980,86.480
2004/01/08,Thu,85.650,86.520,86.720,85.020
2004/01/07,Wed,86.280,85.680,86.350,85.530
2004/01/06,Tue,86.110,86.220,86.760,86.040
2004/01/05,Mon,86.440,86.090,87.040,85.930
2004/01/04,Sun,,,,
2004/01/03,Sat,,,,
2004/01/02,Fri,86.370,86.380,86.770,85.850
2004/01/01,Thu,86.580,86.300,86.680,86.360
2003/12/31,Wed,86.170,86.540,86.900,86.040
2003/12/30,Tue,85.670,86.180,86.160,85.570
2003/12/29,Mon,85.700,85.650,85.840,85.370
2003/12/28,Sun,,,,
2003/12/27,Sat,,,,
2003/12/26,Fri,85.920,85.670,86.060,85.490
2003/12/25,Thu,86.060,85.860,86.140,85.800
2003/12/24,Wed,85.320,86.020,86.140,85.260
2003/12/23,Tue,85.530,85.230,85.620,85.200
2003/12/22,Mon,85.920,85.440,86.090,85.520
2003/12/21,Sun,,,,
2003/12/20,Sat,,,,
2003/12/19,Fri,86.150,85.790,86.200,85.620
2003/12/18,Thu,85.660,86.060,86.150,85.570
2003/12/17,Wed,85.330,85.680,85.730,85.080
2003/12/16,Tue,85.330,85.310,85.690,85.230
2003/12/15,Mon,84.700,85.290,85.370,84.460
2003/12/14,Sun,,,,
2003/12/13,Sat,,,,
2003/12/12,Fri,85.100,85.380,85.510,84.930
2003/12/11,Thu,85.510,85.060,85.640,84.530
2003/12/10,Wed,84.790,85.460,85.830,84.440
2003/12/09,Tue,84.730,84.770,85.200,84.480
2003/12/08,Mon,84.500,84.690,85.000,84.210
2003/12/07,Sun,,,,
2003/12/06,Sat,,,,
2003/12/05,Fri,83.950,84.400,84.590,83.750
2003/12/04,Thu,84.120,83.960,84.440,83.650
2003/12/03,Wed,84.350,84.040,84.590,83.800
2003/12/02,Tue,84.280,84.310,84.870,83.840
2003/12/01,Mon,84.830,84.260,85.450,84.210
2003/11/30,Sun,,,,
2003/11/29,Sat,,,,
2003/11/28,Fri,83.880,84.870,84.980,83.850
2003/11/27,Thu,84.320,83.870,84.430,83.820
2003/11/26,Wed,83.000,84.310,84.330,82.880
2003/11/25,Tue,82.830,82.920,83.550,82.720
2003/11/24,Mon,83.780,82.800,83.940,82.750
2003/11/23,Sun,,,,
2003/11/22,Sat,,,,
2003/11/21,Fri,83.870,83.770,84.090,83.360
2003/11/20,Thu,83.590,83.840,84.030,83.390
2003/11/19,Wed,83.530,83.560,83.960,82.860
2003/11/18,Tue,82.260,83.530,83.220,82.120
2003/11/17,Mon,81.630,82.210,82.880,81.620
2003/11/16,Sun,,,,
2003/11/15,Sat,,,,
2003/11/14,Fri,80.850,81.600,81.570,80.770
2003/11/13,Thu,80.550,80.770,80.900,80.190
2003/11/12,Wed,79.830,80.540,80.840,79.750
2003/11/11,Tue,79.320,79.710,80.020,79.070
2003/11/10,Mon,80.130,79.330,80.340,78.940
2003/11/09,Sun,,,,
2003/11/08,Sat,,,,
2003/11/07,Fri,80.030,80.240,80.380,79.900
2003/11/06,Thu,80.270,80.020,80.500,80.030
2003/11/05,Wed,80.460,80.230,80.670,79.990
2003/11/04,Tue,81.640,80.460,81.660,80.450
2003/11/03,Mon,82.020,81.610,82.500,81.410
2003/11/02,Sun,,,,
2003/11/01,Sat,,,,
2003/10/31,Fri,81.570,81.970,82.490,81.490
2003/10/30,Thu,81.400,81.570,82.020,81.140
2003/10/29,Wed,81.330,81.410,81.720,81.160
2003/10/28,Tue,82.350,81.270,82.390,81.380
2003/10/27,Mon,83.160,82.360,83.280,82.190
2003/10/26,Sun,,,,
2003/10/25,Sat,,,,
2003/10/24,Fri,83.420,83.100,83.930,83.210
2003/10/23,Thu,83.200,83.610,83.860,83.130
2003/10/22,Wed,82.320,82.940,83.050,82.200
2003/10/21,Tue,82.830,82.290,82.840,82.170
2003/10/20,Mon,82.370,82.820,83.050,82.020
2003/10/19,Sun,,,,
2003/10/18,Sat,,,,
2003/10/17,Fri,82.310,82.310,82.430,81.760
2003/10/16,Thu,82.390,82.310,82.640,82.110
2003/10/15,Wed,82.660,82.290,82.890,82.210
2003/10/14,Tue,82.390,82.640,83.070,81.880
2003/10/13,Mon,82.790,82.320,82.790,81.740
2003/10/12,Sun,,,,
2003/10/11,Sat,,,,
2003/10/10,Fri,82.800,82.730,83.040,82.180
2003/10/09,Thu,83.520,82.850,83.760,82.450
2003/10/08,Wed,83.550,83.430,83.970,83.220
2003/10/07,Tue,84.070,83.490,84.260,83.260
2003/10/06,Mon,83.060,84.060,84.150,82.870
2003/10/05,Sun,,,,
2003/10/04,Sat,,,,
2003/10/03,Fri,84.020,82.860,84.200,82.850
2003/10/02,Thu,84.240,83.960,84.690,83.930
2003/10/01,Wed,84.540,84.140,84.640,83.870
2003/09/30,Tue,83.650,84.610,84.690,83.480
2003/09/29,Mon,83.030,83.600,83.640,82.380
2003/09/28,Sun,,,,
2003/09/27,Sat,,,,
2003/09/26,Fri,83.470,82.980,83.600,83.040
2003/09/25,Thu,82.820,83.490,83.530,82.640
2003/09/24,Wed,82.640,82.770,82.790,82.070
2003/09/23,Tue,82.880,82.660,82.930,82.090
2003/09/22,Mon,82.690,82.870,83.100,82.130
2003/09/21,Sun,,,,
2003/09/20,Sat,,,,
2003/09/19,Fri,83.210,83.390,83.640,82.870
2003/09/18,Thu,84.120,83.170,84.190,83.040
2003/09/17,Wed,83.610,84.150,84.520,83.240
2003/09/16,Tue,85.100,83.580,85.130,83.370
2003/09/15,Mon,85.010,85.090,85.380,84.820
2003/09/14,Sun,,,,
2003/09/13,Sat,,,,
2003/09/12,Fri,84.630,85.060,85.450,83.820
2003/09/11,Thu,84.600,84.640,85.060,83.930
2003/09/10,Wed,84.770,84.630,84.860,84.100
2003/09/09,Tue,83.980,84.750,84.820,83.570
2003/09/08,Mon,84.190,83.940,84.510,83.920
2003/09/07,Sun,,,,
2003/09/06,Sat,,,,
2003/09/05,Fri,83.110,84.490,84.500,82.770
2003/09/04,Thu,81.890,83.100,83.060,81.640
2003/09/03,Wed,82.100,81.890,82.230,81.630
2003/09/02,Tue,83.240,82.010,83.320,81.930
2003/09/01,Mon,83.460,83.230,83.520,82.990
2003/08/31,Sun,,,,
2003/08/30,Sat,,,,
2003/08/29,Fri,82.980,83.500,83.510,82.470
2003/08/28,Thu,83.050,82.990,83.290,82.350
2003/08/27,Wed,83.090,83.050,83.750,82.980
2003/08/26,Tue,82.870,83.030,83.450,82.180
2003/08/25,Mon,82.890,82.840,83.200,82.670
2003/08/24,Sun,,,,
2003/08/23,Sat,,,,
2003/08/22,Fri,83.350,82.900,83.630,82.520
2003/08/21,Thu,85.120,83.290,85.200,83.190
2003/08/20,Wed,85.280,85.080,85.520,84.770
2003/08/19,Tue,86.010,85.210,86.050,85.100
2003/08/18,Mon,86.910,85.990,86.950,85.740
2003/08/17,Sun,,,,
2003/08/16,Sat,,,,
2003/08/15,Fri,86.990,86.950,87.150,86.630
2003/08/14,Thu,87.240,86.940,87.510,86.670
2003/08/13,Wed,86.750,87.190,87.380,86.470
2003/08/12,Tue,87.300,86.760,87.570,86.650
2003/08/11,Mon,87.560,87.280,87.590,86.730
2003/08/10,Sun,,,,
2003/08/09,Sat,,,,
2003/08/08,Fri,88.140,87.620,88.290,87.320
2003/08/07,Thu,88.870,88.160,88.890,87.970
2003/08/06,Wed,88.940,88.850,89.370,88.840
2003/08/05,Tue,89.290,88.920,89.480,88.600
2003/08/04,Mon,88.680,89.250,89.420,88.500
2003/08/03,Sun,,,,
2003/08/02,Sat,,,,
2003/08/01,Fri,87.960,88.000,88.310,87.350
2003/07/31,Thu,88.090,87.930,88.290,87.430
2003/07/30,Wed,88.670,88.020,88.770,88.070
2003/07/29,Tue,88.750,88.640,89.070,88.550
2003/07/28,Mon,88.290,88.720,88.910,88.210
2003/07/27,Sun,,,,
2003/07/26,Sat,,,,
2003/07/25,Fri,88.390,88.370,88.770,87.980
2003/07/24,Thu,88.240,88.300,88.400,87.970
2003/07/23,Wed,87.460,88.230,88.370,87.200
2003/07/22,Tue,87.490,87.400,87.900,87.390
2003/07/21,Mon,87.080,87.450,87.570,86.710
2003/07/20,Sun,,,,
2003/07/19,Sat,,,,
2003/07/18,Fri,86.700,86.880,87.260,86.490
2003/07/17,Thu,85.900,86.680,86.910,85.650
2003/07/16,Wed,85.130,85.870,86.030,84.860
2003/07/15,Tue,85.720,85.070,85.840,84.320
2003/07/14,Mon,85.530,85.680,85.770,85.160
2003/07/13,Sun,,,,
2003/07/12,Sat,,,,
2003/07/11,Fri,86.460,85.660,86.510,85.620
2003/07/10,Thu,86.680,86.400,86.950,85.910
2003/07/09,Wed,86.360,86.650,86.950,86.170
2003/07/08,Tue,86.020,86.280,86.500,85.680
2003/07/07,Mon,87.470,86.070,87.630,86.010
2003/07/06,Sun,,,,
2003/07/05,Sat,,,,
2003/07/04,Fri,87.650,87.420,87.730,87.280
2003/07/03,Thu,87.860,87.590,88.110,87.230
2003/07/02,Wed,88.920,87.840,88.950,87.830
2003/07/01,Tue,88.650,88.890,89.180,88.320
2003/06/30,Mon,88.630,88.640,88.870,88.180
2003/06/29,Sun,,,,
2003/06/28,Sat,,,,
2003/06/27,Fri,88.350,88.650,88.760,88.240
2003/06/26,Thu,88.790,88.300,88.950,88.150
2003/06/25,Wed,88.710,88.780,89.010,88.280
2003/06/24,Tue,89.000,88.650,89.120,88.440
2003/06/23,Mon,89.120,89.020,89.160,88.530
2003/06/22,Sun,,,,
2003/06/21,Sat,,,,
2003/06/20,Fri,90.070,89.010,90.130,88.580
2003/06/19,Thu,89.120,90.080,90.160,88.850
2003/06/18,Wed,90.220,89.110,90.440,89.090
2003/06/17,Tue,90.150,90.180,90.670,90.050
2003/06/16,Mon,90.530,90.100,90.830,90.130
2003/06/15,Sun,,,,
2003/06/14,Sat,,,,
2003/06/13,Fri,89.840,90.490,90.410,89.230
2003/06/12,Thu,89.990,89.820,90.360,89.570
2003/06/11,Wed,89.440,90.080,90.290,89.340
2003/06/10,Tue,89.840,89.380,90.100,89.070
2003/06/09,Mon,89.980,89.830,90.370,89.350
2003/06/08,Sun,,,,
2003/06/07,Sat,,,,
2003/06/06,Fri,90.520,89.890,90.710,89.680
2003/06/05,Thu,90.150,90.370,90.870,89.490
2003/06/04,Wed,90.930,90.170,91.100,90.090
2003/06/03,Tue,91.240,90.920,91.350,90.620
2003/06/02,Mon,92.070,91.250,92.090,90.500
2003/06/01,Sun,,,,
2003/05/31,Sat,,,,
2003/05/30,Fri,91.910,91.920,92.250,91.650
2003/05/29,Thu,91.480,91.860,92.100,91.010
2003/05/28,Wed,91.090,91.450,91.630,90.760
2003/05/27,Tue,90.760,91.070,91.370,90.610
2003/05/26,Mon,90.620,90.760,90.960,90.450
2003/05/25,Sun,,,,
2003/05/24,Sat,,,,
2003/05/23,Fri,90.500,90.670,90.850,90.030
2003/05/22,Thu,90.430,90.450,90.870,90.340
2003/05/21,Wed,90.360,90.430,91.110,90.300
2003/05/20,Tue,90.290,90.330,90.470,89.940
2003/05/19,Mon,88.340,90.310,90.370,88.300
2003/05/18,Sun,,,,
2003/05/17,Sat,,,,
2003/05/16,Fri,87.920,88.780,88.870,87.900
2003/05/15,Thu,88.280,87.890,88.430,87.620
2003/05/14,Wed,88.940,88.230,88.970,88.040
2003/05/13,Tue,89.230,88.860,89.340,88.460
2003/05/12,Mon,89.300,89.160,89.660,89.070
2003/05/11,Sun,,,,
2003/05/10,Sat,,,,
2003/05/09,Fri,89.160,89.310,89.670,89.060
2003/05/08,Thu,87.900,89.090,89.120,87.530
2003/05/07,Wed,88.710,87.880,88.870,87.600
2003/05/06,Tue,88.350,88.720,88.800,88.210
2003/05/05,Mon,88.560,88.340,88.600,88.070
2003/05/04,Sun,,,,
2003/05/03,Sat,,,,
2003/05/02,Fri,88.180,88.550,88.660,88.060
2003/05/01,Thu,87.790,88.190,88.420,87.290
2003/04/30,Wed,87.970,87.720,88.290,87.610
2003/04/29,Tue,87.850,87.940,88.000,87.360
2003/04/28,Mon,88.250,87.800,88.530,87.750
2003/04/27,Sun,,,,
2003/04/26,Sat,,,,
2003/04/25,Fri,88.100,88.250,88.570,88.010
2003/04/24,Thu,87.590,88.100,88.270,87.430
2003/04/23,Wed,87.480,87.560,87.690,87.260
2003/04/22,Tue,86.830,87.450,87.570,86.680
2003/04/21,Mon,86.760,86.800,87.150,86.540
2003/04/20,Sun,,,,
2003/04/19,Sat,,,,
2003/04/18,Fri,86.570,86.640,86.930,86.550
2003/04/17,Thu,87.210,86.560,87.350,86.570
2003/04/16,Wed,86.380,87.170,87.350,86.350
2003/04/15,Tue,86.600,86.380,86.730,86.250
2003/04/14,Mon,86.500,86.580,86.840,86.340
2003/04/13,Sun,,,,
2003/04/12,Sat,,,,
2003/04/11,Fri,86.260,86.480,86.660,86.030
2003/04/10,Thu,87.030,86.220,87.200,86.220
2003/04/09,Wed,86.400,87.040,87.230,86.310
2003/04/08,Tue,86.290,86.390,86.420,85.950
2003/04/07,Mon,86.420,86.250,86.510,85.700
2003/04/06,Sun,,,,
2003/04/05,Sat,,,,
2003/04/04,Fri,86.630,86.550,86.860,86.380
2003/04/03,Thu,86.240,86.560,86.710,86.000
2003/04/02,Wed,87.170,86.170,87.320,86.210
2003/04/01,Tue,87.390,87.150,87.540,87.080
2003/03/31,Mon,87.620,87.320,87.920,87.090
2003/03/30,Sun,,,,
2003/03/29,Sat,,,,
2003/03/28,Fri,86.810,87.470,87.760,86.730
2003/03/27,Thu,86.860,86.750,87.040,86.610
2003/03/26,Wed,86.910,86.850,87.150,86.600
2003/03/25,Tue,87.170,86.820,87.280,86.650
2003/03/24,Mon,86.450,87.200,87.290,86.400
2003/03/23,Sun,,,,
2003/03/22,Sat,,,,
2003/03/21,Fri,86.670,86.640,86.930,86.410
2003/03/20,Thu,86.430,86.730,87.050,85.900
2003/03/19,Wed,85.930,86.380,86.600,85.640
2003/03/18,Tue,85.810,85.930,86.110,85.420
2003/03/17,Mon,86.750,85.830,87.080,85.440
2003/03/16,Sun,,,,
2003/03/15,Sat,,,,
2003/03/14,Fri,87.210,86.580,87.370,86.390
2003/03/13,Thu,87.870,87.370,88.100,87.110
2003/03/12,Wed,88.130,87.870,88.340,87.830
2003/03/11,Tue,88.180,88.120,88.370,87.910
2003/03/10,Mon,87.700,88.150,88.130,87.470
2003/03/09,Sun,,,,
2003/03/08,Sat,,,,
2003/03/07,Fri,87.980,87.600,88.400,87.130
2003/03/06,Thu,88.130,87.960,88.320,87.790
2003/03/05,Wed,88.040,88.080,88.500,87.970
2003/03/04,Tue,87.910,88.020,88.260,87.740
2003/03/03,Mon,87.200,87.860,87.820,86.970
2003/03/02,Sun,,,,
2003/03/01,Sat,,,,
2003/02/28,Fri,86.450,87.270,87.370,86.400
2003/02/27,Thu,86.380,86.400,86.720,86.190
2003/02/26,Wed,86.390,86.350,86.640,86.220
2003/02/25,Tue,86.950,86.370,87.240,86.040
2003/02/24,Mon,87.020,86.950,87.060,85.940
2003/02/23,Sun,,,,
2003/02/22,Sat,,,,
2003/02/21,Fri,87.200,86.920,87.780,87.010
2003/02/20,Thu,86.800,87.160,87.270,86.710
2003/02/19,Wed,86.450,86.770,86.910,86.320
2003/02/18,Tue,87.660,86.450,87.770,86.320
2003/02/17,Mon,88.370,87.630,88.450,87.210
2003/02/16,Sun,,,,
2003/02/15,Sat,,,,
2003/02/14,Fri,89.000,88.310,89.100,88.100
2003/02/13,Thu,88.490,88.940,89.090,88.340
2003/02/12,Wed,88.520,88.460,88.820,88.230
2003/02/11,Tue,88.800,88.500,88.850,88.310
2003/02/10,Mon,88.780,88.740,89.040,88.670
2003/02/09,Sun,,,,
2003/02/08,Sat,,,,
2003/02/07,Fri,88.490,88.770,88.850,88.030
2003/02/06,Thu,88.260,88.480,88.750,88.100
2003/02/05,Wed,88.890,88.210,89.060,88.190
2003/02/04,Tue,88.370,88.850,89.020,88.190
2003/02/03,Mon,87.860,88.350,88.760,87.790
2003/02/02,Sun,,,,
2003/02/01,Sat,,,,
2003/01/31,Fri,87.740,87.850,88.210,87.600
2003/01/30,Thu,87.370,87.700,87.780,86.900
2003/01/29,Wed,87.440,87.330,87.650,87.190
2003/01/28,Tue,87.580,87.370,87.660,87.150
2003/01/27,Mon,87.140,87.490,87.880,86.980
2003/01/26,Sun,,,,
2003/01/25,Sat,,,,
2003/01/24,Fri,86.700,86.980,87.140,86.610
2003/01/23,Thu,86.740,86.670,86.990,86.450
2003/01/22,Wed,86.670,86.710,86.940,86.280
2003/01/21,Tue,86.260,86.650,86.910,86.240
2003/01/20,Mon,86.180,86.230,86.410,86.000
2003/01/19,Sun,,,,
2003/01/18,Sat,,,,
2003/01/17,Fri,85.750,86.000,86.120,85.680
2003/01/16,Thu,85.340,85.700,85.670,85.090
2003/01/15,Wed,85.170,85.260,85.660,84.790
2003/01/14,Tue,85.800,85.190,85.950,85.120
2003/01/13,Mon,86.400,85.770,86.440,85.670
2003/01/12,Sun,,,,
2003/01/11,Sat,,,,
2003/01/10,Fri,85.740,86.400,86.440,85.670
2003/01/09,Thu,85.820,85.720,86.010,85.540
2003/01/08,Wed,86.050,85.780,86.080,85.210
2003/01/07,Tue,85.560,86.030,86.130,85.380
2003/01/06,Mon,85.640,85.610,85.820,85.290
2003/01/05,Sun,,,,
2003/01/04,Sat,,,,
2003/01/03,Fri,85.600,85.610,85.890,85.400
2003/01/02,Thu,85.920,85.580,86.030,85.400
2003/01/01,Wed,,,,
2002/12/31,Tue,85.470,85.940,85.950,85.200
2002/12/30,Mon,86.040,85.460,86.210,84.960
2002/12/29,Sun,,,,
2002/12/28,Sat,,,,
2002/12/27,Fri,85.570,86.220,86.180,85.400
2002/12/26,Thu,85.540,85.570,85.720,85.370
2002/12/25,Wed,85.380,85.530,85.710,85.300
2002/12/24,Tue,84.880,85.380,85.460,84.760
2002/12/23,Mon,84.450,84.850,84.950,84.350
2002/12/22,Sun,,,,
2002/12/21,Sat,,,,
2002/12/20,Fri,84.660,84.560,84.930,84.450
2002/12/19,Thu,84.990,84.590,85.100,84.460
2002/12/18,Wed,85.020,84.940,85.220,84.500
2002/12/17,Tue,84.140,85.010,84.940,84.020
2002/12/16,Mon,83.620,84.070,84.150,83.180
2002/12/15,Sun,,,,
2002/12/14,Sat,,,,
2002/12/13,Fri,84.620,83.440,84.790,83.330
2002/12/12,Thu,84.590,84.590,84.850,84.290
2002/12/11,Wed,84.710,84.560,84.810,84.190
2002/12/10,Tue,84.660,84.700,84.790,84.470
2002/12/09,Mon,84.580,84.630,84.730,83.790
2002/12/08,Sun,,,,
2002/12/07,Sat,,,,
2002/12/06,Fri,84.910,84.740,85.410,83.960
2002/12/05,Thu,84.670,84.890,85.320,84.580
2002/12/04,Wed,84.310,84.600,84.950,84.040
2002/12/03,Tue,84.350,84.290,84.490,84.060
2002/12/02,Mon,82.710,84.310,84.260,82.590
2002/12/01,Sun,,,,
2002/11/30,Sat,,,,
2002/11/29,Fri,82.350,82.620,82.680,82.260
2002/11/28,Thu,82.160,82.350,82.450,82.060
2002/11/27,Wed,81.980,82.100,82.210,81.470
2002/11/26,Tue,82.190,81.950,82.290,81.790
2002/11/25,Mon,83.240,82.150,83.380,82.110
2002/11/24,Sun,,,,
2002/11/23,Sat,,,,
2002/11/22,Fri,83.600,83.130,83.850,83.070
2002/11/21,Thu,83.700,83.580,83.780,83.230
2002/11/20,Wed,83.520,83.600,83.840,83.440
2002/11/19,Tue,83.200,83.480,83.990,83.120
2002/11/18,Mon,82.950,83.170,83.460,82.880
2002/11/17,Sun,,,,
2002/11/16,Sat,,,,
2002/11/15,Fri,82.580,82.970,82.930,82.440
2002/11/14,Thu,82.530,82.560,82.810,82.290
2002/11/13,Wed,82.850,82.490,82.930,82.460
2002/11/12,Tue,82.590,82.890,82.870,82.340
2002/11/11,Mon,83.020,82.550,83.180,82.280
2002/11/10,Sun,,,,
2002/11/09,Sat,,,,
2002/11/08,Fri,83.560,82.980,83.750,82.810
2002/11/07,Thu,83.540,83.550,83.810,83.150
2002/11/06,Wed,83.290,83.490,83.580,83.130
2002/11/05,Tue,83.370,83.250,83.590,83.000
2002/11/04,Mon,83.240,83.350,83.430,83.010
2002/11/03,Sun,,,,
2002/11/02,Sat,,,,
2002/11/01,Fri,82.850,83.280,83.410,82.800
2002/10/31,Thu,82.600,82.930,83.040,82.450
2002/10/30,Wed,82.600,82.560,82.690,82.290
2002/10/29,Tue,83.040,82.620,83.100,82.350
2002/10/28,Mon,82.740,83.030,83.180,82.600
2002/10/27,Sun,,,,
2002/10/26,Sat,,,,
2002/10/25,Fri,82.930,82.700,83.020,82.400
2002/10/24,Thu,82.890,82.890,82.980,82.220
2002/10/23,Wed,83.340,82.840,83.430,82.510
2002/10/22,Tue,82.680,83.320,83.470,82.620
2002/10/21,Mon,82.930,82.650,83.070,82.510
2002/10/20,Sun,,,,
2002/10/19,Sat,,,,
2002/10/18,Fri,82.690,82.980,83.060,82.670
2002/10/17,Thu,83.290,82.710,83.380,82.440
2002/10/16,Wed,83.450,83.260,83.640,82.850
2002/10/15,Tue,83.950,83.420,84.140,83.190
2002/10/14,Mon,83.750,83.920,83.920,83.570
2002/10/13,Sun,,,,
2002/10/12,Sat,,,,
2002/10/11,Fri,83.280,83.690,83.840,83.100
2002/10/10,Thu,83.390,83.240,83.750,83.120
2002/10/09,Wed,82.980,83.370,83.410,82.570
2002/10/08,Tue,83.580,82.970,83.690,82.770
2002/10/07,Mon,82.620,83.540,83.600,82.410
2002/10/06,Sun,,,,
2002/10/05,Sat,,,,
2002/10/04,Fri,82.970,82.620,83.160,82.400
2002/10/03,Thu,83.130,82.970,83.380,82.830
2002/10/02,Wed,82.370,83.120,83.190,82.250
2002/10/01,Tue,82.410,82.350,83.090,82.310
2002/09/30,Mon,81.970,82.420,82.730,81.380
2002/09/29,Sun,,,,
2002/09/28,Sat,,,,
2002/09/27,Fri,81.310,81.910,82.120,81.190
2002/09/26,Thu,82.010,81.220,82.380,81.160
2002/09/25,Wed,82.690,81.900,82.940,81.810
2002/09/24,Tue,82.770,82.690,82.900,82.090
2002/09/23,Mon,82.740,82.750,83.340,82.290
2002/09/22,Sun,,,,
2002/09/21,Sat,,,,
2002/09/20,Fri,81.940,82.630,82.950,81.810
2002/09/19,Thu,80.780,81.920,81.800,80.740
2002/09/18,Wed,80.900,80.740,81.250,80.460
2002/09/17,Tue,80.710,80.890,80.860,80.240
2002/09/16,Mon,80.670,80.670,81.010,80.400
2002/09/15,Sun,,,,
2002/09/14,Sat,,,,
2002/09/13,Fri,80.220,80.560,81.080,79.940
2002/09/12,Thu,80.120,80.200,80.370,79.850
2002/09/11,Wed,80.090,80.130,80.180,79.870
2002/09/10,Tue,79.840,80.040,80.630,79.090
2002/09/09,Mon,79.900,79.840,80.220,79.560
2002/09/08,Sun,,,,
2002/09/07,Sat,,,,
2002/09/06,Fri,80.430,79.830,80.630,79.730
2002/09/05,Thu,79.970,80.400,80.590,79.820
2002/09/04,Wed,79.620,79.960,80.130,79.520
2002/09/03,Tue,79.040,79.600,79.660,78.810
2002/09/02,Mon,79.290,79.030,79.320,78.850
2002/09/01,Sun,,,,
2002/08/31,Sat,,,,
2002/08/30,Fri,79.130,78.980,79.300,78.880
2002/08/29,Thu,79.130,79.100,79.300,78.790
2002/08/28,Wed,79.180,79.090,79.410,78.740
2002/08/27,Tue,79.080,79.170,79.220,78.490
2002/08/26,Mon,79.070,79.050,79.190,78.810
2002/08/25,Sun,,,,
2002/08/24,Sat,,,,
2002/08/23,Fri,78.880,79.050,79.130,78.790
2002/08/22,Thu,79.160,78.880,79.470,78.790
2002/08/21,Wed,79.260,79.110,79.260,78.640
2002/08/20,Tue,78.900,79.250,79.500,78.850
2002/08/19,Mon,79.040,78.900,79.450,78.770
2002/08/18,Sun,,,,
2002/08/17,Sat,,,,
2002/08/16,Fri,78.770,78.980,79.040,78.670
2002/08/15,Thu,78.670,78.740,78.940,78.070
2002/08/14,Wed,79.620,78.630,79.760,78.470
2002/08/13,Tue,79.660,79.660,79.920,79.330
2002/08/12,Mon,79.960,79.650,80.190,79.400
2002/08/11,Sun,,,,
2002/08/10,Sat,,,,
2002/08/09,Fri,80.010,79.920,80.630,79.770
2002/08/08,Thu,80.410,80.010,80.520,79.780
2002/08/07,Wed,80.070,80.350,80.510,79.980
2002/08/06,Tue,80.720,80.050,80.830,79.980
2002/08/05,Mon,80.970,80.700,81.150,80.410
2002/08/04,Sun,,,,
2002/08/03,Sat,,,,
2002/08/02,Fri,81.010,80.970,81.330,80.800
2002/08/01,Thu,80.680,80.990,81.140,80.370
2002/07/31,Wed,81.130,80.710,81.300,80.440
2002/07/30,Tue,80.510,81.100,81.480,80.380
2002/07/29,Mon,81.130,80.470,81.270,80.440
2002/07/28,Sun,,,,
2002/07/27,Sat,,,,
2002/07/26,Fri,80.940,81.030,81.440,80.810
2002/07/25,Thu,80.050,80.920,80.900,79.940
2002/07/24,Wed,80.050,80.020,80.190,79.570
2002/07/23,Tue,80.600,79.970,80.770,79.690
2002/07/22,Mon,80.350,80.560,80.860,80.250
2002/07/21,Sun,,,,
2002/07/20,Sat,,,,
2002/07/19,Fri,80.450,80.300,80.690,80.130
2002/07/18,Thu,79.950,80.500,80.580,79.880
2002/07/17,Wed,79.970,79.950,80.190,79.840
2002/07/16,Tue,79.580,79.880,80.070,79.460
2002/07/15,Mon,78.960,79.570,79.790,78.510
2002/07/14,Sun,,,,
2002/07/13,Sat,,,,
2002/07/12,Fri,78.880,78.800,78.950,78.520
2002/07/11,Thu,79.130,78.880,79.410,78.490
2002/07/10,Wed,79.670,79.160,79.780,78.990
2002/07/09,Tue,79.790,79.640,80.060,79.410
2002/07/08,Mon,79.660,79.740,80.030,79.430
2002/07/07,Sun,,,,
2002/07/06,Sat,,,,
2002/07/05,Fri,80.260,79.890,80.350,79.660
2002/07/04,Thu,80.220,80.250,80.470,79.950
2002/07/03,Wed,80.660,80.180,80.830,80.180
2002/07/02,Tue,80.740,80.580,80.930,80.180
2002/07/01,Mon,80.790,80.720,80.970,80.540
2002/06/30,Sun,,,,
2002/06/29,Sat,,,,
2002/06/28,Fri,80.390,80.710,81.160,80.060
2002/06/27,Thu,80.280,80.380,80.670,79.990
2002/06/26,Wed,81.000,80.190,81.580,80.070
2002/06/25,Tue,80.520,81.000,80.930,80.240
2002/06/24,Mon,80.260,80.490,81.270,80.140
2002/06/23,Sun,,,,
2002/06/22,Sat,,,,
2002/06/21,Fri,81.030,80.130,81.330,79.900
2002/06/20,Thu,80.640,81.020,81.070,80.510
2002/06/19,Wed,80.200,80.640,80.600,80.120
2002/06/18,Tue,79.550,80.170,80.190,79.460
2002/06/17,Mon,79.610,79.530,79.690,79.270
2002/06/16,Sun,,,,
2002/06/15,Sat,,,,
2002/06/14,Fri,79.930,79.530,80.040,79.460
2002/06/13,Thu,80.320,79.880,80.470,79.780
2002/06/12,Wed,80.570,80.220,80.770,80.220
2002/06/11,Tue,80.000,80.530,80.550,79.750
2002/06/10,Mon,79.850,79.990,80.220,79.720
2002/06/09,Sun,,,,
2002/06/08,Sat,,,,
2002/06/07,Fri,79.760,79.770,80.220,79.650
2002/06/06,Thu,79.340,79.740,79.850,79.130
2002/06/05,Wed,79.310,79.460,79.550,79.110
2002/06/04,Tue,79.140,79.290,79.820,79.040
2002/06/03,Mon,79.170,78.990,79.220,78.730
2002/06/02,Sun,,,,
2002/06/01,Sat,,,,
2002/05/31,Fri,78.990,79.050,79.740,78.830
2002/05/30,Thu,79.350,78.910,79.380,78.650
2002/05/29,Wed,79.160,79.350,79.320,78.840
2002/05/28,Tue,78.880,79.120,79.280,78.710
2002/05/27,Mon,78.820,78.810,79.000,78.650
2002/05/26,Sun,,,,
2002/05/25,Sat,,,,
2002/05/24,Fri,79.230,78.760,79.290,78.690
2002/05/23,Thu,79.170,79.210,79.510,78.880
2002/05/22,Wed,78.700,79.100,79.620,78.310
2002/05/21,Tue,79.500,78.690,79.780,78.290
2002/05/20,Mon,79.720,79.500,79.940,79.330
2002/05/19,Sun,,,,
2002/05/18,Sat,,,,
2002/05/17,Fri,80.180,79.690,80.230,79.250
2002/05/16,Thu,79.900,80.130,80.370,79.750
2002/05/15,Wed,79.640,79.780,79.890,79.260
2002/05/14,Tue,80.100,79.600,80.240,79.570
2002/05/13,Mon,80.180,80.100,80.280,79.820
2002/05/12,Sun,,,,
2002/05/11,Sat,,,,
2002/05/10,Fri,80.290,80.190,80.790,80.100
2002/05/09,Thu,80.100,80.300,80.410,79.900
2002/05/08,Wed,80.580,80.090,80.610,79.880
2002/05/07,Tue,80.250,80.520,80.570,79.910
2002/05/06,Mon,80.040,80.180,80.190,79.780
2002/05/05,Sun,,,,
2002/05/04,Sat,,,,
2002/05/03,Fri,79.490,80.010,80.070,79.250
2002/05/02,Thu,79.500,79.470,79.670,78.990
2002/05/01,Wed,79.490,79.490,79.730,79.280
2002/04/30,Tue,79.090,79.460,79.520,78.850
2002/04/29,Mon,77.700,79.060,79.100,77.570
2002/04/28,Sun,,,,
2002/04/27,Sat,,,,
2002/04/26,Fri,78.970,78.610,79.100,78.460
2002/04/25,Thu,78.910,78.970,78.990,78.540
2002/04/24,Wed,78.910,78.870,79.030,78.660
2002/04/23,Tue,78.720,78.900,78.920,78.400
2002/04/22,Mon,79.360,78.670,79.360,78.350
2002/04/21,Sun,,,,
2002/04/20,Sat,,,,
2002/04/19,Fri,78.930,79.260,79.240,78.840
2002/04/18,Thu,79.140,78.920,79.280,78.470
2002/04/17,Wed,78.870,79.070,79.160,78.680
2002/04/16,Tue,79.160,78.830,79.250,78.530
2002/04/15,Mon,79.190,79.180,79.500,78.750
2002/04/14,Sun,,,,
2002/04/13,Sat,,,,
2002/04/12,Fri,79.190,79.150,79.550,79.030
2002/04/11,Thu,78.350,79.240,79.450,78.280
2002/04/10,Wed,78.560,78.300,78.620,78.130
2002/04/09,Tue,78.540,78.600,78.750,78.300
2002/04/08,Mon,79.070,78.480,79.160,78.300
2002/04/07,Sun,,,,
2002/04/06,Sat,,,,
2002/04/05,Fri,79.410,78.980,79.520,78.910
2002/04/04,Thu,79.970,79.430,80.210,79.320
2002/04/03,Wed,80.160,80.030,80.180,79.610
2002/04/02,Tue,80.300,80.160,80.410,79.860
2002/04/01,Mon,78.970,80.260,80.410,78.940
2002/03/31,Sun,,,,
2002/03/30,Sat,,,,
2002/03/29,Fri,78.750,78.910,79.110,78.680
2002/03/28,Thu,79.050,78.710,79.140,78.570
2002/03/27,Wed,79.750,79.040,79.910,78.910
2002/03/26,Tue,80.100,79.740,80.180,79.270
2002/03/25,Mon,79.760,80.080,80.140,79.560
2002/03/24,Sun,,,,
2002/03/23,Sat,,,,
2002/03/22,Fri,79.630,79.670,80.140,79.540
2002/03/21,Thu,79.440,79.650,79.820,79.250
2002/03/20,Wed,79.590,79.430,79.720,78.950
2002/03/19,Tue,79.180,79.550,79.660,78.820
2002/03/18,Mon,77.860,79.150,79.230,77.820
2002/03/17,Sun,,,,
2002/03/16,Sat,,,,
2002/03/15,Fri,78.070,77.930,78.280,77.790
2002/03/14,Thu,77.290,78.060,77.960,76.890
2002/03/13,Wed,76.840,77.290,77.380,76.790
2002/03/12,Tue,76.440,76.840,76.820,76.220
2002/03/11,Mon,76.240,76.390,76.800,76.030
2002/03/10,Sun,,,,
2002/03/09,Sat,,,,
2002/03/08,Fri,76.240,76.180,76.680,76.080
2002/03/07,Thu,77.690,76.160,77.840,75.740
2002/03/06,Wed,78.020,77.670,78.100,77.540
2002/03/05,Tue,77.820,78.080,78.100,77.390
2002/03/04,Mon,78.200,77.770,78.270,77.180
2002/03/03,Sun,,,,
2002/03/02,Sat,,,,
2002/03/01,Fri,78.720,78.070,78.780,77.950
2002/02/28,Thu,78.810,78.680,78.820,78.230
2002/02/27,Wed,78.770,78.790,79.040,78.550
2002/02/26,Tue,78.790,78.720,79.190,78.650
2002/02/25,Mon,79.340,78.750,79.410,78.710
2002/02/24,Sun,,,,
2002/02/23,Sat,,,,
2002/02/22,Fri,78.880,79.250,79.370,78.750
2002/02/21,Thu,78.630,78.880,79.210,78.410
2002/02/20,Wed,79.180,78.590,79.210,78.620
2002/02/19,Tue,78.080,79.160,79.160,78.010
2002/02/18,Mon,78.260,78.030,78.280,77.910
2002/02/17,Sun,,,,
2002/02/16,Sat,,,,
2002/02/15,Fri,77.830,78.110,78.420,77.690
2002/02/14,Thu,78.470,77.810,78.470,77.400
2002/02/13,Wed,78.640,78.420,79.010,78.150
2002/02/12,Tue,79.160,78.660,79.690,78.580
2002/02/11,Mon,79.670,79.120,79.860,79.180
2002/02/10,Sun,,,,
2002/02/09,Sat,,,,
2002/02/08,Fri,79.080,79.680,79.910,78.880
2002/02/07,Thu,78.800,79.090,79.090,78.540
2002/02/06,Wed,78.840,78.830,79.140,78.340
2002/02/05,Tue,78.000,78.880,79.220,77.660
2002/02/04,Mon,77.580,77.940,78.000,77.500
2002/02/03,Sun,,,,
2002/02/02,Sat,,,,
2002/02/01,Fri,78.290,77.650,78.520,77.600
2002/01/31,Thu,77.720,78.230,78.370,77.590
2002/01/30,Wed,78.470,77.700,78.630,77.660
2002/01/29,Tue,78.250,78.390,78.510,77.710
2002/01/28,Mon,79.090,78.250,79.190,78.390
2002/01/27,Sun,,,,
2002/01/26,Sat,,,,
2002/01/25,Fri,80.430,78.850,80.600,78.680
2002/01/24,Thu,80.460,80.340,80.690,80.030
2002/01/23,Wed,80.600,80.420,80.910,80.360
2002/01/22,Tue,79.820,80.570,80.830,79.810
2002/01/21,Mon,79.830,79.790,79.940,79.520
2002/01/20,Sun,,,,
2002/01/19,Sat,,,,
2002/01/18,Fri,79.490,79.700,79.890,79.340
2002/01/17,Thu,79.530,79.520,79.820,79.100
2002/01/16,Wed,78.490,79.470,79.500,78.360
2002/01/15,Tue,79.750,78.530,79.790,78.690
2002/01/14,Mon,79.850,79.720,79.970,79.370
2002/01/13,Sun,,,,
2002/01/12,Sat,,,,
2002/01/11,Fri,79.760,79.830,79.920,79.290
2002/01/10,Thu,80.080,79.820,80.430,79.490
2002/01/09,Wed,80.170,80.000,80.630,79.660
2002/01/08,Tue,79.470,80.110,80.520,79.440
2002/01/07,Mon,79.320,79.450,79.620,79.130
2002/01/06,Sun,,,,
2002/01/05,Sat,,,,
2002/01/04,Fri,79.810,79.240,79.890,79.160
2002/01/03,Thu,80.350,79.790,80.470,79.690
2002/01/02,Wed,79.150,80.330,80.740,79.140
2002/01/01,Tue,,,,
2001/12/31,Mon,78.430,79.340,79.310,78.230
2001/12/30,Sun,,,,
2001/12/29,Sat,,,,
2001/12/28,Fri,78.430,78.220,78.640,77.710
2001/12/27,Thu,77.420,78.300,78.520,77.410
2001/12/26,Wed,77.460,77.400,77.770,77.130
2001/12/25,Tue,76.720,77.410,77.600,76.650
2001/12/24,Mon,78.410,76.660,78.580,76.550
2001/12/23,Sun,,,,
2001/12/22,Sat,,,,
2001/12/21,Fri,78.860,78.300,79.550,78.200
2001/12/20,Thu,78.180,78.840,78.800,77.970
2001/12/19,Wed,78.250,78.130,78.600,77.630
2001/12/18,Tue,78.040,78.180,78.660,77.940
2001/12/17,Mon,78.170,78.050,78.680,78.010
2001/12/16,Sun,,,,
2001/12/15,Sat,,,,
2001/12/14,Fri,76.300,78.080,78.350,76.240
2001/12/13,Thu,76.680,76.270,77.160,76.410
2001/12/12,Wed,76.250,76.650,76.930,75.990
2001/12/11,Tue,75.790,76.270,76.230,75.650
2001/12/10,Mon,75.660,75.780,75.990,75.370
2001/12/09,Sun,,,,
2001/12/08,Sat,,,,
2001/12/07,Fri,75.720,75.600,75.830,75.290
2001/12/06,Thu,74.850,75.680,75.640,74.570
2001/12/05,Wed,75.130,74.830,75.320,74.630
2001/12/04,Tue,75.000,75.120,75.220,74.740
2001/12/03,Mon,75.090,74.990,75.340,74.720
2001/12/02,Sun,,,,
2001/12/01,Sat,,,,
2001/11/30,Fri,74.800,75.160,75.190,74.550
2001/11/29,Thu,74.770,74.780,74.910,74.470
2001/11/28,Wed,74.820,74.750,75.370,74.550
2001/11/27,Tue,74.570,74.810,74.940,74.240
2001/11/26,Mon,74.600,74.550,74.740,74.440
2001/11/25,Sun,,,,
2001/11/24,Sat,,,,
2001/11/23,Fri,74.610,74.560,74.800,74.430
2001/11/22,Thu,74.440,74.590,74.770,74.210
2001/11/21,Wed,74.350,74.450,74.620,74.010
2001/11/20,Tue,74.260,74.300,74.580,74.100
2001/11/19,Mon,74.080,74.210,74.310,73.880
2001/11/18,Sun,,,,
2001/11/17,Sat,,,,
2001/11/16,Fri,73.650,74.160,74.260,73.450
2001/11/15,Thu,73.070,73.610,73.720,73.020
2001/11/14,Wed,72.800,73.070,73.210,72.660
2001/11/13,Tue,73.600,72.810,73.660,72.700
2001/11/12,Mon,73.540,73.560,74.080,73.310
2001/11/11,Sun,,,,
2001/11/10,Sat,,,,
2001/11/09,Fri,73.240,73.440,73.510,72.890
2001/11/08,Thu,73.950,73.250,74.240,72.900
2001/11/07,Wed,73.660,73.930,74.400,73.450
2001/11/06,Tue,74.260,73.630,74.290,73.620
2001/11/05,Mon,74.600,74.280,74.610,74.050
2001/11/04,Sun,,,,
2001/11/03,Sat,,,,
2001/11/02,Fri,74.810,74.590,74.910,74.460
2001/11/01,Thu,74.940,74.790,75.290,74.720
2001/10/31,Wed,75.080,74.860,75.300,74.850
2001/10/30,Tue,74.900,75.040,75.330,74.810
2001/10/29,Mon,74.320,74.880,74.930,74.090
2001/10/28,Sun,,,,
2001/10/27,Sat,,,,
2001/10/26,Fri,74.350,74.280,74.540,74.010
2001/10/25,Thu,74.090,74.300,74.570,73.960
2001/10/24,Wed,73.850,74.120,74.160,73.780
2001/10/23,Tue,73.810,73.780,73.990,73.510
2001/10/22,Mon,73.730,73.790,74.110,73.500
2001/10/21,Sun,,,,
2001/10/20,Sat,,,,
2001/10/19,Fri,73.940,73.780,74.060,73.540
2001/10/18,Thu,73.940,73.940,74.180,73.690
2001/10/17,Wed,74.200,73.970,74.540,73.750
2001/10/16,Tue,74.310,74.160,74.510,73.940
2001/10/15,Mon,74.290,74.290,74.760,74.010
2001/10/14,Sun,,,,
2001/10/13,Sat,,,,
2001/10/12,Fri,73.830,74.480,74.570,73.660
2001/10/11,Thu,73.960,73.780,74.020,73.540
2001/10/10,Wed,73.910,73.910,74.370,73.720
2001/10/09,Tue,74.630,73.880,74.910,73.890
2001/10/08,Mon,74.540,74.520,74.830,74.290
2001/10/07,Sun,,,,
2001/10/06,Sat,,,,
2001/10/05,Fri,74.360,74.540,74.580,73.960
2001/10/04,Thu,74.330,74.330,74.480,73.910
2001/10/03,Wed,74.590,74.330,75.430,74.300
2001/10/02,Tue,74.340,74.550,75.080,74.210
2001/10/01,Mon,73.650,74.310,74.490,73.290
2001/09/30,Sun,,,,
2001/09/29,Sat,,,,
2001/09/28,Fri,74.230,73.770,74.260,73.290
2001/09/27,Thu,73.630,74.210,74.470,73.540
2001/09/26,Wed,74.040,73.580,74.150,73.300
2001/09/25,Tue,73.570,73.980,74.190,73.270
2001/09/24,Mon,73.790,73.540,74.120,73.120
2001/09/23,Sun,,,,
2001/09/22,Sat,,,,
2001/09/21,Fri,73.380,73.810,74.410,73.240
2001/09/20,Thu,73.720,73.310,73.790,72.610
2001/09/19,Wed,73.440,73.730,74.080,73.240
2001/09/18,Tue,73.370,73.410,73.540,72.900
2001/09/17,Mon,72.380,73.400,73.740,72.150
2001/09/16,Sun,,,,
2001/09/15,Sat,,,,
2001/09/14,Fri,72.130,72.330,73.090,71.670
2001/09/13,Thu,72.060,72.100,72.170,71.320
2001/09/12,Wed,72.840,72.030,72.990,71.440
2001/09/11,Tue,71.660,72.630,77.340,70.370
2001/09/10,Mon,72.020,71.660,72.110,71.630
2001/09/09,Sun,,,,
2001/09/08,Sat,,,,
2001/09/07,Fri,71.660,71.730,71.960,71.370
2001/09/06,Thu,70.720,71.610,71.780,70.720
2001/09/05,Wed,70.030,70.680,71.140,69.940
2001/09/04,Tue,71.060,69.960,71.170,69.680
2001/09/03,Mon,71.680,71.050,71.760,70.940
2001/09/02,Sun,,,,
2001/09/01,Sat,,,,
2001/08/31,Fri,72.220,71.460,72.300,71.040
2001/08/30,Thu,72.000,72.180,72.290,71.570
2001/08/29,Wed,72.190,71.950,72.280,71.430
2001/08/28,Tue,71.930,72.190,72.470,71.600
2001/08/27,Mon,72.160,71.870,72.240,71.810
2001/08/26,Sun,,,,
2001/08/25,Sat,,,,
2001/08/24,Fri,72.180,72.080,72.300,71.830
2001/08/23,Thu,72.450,72.140,72.580,72.060
2001/08/22,Wed,72.190,72.360,72.730,72.030
2001/08/21,Tue,72.720,72.250,72.770,71.890
2001/08/20,Mon,72.690,72.670,72.810,72.360
2001/08/19,Sun,,,,
2001/08/18,Sat,,,,
2001/08/17,Fri,72.230,72.530,72.800,72.080
2001/08/16,Thu,71.960,72.240,72.520,71.830
2001/08/15,Wed,72.540,71.960,72.720,71.510
2001/08/14,Tue,72.380,72.490,72.830,71.870
2001/08/13,Mon,72.110,72.320,72.660,71.990
2001/08/12,Sun,,,,
2001/08/11,Sat,,,,
2001/08/10,Fri,72.100,71.980,72.520,72.010
2001/08/09,Thu,72.330,72.080,72.690,72.010
2001/08/08,Wed,71.940,72.300,72.190,71.470
2001/08/07,Tue,72.490,71.950,72.490,71.890
2001/08/06,Mon,72.470,72.450,72.640,72.140
2001/08/05,Sun,,,,
2001/08/04,Sat,,,,
2001/08/03,Fri,72.360,72.430,72.550,72.160
2001/08/02,Thu,72.740,72.340,73.030,72.070
2001/08/01,Wed,72.410,72.720,72.830,72.340
2001/07/31,Tue,72.450,72.410,72.530,72.100
2001/07/30,Mon,71.610,72.440,72.650,71.530
2001/07/29,Sun,,,,
2001/07/28,Sat,,,,
2001/07/27,Fri,71.950,71.770,72.250,71.390
2001/07/26,Thu,72.120,71.930,72.150,71.670
2001/07/25,Wed,72.030,72.080,72.440,71.930
2001/07/24,Tue,71.770,71.960,72.180,71.640
2001/07/23,Mon,71.330,71.760,71.800,71.180
2001/07/22,Sun,,,,
2001/07/21,Sat,,,,
2001/07/20,Fri,71.360,71.210,71.970,71.040
2001/07/19,Thu,71.970,71.310,72.070,71.210
2001/07/18,Wed,71.210,71.930,72.180,71.210
2001/07/17,Tue,70.820,71.200,71.130,70.220
2001/07/16,Mon,70.510,70.800,71.130,70.430
2001/07/15,Sun,,,,
2001/07/14,Sat,,,,
2001/07/13,Fri,69.930,70.590,70.540,69.880
2001/07/12,Thu,70.400,69.870,70.410,69.620
2001/07/11,Wed,70.470,70.390,71.130,70.270
2001/07/10,Tue,69.880,70.440,70.640,69.820
2001/07/09,Mon,69.990,69.840,70.260,69.660
2001/07/08,Sun,,,,
2001/07/07,Sat,,,,
2001/07/06,Fri,69.120,70.190,70.260,68.930
2001/07/05,Thu,69.190,69.070,69.700,69.070
2001/07/04,Wed,69.280,69.190,69.570,69.060
2001/07/03,Tue,69.140,69.270,69.370,68.820
2001/07/02,Mon,69.500,69.120,69.690,68.970
2001/07/01,Sun,,,,
2001/06/30,Sat,,,,
2001/06/29,Fri,69.280,69.500,69.530,68.760
2001/06/28,Thu,70.400,69.200,70.720,69.210
2001/06/27,Wed,70.160,70.390,70.690,70.090
2001/06/26,Tue,70.020,70.140,70.240,69.930
2001/06/25,Mon,70.070,69.990,70.400,69.940
2001/06/24,Sun,,,,
2001/06/23,Sat,,,,
2001/06/22,Fri,70.070,70.190,70.210,69.580
2001/06/21,Thu,69.410,70.050,70.070,69.290
2001/06/20,Wed,68.660,69.370,69.470,68.530
2001/06/19,Tue,69.350,68.600,69.530,68.610
2001/06/18,Mon,69.220,69.350,69.680,69.060
2001/06/17,Sun,,,,
2001/06/16,Sat,,,,
2001/06/15,Fri,68.470,69.100,69.540,68.460
2001/06/14,Thu,68.280,68.440,68.710,67.770
2001/06/13,Wed,68.040,68.240,68.650,67.830
2001/06/12,Tue,67.560,67.990,68.070,67.360
2001/06/11,Mon,67.440,67.530,68.100,67.350
2001/06/10,Sun,,,,
2001/06/09,Sat,,,,
2001/06/08,Fri,67.110,67.450,67.500,66.800
2001/06/07,Thu,67.020,67.060,67.090,66.550
2001/06/06,Wed,67.690,67.010,68.070,66.860
2001/06/05,Tue,66.500,67.670,67.670,66.220
2001/06/04,Mon,66.390,66.490,67.220,66.310
2001/06/03,Sun,,,,
2001/06/02,Sat,,,,
2001/06/01,Fri,66.350,66.420,66.470,65.760
2001/05/31,Thu,67.670,66.320,67.720,65.860
2001/05/30,Wed,67.490,67.640,67.870,67.220
2001/05/29,Tue,68.130,67.390,68.410,67.190
2001/05/28,Mon,67.910,68.110,68.260,67.800
2001/05/27,Sun,,,,
2001/05/26,Sat,,,,
2001/05/25,Fri,67.410,67.980,68.000,67.360
2001/05/24,Thu,67.440,67.420,67.770,66.560
2001/05/23,Wed,69.470,67.490,69.550,67.290
2001/05/22,Tue,70.210,69.480,70.400,69.330
2001/05/21,Mon,70.960,70.150,71.030,70.160
2001/05/20,Sun,,,,
2001/05/19,Sat,,,,
2001/05/18,Fri,70.460,70.820,70.910,70.410
2001/05/17,Thu,71.180,70.420,71.300,70.410
2001/05/16,Wed,70.740,71.200,71.530,70.600
2001/05/15,Tue,70.400,70.720,70.900,70.290
2001/05/14,Mon,69.930,70.400,70.410,69.870
2001/05/13,Sun,,,,
2001/05/12,Sat,,,,
2001/05/11,Fri,70.360,69.930,70.450,69.570
2001/05/10,Thu,70.260,70.350,70.630,69.990
2001/05/09,Wed,69.610,70.200,70.260,69.560
2001/05/08,Tue,69.940,69.590,70.310,69.540
2001/05/07,Mon,70.210,69.930,70.400,69.860
2001/05/06,Sun,,,,
2001/05/05,Sat,,,,
2001/05/04,Fri,70.060,70.170,70.560,69.790
2001/05/03,Thu,70.360,70.010,70.690,69.740
2001/05/02,Wed,70.740,70.270,70.890,70.190
2001/05/01,Tue,71.310,70.660,71.430,70.540
2001/04/30,Mon,71.850,71.230,72.000,71.040
2001/04/29,Sun,,,,
2001/04/28,Sat,,,,
2001/04/27,Fri,72.310,71.840,72.940,71.650
2001/04/26,Thu,71.550,72.360,72.430,71.360
2001/04/25,Wed,71.360,71.550,71.810,71.130
2001/04/24,Tue,71.120,71.320,71.920,71.050
2001/04/23,Mon,71.880,71.100,72.580,71.100
2001/04/22,Sun,,,,
2001/04/21,Sat,,,,
2001/04/20,Fri,71.020,72.200,72.520,70.990
2001/04/19,Thu,70.370,71.000,71.160,70.190
2001/04/18,Wed,71.330,70.420,71.470,69.930
2001/04/17,Tue,72.540,71.320,72.790,71.070
2001/04/16,Mon,72.480,72.580,72.970,72.350
2001/04/15,Sun,,,,
2001/04/14,Sat,,,,
2001/04/13,Fri,72.440,72.470,72.940,72.360
2001/04/12,Thu,72.940,72.380,73.020,71.720
2001/04/11,Wed,72.440,72.940,73.050,72.070
2001/04/10,Tue,73.410,72.420,73.600,72.280
2001/04/09,Mon,73.400,73.410,74.070,73.290
2001/04/08,Sun,,,,
2001/04/07,Sat,,,,
2001/04/06,Fri,72.820,73.160,73.940,72.720
2001/04/05,Thu,73.910,72.810,74.250,72.760
2001/04/04,Wed,73.770,73.820,74.510,73.660
2001/04/03,Tue,73.030,73.720,73.580,72.650
2001/04/02,Mon,72.510,73.030,73.130,72.150
2001/04/01,Sun,,,,
2001/03/31,Sat,,,,
2001/03/30,Fri,71.620,72.480,72.900,71.340
2001/03/29,Thu,70.810,71.560,71.660,70.770
2001/03/28,Wed,71.160,70.760,71.280,70.240
2001/03/27,Tue,71.570,71.100,72.190,71.050
2001/03/26,Mon,71.360,71.570,72.080,71.320
2001/03/25,Sun,,,,
2001/03/24,Sat,,,,
2001/03/23,Fri,71.650,71.300,71.960,71.160
2001/03/22,Thu,72.630,71.590,72.780,71.610
2001/03/21,Wed,72.360,72.090,73.230,72.160
2001/03/20,Tue,72.110,72.380,72.540,71.890
2001/03/19,Mon,71.970,72.090,72.230,71.440
2001/03/18,Sun,,,,
2001/03/17,Sat,,,,
2001/03/16,Fri,71.500,71.870,72.000,71.220
2001/03/15,Thu,71.670,71.430,72.000,70.950
2001/03/14,Wed,71.130,71.610,72.160,70.450
2001/03/13,Tue,72.690,71.130,72.820,71.190
2001/03/12,Mon,72.280,72.630,73.070,72.190
2001/03/11,Sun,,,,
2001/03/10,Sat,,,,
2001/03/09,Fri,72.310,72.340,72.600,72.070
2001/03/08,Thu,72.430,72.400,72.630,72.030
2001/03/07,Wed,72.090,72.420,73.020,71.940
2001/03/06,Tue,72.120,72.100,72.180,71.280
2001/03/05,Mon,72.340,72.060,72.660,71.780
2001/03/04,Sun,,,,
2001/03/03,Sat,,,,
2001/03/02,Fri,71.030,72.260,72.650,70.780
2001/03/01,Thu,70.290,70.950,71.120,70.150
2001/02/28,Wed,69.210,70.240,70.420,69.090
2001/02/27,Tue,69.060,69.280,69.460,68.770
2001/02/26,Mon,69.190,69.090,69.510,68.770
2001/02/25,Sun,,,,
2001/02/24,Sat,,,,
2001/02/23,Fri,69.100,69.170,69.410,68.720
2001/02/22,Thu,69.110,69.220,69.290,68.420
2001/02/21,Wed,68.720,69.090,69.790,68.190
2001/02/20,Tue,69.540,68.700,69.790,68.030
2001/02/19,Mon,69.190,69.530,69.610,68.880
2001/02/18,Sun,,,,
2001/02/17,Sat,,,,
2001/02/16,Fri,68.190,68.960,68.990,67.850
2001/02/15,Thu,69.720,68.220,69.770,68.130
2001/02/14,Wed,69.960,69.700,70.120,69.370
2001/02/13,Tue,71.060,69.900,71.220,69.930
2001/02/12,Mon,70.720,71.070,71.430,70.690
2001/02/11,Sun,,,,
2001/02/10,Sat,,,,
2001/02/09,Fri,69.840,70.780,71.100,69.590
2001/02/08,Thu,70.320,69.830,70.540,69.240
2001/02/07,Wed,69.340,70.300,70.650,69.220
2001/02/06,Tue,69.990,69.290,70.290,69.310
2001/02/05,Mon,70.320,70.020,70.880,70.010
2001/02/04,Sun,,,,
2001/02/03,Sat,,,,
2001/02/02,Fri,70.850,70.280,70.950,70.000
2001/02/01,Thu,71.240,70.840,71.630,70.600
2001/01/31,Wed,70.340,71.120,71.090,70.240
2001/01/30,Tue,70.420,70.370,70.920,70.080
2001/01/29,Mon,71.080,70.350,71.250,70.220
2001/01/28,Sun,,,,
2001/01/27,Sat,,,,
2001/01/26,Fri,70.770,71.000,71.120,70.300
2001/01/25,Thu,71.030,70.760,71.220,70.010
2001/01/24,Wed,71.590,71.000,71.900,71.020
2001/01/23,Tue,71.220,71.660,72.350,71.220
2001/01/22,Mon,71.440,71.310,71.600,70.440
2001/01/21,Sun,,,,
2001/01/20,Sat,,,,
2001/01/19,Fri,72.940,71.500,73.300,71.560
2001/01/18,Thu,72.320,72.870,73.400,72.260
2001/01/17,Wed,71.980,72.260,72.290,71.010
2001/01/16,Tue,72.720,71.900,72.900,71.470
2001/01/15,Mon,73.080,72.730,73.530,72.450
2001/01/14,Sun,,,,
2001/01/13,Sat,,,,
2001/01/12,Fri,72.970,73.160,73.560,72.440
2001/01/11,Thu,71.530,73.010,73.190,71.380
2001/01/10,Wed,72.420,71.490,72.600,71.460
2001/01/09,Tue,72.220,72.400,72.410,71.370
2001/01/08,Mon,72.970,72.140,73.000,71.970
2001/01/07,Sun,,,,
2001/01/06,Sat,,,,
2001/01/05,Fri,72.030,72.870,73.260,71.920
2001/01/04,Thu,69.660,72.000,72.030,69.590
2001/01/03,Wed,71.490,69.670,71.970,70.400
2001/01/02,Tue,71.020,71.460,71.540,70.620
