日付,曜日,始値,終値,高値,安値
2026/07/17,Fri,6.2800,6.2705,6.2978,6.1943
2026/07/16,Thu,6.3865,6.3420,6.4195,6.2760
2026/07/15,Wed,6.3650,6.3410,6.4175,6.3320
2026/07/14,Tue,6.2680,6.3780,6.4435,6.2620
2026/07/13,Mon,6.2705,6.2810,6.3560,6.1970
2026/07/12,Sun,,,,
2026/07/11,Sat,,,,
2026/07/10,Fri,6.2450,6.2820,6.3255,6.2355
2026/07/09,Thu,6.1150,6.2655,6.2960,6.1020
2026/07/08,Wed,6.1825,6.1075,6.2200,6.0625
2026/07/07,Tue,6.2495,6.2260,6.2830,6.1650
2026/07/06,Mon,6.1735,6.2320,6.2665,6.1700
2026/07/05,Sun,,,,
2026/07/04,Sat,,,,
2026/07/03,Fri,6.1803,6.2240,6.2665,6.1708
2026/07/02,Thu,6.1640,6.1690,6.2270,6.1150
2026/07/01,Wed,6.2520,6.1795,6.2575,6.0860
2026/06/30,Tue,6.1750,6.2540,6.3220,6.1095
2026/06/29,Mon,6.1860,6.1635,6.2405,6.1335
2026/06/28,Sun,,,,
2026/06/27,Sat,,,,
2026/06/26,Fri,6.1310,6.2070,6.2430,6.0235
2026/06/25,Thu,5.9855,6.1375,6.0910,5.9510
2026/06/24,Wed,6.1255,5.9485,6.1650,5.9240
2026/06/23,Tue,6.3610,6.1480,6.3645,6.1100
2026/06/22,Mon,6.3685,6.3655,6.4035,6.2700
2026/06/21,Sun,,,,
2026/06/20,Sat,,,,
2026/06/19,Fri,6.3708,6.3370,6.3818,6.2700
2026/06/18,Thu,6.3725,6.3855,6.4475,6.3510
2026/06/17,Wed,6.4820,6.4935,6.5525,6.3255
2026/06/16,Tue,6.4860,6.5035,6.5375,6.4250
2026/06/15,Mon,6.5100,6.4960,6.5620,6.4710
2026/06/14,Sun,,,,
2026/06/13,Sat,,,,
2026/06/12,Fri,6.3880,6.4450,6.4960,6.3585
2026/06/11,Thu,6.1830,6.2750,6.4065,6.1715
2026/06/10,Wed,6.3450,6.2670,6.3560,6.1895
2026/06/09,Tue,6.3395,6.3220,6.4655,6.2835
2026/06/08,Mon,6.3075,6.3500,6.3965,6.2335
2026/06/07,Sun,,,,
2026/06/06,Sat,,,,
2026/06/05,Fri,6.5365,6.2845,6.5370,6.2465
2026/06/04,Thu,6.4820,6.5350,6.5625,6.4205
2026/06/03,Wed,6.6820,6.5075,6.6840,6.4725
2026/06/02,Tue,6.5645,6.6765,6.6980,6.5275
2026/06/01,Mon,6.3900,6.5525,6.5850,6.3800
2026/05/31,Sun,,,,
2026/05/30,Sat,,,,
2026/05/29,Fri,6.4250,6.3890,6.4400,6.3710
2026/05/28,Thu,6.3365,6.4260,6.4320,6.2420
2026/05/27,Wed,6.4125,6.3400,6.4765,6.3110
2026/05/26,Tue,6.4180,6.3970,6.4880,6.3635
2026/05/25,Mon,,,,
2026/05/24,Sun,,,,
2026/05/23,Sat,,,,
2026/05/22,Fri,6.3510,6.3790,6.4085,6.3245
2026/05/21,Thu,6.3285,6.2940,6.3775,6.2410
2026/05/20,Wed,6.1875,6.3305,6.3530,6.1475
2026/05/19,Tue,6.3365,6.2065,6.3500,6.1610
2026/05/18,Mon,6.2870,6.3155,6.3370,6.2070
2026/05/17,Sun,,,,
2026/05/16,Sat,,,,
2026/05/15,Fri,6.5800,6.2950,6.5870,6.2680
2026/05/14,Thu,6.6195,6.6115,6.6530,6.5465
2026/05/13,Wed,6.6305,6.6790,6.7160,6.5810
2026/05/12,Tue,6.4920,6.5310,6.6590,6.4405
2026/05/11,Mon,6.2785,6.4605,6.5090,6.2500
2026/05/10,Sun,,,,
2026/05/09,Sat,,,,
2026/05/08,Fri,6.1005,6.2965,6.3220,6.0945
2026/05/07,Thu,6.1895,6.1760,6.2445,6.1235
2026/05/06,Wed,5.9895,6.1865,6.2170,5.9830
2026/05/05,Tue,5.8605,5.9930,6.0200,5.8565
2026/05/04,Mon,5.9910,5.8465,6.0035,5.8200
2026/05/03,Sun,,,,
2026/05/02,Sat,,,,
2026/05/01,Fri,6.0270,5.9845,6.0400,5.9565
2026/04/30,Thu,5.9285,5.9805,6.0300,5.9245
2026/04/29,Wed,5.9795,5.9330,6.0240,5.9040
2026/04/28,Tue,6.0555,5.9455,6.0640,5.9070
2026/04/27,Mon,6.0420,6.0500,6.0980,6.0215
2026/04/26,Sun,,,,
2026/04/25,Sat,,,,
2026/04/24,Fri,6.0860,6.0885,6.1085,6.0445
2026/04/23,Thu,6.1990,6.1425,6.2085,6.0700
2026/04/22,Wed,6.0870,6.1890,6.2115,6.0690
2026/04/21,Tue,6.1065,6.0715,6.1330,6.0295
2026/04/20,Mon,6.0995,6.1065,6.1555,6.0335
2026/04/19,Sun,,,,
2026/04/18,Sat,,,,
2026/04/17,Fri,6.0370,6.1145,6.1270,6.0180
2026/04/16,Thu,6.0755,6.0765,6.1320,6.0280
2026/04/15,Wed,6.0820,6.0850,6.1480,6.0630
2026/04/14,Tue,6.0035,6.0835,6.0955,5.9965
2026/04/13,Mon,5.8175,5.9905,6.0245,5.7640
2026/04/12,Sun,,,,
2026/04/11,Sat,,,,
2026/04/10,Fri,5.7555,5.8860,5.9360,5.7375
2026/04/09,Thu,5.7460,5.7645,5.7780,5.6915
2026/04/08,Wed,5.6025,5.7770,5.7860,5.6025
2026/04/07,Tue,5.6110,5.5630,5.6410,5.5385
2026/04/06,Mon,5.6625,5.6010,5.6970,5.5740
2026/04/05,Sun,,,,
2026/04/04,Sat,,,,
2026/04/03,Fri,5.6260,5.5835,5.7270,5.5130
2026/04/02,Thu,5.6260,5.5835,5.7270,5.5130
2026/04/01,Wed,5.6480,5.6465,5.6630,5.5845
2026/03/31,Tue,5.4865,5.6140,5.6540,5.4645
2026/03/30,Mon,5.4575,5.5020,5.5415,5.4050
2026/03/29,Sun,,,,
2026/03/28,Sat,,,,
2026/03/27,Fri,5.4650,5.4685,5.5265,5.4350
2026/03/26,Thu,5.5020,5.4505,5.5105,5.4300
2026/03/25,Wed,5.5075,5.5340,5.5640,5.4775
2026/03/24,Tue,5.4640,5.4285,5.4985,5.3430
2026/03/23,Mon,5.2700,5.4465,5.5500,5.2535
2026/03/22,Sun,,,,
2026/03/21,Sat,,,,
2026/03/20,Fri,5.5250,5.3745,5.5650,5.2710
2026/03/19,Thu,5.4885,5.4690,5.5550,5.2970
2026/03/18,Wed,5.7770,5.5940,5.7785,5.4600
2026/03/17,Tue,5.8450,5.7670,5.8540,5.7370
2026/03/16,Mon,5.6800,5.8315,5.8600,5.6560
2026/03/15,Sun,,,,
2026/03/14,Sat,,,,
2026/03/13,Fri,5.8265,5.7570,5.8565,5.6590
2026/03/12,Thu,5.9190,5.8680,5.9190,5.8080
2026/03/11,Wed,5.9255,5.8915,5.9430,5.8345
2026/03/10,Tue,5.9065,5.9520,5.9620,5.8625
2026/03/09,Mon,5.8300,5.8485,5.9055,5.6395
2026/03/08,Sun,,,,
2026/03/07,Sat,,,,
2026/03/06,Fri,5.8290,5.8070,5.8815,5.7790
2026/03/05,Thu,5.9095,5.8045,5.9535,5.7750
2026/03/04,Wed,5.8430,5.9075,5.9665,5.8120
2026/03/03,Tue,5.9615,5.8260,6.0125,5.7470
2026/03/02,Mon,6.0150,5.9480,6.0955,5.9275
2026/03/01,Sun,,,,
2026/02/28,Sat,,,,
2026/02/27,Fri,6.0290,6.0595,6.1410,5.9975
2026/02/26,Thu,6.0475,6.0050,6.0605,5.9640
2026/02/25,Wed,5.9290,6.0155,6.0300,5.9245
2026/02/24,Tue,5.8305,5.9610,5.9660,5.8265
2026/02/23,Mon,5.9125,5.8105,5.9315,5.7920
2026/02/22,Sun,,,,
2026/02/21,Sat,,,,
2026/02/20,Fri,5.8155,5.8995,5.9375,5.7915
2026/02/19,Thu,5.8385,5.7985,5.8715,5.7395
2026/02/18,Wed,5.7365,5.8630,5.8705,5.7285
2026/02/17,Tue,5.8390,5.7040,5.8620,5.6895
2026/02/16,Mon,5.7775,5.7593,5.8000,5.7370
2026/02/15,Sun,,,,
2026/02/14,Sat,,,,
2026/02/13,Fri,5.7695,5.8030,5.8490,5.6775
2026/02/12,Thu,5.9860,5.7855,6.0230,5.7545
2026/02/11,Wed,5.9085,5.9655,6.0880,5.8930
2026/02/10,Tue,5.9585,5.9135,5.9615,5.8825
2026/02/09,Mon,5.9000,5.9625,5.9810,5.8435
2026/02/08,Sun,,,,
2026/02/07,Sat,,,,
2026/02/06,Fri,5.7320,5.8820,5.8910,5.5955
2026/02/05,Thu,5.9360,5.8210,5.9640,5.6850
2026/02/04,Wed,6.1000,5.8500,6.1155,5.8320
2026/02/03,Tue,5.8395,6.0865,6.1150,5.8300
2026/02/02,Mon,5.9050,5.8255,5.9050,5.5640
2026/02/01,Sun,,,,
2026/01/31,Sat,,,,
2026/01/30,Fri,6.2845,5.9240,6.3870,5.7600
2026/01/29,Thu,5.9970,6.2035,6.5830,5.9550
2026/01/28,Wed,5.9245,5.8980,5.9730,5.8785
2026/01/27,Tue,5.8905,5.8335,5.9225,5.7835
2026/01/26,Mon,5.9220,5.9910,6.0040,5.8685
2026/01/25,Sun,,,,
2026/01/24,Sat,,,,
2026/01/23,Fri,5.8055,5.9475,5.9670,5.7865
2026/01/22,Thu,5.8100,5.7790,5.8185,5.6960
2026/01/21,Wed,5.8335,5.7680,5.8960,5.7335
2026/01/20,Tue,5.8600,5.8125,5.9370,5.7440
2026/01/19,Mon,5.9000,5.8965,5.9368,5.8335
2026/01/18,Sun,,,,
2026/01/17,Sat,,,,
2026/01/16,Fri,5.9930,5.8310,6.0245,5.7715
2026/01/15,Thu,6.0990,5.9915,6.1095,5.9080
2026/01/14,Wed,6.0050,6.0555,6.1540,6.0040
2026/01/13,Tue,6.0085,6.0160,6.0935,5.9475
2026/01/12,Mon,5.8985,6.0315,6.0690,5.8970
2026/01/11,Sun,,,,
2026/01/10,Sat,,,,
2026/01/09,Fri,5.8075,5.9025,5.9390,5.7385
2026/01/08,Thu,5.8545,5.7965,5.9285,5.6955
2026/01/07,Wed,6.0620,5.8605,6.0695,5.8410
2026/01/06,Tue,5.9890,6.0625,6.1125,5.9455
2026/01/05,Mon,5.7095,5.9755,6.0070,5.6995
2026/01/04,Sun,,,,
2026/01/03,Sat,,,,
2026/01/02,Fri,5.6970,5.6915,5.7590,5.6680
2026/01/01,Thu,5.6900,5.7560,5.7585,5.6620
2025/12/31,Wed,5.7535,5.6820,5.7785,5.6375
2025/12/30,Tue,5.5745,5.7815,5.7955,5.5350
2025/12/29,Mon,5.8290,5.5370,5.8855,5.5280
2025/12/28,Sun,,,,
2025/12/27,Sat,,,,
2025/12/26,Fri,5.6800,5.8395,5.8880,5.6695
2025/12/25,Thu,5.5730,5.6892,5.7025,5.5730
2025/12/24,Wed,5.5630,5.5750,5.6645,5.5310
2025/12/23,Tue,5.5010,5.5520,5.6210,5.4840
2025/12/22,Mon,5.4875,5.5095,5.5530,5.4800
2025/12/21,Sun,,,,
2025/12/20,Sat,,,,
2025/12/19,Fri,5.4275,5.5100,5.5655,5.4055
2025/12/18,Thu,5.4275,5.4375,5.4690,5.3805
2025/12/17,Wed,5.3615,5.4355,5.4655,5.3610
2025/12/16,Tue,5.4110,5.3590,5.4130,5.3175
2025/12/15,Mon,5.3490,5.4120,5.5200,5.3440
2025/12/14,Sun,,,,
2025/12/13,Sat,,,,
2025/12/12,Fri,5.4885,5.3590,5.5305,5.2800
2025/12/11,Thu,5.4020,5.5015,5.5160,5.3600
2025/12/10,Wed,5.3325,5.3535,5.4230,5.3230
2025/12/09,Tue,5.4300,5.3200,5.4405,5.3135
2025/12/08,Mon,5.4565,5.4445,5.4950,5.3950
2025/12/07,Sun,,,,
2025/12/06,Sat,,,,
2025/12/05,Fri,5.3605,5.4620,5.4900,5.3455
2025/12/04,Thu,5.3935,5.3735,5.4255,5.3100
2025/12/03,Wed,5.2465,5.3890,5.4370,5.2415
2025/12/02,Tue,5.2700,5.2430,5.3160,5.2235
2025/12/01,Mon,5.2825,5.3030,5.3635,5.2645
2025/11/30,Sun,,,,
2025/11/29,Sat,,,,
2025/11/28,Fri,5.2060,5.2720,5.3095,5.1330
2025/11/27,Thu,5.2080,5.1677,5.2098,5.1330
2025/11/26,Wed,5.1095,5.1940,5.2100,5.1010
2025/11/25,Tue,5.0615,5.0625,5.1560,5.0615
2025/11/24,Mon,5.0650,5.0260,5.0700,5.0260
2025/11/23,Sun,,,,
2025/11/22,Sat,,,,
2025/11/21,Fri,5.0330,5.0960,5.1035,4.9955
2025/11/20,Thu,5.1035,5.0485,5.1330,5.0255
2025/11/19,Wed,5.0455,5.0970,5.1155,5.0290
2025/11/18,Tue,5.0670,5.0505,5.0830,5.0235
2025/11/17,Mon,5.1235,5.0865,5.1310,5.0380
2025/11/16,Sun,,,,
2025/11/15,Sat,,,,
2025/11/14,Fri,5.0615,5.0630,5.0920,5.0020
2025/11/13,Thu,5.0925,5.1020,5.1630,5.0365
2025/11/12,Wed,5.0635,5.1055,5.1505,5.0250
2025/11/11,Tue,5.0955,5.0660,5.1045,5.0520
2025/11/10,Mon,4.9700,5.1060,5.1200,4.9670
2025/11/09,Sun,,,,
2025/11/08,Sat,,,,
2025/11/07,Fri,4.9735,4.9570,5.0080,4.9515
2025/11/06,Thu,4.9930,4.9675,5.0375,4.9525
2025/11/05,Wed,4.9280,4.9860,5.0070,4.8880
2025/11/04,Tue,5.0545,4.9485,5.0660,4.9075
2025/11/03,Mon,5.1000,5.0690,5.1295,5.0185
2025/11/02,Sun,,,,
2025/11/01,Sat,,,,
2025/10/31,Fri,5.1110,5.0890,5.1285,5.0480
2025/10/30,Thu,5.2035,5.1040,5.2335,5.0425
2025/10/29,Wed,5.1995,5.2370,5.2445,5.1640
2025/10/28,Tue,5.1295,5.1450,5.1495,5.0660
2025/10/27,Mon,5.1450,5.1460,5.1885,5.1225
2025/10/26,Sun,,,,
2025/10/25,Sat,,,,
2025/10/24,Fri,5.0880,5.1225,5.1515,5.0675
2025/10/23,Thu,4.9925,5.1105,5.1185,4.9785
2025/10/22,Wed,4.9560,4.9955,5.0160,4.9155
2025/10/21,Tue,5.0500,4.9660,5.0720,4.9145
2025/10/20,Mon,4.9885,5.0360,5.0760,4.9710
2025/10/19,Sun,,,,
2025/10/18,Sat,,,,
2025/10/17,Fri,4.9875,4.9695,5.0245,4.8835
2025/10/16,Thu,4.9765,4.9990,5.0165,4.9305
2025/10/15,Wed,5.0105,5.0145,5.0825,4.9450
2025/10/14,Tue,5.1325,5.0230,5.1780,4.9315
2025/10/13,Mon,4.9230,5.1440,5.1800,4.9225
2025/10/12,Sun,,,,
2025/10/11,Sat,,,,
2025/10/10,Fri,5.1405,4.8940,5.1785,4.8220
2025/10/09,Thu,5.0805,5.1230,5.2610,5.0400
2025/10/08,Wed,5.0940,5.0945,5.1560,5.0650
2025/10/07,Tue,5.0420,5.0975,5.1465,5.0320
2025/10/06,Mon,5.0890,5.0380,5.1240,5.0145
2025/10/05,Sun,,,,
2025/10/04,Sat,,,,
2025/10/03,Fri,4.9540,5.1090,5.1205,4.9380
2025/10/02,Thu,4.8920,4.9495,4.9895,4.8500
2025/10/01,Wed,4.8790,4.8825,4.9040,4.8160
2025/09/30,Tue,4.9055,4.8565,4.9130,4.8200
2025/09/29,Mon,4.7600,4.8920,4.9205,4.7505
2025/09/28,Sun,,,,
2025/09/27,Sat,,,,
2025/09/26,Fri,4.7500,4.7460,4.7700,4.6920
2025/09/25,Thu,4.8515,4.7325,4.9045,4.7335
2025/09/24,Wed,4.6150,4.7885,4.8200,4.5930
2025/09/23,Tue,4.6150,4.6195,4.6210,4.6005
2025/09/22,Mon,4.6225,4.6075,4.6230,4.5830
2025/09/21,Sun,,,,
2025/09/20,Sat,,,,
2025/09/19,Fri,4.6000,4.6275,4.6425,4.5890
2025/09/18,Thu,4.6150,4.6005,4.6310,4.5765
2025/09/17,Wed,4.6990,4.6320,4.7040,4.5830
2025/09/16,Tue,4.7195,4.6940,4.7220,4.6805
2025/09/15,Mon,4.6525,4.7175,4.7260,4.6385
2025/09/14,Sun,,,,
2025/09/13,Sat,,,,
2025/09/12,Fri,4.6725,4.6520,4.6995,4.6430
2025/09/11,Thu,4.6050,4.6580,4.6840,4.5970
2025/09/10,Wed,4.5745,4.6180,4.6260,4.5635
2025/09/09,Tue,4.5650,4.5695,4.5900,4.5460
2025/09/08,Mon,4.5430,4.5595,4.5790,4.5255
2025/09/07,Sun,,,,
2025/09/06,Sat,,,,
2025/09/05,Fri,4.5660,4.5510,4.6200,4.5365
2025/09/04,Thu,4.6145,4.5585,4.6205,4.5520
2025/09/03,Wed,4.6455,4.6300,4.6750,4.6020
2025/09/02,Tue,4.5920,4.6410,4.6490,4.5410
2025/09/01,Mon,4.5843,4.5825,4.6125,4.5700
2025/08/31,Sun,,,,
2025/08/30,Sat,,,,
2025/08/29,Fri,4.5445,4.5905,4.5940,4.5365
2025/08/28,Thu,4.5000,4.5390,4.5550,4.4845
2025/08/27,Wed,4.5170,4.4715,4.5170,4.4345
2025/08/26,Tue,4.5155,4.5100,4.5355,4.5005
2025/08/25,Mon,4.5100,4.5265,4.5390,4.5100
2025/08/24,Sun,,,,
2025/08/23,Sat,,,,
2025/08/22,Fri,4.5170,4.5275,4.5485,4.4970
2025/08/21,Thu,4.5040,4.5115,4.5230,4.4815
2025/08/20,Wed,4.4945,4.5105,4.5170,4.4815
2025/08/19,Tue,4.5425,4.4885,4.5565,4.4870
2025/08/18,Mon,4.5490,4.5360,4.5665,4.5145
2025/08/17,Sun,,,,
2025/08/16,Sat,,,,
2025/08/15,Fri,4.4970,4.4925,4.5180,4.4660
2025/08/14,Thu,4.4975,4.4795,4.5145,4.4495
2025/08/13,Wed,4.5165,4.4975,4.5500,4.4840
2025/08/12,Tue,4.4505,4.5255,4.5390,4.4435
2025/08/11,Mon,4.4835,4.4400,4.4850,4.4275
2025/08/10,Sun,,,,
2025/08/09,Sat,,,,
2025/08/08,Fri,4.4140,4.4715,4.4915,4.4015
2025/08/07,Thu,4.4125,4.3985,4.4490,4.3905
2025/08/06,Wed,4.3810,4.4130,4.4355,4.3800
2025/08/05,Tue,4.4585,4.3860,4.4710,4.3725
2025/08/04,Mon,4.4505,4.4375,4.4800,4.4005
2025/08/03,Sun,,,,
2025/08/02,Sat,,,,
2025/08/01,Fri,4.4330,4.4355,4.4510,4.3640
2025/07/31,Thu,4.6395,4.3545,4.6520,4.3325
2025/07/30,Wed,5.6600,5.5860,5.8300,4.5030
2025/07/29,Tue,5.5570,5.6070,5.6575,5.5570
2025/07/28,Mon,5.7780,5.5975,5.7965,5.5225
2025/07/27,Sun,,,,
2025/07/26,Sat,,,,
2025/07/25,Fri,5.8270,5.7850,5.8380,5.7440
2025/07/24,Thu,5.8445,5.8015,5.9585,5.7810
2025/07/23,Wed,5.7650,5.8195,5.9300,5.7220
2025/07/22,Tue,5.6410,5.7215,5.7715,5.5750
2025/07/21,Mon,5.5910,5.6375,5.6685,5.5635
2025/07/20,Sun,,,,
2025/07/19,Sat,,,,
2025/07/18,Fri,5.4980,5.6045,5.6150,5.4955
2025/07/17,Thu,5.5175,5.5125,5.5295,5.4740
2025/07/16,Wed,5.5155,5.5260,5.5665,5.4680
2025/07/15,Tue,5.5250,5.5775,5.6125,5.4925
2025/07/14,Mon,5.5830,5.5505,5.6030,5.4550
2025/07/13,Sun,,,,
2025/07/12,Sat,,,,
2025/07/11,Fri,5.6290,5.6045,5.6625,5.4735
2025/07/10,Thu,5.5410,5.5910,5.6855,5.5255
2025/07/09,Wed,5.4800,5.4865,5.7305,5.4250
2025/07/08,Tue,5.0120,5.6855,5.8955,4.9725
2025/07/07,Mon,5.0645,5.0260,5.0925,4.9825
2025/07/06,Sun,,,,
2025/07/05,Sat,,,,
2025/07/04,Fri,5.1430,5.0625,5.1450,5.0345
2025/07/03,Thu,5.1995,5.1415,5.2045,5.1205
2025/07/02,Wed,5.0985,5.1975,5.2120,5.0770
2025/07/01,Tue,5.1090,5.0995,5.1925,5.0755
2025/06/30,Mon,5.1245,5.0825,5.1385,5.0625
2025/06/29,Sun,,,,
2025/06/28,Sat,,,,
2025/06/27,Fri,5.1090,5.1230,5.1455,5.0210
2025/06/26,Thu,4.9500,5.0925,5.1100,4.9470
2025/06/25,Wed,4.8905,4.9130,4.8915,4.8900
2025/06/24,Tue,4.8635,4.8670,4.8685,4.8635
2025/06/23,Mon,4.8185,4.8430,4.9080,4.8165
2025/06/22,Sun,,,,
2025/06/21,Sat,,,,
2025/06/20,Fri,4.8510,4.8335,4.8735,4.7430
2025/06/19,Thu,4.8560,4.8135,4.8683,4.7773
2025/06/18,Wed,4.7845,4.8530,4.8710,4.7845
2025/06/17,Tue,4.8210,4.8090,4.8405,4.7770
2025/06/16,Mon,4.7645,4.8360,4.8680,4.7280
2025/06/15,Sun,,,,
2025/06/14,Sat,,,,
2025/06/13,Fri,4.8425,4.8145,4.8570,4.7090
2025/06/12,Thu,4.8065,4.8355,4.8495,4.7650
2025/06/11,Wed,4.8905,4.8145,4.9135,4.7760
2025/06/10,Tue,4.9030,4.9000,4.9260,4.8510
2025/06/09,Mon,4.8385,4.9250,4.9395,4.8245
2025/06/08,Sun,,,,
2025/06/07,Sat,,,,
2025/06/06,Fri,4.9110,4.8480,4.9495,4.8230
2025/06/05,Thu,4.8985,4.9330,5.0615,4.8800
2025/06/04,Wed,4.8630,4.8865,4.9160,4.8390
2025/06/03,Tue,4.8485,4.8340,4.8695,4.7185
2025/06/02,Mon,4.7200,4.8585,4.9495,4.7200
2025/06/01,Sun,,,,
2025/05/31,Sat,,,,
2025/05/30,Fri,4.6745,4.6775,4.7270,4.6460
2025/05/29,Thu,4.6790,4.6755,4.7455,4.6515
2025/05/28,Wed,4.7200,4.6505,4.7400,4.6445
2025/05/27,Tue,4.8590,4.7150,4.8590,4.7120
2025/05/26,Mon,4.8515,4.8333,4.8865,4.8172
2025/05/25,Sun,,,,
2025/05/24,Sat,,,,
2025/05/23,Fri,4.6785,4.8365,4.8900,4.6290
2025/05/22,Thu,4.6625,4.6795,4.7435,4.5690
2025/05/21,Wed,4.6765,4.6720,4.7120,4.6485
2025/05/20,Tue,4.6635,4.6540,4.6815,4.5855
2025/05/19,Mon,4.6085,4.6705,4.6785,4.5610
2025/05/18,Sun,,,,
2025/05/17,Sat,,,,
2025/05/16,Fri,4.6820,4.5935,4.6980,4.5690
2025/05/15,Thu,4.6435,4.6835,4.7075,4.5715
2025/05/14,Wed,4.7110,4.6505,4.7370,4.6280
2025/05/13,Tue,4.6305,4.7230,4.7315,4.6050
2025/05/12,Mon,4.6900,4.6210,4.7295,4.5895
2025/05/11,Sun,,,,
2025/05/10,Sat,,,,
2025/05/09,Fri,4.6035,4.6530,4.7400,4.4775
2025/05/08,Thu,4.6185,4.6040,4.6775,4.5425
2025/05/07,Wed,4.7595,4.6595,4.8070,4.6125
2025/05/06,Tue,4.7050,4.7780,4.7930,4.6720
2025/05/05,Mon,4.7040,4.6990,4.7655,4.6630
2025/05/04,Sun,,,,
2025/05/03,Sat,,,,
2025/05/02,Fri,4.6390,4.6730,4.7435,4.6180
2025/05/01,Thu,4.6155,4.6280,4.6830,4.5975
2025/04/30,Wed,4.8625,4.6090,4.8655,4.5240
2025/04/29,Tue,4.8970,4.8725,4.9635,4.8435
2025/04/28,Mon,4.8670,4.8645,4.8935,4.8000
2025/04/27,Sun,,,,
2025/04/26,Sat,,,,
2025/04/25,Fri,4.9370,4.8950,4.9465,4.7905
2025/04/24,Thu,4.8840,4.9105,4.9420,4.8605
2025/04/23,Wed,4.9085,4.8950,4.9825,4.8710
2025/04/22,Tue,4.7735,4.9280,4.9420,4.7700
2025/04/21,Mon,4.7565,4.7800,4.8565,4.7375
2025/04/20,Sun,,,,
2025/04/19,Sat,,,,
2025/04/18,Fri,,,,
2025/04/17,Thu,4.6770,4.7390,4.7510,4.5645
2025/04/16,Wed,4.6130,4.6855,4.6985,4.5435
2025/04/15,Tue,4.6530,4.6260,4.6645,4.5350
2025/04/14,Mon,4.5900,4.6255,4.6870,4.5205
2025/04/13,Sun,,,,
2025/04/12,Sat,,,,
2025/04/11,Fri,4.3785,4.5230,4.5650,4.3270
2025/04/10,Thu,4.4665,4.3365,4.4670,4.3100
2025/04/09,Wed,4.1075,4.1925,4.4715,4.0380
2025/04/08,Tue,4.3135,4.1440,4.3650,4.0925
2025/04/07,Mon,4.3500,4.1860,4.4650,4.0300
2025/04/06,Sun,,,,
2025/04/05,Sat,,,,
2025/04/04,Fri,4.8140,4.4020,4.8245,4.3720
2025/04/03,Thu,5.0000,4.8285,5.0000,4.8080
2025/04/02,Wed,5.0295,5.0405,5.1450,4.9850
2025/04/01,Tue,5.0550,5.0350,5.1155,5.0045
2025/03/31,Mon,5.1300,5.0340,5.1460,4.9850
2025/03/30,Sun,,,,
2025/03/29,Sat,,,,
2025/03/28,Fri,5.1195,5.1300,5.1675,5.0620
2025/03/27,Thu,5.2170,5.0985,5.2420,5.0830
2025/03/26,Wed,5.2075,5.2185,5.2985,5.2040
2025/03/25,Tue,5.0560,5.1850,5.2000,5.0560
2025/03/24,Mon,5.0965,5.0925,5.1845,5.0750
2025/03/23,Sun,,,,
2025/03/22,Sat,,,,
2025/03/21,Fri,5.1105,5.1135,5.1375,5.0270
2025/03/20,Thu,5.1240,5.1120,5.1485,5.0560
2025/03/19,Wed,5.0045,5.1000,5.1245,4.9965
2025/03/18,Tue,4.9790,5.0165,5.0250,4.9560
2025/03/17,Mon,4.8845,4.9590,4.9840,4.8750
2025/03/16,Sun,,,,
2025/03/15,Sat,,,,
2025/03/14,Fri,4.9280,4.8960,4.9575,4.8710
2025/03/13,Thu,4.8410,4.9255,4.9345,4.7965
2025/03/12,Wed,4.7935,4.8495,4.9035,4.7750
2025/03/11,Tue,4.6480,4.7660,4.8045,4.6260
2025/03/10,Mon,4.7140,4.6665,4.7340,4.6300
2025/03/09,Sun,,,,
2025/03/08,Sat,,,,
2025/03/07,Fri,4.7755,4.7100,4.7955,4.6805
2025/03/06,Thu,4.8040,4.8075,4.8510,4.7350
2025/03/05,Wed,4.5800,4.7940,4.8250,4.5465
2025/03/04,Tue,4.5880,4.5565,4.6325,4.5185
2025/03/03,Mon,4.5765,4.6070,4.6535,4.5365
2025/03/02,Sun,,,,
2025/03/01,Sat,,,,
2025/02/28,Fri,4.5955,4.5480,4.5970,4.5115
2025/02/27,Thu,4.5835,4.6185,4.6685,4.5490
2025/02/26,Wed,4.6535,4.5615,4.7125,4.5500
2025/02/25,Tue,4.5280,4.5035,4.6790,4.4970
2025/02/24,Mon,4.5905,4.5635,4.6270,4.5495
2025/02/23,Sun,,,,
2025/02/22,Sat,,,,
2025/02/21,Fri,4.6655,4.6155,4.6690,4.5880
2025/02/20,Thu,4.6205,4.6660,4.6900,4.5985
2025/02/19,Wed,4.6425,4.6140,4.6625,4.6020
2025/02/18,Tue,4.6915,4.6425,4.7180,4.5945
2025/02/17,Mon,,,,
2025/02/16,Sun,,,,
2025/02/15,Sat,,,,
2025/02/14,Fri,4.7830,4.6645,4.8365,4.6365
2025/02/13,Thu,4.6950,4.7780,4.7905,4.6835
2025/02/12,Wed,4.5975,4.7045,4.7125,4.5755
2025/02/11,Tue,4.6935,4.6010,4.7000,4.5410
2025/02/10,Mon,4.5980,4.7070,4.7150,4.5705
2025/02/09,Sun,,,,
2025/02/08,Sat,,,,
2025/02/07,Fri,4.4580,4.5890,4.6080,4.4570
2025/02/06,Thu,4.4370,4.4610,4.5095,4.4110
2025/02/05,Wed,4.3590,4.4440,4.4565,4.3430
2025/02/04,Tue,4.3320,4.3535,4.3720,4.3065
2025/02/03,Mon,4.2585,4.3055,4.3375,4.1835
2025/02/02,Sun,,,,
2025/02/01,Sat,,,,
2025/01/31,Fri,4.3075,4.2790,4.3190,4.2570
2025/01/30,Thu,4.2870,4.3075,4.3455,4.2610
2025/01/29,Wed,4.2365,4.2605,4.2760,4.2365
2025/01/28,Tue,4.2470,4.2245,4.2490,4.2220
2025/01/27,Mon,4.2500,4.2080,4.2550,4.2000
2025/01/26,Sun,,,,
2025/01/25,Sat,,,,
2025/01/24,Fri,4.3050,4.2965,4.3600,4.2920
2025/01/23,Thu,4.2390,4.3055,4.3065,4.2360
2025/01/22,Wed,4.3395,4.3010,4.3410,4.2815
2025/01/21,Tue,4.3565,4.3410,4.3815,4.2700
2025/01/20,Mon,,,,
2025/01/19,Sun,,,,
2025/01/18,Sat,,,,
2025/01/17,Fri,4.4350,4.3685,4.4700,4.3445
2025/01/16,Thu,4.3975,4.4410,4.4470,4.3850
2025/01/15,Wed,4.3490,4.3890,4.4045,4.3175
2025/01/14,Tue,4.3265,4.3425,4.3660,4.3105
2025/01/13,Mon,4.2840,4.3255,4.3435,4.2735
2025/01/12,Sun,,,,
2025/01/11,Sat,,,,
2025/01/10,Fri,4.3135,4.3040,4.3600,4.2820
2025/01/09,Thu,4.2690,4.3095,4.3495,4.2570
2025/01/08,Wed,4.1765,4.2585,4.2730,4.1670
2025/01/07,Tue,4.1520,4.1955,4.2130,4.1405
2025/01/06,Mon,4.0765,4.1615,4.2005,4.0585
2025/01/05,Sun,,,,
2025/01/04,Sat,,,,
2025/01/03,Fri,4.0350,4.0735,4.0825,4.0090
2025/01/02,Thu,4.0310,4.0260,4.0580,4.0050
2025/01/01,Wed,,,,
2024/12/31,Tue,4.0900,4.0265,4.0980,4.0075
2024/12/30,Mon,4.1260,4.0930,4.1485,4.0815
2024/12/29,Sun,,,,
2024/12/28,Sat,,,,
2024/12/27,Fri,4.1260,4.1005,4.1260,4.0945
2024/12/26,Thu,4.0790,4.1080,4.1190,4.0740
2024/12/25,Wed,,,,
2024/12/24,Tue,4.0935,4.0890,4.0935,4.0805
2024/12/23,Mon,4.0855,4.0635,4.0985,4.0600
2024/12/22,Sun,,,,
2024/12/21,Sat,,,,
2024/12/20,Fri,4.0715,4.0790,4.0760,4.0590
2024/12/19,Thu,4.0815,4.0555,4.0905,4.0500
2024/12/18,Wed,4.0960,4.1355,4.1400,4.0675
2024/12/17,Tue,4.1735,4.1250,4.1735,4.1205
2024/12/16,Mon,4.1810,4.1705,4.1930,4.1500
2024/12/15,Sun,,,,
2024/12/14,Sat,,,,
2024/12/13,Fri,4.2070,4.1770,4.2120,4.1690
2024/12/12,Thu,4.2650,4.2250,4.3030,4.2200
2024/12/11,Wed,4.2725,4.2450,4.3005,4.2170
2024/12/10,Tue,4.2540,4.2535,4.2550,4.2215
2024/12/09,Mon,4.1840,4.2580,4.2725,4.1720
2024/12/08,Sun,,,,
2024/12/07,Sat,,,,
2024/12/06,Fri,4.1775,4.1785,4.2335,4.1740
2024/12/05,Thu,4.1760,4.1745,4.1970,4.1690
2024/12/04,Wed,4.1710,4.1830,4.1920,4.1640
2024/12/03,Tue,4.1225,4.1845,4.2010,4.1150
2024/12/02,Mon,4.1105,4.1135,4.1305,4.0675
2024/12/01,Sun,,,,
2024/11/30,Sat,,,,
2024/11/29,Fri,4.1240,4.1225,4.1460,4.1195
2024/11/28,Thu,,,,
2024/11/27,Wed,4.1210,4.1170,4.1375,4.1165
2024/11/26,Tue,4.1000,4.0750,4.1335,4.0715
2024/11/25,Mon,4.1300,4.1215,4.1460,4.1145
2024/11/24,Sun,,,,
2024/11/23,Sat,,,,
2024/11/22,Fri,4.1215,4.1020,4.1320,4.0785
2024/11/21,Thu,4.1610,4.1380,4.1735,4.1160
2024/11/20,Wed,4.1775,4.1640,4.1840,4.1505
2024/11/19,Tue,4.1480,4.1530,4.1800,4.1100
2024/11/18,Mon,4.0915,4.1335,4.1425,4.0840
2024/11/17,Sun,,,,
2024/11/16,Sat,,,,
2024/11/15,Fri,4.1055,4.0760,4.1900,4.0760
2024/11/14,Thu,4.0920,4.1050,4.1115,4.0265
2024/11/13,Wed,4.1565,4.1020,4.1735,4.0865
2024/11/12,Tue,4.2555,4.1540,4.2555,4.1500
2024/11/11,Mon,4.3355,4.2430,4.3355,4.2400
2024/11/10,Sun,,,,
2024/11/09,Sat,,,,
2024/11/08,Fri,4.4415,4.3185,4.4445,4.3110
2024/11/07,Thu,4.2540,4.4400,4.4535,4.2540
2024/11/06,Wed,4.4645,4.2595,4.4645,4.2400
2024/11/05,Tue,4.4475,4.4810,4.4945,4.4475
2024/11/04,Mon,4.4045,4.4375,4.4515,4.3935
2024/11/03,Sun,,,,
2024/11/02,Sat,,,,
2024/11/01,Fri,4.3820,4.3820,4.4145,4.3670
2024/10/31,Thu,4.3600,4.3515,4.3875,4.3470
2024/10/30,Wed,4.3745,4.3600,4.3850,4.3425
2024/10/29,Tue,4.3680,4.3605,4.4300,4.3305
2024/10/28,Mon,4.3695,4.3625,4.3845,4.3330
2024/10/27,Sun,,,,
2024/10/26,Sat,,,,
2024/10/25,Fri,4.3640,4.3705,4.3890,4.3250
2024/10/24,Thu,4.3335,4.3515,4.3995,4.3225
2024/10/23,Wed,4.3875,4.3365,4.3960,4.3100
2024/10/22,Tue,4.3590,4.3805,4.4070,4.3430
2024/10/21,Mon,4.3895,4.3595,4.4570,4.3475
2024/10/20,Sun,,,,
2024/10/19,Sat,,,,
2024/10/18,Fri,4.3335,4.3845,4.4130,4.3260
2024/10/17,Thu,4.3705,4.3250,4.4135,4.2915
2024/10/16,Wed,4.3415,4.3675,4.3950,4.3295
2024/10/15,Tue,4.4035,4.3375,4.4115,4.3295
2024/10/14,Mon,4.4520,4.4060,4.4710,4.3850
2024/10/13,Sun,,,,
2024/10/12,Sat,,,,
2024/10/11,Fri,4.4475,4.4935,4.4990,4.4180
2024/10/10,Thu,4.4140,4.4275,4.4540,4.3810
2024/10/09,Wed,4.4740,4.3995,4.5045,4.3735
2024/10/08,Tue,4.5595,4.4565,4.5810,4.4235
2024/10/07,Mon,4.5730,4.5665,4.6090,4.5150
2024/10/06,Sun,,,,
2024/10/05,Sat,,,,
2024/10/04,Fri,4.5495,4.5740,4.6065,4.5360
2024/10/03,Thu,4.6645,4.5530,4.6665,4.5190
2024/10/02,Wed,4.5735,4.6490,4.6670,4.5565
2024/10/01,Tue,4.5525,4.5890,4.6250,4.5325
2024/09/30,Mon,4.6490,4.5530,4.7900,4.4970
2024/09/29,Sun,,,,
2024/09/28,Sat,,,,
2024/09/27,Fri,4.6475,4.5995,4.6590,4.5765
2024/09/26,Thu,4.4595,4.6100,4.6210,4.4490
2024/09/25,Wed,4.4995,4.4605,4.5210,4.4270
2024/09/24,Tue,4.3175,4.4620,4.5020,4.3175
2024/09/23,Mon,4.2970,4.3195,4.3345,4.2575
2024/09/22,Sun,,,,
2024/09/21,Sat,,,,
2024/09/20,Fri,4.3310,4.3160,4.3575,4.3010
2024/09/19,Thu,4.2280,4.3210,4.3485,4.2200
2024/09/18,Wed,4.2250,4.2730,4.3055,4.2230
2024/09/17,Tue,4.2485,4.2495,4.2805,4.2330
2024/09/16,Mon,4.1980,4.2505,4.2930,4.1840
2024/09/15,Sun,,,,
2024/09/14,Sat,,,,
2024/09/13,Fri,4.1975,4.2130,4.2190,4.1730
2024/09/12,Thu,4.1450,4.1720,4.2060,4.1450
2024/09/11,Wed,4.0990,4.1200,4.1480,4.0915
2024/09/10,Tue,4.1070,4.0765,4.1340,4.0650
2024/09/09,Mon,4.0515,4.1230,4.1325,4.0490
2024/09/08,Sun,,,,
2024/09/07,Sat,,,,
2024/09/06,Fri,4.1105,4.0525,4.1390,4.0470
2024/09/05,Thu,4.0635,4.1155,4.1430,4.0275
2024/09/04,Wed,4.0630,4.0580,4.0945,4.0275
2024/09/03,Tue,4.1735,4.0715,4.1735,4.0375
2024/09/02,Mon,4.2190,4.1837,4.2218,4.1632
2024/09/01,Sun,,,,
2024/08/31,Sat,,,,
2024/08/30,Fri,4.1870,4.1890,4.2500,4.1870
2024/08/29,Thu,4.2000,4.1985,4.2225,4.1720
2024/08/28,Wed,4.2475,4.1725,4.2505,4.1615
2024/08/27,Tue,4.2200,4.2575,4.2680,4.2200
2024/08/26,Mon,4.2120,4.2350,4.2520,4.2120
2024/08/25,Sun,,,,
2024/08/24,Sat,,,,
2024/08/23,Fri,4.1480,4.2110,4.2200,4.1475
2024/08/22,Thu,4.2165,4.1545,4.2205,4.1400
2024/08/21,Wed,4.1630,4.1970,4.2095,4.1630
2024/08/20,Tue,4.1980,4.1680,4.2105,4.1550
2024/08/19,Mon,4.1660,4.1885,4.2010,4.1615
2024/08/18,Sun,,,,
2024/08/17,Sat,,,,
2024/08/16,Fri,4.1350,4.1490,4.1630,4.0995
2024/08/15,Thu,4.0520,4.1530,4.1605,4.0520
2024/08/14,Wed,4.0530,4.0460,4.0885,4.0380
2024/08/13,Tue,4.0795,4.0560,4.0795,4.0240
2024/08/12,Mon,4.0055,4.0750,4.0850,4.0040
2024/08/11,Sun,,,,
2024/08/10,Sat,,,,
2024/08/09,Fri,4.0215,4.0020,4.0390,3.9930
2024/08/08,Thu,3.9500,3.9700,3.9930,3.9500
2024/08/07,Wed,4.0050,3.9635,4.0230,3.9550
2024/08/06,Tue,4.0415,4.0360,4.0460,3.9780
2024/08/05,Mon,4.1315,4.0105,4.1355,3.9570
2024/08/04,Sun,,,,
2024/08/03,Sat,,,,
2024/08/02,Fri,4.0810,4.1150,4.1430,4.0725
2024/08/01,Thu,4.2035,4.0950,4.2035,4.0780
2024/07/31,Wed,4.1490,4.1875,4.2210,4.1490
2024/07/30,Tue,4.1070,4.0980,4.1120,4.0600
2024/07/29,Mon,4.1115,4.0845,4.1500,4.0610
2024/07/28,Sun,,,,
2024/07/27,Sat,,,,
2024/07/26,Fri,4.1165,4.1240,4.1560,4.1000
2024/07/25,Thu,4.0820,4.1255,4.1560,4.0360
2024/07/24,Wed,4.1660,4.1090,4.1780,4.0760
2024/07/23,Tue,4.1945,4.1605,4.2140,4.1355
2024/07/22,Mon,4.2360,4.1975,4.2615,4.1620
2024/07/21,Sun,,,,
2024/07/20,Sat,,,,
2024/07/19,Fri,4.2620,4.2365,4.2910,4.2280
2024/07/18,Thu,4.4150,4.2795,4.4280,4.2525
2024/07/17,Wed,4.4570,4.4085,4.4835,4.4010
2024/07/16,Tue,4.5120,4.4495,4.5250,4.4285
2024/07/15,Mon,4.5815,4.5265,4.6025,4.5015
2024/07/14,Sun,,,,
2024/07/13,Sat,,,,
2024/07/12,Fri,4.5275,4.5930,4.6015,4.4760
2024/07/11,Thu,4.5940,4.5065,4.6255,4.5025
2024/07/10,Wed,4.5830,4.6085,4.6570,4.5475
2024/07/09,Tue,4.6065,4.5775,4.6515,4.5510
2024/07/08,Mon,4.6710,4.6180,4.6710,4.5885
2024/07/07,Sun,,,,
2024/07/06,Sat,,,,
2024/07/05,Fri,4.5260,4.6520,4.6995,4.5130
2024/07/04,Thu,4.5320,4.5610,4.5853,4.5137
2024/07/03,Wed,4.4275,4.5335,4.5625,4.4135
2024/07/02,Tue,4.4165,4.4190,4.4720,4.3910
2024/07/01,Mon,4.3760,4.4180,4.4380,4.3525
2024/06/30,Sun,,,,
2024/06/29,Sat,,,,
2024/06/28,Fri,4.3355,4.3915,4.4280,4.3315
2024/06/27,Thu,4.3735,4.3485,4.3935,4.3290
2024/06/26,Wed,4.3670,4.3635,4.3945,4.3355
2024/06/25,Tue,4.4155,4.3655,4.4505,4.3530
2024/06/24,Mon,4.4070,4.4250,4.4465,4.3970
2024/06/23,Sun,,,,
2024/06/22,Sat,,,,
2024/06/21,Fri,4.5255,4.4265,4.5290,4.4190
2024/06/20,Thu,4.4610,4.5210,4.5305,4.4435
2024/06/19,Wed,4.4908,4.5023,4.5693,4.4750
2024/06/18,Tue,4.4445,4.4470,4.4580,4.3640
2024/06/17,Mon,4.4780,4.4275,4.4780,4.3885
2024/06/16,Sun,,,,
2024/06/15,Sat,,,,
2024/06/14,Fri,4.4855,4.4705,4.4960,4.4460
2024/06/13,Thu,4.5155,4.4720,4.5450,4.4530
2024/06/12,Wed,4.5025,4.5550,4.5950,4.4940
2024/06/11,Tue,4.5400,4.4935,4.5510,4.4345
2024/06/10,Mon,4.4470,4.5395,4.5475,4.4470
2024/06/09,Sun,,,,
2024/06/08,Sat,,,,
2024/06/07,Fri,4.6595,4.4770,4.6600,4.4520
2024/06/06,Thu,4.6040,4.6670,4.6725,4.6040
2024/06/05,Wed,4.5545,4.5865,4.6035,4.5200
2024/06/04,Tue,4.6650,4.5375,4.6665,4.5265
2024/06/03,Mon,4.6260,4.6655,4.6840,4.6015
2024/06/02,Sun,,,,
2024/06/01,Sat,,,,
2024/05/31,Fri,4.6305,4.6035,4.6685,4.5795
2024/05/30,Thu,4.7500,4.6595,4.7500,4.6350
2024/05/29,Wed,4.8750,4.7910,4.8935,4.7500
2024/05/28,Tue,4.7600,4.8550,4.9030,4.7510
2024/05/27,Mon,4.7675,4.8232,4.8480,4.7512
2024/05/26,Sun,,,,
2024/05/25,Sat,,,,
2024/05/24,Fri,4.7760,4.7535,4.8230,4.7465
2024/05/23,Thu,4.8025,4.7925,4.8625,4.7435
2024/05/22,Wed,5.1040,4.8485,5.1330,4.7915
2024/05/21,Tue,5.1075,5.1060,5.1795,5.0125
2024/05/20,Mon,5.0800,5.0790,5.1990,5.0040
2024/05/19,Sun,,,,
2024/05/18,Sat,,,,
2024/05/17,Fri,4.8825,5.0500,5.0895,4.8485
2024/05/16,Thu,4.9225,4.8770,5.0200,4.8415
2024/05/15,Wed,4.9000,4.9245,5.1280,4.8140
2024/05/14,Tue,4.7700,4.8950,5.0260,4.7665
2024/05/13,Mon,4.6530,4.7660,4.7760,4.6160
2024/05/12,Sun,,,,
2024/05/11,Sat,,,,
2024/05/10,Fri,4.6015,4.6625,4.7455,4.5970
2024/05/09,Thu,4.5415,4.5850,4.6035,4.5185
2024/05/08,Wed,4.5915,4.5425,4.5980,4.5050
2024/05/07,Tue,4.6095,4.6055,4.6450,4.5670
2024/05/06,Mon,4.5755,4.6150,4.6385,4.5355
2024/05/05,Sun,,,,
2024/05/04,Sat,,,,
2024/05/03,Fri,4.5020,4.5570,4.5690,4.4830
2024/05/02,Thu,4.5690,4.4845,4.5820,4.4660
2024/05/01,Wed,4.5410,4.5460,4.5975,4.5125
2024/04/30,Tue,4.6790,4.5645,4.6945,4.5400
2024/04/29,Mon,4.5815,4.6765,4.6810,4.5660
2024/04/28,Sun,,,,
2024/04/27,Sat,,,,
2024/04/26,Fri,4.5550,4.5690,4.6095,4.5395
2024/04/25,Thu,4.4760,4.5315,4.5720,4.4640
2024/04/24,Wed,4.4395,4.4765,4.5075,4.4355
2024/04/23,Tue,4.4975,4.4495,4.5005,4.4070
2024/04/22,Mon,4.5125,4.4935,4.5630,4.4785
2024/04/21,Sun,,,,
2024/04/20,Sat,,,,
2024/04/19,Fri,4.4410,4.5140,4.5255,4.4175
2024/04/18,Thu,4.3515,4.4535,4.4645,4.3390
2024/04/17,Wed,4.3160,4.3520,4.3915,4.3015
2024/04/16,Tue,4.3885,4.3205,4.3885,4.2935
2024/04/15,Mon,4.3625,4.3925,4.4010,4.2930
2024/04/14,Sun,,,,
2024/04/13,Sat,,,,
2024/04/12,Fri,4.2750,4.2760,4.3730,4.2655
2024/04/11,Thu,4.2765,4.2665,4.3050,4.2445
2024/04/10,Wed,4.3095,4.2890,4.3355,4.2500
2024/04/09,Tue,4.3050,4.2950,4.3385,4.2675
2024/04/08,Mon,4.2315,4.2880,4.3145,4.1880
2024/04/07,Sun,,,,
2024/04/06,Sat,,,,
2024/04/05,Fri,4.2370,4.2530,4.2575,4.1990
2024/04/04,Thu,4.2285,4.2660,4.2665,4.2245
2024/04/03,Wed,4.0950,4.2110,4.2320,4.0905
2024/04/02,Tue,4.0690,4.0890,4.1095,4.0675
2024/04/01,Mon,4.0730,4.0665,4.0900,4.0460
2024/03/31,Sun,,,,
2024/03/30,Sat,,,,
2024/03/29,Fri,4.0115,4.0115,4.0115,4.0115
2024/03/28,Thu,4.0250,4.0250,4.0550,4.0090
2024/03/27,Wed,4.0100,4.0175,4.0315,3.9865
2024/03/26,Tue,4.0115,4.0085,4.0280,3.9810
2024/03/25,Mon,3.9990,4.0160,4.0470,3.9905
2024/03/24,Sun,,,,
2024/03/23,Sat,,,,
2024/03/22,Fri,4.0655,4.0075,4.0665,3.9965
2024/03/21,Thu,4.0900,4.0585,4.1280,4.0410
2024/03/20,Wed,4.0680,4.0515,4.0955,4.0270
2024/03/19,Tue,4.1355,4.0745,4.1365,4.0575
2024/03/18,Mon,4.1210,4.1300,4.1640,4.1020
2024/03/17,Sun,,,,
2024/03/16,Sat,,,,
2024/03/15,Fri,4.0515,4.1245,4.1370,4.0450
2024/03/14,Thu,4.0600,4.0455,4.0810,4.0175
2024/03/13,Wed,3.9375,4.0600,4.0690,3.9190
2024/03/12,Tue,3.9315,3.9320,3.9520,3.9020
2024/03/11,Mon,3.8935,3.9285,3.9320,3.8785
2024/03/10,Sun,,,,
2024/03/09,Sat,,,,
2024/03/08,Fri,3.9255,3.8915,3.9465,3.8815
2024/03/07,Thu,3.8725,3.9260,3.9420,3.8695
2024/03/06,Wed,3.8435,3.8750,3.8970,3.8370
2024/03/05,Tue,3.8575,3.8470,3.8735,3.8380
2024/03/04,Mon,3.8575,3.8570,3.8880,3.8435
2024/03/03,Sun,,,,
2024/03/02,Sat,,,,
2024/03/01,Fri,3.8470,3.8615,3.8730,3.8180
2024/02/29,Thu,3.8390,3.8470,3.8685,3.8340
2024/02/28,Wed,3.8540,3.8405,3.8545,3.8215
2024/02/27,Tue,3.8270,3.8410,3.8530,3.8270
2024/02/26,Mon,3.8745,3.8255,3.8780,3.8260
2024/02/25,Sun,,,,
2024/02/24,Sat,,,,
2024/02/23,Fri,3.9055,3.8910,3.9085,3.8565
2024/02/22,Thu,3.8900,3.9065,3.9075,3.8760
2024/02/21,Wed,3.8640,3.8805,3.9090,3.8640
2024/02/20,Tue,3.8155,3.8700,3.8665,3.8075
2024/02/19,Mon,3.8167,3.8110,3.8293,3.8033
2024/02/18,Sun,,,,
2024/02/17,Sat,,,,
2024/02/16,Fri,3.7780,3.8435,3.8460,3.7750
2024/02/15,Thu,3.7160,3.7635,3.7660,3.7160
2024/02/14,Wed,3.7030,3.7075,3.7265,3.7015
2024/02/13,Tue,3.7330,3.7180,3.7635,3.7120
2024/02/12,Mon,3.6840,3.7335,3.7350,3.6800
2024/02/11,Sun,,,,
2024/02/10,Sat,,,,
2024/02/09,Fri,3.7195,3.6925,3.7230,3.6755
2024/02/08,Thu,3.7655,3.7145,3.7725,3.6945
2024/02/07,Wed,3.7960,3.7505,3.8050,3.7485
2024/02/06,Tue,3.7905,3.7965,3.8075,3.7840
2024/02/05,Mon,3.8330,3.7880,3.8455,3.7840
2024/02/04,Sun,,,,
2024/02/03,Sat,,,,
2024/02/02,Fri,3.8665,3.8360,3.8685,3.8335
2024/02/01,Thu,3.8975,3.8665,3.8975,3.8635
2024/01/31,Wed,3.9210,3.9170,3.9535,3.8970
2024/01/30,Tue,3.8985,3.9215,3.9265,3.8765
2024/01/29,Mon,3.8530,3.8790,3.8900,3.8275
2024/01/28,Sun,,,,
2024/01/27,Sat,,,,
2024/01/26,Fri,3.8680,3.8520,3.8865,3.8450
2024/01/25,Thu,3.8735,3.8690,3.8935,3.8585
2024/01/24,Wed,3.8060,3.8860,3.8880,3.7950
2024/01/23,Tue,3.7485,3.7935,3.8085,3.7475
2024/01/22,Mon,3.7895,3.7635,3.7915,3.7440
2024/01/21,Sun,,,,
2024/01/20,Sat,,,,
2024/01/19,Fri,3.7565,3.7865,3.7920,3.7430
2024/01/18,Thu,3.7440,3.7450,3.7590,3.7145
2024/01/17,Wed,3.7700,3.7330,3.7705,3.7225
2024/01/16,Tue,3.7450,3.7665,3.7900,3.7440
2024/01/15,Mon,3.7508,3.7782,3.7888,3.7468
2024/01/14,Sun,,,,
2024/01/13,Sat,,,,
2024/01/12,Fri,3.7910,3.7405,3.8190,3.7350
2024/01/11,Thu,3.7870,3.7765,3.8240,3.7685
2024/01/10,Wed,3.7630,3.7810,3.7930,3.7540
2024/01/09,Tue,3.8235,3.7585,3.8405,3.7570
2024/01/08,Mon,3.8075,3.8100,3.8330,3.7895
2024/01/07,Sun,,,,
2024/01/06,Sat,,,,
2024/01/05,Fri,3.8495,3.8060,3.8660,3.8010
2024/01/04,Thu,3.8745,3.8440,3.8845,3.8175
2024/01/03,Wed,3.8715,3.8615,3.8790,3.8310
2024/01/02,Tue,3.8955,3.8805,3.9120,3.8610
2024/01/01,Mon,3.8915,3.8988,3.8998,3.8915
2023/12/31,Sun,,,,
2023/12/30,Sat,,,,
2023/12/29,Fri,3.9165,3.8905,3.9355,3.8780
2023/12/28,Thu,3.9560,3.9245,3.9670,3.9130
2023/12/27,Wed,3.9065,3.9530,3.9600,3.9045
2023/12/26,Tue,3.9000,3.8940,3.9350,3.8935
2023/12/25,Mon,3.9010,3.9082,3.9097,3.9010
2023/12/24,Sun,,,,
2023/12/23,Sat,,,,
2023/12/22,Fri,3.9165,3.8975,3.9210,3.8910
2023/12/21,Thu,3.8900,3.9105,3.9200,3.8830
2023/12/20,Wed,3.9230,3.9025,3.9230,3.8795
2023/12/19,Tue,3.8910,3.8945,3.9235,3.8910
2023/12/18,Mon,3.8660,3.8490,3.8730,3.8425
2023/12/17,Sun,,,,
2023/12/16,Sat,,,,
2023/12/15,Fri,3.9025,3.8875,3.9025,3.8545
2023/12/14,Thu,3.8325,3.8900,3.9070,3.8325
2023/12/13,Wed,3.7785,3.7850,3.8355,3.7640
2023/12/12,Tue,3.8010,3.7865,3.8115,3.7910
2023/12/11,Mon,3.8050,3.7780,3.8085,3.7715
2023/12/10,Sun,,,,
2023/12/09,Sat,,,,
2023/12/08,Fri,3.7950,3.8240,3.8500,3.7950
2023/12/07,Thu,3.7250,3.7900,3.7925,3.7250
2023/12/06,Wed,3.7755,3.7260,3.8175,3.7265
2023/12/05,Tue,3.8205,3.7760,3.8205,3.7680
2023/12/04,Mon,3.8765,3.8260,3.8770,3.8170
2023/12/03,Sun,,,,
2023/12/02,Sat,,,,
2023/12/01,Fri,3.8475,3.9205,3.9195,3.8390
2023/11/30,Thu,3.8315,3.8420,3.8455,3.8045
2023/11/29,Wed,3.8390,3.8160,3.8495,3.8195
2023/11/28,Tue,3.7735,3.8185,3.8335,3.7650
2023/11/27,Mon,3.8070,3.7745,3.8100,3.7700
2023/11/26,Sun,,,,
2023/11/25,Sat,,,,
2023/11/24,Fri,3.7875,3.8055,3.8150,3.7725
2023/11/23,Thu,3.7647,3.7743,3.7975,3.7600
2023/11/22,Wed,3.8160,3.7815,3.8160,3.7570
2023/11/21,Tue,3.8205,3.8270,3.8405,3.8070
2023/11/20,Mon,3.7440,3.8225,3.8220,3.7440
2023/11/19,Sun,,,,
2023/11/18,Sat,,,,
2023/11/17,Fri,3.7140,3.7530,3.7535,3.6985
2023/11/16,Thu,3.7305,3.7195,3.7570,3.7055
2023/11/15,Wed,3.6900,3.7360,3.7395,3.6900
2023/11/14,Tue,3.6880,3.7025,3.7270,3.6755
2023/11/13,Mon,3.6190,3.6835,3.6810,3.6030
2023/11/12,Sun,,,,
2023/11/11,Sat,,,,
2023/11/10,Fri,3.6580,3.6080,3.6600,3.6075
2023/11/09,Thu,3.6725,3.6625,3.6810,3.6465
2023/11/08,Wed,3.6965,3.6585,3.7185,3.6545
2023/11/07,Tue,3.7225,3.6980,3.7225,3.6650
2023/11/06,Mon,3.7050,3.7345,3.7350,3.7005
2023/11/05,Sun,,,,
2023/11/04,Sat,,,,
2023/11/03,Fri,3.7100,3.6970,3.7170,3.6705
2023/11/02,Thu,3.6900,3.6875,3.7055,3.6775
2023/11/01,Wed,3.6780,3.6655,3.7015,3.6650
2023/10/31,Tue,3.6650,3.6635,3.6780,3.6470
2023/10/30,Mon,3.6590,3.6735,3.7170,3.6590
2023/10/29,Sun,,,,
2023/10/28,Sat,,,,
2023/10/27,Fri,3.5935,3.6460,3.6595,3.5810
2023/10/26,Thu,3.5890,3.5845,3.6195,3.5720
2023/10/25,Wed,3.6315,3.5910,3.6490,3.5820
2023/10/24,Tue,3.5815,3.6240,3.6395,3.5625
2023/10/23,Mon,3.5590,3.5865,3.5945,3.5195
2023/10/22,Sun,,,,
2023/10/21,Sat,,,,
2023/10/20,Fri,3.5850,3.5630,3.5900,3.5465
2023/10/19,Thu,3.5840,3.6010,3.6120,3.5665
2023/10/18,Wed,3.5900,3.5870,3.6305,3.5750
2023/10/17,Tue,3.5815,3.5785,3.5930,3.5315
2023/10/16,Mon,3.5705,3.5820,3.6055,3.5635
2023/10/15,Sun,,,,
2023/10/14,Sat,,,,
2023/10/13,Fri,3.5870,3.5710,3.6165,3.5570
2023/10/12,Thu,3.6115,3.5910,3.6485,3.5695
2023/10/11,Wed,3.6310,3.6120,3.6640,3.5985
2023/10/10,Tue,3.6560,3.6340,3.6745,3.5910
2023/10/09,Mon,3.6275,3.6460,3.6730,3.6135
2023/10/08,Sun,,,,
2023/10/07,Sat,,,,
2023/10/06,Fri,3.5660,3.6275,3.6450,3.5515
2023/10/05,Thu,3.5830,3.5520,3.6030,3.5490
2023/10/04,Wed,3.6185,3.5890,3.6220,3.5490
2023/10/03,Tue,3.6480,3.6210,3.6480,3.5815
2023/10/02,Mon,3.7540,3.6415,3.7615,3.6275
2023/10/01,Sun,,,,
2023/09/30,Sat,,,,
2023/09/29,Fri,3.7125,3.7375,3.7860,3.7115
2023/09/28,Thu,3.6465,3.7080,3.7150,3.6255
2023/09/27,Wed,3.6320,3.6295,3.6420,3.6230
2023/09/26,Tue,3.6675,3.6355,3.6675,3.6200
2023/09/25,Mon,3.6905,3.6595,3.6905,3.6445
2023/09/24,Sun,,,,
2023/09/23,Sat,,,,
2023/09/22,Fri,3.6995,3.6820,3.7270,3.6770
2023/09/21,Thu,3.7230,3.6835,3.7330,3.6290
2023/09/20,Wed,3.7390,3.7620,3.7735,3.7260
2023/09/19,Tue,3.7650,3.7340,3.7655,3.7205
2023/09/18,Mon,3.7925,3.7645,3.8060,3.7560
2023/09/17,Sun,,,,
2023/09/16,Sat,,,,
2023/09/15,Fri,3.8250,3.7875,3.8355,3.7770
2023/09/14,Thu,3.8005,3.8075,3.8225,3.7780
2023/09/13,Wed,3.7740,3.7800,3.8030,3.7675
2023/09/12,Tue,3.7870,3.7785,3.7870,3.7630
2023/09/11,Mon,3.7180,3.7965,3.8000,3.7180
2023/09/10,Sun,,,,
2023/09/09,Sat,,,,
2023/09/08,Fri,3.7545,3.7065,3.7545,3.7075
2023/09/07,Thu,3.7730,3.7520,3.7785,3.7300
2023/09/06,Wed,3.8315,3.7755,3.8315,3.7730
2023/09/05,Tue,3.8490,3.8380,3.8495,3.7850
2023/09/04,Mon,3.8540,3.8320,3.8725,3.8163
2023/09/03,Sun,,,,
2023/09/02,Sat,,,,
2023/09/01,Fri,3.8200,3.8410,3.8945,3.8200
2023/08/31,Thu,3.8110,3.8090,3.8195,3.7935
2023/08/30,Wed,3.8050,3.8310,3.8330,3.8050
2023/08/29,Tue,3.7845,3.8180,3.8220,3.7720
2023/08/28,Mon,3.8080,3.7770,3.8100,3.7725
2023/08/27,Sun,,,,
2023/08/26,Sat,,,,
2023/08/25,Fri,3.7800,3.7740,3.8160,3.7565
2023/08/24,Thu,3.8165,3.7820,3.8165,3.7770
2023/08/23,Wed,3.7985,3.8240,3.8295,3.7875
2023/08/22,Tue,3.7750,3.7755,3.7955,3.7625
2023/08/21,Mon,3.7445,3.7385,3.7445,3.7235
2023/08/20,Sun,,,,
2023/08/19,Sat,,,,
2023/08/18,Fri,3.7050,3.7260,3.7235,3.6935
2023/08/17,Thu,3.6550,3.7110,3.7300,3.6510
2023/08/16,Wed,3.6925,3.6765,3.7000,3.6640
2023/08/15,Tue,3.7440,3.6855,3.7575,3.6745
2023/08/14,Mon,3.7200,3.7395,3.7490,3.7150
2023/08/13,Sun,,,,
2023/08/12,Sat,,,,
2023/08/11,Fri,3.7595,3.7375,3.7595,3.7290
2023/08/10,Thu,3.7985,3.7805,3.8405,3.7700
2023/08/09,Wed,3.7880,3.7980,3.8190,3.7880
2023/08/08,Tue,3.8500,3.7820,3.8500,3.7460
2023/08/07,Mon,3.8620,3.8480,3.8620,3.8475
2023/08/06,Sun,,,,
2023/08/05,Sat,,,,
2023/08/04,Fri,3.9345,3.8785,3.9345,3.8535
2023/08/03,Thu,3.8545,3.9100,3.9130,3.8340
2023/08/02,Wed,3.9155,3.8535,3.9160,3.8495
2023/08/01,Tue,4.0195,3.9165,4.0225,3.9165
2023/07/31,Mon,3.9550,4.0140,4.0200,3.9550
2023/07/30,Sun,,,,
2023/07/29,Sat,,,,
2023/07/28,Fri,3.8705,3.9355,3.9390,3.8700
2023/07/27,Thu,3.9050,3.8755,3.9435,3.8380
2023/07/26,Wed,3.9265,3.9020,3.9265,3.8765
2023/07/25,Tue,3.8485,3.9155,3.9415,3.8445
2023/07/24,Mon,3.8185,3.8555,3.8605,3.7820
2023/07/23,Sun,,,,
2023/07/22,Sat,,,,
2023/07/21,Fri,3.8280,3.8180,3.8740,3.8090
2023/07/20,Thu,3.8155,3.8345,3.8885,3.8110
2023/07/19,Wed,3.8330,3.8140,3.8385,3.7810
2023/07/18,Tue,3.8430,3.8295,3.8545,3.8030
2023/07/17,Mon,3.9270,3.8440,3.9270,3.8115
2023/07/16,Sun,,,,
2023/07/15,Sat,,,,
2023/07/14,Fri,3.9530,3.9330,3.9540,3.9035
2023/07/13,Thu,3.8540,3.9400,3.9530,3.8420
2023/07/12,Wed,3.7725,3.8530,3.8605,3.7665
2023/07/11,Tue,3.7890,3.7660,3.8225,3.7520
2023/07/10,Mon,3.7820,3.7845,3.7990,3.7425
2023/07/09,Sun,,,,
2023/07/08,Sat,,,,
2023/07/07,Fri,3.7425,3.7820,3.7875,3.7255
2023/07/06,Thu,3.7615,3.7345,3.7760,3.7225
2023/07/05,Wed,3.7935,3.7685,3.8095,3.7325
2023/07/04,Tue,3.7915,3.7843,3.8093,3.7750
2023/07/03,Mon,3.7655,3.7940,3.8075,3.7595
2023/07/02,Sun,,,,
2023/07/01,Sat,,,,
2023/06/30,Fri,3.6995,3.7595,3.7705,3.6945
2023/06/29,Thu,3.7290,3.6990,3.7520,3.6830
2023/06/28,Wed,3.7870,3.7360,3.7905,3.7125
2023/06/27,Tue,3.8000,3.7795,3.8230,3.7690
2023/06/26,Mon,3.8165,3.7940,3.8365,3.7765
2023/06/25,Sun,,,,
2023/06/24,Sat,,,,
2023/06/23,Fri,3.8905,3.8090,3.8905,3.7930
2023/06/22,Thu,3.9030,3.8960,3.9585,3.8870
2023/06/21,Wed,3.8875,3.9100,3.9200,3.8500
2023/06/20,Tue,3.8820,3.8890,3.9015,3.8460
2023/06/19,Mon,3.8723,3.8643,3.8878,3.8518
2023/06/18,Sun,,,,
2023/06/17,Sat,,,,
2023/06/16,Fri,3.8945,3.8935,3.9185,3.8840
2023/06/15,Thu,3.8205,3.9000,3.9000,3.8165
2023/06/14,Wed,3.8105,3.8725,3.8705,3.8085
2023/06/13,Tue,3.7900,3.8355,3.8540,3.7900
2023/06/12,Mon,3.7640,3.7595,3.7790,3.7450
2023/06/11,Sun,,,,
2023/06/10,Sat,,,,
2023/06/09,Fri,3.8005,3.7945,3.8185,3.7790
2023/06/08,Thu,3.7590,3.7995,3.8000,3.7500
2023/06/07,Wed,3.7715,3.7605,3.8100,3.7565
2023/06/06,Tue,3.7670,3.7745,3.7670,3.7445
2023/06/05,Mon,3.7245,3.7740,3.7715,3.7190
2023/06/04,Sun,,,,
2023/06/03,Sat,,,,
2023/06/02,Fri,3.7180,3.7345,3.7890,3.7180
2023/06/01,Thu,3.6950,3.7185,3.7150,3.6950
2023/05/31,Wed,3.6395,3.6455,3.6600,3.6395
2023/05/30,Tue,3.6700,3.6695,3.7015,3.6525
2023/05/29,Mon,3.6742,3.6717,3.7105,3.6582
2023/05/28,Sun,,,,
2023/05/27,Sat,,,,
2023/05/26,Fri,3.5925,3.6820,3.6845,3.5830
2023/05/25,Thu,3.5655,3.5880,3.6180,3.5460
2023/05/24,Wed,3.6405,3.5615,3.6475,3.5450
2023/05/23,Tue,3.6805,3.6545,3.7050,3.6220
2023/05/22,Mon,3.7275,3.6850,3.7375,3.6675
2023/05/21,Sun,,,,
2023/05/20,Sat,,,,
2023/05/19,Fri,3.6975,3.7320,3.7675,3.6765
2023/05/18,Thu,3.7460,3.6895,3.7645,3.6805
2023/05/17,Wed,3.6620,3.7545,3.7740,3.6525
2023/05/16,Tue,3.7430,3.6670,3.7545,3.6570
2023/05/15,Mon,3.7235,3.7510,3.7790,3.7005
2023/05/14,Sun,,,,
2023/05/13,Sat,,,,
2023/05/12,Fri,3.7010,3.7285,3.7515,3.6770
2023/05/11,Thu,3.8520,3.7100,3.8555,3.6840
2023/05/10,Wed,3.9035,3.8410,3.9185,3.8285
2023/05/09,Tue,3.9240,3.9015,3.9240,3.8810
2023/05/08,Mon,3.8925,3.9295,3.9595,3.8765
2023/05/07,Sun,,,,
2023/05/06,Sat,,,,
2023/05/05,Fri,3.8610,3.8830,3.9060,3.8250
2023/05/04,Thu,3.8550,3.8630,3.9075,3.8260
2023/05/03,Wed,3.8685,3.8450,3.8720,3.8300
2023/05/02,Tue,3.9355,3.8625,3.9530,3.8570
2023/05/01,Mon,3.8950,3.9340,4.0050,3.8705
2023/04/30,Sun,,,,
2023/04/29,Sat,,,,
2023/04/28,Fri,3.8910,3.8905,3.9185,3.8570
2023/04/27,Thu,3.8570,3.8840,3.9000,3.8165
2023/04/26,Wed,3.8610,3.8605,3.9005,3.8485
2023/04/25,Tue,3.9680,3.8585,3.9760,3.8450
2023/04/24,Mon,3.9920,3.9610,3.9980,3.9590
2023/04/23,Sun,,,,
2023/04/22,Sat,,,,
2023/04/21,Fri,4.0220,3.9830,4.0255,3.9800
2023/04/20,Thu,4.0800,4.0295,4.0805,4.0135
2023/04/19,Wed,4.0905,4.0790,4.0905,4.0370
2023/04/18,Tue,4.0740,4.0940,4.1035,4.0660
2023/04/17,Mon,4.0985,4.0675,4.1265,4.0635
2023/04/16,Sun,,,,
2023/04/15,Sat,,,,
2023/04/14,Fri,4.1230,4.1035,4.1810,4.0910
2023/04/13,Thu,4.0705,4.1190,4.1340,4.0550
2023/04/12,Wed,4.0350,4.0805,4.0850,3.9935
2023/04/11,Tue,3.9960,4.0225,4.0560,3.9960
2023/04/10,Mon,4.0205,3.9795,4.0385,3.9680
2023/04/09,Sun,,,,
2023/04/08,Sat,,,,
2023/04/07,Fri,,,,
2023/04/06,Thu,3.9920,4.0175,4.0320,3.9780
2023/04/05,Wed,3.9820,3.9890,3.9900,3.9495
2023/04/04,Tue,4.0480,3.9750,4.0670,3.9545
2023/04/03,Mon,4.0830,4.0495,4.0955,4.0430
2023/04/02,Sun,,,,
2023/04/01,Sat,,,,
2023/03/31,Fri,4.1070,4.0985,4.1180,4.0270
2023/03/30,Thu,4.0760,4.0955,4.1205,4.0640
2023/03/29,Wed,4.0765,4.0865,4.1335,4.0495
2023/03/28,Tue,4.0970,4.0855,4.1130,4.0590
2023/03/27,Mon,4.0750,4.0785,4.1020,4.0235
2023/03/26,Sun,,,,
2023/03/25,Sat,,,,
2023/03/24,Fri,4.1015,4.0750,4.1485,4.0505
2023/03/23,Thu,4.0430,4.1235,4.1265,4.0225
2023/03/22,Wed,4.0015,4.0445,4.1075,3.9715
2023/03/21,Tue,3.9555,3.9940,4.0345,3.9285
2023/03/20,Mon,3.9085,3.9515,3.9700,3.8550
2023/03/19,Sun,,,,
2023/03/18,Sat,,,,
2023/03/17,Fri,3.8765,3.8925,3.9525,3.8700
2023/03/16,Thu,3.8835,3.8645,3.9030,3.8220
2023/03/15,Wed,4.0050,3.8430,4.0275,3.8400
2023/03/14,Tue,4.0420,4.0030,4.0525,3.9820
2023/03/13,Mon,4.0075,4.0535,4.0775,3.9215
2023/03/12,Sun,,,,
2023/03/11,Sat,,,,
2023/03/10,Fri,4.0070,4.0305,4.0635,3.9670
2023/03/09,Thu,4.0270,4.0390,4.0550,3.9955
2023/03/08,Wed,3.9675,4.0270,4.0725,3.9610
2023/03/07,Tue,4.0750,3.9750,4.0950,3.9630
2023/03/06,Mon,4.0650,4.0885,4.0930,4.0085
2023/03/05,Sun,,,,
2023/03/04,Sat,,,,
2023/03/03,Fri,4.0745,4.0670,4.1175,4.0605
2023/03/02,Thu,4.1685,4.0760,4.1740,4.0470
2023/03/01,Wed,4.0745,4.1600,4.1745,4.0650
2023/02/28,Tue,4.0100,4.0895,4.0945,3.9915
2023/02/27,Mon,3.9600,4.0110,4.0240,3.9370
2023/02/26,Sun,,,,
2023/02/25,Sat,,,,
2023/02/24,Fri,4.0550,3.9545,4.0780,3.9550
2023/02/23,Thu,4.1730,4.0555,4.1795,4.0380
2023/02/22,Wed,4.1920,4.1860,4.1980,4.1420
2023/02/21,Tue,4.1135,4.2165,4.2165,4.1115
2023/02/20,Mon,4.1195,4.1807,4.1980,4.1020
2023/02/19,Sun,,,,
2023/02/18,Sat,,,,
2023/02/17,Fri,4.1155,4.1060,4.1275,4.0560
2023/02/16,Thu,4.0495,4.1250,4.1325,4.0495
2023/02/15,Wed,4.0660,4.0165,4.0675,3.9910
2023/02/14,Tue,4.0755,4.0835,4.1140,4.0560
2023/02/13,Mon,4.0200,4.0655,4.0730,4.0200
2023/02/12,Sun,,,,
2023/02/11,Sat,,,,
2023/02/10,Fri,4.0735,4.0245,4.0735,4.0175
2023/02/09,Thu,4.0900,4.1030,4.1215,4.0755
2023/02/08,Wed,4.1000,4.0430,4.1000,4.0270
2023/02/07,Tue,4.0495,4.0880,4.0750,4.0165
2023/02/06,Mon,4.0640,4.0430,4.0755,4.0230
2023/02/05,Sun,,,,
2023/02/04,Sat,,,,
2023/02/03,Fri,4.1020,4.0635,4.1345,4.0415
2023/02/02,Thu,4.1880,4.0980,4.1880,4.0945
2023/02/01,Wed,4.2145,4.1170,4.2145,4.1165
2023/01/31,Tue,4.1665,4.2295,4.2320,4.1415
2023/01/30,Mon,4.1970,4.2065,4.2200,4.1885
2023/01/29,Sun,,,,
2023/01/28,Sat,,,,
2023/01/27,Fri,4.2820,4.2225,4.2870,4.1720
2023/01/26,Thu,4.2645,4.2675,4.2900,4.2325
2023/01/25,Wed,4.2645,4.2445,4.2735,4.2110
2023/01/24,Tue,4.2590,4.2485,4.2825,4.2155
2023/01/23,Mon,4.2795,4.2565,4.3025,4.2260
2023/01/22,Sun,,,,
2023/01/21,Sat,,,,
2023/01/20,Fri,4.2450,4.2515,4.2795,4.2065
2023/01/19,Thu,4.2265,4.2315,4.2685,4.1680
2023/01/18,Wed,4.2335,4.2345,4.3550,4.2050
2023/01/17,Tue,4.2105,4.2230,4.2445,4.1105
2023/01/16,Mon,4.2062,4.1433,4.2105,4.1382
2023/01/15,Sun,,,,
2023/01/14,Sat,,,,
2023/01/13,Fri,4.1730,4.2160,4.2225,4.1285
2023/01/12,Thu,4.1755,4.1965,4.2115,4.1295
2023/01/11,Wed,4.0800,4.1660,4.1850,4.0655
2023/01/10,Tue,4.0120,4.0775,4.0835,3.9875
2023/01/09,Mon,3.9235,4.0265,4.0445,3.9235
2023/01/08,Sun,,,,
2023/01/07,Sat,,,,
2023/01/06,Fri,3.8255,3.9110,3.9300,3.7985
2023/01/05,Thu,3.7405,3.8210,3.8420,3.7215
2023/01/04,Wed,3.7710,3.7405,3.8070,3.7085
2023/01/03,Tue,3.8355,3.7665,3.8715,3.7585
2023/01/02,Mon,3.8192,3.8403,3.8480,3.8185
2023/01/01,Sun,,,,
2022/12/31,Sat,,,,
2022/12/30,Fri,3.8285,3.8105,3.8515,3.7955
2022/12/29,Thu,3.8350,3.8240,3.8520,3.8075
2022/12/28,Wed,3.8505,3.8420,3.8620,3.8235
2022/12/27,Tue,3.8200,3.8400,3.9340,3.8200
2022/12/26,Mon,3.8125,3.8575,3.8675,3.8125
2022/12/25,Sun,,,,
2022/12/24,Sat,,,,
2022/12/23,Fri,3.7800,3.8085,3.8135,3.7680
2022/12/22,Thu,3.8435,3.7575,3.8435,3.7520
2022/12/21,Wed,3.8250,3.8110,3.8260,3.7950
2022/12/20,Tue,3.7640,3.7995,3.8115,3.7250
2022/12/19,Mon,3.8100,3.7845,3.8105,3.7540
2022/12/18,Sun,,,,
2022/12/17,Sat,,,,
2022/12/16,Fri,3.7845,3.7630,3.7845,3.7500
2022/12/15,Thu,3.8600,3.7645,3.8600,3.7635
2022/12/14,Wed,3.8410,3.8785,3.8770,3.8395
2022/12/13,Tue,3.8180,3.8425,3.9235,3.8180
2022/12/12,Mon,3.8370,3.8015,3.8480,3.7935
2022/12/11,Sun,,,,
2022/12/10,Sat,,,,
2022/12/09,Fri,3.9035,3.8795,3.9035,3.8590
2022/12/08,Thu,3.8400,3.8850,3.9050,3.8400
2022/12/07,Wed,3.8200,3.8610,3.8565,3.8115
2022/12/06,Tue,3.7900,3.8180,3.8535,3.7900
2022/12/05,Mon,3.8710,3.7950,3.8940,3.7775
2022/12/04,Sun,,,,
2022/12/03,Sat,,,,
2022/12/02,Fri,3.7980,3.8520,3.8570,3.7555
2022/12/01,Thu,3.7800,3.8190,3.8200,3.7590
2022/11/30,Wed,3.6420,3.7395,3.7720,3.6420
2022/11/29,Tue,3.6350,3.6405,3.6720,3.6330
2022/11/28,Mon,3.5875,3.6160,3.6250,3.5485
2022/11/27,Sun,,,,
2022/11/26,Sat,,,,
2022/11/25,Fri,3.6495,3.6325,3.6850,3.6195
2022/11/24,Thu,3.6472,3.6395,3.6710,3.6240
2022/11/23,Wed,3.6300,3.6210,3.6560,3.6000
2022/11/22,Tue,3.5810,3.6175,3.6695,3.5810
2022/11/21,Mon,3.6525,3.5770,3.6525,3.5600
2022/11/20,Sun,,,,
2022/11/19,Sat,,,,
2022/11/18,Fri,3.6900,3.6395,3.7095,3.6425
2022/11/17,Thu,3.7620,3.6930,3.7640,3.6800
2022/11/16,Wed,3.8050,3.7755,3.8200,3.7620
2022/11/15,Tue,3.8335,3.8215,3.8860,3.7995
2022/11/14,Mon,3.9275,3.8350,3.9550,3.8195
2022/11/13,Sun,,,,
2022/11/12,Sat,,,,
2022/11/11,Fri,3.7865,3.9125,3.9425,3.7865
2022/11/10,Thu,3.6985,3.7580,3.7910,3.6455
2022/11/09,Wed,3.6615,3.7005,3.7365,3.6360
2022/11/08,Tue,3.5790,3.6840,3.7000,3.5680
2022/11/07,Mon,3.6060,3.6070,3.6500,3.5865
2022/11/06,Sun,,,,
2022/11/05,Sat,,,,
2022/11/04,Fri,3.4205,3.6840,3.7050,3.4205
2022/11/03,Thu,3.4500,3.4275,3.4515,3.3825
2022/11/02,Wed,3.4650,3.4655,3.4925,3.4360
2022/11/01,Tue,3.3750,3.4685,3.4900,3.3750
2022/10/31,Mon,3.3915,3.3720,3.3930,3.3610
2022/10/30,Sun,,,,
2022/10/29,Sat,,,,
2022/10/28,Fri,3.4900,3.4260,3.4900,3.4205
2022/10/27,Thu,3.5390,3.5195,3.5565,3.4910
2022/10/26,Wed,3.4055,3.5450,3.5545,3.3825
2022/10/25,Tue,3.4315,3.3970,3.4410,3.3625
2022/10/24,Mon,3.4850,3.4305,3.5045,3.4225
2022/10/23,Sun,,,,
2022/10/22,Sat,,,,
2022/10/21,Fri,3.3980,3.4745,3.4825,3.3455
2022/10/20,Thu,3.3255,3.4105,3.4370,3.3030
2022/10/19,Wed,3.3660,3.3180,3.3755,3.3070
2022/10/18,Tue,3.4130,3.3620,3.4355,3.3390
2022/10/17,Mon,3.4125,3.4155,3.4675,3.3905
2022/10/16,Sun,,,,
2022/10/15,Sat,,,,
2022/10/14,Fri,3.4635,3.4235,3.5010,3.4005
2022/10/13,Thu,3.4285,3.4405,3.4770,3.3540
2022/10/12,Wed,3.4245,3.4250,3.4650,3.3980
2022/10/11,Tue,3.4365,3.4620,3.4745,3.3835
2022/10/10,Mon,3.3840,3.4305,3.4770,3.3710
2022/10/09,Sun,,,,
2022/10/08,Sat,,,,
2022/10/07,Fri,3.4395,3.3865,3.4480,3.3730
2022/10/06,Thu,3.5415,3.4460,3.5930,3.4310
2022/10/05,Wed,3.4940,3.5005,3.5555,3.4465
2022/10/04,Tue,3.4165,3.4900,3.5315,3.4020
2022/10/03,Mon,3.3965,3.4100,3.4240,3.3520
2022/10/02,Sun,,,,
2022/10/01,Sat,,,,
2022/09/30,Fri,3.4270,3.4125,3.4745,3.3885
2022/09/29,Thu,3.3810,3.4180,3.4335,3.3055
2022/09/28,Wed,3.3040,3.3725,3.4030,3.2590
2022/09/27,Tue,3.3050,3.2950,3.3615,3.2900
2022/09/26,Mon,3.3565,3.3050,3.3690,3.2935
2022/09/25,Sun,,,,
2022/09/24,Sat,,,,
2022/09/23,Fri,3.4700,3.3570,3.4700,3.3375
2022/09/22,Thu,3.4510,3.4820,3.5160,3.4390
2022/09/21,Wed,3.5095,3.4805,3.5235,3.4350
2022/09/20,Tue,3.5405,3.5160,3.5575,3.5000
2022/09/19,Mon,3.5400,3.5255,3.5410,3.4900
2022/09/18,Sun,,,,
2022/09/17,Sat,,,,
2022/09/16,Fri,3.4800,3.5310,3.5540,3.4435
2022/09/15,Thu,3.5290,3.5010,3.5600,3.4830
2022/09/14,Wed,3.5405,3.5295,3.5640,3.5205
2022/09/13,Tue,3.6205,3.5660,3.6950,3.5365
2022/09/12,Mon,3.5540,3.6155,3.6225,3.5370
2022/09/11,Sun,,,,
2022/09/10,Sat,,,,
2022/09/09,Fri,3.5635,3.5730,3.6265,3.5430
2022/09/08,Thu,3.4515,3.5305,3.5505,3.4515
2022/09/07,Wed,3.4070,3.4340,3.4555,3.4070
2022/09/06,Tue,3.3920,3.4645,3.4950,3.3915
2022/09/05,Mon,3.3887,3.4535,3.4660,3.3857
2022/09/04,Sun,,,,
2022/09/03,Sat,,,,
2022/09/02,Fri,3.4180,3.4170,3.4545,3.3895
2022/09/01,Thu,3.5025,3.4085,3.5025,3.4120
2022/08/31,Wed,3.5695,3.5190,3.5820,3.4495
2022/08/30,Tue,3.6085,3.5495,3.6085,3.5365
2022/08/29,Mon,3.6990,3.6085,3.6990,3.5640
2022/08/28,Sun,,,,
2022/08/27,Sat,,,,
2022/08/26,Fri,3.7020,3.6970,3.7825,3.6815
2022/08/25,Thu,3.6435,3.6985,3.7050,3.6435
2022/08/24,Wed,3.6810,3.6480,3.6810,3.6370
2022/08/23,Tue,3.6560,3.6960,3.7270,3.6405
2022/08/22,Mon,3.6650,3.6530,3.6830,3.6095
2022/08/21,Sun,,,,
2022/08/20,Sat,,,,
2022/08/19,Fri,3.6415,3.6685,3.6700,3.6275
2022/08/18,Thu,3.5710,3.6335,3.6590,3.5710
2022/08/17,Wed,3.6345,3.5870,3.6420,3.5780
2022/08/16,Tue,3.6025,3.6265,3.6390,3.6025
2022/08/15,Mon,3.6255,3.6215,3.6255,3.5655
2022/08/14,Sun,,,,
2022/08/13,Sat,,,,
2022/08/12,Fri,3.6985,3.6735,3.7050,3.6520
2022/08/11,Thu,3.6490,3.7115,3.7110,3.6490
2022/08/10,Wed,3.5950,3.6555,3.6605,3.5755
2022/08/09,Tue,3.5895,3.5925,3.6300,3.5850
2022/08/08,Mon,3.5725,3.5930,3.6220,3.5460
2022/08/07,Sun,,,,
2022/08/06,Sat,,,,
2022/08/05,Fri,3.4815,3.5590,3.5750,3.4815
2022/08/04,Thu,3.4420,3.4880,3.5110,3.4420
2022/08/03,Wed,3.5135,3.4720,3.5150,3.4585
2022/08/02,Tue,3.5400,3.5225,3.5400,3.4650
2022/08/01,Mon,3.5530,3.5470,3.5670,3.5245
2022/07/31,Sun,,,,
2022/07/30,Sat,,,,
2022/07/29,Fri,3.5005,3.5750,3.5960,3.4765
2022/07/28,Thu,3.4810,3.4810,3.5200,3.4760
2022/07/27,Wed,3.3925,3.4300,3.4780,3.3680
2022/07/26,Tue,3.3675,3.3845,3.4655,3.3490
2022/07/25,Mon,3.3230,3.3545,3.4050,3.3135
2022/07/24,Sun,,,,
2022/07/23,Sat,,,,
2022/07/22,Fri,3.3050,3.3495,3.3990,3.2955
2022/07/21,Thu,3.3135,3.2985,3.3240,3.2505
2022/07/20,Wed,3.2945,3.3250,3.3755,3.2915
2022/07/19,Tue,3.3155,3.2910,3.3280,3.2530
2022/07/18,Mon,3.2465,3.3460,3.3710,3.2170
2022/07/17,Sun,,,,
2022/07/16,Sat,,,,
2022/07/15,Fri,3.2285,3.2340,3.2775,3.1315
2022/07/14,Thu,3.3105,3.2115,3.3300,3.1745
2022/07/13,Wed,3.2610,3.3225,3.3430,3.2165
2022/07/12,Tue,3.4255,3.2880,3.4570,3.2465
2022/07/11,Mon,3.5050,3.4305,3.5205,3.3865
2022/07/10,Sun,,,,
2022/07/09,Sat,,,,
2022/07/08,Fri,3.5430,3.5220,3.5715,3.4440
2022/07/07,Thu,3.4410,3.5720,3.5800,3.3965
2022/07/06,Wed,3.4265,3.4080,3.4595,3.2730
2022/07/05,Tue,3.6150,3.4150,3.6235,3.4000
2022/07/04,Mon,3.6117,3.5840,3.6172,3.5457
2022/07/03,Sun,,,,
2022/07/02,Sat,,,,
2022/07/01,Fri,3.6780,3.6040,3.7025,3.5535
2022/06/30,Thu,3.7720,3.7100,3.7950,3.6725
2022/06/29,Wed,3.7580,3.7805,3.8190,3.7080
2022/06/28,Tue,3.7550,3.7785,3.8495,3.7425
2022/06/27,Mon,3.7845,3.7640,3.8125,3.7425
2022/06/26,Sun,,,,
2022/06/25,Sat,,,,
2022/06/24,Fri,3.7570,3.7440,3.7905,3.6545
2022/06/23,Thu,3.9380,3.7425,3.9380,3.7365
2022/06/22,Wed,4.0145,3.9470,4.0145,3.8925
2022/06/21,Tue,4.0300,4.0445,4.0860,3.9720
2022/06/20,Mon,4.0385,4.0110,4.0385,3.9460
2022/06/19,Sun,,,,
2022/06/18,Sat,,,,
2022/06/17,Fri,4.1210,4.0220,4.1210,4.0130
2022/06/16,Thu,4.1855,4.1180,4.2230,4.0620
2022/06/15,Wed,4.1485,4.1735,4.2125,4.1450
2022/06/14,Tue,4.2125,4.1665,4.2595,4.1400
2022/06/13,Mon,4.2400,4.2195,4.2685,4.1870
2022/06/12,Sun,,,,
2022/06/11,Sat,,,,
2022/06/10,Fri,4.3650,4.3025,4.3865,4.2860
2022/06/09,Thu,4.4240,4.3860,4.4300,4.3650
2022/06/08,Wed,4.4395,4.4545,4.4550,4.4130
2022/06/07,Tue,4.4090,4.4395,4.4600,4.3795
2022/06/06,Mon,4.4630,4.4390,4.4670,4.4110
2022/06/05,Sun,,,,
2022/06/04,Sat,,,,
2022/06/03,Fri,4.5610,4.4765,4.5790,4.4675
2022/06/02,Thu,4.3540,4.5550,4.5710,4.3540
2022/06/01,Wed,4.2750,4.3295,4.3480,4.2675
2022/05/31,Tue,4.3550,4.2990,4.3590,4.2805
2022/05/30,Mon,4.3225,4.3340,4.3595,4.3098
2022/05/29,Sun,,,,
2022/05/28,Sat,,,,
2022/05/27,Fri,4.2800,4.3065,4.3130,4.2670
2022/05/26,Thu,4.2685,4.2590,4.2800,4.2035
2022/05/25,Wed,4.3140,4.2545,4.3225,4.2230
2022/05/24,Tue,4.3410,4.3050,4.3415,4.2565
2022/05/23,Mon,4.2945,4.3455,4.3550,4.2720
2022/05/22,Sun,,,,
2022/05/21,Sat,,,,
2022/05/20,Fri,4.2775,4.2750,4.3275,4.2505
2022/05/19,Thu,4.1550,4.2830,4.2980,4.1445
2022/05/18,Wed,4.2295,4.1785,4.2480,4.1315
2022/05/17,Tue,4.2030,4.2390,4.2835,4.2030
2022/05/16,Mon,4.1795,4.1915,4.2200,4.1335
2022/05/15,Sun,,,,
2022/05/14,Sat,,,,
2022/05/13,Fri,4.0860,4.1750,4.1850,4.0550
2022/05/12,Thu,4.2115,4.1005,4.2230,4.0370
2022/05/11,Wed,4.1550,4.2090,4.2500,4.1485
2022/05/10,Tue,4.1960,4.1545,4.2580,4.1285
2022/05/09,Mon,4.2380,4.1935,4.2450,4.1240
2022/05/08,Sun,,,,
2022/05/07,Sat,,,,
2022/05/06,Fri,4.2905,4.2670,4.3190,4.2310
2022/05/05,Thu,4.3670,4.2915,4.4400,4.2765
2022/05/04,Wed,4.2990,4.3380,4.3835,4.2510
2022/05/03,Tue,4.2855,4.2830,4.3600,4.2635
2022/05/02,Mon,4.3930,4.2680,4.4040,4.2040
2022/05/01,Sun,,,,
2022/04/30,Sat,,,,
2022/04/29,Fri,4.4440,4.4085,4.5120,4.3715
2022/04/28,Thu,4.4645,4.4335,4.4935,4.3865
2022/04/27,Wed,4.4155,4.4670,4.4970,4.4155
2022/04/26,Tue,4.4870,4.4535,4.5345,4.4000
2022/04/25,Mon,4.5785,4.4620,4.6070,4.4200
2022/04/24,Sun,,,,
2022/04/23,Sat,,,,
2022/04/22,Fri,4.6810,4.5925,4.7135,4.5820
2022/04/21,Thu,4.6800,4.7135,4.7240,4.6430
2022/04/20,Wed,4.7150,4.6645,4.7180,4.6360
2022/04/19,Tue,4.8135,4.7295,4.8170,4.6960
2022/04/18,Mon,4.7815,4.8120,4.8425,4.6995
2022/04/17,Sun,,,,
2022/04/16,Sat,,,,
2022/04/15,Fri,4.7205,4.7205,4.7205,4.7205
2022/04/14,Thu,4.7140,4.7320,4.7360,4.6795
2022/04/13,Wed,4.7055,4.7215,4.7600,4.6840
2022/04/12,Tue,4.6465,4.7195,4.7250,4.6360
2022/04/11,Mon,4.7395,4.6410,4.7395,4.6365
2022/04/10,Sun,,,,
2022/04/09,Sat,,,,
2022/04/08,Fri,4.7230,4.7315,4.7555,4.7170
2022/04/07,Thu,4.7065,4.7040,4.7240,4.6880
2022/04/06,Wed,4.7405,4.7410,4.7810,4.7045
2022/04/05,Tue,4.7875,4.7965,4.8365,4.7565
2022/04/04,Mon,4.6930,4.7825,4.8070,4.6930
2022/04/03,Sun,,,,
2022/04/02,Sat,,,,
2022/04/01,Fri,4.7170,4.6905,4.7500,4.6815
2022/03/31,Thu,4.7165,4.7520,4.7540,4.7150
2022/03/30,Wed,4.7535,4.7525,4.8195,4.7325
2022/03/29,Tue,4.7245,4.7310,4.7575,4.6990
2022/03/28,Mon,4.6960,4.7255,4.7390,4.6420
2022/03/27,Sun,,,,
2022/03/26,Sat,,,,
2022/03/25,Fri,4.7275,4.6985,4.7730,4.6860
2022/03/24,Thu,4.7760,4.7425,4.8175,4.7085
2022/03/23,Wed,4.7100,4.7765,4.7855,4.6890
2022/03/22,Tue,4.7040,4.7000,4.7690,4.6800
2022/03/21,Mon,4.7270,4.7105,4.7320,4.6560
2022/03/20,Sun,,,,
2022/03/19,Sat,,,,
2022/03/18,Fri,4.7020,4.7395,4.7600,4.6730
2022/03/17,Thu,4.6210,4.7020,4.7170,4.6105
2022/03/16,Wed,4.5010,4.6005,4.6405,4.4985
2022/03/15,Tue,4.5155,4.5130,4.5430,4.4685
2022/03/14,Mon,4.5980,4.5230,4.6155,4.4960
2022/03/13,Sun,,,,
2022/03/12,Sat,,,,
2022/03/11,Fri,4.6335,4.6255,4.7240,4.5945
2022/03/10,Thu,4.5965,4.6525,4.6785,4.5740
2022/03/09,Wed,4.7105,4.5725,4.7885,4.5530
2022/03/08,Tue,4.7450,4.7100,4.9670,4.6030
2022/03/07,Mon,4.9200,4.7310,5.0395,4.6680
2022/03/06,Sun,,,,
2022/03/05,Sat,,,,
2022/03/04,Fri,4.7825,4.9375,4.9490,4.7510
2022/03/03,Thu,4.6710,4.7815,4.7985,4.6615
2022/03/02,Wed,4.5710,4.6655,4.7050,4.5525
2022/03/01,Tue,4.5060,4.5965,4.6020,4.4920
2022/02/28,Mon,4.4925,4.4545,4.5320,4.4500
2022/02/27,Sun,,,,
2022/02/26,Sat,,,,
2022/02/25,Fri,4.5075,4.4850,4.5285,4.4560
2022/02/24,Thu,4.4685,4.4580,4.5835,4.4465
2022/02/23,Wed,4.5170,4.4855,4.5355,4.4550
2022/02/22,Tue,4.5130,4.5145,4.5470,4.4780
2022/02/21,Mon,4.5205,4.4805,4.5440,4.4675
2022/02/20,Sun,,,,
2022/02/19,Sat,,,,
2022/02/18,Fri,4.5065,4.5240,4.5720,4.5065
2022/02/17,Thu,4.5465,4.5265,4.5465,4.4760
2022/02/16,Wed,4.5350,4.5395,4.5885,4.5205
2022/02/15,Tue,4.4825,4.5345,4.5415,4.4825
2022/02/14,Mon,4.4695,4.5070,4.5125,4.4510
2022/02/13,Sun,,,,
2022/02/12,Sat,,,,
2022/02/11,Fri,4.6120,4.5085,4.6120,4.4610
2022/02/10,Thu,4.6170,4.6580,4.6990,4.5865
2022/02/09,Wed,4.4560,4.6020,4.6325,4.4295
2022/02/08,Tue,4.4815,4.4645,4.4825,4.4170
2022/02/07,Mon,4.5105,4.4675,4.5145,4.4500
2022/02/06,Sun,,,,
2022/02/05,Sat,,,,
2022/02/04,Fri,4.5040,4.4900,4.5125,4.4305
2022/02/03,Thu,4.4785,4.4720,4.4785,4.4600
2022/02/02,Wed,4.4365,4.4935,4.5015,4.4365
2022/02/01,Tue,4.3300,4.4315,4.4415,4.3275
2022/01/31,Mon,4.3360,4.3265,4.3490,4.2870
2022/01/30,Sun,,,,
2022/01/29,Sat,,,,
2022/01/28,Fri,4.4120,4.3125,4.4120,4.3080
2022/01/27,Thu,4.4570,4.4235,4.4910,4.3990
2022/01/26,Wed,4.4565,4.5150,4.5345,4.4190
2022/01/25,Tue,4.4560,4.4500,4.4780,4.3855
2022/01/24,Mon,4.5220,4.4125,4.5380,4.3865
2022/01/23,Sun,,,,
2022/01/22,Sat,,,,
2022/01/21,Fri,4.5295,4.5240,4.5805,4.4840
2022/01/20,Thu,4.4490,4.5825,4.5860,4.4440
2022/01/19,Wed,4.4035,4.4700,4.4885,4.3920
2022/01/18,Tue,4.4310,4.3825,4.4490,4.3760
2022/01/17,Mon,4.4443,4.4335,4.4455,4.3827
2022/01/16,Sun,,,,
2022/01/15,Sat,,,,
2022/01/14,Fri,4.5115,4.4205,4.5475,4.4125
2022/01/13,Thu,4.5570,4.5460,4.5770,4.5045
2022/01/12,Wed,4.4315,4.5765,4.6010,4.4200
2022/01/11,Tue,4.3720,4.4290,4.4385,4.3660
2022/01/10,Mon,4.4015,4.3520,4.4310,4.3305
2022/01/09,Sun,,,,
2022/01/08,Sat,,,,
2022/01/07,Fri,4.3540,4.4100,4.4175,4.3435
2022/01/06,Thu,4.3920,4.3545,4.4080,4.3135
2022/01/05,Wed,4.4725,4.4135,4.4730,4.3720
2022/01/04,Tue,4.4245,4.4750,4.4785,4.3780
2022/01/03,Mon,4.4585,4.4215,4.4805,4.3350
2022/01/02,Sun,,,,
2022/01/01,Sat,,,,
2021/12/31,Fri,4.3895,4.4635,4.4740,4.3820
2021/12/30,Thu,4.4170,4.3925,4.4355,4.3795
2021/12/29,Wed,4.4400,4.4100,4.4400,4.3950
2021/12/28,Tue,4.4395,4.4295,4.4900,4.4245
2021/12/27,Mon,4.3890,4.4695,4.4865,4.3600
2021/12/26,Sun,,,,
2021/12/25,Sat,,,,
2021/12/24,Fri,4.4050,4.4050,4.4050,4.4050
2021/12/23,Thu,4.3855,4.3895,4.4030,4.3450
2021/12/22,Wed,4.3470,4.3890,4.3910,4.3470
2021/12/21,Tue,4.3335,4.3425,4.3460,4.3290
2021/12/20,Mon,4.2800,4.2900,4.2995,4.2305
2021/12/19,Sun,,,,
2021/12/18,Sat,,,,
2021/12/17,Fri,4.3190,4.2925,4.3210,4.2705
2021/12/16,Thu,4.2400,4.3025,4.3165,4.2385
2021/12/15,Wed,4.2660,4.1805,4.2660,4.1170
2021/12/14,Tue,4.2720,4.2550,4.2910,4.2555
2021/12/13,Mon,4.3220,4.2815,4.3220,4.2760
2021/12/12,Sun,,,,
2021/12/11,Sat,,,,
2021/12/10,Fri,4.3230,4.2850,4.3530,4.2800
2021/12/09,Thu,4.3685,4.3320,4.3715,4.3000
2021/12/08,Wed,4.3480,4.3925,4.3840,4.3235
2021/12/07,Tue,4.3180,4.3390,4.3545,4.3140
2021/12/06,Mon,4.2955,4.3375,4.3420,4.2690
2021/12/05,Sun,,,,
2021/12/04,Sat,,,,
2021/12/03,Fri,4.2780,4.2660,4.3205,4.2635
2021/12/02,Thu,4.2405,4.2995,4.3070,4.2405
2021/12/01,Wed,4.3155,4.2470,4.3455,4.2100
2021/11/30,Tue,4.3570,4.2805,4.3635,4.2750
2021/11/29,Mon,4.3375,4.3415,4.3680,4.3240
2021/11/28,Sun,,,,
2021/11/27,Sat,,,,
2021/11/26,Fri,4.4730,4.2875,4.5015,4.2860
2021/11/25,Thu,4.4700,4.4400,4.5000,4.4165
2021/11/24,Wed,4.4210,4.4645,4.4930,4.3925
2021/11/23,Tue,4.3910,4.4235,4.4500,4.3745
2021/11/22,Mon,4.3940,4.3975,4.4210,4.3505
2021/11/21,Sun,,,,
2021/11/20,Sat,,,,
2021/11/19,Fri,4.2995,4.4000,4.4120,4.2995
2021/11/18,Thu,4.2295,4.3050,4.3220,4.2280
2021/11/17,Wed,4.3490,4.2680,4.3615,4.1975
2021/11/16,Tue,4.4155,4.3545,4.4420,4.3330
2021/11/15,Mon,4.4540,4.4005,4.4795,4.3930
2021/11/14,Sun,,,,
2021/11/13,Sat,,,,
2021/11/12,Fri,4.4050,4.4470,4.4530,4.3775
2021/11/11,Thu,4.3370,4.3980,4.4200,4.3350
2021/11/10,Wed,4.3675,4.3230,4.4100,4.2880
2021/11/09,Tue,4.4075,4.3725,4.4350,4.3385
2021/11/08,Mon,4.3750,4.3945,4.4075,4.3335
2021/11/07,Sun,,,,
2021/11/06,Sat,,,,
2021/11/05,Fri,4.3160,4.3355,4.3500,4.2790
2021/11/04,Thu,4.3465,4.3090,4.3865,4.2755
2021/11/03,Wed,4.3585,4.3090,4.4300,4.2750
2021/11/02,Tue,4.3650,4.3515,4.3745,4.3205
2021/11/01,Mon,4.3790,4.3790,4.3885,4.3255
2021/10/31,Sun,,,,
2021/10/30,Sat,,,,
2021/10/29,Fri,4.4155,4.3590,4.4280,4.3300
2021/10/28,Thu,4.3640,4.4275,4.4455,4.3500
2021/10/27,Wed,4.4955,4.3895,4.5100,4.3630
2021/10/26,Tue,4.5300,4.4860,4.5545,4.4720
2021/10/25,Mon,4.5140,4.5280,4.5685,4.5015
2021/10/24,Sun,,,,
2021/10/23,Sat,,,,
2021/10/22,Fri,4.5625,4.4980,4.6190,4.4610
2021/10/21,Thu,4.7335,4.5585,4.7575,4.5370
2021/10/20,Wed,4.6875,4.7345,4.7490,4.5935
2021/10/19,Tue,4.7160,4.7030,4.8150,4.6685
2021/10/18,Mon,4.7305,4.7255,4.8230,4.6855
2021/10/17,Sun,,,,
2021/10/16,Sat,,,,
2021/10/15,Fri,4.6185,4.7295,4.7810,4.6035
2021/10/14,Thu,4.4905,4.6315,4.6365,4.4830
2021/10/13,Wed,4.3225,4.5160,4.5280,4.3050
2021/10/12,Tue,4.3390,4.3255,4.3955,4.2865
2021/10/11,Mon,4.2795,4.3665,4.3850,4.2555
2021/10/10,Sun,,,,
2021/10/09,Sat,,,,
2021/10/08,Fri,4.2495,4.2755,4.3010,4.2225
2021/10/07,Thu,4.1755,4.2435,4.2600,4.1625
2021/10/06,Wed,4.1820,4.1475,4.2185,4.1140
2021/10/05,Tue,4.2390,4.1925,4.2420,4.1510
2021/10/04,Mon,4.2145,4.2385,4.3030,4.1775
2021/10/03,Sun,,,,
2021/10/02,Sat,,,,
2021/10/01,Fri,4.1065,4.1885,4.2100,4.0585
2021/09/30,Thu,4.1775,4.0890,4.2080,4.0545
2021/09/29,Wed,4.2485,4.1990,4.2575,4.1665
2021/09/28,Tue,4.2760,4.2485,4.3000,4.2325
2021/09/27,Mon,4.2890,4.2910,4.3080,4.2580
2021/09/26,Sun,,,,
2021/09/25,Sat,,,,
2021/09/24,Fri,4.2290,4.2845,4.2990,4.2200
2021/09/23,Thu,4.2250,4.2310,4.2670,4.1965
2021/09/22,Wed,4.1135,4.2520,4.2740,4.1105
2021/09/21,Tue,4.1375,4.1260,4.1785,4.0205
2021/09/20,Mon,4.2190,4.1135,4.2340,4.0940
2021/09/19,Sun,,,,
2021/09/18,Sat,,,,
2021/09/17,Fri,4.2940,4.2445,4.3530,4.2380
2021/09/16,Thu,4.4030,4.2800,4.4030,4.2560
2021/09/15,Wed,4.3090,4.4040,4.4185,4.3090
2021/09/14,Tue,4.3630,4.3190,4.3630,4.2950
2021/09/13,Mon,4.4240,4.3650,4.4675,4.3315
2021/09/12,Sun,,,,
2021/09/11,Sat,,,,
2021/09/10,Fri,4.2820,4.4500,4.4610,4.2770
2021/09/09,Thu,4.2240,4.2840,4.2985,4.2220
2021/09/08,Wed,4.2745,4.2325,4.2960,4.2060
2021/09/07,Tue,4.3285,4.2795,4.3435,4.2560
2021/09/06,Mon,4.3325,4.3320,4.3457,4.3040
2021/09/05,Sun,,,,
2021/09/04,Sat,,,,
2021/09/03,Fri,4.2920,4.3310,4.3380,4.2885
2021/09/02,Thu,4.2805,4.2995,4.3030,4.2670
2021/09/01,Wed,4.3615,4.2740,4.3615,4.2545
2021/08/31,Tue,4.3740,4.3700,4.3800,4.3370
2021/08/30,Mon,4.3345,4.3710,4.3965,4.3330
2021/08/29,Sun,,,,
2021/08/28,Sat,,,,
2021/08/27,Fri,4.2390,4.3235,4.3325,4.2295
2021/08/26,Thu,4.2685,4.2520,4.2750,4.2240
2021/08/25,Wed,4.2480,4.2700,4.3000,4.2420
2021/08/24,Tue,4.2095,4.2600,4.2950,4.1945
2021/08/23,Mon,4.1370,4.2210,4.2335,4.1370
2021/08/22,Sun,,,,
2021/08/21,Sat,,,,
2021/08/20,Fri,4.0475,4.1255,4.1380,4.0460
2021/08/19,Thu,4.1135,4.0405,4.1285,3.9675
2021/08/18,Wed,4.2220,4.1170,4.2415,4.0975
2021/08/17,Tue,4.3265,4.2015,4.3265,4.2000
2021/08/16,Mon,4.3420,4.3200,4.3600,4.2995
2021/08/15,Sun,,,,
2021/08/14,Sat,,,,
2021/08/13,Fri,4.3500,4.3825,4.4185,4.3500
2021/08/12,Thu,4.3975,4.3500,4.3990,4.3335
2021/08/11,Wed,4.3415,4.3600,4.3630,4.3225
2021/08/10,Tue,4.2865,4.3460,4.3530,4.2865
2021/08/09,Mon,4.3000,4.2820,4.3210,4.2400
2021/08/08,Sun,,,,
2021/08/07,Sat,,,,
2021/08/06,Fri,4.3325,4.3390,4.3830,4.3245
2021/08/05,Thu,4.3275,4.3340,4.3400,4.3000
2021/08/04,Wed,4.3790,4.3215,4.3870,4.3100
2021/08/03,Tue,4.4160,4.3755,4.4245,4.3335
2021/08/02,Mon,4.4785,4.4180,4.5000,4.4000
2021/08/01,Sun,,,,
2021/07/31,Sat,,,,
2021/07/30,Fri,4.5085,4.4655,4.5085,4.4475
2021/07/29,Thu,4.4695,4.5075,4.5095,4.4695
2021/07/28,Wed,4.5580,4.4820,4.5875,4.4295
2021/07/27,Tue,4.5930,4.5445,4.6275,4.5050
2021/07/26,Mon,4.4490,4.5850,4.6085,4.4190
2021/07/25,Sun,,,,
2021/07/24,Sat,,,,
2021/07/23,Fri,4.3375,4.4000,4.4605,4.3335
2021/07/22,Thu,4.2800,4.3375,4.3445,4.2730
2021/07/21,Wed,4.2595,4.2720,4.2900,4.2260
2021/07/20,Tue,4.2010,4.2630,4.2700,4.1945
2021/07/19,Mon,4.3100,4.2015,4.3100,4.1665
2021/07/18,Sun,,,,
2021/07/17,Sat,,,,
2021/07/16,Fri,4.3115,4.3230,4.3445,4.3015
2021/07/15,Thu,4.2660,4.3230,4.3465,4.2515
2021/07/14,Wed,4.2925,4.2675,4.3070,4.2575
2021/07/13,Tue,4.3290,4.3070,4.3425,4.2550
2021/07/12,Mon,4.3465,4.3160,4.3640,4.2805
2021/07/11,Sun,,,,
2021/07/10,Sat,,,,
2021/07/09,Fri,4.2700,4.3455,4.3690,4.2535
2021/07/08,Thu,4.3080,4.2645,4.3240,4.2325
2021/07/07,Wed,4.2505,4.3225,4.3620,4.2475
2021/07/06,Tue,4.2810,4.2510,4.4025,4.2340
2021/07/05,Mon,4.3135,4.3440,4.3575,4.3090
2021/07/04,Sun,,,,
2021/07/03,Sat,,,,
2021/07/02,Fri,4.2425,4.2760,4.2945,4.2275
2021/07/01,Thu,4.2890,4.2360,4.3145,4.2265
2021/06/30,Wed,4.2575,4.2890,4.3350,4.2515
2021/06/29,Tue,4.2780,4.2645,4.2810,4.2030
2021/06/28,Mon,4.2845,4.2800,4.3045,4.2535
2021/06/27,Sun,,,,
2021/06/26,Sat,,,,
2021/06/25,Fri,4.3145,4.2905,4.3305,4.2675
2021/06/24,Thu,4.3135,4.3070,4.3210,4.2615
2021/06/23,Wed,4.2270,4.3265,4.3380,4.2270
2021/06/22,Tue,4.1790,4.2245,4.2475,4.1730
2021/06/21,Mon,4.1370,4.1845,4.1895,4.1125
2021/06/20,Sun,,,,
2021/06/19,Sat,,,,
2021/06/18,Fri,4.1775,4.1615,4.2195,4.1250
2021/06/17,Thu,4.2780,4.1825,4.3405,4.1600
2021/06/16,Wed,4.3405,4.3885,4.4005,4.2745
2021/06/15,Tue,4.5315,4.3375,4.5315,4.3200
2021/06/14,Mon,4.5655,4.5310,4.5705,4.5085
2021/06/13,Sun,,,,
2021/06/12,Sat,,,,
2021/06/11,Fri,4.4910,4.5415,4.5950,4.4860
2021/06/10,Thu,4.5195,4.4890,4.5205,4.4480
2021/06/09,Wed,4.5440,4.5345,4.5610,4.4900
2021/06/08,Tue,4.5225,4.5590,4.5610,4.4730
2021/06/07,Mon,4.5285,4.5295,4.5330,4.4850
2021/06/06,Sun,,,,
2021/06/05,Sat,,,,
2021/06/04,Fri,4.4700,4.5315,4.5380,4.4465
2021/06/03,Thu,4.6095,4.4665,4.6190,4.4335
2021/06/02,Wed,4.6575,4.5950,4.6655,4.5850
2021/06/01,Tue,4.6925,4.6565,4.6970,4.6460
2021/05/31,Mon,4.6930,4.6810,4.7047,4.6525
2021/05/30,Sun,,,,
2021/05/29,Sat,,,,
2021/05/28,Fri,4.6760,4.6810,4.6810,4.6005
2021/05/27,Thu,4.5190,4.6660,4.6800,4.5090
2021/05/26,Wed,4.5105,4.5295,4.5470,4.4945
2021/05/25,Tue,4.5315,4.5065,4.5815,4.4910
2021/05/24,Mon,4.5020,4.5255,4.5415,4.4440
2021/05/23,Sun,,,,
2021/05/22,Sat,,,,
2021/05/21,Fri,4.5350,4.4810,4.5625,4.4690
2021/05/20,Thu,4.5720,4.5680,4.6250,4.5230
2021/05/19,Wed,4.7065,4.5765,4.7280,4.5285
2021/05/18,Tue,4.7155,4.7255,4.7820,4.7040
2021/05/17,Mon,4.6675,4.7115,4.7220,4.6405
2021/05/16,Sun,,,,
2021/05/15,Sat,,,,
2021/05/14,Fri,4.6860,4.6545,4.7120,4.6060
2021/05/13,Thu,4.7190,4.6905,4.7675,4.6435
2021/05/12,Wed,4.8000,4.7360,4.8245,4.7060
2021/05/11,Tue,4.6650,4.7620,4.8035,4.6625
2021/05/10,Mon,4.7800,4.7160,4.8880,4.6875
2021/05/09,Sun,,,,
2021/05/08,Sat,,,,
2021/05/07,Fri,4.6090,4.7485,4.7510,4.5975
2021/05/06,Thu,4.5190,4.6025,4.6125,4.5005
2021/05/05,Wed,4.5560,4.5240,4.5725,4.5035
2021/05/04,Tue,4.5285,4.5215,4.5625,4.4900
2021/05/03,Mon,4.4620,4.5285,4.5355,4.4350
2021/05/02,Sun,,,,
2021/05/01,Sat,,,,
2021/04/30,Fri,4.4830,4.4680,4.5305,4.4460
2021/04/29,Thu,4.5000,4.4865,4.5510,4.4645
2021/04/28,Wed,4.4830,4.4980,4.5170,4.4175
2021/04/27,Tue,4.4460,4.4870,4.5225,4.4460
2021/04/26,Mon,4.3385,4.4430,4.4545,4.3355
2021/04/25,Sun,,,,
2021/04/24,Sat,,,,
2021/04/23,Fri,4.2700,4.3400,4.3475,4.2700
2021/04/22,Thu,4.2940,4.2780,4.2940,4.2560
2021/04/21,Wed,4.2150,4.2845,4.3000,4.2150
2021/04/20,Tue,4.2460,4.2190,4.2965,4.2075
2021/04/19,Mon,4.1800,4.2430,4.2800,4.1590
2021/04/18,Sun,,,,
2021/04/17,Sat,,,,
2021/04/16,Fri,4.2375,4.1720,4.2455,4.1680
2021/04/15,Thu,4.1215,4.2230,4.2345,4.1115
2021/04/14,Wed,4.0425,4.1315,4.1360,4.0385
2021/04/13,Tue,4.0120,4.0365,4.0515,4.0120
2021/04/12,Mon,4.0570,4.0225,4.0620,3.9965
2021/04/11,Sun,,,,
2021/04/10,Sat,,,,
2021/04/09,Fri,4.0970,4.0445,4.1005,4.0425
2021/04/08,Thu,4.0670,4.0990,4.1000,4.0500
2021/04/07,Wed,4.1085,4.0575,4.1160,4.0380
2021/04/06,Tue,4.1365,4.1180,4.1370,4.0815
2021/04/05,Mon,4.0345,4.1395,4.1540,4.0345
2021/04/04,Sun,,,,
2021/04/03,Sat,,,,
2021/04/02,Fri,,,,
2021/04/01,Thu,3.9900,3.9940,4.0140,3.9500
2021/03/31,Wed,3.9830,4.0000,4.0135,3.9600
2021/03/30,Tue,4.0360,3.9820,4.0465,3.9700
2021/03/29,Mon,4.0800,4.0345,4.0825,4.0080
2021/03/28,Sun,,,,
2021/03/27,Sat,,,,
2021/03/26,Fri,3.9970,4.0680,4.0830,3.9940
2021/03/25,Thu,4.0260,3.9780,4.0460,3.9420
2021/03/24,Wed,4.0265,4.0640,4.1050,4.0170
2021/03/23,Tue,4.1445,4.0795,4.1650,4.0160
2021/03/22,Mon,4.1075,4.1395,4.1480,4.0760
2021/03/21,Sun,,,,
2021/03/20,Sat,,,,
2021/03/19,Fri,4.0630,4.1130,4.1215,4.0105
2021/03/18,Thu,4.1440,4.1080,4.1570,4.0480
2021/03/17,Wed,4.0625,4.1190,4.1615,4.0460
2021/03/16,Tue,4.1415,4.0715,4.1495,4.0405
2021/03/15,Mon,4.1600,4.1405,4.1900,4.1105
2021/03/14,Sun,,,,
2021/03/13,Sat,,,,
2021/03/12,Fri,4.1440,4.1400,4.1580,4.0665
2021/03/11,Thu,4.0355,4.1390,4.1500,4.0095
2021/03/10,Wed,4.0135,4.0325,4.0625,3.9815
2021/03/09,Tue,4.0795,4.0085,4.1210,3.9720
2021/03/08,Mon,4.1170,4.0930,4.1705,3.9965
2021/03/07,Sun,,,,
2021/03/06,Sat,,,,
2021/03/05,Fri,3.9535,4.0755,4.1105,3.9015
2021/03/04,Thu,4.1065,3.9785,4.1505,3.8490
2021/03/03,Wed,4.2080,4.1420,4.2215,4.1020
2021/03/02,Tue,4.1005,4.2220,4.2275,4.0415
2021/03/01,Mon,4.1060,4.1130,4.1810,4.0890
2021/02/28,Sun,,,,
2021/02/27,Sat,,,,
2021/02/26,Fri,4.2055,4.0925,4.2555,4.0765
2021/02/25,Thu,4.3215,4.2635,4.3755,4.1910
2021/02/24,Wed,4.2080,4.3015,4.3250,4.1460
2021/02/23,Tue,4.1515,4.1850,4.2295,4.0945
2021/02/22,Mon,4.0750,4.1465,4.2135,4.0750
2021/02/21,Sun,,,,
2021/02/20,Sat,,,,
2021/02/19,Fri,3.9110,4.0770,4.0950,3.8915
2021/02/18,Thu,3.8295,3.9050,3.9300,3.8290
2021/02/17,Wed,3.8270,3.8235,3.8375,3.7985
2021/02/16,Tue,3.8000,3.8345,3.8410,3.8000
2021/02/15,Mon,3.8005,3.8218,3.8340,3.7997
2021/02/14,Sun,,,,
2021/02/13,Sat,,,,
2021/02/12,Fri,3.7680,3.7875,3.7995,3.7430
2021/02/11,Thu,3.7540,3.7735,3.7825,3.7540
2021/02/10,Wed,3.7245,3.7730,3.7865,3.7245
2021/02/09,Tue,3.6750,3.7190,3.7195,3.6750
2021/02/08,Mon,3.6485,3.6665,3.6750,3.6265
2021/02/07,Sun,,,,
2021/02/06,Sat,,,,
2021/02/05,Fri,3.5605,3.6270,3.6360,3.5605
2021/02/04,Thu,3.5665,3.5550,3.5785,3.5435
2021/02/03,Wed,3.5115,3.5655,3.5625,3.5100
2021/02/02,Tue,3.5250,3.5245,3.5315,3.5145
2021/02/01,Mon,3.5470,3.5455,3.5810,3.5280
2021/01/31,Sun,,,,
2021/01/30,Sat,,,,
2021/01/29,Fri,3.5760,3.5580,3.6035,3.5390
2021/01/28,Thu,3.5420,3.5800,3.5905,3.5010
2021/01/27,Wed,3.6170,3.5575,3.6280,3.5205
2021/01/26,Tue,3.6295,3.6195,3.6415,3.5810
2021/01/25,Mon,3.6215,3.6295,3.6405,3.5920
2021/01/24,Sun,,,,
2021/01/23,Sat,,,,
2021/01/22,Fri,3.6470,3.6260,3.6520,3.5635
2021/01/21,Thu,3.6440,3.6475,3.6735,3.6335
2021/01/20,Wed,3.6270,3.6415,3.6640,3.6160
2021/01/19,Tue,3.5930,3.6335,3.6535,3.5585
2021/01/18,Mon,3.5762,3.6168,3.6488,3.5737
2021/01/17,Sun,,,,
2021/01/16,Sat,,,,
2021/01/15,Fri,3.6735,3.6020,3.6840,3.5865
2021/01/14,Thu,3.6105,3.6645,3.6750,3.6015
2021/01/13,Wed,3.6460,3.6170,3.6495,3.6050
2021/01/12,Tue,3.5580,3.6055,3.6485,3.5570
2021/01/11,Mon,3.6925,3.5645,3.6925,3.5515
2021/01/10,Sun,,,,
2021/01/09,Sat,,,,
2021/01/08,Fri,3.7060,3.6735,3.7340,3.6290
2021/01/07,Thu,3.6615,3.6960,3.7115,3.6405
2021/01/06,Wed,3.6465,3.6505,3.7075,3.6245
2021/01/05,Tue,3.5560,3.6395,3.6630,3.5560
2021/01/04,Mon,3.5270,3.5545,3.6070,3.5220
2021/01/03,Sun,,,,
2021/01/02,Sat,,,,
2021/01/01,Fri,3.5200,3.5200,3.5200,3.5200
2020/12/31,Thu,3.5445,3.5190,3.5595,3.5055
2020/12/30,Wed,3.5525,3.5490,3.5830,3.5405
2020/12/29,Tue,3.5795,3.5535,3.5805,3.5460
2020/12/28,Mon,3.5815,3.5700,3.6100,3.5680
2020/12/27,Sun,,,,
2020/12/26,Sat,,,,
2020/12/25,Fri,,,,
2020/12/24,Thu,3.5545,3.5615,3.5670,3.5485
2020/12/23,Wed,3.5115,3.5550,3.5585,3.4800
2020/12/22,Tue,3.5775,3.5190,3.5775,3.5085
2020/12/21,Mon,3.6280,3.5755,3.6280,3.5470
2020/12/20,Sun,,,,
2020/12/19,Sat,,,,
2020/12/18,Fri,3.6000,3.6300,3.6410,3.5945
2020/12/17,Thu,3.5645,3.6000,3.6080,3.5645
2020/12/16,Wed,3.5430,3.5575,3.5700,3.5385
2020/12/15,Tue,3.5010,3.5420,3.5485,3.5000
2020/12/14,Mon,3.5355,3.5240,3.5480,3.5065
2020/12/13,Sun,,,,
2020/12/12,Sat,,,,
2020/12/11,Fri,3.5955,3.5260,3.6180,3.4935
2020/12/10,Thu,3.4935,3.5725,3.5835,3.4855
2020/12/09,Wed,3.5045,3.5105,3.5185,3.4920
2020/12/08,Tue,3.4855,3.4965,3.4980,3.4665
2020/12/07,Mon,3.5340,3.5140,3.5365,3.4775
2020/12/06,Sun,,,,
2020/12/05,Sat,,,,
2020/12/04,Fri,3.4815,3.5210,3.5270,3.4815
2020/12/03,Thu,3.4820,3.4865,3.5140,3.4710
2020/12/02,Wed,3.4785,3.4845,3.4910,3.4415
2020/12/01,Tue,3.4640,3.4800,3.5110,3.4585
2020/11/30,Mon,3.4210,3.4335,3.4915,3.4210
2020/11/29,Sun,,,,
2020/11/28,Sat,,,,
2020/11/27,Fri,3.3470,3.4120,3.4160,3.3470
2020/11/26,Thu,3.3117,3.3478,3.3585,3.3090
2020/11/25,Wed,3.3200,3.3180,3.3380,3.2880
2020/11/24,Tue,3.2740,3.3075,3.3220,3.2700
2020/11/23,Mon,3.2950,3.2650,3.2950,3.2430
2020/11/22,Sun,,,,
2020/11/21,Sat,,,,
2020/11/20,Fri,3.2125,3.2975,3.3055,3.2115
2020/11/19,Thu,3.2020,3.2085,3.2220,3.1865
2020/11/18,Wed,3.2100,3.2035,3.2415,3.2020
2020/11/17,Tue,3.2270,3.2030,3.2270,3.1870
2020/11/16,Mon,3.2000,3.2250,3.2600,3.2000
2020/11/15,Sun,,,,
2020/11/14,Sat,,,,
2020/11/13,Fri,3.1400,3.1805,3.1900,3.1400
2020/11/12,Thu,3.1345,3.1480,3.1625,3.1245
2020/11/11,Wed,3.1590,3.1375,3.1730,3.1230
2020/11/10,Tue,3.1590,3.1595,3.1605,3.1050
2020/11/09,Mon,3.1645,3.1595,3.2065,3.1440
2020/11/08,Sun,,,,
2020/11/07,Sat,,,,
2020/11/06,Fri,3.1125,3.1570,3.1740,3.1085
2020/11/05,Thu,3.1025,3.1135,3.1285,3.0875
2020/11/04,Wed,3.1130,3.1095,3.1165,3.0450
2020/11/03,Tue,3.0905,3.0935,3.1185,3.0895
2020/11/02,Mon,3.0550,3.0810,3.0910,3.0520
2020/11/01,Sun,,,,
2020/10/31,Sat,,,,
2020/10/30,Fri,3.0680,3.0515,3.0680,3.0450
2020/10/29,Thu,3.0810,3.0600,3.0810,3.0595
2020/10/28,Wed,3.0880,3.0640,3.1065,3.0420
2020/10/27,Tue,3.0915,3.0935,3.1125,3.0800
2020/10/26,Mon,3.1415,3.0895,3.1430,3.0770
2020/10/25,Sun,,,,
2020/10/24,Sat,,,,
2020/10/23,Fri,3.1640,3.1290,3.1645,3.1245
2020/10/22,Thu,3.1955,3.1535,3.1960,3.1425
2020/10/21,Wed,3.1415,3.1985,3.2180,3.1405
2020/10/20,Tue,3.0835,3.1480,3.1705,3.0730
2020/10/19,Mon,3.0605,3.0860,3.1080,3.0570
2020/10/18,Sun,,,,
2020/10/17,Sat,,,,
2020/10/16,Fri,3.0875,3.0675,3.0960,3.0555
2020/10/15,Thu,3.0505,3.0855,3.0935,3.0245
2020/10/14,Wed,3.0415,3.0505,3.0685,3.0380
2020/10/13,Tue,3.0635,3.0445,3.0670,3.0265
2020/10/12,Mon,3.0795,3.0640,3.0930,3.0520
2020/10/11,Sun,,,,
2020/10/10,Sat,,,,
2020/10/09,Fri,3.0420,3.0825,3.0980,3.0390
2020/10/08,Thu,3.0315,3.0420,3.0475,3.0115
2020/10/07,Wed,2.9270,3.0330,3.0550,2.9225
2020/10/06,Tue,2.9635,2.9635,2.9765,2.9205
2020/10/05,Mon,2.9800,2.9630,2.9845,2.9320
2020/10/04,Sun,,,,
2020/10/03,Sat,,,,
2020/10/02,Fri,2.8775,2.9775,2.9865,2.8345
2020/10/01,Thu,3.0160,2.8655,3.0465,2.8540
2020/09/30,Wed,2.9955,3.0325,3.0415,2.9755
2020/09/29,Tue,3.0000,2.9900,3.0060,2.9550
2020/09/28,Mon,2.9885,2.9880,3.0065,2.9735
2020/09/27,Sun,,,,
2020/09/26,Sat,,,,
2020/09/25,Fri,2.9760,2.9715,2.9920,2.9425
2020/09/24,Thu,2.9600,2.9675,2.9775,2.9145
2020/09/23,Wed,3.0600,2.9925,3.0600,2.9495
2020/09/22,Tue,3.0430,3.0600,3.0830,3.0425
2020/09/21,Mon,3.1000,3.0315,3.1100,3.0270
2020/09/20,Sun,,,,
2020/09/19,Sat,,,,
2020/09/18,Fri,3.0845,3.1140,3.1140,3.0650
2020/09/17,Thu,3.0360,3.0685,3.0780,3.0195
2020/09/16,Wed,3.0435,3.0585,3.0735,3.0430
2020/09/15,Tue,3.0695,3.0610,3.0805,3.0430
2020/09/14,Mon,3.0485,3.0650,3.0710,3.0265
2020/09/13,Sun,,,,
2020/09/12,Sat,,,,
2020/09/11,Fri,2.9735,3.0360,3.0450,2.9735
2020/09/10,Thu,3.0515,2.9925,3.0515,2.9545
2020/09/09,Wed,3.0055,3.0460,3.0525,3.0055
2020/09/08,Tue,3.0710,3.0200,3.0775,2.9975
2020/09/07,Mon,3.0740,3.0697,3.0880,3.0427
2020/09/06,Sun,,,,
2020/09/05,Sat,,,,
2020/09/04,Fri,2.9620,3.0560,3.0740,2.9620
2020/09/03,Thu,3.0070,2.9695,3.0070,2.9550
2020/09/02,Wed,2.9975,3.0150,3.0325,2.9955
2020/09/01,Tue,3.0470,3.0225,3.0830,3.0140
2020/08/31,Mon,3.0345,3.0555,3.0600,3.0335
2020/08/30,Sun,,,,
2020/08/29,Sat,,,,
2020/08/28,Fri,3.0120,3.0120,3.0230,3.0085
2020/08/27,Thu,2.9830,2.9755,2.9955,2.9415
2020/08/26,Wed,2.9535,2.9685,2.9830,2.9430
2020/08/25,Tue,2.9335,2.9415,2.9505,2.9195
2020/08/24,Mon,2.9390,2.9325,2.9690,2.9240
2020/08/23,Sun,,,,
2020/08/22,Sat,,,,
2020/08/21,Fri,3.0000,2.9240,3.0035,2.9180
2020/08/20,Thu,2.9865,2.9810,3.0020,2.9590
2020/08/19,Wed,2.9830,3.0280,3.0300,2.9830
2020/08/18,Tue,2.9130,2.9805,2.9850,2.8990
2020/08/17,Mon,2.8645,2.9090,2.9235,2.8600
2020/08/16,Sun,,,,
2020/08/15,Sat,,,,
2020/08/14,Fri,2.8005,2.8680,2.8675,2.8005
2020/08/13,Thu,2.8575,2.8160,2.8675,2.7810
2020/08/12,Wed,2.8320,2.8990,2.9060,2.8320
2020/08/11,Tue,2.8740,2.8840,2.8860,2.8580
2020/08/10,Mon,2.8145,2.8705,2.8850,2.8145
2020/08/09,Sun,,,,
2020/08/08,Sat,,,,
2020/08/07,Fri,2.9040,2.8020,2.9040,2.7910
2020/08/06,Thu,2.9045,2.9190,2.9195,2.9045
2020/08/05,Wed,2.9200,2.9250,2.9410,2.9200
2020/08/04,Tue,2.8975,2.9030,2.9070,2.8975
2020/08/03,Mon,2.8420,2.9205,2.9215,2.8415
2020/08/02,Sun,,,,
2020/08/01,Sat,,,,
2020/07/31,Fri,2.9105,2.8770,2.9105,2.8745
2020/07/30,Thu,2.9215,2.9220,2.9230,2.8890
2020/07/29,Wed,2.9145,2.9190,2.9435,2.8950
2020/07/28,Tue,2.9090,2.9175,2.9400,2.8790
2020/07/27,Mon,2.8925,2.8975,2.9200,2.8820
2020/07/26,Sun,,,,
2020/07/25,Sat,,,,
2020/07/24,Fri,2.9215,2.8925,2.9305,2.8665
2020/07/23,Thu,2.9265,2.9385,2.9540,2.8990
2020/07/22,Wed,2.9635,2.9245,2.9820,2.8915
2020/07/21,Tue,2.9210,2.9580,2.9750,2.9195
2020/07/20,Mon,2.9065,2.9155,2.9440,2.8815
2020/07/19,Sun,,,,
2020/07/18,Sat,,,,
2020/07/17,Fri,2.8980,2.9045,2.9175,2.8800
2020/07/16,Thu,2.8940,2.9015,2.9060,2.8450
2020/07/15,Wed,2.9390,2.8850,2.9760,2.8730
2020/07/14,Tue,2.9160,2.9325,2.9460,2.8980
2020/07/13,Mon,2.9195,2.9550,2.9930,2.8955
2020/07/12,Sun,,,,
2020/07/11,Sat,,,,
2020/07/10,Fri,2.8425,2.8975,2.9170,2.8225
2020/07/09,Thu,2.8285,2.8385,2.8755,2.8235
2020/07/08,Wed,2.7850,2.8240,2.8255,2.7850
2020/07/07,Tue,2.7900,2.7970,2.7990,2.7460
2020/07/06,Mon,2.7490,2.7745,2.7925,2.7235
2020/07/05,Sun,,,,
2020/07/04,Sat,,,,
2020/07/03,Fri,2.7330,2.6990,2.7370,2.6980
2020/07/02,Thu,2.7590,2.7485,2.7690,2.7305
2020/07/01,Wed,2.7305,2.7340,2.7585,2.7065
2020/06/30,Tue,2.6980,2.7285,2.7370,2.6955
2020/06/29,Mon,2.6700,2.6925,2.7055,2.6680
2020/06/28,Sun,,,,
2020/06/27,Sat,,,,
2020/06/26,Fri,2.6750,2.6715,2.7050,2.6650
2020/06/25,Thu,2.6445,2.6725,2.6750,2.6440
2020/06/24,Wed,2.6660,2.6540,2.6840,2.6370
2020/06/23,Tue,2.6600,2.6640,2.6705,2.6305
2020/06/22,Mon,2.6200,2.6575,2.6625,2.6200
2020/06/21,Sun,,,,
2020/06/20,Sat,,,,
2020/06/19,Fri,2.6120,2.6210,2.6570,2.6070
2020/06/18,Thu,2.5995,2.6015,2.6330,2.5990
2020/06/17,Wed,2.5725,2.6010,2.6075,2.5670
2020/06/16,Tue,2.6035,2.5770,2.6200,2.5480
2020/06/15,Mon,2.5975,2.5785,2.6090,2.5550
2020/06/14,Sun,,,,
2020/06/13,Sat,,,,
2020/06/12,Fri,2.5750,2.6105,2.6260,2.5750
2020/06/11,Thu,2.6735,2.5955,2.6735,2.5700
2020/06/10,Wed,2.6185,2.6655,2.7025,2.6185
2020/06/09,Tue,2.5930,2.6070,2.6110,2.5740
2020/06/08,Mon,2.5600,2.5740,2.5915,2.5455
2020/06/07,Sun,,,,
2020/06/06,Sat,,,,
2020/06/05,Fri,2.5015,2.5630,2.5735,2.4990
2020/06/04,Thu,2.4900,2.4965,2.5085,2.4900
2020/06/03,Wed,2.5090,2.4950,2.5100,2.4985
2020/06/02,Tue,2.4745,2.4985,2.5025,2.4690
2020/06/01,Mon,2.4585,2.4780,2.4800,2.4575
2020/05/31,Sun,,,,
2020/05/30,Sat,,,,
2020/05/29,Fri,2.4260,2.4345,2.4410,2.4260
2020/05/28,Thu,2.4080,2.4215,2.4255,2.4080
2020/05/27,Wed,2.4110,2.3820,2.4220,2.3585
2020/05/26,Tue,2.3975,2.4185,2.4390,2.3860
2020/05/25,Mon,2.3980,2.4060,2.4140,2.3860
2020/05/24,Sun,,,,
2020/05/23,Sat,,,,
2020/05/22,Fri,2.4275,2.3865,2.4310,2.3715
2020/05/21,Thu,2.4605,2.4320,2.4680,2.4220
2020/05/20,Wed,2.4100,2.4600,2.4650,2.4010
2020/05/19,Tue,2.4245,2.4180,2.4385,2.4035
2020/05/18,Mon,2.3375,2.4040,2.4285,2.3340
2020/05/17,Sun,,,,
2020/05/16,Sat,,,,
2020/05/15,Fri,2.3620,2.3305,2.3755,2.3285
2020/05/14,Thu,2.3530,2.3460,2.3650,2.3140
2020/05/13,Wed,2.3355,2.3460,2.3750,2.3325
2020/05/12,Tue,2.3840,2.3590,2.3865,2.3305
2020/05/11,Mon,2.4095,2.3800,2.4300,2.3670
2020/05/10,Sun,,,,
2020/05/09,Sat,,,,
2020/05/08,Fri,2.3790,2.4060,2.4300,2.3780
2020/05/07,Thu,2.3420,2.3805,2.3910,2.3340
2020/05/06,Wed,2.3325,2.3470,2.3655,2.3185
2020/05/05,Tue,2.3210,2.3325,2.3400,2.3070
2020/05/04,Mon,2.3050,2.3125,2.3220,2.2840
2020/05/03,Sun,,,,
2020/05/02,Sat,,,,
2020/05/01,Fri,2.3400,2.3120,2.3420,2.2860
2020/04/30,Thu,2.3770,2.3440,2.3950,2.3350
2020/04/29,Wed,2.3425,2.3705,2.3860,2.3370
2020/04/28,Tue,2.3475,2.3480,2.3755,2.3315
2020/04/27,Mon,2.3600,2.3475,2.3820,2.3230
2020/04/26,Sun,,,,
2020/04/25,Sat,,,,
2020/04/24,Fri,2.3145,2.3375,2.3605,2.2940
2020/04/23,Thu,2.2935,2.3145,2.3400,2.2865
2020/04/22,Wed,2.2725,2.3015,2.3035,2.2340
2020/04/21,Tue,2.3210,2.2490,2.3215,2.1970
2020/04/20,Mon,2.3480,2.3280,2.3600,2.3050
2020/04/19,Sun,,,,
2020/04/18,Sat,,,,
2020/04/17,Fri,2.3410,2.3540,2.3645,2.3380
2020/04/16,Thu,2.3020,2.3020,2.3245,2.2990
2020/04/15,Wed,2.3370,2.3040,2.3370,2.2875
2020/04/14,Tue,2.3365,2.3380,2.3430,2.3210
2020/04/13,Mon,2.3050,2.3125,2.3500,2.2735
2020/04/12,Sun,,,,
2020/04/11,Sat,,,,
2020/04/10,Fri,2.2700,2.2700,2.2700,2.2700
2020/04/09,Thu,2.2880,2.2680,2.2880,2.2570
2020/04/08,Wed,2.2650,2.2665,2.2890,2.2530
2020/04/07,Tue,2.2270,2.2770,2.2905,2.2270
2020/04/06,Mon,2.1895,2.2210,2.2305,2.1895
2020/04/05,Sun,,,,
2020/04/04,Sat,,,,
2020/04/03,Fri,2.2115,2.1955,2.2270,2.1895
2020/04/02,Thu,2.1850,2.2220,2.2300,2.1850
2020/04/01,Wed,2.2150,2.1790,2.2150,2.1635
2020/03/31,Tue,2.1920,2.2320,2.2365,2.1800
2020/03/30,Mon,2.1610,2.1605,2.1710,2.1540
2020/03/29,Sun,,,,
2020/03/28,Sat,,,,
2020/03/27,Fri,2.1845,2.1720,2.2035,2.1580
2020/03/26,Thu,2.2040,2.1780,2.2155,2.1590
2020/03/25,Wed,2.1995,2.2040,2.2270,2.1495
2020/03/24,Tue,2.0870,2.1800,2.2395,2.0845
2020/03/23,Mon,2.1465,2.1005,2.1465,2.0205
2020/03/22,Sun,,,,
2020/03/21,Sat,,,,
2020/03/20,Fri,2.1485,2.1715,2.2365,2.0930
2020/03/19,Thu,2.1625,2.1855,2.1990,1.9725
2020/03/18,Wed,2.3170,2.1510,2.3415,2.1110
2020/03/17,Tue,2.3860,2.3135,2.4255,2.3020
2020/03/16,Mon,2.5100,2.3925,2.5155,2.3350
2020/03/15,Sun,,,,
2020/03/14,Sat,,,,
2020/03/13,Fri,2.4430,2.4640,2.5320,2.4015
2020/03/12,Thu,2.4775,2.4725,2.4845,2.4280
2020/03/11,Wed,2.5410,2.5020,2.5420,2.4725
2020/03/10,Tue,2.4870,2.5215,2.5655,2.4820
2020/03/09,Mon,2.5350,2.5105,2.5350,2.4565
2020/03/08,Sun,,,,
2020/03/07,Sat,,,,
2020/03/06,Fri,2.5700,2.5605,2.5770,2.5320
2020/03/05,Thu,2.5825,2.5730,2.6000,2.5610
2020/03/04,Wed,2.5870,2.5860,2.6000,2.5700
2020/03/03,Tue,2.6165,2.5730,2.6250,2.5465
2020/03/02,Mon,2.5220,2.5950,2.6130,2.5010
2020/03/01,Sun,,,,
2020/02/29,Sat,,,,
2020/02/28,Fri,2.5565,2.5400,2.5775,2.5060
2020/02/27,Thu,2.5665,2.5715,2.5820,2.5255
2020/02/26,Wed,2.5665,2.5735,2.5810,2.5485
2020/02/25,Tue,2.5770,2.5805,2.5945,2.5620
2020/02/24,Mon,2.5930,2.5815,2.5930,2.5645
2020/02/23,Sun,,,,
2020/02/22,Sat,,,,
2020/02/21,Fri,2.5940,2.6125,2.6200,2.5670
2020/02/20,Thu,2.6175,2.5925,2.6245,2.5850
2020/02/19,Wed,2.6140,2.6105,2.6305,2.5820
2020/02/18,Tue,2.6105,2.6085,2.6350,2.5980
2020/02/17,Mon,2.6070,2.6200,2.6330,2.6020
2020/02/16,Sun,,,,
2020/02/15,Sat,,,,
2020/02/14,Fri,2.6165,2.6040,2.6205,2.6005
2020/02/13,Thu,2.5950,2.6175,2.6305,2.5900
2020/02/12,Wed,2.5875,2.6055,2.6140,2.5870
2020/02/11,Tue,2.5815,2.5875,2.6095,2.5725
2020/02/10,Mon,2.5480,2.5545,2.5795,2.5460
2020/02/09,Sun,,,,
2020/02/08,Sat,,,,
2020/02/07,Fri,2.5960,2.5570,2.5965,2.5505
2020/02/06,Thu,2.5895,2.5965,2.6245,2.5895
2020/02/05,Wed,2.5495,2.5785,2.6040,2.5485
2020/02/04,Tue,2.5085,2.5455,2.5710,2.5085
2020/02/03,Mon,2.5110,2.5105,2.5615,2.4910
2020/02/02,Sun,,,,
2020/02/01,Sat,,,,
2020/01/31,Fri,2.5495,2.5200,2.5655,2.5090
2020/01/30,Thu,2.5475,2.5275,2.5525,2.5230
2020/01/29,Wed,2.5880,2.5540,2.6065,2.5530
2020/01/28,Tue,2.5935,2.5795,2.6085,2.5775
2020/01/27,Mon,2.6675,2.5965,2.6730,2.5915
2020/01/26,Sun,,,,
2020/01/25,Sat,,,,
2020/01/24,Fri,2.7310,2.6840,2.7360,2.6775
2020/01/23,Thu,2.7680,2.7260,2.7725,2.7110
2020/01/22,Wed,2.7880,2.7650,2.8050,2.7635
2020/01/21,Tue,2.8470,2.7935,2.8610,2.7900
2020/01/20,Mon,2.8520,2.8440,2.8610,2.8370
2020/01/19,Sun,,,,
2020/01/18,Sat,,,,
2020/01/17,Fri,2.8520,2.8455,2.8755,2.8415
2020/01/16,Thu,2.8625,2.8470,2.8860,2.8415
2020/01/15,Wed,2.8700,2.8660,2.8705,2.8365
2020/01/14,Tue,2.8560,2.8735,2.8745,2.8495
2020/01/13,Mon,2.8055,2.8610,2.8640,2.8055
2020/01/12,Sun,,,,
2020/01/11,Sat,,,,
2020/01/10,Fri,2.8000,2.8135,2.8360,2.7955
2020/01/09,Thu,2.8080,2.8020,2.8190,2.7955
2020/01/08,Wed,2.7955,2.8120,2.8140,2.7630
2020/01/07,Tue,2.7890,2.7935,2.8040,2.7800
2020/01/06,Mon,2.7650,2.7900,2.7955,2.7645
2020/01/05,Sun,,,,
2020/01/04,Sat,,,,
2020/01/03,Fri,2.8250,2.7870,2.8255,2.7595
2020/01/02,Thu,2.8035,2.8250,2.8295,2.7940
2020/01/01,Wed,2.7980,2.8060,2.8070,2.7980
2019/12/31,Tue,2.8205,2.7970,2.8220,2.7960
2019/12/30,Mon,2.8255,2.8335,2.8380,2.8190
2019/12/29,Sun,,,,
2019/12/28,Sat,,,,
2019/12/27,Fri,2.8490,2.8275,2.8490,2.8160
2019/12/26,Thu,2.8330,2.8475,2.8550,2.8325
2019/12/25,Wed,2.8250,2.8380,2.8420,2.8250
2019/12/24,Tue,2.8185,2.8265,2.8300,2.8120
2019/12/23,Mon,2.8010,2.8095,2.8070,2.7940
2019/12/22,Sun,,,,
2019/12/21,Sat,,,,
2019/12/20,Fri,2.8245,2.8050,2.8255,2.7975
2019/12/19,Thu,2.8005,2.8265,2.8260,2.8005
2019/12/18,Wed,2.7945,2.8110,2.8105,2.7945
2019/12/17,Tue,2.8070,2.8125,2.8165,2.8050
2019/12/16,Mon,2.7885,2.8090,2.8145,2.7855
2019/12/15,Sun,,,,
2019/12/14,Sat,,,,
2019/12/13,Fri,2.8160,2.7775,2.8250,2.7675
2019/12/12,Thu,2.7780,2.7925,2.8090,2.7675
2019/12/11,Wed,2.7700,2.7855,2.7915,2.7675
2019/12/10,Tue,2.7455,2.7615,2.7625,2.7445
2019/12/09,Mon,2.7355,2.7540,2.7565,2.7205
2019/12/08,Sun,,,,
2019/12/07,Sat,,,,
2019/12/06,Fri,2.6705,2.7205,2.7475,2.6650
2019/12/05,Thu,2.6590,2.6585,2.6655,2.6545
2019/12/04,Wed,2.6195,2.6545,2.6605,2.6195
2019/12/03,Tue,2.6450,2.6180,2.6450,2.6215
2019/12/02,Mon,2.6490,2.6455,2.6570,2.6440
2019/12/01,Sun,,,,
2019/11/30,Sat,,,,
2019/11/29,Fri,2.6655,2.6560,2.6655,2.6490
2019/11/28,Thu,2.6940,2.6700,2.6950,2.6670
2019/11/27,Wed,2.6825,2.6905,2.7025,2.6825
2019/11/26,Tue,2.6530,2.6860,2.6870,2.6445
2019/11/25,Mon,2.6500,2.6535,2.6735,2.6405
2019/11/24,Sun,,,,
2019/11/23,Sat,,,,
2019/11/22,Fri,2.6310,2.6515,2.6530,2.6230
2019/11/21,Thu,2.6495,2.6275,2.6525,2.6255
2019/11/20,Wed,2.6535,2.6520,2.6660,2.6455
2019/11/19,Tue,2.6245,2.6590,2.6630,2.6225
2019/11/18,Mon,2.6420,2.6245,2.6480,2.6210
2019/11/17,Sun,,,,
2019/11/16,Sat,,,,
2019/11/15,Fri,2.6300,2.6425,2.6465,2.6295
2019/11/14,Thu,2.6450,2.6265,2.6600,2.6230
2019/11/13,Wed,2.6530,2.6435,2.6545,2.6375
2019/11/12,Tue,2.6640,2.6500,2.6870,2.6470
2019/11/11,Mon,2.6920,2.6680,2.6920,2.6625
2019/11/10,Sun,,,,
2019/11/09,Sat,,,,
2019/11/08,Fri,2.7220,2.6860,2.7245,2.6810
2019/11/07,Thu,2.6710,2.7320,2.7325,2.6710
2019/11/06,Wed,2.7030,2.6695,2.7030,2.6675
2019/11/05,Tue,2.6685,2.7050,2.7140,2.6680
2019/11/04,Mon,2.6670,2.6755,2.6805,2.6600
2019/11/03,Sun,,,,
2019/11/02,Sat,,,,
2019/11/01,Fri,2.6505,2.6575,2.6680,2.6420
2019/10/31,Thu,2.6865,2.6425,2.6890,2.6350
2019/10/30,Wed,2.6860,2.6905,2.6935,2.6675
2019/10/29,Tue,2.6820,2.6915,2.6970,2.6725
2019/10/28,Mon,2.6850,2.6830,2.6890,2.6735
2019/10/27,Sun,,,,
2019/10/26,Sat,,,,
2019/10/25,Fri,2.6665,2.6755,2.6905,2.6590
2019/10/24,Thu,2.6690,2.6680,2.6795,2.6590
2019/10/23,Wed,2.6355,2.6715,2.6745,2.6145
2019/10/22,Tue,2.6450,2.6330,2.6505,2.6295
2019/10/21,Mon,2.6395,2.6465,2.6600,2.6305
2019/10/20,Sun,,,,
2019/10/19,Sat,,,,
2019/10/18,Fri,2.6000,2.6360,2.6460,2.5850
2019/10/17,Thu,2.5870,2.5975,2.6175,2.5770
2019/10/16,Wed,2.6125,2.5895,2.6130,2.5730
2019/10/15,Tue,2.6320,2.6140,2.6415,2.6060
2019/10/14,Mon,2.6275,2.6340,2.6345,2.5940
2019/10/13,Sun,,,,
2019/10/12,Sat,,,,
2019/10/11,Fri,2.6110,2.6280,2.6385,2.6060
2019/10/10,Thu,2.5690,2.6135,2.6200,2.5475
2019/10/09,Wed,2.5670,2.5680,2.5795,2.5605
2019/10/08,Tue,2.5730,2.5685,2.6015,2.5615
2019/10/07,Mon,2.5570,2.5770,2.5895,2.5525
2019/10/06,Sun,,,,
2019/10/05,Sat,,,,
2019/10/04,Fri,2.5535,2.5625,2.5660,2.5300
2019/10/03,Thu,2.5660,2.5535,2.5820,2.5385
2019/10/02,Wed,2.5650,2.5705,2.5855,2.5475
2019/10/01,Tue,2.5740,2.5605,2.5770,2.5150
2019/09/30,Mon,2.5980,2.5785,2.6185,2.5725
2019/09/29,Sun,,,,
2019/09/28,Sat,,,,
2019/09/27,Fri,2.5770,2.5975,2.6130,2.5705
2019/09/26,Thu,2.6020,2.5710,2.6100,2.5705
2019/09/25,Wed,2.5985,2.6060,2.6070,2.5825
2019/09/24,Tue,2.6055,2.6015,2.6150,2.5950
2019/09/23,Mon,2.5915,2.6065,2.6130,2.5700
2019/09/22,Sun,,,,
2019/09/21,Sat,,,,
2019/09/20,Fri,2.6095,2.6015,2.6230,2.5870
2019/09/19,Thu,2.6060,2.6030,2.6150,2.6000
2019/09/18,Wed,2.6275,2.6075,2.6305,2.5995
2019/09/17,Tue,2.6300,2.6215,2.6300,2.6035
2019/09/16,Mon,2.6970,2.6340,2.6970,2.6330
2019/09/15,Sun,,,,
2019/09/14,Sat,,,,
2019/09/13,Fri,2.6400,2.6935,2.6975,2.6400
2019/09/12,Thu,2.6295,2.6350,2.6575,2.5900
2019/09/11,Wed,2.6115,2.6090,2.6310,2.6070
2019/09/10,Tue,2.6300,2.6225,2.6300,2.6050
2019/09/09,Mon,2.6170,2.6215,2.6220,2.6120
2019/09/08,Sun,,,,
2019/09/07,Sat,,,,
2019/09/06,Fri,2.6285,2.6285,2.6420,2.6175
2019/09/05,Thu,2.5995,2.6365,2.6405,2.5835
2019/09/04,Wed,2.5265,2.5900,2.5900,2.5265
2019/09/03,Tue,2.5365,2.5235,2.5365,2.4925
2019/09/02,Mon,2.5520,2.5320,2.5670,2.5280
2019/09/01,Sun,,,,
2019/08/31,Sat,,,,
2019/08/30,Fri,2.5720,2.5470,2.5770,2.5445
2019/08/29,Thu,2.5535,2.5735,2.5880,2.5505
2019/08/28,Wed,2.5520,2.5590,2.5655,2.5420
2019/08/27,Tue,2.5410,2.5500,2.5720,2.5325
2019/08/26,Mon,2.5200,2.5465,2.5490,2.5000
2019/08/25,Sun,,,,
2019/08/24,Sat,,,,
2019/08/23,Fri,2.5630,2.5345,2.5740,2.5300
2019/08/22,Thu,2.5810,2.5615,2.5860,2.5520
2019/08/21,Wed,2.5795,2.5890,2.5920,2.5790
2019/08/20,Tue,2.6020,2.5815,2.6025,2.5755
2019/08/19,Mon,2.5980,2.6050,2.6175,2.5980
2019/08/18,Sun,,,,
2019/08/17,Sat,,,,
2019/08/16,Fri,2.5910,2.5985,2.5960,2.5900
2019/08/15,Thu,2.6060,2.5985,2.6060,2.5875
2019/08/14,Wed,2.6105,2.5955,2.6105,2.5875
2019/08/13,Tue,2.6020,2.6335,2.6395,2.5805
2019/08/12,Mon,2.5965,2.5880,2.5965,2.5805
2019/08/11,Sun,,,,
2019/08/10,Sat,,,,
2019/08/09,Fri,2.6160,2.5925,2.6160,2.5870
2019/08/08,Thu,2.5935,2.6105,2.6160,2.5935
2019/08/07,Wed,2.5740,2.5750,2.5920,2.5510
2019/08/06,Tue,2.5480,2.5615,2.5720,2.5480
2019/08/05,Mon,2.5625,2.5490,2.5650,2.5480
2019/08/04,Sun,,,,
2019/08/03,Sat,,,,
2019/08/02,Fri,2.6145,2.5775,2.6290,2.5670
2019/08/01,Thu,2.6650,2.6705,2.6700,2.6250
2019/07/31,Wed,2.6880,2.6715,2.6880,2.6700
2019/07/30,Tue,2.7045,2.6830,2.7045,2.6810
2019/07/29,Mon,2.6905,2.7175,2.7210,2.6815
2019/07/28,Sun,,,,
2019/07/27,Sat,,,,
2019/07/26,Fri,2.7065,2.6850,2.7120,2.6840
2019/07/25,Thu,2.7115,2.7035,2.7385,2.7000
2019/07/24,Wed,2.7060,2.7120,2.7205,2.6980
2019/07/23,Tue,2.7160,2.7000,2.7300,2.6875
2019/07/22,Mon,2.7530,2.7220,2.7595,2.7180
2019/07/21,Sun,,,,
2019/07/20,Sat,,,,
2019/07/19,Fri,2.7195,2.7525,2.8030,2.7150
2019/07/18,Thu,2.7010,2.7100,2.7205,2.6925
2019/07/17,Wed,2.6950,2.7160,2.7170,2.6820
2019/07/16,Tue,2.7150,2.7000,2.7355,2.6940
2019/07/15,Mon,2.6975,2.7110,2.7280,2.6855
2019/07/14,Sun,,,,
2019/07/13,Sat,,,,
2019/07/12,Fri,2.6880,2.6940,2.7145,2.6725
2019/07/11,Thu,2.6890,2.6875,2.6980,2.6785
2019/07/10,Wed,2.6280,2.6940,2.6995,2.6250
2019/07/09,Tue,2.6575,2.6250,2.6590,2.6120
2019/07/08,Mon,2.6695,2.6590,2.6890,2.6545
2019/07/07,Sun,,,,
2019/07/06,Sat,,,,
2019/07/05,Fri,2.6845,2.6610,2.6875,2.6445
2019/07/04,Thu,2.6850,2.6800,2.6870,2.6700
2019/07/03,Wed,2.6650,2.6830,2.6860,2.6365
2019/07/02,Tue,2.6880,2.6640,2.6965,2.6555
2019/07/01,Mon,2.7500,2.6880,2.7570,2.6770
2019/06/30,Sun,,,,
2019/06/29,Sat,,,,
2019/06/28,Fri,2.7210,2.7135,2.7280,2.7025
2019/06/27,Thu,2.7135,2.7165,2.7280,2.7000
2019/06/26,Wed,2.7290,2.7155,2.7525,2.7025
2019/06/25,Tue,2.7090,2.7365,2.7460,2.7020
2019/06/24,Mon,2.7045,2.7065,2.7125,2.6840
2019/06/23,Sun,,,,
2019/06/22,Sat,,,,
2019/06/21,Fri,2.7160,2.7055,2.7195,2.6880
2019/06/20,Thu,2.6950,2.7125,2.7300,2.6950
2019/06/19,Wed,2.7035,2.6805,2.7075,2.6755
2019/06/18,Tue,2.6450,2.7025,2.7105,2.6450
2019/06/17,Mon,2.6380,2.6455,2.6540,2.6195
2019/06/16,Sun,,,,
2019/06/15,Sat,,,,
2019/06/14,Fri,2.6480,2.6310,2.6480,2.6295
2019/06/13,Thu,2.6535,2.6580,2.6620,2.6370
2019/06/12,Wed,2.6715,2.6550,2.6715,2.6410
2019/06/11,Tue,2.6755,2.6730,2.6980,2.6675
2019/06/10,Mon,2.6405,2.6625,2.6665,2.6395
2019/06/09,Sun,,,,
2019/06/08,Sat,,,,
2019/06/07,Fri,2.6505,2.6295,2.6525,2.6045
2019/06/06,Thu,2.6405,2.6515,2.6505,2.6360
2019/06/05,Wed,2.6690,2.6245,2.6735,2.6245
2019/06/04,Tue,2.6570,2.6700,2.6705,2.6430
2019/06/03,Mon,2.6250,2.6510,2.6555,2.6235
2019/06/02,Sun,,,,
2019/06/01,Sat,,,,
2019/05/31,Fri,2.6435,2.6405,2.6530,2.6355
2019/05/30,Thu,2.6710,2.6565,2.6715,2.6435
2019/05/29,Wed,2.6960,2.6640,2.6980,2.6585
2019/05/28,Tue,2.7010,2.6960,2.7180,2.6885
2019/05/27,Mon,2.7000,2.7130,2.7170,2.6960
2019/05/26,Sun,,,,
2019/05/25,Sat,,,,
2019/05/24,Fri,2.6815,2.6995,2.7085,2.6805
2019/05/23,Thu,2.6755,2.6805,2.6890,2.6545
2019/05/22,Wed,2.7150,2.6780,2.7190,2.6700
2019/05/21,Tue,2.7275,2.7150,2.7425,2.7055
2019/05/20,Mon,2.7325,2.7260,2.7505,2.7120
2019/05/19,Sun,,,,
2019/05/18,Sat,,,,
2019/05/17,Fri,2.7480,2.7385,2.7530,2.7210
2019/05/16,Thu,2.7465,2.7480,2.7775,2.7380
2019/05/15,Wed,2.7225,2.7430,2.7525,2.7155
2019/05/14,Tue,2.7200,2.7250,2.7380,2.7140
2019/05/13,Mon,2.7680,2.7190,2.7735,2.7090
2019/05/12,Sun,,,,
2019/05/11,Sat,,,,
2019/05/10,Fri,2.7675,2.7745,2.7970,2.7560
2019/05/09,Thu,2.7695,2.7715,2.7780,2.7310
2019/05/08,Wed,2.7875,2.7745,2.8100,2.7600
2019/05/07,Tue,2.8275,2.7855,2.8410,2.7755
2019/05/06,Mon,2.7990,2.8295,2.8485,2.7415
2019/05/05,Sun,,,,
2019/05/04,Sat,,,,
2019/05/03,Fri,2.7820,2.8190,2.8330,2.7750
2019/05/02,Thu,2.7930,2.7795,2.8065,2.7715
2019/05/01,Wed,2.9075,2.8015,2.9135,2.7865
2019/04/30,Tue,2.8920,2.9040,2.9235,2.8800
2019/04/29,Mon,2.8935,2.8970,2.9070,2.8730
2019/04/28,Sun,,,,
2019/04/27,Sat,,,,
2019/04/26,Fri,2.8640,2.8915,2.8945,2.8625
2019/04/25,Thu,2.9120,2.8650,2.9200,2.8600
2019/04/24,Wed,2.9005,2.9135,2.9175,2.8980
2019/04/23,Tue,2.9085,2.8980,2.9150,2.8825
2019/04/22,Mon,2.9305,2.9050,2.9320,2.8980
2019/04/21,Sun,,,,
2019/04/20,Sat,,,,
2019/04/19,Fri,2.9180,2.9180,2.9180,2.9180
2019/04/18,Thu,2.9640,2.9230,2.9640,2.9140
2019/04/17,Wed,2.9485,2.9700,2.9960,2.9440
2019/04/16,Tue,2.9390,2.9345,2.9435,2.9310
2019/04/15,Mon,2.9500,2.9385,2.9500,2.9210
2019/04/14,Sun,,,,
2019/04/13,Sat,,,,
2019/04/12,Fri,2.8995,2.9495,2.9550,2.8995
2019/04/11,Thu,2.9245,2.8920,2.9290,2.8900
2019/04/10,Wed,2.9350,2.9305,2.9355,2.9205
2019/04/09,Tue,2.9355,2.9385,2.9610,2.9335
2019/04/08,Mon,2.9225,2.9370,2.9390,2.9140
2019/04/07,Sun,,,,
2019/04/06,Sat,,,,
2019/04/05,Fri,2.9220,2.9000,2.9245,2.8935
2019/04/04,Thu,2.9490,2.9150,2.9540,2.9100
2019/04/03,Wed,2.9110,2.9525,2.9555,2.9105
2019/04/02,Tue,2.9330,2.9105,2.9395,2.9045
2019/04/01,Mon,2.9500,2.9285,2.9900,2.9200
2019/03/31,Sun,,,,
2019/03/30,Sat,,,,
2019/03/29,Fri,2.9080,2.9395,2.9435,2.9030
2019/03/28,Thu,2.8605,2.8770,2.8910,2.8600
2019/03/27,Wed,2.8630,2.8630,2.8755,2.8435
2019/03/26,Tue,2.8565,2.8540,2.8670,2.8460
2019/03/25,Mon,2.8430,2.8565,2.8595,2.8345
2019/03/24,Sun,,,,
2019/03/23,Sat,,,,
2019/03/22,Fri,2.9105,2.8425,2.9150,2.8395
2019/03/21,Thu,2.9275,2.9060,2.9690,2.8920
2019/03/20,Wed,2.9195,2.9210,2.9420,2.9075
2019/03/19,Tue,2.9125,2.9230,2.9440,2.9080
2019/03/18,Mon,2.9095,2.9090,2.9325,2.8990
2019/03/17,Sun,,,,
2019/03/16,Sat,,,,
2019/03/15,Fri,2.8890,2.9060,2.9245,2.8840
2019/03/14,Thu,2.9325,2.8915,2.9345,2.8820
2019/03/13,Wed,2.9295,2.9355,2.9395,2.9135
2019/03/12,Tue,2.9065,2.9285,2.9570,2.9050
2019/03/11,Mon,2.8915,2.9010,2.9115,2.8840
2019/03/10,Sun,,,,
2019/03/09,Sat,,,,
2019/03/08,Fri,2.9145,2.8935,2.9185,2.8745
2019/03/07,Thu,2.9265,2.9105,2.9290,2.8945
2019/03/06,Wed,2.9345,2.9185,2.9445,2.9155
2019/03/05,Tue,2.9110,2.9335,2.9515,2.9075
2019/03/04,Mon,2.9330,2.9090,2.9550,2.8965
2019/03/03,Sun,,,,
2019/03/02,Sat,,,,
2019/03/01,Fri,2.9435,2.9320,2.9770,2.9225
2019/02/28,Thu,2.9670,2.9480,2.9680,2.9390
2019/02/27,Wed,2.9495,2.9625,2.9725,2.9345
2019/02/26,Tue,2.9500,2.9480,2.9595,2.9365
2019/02/25,Mon,2.9485,2.9470,2.9755,2.9410
2019/02/24,Sun,,,,
2019/02/23,Sat,,,,
2019/02/22,Fri,2.9015,2.9490,2.9520,2.8990
2019/02/21,Thu,2.9100,2.8975,2.9140,2.8910
2019/02/20,Wed,2.8750,2.9200,2.9235,2.8750
2019/02/19,Tue,2.8170,2.8775,2.8770,2.8095
2019/02/18,Mon,2.8160,2.8380,2.8480,2.8030
2019/02/17,Sun,,,,
2019/02/16,Sat,,,,
2019/02/15,Fri,2.7725,2.8025,2.8230,2.7620
2019/02/14,Thu,2.8010,2.7785,2.8015,2.7600
2019/02/13,Wed,2.7870,2.7760,2.7870,2.7700
2019/02/12,Tue,2.7910,2.7750,2.7950,2.7635
2019/02/11,Mon,2.8125,2.7930,2.8125,2.7825
2019/02/10,Sun,,,,
2019/02/09,Sat,,,,
2019/02/08,Fri,2.8235,2.8140,2.8360,2.8125
2019/02/07,Thu,2.8415,2.8320,2.8510,2.8300
2019/02/06,Wed,2.8265,2.8400,2.8480,2.8255
2019/02/05,Tue,2.8050,2.8205,2.8235,2.8050
2019/02/04,Mon,2.7735,2.7975,2.8030,2.7600
2019/02/03,Sun,,,,
2019/02/02,Sat,,,,
2019/02/01,Fri,2.7835,2.7775,2.7845,2.7660
2019/01/31,Thu,2.7785,2.7890,2.7985,2.7765
2019/01/30,Wed,2.7435,2.7720,2.7865,2.7435
2019/01/29,Tue,2.6805,2.7250,2.7255,2.6785
2019/01/28,Mon,2.7330,2.6800,2.7335,2.6760
2019/01/27,Sun,,,,
2019/01/26,Sat,,,,
2019/01/25,Fri,2.6450,2.7290,2.7370,2.6445
2019/01/24,Thu,2.6535,2.6445,2.6640,2.6345
2019/01/23,Wed,2.6630,2.6545,2.6765,2.6480
2019/01/22,Tue,2.7150,2.6595,2.7155,2.6505
2019/01/21,Mon,2.7090,2.6820,2.7100,2.6750
2019/01/20,Sun,,,,
2019/01/19,Sat,,,,
2019/01/18,Fri,2.6970,2.7190,2.7270,2.6865
2019/01/17,Thu,2.6715,2.6800,2.7120,2.6585
2019/01/16,Wed,2.6410,2.6735,2.6800,2.6360
2019/01/15,Tue,2.6300,2.6345,2.6640,2.6300
2019/01/14,Mon,2.6535,2.6350,2.6610,2.6165
2019/01/13,Sun,,,,
2019/01/12,Sat,,,,
2019/01/11,Fri,2.6350,2.6620,2.6670,2.6335
2019/01/10,Thu,2.6600,2.6375,2.6705,2.6290
2019/01/09,Wed,2.6515,2.6570,2.6865,2.6485
2019/01/08,Tue,2.6380,2.6560,2.6580,2.6235
2019/01/07,Mon,2.6500,2.6370,2.6595,2.6315
2019/01/06,Sun,,,,
2019/01/05,Sat,,,,
2019/01/04,Fri,2.5760,2.6475,2.6550,2.5670
2019/01/03,Thu,2.6015,2.5680,2.6205,2.5430
2019/01/02,Wed,2.6420,2.6230,2.6750,2.5945
2019/01/01,Tue,2.6430,2.6520,2.6540,2.6380
2018/12/31,Mon,2.6780,2.6310,2.7035,2.6245
2018/12/30,Sun,,,,
2018/12/29,Sat,,,,
2018/12/28,Fri,2.6815,2.6815,2.7255,2.6710
2018/12/27,Thu,2.7040,2.6710,2.7060,2.6695
2018/12/26,Wed,2.6540,2.7045,2.7095,2.6535
2018/12/25,Tue,2.6640,2.6610,2.6710,2.6490
2018/12/24,Mon,2.6600,2.6660,2.6700,2.6600
2018/12/23,Sun,,,,
2018/12/22,Sat,,,,
2018/12/21,Fri,2.7000,2.6765,2.7105,2.6750
2018/12/20,Thu,2.6825,2.7005,2.7045,2.6570
2018/12/19,Wed,2.6635,2.7195,2.7205,2.6635
2018/12/18,Tue,2.7425,2.6650,2.7500,2.6560
2018/12/17,Mon,2.7480,2.7545,2.7520,2.7195
2018/12/16,Sun,,,,
2018/12/15,Sat,,,,
2018/12/14,Fri,2.7595,2.7615,2.7620,2.7335
2018/12/13,Thu,2.7885,2.7665,2.8000,2.7670
2018/12/12,Wed,2.7675,2.7715,2.7720,2.7650
2018/12/11,Tue,2.7400,2.7680,2.7790,2.7400
2018/12/10,Mon,2.7315,2.7200,2.7515,2.7170
2018/12/09,Sun,,,,
2018/12/08,Sat,,,,
2018/12/07,Fri,2.7545,2.7595,2.7735,2.7460
2018/12/06,Thu,2.7645,2.7440,2.7645,2.7150
2018/12/05,Wed,2.7555,2.7750,2.7730,2.7555
2018/12/04,Tue,2.8050,2.7570,2.8140,2.7515
2018/12/03,Mon,2.8300,2.8085,2.8505,2.7900
2018/12/02,Sun,,,,
2018/12/01,Sat,,,,
2018/11/30,Fri,2.7840,2.7865,2.7930,2.7745
2018/11/29,Thu,2.7910,2.7880,2.7930,2.7860
2018/11/28,Wed,2.7250,2.8050,2.8080,2.7250
2018/11/27,Tue,2.7575,2.7160,2.7580,2.7190
2018/11/26,Mon,2.7745,2.7635,2.7870,2.7500
2018/11/25,Sun,,,,
2018/11/24,Sat,,,,
2018/11/23,Fri,2.7875,2.7740,2.8045,2.7590
2018/11/22,Thu,2.7830,2.7980,2.8010,2.7720
2018/11/21,Wed,2.7655,2.8005,2.8015,2.7650
2018/11/20,Tue,2.7985,2.7715,2.8415,2.7570
2018/11/19,Mon,2.7800,2.8035,2.8075,2.7700
2018/11/18,Sun,,,,
2018/11/17,Sat,,,,
2018/11/16,Fri,2.7595,2.8035,2.8060,2.7555
2018/11/15,Thu,2.7400,2.7540,2.7720,2.7400
2018/11/14,Wed,2.6750,2.7180,2.7195,2.6750
2018/11/13,Tue,2.6780,2.6950,2.7530,2.6710
2018/11/12,Mon,2.6925,2.6845,2.7050,2.6800
2018/11/11,Sun,,,,
2018/11/10,Sat,,,,
2018/11/09,Fri,2.7280,2.6910,2.7320,2.6890
2018/11/08,Thu,2.7325,2.7425,2.7440,2.7205
2018/11/07,Wed,2.7420,2.7610,2.7740,2.7420
2018/11/06,Tue,2.7645,2.7395,2.7680,2.7370
2018/11/05,Mon,2.8020,2.7640,2.8020,2.7550
2018/11/04,Sun,,,,
2018/11/03,Sat,,,,
2018/11/02,Fri,2.7235,2.8130,2.8205,2.7185
2018/11/01,Thu,2.6720,2.7285,2.7310,2.6660
2018/10/31,Wed,2.6735,2.6670,2.6830,2.6600
2018/10/30,Tue,2.7235,2.6725,2.7360,2.6720
2018/10/29,Mon,2.7470,2.7405,2.7800,2.6900
2018/10/28,Sun,,,,
2018/10/27,Sat,,,,
2018/10/26,Fri,2.7525,2.7410,2.7540,2.7075
2018/10/25,Thu,2.7470,2.7545,2.7735,2.7155
2018/10/24,Wed,2.7610,2.7575,2.8040,2.7430
2018/10/23,Tue,2.7780,2.7580,2.7850,2.7390
2018/10/22,Mon,2.7770,2.7855,2.8335,2.7725
2018/10/21,Sun,,,,
2018/10/20,Sat,,,,
2018/10/19,Fri,2.7325,2.7780,2.7880,2.7280
2018/10/18,Thu,2.7750,2.7465,2.7820,2.7260
2018/10/17,Wed,2.7815,2.7780,2.8045,2.7540
2018/10/16,Tue,2.7795,2.7795,2.7930,2.7580
2018/10/15,Mon,2.8085,2.7885,2.8390,2.7720
2018/10/14,Sun,,,,
2018/10/13,Sat,,,,
2018/10/12,Fri,2.7755,2.8005,2.8325,2.7745
2018/10/11,Thu,2.7490,2.8030,2.8160,2.7130
2018/10/10,Wed,2.8140,2.7805,2.8200,2.7410
2018/10/09,Tue,2.7685,2.8065,2.8185,2.7505
2018/10/08,Mon,2.7685,2.7670,2.7810,2.7350
2018/10/07,Sun,,,,
2018/10/06,Sat,,,,
2018/10/05,Fri,2.7895,2.7630,2.7945,2.7455
2018/10/04,Thu,2.8230,2.7775,2.8665,2.7715
2018/10/03,Wed,2.8000,2.8340,2.8395,2.7965
2018/10/02,Tue,2.7845,2.8065,2.8525,2.7600
2018/10/01,Mon,2.8010,2.7875,2.8225,2.7555
2018/09/30,Sun,,,,
2018/09/29,Sat,,,,
2018/09/28,Fri,2.7740,2.8050,2.8130,2.7630
2018/09/27,Thu,2.8160,2.7830,2.8280,2.7635
2018/09/26,Wed,2.8140,2.8185,2.8300,2.8080
2018/09/25,Tue,2.8200,2.8145,2.8320,2.7940
2018/09/24,Mon,2.8340,2.8270,2.8565,2.8160
2018/09/23,Sun,,,,
2018/09/22,Sat,,,,
2018/09/21,Fri,2.7550,2.8480,2.8510,2.7445
2018/09/20,Thu,2.7210,2.7315,2.7645,2.7070
2018/09/19,Wed,2.7275,2.7215,2.7415,2.7150
2018/09/18,Tue,2.5925,2.7230,2.7280,2.5905
2018/09/17,Mon,2.5990,2.6435,2.6460,2.5990
2018/09/16,Sun,,,,
2018/09/15,Sat,,,,
2018/09/14,Fri,2.6845,2.6380,2.6845,2.6210
2018/09/13,Thu,2.6955,2.6760,2.6985,2.6675
2018/09/12,Wed,2.6035,2.6690,2.6780,2.6035
2018/09/11,Tue,2.6170,2.6150,2.6540,2.5795
2018/09/10,Mon,2.6265,2.6215,2.6280,2.6185
2018/09/09,Sun,,,,
2018/09/08,Sat,,,,
2018/09/07,Fri,2.6255,2.6160,2.6415,2.6090
2018/09/06,Thu,2.6155,2.6300,2.6560,2.6065
2018/09/05,Wed,2.5970,2.6040,2.6145,2.5895
2018/09/04,Tue,2.6505,2.5965,2.6600,2.5755
2018/09/03,Mon,,,,
2018/09/02,Sun,,,,
2018/09/01,Sat,,,,
2018/08/31,Fri,2.6875,2.6645,2.7030,2.6565
2018/08/30,Thu,2.7230,2.7095,2.7235,2.6805
2018/08/29,Wed,2.7345,2.7195,2.7405,2.7050
2018/08/28,Tue,2.7180,2.7450,2.7520,2.6990
2018/08/27,Mon,2.7050,2.7170,2.7270,2.7020
2018/08/26,Sun,,,,
2018/08/25,Sat,,,,
2018/08/24,Fri,2.6495,2.7085,2.7205,2.6495
2018/08/23,Thu,2.6725,2.6620,2.6740,2.6250
2018/08/22,Wed,2.6915,2.6800,2.6945,2.6600
2018/08/21,Tue,2.6740,2.7005,2.7080,2.6740
2018/08/20,Mon,2.6630,2.6745,2.6860,2.6520
2018/08/19,Sun,,,,
2018/08/18,Sat,,,,
2018/08/17,Fri,2.6245,2.6350,2.6745,2.6085
2018/08/16,Thu,2.5925,2.6230,2.6425,2.5750
2018/08/15,Wed,2.6900,2.5680,2.6900,2.5660
2018/08/14,Tue,2.7430,2.6900,2.7430,2.6870
2018/08/13,Mon,2.7515,2.7380,2.7625,2.7215
2018/08/12,Sun,,,,
2018/08/11,Sat,,,,
2018/08/10,Fri,2.7740,2.7500,2.7740,2.7425
2018/08/09,Thu,2.7760,2.7725,2.8210,2.7690
2018/08/08,Wed,2.7610,2.7575,2.7755,2.7460
2018/08/07,Tue,2.7330,2.7590,2.7710,2.7330
2018/08/06,Mon,2.7580,2.7385,2.7615,2.7185
2018/08/05,Sun,,,,
2018/08/04,Sat,,,,
2018/08/03,Fri,2.7375,2.7715,2.7880,2.7235
2018/08/02,Thu,2.7590,2.7455,2.7640,2.7285
2018/08/01,Wed,2.8325,2.7570,2.8325,2.7445
2018/07/31,Tue,2.7960,2.8405,2.8440,2.7785
2018/07/30,Mon,2.8175,2.8010,2.8175,2.7810
2018/07/29,Sun,,,,
2018/07/28,Sat,,,,
2018/07/27,Fri,2.8075,2.8020,2.8350,2.7810
2018/07/26,Thu,2.8615,2.8180,2.8645,2.8015
2018/07/25,Wed,2.8040,2.8175,2.8670,2.7935
2018/07/24,Tue,2.7420,2.8105,2.8350,2.7335
2018/07/23,Mon,2.7515,2.7465,2.7765,2.7340
2018/07/22,Sun,,,,
2018/07/21,Sat,,,,
2018/07/20,Fri,2.7175,2.7560,2.7610,2.6825
2018/07/19,Thu,2.7655,2.6955,2.7785,2.6735
2018/07/18,Wed,2.7445,2.7600,2.7710,2.7155
2018/07/17,Tue,2.7655,2.7470,2.7995,2.7415
2018/07/16,Mon,2.7760,2.7645,2.7980,2.7445
2018/07/15,Sun,,,,
2018/07/14,Sat,,,,
2018/07/13,Fri,2.7760,2.7755,2.7885,2.7495
2018/07/12,Thu,2.7505,2.7770,2.7920,2.7310
2018/07/11,Wed,2.8300,2.7435,2.8305,2.7170
2018/07/10,Tue,2.8700,2.8395,2.8805,2.8135
2018/07/09,Mon,2.8235,2.8500,2.8770,2.8150
2018/07/08,Sun,,,,
2018/07/07,Sat,,,,
2018/07/06,Fri,2.8305,2.8240,2.8390,2.7825
2018/07/05,Thu,2.9350,2.8260,2.9405,2.8205
2018/07/04,Wed,,,,
2018/07/03,Tue,2.9450,2.9170,2.9665,2.9080
2018/07/02,Mon,2.9695,2.9440,2.9730,2.9210
2018/07/01,Sun,,,,
2018/06/30,Sat,,,,
2018/06/29,Fri,2.9700,2.9660,2.9970,2.9580
2018/06/28,Thu,2.9980,2.9715,3.0040,2.9515
2018/06/27,Wed,3.0100,2.9975,3.0160,2.9750
2018/06/26,Tue,2.9960,3.0050,3.0110,2.9870
2018/06/25,Mon,3.0490,2.9985,3.0530,2.9800
2018/06/24,Sun,,,,
2018/06/23,Sat,,,,
2018/06/22,Fri,3.0400,3.0380,3.0560,3.0270
2018/06/21,Thu,3.0545,3.0325,3.0645,3.0300
2018/06/20,Wed,3.0530,3.0510,3.0755,3.0345
2018/06/19,Tue,3.1375,3.0580,3.1410,3.0490
2018/06/18,Mon,3.1455,3.1175,3.1550,3.1100
2018/06/17,Sun,,,,
2018/06/16,Sat,,,,
2018/06/15,Fri,3.2125,3.1555,3.2225,3.1440
2018/06/14,Thu,3.2620,3.2320,3.2620,3.1990
2018/06/13,Wed,3.2545,3.2635,3.2755,3.2355
2018/06/12,Tue,3.2500,3.2595,3.2760,3.2460
2018/06/11,Mon,3.3075,3.2665,3.3075,3.2560
2018/06/10,Sun,,,,
2018/06/09,Sat,,,,
2018/06/08,Fri,3.2815,3.3100,3.3125,3.2660
2018/06/07,Thu,3.2800,3.2845,3.3230,3.2715
2018/06/06,Wed,3.2090,3.2720,3.2835,3.2090
2018/06/05,Tue,3.1385,3.2080,3.2540,3.1385
2018/06/04,Mon,3.1035,3.1440,3.1500,3.1020
2018/06/03,Sun,,,,
2018/06/02,Sat,,,,
2018/06/01,Fri,3.0775,3.1085,3.1080,3.0725
2018/05/31,Thu,3.0955,3.0750,3.0955,3.0575
2018/05/30,Wed,3.0500,3.0795,3.0820,3.0265
2018/05/29,Tue,3.0810,3.0625,3.1135,3.0300
2018/05/28,Mon,,,,
2018/05/27,Sun,,,,
2018/05/26,Sat,,,,
2018/05/25,Fri,3.1020,3.0775,3.1170,3.0690
2018/05/24,Thu,3.0690,3.0960,3.1025,3.0660
2018/05/23,Wed,3.1220,3.0705,3.1320,3.0485
2018/05/22,Tue,3.1005,3.1320,3.1485,3.0880
2018/05/21,Mon,3.0650,3.0985,3.1115,3.0650
2018/05/20,Sun,,,,
2018/05/19,Sat,,,,
2018/05/18,Fri,3.0835,3.0635,3.0910,3.0555
2018/05/17,Thu,3.0780,3.0890,3.1010,3.0690
2018/05/16,Wed,3.0605,3.0705,3.0800,3.0440
2018/05/15,Tue,3.0880,3.0560,3.1030,3.0345
2018/05/14,Mon,3.1110,3.0930,3.1310,3.0765
2018/05/13,Sun,,,,
2018/05/12,Sat,,,,
2018/05/11,Fri,3.1095,3.1115,3.1265,3.1015
2018/05/10,Thu,3.0610,3.1100,3.1180,3.0520
2018/05/09,Wed,3.0685,3.0575,3.0695,3.0400
2018/05/08,Tue,3.0735,3.0590,3.0910,3.0140
2018/05/07,Mon,3.0850,3.0790,3.1045,3.0625
2018/05/06,Sun,,,,
2018/05/05,Sat,,,,
2018/05/04,Fri,3.0915,3.0855,3.1050,3.0530
2018/05/03,Thu,3.0635,3.0805,3.1215,3.0565
2018/05/02,Wed,3.0510,3.0685,3.0880,3.0475
2018/05/01,Tue,3.0705,3.0375,3.0850,3.0195
2018/04/30,Mon,3.0720,3.0740,3.0890,3.0575
2018/04/29,Sun,,,,
2018/04/28,Sat,,,,
2018/04/27,Fri,3.1400,3.0695,3.1460,3.0520
2018/04/26,Thu,3.1440,3.1265,3.1505,3.1000
2018/04/25,Wed,3.1445,3.1460,3.1640,3.1320
2018/04/24,Tue,3.1155,3.1525,3.1760,3.1115
2018/04/23,Mon,3.1395,3.1205,3.1690,3.0900
2018/04/22,Sun,,,,
2018/04/21,Sat,,,,
2018/04/20,Fri,3.1385,3.1450,3.1560,3.1205
2018/04/19,Thu,3.1700,3.1425,3.2000,3.1280
2018/04/18,Wed,3.0970,3.1700,3.1850,3.0915
2018/04/17,Tue,3.1080,3.0915,3.1095,3.0690
2018/04/16,Mon,3.0740,3.1065,3.1260,3.0740
2018/04/15,Sun,,,,
2018/04/14,Sat,,,,
2018/04/13,Fri,3.0820,3.0820,3.1000,3.0730
2018/04/12,Thu,3.1225,3.0740,3.1245,3.0570
2018/04/11,Wed,3.1435,3.1265,3.1565,3.1160
2018/04/10,Tue,3.1100,3.1460,3.1500,3.1050
2018/04/09,Mon,3.0565,3.0865,3.0940,3.0565
2018/04/08,Sun,,,,
2018/04/07,Sat,,,,
2018/04/06,Fri,3.0440,3.0690,3.0685,3.0435
2018/04/05,Thu,3.0345,3.0850,3.0890,3.0330
2018/04/04,Wed,3.0750,3.0210,3.0750,2.9835
2018/04/03,Tue,3.0510,3.0745,3.0760,3.0510
2018/04/02,Mon,3.0510,3.0610,3.0825,3.0510
2018/04/01,Sun,,,,
2018/03/31,Sat,,,,
2018/03/30,Fri,,,,
2018/03/29,Thu,3.0395,3.0370,3.0550,3.0300
2018/03/28,Wed,2.9985,3.0135,3.0135,2.9835
2018/03/27,Tue,2.9840,3.0005,3.0240,2.9775
2018/03/26,Mon,2.9795,2.9700,3.0020,2.9375
2018/03/25,Sun,,,,
2018/03/24,Sat,,,,
2018/03/23,Fri,3.0230,2.9930,3.0305,2.9705
2018/03/22,Thu,3.0785,3.0200,3.0890,3.0030
2018/03/21,Wed,3.0385,3.0585,3.0930,3.0150
2018/03/20,Tue,3.0760,3.0380,3.0940,3.0290
2018/03/19,Mon,3.1150,3.0820,3.1155,3.0580
2018/03/18,Sun,,,,
2018/03/17,Sat,,,,
2018/03/16,Fri,3.1265,3.1075,3.1495,3.0900
2018/03/15,Thu,3.1495,3.1275,3.1660,3.1075
2018/03/14,Wed,3.1340,3.1585,3.1920,3.1265
2018/03/13,Tue,3.1210,3.1380,3.1445,3.1025
2018/03/12,Mon,3.1470,3.1240,3.1555,3.1095
2018/03/11,Sun,,,,
2018/03/10,Sat,,,,
2018/03/09,Fri,3.0780,3.1360,3.1470,3.0555
2018/03/08,Thu,3.1350,3.0790,3.1395,3.0705
2018/03/07,Wed,3.1550,3.1360,3.1585,3.1175
2018/03/06,Tue,3.1285,3.1590,3.1780,3.1265
2018/03/05,Mon,3.1325,3.1280,3.1385,3.0955
2018/03/04,Sun,,,,
2018/03/03,Sat,,,,
2018/03/02,Fri,3.1235,3.1245,3.1455,3.1085
2018/03/01,Thu,3.1285,3.1230,3.1475,3.0980
2018/02/28,Wed,3.1835,3.1325,3.1860,3.1255
2018/02/27,Tue,3.2235,3.1865,3.2370,3.1630
2018/02/26,Mon,3.2165,3.2115,3.2450,3.2025
2018/02/25,Sun,,,,
2018/02/24,Sat,,,,
2018/02/23,Fri,3.2440,3.2230,3.2440,3.2055
2018/02/22,Thu,3.2070,3.2505,3.2505,3.1670
2018/02/21,Wed,3.1935,3.2260,3.2340,3.1820
2018/02/20,Tue,3.2815,3.2015,3.2815,3.1940
2018/02/19,Mon,,,,
2018/02/18,Sun,,,,
2018/02/17,Sat,,,,
2018/02/16,Fri,3.2550,3.2580,3.2750,3.2450
2018/02/15,Thu,3.2510,3.2545,3.2575,3.2300
2018/02/14,Wed,3.1600,3.2450,3.2445,3.1510
2018/02/13,Tue,3.0900,3.1715,3.1760,3.0900
2018/02/12,Mon,3.0585,3.0965,3.0990,3.0580
2018/02/11,Sun,,,,
2018/02/10,Sat,,,,
2018/02/09,Fri,3.0900,3.0435,3.0940,3.0425
2018/02/08,Thu,3.1200,3.0920,3.1200,3.0725
2018/02/07,Wed,3.1900,3.0980,3.1900,3.0985
2018/02/06,Tue,3.1950,3.2000,3.2250,3.1935
2018/02/05,Mon,3.1845,3.2315,3.2625,3.1840
2018/02/04,Sun,,,,
2018/02/03,Sat,,,,
2018/02/02,Fri,3.2220,3.1980,3.2530,3.1865
2018/02/01,Thu,3.2165,3.2200,3.2300,3.1970
2018/01/31,Wed,3.2015,3.2065,3.2390,3.2015
2018/01/30,Tue,3.2160,3.1995,3.2160,3.1825
2018/01/29,Mon,3.2000,3.1940,3.2355,3.1910
2018/01/28,Sun,,,,
2018/01/27,Sat,,,,
2018/01/26,Fri,3.2040,3.1990,3.2280,3.1850
2018/01/25,Thu,3.2300,3.2165,3.2580,3.1960
2018/01/24,Wed,3.1185,3.2285,3.2425,3.1140
2018/01/23,Tue,3.1985,3.1110,3.2125,3.1080
2018/01/22,Mon,3.1865,3.1985,3.2185,3.1795
2018/01/21,Sun,,,,
2018/01/20,Sat,,,,
2018/01/19,Fri,3.2010,3.1875,3.2340,3.1800
2018/01/18,Thu,3.1920,3.1990,3.2160,3.1840
2018/01/17,Wed,3.2190,3.1890,3.2210,3.1785
2018/01/16,Tue,3.2240,3.2195,3.2910,3.1835
2018/01/15,Mon,,,,
2018/01/14,Sun,,,,
2018/01/13,Sat,,,,
2018/01/12,Fri,3.2255,3.2185,3.2490,3.2160
2018/01/11,Thu,3.2360,3.2330,3.2565,3.2065
2018/01/10,Wed,3.2205,3.2355,3.2745,3.2175
2018/01/09,Tue,3.2305,3.2160,3.2590,3.2125
2018/01/08,Mon,3.2335,3.2240,3.2455,3.2205
2018/01/07,Sun,,,,
2018/01/06,Sat,,,,
2018/01/05,Fri,3.2585,3.2295,3.2760,3.2225
2018/01/04,Thu,3.2570,3.2630,3.2980,3.2450
2018/01/03,Wed,3.2775,3.2575,3.2800,3.2365
2018/01/02,Tue,3.2965,3.2780,3.3095,3.2675
2018/01/01,Mon,,,,
2017/12/31,Sun,,,,
2017/12/30,Sat,,,,
2017/12/29,Fri,3.3065,3.3005,3.3145,3.2600
2017/12/28,Thu,3.2820,3.3085,3.3220,3.2695
2017/12/27,Wed,3.2645,3.2740,3.2865,3.2440
2017/12/26,Tue,3.2365,3.2715,3.2740,3.2225
2017/12/25,Mon,,,,
2017/12/24,Sun,,,,
2017/12/23,Sat,,,,
2017/12/22,Fri,3.1875,3.2295,3.2335,3.1875
2017/12/21,Thu,3.1840,3.2100,3.2080,3.1750
2017/12/20,Wed,3.1615,3.1870,3.1920,3.1550
2017/12/19,Tue,3.1245,3.1430,3.1460,3.1100
2017/12/18,Mon,3.1355,3.1375,3.1365,3.1060
2017/12/17,Sun,,,,
2017/12/16,Sat,,,,
2017/12/15,Fri,3.0580,3.1250,3.1300,3.0550
2017/12/14,Thu,3.0345,3.0635,3.0725,3.0345
2017/12/13,Wed,3.0145,3.0445,3.0510,3.0135
2017/12/12,Tue,3.0045,3.0145,3.0150,2.9950
2017/12/11,Mon,2.9650,3.0035,3.0090,2.9570
2017/12/10,Sun,,,,
2017/12/09,Sat,,,,
2017/12/08,Fri,2.9725,2.9705,2.9815,2.9640
2017/12/07,Thu,2.9610,2.9560,2.9695,2.9500
2017/12/06,Wed,2.9405,2.9535,2.9800,2.9405
2017/12/05,Tue,3.0905,2.9375,3.0910,2.9345
2017/12/04,Mon,3.0960,3.0810,3.1030,3.0790
2017/12/03,Sun,,,,
2017/12/02,Sat,,,,
2017/12/01,Fri,3.0590,3.0840,3.1065,3.0590
2017/11/30,Thu,3.0815,3.0555,3.0815,3.0565
2017/11/29,Wed,3.1000,3.0600,3.1015,3.0565
2017/11/28,Tue,3.1390,3.0815,3.1390,3.0750
2017/11/27,Mon,3.1810,3.1420,3.1820,3.1300
2017/11/26,Sun,,,,
2017/11/25,Sat,,,,
2017/11/24,Fri,3.1390,3.1765,3.1825,3.1340
2017/11/23,Thu,,,,
2017/11/22,Wed,3.1340,3.1440,3.1490,3.1295
2017/11/21,Tue,3.0955,3.1355,3.1365,3.0950
2017/11/20,Mon,3.0800,3.1005,3.1010,3.0590
2017/11/19,Sun,,,,
2017/11/18,Sat,,,,
2017/11/17,Fri,3.0605,3.0755,3.0800,3.0470
2017/11/16,Thu,3.0630,3.0560,3.0735,3.0495
2017/11/15,Wed,3.0635,3.0620,3.0685,3.0440
2017/11/14,Tue,3.1265,3.0730,3.1340,3.0610
2017/11/13,Mon,3.0910,3.1240,3.1400,3.0800
2017/11/12,Sun,,,,
2017/11/11,Sat,,,,
2017/11/10,Fri,3.1005,3.0835,3.1125,3.0800
2017/11/09,Thu,3.0900,3.0935,3.1000,3.0670
2017/11/08,Wed,3.0985,3.1065,3.1130,3.0765
2017/11/07,Tue,3.1680,3.0970,3.1680,3.0920
2017/11/06,Mon,3.1235,3.1650,3.1720,3.1235
2017/11/05,Sun,,,,
2017/11/04,Sat,,,,
2017/11/03,Fri,3.1490,3.1250,3.1585,3.1130
2017/11/02,Thu,3.1630,3.1505,3.1640,3.1390
2017/11/01,Wed,3.1500,3.1495,3.1805,3.1420
2017/10/31,Tue,3.1090,3.1080,3.1265,3.1030
2017/10/30,Mon,3.1065,3.1190,3.1190,3.1060
2017/10/29,Sun,,,,
2017/10/28,Sat,,,,
2017/10/27,Fri,3.1785,3.1035,3.1795,3.0730
2017/10/26,Thu,3.1865,3.1775,3.2000,3.1580
2017/10/25,Wed,3.1985,3.1830,3.2030,3.1440
2017/10/24,Tue,3.1850,3.1980,3.2390,3.1820
2017/10/23,Mon,3.1700,3.1880,3.1895,3.1520
2017/10/22,Sun,,,,
2017/10/21,Sat,,,,
2017/10/20,Fri,3.1720,3.1655,3.2105,3.1430
2017/10/19,Thu,3.1755,3.1675,3.1865,3.1380
2017/10/18,Wed,3.2000,3.1780,3.2160,3.1710
2017/10/17,Tue,3.2425,3.1955,3.2430,3.1875
2017/10/16,Mon,3.1335,3.2390,3.2595,3.1120
2017/10/15,Sun,,,,
2017/10/14,Sat,,,,
2017/10/13,Fri,3.1220,3.1335,3.1425,3.1125
2017/10/12,Thu,3.0935,3.1200,3.1360,3.0835
2017/10/11,Wed,3.0640,3.0955,3.0995,3.0525
2017/10/10,Tue,3.0285,3.0605,3.0705,3.0275
2017/10/09,Mon,3.0185,3.0310,3.0365,3.0120
2017/10/08,Sun,,,,
2017/10/07,Sat,,,,
2017/10/06,Fri,3.0405,3.0290,3.0560,3.0180
2017/10/05,Thu,2.9565,3.0465,3.0500,2.9540
2017/10/04,Wed,2.9575,2.9590,2.9720,2.9470
2017/10/03,Tue,2.9450,2.9635,2.9720,2.9260
2017/10/02,Mon,2.9585,2.9555,2.9900,2.9375
2017/10/01,Sun,,,,
2017/09/30,Sat,,,,
2017/09/29,Fri,2.9775,2.9550,2.9925,2.9455
2017/09/28,Thu,2.9540,2.9950,2.9925,2.9540
2017/09/27,Wed,2.9235,2.9365,2.9500,2.9235
2017/09/26,Tue,2.9505,2.9260,2.9690,2.9175
2017/09/25,Mon,2.9430,2.9445,2.9440,2.9375
2017/09/24,Sun,,,,
2017/09/23,Sat,,,,
2017/09/22,Fri,2.9160,2.9515,2.9460,2.9160
2017/09/21,Thu,2.9485,2.9415,2.9545,2.9320
2017/09/20,Wed,2.9870,2.9760,2.9950,2.9710
2017/09/19,Tue,2.9720,2.9760,2.9795,2.9720
2017/09/18,Mon,2.9800,2.9760,2.9800,2.9725
2017/09/17,Sun,,,,
2017/09/16,Sat,,,,
2017/09/15,Fri,2.9610,2.9560,2.9610,2.9535
2017/09/14,Thu,2.9510,2.9645,2.9680,2.9510
2017/09/13,Wed,2.9980,2.9880,2.9980,2.9825
2017/09/12,Tue,3.0575,3.0430,3.0575,3.0300
2017/09/11,Mon,3.0705,3.0730,3.0750,3.0705
2017/09/10,Sun,,,,
2017/09/09,Sat,,,,
2017/09/08,Fri,3.1565,3.0485,3.1565,3.0460
2017/09/07,Thu,3.1415,3.1505,3.1425,3.1415
2017/09/06,Wed,3.1455,3.1585,3.1620,3.1455
2017/09/05,Tue,3.1335,3.1345,3.1350,3.1325
2017/09/04,Mon,,,,
2017/09/03,Sun,,,,
2017/09/02,Sat,,,,
2017/09/01,Fri,3.1210,3.1245,3.1210,3.1095
2017/08/31,Thu,3.1200,3.1060,3.1280,3.1020
2017/08/30,Wed,3.0955,3.0945,3.0955,3.0955
2017/08/29,Tue,3.0925,3.1045,3.1215,3.0765
2017/08/28,Mon,3.0620,3.0860,3.1095,3.0595
2017/08/27,Sun,,,,
2017/08/26,Sat,,,,
2017/08/25,Fri,3.0605,3.0565,3.0780,3.0405
2017/08/24,Thu,3.0065,3.0565,3.0715,3.0025
2017/08/23,Wed,3.0085,3.0030,3.0120,2.9850
2017/08/22,Tue,2.9995,3.0075,3.0360,2.9880
2017/08/21,Mon,2.9600,3.0015,3.0230,2.9530
2017/08/20,Sun,,,,
2017/08/19,Sat,,,,
2017/08/18,Fri,2.9340,2.9615,2.9825,2.9315
2017/08/17,Thu,2.9340,2.9610,2.9345,2.9340
2017/08/16,Wed,2.9000,2.9760,3.0010,2.8995
2017/08/15,Tue,2.9210,2.9060,2.9365,2.8985
2017/08/14,Mon,2.9340,2.9270,2.9410,2.9100
2017/08/13,Sun,,,,
2017/08/12,Sat,,,,
2017/08/11,Fri,2.9270,2.9330,2.9430,2.8935
2017/08/10,Thu,2.9375,2.9110,2.9445,2.9085
2017/08/09,Wed,2.9500,2.9345,2.9595,2.9265
2017/08/08,Tue,2.9105,2.9500,2.9505,2.9105
2017/08/07,Mon,2.8980,2.9150,2.9310,2.8825
2017/08/06,Sun,,,,
2017/08/05,Sat,,,,
2017/08/04,Fri,2.8995,2.8925,2.9045,2.8760
2017/08/03,Thu,2.8960,2.8850,2.9000,2.8740
2017/08/02,Wed,2.8835,2.8915,2.8950,2.8775
2017/08/01,Tue,2.8905,2.8890,2.8965,2.8835
2017/07/31,Mon,2.8940,2.9000,2.9150,2.8915
2017/07/30,Sun,,,,
2017/07/29,Sat,,,,
2017/07/28,Fri,2.8625,2.8825,2.8885,2.8495
2017/07/27,Thu,2.8730,2.8775,2.8975,2.8620
2017/07/26,Wed,2.8425,2.8720,2.9055,2.8320
2017/07/25,Tue,2.7445,2.8465,2.8540,2.7345
2017/07/24,Mon,2.7255,2.7365,2.7445,2.7170
2017/07/23,Sun,,,,
2017/07/22,Sat,,,,
2017/07/21,Fri,2.7175,2.7225,2.7505,2.7120
2017/07/20,Thu,2.7075,2.7160,2.7230,2.6985
2017/07/19,Wed,2.7290,2.7105,2.7355,2.7060
2017/07/18,Tue,2.7280,2.7305,2.7335,2.7120
2017/07/17,Mon,2.6915,2.7240,2.7375,2.6835
2017/07/16,Sun,,,,
2017/07/15,Sat,,,,
2017/07/14,Fri,2.6655,2.6910,2.6960,2.6630
2017/07/13,Thu,2.6850,2.6615,2.6965,2.6600
2017/07/12,Wed,2.6750,2.6840,2.6985,2.6720
2017/07/11,Tue,2.6510,2.6720,2.6770,2.6420
2017/07/10,Mon,2.6525,2.6475,2.6605,2.6310
2017/07/09,Sun,,,,
2017/07/08,Sat,,,,
2017/07/07,Fri,2.6620,2.6470,2.6695,2.6405
2017/07/06,Thu,2.6615,2.6615,2.6710,2.6515
2017/07/05,Wed,2.6875,2.6600,2.6915,2.6435
2017/07/04,Tue,,,,
2017/07/03,Mon,2.7110,2.6930,2.7165,2.6850
2017/07/02,Sun,,,,
2017/07/01,Sat,,,,
2017/06/30,Fri,2.6965,2.7110,2.7185,2.6820
2017/06/29,Thu,2.6750,2.6955,2.7155,2.6705
2017/06/28,Wed,2.6505,2.6685,2.6700,2.6430
2017/06/27,Tue,2.6325,2.6545,2.6605,2.6225
2017/06/26,Mon,2.6280,2.6325,2.6370,2.6225
2017/06/25,Sun,,,,
2017/06/24,Sat,,,,
2017/06/23,Fri,2.6020,2.6295,2.6500,2.5990
2017/06/22,Thu,2.6000,2.6040,2.6200,2.5835
2017/06/21,Wed,2.5640,2.6085,2.6115,2.5640
2017/06/20,Tue,2.5945,2.5640,2.5945,2.5600
2017/06/19,Mon,2.5735,2.5980,2.6050,2.5725
2017/06/18,Sun,,,,
2017/06/17,Sat,,,,
2017/06/16,Fri,2.5725,2.5715,2.5825,2.5645
2017/06/15,Thu,2.5825,2.5805,2.5975,2.5490
2017/06/14,Wed,2.6100,2.5875,2.6170,2.5745
2017/06/13,Tue,2.6250,2.6090,2.6370,2.5930
2017/06/12,Mon,2.6565,2.6270,2.6585,2.6210
2017/06/11,Sun,,,,
2017/06/10,Sat,,,,
2017/06/09,Fri,2.6225,2.6585,2.6610,2.6080
2017/06/08,Thu,2.5635,2.6195,2.6270,2.5555
2017/06/07,Wed,2.5590,2.5640,2.5705,2.5465
2017/06/06,Tue,2.5710,2.5595,2.5775,2.5290
2017/06/05,Mon,2.5850,2.5700,2.5850,2.5540
2017/06/04,Sun,,,,
2017/06/03,Sat,,,,
2017/06/02,Fri,2.5930,2.5865,2.5930,2.5380
2017/06/01,Thu,2.5995,2.5990,2.6070,2.5745
2017/05/31,Wed,2.5840,2.5930,2.6010,2.5680
2017/05/30,Tue,2.5790,2.5780,2.6075,2.5540
2017/05/29,Mon,,,,
2017/05/28,Sun,,,,
2017/05/27,Sat,,,,
2017/05/26,Fri,2.5975,2.5730,2.6015,2.5665
2017/05/25,Thu,2.5855,2.6035,2.6225,2.5855
2017/05/24,Wed,2.6050,2.5900,2.6050,2.5650
2017/05/23,Tue,2.5940,2.6025,2.6045,2.5940
2017/05/22,Mon,2.5980,2.6020,2.6035,2.5955
2017/05/21,Sun,,,,
2017/05/20,Sat,,,,
2017/05/19,Fri,2.5445,2.5880,2.5920,2.5420
2017/05/18,Thu,2.5360,2.5380,2.5420,2.5020
2017/05/17,Wed,2.5500,2.5530,2.5540,2.5330
2017/05/16,Tue,2.5405,2.5565,2.5570,2.5350
2017/05/15,Mon,2.5395,2.5445,2.5625,2.5395
2017/05/14,Sun,,,,
2017/05/13,Sat,,,,
2017/05/12,Fri,2.5135,2.5295,2.5315,2.5135
2017/05/11,Thu,2.5135,2.5135,2.5500,2.5105
2017/05/10,Wed,2.4970,2.5000,2.5130,2.4965
2017/05/09,Tue,2.4985,2.5040,2.5145,2.4985
2017/05/08,Mon,2.5405,2.5000,2.5405,2.4890
2017/05/07,Sun,,,,
2017/05/06,Sat,,,,
2017/05/05,Fri,2.5140,2.5355,2.5470,2.5140
2017/05/04,Thu,2.5485,2.5185,2.5485,2.5095
2017/05/03,Wed,2.5865,2.5500,2.5865,2.5280
2017/05/02,Tue,2.6550,2.6310,2.6550,2.6160
2017/05/01,Mon,2.6000,2.6560,2.6745,2.5905
2017/04/30,Sun,,,,
2017/04/29,Sat,,,,
2017/04/28,Fri,2.5920,2.6025,2.6100,2.5830
2017/04/27,Thu,2.6015,2.5930,2.6015,2.5655
2017/04/26,Wed,2.5860,2.5955,2.6020,2.5800
2017/04/25,Tue,2.5595,2.5855,2.5995,2.5555
2017/04/24,Mon,2.5540,2.5595,2.5795,2.5440
2017/04/23,Sun,,,,
2017/04/22,Sat,,,,
2017/04/21,Fri,2.5470,2.5455,2.5720,2.5355
2017/04/20,Thu,2.5260,2.5505,2.5615,2.5130
2017/04/19,Wed,2.5365,2.5425,2.5635,2.5045
2017/04/18,Tue,2.5940,2.5345,2.5960,2.5220
2017/04/17,Mon,2.5850,2.6040,2.6125,2.5740
2017/04/16,Sun,,,,
2017/04/15,Sat,,,,
2017/04/14,Fri,,,,
2017/04/13,Thu,2.5500,2.5785,2.5955,2.5500
2017/04/12,Wed,2.6145,2.5535,2.6160,2.5460
2017/04/11,Tue,2.6100,2.6155,2.6275,2.5945
2017/04/10,Mon,2.6520,2.6110,2.6520,2.6070
2017/04/09,Sun,,,,
2017/04/08,Sat,,,,
2017/04/07,Fri,2.6670,2.6545,2.6670,2.6150
2017/04/06,Thu,2.6835,2.6660,2.6930,2.6605
2017/04/05,Wed,2.6355,2.6885,2.7020,2.6355
2017/04/04,Tue,2.6130,2.6210,2.6280,2.6100
2017/04/03,Mon,2.6580,2.6120,2.6625,2.6120
2017/04/02,Sun,,,,
2017/04/01,Sat,,,,
2017/03/31,Fri,2.6845,2.6600,2.6865,2.6440
2017/03/30,Thu,2.6735,2.6785,2.7210,2.6735
2017/03/29,Wed,2.6680,2.6775,2.6870,2.6570
2017/03/28,Tue,2.6375,2.6760,2.6780,2.6150
2017/03/27,Mon,2.6350,2.6320,2.6375,2.5665
2017/03/26,Sun,,,,
2017/03/25,Sat,,,,
2017/03/24,Fri,2.6510,2.6310,2.6525,2.6170
2017/03/23,Thu,2.6390,2.6445,2.6550,2.6150
2017/03/22,Wed,2.6065,2.6305,2.6420,2.5875
2017/03/21,Tue,2.6540,2.6185,2.6605,2.6035
2017/03/20,Mon,2.6895,2.6670,2.7000,2.6520
2017/03/19,Sun,,,,
2017/03/18,Sat,,,,
2017/03/17,Fri,2.6765,2.6915,2.6965,2.6580
2017/03/16,Thu,2.6695,2.6775,2.6975,2.6665
2017/03/15,Wed,2.6435,2.6565,2.6770,2.6370
2017/03/14,Tue,2.6280,2.6350,2.6505,2.5990
2017/03/13,Mon,2.5990,2.6255,2.6395,2.5970
2017/03/12,Sun,,,,
2017/03/11,Sat,,,,
2017/03/10,Fri,2.5775,2.5950,2.6160,2.5735
2017/03/09,Thu,2.5900,2.5800,2.6000,2.5585
2017/03/08,Wed,2.6145,2.6005,2.6345,2.5880
2017/03/07,Tue,2.6540,2.6185,2.6640,2.6080
2017/03/06,Mon,2.7075,2.6520,2.7095,2.6460
2017/03/05,Sun,,,,
2017/03/04,Sat,,,,
2017/03/03,Fri,2.6870,2.6965,2.7115,2.6775
2017/03/02,Thu,2.7380,2.6905,2.7450,2.6810
2017/03/01,Wed,2.7140,2.7360,2.7685,2.7060
2017/02/28,Tue,2.6945,2.7140,2.7230,2.6780
2017/02/27,Mon,2.6860,2.6980,2.7040,2.6675
2017/02/26,Sun,,,,
2017/02/25,Sat,,,,
2017/02/24,Fri,2.6475,2.6885,2.6965,2.6475
2017/02/23,Thu,2.7435,2.6515,2.7435,2.6475
2017/02/22,Wed,2.7495,2.7400,2.7515,2.7205
2017/02/21,Tue,2.7210,2.7515,2.7670,2.7210
2017/02/20,Mon,,,,
2017/02/19,Sun,,,,
2017/02/18,Sat,,,,
2017/02/17,Fri,2.7235,2.7140,2.7420,2.6930
2017/02/16,Thu,2.7620,2.7280,2.7700,2.7110
2017/02/15,Wed,2.7560,2.7520,2.7620,2.7380
2017/02/14,Tue,2.7925,2.7460,2.8200,2.7225
2017/02/13,Mon,2.7820,2.7900,2.8205,2.7820
2017/02/12,Sun,,,,
2017/02/11,Sat,,,,
2017/02/10,Fri,2.6685,2.7750,2.7870,2.6685
2017/02/09,Thu,2.6745,2.6605,2.6765,2.6515
2017/02/08,Wed,2.6715,2.6735,2.6875,2.6715
2017/02/07,Tue,2.6550,2.6395,2.6550,2.6385
2017/02/06,Mon,2.6400,2.6580,2.6625,2.6370
2017/02/05,Sun,,,,
2017/02/04,Sat,,,,
2017/02/03,Fri,2.6910,2.6225,2.6925,2.6245
2017/02/02,Thu,2.7220,2.6925,2.7230,2.6770
2017/02/01,Wed,2.7375,2.7175,2.7400,2.7125
2017/01/31,Tue,2.7135,2.7335,2.7360,2.7135
2017/01/30,Mon,2.6800,2.6610,2.6800,2.6575
2017/01/29,Sun,,,,
2017/01/28,Sat,,,,
2017/01/27,Fri,2.6610,2.6895,2.6965,2.6545
2017/01/26,Thu,2.7145,2.6730,2.7300,2.6505
2017/01/25,Wed,2.7080,2.7100,2.7320,2.6850
2017/01/24,Tue,2.6470,2.7085,2.7155,2.6395
2017/01/23,Mon,2.6210,2.6475,2.6680,2.6130
2017/01/22,Sun,,,,
2017/01/21,Sat,,,,
2017/01/20,Fri,2.6120,2.6250,2.6450,2.5875
2017/01/19,Thu,2.6145,2.6105,2.6340,2.5815
2017/01/18,Wed,2.6180,2.6165,2.6305,2.6070
2017/01/17,Tue,2.7010,2.6250,2.7125,2.6045
2017/01/16,Mon,,,,
2017/01/15,Sun,,,,
2017/01/14,Sat,,,,
2017/01/13,Fri,2.6670,2.6900,2.7160,2.6420
2017/01/12,Thu,2.6020,2.6715,2.6755,2.6000
2017/01/11,Wed,2.6095,2.6105,2.6310,2.5970
2017/01/10,Tue,2.5320,2.6125,2.6300,2.5300
2017/01/09,Mon,2.5440,2.5385,2.5505,2.5195
2017/01/08,Sun,,,,
2017/01/07,Sat,,,,
2017/01/06,Fri,2.5350,2.5460,2.5480,2.5125
2017/01/05,Thu,2.5570,2.5375,2.5885,2.5305
2017/01/04,Wed,2.4880,2.5565,2.5630,2.4725
2017/01/03,Tue,2.5070,2.4890,2.5485,2.4860
2017/01/02,Mon,,,,
2017/01/01,Sun,,,,
2016/12/31,Sat,,,,
2016/12/30,Fri,2.4880,2.5055,2.5190,2.4875
2016/12/29,Thu,2.5060,2.4880,2.5260,2.4840
2016/12/28,Wed,2.5210,2.4970,2.5225,2.4930
2016/12/27,Tue,2.4705,2.5125,2.5215,2.4530
2016/12/26,Mon,,,,
2016/12/25,Sun,,,,
2016/12/24,Sat,,,,
2016/12/23,Fri,2.5060,2.4760,2.5075,2.4760
2016/12/22,Thu,2.4700,2.4970,2.4995,2.4600
2016/12/21,Wed,2.5135,2.4940,2.5135,2.4940
2016/12/20,Tue,2.4825,2.4995,2.5035,2.4825
2016/12/19,Mon,2.5455,2.4965,2.5460,2.4795
2016/12/18,Sun,,,,
2016/12/17,Sat,,,,
2016/12/16,Fri,2.5730,2.5610,2.5760,2.5440
2016/12/15,Thu,2.6105,2.5970,2.6105,2.5845
2016/12/14,Wed,2.5900,2.6015,2.6105,2.5750
2016/12/13,Tue,2.5915,2.5950,2.6230,2.5680
2016/12/12,Mon,2.6590,2.6160,2.6640,2.6040
2016/12/11,Sun,,,,
2016/12/10,Sat,,,,
2016/12/09,Fri,2.6500,2.6450,2.6580,2.6435
2016/12/08,Thu,2.6370,2.6235,2.6620,2.6190
2016/12/07,Wed,2.6605,2.6415,2.6940,2.6275
2016/12/06,Tue,2.6890,2.6770,2.6890,2.6570
2016/12/05,Mon,2.6050,2.6945,2.7055,2.6050
2016/12/04,Sun,,,,
2016/12/03,Sat,,,,
2016/12/02,Fri,2.6265,2.6220,2.6265,2.5950
2016/12/01,Thu,2.6270,2.6390,2.6410,2.6150
2016/11/30,Wed,2.5635,2.6295,2.6500,2.5635
2016/11/29,Tue,2.6175,2.6065,2.6380,2.5900
2016/11/28,Mon,2.6700,2.6610,2.7445,2.6440
2016/11/27,Sun,,,,
2016/11/26,Sat,,,,
2016/11/25,Fri,2.6160,2.6730,2.7010,2.6160
2016/11/24,Thu,,,,
2016/11/23,Wed,2.5490,2.6095,2.6220,2.5285
2016/11/22,Tue,2.5230,2.5480,2.5770,2.5230
2016/11/21,Mon,2.4760,2.5195,2.5365,2.4705
2016/11/20,Sun,,,,
2016/11/19,Sat,,,,
2016/11/18,Fri,2.4765,2.4700,2.5005,2.4530
2016/11/17,Thu,2.4550,2.4935,2.5060,2.4410
2016/11/16,Wed,2.5080,2.4705,2.5095,2.4480
2016/11/15,Tue,2.5285,2.5075,2.5685,2.4325
2016/11/14,Mon,2.5325,2.5235,2.5935,2.5010
2016/11/13,Sun,,,,
2016/11/12,Sat,,,,
2016/11/11,Fri,2.5395,2.5125,2.7325,2.5070
2016/11/10,Thu,2.4565,2.5540,2.5810,2.4560
2016/11/09,Wed,2.3820,2.4615,2.4620,2.3305
2016/11/08,Tue,2.3070,2.3830,2.3850,2.2960
2016/11/07,Mon,2.2630,2.3135,2.3205,2.2630
2016/11/06,Sun,,,,
2016/11/05,Sat,,,,
2016/11/04,Fri,2.2400,2.2685,2.2690,2.2400
2016/11/03,Thu,2.2260,2.2520,2.2510,2.2230
2016/11/02,Wed,2.2200,2.2335,2.2315,2.2100
2016/11/01,Tue,2.2115,2.2315,2.2330,2.2115
2016/10/31,Mon,2.2035,2.2080,2.2145,2.1900
2016/10/30,Sun,,,,
2016/10/29,Sat,,,,
2016/10/28,Fri,2.1890,2.1970,2.2005,2.1890
2016/10/27,Thu,2.1425,2.1635,2.1670,2.1305
2016/10/26,Wed,2.1390,2.1455,2.1490,2.1265
2016/10/25,Tue,2.0965,2.1385,2.1465,2.0935
2016/10/24,Mon,2.0890,2.0930,2.1035,2.0855
2016/10/23,Sun,,,,
2016/10/22,Sat,,,,
2016/10/21,Fri,2.0960,2.0885,2.1010,2.0860
2016/10/20,Thu,2.1015,2.0960,2.1115,2.0845
2016/10/19,Wed,2.1000,2.1035,2.1110,2.0875
2016/10/18,Tue,2.1035,2.1055,2.1230,2.0915
2016/10/17,Mon,2.1090,2.1070,2.1200,2.1000
2016/10/16,Sun,,,,
2016/10/15,Sat,,,,
2016/10/14,Fri,2.1260,2.1105,2.1320,2.1045
2016/10/13,Thu,2.1760,2.1220,2.1800,2.1165
2016/10/12,Wed,2.1880,2.1765,2.1940,2.1750
2016/10/11,Tue,2.1945,2.1855,2.1995,2.1700
2016/10/10,Mon,2.1695,2.1975,2.2025,2.1645
2016/10/09,Sun,,,,
2016/10/08,Sat,,,,
2016/10/07,Fri,2.1545,2.1635,2.1830,2.1475
2016/10/06,Thu,2.1685,2.1555,2.1715,2.1455
2016/10/05,Wed,2.1720,2.1645,2.1815,2.1585
2016/10/04,Tue,2.1920,2.1670,2.1960,2.1630
2016/10/03,Mon,2.2145,2.1920,2.2160,2.1670
2016/10/02,Sun,,,,
2016/10/01,Sat,,,,
2016/09/30,Fri,2.1910,2.2105,2.2190,2.1805
2016/09/29,Thu,2.2040,2.1900,2.2055,2.1815
2016/09/28,Wed,2.1665,2.1845,2.2000,2.1665
2016/09/27,Tue,2.1930,2.1675,2.1930,2.1675
2016/09/26,Mon,2.1890,2.1955,2.1960,2.1795
2016/09/25,Sun,,,,
2016/09/24,Sat,,,,
2016/09/23,Fri,2.1920,2.1975,2.2035,2.1850
2016/09/22,Thu,2.1595,2.1925,2.1980,2.1595
2016/09/21,Wed,2.1530,2.1510,2.1605,2.1495
2016/09/20,Tue,2.1605,2.1615,2.1625,2.1540
2016/09/19,Mon,2.1540,2.1545,2.1545,2.1515
2016/09/18,Sun,,,,
2016/09/17,Sat,,,,
2016/09/16,Fri,2.1485,2.1570,2.1605,2.1480
2016/09/15,Thu,2.1585,2.1570,2.1600,2.1460
2016/09/14,Wed,2.1090,2.1535,2.1535,2.1090
2016/09/13,Tue,2.0985,2.1000,2.1125,2.0950
2016/09/12,Mon,2.0830,2.0995,2.1050,2.0775
2016/09/11,Sun,,,,
2016/09/10,Sat,,,,
2016/09/09,Fri,2.0935,2.0920,2.0935,2.0885
2016/09/08,Thu,2.0975,2.0995,2.0995,2.0860
2016/09/07,Wed,2.1090,2.0970,2.1095,2.0930
2016/09/06,Tue,2.0840,2.0880,2.0945,2.0720
2016/09/05,Mon,,,,
2016/09/04,Sun,,,,
2016/09/03,Sat,,,,
2016/09/02,Fri,2.0860,2.0760,2.0860,2.0755
2016/09/01,Thu,2.0840,2.0735,2.0850,2.0730
2016/08/31,Wed,2.0820,2.0750,2.0825,2.0755
2016/08/30,Tue,2.0845,2.0745,2.0845,2.0720
2016/08/29,Mon,2.0755,2.0765,2.0855,2.0755
2016/08/28,Sun,,,,
2016/08/27,Sat,,,,
2016/08/26,Fri,2.0935,2.0815,2.1010,2.0750
2016/08/25,Thu,2.0885,2.0790,2.0955,2.0790
2016/08/24,Wed,2.1210,2.0800,2.1270,2.0795
2016/08/23,Tue,2.1475,2.1200,2.1525,2.1155
2016/08/22,Mon,2.1725,2.1455,2.1725,2.1370
2016/08/21,Sun,,,,
2016/08/20,Sat,,,,
2016/08/19,Fri,2.1760,2.1715,2.1780,2.1670
2016/08/18,Thu,2.1680,2.1725,2.1930,2.1680
2016/08/17,Wed,2.1745,2.1570,2.1745,2.1530
2016/08/16,Tue,2.1630,2.1760,2.1715,2.1630
2016/08/15,Mon,2.1465,2.1560,2.1580,2.1445
2016/08/14,Sun,,,,
2016/08/13,Sat,,,,
2016/08/12,Fri,2.1910,2.1440,2.1910,2.1415
2016/08/11,Thu,2.1870,2.1940,2.1960,2.1815
2016/08/10,Wed,2.1545,2.1750,2.2005,2.1545
2016/08/09,Tue,2.1620,2.1545,2.1620,2.1500
2016/08/08,Mon,2.1770,2.1700,2.1850,2.1700
2016/08/07,Sun,,,,
2016/08/06,Sat,,,,
2016/08/05,Fri,2.1830,2.1600,2.1855,2.1590
2016/08/04,Thu,2.1850,2.1800,2.1850,2.1625
2016/08/03,Wed,2.1855,2.2035,2.2035,2.1850
2016/08/02,Tue,2.1985,2.2140,2.2390,2.1980
2016/08/01,Mon,2.2290,2.2045,2.2455,2.1925
2016/07/31,Sun,,,,
2016/07/30,Sat,,,,
2016/07/29,Fri,2.2050,2.2250,2.2290,2.1960
2016/07/28,Thu,2.2055,2.2125,2.2170,2.2055
2016/07/27,Wed,2.2240,2.1850,2.2345,2.1815
2016/07/26,Tue,2.2260,2.2255,2.2315,2.1990
2016/07/25,Mon,2.2355,2.2170,2.2460,2.2070
2016/07/24,Sun,,,,
2016/07/23,Sat,,,,
2016/07/22,Fri,2.2685,2.2355,2.2705,2.2255
2016/07/21,Thu,2.2450,2.2585,2.2730,2.2450
2016/07/20,Wed,2.2590,2.2540,2.2685,2.2210
2016/07/19,Tue,2.2410,2.2630,2.2665,2.2235
2016/07/18,Mon,2.2200,2.2370,2.2465,2.2030
2016/07/17,Sun,,,,
2016/07/16,Sat,,,,
2016/07/15,Fri,2.2380,2.2335,2.2715,2.2305
2016/07/14,Thu,2.2390,2.2430,2.2570,2.2270
2016/07/13,Wed,2.2145,2.2400,2.2775,2.2065
2016/07/12,Tue,2.1470,2.2130,2.2250,2.1445
2016/07/11,Mon,2.1250,2.1475,2.1675,2.1215
2016/07/10,Sun,,,,
2016/07/09,Sat,,,,
2016/07/08,Fri,2.1210,2.1190,2.1420,2.1165
2016/07/07,Thu,2.1545,2.1235,2.1625,2.1170
2016/07/06,Wed,2.1840,2.1535,2.1900,2.1330
2016/07/05,Tue,2.2300,2.1835,2.2480,2.1620
2016/07/04,Mon,,,,
2016/07/03,Sun,,,,
2016/07/02,Sat,,,,
2016/07/01,Fri,2.2015,2.2170,2.2375,2.1635
2016/06/30,Thu,2.1940,2.1955,2.2060,2.1735
2016/06/29,Wed,2.1835,2.1860,2.1970,2.1615
2016/06/28,Tue,2.1275,2.1730,2.1820,2.1200
2016/06/27,Mon,2.1135,2.1235,2.1415,2.1060
2016/06/26,Sun,,,,
2016/06/25,Sat,,,,
2016/06/24,Fri,2.1585,2.1130,2.1585,2.0765
2016/06/23,Thu,2.1295,2.1635,2.1700,2.1295
2016/06/22,Wed,2.1240,2.1350,2.1425,2.1105
2016/06/21,Tue,2.0850,2.1165,2.1260,2.0750
2016/06/20,Mon,2.0540,2.0945,2.1000,2.0540
2016/06/19,Sun,,,,
2016/06/18,Sat,,,,
2016/06/17,Fri,2.0585,2.0535,2.0695,2.0515
2016/06/16,Thu,2.0900,2.0505,2.0930,2.0385
2016/06/15,Wed,2.0585,2.0920,2.1175,2.0570
2016/06/14,Tue,2.0605,2.0420,2.0605,2.0340
2016/06/13,Mon,2.0375,2.0550,2.0665,2.0340
2016/06/12,Sun,,,,
2016/06/11,Sat,,,,
2016/06/10,Fri,2.0420,2.0330,2.0420,2.0205
2016/06/09,Thu,2.0680,2.0420,2.0875,2.0175
2016/06/08,Wed,2.0585,2.0650,2.0825,2.0585
2016/06/07,Tue,2.1190,2.0545,2.1190,2.0520
2016/06/06,Mon,2.1350,2.1210,2.1445,2.1190
2016/06/05,Sun,,,,
2016/06/04,Sat,,,,
2016/06/03,Fri,2.0770,2.1155,2.1300,2.0770
2016/06/02,Thu,2.0785,2.0740,2.0810,2.0660
2016/06/01,Wed,2.0895,2.0775,2.0905,2.0610
2016/05/31,Tue,2.1175,2.1000,2.1175,2.0800
2016/05/30,Mon,,,,
2016/05/29,Sun,,,,
2016/05/28,Sat,,,,
2016/05/27,Fri,2.1095,2.1190,2.1320,2.1095
2016/05/26,Thu,2.1020,2.1025,2.1250,2.0965
2016/05/25,Wed,2.0655,2.1015,2.1090,2.0650
2016/05/24,Tue,2.0495,2.0665,2.0895,2.0490
2016/05/23,Mon,2.0535,2.0550,2.0640,2.0435
2016/05/22,Sun,,,,
2016/05/21,Sat,,,,
2016/05/20,Fri,2.0635,2.0555,2.0860,2.0515
2016/05/19,Thu,2.0615,2.0610,2.0705,2.0380
2016/05/18,Wed,2.0890,2.0785,2.0970,2.0480
2016/05/17,Tue,2.0900,2.0890,2.1115,2.0690
2016/05/16,Mon,2.0740,2.0890,2.1065,2.0625
2016/05/15,Sun,,,,
2016/05/14,Sat,,,,
2016/05/13,Fri,2.0760,2.0740,2.0880,2.0625
2016/05/12,Thu,2.0970,2.0745,2.1390,2.0590
2016/05/11,Wed,2.0985,2.1035,2.1320,2.0935
2016/05/10,Tue,2.1005,2.0925,2.1200,2.0905
2016/05/09,Mon,2.1500,2.1065,2.1555,2.1005
2016/05/08,Sun,,,,
2016/05/07,Sat,,,,
2016/05/06,Fri,2.1440,2.1540,2.1700,2.1355
2016/05/05,Thu,2.1820,2.1540,2.1905,2.1430
2016/05/04,Wed,2.2170,2.1865,2.2220,2.1795
2016/05/03,Tue,2.2650,2.2190,2.2695,2.2110
2016/05/02,Mon,2.2870,2.2665,2.2940,2.2565
2016/05/01,Sun,,,,
2016/04/30,Sat,,,,
2016/04/29,Fri,2.2275,2.2835,2.2985,2.2250
2016/04/28,Thu,2.2315,2.2315,2.2410,2.2080
2016/04/27,Wed,2.2490,2.2205,2.2500,2.1995
2016/04/26,Tue,2.2560,2.2430,2.2620,2.2255
2016/04/25,Mon,2.2685,2.2540,2.2725,2.2440
2016/04/24,Sun,,,,
2016/04/23,Sat,,,,
2016/04/22,Fri,2.2555,2.2665,2.3025,2.2405
2016/04/21,Thu,2.2375,2.2530,2.2840,2.2215
2016/04/20,Wed,2.2250,2.2415,2.2460,2.2020
2016/04/19,Tue,2.1705,2.2280,2.2305,2.1495
2016/04/18,Mon,2.1460,2.1695,2.1780,2.1340
2016/04/17,Sun,,,,
2016/04/16,Sat,,,,
2016/04/15,Fri,2.1650,2.1575,2.1670,2.1435
2016/04/14,Thu,2.1775,2.1755,2.1800,2.1490
2016/04/13,Wed,2.1545,2.1725,2.1805,2.1530
2016/04/12,Tue,2.0900,2.1505,2.1600,2.0825
2016/04/11,Mon,2.0955,2.0950,2.1075,2.0825
2016/04/10,Sun,,,,
2016/04/09,Sat,,,,
2016/04/08,Fri,2.0890,2.0930,2.1025,2.0795
2016/04/07,Thu,2.1535,2.0840,2.1580,2.0765
2016/04/06,Wed,2.1485,2.1500,2.1560,2.1375
2016/04/05,Tue,2.1560,2.1440,2.1615,2.1405
2016/04/04,Mon,2.1740,2.1460,2.1765,2.1435
2016/04/03,Sun,,,,
2016/04/02,Sat,,,,
2016/04/01,Fri,2.1900,2.1685,2.1965,2.1675
2016/03/31,Thu,2.1820,2.1880,2.2010,2.1735
2016/03/30,Wed,2.2220,2.1950,2.2225,2.1855
2016/03/29,Tue,2.2420,2.2140,2.2480,2.1970
2016/03/28,Mon,2.2365,2.2460,2.2555,2.2215
2016/03/27,Sun,,,,
2016/03/26,Sat,,,,
2016/03/25,Fri,,,,
2016/03/24,Thu,2.2395,2.2290,2.2435,2.2055
2016/03/23,Wed,2.2880,2.2355,2.2965,2.2305
2016/03/22,Tue,2.2900,2.2895,2.2945,2.2720
2016/03/21,Mon,2.2920,2.2925,2.3020,2.2700
2016/03/20,Sun,,,,
2016/03/19,Sat,,,,
2016/03/18,Fri,2.2900,2.2825,2.3235,2.2760
2016/03/17,Thu,2.2535,2.2925,2.2975,2.2520
2016/03/16,Wed,2.2380,2.2340,2.2680,2.2230
2016/03/15,Tue,2.2415,2.2335,2.2450,2.2070
2016/03/14,Mon,2.2385,2.2395,2.2775,2.2270
2016/03/13,Sun,,,,
2016/03/12,Sat,,,,
2016/03/11,Fri,2.2260,2.2410,2.2565,2.2175
2016/03/10,Thu,2.2340,2.2200,2.2420,2.2070
2016/03/09,Wed,2.2200,2.2325,2.2530,2.2045
2016/03/08,Tue,2.2740,2.2220,2.2765,2.2035
2016/03/07,Mon,2.2760,2.2835,2.2925,2.2450
2016/03/06,Sun,,,,
2016/03/05,Sat,,,,
2016/03/04,Fri,2.2105,2.2745,2.3040,2.2080
2016/03/03,Thu,2.1910,2.2085,2.2200,2.1705
2016/03/02,Wed,2.1420,2.1810,2.2000,2.1355
2016/03/01,Tue,2.1290,2.1455,2.1480,2.0955
2016/02/29,Mon,2.1245,2.1325,2.1340,2.0990
2016/02/28,Sun,,,,
2016/02/27,Sat,,,,
2016/02/26,Fri,2.0860,2.1250,2.1640,2.0820
2016/02/25,Thu,2.1165,2.0700,2.1200,2.0665
2016/02/24,Wed,2.0980,2.0980,2.1195,2.0655
2016/02/23,Tue,2.1205,2.1070,2.1220,2.0925
2016/02/22,Mon,2.0805,2.1160,2.1290,2.0805
2016/02/21,Sun,,,,
2016/02/20,Sat,,,,
2016/02/19,Fri,2.0770,2.0775,2.0920,2.0650
2016/02/18,Thu,2.0720,2.0745,2.0770,2.0550
2016/02/17,Wed,2.0520,2.0770,2.0810,2.0485
2016/02/16,Tue,2.0600,2.0540,2.0850,2.0520
2016/02/15,Mon,,,,
2016/02/14,Sun,,,,
2016/02/13,Sat,,,,
2016/02/12,Fri,2.0145,2.0310,2.0410,2.0140
2016/02/11,Thu,2.0210,2.0085,2.0315,2.0055
2016/02/10,Wed,2.0445,2.0290,2.0445,2.0025
2016/02/09,Tue,2.0915,2.0415,2.0970,2.0220
2016/02/08,Mon,2.0895,2.0915,2.1025,2.0770
2016/02/07,Sun,,,,
2016/02/06,Sat,,,,
2016/02/05,Fri,2.1195,2.1050,2.1270,2.0880
2016/02/04,Thu,2.1120,2.1340,2.1360,2.1095
2016/02/03,Wed,2.0455,2.0975,2.1030,2.0430
2016/02/02,Tue,2.0665,2.0585,2.0795,2.0470
2016/02/01,Mon,2.0600,2.0590,2.0620,2.0390
2016/01/31,Sun,,,,
2016/01/30,Sat,,,,
2016/01/29,Fri,2.0515,2.0705,2.0710,2.0515
2016/01/28,Thu,2.0655,2.0555,2.0655,2.0555
2016/01/27,Wed,2.0380,2.0640,2.0755,2.0310
2016/01/26,Tue,1.9930,2.0375,2.0495,1.9810
2016/01/25,Mon,2.0015,1.9980,2.0150,1.9815
2016/01/24,Sun,,,,
2016/01/23,Sat,,,,
2016/01/22,Fri,1.9950,2.0025,2.0230,1.9885
2016/01/21,Thu,1.9800,1.9965,2.0015,1.9575
2016/01/20,Wed,1.9705,1.9595,1.9910,1.9530
2016/01/19,Tue,1.9385,1.9775,2.0130,1.9355
2016/01/18,Mon,,,,
2016/01/17,Sun,,,,
2016/01/16,Sat,,,,
2016/01/15,Fri,1.9790,1.9435,1.9850,1.9365
2016/01/14,Thu,1.9560,1.9760,1.9920,1.9425
2016/01/13,Wed,1.9595,1.9560,1.9800,1.9510
2016/01/12,Tue,1.9750,1.9590,1.9810,1.9525
2016/01/11,Mon,2.0130,1.9725,2.0155,1.9665
2016/01/10,Sun,,,,
2016/01/09,Sat,,,,
2016/01/08,Fri,2.0225,2.0220,2.0515,2.0110
2016/01/07,Thu,2.0910,2.0220,2.0940,1.9900
2016/01/06,Wed,2.0950,2.0880,2.0955,2.0715
2016/01/05,Tue,2.0825,2.0955,2.1115,2.0735
2016/01/04,Mon,2.1335,2.0795,2.1395,2.0690
2016/01/03,Sun,,,,
2016/01/02,Sat,,,,
2016/01/01,Fri,,,,
2015/12/31,Thu,2.1470,2.1350,2.1480,2.1170
2015/12/30,Wed,2.1380,2.1465,2.1485,2.1260
2015/12/29,Tue,2.0850,2.1320,2.1430,2.0850
2015/12/28,Mon,2.1245,2.0755,2.1245,2.0740
2015/12/27,Sun,,,,
2015/12/26,Sat,,,,
2015/12/25,Fri,,,,
2015/12/24,Thu,2.1290,2.1205,2.1290,2.1100
2015/12/23,Wed,2.1080,2.1210,2.1270,2.0975
2015/12/22,Tue,2.1335,2.1060,2.1365,2.1045
2015/12/21,Mon,2.1135,2.1375,2.1375,2.1045
2015/12/20,Sun,,,,
2015/12/19,Sat,,,,
2015/12/18,Fri,2.0650,2.1100,2.1085,2.0650
2015/12/17,Thu,2.0630,2.0410,2.0660,2.0370
2015/12/16,Wed,2.0475,2.0690,2.0830,2.0475
2015/12/15,Tue,2.1030,2.0540,2.1030,2.0450
2015/12/14,Mon,2.1100,2.1090,2.1165,2.0910
2015/12/13,Sun,,,,
2015/12/12,Sat,,,,
2015/12/11,Fri,2.0650,2.1135,2.1330,2.0650
2015/12/10,Thu,2.0680,2.0705,2.0695,2.0580
2015/12/09,Wed,2.0560,2.0645,2.0890,2.0560
2015/12/08,Tue,2.0465,2.0525,2.0695,2.0400
2015/12/07,Mon,2.0725,2.0490,2.0765,2.0460
2015/12/06,Sun,,,,
2015/12/05,Sat,,,,
2015/12/04,Fri,2.0605,2.0775,2.0805,2.0515
2015/12/03,Thu,2.0440,2.0605,2.0625,2.0300
2015/12/02,Wed,2.0820,2.0325,2.0890,2.0330
2015/12/01,Tue,2.0700,2.0715,2.0800,2.0690
2015/11/30,Mon,2.0445,2.0460,2.0680,2.0445
2015/11/29,Sun,,,,
2015/11/28,Sat,,,,
2015/11/27,Fri,2.1185,2.0555,2.1185,2.0550
2015/11/26,Thu,,,,
2015/11/25,Wed,2.0595,2.0505,2.0725,2.0360
2015/11/24,Tue,2.0220,2.0620,2.0765,2.0130
2015/11/23,Mon,2.0545,2.0210,2.0545,2.0030
2015/11/22,Sun,,,,
2015/11/21,Sat,,,,
2015/11/20,Fri,2.0900,2.0580,2.1080,2.0340
2015/11/19,Thu,2.0760,2.0820,2.0935,2.0645
2015/11/18,Wed,2.1030,2.0825,2.1070,2.0750
2015/11/17,Tue,2.1225,2.1095,2.1310,2.0760
2015/11/16,Mon,2.1605,2.1225,2.1745,2.1140
2015/11/15,Sun,,,,
2015/11/14,Sat,,,,
2015/11/13,Fri,2.1755,2.1740,2.1770,2.1630
2015/11/12,Thu,2.2235,2.1790,2.2235,2.1660
2015/11/11,Wed,2.2240,2.2240,2.2295,2.2060
2015/11/10,Tue,2.2340,2.2230,2.2430,2.2110
2015/11/09,Mon,2.2380,2.2375,2.2560,2.2350
2015/11/08,Sun,,,,
2015/11/07,Sat,,,,
2015/11/06,Fri,2.2665,2.2500,2.2665,2.2460
2015/11/05,Thu,2.3285,2.2620,2.3345,2.2595
2015/11/04,Wed,2.3440,2.3280,2.3615,2.3235
2015/11/03,Tue,2.3260,2.3360,2.3365,2.3075
2015/11/02,Mon,2.3065,2.3240,2.3250,2.3065
2015/11/01,Sun,,,,
2015/10/31,Sat,,,,
2015/10/30,Fri,2.3310,2.3235,2.3330,2.3175
2015/10/29,Thu,2.3560,2.3265,2.3560,2.3260
2015/10/28,Wed,2.3665,2.3625,2.3725,2.3255
2015/10/27,Tue,2.3500,2.3620,2.3800,2.3420
2015/10/26,Mon,2.3500,2.3570,2.3810,2.3325
2015/10/25,Sun,,,,
2015/10/24,Sat,,,,
2015/10/23,Fri,2.3805,2.3500,2.4180,2.3420
2015/10/22,Thu,2.3600,2.3835,2.4050,2.3550
2015/10/21,Wed,2.3590,2.3605,2.3650,2.3305
2015/10/20,Tue,2.3645,2.3655,2.3830,2.3510
2015/10/19,Mon,2.4015,2.3675,2.4065,2.3570
2015/10/18,Sun,,,,
2015/10/17,Sat,,,,
2015/10/16,Fri,2.4300,2.4035,2.4350,2.3810
2015/10/15,Thu,2.4150,2.4230,2.4355,2.4020
2015/10/14,Wed,2.3820,2.4155,2.4225,2.3775
2015/10/13,Tue,2.4085,2.3875,2.4135,2.3770
2015/10/12,Mon,2.4185,2.4155,2.4370,2.4040
2015/10/11,Sun,,,,
2015/10/10,Sat,,,,
2015/10/09,Fri,2.3515,2.4140,2.4375,2.3460
2015/10/08,Thu,2.3670,2.3430,2.3725,2.3180
2015/10/07,Wed,2.3570,2.3670,2.3960,2.3520
2015/10/06,Tue,2.3580,2.3550,2.3760,2.3255
2015/10/05,Mon,2.3355,2.3555,2.3735,2.3295
2015/10/04,Sun,,,,
2015/10/03,Sat,,,,
2015/10/02,Fri,2.3080,2.3255,2.3465,2.2730
2015/10/01,Thu,2.3380,2.3045,2.3765,2.2970
2015/09/30,Wed,2.2570,2.3410,2.3575,2.2535
2015/09/29,Tue,2.2475,2.2515,2.2695,2.2255
2015/09/28,Mon,2.2885,2.2520,2.2940,2.2375
2015/09/27,Sun,,,,
2015/09/26,Sat,,,,
2015/09/25,Fri,2.3020,2.2855,2.3105,2.2800
2015/09/24,Thu,2.2980,2.3040,2.3160,2.2785
2015/09/23,Wed,2.3020,2.2970,2.3205,2.2940
2015/09/22,Tue,2.3840,2.2990,2.3840,2.2900
2015/09/21,Mon,2.3755,2.3895,2.4100,2.3730
2015/09/20,Sun,,,,
2015/09/19,Sat,,,,
2015/09/18,Fri,2.4650,2.3875,2.4650,2.3780
2015/09/17,Thu,2.4720,2.4530,2.4860,2.4385
2015/09/16,Wed,2.4380,2.4530,2.4560,2.4305
2015/09/15,Tue,2.4010,2.4285,2.4305,2.3920
2015/09/14,Mon,2.4445,2.4075,2.4445,2.4035
2015/09/13,Sun,,,,
2015/09/12,Sat,,,,
2015/09/11,Fri,2.4630,2.4545,2.4630,2.4295
2015/09/10,Thu,2.4260,2.4480,2.4705,2.4260
2015/09/09,Wed,2.4305,2.4375,2.4730,2.4235
2015/09/08,Tue,2.3485,2.4330,2.4420,2.3405
2015/09/07,Mon,,,,
2015/09/06,Sun,,,,
2015/09/05,Sat,,,,
2015/09/04,Fri,2.3645,2.3125,2.3645,2.3115
2015/09/03,Thu,2.3540,2.3850,2.4155,2.3540
2015/09/02,Wed,2.3030,2.3315,2.3450,2.3030
2015/09/01,Tue,2.3345,2.3025,2.3360,2.3010
2015/08/31,Mon,2.3390,2.3385,2.3405,2.2960
2015/08/30,Sun,,,,
2015/08/29,Sat,,,,
2015/08/28,Fri,2.3255,2.3460,2.3570,2.3115
2015/08/27,Thu,2.2625,2.3340,2.3390,2.2625
2015/08/26,Wed,2.3015,2.2440,2.3015,2.2370
2015/08/25,Tue,2.2720,2.3080,2.3115,2.2525
2015/08/24,Mon,2.2900,2.2545,2.2900,2.2120
2015/08/23,Sun,,,,
2015/08/22,Sat,,,,
2015/08/21,Fri,2.3180,2.3020,2.3210,2.2790
2015/08/20,Thu,2.2780,2.3195,2.3315,2.2775
2015/08/19,Wed,2.2770,2.2775,2.2945,2.2630
2015/08/18,Tue,2.3190,2.2860,2.3190,2.2770
2015/08/17,Mon,2.3310,2.3215,2.3330,2.3140
2015/08/16,Sun,,,,
2015/08/15,Sat,,,,
2015/08/14,Fri,2.3480,2.3515,2.3580,2.3390
2015/08/13,Thu,2.3505,2.3540,2.3785,2.3350
2015/08/12,Wed,2.3200,2.3520,2.3565,2.2980
2015/08/11,Tue,2.4200,2.3350,2.4305,2.3250
2015/08/10,Mon,2.3195,2.4050,2.4105,2.3195
2015/08/09,Sun,,,,
2015/08/08,Sat,,,,
2015/08/07,Fri,2.3440,2.3370,2.3500,2.3230
2015/08/06,Thu,2.3575,2.3450,2.3575,2.3435
2015/08/05,Wed,2.3590,2.3540,2.3625,2.3505
2015/08/04,Tue,2.3725,2.3675,2.3750,2.3550
2015/08/03,Mon,2.3500,2.3520,2.3580,2.3315
2015/08/02,Sun,,,,
2015/08/01,Sat,,,,
2015/07/31,Fri,2.3745,2.3690,2.3755,2.3650
2015/07/30,Thu,2.4205,2.3820,2.4205,2.3650
2015/07/29,Wed,2.4130,2.4075,2.4460,2.3870
2015/07/28,Tue,2.3460,2.4025,2.4165,2.3455
2015/07/27,Mon,2.3840,2.3535,2.3885,2.3375
2015/07/26,Sun,,,,
2015/07/25,Sat,,,,
2015/07/24,Fri,2.3760,2.3825,2.3990,2.3505
2015/07/23,Thu,2.4315,2.3855,2.4500,2.3575
2015/07/22,Wed,2.4745,2.4280,2.4815,2.4225
2015/07/21,Tue,2.4710,2.4745,2.5160,2.4710
2015/07/20,Mon,2.4970,2.4815,2.5030,2.4655
2015/07/19,Sun,,,,
2015/07/18,Sat,,,,
2015/07/17,Fri,2.5170,2.4960,2.5335,2.4760
2015/07/16,Thu,2.5145,2.5230,2.5445,2.5075
2015/07/15,Wed,2.5375,2.5215,2.5735,2.5010
2015/07/14,Tue,2.5400,2.5350,2.5475,2.5090
2015/07/13,Mon,2.5300,2.5445,2.5645,2.4965
2015/07/12,Sun,,,,
2015/07/11,Sat,,,,
2015/07/10,Fri,2.5500,2.5375,2.5720,2.5215
2015/07/09,Thu,2.4960,2.5515,2.5965,2.4870
2015/07/08,Wed,2.4635,2.4970,2.5215,2.3810
2015/07/07,Tue,2.5380,2.4465,2.5455,2.3870
2015/07/06,Mon,2.6340,2.5380,2.6095,2.5040
2015/07/05,Sun,,,,
2015/07/04,Sat,,,,
2015/07/03,Fri,,,,
2015/07/02,Thu,2.6285,2.6310,2.6460,2.6210
2015/07/01,Wed,2.6145,2.6305,2.6495,2.6025
2015/06/30,Tue,2.6340,2.6150,2.6415,2.5890
2015/06/29,Mon,2.6200,2.6335,2.6550,2.6160
2015/06/28,Sun,,,,
2015/06/27,Sat,,,,
2015/06/26,Fri,2.6230,2.6395,2.6500,2.6200
2015/06/25,Thu,2.6225,2.6210,2.6300,2.5930
2015/06/24,Wed,2.6165,2.6255,2.6500,2.6050
2015/06/23,Tue,2.5755,2.6165,2.6330,2.5755
2015/06/22,Mon,2.5785,2.5720,2.5855,2.5650
2015/06/21,Sun,,,,
2015/06/20,Sat,,,,
2015/06/19,Fri,2.6125,2.5750,2.6180,2.5670
2015/06/18,Thu,2.6370,2.6110,2.6405,2.6075
2015/06/17,Wed,2.6240,2.6080,2.6295,2.6060
2015/06/16,Tue,2.6475,2.6195,2.6570,2.6185
2015/06/15,Mon,2.6645,2.6500,2.6645,2.6340
2015/06/14,Sun,,,,
2015/06/13,Sat,,,,
2015/06/12,Fri,2.6825,2.6830,2.6855,2.6665
2015/06/11,Thu,2.7475,2.6740,2.7475,2.6640
2015/06/10,Wed,2.7390,2.7520,2.7700,2.7390
2015/06/09,Tue,2.7105,2.7180,2.7375,2.7105
2015/06/08,Mon,2.6990,2.7005,2.7065,2.6970
2015/06/07,Sun,,,,
2015/06/06,Sat,,,,
2015/06/05,Fri,2.6750,2.6960,2.7045,2.6750
2015/06/04,Thu,2.7080,2.6910,2.7135,2.6850
2015/06/03,Wed,2.7295,2.7300,2.7465,2.7290
2015/06/02,Tue,2.7340,2.7400,2.7475,2.7250
2015/06/01,Mon,2.7255,2.7250,2.7450,2.7195
2015/05/31,Sun,,,,
2015/05/30,Sat,,,,
2015/05/29,Fri,2.7830,2.7330,2.7830,2.7320
2015/05/28,Thu,2.7750,2.7720,2.7750,2.7660
2015/05/27,Wed,2.7770,2.7685,2.7905,2.7585
2015/05/26,Tue,2.7995,2.7780,2.8345,2.7730
2015/05/25,Mon,,,,
2015/05/24,Sun,,,,
2015/05/23,Sat,,,,
2015/05/22,Fri,2.8520,2.8110,2.8555,2.7895
2015/05/21,Thu,2.8290,2.8485,2.8605,2.8280
2015/05/20,Wed,2.8375,2.8290,2.8435,2.8205
2015/05/19,Tue,2.9085,2.8375,2.9130,2.8260
2015/05/18,Mon,2.9255,2.9065,2.9490,2.8930
2015/05/17,Sun,,,,
2015/05/16,Sat,,,,
2015/05/15,Fri,2.9200,2.9245,2.9315,2.8955
2015/05/14,Thu,2.9325,2.9235,2.9390,2.9065
2015/05/13,Wed,2.9280,2.9290,2.9475,2.9120
2015/05/12,Tue,2.9110,2.9315,2.9460,2.9000
2015/05/11,Mon,2.9285,2.9030,2.9295,2.8960
2015/05/10,Sun,,,,
2015/05/09,Sat,,,,
2015/05/08,Fri,2.9150,2.9205,2.9330,2.8880
2015/05/07,Thu,2.9275,2.9180,2.9375,2.9050
2015/05/06,Wed,2.9310,2.9260,2.9470,2.9020
2015/05/05,Tue,2.9105,2.9350,2.9560,2.8995
2015/05/04,Mon,2.9320,2.9205,2.9330,2.8925
2015/05/03,Sun,,,,
2015/05/02,Sat,,,,
2015/05/01,Fri,2.8850,2.9295,2.9375,2.8750
2015/04/30,Thu,2.7935,2.8865,2.8900,2.7880
2015/04/29,Wed,2.7860,2.7990,2.8040,2.7600
2015/04/28,Tue,2.7765,2.7840,2.7905,2.7525
2015/04/27,Mon,2.7470,2.7750,2.7860,2.7440
2015/04/26,Sun,,,,
2015/04/25,Sat,,,,
2015/04/24,Fri,2.6965,2.7520,2.7605,2.6920
2015/04/23,Thu,2.6745,2.7000,2.7040,2.6620
2015/04/22,Wed,2.7030,2.6735,2.7090,2.6710
2015/04/21,Tue,2.7350,2.7050,2.7370,2.6950
2015/04/20,Mon,2.8225,2.7330,2.8225,2.7230
2015/04/19,Sun,,,,
2015/04/18,Sat,,,,
2015/04/17,Fri,2.7705,2.7725,2.8050,2.7630
2015/04/16,Thu,2.7240,2.7720,2.7820,2.7240
2015/04/15,Wed,2.7025,2.7125,2.7270,2.6715
2015/04/14,Tue,2.7250,2.7025,2.7250,2.6790
2015/04/13,Mon,2.7380,2.7210,2.7595,2.7145
2015/04/12,Sun,,,,
2015/04/11,Sat,,,,
2015/04/10,Fri,2.7275,2.7365,2.7755,2.7275
2015/04/09,Thu,2.7380,2.7305,2.7590,2.7250
2015/04/08,Wed,2.7500,2.7335,2.7665,2.7310
2015/04/07,Tue,2.7250,2.7645,2.7775,2.7240
2015/04/06,Mon,2.7500,2.7190,2.8300,2.6975
2015/04/05,Sun,,,,
2015/04/04,Sat,,,,
2015/04/03,Fri,2.7360,2.7360,2.7360,2.7360
2015/04/02,Thu,2.7590,2.7360,2.7595,2.7215
2015/04/01,Wed,2.7570,2.7500,2.7570,2.7105
2015/03/31,Tue,2.7755,2.7410,2.7755,2.7400
2015/03/30,Mon,2.7520,2.7825,2.7905,2.7520
2015/03/29,Sun,,,,
2015/03/28,Sat,,,,
2015/03/27,Fri,2.8060,2.7675,2.8095,2.7560
2015/03/26,Thu,2.7905,2.8110,2.8690,2.7835
2015/03/25,Wed,2.7940,2.7920,2.8080,2.7730
2015/03/24,Tue,2.8780,2.8030,2.8875,2.7750
2015/03/23,Mon,2.7610,2.7895,2.9145,2.7550
2015/03/22,Sun,,,,
2015/03/21,Sat,,,,
2015/03/20,Fri,2.6655,2.7610,2.7740,2.6450
2015/03/19,Thu,2.6100,2.6600,2.6675,2.5955
2015/03/18,Wed,2.6370,2.5705,2.6455,2.5525
2015/03/17,Tue,2.6625,2.6330,2.6765,2.6090
2015/03/16,Mon,2.6730,2.6675,2.6845,2.6510
2015/03/15,Sun,,,,
2015/03/14,Sat,,,,
2015/03/13,Fri,2.6620,2.6635,2.6905,2.6465
2015/03/12,Thu,2.6055,2.6585,2.6800,2.5985
2015/03/11,Wed,2.6200,2.6060,2.6475,2.5995
2015/03/10,Tue,2.6680,2.6240,2.6695,2.6055
2015/03/09,Mon,2.6135,2.6705,2.6775,2.5925
2015/03/08,Sun,,,,
2015/03/07,Sat,,,,
2015/03/06,Fri,2.6520,2.6090,2.6560,2.6050
2015/03/05,Thu,2.6625,2.6525,2.6795,2.6475
2015/03/04,Wed,2.6550,2.6595,2.6760,2.6375
2015/03/03,Tue,2.6920,2.6565,2.6950,2.6290
2015/03/02,Mon,2.6985,2.6975,2.7180,2.6770
2015/03/01,Sun,,,,
2015/02/28,Sat,,,,
2015/02/27,Fri,2.6980,2.6915,2.7000,2.6600
2015/02/26,Thu,2.6450,2.6945,2.7140,2.6360
2015/02/25,Wed,2.6550,2.6570,2.6605,2.6290
2015/02/24,Tue,2.5880,2.6480,2.6700,2.5765
2015/02/23,Mon,2.6060,2.5940,2.6180,2.5780
2015/02/22,Sun,,,,
2015/02/21,Sat,,,,
2015/02/20,Fri,2.6190,2.5980,2.6250,2.5810
2015/02/19,Thu,2.6105,2.6230,2.6250,2.5865
2015/02/18,Wed,2.5775,2.6165,2.6395,2.5710
2015/02/17,Tue,2.6250,2.5860,2.6250,2.5575
2015/02/16,Mon,,,,
2015/02/15,Sun,,,,
2015/02/14,Sat,,,,
2015/02/13,Fri,2.6135,2.6110,2.6395,2.5995
2015/02/12,Thu,2.5540,2.6045,2.6175,2.5540
2015/02/11,Wed,2.5720,2.5440,2.5850,2.5415
2015/02/10,Tue,2.5645,2.5570,2.5845,2.5300
2015/02/09,Mon,2.5865,2.5840,2.5900,2.5660
2015/02/08,Sun,,,,
2015/02/07,Sat,,,,
2015/02/06,Fri,2.5960,2.5880,2.6135,2.5700
2015/02/05,Thu,2.5935,2.5960,2.6040,2.5405
2015/02/04,Wed,2.5795,2.5915,2.6125,2.5600
2015/02/03,Tue,2.5090,2.5830,2.5950,2.5090
2015/02/02,Mon,2.4745,2.4925,2.5145,2.4720
2015/02/01,Sun,,,,
2015/01/31,Sat,,,,
2015/01/30,Fri,2.4350,2.4955,2.5140,2.4350
2015/01/29,Thu,2.4650,2.4545,2.4685,2.4300
2015/01/28,Wed,2.4625,2.4795,2.5000,2.4505
2015/01/27,Tue,2.5410,2.4625,2.5435,2.4460
2015/01/26,Mon,2.4950,2.5430,2.5545,2.4190
2015/01/25,Sun,,,,
2015/01/24,Sat,,,,
2015/01/23,Fri,2.5820,2.5015,2.5855,2.4890
2015/01/22,Thu,2.6075,2.5785,2.6125,2.5560
2015/01/21,Wed,2.5940,2.6125,2.6335,2.5325
2015/01/20,Tue,2.6335,2.5940,2.6360,2.5550
2015/01/19,Mon,,,,
2015/01/18,Sun,,,,
2015/01/17,Sat,,,,
2015/01/16,Fri,2.5820,2.6170,2.6340,2.5405
2015/01/15,Thu,2.5350,2.5580,2.5950,2.5170
2015/01/14,Wed,2.6090,2.5055,2.6170,2.4235
2015/01/13,Tue,2.7215,2.6440,2.7290,2.5860
2015/01/12,Mon,2.7570,2.7255,2.7600,2.7000
2015/01/11,Sun,,,,
2015/01/10,Sat,,,,
2015/01/09,Fri,2.7670,2.7545,2.7760,2.7385
2015/01/08,Thu,2.7640,2.7695,2.7940,2.7535
2015/01/07,Wed,2.7600,2.7585,2.7765,2.7480
2015/01/06,Tue,2.7695,2.7670,2.7820,2.7565
2015/01/05,Mon,2.8140,2.7660,2.8270,2.7440
2015/01/04,Sun,,,,
2015/01/03,Sat,,,,
2015/01/02,Fri,2.8255,2.8175,2.8410,2.8010
2015/01/01,Thu,,,,
2014/12/31,Wed,2.8530,2.8255,2.8610,2.8155
2014/12/30,Tue,2.8135,2.8540,2.8655,2.8130
2014/12/29,Mon,2.8125,2.8295,2.8500,2.7790
2014/12/28,Sun,,,,
2014/12/27,Sat,,,,
2014/12/26,Fri,2.8605,2.8235,2.8655,2.8160
2014/12/25,Thu,,,,
2014/12/24,Wed,2.8785,2.8635,2.8785,2.8600
2014/12/23,Tue,2.8840,2.8755,2.8865,2.8700
2014/12/22,Mon,2.8965,2.8810,2.9065,2.8805
2014/12/21,Sun,,,,
2014/12/20,Sat,,,,
2014/12/19,Fri,2.8640,2.8925,2.9055,2.8640
2014/12/18,Thu,2.8650,2.8600,2.8900,2.8495
2014/12/17,Wed,2.8700,2.8770,2.8985,2.8355
2014/12/16,Tue,2.8650,2.8670,2.8795,2.8525
2014/12/15,Mon,2.9380,2.8875,2.9495,2.8755
2014/12/14,Sun,,,,
2014/12/13,Sat,,,,
2014/12/12,Fri,2.9295,2.9415,2.9440,2.9295
2014/12/11,Thu,2.9100,2.9305,2.9385,2.9100
2014/12/10,Wed,2.9260,2.9025,2.9325,2.9015
2014/12/09,Tue,2.8850,2.9355,2.9515,2.8810
2014/12/08,Mon,2.9035,2.8955,2.9075,2.8940
2014/12/07,Sun,,,,
2014/12/06,Sat,,,,
2014/12/05,Fri,2.9425,2.9135,2.9425,2.9115
2014/12/04,Thu,2.9315,2.9235,2.9315,2.9185
2014/12/03,Wed,2.8900,2.8810,2.8900,2.8730
2014/12/02,Tue,2.8895,2.9025,2.9020,2.8650
2014/12/01,Mon,2.8185,2.9105,2.9165,2.7945
2014/11/30,Sun,,,,
2014/11/29,Sat,,,,
2014/11/28,Fri,2.9410,2.8560,2.9410,2.8555
2014/11/27,Thu,,,,
2014/11/26,Wed,2.9600,2.9630,2.9740,2.9500
2014/11/25,Tue,3.0135,2.9735,3.0270,2.9605
2014/11/24,Mon,3.0380,3.0080,3.0495,3.0035
2014/11/23,Sun,,,,
2014/11/22,Sat,,,,
2014/11/21,Fri,3.0225,3.0335,3.0770,3.0140
2014/11/20,Thu,3.0285,3.0195,3.0295,3.0000
2014/11/19,Wed,3.0075,3.0420,3.0455,2.9900
2014/11/18,Tue,3.0285,3.0010,3.0395,2.9950
2014/11/17,Mon,3.0430,3.0380,3.0475,3.0265
2014/11/16,Sun,,,,
2014/11/15,Sat,,,,
2014/11/14,Fri,2.9975,3.0445,3.0470,2.9885
2014/11/13,Thu,3.0210,2.9955,3.0500,2.9880
2014/11/12,Wed,3.0360,3.0260,3.0415,3.0235
2014/11/11,Tue,3.0180,3.0350,3.0445,2.9920
2014/11/10,Mon,3.0335,3.0205,3.0490,3.0150
2014/11/09,Sun,,,,
2014/11/08,Sat,,,,
2014/11/07,Fri,3.0195,3.0370,3.0450,3.0110
2014/11/06,Thu,3.0060,3.0160,3.0200,2.9975
2014/11/05,Wed,3.0110,3.0075,3.0135,2.9660
2014/11/04,Tue,3.0575,3.0185,3.0685,3.0040
2014/11/03,Mon,3.0455,3.0655,3.0690,3.0410
2014/11/02,Sun,,,,
2014/11/01,Sat,,,,
2014/10/31,Fri,3.0580,3.0470,3.0890,3.0400
2014/10/30,Thu,3.0825,3.0610,3.0825,3.0400
2014/10/29,Wed,3.0900,3.1045,3.1140,3.0725
2014/10/28,Tue,3.0590,3.0930,3.0960,3.0555
2014/10/27,Mon,3.0440,3.0640,3.0740,3.0265
2014/10/26,Sun,,,,
2014/10/25,Sat,,,,
2014/10/24,Fri,3.0350,3.0410,3.0590,3.0295
2014/10/23,Thu,3.0135,3.0400,3.0490,3.0090
2014/10/22,Wed,3.0290,3.0175,3.0450,3.0110
2014/10/21,Tue,2.9865,3.0280,3.0355,2.9745
2014/10/20,Mon,3.0085,2.9880,3.0175,2.9670
2014/10/19,Sun,,,,
2014/10/18,Sat,,,,
2014/10/17,Fri,2.9855,3.0035,3.0125,2.9515
2014/10/16,Thu,3.0135,2.9815,3.0265,2.9525
2014/10/15,Wed,3.0805,3.0090,3.0850,2.9925
2014/10/14,Tue,3.0415,3.0900,3.1045,3.0320
2014/10/13,Mon,3.0320,3.0405,3.0545,3.0210
2014/10/12,Sun,,,,
2014/10/11,Sat,,,,
2014/10/10,Fri,3.0300,3.0350,3.0430,2.9895
2014/10/09,Thu,3.0240,3.0300,3.0590,3.0185
2014/10/08,Wed,3.0325,3.0035,3.0490,2.9960
2014/10/07,Tue,3.0415,3.0390,3.0435,3.0175
2014/10/06,Mon,3.0015,3.0355,3.0435,2.9910
2014/10/05,Sun,,,,
2014/10/04,Sat,,,,
2014/10/03,Fri,3.0085,2.9985,3.0170,2.9915
2014/10/02,Thu,3.0250,2.9985,3.0395,2.9855
2014/10/01,Wed,3.0070,3.0360,3.0490,3.0000
2014/09/30,Tue,3.0430,3.0075,3.0600,3.0060
2014/09/29,Mon,3.0370,3.0565,3.0675,3.0125
2014/09/28,Sun,,,,
2014/09/27,Sat,,,,
2014/09/26,Fri,3.0340,3.0340,3.0490,3.0310
2014/09/25,Thu,3.0500,3.0300,3.0510,3.0250
2014/09/24,Wed,3.0300,3.0530,3.0600,3.0250
2014/09/23,Tue,3.0510,3.0345,3.0510,3.0315
2014/09/22,Mon,3.0700,3.0380,3.0700,3.0300
2014/09/21,Sun,,,,
2014/09/20,Sat,,,,
2014/09/19,Fri,3.0935,3.0910,3.1050,3.0780
2014/09/18,Thu,3.1315,3.0935,3.1360,3.0910
2014/09/17,Wed,3.1575,3.1420,3.1575,3.1360
2014/09/16,Tue,3.0960,3.1635,3.2050,3.0830
2014/09/15,Mon,3.0895,3.0845,3.0895,3.0645
2014/09/14,Sun,,,,
2014/09/13,Sat,,,,
2014/09/12,Fri,3.0970,3.1050,3.1065,3.0790
2014/09/11,Thu,3.0900,3.0905,3.1120,3.0620
2014/09/10,Wed,3.1020,3.1085,3.1150,3.0925
2014/09/09,Tue,3.1590,3.0995,3.1590,3.0920
2014/09/08,Mon,3.1990,3.1655,3.2060,3.1615
2014/09/07,Sun,,,,
2014/09/06,Sat,,,,
2014/09/05,Fri,3.1545,3.1670,3.1670,3.1485
2014/09/04,Thu,3.1350,3.1485,3.1705,3.1310
2014/09/03,Wed,3.1535,3.1245,3.1585,3.1230
2014/09/02,Tue,3.1490,3.1500,3.1665,3.1405
2014/09/01,Mon,,,,
2014/08/31,Sun,,,,
2014/08/30,Sat,,,,
2014/08/29,Fri,3.1400,3.1530,3.1680,3.1400
2014/08/28,Thu,3.1975,3.1440,3.1980,3.1370
2014/08/27,Wed,3.1955,3.1855,3.1985,3.1785
2014/08/26,Tue,3.2170,3.1975,3.2200,3.1920
2014/08/25,Mon,3.2115,3.2260,3.2325,3.2030
2014/08/24,Sun,,,,
2014/08/23,Sat,,,,
2014/08/22,Fri,3.1820,3.2120,3.2140,3.1775
2014/08/21,Thu,3.1725,3.1830,3.1900,3.1605
2014/08/20,Wed,3.0985,3.1845,3.1850,3.0980
2014/08/19,Tue,3.1280,3.1020,3.1320,3.1005
2014/08/18,Mon,3.1120,3.1200,3.1340,3.1070
2014/08/17,Sun,,,,
2014/08/16,Sat,,,,
2014/08/15,Fri,3.0960,3.1130,3.1175,3.0820
2014/08/14,Thu,3.1170,3.1010,3.1270,3.0950
2014/08/13,Wed,3.1550,3.1215,3.1550,3.1200
2014/08/12,Tue,3.1720,3.1620,3.1940,3.1530
2014/08/11,Mon,3.1875,3.1805,3.2280,3.1760
2014/08/10,Sun,,,,
2014/08/09,Sat,,,,
2014/08/08,Fri,3.1810,3.1795,3.1865,3.1675
2014/08/07,Thu,3.1810,3.1815,3.1865,3.1645
2014/08/06,Wed,3.2075,3.1710,3.2090,3.1665
2014/08/05,Tue,3.2465,3.2105,3.2500,3.2045
2014/08/04,Mon,3.2165,3.2500,3.2530,3.2125
2014/08/03,Sun,,,,
2014/08/02,Sat,,,,
2014/08/01,Fri,3.2350,3.2205,3.2570,3.2160
2014/07/31,Thu,3.2370,3.2360,3.2570,3.2370
2014/07/30,Wed,3.2165,3.2460,3.2500,3.2165
2014/07/29,Tue,3.2445,3.2190,3.2545,3.2145
2014/07/28,Mon,3.2470,3.2435,3.2520,3.2260
2014/07/27,Sun,,,,
2014/07/26,Sat,,,,
2014/07/25,Fri,3.2645,3.2405,3.2790,3.2380
2014/07/24,Thu,3.2060,3.2665,3.2690,3.2020
2014/07/23,Wed,3.2055,3.2070,3.2180,3.1920
2014/07/22,Tue,3.1980,3.2080,3.2360,3.1960
2014/07/21,Mon,3.1875,3.1990,3.2040,3.1735
2014/07/20,Sun,,,,
2014/07/19,Sat,,,,
2014/07/18,Fri,3.2165,3.1845,3.2190,3.1675
2014/07/17,Thu,3.2160,3.2205,3.2260,3.2020
2014/07/16,Wed,3.2470,3.2145,3.2560,3.2095
2014/07/15,Tue,3.2535,3.2495,3.2610,3.2235
2014/07/14,Mon,3.2705,3.2490,3.2945,3.2435
2014/07/13,Sun,,,,
2014/07/12,Sat,,,,
2014/07/11,Fri,3.2710,3.2690,3.2745,3.2465
2014/07/10,Thu,3.2535,3.2670,3.2765,3.2330
2014/07/09,Wed,3.2615,3.2480,3.2755,3.2460
2014/07/08,Tue,3.2585,3.2570,3.2940,3.2485
2014/07/07,Mon,3.2755,3.2610,3.2860,3.2370
2014/07/06,Sun,,,,
2014/07/05,Sat,,,,
2014/07/04,Fri,,,,
2014/07/03,Thu,3.2590,3.2795,3.2820,3.2465
2014/07/02,Wed,3.2040,3.2650,3.2665,3.1830
2014/07/01,Tue,3.2030,3.2040,3.2135,3.1940
2014/06/30,Mon,3.1650,3.2035,3.2105,3.1620
2014/06/29,Sun,,,,
2014/06/28,Sat,,,,
2014/06/27,Fri,3.1720,3.1680,3.1895,3.1620
2014/06/26,Thu,3.1675,3.1685,3.1735,3.1515
2014/06/25,Wed,3.1440,3.1655,3.1685,3.1225
2014/06/24,Tue,3.1350,3.1455,3.1490,3.1285
2014/06/23,Mon,3.1245,3.1435,3.1515,3.1245
2014/06/22,Sun,,,,
2014/06/21,Sat,,,,
2014/06/20,Fri,3.0775,3.1145,3.1185,3.0775
2014/06/19,Thu,3.0660,3.0755,3.0750,3.0480
2014/06/18,Wed,3.0645,3.0610,3.0715,3.0535
2014/06/17,Tue,3.0445,3.0605,3.0630,3.0410
2014/06/16,Mon,3.0265,3.0470,3.0560,3.0265
2014/06/15,Sun,,,,
2014/06/14,Sat,,,,
2014/06/13,Fri,3.0190,3.0290,3.0410,3.0190
2014/06/12,Thu,3.0375,3.0175,3.0450,3.0130
2014/06/11,Wed,3.0470,3.0400,3.0625,3.0325
2014/06/10,Tue,3.0420,3.0520,3.0570,3.0220
2014/06/09,Mon,3.0430,3.0420,3.0515,3.0200
2014/06/08,Sun,,,,
2014/06/07,Sat,,,,
2014/06/06,Fri,3.0845,3.0505,3.0845,3.0375
2014/06/05,Thu,3.0900,3.0895,3.1010,3.0790
2014/06/04,Wed,3.1200,3.0910,3.1200,3.0850
2014/06/03,Tue,3.1355,3.1350,3.1375,3.1260
2014/06/02,Mon,3.1620,3.1680,3.1685,3.1570
2014/06/01,Sun,,,,
2014/05/31,Sat,,,,
2014/05/30,Fri,3.1400,3.1205,3.1525,3.1205
2014/05/29,Thu,3.1700,3.1415,3.1700,3.1400
2014/05/28,Wed,3.1710,3.1735,3.1905,3.1605
2014/05/27,Tue,3.1655,3.1775,3.1925,3.1640
2014/05/26,Mon,,,,
2014/05/25,Sun,,,,
2014/05/24,Sat,,,,
2014/05/23,Fri,3.1370,3.1675,3.1755,3.1360
2014/05/22,Thu,3.1280,3.1420,3.1550,3.1200
2014/05/21,Wed,3.1435,3.1230,3.1480,3.0985
2014/05/20,Tue,3.1620,3.1450,3.1775,3.1230
2014/05/19,Mon,3.1445,3.1670,3.1840,3.1405
2014/05/18,Sun,,,,
2014/05/17,Sat,,,,
2014/05/16,Fri,3.1445,3.1470,3.1595,3.1275
2014/05/15,Thu,3.1530,3.1445,3.1710,3.1410
2014/05/14,Wed,3.1360,3.1600,3.1780,3.1225
2014/05/13,Tue,3.1425,3.1355,3.1540,3.1220
2014/05/12,Mon,3.0850,3.1495,3.1555,3.0840
2014/05/11,Sun,,,,
2014/05/10,Sat,,,,
2014/05/09,Fri,3.0595,3.0830,3.0890,3.0525
2014/05/08,Thu,3.0370,3.0625,3.0695,3.0275
2014/05/07,Wed,3.0560,3.0325,3.0620,3.0155
2014/05/06,Tue,3.0530,3.0570,3.0660,3.0475
2014/05/05,Mon,3.0730,3.0535,3.0820,3.0485
2014/05/04,Sun,,,,
2014/05/03,Sat,,,,
2014/05/02,Fri,3.0260,3.0700,3.0785,3.0135
2014/05/01,Thu,3.0175,3.0215,3.0340,3.0030
2014/04/30,Wed,3.0740,3.0275,3.0795,3.0150
2014/04/29,Tue,3.0935,3.0730,3.0985,3.0665
2014/04/28,Mon,3.1070,3.1040,3.1185,3.0915
2014/04/27,Sun,,,,
2014/04/26,Sat,,,,
2014/04/25,Fri,3.0965,3.1080,3.1135,3.0895
2014/04/24,Thu,3.0510,3.1035,3.1100,3.0510
2014/04/23,Wed,3.0465,3.0510,3.0550,3.0315
2014/04/22,Tue,3.0265,3.0470,3.0525,3.0215
2014/04/21,Mon,3.0325,3.0405,3.0490,3.0300
2014/04/20,Sun,,,,
2014/04/19,Sat,,,,
2014/04/18,Fri,,,,
2014/04/17,Thu,3.0300,3.0430,3.0505,3.0215
2014/04/16,Wed,2.9900,3.0225,3.0530,2.9850
2014/04/15,Tue,3.0430,2.9875,3.0430,2.9620
2014/04/14,Mon,3.0405,3.0465,3.0550,3.0375
2014/04/13,Sun,,,,
2014/04/12,Sat,,,,
2014/04/11,Fri,3.0375,3.0405,3.0675,3.0305
2014/04/10,Thu,3.0415,3.0415,3.0420,3.0175
2014/04/09,Wed,3.0470,3.0315,3.0475,3.0030
2014/04/08,Tue,3.0300,3.0455,3.0560,3.0250
2014/04/07,Mon,3.0000,3.0385,3.0525,2.9815
2014/04/06,Sun,,,,
2014/04/05,Sat,,,,
2014/04/04,Fri,3.0345,3.0220,3.0595,3.0150
2014/04/03,Thu,3.0305,3.0270,3.0365,3.0080
2014/04/02,Wed,3.0370,3.0445,3.0710,3.0365
2014/04/01,Tue,3.0330,3.0335,3.0385,3.0190
2014/03/31,Mon,3.0250,3.0245,3.0430,3.0200
2014/03/30,Sun,,,,
2014/03/29,Sat,,,,
2014/03/28,Fri,3.0115,3.0395,3.0430,3.0035
2014/03/27,Thu,2.9640,2.9930,3.0020,2.9625
2014/03/26,Wed,2.9935,2.9655,3.0130,2.9595
2014/03/25,Tue,2.9435,3.0055,3.0190,2.9395
2014/03/24,Mon,2.9470,2.9455,2.9690,2.9210
2014/03/23,Sun,,,,
2014/03/22,Sat,,,,
2014/03/21,Fri,2.9315,2.9505,2.9800,2.9170
2014/03/20,Thu,2.9795,2.9285,2.9960,2.9135
2014/03/19,Wed,2.9510,2.9870,2.9980,2.8770
2014/03/18,Tue,2.9500,2.9515,2.9925,2.9390
2014/03/17,Mon,2.9445,2.9520,2.9860,2.9215
2014/03/16,Sun,,,,
2014/03/15,Sat,,,,
2014/03/14,Fri,2.9160,2.9505,2.9625,2.9120
2014/03/13,Thu,2.9560,2.9230,2.9770,2.9145
2014/03/12,Wed,2.9500,2.9620,2.9815,2.9080
2014/03/11,Tue,3.0420,2.9520,3.0570,2.9420
2014/03/10,Mon,3.0775,3.0315,3.0775,2.9955
2014/03/09,Sun,,,,
2014/03/08,Sat,,,,
2014/03/07,Fri,3.2170,3.0825,3.2200,3.0770
2014/03/06,Thu,3.2015,3.2180,3.2190,3.1940
2014/03/05,Wed,3.2110,3.2025,3.2355,3.2010
2014/03/04,Tue,3.1725,3.2145,3.2220,3.1660
2014/03/03,Mon,3.1895,3.1720,3.1975,3.1565
2014/03/02,Sun,,,,
2014/03/01,Sat,,,,
2014/02/28,Fri,3.2045,3.1875,3.2120,3.1780
2014/02/27,Thu,3.1965,3.2010,3.2135,3.1835
2014/02/26,Wed,3.2350,3.2320,3.2565,3.2080
2014/02/25,Tue,3.2530,3.2445,3.2530,3.2245
2014/02/24,Mon,3.2415,3.2570,3.2570,3.2175
2014/02/23,Sun,,,,
2014/02/22,Sat,,,,
2014/02/21,Fri,3.2685,3.2760,3.2785,3.2685
2014/02/20,Thu,3.2735,3.2740,3.2835,3.2625
2014/02/19,Wed,3.2840,3.2830,3.2980,3.2800
2014/02/18,Tue,3.2900,3.2845,3.3000,3.2500
2014/02/17,Mon,,,,
2014/02/16,Sun,,,,
2014/02/15,Sat,,,,
2014/02/14,Fri,3.2525,3.2655,3.2690,3.2485
2014/02/13,Thu,3.2515,3.2500,3.2525,3.2210
2014/02/12,Wed,3.2355,3.2555,3.2600,3.2355
2014/02/11,Tue,3.2190,3.2155,3.2310,3.2065
2014/02/10,Mon,3.2430,3.2255,3.2430,3.2170
2014/02/09,Sun,,,,
2014/02/08,Sat,,,,
2014/02/07,Fri,3.2420,3.2370,3.2445,3.2365
2014/02/06,Thu,3.1975,3.2280,3.2365,3.1975
2014/02/05,Wed,3.1995,3.1890,3.2050,3.1885
2014/02/04,Tue,3.1900,3.1930,3.2010,3.1895
2014/02/03,Mon,3.2025,3.1870,3.2025,3.1800
2014/02/02,Sun,,,,
2014/02/01,Sat,,,,
2014/01/31,Fri,3.2090,3.2000,3.2145,3.1950
2014/01/30,Thu,3.2365,3.2290,3.2380,3.2155
2014/01/29,Wed,3.2515,3.2405,3.2690,3.2370
2014/01/28,Tue,3.2565,3.2530,3.2735,3.2460
2014/01/27,Mon,3.2610,3.2590,3.2875,3.2535
2014/01/26,Sun,,,,
2014/01/25,Sat,,,,
2014/01/24,Fri,3.2785,3.2715,3.2995,3.2605
2014/01/23,Thu,3.3260,3.2855,3.3385,3.2765
2014/01/22,Wed,3.3460,3.3370,3.3550,3.3230
2014/01/21,Tue,3.3415,3.3510,3.3580,3.3150
2014/01/20,Mon,,,,
2014/01/19,Sun,,,,
2014/01/18,Sat,,,,
2014/01/17,Fri,3.3370,3.3445,3.3640,3.3265
2014/01/16,Thu,3.3520,3.3425,3.3695,3.3285
2014/01/15,Wed,3.3325,3.3580,3.3635,3.3080
2014/01/14,Tue,3.3425,3.3360,3.3505,3.3205
2014/01/13,Mon,3.3450,3.3465,3.3735,3.3145
2014/01/12,Sun,,,,
2014/01/11,Sat,,,,
2014/01/10,Fri,3.2950,3.3415,3.3465,3.2895
2014/01/09,Thu,3.3425,3.2990,3.3565,3.2885
2014/01/08,Wed,3.3565,3.3425,3.3770,3.3350
2014/01/07,Tue,3.3595,3.3595,3.3660,3.3420
2014/01/06,Mon,3.3505,3.3595,3.3645,3.3305
2014/01/05,Sun,,,,
2014/01/04,Sat,,,,
2014/01/03,Fri,3.3850,3.3550,3.3875,3.3455
2014/01/02,Thu,3.3985,3.3815,3.4245,3.3760
2014/01/01,Wed,,,,
2013/12/31,Tue,3.3785,3.3965,3.4080,3.3665
2013/12/30,Mon,3.3830,3.3825,3.3925,3.3715
2013/12/29,Sun,,,,
2013/12/28,Sat,,,,
2013/12/27,Fri,3.3970,3.3975,3.4080,3.3860
2013/12/26,Thu,3.3955,3.4115,3.4135,3.3895
2013/12/25,Wed,,,,
2013/12/24,Tue,3.3165,3.3835,3.3935,3.3165
2013/12/23,Mon,3.3175,3.3180,3.3215,3.3105
2013/12/22,Sun,,,,
2013/12/21,Sat,,,,
2013/12/20,Fri,3.3135,3.3150,3.3225,3.3105
2013/12/19,Thu,3.3290,3.3035,3.3290,3.2855
2013/12/18,Wed,3.3285,3.3265,3.3360,3.3150
2013/12/17,Tue,3.3375,3.3330,3.3440,3.3220
2013/12/16,Mon,3.3140,3.3415,3.3420,3.3125
2013/12/15,Sun,,,,
2013/12/14,Sat,,,,
2013/12/13,Fri,3.3045,3.3225,3.3295,3.3000
2013/12/12,Thu,3.3010,3.3040,3.3175,3.2985
2013/12/11,Wed,3.2795,3.3060,3.3045,3.2755
2013/12/10,Tue,3.2610,3.2775,3.2885,3.2610
2013/12/09,Mon,3.2570,3.2680,3.2695,3.2440
2013/12/08,Sun,,,,
2013/12/07,Sat,,,,
2013/12/06,Fri,3.2275,3.2565,3.2675,3.2275
2013/12/05,Thu,3.2390,3.2380,3.2400,3.2325
2013/12/04,Wed,3.1950,3.2570,3.2550,3.1865
2013/12/03,Tue,3.1740,3.1825,3.1890,3.1740
2013/12/02,Mon,3.2090,3.1925,3.2145,3.1860
2013/12/01,Sun,,,,
2013/11/30,Sat,,,,
2013/11/29,Fri,3.2080,3.2155,3.2190,3.1940
2013/11/28,Thu,,,,
2013/11/27,Wed,3.2120,3.1930,3.2260,3.1875
2013/11/26,Tue,3.2350,3.2180,3.2380,3.2085
2013/11/25,Mon,3.2205,3.2285,3.2735,3.2085
2013/11/24,Sun,,,,
2013/11/23,Sat,,,,
2013/11/22,Fri,3.1945,3.2185,3.2225,3.1880
2013/11/21,Thu,3.1500,3.1965,3.2010,3.1500
2013/11/20,Wed,3.1645,3.1650,3.1790,3.1505
2013/11/19,Tue,3.1410,3.1625,3.1720,3.1350
2013/11/18,Mon,3.1735,3.1555,3.1795,3.1550
2013/11/17,Sun,,,,
2013/11/16,Sat,,,,
2013/11/15,Fri,3.1705,3.1775,3.1890,3.1545
2013/11/14,Thu,3.1840,3.1670,3.1890,3.1510
2013/11/13,Wed,3.2275,3.1660,3.2275,3.1600
2013/11/12,Tue,3.2595,3.2400,3.2595,3.2235
2013/11/11,Mon,3.2695,3.2650,3.2810,3.2530
2013/11/10,Sun,,,,
2013/11/09,Sat,,,,
2013/11/08,Fri,3.2445,3.2595,3.2690,3.2365
2013/11/07,Thu,3.2600,3.2540,3.2600,3.2375
2013/11/06,Wed,3.2665,3.2425,3.2790,3.2365
2013/11/05,Tue,3.2685,3.2640,3.2710,3.2550
2013/11/04,Mon,3.3065,3.2580,3.3075,3.2550
2013/11/03,Sun,,,,
2013/11/02,Sat,,,,
2013/11/01,Fri,3.3065,3.3030,3.3095,3.3020
2013/10/31,Thu,3.3060,3.3045,3.3155,3.3015
2013/10/30,Wed,3.2955,3.3280,3.3275,3.2955
2013/10/29,Tue,3.2630,3.2780,3.2960,3.2460
2013/10/28,Mon,3.2760,3.2690,3.2855,3.2570
2013/10/27,Sun,,,,
2013/10/26,Sat,,,,
2013/10/25,Fri,3.2675,3.2690,3.2730,3.2340
2013/10/24,Thu,3.2670,3.2635,3.2810,3.2455
2013/10/23,Wed,3.3335,3.2675,3.3345,3.2600
2013/10/22,Tue,3.3020,3.3355,3.3550,3.2960
2013/10/21,Mon,3.2945,3.3035,3.3115,3.2820
2013/10/20,Sun,,,,
2013/10/19,Sat,,,,
2013/10/18,Fri,3.3010,3.2990,3.3205,3.2870
2013/10/17,Thu,3.3090,3.2970,3.3250,3.2710
2013/10/16,Wed,3.3020,3.3080,3.3290,3.2635
2013/10/15,Tue,3.2955,3.3075,3.3100,3.2810
2013/10/14,Mon,3.2680,3.3030,3.3175,3.2445
2013/10/13,Sun,,,,
2013/10/12,Sat,,,,
2013/10/11,Fri,3.2435,3.2690,3.2735,3.2250
2013/10/10,Thu,3.2280,3.2485,3.2525,3.2150
2013/10/09,Wed,3.2895,3.2310,3.2985,3.2200
2013/10/08,Tue,3.2995,3.2925,3.3215,3.2825
2013/10/07,Mon,3.2985,3.2965,3.3130,3.2640
2013/10/06,Sun,,,,
2013/10/05,Sat,,,,
2013/10/04,Fri,3.2795,3.3010,3.3170,3.2580
2013/10/03,Thu,3.3090,3.2685,3.3250,3.2615
2013/10/02,Wed,3.2815,3.3160,3.3195,3.2480
2013/10/01,Tue,3.3245,3.2740,3.3375,3.2490
2013/09/30,Mon,3.3100,3.3230,3.3395,3.2940
2013/09/29,Sun,,,,
2013/09/28,Sat,,,,
2013/09/27,Fri,3.3000,3.3295,3.3310,3.2915
2013/09/26,Thu,3.2650,3.3050,3.3195,3.2645
2013/09/25,Wed,3.2650,3.2710,3.2755,3.2545
2013/09/24,Tue,3.2905,3.2555,3.2925,3.2380
2013/09/23,Mon,3.2975,3.2975,3.3040,3.2680
2013/09/22,Sun,,,,
2013/09/21,Sat,,,,
2013/09/20,Fri,3.3480,3.3190,3.3500,3.3025
2013/09/19,Thu,3.3135,3.3460,3.3530,3.3135
2013/09/18,Wed,3.2205,3.2785,3.3210,3.2145
2013/09/17,Tue,3.2205,3.2230,3.2340,3.2110
2013/09/16,Mon,3.2300,3.2220,3.2410,3.2200
2013/09/15,Sun,,,,
2013/09/14,Sat,,,,
2013/09/13,Fri,3.2015,3.2035,3.2200,3.1910
2013/09/12,Thu,3.2485,3.2100,3.2525,3.1945
2013/09/11,Wed,3.2700,3.2555,3.2775,3.2550
2013/09/10,Tue,3.2660,3.2610,3.2900,3.2555
2013/09/09,Mon,3.2795,3.2760,3.2955,3.2700
2013/09/08,Sun,,,,
2013/09/07,Sat,,,,
2013/09/06,Fri,3.2435,3.2585,3.2810,3.2435
2013/09/05,Thu,3.2370,3.2420,3.2485,3.2240
2013/09/04,Wed,3.3000,3.2390,3.3000,3.2300
2013/09/03,Tue,3.2600,3.3015,3.3220,3.2510
2013/09/02,Mon,,,,
2013/09/01,Sun,,,,
2013/08/31,Sat,,,,
2013/08/30,Fri,3.2635,3.2305,3.2750,3.2210
2013/08/29,Thu,3.3120,3.2570,3.3145,3.2520
2013/08/28,Wed,3.3305,3.3055,3.3470,3.3020
2013/08/27,Tue,3.3370,3.3305,3.3750,3.3115
2013/08/26,Mon,3.3520,3.3220,3.3900,3.3000
2013/08/25,Sun,,,,
2013/08/24,Sat,,,,
2013/08/23,Fri,3.3265,3.3510,3.3630,3.3265
2013/08/22,Thu,3.3040,3.3310,3.3705,3.3040
2013/08/21,Wed,3.3205,3.3080,3.3325,3.2925
2013/08/20,Tue,3.3270,3.3380,3.3400,3.3050
2013/08/19,Mon,3.3580,3.3320,3.3580,3.3225
2013/08/18,Sun,,,,
2013/08/17,Sat,,,,
2013/08/16,Fri,3.3605,3.3645,3.3730,3.3585
2013/08/15,Thu,3.3250,3.3385,3.3620,3.2900
2013/08/14,Wed,3.3100,3.3400,3.3450,3.3000
2013/08/13,Tue,3.3015,3.3180,3.3400,3.3005
2013/08/12,Mon,3.2880,3.3045,3.3215,3.2880
2013/08/11,Sun,,,,
2013/08/10,Sat,,,,
2013/08/09,Fri,3.2660,3.3085,3.3155,3.2485
2013/08/08,Thu,3.1985,3.2725,3.2760,3.1985
2013/08/07,Wed,3.1595,3.1770,3.1880,3.1400
2013/08/06,Tue,3.1915,3.1775,3.2045,3.1750
2013/08/05,Mon,3.1805,3.1735,3.1805,3.1635
2013/08/04,Sun,,,,
2013/08/03,Sat,,,,
2013/08/02,Fri,3.1595,3.1780,3.2035,3.1525
2013/08/01,Thu,3.1250,3.1710,3.1915,3.1165
2013/07/31,Wed,3.0750,3.1250,3.1255,3.0750
2013/07/30,Tue,3.0900,3.0485,3.0900,3.0450
2013/07/29,Mon,3.1050,3.1075,3.1175,3.0860
2013/07/28,Sun,,,,
2013/07/27,Sat,,,,
2013/07/26,Fri,3.1905,3.1055,3.1940,3.0945
2013/07/25,Thu,3.1830,3.1855,3.1955,3.1500
2013/07/24,Wed,3.2100,3.1790,3.2340,3.1650
2013/07/23,Tue,3.1760,3.1980,3.2180,3.1635
2013/07/22,Mon,3.1455,3.1850,3.2150,3.1440
2013/07/21,Sun,,,,
2013/07/20,Sat,,,,
2013/07/19,Fri,3.1295,3.1400,3.1625,3.1125
2013/07/18,Thu,3.1330,3.1315,3.1395,3.1065
2013/07/17,Wed,3.1745,3.1285,3.1980,3.1125
2013/07/16,Tue,3.1485,3.1865,3.1915,3.1330
2013/07/15,Mon,3.1600,3.1445,3.1690,3.1245
2013/07/14,Sun,,,,
2013/07/13,Sat,,,,
2013/07/12,Fri,3.1775,3.1550,3.1935,3.1360
2013/07/11,Thu,3.0965,3.1775,3.2010,3.0900
2013/07/10,Wed,3.0650,3.0910,3.0995,3.0310
2013/07/09,Tue,3.1015,3.0645,3.1160,3.0250
2013/07/08,Mon,3.0775,3.0995,3.1100,3.0580
2013/07/07,Sun,,,,
2013/07/06,Sat,,,,
2013/07/05,Fri,3.1690,3.0650,3.1785,3.0485
2013/07/04,Thu,,,,
2013/07/03,Wed,3.1370,3.1745,3.1790,3.1330
2013/07/02,Tue,3.1530,3.1430,3.1660,3.1270
2013/07/01,Mon,3.0450,3.1570,3.1745,3.0330
2013/06/30,Sun,,,,
2013/06/29,Sat,,,,
2013/06/28,Fri,3.0560,3.0575,3.0890,3.0155
2013/06/27,Thu,3.0500,3.0595,3.0775,3.0350
2013/06/26,Wed,3.0655,3.0390,3.0880,3.0165
2013/06/25,Tue,3.0225,3.0725,3.0815,2.9830
2013/06/24,Mon,3.0875,3.0250,3.0875,2.9895
2013/06/23,Sun,,,,
2013/06/22,Sat,,,,
2013/06/21,Fri,3.0505,3.0965,3.1075,3.0285
2013/06/20,Thu,3.1320,3.0665,3.1320,3.0410
2013/06/19,Wed,3.1640,3.1460,3.1775,3.1280
2013/06/18,Tue,3.2120,3.1610,3.2135,3.1510
2013/06/17,Mon,3.2275,3.2030,3.2275,3.1920
2013/06/16,Sun,,,,
2013/06/15,Sat,,,,
2013/06/14,Fri,3.2100,3.2080,3.2200,3.1955
2013/06/13,Thu,3.2190,3.1915,3.2350,3.1875
2013/06/12,Wed,3.2030,3.2325,3.2380,3.1840
2013/06/11,Tue,3.2530,3.2020,3.2800,3.1875
2013/06/10,Mon,3.2540,3.2480,3.2540,3.2100
2013/06/09,Sun,,,,
2013/06/08,Sat,,,,
2013/06/07,Fri,3.3425,3.2750,3.3425,3.2725
2013/06/06,Thu,3.3595,3.3255,3.3595,3.3165
2013/06/05,Wed,3.3840,3.3785,3.3980,3.3720
2013/06/04,Tue,3.3425,3.3760,3.3785,3.3425
2013/06/03,Mon,3.3310,3.3375,3.3430,3.3085
2013/06/02,Sun,,,,
2013/06/01,Sat,,,,
2013/05/31,Fri,3.3210,3.3000,3.3210,3.2750
2013/05/30,Thu,3.3255,3.3230,3.3290,3.3050
2013/05/29,Wed,3.3100,3.2970,3.3240,3.2720
2013/05/28,Tue,3.2925,3.3150,3.3455,3.2675
2013/05/27,Mon,,,,
2013/05/26,Sun,,,,
2013/05/25,Sat,,,,
2013/05/24,Fri,3.3235,3.2955,3.3295,3.2815
2013/05/23,Thu,3.3705,3.3040,3.3705,3.2670
2013/05/22,Wed,3.3365,3.3805,3.4180,3.3360
2013/05/21,Tue,3.3575,3.3435,3.3815,3.3225
2013/05/20,Mon,3.3175,3.3600,3.3725,3.2710
2013/05/19,Sun,,,,
2013/05/18,Sat,,,,
2013/05/17,Fri,3.2865,3.3230,3.3455,3.2805
2013/05/16,Thu,3.2780,3.2945,3.3130,3.2315
2013/05/15,Wed,3.2930,3.2650,3.3115,3.2240
2013/05/14,Tue,3.3530,3.2880,3.3790,3.2750
2013/05/13,Mon,3.3750,3.3595,3.3805,3.3375
2013/05/12,Sun,,,,
2013/05/11,Sat,,,,
2013/05/10,Fri,3.3350,3.3530,3.3855,3.3040
2013/05/09,Thu,3.3660,3.3405,3.3785,3.3150
2013/05/08,Wed,3.3045,3.3705,3.3990,3.2910
2013/05/07,Tue,3.2970,3.3025,3.3475,3.2630
2013/05/06,Mon,3.3005,3.3105,3.3300,3.2800
2013/05/05,Sun,,,,
2013/05/04,Sat,,,,
2013/05/03,Fri,3.1095,3.3145,3.3170,3.1060
2013/05/02,Thu,3.0660,3.1045,3.1375,3.0660
2013/05/01,Wed,3.1895,3.0800,3.1960,3.0425
2013/04/30,Tue,3.2235,3.1875,3.2475,3.1720
2013/04/29,Mon,3.1780,3.2265,3.2420,3.1555
2013/04/28,Sun,,,,
2013/04/27,Sat,,,,
2013/04/26,Fri,3.2500,3.1820,3.2825,3.1745
2013/04/25,Thu,3.1675,3.2390,3.2615,3.1545
2013/04/24,Wed,3.0820,3.1605,3.1920,3.0820
2013/04/23,Tue,3.1225,3.0975,3.1335,3.0690
2013/04/22,Mon,3.1500,3.1370,3.1530,3.0910
2013/04/21,Sun,,,,
2013/04/20,Sat,,,,
2013/04/19,Fri,3.1990,3.1560,3.2030,3.1190
2013/04/18,Thu,3.1860,3.2120,3.2170,3.0680
2013/04/17,Wed,3.3150,3.1955,3.3195,3.1840
2013/04/16,Tue,3.2880,3.3150,3.3165,3.2405
2013/04/15,Mon,3.3600,3.2825,3.3620,3.2070
2013/04/14,Sun,,,,
2013/04/13,Sat,,,,
2013/04/12,Fri,3.4300,3.3605,3.4395,3.3395
2013/04/11,Thu,3.4235,3.4445,3.4465,3.4000
2013/04/10,Wed,3.4460,3.4285,3.4500,3.4170
2013/04/09,Tue,3.3935,3.4515,3.4595,3.3935
2013/04/08,Mon,3.3635,3.3810,3.3965,3.3590
2013/04/07,Sun,,,,
2013/04/06,Sat,,,,
2013/04/05,Fri,3.3735,3.3540,3.3735,3.3405
2013/04/04,Thu,3.3395,3.3615,3.3795,3.3190
2013/04/03,Wed,3.3895,3.3430,3.3915,3.3335
2013/04/02,Tue,3.3830,3.3890,3.3935,3.3705
2013/04/01,Mon,3.3955,3.3850,3.3955,3.3520
2013/03/31,Sun,,,,
2013/03/30,Sat,,,,
2013/03/29,Fri,,,,
2013/03/28,Thu,3.4645,3.4125,3.4670,3.4115
2013/03/27,Wed,3.4565,3.4535,3.4655,3.4350
2013/03/26,Tue,3.4520,3.4425,3.4765,3.4385
2013/03/25,Mon,3.4655,3.4450,3.4865,3.4385
2013/03/24,Sun,,,,
2013/03/23,Sat,,,,
2013/03/22,Fri,3.4430,3.4660,3.4770,3.4320
2013/03/21,Thu,3.4380,3.4350,3.4950,3.4210
2013/03/20,Wed,3.3920,3.4465,3.4535,3.3905
2013/03/19,Tue,3.4135,3.4055,3.4410,3.3880
2013/03/18,Mon,3.5090,3.4280,3.5100,3.4100
2013/03/17,Sun,,,,
2013/03/16,Sat,,,,
2013/03/15,Fri,3.5345,3.5205,3.5600,3.5150
2013/03/14,Thu,3.5295,3.5365,3.5495,3.5115
2013/03/13,Wed,3.5490,3.5250,3.5670,3.5215
2013/03/12,Tue,3.5200,3.5545,3.5760,3.5000
2013/03/11,Mon,3.5080,3.5170,3.5225,3.4750
2013/03/10,Sun,,,,
2013/03/09,Sat,,,,
2013/03/08,Fri,3.5180,3.5090,3.5340,3.4990
2013/03/07,Thu,3.5050,3.5205,3.5345,3.4925
2013/03/06,Wed,3.5215,3.4930,3.5415,3.4870
2013/03/05,Tue,3.5200,3.5150,3.5445,3.5145
2013/03/04,Mon,3.5020,3.5015,3.5265,3.4825
2013/03/03,Sun,,,,
2013/03/02,Sat,,,,
2013/03/01,Fri,3.5530,3.5010,3.5580,3.4725
2013/02/28,Thu,3.5780,3.5475,3.6020,3.5445
2013/02/27,Wed,3.5895,3.5670,3.5950,3.5640
2013/02/26,Tue,3.5295,3.5745,3.5800,3.5275
2013/02/25,Mon,3.5525,3.5520,3.5800,3.5295
2013/02/24,Sun,,,,
2013/02/23,Sat,,,,
2013/02/22,Fri,3.5825,3.5425,3.5950,3.5350
2013/02/21,Thu,3.6160,3.5620,3.6160,3.5460
2013/02/20,Wed,3.6635,3.6170,3.6745,3.6035
2013/02/19,Tue,3.7130,3.6590,3.7220,3.6565
2013/02/18,Mon,,,,
2013/02/17,Sun,,,,
2013/02/16,Sat,,,,
2013/02/15,Fri,3.7490,3.7460,3.7535,3.7330
2013/02/14,Thu,3.7485,3.7455,3.7575,3.7390
2013/02/13,Wed,3.7560,3.7515,3.7645,3.7415
2013/02/12,Tue,3.7285,3.7530,3.7530,3.7230
2013/02/11,Mon,3.7590,3.7315,3.7595,3.7250
2013/02/10,Sun,,,,
2013/02/09,Sat,,,,
2013/02/08,Fri,3.7550,3.7685,3.7765,3.7550
2013/02/07,Thu,3.7520,3.7360,3.7520,3.7350
2013/02/06,Wed,3.7750,3.7485,3.7750,3.7465
2013/02/05,Tue,3.7765,3.7775,3.7880,3.7740
2013/02/04,Mon,3.7925,3.7755,3.7925,3.7735
2013/02/03,Sun,,,,
2013/02/02,Sat,,,,
2013/02/01,Fri,3.7350,3.7915,3.7895,3.7345
2013/01/31,Thu,3.7555,3.7395,3.7755,3.7345
2013/01/30,Wed,3.7095,3.7580,3.7620,3.7080
2013/01/29,Tue,3.6585,3.6915,3.6940,3.6525
2013/01/28,Mon,3.6560,3.6615,3.6770,3.6445
2013/01/27,Sun,,,,
2013/01/26,Sat,,,,
2013/01/25,Fri,3.6725,3.6520,3.6995,3.6405
2013/01/24,Thu,3.6725,3.6765,3.6965,3.6610
2013/01/23,Wed,3.7050,3.6845,3.7115,3.6765
2013/01/22,Tue,3.6840,3.7050,3.7075,3.6620
2013/01/21,Mon,,,,
2013/01/20,Sun,,,,
2013/01/19,Sat,,,,
2013/01/18,Fri,3.6585,3.6790,3.6975,3.6550
2013/01/17,Thu,3.6170,3.6620,3.6670,3.6010
2013/01/16,Wed,3.6395,3.6065,3.6455,3.5995
2013/01/15,Tue,3.6445,3.6375,3.6510,3.6060
2013/01/14,Mon,3.6595,3.6340,3.6890,3.6330
2013/01/13,Sun,,,,
2013/01/12,Sat,,,,
2013/01/11,Fri,3.7135,3.6540,3.7180,3.6520
2013/01/10,Thu,3.6710,3.7090,3.7180,3.6660
2013/01/09,Wed,3.6795,3.6705,3.7075,3.6645
2013/01/08,Tue,3.6840,3.6720,3.6915,3.6600
2013/01/07,Mon,3.7035,3.6780,3.7135,3.6525
2013/01/06,Sun,,,,
2013/01/05,Sat,,,,
2013/01/04,Fri,3.6935,3.6935,3.7070,3.6710
2013/01/03,Thu,3.7315,3.7170,3.7590,3.6900
2013/01/02,Wed,3.6510,3.7360,3.7590,3.6440
2013/01/01,Tue,,,,
2012/12/31,Mon,3.5880,3.6525,3.6550,3.5815
2012/12/30,Sun,,,,
2012/12/29,Sat,,,,
2012/12/28,Fri,3.6025,3.5895,3.6225,3.5860
2012/12/27,Thu,3.5900,3.5965,3.6050,3.5900
2012/12/26,Wed,3.5680,3.5910,3.6070,3.5570
2012/12/25,Tue,,,,
2012/12/24,Mon,3.5665,3.5410,3.5665,3.5430
2012/12/23,Sun,,,,
2012/12/22,Sat,,,,
2012/12/21,Fri,3.5405,3.5620,3.5685,3.5380
2012/12/20,Thu,3.5950,3.5305,3.5950,3.5250
2012/12/19,Wed,3.6505,3.6000,3.6525,3.5960
2012/12/18,Tue,3.6535,3.6480,3.6570,3.6390
2012/12/17,Mon,3.6770,3.6615,3.6770,3.6510
2012/12/16,Sun,,,,
2012/12/15,Sat,,,,
2012/12/14,Fri,3.6690,3.6780,3.6870,3.6685
2012/12/13,Thu,3.6975,3.6560,3.6975,3.6510
2012/12/12,Wed,3.6900,3.7120,3.7115,3.6755
2012/12/11,Tue,3.7000,3.6820,3.7000,3.6785
2012/12/10,Mon,3.6660,3.7015,3.7130,3.6660
2012/12/09,Sun,,,,
2012/12/08,Sat,,,,
2012/12/07,Fri,3.6445,3.6580,3.6700,3.6400
2012/12/06,Thu,3.6510,3.6395,3.6805,3.6330
2012/12/05,Wed,3.6500,3.6810,3.6865,3.6460
2012/12/04,Tue,3.6345,3.6495,3.6635,3.6345
2012/12/03,Mon,3.6425,3.6535,3.6575,3.6405
2012/12/02,Sun,,,,
2012/12/01,Sat,,,,
2012/11/30,Fri,3.5905,3.6450,3.6430,3.5905
2012/11/29,Thu,3.5550,3.6015,3.6170,3.5550
2012/11/28,Wed,3.5395,3.5315,3.5435,3.4900
2012/11/27,Tue,3.5440,3.5450,3.5570,3.5250
2012/11/26,Mon,3.5265,3.5430,3.5440,3.5155
2012/11/25,Sun,,,,
2012/11/24,Sat,,,,
2012/11/23,Fri,3.5190,3.5330,3.5340,3.4885
2012/11/22,Thu,,,,
2012/11/21,Wed,3.5265,3.5010,3.5315,3.4785
2012/11/20,Tue,3.5270,3.5215,3.5390,3.5155
2012/11/19,Mon,3.4850,3.5330,3.5425,3.4790
2012/11/18,Sun,,,,
2012/11/17,Sat,,,,
2012/11/16,Fri,3.4775,3.4575,3.4775,3.4295
2012/11/15,Thu,3.4565,3.4690,3.4790,3.4565
2012/11/14,Wed,3.4735,3.4605,3.4955,3.4490
2012/11/13,Tue,3.4615,3.4780,3.4910,3.4415
2012/11/12,Mon,3.4540,3.4745,3.4815,3.4540
2012/11/11,Sun,,,,
2012/11/10,Sat,,,,
2012/11/09,Fri,3.4895,3.4520,3.4895,3.4110
2012/11/08,Thu,3.4640,3.4755,3.4760,3.4490
2012/11/07,Wed,3.5075,3.4475,3.5460,3.4380
2012/11/06,Tue,3.4875,3.5120,3.5210,3.4865
2012/11/05,Mon,3.4750,3.4755,3.4865,3.4545
2012/11/04,Sun,,,,
2012/11/03,Sat,,,,
2012/11/02,Fri,3.5495,3.4870,3.5495,3.4800
2012/11/01,Thu,3.5495,3.5575,3.5700,3.5460
2012/10/31,Wed,3.5445,3.5230,3.5605,3.5195
2012/10/30,Tue,3.5130,3.5115,3.5330,3.4980
2012/10/29,Mon,3.5610,3.4945,3.5625,3.4820
2012/10/28,Sun,,,,
2012/10/27,Sat,,,,
2012/10/26,Fri,3.5555,3.5500,3.5685,3.5230
2012/10/25,Thu,3.5745,3.5505,3.5905,3.5380
2012/10/24,Wed,3.5720,3.5680,3.5975,3.5475
2012/10/23,Tue,3.6235,3.5695,3.6410,3.5480
2012/10/22,Mon,3.6375,3.6220,3.6525,3.6085
2012/10/21,Sun,,,,
2012/10/20,Sat,,,,
2012/10/19,Fri,3.7330,3.6375,3.7475,3.6270
2012/10/18,Thu,3.7435,3.7430,3.7650,3.7210
2012/10/17,Wed,3.7100,3.7480,3.7550,3.6885
2012/10/16,Tue,3.6960,3.7000,3.7235,3.6860
2012/10/15,Mon,3.7030,3.7015,3.7105,3.6460
2012/10/14,Sun,,,,
2012/10/13,Sat,,,,
2012/10/12,Fri,3.7450,3.7030,3.7565,3.6930
2012/10/11,Thu,3.7115,3.7515,3.7785,3.6920
2012/10/10,Wed,3.7245,3.7180,3.7280,3.6935
2012/10/09,Tue,3.7255,3.7180,3.7530,3.7070
2012/10/08,Mon,3.7700,3.7180,3.7700,3.7020
2012/10/07,Sun,,,,
2012/10/06,Sat,,,,
2012/10/05,Fri,3.7895,3.7780,3.8100,3.7500
2012/10/04,Thu,3.7730,3.7860,3.8130,3.7660
2012/10/03,Wed,3.7935,3.7840,3.7945,3.7610
2012/10/02,Tue,3.7760,3.8010,3.8225,3.7680
2012/10/01,Mon,3.7505,3.7855,3.7980,3.7215
2012/09/30,Sun,,,,
2012/09/29,Sat,,,,
2012/09/28,Fri,3.7465,3.7580,3.7770,3.7390
2012/09/27,Thu,3.7165,3.7440,3.7485,3.7000
2012/09/26,Wed,3.7410,3.7120,3.7475,3.6860
2012/09/25,Tue,3.7475,3.7620,3.7855,3.7385
2012/09/24,Mon,3.7660,3.7355,3.7660,3.7290
2012/09/23,Sun,,,,
2012/09/22,Sat,,,,
2012/09/21,Fri,3.7890,3.7930,3.8115,3.7815
2012/09/20,Thu,3.7940,3.7630,3.7940,3.7505
2012/09/19,Wed,3.7975,3.8180,3.8340,3.7930
2012/09/18,Tue,3.7700,3.7915,3.7970,3.7700
2012/09/17,Mon,3.8055,3.7965,3.8055,3.7450
2012/09/16,Sun,,,,
2012/09/15,Sat,,,,
2012/09/14,Fri,3.7560,3.8370,3.8355,3.7560
2012/09/13,Thu,3.6985,3.7130,3.7480,3.6645
2012/09/12,Wed,3.6925,3.6965,3.7295,3.6835
2012/09/11,Tue,3.6520,3.7005,3.7050,3.6520
2012/09/10,Mon,3.6475,3.6915,3.6965,3.6475
2012/09/09,Sun,,,,
2012/09/08,Sat,,,,
2012/09/07,Fri,3.5275,3.6475,3.6540,3.5275
2012/09/06,Thu,3.5225,3.5180,3.5315,3.5000
2012/09/05,Wed,3.4710,3.5295,3.5245,3.4655
2012/09/04,Tue,3.4800,3.4695,3.4890,3.4700
2012/09/03,Mon,,,,
2012/09/02,Sun,,,,
2012/09/01,Sat,,,,
2012/08/31,Fri,3.4465,3.4575,3.4570,3.4390
2012/08/30,Thu,3.4385,3.4465,3.4780,3.4385
2012/08/29,Wed,3.4640,3.4480,3.4650,3.4320
2012/08/28,Tue,3.4745,3.4670,3.4745,3.4470
2012/08/27,Mon,3.4850,3.4790,3.4935,3.4670
2012/08/26,Sun,,,,
2012/08/25,Sat,,,,
2012/08/24,Fri,3.4760,3.4860,3.4890,3.4625
2012/08/23,Thu,3.4730,3.4950,3.5125,3.4690
2012/08/22,Wed,3.4400,3.4580,3.4775,3.4330
2012/08/21,Tue,3.3815,3.4570,3.4680,3.3815
2012/08/20,Mon,3.3995,3.3750,3.4105,3.3590
2012/08/19,Sun,,,,
2012/08/18,Sat,,,,
2012/08/17,Fri,3.3865,3.4235,3.4250,3.3830
2012/08/16,Thu,3.3580,3.3875,3.3885,3.3480
2012/08/15,Wed,3.3605,3.3545,3.3675,3.3445
2012/08/14,Tue,3.3735,3.3645,3.3735,3.3535
2012/08/13,Mon,3.3980,3.3590,3.3980,3.3480
2012/08/12,Sun,,,,
2012/08/11,Sat,,,,
2012/08/10,Fri,3.3845,3.3980,3.4100,3.3670
2012/08/09,Thu,3.4400,3.4295,3.4400,3.4115
2012/08/08,Wed,3.4275,3.4260,3.4350,3.4210
2012/08/07,Tue,3.3780,3.4450,3.4515,3.3780
2012/08/06,Mon,3.3665,3.3940,3.3935,3.3520
2012/08/05,Sun,,,,
2012/08/04,Sat,,,,
2012/08/03,Fri,3.3245,3.3725,3.3730,3.3190
2012/08/02,Thu,3.3560,3.2960,3.3720,3.2970
2012/08/01,Wed,3.3690,3.3805,3.3785,3.3530
2012/07/31,Tue,3.4575,3.4235,3.4575,3.4220
2012/07/30,Mon,3.4280,3.4225,3.4280,3.4225
2012/07/29,Sun,,,,
2012/07/28,Sat,,,,
2012/07/27,Fri,3.3910,3.4260,3.4390,3.3790
2012/07/26,Thu,3.3860,3.3935,3.4380,3.3535
2012/07/25,Wed,3.3630,3.3745,3.4040,3.3320
2012/07/24,Tue,3.3800,3.3530,3.4015,3.3385
2012/07/23,Mon,3.4375,3.3800,3.4445,3.3420
2012/07/22,Sun,,,,
2012/07/21,Sat,,,,
2012/07/20,Fri,3.5270,3.4480,3.5285,3.4180
2012/07/19,Thu,3.4740,3.5345,3.5450,3.4695
2012/07/18,Wed,3.4685,3.4740,3.4835,3.4350
2012/07/17,Tue,3.4875,3.4555,3.5125,3.4325
2012/07/16,Mon,3.5040,3.4850,3.5080,3.4655
2012/07/15,Sun,,,,
2012/07/14,Sat,,,,
2012/07/13,Fri,3.4205,3.5040,3.5075,3.4125
2012/07/12,Thu,3.4305,3.4150,3.4390,3.3845
2012/07/11,Wed,3.3885,3.4475,3.4525,3.3885
2012/07/10,Tue,3.4380,3.3980,3.4400,3.3820
2012/07/09,Mon,3.4125,3.4315,3.4400,3.3965
2012/07/08,Sun,,,,
2012/07/07,Sat,,,,
2012/07/06,Fri,3.4910,3.4095,3.5050,3.4050
2012/07/05,Thu,3.5385,3.4930,3.5400,3.4695
2012/07/04,Wed,,,,
2012/07/03,Tue,3.4670,3.5400,3.5565,3.4630
2012/07/02,Mon,3.4950,3.4690,3.5025,3.4525
2012/07/01,Sun,,,,
2012/06/30,Sat,,,,
2012/06/29,Fri,3.3430,3.4965,3.5150,3.3300
2012/06/28,Thu,3.3495,3.3315,3.3675,3.3160
2012/06/27,Wed,3.3245,3.3550,3.3585,3.3075
2012/06/26,Tue,3.3350,3.3190,3.3385,3.3040
2012/06/25,Mon,3.3135,3.3230,3.3420,3.2895
2012/06/24,Sun,,,,
2012/06/23,Sat,,,,
2012/06/22,Fri,3.3095,3.3125,3.3190,3.2695
2012/06/21,Thu,3.3825,3.3035,3.3825,3.3010
2012/06/20,Wed,3.4245,3.3930,3.4370,3.3660
2012/06/19,Tue,3.3995,3.4380,3.4435,3.3870
2012/06/18,Mon,3.4505,3.3995,3.4505,3.3730
2012/06/17,Sun,,,,
2012/06/16,Sat,,,,
2012/06/15,Fri,3.3810,3.3875,3.4195,3.3810
2012/06/14,Thu,3.3320,3.3590,3.3665,3.3320
2012/06/13,Wed,3.3600,3.3445,3.3600,3.3235
2012/06/12,Tue,3.3100,3.3410,3.3600,3.3100
2012/06/11,Mon,3.3755,3.3485,3.3800,3.3395
2012/06/10,Sun,,,,
2012/06/09,Sat,,,,
2012/06/08,Fri,3.3560,3.2910,3.3560,3.2765
2012/06/07,Thu,3.3765,3.3765,3.4355,3.3375
2012/06/06,Wed,3.3175,3.3845,3.3830,3.3175
2012/06/05,Tue,3.3515,3.2950,3.3515,3.2925
2012/06/04,Mon,3.3475,3.3135,3.3500,3.3350
2012/06/03,Sun,,,,
2012/06/02,Sat,,,,
2012/06/01,Fri,3.3695,3.3200,3.3800,3.3100
2012/05/31,Thu,3.3750,3.3705,3.3760,3.3495
2012/05/30,Wed,3.4490,3.3945,3.4490,3.3815
2012/05/29,Tue,3.4490,3.4620,3.5085,3.4485
2012/05/28,Mon,,,,
2012/05/27,Sun,,,,
2012/05/26,Sat,,,,
2012/05/25,Fri,3.4325,3.4480,3.4675,3.4175
2012/05/24,Thu,3.4485,3.4285,3.4515,3.4045
2012/05/23,Wed,3.4640,3.3960,3.4775,3.3865
2012/05/22,Tue,3.5290,3.4870,3.5335,3.4520
2012/05/21,Mon,3.4500,3.5020,3.5380,3.4360
2012/05/20,Sun,,,,
2012/05/19,Sat,,,,
2012/05/18,Fri,3.4640,3.4685,3.5160,3.4315
2012/05/17,Thu,3.4780,3.4790,3.5215,3.4530
2012/05/16,Wed,3.5050,3.4780,3.5150,3.4490
2012/05/15,Tue,3.5125,3.5175,3.5585,3.4860
2012/05/14,Mon,3.6480,3.5540,3.6745,3.5010
2012/05/13,Sun,,,,
2012/05/12,Sat,,,,
2012/05/11,Fri,3.6795,3.6480,3.6835,3.6165
2012/05/10,Thu,3.6620,3.6905,3.7135,3.6435
2012/05/09,Wed,3.6890,3.6595,3.6945,3.6100
2012/05/08,Tue,3.7655,3.6775,3.7655,3.6565
2012/05/07,Mon,3.7075,3.7735,3.7785,3.6665
2012/05/06,Sun,,,,
2012/05/05,Sat,,,,
2012/05/04,Fri,3.7360,3.7210,3.7550,3.7025
2012/05/03,Thu,3.7850,3.7360,3.7910,3.7270
2012/05/02,Wed,3.8385,3.7870,3.8395,3.7665
2012/05/01,Tue,3.8370,3.8435,3.8555,3.8120
2012/04/30,Mon,3.8365,3.8295,3.8615,3.7965
2012/04/29,Sun,,,,
2012/04/28,Sat,,,,
2012/04/27,Fri,3.7790,3.8250,3.8395,3.7545
2012/04/26,Thu,3.7160,3.7710,3.7880,3.7005
2012/04/25,Wed,3.6860,3.7050,3.7175,3.6715
2012/04/24,Tue,3.6315,3.6780,3.6900,3.6310
2012/04/23,Mon,3.6680,3.6310,3.6740,3.6095
2012/04/22,Sun,,,,
2012/04/21,Sat,,,,
2012/04/20,Fri,3.6355,3.7030,3.7120,3.6355
2012/04/19,Thu,3.6335,3.6330,3.6540,3.6105
2012/04/18,Wed,3.6490,3.6355,3.6745,3.6200
2012/04/17,Tue,3.6200,3.6515,3.6530,3.6080
2012/04/16,Mon,3.6190,3.6330,3.6390,3.5775
2012/04/15,Sun,,,,
2012/04/14,Sat,,,,
2012/04/13,Fri,3.7205,3.6315,3.7220,3.6110
2012/04/12,Thu,3.6590,3.7245,3.7345,3.6585
2012/04/11,Wed,3.6565,3.6440,3.6680,3.6380
2012/04/10,Tue,3.7590,3.6545,3.7800,3.6560
2012/04/09,Mon,3.7840,3.7250,3.8015,3.7125
2012/04/08,Sun,,,,
2012/04/07,Sat,,,,
2012/04/06,Fri,,,,
2012/04/05,Thu,3.7975,3.8010,3.8290,3.7815
2012/04/04,Wed,3.8955,3.7960,3.8955,3.7955
2012/04/03,Tue,3.9170,3.9240,3.9495,3.8890
2012/04/02,Mon,3.8695,3.9250,3.9355,3.8420
2012/04/01,Sun,,,,
2012/03/31,Sat,,,,
2012/03/30,Fri,3.8390,3.8295,3.8505,3.8270
2012/03/29,Thu,3.8125,3.8015,3.8125,3.7700
2012/03/28,Wed,3.8675,3.7925,3.8700,3.7825
2012/03/27,Tue,3.8970,3.8800,3.9040,3.8550
2012/03/26,Mon,3.8055,3.8875,3.8995,3.7950
2012/03/25,Sun,,,,
2012/03/24,Sat,,,,
2012/03/23,Fri,3.7730,3.8085,3.8250,3.7625
2012/03/22,Thu,3.8360,3.7655,3.8570,3.7525
2012/03/21,Wed,3.8390,3.8455,3.8700,3.8275
2012/03/20,Tue,3.9050,3.8305,3.9100,3.8135
2012/03/19,Mon,3.8845,3.9090,3.9195,3.8550
2012/03/18,Sun,,,,
2012/03/17,Sat,,,,
2012/03/16,Fri,3.8965,3.8780,3.9400,3.8675
2012/03/15,Thu,3.8345,3.8975,3.9030,3.8250
2012/03/14,Wed,3.9120,3.8480,3.9180,3.8255
2012/03/13,Tue,3.8430,3.9025,3.9185,3.8415
2012/03/12,Mon,3.8550,3.8375,3.8650,3.8170
2012/03/11,Sun,,,,
2012/03/10,Sat,,,,
2012/03/09,Fri,3.7945,3.8585,3.8775,3.7880
2012/03/08,Thu,3.7710,3.7915,3.8310,3.7650
2012/03/07,Wed,3.7390,3.7670,3.7860,3.7140
2012/03/06,Tue,3.8635,3.7375,3.8830,3.7305
2012/03/05,Mon,3.9045,3.8595,3.9325,3.8355
2012/03/04,Sun,,,,
2012/03/03,Sat,,,,
2012/03/02,Fri,3.9315,3.9030,3.9495,3.8890
2012/03/01,Thu,3.8635,3.9315,3.9385,3.8485
2012/02/29,Wed,3.9175,3.8795,3.9615,3.8050
2012/02/28,Tue,3.8890,3.9215,3.9575,3.8670
2012/02/27,Mon,3.8640,3.8870,3.8920,3.8305
2012/02/26,Sun,,,,
2012/02/25,Sat,,,,
2012/02/24,Fri,3.8220,3.8675,3.8845,3.8000
2012/02/23,Thu,3.8285,3.8110,3.8410,3.7840
2012/02/22,Wed,3.8335,3.8395,3.8540,3.7995
2012/02/21,Tue,3.8055,3.8420,3.8450,3.7335
2012/02/20,Mon,,,,
2012/02/19,Sun,,,,
2012/02/18,Sat,,,,
2012/02/17,Fri,3.8305,3.7135,3.8305,3.7080
2012/02/16,Thu,3.7800,3.7960,3.8160,3.7380
2012/02/15,Wed,3.8360,3.8070,3.8655,3.7970
2012/02/14,Tue,3.8400,3.8205,3.8490,3.7935
2012/02/13,Mon,3.8870,3.8440,3.8980,3.8270
2012/02/12,Sun,,,,
2012/02/11,Sat,,,,
2012/02/10,Fri,3.9615,3.8660,3.9615,3.8575
2012/02/09,Thu,3.9010,3.9820,3.9835,3.8905
2012/02/08,Wed,3.8845,3.9150,3.9365,3.8845
2012/02/07,Tue,3.8600,3.8825,3.8860,3.8190
2012/02/06,Mon,3.8800,3.8715,3.8800,3.8585
2012/02/05,Sun,,,,
2012/02/04,Sat,,,,
2012/02/03,Fri,3.7900,3.9085,3.9180,3.7900
2012/02/02,Thu,3.8460,3.7885,3.8460,3.7800
2012/02/01,Wed,3.7850,3.8490,3.8525,3.7775
2012/01/31,Tue,3.8330,3.7970,3.8795,3.7720
2012/01/30,Mon,3.8385,3.8335,3.8465,3.8205
2012/01/29,Sun,,,,
2012/01/28,Sat,,,,
2012/01/27,Fri,3.8900,3.8890,3.9390,3.8630
2012/01/26,Thu,3.8495,3.9015,3.9105,3.8305
2012/01/25,Wed,3.8225,3.8295,3.8570,3.7600
2012/01/24,Tue,3.8150,3.8075,3.8260,3.7495
2012/01/23,Mon,3.7510,3.7985,3.8195,3.7220
2012/01/22,Sun,,,,
2012/01/21,Sat,,,,
2012/01/20,Fri,3.8120,3.7450,3.8340,3.7310
2012/01/19,Thu,3.7575,3.8005,3.8215,3.7570
2012/01/18,Wed,3.7235,3.7525,3.7725,3.6955
2012/01/17,Tue,3.6340,3.7295,3.7590,3.5940
2012/01/16,Mon,,,,
2012/01/15,Sun,,,,
2012/01/14,Sat,,,,
2012/01/13,Fri,3.6400,3.6370,3.6890,3.5790
2012/01/12,Thu,3.5500,3.6490,3.6710,3.5220
2012/01/11,Wed,3.5000,3.5460,3.5565,3.4705
2012/01/10,Tue,3.4240,3.5130,3.5175,3.4040
2012/01/09,Mon,3.4345,3.4160,3.4420,3.3780
2012/01/08,Sun,,,,
2012/01/07,Sat,,,,
2012/01/06,Fri,3.4115,3.4350,3.4650,3.3935
2012/01/05,Thu,3.4340,3.4265,3.4800,3.3845
2012/01/04,Wed,3.5210,3.4345,3.5245,3.4200
2012/01/03,Tue,3.4540,3.5285,3.5390,3.4540
2012/01/02,Mon,,,,
2012/01/01,Sun,,,,
2011/12/31,Sat,,,,
2011/12/30,Fri,3.3875,3.4360,3.4585,3.3775
2011/12/29,Thu,3.3550,3.3700,3.4015,3.3250
2011/12/28,Wed,3.4100,3.3640,3.4345,3.3485
2011/12/27,Tue,3.4200,3.4070,3.4430,3.4155
2011/12/26,Mon,,,,
2011/12/25,Sun,,,,
2011/12/24,Sat,,,,
2011/12/23,Fri,3.4450,3.4670,3.4750,3.4430
2011/12/22,Thu,3.3915,3.4130,3.4275,3.3600
2011/12/21,Wed,3.3770,3.3930,3.4220,3.3475
2011/12/20,Tue,3.2845,3.3675,3.3875,3.2845
2011/12/19,Mon,3.3300,3.3070,3.3300,3.2660
2011/12/18,Sun,,,,
2011/12/17,Sat,,,,
2011/12/16,Fri,3.2980,3.3300,3.3630,3.2970
2011/12/15,Thu,3.2965,3.2660,3.3160,3.2545
2011/12/14,Wed,3.4135,3.2780,3.4195,3.2590
2011/12/13,Tue,3.4500,3.4400,3.4920,3.4060
2011/12/12,Mon,3.5050,3.4625,3.5095,3.4455
2011/12/11,Sun,,,,
2011/12/10,Sat,,,,
2011/12/09,Fri,3.4930,3.5550,3.5565,3.4895
2011/12/08,Thu,3.5540,3.4980,3.6000,3.4910
2011/12/07,Wed,3.5795,3.5540,3.5895,3.5375
2011/12/06,Tue,3.5415,3.5735,3.5965,3.5385
2011/12/05,Mon,3.5800,3.6140,3.5800,3.5460
2011/12/04,Sun,,,,
2011/12/03,Sat,,,,
2011/12/02,Fri,3.5820,3.5825,3.6150,3.5615
2011/12/01,Thu,3.5760,3.5325,3.5760,3.5215
2011/11/30,Wed,3.3715,3.5735,3.5920,3.3205
2011/11/29,Tue,3.3665,3.3885,3.4110,3.3590
2011/11/28,Mon,3.3040,3.3655,3.4040,3.3040
2011/11/27,Sun,,,,
2011/11/26,Sat,,,,
2011/11/25,Fri,3.2665,3.2780,3.3230,3.2340
2011/11/24,Thu,,,,
2011/11/23,Wed,3.3200,3.2865,3.3625,3.2435
2011/11/22,Tue,3.3460,3.3410,3.3685,3.3200
2011/11/21,Mon,3.3990,3.3120,3.3990,3.2895
2011/11/20,Sun,,,,
2011/11/19,Sat,,,,
2011/11/18,Fri,3.3655,3.4120,3.4435,3.3500
2011/11/17,Thu,3.4335,3.3925,3.4750,3.3720
2011/11/16,Wed,3.5020,3.4940,3.5455,3.4520
2011/11/15,Tue,3.5140,3.5110,3.5200,3.4715
2011/11/14,Mon,3.5230,3.4975,3.5870,3.4875
2011/11/13,Sun,,,,
2011/11/12,Sat,,,,
2011/11/11,Fri,3.3970,3.4735,3.4860,3.3845
2011/11/10,Thu,3.4060,3.3845,3.4100,3.3350
2011/11/09,Wed,3.5800,3.4515,3.6005,3.4010
2011/11/08,Tue,3.5890,3.5440,3.5890,3.5325
2011/11/07,Mon,3.6500,3.5460,3.6500,3.5395
2011/11/06,Sun,,,,
2011/11/05,Sat,,,,
2011/11/04,Fri,3.6200,3.5745,3.6595,3.5560
2011/11/03,Thu,3.5620,3.5975,3.6025,3.4910
2011/11/02,Wed,3.5685,3.5895,3.6100,3.5585
2011/11/01,Tue,3.6405,3.5120,3.6600,3.4810
2011/10/31,Mon,3.6970,3.6420,3.6970,3.5885
2011/10/30,Sun,,,,
2011/10/29,Sat,,,,
2011/10/28,Fri,3.6830,3.7165,3.7250,3.6540
2011/10/27,Thu,3.4995,3.6920,3.7215,3.4980
2011/10/26,Wed,3.4135,3.4900,3.5880,3.3960
2011/10/25,Tue,3.4605,3.4205,3.5390,3.3580
2011/10/24,Mon,3.2455,3.4490,3.4700,3.2230
2011/10/23,Sun,,,,
2011/10/22,Sat,,,,
2011/10/21,Fri,3.0850,3.2230,3.2780,3.0770
2011/10/20,Thu,3.2215,3.0575,3.2350,3.0310
2011/10/19,Wed,3.3740,3.2580,3.3775,3.2060
2011/10/18,Tue,3.3340,3.3600,3.4205,3.2575
2011/10/17,Mon,3.4375,3.3780,3.4635,3.3320
2011/10/16,Sun,,,,
2011/10/15,Sat,,,,
2011/10/14,Fri,3.3280,3.4085,3.4355,3.3125
2011/10/13,Thu,3.3575,3.3070,3.3745,3.2860
2011/10/12,Wed,3.2750,3.3935,3.4115,3.2385
2011/10/11,Tue,3.3610,3.2905,3.3870,3.2305
2011/10/10,Mon,3.2800,3.3680,3.3910,3.2775
2011/10/09,Sun,,,,
2011/10/08,Sat,,,,
2011/10/07,Fri,3.2730,3.2735,3.3380,3.2580
2011/10/06,Thu,3.1270,3.2465,3.2805,3.1185
2011/10/05,Wed,3.1350,3.1060,3.1705,3.0255
2011/10/04,Tue,3.0510,3.1035,3.1550,3.0310
2011/10/03,Mon,3.1400,3.1505,3.1790,2.9940
2011/10/02,Sun,,,,
2011/10/01,Sat,,,,
2011/09/30,Fri,3.2300,3.1520,3.3180,3.0950
2011/09/29,Thu,3.1860,3.2460,3.2895,3.0800
2011/09/28,Wed,3.4100,3.2430,3.4125,3.1635
2011/09/27,Tue,3.3445,3.4360,3.4750,3.3070
2011/09/26,Mon,3.3150,3.2790,3.3500,3.0680
2011/09/25,Sun,,,,
2011/09/24,Sat,,,,
2011/09/23,Fri,3.4620,3.2760,3.4860,3.2395
2011/09/22,Thu,3.6940,3.4840,3.7090,3.4295
2011/09/21,Wed,3.7180,3.7595,3.7750,3.6895
2011/09/20,Tue,3.7600,3.7215,3.8140,3.7180
2011/09/19,Mon,3.9095,3.7775,3.9095,3.7645
2011/09/18,Sun,,,,
2011/09/17,Sat,,,,
2011/09/16,Fri,3.9500,3.9270,3.9835,3.9220
2011/09/15,Thu,3.9070,3.9525,3.9655,3.9070
2011/09/14,Wed,3.9200,3.8940,3.9365,3.8900
2011/09/13,Tue,3.9565,3.9660,3.9865,3.9565
2011/09/12,Mon,3.9600,3.9625,3.9835,3.9170
2011/09/11,Sun,,,,
2011/09/10,Sat,,,,
2011/09/09,Fri,4.0505,3.9980,4.0505,3.9960
2011/09/08,Thu,4.0880,4.1385,4.1400,4.0880
2011/09/07,Wed,4.1300,4.1270,4.1300,4.1300
2011/09/06,Tue,4.0900,4.0505,4.0900,4.0450
2011/09/05,Mon,,,,
2011/09/04,Sun,,,,
2011/09/03,Sat,,,,
2011/09/02,Fri,4.1250,4.1195,4.1250,4.0930
2011/09/01,Thu,4.1530,4.1555,4.1555,4.1385
2011/08/31,Wed,4.1680,4.1995,4.2080,4.1680
2011/08/30,Tue,4.1145,4.1360,4.1830,4.1145
2011/08/29,Mon,4.0875,4.0980,4.1210,4.0750
2011/08/28,Sun,,,,
2011/08/27,Sat,,,,
2011/08/26,Fri,4.0955,4.1070,4.1260,4.0600
2011/08/25,Thu,4.0300,4.0870,4.1060,4.0190
2011/08/24,Wed,4.0140,4.0050,4.0250,3.9950
2011/08/23,Tue,3.9510,4.0040,4.0410,3.9510
2011/08/22,Mon,3.9625,3.9635,4.0010,3.9405
2011/08/21,Sun,,,,
2011/08/20,Sat,,,,
2011/08/19,Fri,3.9670,3.9910,4.0220,3.9555
2011/08/18,Thu,4.0320,3.9750,4.0320,3.9405
2011/08/17,Wed,3.9845,4.0415,4.0850,3.9845
2011/08/16,Tue,4.0405,4.0030,4.0405,3.9660
2011/08/15,Mon,4.0515,4.0410,4.0515,4.0085
2011/08/14,Sun,,,,
2011/08/13,Sat,,,,
2011/08/12,Fri,4.0170,4.0210,4.0395,4.0025
2011/08/11,Thu,3.9930,4.0180,4.0790,3.9640
2011/08/10,Wed,4.0565,3.8985,4.0585,3.8860
2011/08/09,Tue,3.8950,3.9800,4.0625,3.8470
2011/08/08,Mon,4.0680,3.9715,4.1330,3.9370
2011/08/07,Sun,,,,
2011/08/06,Sat,,,,
2011/08/05,Fri,4.2290,4.1270,4.2290,4.0945
2011/08/04,Thu,4.3485,4.2460,4.3485,4.2250
2011/08/03,Wed,4.3500,4.3365,4.3950,4.3410
2011/08/02,Tue,4.4205,4.4050,4.4335,4.3895
2011/08/01,Mon,4.5165,4.4200,4.5165,4.4050
2011/07/31,Sun,,,,
2011/07/30,Sat,,,,
2011/07/29,Fri,4.5000,4.4895,4.5100,4.4350
2011/07/28,Thu,4.4650,4.4790,4.4805,4.4650
2011/07/27,Wed,4.4795,4.4465,4.4885,4.4210
2011/07/26,Tue,4.4090,4.4780,4.4860,4.3955
2011/07/25,Mon,4.3975,4.4065,4.4200,4.3705
2011/07/24,Sun,,,,
2011/07/23,Sat,,,,
2011/07/22,Fri,4.3850,4.4100,4.4260,4.3750
2011/07/21,Thu,4.4360,4.3835,4.4595,4.3650
2011/07/20,Wed,4.4700,4.4360,4.4800,4.4270
2011/07/19,Tue,4.4120,4.4680,4.4960,4.4045
2011/07/18,Mon,4.4150,4.4030,4.4485,4.3720
2011/07/17,Sun,,,,
2011/07/16,Sat,,,,
2011/07/15,Fri,4.3855,4.4130,4.4265,4.3550
2011/07/14,Thu,4.3915,4.3800,4.4175,4.3675
2011/07/13,Wed,4.3890,4.4035,4.4390,4.3730
2011/07/12,Tue,4.3740,4.3915,4.4085,4.3145
2011/07/11,Mon,4.4105,4.3680,4.4200,4.3340
2011/07/10,Sun,,,,
2011/07/09,Sat,,,,
2011/07/08,Fri,4.4265,4.4120,4.4565,4.3755
2011/07/07,Thu,4.3350,4.4420,4.4435,4.3255
2011/07/06,Wed,4.3410,4.3350,4.3480,4.3010
2011/07/05,Tue,4.3000,4.3475,4.3540,4.2825
2011/07/04,Mon,,,,
2011/07/03,Sun,,,,
2011/07/02,Sat,,,,
2011/07/01,Fri,4.2720,4.3025,4.3175,4.2485
2011/06/30,Thu,4.2260,4.2825,4.2875,4.2060
2011/06/29,Wed,4.1150,4.2240,4.2340,4.1125
2011/06/28,Tue,4.0830,4.1015,4.1135,4.0635
2011/06/27,Mon,4.0970,4.0615,4.1005,4.0500
2011/06/26,Sun,,,,
2011/06/25,Sat,,,,
2011/06/24,Fri,4.0805,4.1090,4.1360,4.0740
2011/06/23,Thu,4.0655,4.0500,4.0790,4.0310
2011/06/22,Wed,4.1030,4.1000,4.1045,4.0635
2011/06/21,Tue,4.0900,4.1000,4.1340,4.0765
2011/06/20,Mon,4.1025,4.0850,4.1025,4.0225
2011/06/19,Sun,,,,
2011/06/18,Sat,,,,
2011/06/17,Fri,4.1325,4.1135,4.1615,4.0905
2011/06/16,Thu,4.1300,4.1290,4.1405,4.0580
2011/06/15,Wed,4.1550,4.1325,4.1745,4.1220
2011/06/14,Tue,4.0450,4.1660,4.1695,4.0450
2011/06/13,Mon,4.0555,4.0460,4.0580,4.0365
2011/06/12,Sun,,,,
2011/06/11,Sat,,,,
2011/06/10,Fri,4.1200,4.0665,4.1225,4.0395
2011/06/09,Thu,4.1235,4.1180,4.1245,4.0585
2011/06/08,Wed,4.1600,4.1185,4.1600,4.0985
2011/06/07,Tue,4.1290,4.1600,4.1720,4.1290
2011/06/06,Mon,4.1470,4.1515,4.1680,4.1315
2011/06/05,Sun,,,,
2011/06/04,Sat,,,,
2011/06/03,Fri,4.1010,4.1445,4.1510,4.0755
2011/06/02,Thu,4.0970,4.0945,4.1110,4.0530
2011/06/01,Wed,4.1770,4.1165,4.1920,4.1020
2011/05/31,Tue,4.1910,4.1875,4.2115,4.1580
2011/05/30,Mon,,,,
2011/05/29,Sun,,,,
2011/05/28,Sat,,,,
2011/05/27,Fri,4.1345,4.1955,4.1975,4.1345
2011/05/26,Thu,4.1025,4.1110,4.1370,4.0715
2011/05/25,Wed,4.0195,4.1070,4.1270,4.0005
2011/05/24,Tue,3.9775,4.0130,4.0580,3.9620
2011/05/23,Mon,4.1020,3.9915,4.1105,3.9505
2011/05/22,Sun,,,,
2011/05/21,Sat,,,,
2011/05/20,Fri,4.0490,4.1215,4.1485,4.0380
2011/05/19,Thu,4.0960,4.0525,4.1195,4.0345
2011/05/18,Wed,4.0360,4.1050,4.1240,4.0230
2011/05/17,Tue,3.9700,3.9985,4.0395,3.9470
2011/05/16,Mon,4.0050,3.9905,4.0195,3.9465
2011/05/15,Sun,,,,
2011/05/14,Sat,,,,
2011/05/13,Fri,3.9715,3.9835,4.0470,3.9505
2011/05/12,Thu,3.9120,3.9705,3.9935,3.8535
2011/05/11,Wed,4.0445,3.9135,4.0685,3.8980
2011/05/10,Tue,4.0550,4.0420,4.0840,4.0040
2011/05/09,Mon,3.9850,4.0165,4.0705,3.9750
2011/05/08,Sun,,,,
2011/05/07,Sat,,,,
2011/05/06,Fri,3.9860,3.9755,4.0595,3.9280
2011/05/05,Thu,4.1260,3.9980,4.1420,3.9645
2011/05/04,Wed,4.2460,4.1340,4.2545,4.1250
2011/05/03,Tue,4.1750,4.2530,4.2670,4.1580
2011/05/02,Mon,4.1870,4.1960,4.2100,4.1075
2011/05/01,Sun,,,,
2011/04/30,Sat,,,,
2011/04/29,Fri,4.2625,4.1790,4.2840,4.1580
2011/04/28,Thu,4.2710,4.2615,4.3250,4.2250
2011/04/27,Wed,4.3555,4.2375,4.3555,4.2200
2011/04/26,Tue,4.3190,4.3300,4.3510,4.2665
2011/04/25,Mon,4.3995,4.3140,4.3995,4.2720
2011/04/24,Sun,,,,
2011/04/23,Sat,,,,
2011/04/22,Fri,,,,
2011/04/21,Thu,4.3700,4.4100,4.4095,4.3330
2011/04/20,Wed,4.2605,4.3500,4.3600,4.2600
2011/04/19,Tue,4.2290,4.2400,4.2680,4.1925
2011/04/18,Mon,4.2500,4.2085,4.2965,4.1830
2011/04/17,Sun,,,,
2011/04/16,Sat,,,,
2011/04/15,Fri,4.3005,4.2685,4.3195,4.2445
2011/04/14,Thu,4.3000,4.2945,4.3220,4.2555
2011/04/13,Wed,4.3865,4.3055,4.4070,4.2990
2011/04/12,Tue,4.4575,4.3940,4.4700,4.3755
2011/04/11,Mon,4.5415,4.4695,4.5415,4.4605
2011/04/10,Sun,,,,
2011/04/09,Sat,,,,
2011/04/08,Fri,4.4285,4.5110,4.5300,4.4280
2011/04/07,Thu,4.3720,4.4255,4.4390,4.3675
2011/04/06,Wed,4.2695,4.3790,4.3850,4.2695
2011/04/05,Tue,4.2735,4.2740,4.2965,4.2250
2011/04/04,Mon,4.2715,4.2645,4.3180,4.2365
2011/04/03,Sun,,,,
2011/04/02,Sat,,,,
2011/04/01,Fri,4.2770,4.2675,4.2770,4.2230
2011/03/31,Thu,4.2660,4.3170,4.3200,4.2565
2011/03/30,Wed,4.3545,4.2835,4.3745,4.2555
2011/03/29,Tue,4.3510,4.3465,4.3700,4.2925
2011/03/28,Mon,4.4275,4.3500,4.4355,4.3315
2011/03/27,Sun,,,,
2011/03/26,Sat,,,,
2011/03/25,Fri,4.4235,4.4190,4.4540,4.3990
2011/03/24,Thu,4.4250,4.4245,4.4545,4.3920
2011/03/23,Wed,4.3080,4.4285,4.4410,4.2900
2011/03/22,Tue,4.2965,4.3130,4.3195,4.2710
2011/03/21,Mon,4.3565,4.2860,4.3685,4.2665
2011/03/20,Sun,,,,
2011/03/19,Sat,,,,
2011/03/18,Fri,4.3480,4.3390,4.3760,4.3015
2011/03/17,Thu,4.1760,4.3440,4.3675,4.1460
2011/03/16,Wed,4.1900,4.1975,4.2700,4.1700
2011/03/15,Tue,4.2215,4.1370,4.2215,4.0760
2011/03/14,Mon,4.2275,4.1865,4.2275,4.1400
2011/03/13,Sun,,,,
2011/03/12,Sat,,,,
2011/03/11,Fri,4.2100,4.2075,4.2450,4.0860
2011/03/10,Thu,4.2150,4.1975,4.2290,4.1360
2011/03/09,Wed,4.3450,4.2125,4.3790,4.1830
2011/03/08,Tue,4.3455,4.3385,4.3585,4.2540
2011/03/07,Mon,4.4880,4.3270,4.5165,4.3040
2011/03/06,Sun,,,,
2011/03/05,Sat,,,,
2011/03/04,Fri,4.4910,4.4855,4.5540,4.4650
2011/03/03,Thu,4.4940,4.4900,4.5485,4.4705
2011/03/02,Wed,4.4650,4.4980,4.5185,4.4540
2011/03/01,Tue,4.4995,4.5095,4.5250,4.4485
2011/02/28,Mon,4.4635,4.4965,4.5065,4.4255
2011/02/27,Sun,,,,
2011/02/26,Sat,,,,
2011/02/25,Fri,4.3510,4.4550,4.4790,4.3370
2011/02/24,Thu,4.3240,4.3355,4.3535,4.2370
2011/02/23,Wed,4.3280,4.2840,4.3440,4.2585
2011/02/22,Tue,4.4955,4.3555,4.5075,4.3200
2011/02/21,Mon,,,,
2011/02/20,Sun,,,,
2011/02/19,Sat,,,,
2011/02/18,Fri,4.4795,4.4890,4.5300,4.4345
2011/02/17,Thu,4.4915,4.4910,4.5160,4.4225
2011/02/16,Wed,4.5300,4.4760,4.5355,4.4730
2011/02/15,Tue,4.6330,4.5410,4.6345,4.5270
2011/02/14,Mon,4.5765,4.6325,4.6325,4.5745
2011/02/13,Sun,,,,
2011/02/12,Sat,,,,
2011/02/11,Fri,4.5655,4.5415,4.5700,4.4970
2011/02/10,Thu,4.5150,4.5490,4.5485,4.4985
2011/02/09,Wed,4.5705,4.5300,4.5775,4.4960
2011/02/08,Tue,4.5380,4.5800,4.6000,4.5380
2011/02/07,Mon,4.6240,4.5810,4.6320,4.5460
2011/02/06,Sun,,,,
2011/02/05,Sat,,,,
2011/02/04,Fri,4.5445,4.5850,4.6145,4.5445
2011/02/03,Thu,4.5575,4.5500,4.5600,4.5360
2011/02/02,Wed,4.5510,4.5490,4.5510,4.5340
2011/02/01,Tue,4.4705,4.5510,4.5515,4.4705
2011/01/31,Mon,4.3685,4.4635,4.4650,4.3685
2011/01/30,Sun,,,,
2011/01/29,Sat,,,,
2011/01/28,Fri,4.2990,4.3780,4.4085,4.2990
2011/01/27,Thu,4.2900,4.3385,4.3555,4.2755
2011/01/26,Wed,4.2510,4.2670,4.2990,4.2240
2011/01/25,Tue,4.3435,4.2260,4.3525,4.2080
2011/01/24,Mon,4.3090,4.3485,4.3725,4.3090
2011/01/23,Sun,,,,
2011/01/22,Sat,,,,
2011/01/21,Fri,4.2540,4.3090,4.3375,4.2450
2011/01/20,Thu,4.3570,4.2720,4.3890,4.2285
2011/01/19,Wed,4.4340,4.3700,4.4675,4.3475
2011/01/18,Tue,4.4305,4.4280,4.4630,4.3665
2011/01/17,Mon,,,,
2011/01/16,Sun,,,,
2011/01/15,Sat,,,,
2011/01/14,Fri,4.3540,4.4120,4.4395,4.3465
2011/01/13,Thu,4.4170,4.3770,4.4255,4.3425
2011/01/12,Wed,4.3485,4.4115,4.4355,4.3400
2011/01/11,Tue,4.2870,4.3490,4.3620,4.2730
2011/01/10,Mon,4.2860,4.2645,4.3275,4.2540
2011/01/09,Sun,,,,
2011/01/08,Sat,,,,
2011/01/07,Fri,4.3275,4.2825,4.3520,4.2505
2011/01/06,Thu,4.4040,4.3295,4.4260,4.3115
2011/01/05,Wed,4.3830,4.4080,4.4195,4.2905
2011/01/04,Tue,4.4345,4.3690,4.4660,4.3530
2011/01/03,Mon,4.4550,4.4575,4.4980,4.4200
2011/01/02,Sun,,,,
2011/01/01,Sat,,,,
2010/12/31,Fri,4.3700,4.4470,4.4520,4.3675
2010/12/30,Thu,4.3125,4.3625,4.3790,4.3040
2010/12/29,Wed,4.2910,4.3100,4.3265,4.2910
2010/12/28,Tue,4.2985,4.3260,4.3295,4.2800
2010/12/27,Mon,4.2745,4.2780,4.2855,4.2535
2010/12/26,Sun,,,,
2010/12/25,Sat,,,,
2010/12/24,Fri,,,,
2010/12/23,Thu,4.2800,4.2565,4.2810,4.2240
2010/12/22,Wed,4.2905,4.2730,4.2905,4.2600
2010/12/21,Tue,4.2645,4.2745,4.2820,4.2625
2010/12/20,Mon,4.1950,4.2045,4.2170,4.1600
2010/12/19,Sun,,,,
2010/12/18,Sat,,,,
2010/12/17,Fri,4.1830,4.1575,4.1830,4.1330
2010/12/16,Thu,4.1110,4.1155,4.1175,4.0910
2010/12/15,Wed,4.1805,4.1305,4.1805,4.0850
2010/12/14,Tue,4.2020,4.2060,4.2150,4.1900
2010/12/13,Mon,4.1120,4.2045,4.2125,4.1120
2010/12/12,Sun,,,,
2010/12/11,Sat,,,,
2010/12/10,Fri,4.1060,4.1105,4.1360,4.0875
2010/12/09,Thu,4.1400,4.0860,4.1415,4.0710
2010/12/08,Wed,4.0155,4.0995,4.1110,4.0100
2010/12/07,Tue,4.0135,4.0495,4.1250,4.0035
2010/12/06,Mon,4.0000,4.0080,4.0205,3.9750
2010/12/05,Sun,,,,
2010/12/04,Sat,,,,
2010/12/03,Fri,3.9560,3.9990,4.0000,3.9550
2010/12/02,Thu,3.9450,3.9790,3.9880,3.9370
2010/12/01,Wed,3.8690,3.9475,3.9445,3.8235
2010/11/30,Tue,3.7820,3.8255,3.8280,3.7715
2010/11/29,Mon,3.7940,3.7655,3.7940,3.7455
2010/11/28,Sun,,,,
2010/11/27,Sat,,,,
2010/11/26,Fri,3.7730,3.7565,3.7905,3.7010
2010/11/25,Thu,,,,
2010/11/24,Wed,3.7035,3.7595,3.7790,3.7035
2010/11/23,Tue,3.7705,3.7045,3.7740,3.6615
2010/11/22,Mon,3.8450,3.7555,3.8695,3.7320
2010/11/21,Sun,,,,
2010/11/20,Sat,,,,
2010/11/19,Fri,3.8400,3.8370,3.8695,3.7890
2010/11/18,Thu,3.7620,3.8335,3.8500,3.7450
2010/11/17,Wed,3.7280,3.7295,3.7650,3.6170
2010/11/16,Tue,3.8960,3.7270,3.9095,3.6900
2010/11/15,Mon,3.8525,3.9235,3.9505,3.8520
2010/11/14,Sun,,,,
2010/11/13,Sat,,,,
2010/11/12,Fri,3.9785,3.8950,4.0300,3.8840
2010/11/11,Thu,3.9845,4.0245,4.0800,3.9845
2010/11/10,Wed,3.9905,3.9730,4.0170,3.9470
2010/11/09,Tue,3.9490,4.0470,4.0425,3.9320
2010/11/08,Mon,3.9775,3.9610,3.9810,3.9335
2010/11/07,Sun,,,,
2010/11/06,Sat,,,,
2010/11/05,Fri,3.9330,3.9535,3.9920,3.9260
2010/11/04,Thu,3.8325,3.9170,3.9135,3.8325
2010/11/03,Wed,3.8355,3.7905,3.8355,3.7765
2010/11/02,Tue,3.7970,3.8440,3.8435,3.7905
2010/11/01,Mon,3.7745,3.7905,3.8155,3.7705
2010/10/31,Sun,,,,
2010/10/30,Sat,,,,
2010/10/29,Fri,3.7615,3.7390,3.7630,3.7290
2010/10/28,Thu,3.8260,3.7925,3.8305,3.7970
2010/10/27,Wed,3.8810,3.7755,3.9000,3.7605
2010/10/26,Tue,3.8560,3.8690,3.8930,3.8395
2010/10/25,Mon,3.8130,3.8630,3.8895,3.8100
2010/10/24,Sun,,,,
2010/10/23,Sat,,,,
2010/10/22,Fri,3.7670,3.7970,3.8200,3.7515
2010/10/21,Thu,3.8020,3.7815,3.8500,3.7655
2010/10/20,Wed,3.7275,3.7935,3.8180,3.7200
2010/10/19,Tue,3.8515,3.7575,3.8675,3.7210
2010/10/18,Mon,3.8360,3.8550,3.8800,3.7780
2010/10/17,Sun,,,,
2010/10/16,Sat,,,,
2010/10/15,Fri,3.8080,3.8390,3.8645,3.7945
2010/10/14,Thu,3.8205,3.8155,3.8675,3.7615
2010/10/13,Wed,3.8040,3.8205,3.8410,3.7950
2010/10/12,Tue,3.7855,3.7895,3.8135,3.7175
2010/10/11,Mon,3.7840,3.7895,3.8200,3.7725
2010/10/10,Sun,,,,
2010/10/09,Sat,,,,
2010/10/08,Fri,3.6890,3.7745,3.8015,3.6565
2010/10/07,Thu,3.7625,3.6795,3.7845,3.6565
2010/10/06,Wed,3.7255,3.7530,3.7895,3.7230
2010/10/05,Tue,3.6660,3.7265,3.7450,3.6445
2010/10/04,Mon,3.6970,3.6640,3.7190,3.6530
2010/10/03,Sun,,,,
2010/10/02,Sat,,,,
2010/10/01,Fri,3.6550,3.6905,3.7220,3.6535
2010/09/30,Thu,3.6520,3.6515,3.6690,3.6200
2010/09/29,Wed,3.6340,3.6615,3.6735,3.6195
2010/09/28,Tue,3.5865,3.6360,3.6345,3.5705
2010/09/27,Mon,3.5965,3.5965,3.6110,3.5940
2010/09/26,Sun,,,,
2010/09/25,Sat,,,,
2010/09/24,Fri,3.5950,3.6170,3.6320,3.5950
2010/09/23,Thu,3.5650,3.5890,3.5925,3.5650
2010/09/22,Wed,3.5000,3.5630,3.5720,3.5000
2010/09/21,Tue,3.5075,3.4805,3.5150,3.4800
2010/09/20,Mon,3.5190,3.5035,3.5325,3.5050
2010/09/19,Sun,,,,
2010/09/18,Sat,,,,
2010/09/17,Fri,3.4885,3.5220,3.5510,3.4885
2010/09/16,Thu,3.4535,3.4925,3.5100,3.4495
2010/09/15,Wed,3.4610,3.4650,3.4705,3.4530
2010/09/14,Tue,3.4670,3.4665,3.4945,3.4390
2010/09/13,Mon,3.4655,3.4775,3.4880,3.4655
2010/09/12,Sun,,,,
2010/09/11,Sat,,,,
2010/09/10,Fri,3.4150,3.4035,3.4455,3.3985
2010/09/09,Thu,3.4260,3.4405,3.4360,3.4200
2010/09/08,Wed,3.4675,3.4970,3.4950,3.4675
2010/09/07,Tue,3.5000,3.4690,3.5000,3.4475
2010/09/06,Mon,,,,
2010/09/05,Sun,,,,
2010/09/04,Sat,,,,
2010/09/03,Fri,3.4780,3.4985,3.5280,3.4780
2010/09/02,Thu,3.4730,3.4935,3.5010,3.4730
2010/09/01,Wed,3.4325,3.4755,3.4790,3.4245
2010/08/31,Tue,3.4030,3.3685,3.4030,3.3630
2010/08/30,Mon,3.4135,3.4255,3.4300,3.4000
2010/08/29,Sun,,,,
2010/08/28,Sat,,,,
2010/08/27,Fri,3.2990,3.3740,3.3925,3.2990
2010/08/26,Thu,3.2365,3.3145,3.3200,3.2350
2010/08/25,Wed,3.2310,3.2205,3.2655,3.1930
2010/08/24,Tue,3.2800,3.2510,3.2800,3.2235
2010/08/23,Mon,3.3080,3.3005,3.3080,3.2850
2010/08/22,Sun,,,,
2010/08/21,Sat,,,,
2010/08/20,Fri,3.3285,3.2995,3.3285,3.2630
2010/08/19,Thu,3.3510,3.3275,3.3890,3.3015
2010/08/18,Wed,3.3365,3.3580,3.3610,3.3200
2010/08/17,Tue,3.2880,3.3465,3.3580,3.2880
2010/08/16,Mon,3.2680,3.2880,3.3045,3.2600
2010/08/15,Sun,,,,
2010/08/14,Sat,,,,
2010/08/13,Fri,3.2880,3.2605,3.3105,3.2480
2010/08/12,Thu,3.2570,3.2930,3.3005,3.2430
2010/08/11,Wed,3.3195,3.2630,3.3220,3.2565
2010/08/10,Tue,3.3605,3.3215,3.3605,3.2835
2010/08/09,Mon,3.3795,3.3625,3.3965,3.3560
2010/08/08,Sun,,,,
2010/08/07,Sat,,,,
2010/08/06,Fri,3.3600,3.3515,3.3800,3.3505
2010/08/05,Thu,3.4120,3.3615,3.4120,3.3545
2010/08/04,Wed,3.3635,3.4125,3.4025,3.3615
2010/08/03,Tue,3.3745,3.3665,3.3745,3.3480
2010/08/02,Mon,3.3220,3.3980,3.3995,3.3220
2010/08/01,Sun,,,,
2010/07/31,Sat,,,,
2010/07/30,Fri,3.2780,3.3200,3.3230,3.2670
2010/07/29,Thu,3.2575,3.2990,3.3035,3.2575
2010/07/28,Wed,3.1980,3.2455,3.2650,3.1860
2010/07/27,Tue,3.2275,3.2065,3.2365,3.1760
2010/07/26,Mon,3.1975,3.2230,3.2380,3.1660
2010/07/25,Sun,,,,
2010/07/24,Sat,,,,
2010/07/23,Fri,3.1620,3.1850,3.2260,3.1440
2010/07/22,Thu,3.0690,3.1645,3.1930,3.0475
2010/07/21,Wed,3.0235,3.0930,3.1065,2.9980
2010/07/20,Tue,2.9315,3.0015,3.0300,2.9315
2010/07/19,Mon,2.9330,2.9380,2.9625,2.9250
2010/07/18,Sun,,,,
2010/07/17,Sat,,,,
2010/07/16,Fri,3.0200,2.9295,3.0300,2.9285
2010/07/15,Thu,3.0000,3.0120,3.0450,2.9870
2010/07/14,Wed,3.0390,3.0085,3.0560,2.9855
2010/07/13,Tue,3.0250,3.0175,3.0430,2.9720
2010/07/12,Mon,3.0565,3.0090,3.0650,2.9850
2010/07/11,Sun,,,,
2010/07/10,Sat,,,,
2010/07/09,Fri,3.0295,3.0535,3.0705,3.0160
2010/07/08,Thu,3.0380,3.0155,3.0545,2.9910
2010/07/07,Wed,2.9645,3.0150,3.0470,2.9435
2010/07/06,Tue,2.9285,2.9710,3.0200,2.9050
2010/07/05,Mon,,,,
2010/07/04,Sun,,,,
2010/07/03,Sat,,,,
2010/07/02,Fri,2.8955,2.9160,2.9580,2.8945
2010/07/01,Thu,2.9100,2.8770,2.9360,2.8555
2010/06/30,Wed,2.9340,2.9505,2.9745,2.8705
2010/06/29,Tue,3.0915,2.9305,3.0980,2.9235
2010/06/28,Mon,3.1000,3.0805,3.1115,3.0620
2010/06/27,Sun,,,,
2010/06/26,Sat,,,,
2010/06/25,Fri,3.0090,3.1035,3.1075,2.9820
2010/06/24,Thu,2.9630,3.0160,3.0215,2.9545
2010/06/23,Wed,2.9720,2.9465,2.9980,2.9300
2010/06/22,Tue,2.9700,3.0020,3.0010,2.9300
2010/06/21,Mon,2.9370,2.9515,3.0410,2.9345
2010/06/20,Sun,,,,
2010/06/19,Sat,,,,
2010/06/18,Fri,2.9320,2.8930,2.9320,2.8580
2010/06/17,Thu,2.9890,2.9155,2.9890,2.9045
2010/06/16,Wed,3.0525,3.0055,3.0525,2.9645
2010/06/15,Tue,2.9810,3.0150,3.0350,2.9700
2010/06/14,Mon,2.9560,3.0030,3.0315,2.9560
2010/06/13,Sun,,,,
2010/06/12,Sat,,,,
2010/06/11,Fri,2.8920,2.9145,2.9485,2.8810
2010/06/10,Thu,2.8375,2.8725,2.9140,2.8155
2010/06/09,Wed,2.8325,2.8600,2.8800,2.7795
2010/06/08,Tue,2.7700,2.7900,2.8145,2.7420
2010/06/07,Mon,2.8000,2.7765,2.8055,2.7370
2010/06/06,Sun,,,,
2010/06/05,Sat,,,,
2010/06/04,Fri,2.9650,2.8295,2.9955,2.8050
2010/06/03,Thu,3.0805,2.9565,3.0805,2.9400
2010/06/02,Wed,3.0520,3.0505,3.0675,2.9850
2010/06/01,Tue,3.1325,3.0730,3.1415,3.0320
2010/05/31,Mon,,,,
2010/05/30,Sun,,,,
2010/05/29,Sat,,,,
2010/05/28,Fri,3.1675,3.1150,3.1750,3.1175
2010/05/27,Thu,3.0650,3.1690,3.1800,3.0650
2010/05/26,Wed,3.0885,3.0805,3.1185,3.0525
2010/05/25,Tue,3.1190,3.0420,3.1195,3.0075
2010/05/24,Mon,3.0905,3.1475,3.1510,3.0585
2010/05/23,Sun,,,,
2010/05/22,Sat,,,,
2010/05/21,Fri,2.9460,3.0610,3.1145,2.9415
2010/05/20,Thu,2.9930,2.9445,3.0455,2.9005
2010/05/19,Wed,2.9965,2.9595,3.0135,2.9265
2010/05/18,Tue,2.9660,3.0310,3.0690,2.9410
2010/05/17,Mon,3.1140,2.9320,3.1230,2.9140
2010/05/16,Sun,,,,
2010/05/15,Sat,,,,
2010/05/14,Fri,3.2200,3.1340,3.2280,3.1170
2010/05/13,Thu,3.1760,3.2315,3.2590,3.1755
2010/05/12,Wed,3.1725,3.1880,3.2440,3.1350
2010/05/11,Tue,3.2270,3.2065,3.2375,3.1285
2010/05/10,Mon,3.1905,3.2280,3.2675,3.1665
2010/05/09,Sun,,,,
2010/05/08,Sat,,,,
2010/05/07,Fri,3.0775,3.1445,3.1790,3.0620
2010/05/06,Thu,3.1515,3.1170,3.2090,3.0500
2010/05/05,Wed,3.1705,3.1515,3.2055,3.0055
2010/05/04,Tue,3.2950,3.1785,3.3280,3.1660
2010/05/03,Mon,3.3560,3.2935,3.3635,3.2735
2010/05/02,Sun,,,,
2010/05/01,Sat,,,,
2010/04/30,Fri,3.3585,3.3535,3.3935,3.3355
2010/04/29,Thu,3.4020,3.3505,3.4130,3.3340
2010/04/28,Wed,3.3730,3.3775,3.3940,3.3355
2010/04/27,Tue,3.5390,3.3735,3.5410,3.3595
2010/04/26,Mon,3.5500,3.5385,3.5610,3.5275
2010/04/25,Sun,,,,
2010/04/24,Sat,,,,
2010/04/23,Fri,3.5165,3.5215,3.5300,3.4750
2010/04/22,Thu,3.5150,3.4970,3.5400,3.4750
2010/04/21,Wed,3.5200,3.5470,3.5480,3.4855
2010/04/20,Tue,3.5110,3.5250,3.5605,3.5110
2010/04/19,Mon,3.5215,3.5080,3.5390,3.4640
2010/04/18,Sun,,,,
2010/04/17,Sat,,,,
2010/04/16,Fri,3.6000,3.5255,3.6160,3.5050
2010/04/15,Thu,3.6215,3.6115,3.6235,3.5750
2010/04/14,Wed,3.6050,3.6205,3.6290,3.6025
2010/04/13,Tue,3.5870,3.6110,3.6105,3.5605
2010/04/12,Mon,3.6350,3.5755,3.6545,3.5600
2010/04/11,Sun,,,,
2010/04/10,Sat,,,,
2010/04/09,Fri,3.6075,3.6005,3.6285,3.5935
2010/04/08,Thu,3.5715,3.5975,3.6000,3.5550
2010/04/07,Wed,3.6310,3.6080,3.6310,3.5850
2010/04/06,Tue,3.6310,3.6275,3.6485,3.6135
2010/04/05,Mon,3.5935,3.6420,3.6460,3.5935
2010/04/04,Sun,,,,
2010/04/03,Sat,,,,
2010/04/02,Fri,,,,
2010/04/01,Thu,3.5585,3.5935,3.6100,3.5550
2010/03/31,Wed,3.5580,3.5630,3.5790,3.5350
2010/03/30,Tue,3.5460,3.5720,3.5825,3.5095
2010/03/29,Mon,3.4115,3.5355,3.5490,3.4115
2010/03/28,Sun,,,,
2010/03/27,Sat,,,,
2010/03/26,Fri,3.3535,3.4030,3.4340,3.3375
2010/03/25,Thu,3.3300,3.3805,3.3870,3.3205
2010/03/24,Wed,3.3750,3.3455,3.3875,3.3210
2010/03/23,Tue,3.3855,3.3790,3.4095,3.3580
2010/03/22,Mon,3.3770,3.3805,3.3900,3.3105
2010/03/21,Sun,,,,
2010/03/20,Sat,,,,
2010/03/19,Fri,3.3945,3.3725,3.4240,3.3565
2010/03/18,Thu,3.4245,3.3955,3.4280,3.3755
2010/03/17,Wed,3.3740,3.4180,3.4360,3.3715
2010/03/16,Tue,3.3220,3.3650,3.3840,3.3100
2010/03/15,Mon,3.3830,3.3150,3.3915,3.2900
2010/03/14,Sun,,,,
2010/03/13,Sat,,,,
2010/03/12,Fri,3.3900,3.3800,3.4065,3.3585
2010/03/11,Thu,3.3800,3.3770,3.3995,3.3385
2010/03/10,Wed,3.3990,3.3680,3.4460,3.3505
2010/03/09,Tue,3.4250,3.4115,3.4250,3.3550
2010/03/08,Mon,3.4180,3.4105,3.4650,3.3855
2010/03/07,Sun,,,,
2010/03/06,Sat,,,,
2010/03/05,Fri,3.3755,3.4175,3.4585,3.3655
2010/03/04,Thu,3.4220,3.3755,3.4350,3.3485
2010/03/03,Wed,3.4055,3.4350,3.4720,3.3510
2010/03/02,Tue,3.3455,3.4115,3.4150,3.2900
2010/03/01,Mon,3.3830,3.3500,3.4870,3.3220
2010/02/28,Sun,,,,
2010/02/27,Sat,,,,
2010/02/26,Fri,3.2300,3.2840,3.2950,3.2030
2010/02/25,Thu,3.2375,3.2100,3.2875,3.1660
2010/02/24,Wed,3.2240,3.2460,3.2540,3.1875
2010/02/23,Tue,3.3060,3.2260,3.3560,3.2060
2010/02/22,Mon,3.3675,3.3195,3.3680,3.2995
2010/02/21,Sun,,,,
2010/02/20,Sat,,,,
2010/02/19,Fri,3.2560,3.3695,3.3700,3.2245
2010/02/18,Thu,3.2175,3.2965,3.3325,3.1900
2010/02/17,Wed,3.2270,3.2495,3.2690,3.2100
2010/02/16,Tue,3.0925,3.2310,3.2325,3.0750
2010/02/15,Mon,,,,
2010/02/14,Sun,,,,
2010/02/13,Sat,,,,
2010/02/12,Fri,3.1465,3.0925,3.1465,3.0635
2010/02/11,Thu,3.0140,3.1430,3.1495,3.0140
2010/02/10,Wed,2.9860,2.9990,3.0085,2.9415
2010/02/09,Tue,2.9060,2.9965,3.0060,2.9060
2010/02/08,Mon,2.8800,2.9220,2.9240,2.8775
2010/02/07,Sun,,,,
2010/02/06,Sat,,,,
2010/02/05,Fri,2.8940,2.8660,2.9000,2.8300
2010/02/04,Thu,2.9955,2.8865,2.9955,2.8650
2010/02/03,Wed,3.1325,2.9805,3.1500,2.9650
2010/02/02,Tue,3.0905,3.0965,3.1230,3.0655
2010/02/01,Mon,3.0150,3.0910,3.1135,3.0150
2010/01/31,Sun,,,,
2010/01/30,Sat,,,,
2010/01/29,Fri,3.1050,3.0595,3.1550,3.0450
2010/01/28,Thu,3.2095,3.1060,3.2495,3.1025
2010/01/27,Wed,3.3395,3.2225,3.3570,3.1740
2010/01/26,Tue,3.3830,3.3395,3.3965,3.3060
2010/01/25,Mon,3.3260,3.3930,3.4025,3.3240
2010/01/24,Sun,,,,
2010/01/23,Sat,,,,
2010/01/22,Fri,3.2915,3.3470,3.3735,3.2670
2010/01/21,Thu,3.3580,3.2950,3.4065,3.2815
2010/01/20,Wed,3.4495,3.3550,3.4700,3.3385
2010/01/19,Tue,3.3690,3.4470,3.4600,3.3580
2010/01/18,Mon,,,,
2010/01/17,Sun,,,,
2010/01/16,Sat,,,,
2010/01/15,Fri,3.4055,3.3660,3.4260,3.3480
2010/01/14,Thu,3.4200,3.3875,3.4440,3.3830
2010/01/13,Wed,3.3295,3.4000,3.4285,3.3150
2010/01/12,Tue,3.4455,3.3495,3.4625,3.3050
2010/01/11,Mon,3.4300,3.4410,3.5040,3.4130
2010/01/10,Sun,,,,
2010/01/09,Sat,,,,
2010/01/08,Fri,3.4340,3.4005,3.4480,3.3915
2010/01/07,Thu,3.4905,3.4270,3.5440,3.4255
2010/01/06,Wed,3.4190,3.4945,3.5220,3.4125
2010/01/05,Tue,3.4135,3.4135,3.4295,3.3820
2010/01/04,Mon,3.3500,3.4060,3.4290,3.3465
2010/01/03,Sun,,,,
2010/01/02,Sat,,,,
2010/01/01,Fri,,,,
2009/12/31,Thu,3.3430,3.3465,3.3790,3.3360
2009/12/30,Wed,3.3020,3.3450,3.3620,3.2935
2009/12/29,Tue,3.2915,3.3055,3.3090,3.2900
2009/12/28,Mon,3.3305,3.3280,3.3320,3.3060
2009/12/27,Sun,,,,
2009/12/26,Sat,,,,
2009/12/25,Fri,,,,
2009/12/24,Thu,3.1940,3.2830,3.2590,3.1940
2009/12/23,Wed,3.1040,3.1965,3.2005,3.1410
2009/12/22,Tue,3.1265,3.1310,3.1305,3.1115
2009/12/21,Mon,3.1365,3.1515,3.1585,3.1360
2009/12/20,Sun,,,,
2009/12/19,Sat,,,,
2009/12/18,Fri,3.1420,3.1315,3.1420,3.1050
2009/12/17,Thu,3.1680,3.1210,3.1775,3.1130
2009/12/16,Wed,3.1445,3.1980,3.2070,3.1445
2009/12/15,Tue,3.1530,3.1335,3.1545,3.1065
2009/12/14,Mon,3.1365,3.1435,3.1510,3.1130
2009/12/13,Sun,,,,
2009/12/12,Sat,,,,
2009/12/11,Fri,3.1320,3.1245,3.1320,3.1070
2009/12/10,Thu,3.1140,3.0945,3.1300,3.0760
2009/12/09,Wed,3.1530,3.1140,3.1715,3.1000
2009/12/08,Tue,3.1995,3.1560,3.2300,3.1390
2009/12/07,Mon,3.2015,3.2005,3.2080,3.1550
2009/12/06,Sun,,,,
2009/12/05,Sat,,,,
2009/12/04,Fri,3.2200,3.2285,3.2565,3.1930
2009/12/03,Thu,3.2400,3.2365,3.2475,3.2300
2009/12/02,Wed,3.2550,3.2495,3.2600,3.2375
2009/12/01,Tue,3.1750,3.2220,3.2095,3.1495
2009/11/30,Mon,3.1250,3.1680,3.1735,3.1250
2009/11/29,Sun,,,,
2009/11/28,Sat,,,,
2009/11/27,Fri,3.1600,3.1165,3.1600,3.0300
2009/11/26,Thu,,,,
2009/11/25,Wed,3.1415,3.1795,3.1920,3.1415
2009/11/24,Tue,3.1500,3.1265,3.1500,3.1040
2009/11/23,Mon,3.1445,3.1455,3.1850,3.1265
2009/11/22,Sun,,,,
2009/11/21,Sat,,,,
2009/11/20,Fri,3.1025,3.1190,3.1310,3.0650
2009/11/19,Thu,3.1445,3.0915,3.1445,3.0750
2009/11/18,Wed,3.1280,3.1210,3.1790,3.1155
2009/11/17,Tue,3.1090,3.1185,3.1255,3.0850
2009/11/16,Mon,3.0060,3.1140,3.1375,3.0060
2009/11/15,Sun,,,,
2009/11/14,Sat,,,,
2009/11/13,Fri,2.9560,2.9830,2.9825,2.9445
2009/11/12,Thu,2.9940,2.9570,2.9995,2.9405
2009/11/11,Wed,2.9770,2.9750,3.0300,2.9665
2009/11/10,Tue,2.9540,2.9700,2.9800,2.9540
2009/11/09,Mon,2.9910,2.9760,3.0075,2.9770
2009/11/08,Sun,,,,
2009/11/07,Sat,,,,
2009/11/06,Fri,2.9620,2.9610,2.9965,2.9360
2009/11/05,Thu,2.9700,2.9640,2.9765,2.9650
2009/11/04,Wed,3.0015,2.9995,3.0155,2.9915
2009/11/03,Tue,2.9615,2.9625,2.9835,2.9040
2009/11/02,Mon,2.9520,2.9505,2.9860,2.9480
2009/11/01,Sun,,,,
2009/10/31,Sat,,,,
2009/10/30,Fri,3.0370,2.9605,3.0390,2.9580
2009/10/29,Thu,2.9420,3.0340,3.0405,2.9420
2009/10/28,Wed,3.0110,2.9305,3.0340,2.9190
2009/10/27,Tue,2.9835,2.9990,3.0290,2.9440
2009/10/26,Mon,3.0340,3.0110,3.0690,2.9760
2009/10/25,Sun,,,,
2009/10/24,Sat,,,,
2009/10/23,Fri,3.0200,3.0345,3.0620,2.9940
2009/10/22,Thu,3.0125,2.9980,3.0310,2.9770
2009/10/21,Wed,2.9255,3.0360,3.0575,2.8905
2009/10/20,Tue,2.9570,2.9320,2.9990,2.9125
2009/10/19,Mon,2.8455,2.9665,2.9690,2.8055
2009/10/18,Sun,,,,
2009/10/17,Sat,,,,
2009/10/16,Fri,2.8630,2.8455,2.8750,2.8100
2009/10/15,Thu,2.8500,2.8590,2.8815,2.7770
2009/10/14,Wed,2.8240,2.8445,2.8600,2.8060
2009/10/13,Tue,2.8450,2.7945,2.8855,2.7560
2009/10/12,Mon,2.8500,2.8570,2.8770,2.8380
2009/10/11,Sun,,,,
2009/10/10,Sat,,,,
2009/10/09,Fri,2.8865,2.8380,2.8915,2.8225
2009/10/08,Thu,2.7885,2.8985,2.9010,2.7850
2009/10/07,Wed,2.7660,2.7795,2.8040,2.7510
2009/10/06,Tue,2.7305,2.7845,2.8150,2.7270
2009/10/05,Mon,2.6890,2.7270,2.7400,2.6530
2009/10/04,Sun,,,,
2009/10/03,Sat,,,,
2009/10/02,Fri,2.7180,2.6815,2.7250,2.6400
2009/10/01,Thu,2.8145,2.7370,2.8225,2.7055
2009/09/30,Wed,2.7175,2.8190,2.8285,2.7135
2009/09/29,Tue,2.7100,2.7290,2.7495,2.6870
2009/09/28,Mon,2.6710,2.7205,2.7230,2.6710
2009/09/27,Sun,,,,
2009/09/26,Sat,,,,
2009/09/25,Fri,2.6700,2.7345,2.7345,2.6700
2009/09/24,Thu,2.7640,2.7035,2.7790,2.6885
2009/09/23,Wed,2.8400,2.8020,2.8445,2.7535
2009/09/22,Tue,2.8585,2.8585,2.8585,2.8585
2009/09/21,Mon,2.7965,2.7995,2.8150,2.7500
2009/09/20,Sun,,,,
2009/09/19,Sat,,,,
2009/09/18,Fri,2.8940,2.7785,2.8940,2.7775
2009/09/17,Thu,2.9310,2.8895,2.9310,2.9030
2009/09/16,Wed,2.8495,2.9300,2.9270,2.8495
2009/09/15,Tue,2.7925,2.8380,2.8500,2.7925
2009/09/14,Mon,2.7735,2.7975,2.8020,2.7725
2009/09/13,Sun,,,,
2009/09/12,Sat,,,,
2009/09/11,Fri,2.8775,2.8400,2.8900,2.8225
2009/09/10,Thu,2.9060,2.8700,2.9060,2.8405
2009/09/09,Wed,2.9490,2.9180,2.9490,2.9165
2009/09/08,Tue,2.9500,2.9500,2.9500,2.9500
2009/09/07,Mon,,,,
2009/09/06,Sun,,,,
2009/09/05,Sat,,,,
2009/09/04,Fri,2.8800,2.8605,2.8855,2.8400
2009/09/03,Thu,2.8295,2.8585,2.8665,2.8130
2009/09/02,Wed,2.7910,2.8195,2.8120,2.7400
2009/09/01,Tue,2.8830,2.8120,2.8955,2.7955
2009/08/31,Mon,2.9680,2.8210,2.9680,2.8060
2009/08/30,Sun,,,,
2009/08/29,Sat,,,,
2009/08/28,Fri,2.8980,2.9440,2.9825,2.8980
2009/08/27,Thu,2.8735,2.8570,2.8870,2.8320
2009/08/26,Wed,2.8300,2.8645,2.9095,2.8300
2009/08/25,Tue,2.8860,2.8620,2.9000,2.8415
2009/08/24,Mon,2.9055,2.9200,2.9215,2.8770
2009/08/23,Sun,,,,
2009/08/22,Sat,,,,
2009/08/21,Fri,2.7540,2.8845,2.8830,2.7160
2009/08/20,Thu,2.7710,2.7445,2.7850,2.7250
2009/08/19,Wed,2.7750,2.7615,2.7840,2.6585
2009/08/18,Tue,2.8040,2.7650,2.8115,2.7270
2009/08/17,Mon,2.7780,2.7745,2.7875,2.7340
2009/08/16,Sun,,,,
2009/08/15,Sat,,,,
2009/08/14,Fri,2.9020,2.8400,2.9120,2.8300
2009/08/13,Thu,2.8500,2.9180,2.9300,2.8500
2009/08/12,Wed,2.7565,2.8270,2.8295,2.7230
2009/08/11,Tue,2.7835,2.7410,2.8000,2.7400
2009/08/10,Mon,2.7810,2.7750,2.8270,2.7700
2009/08/09,Sun,,,,
2009/08/08,Sat,,,,
2009/08/07,Fri,2.7275,2.7895,2.8120,2.7045
2009/08/06,Thu,2.8005,2.7555,2.8005,2.7400
2009/08/05,Wed,2.8000,2.8155,2.8360,2.7955
2009/08/04,Tue,2.7000,2.7985,2.7975,2.7000
2009/08/03,Mon,2.7160,2.7415,2.7560,2.7160
2009/08/02,Sun,,,,
2009/08/01,Sat,,,,
2009/07/31,Fri,2.5910,2.6245,2.6305,2.5910
2009/07/30,Thu,2.4900,2.5660,2.5650,2.4900
2009/07/29,Wed,2.5310,2.4775,2.5390,2.4500
2009/07/28,Tue,2.5450,2.5205,2.5715,2.4975
2009/07/27,Mon,2.5305,2.5450,2.5790,2.5175
2009/07/26,Sun,,,,
2009/07/25,Sat,,,,
2009/07/24,Fri,2.4950,2.5220,2.5440,2.4895
2009/07/23,Thu,2.5145,2.5240,2.5385,2.4725
2009/07/22,Wed,2.4560,2.5255,2.5380,2.4300
2009/07/21,Tue,2.4715,2.4510,2.4945,2.4305
2009/07/20,Mon,2.4185,2.4690,2.4895,2.4100
2009/07/19,Sun,,,,
2009/07/18,Sat,,,,
2009/07/17,Fri,2.3880,2.4230,2.4390,2.3670
2009/07/16,Thu,2.3865,2.3895,2.4100,2.3570
2009/07/15,Wed,2.2985,2.3920,2.4055,2.2955
2009/07/14,Tue,2.2380,2.2990,2.3110,2.2190
2009/07/13,Mon,2.2150,2.2230,2.2395,2.1830
2009/07/12,Sun,,,,
2009/07/11,Sat,,,,
2009/07/10,Fri,2.2220,2.2115,2.2430,2.1865
2009/07/09,Thu,2.1630,2.2375,2.2435,2.1550
2009/07/08,Wed,2.2010,2.1590,2.2400,2.1420
2009/07/07,Tue,2.2620,2.2255,2.2970,2.2005
2009/07/06,Mon,2.2705,2.2625,2.3110,2.2055
2009/07/05,Sun,,,,
2009/07/04,Sat,,,,
2009/07/03,Fri,,,,
2009/07/02,Thu,2.3355,2.3055,2.3440,2.2660
2009/07/01,Wed,2.2740,2.3305,2.3690,2.2705
2009/06/30,Tue,2.3280,2.2720,2.3650,2.2370
2009/06/29,Mon,2.2960,2.3260,2.3570,2.2555
2009/06/28,Sun,,,,
2009/06/27,Sat,,,,
2009/06/26,Fri,2.3130,2.3025,2.3355,2.2835
2009/06/25,Thu,2.2685,2.3095,2.3350,2.2400
2009/06/24,Wed,2.1925,2.2740,2.2905,2.1740
2009/06/23,Tue,2.1345,2.2050,2.2070,2.1220
2009/06/22,Mon,2.2225,2.1380,2.2230,2.1300
2009/06/21,Sun,,,,
2009/06/20,Sat,,,,
2009/06/19,Fri,2.2720,2.2565,2.2980,2.2365
2009/06/18,Thu,2.2715,2.2765,2.2725,2.2400
2009/06/17,Wed,2.2670,2.2640,2.2825,2.2275
2009/06/16,Tue,2.2980,2.2610,2.3220,2.2425
2009/06/15,Mon,2.3820,2.2905,2.3820,2.2790
2009/06/14,Sun,,,,
2009/06/13,Sat,,,,
2009/06/12,Fri,2.4225,2.3785,2.4230,2.3700
2009/06/11,Thu,2.3770,2.4500,2.4560,2.3555
2009/06/10,Wed,2.3615,2.3720,2.4000,2.3515
2009/06/09,Tue,2.2790,2.3710,2.3735,2.2790
2009/06/08,Mon,2.2875,2.2590,2.3075,2.2395
2009/06/07,Sun,,,,
2009/06/06,Sat,,,,
2009/06/05,Fri,2.3305,2.2900,2.3310,2.2415
2009/06/04,Thu,2.2430,2.3065,2.3150,2.2265
2009/06/03,Wed,2.2960,2.2170,2.3225,2.2050
2009/06/02,Tue,2.3460,2.3015,2.3460,2.2855
2009/06/01,Mon,2.1910,2.3225,2.3270,2.1910
2009/05/31,Sun,,,,
2009/05/30,Sat,,,,
2009/05/29,Fri,2.1405,2.1995,2.2045,2.1405
2009/05/28,Thu,2.0915,2.1405,2.1670,2.0915
2009/05/27,Wed,2.1400,2.1210,2.1590,2.0925
2009/05/26,Tue,2.0955,2.1410,2.1475,2.0400
2009/05/25,Mon,,,,
2009/05/24,Sun,,,,
2009/05/23,Sat,,,,
2009/05/22,Fri,2.0600,2.0975,2.1215,2.0410
2009/05/21,Thu,2.0990,2.0510,2.1000,2.0135
2009/05/20,Wed,2.0750,2.1065,2.1400,2.0620
2009/05/19,Tue,2.0680,2.0695,2.1290,2.0500
2009/05/18,Mon,2.0185,2.0720,2.0745,1.9790
2009/05/17,Sun,,,,
2009/05/16,Sat,,,,
2009/05/15,Fri,2.0370,2.0175,2.0465,1.9735
2009/05/14,Thu,2.0200,2.0270,2.0500,1.9670
2009/05/13,Wed,2.1020,2.0310,2.1240,2.0145
2009/05/12,Tue,2.0785,2.0860,2.1550,2.0630
2009/05/11,Mon,2.1450,2.0885,2.1540,2.0580
2009/05/10,Sun,,,,
2009/05/09,Sat,,,,
2009/05/08,Fri,2.1620,2.1455,2.2060,2.0990
2009/05/07,Thu,2.1885,2.1645,2.2170,2.1140
2009/05/06,Wed,2.0740,2.1870,2.2015,2.0610
2009/05/05,Tue,2.1400,2.0825,2.1770,2.0645
2009/05/04,Mon,2.1135,2.1440,2.1700,2.1135
2009/05/03,Sun,,,,
2009/05/02,Sat,,,,
2009/05/01,Fri,2.0415,2.1010,2.1200,2.0375
2009/04/30,Thu,2.0125,2.0475,2.0730,1.9935
2009/04/29,Wed,1.9175,2.0050,2.0295,1.9110
2009/04/28,Tue,1.9700,1.9175,1.9920,1.9050
2009/04/27,Mon,2.0375,1.9870,2.0700,1.9535
2009/04/26,Sun,,,,
2009/04/25,Sat,,,,
2009/04/24,Fri,1.9750,2.0515,2.0640,1.9650
2009/04/23,Thu,2.0300,1.9930,2.0950,1.9720
2009/04/22,Wed,2.0550,2.0605,2.0825,2.0300
2009/04/21,Tue,2.0800,2.0830,2.0860,2.0100
2009/04/20,Mon,2.1840,2.1035,2.1840,2.0755
2009/04/19,Sun,,,,
2009/04/18,Sat,,,,
2009/04/17,Fri,2.1780,2.1960,2.2035,2.1335
2009/04/16,Thu,2.1745,2.1745,2.1745,2.1745
2009/04/15,Wed,2.1100,2.2040,2.2330,2.1100
2009/04/14,Tue,2.1445,2.1220,2.2230,2.0900
2009/04/13,Mon,2.1000,2.1325,2.1700,2.1000
2009/04/12,Sun,,,,
2009/04/11,Sat,,,,
2009/04/10,Fri,,,,
2009/04/09,Thu,1.9970,2.0775,2.0825,1.9970
2009/04/08,Wed,1.9900,2.0055,2.0165,1.9570
2009/04/07,Tue,1.9660,1.9965,2.0155,1.9630
2009/04/06,Mon,2.0015,1.9630,2.0310,1.9475
2009/04/05,Sun,,,,
2009/04/04,Sat,,,,
2009/04/03,Fri,1.8840,2.0060,2.0180,1.8840
2009/04/02,Thu,1.8535,1.8940,1.9010,1.8515
2009/04/01,Wed,1.8400,1.8525,1.8550,1.8020
2009/03/31,Tue,1.7855,1.8490,1.8610,1.7840
2009/03/30,Mon,1.8455,1.7705,1.8455,1.7695
2009/03/29,Sun,,,,
2009/03/28,Sat,,,,
2009/03/27,Fri,1.8650,1.8360,1.8970,1.8015
2009/03/26,Thu,1.8000,1.8550,1.8770,1.7975
2009/03/25,Wed,1.7935,1.8030,1.8250,1.7650
2009/03/24,Tue,1.8565,1.8060,1.8790,1.7800
2009/03/23,Mon,1.8000,1.8410,1.8750,1.8000
2009/03/22,Sun,,,,
2009/03/21,Sat,,,,
2009/03/20,Fri,1.8105,1.7960,1.8530,1.7870
2009/03/19,Thu,1.7520,1.8075,1.8280,1.7440
2009/03/18,Wed,1.7250,1.7165,1.7695,1.6935
2009/03/17,Tue,1.7380,1.7240,1.7630,1.7080
2009/03/16,Mon,1.6670,1.7470,1.7550,1.6595
2009/03/15,Sun,,,,
2009/03/14,Sat,,,,
2009/03/13,Fri,1.6510,1.6645,1.6965,1.6375
2009/03/12,Thu,1.6310,1.6245,1.6900,1.5850
2009/03/11,Wed,1.6850,1.6255,1.6980,1.6185
2009/03/10,Tue,1.6490,1.6845,1.7060,1.6385
2009/03/09,Mon,1.6925,1.6395,1.7010,1.6260
2009/03/08,Sun,,,,
2009/03/07,Sat,,,,
2009/03/06,Fri,1.6420,1.6890,1.7185,1.6360
2009/03/05,Thu,1.7150,1.6535,1.7200,1.6340
2009/03/04,Wed,1.6070,1.6940,1.7370,1.5925
2009/03/03,Tue,1.5210,1.6045,1.6310,1.5150
2009/03/02,Mon,1.5495,1.5160,1.5495,1.5060
2009/03/01,Sun,,,,
2009/02/28,Sat,,,,
2009/02/27,Fri,1.5695,1.5385,1.5780,1.4770
2009/02/26,Thu,1.5295,1.5790,1.6050,1.5250
2009/02/25,Wed,1.5315,1.5310,1.5400,1.4985
2009/02/24,Tue,1.4400,1.4940,1.5370,1.4200
2009/02/23,Mon,1.4415,1.4440,1.4850,1.4300
2009/02/22,Sun,,,,
2009/02/21,Sat,,,,
2009/02/20,Fri,1.4660,1.4250,1.4740,1.4160
2009/02/19,Thu,1.4470,1.4805,1.4980,1.4470
2009/02/18,Wed,1.4365,1.4460,1.4525,1.4250
2009/02/17,Tue,1.5315,1.4330,1.5315,1.4295
2009/02/16,Mon,,,,
2009/02/15,Sun,,,,
2009/02/14,Sat,,,,
2009/02/13,Fri,1.5565,1.5475,1.5735,1.5370
2009/02/12,Thu,1.5650,1.5425,1.5660,1.5135
2009/02/11,Wed,1.5800,1.5465,1.5800,1.5190
2009/02/10,Tue,1.6100,1.5815,1.6350,1.5570
2009/02/09,Mon,1.6475,1.6200,1.6600,1.6100
2009/02/08,Sun,,,,
2009/02/07,Sat,,,,
2009/02/06,Fri,1.5175,1.6360,1.6345,1.5175
2009/02/05,Thu,1.5180,1.5070,1.5500,1.4920
2009/02/04,Wed,1.5250,1.5380,1.5685,1.5190
2009/02/03,Tue,1.4525,1.5290,1.5310,1.4525
2009/02/02,Mon,1.4535,1.4390,1.4615,1.4170
2009/02/01,Sun,,,,
2009/01/31,Sat,,,,
2009/01/30,Fri,1.4555,1.4755,1.4710,1.4225
2009/01/29,Thu,1.4305,1.4645,1.4715,1.4305
2009/01/28,Wed,1.4940,1.4960,1.5535,1.4720
2009/01/27,Tue,1.5865,1.4845,1.6250,1.4545
2009/01/26,Mon,1.4670,1.5865,1.6310,1.4430
2009/01/25,Sun,,,,
2009/01/24,Sat,,,,
2009/01/23,Fri,1.3890,1.4720,1.4790,1.3730
2009/01/22,Thu,1.4785,1.3960,1.4830,1.3850
2009/01/21,Wed,1.4805,1.4335,1.5175,1.4260
2009/01/20,Tue,1.5295,1.5045,1.5750,1.4650
2009/01/19,Mon,,,,
2009/01/18,Sun,,,,
2009/01/17,Sat,,,,
2009/01/16,Fri,1.4920,1.5275,1.5650,1.4885
2009/01/15,Thu,1.4775,1.4535,1.5135,1.4335
2009/01/14,Wed,1.5260,1.4875,1.5450,1.4510
2009/01/13,Tue,1.4680,1.5470,1.5520,1.4135
2009/01/12,Mon,1.5495,1.4885,1.5960,1.4550
2009/01/11,Sun,,,,
2009/01/10,Sat,,,,
2009/01/09,Fri,1.4840,1.5595,1.5650,1.4740
2009/01/08,Thu,1.5060,1.4790,1.5225,1.4465
2009/01/07,Wed,1.5870,1.5115,1.6225,1.5000
2009/01/06,Tue,1.4525,1.5830,1.5870,1.4500
2009/01/05,Mon,1.4690,1.4590,1.4980,1.4160
2009/01/04,Sun,,,,
2009/01/03,Sat,,,,
2009/01/02,Fri,1.3955,1.4610,1.4850,1.3715
2009/01/01,Thu,,,,
2008/12/31,Wed,1.3250,1.4100,1.4145,1.3140
2008/12/30,Tue,1.3085,1.3205,1.3300,1.2855
2008/12/29,Mon,1.3015,1.3045,1.3140,1.3000
2008/12/28,Sun,,,,
2008/12/27,Sat,,,,
2008/12/26,Fri,1.2635,1.2950,1.3090,1.2595
2008/12/25,Thu,,,,
2008/12/24,Wed,1.3065,1.2655,1.3095,1.2665
2008/12/23,Tue,1.3080,1.2730,1.3090,1.2745
2008/12/22,Mon,1.4510,1.3390,1.4575,1.3345
2008/12/21,Sun,,,,
2008/12/20,Sat,,,,
2008/12/19,Fri,1.2865,1.3215,1.3310,1.2815
2008/12/18,Thu,1.3545,1.2945,1.3610,1.2815
2008/12/17,Wed,1.3900,1.3665,1.4080,1.3395
2008/12/16,Tue,1.4000,1.3740,1.4325,1.3805
2008/12/15,Mon,1.4700,1.4035,1.4700,1.4030
2008/12/14,Sun,,,,
2008/12/13,Sat,,,,
2008/12/12,Fri,1.3855,1.4250,1.4610,1.3855
2008/12/11,Thu,1.4770,1.5065,1.5110,1.4770
2008/12/10,Wed,1.4685,1.4900,1.5075,1.4570
2008/12/09,Tue,1.4700,1.4405,1.4700,1.4145
2008/12/08,Mon,1.4255,1.4935,1.5370,1.4255
2008/12/07,Sun,,,,
2008/12/06,Sat,,,,
2008/12/05,Fri,1.4565,1.3735,1.4565,1.3705
2008/12/04,Thu,1.5590,1.4710,1.5665,1.4450
2008/12/03,Wed,1.5870,1.5545,1.5925,1.5210
2008/12/02,Tue,1.5985,1.6000,1.6115,1.5800
2008/12/01,Mon,1.6495,1.6235,1.6700,1.5915
2008/11/30,Sun,,,,
2008/11/29,Sat,,,,
2008/11/28,Fri,1.6485,1.6440,1.6545,1.6270
2008/11/27,Thu,,,,
2008/11/26,Wed,1.6995,1.6860,1.7070,1.6920
2008/11/25,Tue,1.6695,1.6530,1.6930,1.6225
2008/11/24,Mon,1.6215,1.6725,1.7230,1.5555
2008/11/23,Sun,,,,
2008/11/22,Sat,,,,
2008/11/21,Fri,1.5405,1.5790,1.6320,1.5400
2008/11/20,Thu,1.5900,1.5760,1.5980,1.5450
2008/11/19,Wed,1.6775,1.6040,1.6775,1.5980
2008/11/18,Tue,1.6460,1.6650,1.6920,1.6215
2008/11/17,Mon,1.6840,1.6600,1.6925,1.6350
2008/11/16,Sun,,,,
2008/11/15,Sat,,,,
2008/11/14,Fri,1.7000,1.7105,1.7305,1.7000
2008/11/13,Thu,1.6210,1.6255,1.7280,1.6210
2008/11/12,Wed,1.6710,1.6585,1.6710,1.5910
2008/11/11,Tue,1.7455,1.6505,1.7455,1.6480
2008/11/10,Mon,1.7790,1.7555,1.8800,1.7530
2008/11/09,Sun,,,,
2008/11/08,Sat,,,,
2008/11/07,Fri,1.7355,1.6995,1.7445,1.7000
2008/11/06,Thu,1.8100,1.7225,1.8100,1.7125
2008/11/05,Wed,1.9290,1.8190,1.9290,1.8060
2008/11/04,Tue,1.8660,1.9610,2.0125,1.8000
2008/11/03,Mon,1.8930,1.8440,1.8930,1.7975
2008/11/02,Sun,,,,
2008/11/01,Sat,,,,
2008/10/31,Fri,1.8880,1.8345,1.8920,1.8030
2008/10/30,Thu,2.0475,1.8955,2.1515,1.8700
2008/10/29,Wed,1.9300,2.0880,2.1200,1.8495
2008/10/28,Tue,1.7600,1.8585,1.9495,1.7205
2008/10/27,Mon,1.6900,1.8050,1.8365,1.6265
2008/10/26,Sun,,,,
2008/10/25,Sat,,,,
2008/10/24,Fri,1.8700,1.6865,1.8800,1.6560
2008/10/23,Thu,1.8315,1.8045,1.8720,1.7180
2008/10/22,Wed,2.0105,1.8655,2.0230,1.8060
2008/10/21,Tue,2.1280,2.0070,2.1775,1.9920
2008/10/20,Mon,2.1500,2.1165,2.2645,2.0970
2008/10/19,Sun,,,,
2008/10/18,Sat,,,,
2008/10/17,Fri,2.1690,2.1795,2.2345,2.0420
2008/10/16,Thu,2.1595,2.0855,2.2185,2.0405
2008/10/15,Wed,2.4000,2.2105,2.4015,2.1460
2008/10/14,Tue,2.3430,2.3945,2.5295,2.3345
2008/10/13,Mon,2.1815,2.3125,2.3605,2.1600
2008/10/12,Sun,,,,
2008/10/11,Sat,,,,
2008/10/10,Fri,2.2950,2.1445,2.2995,2.0500
2008/10/09,Thu,2.3250,2.4060,2.4375,2.2560
2008/10/08,Wed,2.4195,2.3550,2.5645,2.2850
2008/10/07,Tue,2.4680,2.5345,2.5940,2.4025
2008/10/06,Mon,2.6450,2.4930,2.6450,2.3525
2008/10/05,Sun,,,,
2008/10/04,Sat,,,,
2008/10/03,Fri,2.6300,2.6900,2.7180,2.5710
2008/10/02,Thu,2.7615,2.6275,2.8240,2.6030
2008/10/01,Wed,2.8910,2.7895,2.9345,2.7490
2008/09/30,Tue,2.8695,2.8790,2.9100,2.7650
2008/09/29,Mon,3.0775,2.9065,3.0775,2.8500
2008/09/28,Sun,,,,
2008/09/27,Sat,,,,
2008/09/26,Fri,3.1250,3.0790,3.1255,3.0515
2008/09/25,Thu,3.1120,3.1400,3.1400,3.0835
2008/09/24,Wed,3.1495,3.1115,3.1790,3.0945
2008/09/23,Tue,3.2710,3.1570,3.2710,3.1365
2008/09/22,Mon,3.2000,3.2590,3.3000,3.2000
2008/09/21,Sun,,,,
2008/09/20,Sat,,,,
2008/09/19,Fri,3.0715,3.1795,3.2095,3.0525
2008/09/18,Thu,3.0915,3.0770,3.1585,3.0300
2008/09/17,Wed,3.0920,3.0525,3.1225,3.0425
2008/09/16,Tue,3.1170,3.0960,3.1215,3.0530
2008/09/15,Mon,3.2055,3.1465,3.2185,3.0845
2008/09/14,Sun,,,,
2008/09/13,Sat,,,,
2008/09/12,Fri,3.1450,3.1980,3.2325,3.1255
2008/09/11,Thu,3.1155,3.1310,3.1360,3.0685
2008/09/10,Wed,3.0580,3.1210,3.1335,3.0570
2008/09/09,Tue,3.1125,3.0950,3.1325,3.0630
2008/09/08,Mon,3.1605,3.1045,3.1725,3.1000
2008/09/07,Sun,,,,
2008/09/06,Sat,,,,
2008/09/05,Fri,3.2200,3.1110,3.2200,3.1100
2008/09/04,Thu,3.3315,3.2790,3.3630,3.2600
2008/09/03,Wed,3.2855,3.3280,3.3400,3.2745
2008/09/02,Tue,3.3500,3.2890,3.3500,3.1900
2008/09/01,Mon,,,,
2008/08/31,Sun,,,,
2008/08/30,Sat,,,,
2008/08/29,Fri,3.3630,3.3995,3.4015,3.3630
2008/08/28,Thu,3.4415,3.4105,3.4550,3.4060
2008/08/27,Wed,3.4470,3.4650,3.4930,3.4375
2008/08/26,Tue,3.4795,3.4340,3.4795,3.4005
2008/08/25,Mon,3.4760,3.4790,3.5045,3.4575
2008/08/24,Sun,,,,
2008/08/23,Sat,,,,
2008/08/22,Fri,3.5485,3.4705,3.5520,3.4590
2008/08/21,Thu,3.4260,3.5460,3.5525,3.4260
2008/08/20,Wed,3.4330,3.4005,3.4725,3.3970
2008/08/19,Tue,3.3055,3.4305,3.4570,3.2845
2008/08/18,Mon,3.3455,3.3140,3.3635,3.2840
2008/08/17,Sun,,,,
2008/08/16,Sat,,,,
2008/08/15,Fri,3.3000,3.3215,3.3350,3.2850
2008/08/14,Thu,3.3490,3.3050,3.4000,3.3045
2008/08/13,Wed,3.2390,3.3500,3.3550,3.2390
2008/08/12,Tue,3.2800,3.2280,3.2950,3.2255
2008/08/11,Mon,3.3200,3.2930,3.3340,3.2960
2008/08/10,Sun,,,,
2008/08/09,Sat,,,,
2008/08/08,Fri,3.3925,3.3340,3.3925,3.3115
2008/08/07,Thu,3.4095,3.4180,3.4560,3.4080
2008/08/06,Wed,3.4215,3.4225,3.4700,3.4190
2008/08/05,Tue,3.4290,3.4145,3.4560,3.4000
2008/08/04,Mon,3.5500,3.4385,3.5500,3.4250
2008/08/03,Sun,,,,
2008/08/02,Sat,,,,
2008/08/01,Fri,3.6565,3.5735,3.6565,3.5590
2008/07/31,Thu,3.6570,3.6560,3.6615,3.6500
2008/07/30,Wed,3.5725,3.6400,3.6640,3.5400
2008/07/29,Tue,3.6160,3.5905,3.6270,3.5580
2008/07/28,Mon,3.6080,3.6120,3.6345,3.5880
2008/07/27,Sun,,,,
2008/07/26,Sat,,,,
2008/07/25,Fri,3.5815,3.6050,3.6140,3.5690
2008/07/24,Thu,3.6290,3.5770,3.6600,3.5550
2008/07/23,Wed,3.6900,3.6575,3.7030,3.6155
2008/07/22,Tue,3.6990,3.6905,3.7450,3.6595
2008/07/21,Mon,3.6690,3.6810,3.7135,3.6675
2008/07/20,Sun,,,,
2008/07/19,Sat,,,,
2008/07/18,Fri,3.6950,3.6690,3.7000,3.6505
2008/07/17,Thu,3.6530,3.7150,3.7315,3.6380
2008/07/16,Wed,3.6875,3.6505,3.7160,3.6305
2008/07/15,Tue,3.7440,3.7000,3.7575,3.6650
2008/07/14,Mon,3.7455,3.7520,3.7820,3.7105
2008/07/13,Sun,,,,
2008/07/12,Sat,,,,
2008/07/11,Fri,3.7225,3.7400,3.7990,3.7190
2008/07/10,Thu,3.7265,3.7185,3.7910,3.6720
2008/07/09,Wed,3.6970,3.7390,3.7530,3.6420
2008/07/08,Tue,3.8375,3.6965,3.8610,3.6840
2008/07/07,Mon,3.8745,3.8490,3.9000,3.8030
2008/07/06,Sun,,,,
2008/07/05,Sat,,,,
2008/07/04,Fri,,,,
2008/07/03,Thu,4.0235,3.9490,4.0450,3.9260
2008/07/02,Wed,3.8940,4.0635,4.0800,3.8775
2008/07/01,Tue,3.8695,3.9105,3.9245,3.8500
2008/06/30,Mon,3.8800,3.8825,3.9130,3.8325
2008/06/29,Sun,,,,
2008/06/28,Sat,,,,
2008/06/27,Fri,3.8250,3.8780,3.8850,3.8070
2008/06/26,Thu,3.8000,3.8290,3.8610,3.7960
2008/06/25,Wed,3.7630,3.7755,3.8080,3.7485
2008/06/24,Tue,3.7915,3.7875,3.8025,3.7775
2008/06/23,Mon,3.7820,3.8090,3.8140,3.7735
2008/06/22,Sun,,,,
2008/06/21,Sat,,,,
2008/06/20,Fri,3.7680,3.8315,3.8400,3.7680
2008/06/19,Thu,3.7470,3.7790,3.8015,3.7470
2008/06/18,Wed,3.6510,3.7475,3.7600,3.6510
2008/06/17,Tue,3.6285,3.6500,3.6695,3.6285
2008/06/16,Mon,3.5875,3.6650,3.6985,3.5875
2008/06/15,Sun,,,,
2008/06/14,Sat,,,,
2008/06/13,Fri,3.5550,3.5900,3.6120,3.5405
2008/06/12,Thu,3.5700,3.5390,3.5825,3.5100
2008/06/11,Wed,3.5560,3.5800,3.5920,3.5560
2008/06/10,Tue,3.6110,3.5620,3.6110,3.5560
2008/06/09,Mon,3.6405,3.6140,3.6645,3.5860
2008/06/08,Sun,,,,
2008/06/07,Sat,,,,
2008/06/06,Fri,3.5705,3.6245,3.6605,3.5705
2008/06/05,Thu,3.5350,3.5445,3.5550,3.5155
2008/06/04,Wed,3.5670,3.5455,3.5750,3.5450
2008/06/03,Tue,3.5870,3.5795,3.5995,3.5645
2008/06/02,Mon,3.5700,3.5980,3.6060,3.5595
2008/06/01,Sun,,,,
2008/05/31,Sat,,,,
2008/05/30,Fri,3.5715,3.6060,3.6125,3.5650
2008/05/29,Thu,3.6830,3.5600,3.6830,3.5555
2008/05/28,Wed,3.7290,3.6950,3.7295,3.6365
2008/05/27,Tue,3.7455,3.7160,3.7500,3.6875
2008/05/26,Mon,,,,
2008/05/25,Sun,,,,
2008/05/24,Sat,,,,
2008/05/23,Fri,3.7035,3.7360,3.7450,3.6485
2008/05/22,Thu,3.7410,3.7125,3.7895,3.6605
2008/05/21,Wed,3.7685,3.7445,3.7810,3.7210
2008/05/20,Tue,3.7725,3.7765,3.8005,3.7310
2008/05/19,Mon,3.8360,3.7755,3.8580,3.7425
2008/05/18,Sun,,,,
2008/05/17,Sat,,,,
2008/05/16,Fri,3.7405,3.8265,3.8595,3.7395
2008/05/15,Thu,3.6780,3.7385,3.7725,3.6665
2008/05/14,Wed,3.7325,3.6810,3.7435,3.6525
2008/05/13,Tue,3.7465,3.7315,3.7930,3.7085
2008/05/12,Mon,3.7120,3.7495,3.7750,3.6855
2008/05/11,Sun,,,,
2008/05/10,Sat,,,,
2008/05/09,Fri,3.7960,3.7165,3.8000,3.6775
2008/05/08,Thu,3.8395,3.7875,3.8510,3.7530
2008/05/07,Wed,3.8795,3.8340,3.8850,3.8165
2008/05/06,Tue,3.9420,3.8785,3.9420,3.8325
2008/05/05,Mon,3.8280,3.9475,4.2605,3.8200
2008/05/04,Sun,,,,
2008/05/03,Sat,,,,
2008/05/02,Fri,3.7240,3.8205,3.8525,3.7000
2008/05/01,Thu,3.9075,3.6945,3.9300,3.6675
2008/04/30,Wed,3.8895,3.9045,3.9270,3.8455
2008/04/29,Tue,3.9180,3.8810,3.9300,3.8510
2008/04/28,Mon,3.9295,3.9340,3.9450,3.9060
2008/04/27,Sun,,,,
2008/04/26,Sat,,,,
2008/04/25,Fri,3.8730,3.9150,3.9280,3.8115
2008/04/24,Thu,3.8945,3.8760,3.9150,3.8670
2008/04/23,Wed,3.9555,3.9030,3.9720,3.8790
2008/04/22,Tue,3.8970,3.9605,3.9800,3.8970
2008/04/21,Mon,3.8795,3.8665,3.8900,3.8525
2008/04/20,Sun,,,,
2008/04/19,Sat,,,,
2008/04/18,Fri,3.9165,3.8905,3.9460,3.8160
2008/04/17,Thu,3.9450,3.9130,4.0360,3.9090
2008/04/16,Wed,3.8370,3.9555,4.0060,3.8370
2008/04/15,Tue,3.9000,3.8590,3.9090,3.8450
2008/04/14,Mon,3.9430,3.8965,3.9430,3.8500
2008/04/13,Sun,,,,
2008/04/12,Sat,,,,
2008/04/11,Fri,3.9065,3.9435,3.9700,3.9065
2008/04/10,Thu,3.9800,3.9190,4.0090,3.9100
2008/04/09,Wed,3.8750,3.9940,4.0065,3.8620
2008/04/08,Tue,3.9000,3.8870,3.9200,3.8785
2008/04/07,Mon,3.9565,3.9740,3.9850,3.9300
2008/04/06,Sun,,,,
2008/04/05,Sat,,,,
2008/04/04,Fri,3.8805,3.9515,3.9585,3.8625
2008/04/03,Thu,3.8750,3.8940,3.9150,3.8365
2008/04/02,Wed,3.7850,3.8750,3.8860,3.7800
2008/04/01,Tue,3.8040,3.8040,3.8165,3.7280
2008/03/31,Mon,3.8330,3.8270,3.8600,3.8100
2008/03/30,Sun,,,,
2008/03/29,Sat,,,,
2008/03/28,Fri,3.9170,3.8275,3.9170,3.8240
2008/03/27,Thu,3.7400,3.8730,3.8940,3.7205
2008/03/26,Wed,3.6890,3.7250,3.7500,3.6750
2008/03/25,Tue,3.6190,3.6785,3.7100,3.5985
2008/03/24,Mon,3.5500,3.6225,3.6475,3.5250
2008/03/23,Sun,,,,
2008/03/22,Sat,,,,
2008/03/21,Fri,,,,
2008/03/20,Thu,3.6200,3.5735,3.6200,3.4610
2008/03/19,Wed,3.7200,3.6335,3.7670,3.6105
2008/03/18,Tue,3.7210,3.7465,3.7625,3.6605
2008/03/17,Mon,3.8275,3.6850,3.8800,3.6540
2008/03/16,Sun,,,,
2008/03/15,Sat,,,,
2008/03/14,Fri,3.8080,3.8280,3.9000,3.7900
2008/03/13,Thu,3.8205,3.8250,3.8640,3.7870
2008/03/12,Wed,3.7920,3.8370,3.8445,3.7500
2008/03/11,Tue,3.8000,3.7855,3.8905,3.7620
2008/03/10,Mon,3.9155,3.7950,3.9250,3.7695
2008/03/09,Sun,,,,
2008/03/08,Sat,,,,
2008/03/07,Fri,3.8980,3.9215,3.9450,3.8560
2008/03/06,Thu,3.9640,3.9035,4.0240,3.8500
2008/03/05,Wed,3.8265,3.9820,3.9850,3.7920
2008/03/04,Tue,3.9350,3.8215,3.9515,3.8030
2008/03/03,Mon,3.8465,3.9285,3.9670,3.8355
2008/03/02,Sun,,,,
2008/03/01,Sat,,,,
2008/02/29,Fri,3.8780,3.8550,3.8920,3.8005
2008/02/28,Thu,3.8375,3.8780,3.9105,3.8250
2008/02/27,Wed,3.8320,3.8465,3.8620,3.7980
2008/02/26,Tue,3.7360,3.7870,3.8115,3.7150
2008/02/25,Mon,3.8270,3.7480,3.8585,3.7180
2008/02/24,Sun,,,,
2008/02/23,Sat,,,,
2008/02/22,Fri,3.8115,3.7975,3.8115,3.7580
2008/02/21,Thu,3.7350,3.8170,3.8460,3.7330
2008/02/20,Wed,3.6980,3.7140,3.7230,3.6805
2008/02/19,Tue,3.5480,3.7265,3.7375,3.5480
2008/02/18,Mon,,,,
2008/02/17,Sun,,,,
2008/02/16,Sat,,,,
2008/02/15,Fri,3.4900,3.5310,3.5725,3.4780
2008/02/14,Thu,3.5850,3.4945,3.5850,3.4750
2008/02/13,Wed,3.5195,3.5370,3.5650,3.5075
2008/02/12,Tue,3.5435,3.5655,3.5935,3.5430
2008/02/11,Mon,3.5525,3.5620,3.5795,3.5305
2008/02/10,Sun,,,,
2008/02/09,Sat,,,,
2008/02/08,Fri,3.4300,3.5345,3.5515,3.4300
2008/02/07,Thu,3.2980,3.4615,3.4630,3.2975
2008/02/06,Wed,3.2090,3.3190,3.3250,3.2090
2008/02/05,Tue,3.3140,3.2235,3.3170,3.2095
2008/02/04,Mon,3.3070,3.3100,3.3300,3.2775
2008/02/03,Sun,,,,
2008/02/02,Sat,,,,
2008/02/01,Fri,3.3030,3.2835,3.3345,3.2780
2008/01/31,Thu,3.2625,3.3070,3.3300,3.2130
2008/01/30,Wed,3.2690,3.2360,3.2770,3.2405
2008/01/29,Tue,3.1840,3.2990,3.3185,3.1800
2008/01/28,Mon,3.1900,3.1895,3.2195,3.1165
2008/01/27,Sun,,,,
2008/01/26,Sat,,,,
2008/01/25,Fri,3.1920,3.1840,3.2455,3.1640
2008/01/24,Thu,3.1300,3.1715,3.2100,3.1270
2008/01/23,Wed,3.1805,3.0720,3.2000,3.0650
2008/01/22,Tue,3.2395,3.1965,3.2750,3.0120
2008/01/21,Mon,,,,
2008/01/20,Sun,,,,
2008/01/19,Sat,,,,
2008/01/18,Fri,3.1520,3.2345,3.2455,3.1450
2008/01/17,Thu,3.1725,3.1820,3.2460,3.1300
2008/01/16,Wed,3.2100,3.1725,3.2335,3.1470
2008/01/15,Tue,3.3420,3.2415,3.3600,3.1815
2008/01/14,Mon,3.3050,3.3390,3.3600,3.3000
2008/01/13,Sun,,,,
2008/01/12,Sat,,,,
2008/01/11,Fri,3.2810,3.3040,3.3270,3.2530
2008/01/10,Thu,3.2930,3.2815,3.3065,3.2150
2008/01/09,Wed,3.2590,3.2835,3.3785,3.2590
2008/01/08,Tue,3.1305,3.2985,3.3200,3.1300
2008/01/07,Mon,3.1310,3.1410,3.1890,3.1060
2008/01/06,Sun,,,,
2008/01/05,Sat,,,,
2008/01/04,Fri,3.1820,3.1575,3.2350,3.1050
2008/01/03,Thu,3.0625,3.1880,3.1900,3.0550
2008/01/02,Wed,3.0410,3.0640,3.1200,3.0355
2008/01/01,Tue,,,,
2007/12/31,Mon,3.0735,3.0410,3.0945,3.0220
2007/12/30,Sun,,,,
2007/12/29,Sat,,,,
2007/12/28,Fri,3.1200,3.0720,3.1200,3.0680
2007/12/27,Thu,3.2000,3.1200,3.2000,3.1050
2007/12/26,Wed,3.1705,3.1650,3.1705,3.1600
2007/12/25,Tue,,,,
2007/12/24,Mon,3.1660,3.1510,3.1915,3.1520
2007/12/23,Sun,,,,
2007/12/22,Sat,,,,
2007/12/21,Fri,3.0200,3.0960,3.0930,3.0200
2007/12/20,Thu,2.9820,2.9645,2.9825,2.9545
2007/12/19,Wed,2.9200,2.9555,2.9685,2.9150
2007/12/18,Tue,2.8770,2.8825,2.9100,2.8730
2007/12/17,Mon,2.9760,2.8880,2.9760,2.8815
2007/12/16,Sun,,,,
2007/12/15,Sat,,,,
2007/12/14,Fri,2.9420,2.9565,2.9670,2.9240
2007/12/13,Thu,3.0145,2.9595,3.0145,2.9440
2007/12/12,Wed,3.0080,3.0335,3.0600,2.9875
2007/12/11,Tue,3.0660,3.0830,3.0765,3.0280
2007/12/10,Mon,3.0955,3.0860,3.1115,3.0825
2007/12/09,Sun,,,,
2007/12/08,Sat,,,,
2007/12/07,Fri,3.1310,3.1175,3.1385,3.1120
2007/12/06,Thu,3.0600,3.0415,3.0670,3.0135
2007/12/05,Wed,3.0230,3.0370,3.0525,3.0110
2007/12/04,Tue,2.9910,3.0200,3.0400,2.9910
2007/12/03,Mon,3.1345,3.0745,3.1345,3.0700
2007/12/02,Sun,,,,
2007/12/01,Sat,,,,
2007/11/30,Fri,3.1625,3.1785,3.1880,3.1625
2007/11/29,Thu,3.1060,3.0880,3.1100,3.0920
2007/11/28,Wed,2.9920,3.0170,3.0350,2.9595
2007/11/27,Tue,2.9955,2.9775,3.0220,2.9650
2007/11/26,Mon,3.0550,3.0365,3.0600,2.9890
2007/11/25,Sun,,,,
2007/11/24,Sat,,,,
2007/11/23,Fri,2.8880,3.0095,3.0200,2.8880
2007/11/22,Thu,,,,
2007/11/21,Wed,3.0500,2.9070,3.0500,2.9010
2007/11/20,Tue,3.0035,3.0435,3.0650,2.9500
2007/11/19,Mon,3.1520,2.9995,3.1660,3.0135
2007/11/18,Sun,,,,
2007/11/17,Sat,,,,
2007/11/16,Fri,3.1000,3.1755,3.1870,3.0590
2007/11/15,Thu,3.2900,3.0955,3.2900,3.0820
2007/11/14,Wed,3.1700,3.3110,3.3170,3.1630
2007/11/13,Tue,3.1000,3.1230,3.1390,3.0785
2007/11/12,Mon,3.1635,3.1230,3.1635,3.0570
2007/11/11,Sun,,,,
2007/11/10,Sat,,,,
2007/11/09,Fri,3.1950,3.1585,3.1950,3.1300
2007/11/08,Thu,3.2600,3.2155,3.2600,3.2000
2007/11/07,Wed,3.3730,3.2695,3.3855,3.2700
2007/11/06,Tue,3.3545,3.3505,3.3650,3.3390
2007/11/05,Mon,3.3100,3.3115,3.3410,3.3100
2007/11/04,Sun,,,,
2007/11/03,Sat,,,,
2007/11/02,Fri,3.3750,3.3325,3.3800,3.3220
2007/11/01,Thu,3.4625,3.3700,3.4670,3.3550
2007/10/31,Wed,3.4960,3.4795,3.5085,3.4760
2007/10/30,Tue,3.4475,3.4885,3.4885,3.4475
2007/10/29,Mon,3.5500,3.5210,3.5895,3.5155
2007/10/28,Sun,,,,
2007/10/27,Sat,,,,
2007/10/26,Fri,3.4850,3.5375,3.5500,3.4850
2007/10/25,Thu,3.4600,3.4860,3.4950,3.4550
2007/10/24,Wed,3.4980,3.4525,3.5070,3.4300
2007/10/23,Tue,3.5150,3.5135,3.5505,3.4840
2007/10/22,Mon,3.5350,3.4865,3.6570,3.4500
2007/10/21,Sun,,,,
2007/10/20,Sat,,,,
2007/10/19,Fri,3.5400,3.5515,3.5730,3.5200
2007/10/18,Thu,3.5825,3.5415,3.6065,3.5280
2007/10/17,Wed,3.6325,3.5960,3.6590,3.5720
2007/10/16,Tue,3.6825,3.6410,3.7085,3.6020
2007/10/15,Mon,3.6475,3.6860,3.7380,3.6475
2007/10/14,Sun,,,,
2007/10/13,Sat,,,,
2007/10/12,Fri,3.6545,3.6525,3.6930,3.6305
2007/10/11,Thu,3.7010,3.6690,3.7320,3.6300
2007/10/10,Wed,3.6220,3.6940,3.7265,3.6060
2007/10/09,Tue,3.6190,3.6175,3.6735,3.5825
2007/10/08,Mon,3.7345,3.6130,3.7600,3.5810
2007/10/07,Sun,,,,
2007/10/06,Sat,,,,
2007/10/05,Fri,3.7385,3.7255,3.7570,3.7135
2007/10/04,Thu,3.7490,3.7380,3.7585,3.7020
2007/10/03,Wed,3.7280,3.7635,3.7800,3.7170
2007/10/02,Tue,3.6805,3.7110,3.7670,3.6560
2007/10/01,Mon,3.6405,3.6915,3.6950,3.6400
2007/09/30,Sun,,,,
2007/09/29,Sat,,,,
2007/09/28,Fri,3.6460,3.6400,3.6980,3.6260
2007/09/27,Thu,3.6180,3.6480,3.6775,3.6140
2007/09/26,Wed,3.6230,3.6120,3.6480,3.5995
2007/09/25,Tue,3.6385,3.6240,3.6410,3.5960
2007/09/24,Mon,3.6270,3.6400,3.6495,3.6270
2007/09/23,Sun,,,,
2007/09/22,Sat,,,,
2007/09/21,Fri,3.5830,3.5860,3.6305,3.5655
2007/09/20,Thu,3.5730,3.5910,3.6050,3.5655
2007/09/19,Wed,3.5160,3.5755,3.5905,3.5160
2007/09/18,Tue,3.4125,3.4475,3.4950,3.4125
2007/09/17,Mon,3.4210,3.4195,3.4350,3.3985
2007/09/16,Sun,,,,
2007/09/15,Sat,,,,
2007/09/14,Fri,3.4190,3.3905,3.4565,3.3800
2007/09/13,Thu,3.3435,3.3965,3.4260,3.3435
2007/09/12,Wed,3.3665,3.3600,3.3785,3.3315
2007/09/11,Tue,3.3360,3.3875,3.3900,3.3350
2007/09/10,Mon,3.2625,3.2560,3.2670,3.2260
2007/09/09,Sun,,,,
2007/09/08,Sat,,,,
2007/09/07,Fri,3.3030,3.2515,3.3030,3.2435
2007/09/06,Thu,3.2670,3.3065,3.3300,3.2600
2007/09/05,Wed,3.3070,3.2695,3.3075,3.2600
2007/09/04,Tue,3.2955,3.3135,3.3200,3.2955
2007/09/03,Mon,,,,
2007/09/02,Sun,,,,
2007/09/01,Sat,,,,
2007/08/31,Fri,3.4115,3.4030,3.4115,3.3870
2007/08/30,Thu,3.3370,3.3520,3.3590,3.3370
2007/08/29,Wed,3.2880,3.3510,3.3570,3.2695
2007/08/28,Tue,3.3600,3.3165,3.3600,3.2700
2007/08/27,Mon,3.3515,3.3610,3.4645,3.3515
2007/08/26,Sun,,,,
2007/08/25,Sat,,,,
2007/08/24,Fri,3.2600,3.3495,3.3750,3.2260
2007/08/23,Thu,3.2740,3.2755,3.2970,3.2690
2007/08/22,Wed,3.1770,3.2200,3.2415,3.1770
2007/08/21,Tue,3.1815,3.1585,3.1815,3.1400
2007/08/20,Mon,3.2170,3.1655,3.2175,3.1595
2007/08/19,Sun,,,,
2007/08/18,Sat,,,,
2007/08/17,Fri,3.1400,3.1495,3.1900,3.0745
2007/08/16,Thu,3.2450,3.0925,3.2450,3.0625
2007/08/15,Wed,3.3005,3.3260,3.3400,3.3005
2007/08/14,Tue,3.4040,3.3640,3.4200,3.3600
2007/08/13,Mon,3.3860,3.4365,3.4350,3.3860
2007/08/12,Sun,,,,
2007/08/11,Sat,,,,
2007/08/10,Fri,3.3535,3.3555,3.3755,3.2880
2007/08/09,Thu,3.4095,3.3595,3.4095,3.3380
2007/08/08,Wed,3.4980,3.4390,3.4980,3.4160
2007/08/07,Tue,3.4725,3.5075,3.5200,3.4700
2007/08/06,Mon,3.4640,3.4735,3.4770,3.4510
2007/08/05,Sun,,,,
2007/08/04,Sat,,,,
2007/08/03,Fri,3.5825,3.4800,3.5825,3.4700
2007/08/02,Thu,3.6080,3.5700,3.6080,3.5630
2007/08/01,Wed,3.5800,3.5805,3.5885,3.5540
2007/07/31,Tue,3.5940,3.6420,3.6455,3.5940
2007/07/30,Mon,3.5485,3.5845,3.5850,3.5485
2007/07/29,Sun,,,,
2007/07/28,Sat,,,,
2007/07/27,Fri,3.5325,3.5470,3.5720,3.5020
2007/07/26,Thu,3.5700,3.5225,3.5805,3.5050
2007/07/25,Wed,3.6020,3.5555,3.6260,3.5215
2007/07/24,Tue,3.6410,3.6195,3.7025,3.5950
2007/07/23,Mon,3.7040,3.6565,3.7480,3.6350
2007/07/22,Sun,,,,
2007/07/21,Sat,,,,
2007/07/20,Fri,3.6495,3.7055,3.7250,3.6475
2007/07/19,Thu,3.5635,3.6620,3.6650,3.5635
2007/07/18,Wed,3.5325,3.5630,3.5745,3.5255
2007/07/17,Tue,3.5600,3.5525,3.5695,3.5105
2007/07/16,Mon,3.5900,3.5620,3.6130,3.5515
2007/07/15,Sun,,,,
2007/07/14,Sat,,,,
2007/07/13,Fri,3.5785,3.5930,3.6145,3.5320
2007/07/12,Thu,3.6005,3.5810,3.6600,3.5605
2007/07/11,Wed,3.5935,3.6215,3.6400,3.5780
2007/07/10,Tue,3.6205,3.6100,3.6600,3.5750
2007/07/09,Mon,3.5945,3.6295,3.6650,3.5890
2007/07/08,Sun,,,,
2007/07/07,Sat,,,,
2007/07/06,Fri,3.5855,3.5945,3.6040,3.5625
2007/07/05,Thu,3.5325,3.5935,3.5985,3.5300
2007/07/04,Wed,,,,
2007/07/03,Tue,3.5200,3.5450,3.5600,3.4945
2007/07/02,Mon,3.4485,3.5270,3.5335,3.4375
2007/07/01,Sun,,,,
2007/06/30,Sat,,,,
2007/06/29,Fri,3.4320,3.4505,3.4750,3.4200
2007/06/28,Thu,3.3670,3.4275,3.4550,3.3465
2007/06/27,Wed,3.3210,3.3595,3.3695,3.3000
2007/06/26,Tue,3.3970,3.3185,3.3970,3.3345
2007/06/25,Mon,3.3695,3.4010,3.4025,3.3180
2007/06/24,Sun,,,,
2007/06/23,Sat,,,,
2007/06/22,Fri,3.4000,3.3865,3.4205,3.3825
2007/06/21,Thu,3.4350,3.4045,3.4350,3.3690
2007/06/20,Wed,3.4400,3.4440,3.4475,3.3930
2007/06/19,Tue,3.3730,3.3995,3.4135,3.3690
2007/06/18,Mon,3.4575,3.4215,3.4970,3.4095
2007/06/17,Sun,,,,
2007/06/16,Sat,,,,
2007/06/15,Fri,3.3725,3.4250,3.4325,3.3505
2007/06/14,Thu,3.3335,3.3920,3.4200,3.3165
2007/06/13,Wed,3.2400,3.3170,3.3220,3.2345
2007/06/12,Tue,3.3050,3.2870,3.3050,3.2700
2007/06/11,Mon,3.3350,3.3555,3.3590,3.3150
2007/06/10,Sun,,,,
2007/06/09,Sat,,,,
2007/06/08,Fri,3.2600,3.2575,3.2900,3.2500
2007/06/07,Thu,3.3915,3.3785,3.3930,3.3525
2007/06/06,Wed,3.4175,3.4040,3.4175,3.4030
2007/06/05,Tue,3.4750,3.4400,3.4750,3.4260
2007/06/04,Mon,3.4130,3.4650,3.4860,3.4090
2007/06/03,Sun,,,,
2007/06/02,Sat,,,,
2007/06/01,Fri,3.4025,3.4010,3.4025,3.3900
2007/05/31,Thu,3.3500,3.3915,3.3930,3.3500
2007/05/30,Wed,3.3150,3.3000,3.3150,3.2685
2007/05/29,Tue,3.3100,3.3200,3.3635,3.2635
2007/05/28,Mon,,,,
2007/05/27,Sun,,,,
2007/05/26,Sat,,,,
2007/05/25,Fri,3.1805,3.3205,3.3225,3.1650
2007/05/24,Thu,3.3090,3.1805,3.3385,3.1725
2007/05/23,Wed,3.3065,3.3005,3.3325,3.2550
2007/05/22,Tue,3.3900,3.3025,3.4375,3.2915
2007/05/21,Mon,3.3245,3.4005,3.4050,3.3020
2007/05/20,Sun,,,,
2007/05/19,Sat,,,,
2007/05/18,Fri,3.3065,3.3235,3.3400,3.2300
2007/05/17,Thu,3.4230,3.3065,3.4400,3.2285
2007/05/16,Wed,3.5320,3.4225,3.5375,3.4150
2007/05/15,Tue,3.4910,3.5375,3.5535,3.4565
2007/05/14,Mon,3.5905,3.4970,3.6085,3.4785
2007/05/13,Sun,,,,
2007/05/12,Sat,,,,
2007/05/11,Fri,3.5665,3.6040,3.6365,3.5265
2007/05/10,Thu,3.6600,3.5665,3.6835,3.5600
2007/05/09,Wed,3.7335,3.6790,3.7550,3.6300
2007/05/08,Tue,3.7095,3.7225,3.7540,3.6900
2007/05/07,Mon,3.7480,3.7155,3.7900,3.7035
2007/05/06,Sun,,,,
2007/05/05,Sat,,,,
2007/05/04,Fri,3.7330,3.7585,3.8070,3.7080
2007/05/03,Thu,3.6370,3.7265,3.7500,3.6270
2007/05/02,Wed,3.6170,3.6445,3.6600,3.5920
2007/05/01,Tue,3.5355,3.6345,3.6565,3.5280
2007/04/30,Mon,3.5320,3.5565,3.5885,3.5130
2007/04/29,Sun,,,,
2007/04/28,Sat,,,,
2007/04/27,Fri,3.5050,3.5325,3.5600,3.4560
2007/04/26,Thu,3.5960,3.5005,3.5960,3.4720
2007/04/25,Wed,3.5770,3.6005,3.6180,3.5590
2007/04/24,Tue,3.6475,3.5605,3.6750,3.5345
2007/04/23,Mon,3.6105,3.6415,3.6575,3.5825
2007/04/22,Sun,,,,
2007/04/21,Sat,,,,
2007/04/20,Fri,3.5800,3.6170,3.6590,3.5800
2007/04/19,Thu,3.6420,3.5915,3.6420,3.5360
2007/04/18,Wed,3.6615,3.6215,3.6925,3.6150
2007/04/17,Tue,3.5750,3.6785,3.6950,3.5200
2007/04/16,Mon,3.5350,3.5415,3.5980,3.5200
2007/04/15,Sun,,,,
2007/04/14,Sat,,,,
2007/04/13,Fri,3.5280,3.5350,3.5500,3.5150
2007/04/12,Thu,3.6110,3.5030,3.6110,3.4700
2007/04/11,Wed,3.6200,3.5860,3.6200,3.5600
2007/04/10,Tue,3.5245,3.5280,3.5510,3.5015
2007/04/09,Mon,3.4345,3.5075,3.5300,3.3800
2007/04/08,Sun,,,,
2007/04/07,Sat,,,,
2007/04/06,Fri,,,,
2007/04/05,Thu,3.3590,3.3750,3.4080,3.3470
2007/04/04,Wed,3.2990,3.3835,3.3850,3.2920
2007/04/03,Tue,3.2340,3.3095,3.3150,3.2340
2007/04/02,Mon,3.1775,3.1765,3.1815,3.1250
2007/04/01,Sun,,,,
2007/03/31,Sat,,,,
2007/03/30,Fri,3.1200,3.1440,3.1500,3.1200
2007/03/29,Thu,3.0670,3.0860,3.0940,3.0420
2007/03/28,Wed,3.0510,3.0625,3.0785,3.0135
2007/03/27,Tue,3.1385,3.0575,3.1475,3.0400
2007/03/26,Mon,3.0690,3.1385,3.1475,3.0690
2007/03/25,Sun,,,,
2007/03/24,Sat,,,,
2007/03/23,Fri,3.0825,3.0690,3.1330,3.0630
2007/03/22,Thu,3.0375,3.0730,3.0950,3.0375
2007/03/21,Wed,3.0160,3.0190,3.0540,2.9855
2007/03/20,Tue,3.0220,3.0340,3.0650,3.0050
2007/03/19,Mon,3.0120,3.0215,3.0435,2.9675
2007/03/18,Sun,,,,
2007/03/17,Sat,,,,
2007/03/16,Fri,2.9850,3.0110,3.0200,2.9510
2007/03/15,Thu,2.8500,2.9880,2.9930,2.8405
2007/03/14,Wed,2.7915,2.8260,2.8650,2.7870
2007/03/13,Tue,2.8540,2.8245,2.8720,2.7905
2007/03/12,Mon,2.7800,2.8490,2.8550,2.7595
2007/03/11,Sun,,,,
2007/03/10,Sat,,,,
2007/03/09,Fri,2.8260,2.7840,2.8300,2.7765
2007/03/08,Thu,2.7980,2.8335,2.8740,2.7780
2007/03/07,Wed,2.7340,2.7820,2.8000,2.7125
2007/03/06,Tue,2.6600,2.7135,2.7450,2.6600
2007/03/05,Mon,2.6930,2.6705,2.7040,2.6250
2007/03/04,Sun,,,,
2007/03/03,Sat,,,,
2007/03/02,Fri,2.7585,2.7070,2.7800,2.6830
2007/03/01,Thu,2.7650,2.7545,2.8180,2.7350
2007/02/28,Wed,2.7430,2.7520,2.8150,2.7190
2007/02/27,Tue,2.8640,2.8250,2.8650,2.7450
2007/02/26,Mon,2.8530,2.8665,2.8975,2.8465
2007/02/25,Sun,,,,
2007/02/24,Sat,,,,
2007/02/23,Fri,2.8080,2.8490,2.8690,2.8075
2007/02/22,Thu,2.6850,2.7740,2.7980,2.6730
2007/02/21,Wed,2.5935,2.6625,2.6760,2.5800
2007/02/20,Tue,2.6410,2.5955,2.6410,2.5850
2007/02/19,Mon,,,,
2007/02/18,Sun,,,,
2007/02/17,Sat,,,,
2007/02/16,Fri,2.6750,2.6545,2.6750,2.6355
2007/02/15,Thu,2.6535,2.6745,2.6915,2.6480
2007/02/14,Wed,2.6115,2.5870,2.6270,2.5750
2007/02/13,Tue,2.5795,2.5950,2.6100,2.5570
2007/02/12,Mon,2.5375,2.4890,2.5535,2.4820
2007/02/11,Sun,,,,
2007/02/10,Sat,,,,
2007/02/09,Fri,2.4650,2.5275,2.5400,2.4650
2007/02/08,Thu,2.4490,2.4590,2.4660,2.4100
2007/02/07,Wed,2.4750,2.4620,2.4850,2.4620
2007/02/06,Tue,2.4440,2.5020,2.5000,2.4440
2007/02/05,Mon,2.4530,2.4235,2.4550,2.4325
2007/02/04,Sun,,,,
2007/02/03,Sat,,,,
2007/02/02,Fri,2.5400,2.4320,2.5400,2.4065
2007/02/01,Thu,2.5850,2.5395,2.5850,2.5300
2007/01/31,Wed,2.6040,2.6015,2.6080,2.6000
2007/01/30,Tue,2.5690,2.5705,2.5825,2.5690
2007/01/29,Mon,2.6350,2.5420,2.6540,2.5150
2007/01/28,Sun,,,,
2007/01/27,Sat,,,,
2007/01/26,Fri,2.6475,2.6370,2.6600,2.5850
2007/01/25,Thu,2.6120,2.6545,2.6815,2.5965
2007/01/24,Wed,2.5875,2.6015,2.6175,2.5750
2007/01/23,Tue,2.5200,2.5795,2.6150,2.5165
2007/01/22,Mon,2.5235,2.5295,2.5540,2.5000
2007/01/21,Sun,,,,
2007/01/20,Sat,,,,
2007/01/19,Fri,2.4850,2.5170,2.5440,2.4810
2007/01/18,Thu,2.5550,2.4920,2.6085,2.4800
2007/01/17,Wed,2.5600,2.5695,2.5770,2.5205
2007/01/16,Tue,2.6090,2.5775,2.6275,2.4850
2007/01/15,Mon,,,,
2007/01/14,Sun,,,,
2007/01/13,Sat,,,,
2007/01/12,Fri,2.6530,2.6030,2.6590,2.5950
2007/01/11,Thu,2.6725,2.6590,2.7000,2.6085
2007/01/10,Wed,2.5550,2.6640,2.6855,2.5550
2007/01/09,Tue,2.5320,2.5560,2.5800,2.4950
2007/01/08,Mon,2.5350,2.5280,2.5895,2.4700
2007/01/07,Sun,,,,
2007/01/06,Sat,,,,
2007/01/05,Fri,2.6110,2.5350,2.6500,2.5200
2007/01/04,Thu,2.6600,2.6020,2.6600,2.5565
2007/01/03,Wed,2.7980,2.6490,2.7980,2.6450
2007/01/02,Tue,2.8710,2.8710,2.8710,2.7670
2007/01/01,Mon,,,,
2006/12/31,Sun,,,,
2006/12/30,Sat,,,,
2006/12/29,Fri,2.8925,2.8710,2.9200,2.8300
2006/12/28,Thu,2.9120,2.8950,2.9140,2.8820
2006/12/27,Wed,2.9185,2.9045,2.9185,2.8765
2006/12/26,Tue,2.8805,2.8730,2.8805,2.8625
2006/12/25,Mon,,,,
2006/12/24,Sun,,,,
2006/12/23,Sat,,,,
2006/12/22,Fri,2.8785,2.8540,2.8850,2.8550
2006/12/21,Thu,2.9400,2.8805,2.9400,2.8640
2006/12/20,Wed,3.0150,2.9575,3.0150,2.9485
2006/12/19,Tue,3.0490,3.0175,3.0490,3.0090
2006/12/18,Mon,3.0320,3.0295,3.0340,3.0075
2006/12/17,Sun,,,,
2006/12/16,Sat,,,,
2006/12/15,Fri,3.0500,3.0165,3.0600,3.0000
2006/12/14,Thu,3.0860,3.0575,3.0935,3.0745
2006/12/13,Wed,3.0620,3.0330,3.0620,3.0325
2006/12/12,Tue,3.1020,3.0945,3.1200,3.0950
2006/12/11,Mon,3.1350,3.1310,3.1600,3.1350
2006/12/10,Sun,,,,
2006/12/09,Sat,,,,
2006/12/08,Fri,3.0975,3.1170,3.1300,3.0975
2006/12/07,Thu,3.1500,3.1070,3.1500,3.1000
2006/12/06,Wed,3.2390,3.1565,3.2390,3.1600
2006/12/05,Tue,3.2150,3.2425,3.2460,3.2150
2006/12/04,Mon,3.1790,3.1695,3.1790,3.1790
2006/12/03,Sun,,,,
2006/12/02,Sat,,,,
2006/12/01,Fri,3.1600,3.1655,3.1750,3.1500
2006/11/30,Thu,3.1610,3.1890,3.2050,3.1610
2006/11/29,Wed,3.1675,3.1485,3.1890,3.1250
2006/11/28,Tue,3.1995,3.1505,3.1995,3.1400
2006/11/27,Mon,3.2500,3.1995,3.2500,3.1940
2006/11/26,Sun,,,,
2006/11/25,Sat,,,,
2006/11/24,Fri,3.1355,3.1220,3.2375,3.1130
2006/11/23,Thu,3.1450,3.1410,3.1450,3.0850
2006/11/22,Wed,3.1415,3.1220,3.1650,3.1140
2006/11/21,Tue,3.1000,3.1295,3.1450,3.1000
2006/11/20,Mon,3.0500,3.0565,3.0895,3.0500
2006/11/19,Sun,,,,
2006/11/18,Sat,,,,
2006/11/17,Fri,3.0375,3.0710,3.0400,3.0000
2006/11/16,Thu,3.1000,3.0540,3.1050,3.0550
2006/11/15,Wed,3.1050,3.1050,3.1125,3.0700
2006/11/14,Tue,3.1000,3.1000,3.1050,3.0700
2006/11/13,Mon,3.1290,3.0885,3.1300,3.0700
2006/11/12,Sun,,,,
2006/11/11,Sat,,,,
2006/11/10,Fri,3.3200,3.1000,3.3200,3.1100
2006/11/09,Thu,3.2565,3.3190,3.3225,3.2500
2006/11/08,Wed,3.3660,3.2540,3.3665,3.2500
2006/11/07,Tue,3.3470,3.3725,3.4040,3.3470
2006/11/06,Mon,3.2975,3.3420,3.3320,3.2975
2006/11/05,Sun,,,,
2006/11/04,Sat,,,,
2006/11/03,Fri,3.2900,3.3275,3.3350,3.2900
2006/11/02,Thu,3.2865,3.2985,3.2865,3.2500
2006/11/01,Wed,3.3535,3.2435,3.3535,3.2450
2006/10/31,Tue,3.3600,3.3490,3.3600,3.3420
2006/10/30,Mon,3.4000,3.3605,3.4000,3.3180
2006/10/29,Sun,,,,
2006/10/28,Sat,,,,
2006/10/27,Fri,3.4000,3.4050,3.4200,3.3825
2006/10/26,Thu,3.4025,3.4000,3.4330,3.3800
2006/10/25,Wed,3.4170,3.4045,3.4220,3.3610
2006/10/24,Tue,3.4480,3.4180,3.4630,3.3500
2006/10/23,Mon,3.4625,3.4510,3.4800,3.4050
2006/10/22,Sun,,,,
2006/10/21,Sat,,,,
2006/10/20,Fri,3.5095,3.4620,3.5200,3.4350
2006/10/19,Thu,3.4890,3.5095,3.5200,3.4750
2006/10/18,Wed,3.5000,3.4960,3.5295,3.4650
2006/10/17,Tue,3.5780,3.4960,3.5950,3.4810
2006/10/16,Mon,3.4100,3.5810,3.5850,3.3960
2006/10/15,Sun,,,,
2006/10/14,Sat,,,,
2006/10/13,Fri,3.3880,3.4135,3.4450,3.3750
2006/10/12,Thu,3.4050,3.3865,3.4290,3.3350
2006/10/11,Wed,3.3800,3.4100,3.4325,3.3505
2006/10/10,Tue,3.4180,3.3780,3.4325,3.3625
2006/10/09,Mon,3.4000,3.4130,3.4500,3.3875
2006/10/08,Sun,,,,
2006/10/07,Sat,,,,
2006/10/06,Fri,3.2960,3.3885,3.4250,3.2925
2006/10/05,Thu,3.2060,3.3000,3.3300,3.2060
2006/10/04,Wed,3.2790,3.2055,3.3550,3.1850
2006/10/03,Tue,3.4295,3.2825,3.4350,3.2800
2006/10/02,Mon,3.4605,3.4295,3.5100,3.4020
2006/10/01,Sun,,,,
2006/09/30,Sat,,,,
2006/09/29,Fri,3.4300,3.4605,3.4850,3.4100
2006/09/28,Thu,3.4865,3.4280,3.5155,3.4000
2006/09/27,Wed,3.4760,3.4855,3.5200,3.4450
2006/09/26,Tue,3.4570,3.4685,3.4850,3.4300
2006/09/25,Mon,3.3750,3.4500,3.4250,3.3725
2006/09/24,Sun,,,,
2006/09/23,Sat,,,,
2006/09/22,Fri,3.4300,3.4435,3.4650,3.4200
2006/09/21,Thu,3.3885,3.4285,3.4350,3.3850
2006/09/20,Wed,3.3700,3.3740,3.3850,3.3050
2006/09/19,Tue,3.4160,3.3765,3.4160,3.3775
2006/09/18,Mon,3.3450,3.4160,3.4200,3.3450
2006/09/17,Sun,,,,
2006/09/16,Sat,,,,
2006/09/15,Fri,3.3450,3.3135,3.3690,3.2900
2006/09/14,Thu,3.4175,3.3780,3.4175,3.3800
2006/09/13,Wed,3.3950,3.3900,3.4400,3.3500
2006/09/12,Tue,3.4300,3.3830,3.4590,3.3900
2006/09/11,Mon,3.4500,3.4275,3.4500,3.4300
2006/09/10,Sun,,,,
2006/09/09,Sat,,,,
2006/09/08,Fri,3.6495,3.5735,3.6495,3.5700
2006/09/07,Thu,3.6710,3.6560,3.6710,3.6350
2006/09/06,Wed,3.6300,3.6865,3.6750,3.6250
2006/09/05,Tue,3.4785,3.6345,3.6525,3.4785
2006/09/04,Mon,,,,
2006/09/03,Sun,,,,
2006/09/02,Sat,,,,
2006/09/01,Fri,3.4720,3.4690,3.4895,3.4500
2006/08/31,Thu,3.4560,3.4610,3.4750,3.4450
2006/08/30,Wed,3.3955,3.3575,3.4275,3.3600
2006/08/29,Tue,3.4550,3.3890,3.4550,3.3565
2006/08/28,Mon,3.4430,3.4570,3.4430,3.4250
2006/08/27,Sun,,,,
2006/08/26,Sat,,,,
2006/08/25,Fri,3.4400,3.4425,3.4550,3.4150
2006/08/24,Thu,3.4750,3.4285,3.4750,3.3900
2006/08/23,Wed,3.4700,3.4690,3.5250,3.4700
2006/08/22,Tue,3.4400,3.4930,3.4975,3.4400
2006/08/21,Mon,3.3900,3.5145,3.5350,3.3900
2006/08/20,Sun,,,,
2006/08/19,Sat,,,,
2006/08/18,Fri,3.3750,3.4245,3.4500,3.3750
2006/08/17,Thu,3.5040,3.3425,3.5090,3.3400
2006/08/16,Wed,3.4750,3.4550,3.5150,3.4750
2006/08/15,Tue,3.5100,3.5165,3.5150,3.4700
2006/08/14,Mon,3.4605,3.5270,3.5250,3.4500
2006/08/13,Sun,,,,
2006/08/12,Sat,,,,
2006/08/11,Fri,3.5935,3.4605,3.6300,3.4050
2006/08/10,Thu,3.6900,3.6100,3.6900,3.6050
2006/08/09,Wed,3.5775,3.6920,3.7050,3.5625
2006/08/08,Tue,3.5850,3.5875,3.6000,3.5775
2006/08/07,Mon,3.6100,3.5945,3.6350,3.6100
2006/08/06,Sun,,,,
2006/08/05,Sat,,,,
2006/08/04,Fri,3.5090,3.6145,3.6300,3.5090
2006/08/03,Thu,3.5700,3.4705,3.5700,3.4400
2006/08/02,Wed,3.5600,3.5720,3.5980,3.5550
2006/08/01,Tue,3.5750,3.5730,3.5850,3.5650
2006/07/31,Mon,3.5300,3.5500,3.5300,3.5130
2006/07/30,Sun,,,,
2006/07/29,Sat,,,,
2006/07/28,Fri,3.4900,3.5275,3.5300,3.4350
2006/07/27,Thu,3.4450,3.4785,3.5100,3.4290
2006/07/26,Wed,3.4610,3.4495,3.4620,3.3800
2006/07/25,Tue,3.3750,3.4610,3.4750,3.3500
2006/07/24,Mon,3.3050,3.3820,3.3850,3.2100
2006/07/23,Sun,,,,
2006/07/22,Sat,,,,
2006/07/21,Fri,3.4050,3.3230,3.4600,3.2425
2006/07/20,Thu,3.5950,3.4095,3.6190,3.3800
2006/07/19,Wed,3.5700,3.5935,3.6050,3.4500
2006/07/18,Tue,3.5900,3.5745,3.6800,3.5310
2006/07/17,Mon,3.7125,3.5995,3.7200,3.5100
2006/07/16,Sun,,,,
2006/07/15,Sat,,,,
2006/07/14,Fri,3.6730,3.7125,3.7250,3.6455
2006/07/13,Thu,3.6600,3.6765,3.6880,3.6145
2006/07/12,Wed,3.6100,3.6650,3.7700,3.6100
2006/07/11,Tue,3.5825,3.6350,3.6550,3.5550
2006/07/10,Mon,3.5490,3.5825,3.5950,3.4800
2006/07/09,Sun,,,,
2006/07/08,Sat,,,,
2006/07/07,Fri,3.6170,3.5475,3.6195,3.5360
2006/07/06,Thu,3.3950,3.6170,3.6350,3.3700
2006/07/05,Wed,3.3600,3.4040,3.4395,3.3450
2006/07/04,Tue,,,,
2006/07/03,Mon,3.3590,3.3550,3.3650,3.3400
2006/07/02,Sun,,,,
2006/07/01,Sat,,,,
2006/06/30,Fri,3.3050,3.3550,3.4550,3.3050
2006/06/29,Thu,3.1720,3.3210,3.3450,3.1355
2006/06/28,Wed,3.1220,3.2420,3.2400,3.1220
2006/06/27,Tue,3.2520,3.1330,3.2520,3.1000
2006/06/26,Mon,3.1865,3.2830,3.2880,3.1700
2006/06/25,Sun,,,,
2006/06/24,Sat,,,,
2006/06/23,Fri,3.0850,3.2035,3.2075,3.0850
2006/06/22,Thu,3.2550,3.0965,3.2965,3.1100
2006/06/21,Wed,3.1480,3.1550,3.1575,3.1250
2006/06/20,Tue,3.0700,3.1340,3.1450,3.0400
2006/06/19,Mon,3.2500,3.1265,3.2600,3.1000
2006/06/18,Sun,,,,
2006/06/17,Sat,,,,
2006/06/16,Fri,3.2110,3.2615,3.2650,3.2200
2006/06/15,Thu,3.0500,3.1750,3.2700,3.0500
2006/06/14,Wed,2.9890,3.0210,3.0400,2.9480
2006/06/13,Tue,3.1880,2.9895,3.1880,2.9800
2006/06/12,Mon,3.1950,3.2135,3.3100,3.1650
2006/06/11,Sun,,,,
2006/06/10,Sat,,,,
2006/06/09,Fri,3.4170,3.2525,3.4250,3.2300
2006/06/08,Thu,3.5700,3.3420,3.5700,3.3500
2006/06/07,Wed,3.4405,3.5670,3.5200,3.3400
2006/06/06,Tue,3.4800,3.4675,3.4800,3.4400
2006/06/05,Mon,3.5900,3.5860,3.5900,3.5400
2006/06/04,Sun,,,,
2006/06/03,Sat,,,,
2006/06/02,Fri,3.4805,3.5695,3.5650,3.4805
2006/06/01,Thu,3.5650,3.4540,3.5800,3.3300
2006/05/31,Wed,3.6650,3.6065,3.6950,3.5800
2006/05/30,Tue,3.7500,3.6560,3.7800,3.6250
2006/05/29,Mon,,,,
2006/05/28,Sun,,,,
2006/05/27,Sat,,,,
2006/05/26,Fri,3.7000,3.8150,3.8200,3.6600
2006/05/25,Thu,3.6340,3.7075,3.7700,3.5200
2006/05/24,Wed,3.8600,3.6390,3.8750,3.5400
2006/05/23,Tue,3.4500,3.8855,3.8950,3.3900
2006/05/22,Mon,3.4500,3.4615,3.5050,3.2760
2006/05/21,Sun,,,,
2006/05/20,Sat,,,,
2006/05/19,Fri,3.6550,3.4690,3.7180,3.4300
2006/05/18,Thu,3.6600,3.7110,3.7400,3.5650
2006/05/17,Wed,3.8390,3.6715,3.8960,3.6420
2006/05/16,Tue,3.7290,3.8420,3.8450,3.5500
2006/05/15,Mon,3.8640,3.7465,3.9200,3.4640
2006/05/14,Sun,,,,
2006/05/13,Sat,,,,
2006/05/12,Fri,3.9300,3.8640,3.9490,3.8080
2006/05/11,Thu,3.6880,3.9230,4.0400,3.6780
2006/05/10,Wed,3.5960,3.6880,3.7040,3.5950
2006/05/09,Tue,3.4895,3.5960,3.6000,3.4870
2006/05/08,Mon,3.4950,3.5015,3.5380,3.4115
2006/05/07,Sun,,,,
2006/05/06,Sat,,,,
2006/05/05,Fri,3.4770,3.4935,3.5550,3.4500
2006/05/04,Thu,3.2985,3.4795,3.5050,3.2735
2006/05/03,Wed,3.2705,3.3050,3.3100,3.2150
2006/05/02,Tue,3.3300,3.2765,3.3400,3.2300
2006/05/01,Mon,3.2490,3.3205,3.3250,3.2000
2006/04/30,Sun,,,,
2006/04/29,Sat,,,,
2006/04/28,Fri,3.1850,3.2205,3.2900,3.1710
2006/04/27,Thu,3.3140,3.1810,3.3455,3.1600
2006/04/26,Wed,3.3140,3.3610,3.3770,3.2770
2006/04/25,Tue,3.0940,3.3025,3.3040,3.0660
2006/04/24,Mon,3.1300,3.1040,3.1500,3.0900
2006/04/23,Sun,,,,
2006/04/22,Sat,,,,
2006/04/21,Fri,2.9380,3.1330,3.1350,2.8950
2006/04/20,Thu,2.9400,2.9515,2.9550,2.8300
2006/04/19,Wed,2.9700,2.9495,2.9865,2.9150
2006/04/18,Tue,2.8965,2.9640,2.9600,2.8960
2006/04/17,Mon,2.8980,2.8930,2.9190,2.8695
2006/04/16,Sun,,,,
2006/04/15,Sat,,,,
2006/04/14,Fri,,,,
2006/04/13,Thu,2.7685,2.8115,2.8160,2.7685
2006/04/12,Wed,2.7180,2.7695,2.7830,2.7000
2006/04/11,Tue,2.7260,2.7205,2.7260,2.7050
2006/04/10,Mon,2.6470,2.7080,2.7085,2.6470
2006/04/09,Sun,,,,
2006/04/08,Sat,,,,
2006/04/07,Fri,2.6380,2.6390,2.6410,2.5900
2006/04/06,Thu,2.6190,2.6440,2.6440,2.6170
2006/04/05,Wed,2.5515,2.5930,2.5930,2.5515
2006/04/04,Tue,2.5435,2.5315,2.5480,2.5270
2006/04/03,Mon,2.4570,2.5435,2.5500,2.5190
2006/04/02,Sun,,,,
2006/04/01,Sat,,,,
2006/03/31,Fri,2.5000,2.4590,2.5000,2.4480
2006/03/30,Thu,2.4390,2.4785,2.4830,2.4390
2006/03/29,Wed,2.4360,2.4385,2.4520,2.4070
2006/03/28,Tue,2.4280,2.4285,2.4370,2.4165
2006/03/27,Mon,2.4010,2.4300,2.4380,2.3890
2006/03/26,Sun,,,,
2006/03/25,Sat,,,,
2006/03/24,Fri,2.3970,2.3945,2.4120,2.3810
2006/03/23,Thu,2.3370,2.3980,2.3990,2.3350
2006/03/22,Wed,2.3260,2.3390,2.3510,2.3165
2006/03/21,Tue,2.3340,2.3240,2.3750,2.3230
2006/03/20,Mon,2.4000,2.3340,2.4000,2.3330
2006/03/19,Sun,,,,
2006/03/18,Sat,,,,
2006/03/17,Fri,2.2650,2.3600,2.3630,2.2625
2006/03/16,Thu,2.2490,2.2655,2.2720,2.2325
2006/03/15,Wed,2.2525,2.2505,2.2840,2.2445
2006/03/14,Tue,2.2450,2.2540,2.2610,2.2150
2006/03/13,Mon,2.2075,2.2455,2.2500,2.2050
2006/03/12,Sun,,,,
2006/03/11,Sat,,,,
2006/03/10,Fri,2.1960,2.2100,2.2130,2.1550
2006/03/09,Thu,2.1600,2.1955,2.2080,2.1600
2006/03/08,Wed,2.1720,2.1635,2.1800,2.1380
2006/03/07,Tue,2.1980,2.1770,2.2080,2.1560
2006/03/06,Mon,2.2620,2.1965,2.2650,2.1860
2006/03/05,Sun,,,,
2006/03/04,Sat,,,,
2006/03/03,Fri,2.2695,2.2640,2.2800,2.2590
2006/03/02,Thu,2.2350,2.2675,2.2730,2.2180
2006/03/01,Wed,2.1775,2.2355,2.2400,2.1670
2006/02/28,Tue,2.1300,2.1785,2.1920,2.1180
2006/02/27,Mon,2.2090,2.1305,2.2150,2.1170
2006/02/26,Sun,,,,
2006/02/25,Sat,,,,
2006/02/24,Fri,2.2035,2.2105,2.2330,2.2010
2006/02/23,Thu,2.2230,2.2045,2.2400,2.2130
2006/02/22,Wed,2.2545,2.2625,2.2690,2.2420
2006/02/21,Tue,2.2285,2.2685,2.2670,2.2215
2006/02/20,Mon,,,,
2006/02/19,Sun,,,,
2006/02/18,Sat,,,,
2006/02/17,Fri,2.2280,2.1935,2.2340,2.2030
2006/02/16,Thu,2.1780,2.2115,2.2150,2.1250
2006/02/15,Wed,2.2520,2.1780,2.2520,2.1810
2006/02/14,Tue,2.2200,2.2565,2.2580,2.2200
2006/02/13,Mon,2.2270,2.2260,2.2340,2.2240
2006/02/12,Sun,,,,
2006/02/11,Sat,,,,
2006/02/10,Fri,2.2640,2.2145,2.2670,2.1760
2006/02/09,Thu,2.2850,2.2940,2.3025,2.2850
2006/02/08,Wed,2.2700,2.2640,2.2800,2.2400
2006/02/07,Tue,2.3150,2.2685,2.3160,2.2720
2006/02/06,Mon,2.3075,2.3190,2.3200,2.2880
2006/02/05,Sun,,,,
2006/02/04,Sat,,,,
2006/02/03,Fri,2.2945,2.2955,2.2945,2.2850
2006/02/02,Thu,2.2490,2.2955,2.2900,2.2440
2006/02/01,Wed,2.2190,2.2380,2.2330,2.2190
2006/01/31,Tue,2.2070,2.2155,2.2090,2.2050
2006/01/30,Mon,2.2100,2.2165,2.2165,2.2080
2006/01/29,Sun,,,,
2006/01/28,Sat,,,,
2006/01/27,Fri,2.2005,2.2330,2.2375,2.1960
2006/01/26,Thu,2.2025,2.2015,2.2175,2.1910
2006/01/25,Wed,2.1530,2.2035,2.2040,2.1475
2006/01/24,Tue,2.1205,2.1525,2.1530,2.1010
2006/01/23,Mon,2.0900,2.1195,2.1250,2.0830
2006/01/22,Sun,,,,
2006/01/21,Sat,,,,
2006/01/20,Fri,2.1100,2.0900,2.1220,2.0825
2006/01/19,Thu,2.1170,2.1110,2.1300,2.1050
2006/01/18,Wed,2.1080,2.1200,2.1295,2.0800
2006/01/17,Tue,2.1100,2.1110,2.1250,2.0915
2006/01/16,Mon,,,,
2006/01/15,Sun,,,,
2006/01/14,Sat,,,,
2006/01/13,Fri,2.1140,2.1125,2.1205,2.0880
2006/01/12,Thu,2.0950,2.0875,2.1030,2.0800
2006/01/11,Wed,2.1060,2.0950,2.1125,2.0940
2006/01/10,Tue,2.1020,2.1070,2.1220,2.0910
2006/01/09,Mon,2.0805,2.0970,2.1200,2.0800
2006/01/08,Sun,,,,
2006/01/07,Sat,,,,
2006/01/06,Fri,2.0625,2.0860,2.0950,2.0400
2006/01/05,Thu,2.0975,2.0605,2.0985,2.0580
2006/01/04,Wed,2.0480,2.0975,2.1100,2.0450
2006/01/03,Tue,2.0345,2.0485,2.0530,2.0025
2006/01/02,Mon,,,,
2006/01/01,Sun,,,,
2005/12/31,Sat,,,,
2005/12/30,Fri,2.0350,2.0420,2.0550,2.0300
2005/12/29,Thu,2.0675,2.0455,2.0690,2.0260
2005/12/28,Wed,2.1300,2.1290,2.1300,2.1180
2005/12/27,Tue,2.1200,2.1275,2.1280,2.1200
2005/12/26,Mon,,,,
2005/12/25,Sun,,,,
2005/12/24,Sat,,,,
2005/12/23,Fri,2.0850,2.1045,2.0920,2.0850
2005/12/22,Thu,2.0620,2.0710,2.0620,2.0535
2005/12/21,Wed,2.0620,2.0600,2.0620,2.0510
2005/12/20,Tue,2.0610,2.0620,2.0640,2.0550
2005/12/19,Mon,2.0705,2.0540,2.0740,2.0550
2005/12/18,Sun,,,,
2005/12/17,Sat,,,,
2005/12/16,Fri,2.0290,2.0695,2.0740,2.0290
2005/12/15,Thu,2.0340,2.0410,2.0520,2.0340
2005/12/14,Wed,2.0760,2.0095,2.0760,2.0050
2005/12/13,Tue,2.0230,2.0665,2.0700,2.0230
2005/12/12,Mon,2.0670,2.0260,2.0680,2.0260
2005/12/11,Sun,,,,
2005/12/10,Sat,,,,
2005/12/09,Fri,2.0700,2.0700,2.0700,2.0680
2005/12/08,Thu,2.0680,2.0670,2.0700,2.0650
2005/12/07,Wed,2.0480,2.0715,2.0720,2.0480
2005/12/06,Tue,2.0070,2.0220,2.0300,2.0070
2005/12/05,Mon,2.0420,2.0455,2.0420,2.0400
2005/12/04,Sun,,,,
2005/12/03,Sat,,,,
2005/12/02,Fri,2.0385,2.0210,2.0500,2.0200
2005/12/01,Thu,1.9660,2.0395,2.0340,1.9510
2005/11/30,Wed,1.9620,1.9655,1.9680,1.9575
2005/11/29,Tue,1.9410,1.9500,1.9620,1.9410
2005/11/28,Mon,1.9300,1.9830,1.9800,1.9300
2005/11/27,Sun,,,,
2005/11/26,Sat,,,,
2005/11/25,Fri,,,,
2005/11/24,Thu,,,,
2005/11/23,Wed,1.8925,1.9290,1.9250,1.8730
2005/11/22,Tue,1.9600,1.8995,1.9600,1.8900
2005/11/21,Mon,1.9470,1.9610,1.9640,1.9410
2005/11/20,Sun,,,,
2005/11/19,Sat,,,,
2005/11/18,Fri,1.9620,1.9640,1.9700,1.9570
2005/11/17,Thu,1.9215,1.9310,1.9360,1.9000
2005/11/16,Wed,1.9130,1.9220,1.9260,1.8990
2005/11/15,Tue,1.9000,1.9190,1.9200,1.9000
2005/11/14,Mon,1.8900,1.9005,1.9120,1.8900
2005/11/13,Sun,,,,
2005/11/12,Sat,,,,
2005/11/11,Fri,1.8500,1.8900,1.8845,1.8500
2005/11/10,Thu,1.8280,1.8550,1.8580,1.8280
2005/11/09,Wed,1.8170,1.8155,1.8240,1.8150
2005/11/08,Tue,1.8140,1.8220,1.8140,1.8140
2005/11/07,Mon,1.8240,1.8315,1.8240,1.8240
2005/11/06,Sun,,,,
2005/11/05,Sat,,,,
2005/11/04,Fri,1.8215,1.8290,1.8290,1.8215
2005/11/03,Thu,1.8050,1.8100,1.8120,1.8050
2005/11/02,Wed,1.8000,1.8125,1.8150,1.7895
2005/11/01,Tue,1.7740,1.7990,1.7980,1.7740
2005/10/31,Mon,1.7900,1.7920,1.8080,1.7900
2005/10/30,Sun,,,,
2005/10/29,Sat,,,,
2005/10/28,Fri,1.7840,1.8020,1.7980,1.7610
2005/10/27,Thu,1.8165,1.8040,1.8285,1.7950
2005/10/26,Wed,1.8240,1.8180,1.8450,1.7820
2005/10/25,Tue,1.7845,1.8245,1.8250,1.7700
2005/10/24,Mon,1.7945,1.7845,1.8050,1.7500
2005/10/23,Sun,,,,
2005/10/22,Sat,,,,
2005/10/21,Fri,1.7940,1.7930,1.7980,1.7225
2005/10/20,Thu,1.8065,1.7930,1.8580,1.7900
2005/10/19,Wed,1.8250,1.8060,1.8255,1.7885
2005/10/18,Tue,1.8200,1.8255,1.8350,1.8090
2005/10/17,Mon,1.7600,1.8210,1.8320,1.7565
2005/10/16,Sun,,,,
2005/10/15,Sat,,,,
2005/10/14,Fri,1.7705,1.7565,1.7780,1.7370
2005/10/13,Thu,1.7940,1.7650,1.8100,1.7610
2005/10/12,Wed,1.8335,1.7935,1.8380,1.7920
2005/10/11,Tue,1.8050,1.8350,1.8365,1.8030
2005/10/10,Mon,1.8080,1.8060,1.8230,1.8050
2005/10/09,Sun,,,,
2005/10/08,Sat,,,,
2005/10/07,Fri,1.7830,1.8085,1.8090,1.7760
2005/10/06,Thu,1.7865,1.7830,1.7910,1.7720
2005/10/05,Wed,1.7660,1.7865,1.7890,1.7560
2005/10/04,Tue,1.7590,1.7660,1.7680,1.7500
2005/10/03,Mon,1.7345,1.7590,1.7600,1.7225
2005/10/02,Sun,,,,
2005/10/01,Sat,,,,
2005/09/30,Fri,1.7380,1.7275,1.7470,1.7200
2005/09/29,Thu,1.7500,1.7395,1.7535,1.7330
2005/09/28,Wed,1.7695,1.7830,1.7830,1.7580
2005/09/27,Tue,1.7540,1.7620,1.7650,1.7540
2005/09/26,Mon,1.7285,1.7705,1.7640,1.7285
2005/09/25,Sun,,,,
2005/09/24,Sat,,,,
2005/09/23,Fri,1.7500,1.7305,1.7500,1.7280
2005/09/22,Thu,1.7500,1.7420,1.7500,1.7420
2005/09/21,Wed,1.6960,1.7365,1.7370,1.6960
2005/09/20,Tue,1.6960,1.6960,1.6960,1.6960
2005/09/19,Mon,1.6250,1.6855,1.6870,1.6250
2005/09/18,Sun,,,,
2005/09/17,Sat,,,,
2005/09/16,Fri,1.6290,1.6220,1.6290,1.6090
2005/09/15,Thu,1.6260,1.6315,1.6360,1.6200
2005/09/14,Wed,1.6515,1.6370,1.6515,1.6390
2005/09/13,Tue,1.6500,1.6525,1.6580,1.6470
2005/09/12,Mon,1.6400,1.6710,1.6670,1.6400
2005/09/11,Sun,,,,
2005/09/10,Sat,,,,
2005/09/09,Fri,1.6350,1.6260,1.6360,1.6190
2005/09/08,Thu,1.6720,1.6445,1.6720,1.6440
2005/09/07,Wed,1.6730,1.6730,1.6850,1.6700
2005/09/06,Tue,1.7070,1.6865,1.7070,1.7070
2005/09/05,Mon,,,,
2005/09/04,Sun,,,,
2005/09/03,Sat,,,,
2005/09/02,Fri,1.6660,1.7000,1.7100,1.6660
2005/09/01,Thu,1.6435,1.6740,1.6750,1.6435
2005/08/31,Wed,1.6720,1.6680,1.6730,1.6400
2005/08/30,Tue,1.6640,1.6680,1.6710,1.6600
2005/08/29,Mon,1.6800,1.6635,1.6940,1.6730
2005/08/28,Sun,,,,
2005/08/27,Sat,,,,
2005/08/26,Fri,1.6660,1.6830,1.6850,1.6610
2005/08/25,Thu,1.6570,1.6390,1.6600,1.6355
2005/08/24,Wed,1.6625,1.6560,1.6710,1.6450
2005/08/23,Tue,1.6730,1.6780,1.6850,1.6590
2005/08/22,Mon,1.6510,1.6720,1.6660,1.6480
2005/08/21,Sun,,,,
2005/08/20,Sat,,,,
2005/08/19,Fri,1.6260,1.6405,1.6430,1.6260
2005/08/18,Thu,1.6350,1.6415,1.6650,1.6350
2005/08/17,Wed,1.6925,1.6390,1.6925,1.6250
2005/08/16,Tue,1.6850,1.6925,1.6980,1.6790
2005/08/15,Mon,1.6670,1.6850,1.6720,1.6560
2005/08/14,Sun,,,,
2005/08/13,Sat,,,,
2005/08/12,Fri,1.6500,1.6545,1.6500,1.6500
2005/08/11,Thu,1.6220,1.6290,1.6220,1.6220
2005/08/10,Wed,1.6050,1.6185,1.6160,1.6050
2005/08/09,Tue,1.6090,1.5925,1.6090,1.5880
2005/08/08,Mon,1.6290,1.6285,1.6290,1.6250
2005/08/07,Sun,,,,
2005/08/06,Sat,,,,
2005/08/05,Fri,1.6280,1.6310,1.6350,1.6280
2005/08/04,Thu,1.6400,1.6335,1.6400,1.6310
2005/08/03,Wed,1.6400,1.6505,1.6500,1.6350
2005/08/02,Tue,1.6310,1.6415,1.6430,1.6280
2005/08/01,Mon,1.6200,1.6420,1.6350,1.6130
2005/07/31,Sun,,,,
2005/07/30,Sat,,,,
2005/07/29,Fri,1.6240,1.6225,1.6240,1.6100
2005/07/28,Thu,1.6020,1.6230,1.6150,1.6020
2005/07/27,Wed,1.6060,1.6270,1.6350,1.6010
2005/07/26,Tue,1.6155,1.6060,1.6205,1.6025
2005/07/25,Mon,1.6015,1.6180,1.6195,1.6010
2005/07/24,Sun,,,,
2005/07/23,Sat,,,,
2005/07/22,Fri,1.5750,1.6035,1.6115,1.5700
2005/07/21,Thu,1.5910,1.5700,1.6060,1.5670
2005/07/20,Wed,1.5850,1.5915,1.5970,1.5760
2005/07/19,Tue,1.5690,1.5865,1.5875,1.5570
2005/07/18,Mon,1.5610,1.5665,1.5890,1.5585
2005/07/17,Sun,,,,
2005/07/16,Sat,,,,
2005/07/15,Fri,1.5470,1.5620,1.5670,1.5430
2005/07/14,Thu,1.5495,1.5470,1.5750,1.5430
2005/07/13,Wed,1.5390,1.5495,1.5695,1.5350
2005/07/12,Tue,1.5620,1.5390,1.5680,1.5250
2005/07/11,Mon,1.5580,1.5610,1.5820,1.5470
2005/07/10,Sun,,,,
2005/07/09,Sat,,,,
2005/07/08,Fri,1.5350,1.5560,1.5660,1.5280
2005/07/07,Thu,1.5280,1.5355,1.5425,1.5060
2005/07/06,Wed,1.5130,1.5300,1.5385,1.5060
2005/07/05,Tue,1.4785,1.5090,1.5120,1.4735
2005/07/04,Mon,,,,
2005/07/03,Sun,,,,
2005/07/02,Sat,,,,
2005/07/01,Fri,1.4735,1.4735,1.5260,1.4600
2005/06/30,Thu,1.5580,1.5100,1.5740,1.5050
2005/06/29,Wed,1.5500,1.5620,1.5640,1.5260
2005/06/28,Tue,1.5870,1.5780,1.5870,1.5700
2005/06/27,Mon,1.5780,1.5870,1.5830,1.5780
2005/06/26,Sun,,,,
2005/06/25,Sat,,,,
2005/06/24,Fri,1.5750,1.5805,1.5780,1.5670
2005/06/23,Thu,1.5485,1.5600,1.5620,1.5300
2005/06/22,Wed,1.5580,1.5685,1.5700,1.5500
2005/06/21,Tue,1.5700,1.5805,1.5805,1.5570
2005/06/20,Mon,1.5750,1.5715,1.5750,1.5630
2005/06/19,Sun,,,,
2005/06/18,Sat,,,,
2005/06/17,Fri,1.5760,1.5820,1.5840,1.5730
2005/06/16,Thu,1.5240,1.5490,1.5480,1.5240
2005/06/15,Wed,1.5250,1.5285,1.5250,1.5240
2005/06/14,Tue,1.5260,1.5080,1.5260,1.5040
2005/06/13,Mon,1.5315,1.5170,1.5350,1.5050
2005/06/12,Sun,,,,
2005/06/11,Sat,,,,
2005/06/10,Fri,1.5180,1.5335,1.5300,1.5180
2005/06/09,Thu,1.5120,1.5170,1.5240,1.5020
2005/06/08,Wed,1.5015,1.5190,1.5110,1.5015
2005/06/07,Tue,1.5230,1.5160,1.5230,1.5220
2005/06/06,Mon,1.5350,1.5290,1.5350,1.5220
2005/06/05,Sun,,,,
2005/06/04,Sat,,,,
2005/06/03,Fri,1.5250,1.5225,1.5250,1.5120
2005/06/02,Thu,1.4600,1.4835,1.4900,1.4600
2005/06/01,Wed,1.4115,1.4495,1.4600,1.4100
2005/05/31,Tue,1.4080,1.4225,1.4100,1.4080
2005/05/30,Mon,,,,
2005/05/29,Sun,,,,
2005/05/28,Sat,,,,
2005/05/27,Fri,1.4230,1.4165,1.4230,1.4150
2005/05/26,Thu,1.4175,1.4495,1.4550,1.4080
2005/05/25,Wed,1.4065,1.4195,1.4200,1.4020
2005/05/24,Tue,1.3890,1.4050,1.4160,1.3860
2005/05/23,Mon,1.3700,1.3885,1.3950,1.3580
2005/05/22,Sun,,,,
2005/05/21,Sat,,,,
2005/05/20,Fri,1.3600,1.3750,1.3790,1.3530
2005/05/19,Thu,1.3740,1.3630,1.3810,1.3610
2005/05/18,Wed,1.3485,1.3760,1.3780,1.3460
2005/05/17,Tue,1.3510,1.3485,1.3620,1.3310
2005/05/16,Mon,1.3585,1.3460,1.3605,1.3300
2005/05/15,Sun,,,,
2005/05/14,Sat,,,,
2005/05/13,Fri,1.3820,1.3525,1.3850,1.3440
2005/05/12,Thu,1.4420,1.3760,1.4420,1.3710
2005/05/11,Wed,1.4560,1.4425,1.4580,1.4330
2005/05/10,Tue,1.4470,1.4570,1.4600,1.4425
2005/05/09,Mon,1.4365,1.4465,1.4620,1.4350
2005/05/08,Sun,,,,
2005/05/07,Sat,,,,
2005/05/06,Fri,1.4330,1.4410,1.4500,1.4260
2005/05/05,Thu,1.4300,1.4300,1.4420,1.4160
2005/05/04,Wed,1.4410,1.4290,1.4550,1.4090
2005/05/03,Tue,1.4520,1.4435,1.4550,1.4320
2005/05/02,Mon,1.4595,1.4550,1.4625,1.4380
2005/05/01,Sun,,,,
2005/04/30,Sat,,,,
2005/04/29,Fri,1.4390,1.4640,1.4685,1.4300
2005/04/28,Thu,1.4400,1.4440,1.4470,1.4250
2005/04/27,Wed,1.4625,1.4545,1.4650,1.4320
2005/04/26,Tue,1.4900,1.4650,1.4900,1.4620
2005/04/25,Mon,1.4640,1.4880,1.4860,1.4600
2005/04/24,Sun,,,,
2005/04/23,Sat,,,,
2005/04/22,Fri,1.4800,1.4870,1.4950,1.4800
2005/04/21,Thu,1.5005,1.4825,1.5005,1.4705
2005/04/20,Wed,1.4850,1.5075,1.5090,1.4830
2005/04/19,Tue,1.4525,1.4705,1.4690,1.4525
2005/04/18,Mon,1.4440,1.4440,1.4440,1.4310
2005/04/17,Sun,,,,
2005/04/16,Sat,,,,
2005/04/15,Fri,1.4275,1.4440,1.4510,1.4220
2005/04/14,Thu,1.4480,1.4275,1.4510,1.4100
2005/04/13,Wed,1.4700,1.4575,1.4700,1.4470
2005/04/12,Tue,1.5250,1.4920,1.5290,1.4900
2005/04/11,Mon,1.5160,1.5205,1.5200,1.5160
2005/04/10,Sun,,,,
2005/04/09,Sat,,,,
2005/04/08,Fri,1.5030,1.5040,1.5030,1.5000
2005/04/07,Thu,1.5030,1.5030,1.5070,1.5030
2005/04/06,Wed,1.4950,1.5040,1.5040,1.4860
2005/04/05,Tue,1.4690,1.4805,1.4760,1.4690
2005/04/04,Mon,1.4780,1.4910,1.4910,1.4700
2005/04/03,Sun,,,,
2005/04/02,Sat,,,,
2005/04/01,Fri,1.4850,1.4805,1.4890,1.4730
2005/03/31,Thu,1.5100,1.4970,1.5100,1.4940
2005/03/30,Wed,1.4710,1.4870,1.4710,1.4710
2005/03/29,Tue,1.4550,1.4705,1.4780,1.4510
2005/03/28,Mon,1.4600,1.4545,1.4665,1.4485
2005/03/27,Sun,,,,
2005/03/26,Sat,,,,
2005/03/25,Fri,,,,
2005/03/24,Thu,1.4510,1.4535,1.4670,1.4420
2005/03/23,Wed,1.4960,1.4445,1.5000,1.4430
2005/03/22,Tue,1.4900,1.4975,1.5080,1.4840
2005/03/21,Mon,1.5070,1.4890,1.5125,1.4720
2005/03/20,Sun,,,,
2005/03/19,Sat,,,,
2005/03/18,Fri,1.5045,1.5070,1.5190,1.4870
2005/03/17,Thu,1.5060,1.5045,1.5100,1.4925
2005/03/16,Wed,1.4890,1.5060,1.5140,1.4830
2005/03/15,Tue,1.4700,1.4905,1.5050,1.4650
2005/03/14,Mon,1.4760,1.4705,1.4860,1.4550
2005/03/13,Sun,,,,
2005/03/12,Sat,,,,
2005/03/11,Fri,1.4950,1.4790,1.4950,1.4560
2005/03/10,Thu,1.5035,1.4960,1.5080,1.4750
2005/03/09,Wed,1.4980,1.5035,1.5100,1.4770
2005/03/08,Tue,1.4935,1.4995,1.5210,1.4885
2005/03/07,Mon,1.4940,1.4965,1.5040,1.4820
2005/03/06,Sun,,,,
2005/03/05,Sat,,,,
2005/03/04,Fri,1.4740,1.4940,1.5070,1.4650
2005/03/03,Thu,1.4760,1.4760,1.4860,1.4640
2005/03/02,Wed,1.4640,1.4770,1.4830,1.4420
2005/03/01,Tue,1.5000,1.4645,1.5000,1.4580
2005/02/28,Mon,1.4825,1.4985,1.5080,1.4750
2005/02/27,Sun,,,,
2005/02/26,Sat,,,,
2005/02/25,Fri,1.4800,1.4860,1.4870,1.4440
2005/02/24,Thu,1.4760,1.4840,1.4760,1.4620
2005/02/23,Wed,1.4810,1.4980,1.4980,1.4760
2005/02/22,Tue,1.4965,1.4910,1.5030,1.4800
2005/02/21,Mon,,,,
2005/02/20,Sun,,,,
2005/02/19,Sat,,,,
2005/02/18,Fri,1.4820,1.4905,1.4920,1.4820
2005/02/17,Thu,1.4420,1.4900,1.4950,1.4360
2005/02/16,Wed,1.4370,1.4445,1.4430,1.4280
2005/02/15,Tue,1.4550,1.4530,1.4550,1.4550
2005/02/14,Mon,1.4350,1.4345,1.4350,1.4350
2005/02/13,Sun,,,,
2005/02/12,Sat,,,,
2005/02/11,Fri,1.4160,1.4175,1.4180,1.4160
2005/02/10,Thu,1.3930,1.4200,1.4200,1.3900
2005/02/09,Wed,1.3710,1.3820,1.3750,1.3710
2005/02/08,Tue,1.3780,1.3830,1.3780,1.3780
2005/02/07,Mon,1.3790,1.3820,1.3920,1.3790
2005/02/06,Sun,,,,
2005/02/05,Sat,,,,
2005/02/04,Fri,1.3825,1.3685,1.3825,1.3690
2005/02/03,Thu,1.3670,1.3805,1.3770,1.3670
2005/02/02,Wed,1.3800,1.3845,1.3840,1.3800
2005/02/01,Tue,1.4000,1.4055,1.4070,1.3960
2005/01/31,Mon,1.4210,1.4210,1.4210,1.4100
2005/01/30,Sun,,,,
2005/01/29,Sat,,,,
2005/01/28,Fri,1.4200,1.4230,1.4200,1.4180
2005/01/27,Thu,1.4330,1.4270,1.4380,1.4130
2005/01/26,Wed,1.4270,1.4355,1.4370,1.4120
2005/01/25,Tue,1.4270,1.4290,1.4360,1.4100
2005/01/24,Mon,1.4350,1.4300,1.4510,1.4240
2005/01/23,Sun,,,,
2005/01/22,Sat,,,,
2005/01/21,Fri,1.4135,1.4345,1.4400,1.4110
2005/01/20,Thu,1.4045,1.4150,1.4150,1.3970
2005/01/19,Wed,1.4000,1.4095,1.4230,1.4000
2005/01/18,Tue,1.3990,1.4015,1.4050,1.3720
2005/01/17,Mon,,,,
2005/01/16,Sun,,,,
2005/01/15,Sat,,,,
2005/01/14,Fri,1.3990,1.3990,1.4000,1.3780
2005/01/13,Thu,1.4025,1.3810,1.4040,1.3760
2005/01/12,Wed,1.4000,1.4040,1.4140,1.3905
2005/01/11,Tue,1.3700,1.3970,1.4050,1.3690
2005/01/10,Mon,1.3680,1.3695,1.3780,1.3600
2005/01/09,Sun,,,,
2005/01/08,Sat,,,,
2005/01/07,Fri,1.3750,1.3700,1.3880,1.3655
2005/01/06,Thu,1.3750,1.3750,1.3890,1.3610
2005/01/05,Wed,1.3480,1.3750,1.3750,1.3375
2005/01/04,Tue,1.4725,1.3430,1.4725,1.3235
2005/01/03,Mon,1.4565,1.4735,1.4775,1.4390
2005/01/02,Sun,,,,
2005/01/01,Sat,,,,
2004/12/31,Fri,,,,
2004/12/30,Thu,1.4450,1.4525,1.4550,1.4400
2004/12/29,Wed,1.4510,1.4450,1.4530,1.4330
2004/12/28,Tue,1.4565,1.4720,1.4720,1.4565
2004/12/27,Mon,1.4410,1.4565,1.4530,1.4400
2004/12/26,Sun,,,,
2004/12/25,Sat,,,,
2004/12/24,Fri,,,,
2004/12/23,Thu,1.4220,1.4375,1.4290,1.4220
2004/12/22,Wed,1.4650,1.4245,1.4670,1.4250
2004/12/21,Tue,1.4240,1.4575,1.4570,1.4240
2004/12/20,Mon,1.4220,1.4325,1.4330,1.4190
2004/12/19,Sun,,,,
2004/12/18,Sat,,,,
2004/12/17,Fri,1.4130,1.4115,1.4130,1.4050
2004/12/16,Thu,1.4100,1.4020,1.4120,1.4000
2004/12/15,Wed,1.3840,1.3995,1.3980,1.3820
2004/12/14,Tue,1.3740,1.3780,1.3750,1.3740
2004/12/13,Mon,1.3700,1.3690,1.3700,1.3660
2004/12/12,Sun,,,,
2004/12/11,Sat,,,,
2004/12/10,Fri,1.3295,1.3390,1.3420,1.3295
2004/12/09,Thu,1.3150,1.3295,1.3270,1.3150
2004/12/08,Wed,1.3200,1.3275,1.3265,1.3200
2004/12/07,Tue,1.3910,1.3640,1.3910,1.3625
2004/12/06,Mon,1.3820,1.3940,1.3960,1.3820
2004/12/05,Sun,,,,
2004/12/04,Sat,,,,
2004/12/03,Fri,1.3830,1.4010,1.4010,1.3800
2004/12/02,Thu,1.4220,1.3875,1.4250,1.3820
2004/12/01,Wed,1.4360,1.4470,1.4460,1.4335
2004/11/30,Tue,1.4415,1.4390,1.4415,1.4350
2004/11/29,Mon,1.4430,1.4435,1.4460,1.4395
2004/11/28,Sun,,,,
2004/11/27,Sat,,,,
2004/11/26,Fri,,,,
2004/11/25,Thu,,,,
2004/11/24,Wed,1.4300,1.4360,1.4340,1.4275
2004/11/23,Tue,1.4090,1.4175,1.4230,1.4090
2004/11/22,Mon,1.4100,1.4090,1.4100,1.3990
2004/11/21,Sun,,,,
2004/11/20,Sat,,,,
2004/11/19,Fri,1.4140,1.4240,1.4260,1.4140
2004/11/18,Thu,1.4200,1.4170,1.4200,1.4180
2004/11/17,Wed,1.3640,1.4000,1.4000,1.3640
2004/11/16,Tue,1.3550,1.3620,1.3640,1.3550
2004/11/15,Mon,1.3890,1.3845,1.3890,1.3750
2004/11/14,Sun,,,,
2004/11/13,Sat,,,,
2004/11/12,Fri,1.3670,1.3925,1.3920,1.3670
2004/11/11,Thu,1.3605,1.3685,1.3785,1.3605
2004/11/10,Wed,1.3580,1.3580,1.3580,1.3580
2004/11/09,Tue,1.3560,1.3705,1.3690,1.3560
2004/11/08,Mon,1.3690,1.3565,1.3690,1.3620
2004/11/07,Sun,,,,
2004/11/06,Sat,,,,
2004/11/05,Fri,1.3430,1.3575,1.3620,1.3430
2004/11/04,Thu,1.3460,1.3415,1.3460,1.3460
2004/11/03,Wed,1.3250,1.3250,1.3250,1.3250
2004/11/02,Tue,1.3160,1.3155,1.3160,1.3160
2004/11/01,Mon,1.3040,1.3025,1.3040,1.3040
2004/10/31,Sun,,,,
2004/10/30,Sat,,,,
2004/10/29,Fri,1.3080,1.3325,1.3340,1.3070
2004/10/28,Thu,1.2500,1.2485,1.2600,1.2500
2004/10/27,Wed,1.2770,1.2880,1.2950,1.2750
2004/10/26,Tue,1.2760,1.2815,1.2930,1.2710
2004/10/25,Mon,1.3055,1.2765,1.3160,1.2565
2004/10/24,Sun,,,,
2004/10/23,Sat,,,,
2004/10/22,Fri,1.3090,1.3055,1.3210,1.2800
2004/10/21,Thu,1.3000,1.3135,1.3210,1.2930
2004/10/20,Wed,1.2970,1.3015,1.3070,1.2650
2004/10/19,Tue,1.2800,1.2970,1.3080,1.2800
2004/10/18,Mon,1.3075,1.2840,1.3125,1.2700
2004/10/17,Sun,,,,
2004/10/16,Sat,,,,
2004/10/15,Fri,1.2720,1.3090,1.3140,1.2700
2004/10/14,Thu,1.2895,1.2695,1.3030,1.2480
2004/10/13,Wed,1.4480,1.2880,1.4480,1.2700
2004/10/12,Tue,1.4670,1.4480,1.4690,1.4230
2004/10/11,Mon,1.4690,1.4685,1.4800,1.4600
2004/10/10,Sun,,,,
2004/10/09,Sat,,,,
2004/10/08,Fri,1.4275,1.4695,1.4820,1.4235
2004/10/07,Thu,1.4220,1.4275,1.4385,1.4195
2004/10/06,Wed,1.4010,1.4230,1.4280,1.3955
2004/10/05,Tue,1.3970,1.4015,1.4050,1.3890
2004/10/04,Mon,1.4035,1.3970,1.4080,1.3810
2004/10/03,Sun,,,,
2004/10/02,Sat,,,,
2004/10/01,Fri,1.3930,1.4040,1.4040,1.3850
2004/09/30,Thu,1.3920,1.3960,1.4080,1.3805
2004/09/29,Wed,1.3700,1.3930,1.3960,1.3620
2004/09/28,Tue,1.3725,1.3710,1.3735,1.3635
2004/09/27,Mon,1.3710,1.3790,1.3815,1.3710
2004/09/26,Sun,,,,
2004/09/25,Sat,,,,
2004/09/24,Fri,1.3590,1.3575,1.3590,1.3490
2004/09/23,Thu,1.3520,1.3590,1.3580,1.3520
2004/09/22,Wed,1.3460,1.3705,1.3720,1.3460
2004/09/21,Tue,1.3360,1.3415,1.3500,1.3360
2004/09/20,Mon,1.3140,1.3190,1.3140,1.3140
2004/09/19,Sun,,,,
2004/09/18,Sat,,,,
2004/09/17,Fri,1.2990,1.3010,1.3010,1.2990
2004/09/16,Thu,1.2700,1.3000,1.3000,1.2700
2004/09/15,Wed,1.2795,1.2700,1.2795,1.2715
2004/09/14,Tue,1.2750,1.2795,1.2760,1.2750
2004/09/13,Mon,1.2850,1.2850,1.2805,1.2800
2004/09/12,Sun,,,,
2004/09/11,Sat,,,,
2004/09/10,Fri,1.2870,1.2805,1.2870,1.2870
2004/09/09,Thu,1.2630,1.2645,1.2630,1.2630
2004/09/08,Wed,1.2570,1.2570,1.2580,1.2570
2004/09/07,Tue,1.2400,1.2720,1.2725,1.2390
2004/09/06,Mon,,,,
2004/09/05,Sun,,,,
2004/09/04,Sat,,,,
2004/09/03,Fri,1.2420,1.2395,1.2420,1.2250
2004/09/02,Thu,1.2650,1.2480,1.2650,1.2450
2004/09/01,Wed,1.2785,1.2770,1.2785,1.2740
2004/08/31,Tue,1.2650,1.2815,1.2700,1.2650
2004/08/30,Mon,1.2650,1.2650,1.2650,1.2650
2004/08/29,Sun,,,,
2004/08/28,Sat,,,,
2004/08/27,Fri,1.2660,1.2610,1.2660,1.2590
2004/08/26,Thu,1.2490,1.2520,1.2590,1.2480
2004/08/25,Wed,1.2270,1.2415,1.2540,1.2420
2004/08/24,Tue,1.2540,1.2410,1.2540,1.2420
2004/08/23,Mon,1.2600,1.2415,1.2600,1.2320
2004/08/22,Sun,,,,
2004/08/21,Sat,,,,
2004/08/20,Fri,1.2670,1.2665,1.2760,1.2650
2004/08/19,Thu,1.2750,1.2895,1.2890,1.2670
2004/08/18,Wed,1.2600,1.2685,1.2620,1.2600
2004/08/17,Tue,1.3060,1.3030,1.3070,1.2950
2004/08/16,Mon,1.3110,1.3100,1.3110,1.3050
2004/08/15,Sun,,,,
2004/08/14,Sat,,,,
2004/08/13,Fri,1.3050,1.3120,1.3150,1.2970
2004/08/12,Thu,1.2760,1.2640,1.2760,1.2670
2004/08/11,Wed,1.2690,1.2690,1.2690,1.2690
2004/08/10,Tue,1.2500,1.2540,1.2510,1.2470
2004/08/09,Mon,1.2520,1.2385,1.2520,1.2330
2004/08/08,Sun,,,,
2004/08/07,Sat,,,,
2004/08/06,Fri,1.2630,1.2720,1.2630,1.2630
2004/08/05,Thu,1.3080,1.2710,1.3080,1.3080
2004/08/04,Wed,1.2930,1.2855,1.2930,1.2730
2004/08/03,Tue,1.2820,1.2930,1.2930,1.2820
2004/08/02,Mon,1.2905,1.2915,1.2960,1.2905
2004/08/01,Sun,,,,
2004/07/31,Sat,,,,
2004/07/30,Fri,1.2890,1.2980,1.2940,1.2890
2004/07/29,Thu,1.2580,1.2820,1.2740,1.2560
2004/07/28,Wed,1.2210,1.2710,1.2800,1.2210
2004/07/27,Tue,1.2500,1.2210,1.2530,1.2165
2004/07/26,Mon,1.2460,1.2500,1.2630,1.2380
2004/07/25,Sun,,,,
2004/07/24,Sat,,,,
2004/07/23,Fri,1.2860,1.2480,1.2870,1.2320
2004/07/22,Thu,1.2750,1.2870,1.2900,1.2700
2004/07/21,Wed,1.2855,1.2750,1.2855,1.2550
2004/07/20,Tue,1.3050,1.2855,1.3070,1.2710
2004/07/19,Mon,1.3115,1.3050,1.3170,1.2980
2004/07/18,Sun,,,,
2004/07/17,Sat,,,,
2004/07/16,Fri,1.2875,1.3105,1.3150,1.2850
2004/07/15,Thu,1.2875,1.2875,1.2930,1.2760
2004/07/14,Wed,1.2775,1.2770,1.2890,1.2665
2004/07/13,Tue,1.2775,1.2780,1.2930,1.2640
2004/07/12,Mon,1.2810,1.2775,1.3000,1.2750
2004/07/11,Sun,,,,
2004/07/10,Sat,,,,
2004/07/09,Fri,1.2500,1.2810,1.2900,1.2480
2004/07/08,Thu,1.2545,1.2510,1.2575,1.2260
2004/07/07,Wed,1.2200,1.2550,1.2600,1.2160
2004/07/06,Tue,1.2355,1.2180,1.2425,1.1950
2004/07/05,Mon,,,,
2004/07/04,Sun,,,,
2004/07/03,Sat,,,,
2004/07/02,Fri,1.2220,1.2200,1.2300,1.2080
2004/07/01,Thu,1.2080,1.2220,1.2340,1.2010
2004/06/30,Wed,1.1890,1.2080,1.2170,1.1740
2004/06/29,Tue,1.2130,1.1750,1.2140,1.1680
2004/06/28,Mon,1.2060,1.2105,1.2160,1.2060
2004/06/27,Sun,,,,
2004/06/26,Sat,,,,
2004/06/25,Fri,1.2180,1.2105,1.2180,1.1930
2004/06/24,Thu,1.1950,1.2245,1.2290,1.1915
2004/06/23,Wed,1.1660,1.1960,1.1920,1.1660
2004/06/22,Tue,1.1960,1.1660,1.1960,1.1650
2004/06/21,Mon,1.2010,1.1980,1.2010,1.1870
2004/06/20,Sun,,,,
2004/06/19,Sat,,,,
2004/06/18,Fri,1.2015,1.1955,1.2015,1.1910
2004/06/17,Thu,1.1920,1.2015,1.2020,1.1920
2004/06/16,Wed,1.1720,1.1810,1.1720,1.1720
2004/06/15,Tue,1.1500,1.1925,1.1950,1.1410
2004/06/14,Mon,1.1620,1.1550,1.1620,1.1510
2004/06/13,Sun,,,,
2004/06/12,Sat,,,,
2004/06/11,Fri,,,,
2004/06/10,Thu,1.1700,1.1740,1.1745,1.1440
2004/06/09,Wed,1.2230,1.1650,1.2230,1.1730
2004/06/08,Tue,1.2375,1.2375,1.2375,1.2375
2004/06/07,Mon,1.2640,1.2640,1.2640,1.2640
2004/06/06,Sun,,,,
2004/06/05,Sat,,,,
2004/06/04,Fri,1.2290,1.2290,1.2290,1.2290
2004/06/03,Thu,1.2300,1.2435,1.2590,1.2460
2004/06/02,Wed,1.2955,1.2455,1.2970,1.2465
2004/06/01,Tue,1.2930,1.2900,1.2930,1.2860
2004/05/31,Mon,,,,
2004/05/30,Sun,,,,
2004/05/29,Sat,,,,
2004/05/28,Fri,1.2655,1.2745,1.2790,1.2655
2004/05/27,Thu,1.2440,1.2665,1.2700,1.2440
2004/05/26,Wed,1.2340,1.2315,1.2480,1.2145
2004/05/25,Tue,1.2335,1.2340,1.2450,1.2240
2004/05/24,Mon,1.2215,1.2340,1.2495,1.2070
2004/05/23,Sun,,,,
2004/05/22,Sat,,,,
2004/05/21,Fri,1.1865,1.2220,1.2290,1.1815
2004/05/20,Thu,1.1950,1.1865,1.1970,1.1680
2004/05/19,Wed,1.1500,1.1965,1.1980,1.1490
2004/05/18,Tue,1.1445,1.1535,1.1540,1.1290
2004/05/17,Mon,1.1780,1.1445,1.1830,1.1380
2004/05/16,Sun,,,,
2004/05/15,Sat,,,,
2004/05/14,Fri,1.1785,1.1780,1.1960,1.1670
2004/05/13,Thu,1.1840,1.1790,1.1920,1.1680
2004/05/12,Wed,1.1945,1.1875,1.2010,1.1700
2004/05/11,Tue,1.1665,1.1940,1.1950,1.1650
2004/05/10,Mon,1.1895,1.1675,1.1900,1.1480
2004/05/09,Sun,,,,
2004/05/08,Sat,,,,
2004/05/07,Fri,1.2350,1.1905,1.2350,1.1820
2004/05/06,Thu,1.2420,1.2370,1.2540,1.2260
2004/05/05,Wed,1.2285,1.2420,1.2440,1.2250
2004/05/04,Tue,1.2275,1.2285,1.2360,1.2165
2004/05/03,Mon,1.2080,1.2255,1.2350,1.2030
2004/05/02,Sun,,,,
2004/05/01,Sat,,,,
2004/04/30,Fri,1.1920,1.2075,1.2140,1.1800
2004/04/29,Thu,1.1700,1.1925,1.1955,1.1615
2004/04/28,Wed,1.1710,1.1775,1.1780,1.1660
2004/04/27,Tue,1.2390,1.2375,1.2390,1.2300
2004/04/26,Mon,1.2460,1.2435,1.2480,1.2430
2004/04/25,Sun,,,,
2004/04/24,Sat,,,,
2004/04/23,Fri,1.2310,1.2440,1.2530,1.2300
2004/04/22,Thu,1.2295,1.2280,1.2375,1.2160
2004/04/21,Wed,1.2570,1.2295,1.2570,1.2220
2004/04/20,Tue,1.3250,1.3110,1.3280,1.3050
2004/04/19,Mon,1.3340,1.3570,1.3600,1.3340
2004/04/18,Sun,,,,
2004/04/17,Sat,,,,
2004/04/16,Fri,1.2965,1.3400,1.3380,1.2965
2004/04/15,Thu,1.2850,1.2905,1.2930,1.2780
2004/04/14,Wed,1.2710,1.2965,1.3015,1.2680
2004/04/13,Tue,1.2900,1.2825,1.2900,1.2680
2004/04/12,Mon,1.2940,1.2900,1.2940,1.2720
2004/04/11,Sun,,,,
2004/04/10,Sat,,,,
2004/04/09,Fri,,,,
2004/04/08,Thu,1.3030,1.3070,1.3050,1.2970
2004/04/07,Wed,1.3180,1.3110,1.3180,1.2970
2004/04/06,Tue,1.3110,1.3180,1.3200,1.3060
2004/04/05,Mon,1.3460,1.3095,1.3460,1.2940
2004/04/04,Sun,,,,
2004/04/03,Sat,,,,
2004/04/02,Fri,1.3715,1.3470,1.3725,1.3440
2004/04/01,Thu,1.3675,1.3710,1.3690,1.3590
2004/03/31,Wed,1.3560,1.3580,1.3590,1.3525
2004/03/30,Tue,1.3360,1.3385,1.3360,1.3350
2004/03/29,Mon,1.3485,1.3580,1.3670,1.3430
2004/03/28,Sun,,,,
2004/03/27,Sat,,,,
2004/03/26,Fri,1.3420,1.3485,1.3570,1.3345
2004/03/25,Thu,1.3510,1.3435,1.3525,1.3190
2004/03/24,Wed,1.3560,1.3545,1.3680,1.3420
2004/03/23,Tue,1.3530,1.3590,1.3600,1.3165
2004/03/22,Mon,1.3800,1.3530,1.3850,1.3500
2004/03/21,Sun,,,,
2004/03/20,Sat,,,,
2004/03/19,Fri,1.3700,1.3780,1.3880,1.3650
2004/03/18,Thu,1.3505,1.3710,1.3780,1.3490
2004/03/17,Wed,1.3660,1.3505,1.3695,1.3420
2004/03/16,Tue,1.3510,1.3660,1.3730,1.3480
2004/03/15,Mon,1.3135,1.3490,1.3515,1.3135
2004/03/14,Sun,,,,
2004/03/13,Sat,,,,
2004/03/12,Fri,1.3385,1.3135,1.3440,1.3000
2004/03/11,Thu,1.2870,1.3390,1.3400,1.2850
2004/03/10,Wed,1.2730,1.2870,1.2960,1.2700
2004/03/09,Tue,1.2940,1.2720,1.3040,1.2560
2004/03/08,Mon,1.3430,1.2970,1.3490,1.2850
2004/03/07,Sun,,,,
2004/03/06,Sat,,,,
2004/03/05,Fri,1.3225,1.3430,1.3430,1.2930
2004/03/04,Thu,1.3080,1.3225,1.3260,1.2900
2004/03/03,Wed,1.3740,1.3065,1.3760,1.2750
2004/03/02,Tue,1.3985,1.3760,1.4030,1.3655
2004/03/01,Mon,1.3485,1.3985,1.3990,1.3475
2004/02/29,Sun,,,,
2004/02/28,Sat,,,,
2004/02/27,Fri,1.3530,1.3460,1.3555,1.3295
2004/02/26,Thu,1.3100,1.3540,1.3550,1.3035
2004/02/25,Wed,1.3490,1.3110,1.3510,1.3080
2004/02/24,Tue,1.3130,1.3275,1.3240,1.3130
2004/02/23,Mon,1.3020,1.3125,1.3200,1.3020
2004/02/22,Sun,,,,
2004/02/21,Sat,,,,
2004/02/20,Fri,1.3260,1.3055,1.3365,1.3000
2004/02/19,Thu,1.3085,1.3250,1.3250,1.3070
2004/02/18,Wed,1.3350,1.2945,1.3350,1.2750
2004/02/17,Tue,1.3020,1.2930,1.3020,1.2800
2004/02/16,Mon,,,,
2004/02/15,Sun,,,,
2004/02/14,Sat,,,,
2004/02/13,Fri,1.2365,1.2360,1.2470,1.2365
2004/02/12,Thu,1.2250,1.2345,1.2410,1.2250
2004/02/11,Wed,1.1765,1.2110,1.2130,1.1765
2004/02/10,Tue,1.1850,1.1745,1.1850,1.1750
2004/02/09,Mon,1.1850,1.1825,1.1870,1.1820
2004/02/08,Sun,,,,
2004/02/07,Sat,,,,
2004/02/06,Fri,1.1660,1.1765,1.1775,1.1660
2004/02/05,Thu,1.1785,1.1705,1.1785,1.1680
2004/02/04,Wed,1.1655,1.1710,1.1690,1.1655
2004/02/03,Tue,1.1415,1.1650,1.1660,1.1415
2004/02/02,Mon,1.1480,1.1405,1.1480,1.1390
2004/02/01,Sun,,,,
2004/01/31,Sat,,,,
2004/01/30,Fri,1.1395,1.1420,1.1425,1.1395
2004/01/29,Thu,1.1255,1.1195,1.1260,1.1190
2004/01/28,Wed,1.1130,1.1325,1.1340,1.1115
2004/01/27,Tue,1.1165,1.1140,1.1240,1.1110
2004/01/26,Mon,1.1225,1.1165,1.1250,1.1125
2004/01/25,Sun,,,,
2004/01/24,Sat,,,,
2004/01/23,Fri,1.1200,1.1245,1.1270,1.1140
2004/01/22,Thu,1.1195,1.1200,1.1310,1.1180
2004/01/21,Wed,1.1185,1.1175,1.1300,1.1110
2004/01/20,Tue,1.1000,1.1175,1.1215,1.0980
2004/01/19,Mon,,,,
2004/01/18,Sun,,,,
2004/01/17,Sat,,,,
2004/01/16,Fri,1.0815,1.0940,1.0970,1.0780
2004/01/15,Thu,1.0940,1.0840,1.0990,1.0670
2004/01/14,Wed,1.0855,1.0940,1.1030,1.0765
2004/01/13,Tue,1.0825,1.0855,1.1040,1.0820
2004/01/12,Mon,1.1065,1.0825,1.1100,1.0800
2004/01/11,Sun,,,,
2004/01/10,Sat,,,,
2004/01/09,Fri,1.1070,1.1035,1.1080,1.0920
2004/01/08,Thu,1.0665,1.1085,1.1100,1.0610
2004/01/07,Wed,1.0695,1.0665,1.0780,1.0540
2004/01/06,Tue,1.0870,1.0705,1.0960,1.0590
2004/01/05,Mon,1.0625,1.0870,1.0910,1.0625
2004/01/04,Sun,,,,
2004/01/03,Sat,,,,
2004/01/02,Fri,,,,
2004/01/01,Thu,,,,
2003/12/31,Wed,1.0430,1.0455,1.0510,1.0425
2003/12/30,Tue,1.0425,1.0430,1.0450,1.0295
2003/12/29,Mon,1.0415,1.0435,1.0415,1.0410
2003/12/28,Sun,,,,
2003/12/27,Sat,,,,
2003/12/26,Fri,,,,
2003/12/25,Thu,,,,
2003/12/24,Wed,1.0200,1.0230,1.0205,1.0185
2003/12/23,Tue,1.0200,1.0185,1.0240,1.0200
2003/12/22,Mon,1.0150,1.0070,1.0150,1.0125
2003/12/21,Sun,,,,
2003/12/20,Sat,,,,
2003/12/19,Fri,1.0195,1.0245,1.0265,1.0195
2003/12/18,Thu,0.9970,1.0155,1.0050,0.9970
2003/12/17,Wed,1.0000,0.9970,1.0000,0.9980
2003/12/16,Tue,1.0030,1.0045,1.0050,0.9985
2003/12/15,Mon,0.9940,0.9945,0.9940,0.9875
2003/12/14,Sun,,,,
2003/12/13,Sat,,,,
2003/12/12,Fri,0.9815,0.9880,0.9850,0.9815
2003/12/11,Thu,0.9745,0.9780,0.9775,0.9700
2003/12/10,Wed,0.9800,0.9795,0.9810,0.9800
2003/12/09,Tue,0.9805,0.9790,0.9805,0.9750
2003/12/08,Mon,0.9780,0.9680,0.9845,0.9685
2003/12/07,Sun,,,,
2003/12/06,Sat,,,,
2003/12/05,Fri,0.9765,0.9710,0.9780,0.9720
2003/12/04,Thu,0.9775,0.9650,0.9775,0.9650
2003/12/03,Wed,0.9730,0.9790,0.9890,0.9730
2003/12/02,Tue,0.9560,0.9725,0.9650,0.9560
2003/12/01,Mon,0.9500,0.9595,0.9550,0.9500
2003/11/30,Sun,,,,
2003/11/29,Sat,,,,
2003/11/28,Fri,,,,
2003/11/27,Thu,,,,
2003/11/26,Wed,0.9075,0.9125,0.9110,0.9070
2003/11/25,Tue,0.9090,0.8900,0.9090,0.9000
2003/11/24,Mon,0.8950,0.9075,0.9080,0.8950
2003/11/23,Sun,,,,
2003/11/22,Sat,,,,
2003/11/21,Fri,0.8930,0.8970,0.8970,0.8875
2003/11/20,Thu,0.9180,0.8860,0.9180,0.8855
2003/11/19,Wed,0.9225,0.9200,0.9250,0.9180
2003/11/18,Tue,0.9300,0.9345,0.9300,0.9300
2003/11/17,Mon,0.9205,0.9205,0.9205,0.9205
2003/11/16,Sun,,,,
2003/11/15,Sat,,,,
2003/11/14,Fri,0.9475,0.9540,0.9540,0.9475
2003/11/13,Thu,0.9510,0.9450,0.9515,0.9465
2003/11/12,Wed,0.9470,0.9510,0.9500,0.9455
2003/11/11,Tue,0.9290,0.9470,0.9445,0.9290
2003/11/10,Mon,0.9385,0.9305,0.9385,0.9300
2003/11/09,Sun,,,,
2003/11/08,Sat,,,,
2003/11/07,Fri,0.9425,0.9460,0.9540,0.9420
2003/11/06,Thu,0.9590,0.9420,0.9590,0.9425
2003/11/05,Wed,0.9560,0.9585,0.9600,0.9520
2003/11/04,Tue,0.9595,0.9595,0.9595,0.9595
2003/11/03,Mon,0.9370,0.9355,0.9370,0.9300
2003/11/02,Sun,,,,
2003/11/01,Sat,,,,
2003/10/31,Fri,0.9405,0.9410,0.9405,0.9405
2003/10/30,Thu,0.9360,0.9355,0.9360,0.9360
2003/10/29,Wed,0.9040,0.9190,0.9195,0.9040
2003/10/28,Tue,0.9070,0.9040,0.9135,0.9010
2003/10/27,Mon,0.8925,0.9075,0.9080,0.8920
2003/10/26,Sun,,,,
2003/10/25,Sat,,,,
2003/10/24,Fri,0.9060,0.8930,0.9080,0.8860
2003/10/23,Thu,0.9125,0.9065,0.9135,0.8955
2003/10/22,Wed,0.9060,0.9135,0.9170,0.9020
2003/10/21,Tue,0.9105,0.9060,0.9130,0.9010
2003/10/20,Mon,0.8950,0.9115,0.9130,0.8945
2003/10/19,Sun,,,,
2003/10/18,Sat,,,,
2003/10/17,Fri,0.8930,0.8945,0.8975,0.8830
2003/10/16,Thu,0.8960,0.8940,0.9020,0.8880
2003/10/15,Wed,0.8740,0.8980,0.9020,0.8740
2003/10/14,Tue,0.8875,0.8740,0.8985,0.8690
2003/10/13,Mon,0.8640,0.8875,0.8900,0.8640
2003/10/12,Sun,,,,
2003/10/11,Sat,,,,
2003/10/10,Fri,0.8530,0.8635,0.8645,0.8505
2003/10/09,Thu,0.8540,0.8535,0.8605,0.8515
2003/10/08,Wed,0.8460,0.8545,0.8545,0.8460
2003/10/07,Tue,0.8400,0.8470,0.8480,0.8380
2003/10/06,Mon,0.8370,0.8375,0.8440,0.8325
2003/10/05,Sun,,,,
2003/10/04,Sat,,,,
2003/10/03,Fri,0.8335,0.8370,0.8395,0.8330
2003/10/02,Thu,0.8235,0.8335,0.8370,0.8230
2003/10/01,Wed,0.8190,0.8230,0.8275,0.8175
2003/09/30,Tue,0.8245,0.8185,0.8260,0.8145
2003/09/29,Mon,0.8205,0.8240,0.8275,0.8150
2003/09/28,Sun,,,,
2003/09/27,Sat,,,,
2003/09/26,Fri,0.8300,0.8190,0.8300,0.8195
2003/09/25,Thu,0.8300,0.8300,0.8300,0.8300
2003/09/24,Wed,0.8320,0.8270,0.8320,0.8300
2003/09/23,Tue,0.8285,0.8235,0.8285,0.8245
2003/09/22,Mon,0.8315,0.8290,0.8315,0.8285
2003/09/21,Sun,,,,
2003/09/20,Sat,,,,
2003/09/19,Fri,0.8295,0.8285,0.8295,0.8295
2003/09/18,Thu,0.8250,0.8265,0.8250,0.8250
2003/09/17,Wed,0.8230,0.8230,0.8230,0.8230
2003/09/16,Tue,0.8105,0.8145,0.8105,0.8105
2003/09/15,Mon,0.8215,0.8195,0.8215,0.8215
2003/09/14,Sun,,,,
2003/09/13,Sat,,,,
2003/09/12,Fri,0.8150,0.8140,0.8150,0.8150
2003/09/11,Thu,0.8070,0.8265,0.8200,0.8070
2003/09/10,Wed,0.8130,0.8075,0.8130,0.8070
2003/09/09,Tue,0.8175,0.8175,0.8175,0.8175
2003/09/08,Mon,0.8275,0.8280,0.8320,0.8275
2003/09/07,Sun,,,,
2003/09/06,Sat,,,,
2003/09/05,Fri,0.8310,0.8310,0.8310,0.8310
2003/09/04,Thu,0.8275,0.8180,0.8275,0.8180
2003/09/03,Wed,0.8260,0.8295,0.8260,0.8240
2003/09/02,Tue,0.8180,0.8150,0.8180,0.8165
2003/09/01,Mon,,,,
2003/08/31,Sun,,,,
2003/08/30,Sat,,,,
2003/08/29,Fri,0.8065,0.8080,0.8080,0.8065
2003/08/28,Thu,0.7940,0.7930,0.7940,0.7880
2003/08/27,Wed,0.7925,0.7955,0.7960,0.7895
2003/08/26,Tue,0.8115,0.7970,0.8115,0.7970
2003/08/25,Mon,0.8040,0.8075,0.8050,0.8040
2003/08/24,Sun,,,,
2003/08/23,Sat,,,,
2003/08/22,Fri,0.8100,0.8060,0.8130,0.8100
2003/08/21,Thu,0.7995,0.8055,0.8060,0.7995
2003/08/20,Wed,0.8045,0.8075,0.8045,0.8015
2003/08/19,Tue,0.8045,0.8045,0.8045,0.8045
2003/08/18,Mon,0.7980,0.7980,0.7985,0.7980
2003/08/17,Sun,,,,
2003/08/16,Sat,,,,
2003/08/15,Fri,0.7935,0.7930,0.7935,0.7935
2003/08/14,Thu,0.7875,0.8000,0.8010,0.7875
2003/08/13,Wed,0.7905,0.7935,0.7930,0.7900
2003/08/12,Tue,0.7910,0.7905,0.7910,0.7895
2003/08/11,Mon,0.8080,0.8080,0.8080,0.8080
2003/08/10,Sun,,,,
2003/08/09,Sat,,,,
2003/08/08,Fri,0.8025,0.8025,0.8025,0.8025
2003/08/07,Thu,0.8150,0.8160,0.8150,0.8150
2003/08/06,Wed,0.8075,0.8050,0.8075,0.8065
2003/08/05,Tue,0.8140,0.8090,0.8140,0.8100
2003/08/04,Mon,0.8095,0.8100,0.8105,0.8095
2003/08/03,Sun,,,,
2003/08/02,Sat,,,,
2003/08/01,Fri,0.8225,0.8190,0.8225,0.8210
2003/07/31,Thu,0.8090,0.8210,0.8210,0.8070
2003/07/30,Wed,0.8095,0.8025,0.8095,0.8095
2003/07/29,Tue,0.8065,0.8060,0.8110,0.8035
2003/07/28,Mon,0.8040,0.8075,0.8150,0.8040
2003/07/27,Sun,,,,
2003/07/26,Sat,,,,
2003/07/25,Fri,0.7925,0.7980,0.8060,0.7905
2003/07/24,Thu,0.7810,0.7935,0.7950,0.7810
2003/07/23,Wed,0.7725,0.7790,0.7820,0.7725
2003/07/22,Tue,0.7775,0.7725,0.7790,0.7700
2003/07/21,Mon,0.7870,0.7765,0.7890,0.7730
2003/07/20,Sun,,,,
2003/07/19,Sat,,,,
2003/07/18,Fri,0.7815,0.7870,0.7895,0.7815
2003/07/17,Thu,0.7930,0.7820,0.7990,0.7810
2003/07/16,Wed,0.7935,0.7930,0.7980,0.7895
2003/07/15,Tue,0.7980,0.7940,0.7995,0.7910
2003/07/14,Mon,0.7790,0.7980,0.7995,0.7780
2003/07/13,Sun,,,,
2003/07/12,Sat,,,,
2003/07/11,Fri,0.7795,0.7800,0.7845,0.7770
2003/07/10,Thu,0.7800,0.7815,0.7880,0.7765
2003/07/09,Wed,0.7680,0.7810,0.7820,0.7680
2003/07/08,Tue,0.7690,0.7685,0.7740,0.7655
2003/07/07,Mon,0.7510,0.7710,0.7720,0.7510
2003/07/06,Sun,,,,
2003/07/05,Sat,,,,
2003/07/04,Fri,,,,
2003/07/03,Thu,0.7610,0.7510,0.7620,0.7505
2003/07/02,Wed,0.7520,0.7615,0.7625,0.7495
2003/07/01,Tue,0.7530,0.7510,0.7540,0.7465
2003/06/30,Mon,0.7615,0.7530,0.7640,0.7480
2003/06/29,Sun,,,,
2003/06/28,Sat,,,,
2003/06/27,Fri,0.7580,0.7620,0.7645,0.7550
2003/06/26,Thu,0.7580,0.7545,0.7580,0.7540
2003/06/25,Wed,0.7655,0.7615,0.7655,0.7590
2003/06/24,Tue,0.7680,0.7710,0.7705,0.7680
2003/06/23,Mon,0.7710,0.7700,0.7730,0.7680
2003/06/22,Sun,,,,
2003/06/21,Sat,,,,
2003/06/20,Fri,0.7825,0.7765,0.7825,0.7760
2003/06/19,Thu,0.7840,0.7835,0.7840,0.7840
2003/06/18,Wed,0.7830,0.7800,0.7845,0.7810
2003/06/17,Tue,0.7695,0.7830,0.7695,0.7695
2003/06/16,Mon,0.7635,0.7630,0.7645,0.7625
2003/06/15,Sun,,,,
2003/06/14,Sat,,,,
2003/06/13,Fri,0.7680,0.7630,0.7680,0.7630
2003/06/12,Thu,0.7685,0.7760,0.7755,0.7685
2003/06/11,Wed,0.7690,0.7695,0.7690,0.7690
2003/06/10,Tue,0.7700,0.7690,0.7700,0.7670
2003/06/09,Mon,0.7740,0.7720,0.7740,0.7740
2003/06/08,Sun,,,,
2003/06/07,Sat,,,,
2003/06/06,Fri,0.7840,0.7850,0.7840,0.7840
2003/06/05,Thu,0.7840,0.7840,0.7840,0.7840
2003/06/04,Wed,0.7820,0.7820,0.7820,0.7820
2003/06/03,Tue,0.7865,0.7850,0.7865,0.7865
2003/06/02,Mon,0.7875,0.7915,0.7940,0.7870
2003/06/01,Sun,,,,
2003/05/31,Sat,,,,
2003/05/30,Fri,0.7805,0.7840,0.7850,0.7805
2003/05/29,Thu,0.7750,0.7740,0.7750,0.7740
2003/05/28,Wed,0.7775,0.7700,0.7810,0.7650
2003/05/27,Tue,0.7665,0.7780,0.7820,0.7665
2003/05/26,Mon,,,,
2003/05/25,Sun,,,,
2003/05/24,Sat,,,,
2003/05/23,Fri,0.7685,0.7670,0.7695,0.7640
2003/05/22,Thu,0.7710,0.7680,0.7790,0.7655
2003/05/21,Wed,0.7605,0.7710,0.7740,0.7605
2003/05/20,Tue,0.7615,0.7635,0.7645,0.7555
2003/05/19,Mon,0.7615,0.7635,0.7645,0.7580
2003/05/18,Sun,,,,
2003/05/17,Sat,,,,
2003/05/16,Fri,0.7600,0.7615,0.7655,0.7590
2003/05/15,Thu,0.7590,0.7610,0.7680,0.7580
2003/05/14,Wed,0.7625,0.7610,0.7660,0.7575
2003/05/13,Tue,0.7535,0.7645,0.7650,0.7510
2003/05/12,Mon,0.7400,0.7520,0.7530,0.7300
2003/05/11,Sun,,,,
2003/05/10,Sat,,,,
2003/05/09,Fri,0.7395,0.7385,0.7445,0.7360
2003/05/08,Thu,0.7350,0.7410,0.7440,0.7350
2003/05/07,Wed,0.7240,0.7350,0.7370,0.7180
2003/05/06,Tue,0.7170,0.7240,0.7250,0.7160
2003/05/05,Mon,0.7190,0.7180,0.7205,0.7150
2003/05/04,Sun,,,,
2003/05/03,Sat,,,,
2003/05/02,Fri,0.7295,0.7190,0.7315,0.7170
2003/05/01,Thu,0.7315,0.7295,0.7380,0.7260
2003/04/30,Wed,0.7290,0.7310,0.7320,0.7260
2003/04/29,Tue,0.7195,0.7290,0.7310,0.7190
2003/04/28,Mon,0.7200,0.7170,0.7240,0.7200
2003/04/27,Sun,,,,
2003/04/26,Sat,,,,
2003/04/25,Fri,0.7165,0.7180,0.7165,0.7165
2003/04/24,Thu,0.7110,0.7175,0.7155,0.7110
2003/04/23,Wed,0.7280,0.7255,0.7280,0.7240
2003/04/22,Tue,0.7295,0.7235,0.7295,0.7230
2003/04/21,Mon,0.7285,0.7310,0.7285,0.7285
2003/04/20,Sun,,,,
2003/04/19,Sat,,,,
2003/04/18,Fri,,,,
2003/04/17,Thu,0.7350,0.7395,0.7400,0.7330
2003/04/16,Wed,0.7400,0.7360,0.7400,0.7265
2003/04/15,Tue,0.7265,0.7360,0.7380,0.7265
2003/04/14,Mon,0.7225,0.7265,0.7250,0.7225
2003/04/13,Sun,,,,
2003/04/12,Sat,,,,
2003/04/11,Fri,0.7170,0.7280,0.7310,0.7170
2003/04/10,Thu,0.7235,0.7170,0.7235,0.7165
2003/04/09,Wed,0.7175,0.7215,0.7230,0.7175
2003/04/08,Tue,0.7250,0.7250,0.7250,0.7250
2003/04/07,Mon,0.7350,0.7310,0.7350,0.7310
2003/04/06,Sun,,,,
2003/04/05,Sat,,,,
2003/04/04,Fri,0.7200,0.7205,0.7220,0.7175
2003/04/03,Thu,0.7170,0.7135,0.7170,0.7150
2003/04/02,Wed,0.7230,0.7210,0.7230,0.7205
2003/04/01,Tue,0.7250,0.7270,0.7290,0.7240
2003/03/31,Mon,0.7225,0.7170,0.7225,0.7200
2003/03/30,Sun,,,,
2003/03/29,Sat,,,,
2003/03/28,Fri,0.7260,0.7300,0.7295,0.7225
2003/03/27,Thu,0.7540,0.7315,0.7540,0.7285
2003/03/26,Wed,0.7700,0.7525,0.7700,0.7520
2003/03/25,Tue,0.7675,0.7710,0.7725,0.7610
2003/03/24,Mon,0.7820,0.7685,0.7820,0.7635
2003/03/23,Sun,,,,
2003/03/22,Sat,,,,
2003/03/21,Fri,0.7675,0.7790,0.7800,0.7675
2003/03/20,Thu,0.7770,0.7680,0.7805,0.7625
2003/03/19,Wed,0.7645,0.7775,0.7790,0.7630
2003/03/18,Tue,0.7725,0.7645,0.7735,0.7630
2003/03/17,Mon,0.7535,0.7715,0.7730,0.7490
2003/03/16,Sun,,,,
2003/03/15,Sat,,,,
2003/03/14,Fri,0.7525,0.7545,0.7580,0.7460
2003/03/13,Thu,0.7570,0.7520,0.7650,0.7480
2003/03/12,Wed,0.7675,0.7570,0.7675,0.7555
2003/03/11,Tue,0.7545,0.7655,0.7680,0.7545
2003/03/10,Mon,0.7695,0.7560,0.7700,0.7540
2003/03/09,Sun,,,,
2003/03/08,Sat,,,,
2003/03/07,Fri,0.7570,0.7695,0.7695,0.7520
2003/03/06,Thu,0.7630,0.7550,0.7680,0.7540
2003/03/05,Wed,0.7790,0.7645,0.7810,0.7590
2003/03/04,Tue,0.7930,0.7810,0.7950,0.7790
2003/03/03,Mon,0.7830,0.7925,0.7940,0.7805
2003/03/02,Sun,,,,
2003/03/01,Sat,,,,
2003/02/28,Fri,0.7920,0.7810,0.7940,0.7765
2003/02/27,Thu,0.8010,0.7940,0.8020,0.7920
2003/02/26,Wed,0.7880,0.7990,0.8000,0.7880
2003/02/25,Tue,0.7795,0.7825,0.7810,0.7795
2003/02/24,Mon,0.7840,0.7890,0.7885,0.7830
2003/02/23,Sun,,,,
2003/02/22,Sat,,,,
2003/02/21,Fri,0.7600,0.7800,0.7810,0.7600
2003/02/20,Thu,0.7470,0.7550,0.7555,0.7470
2003/02/19,Wed,0.7400,0.7490,0.7480,0.7400
2003/02/18,Tue,0.7425,0.7430,0.7425,0.7425
2003/02/17,Mon,,,,
2003/02/16,Sun,,,,
2003/02/15,Sat,,,,
2003/02/14,Fri,0.7530,0.7585,0.7565,0.7490
2003/02/13,Thu,0.7630,0.7530,0.7630,0.7520
2003/02/12,Wed,0.7725,0.7740,0.7725,0.7725
2003/02/11,Tue,0.7775,0.7785,0.7775,0.7775
2003/02/10,Mon,0.7820,0.7785,0.7820,0.7790
2003/02/09,Sun,,,,
2003/02/08,Sat,,,,
2003/02/07,Fri,0.7655,0.7665,0.7665,0.7655
2003/02/06,Thu,0.7720,0.7710,0.7720,0.7685
2003/02/05,Wed,0.7800,0.7820,0.7825,0.7800
2003/02/04,Tue,0.7895,0.7825,0.7895,0.7830
2003/02/03,Mon,0.7945,0.7920,0.7945,0.7910
2003/02/02,Sun,,,,
2003/02/01,Sat,,,,
2003/01/31,Fri,0.7920,0.7975,0.7935,0.7920
2003/01/30,Thu,0.7790,0.7935,0.7920,0.7790
2003/01/29,Wed,0.7575,0.7650,0.7690,0.7540
2003/01/28,Tue,0.7600,0.7570,0.7635,0.7550
2003/01/27,Mon,0.7675,0.7600,0.7675,0.7560
2003/01/26,Sun,,,,
2003/01/25,Sat,,,,
2003/01/24,Fri,0.7710,0.7685,0.7770,0.7665
2003/01/23,Thu,0.7715,0.7700,0.7800,0.7685
2003/01/22,Wed,0.7685,0.7730,0.7770,0.7640
2003/01/21,Tue,0.7655,0.7690,0.7780,0.7640
2003/01/20,Mon,,,,
2003/01/19,Sun,,,,
2003/01/18,Sat,,,,
2003/01/17,Fri,0.7605,0.7580,0.7640,0.7550
2003/01/16,Thu,0.7640,0.7610,0.7710,0.7605
2003/01/15,Wed,0.7595,0.7650,0.7670,0.7580
2003/01/14,Tue,0.7510,0.7600,0.7620,0.7490
2003/01/13,Mon,0.7435,0.7525,0.7550,0.7415
2003/01/12,Sun,,,,
2003/01/11,Sat,,,,
2003/01/10,Fri,0.7505,0.7445,0.7570,0.7410
2003/01/09,Thu,0.7445,0.7505,0.7550,0.7435
2003/01/08,Wed,0.7350,0.7465,0.7480,0.7300
2003/01/07,Tue,0.7385,0.7360,0.7385,0.7310
2003/01/06,Mon,0.7315,0.7390,0.7390,0.7280
2003/01/05,Sun,,,,
2003/01/04,Sat,,,,
2003/01/03,Fri,0.7175,0.7315,0.7330,0.7165
2003/01/02,Thu,0.7025,0.7180,0.7190,0.7000
2003/01/01,Wed,,,,
2002/12/31,Tue,0.7050,0.7025,0.7050,0.6940
2002/12/30,Mon,0.7060,0.7040,0.7090,0.7000
2002/12/29,Sun,,,,
2002/12/28,Sat,,,,
2002/12/27,Fri,0.7000,0.7040,0.7015,0.7000
2002/12/26,Thu,0.7005,0.7005,0.7005,0.6995
2002/12/25,Wed,,,,
2002/12/24,Tue,0.7180,0.7065,0.7185,0.7055
2002/12/23,Mon,0.7165,0.7180,0.7165,0.7165
2002/12/22,Sun,,,,
2002/12/21,Sat,,,,
2002/12/20,Fri,0.7155,0.7155,0.7175,0.7150
2002/12/19,Thu,0.7210,0.7180,0.7230,0.7195
2002/12/18,Wed,0.7270,0.7220,0.7270,0.7270
2002/12/17,Tue,0.7330,0.7290,0.7335,0.7290
2002/12/16,Mon,0.7235,0.7275,0.7235,0.7235
2002/12/15,Sun,,,,
2002/12/14,Sat,,,,
2002/12/13,Fri,0.7290,0.7290,0.7290,0.7290
2002/12/12,Thu,0.7410,0.7380,0.7455,0.7375
2002/12/11,Wed,0.7410,0.7410,0.7420,0.7355
2002/12/10,Tue,0.7395,0.7420,0.7420,0.7395
2002/12/09,Mon,0.7355,0.7355,0.7355,0.7355
2002/12/08,Sun,,,,
2002/12/07,Sat,,,,
2002/12/06,Fri,0.7475,0.7460,0.7475,0.7390
2002/12/05,Thu,0.7535,0.7450,0.7535,0.7520
2002/12/04,Wed,0.7540,0.7585,0.7575,0.7540
2002/12/03,Tue,0.7575,0.7585,0.7575,0.7575
2002/12/02,Mon,0.7660,0.7620,0.7660,0.7620
2002/12/01,Sun,,,,
2002/11/30,Sat,,,,
2002/11/29,Fri,,,,
2002/11/28,Thu,,,,
2002/11/27,Wed,0.7315,0.7525,0.7535,0.7315
2002/11/26,Tue,0.7370,0.7320,0.7380,0.7310
2002/11/25,Mon,0.7375,0.7390,0.7405,0.7375
2002/11/24,Sun,,,,
2002/11/23,Sat,,,,
2002/11/22,Fri,0.7430,0.7395,0.7430,0.7430
2002/11/21,Thu,0.7415,0.7425,0.7430,0.7415
2002/11/20,Wed,0.7400,0.7420,0.7470,0.7400
2002/11/19,Tue,0.7315,0.7300,0.7315,0.7310
2002/11/18,Mon,0.7290,0.7310,0.7290,0.7290
2002/11/17,Sun,,,,
2002/11/16,Sat,,,,
2002/11/15,Fri,0.7250,0.7215,0.7250,0.7215
2002/11/14,Thu,0.7175,0.7150,0.7180,0.7170
2002/11/13,Wed,0.7175,0.7205,0.7180,0.7160
2002/11/12,Tue,0.7250,0.7240,0.7250,0.7225
2002/11/11,Mon,0.7270,0.7240,0.7270,0.7235
2002/11/10,Sun,,,,
2002/11/09,Sat,,,,
2002/11/08,Fri,0.7190,0.7190,0.7210,0.7190
2002/11/07,Thu,0.7330,0.7180,0.7330,0.7185
2002/11/06,Wed,0.7300,0.7330,0.7300,0.7300
2002/11/05,Tue,0.7280,0.7280,0.7310,0.7265
2002/11/04,Mon,0.7320,0.7310,0.7320,0.7300
2002/11/03,Sun,,,,
2002/11/02,Sat,,,,
2002/11/01,Fri,0.7200,0.7285,0.7300,0.7200
2002/10/31,Thu,0.7195,0.7195,0.7195,0.7195
2002/10/30,Wed,0.7105,0.7060,0.7105,0.7105
2002/10/29,Tue,0.7130,0.7040,0.7135,0.7000
2002/10/28,Mon,0.7150,0.7135,0.7205,0.7105
2002/10/27,Sun,,,,
2002/10/26,Sat,,,,
2002/10/25,Fri,0.6990,0.7145,0.7150,0.6960
2002/10/24,Thu,0.6955,0.7030,0.7045,0.6950
2002/10/23,Wed,0.6970,0.6945,0.7070,0.6915
2002/10/22,Tue,0.7035,0.6975,0.7045,0.6965
2002/10/21,Mon,0.6910,0.7035,0.7050,0.6905
2002/10/20,Sun,,,,
2002/10/19,Sat,,,,
2002/10/18,Fri,0.6940,0.6925,0.6980,0.6885
2002/10/17,Thu,0.6735,0.6970,0.6980,0.6735
2002/10/16,Wed,0.6765,0.6750,0.6850,0.6710
2002/10/15,Tue,0.6720,0.6765,0.6820,0.6700
2002/10/14,Mon,0.6835,0.6710,0.6835,0.6680
2002/10/13,Sun,,,,
2002/10/12,Sat,,,,
2002/10/11,Fri,0.6745,0.6835,0.6860,0.6715
2002/10/10,Thu,0.6645,0.6710,0.6740,0.6645
2002/10/09,Wed,0.6645,0.6640,0.6675,0.6610
2002/10/08,Tue,0.6640,0.6645,0.6680,0.6630
2002/10/07,Mon,0.6635,0.6650,0.6670,0.6570
2002/10/06,Sun,,,,
2002/10/05,Sat,,,,
2002/10/04,Fri,0.6680,0.6620,0.6710,0.6615
2002/10/03,Thu,0.6760,0.6680,0.6760,0.6675
2002/10/02,Wed,0.6715,0.6760,0.6790,0.6715
2002/10/01,Tue,0.6660,0.6705,0.6710,0.6615
2002/09/30,Mon,0.6650,0.6660,0.6665,0.6595
2002/09/29,Sun,,,,
2002/09/28,Sat,,,,
2002/09/27,Fri,0.6800,0.6670,0.6815,0.6670
2002/09/26,Thu,0.6785,0.6760,0.6785,0.6755
2002/09/25,Wed,0.6735,0.6740,0.6735,0.6735
2002/09/24,Tue,0.6700,0.6695,0.6700,0.6690
2002/09/23,Mon,0.6745,0.6745,0.6745,0.6745
2002/09/22,Sun,,,,
2002/09/21,Sat,,,,
2002/09/20,Fri,0.6750,0.6795,0.6750,0.6750
2002/09/19,Thu,0.6745,0.6740,0.6745,0.6735
2002/09/18,Wed,0.6750,0.6750,0.6750,0.6750
2002/09/17,Tue,0.6865,0.6855,0.6875,0.6865
2002/09/16,Mon,0.6860,0.6860,0.6860,0.6860
2002/09/15,Sun,,,,
2002/09/14,Sat,,,,
2002/09/13,Fri,0.6955,0.6970,0.6965,0.6955
2002/09/12,Thu,0.6975,0.7020,0.7030,0.6965
2002/09/11,Wed,0.7030,0.7040,0.7030,0.7030
2002/09/10,Tue,0.7010,0.7060,0.7035,0.7010
2002/09/09,Mon,0.6960,0.6945,0.6960,0.6960
2002/09/08,Sun,,,,
2002/09/07,Sat,,,,
2002/09/06,Fri,0.6740,0.6795,0.6740,0.6740
2002/09/05,Thu,0.6700,0.6735,0.6735,0.6700
2002/09/04,Wed,0.6765,0.6790,0.6765,0.6765
2002/09/03,Tue,0.6815,0.6805,0.6815,0.6815
2002/09/02,Mon,,,,
2002/09/01,Sun,,,,
2002/08/31,Sat,,,,
2002/08/30,Fri,0.6945,0.6925,0.6945,0.6940
2002/08/29,Thu,0.6880,0.6905,0.6915,0.6880
2002/08/28,Wed,0.6935,0.6865,0.6970,0.6855
2002/08/27,Tue,0.6905,0.6915,0.6925,0.6865
2002/08/26,Mon,0.6920,0.6905,0.6940,0.6890
2002/08/25,Sun,,,,
2002/08/24,Sat,,,,
2002/08/23,Fri,0.6885,0.6875,0.6885,0.6860
2002/08/22,Thu,0.6875,0.6870,0.6875,0.6870
2002/08/21,Wed,0.6870,0.6780,0.6875,0.6780
2002/08/20,Tue,0.6850,0.6845,0.6850,0.6850
2002/08/19,Mon,0.6755,0.6765,0.6755,0.6755
2002/08/18,Sun,,,,
2002/08/17,Sat,,,,
2002/08/16,Fri,0.6880,0.6775,0.6880,0.6830
2002/08/15,Thu,0.6790,0.6845,0.6895,0.6790
2002/08/14,Wed,0.6730,0.6720,0.6785,0.6730
2002/08/13,Tue,0.6780,0.6780,0.6780,0.6780
2002/08/12,Mon,0.6720,0.6810,0.6820,0.6720
2002/08/11,Sun,,,,
2002/08/10,Sat,,,,
2002/08/09,Fri,0.6805,0.6805,0.6805,0.6805
2002/08/08,Thu,0.6780,0.6775,0.6800,0.6780
2002/08/07,Wed,0.6790,0.6740,0.6850,0.6745
2002/08/06,Tue,0.6790,0.6780,0.6815,0.6785
2002/08/05,Mon,0.6765,0.6750,0.6765,0.6710
2002/08/04,Sun,,,,
2002/08/03,Sat,,,,
2002/08/02,Fri,0.6845,0.6845,0.6845,0.6845
2002/08/01,Thu,0.6790,0.6875,0.6860,0.6785
2002/07/31,Wed,0.6965,0.6840,0.6965,0.6850
2002/07/30,Tue,0.6980,0.6955,0.6980,0.6945
2002/07/29,Mon,0.6900,0.6985,0.7010,0.6900
2002/07/28,Sun,,,,
2002/07/27,Sat,,,,
2002/07/26,Fri,0.6895,0.6905,0.7000,0.6880
2002/07/25,Thu,0.6985,0.6900,0.7060,0.6860
2002/07/24,Wed,0.6980,0.6965,0.7020,0.6795
2002/07/23,Tue,0.7055,0.6980,0.7110,0.6955
2002/07/22,Mon,0.7190,0.7055,0.7200,0.7025
2002/07/21,Sun,,,,
2002/07/20,Sat,,,,
2002/07/19,Fri,0.7325,0.7190,0.7325,0.7160
2002/07/18,Thu,0.7355,0.7325,0.7385,0.7290
2002/07/17,Wed,0.7410,0.7355,0.7520,0.7350
2002/07/16,Tue,0.7400,0.7435,0.7470,0.7390
2002/07/15,Mon,0.7440,0.7390,0.7460,0.7380
2002/07/14,Sun,,,,
2002/07/13,Sat,,,,
2002/07/12,Fri,0.7510,0.7450,0.7540,0.7420
2002/07/11,Thu,0.7580,0.7510,0.7585,0.7470
2002/07/10,Wed,0.7610,0.7585,0.7660,0.7565
2002/07/09,Tue,0.7615,0.7615,0.7650,0.7560
2002/07/08,Mon,0.7630,0.7620,0.7690,0.7530
2002/07/07,Sun,,,,
2002/07/06,Sat,,,,
2002/07/05,Fri,,,,
2002/07/04,Thu,,,,
2002/07/03,Wed,0.7610,0.7550,0.7630,0.7535
2002/07/02,Tue,0.7745,0.7625,0.7745,0.7595
2002/07/01,Mon,0.7745,0.7745,0.7790,0.7715
2002/06/30,Sun,,,,
2002/06/29,Sat,,,,
2002/06/28,Fri,0.7610,0.7745,0.7785,0.7600
2002/06/27,Thu,0.7580,0.7600,0.7680,0.7580
2002/06/26,Wed,0.7480,0.7545,0.7515,0.7470
2002/06/25,Tue,0.7530,0.7530,0.7530,0.7530
2002/06/24,Mon,0.7445,0.7440,0.7445,0.7425
2002/06/23,Sun,,,,
2002/06/22,Sat,,,,
2002/06/21,Fri,0.7510,0.7465,0.7510,0.7465
2002/06/20,Thu,0.7550,0.7550,0.7550,0.7525
2002/06/19,Wed,0.7615,0.7610,0.7615,0.7615
2002/06/18,Tue,0.7610,0.7635,0.7675,0.7610
2002/06/17,Mon,0.7630,0.7640,0.7650,0.7630
2002/06/16,Sun,,,,
2002/06/15,Sat,,,,
2002/06/14,Fri,0.7585,0.7680,0.7585,0.7585
2002/06/13,Thu,0.7655,0.7690,0.7655,0.7655
2002/06/12,Wed,0.7665,0.7670,0.7665,0.7665
2002/06/11,Tue,0.7650,0.7680,0.7650,0.7650
2002/06/10,Mon,0.7795,0.7835,0.7825,0.7795
2002/06/09,Sun,,,,
2002/06/08,Sat,,,,
2002/06/07,Fri,0.7790,0.7825,0.7795,0.7780
2002/06/06,Thu,0.7870,0.7815,0.7890,0.7870
2002/06/05,Wed,0.7860,0.7860,0.7860,0.7860
2002/06/04,Tue,0.7750,0.7885,0.7920,0.7750
2002/06/03,Mon,0.7785,0.7785,0.7785,0.7785
2002/06/02,Sun,,,,
2002/06/01,Sat,,,,
2002/05/31,Fri,0.7615,0.7670,0.7615,0.7615
2002/05/30,Thu,0.7570,0.7545,0.7570,0.7540
2002/05/29,Wed,0.7575,0.7510,0.7655,0.7505
2002/05/28,Tue,0.7390,0.7570,0.7600,0.7390
2002/05/27,Mon,,,,
2002/05/26,Sun,,,,
2002/05/25,Sat,,,,
2002/05/24,Fri,0.7360,0.7390,0.7440,0.7350
2002/05/23,Thu,0.7285,0.7360,0.7390,0.7250
2002/05/22,Wed,0.7275,0.7280,0.7320,0.7230
2002/05/21,Tue,0.7260,0.7275,0.7300,0.7225
2002/05/20,Mon,0.7285,0.7260,0.7290,0.7225
2002/05/19,Sun,,,,
2002/05/18,Sat,,,,
2002/05/17,Fri,0.7385,0.7285,0.7400,0.7240
2002/05/16,Thu,0.7475,0.7385,0.7475,0.7370
2002/05/15,Wed,0.7455,0.7475,0.7480,0.7405
2002/05/14,Tue,0.7385,0.7450,0.7500,0.7340
2002/05/13,Mon,0.7395,0.7375,0.7405,0.7320
2002/05/12,Sun,,,,
2002/05/11,Sat,,,,
2002/05/10,Fri,0.7300,0.7385,0.7390,0.7300
2002/05/09,Thu,0.7320,0.7300,0.7410,0.7285
2002/05/08,Wed,0.7250,0.7330,0.7350,0.7245
2002/05/07,Tue,0.7150,0.7260,0.7270,0.7120
2002/05/06,Mon,0.7250,0.7150,0.7250,0.7125
2002/05/05,Sun,,,,
2002/05/04,Sat,,,,
2002/05/03,Fri,0.7355,0.7240,0.7365,0.7185
2002/05/02,Thu,0.7265,0.7355,0.7360,0.7240
2002/05/01,Wed,0.7400,0.7290,0.7400,0.7240
2002/04/30,Tue,0.7395,0.7390,0.7405,0.7350
2002/04/29,Mon,0.7400,0.7405,0.7535,0.7375
2002/04/28,Sun,,,,
2002/04/27,Sat,,,,
2002/04/26,Fri,0.7370,0.7390,0.7405,0.7370
2002/04/25,Thu,0.7315,0.7330,0.7360,0.7300
2002/04/24,Wed,0.7330,0.7390,0.7385,0.7330
2002/04/23,Tue,0.7370,0.7345,0.7390,0.7350
2002/04/22,Mon,0.7500,0.7465,0.7520,0.7455
2002/04/21,Sun,,,,
2002/04/20,Sat,,,,
2002/04/19,Fri,0.7325,0.7360,0.7375,0.7325
2002/04/18,Thu,0.7395,0.7300,0.7410,0.7295
2002/04/17,Wed,0.7350,0.7395,0.7420,0.7350
2002/04/16,Tue,0.7225,0.7295,0.7320,0.7225
2002/04/15,Mon,0.7150,0.7195,0.7210,0.7130
2002/04/14,Sun,,,,
2002/04/13,Sat,,,,
2002/04/12,Fri,0.7215,0.7205,0.7215,0.7195
2002/04/11,Thu,0.7290,0.7265,0.7320,0.7265
2002/04/10,Wed,0.7260,0.7275,0.7285,0.7210
2002/04/09,Tue,0.7270,0.7300,0.7310,0.7270
2002/04/08,Mon,0.7220,0.7260,0.7270,0.7220
2002/04/07,Sun,,,,
2002/04/06,Sat,,,,
2002/04/05,Fri,0.7390,0.7260,0.7390,0.7235
2002/04/04,Thu,0.7425,0.7355,0.7425,0.7340
2002/04/03,Wed,0.7560,0.7455,0.7560,0.7450
2002/04/02,Tue,0.7720,0.7665,0.7720,0.7650
2002/04/01,Mon,0.7650,0.7675,0.7675,0.7640
2002/03/31,Sun,,,,
2002/03/30,Sat,,,,
2002/03/29,Fri,,,,
2002/03/28,Thu,0.7565,0.7665,0.7680,0.7565
2002/03/27,Wed,0.7525,0.7545,0.7545,0.7500
2002/03/26,Tue,0.7480,0.7455,0.7490,0.7360
2002/03/25,Mon,0.7480,0.7375,0.7490,0.7360
2002/03/24,Sun,,,,
2002/03/23,Sat,,,,
2002/03/22,Fri,0.7620,0.7485,0.7625,0.7480
2002/03/21,Thu,0.7660,0.7625,0.7660,0.7600
2002/03/20,Wed,0.7695,0.7660,0.7715,0.7640
2002/03/19,Tue,0.7645,0.7705,0.7730,0.7640
2002/03/18,Mon,0.7510,0.7645,0.7695,0.7510
2002/03/17,Sun,,,,
2002/03/16,Sat,,,,
2002/03/15,Fri,0.7460,0.7505,0.7550,0.7450
2002/03/14,Thu,0.7395,0.7450,0.7485,0.7380
2002/03/13,Wed,0.7405,0.7405,0.7480,0.7390
2002/03/12,Tue,0.7460,0.7415,0.7485,0.7390
2002/03/11,Mon,0.7520,0.7460,0.7530,0.7455
2002/03/10,Sun,,,,
2002/03/09,Sat,,,,
2002/03/08,Fri,0.7480,0.7525,0.7550,0.7450
2002/03/07,Thu,0.7500,0.7480,0.7590,0.7460
2002/03/06,Wed,0.7360,0.7505,0.7540,0.7350
2002/03/05,Tue,0.7415,0.7405,0.7450,0.7365
2002/03/04,Mon,0.7330,0.7415,0.7470,0.7315
2002/03/03,Sun,,,,
2002/03/02,Sat,,,,
2002/03/01,Fri,0.7205,0.7325,0.7380,0.7130
2002/02/28,Thu,0.7205,0.7205,0.7250,0.7145
2002/02/27,Wed,0.7085,0.7205,0.7255,0.7075
2002/02/26,Tue,0.7115,0.7050,0.7115,0.7040
2002/02/25,Mon,0.7055,0.7090,0.7055,0.7040
2002/02/24,Sun,,,,
2002/02/23,Sat,,,,
2002/02/22,Fri,0.7045,0.7030,0.7060,0.7040
2002/02/21,Thu,0.7130,0.7175,0.7130,0.7120
2002/02/20,Wed,0.7075,0.7120,0.7130,0.7075
2002/02/19,Tue,0.7200,0.7105,0.7200,0.7140
2002/02/18,Mon,,,,
2002/02/17,Sun,,,,
2002/02/16,Sat,,,,
2002/02/15,Fri,0.7370,0.7370,0.7370,0.7370
2002/02/14,Thu,0.7525,0.7475,0.7525,0.7480
2002/02/13,Wed,0.7530,0.7540,0.7530,0.7530
2002/02/12,Tue,0.7325,0.7355,0.7325,0.7325
2002/02/11,Mon,0.7340,0.7305,0.7340,0.7300
2002/02/10,Sun,,,,
2002/02/09,Sat,,,,
2002/02/08,Fri,0.7395,0.7365,0.7395,0.7395
2002/02/07,Thu,0.7285,0.7395,0.7395,0.7285
2002/02/06,Wed,0.7315,0.7320,0.7315,0.7315
2002/02/05,Tue,0.7360,0.7350,0.7365,0.7350
2002/02/04,Mon,0.7395,0.7315,0.7395,0.7365
2002/02/03,Sun,,,,
2002/02/02,Sat,,,,
2002/02/01,Fri,0.7385,0.7395,0.7385,0.7385
2002/01/31,Thu,0.7045,0.7360,0.7045,0.7045
2002/01/30,Wed,0.7020,0.7000,0.7025,0.6990
2002/01/29,Tue,0.7000,0.6990,0.7030,0.6955
2002/01/28,Mon,0.7115,0.7005,0.7115,0.6990
2002/01/27,Sun,,,,
2002/01/26,Sat,,,,
2002/01/25,Fri,0.7150,0.7115,0.7210,0.7070
2002/01/24,Thu,0.7075,0.7155,0.7180,0.7060
2002/01/23,Wed,0.7025,0.7085,0.7120,0.6970
2002/01/22,Tue,0.6985,0.7025,0.7030,0.6920
2002/01/21,Mon,,,,
2002/01/20,Sun,,,,
2002/01/19,Sat,,,,
2002/01/18,Fri,0.7050,0.6985,0.7080,0.6970
2002/01/17,Thu,0.7085,0.7080,0.7120,0.7030
2002/01/16,Wed,0.7020,0.7085,0.7140,0.6975
2002/01/15,Tue,0.7080,0.7015,0.7120,0.6970
2002/01/14,Mon,0.7075,0.7080,0.7140,0.7020
2002/01/13,Sun,,,,
2002/01/12,Sat,,,,
2002/01/11,Fri,0.7055,0.7085,0.7115,0.6990
2002/01/10,Thu,0.7150,0.7055,0.7180,0.7020
2002/01/09,Wed,0.7090,0.7155,0.7240,0.7070
2002/01/08,Tue,0.7140,0.7085,0.7200,0.7080
2002/01/07,Mon,0.6725,0.7150,0.7150,0.6725
2002/01/06,Sun,,,,
2002/01/05,Sat,,,,
2002/01/04,Fri,0.6640,0.6745,0.6760,0.6640
2002/01/03,Thu,0.6590,0.6640,0.6670,0.6565
2002/01/02,Wed,0.6600,0.6580,0.6670,0.6565
2002/01/01,Tue,,,,
2001/12/31,Mon,0.6720,0.6590,0.6775,0.6590
2001/12/30,Sun,,,,
2001/12/29,Sat,,,,
2001/12/28,Fri,0.6860,0.6775,0.6865,0.6760
2001/12/27,Thu,0.6880,0.6840,0.6880,0.6845
2001/12/26,Wed,0.6900,0.6895,0.6900,0.6900
2001/12/25,Tue,,,,
2001/12/24,Mon,,,,
2001/12/23,Sun,,,,
2001/12/22,Sat,,,,
2001/12/21,Fri,0.6805,0.6825,0.6850,0.6800
2001/12/20,Thu,0.6780,0.6765,0.6780,0.6770
2001/12/19,Wed,0.6845,0.6760,0.6845,0.6765
2001/12/18,Tue,0.6830,0.6875,0.6895,0.6820
2001/12/17,Mon,0.6750,0.6795,0.6755,0.6740
2001/12/16,Sun,,,,
2001/12/15,Sat,,,,
2001/12/14,Fri,0.6725,0.6765,0.6800,0.6725
2001/12/13,Thu,0.6740,0.6750,0.6765,0.6720
2001/12/12,Wed,0.6800,0.6760,0.6800,0.6735
2001/12/11,Tue,0.6840,0.6860,0.6915,0.6835
2001/12/10,Mon,0.6810,0.6820,0.6830,0.6780
2001/12/09,Sun,,,,
2001/12/08,Sat,,,,
2001/12/07,Fri,0.6930,0.6825,0.6930,0.6850
2001/12/06,Thu,0.7080,0.6935,0.7080,0.6940
2001/12/05,Wed,0.6980,0.7000,0.7010,0.6900
2001/12/04,Tue,0.7060,0.7060,0.7115,0.7060
2001/12/03,Mon,0.7205,0.7110,0.7230,0.7090
2001/12/02,Sun,,,,
2001/12/01,Sat,,,,
2001/11/30,Fri,0.7250,0.7290,0.7285,0.7250
2001/11/29,Thu,0.7135,0.7205,0.7260,0.7135
2001/11/28,Wed,0.7020,0.7085,0.7095,0.7000
2001/11/27,Tue,0.7070,0.7070,0.7110,0.7020
2001/11/26,Mon,0.6800,0.6855,0.6945,0.6800
2001/11/25,Sun,,,,
2001/11/24,Sat,,,,
2001/11/23,Fri,,,,
2001/11/22,Thu,,,,
2001/11/21,Wed,0.6840,0.6795,0.6845,0.6790
2001/11/20,Tue,0.6800,0.6755,0.6830,0.6765
2001/11/19,Mon,0.6900,0.6860,0.6925,0.6870
2001/11/18,Sun,,,,
2001/11/17,Sat,,,,
2001/11/16,Fri,0.6840,0.6845,0.6845,0.6725
2001/11/15,Thu,0.6705,0.6755,0.6740,0.6705
2001/11/14,Wed,0.6865,0.6795,0.6930,0.6780
2001/11/13,Tue,0.6530,0.6790,0.6830,0.6530
2001/11/12,Mon,0.6440,0.6605,0.6550,0.6425
2001/11/11,Sun,,,,
2001/11/10,Sat,,,,
2001/11/09,Fri,0.6255,0.6435,0.6425,0.6250
2001/11/08,Thu,0.6125,0.6175,0.6210,0.6125
2001/11/07,Wed,0.6150,0.6085,0.6150,0.6080
2001/11/06,Tue,0.6215,0.6185,0.6230,0.6215
2001/11/05,Mon,0.6180,0.6185,0.6220,0.6170
2001/11/04,Sun,,,,
2001/11/03,Sat,,,,
2001/11/02,Fri,0.6160,0.6165,0.6160,0.6160
2001/11/01,Thu,0.6270,0.6230,0.6270,0.6270
2001/10/31,Wed,0.6275,0.6275,0.6275,0.6275
2001/10/30,Tue,0.6350,0.6400,0.6380,0.6340
2001/10/29,Mon,0.6290,0.6310,0.6355,0.6245
2001/10/28,Sun,,,,
2001/10/27,Sat,,,,
2001/10/26,Fri,0.6260,0.6350,0.6390,0.6245
2001/10/25,Thu,0.6235,0.6260,0.6300,0.6225
2001/10/24,Wed,0.6300,0.6225,0.6320,0.6205
2001/10/23,Tue,0.6300,0.6300,0.6300,0.6300
2001/10/22,Mon,0.6235,0.6250,0.6275,0.6200
2001/10/21,Sun,,,,
2001/10/20,Sat,,,,
2001/10/19,Fri,0.6320,0.6235,0.6335,0.6225
2001/10/18,Thu,0.6360,0.6320,0.6390,0.6300
2001/10/17,Wed,0.6495,0.6390,0.6520,0.6390
2001/10/16,Tue,0.6460,0.6440,0.6500,0.6420
2001/10/15,Mon,0.6385,0.6395,0.6420,0.6380
2001/10/14,Sun,,,,
2001/10/13,Sat,,,,
2001/10/12,Fri,0.6460,0.6405,0.6510,0.6380
2001/10/11,Thu,0.6390,0.6415,0.6440,0.6380
2001/10/10,Wed,0.6415,0.6400,0.6420,0.6365
2001/10/09,Tue,0.6435,0.6415,0.6435,0.6350
2001/10/08,Mon,0.6400,0.6435,0.6475,0.6400
2001/10/07,Sun,,,,
2001/10/06,Sat,,,,
2001/10/05,Fri,0.6385,0.6405,0.6460,0.6360
2001/10/04,Thu,0.6425,0.6445,0.6460,0.6420
2001/10/03,Wed,0.6430,0.6415,0.6495,0.6370
2001/10/02,Tue,0.6490,0.6500,0.6540,0.6490
2001/10/01,Mon,0.6475,0.6505,0.6540,0.6450
2001/09/30,Sun,,,,
2001/09/29,Sat,,,,
2001/09/28,Fri,0.6565,0.6520,0.6615,0.6510
2001/09/27,Thu,0.6570,0.6565,0.6620,0.6560
2001/09/26,Wed,0.6545,0.6550,0.6550,0.6535
2001/09/25,Tue,0.6560,0.6505,0.6560,0.6505
2001/09/24,Mon,0.6575,0.6560,0.6575,0.6550
2001/09/23,Sun,,,,
2001/09/22,Sat,,,,
2001/09/21,Fri,0.6570,0.6585,0.6575,0.6570
2001/09/20,Thu,0.6480,0.6495,0.6495,0.6480
2001/09/19,Wed,0.6515,0.6510,0.6515,0.6515
2001/09/18,Tue,0.6625,0.6540,0.6630,0.6560
2001/09/17,Mon,0.6550,0.6535,0.6560,0.6550
2001/09/16,Sun,,,,
2001/09/15,Sat,,,,
2001/09/14,Fri,0.6600,0.6600,0.6600,0.6600
2001/09/13,Thu,,,,
2001/09/12,Wed,,,,
2001/09/11,Tue,0.6530,0.6540,0.6550,0.6530
2001/09/10,Mon,0.6550,0.6535,0.6550,0.6550
2001/09/09,Sun,,,,
2001/09/08,Sat,,,,
2001/09/07,Fri,0.6620,0.6545,0.6620,0.6620
2001/09/06,Thu,0.6700,0.6630,0.6700,0.6600
2001/09/05,Wed,0.6750,0.6745,0.6750,0.6745
2001/09/04,Tue,0.6765,0.6760,0.6770,0.6755
2001/09/03,Mon,,,,
2001/09/02,Sun,,,,
2001/09/01,Sat,,,,
2001/08/31,Fri,0.6840,0.6840,0.6840,0.6840
2001/08/30,Thu,0.6950,0.6865,0.6950,0.6950
2001/08/29,Wed,0.6925,0.6970,0.6995,0.6915
2001/08/28,Tue,0.6990,0.6935,0.7000,0.6905
2001/08/27,Mon,0.6855,0.6965,0.6930,0.6855
2001/08/26,Sun,,,,
2001/08/25,Sat,,,,
2001/08/24,Fri,0.6850,0.6850,0.6930,0.6850
2001/08/23,Thu,0.6880,0.6875,0.6890,0.6860
2001/08/22,Wed,0.6800,0.6805,0.6800,0.6800
2001/08/21,Tue,0.6750,0.6745,0.6750,0.6740
2001/08/20,Mon,0.6900,0.6790,0.6900,0.6820
2001/08/19,Sun,,,,
2001/08/18,Sat,,,,
2001/08/17,Fri,0.6810,0.6895,0.6900,0.6810
2001/08/16,Thu,0.6690,0.6715,0.6715,0.6680
2001/08/15,Wed,0.6670,0.6625,0.6670,0.6620
2001/08/14,Tue,0.6600,0.6690,0.6695,0.6600
2001/08/13,Mon,0.6700,0.6610,0.6700,0.6635
2001/08/12,Sun,,,,
2001/08/11,Sat,,,,
2001/08/10,Fri,0.6660,0.6660,0.6660,0.6660
2001/08/09,Thu,0.6650,0.6705,0.6670,0.6630
2001/08/08,Wed,0.6700,0.6655,0.6700,0.6660
2001/08/07,Tue,0.6725,0.6730,0.6725,0.6715
2001/08/06,Mon,0.6750,0.6750,0.6750,0.6750
2001/08/05,Sun,,,,
2001/08/04,Sat,,,,
2001/08/03,Fri,0.6815,0.6810,0.6815,0.6805
2001/08/02,Thu,0.6930,0.6850,0.6930,0.6850
2001/08/01,Wed,0.6810,0.6910,0.6810,0.6810
2001/07/31,Tue,0.6830,0.6860,0.6885,0.6830
2001/07/30,Mon,0.6825,0.6825,0.6825,0.6825
2001/07/29,Sun,,,,
2001/07/28,Sat,,,,
2001/07/27,Fri,0.6860,0.6785,0.6910,0.6760
2001/07/26,Thu,0.6875,0.6855,0.6900,0.6810
2001/07/25,Wed,0.6855,0.6875,0.6900,0.6770
2001/07/24,Tue,0.6855,0.6855,0.6940,0.6850
2001/07/23,Mon,0.6990,0.6880,0.6990,0.6840
2001/07/22,Sun,,,,
2001/07/21,Sat,,,,
2001/07/20,Fri,0.6950,0.7000,0.7030,0.6940
2001/07/19,Thu,0.7060,0.6960,0.7150,0.6945
2001/07/18,Wed,0.7205,0.7065,0.7230,0.7040
2001/07/17,Tue,0.7095,0.7190,0.7220,0.7035
2001/07/16,Mon,0.7090,0.7095,0.7110,0.7050
2001/07/15,Sun,,,,
2001/07/14,Sat,,,,
2001/07/13,Fri,0.7035,0.7070,0.7090,0.7020
2001/07/12,Thu,0.7135,0.7055,0.7170,0.7050
2001/07/11,Wed,0.7170,0.7135,0.7180,0.7095
2001/07/10,Tue,0.7100,0.7180,0.7195,0.7095
2001/07/09,Mon,0.7085,0.7095,0.7110,0.7065
2001/07/08,Sun,,,,
2001/07/07,Sat,,,,
2001/07/06,Fri,0.7070,0.7110,0.7140,0.7050
2001/07/05,Thu,0.7140,0.7060,0.7140,0.7050
2001/07/04,Wed,,,,
2001/07/03,Tue,0.7200,0.7140,0.7210,0.7135
2001/07/02,Mon,0.7120,0.7210,0.7220,0.7090
2001/07/01,Sun,,,,
2001/06/30,Sat,,,,
2001/06/29,Fri,0.7165,0.7135,0.7185,0.7100
2001/06/28,Thu,0.7305,0.7170,0.7310,0.7140
2001/06/27,Wed,0.7240,0.7260,0.7275,0.7240
2001/06/26,Tue,0.7190,0.7225,0.7225,0.7190
2001/06/25,Mon,0.7170,0.7175,0.7190,0.7170
2001/06/24,Sun,,,,
2001/06/23,Sat,,,,
2001/06/22,Fri,0.7190,0.7175,0.7190,0.7190
2001/06/21,Thu,0.7170,0.7245,0.7240,0.7140
2001/06/20,Wed,0.7205,0.7185,0.7245,0.7200
2001/06/19,Tue,0.7300,0.7295,0.7300,0.7290
2001/06/18,Mon,0.7270,0.7250,0.7270,0.7240
2001/06/17,Sun,,,,
2001/06/16,Sat,,,,
2001/06/15,Fri,0.7255,0.7245,0.7315,0.7235
2001/06/14,Thu,0.7320,0.7315,0.7320,0.7315
2001/06/13,Wed,0.7305,0.7295,0.7305,0.7295
2001/06/12,Tue,0.7340,0.7330,0.7340,0.7290
2001/06/11,Mon,0.7395,0.7365,0.7395,0.7380
2001/06/10,Sun,,,,
2001/06/09,Sat,,,,
2001/06/08,Fri,0.7430,0.7355,0.7430,0.7430
2001/06/07,Thu,0.7560,0.7550,0.7560,0.7560
2001/06/06,Wed,0.7640,0.7580,0.7640,0.7590
2001/06/05,Tue,0.7660,0.7660,0.7660,0.7660
2001/06/04,Mon,0.7550,0.7565,0.7570,0.7550
2001/06/03,Sun,,,,
2001/06/02,Sat,,,,
2001/06/01,Fri,0.7590,0.7560,0.7605,0.7565
2001/05/31,Thu,0.7670,0.7610,0.7670,0.7610
2001/05/30,Wed,0.7720,0.7665,0.7740,0.7675
2001/05/29,Tue,0.7940,0.7670,0.7940,0.7660
2001/05/28,Mon,,,,
2001/05/27,Sun,,,,
2001/05/26,Sat,,,,
2001/05/25,Fri,0.7935,0.7925,0.7955,0.7885
2001/05/24,Thu,0.7900,0.7935,0.8030,0.7895
2001/05/23,Wed,0.7900,0.7905,0.7930,0.7860
2001/05/22,Tue,0.8025,0.7915,0.8025,0.7905
2001/05/21,Mon,0.7870,0.8030,0.8050,0.7860
2001/05/20,Sun,,,,
2001/05/19,Sat,,,,
2001/05/18,Fri,0.7685,0.7875,0.7885,0.7680
2001/05/17,Thu,0.7660,0.7685,0.7730,0.7575
2001/05/16,Wed,0.7560,0.7565,0.7620,0.7475
2001/05/15,Tue,0.7570,0.7550,0.7620,0.7525
2001/05/14,Mon,0.7635,0.7550,0.7635,0.7510
2001/05/13,Sun,,,,
2001/05/12,Sat,,,,
2001/05/11,Fri,0.7590,0.7635,0.7665,0.7580
2001/05/10,Thu,0.7625,0.7595,0.7710,0.7560
2001/05/09,Wed,0.7700,0.7635,0.7710,0.7575
2001/05/08,Tue,0.7865,0.7685,0.7865,0.7665
2001/05/07,Mon,0.7860,0.7865,0.7900,0.7850
2001/05/06,Sun,,,,
2001/05/05,Sat,,,,
2001/05/04,Fri,0.7915,0.7855,0.7915,0.7800
2001/05/03,Thu,0.7960,0.7915,0.7995,0.7880
2001/05/02,Wed,0.7825,0.7965,0.7980,0.7820
2001/05/01,Tue,0.7765,0.7840,0.7855,0.7740
2001/04/30,Mon,0.7700,0.7770,0.7770,0.7610
2001/04/29,Sun,,,,
2001/04/28,Sat,,,,
2001/04/27,Fri,0.7675,0.7695,0.7750,0.7650
2001/04/26,Thu,0.7675,0.7650,0.7775,0.7660
2001/04/25,Wed,0.7680,0.7695,0.7760,0.7670
2001/04/24,Tue,0.7640,0.7660,0.7640,0.7640
2001/04/23,Mon,0.7710,0.7635,0.7710,0.7625
2001/04/22,Sun,,,,
2001/04/21,Sat,,,,
2001/04/20,Fri,0.7805,0.7790,0.7825,0.7800
2001/04/19,Thu,0.7845,0.7770,0.7850,0.7790
2001/04/18,Wed,0.7695,0.7885,0.7900,0.7695
2001/04/17,Tue,0.7690,0.7675,0.7695,0.7685
2001/04/16,Mon,0.7720,0.7715,0.7755,0.7720
2001/04/15,Sun,,,,
2001/04/14,Sat,,,,
2001/04/13,Fri,,,,
2001/04/12,Thu,0.7735,0.7705,0.7740,0.7700
2001/04/11,Wed,0.7790,0.7685,0.7800,0.7710
2001/04/10,Tue,0.7770,0.7730,0.7790,0.7735
2001/04/09,Mon,0.7590,0.7635,0.7650,0.7590
2001/04/08,Sun,,,,
2001/04/07,Sat,,,,
2001/04/06,Fri,0.7680,0.7540,0.7680,0.7555
2001/04/05,Thu,0.7715,0.7715,0.7715,0.7715
2001/04/04,Wed,0.7740,0.7685,0.7745,0.7695
2001/04/03,Tue,0.7685,0.7685,0.7685,0.7670
2001/04/02,Mon,0.7670,0.7635,0.7675,0.7640
2001/04/01,Sun,,,,
2001/03/31,Sat,,,,
2001/03/30,Fri,0.7790,0.7665,0.7790,0.7675
2001/03/29,Thu,0.7725,0.7780,0.7795,0.7700
2001/03/28,Wed,0.7925,0.7730,0.7960,0.7730
2001/03/27,Tue,0.7850,0.7920,0.7940,0.7815
2001/03/26,Mon,0.7870,0.7845,0.7975,0.7810
2001/03/25,Sun,,,,
2001/03/24,Sat,,,,
2001/03/23,Fri,0.7890,0.7860,0.7900,0.7850
2001/03/22,Thu,0.7900,0.7840,0.7930,0.7805
2001/03/21,Wed,0.7970,0.7925,0.7990,0.7900
2001/03/20,Tue,0.7990,0.8010,0.7960,0.7900
2001/03/19,Mon,0.7930,0.7980,0.7990,0.7910
2001/03/18,Sun,,,,
2001/03/17,Sat,,,,
2001/03/16,Fri,0.8105,0.7920,0.8105,0.7910
2001/03/15,Thu,0.8140,0.8105,0.8150,0.8075
2001/03/14,Wed,0.8190,0.8130,0.8225,0.8085
2001/03/13,Tue,0.8250,0.8195,0.8250,0.8150
2001/03/12,Mon,0.8300,0.8285,0.8305,0.8210
2001/03/11,Sun,,,,
2001/03/10,Sat,,,,
2001/03/09,Fri,0.8255,0.8325,0.8340,0.8250
2001/03/08,Thu,0.8400,0.8265,0.8400,0.8255
2001/03/07,Wed,0.8485,0.8400,0.8490,0.8385
2001/03/06,Tue,0.8380,0.8485,0.8530,0.8375
2001/03/05,Mon,0.8270,0.8380,0.8440,0.8250
2001/03/04,Sun,,,,
2001/03/03,Sat,,,,
2001/03/02,Fri,0.8235,0.8280,0.8290,0.8215
2001/03/01,Thu,0.8160,0.8240,0.8300,0.8160
2001/02/28,Wed,0.8095,0.8160,0.8200,0.8060
2001/02/27,Tue,0.8120,0.8095,0.8130,0.8040
2001/02/26,Mon,0.8010,0.8095,0.8120,0.8010
2001/02/25,Sun,,,,
2001/02/24,Sat,,,,
2001/02/23,Fri,0.8060,0.7985,0.8060,0.7980
2001/02/22,Thu,0.8070,0.8040,0.8070,0.8035
2001/02/21,Wed,0.8150,0.8040,0.8150,0.8030
2001/02/20,Tue,0.8240,0.8235,0.8260,0.8200
2001/02/19,Mon,,,,
2001/02/18,Sun,,,,
2001/02/17,Sat,,,,
2001/02/16,Fri,0.8270,0.8275,0.8275,0.8270
2001/02/15,Thu,0.8345,0.8295,0.8355,0.8290
2001/02/14,Wed,0.8220,0.8240,0.8220,0.8180
2001/02/13,Tue,0.8280,0.8250,0.8290,0.8270
2001/02/12,Mon,0.8180,0.8180,0.8200,0.8170
2001/02/11,Sun,,,,
2001/02/10,Sat,,,,
2001/02/09,Fri,0.8300,0.8205,0.8325,0.8180
2001/02/08,Thu,0.8290,0.8295,0.8295,0.8265
2001/02/07,Wed,0.8270,0.8275,0.8305,0.8270
2001/02/06,Tue,0.8250,0.8290,0.8250,0.8240
2001/02/05,Mon,0.8370,0.8235,0.8370,0.8240
2001/02/04,Sun,,,,
2001/02/03,Sat,,,,
2001/02/02,Fri,0.8390,0.8385,0.8390,0.8345
2001/02/01,Thu,0.8460,0.8440,0.8460,0.8410
2001/01/31,Wed,0.8455,0.8420,0.8455,0.8425
2001/01/30,Tue,0.8310,0.8390,0.8390,0.8310
2001/01/29,Mon,0.8400,0.8325,0.8400,0.8300
2001/01/28,Sun,,,,
2001/01/27,Sat,,,,
2001/01/26,Fri,0.8370,0.8400,0.8420,0.8345
2001/01/25,Thu,0.8330,0.8370,0.8410,0.8265
2001/01/24,Wed,0.8465,0.8350,0.8485,0.8250
2001/01/23,Tue,0.8470,0.8485,0.8585,0.8450
2001/01/22,Mon,0.8450,0.8475,0.8550,0.8450
2001/01/21,Sun,,,,
2001/01/20,Sat,,,,
2001/01/19,Fri,0.8610,0.8475,0.8610,0.8465
2001/01/18,Thu,0.8280,0.8615,0.8640,0.8280
2001/01/17,Wed,0.8240,0.8275,0.8310,0.8195
2001/01/16,Tue,0.8410,0.8230,0.8410,0.8160
2001/01/15,Mon,,,,
2001/01/14,Sun,,,,
2001/01/13,Sat,,,,
2001/01/12,Fri,0.8290,0.8415,0.8440,0.8290
2001/01/11,Thu,0.8255,0.8305,0.8385,0.8255
2001/01/10,Wed,0.8250,0.8260,0.8340,0.8240
2001/01/09,Tue,0.8285,0.8250,0.8370,0.8245
2001/01/08,Mon,0.8240,0.8285,0.8350,0.8155
2001/01/07,Sun,,,,
2001/01/06,Sat,,,,
2001/01/05,Fri,0.8100,0.8245,0.8250,0.8090
2001/01/04,Thu,0.8185,0.8110,0.8235,0.8090
2001/01/03,Wed,0.8120,0.8170,0.8220,0.8020
2001/01/02,Tue,0.8405,0.8115,0.8405,0.8090
