日付,曜日,始値,終値,高値,安値
2026/08/14,Fri,183.860,184.330,184.470,183.600
2026/08/13,Thu,183.750,183.870,183.980,183.470
2026/08/12,Wed,183.840,183.750,184.000,183.150
2026/08/11,Tue,183.940,183.850,184.010,183.550
2026/08/10,Mon,182.370,183.890,183.950,182.250
2026/08/09,Sun,,,,
2026/08/08,Sat,,,,
2026/08/07,Fri,182.620,182.400,183.170,181.620
2026/08/06,Thu,182.250,182.600,182.670,182.070
2026/08/05,Wed,181.890,182.260,182.320,181.520
2026/08/04,Tue,180.900,181.890,182.010,180.860
2026/08/03,Mon,181.850,180.890,182.270,179.350
2026/08/02,Sun,,,,
2026/08/01,Sat,,,,
2026/07/31,Fri,183.910,181.670,185.190,181.670
2026/07/30,Thu,187.380,183.910,187.490,182.110
2026/07/29,Wed,186.600,187.380,187.510,186.170
2026/07/28,Tue,186.200,186.570,186.710,186.030
2026/07/27,Mon,186.420,186.160,186.760,186.110
2026/07/26,Sun,,,,
2026/07/25,Sat,,,,
2026/07/24,Fri,186.420,186.270,186.630,186.220
2026/07/23,Thu,186.170,186.420,186.690,185.980
2026/07/22,Wed,185.990,186.170,186.250,185.800
2026/07/21,Tue,185.500,186.000,186.140,185.370
2026/07/20,Mon,185.680,185.500,185.900,185.350
2026/07/19,Sun,,,,
2026/07/18,Sat,,,,
2026/07/17,Fri,185.810,185.770,185.980,185.470
2026/07/16,Thu,185.920,185.830,186.080,185.700
2026/07/15,Wed,185.280,185.920,186.030,185.170
2026/07/14,Tue,184.960,185.280,185.550,184.580
2026/07/13,Mon,184.520,184.900,185.500,184.260
2026/07/12,Sun,,,,
2026/07/11,Sat,,,,
2026/07/10,Fri,185.620,184.550,185.760,184.460
2026/07/09,Thu,185.620,185.620,185.850,185.510
2026/07/08,Wed,185.000,185.620,185.730,184.840
2026/07/07,Tue,185.450,185.000,185.580,184.860
2026/07/06,Mon,184.630,185.450,185.550,184.430
2026/07/05,Sun,,,,
2026/07/04,Sat,,,,
2026/07/03,Fri,184.170,184.560,184.640,183.990
2026/07/02,Thu,184.960,184.170,185.110,183.840
2026/07/01,Wed,185.680,184.970,185.830,184.850
2026/06/30,Tue,184.960,185.680,185.900,184.660
2026/06/29,Mon,184.140,184.980,185.120,184.050
2026/06/28,Sun,,,,
2026/06/27,Sat,,,,
2026/06/26,Fri,183.950,184.150,184.850,183.700
2026/06/25,Thu,183.740,183.960,184.120,183.410
2026/06/24,Wed,183.930,183.770,183.980,183.160
2026/06/23,Tue,184.610,183.910,184.870,183.770
2026/06/22,Mon,185.000,184.650,185.410,184.370
2026/06/21,Sun,,,,
2026/06/20,Sat,,,,
2026/06/19,Fri,184.920,185.010,185.170,184.280
2026/06/18,Thu,184.780,184.920,185.390,184.290
2026/06/17,Wed,186.260,184.760,186.390,184.530
2026/06/16,Tue,185.840,186.260,186.340,185.440
2026/06/15,Mon,185.360,185.840,186.070,185.270
2026/06/14,Sun,,,,
2026/06/13,Sat,,,,
2026/06/12,Fri,185.190,185.360,185.580,185.110
2026/06/11,Thu,185.230,185.200,185.490,184.630
2026/06/10,Wed,185.110,185.200,185.590,184.930
2026/06/09,Tue,184.870,185.120,185.480,184.580
2026/06/08,Mon,184.720,184.760,185.020,184.020
2026/06/07,Sun,,,,
2026/06/06,Sat,,,,
2026/06/05,Fri,185.800,184.700,186.230,184.480
2026/06/04,Thu,185.630,185.800,186.140,185.440
2026/06/03,Wed,185.990,185.620,186.090,185.120
2026/06/02,Tue,185.710,185.990,186.230,185.600
2026/06/01,Mon,185.750,185.710,186.000,185.380
2026/05/31,Sun,,,,
2026/05/30,Sat,,,,
2026/05/29,Fri,185.540,185.720,186.020,185.160
2026/05/28,Thu,185.460,185.540,185.680,184.880
2026/05/27,Wed,185.260,185.460,185.830,185.170
2026/05/26,Tue,185.030,185.270,185.400,184.850
2026/05/25,Mon,184.430,185.040,185.170,184.330
2026/05/24,Sun,,,,
2026/05/23,Sat,,,,
2026/05/22,Fri,184.710,184.730,184.890,184.440
2026/05/21,Thu,184.730,184.710,184.980,184.370
2026/05/20,Wed,184.600,184.750,184.810,184.250
2026/05/19,Tue,185.160,184.600,185.260,184.220
2026/05/18,Mon,184.630,185.150,185.240,184.230
2026/05/17,Sun,,,,
2026/05/16,Sat,,,,
2026/05/15,Fri,184.810,184.570,184.910,184.170
2026/05/14,Thu,184.860,184.810,185.080,184.160
2026/05/13,Wed,184.990,184.870,185.180,184.620
2026/05/12,Tue,185.160,185.020,185.490,184.730
2026/05/11,Mon,184.410,185.200,185.280,183.980
2026/05/10,Sun,,,,
2026/05/09,Sat,,,,
2026/05/08,Fri,184.020,184.660,184.750,183.770
2026/05/07,Thu,183.730,184.010,184.270,183.470
2026/05/06,Wed,184.610,183.730,185.070,182.030
2026/05/05,Tue,183.830,184.610,184.770,183.610
2026/05/04,Mon,183.760,183.830,184.420,182.980
2026/05/03,Sun,,,,
2026/05/02,Sat,,,,
2026/05/01,Fri,183.700,184.080,184.590,182.590
2026/04/30,Thu,187.330,183.730,187.570,182.290
2026/04/29,Wed,186.940,187.330,187.510,186.730
2026/04/28,Tue,186.910,186.950,187.000,186.090
2026/04/27,Mon,186.480,186.860,187.120,186.460
2026/04/26,Sun,,,,
2026/04/25,Sat,,,,
2026/04/24,Fri,186.610,186.820,186.930,186.420
2026/04/23,Thu,186.680,186.620,186.990,186.420
2026/04/22,Wed,187.190,186.680,187.360,186.660
2026/04/21,Tue,187.210,187.170,187.480,186.970
2026/04/20,Mon,186.560,187.220,187.310,186.260
2026/04/19,Sun,,,,
2026/04/18,Sat,,,,
2026/04/17,Fri,187.460,186.610,187.970,186.300
2026/04/16,Thu,187.610,187.550,187.730,187.090
2026/04/15,Wed,187.320,187.600,187.720,187.090
2026/04/14,Tue,187.500,187.300,187.580,187.070
2026/04/13,Mon,186.870,187.500,187.530,186.010
2026/04/12,Sun,,,,
2026/04/11,Sat,,,,
2026/04/10,Fri,185.970,186.700,186.910,185.910
2026/04/09,Thu,184.990,185.990,186.250,184.830
2026/04/08,Wed,185.060,184.980,185.590,184.790
2026/04/07,Tue,184.300,185.090,185.190,184.220
2026/04/06,Mon,183.810,184.300,184.480,183.690
2026/04/05,Sun,,,,
2026/04/04,Sat,,,,
2026/04/03,Fri,184.170,183.790,184.320,183.740
2026/04/02,Thu,184.040,184.170,184.260,183.500
2026/04/01,Wed,183.380,184.030,184.330,183.290
2026/03/31,Tue,183.130,183.380,183.670,182.820
2026/03/30,Mon,184.660,183.130,184.800,182.570
2026/03/29,Sun,,,,
2026/03/28,Sat,,,,
2026/03/27,Fri,184.250,184.530,184.670,183.850
2026/03/26,Thu,184.320,184.250,184.730,183.960
2026/03/25,Wed,184.210,184.320,184.630,184.020
2026/03/24,Tue,183.990,184.210,184.330,183.610
2026/03/23,Mon,184.240,184.000,184.440,183.050
2026/03/22,Sun,,,,
2026/03/21,Sat,,,,
2026/03/20,Fri,182.800,184.250,184.280,182.580
2026/03/19,Thu,183.090,182.800,183.440,182.030
2026/03/18,Wed,183.500,183.090,183.830,182.950
2026/03/17,Tue,183.020,183.490,183.570,182.810
2026/03/16,Mon,182.320,183.000,183.200,181.850
2026/03/15,Sun,,,,
2026/03/14,Sat,,,,
2026/03/13,Fri,183.430,182.360,183.670,182.250
2026/03/12,Thu,183.870,183.430,183.940,183.210
2026/03/11,Wed,183.520,183.860,184.110,183.450
2026/03/10,Tue,183.480,183.510,183.840,183.030
2026/03/09,Mon,183.330,183.470,183.570,182.370
2026/03/08,Sun,,,,
2026/03/07,Sat,,,,
2026/03/06,Fri,182.960,183.330,183.400,182.340
2026/03/05,Thu,182.710,182.940,183.120,182.110
2026/03/04,Wed,183.170,182.710,183.310,182.370
2026/03/03,Tue,183.940,183.200,184.360,182.010
2026/03/02,Mon,183.890,183.950,184.720,183.410
2026/03/01,Sun,,,,
2026/02/28,Sat,,,,
2026/02/27,Fri,184.190,184.360,184.600,183.690
2026/02/26,Thu,184.660,184.190,184.730,183.810
2026/02/25,Wed,183.530,184.670,184.790,183.200
2026/02/24,Tue,182.250,183.530,184.230,182.150
2026/02/23,Mon,182.760,182.280,182.930,181.980
2026/02/22,Sun,,,,
2026/02/21,Sat,,,,
2026/02/20,Fri,182.490,182.700,183.120,182.210
2026/02/19,Thu,182.450,182.490,183.180,182.000
2026/02/18,Wed,181.760,182.450,182.560,181.400
2026/02/17,Tue,181.930,181.730,182.200,180.810
2026/02/16,Mon,181.170,181.930,182.320,181.100
2026/02/15,Sun,,,,
2026/02/14,Sat,,,,
2026/02/13,Fri,181.320,181.240,182.320,181.190
2026/02/12,Thu,181.950,181.300,182.560,180.800
2026/02/11,Wed,183.640,181.950,183.740,181.330
2026/02/10,Tue,185.680,183.640,186.020,183.420
2026/02/09,Mon,185.780,185.730,186.610,184.840
2026/02/08,Sun,,,,
2026/02/07,Sat,,,,
2026/02/06,Fri,184.960,185.780,185.850,184.340
2026/02/05,Thu,185.180,184.950,185.530,184.550
2026/02/04,Wed,184.080,185.220,185.290,184.000
2026/02/03,Tue,183.500,184.080,184.210,183.350
2026/02/02,Mon,183.510,183.500,184.300,183.180
2026/02/01,Sun,,,,
2026/01/31,Sat,,,,
2026/01/30,Fri,183.290,183.410,184.090,183.010
2026/01/29,Thu,183.390,183.290,183.770,182.050
2026/01/28,Wed,183.260,183.390,183.620,182.560
2026/01/27,Tue,183.160,183.270,183.780,182.110
2026/01/26,Mon,184.260,183.180,184.310,181.770
2026/01/25,Sun,,,,
2026/01/24,Sat,,,,
2026/01/23,Fri,186.190,184.180,186.890,183.790
2026/01/22,Thu,184.950,186.220,186.270,184.790
2026/01/21,Wed,185.390,184.960,185.550,184.810
2026/01/20,Tue,184.120,185.430,185.490,183.760
2026/01/19,Mon,183.160,184.150,184.190,182.610
2026/01/18,Sun,,,,
2026/01/17,Sat,,,,
2026/01/16,Fri,184.160,183.400,184.230,183.200
2026/01/15,Thu,184.450,184.160,184.660,183.860
2026/01/14,Wed,185.270,184.490,185.590,184.280
2026/01/13,Tue,184.550,185.300,185.560,184.250
2026/01/12,Mon,183.700,184.520,184.680,183.670
2026/01/11,Sun,,,,
2026/01/10,Sat,,,,
2026/01/09,Fri,182.910,183.750,183.980,182.810
2026/01/08,Thu,183.010,182.910,183.260,182.610
2026/01/07,Wed,183.080,183.020,183.400,182.700
2026/01/06,Tue,183.330,183.090,183.670,183.000
2026/01/05,Mon,183.730,183.320,184.080,182.800
2026/01/04,Sun,,,,
2026/01/03,Sat,,,,
2026/01/02,Fri,184.070,183.820,184.460,183.700
2026/01/01,Thu,183.940,184.010,184.070,183.930
2025/12/31,Wed,183.760,184.020,184.250,183.530
2025/12/30,Tue,183.720,183.760,184.080,183.370
2025/12/29,Mon,184.290,183.720,184.440,183.400
2025/12/28,Sun,,,,
2025/12/27,Sat,,,,
2025/12/26,Fri,183.550,184.320,184.440,183.500
2025/12/25,Thu,183.740,183.510,183.770,183.320
2025/12/24,Wed,184.240,183.670,184.370,183.350
2025/12/23,Tue,184.650,184.260,184.750,183.480
2025/12/22,Mon,184.650,184.720,184.950,184.230
2025/12/21,Sun,,,,
2025/12/20,Sat,,,,
2025/12/19,Fri,182.280,184.740,184.770,182.260
2025/12/18,Thu,182.780,182.340,183.200,182.280
2025/12/17,Wed,181.720,182.780,182.900,181.560
2025/12/16,Tue,182.420,181.740,182.540,181.700
2025/12/15,Mon,182.960,182.430,183.100,181.820
2025/12/14,Sun,,,,
2025/12/13,Sat,,,,
2025/12/12,Fri,182.640,182.950,183.180,182.510
2025/12/11,Thu,182.490,182.640,182.770,181.870
2025/12/10,Wed,182.380,182.490,182.640,181.990
2025/12/09,Tue,181.440,182.400,182.660,181.330
2025/12/08,Mon,180.680,181.460,181.530,180.480
2025/12/07,Sun,,,,
2025/12/06,Sat,,,,
2025/12/05,Fri,180.600,180.860,180.960,180.080
2025/12/04,Thu,181.180,180.600,181.320,180.390
2025/12/03,Wed,181.210,181.210,181.490,180.790
2025/12/02,Tue,180.520,181.180,181.390,180.430
2025/12/01,Mon,181.100,180.490,181.300,180.120
2025/11/30,Sun,,,,
2025/11/29,Sat,,,,
2025/11/28,Fri,181.250,181.110,181.540,180.510
2025/11/27,Thu,181.450,181.250,181.470,180.740
2025/11/26,Wed,180.570,181.450,181.500,180.330
2025/11/25,Tue,180.780,180.570,180.940,180.090
2025/11/24,Mon,180.050,180.780,181.290,179.960
2025/11/23,Sun,,,,
2025/11/22,Sat,,,,
2025/11/21,Fri,181.550,180.050,181.690,179.740
2025/11/20,Thu,181.330,181.550,182.020,180.940
2025/11/19,Wed,180.070,181.330,181.380,179.760
2025/11/18,Tue,179.980,180.100,180.320,179.580
2025/11/17,Mon,179.600,179.970,180.040,179.250
2025/11/16,Sun,,,,
2025/11/15,Sat,,,,
2025/11/14,Fri,179.900,179.600,180.010,178.950
2025/11/13,Thu,179.450,179.810,179.960,179.210
2025/11/12,Wed,178.550,179.460,179.500,178.460
2025/11/11,Tue,178.160,178.550,178.770,177.990
2025/11/10,Mon,177.460,178.160,178.480,177.300
2025/11/09,Sun,,,,
2025/11/08,Sat,,,,
2025/11/07,Fri,176.760,177.460,177.630,176.500
2025/11/06,Thu,177.120,176.760,177.240,176.260
2025/11/05,Wed,176.460,177.130,177.170,175.690
2025/11/04,Tue,177.650,176.460,177.740,176.070
2025/11/03,Mon,177.650,177.660,178.000,177.220
2025/11/02,Sun,,,,
2025/11/01,Sat,,,,
2025/10/31,Fri,178.260,177.650,178.570,177.430
2025/10/30,Thu,177.180,178.260,178.830,176.800
2025/10/29,Wed,177.240,177.190,177.660,176.620
2025/10/28,Tue,178.020,177.240,178.060,176.980
2025/10/27,Mon,177.750,178.030,178.270,177.610
2025/10/26,Sun,,,,
2025/10/25,Sat,,,,
2025/10/24,Fri,177.270,177.730,178.040,177.180
2025/10/23,Thu,176.480,177.260,177.470,176.300
2025/10/22,Wed,176.240,176.470,176.480,175.750
2025/10/21,Tue,175.500,176.240,176.650,175.330
2025/10/20,Mon,175.680,175.500,176.400,175.230
2025/10/19,Sun,,,,
2025/10/18,Sat,,,,
2025/10/17,Fri,175.820,175.520,176.000,174.800
2025/10/16,Thu,175.920,175.820,176.490,175.430
2025/10/15,Wed,176.240,175.940,176.350,175.410
2025/10/14,Tue,176.180,176.240,176.490,175.310
2025/10/13,Mon,175.670,176.190,176.940,175.670
2025/10/12,Sun,,,,
2025/10/11,Sat,,,,
2025/10/10,Fri,177.030,175.670,177.180,175.640
2025/10/09,Thu,177.540,177.020,177.970,176.750
2025/10/08,Wed,177.080,177.540,177.880,176.890
2025/10/07,Tue,176.050,177.080,177.180,175.760
2025/10/06,Mon,173.150,176.070,176.300,172.770
2025/10/05,Sun,,,,
2025/10/04,Sat,,,,
2025/10/03,Fri,172.520,173.160,173.280,172.420
2025/10/02,Thu,172.510,172.530,173.010,172.240
2025/10/01,Wed,173.560,172.510,173.950,172.270
2025/09/30,Tue,174.250,173.570,174.450,173.360
2025/09/29,Mon,174.950,174.250,175.050,173.950
2025/09/28,Sun,,,,
2025/09/27,Sat,,,,
2025/09/26,Fri,174.760,174.950,175.080,174.600
2025/09/25,Thu,174.790,174.760,174.970,174.420
2025/09/24,Wed,174.450,174.790,174.810,174.210
2025/09/23,Tue,174.350,174.450,174.520,174.040
2025/09/22,Mon,173.790,174.370,174.400,173.640
2025/09/21,Sun,,,,
2025/09/20,Sat,,,,
2025/09/19,Fri,174.460,173.790,174.520,173.460
2025/09/18,Thu,173.630,174.460,174.500,173.480
2025/09/17,Wed,173.850,173.640,173.890,173.030
2025/09/16,Tue,173.370,173.850,173.860,173.000
2025/09/15,Mon,173.280,173.360,173.520,172.890
2025/09/14,Sun,,,,
2025/09/13,Sat,,,,
2025/09/12,Fri,172.730,173.280,173.470,172.610
2025/09/11,Thu,172.460,172.730,173.140,172.320
2025/09/10,Wed,172.600,172.460,173.050,172.350
2025/09/09,Tue,173.550,172.600,173.570,172.120
2025/09/08,Mon,172.750,173.550,173.950,172.750
2025/09/07,Sun,,,,
2025/09/06,Sat,,,,
2025/09/05,Fri,172.960,172.750,173.880,172.460
2025/09/04,Thu,172.700,172.970,173.250,172.440
2025/09/03,Wed,172.720,172.710,173.370,172.530
2025/09/02,Tue,172.360,172.720,173.460,172.250
2025/09/01,Mon,171.880,172.360,172.560,171.790
2025/08/31,Sun,,,,
2025/08/30,Sat,,,,
2025/08/29,Fri,171.650,171.840,172.040,171.230
2025/08/28,Thu,171.570,171.650,171.840,171.100
2025/08/27,Wed,171.620,171.570,171.930,171.230
2025/08/26,Tue,171.710,171.610,172.180,171.310
2025/08/25,Mon,172.170,171.700,172.680,171.550
2025/08/24,Sun,,,,
2025/08/23,Sat,,,,
2025/08/22,Fri,172.200,172.170,173.130,171.800
2025/08/21,Thu,171.690,172.200,172.410,171.510
2025/08/20,Wed,171.990,171.660,172.080,171.090
2025/08/19,Tue,172.440,172.010,172.730,171.690
2025/08/18,Mon,172.130,172.440,172.710,171.970
2025/08/17,Sun,,,,
2025/08/16,Sat,,,,
2025/08/15,Fri,172.140,172.190,172.410,171.490
2025/08/14,Thu,172.520,172.120,172.620,170.880
2025/08/13,Wed,172.590,172.530,173.050,172.230
2025/08/12,Tue,172.080,172.580,173.040,172.000
2025/08/11,Mon,171.980,172.080,172.240,171.540
2025/08/10,Sun,,,,
2025/08/09,Sat,,,,
2025/08/08,Fri,171.630,171.950,172.360,171.340
2025/08/07,Thu,171.830,171.630,172.180,171.250
2025/08/06,Wed,170.830,171.830,172.000,170.600
2025/08/05,Tue,170.190,170.870,170.980,169.800
2025/08/04,Mon,170.640,170.190,171.210,169.910
2025/08/03,Sun,,,,
2025/08/02,Sat,,,,
2025/08/01,Fri,172.090,170.740,172.410,170.240
2025/07/31,Thu,170.510,172.100,172.360,169.700
2025/07/30,Wed,171.430,170.520,171.570,170.440
2025/07/29,Tue,172.170,171.410,172.350,171.030
2025/07/28,Mon,173.440,172.160,173.950,172.050
2025/07/27,Sun,,,,
2025/07/26,Sat,,,,
2025/07/25,Fri,172.710,173.400,173.650,172.470
2025/07/24,Thu,172.430,172.710,172.960,171.740
2025/07/23,Wed,172.370,172.470,172.760,171.360
2025/07/22,Tue,172.380,172.360,172.960,171.360
2025/07/21,Mon,172.150,172.380,172.880,171.880
2025/07/20,Sun,,,,
2025/07/19,Sat,,,,
2025/07/18,Fri,172.330,173.030,173.120,172.230
2025/07/17,Thu,172.140,172.340,172.690,171.920
2025/07/16,Wed,172.700,172.050,173.260,171.770
2025/07/15,Tue,172.310,172.710,173.120,172.240
2025/07/14,Mon,171.850,172.300,172.520,171.590
2025/07/13,Sun,,,,
2025/07/12,Sat,,,,
2025/07/11,Fri,171.140,172.330,172.440,170.790
2025/07/10,Thu,171.510,171.130,171.800,170.930
2025/07/09,Wed,171.860,171.510,172.300,171.260
2025/07/08,Tue,171.000,171.860,172.050,170.930
2025/07/07,Mon,170.270,171.030,171.340,169.870
2025/07/06,Sun,,,,
2025/07/05,Sat,,,,
2025/07/04,Fri,170.390,170.280,170.470,169.840
2025/07/03,Thu,169.530,170.380,170.650,168.730
2025/07/02,Wed,169.360,169.530,169.810,169.010
2025/07/01,Tue,169.780,169.360,169.830,168.440
2025/06/30,Mon,169.470,169.780,169.890,168.690
2025/06/29,Sun,,,,
2025/06/28,Sat,,,,
2025/06/27,Fri,168.890,169.550,169.840,168.610
2025/06/26,Thu,169.360,168.950,169.430,168.540
2025/06/25,Wed,168.260,169.370,169.420,168.110
2025/06/24,Tue,169.210,168.260,169.330,167.890
2025/06/23,Mon,168.220,169.210,169.760,167.460
2025/06/22,Sun,,,,
2025/06/21,Sat,,,,
2025/06/20,Fri,167.210,168.340,168.430,167.080
2025/06/19,Thu,166.640,167.210,167.350,166.040
2025/06/18,Wed,166.780,166.610,167.080,166.300
2025/06/17,Tue,167.340,166.780,167.640,166.690
2025/06/16,Mon,166.320,167.340,167.480,165.890
2025/06/15,Sun,,,,
2025/06/14,Sat,,,,
2025/06/13,Fri,166.200,166.460,166.620,164.930
2025/06/12,Thu,166.050,166.240,166.770,165.460
2025/06/11,Wed,165.500,166.060,166.550,165.370
2025/06/10,Tue,165.160,165.500,165.670,164.610
2025/06/09,Mon,165.120,165.170,165.330,164.540
2025/06/08,Sun,,,,
2025/06/07,Sat,,,,
2025/06/06,Fri,164.280,165.080,165.330,164.150
2025/06/05,Thu,163.000,164.290,164.690,162.880
2025/06/04,Wed,163.760,163.000,164.550,162.950
2025/06/03,Tue,163.280,163.760,163.920,162.770
2025/06/02,Mon,163.410,163.300,163.700,162.810
2025/06/01,Sun,,,,
2025/05/31,Sat,,,,
2025/05/30,Fri,163.990,163.480,164.020,162.790
2025/05/29,Thu,163.560,163.970,164.290,163.310
2025/05/28,Wed,163.510,163.570,163.950,163.050
2025/05/27,Tue,162.680,163.510,163.990,162.070
2025/05/26,Mon,162.030,162.680,163.010,161.850
2025/05/25,Sun,,,,
2025/05/24,Sat,,,,
2025/05/23,Fri,162.450,162.020,162.830,161.060
2025/05/22,Thu,162.820,162.450,163.440,161.760
2025/05/21,Wed,163.050,162.800,163.340,162.610
2025/05/20,Tue,162.880,163.050,163.320,162.400
2025/05/19,Mon,162.680,162.880,163.430,162.120
2025/05/18,Sun,,,,
2025/05/17,Sat,,,,
2025/05/16,Fri,162.990,162.570,163.140,162.440
2025/05/15,Thu,163.980,162.990,164.090,162.740
2025/05/14,Wed,164.970,164.000,165.190,163.710
2025/05/13,Tue,164.610,164.970,165.240,164.120
2025/05/12,Mon,163.070,164.610,164.980,162.920
2025/05/11,Sun,,,,
2025/05/10,Sat,,,,
2025/05/09,Fri,163.840,163.500,163.970,163.140
2025/05/08,Thu,162.520,163.840,163.930,162.500
2025/05/07,Wed,161.940,162.570,163.060,161.860
2025/05/06,Tue,162.600,161.950,162.990,161.590
2025/05/05,Mon,163.830,162.600,163.970,162.560
2025/05/04,Sun,,,,
2025/05/03,Sat,,,,
2025/05/02,Fri,164.240,163.740,164.640,163.370
2025/05/01,Thu,162.090,164.240,164.480,161.770
2025/04/30,Wed,162.080,162.090,162.820,161.740
2025/04/29,Tue,162.210,162.080,162.590,161.880
2025/04/28,Mon,163.310,162.210,163.450,162.190
2025/04/27,Sun,,,,
2025/04/26,Sat,,,,
2025/04/25,Fri,162.450,163.310,163.790,162.100
2025/04/24,Thu,162.320,162.450,162.520,161.820
2025/04/23,Wed,161.720,162.320,162.490,161.180
2025/04/22,Tue,162.210,161.700,162.370,160.940
2025/04/21,Mon,161.910,162.150,162.690,161.620
2025/04/20,Sun,,,,
2025/04/19,Sat,,,,
2025/04/18,Fri,161.900,161.950,162.220,161.700
2025/04/17,Thu,161.640,161.820,162.690,161.260
2025/04/16,Wed,161.640,161.650,162.390,161.410
2025/04/15,Tue,162.300,161.580,162.850,161.260
2025/04/14,Mon,163.910,162.270,163.920,162.060
2025/04/13,Sun,,,,
2025/04/12,Sat,,,,
2025/04/11,Fri,161.760,163.030,163.160,161.290
2025/04/10,Thu,161.800,161.740,162.600,160.850
2025/04/09,Wed,160.320,161.770,162.230,159.460
2025/04/08,Tue,161.210,160.260,162.220,160.010
2025/04/07,Mon,160.070,161.200,162.410,158.350
2025/04/06,Sun,,,,
2025/04/05,Sat,,,,
2025/04/04,Fri,161.440,160.930,162.030,159.010
2025/04/03,Thu,162.030,161.400,163.070,160.100
2025/04/02,Wed,161.490,162.000,164.210,161.100
2025/04/01,Tue,162.220,161.470,162.400,160.750
2025/03/31,Mon,162.100,162.200,162.510,161.030
2025/03/30,Sun,,,,
2025/03/29,Sat,,,,
2025/03/28,Fri,163.160,162.200,163.200,162.050
2025/03/27,Thu,161.950,163.150,163.380,161.350
2025/03/26,Wed,161.770,161.900,162.630,161.640
2025/03/25,Tue,162.790,161.760,163.050,161.600
2025/03/24,Mon,161.390,162.750,162.870,161.390
2025/03/23,Sun,,,,
2025/03/22,Sat,,,,
2025/03/21,Fri,161.470,161.460,162.160,160.740
2025/03/20,Thu,162.150,161.440,162.360,160.730
2025/03/19,Wed,163.370,162.080,163.900,162.040
2025/03/18,Tue,163.000,163.340,164.210,162.870
2025/03/17,Mon,161.600,162.950,163.090,161.550
2025/03/16,Sun,,,,
2025/03/15,Sat,,,,
2025/03/14,Fri,160.420,161.680,162.350,160.310
2025/03/13,Thu,161.410,160.400,161.530,160.040
2025/03/12,Wed,161.370,161.380,162.700,161.180
2025/03/11,Tue,159.560,161.340,161.820,158.970
2025/03/10,Mon,160.210,159.510,160.400,158.890
2025/03/09,Sun,,,,
2025/03/08,Sat,,,,
2025/03/07,Fri,159.600,160.350,160.790,159.260
2025/03/06,Thu,160.650,159.530,161.300,159.110
2025/03/05,Wed,159.190,160.610,160.750,158.730
2025/03/04,Tue,156.800,159.150,159.230,155.570
2025/03/03,Mon,156.380,156.770,158.500,155.910
2025/03/02,Sun,,,,
2025/03/01,Sat,,,,
2025/02/28,Fri,155.780,156.250,157.200,154.790
2025/02/27,Thu,156.320,155.750,157.240,155.640
2025/02/26,Wed,156.690,156.280,157.160,156.030
2025/02/25,Tue,156.720,156.660,157.330,156.070
2025/02/24,Mon,156.660,156.690,157.280,156.070
2025/02/23,Sun,,,,
2025/02/22,Sat,,,,
2025/02/21,Fri,157.150,156.130,158.230,155.800
2025/02/20,Thu,157.870,157.090,157.900,156.300
2025/02/19,Wed,158.800,157.850,159.150,157.700
2025/02/18,Tue,158.830,158.820,159.230,158.350
2025/02/17,Mon,159.800,158.800,159.860,158.510
2025/02/16,Sun,,,,
2025/02/15,Sat,,,,
2025/02/14,Fri,159.900,159.810,160.330,159.420
2025/02/13,Thu,160.320,159.880,161.210,159.000
2025/02/12,Wed,158.000,160.310,160.990,157.870
2025/02/11,Tue,156.680,157.970,158.210,156.250
2025/02/10,Mon,156.210,156.640,157.430,155.480
2025/02/09,Sun,,,,
2025/02/08,Sat,,,,
2025/02/07,Fri,157.260,156.350,158.320,155.850
2025/02/06,Thu,158.750,157.210,158.890,157.050
2025/02/05,Wed,160.200,158.720,160.330,158.480
2025/02/04,Tue,160.100,160.150,160.860,159.180
2025/02/03,Mon,159.680,160.070,160.170,157.950
2025/02/02,Sun,,,,
2025/02/01,Sat,,,,
2025/01/31,Fri,160.320,160.800,161.520,159.910
2025/01/30,Thu,161.760,160.320,161.810,160.200
2025/01/29,Wed,162.220,161.720,162.510,161.300
2025/01/28,Tue,162.120,162.180,162.750,161.570
2025/01/27,Mon,163.590,162.080,163.600,161.540
2025/01/26,Sun,,,,
2025/01/25,Sat,,,,
2025/01/24,Fri,162.560,163.670,164.210,161.900
2025/01/23,Thu,162.930,162.530,163.150,162.170
2025/01/22,Wed,162.200,162.900,163.250,161.870
2025/01/21,Tue,162.070,162.170,162.250,160.930
2025/01/20,Mon,160.560,162.030,162.350,160.300
2025/01/19,Sun,,,,
2025/01/18,Sat,,,,
2025/01/17,Fri,159.790,160.540,161.040,159.720
2025/01/16,Thu,160.990,159.740,161.120,159.740
2025/01/15,Wed,162.850,160.990,162.920,160.770
2025/01/14,Tue,161.340,162.810,162.890,161.180
2025/01/13,Mon,161.530,161.310,161.810,160.030
2025/01/12,Sun,,,,
2025/01/11,Sat,,,,
2025/01/10,Fri,162.910,161.540,163.200,161.200
2025/01/09,Thu,163.410,162.850,163.440,162.370
2025/01/08,Wed,163.420,163.390,163.850,162.840
2025/01/07,Tue,163.780,163.420,164.580,163.200
2025/01/06,Mon,162.050,163.760,164.060,161.980
2025/01/05,Sun,,,,
2025/01/04,Sat,,,,
2025/01/03,Fri,161.700,162.110,162.230,161.380
2025/01/02,Thu,162.870,161.680,163.330,160.870
2025/01/01,Wed,162.760,162.440,162.850,162.350
2024/12/31,Tue,163.230,162.730,163.430,162.420
2024/12/30,Mon,164.670,163.210,164.890,162.770
2024/12/29,Sun,,,,
2024/12/28,Sat,,,,
2024/12/27,Fri,164.710,164.560,164.800,163.960
2024/12/26,Thu,163.590,164.670,164.780,163.300
2024/12/25,Wed,163.450,163.760,163.970,163.320
2024/12/24,Tue,163.550,163.420,163.740,163.090
2024/12/23,Mon,163.070,163.520,163.670,162.850
2024/12/22,Sun,,,,
2024/12/21,Sat,,,,
2024/12/20,Fri,163.170,163.120,163.690,162.320
2024/12/19,Thu,160.280,163.130,163.840,159.850
2024/12/18,Wed,161.050,160.250,161.610,159.800
2024/12/17,Tue,162.050,160.990,162.500,160.760
2024/12/16,Mon,161.330,162.010,162.240,161.080
2024/12/15,Sun,,,,
2024/12/14,Sat,,,,
2024/12/13,Fri,159.760,161.350,161.570,159.640
2024/12/12,Thu,160.010,159.750,160.590,159.090
2024/12/11,Wed,159.990,159.960,160.650,158.650
2024/12/10,Tue,159.600,159.940,160.090,159.370
2024/12/09,Mon,158.490,159.540,160.010,157.850
2024/12/08,Sun,,,,
2024/12/07,Sat,,,,
2024/12/06,Fri,158.910,158.550,159.760,158.090
2024/12/05,Thu,158.320,158.870,159.410,157.550
2024/12/04,Wed,157.220,158.280,158.680,156.970
2024/12/03,Tue,157.060,157.210,158.010,156.160
2024/12/02,Mon,158.410,157.020,158.670,156.370
2024/12/01,Sun,,,,
2024/11/30,Sat,,,,
2024/11/29,Fri,159.960,158.360,159.990,158.010
2024/11/28,Thu,159.680,159.920,160.370,159.490
2024/11/27,Wed,160.590,159.620,160.730,159.080
2024/11/26,Tue,161.830,160.560,162.040,160.290
2024/11/25,Mon,160.680,161.830,162.160,160.670
2024/11/24,Sun,,,,
2024/11/23,Sat,,,,
2024/11/22,Fri,161.870,161.240,162.510,159.910
2024/11/21,Thu,163.840,161.820,163.890,161.740
2024/11/20,Wed,163.850,163.870,164.780,163.160
2024/11/19,Tue,163.930,163.850,163.990,161.490
2024/11/18,Mon,162.780,163.880,164.000,162.250
2024/11/17,Sun,,,,
2024/11/16,Sat,,,,
2024/11/15,Fri,164.570,162.690,165.050,162.320
2024/11/14,Thu,164.230,164.530,165.000,163.790
2024/11/13,Wed,164.260,164.200,165.100,163.630
2024/11/12,Tue,163.790,164.230,164.340,163.220
2024/11/11,Mon,163.640,163.760,164.670,163.480
2024/11/10,Sun,,,,
2024/11/09,Sat,,,,
2024/11/08,Fri,165.260,163.590,165.440,163.210
2024/11/07,Thu,165.920,165.230,165.980,164.990
2024/11/06,Wed,165.740,165.890,166.140,164.930
2024/11/05,Tue,165.480,165.710,166.080,165.410
2024/11/04,Mon,165.750,165.470,166.550,165.230
2024/11/03,Sun,,,,
2024/11/02,Sat,,,,
2024/11/01,Fri,165.460,165.720,166.430,165.220
2024/10/31,Thu,166.560,165.450,166.700,164.920
2024/10/30,Wed,165.910,166.550,166.620,165.490
2024/10/29,Tue,165.750,165.890,166.150,165.140
2024/10/28,Mon,164.460,165.730,166.090,164.430
2024/10/27,Sun,,,,
2024/10/26,Sat,,,,
2024/10/25,Fri,164.390,164.380,164.810,163.910
2024/10/24,Thu,164.680,164.380,164.770,163.790
2024/10/23,Wed,163.150,164.680,165.040,163.050
2024/10/22,Tue,163.140,163.100,163.690,162.790
2024/10/21,Mon,162.410,163.120,163.170,162.000
2024/10/20,Sun,,,,
2024/10/19,Sat,,,,
2024/10/18,Fri,162.700,162.470,162.870,162.180
2024/10/17,Thu,162.540,162.680,162.780,161.850
2024/10/16,Wed,162.500,162.500,162.900,162.110
2024/10/15,Tue,163.380,162.470,163.450,162.340
2024/10/14,Mon,163.010,163.360,163.660,162.890
2024/10/13,Sun,,,,
2024/10/12,Sat,,,,
2024/10/11,Fri,162.470,163.100,163.410,162.300
2024/10/10,Thu,163.340,162.450,163.630,162.170
2024/10/09,Wed,162.730,163.310,163.490,162.380
2024/10/08,Tue,162.650,162.710,162.840,161.900
2024/10/07,Mon,163.240,162.610,163.590,162.300
2024/10/06,Sun,,,,
2024/10/05,Sat,,,,
2024/10/04,Fri,162.070,163.220,163.410,160.730
2024/10/03,Thu,161.790,162.040,162.510,161.360
2024/10/02,Wed,158.890,161.770,161.890,158.700
2024/10/01,Tue,159.930,158.890,160.940,158.360
2024/09/30,Mon,158.680,159.910,160.160,158.100
2024/09/29,Sun,,,,
2024/09/28,Sat,,,,
2024/09/27,Fri,161.860,158.730,163.510,158.570
2024/09/26,Thu,161.160,161.830,161.940,160.740
2024/09/25,Wed,160.140,161.140,161.690,159.870
2024/09/24,Tue,159.600,160.110,161.130,159.220
2024/09/23,Mon,160.670,159.570,161.200,159.040
2024/09/22,Sun,,,,
2024/09/21,Sat,,,,
2024/09/20,Fri,159.190,160.630,161.190,158.400
2024/09/19,Thu,158.200,159.180,159.990,157.780
2024/09/18,Wed,158.270,158.180,158.750,157.040
2024/09/17,Tue,156.550,158.250,158.340,156.040
2024/09/16,Mon,156.010,156.520,156.720,155.150
2024/09/15,Sun,,,,
2024/09/14,Sat,,,,
2024/09/13,Fri,157.070,155.970,157.120,155.600
2024/09/12,Thu,156.760,157.020,157.530,156.520
2024/09/11,Wed,157.000,156.740,157.020,155.460
2024/09/10,Tue,158.010,156.940,158.650,156.790
2024/09/09,Mon,157.680,157.970,158.750,157.400
2024/09/08,Sun,,,,
2024/09/07,Sat,,,,
2024/09/06,Fri,159.390,157.680,159.470,157.450
2024/09/05,Thu,159.290,159.360,159.820,158.550
2024/09/04,Wed,160.660,159.280,160.910,159.250
2024/09/03,Tue,162.630,160.640,162.820,160.500
2024/09/02,Mon,161.490,162.630,162.900,161.010
2024/09/01,Sun,,,,
2024/08/31,Sat,,,,
2024/08/30,Fri,160.610,161.460,161.640,160.190
2024/08/29,Thu,160.780,160.590,161.290,160.020
2024/08/28,Wed,161.030,160.770,161.390,160.430
2024/08/27,Tue,161.310,160.990,162.210,160.880
2024/08/26,Mon,161.540,161.300,161.600,160.500
2024/08/25,Sun,,,,
2024/08/24,Sat,,,,
2024/08/23,Fri,162.550,161.550,162.740,161.200
2024/08/22,Thu,162.000,162.520,162.940,161.450
2024/08/21,Wed,161.680,161.950,162.800,161.330
2024/08/20,Tue,162.510,161.660,163.230,161.520
2024/08/19,Mon,162.720,162.470,163.210,160.410
2024/08/18,Sun,,,,
2024/08/17,Sat,,,,
2024/08/16,Fri,163.790,162.750,163.890,162.300
2024/08/15,Thu,162.250,163.750,163.910,161.810
2024/08/14,Wed,161.420,162.220,162.600,160.580
2024/08/13,Tue,160.910,161.380,161.820,160.640
2024/08/12,Mon,160.050,160.890,161.980,160.050
2024/08/11,Sun,,,,
2024/08/10,Sat,,,,
2024/08/09,Fri,160.820,160.040,161.390,159.810
2024/08/08,Thu,160.220,160.800,160.920,158.950
2024/08/07,Wed,157.770,160.200,161.450,157.700
2024/08/06,Tue,157.940,157.720,160.250,157.290
2024/08/05,Mon,160.070,157.890,160.110,154.400
2024/08/04,Sun,,,,
2024/08/03,Sat,,,,
2024/08/02,Fri,161.200,159.880,161.950,159.680
2024/08/01,Thu,162.380,161.170,162.920,160.880
2024/07/31,Wed,165.230,162.350,166.400,162.010
2024/07/30,Tue,166.670,165.210,167.980,165.080
2024/07/29,Mon,167.010,166.620,167.540,166.220
2024/07/28,Sun,,,,
2024/07/27,Sat,,,,
2024/07/26,Fri,166.970,166.880,168.030,166.350
2024/07/25,Thu,166.830,166.920,167.630,164.820
2024/07/24,Wed,168.870,166.790,169.230,166.140
2024/07/23,Tue,171.030,168.820,171.120,168.820
2024/07/22,Mon,171.380,170.970,171.680,170.070
2024/07/21,Sun,,,,
2024/07/20,Sat,,,,
2024/07/19,Fri,171.480,171.300,171.910,170.910
2024/07/18,Thu,170.830,171.440,171.600,169.980
2024/07/17,Wed,172.590,170.790,172.860,170.690
2024/07/16,Tue,172.170,172.540,172.960,172.130
2024/07/15,Mon,172.200,172.140,172.580,171.570
2024/07/14,Sun,,,,
2024/07/13,Sat,,,,
2024/07/12,Fri,172.590,172.190,173.460,171.450
2024/07/11,Thu,175.070,172.570,175.950,171.540
2024/07/10,Wed,174.480,175.090,175.190,174.380
2024/07/09,Tue,174.080,174.410,174.620,174.000
2024/07/08,Mon,173.730,174.030,174.660,173.510
2024/07/07,Sun,,,,
2024/07/06,Sat,,,,
2024/07/05,Fri,174.360,174.160,174.540,173.700
2024/07/04,Thu,174.440,174.330,174.460,173.790
2024/07/03,Wed,173.500,174.370,174.720,173.420
2024/07/02,Tue,173.430,173.450,173.650,173.070
2024/07/01,Mon,172.390,173.370,173.850,172.390
2024/06/30,Sun,,,,
2024/06/29,Sat,,,,
2024/06/28,Fri,172.060,172.300,172.510,171.430
2024/06/27,Thu,171.750,172.020,172.220,171.380
2024/06/26,Wed,171.100,171.710,171.860,170.840
2024/06/25,Tue,171.320,171.080,171.420,170.690
2024/06/24,Mon,170.910,171.270,171.530,170.340
2024/06/23,Sun,,,,
2024/06/22,Sat,,,,
2024/06/21,Fri,170.100,170.830,170.950,169.310
2024/06/20,Thu,169.880,170.020,170.370,169.610
2024/06/19,Wed,169.560,169.830,169.900,169.110
2024/06/18,Tue,169.320,169.500,169.950,168.960
2024/06/17,Mon,168.430,169.290,169.370,167.940
2024/06/16,Sun,,,,
2024/06/15,Sat,,,,
2024/06/14,Fri,168.610,168.390,169.830,167.520
2024/06/13,Thu,169.400,168.560,170.170,168.260
2024/06/12,Wed,168.740,169.360,169.930,168.600
2024/06/11,Tue,169.060,168.680,169.500,168.280
2024/06/10,Mon,169.210,169.000,169.240,168.290
2024/06/09,Sun,,,,
2024/06/08,Sat,,,,
2024/06/07,Fri,169.460,169.240,170.020,168.930
2024/06/06,Thu,169.680,169.420,170.310,169.210
2024/06/05,Wed,168.510,169.630,170.050,168.390
2024/06/04,Tue,170.220,168.470,170.750,168.000
2024/06/03,Mon,170.710,170.180,170.920,169.700
2024/06/02,Sun,,,,
2024/06/01,Sat,,,,
2024/05/31,Fri,169.880,170.540,170.780,169.430
2024/05/30,Thu,170.280,169.830,170.360,169.050
2024/05/29,Wed,170.630,170.250,170.820,170.150
2024/05/28,Tue,170.350,170.560,170.830,170.230
2024/05/27,Mon,170.330,170.320,170.520,169.960
2024/05/26,Sun,,,,
2024/05/25,Sat,,,,
2024/05/24,Fri,169.720,170.260,170.520,169.620
2024/05/23,Thu,169.690,169.690,170.460,169.270
2024/05/22,Wed,169.510,169.640,169.960,169.370
2024/05/21,Tue,169.660,169.450,169.980,169.200
2024/05/20,Mon,169.180,169.600,169.820,169.050
2024/05/19,Sun,,,,
2024/05/18,Sat,,,,
2024/05/17,Fri,168.870,169.190,169.390,168.770
2024/05/16,Thu,168.570,168.820,169.000,167.310
2024/05/15,Wed,169.260,168.530,169.420,168.060
2024/05/14,Tue,168.520,169.220,169.460,168.460
2024/05/13,Mon,167.750,168.510,168.770,167.550
2024/05/12,Sun,,,,
2024/05/11,Sat,,,,
2024/05/10,Fri,167.630,167.690,168.000,167.400
2024/05/09,Thu,167.110,167.600,167.790,166.730
2024/05/08,Wed,166.380,167.080,167.370,166.230
2024/05/07,Tue,165.750,166.340,166.590,165.630
2024/05/06,Mon,164.660,165.700,166.010,164.470
2024/05/05,Sun,,,,
2024/05/04,Sat,,,,
2024/05/03,Fri,164.820,164.580,165.330,164.010
2024/05/02,Thu,165.470,164.770,167.400,164.210
2024/05/01,Wed,168.320,165.440,168.670,164.250
2024/04/30,Tue,167.630,168.280,168.740,167.320
2024/04/29,Mon,169.350,167.570,171.470,165.650
2024/04/28,Sun,,,,
2024/04/27,Sat,,,,
2024/04/26,Fri,167.050,169.280,169.410,166.470
2024/04/25,Thu,166.200,167.000,167.100,165.940
2024/04/24,Wed,165.690,166.170,166.250,165.350
2024/04/23,Tue,164.990,165.650,165.770,164.610
2024/04/22,Mon,164.770,164.940,165.130,164.380
2024/04/21,Sun,,,,
2024/04/20,Sat,,,,
2024/04/19,Fri,164.610,164.740,165.040,163.000
2024/04/18,Thu,164.770,164.570,164.980,164.340
2024/04/17,Wed,164.300,164.740,164.840,163.920
2024/04/16,Tue,163.910,164.260,164.710,163.670
2024/04/15,Mon,162.940,163.850,164.470,162.700
2024/04/14,Sun,,,,
2024/04/13,Sat,,,,
2024/04/12,Fri,164.410,163.120,164.460,162.260
2024/04/11,Thu,164.570,164.370,164.730,163.940
2024/04/10,Wed,164.800,164.480,165.020,163.890
2024/04/09,Tue,164.860,164.750,165.210,164.540
2024/04/08,Mon,164.260,164.810,164.930,164.180
2024/04/07,Sun,,,,
2024/04/06,Sat,,,,
2024/04/05,Fri,164.020,164.270,164.460,163.470
2024/04/04,Thu,164.330,163.970,164.950,163.780
2024/04/03,Wed,163.230,164.350,164.410,163.060
2024/04/02,Tue,162.920,163.190,163.370,162.600
2024/04/01,Mon,163.310,162.910,163.460,162.780
2024/03/31,Sun,,,,
2024/03/30,Sat,,,,
2024/03/29,Fri,163.340,163.320,163.500,162.950
2024/03/28,Thu,163.850,163.280,163.940,163.170
2024/03/27,Wed,164.170,163.820,164.530,163.530
2024/03/26,Tue,164.100,164.130,164.430,163.950
2024/03/25,Mon,163.730,164.070,164.230,163.300
2024/03/24,Sun,,,,
2024/03/23,Sat,,,,
2024/03/22,Fri,164.660,163.610,164.840,163.470
2024/03/21,Thu,165.180,164.650,165.370,164.330
2024/03/20,Wed,163.950,165.170,165.430,163.810
2024/03/19,Tue,162.180,163.900,164.040,162.010
2024/03/18,Mon,162.340,162.140,162.740,161.930
2024/03/17,Sun,,,,
2024/03/16,Sat,,,,
2024/03/15,Fri,161.450,162.240,162.440,161.050
2024/03/14,Thu,161.760,161.390,161.940,161.100
2024/03/13,Wed,161.370,161.700,161.980,160.890
2024/03/12,Tue,160.560,161.300,161.600,160.260
2024/03/11,Mon,160.880,160.550,160.970,160.200
2024/03/10,Sun,,,,
2024/03/09,Sat,,,,
2024/03/08,Fri,162.080,160.850,162.200,160.600
2024/03/07,Thu,162.790,162.030,162.850,160.530
2024/03/06,Wed,162.940,162.770,163.010,162.200
2024/03/05,Tue,163.410,162.870,163.480,162.590
2024/03/04,Mon,162.760,163.360,163.570,162.520
2024/03/03,Sun,,,,
2024/03/02,Sat,,,,
2024/03/01,Fri,162.050,162.670,163.070,161.990
2024/02/29,Thu,163.320,162.020,163.340,161.680
2024/02/28,Wed,163.220,163.290,163.430,162.740
2024/02/27,Tue,163.530,163.200,163.550,162.880
2024/02/26,Mon,162.820,163.490,163.750,162.550
2024/02/25,Sun,,,,
2024/02/24,Sat,,,,
2024/02/23,Fri,162.930,162.810,163.230,162.670
2024/02/22,Thu,162.620,162.900,163.490,162.550
2024/02/21,Wed,162.110,162.560,162.630,161.910
2024/02/20,Tue,161.820,162.030,162.400,161.720
2024/02/19,Mon,161.890,161.770,161.960,161.460
2024/02/18,Sun,,,,
2024/02/17,Sat,,,,
2024/02/16,Fri,161.510,161.840,161.980,161.430
2024/02/15,Thu,161.540,161.470,161.680,160.900
2024/02/14,Wed,161.510,161.510,161.610,160.940
2024/02/13,Tue,160.860,161.450,161.780,160.750
2024/02/12,Mon,160.950,160.830,161.130,160.360
2024/02/11,Sun,,,,
2024/02/10,Sat,,,,
2024/02/09,Fri,160.950,160.980,161.320,160.750
2024/02/08,Thu,159.640,160.900,161.050,159.450
2024/02/07,Wed,159.110,159.600,159.770,158.910
2024/02/06,Tue,159.730,159.090,159.920,158.950
2024/02/05,Mon,160.010,159.690,160.290,159.290
2024/02/04,Sun,,,,
2024/02/03,Sat,,,,
2024/02/02,Fri,159.200,160.000,160.290,159.030
2024/02/01,Thu,158.920,159.150,159.230,158.070
2024/01/31,Wed,160.080,158.870,160.380,158.480
2024/01/30,Tue,159.820,160.060,160.370,159.190
2024/01/29,Mon,160.740,159.780,160.860,159.390
2024/01/28,Sun,,,,
2024/01/27,Sat,,,,
2024/01/26,Fri,160.100,160.780,160.960,159.810
2024/01/25,Thu,160.560,160.140,161.010,159.680
2024/01/24,Wed,160.950,160.540,161.100,159.960
2024/01/23,Tue,161.190,160.930,161.740,160.420
2024/01/22,Mon,161.390,161.150,161.600,160.730
2024/01/21,Sun,,,,
2024/01/20,Sat,,,,
2024/01/19,Fri,161.140,161.430,161.900,160.800
2024/01/18,Thu,161.240,161.100,161.410,160.630
2024/01/17,Wed,160.100,161.200,161.320,159.970
2024/01/16,Tue,159.610,160.040,160.170,159.240
2024/01/15,Mon,158.750,159.550,159.870,158.570
2024/01/14,Sun,,,,
2024/01/13,Sat,,,,
2024/01/12,Fri,159.410,158.650,159.590,158.500
2024/01/11,Thu,159.930,159.370,160.220,159.240
2024/01/10,Wed,157.940,159.910,159.970,157.760
2024/01/09,Tue,157.950,157.890,158.090,157.170
2024/01/08,Mon,158.350,157.880,158.510,157.670
2024/01/07,Sun,,,,
2024/01/06,Sat,,,,
2024/01/05,Fri,158.300,158.240,159.180,158.030
2024/01/04,Thu,156.500,158.260,158.620,156.060
2024/01/03,Wed,155.460,156.490,156.820,155.290
2024/01/02,Tue,155.610,155.330,156.360,155.050
2024/01/01,Mon,155.800,155.580,155.840,155.560
2023/12/31,Sun,,,,
2023/12/30,Sat,,,,
2023/12/29,Fri,156.410,155.670,156.940,155.600
2023/12/28,Thu,157.510,156.360,157.550,155.810
2023/12/27,Wed,157.250,157.470,158.410,157.130
2023/12/26,Tue,156.740,157.220,157.390,156.560
2023/12/25,Mon,156.910,156.670,157.070,156.350
2023/12/24,Sun,,,,
2023/12/23,Sat,,,,
2023/12/22,Fri,156.460,156.790,157.070,156.190
2023/12/21,Thu,157.080,156.420,157.160,156.140
2023/12/20,Wed,157.940,157.030,158.140,156.760
2023/12/19,Tue,155.950,157.910,158.600,155.370
2023/12/18,Mon,154.880,155.900,156.350,154.810
2023/12/17,Sun,,,,
2023/12/16,Sat,,,,
2023/12/15,Fri,155.980,154.860,156.510,154.400
2023/12/14,Thu,155.380,155.930,156.100,153.850
2023/12/13,Wed,157.000,155.350,157.510,155.360
2023/12/12,Tue,157.350,156.970,157.370,156.480
2023/12/11,Mon,155.910,157.290,157.710,155.850
2023/12/10,Sun,,,,
2023/12/09,Sat,,,,
2023/12/08,Fri,155.570,155.960,156.150,153.850
2023/12/07,Thu,158.580,155.500,158.660,153.250
2023/12/06,Wed,158.890,158.540,159.150,158.370
2023/12/05,Tue,159.530,158.830,159.730,158.560
2023/12/04,Mon,159.850,159.510,159.890,158.680
2023/12/03,Sun,,,,
2023/12/02,Sat,,,,
2023/12/01,Fri,161.350,159.760,161.790,159.630
2023/11/30,Thu,161.550,161.300,161.980,160.570
2023/11/29,Wed,162.120,161.490,162.300,161.480
2023/11/28,Tue,162.870,162.070,162.950,161.910
2023/11/27,Mon,163.520,162.840,163.750,162.520
2023/11/26,Sun,,,,
2023/11/25,Sat,,,,
2023/11/24,Fri,163.110,163.470,163.680,162.720
2023/11/23,Thu,162.840,163.080,163.240,162.420
2023/11/22,Wed,161.920,162.790,162.950,161.570
2023/11/21,Tue,162.320,161.880,162.450,161.230
2023/11/20,Mon,163.250,162.280,163.590,161.760
2023/11/19,Sun,,,,
2023/11/18,Sat,,,,
2023/11/17,Fri,163.570,163.190,163.630,162.140
2023/11/16,Thu,164.200,163.520,164.350,163.240
2023/11/15,Wed,163.600,164.170,164.280,163.050
2023/11/14,Tue,162.320,163.600,163.870,162.200
2023/11/13,Mon,161.880,162.260,162.430,161.530
2023/11/12,Sun,,,,
2023/11/11,Sat,,,,
2023/11/10,Fri,161.460,161.820,161.980,161.340
2023/11/09,Thu,161.670,161.420,161.830,161.350
2023/11/08,Wed,160.880,161.640,161.760,160.680
2023/11/07,Tue,160.830,160.850,161.070,160.420
2023/11/06,Mon,160.300,160.820,161.020,160.100
2023/11/05,Sun,,,,
2023/11/04,Sat,,,,
2023/11/03,Fri,159.820,160.260,160.460,159.590
2023/11/02,Thu,159.560,159.770,160.130,159.050
2023/11/01,Wed,160.390,159.520,160.450,159.010
2023/10/31,Tue,158.300,160.410,160.880,158.180
2023/10/30,Mon,158.000,158.240,158.950,157.680
2023/10/29,Sun,,,,
2023/10/28,Sat,,,,
2023/10/27,Fri,158.790,158.040,158.910,157.880
2023/10/26,Thu,158.790,158.800,158.930,157.980
2023/10/25,Wed,158.780,158.670,158.970,158.400
2023/10/24,Tue,159.750,158.720,159.950,158.530
2023/10/23,Mon,158.690,159.700,159.800,158.490
2023/10/22,Sun,,,,
2023/10/21,Sat,,,,
2023/10/20,Fri,158.500,158.730,158.980,158.320
2023/10/19,Thu,157.950,158.480,158.950,157.660
2023/10/18,Wed,158.430,157.940,158.590,157.670
2023/10/17,Tue,157.880,158.410,158.660,157.570
2023/10/16,Mon,157.130,157.840,158.050,157.040
2023/10/15,Sun,,,,
2023/10/14,Sat,,,,
2023/10/13,Fri,157.700,157.160,158.080,157.030
2023/10/12,Thu,158.390,157.680,158.660,157.640
2023/10/11,Wed,157.710,158.350,158.510,157.500
2023/10/10,Tue,156.930,157.670,158.020,156.750
2023/10/09,Mon,157.840,156.890,157.840,156.510
2023/10/08,Sun,,,,
2023/10/07,Sat,,,,
2023/10/06,Fri,156.680,158.070,158.300,156.470
2023/10/05,Thu,156.650,156.640,156.810,156.070
2023/10/04,Wed,156.030,156.620,156.810,155.810
2023/10/03,Tue,157.020,155.950,157.260,154.450
2023/10/02,Mon,158.030,156.970,158.510,156.980
2023/10/01,Sun,,,,
2023/09/30,Sat,,,,
2023/09/29,Fri,157.760,157.860,158.370,157.390
2023/09/28,Thu,157.160,157.640,157.920,156.700
2023/09/27,Wed,157.590,157.110,157.700,156.940
2023/09/26,Tue,157.720,157.550,157.960,157.310
2023/09/25,Mon,158.070,157.660,158.260,157.450
2023/09/24,Sun,,,,
2023/09/23,Sat,,,,
2023/09/22,Fri,157.320,158.040,158.310,157.100
2023/09/21,Thu,158.140,157.290,158.160,156.980
2023/09/20,Wed,157.890,158.100,158.530,157.760
2023/09/19,Tue,157.820,157.870,158.320,157.720
2023/09/18,Mon,157.640,157.770,158.000,157.320
2023/09/17,Sun,,,,
2023/09/16,Sat,,,,
2023/09/15,Fri,156.900,157.520,157.940,156.710
2023/09/14,Thu,158.220,156.920,158.420,156.610
2023/09/13,Wed,158.180,158.170,158.680,157.990
2023/09/12,Tue,157.580,158.160,158.320,157.140
2023/09/11,Mon,158.390,157.530,158.420,156.570
2023/09/10,Sun,,,,
2023/09/09,Sat,,,,
2023/09/08,Fri,157.560,158.140,158.440,156.990
2023/09/07,Thu,158.380,157.590,158.550,157.350
2023/09/06,Wed,158.510,158.380,158.520,157.760
2023/09/05,Tue,158.140,158.450,158.540,157.780
2023/09/04,Mon,157.620,158.060,158.280,157.310
2023/09/03,Sun,,,,
2023/09/02,Sat,,,,
2023/09/01,Fri,157.810,157.530,158.000,157.020
2023/08/31,Thu,159.760,157.770,159.800,157.580
2023/08/30,Wed,158.710,159.750,159.810,158.540
2023/08/29,Tue,158.480,158.680,159.320,158.220
2023/08/28,Mon,158.160,158.510,158.580,158.070
2023/08/27,Sun,,,,
2023/08/26,Sat,,,,
2023/08/25,Fri,157.660,158.120,158.280,157.200
2023/08/24,Thu,157.310,157.620,158.070,157.090
2023/08/23,Wed,158.260,157.270,158.400,156.850
2023/08/22,Tue,159.240,158.190,159.510,158.070
2023/08/21,Mon,158.160,159.190,159.430,157.790
2023/08/20,Sun,,,,
2023/08/19,Sat,,,,
2023/08/18,Fri,158.590,157.970,158.600,157.650
2023/08/17,Thu,159.230,158.530,159.330,158.240
2023/08/16,Wed,158.780,159.170,159.290,158.620
2023/08/15,Tue,158.750,158.730,159.360,158.510
2023/08/14,Mon,158.700,158.710,158.870,158.180
2023/08/13,Sun,,,,
2023/08/12,Sat,,,,
2023/08/11,Fri,158.950,158.640,159.260,158.600
2023/08/10,Thu,157.740,158.900,159.230,157.640
2023/08/09,Wed,157.090,157.700,157.920,156.870
2023/08/08,Tue,156.800,157.060,157.770,156.320
2023/08/07,Mon,156.130,156.800,156.900,155.800
2023/08/06,Sun,,,,
2023/08/05,Sat,,,,
2023/08/04,Fri,156.070,156.070,156.670,155.880
2023/08/03,Thu,156.760,156.000,157.260,155.510
2023/08/02,Wed,157.430,156.730,157.540,156.240
2023/08/01,Tue,156.450,157.410,157.520,156.390
2023/07/31,Mon,155.610,156.450,157.310,155.090
2023/07/30,Sun,,,,
2023/07/29,Sat,,,,
2023/07/28,Fri,153.100,155.480,155.640,151.400
2023/07/27,Thu,155.390,153.010,156.270,152.180
2023/07/26,Wed,155.770,155.390,156.020,155.130
2023/07/25,Tue,156.520,155.690,156.920,155.600
2023/07/24,Mon,157.790,156.460,157.810,156.230
2023/07/23,Sun,,,,
2023/07/22,Sat,,,,
2023/07/21,Fri,155.910,157.680,158.070,155.580
2023/07/20,Thu,156.450,155.870,156.630,155.850
2023/07/19,Wed,155.860,156.400,157.230,155.820
2023/07/18,Tue,155.880,155.830,156.160,154.860
2023/07/17,Mon,155.880,155.870,156.360,155.060
2023/07/16,Sun,,,,
2023/07/15,Sat,,,,
2023/07/14,Fri,154.940,155.750,156.170,154.150
2023/07/13,Thu,154.170,154.920,155.180,153.860
2023/07/12,Wed,154.530,154.120,154.570,153.470
2023/07/11,Tue,155.450,154.490,155.690,154.170
2023/07/10,Mon,155.890,155.430,156.690,155.310
2023/07/09,Sun,,,,
2023/07/08,Sat,,,,
2023/07/07,Fri,156.860,155.810,156.950,155.350
2023/07/06,Thu,157.010,156.840,157.080,155.820
2023/07/05,Wed,157.180,156.970,157.740,156.760
2023/07/04,Tue,157.880,157.120,157.940,157.130
2023/07/03,Mon,157.480,157.820,158.010,157.240
2023/07/02,Sun,,,,
2023/07/01,Sat,,,,
2023/06/30,Fri,157.280,157.450,157.920,156.690
2023/06/29,Thu,157.670,157.280,157.950,157.230
2023/06/28,Wed,157.920,157.630,158.050,157.210
2023/06/27,Tue,156.570,157.890,158.010,156.380
2023/06/26,Mon,156.580,156.470,156.760,155.740
2023/06/25,Sun,,,,
2023/06/24,Sat,,,,
2023/06/23,Fri,156.820,156.450,156.860,155.040
2023/06/22,Thu,155.890,156.790,156.970,155.610
2023/06/21,Wed,154.450,155.840,155.940,154.290
2023/06/20,Tue,155.100,154.380,155.430,154.040
2023/06/19,Mon,155.070,155.060,155.350,154.640
2023/06/18,Sun,,,,
2023/06/17,Sat,,,,
2023/06/16,Fri,153.550,155.110,155.320,153.070
2023/06/15,Thu,151.730,153.530,153.720,151.570
2023/06/14,Wed,151.340,151.730,151.810,150.910
2023/06/13,Tue,150.150,151.290,151.410,150.030
2023/06/12,Mon,149.820,150.170,150.380,149.650
2023/06/11,Sun,,,,
2023/06/10,Sat,,,,
2023/06/09,Fri,149.790,149.750,150.470,149.630
2023/06/08,Thu,149.920,149.760,150.090,149.570
2023/06/07,Wed,149.310,149.880,150.050,148.620
2023/06/06,Tue,149.520,149.310,149.730,148.810
2023/06/05,Mon,149.920,149.480,150.230,149.220
2023/06/04,Sun,,,,
2023/06/03,Sat,,,,
2023/06/02,Fri,149.390,149.820,149.990,149.110
2023/06/01,Thu,148.960,149.340,149.700,148.620
2023/05/31,Wed,150.080,148.930,150.130,148.570
2023/05/30,Tue,150.380,150.040,150.670,149.720
2023/05/29,Mon,150.890,150.340,151.090,150.080
2023/05/28,Sun,,,,
2023/05/27,Sat,,,,
2023/05/26,Fri,150.140,150.800,150.980,149.790
2023/05/25,Thu,149.930,150.110,150.330,149.290
2023/05/24,Wed,149.290,149.890,149.970,148.830
2023/05/23,Tue,149.880,149.250,150.070,149.090
2023/05/22,Mon,149.130,149.820,149.960,148.820
2023/05/21,Sun,,,,
2023/05/20,Sat,,,,
2023/05/19,Fri,149.420,149.010,149.830,148.700
2023/05/18,Thu,149.250,149.380,149.480,148.750
2023/05/17,Wed,148.140,149.220,149.290,148.070
2023/05/16,Tue,148.010,148.110,148.530,147.590
2023/05/15,Mon,147.350,147.960,148.280,147.220
2023/05/14,Sun,,,,
2023/05/13,Sat,,,,
2023/05/12,Fri,146.860,147.220,147.500,146.650
2023/05/11,Thu,147.550,146.850,147.600,146.120
2023/05/10,Wed,148.230,147.510,148.700,147.030
2023/05/09,Tue,148.690,148.190,148.710,147.880
2023/05/08,Mon,148.770,148.640,149.280,148.440
2023/05/07,Sun,,,,
2023/05/06,Sat,,,,
2023/05/05,Fri,147.880,148.560,148.740,147.680
2023/05/04,Thu,148.990,147.840,149.220,147.100
2023/05/03,Wed,150.200,148.940,150.390,148.960
2023/05/02,Tue,150.930,150.180,151.590,149.770
2023/05/01,Mon,150.230,150.880,150.940,149.960
2023/04/30,Sun,,,,
2023/04/29,Sat,,,,
2023/04/28,Fri,147.750,150.180,150.560,146.930
2023/04/27,Thu,147.600,147.710,148.040,147.130
2023/04/26,Wed,146.720,147.560,147.930,146.440
2023/04/25,Tue,148.280,146.710,148.650,146.280
2023/04/24,Mon,147.460,148.190,148.510,147.110
2023/04/23,Sun,,,,
2023/04/22,Sat,,,,
2023/04/21,Fri,147.260,147.390,147.600,146.390
2023/04/20,Thu,147.590,147.210,147.860,147.010
2023/04/19,Wed,147.150,147.540,147.900,147.020
2023/04/18,Tue,146.910,147.110,147.410,146.710
2023/04/17,Mon,147.230,146.910,147.470,146.640
2023/04/16,Sun,,,,
2023/04/15,Sat,,,,
2023/04/14,Fri,146.390,147.130,147.200,146.220
2023/04/13,Thu,146.350,146.360,147.070,146.070
2023/04/12,Wed,145.860,146.290,146.820,145.730
2023/04/11,Tue,145.120,145.850,146.000,144.870
2023/04/10,Mon,144.050,145.080,145.170,143.790
2023/04/09,Sun,,,,
2023/04/08,Sat,,,,
2023/04/07,Fri,143.930,143.980,144.310,143.480
2023/04/06,Thu,143.200,143.900,144.080,142.570
2023/04/05,Wed,144.260,143.220,144.550,142.740
2023/04/04,Tue,144.320,144.230,145.450,143.950
2023/04/03,Mon,144.060,144.230,144.950,143.620
2023/04/02,Sun,,,,
2023/04/01,Sat,,,,
2023/03/31,Fri,144.680,143.930,145.690,143.880
2023/03/30,Thu,144.080,144.600,145.130,143.130
2023/03/29,Wed,141.950,144.040,144.130,141.790
2023/03/28,Tue,142.060,141.910,142.180,141.030
2023/03/27,Mon,140.730,142.030,142.260,140.560
2023/03/26,Sun,,,,
2023/03/25,Sat,,,,
2023/03/24,Fri,141.670,140.610,141.870,139.060
2023/03/23,Thu,142.710,141.670,143.220,141.140
2023/03/22,Wed,142.690,142.680,143.660,142.300
2023/03/21,Tue,140.810,142.670,142.810,140.400
2023/03/20,Mon,141.330,140.760,141.880,138.820
2023/03/19,Sun,,,,
2023/03/18,Sat,,,,
2023/03/17,Fri,141.870,140.570,142.220,140.140
2023/03/16,Thu,141.120,141.810,142.070,139.120
2023/03/15,Wed,144.060,141.070,144.990,139.440
2023/03/14,Tue,142.940,144.040,144.460,142.520
2023/03/13,Mon,143.670,142.890,144.430,141.330
2023/03/12,Sun,,,,
2023/03/11,Sat,,,,
2023/03/10,Fri,144.070,143.660,145.360,143.330
2023/03/09,Thu,144.840,144.040,144.890,143.600
2023/03/08,Wed,144.690,144.810,145.260,144.210
2023/03/07,Tue,145.180,144.650,145.460,144.540
2023/03/06,Mon,144.490,145.120,145.420,144.110
2023/03/05,Sun,,,,
2023/03/04,Sat,,,,
2023/03/03,Fri,144.950,144.450,145.100,144.260
2023/03/02,Thu,145.280,144.910,145.630,144.760
2023/03/01,Wed,144.100,145.250,145.390,143.950
2023/02/28,Tue,144.470,144.050,145.510,143.870
2023/02/27,Mon,143.870,144.470,144.610,143.510
2023/02/26,Sun,,,,
2023/02/25,Sat,,,,
2023/02/24,Fri,142.760,143.910,144.050,142.160
2023/02/23,Thu,143.060,142.710,143.550,142.550
2023/02/22,Wed,143.730,143.010,143.870,143.000
2023/02/21,Tue,143.440,143.720,144.180,143.150
2023/02/20,Mon,143.490,143.380,143.670,143.020
2023/02/19,Sun,,,,
2023/02/18,Sat,,,,
2023/02/17,Fri,142.920,143.460,143.720,142.920
2023/02/16,Thu,143.400,142.890,143.670,142.840
2023/02/15,Wed,142.940,143.370,143.460,142.340
2023/02/14,Tue,141.980,142.890,142.990,141.500
2023/02/13,Mon,140.350,141.950,142.420,140.260
2023/02/12,Sun,,,,
2023/02/11,Sat,,,,
2023/02/10,Fri,141.270,140.310,141.520,139.550
2023/02/09,Thu,140.730,141.240,141.350,140.590
2023/02/08,Wed,140.590,140.680,141.070,140.290
2023/02/07,Tue,142.310,140.570,142.390,140.250
2023/02/06,Mon,141.550,142.330,143.000,141.510
2023/02/05,Sun,,,,
2023/02/04,Sat,,,,
2023/02/03,Fri,140.360,141.570,142.390,139.480
2023/02/02,Thu,141.710,140.360,142.010,140.050
2023/02/01,Wed,141.350,141.680,141.880,140.880
2023/01/31,Tue,141.540,141.300,141.640,140.740
2023/01/30,Mon,141.230,141.450,142.010,140.540
2023/01/29,Sun,,,,
2023/01/28,Sat,,,,
2023/01/27,Fri,141.830,141.110,141.870,140.800
2023/01/26,Thu,141.480,141.790,141.940,140.850
2023/01/25,Wed,141.710,141.440,142.320,140.740
2023/01/24,Tue,142.050,141.600,142.230,141.240
2023/01/23,Mon,140.730,142.000,142.110,140.460
2023/01/22,Sun,,,,
2023/01/21,Sat,,,,
2023/01/20,Fri,139.080,140.640,141.290,139.040
2023/01/19,Thu,139.150,139.040,139.470,137.910
2023/01/18,Wed,138.260,139.090,141.700,138.200
2023/01/17,Tue,139.120,138.230,139.650,138.180
2023/01/16,Mon,138.450,139.030,139.360,138.220
2023/01/15,Sun,,,,
2023/01/14,Sat,,,,
2023/01/13,Fri,140.240,138.470,140.420,137.990
2023/01/12,Thu,142.510,140.220,142.570,140.000
2023/01/11,Wed,142.000,142.470,142.890,141.820
2023/01/10,Tue,141.450,141.960,142.080,141.090
2023/01/09,Mon,140.450,141.480,141.930,140.160
2023/01/08,Sun,,,,
2023/01/07,Sat,,,,
2023/01/06,Fri,140.370,140.580,141.470,140.220
2023/01/05,Thu,140.610,140.340,141.380,139.950
2023/01/04,Wed,138.200,140.570,140.790,137.850
2023/01/03,Tue,139.420,138.210,140.040,137.380
2023/01/02,Mon,140.360,139.380,140.360,139.250
2023/01/01,Sun,,,,
2022/12/31,Sat,,,,
2022/12/30,Fri,141.830,140.310,141.900,139.960
2022/12/29,Thu,142.700,141.800,142.720,141.560
2022/12/28,Wed,142.060,142.650,142.960,141.890
2022/12/27,Tue,141.350,142.000,142.300,141.130
2022/12/26,Mon,140.920,141.300,141.540,140.320
2022/12/25,Sun,,,,
2022/12/24,Sat,,,,
2022/12/23,Fri,140.220,140.940,141.290,140.070
2022/12/22,Thu,140.520,140.180,140.700,139.950
2022/12/21,Wed,139.930,140.460,140.810,139.660
2022/12/20,Tue,145.210,139.880,145.850,138.780
2022/12/19,Mon,144.000,145.160,145.540,143.750
2022/12/18,Sun,,,,
2022/12/17,Sat,,,,
2022/12/16,Fri,146.400,144.650,146.610,144.590
2022/12/15,Thu,144.730,146.380,146.770,144.290
2022/12/14,Wed,144.170,144.710,144.910,143.510
2022/12/13,Tue,145.070,144.110,145.770,143.510
2022/12/12,Mon,143.790,145.020,145.140,143.700
2022/12/11,Sun,,,,
2022/12/10,Sat,,,,
2022/12/09,Fri,144.310,143.800,144.480,142.750
2022/12/08,Thu,143.540,144.250,144.420,143.210
2022/12/07,Wed,143.490,143.500,144.650,143.150
2022/12/06,Tue,143.450,143.480,144.070,143.090
2022/12/05,Mon,141.820,143.450,143.670,141.320
2022/12/04,Sun,,,,
2022/12/03,Sat,,,,
2022/12/02,Fri,142.380,141.530,142.500,140.620
2022/12/01,Thu,143.670,142.360,143.790,141.900
2022/11/30,Wed,143.260,143.620,144.950,143.160
2022/11/29,Tue,143.680,143.210,144.050,143.000
2022/11/28,Mon,144.430,143.620,145.040,143.020
2022/11/27,Sun,,,,
2022/11/26,Sat,,,,
2022/11/25,Fri,144.300,144.590,145.180,144.100
2022/11/24,Thu,145.160,144.270,145.230,143.640
2022/11/23,Wed,145.560,145.100,146.170,144.610
2022/11/22,Tue,145.600,145.510,145.720,144.870
2022/11/21,Mon,144.830,145.550,145.670,144.300
2022/11/20,Sun,,,,
2022/11/19,Sat,,,,
2022/11/18,Fri,145.280,144.900,145.570,144.540
2022/11/17,Thu,145.070,145.230,145.500,144.420
2022/11/16,Wed,144.140,145.020,145.570,143.540
2022/11/15,Tue,144.430,144.100,145.390,143.340
2022/11/14,Mon,143.450,144.430,145.310,143.370
2022/11/13,Sun,,,,
2022/11/12,Sat,,,,
2022/11/11,Fri,143.950,143.680,145.050,142.650
2022/11/10,Thu,146.640,143.880,146.790,143.200
2022/11/09,Wed,146.760,146.620,147.140,146.310
2022/11/08,Tue,146.950,146.710,147.010,145.950
2022/11/07,Mon,145.300,146.900,147.050,145.300
2022/11/06,Sun,,,,
2022/11/05,Sat,,,,
2022/11/04,Fri,144.570,146.000,146.180,144.220
2022/11/03,Thu,145.240,144.580,145.390,144.020
2022/11/02,Wed,146.400,145.190,146.540,144.870
2022/11/01,Tue,146.970,146.380,147.140,145.950
2022/10/31,Mon,146.680,146.970,147.790,146.650
2022/10/30,Sun,,,,
2022/10/29,Sat,,,,
2022/10/28,Fri,145.760,146.900,147.430,145.630
2022/10/27,Thu,147.520,145.710,147.720,145.540
2022/10/26,Wed,147.440,147.480,147.740,146.930
2022/10/25,Tue,147.100,147.390,147.510,146.590
2022/10/24,Mon,145.700,147.080,147.420,143.800
2022/10/23,Sun,,,,
2022/10/22,Sat,,,,
2022/10/21,Fri,146.920,145.570,148.430,144.140
2022/10/20,Thu,146.500,146.880,147.350,146.230
2022/10/19,Wed,147.080,146.460,147.280,146.050
2022/10/18,Tue,146.630,147.090,147.220,146.210
2022/10/17,Mon,144.310,146.620,146.740,144.280
2022/10/16,Sun,,,,
2022/10/15,Sat,,,,
2022/10/14,Fri,143.920,144.560,144.880,143.450
2022/10/13,Thu,142.540,143.910,144.130,141.730
2022/10/12,Wed,141.560,142.560,142.680,141.420
2022/10/11,Tue,141.390,141.530,142.230,140.980
2022/10/10,Mon,141.620,141.350,141.840,140.890
2022/10/09,Sun,,,,
2022/10/08,Sat,,,,
2022/10/07,Fri,142.090,141.570,142.240,141.180
2022/10/06,Thu,142.910,142.100,143.490,141.940
2022/10/05,Wed,143.920,142.920,144.100,142.430
2022/10/04,Tue,142.050,143.850,144.110,141.900
2022/10/03,Mon,141.670,141.990,142.490,141.360
2022/10/02,Sun,,,,
2022/10/01,Sat,,,,
2022/09/30,Fri,141.820,141.840,142.310,140.760
2022/09/29,Thu,140.350,141.780,141.820,139.390
2022/09/28,Wed,138.890,140.330,140.430,138.030
2022/09/27,Tue,139.100,138.850,139.570,138.590
2022/09/26,Mon,138.980,139.040,139.550,137.570
2022/09/25,Sun,,,,
2022/09/24,Sat,,,,
2022/09/23,Fri,140.050,138.880,140.280,138.650
2022/09/22,Thu,141.700,139.960,143.730,138.690
2022/09/21,Wed,143.340,141.630,143.590,141.590
2022/09/20,Tue,143.560,143.280,144.060,143.010
2022/09/19,Mon,143.200,143.500,143.630,142.780
2022/09/18,Sun,,,,
2022/09/17,Sat,,,,
2022/09/16,Fri,143.570,143.130,143.570,142.490
2022/09/15,Thu,142.870,143.500,143.710,142.540
2022/09/14,Wed,144.160,142.890,144.510,142.270
2022/09/13,Tue,144.550,144.090,145.060,143.380
2022/09/12,Mon,143.680,144.520,145.660,143.370
2022/09/11,Sun,,,,
2022/09/10,Sat,,,,
2022/09/09,Fri,144.080,143.080,144.750,142.630
2022/09/08,Thu,143.750,144.030,144.320,143.160
2022/09/07,Wed,141.440,143.720,144.040,141.370
2022/09/06,Tue,139.600,141.400,141.780,139.560
2022/09/05,Mon,139.510,139.560,139.670,138.670
2022/09/04,Sun,,,,
2022/09/03,Sat,,,,
2022/09/02,Fri,139.440,139.510,140.790,139.250
2022/09/01,Thu,139.730,139.410,140.020,138.920
2022/08/31,Wed,139.000,139.750,139.790,138.230
2022/08/30,Tue,138.650,138.960,139.250,138.240
2022/08/29,Mon,137.310,138.620,139.000,137.010
2022/08/28,Sun,,,,
2022/08/27,Sat,,,,
2022/08/26,Fri,136.180,136.980,138.010,136.070
2022/08/25,Thu,136.670,136.130,137.010,136.000
2022/08/24,Wed,136.370,136.620,136.820,135.500
2022/08/23,Tue,136.710,136.330,137.190,135.720
2022/08/22,Mon,137.370,136.660,137.970,136.390
2022/08/21,Sun,,,,
2022/08/20,Sat,,,,
2022/08/19,Fri,137.120,137.400,137.990,136.930
2022/08/18,Thu,137.450,137.080,137.690,136.550
2022/08/17,Wed,136.550,137.440,137.920,136.250
2022/08/16,Tue,135.460,136.490,136.960,134.930
2022/08/15,Mon,137.010,135.450,137.090,135.270
2022/08/14,Sun,,,,
2022/08/13,Sat,,,,
2022/08/12,Fri,137.220,136.920,137.750,136.850
2022/08/11,Thu,136.880,137.220,137.420,136.290
2022/08/10,Wed,138.040,136.820,138.950,136.570
2022/08/09,Tue,137.690,137.980,138.330,137.240
2022/08/08,Mon,137.400,137.630,137.950,137.050
2022/08/07,Sun,,,,
2022/08/06,Sat,,,,
2022/08/05,Fri,136.170,137.410,137.790,135.790
2022/08/04,Thu,136.070,136.150,136.950,135.630
2022/08/03,Wed,135.390,136.030,136.450,134.820
2022/08/02,Tue,135.080,135.380,135.430,133.390
2022/08/01,Mon,136.160,135.050,136.360,134.980
2022/07/31,Sun,,,,
2022/07/30,Sat,,,,
2022/07/29,Fri,136.930,136.090,137.340,135.530
2022/07/28,Thu,139.270,136.850,139.400,136.330
2022/07/27,Wed,138.520,139.310,139.540,138.420
2022/07/26,Tue,139.730,138.470,139.870,138.120
2022/07/25,Mon,138.950,139.670,140.090,138.700
2022/07/24,Sun,,,,
2022/07/23,Sat,,,,
2022/07/22,Fri,140.540,138.910,140.720,138.760
2022/07/21,Thu,140.680,140.500,142.350,140.140
2022/07/20,Wed,141.320,140.650,141.950,140.420
2022/07/19,Tue,140.100,141.280,141.480,139.680
2022/07/18,Mon,139.730,140.090,140.830,139.370
2022/07/17,Sun,,,,
2022/07/16,Sat,,,,
2022/07/15,Fri,139.220,139.740,139.910,138.720
2022/07/14,Thu,138.270,139.120,139.790,137.970
2022/07/13,Wed,137.400,138.240,138.840,137.110
2022/07/12,Tue,137.990,137.380,138.100,137.000
2022/07/11,Mon,138.450,137.960,139.190,137.870
2022/07/10,Sun,,,,
2022/07/09,Sat,,,,
2022/07/08,Fri,138.210,138.570,138.740,136.850
2022/07/07,Thu,138.430,138.140,139.090,137.970
2022/07/06,Wed,139.520,138.370,139.550,137.230
2022/07/05,Tue,141.390,139.480,142.400,138.940
2022/07/04,Mon,141.130,141.400,141.690,140.600
2022/07/03,Sun,,,,
2022/07/02,Sat,,,,
2022/07/01,Fri,142.270,140.980,142.450,139.780
2022/06/30,Thu,142.620,142.270,142.880,141.370
2022/06/29,Wed,143.190,142.580,143.890,142.470
2022/06/28,Tue,143.370,143.170,144.300,142.850
2022/06/27,Mon,142.690,143.330,143.510,142.040
2022/06/26,Sun,,,,
2022/06/25,Sat,,,,
2022/06/24,Fri,142.050,142.660,142.810,141.390
2022/06/23,Thu,144.000,142.000,144.010,141.390
2022/06/22,Wed,143.820,143.960,144.280,142.660
2022/06/21,Tue,142.000,143.780,144.010,141.910
2022/06/20,Mon,141.350,141.960,142.380,141.320
2022/06/19,Sun,,,,
2022/06/18,Sat,,,,
2022/06/17,Fri,139.490,141.680,142.000,139.430
2022/06/16,Thu,139.790,139.440,140.630,137.840
2022/06/15,Wed,141.130,139.750,141.510,139.510
2022/06/14,Tue,139.900,141.090,141.160,139.470
2022/06/13,Mon,141.340,139.850,141.780,139.380
2022/06/12,Sun,,,,
2022/06/11,Sat,,,,
2022/06/10,Fri,142.640,141.340,142.820,140.790
2022/06/09,Thu,143.890,142.580,144.200,142.330
2022/06/08,Wed,141.880,143.820,144.270,141.840
2022/06/07,Tue,141.040,141.850,142.090,140.990
2022/06/06,Mon,140.280,141.020,141.160,139.820
2022/06/05,Sun,,,,
2022/06/04,Sat,,,,
2022/06/03,Fri,139.520,140.260,140.390,139.450
2022/06/02,Thu,138.550,139.500,139.630,138.380
2022/06/01,Wed,138.140,138.530,139.010,138.080
2022/05/31,Tue,137.500,138.110,138.260,136.780
2022/05/30,Mon,136.490,137.460,137.690,136.250
2022/05/29,Sun,,,,
2022/05/28,Sat,,,,
2022/05/27,Fri,136.370,136.350,136.760,135.830
2022/05/26,Thu,136.020,136.340,136.660,135.220
2022/05/25,Wed,136.160,135.970,136.260,134.970
2022/05/24,Tue,136.720,136.110,136.810,135.530
2022/05/23,Mon,135.180,136.690,136.820,134.650
2022/05/22,Sun,,,,
2022/05/21,Sat,,,,
2022/05/20,Fri,135.310,135.010,135.830,134.580
2022/05/19,Thu,134.240,135.290,135.490,133.910
2022/05/18,Wed,136.490,134.180,136.690,134.060
2022/05/17,Tue,134.780,136.470,136.720,134.480
2022/05/16,Mon,134.440,134.730,135.080,133.740
2022/05/15,Sun,,,,
2022/05/14,Sat,,,,
2022/05/13,Fri,133.200,134.500,134.780,133.100
2022/05/12,Thu,136.630,133.180,136.760,132.650
2022/05/11,Wed,137.350,136.600,137.730,136.170
2022/05/10,Tue,137.520,137.300,138.110,137.010
2022/05/09,Mon,137.770,137.480,138.340,137.050
2022/05/08,Sun,,,,
2022/05/07,Sat,,,,
2022/05/06,Fri,137.240,137.750,138.180,136.720
2022/05/05,Thu,137.130,137.160,137.600,136.820
2022/05/04,Wed,136.830,137.090,137.450,136.570
2022/05/03,Tue,136.730,136.870,137.380,136.490
2022/05/02,Mon,136.810,136.670,137.640,136.490
2022/05/01,Sun,,,,
2022/04/30,Sat,,,,
2022/04/29,Fri,137.360,136.850,138.010,136.470
2022/04/28,Thu,135.590,137.370,138.020,135.410
2022/04/27,Wed,135.340,135.550,136.170,134.760
2022/04/26,Tue,137.280,135.290,137.570,135.300
2022/04/25,Mon,139.400,137.230,139.410,136.470
2022/04/24,Sun,,,,
2022/04/23,Sat,,,,
2022/04/22,Fri,139.140,138.770,139.500,138.230
2022/04/21,Thu,138.800,139.100,140.040,138.730
2022/04/20,Wed,139.070,138.760,139.700,138.380
2022/04/19,Tue,136.930,139.030,139.130,136.850
2022/04/18,Mon,136.540,136.870,137.040,136.420
2022/04/17,Sun,,,,
2022/04/16,Sat,,,,
2022/04/15,Fri,136.300,136.530,136.930,136.260
2022/04/14,Thu,136.810,136.280,136.970,135.510
2022/04/13,Wed,135.750,136.780,136.910,135.700
2022/04/12,Tue,136.440,135.700,136.670,135.530
2022/04/11,Mon,135.960,136.420,137.150,135.260
2022/04/10,Sun,,,,
2022/04/09,Sat,,,,
2022/04/08,Fri,134.830,135.210,135.400,134.340
2022/04/07,Thu,134.880,134.800,135.530,134.420
2022/04/06,Wed,134.800,134.850,135.500,134.700
2022/04/05,Tue,134.740,134.760,135.160,134.280
2022/04/04,Mon,135.240,134.690,135.700,134.560
2022/04/03,Sun,,,,
2022/04/02,Sat,,,,
2022/04/01,Fri,134.660,135.390,135.910,134.620
2022/03/31,Thu,135.920,134.650,136.870,134.500
2022/03/30,Wed,136.210,135.890,136.700,134.880
2022/03/29,Tue,136.070,136.180,137.340,135.290
2022/03/28,Mon,133.960,136.030,137.560,133.950
2022/03/27,Sun,,,,
2022/03/26,Sat,,,,
2022/03/25,Fri,134.540,134.010,134.760,133.710
2022/03/24,Thu,133.320,134.500,134.640,132.930
2022/03/23,Wed,133.260,133.310,133.910,132.320
2022/03/22,Tue,131.640,133.200,133.350,131.580
2022/03/21,Mon,131.770,131.580,132.000,131.370
2022/03/20,Sun,,,,
2022/03/19,Sat,,,,
2022/03/18,Fri,131.530,131.670,131.940,131.170
2022/03/17,Thu,130.990,131.500,131.940,130.700
2022/03/16,Wed,129.600,130.970,131.140,129.530
2022/03/15,Tue,129.300,129.530,130.060,129.240
2022/03/14,Mon,128.030,129.280,129.730,127.990
2022/03/13,Sun,,,,
2022/03/12,Sat,,,,
2022/03/11,Fri,127.560,127.940,129.060,127.530
2022/03/10,Thu,128.300,127.550,128.910,127.410
2022/03/09,Wed,126.120,128.270,128.490,125.990
2022/03/08,Tue,125.190,126.060,126.760,125.090
2022/03/07,Mon,125.740,125.150,125.970,124.380
2022/03/06,Sun,,,,
2022/03/05,Sat,,,,
2022/03/04,Fri,127.790,125.410,127.840,125.060
2022/03/03,Thu,128.490,127.740,128.540,127.570
2022/03/02,Wed,127.850,128.450,128.820,127.290
2022/03/01,Tue,129.050,127.820,129.260,127.350
2022/02/28,Mon,129.200,129.010,129.820,128.060
2022/02/27,Sun,,,,
2022/02/26,Sat,,,,
2022/02/25,Fri,129.310,130.200,130.310,128.710
2022/02/24,Thu,130.060,129.280,130.110,127.900
2022/02/23,Wed,130.350,130.020,130.740,129.940
2022/02/22,Tue,129.800,130.330,130.790,129.350
2022/02/21,Mon,130.130,129.770,130.920,129.730
2022/02/20,Sun,,,,
2022/02/19,Sat,,,,
2022/02/18,Fri,130.590,130.190,131.150,130.190
2022/02/17,Thu,131.340,130.560,131.520,130.390
2022/02/16,Wed,131.360,131.310,131.940,131.100
2022/02/15,Tue,130.650,131.300,131.570,130.420
2022/02/14,Mon,130.940,130.610,131.410,130.040
2022/02/13,Sun,,,,
2022/02/12,Sat,,,,
2022/02/11,Fri,132.570,130.980,132.650,130.370
2022/02/10,Thu,131.950,132.550,133.190,131.850
2022/02/09,Wed,131.900,131.910,132.170,131.600
2022/02/08,Tue,131.700,131.880,132.060,131.470
2022/02/07,Mon,131.920,131.720,132.200,131.250
2022/02/06,Sun,,,,
2022/02/05,Sat,,,,
2022/02/04,Fri,131.520,131.860,132.110,131.440
2022/02/03,Thu,129.380,131.500,131.570,129.180
2022/02/02,Wed,129.300,129.340,129.490,129.040
2022/02/01,Tue,129.320,129.270,129.560,128.860
2022/01/31,Mon,128.470,129.290,129.400,128.380
2022/01/30,Sun,,,,
2022/01/29,Sat,,,,
2022/01/28,Fri,128.580,128.410,128.870,128.340
2022/01/27,Thu,128.860,128.520,129.040,128.320
2022/01/26,Wed,128.690,128.810,129.280,128.580
2022/01/25,Tue,129.030,128.650,129.230,128.240
2022/01/24,Mon,128.920,128.990,129.180,128.390
2022/01/23,Sun,,,,
2022/01/22,Sat,,,,
2022/01/21,Fri,129.070,128.910,129.340,128.540
2022/01/20,Thu,129.680,129.040,130.110,129.030
2022/01/19,Wed,129.820,129.650,130.010,129.380
2022/01/18,Tue,130.790,129.800,131.200,129.690
2022/01/17,Mon,130.380,130.720,130.850,130.280
2022/01/16,Sun,,,,
2022/01/15,Sat,,,,
2022/01/14,Fri,130.800,130.350,130.880,129.770
2022/01/13,Thu,131.180,130.770,131.470,130.610
2022/01/12,Wed,131.050,131.160,131.500,130.950
2022/01/11,Tue,130.490,131.030,131.230,130.430
2022/01/10,Mon,131.200,130.450,131.390,130.140
2022/01/09,Sun,,,,
2022/01/08,Sat,,,,
2022/01/07,Fri,130.810,131.250,131.380,130.790
2022/01/06,Thu,131.390,130.770,131.450,130.620
2022/01/05,Wed,131.100,131.340,131.630,130.820
2022/01/04,Tue,130.280,131.050,131.490,130.220
2022/01/03,Mon,130.860,130.240,131.060,130.020
2022/01/02,Sun,,,,
2022/01/01,Sat,,,,
2021/12/31,Fri,130.330,130.820,131.060,130.150
2021/12/30,Thu,130.490,130.270,130.600,130.100
2021/12/29,Wed,129.880,130.430,130.550,129.610
2021/12/28,Tue,130.100,129.840,130.250,129.600
2021/12/27,Mon,129.470,130.070,130.180,129.360
2021/12/26,Sun,,,,
2021/12/25,Sat,,,,
2021/12/24,Fri,129.600,129.480,129.800,129.250
2021/12/23,Thu,129.240,129.570,129.760,129.040
2021/12/22,Wed,128.690,129.220,129.530,128.550
2021/12/21,Tue,128.100,128.720,128.800,128.030
2021/12/20,Mon,127.730,128.060,128.340,127.500
2021/12/19,Sun,,,,
2021/12/18,Sat,,,,
2021/12/17,Fri,128.840,127.740,129.000,127.750
2021/12/16,Thu,128.700,128.800,129.670,128.440
2021/12/15,Wed,128.040,128.670,128.840,127.980
2021/12/14,Tue,128.170,128.000,128.610,127.980
2021/12/13,Mon,128.310,128.130,128.490,128.000
2021/12/12,Sun,,,,
2021/12/11,Sat,,,,
2021/12/10,Fri,128.130,128.240,128.430,127.810
2021/12/09,Thu,128.930,128.100,129.090,127.920
2021/12/08,Wed,127.980,128.910,129.190,127.810
2021/12/07,Tue,128.070,127.950,128.500,127.590
2021/12/06,Mon,127.600,128.040,128.120,127.510
2021/12/05,Sun,,,,
2021/12/04,Sat,,,,
2021/12/03,Fri,127.890,127.610,128.370,127.370
2021/12/02,Thu,127.660,127.850,128.260,127.540
2021/12/01,Wed,128.310,127.620,128.820,127.560
2021/11/30,Tue,128.190,128.240,128.620,127.600
2021/11/29,Mon,128.310,128.130,128.770,127.480
2021/11/28,Sun,,,,
2021/11/27,Sat,,,,
2021/11/26,Fri,129.300,128.220,129.370,127.800
2021/11/25,Thu,129.280,129.260,129.550,129.230
2021/11/24,Wed,129.510,129.220,129.590,128.690
2021/11/23,Tue,129.090,129.460,129.630,128.890
2021/11/22,Mon,128.650,129.030,129.350,128.550
2021/11/21,Sun,,,,
2021/11/20,Sat,,,,
2021/11/19,Fri,129.920,128.660,130.000,127.960
2021/11/18,Thu,129.120,129.890,129.970,129.070
2021/11/17,Wed,130.000,129.120,130.100,129.020
2021/11/16,Tue,129.750,129.960,130.140,129.640
2021/11/15,Mon,130.450,129.710,130.630,129.670
2021/11/14,Sun,,,,
2021/11/13,Sat,,,,
2021/11/12,Fri,130.620,130.360,130.790,130.240
2021/11/11,Thu,130.800,130.590,131.010,130.430
2021/11/10,Wed,130.860,130.730,131.450,130.630
2021/11/09,Tue,131.230,130.800,131.290,130.660
2021/11/08,Mon,131.220,131.190,131.450,130.890
2021/11/07,Sun,,,,
2021/11/06,Sat,,,,
2021/11/05,Fri,131.450,131.160,131.630,130.820
2021/11/04,Thu,132.370,131.420,132.600,131.010
2021/11/03,Wed,131.950,132.330,132.440,131.720
2021/11/02,Tue,132.300,131.920,132.420,131.460
2021/11/01,Mon,131.790,132.260,132.470,131.780
2021/10/31,Sun,,,,
2021/10/30,Sat,,,,
2021/10/29,Fri,132.660,131.800,132.940,131.590
2021/10/28,Thu,132.100,132.630,132.730,131.550
2021/10/27,Wed,132.380,132.070,132.540,131.570
2021/10/26,Tue,132.000,132.320,132.690,131.950
2021/10/25,Mon,132.330,131.960,132.630,131.850
2021/10/24,Sun,,,,
2021/10/23,Sat,,,,
2021/10/22,Fri,132.490,132.150,132.820,131.900
2021/10/21,Thu,133.130,132.440,133.390,132.250
2021/10/20,Wed,133.060,133.100,133.500,132.730
2021/10/19,Tue,132.740,133.020,133.220,132.600
2021/10/18,Mon,132.510,132.700,132.820,132.130
2021/10/17,Sun,,,,
2021/10/16,Sat,,,,
2021/10/15,Fri,131.820,132.470,132.810,131.800
2021/10/14,Thu,131.320,131.780,131.880,131.260
2021/10/13,Wed,130.990,131.260,131.490,130.870
2021/10/12,Tue,130.940,130.950,131.300,130.740
2021/10/11,Mon,129.950,130.870,131.250,129.760
2021/10/10,Sun,,,,
2021/10/09,Sat,,,,
2021/10/08,Fri,128.950,129.800,129.940,128.910
2021/10/07,Thu,128.770,128.890,129.050,128.620
2021/10/06,Wed,129.290,128.750,129.520,128.320
2021/10/05,Tue,128.930,129.240,129.410,128.750
2021/10/04,Mon,128.760,128.880,129.400,128.510
2021/10/03,Sun,,,,
2021/10/02,Sat,,,,
2021/10/01,Fri,128.890,128.750,129.070,128.540
2021/09/30,Thu,129.840,128.860,129.980,128.780
2021/09/29,Wed,130.260,129.820,130.490,129.670
2021/09/28,Tue,129.830,130.240,130.410,129.660
2021/09/27,Mon,129.820,129.780,129.950,129.470
2021/09/26,Sun,,,,
2021/09/25,Sat,,,,
2021/09/24,Fri,129.500,129.690,129.870,129.370
2021/09/23,Thu,128.310,129.450,129.570,128.260
2021/09/22,Wed,128.080,128.290,128.820,127.920
2021/09/21,Tue,128.280,128.030,128.720,127.980
2021/09/20,Mon,128.970,128.260,129.050,128.130
2021/09/19,Sun,,,,
2021/09/18,Sat,,,,
2021/09/17,Fri,129.050,128.930,129.690,128.890
2021/09/16,Thu,129.250,129.050,129.390,128.600
2021/09/15,Wed,129.490,129.210,129.570,129.040
2021/09/14,Tue,129.930,129.430,130.220,129.360
2021/09/13,Mon,129.870,129.860,129.960,129.580
2021/09/12,Sun,,,,
2021/09/11,Sat,,,,
2021/09/10,Fri,129.750,129.870,130.300,129.680
2021/09/09,Thu,130.280,129.720,130.360,129.660
2021/09/08,Wed,130.590,130.210,130.720,130.170
2021/09/07,Tue,130.390,130.540,130.680,130.290
2021/09/06,Mon,130.410,130.350,130.530,130.240
2021/09/05,Sun,,,,
2021/09/04,Sat,,,,
2021/09/03,Fri,130.570,130.380,130.780,130.180
2021/09/02,Thu,130.260,130.510,130.620,130.150
2021/09/01,Wed,129.930,130.210,130.470,129.870
2021/08/31,Tue,129.690,129.900,130.220,129.580
2021/08/30,Mon,129.560,129.650,129.730,129.470
2021/08/29,Sun,,,,
2021/08/28,Sat,,,,
2021/08/27,Fri,129.370,129.510,129.780,129.140
2021/08/26,Thu,129.520,129.330,129.790,129.220
2021/08/25,Wed,128.870,129.450,129.560,128.750
2021/08/24,Tue,128.850,128.840,129.060,128.580
2021/08/23,Mon,128.410,128.800,129.160,128.310
2021/08/22,Sun,,,,
2021/08/21,Sat,,,,
2021/08/20,Fri,128.140,128.420,128.550,127.930
2021/08/19,Thu,128.550,128.090,128.730,127.920
2021/08/18,Wed,128.320,128.510,128.990,128.220
2021/08/17,Tue,128.650,128.300,128.890,128.250
2021/08/16,Mon,129.240,128.640,129.440,128.490
2021/08/15,Sun,,,,
2021/08/14,Sat,,,,
2021/08/13,Fri,129.480,129.190,129.710,129.220
2021/08/12,Thu,129.600,129.480,129.720,129.390
2021/08/11,Wed,129.590,129.580,129.870,129.510
2021/08/10,Tue,129.460,129.550,129.700,129.390
2021/08/09,Mon,129.690,129.440,129.810,129.380
2021/08/08,Sun,,,,
2021/08/07,Sat,,,,
2021/08/06,Fri,129.880,129.650,129.980,129.430
2021/08/05,Thu,129.600,129.840,130.040,129.550
2021/08/04,Wed,129.380,129.560,129.860,129.130
2021/08/03,Tue,129.720,129.320,129.900,129.170
2021/08/02,Mon,130.170,129.680,130.450,129.590
2021/08/01,Sun,,,,
2021/07/31,Sat,,,,
2021/07/30,Fri,130.140,130.210,130.510,130.010
2021/07/29,Thu,130.190,130.120,130.570,129.890
2021/07/28,Wed,129.720,130.140,130.260,129.610
2021/07/27,Tue,130.230,129.670,130.380,129.530
2021/07/26,Mon,130.170,130.190,130.360,129.670
2021/07/25,Sun,,,,
2021/07/24,Sat,,,,
2021/07/23,Fri,129.660,130.110,130.200,129.560
2021/07/22,Thu,130.120,129.630,130.320,129.470
2021/07/21,Wed,129.430,130.030,130.200,129.130
2021/07/20,Tue,129.170,129.380,129.500,128.580
2021/07/19,Mon,130.000,129.120,130.030,128.880
2021/07/18,Sun,,,,
2021/07/17,Sat,,,,
2021/07/16,Fri,129.810,129.890,130.300,129.630
2021/07/15,Thu,130.210,129.770,130.260,129.600
2021/07/14,Wed,130.270,130.130,130.450,130.010
2021/07/13,Tue,130.930,130.240,131.120,130.200
2021/07/12,Mon,130.760,130.860,131.010,130.450
2021/07/11,Sun,,,,
2021/07/10,Sat,,,,
2021/07/09,Fri,130.050,130.770,130.890,129.930
2021/07/08,Thu,130.490,130.010,130.570,129.620
2021/07/07,Wed,130.820,130.430,131.050,130.410
2021/07/06,Tue,131.650,130.770,131.890,130.600
2021/07/05,Mon,131.720,131.610,131.880,131.530
2021/07/04,Sun,,,,
2021/07/03,Sat,,,,
2021/07/02,Fri,132.170,131.690,132.260,131.660
2021/07/01,Thu,131.740,132.120,132.450,131.550
2021/06/30,Wed,131.490,131.710,131.800,131.260
2021/06/29,Tue,131.940,131.440,132.020,131.250
2021/06/28,Mon,132.190,131.900,132.370,131.770
2021/06/27,Sun,,,,
2021/06/26,Sat,,,,
2021/06/25,Fri,132.300,132.180,132.490,132.120
2021/06/24,Thu,132.350,132.260,132.600,132.100
2021/06/23,Wed,132.110,132.300,132.720,132.010
2021/06/22,Tue,131.460,132.080,132.210,131.210
2021/06/21,Mon,130.860,131.410,131.510,130.030
2021/06/20,Sun,,,,
2021/06/19,Sat,,,,
2021/06/18,Fri,131.220,130.690,131.450,130.600
2021/06/17,Thu,132.780,131.190,132.910,131.010
2021/06/16,Wed,133.480,132.760,133.610,132.670
2021/06/15,Tue,133.390,133.450,133.700,133.260
2021/06/14,Mon,132.820,133.360,133.460,132.630
2021/06/13,Sun,,,,
2021/06/12,Sat,,,,
2021/06/11,Fri,133.060,132.740,133.460,132.640
2021/06/10,Thu,133.530,133.020,133.780,133.030
2021/06/09,Wed,133.300,133.480,133.650,133.190
2021/06/08,Tue,133.180,133.260,133.450,133.120
2021/06/07,Mon,133.240,133.150,133.410,132.880
2021/06/06,Sun,,,,
2021/06/05,Sat,,,,
2021/06/04,Fri,133.780,133.190,133.840,133.130
2021/06/03,Thu,133.770,133.700,133.940,133.620
2021/06/02,Wed,133.700,133.740,134.110,133.630
2021/06/01,Tue,133.950,133.650,134.160,133.690
2021/05/31,Mon,133.910,133.950,134.050,133.650
2021/05/30,Sun,,,,
2021/05/29,Sat,,,,
2021/05/28,Fri,133.900,133.950,134.030,133.600
2021/05/27,Thu,133.070,133.870,134.080,132.920
2021/05/26,Wed,133.260,133.040,133.440,132.980
2021/05/25,Tue,132.810,133.230,133.630,132.810
2021/05/24,Mon,132.670,132.790,133.070,132.500
2021/05/23,Sun,,,,
2021/05/22,Sat,,,,
2021/05/21,Fri,133.010,132.680,133.230,132.510
2021/05/20,Thu,132.940,132.960,133.120,132.700
2021/05/19,Wed,133.080,132.930,133.470,132.630
2021/05/18,Tue,132.720,133.050,133.200,132.680
2021/05/17,Mon,132.710,132.680,132.980,132.500
2021/05/16,Sun,,,,
2021/05/15,Sat,,,,
2021/05/14,Fri,132.230,132.740,132.870,132.170
2021/05/13,Thu,132.380,132.190,132.750,132.010
2021/05/12,Wed,131.950,132.360,132.470,131.550
2021/05/11,Tue,131.970,131.910,132.500,131.780
2021/05/10,Mon,132.040,131.940,132.560,131.950
2021/05/09,Sun,,,,
2021/05/08,Sat,,,,
2021/05/07,Fri,131.630,132.090,132.210,131.470
2021/05/06,Thu,131.090,131.580,131.870,131.030
2021/05/05,Wed,131.360,131.070,131.480,130.980
2021/05/04,Tue,131.590,131.340,131.670,131.130
2021/05/03,Mon,131.340,131.540,132.180,131.310
2021/05/02,Sun,,,,
2021/05/01,Sat,,,,
2021/04/30,Fri,132.010,131.320,132.200,131.350
2021/04/29,Thu,131.670,131.980,132.400,131.580
2021/04/28,Wed,131.430,131.640,131.820,131.340
2021/04/27,Tue,130.580,131.380,131.510,130.560
2021/04/26,Mon,130.660,130.550,130.780,130.200
2021/04/25,Sun,,,,
2021/04/24,Sat,,,,
2021/04/23,Fri,129.730,130.560,130.590,129.580
2021/04/22,Thu,130.070,129.710,130.490,129.660
2021/04/21,Wed,130.110,130.050,130.170,129.630
2021/04/20,Tue,130.190,130.050,131.010,129.980
2021/04/19,Mon,130.360,130.140,130.370,129.690
2021/04/18,Sun,,,,
2021/04/17,Sat,,,,
2021/04/16,Fri,130.170,130.340,130.560,129.960
2021/04/15,Thu,130.500,130.110,130.600,130.010
2021/04/14,Wed,130.310,130.450,130.610,130.030
2021/04/13,Tue,130.290,130.280,130.520,129.780
2021/04/12,Mon,130.540,130.250,130.640,129.870
2021/04/11,Sun,,,,
2021/04/10,Sat,,,,
2021/04/09,Fri,130.160,130.490,130.570,130.040
2021/04/08,Thu,130.370,130.130,130.500,129.560
2021/04/07,Wed,130.330,130.380,130.700,130.130
2021/04/06,Tue,130.170,130.320,130.590,129.800
2021/04/05,Mon,130.210,130.120,130.280,129.820
2021/04/04,Sun,,,,
2021/04/03,Sat,,,,
2021/04/02,Fri,130.270,130.180,130.350,130.020
2021/04/01,Thu,129.880,130.230,130.300,129.640
2021/03/31,Wed,129.310,129.830,130.070,129.250
2021/03/30,Tue,129.160,129.250,129.570,129.110
2021/03/29,Mon,129.310,129.120,129.450,128.820
2021/03/28,Sun,,,,
2021/03/27,Sat,,,,
2021/03/26,Fri,128.440,129.290,129.480,128.420
2021/03/25,Thu,128.450,128.430,128.970,128.380
2021/03/24,Wed,128.700,128.420,128.890,128.280
2021/03/23,Tue,129.910,128.630,129.940,128.590
2021/03/22,Mon,129.540,129.870,129.950,128.890
2021/03/21,Sun,,,,
2021/03/20,Sat,,,,
2021/03/19,Fri,129.750,129.590,130.010,129.310
2021/03/18,Thu,130.380,129.730,130.690,129.590
2021/03/17,Wed,129.730,130.360,130.470,129.680
2021/03/16,Tue,130.200,129.690,130.420,129.480
2021/03/15,Mon,130.360,130.160,130.510,129.970
2021/03/14,Sun,,,,
2021/03/13,Sat,,,,
2021/03/12,Fri,130.020,130.280,130.410,129.810
2021/03/11,Thu,129.280,130.010,130.070,129.230
2021/03/10,Wed,129.080,129.220,129.450,129.010
2021/03/09,Tue,129.000,129.050,129.570,128.920
2021/03/08,Mon,129.140,128.920,129.410,128.770
2021/03/07,Sun,,,,
2021/03/06,Sat,,,,
2021/03/05,Fri,129.230,129.110,129.600,128.850
2021/03/04,Thu,129.090,129.200,129.660,128.900
2021/03/03,Wed,129.000,129.050,129.480,128.730
2021/03/02,Tue,128.640,128.950,129.100,128.160
2021/03/01,Mon,128.730,128.600,128.960,128.200
2021/02/28,Sun,,,,
2021/02/27,Sat,,,,
2021/02/26,Fri,129.350,128.680,129.560,128.550
2021/02/25,Thu,128.800,129.320,130.000,128.750
2021/02/24,Wed,127.880,128.740,128.890,127.760
2021/02/23,Tue,127.730,127.860,128.080,127.640
2021/02/22,Mon,127.730,127.690,128.260,127.460
2021/02/21,Sun,,,,
2021/02/20,Sat,,,,
2021/02/19,Fri,127.790,127.750,128.200,127.640
2021/02/18,Thu,127.450,127.720,127.830,127.320
2021/02/17,Wed,128.390,127.420,128.470,127.290
2021/02/16,Tue,127.810,128.360,128.410,127.720
2021/02/15,Mon,127.250,127.780,127.980,127.190
2021/02/14,Sun,,,,
2021/02/13,Sat,,,,
2021/02/12,Fri,127.050,127.150,127.330,126.970
2021/02/11,Thu,126.750,127.020,127.190,126.690
2021/02/10,Wed,126.760,126.700,127.090,126.630
2021/02/09,Tue,126.780,126.710,126.890,126.420
2021/02/08,Mon,126.930,126.770,127.150,126.630
2021/02/07,Sun,,,,
2021/02/06,Sat,,,,
2021/02/05,Fri,126.240,126.870,127.020,126.150
2021/02/04,Thu,126.400,126.250,126.490,126.090
2021/02/03,Wed,126.440,126.360,126.550,126.120
2021/02/02,Tue,126.530,126.390,126.850,126.240
2021/02/01,Mon,127.080,126.510,127.240,126.500
2021/01/31,Sun,,,,
2021/01/30,Sat,,,,
2021/01/29,Fri,126.370,127.040,127.360,126.290
2021/01/28,Thu,126.070,126.310,126.690,125.970
2021/01/27,Wed,126.000,126.050,126.230,125.580
2021/01/26,Tue,125.930,125.960,126.180,125.680
2021/01/25,Mon,126.310,125.900,126.400,125.790
2021/01/24,Sun,,,,
2021/01/23,Sat,,,,
2021/01/22,Fri,125.900,126.260,126.440,125.840
2021/01/21,Thu,125.350,125.860,125.990,125.290
2021/01/20,Wed,126.020,125.300,126.200,125.250
2021/01/19,Tue,125.250,125.980,126.230,125.190
2021/01/18,Mon,125.550,125.220,125.560,125.070
2021/01/17,Sun,,,,
2021/01/16,Sat,,,,
2021/01/15,Fri,126.170,125.450,126.230,125.400
2021/01/14,Thu,126.310,126.170,126.550,125.920
2021/01/13,Wed,126.680,126.250,126.740,126.200
2021/01/12,Tue,126.690,126.630,126.890,126.530
2021/01/11,Mon,126.990,126.650,127.110,126.540
2021/01/10,Sun,,,,
2021/01/09,Sat,,,,
2021/01/08,Fri,127.410,126.980,127.480,126.800
2021/01/07,Thu,127.030,127.360,127.520,126.900
2021/01/06,Wed,126.300,127.000,127.260,126.130
2021/01/05,Tue,126.320,126.280,126.590,126.040
2021/01/04,Mon,126.240,126.280,126.820,126.090
2021/01/03,Sun,,,,
2021/01/02,Sat,,,,
2021/01/01,Fri,126.130,125.250,126.150,125.280
2020/12/31,Thu,126.890,126.090,127.000,126.070
2020/12/30,Wed,126.860,126.850,127.150,126.450
2020/12/29,Tue,126.810,126.830,127.200,126.650
2020/12/28,Mon,126.290,126.770,126.980,126.040
2020/12/27,Sun,,,,
2020/12/26,Sat,,,,
2020/12/25,Fri,126.310,126.290,126.440,125.870
2020/12/24,Thu,126.230,126.270,126.530,126.150
2020/12/23,Wed,126.060,126.180,126.420,125.920
2020/12/22,Tue,126.500,126.020,126.680,125.990
2020/12/21,Mon,126.470,126.450,126.630,125.900
2020/12/20,Sun,,,,
2020/12/19,Sat,,,,
2020/12/18,Fri,126.510,126.610,127.040,126.370
2020/12/17,Thu,126.250,126.460,126.540,126.000
2020/12/16,Wed,125.990,126.210,126.370,125.710
2020/12/15,Tue,126.360,125.960,126.610,125.930
2020/12/14,Mon,126.180,126.320,126.540,125.910
2020/12/13,Sun,,,,
2020/12/12,Sat,,,,
2020/12/11,Fri,126.500,125.970,126.640,125.780
2020/12/10,Thu,125.930,126.460,126.770,125.850
2020/12/09,Wed,126.070,125.890,126.550,125.770
2020/12/08,Tue,126.010,126.030,126.300,125.840
2020/12/07,Mon,126.290,125.970,126.510,125.950
2020/12/06,Sun,,,,
2020/12/05,Sat,,,,
2020/12/04,Fri,126.120,126.220,126.710,126.030
2020/12/03,Thu,126.500,126.070,126.680,126.020
2020/12/02,Wed,125.920,126.460,126.580,125.760
2020/12/01,Tue,124.450,125.890,125.990,124.380
2020/11/30,Mon,124.430,124.370,125.150,124.270
2020/11/29,Sun,,,,
2020/11/28,Sat,,,,
2020/11/27,Fri,124.200,124.520,124.580,123.880
2020/11/26,Thu,124.460,124.180,124.600,123.900
2020/11/25,Wed,124.190,124.430,124.540,124.130
2020/11/24,Tue,123.820,124.170,124.390,123.660
2020/11/23,Mon,123.140,123.780,123.850,122.960
2020/11/22,Sun,,,,
2020/11/21,Sat,,,,
2020/11/20,Fri,123.190,123.090,123.500,122.990
2020/11/19,Thu,123.060,123.150,123.350,122.830
2020/11/18,Wed,123.610,123.060,123.700,123.000
2020/11/17,Tue,123.970,123.560,124.040,123.510
2020/11/16,Mon,123.760,123.930,124.470,123.620
2020/11/15,Sun,,,,
2020/11/14,Sat,,,,
2020/11/13,Fri,124.120,123.790,124.340,123.650
2020/11/12,Thu,124.170,124.100,124.530,123.670
2020/11/11,Wed,124.370,124.150,124.700,123.910
2020/11/10,Tue,124.480,124.380,124.640,123.960
2020/11/09,Mon,122.780,124.440,125.170,122.680
2020/11/08,Sun,,,,
2020/11/07,Sat,,,,
2020/11/06,Fri,122.400,122.670,123.010,122.210
2020/11/05,Thu,122.590,122.400,123.200,122.190
2020/11/04,Wed,122.400,122.490,123.100,121.960
2020/11/03,Tue,121.890,122.330,122.790,121.810
2020/11/02,Mon,122.010,121.870,122.180,121.690
2020/11/01,Sun,,,,
2020/10/31,Sat,,,,
2020/10/30,Fri,122.160,121.870,122.480,121.600
2020/10/29,Thu,122.510,122.120,122.890,121.880
2020/10/28,Wed,123.180,122.520,123.230,122.170
2020/10/27,Tue,123.800,123.140,124.030,123.140
2020/10/26,Mon,124.210,123.770,124.240,123.770
2020/10/25,Sun,,,,
2020/10/24,Sat,,,,
2020/10/23,Fri,123.900,124.150,124.290,123.400
2020/10/22,Thu,124.040,123.870,124.110,123.650
2020/10/21,Wed,124.730,124.010,124.870,123.900
2020/10/20,Tue,124.070,124.690,125.030,124.010
2020/10/19,Mon,123.570,124.040,124.360,123.350
2020/10/18,Sun,,,,
2020/10/17,Sat,,,,
2020/10/16,Fri,123.470,123.510,123.740,123.100
2020/10/15,Thu,123.500,123.430,123.790,123.010
2020/10/14,Wed,123.920,123.510,123.980,123.450
2020/10/13,Tue,124.440,123.850,124.500,123.790
2020/10/12,Mon,124.900,124.390,125.170,124.270
2020/10/11,Sun,,,,
2020/10/10,Sat,,,,
2020/10/09,Fri,124.690,124.850,125.110,124.500
2020/10/08,Thu,124.640,124.650,124.900,124.350
2020/10/07,Wed,123.950,124.610,124.910,123.850
2020/10/06,Tue,124.590,123.910,124.750,123.840
2020/10/05,Mon,123.400,124.550,124.740,123.290
2020/10/04,Sun,,,,
2020/10/03,Sat,,,,
2020/10/02,Fri,123.980,123.350,124.050,123.010
2020/10/01,Thu,123.600,123.930,124.230,123.560
2020/09/30,Wed,124.070,123.520,124.270,123.520
2020/09/29,Tue,123.080,124.040,124.150,123.010
2020/09/28,Mon,122.920,123.040,123.230,122.370
2020/09/27,Sun,,,,
2020/09/26,Sat,,,,
2020/09/25,Fri,123.030,122.810,123.180,122.600
2020/09/24,Thu,122.890,123.020,123.190,122.570
2020/09/23,Wed,122.850,122.850,123.220,122.570
2020/09/22,Tue,123.180,122.820,123.310,122.640
2020/09/21,Mon,123.890,123.150,123.960,122.500
2020/09/20,Sun,,,,
2020/09/19,Sat,,,,
2020/09/18,Fri,124.100,123.760,124.320,123.420
2020/09/17,Thu,124.010,124.070,124.150,123.280
2020/09/16,Wed,124.910,123.980,125.040,123.820
2020/09/15,Tue,125.490,124.850,125.800,124.740
2020/09/14,Mon,125.800,125.470,125.930,125.270
2020/09/13,Sun,,,,
2020/09/12,Sat,,,,
2020/09/11,Fri,125.390,125.750,126.150,125.340
2020/09/10,Thu,125.350,125.370,126.480,125.280
2020/09/09,Wed,124.920,125.300,125.670,124.420
2020/09/08,Tue,125.570,124.840,125.680,124.690
2020/09/07,Mon,125.720,125.560,125.960,125.510
2020/09/06,Sun,,,,
2020/09/05,Sat,,,,
2020/09/04,Fri,125.840,125.740,126.010,125.290
2020/09/03,Thu,125.850,125.800,126.050,125.270
2020/09/02,Wed,126.230,125.860,126.340,125.530
2020/09/01,Tue,126.410,126.190,127.090,126.120
2020/08/31,Mon,125.360,126.390,126.870,125.360
2020/08/30,Sun,,,,
2020/08/29,Sat,,,,
2020/08/28,Fri,125.980,125.390,126.790,125.190
2020/08/27,Thu,125.400,125.950,126.120,125.120
2020/08/26,Wed,125.920,125.360,126.160,125.250
2020/08/25,Tue,124.930,125.880,126.060,124.910
2020/08/24,Mon,124.840,124.910,125.370,124.680
2020/08/23,Sun,,,,
2020/08/22,Sat,,,,
2020/08/21,Fri,125.470,124.770,125.570,124.430
2020/08/20,Thu,125.620,125.460,125.810,125.070
2020/08/19,Wed,125.790,125.580,126.090,125.360
2020/08/18,Tue,125.830,125.740,126.120,125.330
2020/08/17,Mon,126.240,125.800,126.480,125.660
2020/08/16,Sun,,,,
2020/08/15,Sat,,,,
2020/08/14,Fri,126.300,126.210,126.490,125.740
2020/08/13,Thu,125.950,126.290,126.770,125.890
2020/08/12,Wed,125.050,125.940,126.240,124.940
2020/08/11,Tue,124.370,125.000,125.520,124.320
2020/08/10,Mon,124.870,124.340,124.950,124.320
2020/08/09,Sun,,,,
2020/08/08,Sat,,,,
2020/08/07,Fri,125.360,124.830,125.420,124.450
2020/08/06,Thu,125.260,125.330,125.650,124.640
2020/08/05,Wed,124.780,125.220,125.540,124.620
2020/08/04,Tue,124.660,124.740,125.030,124.240
2020/08/03,Mon,124.780,124.600,125.080,124.000
2020/08/02,Sun,,,,
2020/08/01,Sat,,,,
2020/07/31,Fri,124.040,124.660,125.260,123.830
2020/07/30,Thu,123.720,124.050,124.220,123.320
2020/07/29,Wed,123.130,123.690,123.830,123.010
2020/07/28,Tue,123.850,123.090,124.010,123.000
2020/07/27,Mon,123.610,123.820,123.930,123.210
2020/07/26,Sun,,,,
2020/07/25,Sat,,,,
2020/07/24,Fri,123.930,123.660,123.990,122.820
2020/07/23,Thu,123.980,123.880,124.270,123.690
2020/07/22,Wed,123.100,123.940,124.300,123.040
2020/07/21,Tue,122.770,123.080,123.190,122.450
2020/07/20,Mon,122.150,122.730,123.000,122.120
2020/07/19,Sun,,,,
2020/07/18,Sat,,,,
2020/07/17,Fri,122.110,122.250,122.600,121.920
2020/07/16,Thu,122.030,122.090,122.540,121.810
2020/07/15,Wed,122.260,121.980,122.520,121.810
2020/07/14,Tue,121.700,122.200,122.360,121.460
2020/07/13,Mon,120.890,121.670,121.990,120.770
2020/07/12,Sun,,,,
2020/07/11,Sat,,,,
2020/07/10,Fri,120.980,120.760,121.090,120.260
2020/07/09,Thu,121.520,120.950,122.000,120.890
2020/07/08,Wed,121.210,121.500,121.910,121.130
2020/07/07,Tue,121.410,121.160,121.740,121.170
2020/07/06,Mon,120.940,121.390,122.000,120.850
2020/07/05,Sun,,,,
2020/07/04,Sat,,,,
2020/07/03,Fri,120.830,120.920,121.000,120.600
2020/07/02,Thu,120.930,120.800,121.460,120.740
2020/07/01,Wed,121.240,120.890,121.500,120.260
2020/06/30,Tue,120.930,121.200,121.470,120.570
2020/06/29,Mon,120.330,120.900,121.380,120.170
2020/06/28,Sun,,,,
2020/06/27,Sat,,,,
2020/06/26,Fri,120.280,120.260,120.410,119.790
2020/06/25,Thu,120.430,120.220,120.650,120.140
2020/06/24,Wed,120.460,120.410,120.770,120.040
2020/06/23,Tue,120.350,120.420,121.130,119.900
2020/06/22,Mon,119.640,120.310,120.460,119.290
2020/06/21,Sun,,,,
2020/06/20,Sat,,,,
2020/06/19,Fri,119.850,119.430,120.240,119.370
2020/06/18,Thu,120.320,119.820,120.560,119.580
2020/06/17,Wed,120.900,120.300,121.260,120.150
2020/06/16,Tue,121.540,120.860,122.140,120.470
2020/06/15,Mon,120.740,121.490,121.660,120.320
2020/06/14,Sun,,,,
2020/06/13,Sat,,,,
2020/06/12,Fri,120.740,120.800,121.830,120.250
2020/06/11,Thu,121.820,120.710,121.930,120.640
2020/06/10,Wed,122.190,121.750,122.400,121.570
2020/06/09,Tue,122.480,122.120,122.620,121.320
2020/06/08,Mon,123.720,122.430,124.140,122.210
2020/06/07,Sun,,,,
2020/06/06,Sat,,,,
2020/06/05,Fri,123.730,123.650,124.460,123.520
2020/06/04,Thu,122.340,123.710,123.990,121.840
2020/06/03,Wed,121.410,122.310,122.630,121.250
2020/06/02,Tue,119.800,121.360,121.650,119.610
2020/06/01,Mon,119.600,119.780,120.010,119.410
2020/05/31,Sun,,,,
2020/05/30,Sat,,,,
2020/05/29,Fri,119.250,119.640,119.930,118.860
2020/05/28,Thu,118.540,119.230,119.420,118.470
2020/05/27,Wed,118.120,118.510,118.930,117.690
2020/05/26,Tue,117.400,118.060,118.360,117.320
2020/05/25,Mon,117.310,117.370,117.580,117.070
2020/05/24,Sun,,,,
2020/05/23,Sat,,,,
2020/05/22,Fri,117.840,117.280,118.060,116.980
2020/05/21,Thu,118.020,117.820,118.540,117.720
2020/05/20,Wed,117.700,118.010,118.230,117.580
2020/05/19,Tue,117.130,117.600,118.250,117.020
2020/05/18,Mon,115.770,117.090,117.270,115.690
2020/05/17,Sun,,,,
2020/05/16,Sat,,,,
2020/05/15,Fri,115.890,115.740,116.240,115.470
2020/05/14,Thu,115.790,115.860,115.960,115.310
2020/05/13,Wed,116.230,115.750,116.430,115.680
2020/05/12,Tue,116.370,116.190,116.860,115.950
2020/05/11,Mon,115.600,116.340,116.540,115.350
2020/05/10,Sun,,,,
2020/05/09,Sat,,,,
2020/05/08,Fri,115.150,115.610,115.770,115.030
2020/05/07,Thu,114.540,115.110,115.160,114.440
2020/05/06,Wed,115.560,114.570,115.620,114.430
2020/05/05,Tue,116.430,115.490,116.590,115.400
2020/05/04,Mon,117.460,116.400,117.460,116.250
2020/05/03,Sun,,,,
2020/05/02,Sat,,,,
2020/05/01,Fri,117.430,117.370,117.780,117.000
2020/04/30,Thu,116.020,117.400,117.810,115.540
2020/04/29,Wed,115.640,116.010,116.100,115.440
2020/04/28,Tue,116.130,115.600,116.290,115.590
2020/04/27,Mon,116.250,116.100,116.540,116.040
2020/04/26,Sun,,,,
2020/04/25,Sat,,,,
2020/04/24,Fri,115.970,116.320,116.450,115.540
2020/04/23,Thu,116.630,115.930,116.860,115.640
2020/04/22,Wed,117.010,116.570,117.250,116.430
2020/04/21,Tue,116.900,116.980,117.190,116.210
2020/04/20,Mon,116.930,116.890,117.310,116.830
2020/04/19,Sun,,,,
2020/04/18,Sat,,,,
2020/04/17,Fri,116.970,116.880,117.430,116.600
2020/04/16,Thu,117.270,116.950,117.520,116.540
2020/04/15,Wed,117.730,117.220,117.820,116.780
2020/04/14,Tue,117.640,117.690,117.960,117.290
2020/04/13,Mon,118.650,117.590,118.780,117.290
2020/04/12,Sun,,,,
2020/04/11,Sat,,,,
2020/04/10,Fri,118.570,118.560,118.780,118.400
2020/04/09,Thu,118.150,118.510,119.040,118.070
2020/04/08,Wed,118.430,118.120,118.720,117.910
2020/04/07,Tue,117.890,118.390,119.070,117.500
2020/04/06,Mon,117.180,117.840,118.330,117.170
2020/04/05,Sun,,,,
2020/04/04,Sat,,,,
2020/04/03,Fri,117.180,117.210,117.410,116.720
2020/04/02,Thu,117.500,117.140,117.740,116.320
2020/04/01,Wed,118.630,117.460,118.910,116.940
2020/03/31,Tue,119.110,118.590,119.720,118.180
2020/03/30,Mon,120.270,119.110,120.290,118.780
2020/03/29,Sun,,,,
2020/03/28,Sat,,,,
2020/03/27,Fri,120.890,120.190,121.010,118.780
2020/03/26,Thu,121.010,120.840,121.100,119.950
2020/03/25,Wed,120.000,120.970,121.180,119.510
2020/03/24,Tue,119.260,119.960,120.560,118.810
2020/03/23,Mon,118.470,119.220,119.980,117.710
2020/03/22,Sun,,,,
2020/03/21,Sat,,,,
2020/03/20,Fri,118.370,118.490,119.350,117.840
2020/03/19,Thu,117.970,118.330,119.330,117.370
2020/03/18,Wed,118.420,117.930,118.560,116.850
2020/03/17,Tue,118.390,118.390,119.710,117.290
2020/03/16,Mon,119.840,118.350,119.940,117.130
2020/03/15,Sun,,,,
2020/03/14,Sat,,,,
2020/03/13,Fri,117.050,119.830,120.360,116.880
2020/03/12,Thu,117.840,117.010,118.350,116.270
2020/03/11,Wed,119.180,117.770,119.260,117.530
2020/03/10,Tue,117.160,119.140,119.510,116.790
2020/03/09,Mon,118.920,117.150,118.920,115.870
2020/03/08,Sun,,,,
2020/03/07,Sat,,,,
2020/03/06,Fri,119.340,118.830,119.470,118.680
2020/03/05,Thu,119.750,119.300,120.020,119.000
2020/03/04,Wed,119.690,119.710,120.150,119.030
2020/03/03,Tue,120.590,119.660,120.970,119.500
2020/03/02,Mon,118.930,120.560,120.770,118.070
2020/03/01,Sun,,,,
2020/02/29,Sat,,,,
2020/02/28,Fri,120.570,119.150,120.680,118.350
2020/02/27,Thu,120.190,120.520,121.060,119.950
2020/02/26,Wed,119.910,120.130,120.600,119.750
2020/02/25,Tue,120.170,119.880,120.550,119.400
2020/02/24,Mon,120.970,120.140,121.180,119.890
2020/02/23,Sun,,,,
2020/02/22,Sat,,,,
2020/02/21,Fri,120.930,120.980,121.370,120.350
2020/02/20,Thu,120.350,120.880,121.400,120.080
2020/02/19,Wed,118.570,120.300,120.510,118.540
2020/02/18,Tue,119.060,118.550,119.100,118.460
2020/02/17,Mon,118.910,119.040,119.220,118.790
2020/02/16,Sun,,,,
2020/02/15,Sat,,,,
2020/02/14,Fri,119.050,118.850,119.260,118.870
2020/02/13,Thu,119.710,119.030,119.750,118.870
2020/02/12,Wed,119.840,119.670,120.330,119.600
2020/02/11,Tue,119.780,119.800,120.050,119.580
2020/02/10,Mon,120.210,119.750,120.350,119.660
2020/02/09,Sun,,,,
2020/02/08,Sat,,,,
2020/02/07,Fri,120.810,120.070,120.830,120.070
2020/02/06,Thu,120.800,120.770,121.040,120.560
2020/02/05,Wed,120.960,120.750,121.170,120.640
2020/02/04,Tue,120.210,120.930,121.010,120.060
2020/02/03,Mon,120.260,120.170,120.400,119.890
2020/02/02,Sun,,,,
2020/02/01,Sat,,,,
2020/01/31,Fri,120.210,120.230,120.420,120.020
2020/01/30,Thu,120.020,120.170,120.260,119.780
2020/01/29,Wed,120.300,119.990,120.450,119.880
2020/01/28,Tue,119.990,120.260,120.350,119.790
2020/01/27,Mon,120.430,119.980,120.520,119.900
2020/01/26,Sun,,,,
2020/01/25,Sat,,,,
2020/01/24,Fri,121.040,120.450,121.280,120.410
2020/01/23,Thu,121.850,121.000,121.900,120.630
2020/01/22,Wed,121.780,121.810,122.030,121.600
2020/01/21,Tue,122.250,121.750,122.390,121.700
2020/01/20,Mon,122.190,122.230,122.340,122.020
2020/01/19,Sun,,,,
2020/01/18,Sat,,,,
2020/01/17,Fri,122.680,122.120,122.850,122.100
2020/01/16,Thu,122.550,122.640,122.890,122.490
2020/01/15,Wed,122.420,122.520,122.740,122.190
2020/01/14,Tue,122.420,122.390,122.780,122.170
2020/01/13,Mon,121.760,122.390,122.510,121.710
2020/01/12,Sun,,,,
2020/01/11,Sat,,,,
2020/01/10,Fri,121.630,121.720,121.850,121.510
2020/01/09,Thu,121.200,121.610,121.700,121.110
2020/01/08,Wed,120.910,121.170,121.400,120.160
2020/01/07,Tue,121.330,120.890,121.460,120.780
2020/01/06,Mon,120.700,121.330,121.420,120.260
2020/01/05,Sun,,,,
2020/01/04,Sat,,,,
2020/01/03,Fri,121.310,120.630,121.390,120.150
2020/01/02,Thu,121.880,121.270,122.030,120.970
2020/01/01,Wed,121.790,121.850,121.990,121.710
2019/12/31,Tue,121.920,121.750,122.080,121.670
2019/12/30,Mon,122.340,121.890,122.460,121.820
2019/12/29,Sun,,,,
2019/12/28,Sat,,,,
2019/12/27,Fri,121.630,122.270,122.460,121.480
2019/12/26,Thu,121.290,121.650,121.800,121.240
2019/12/25,Wed,121.310,121.260,121.940,121.080
2019/12/24,Tue,121.310,121.280,121.410,121.090
2019/12/23,Mon,121.270,121.260,121.380,121.080
2019/12/22,Sun,,,,
2019/12/21,Sat,,,,
2019/12/20,Fri,121.640,121.240,121.720,121.180
2019/12/19,Thu,121.730,121.620,122.070,121.410
2019/12/18,Wed,122.070,121.700,122.190,121.710
2019/12/17,Tue,122.020,122.050,122.490,121.910
2019/12/16,Mon,121.700,121.990,122.250,121.600
2019/12/15,Sun,,,,
2019/12/14,Sat,,,,
2019/12/13,Fri,121.660,121.600,122.670,121.460
2019/12/12,Thu,120.830,121.620,121.750,120.750
2019/12/11,Wed,120.580,120.780,120.940,120.360
2019/12/10,Tue,120.110,120.570,120.710,120.090
2019/12/09,Mon,120.040,120.080,120.290,119.980
2019/12/08,Sun,,,,
2019/12/07,Sat,,,,
2019/12/06,Fri,120.760,120.070,120.810,119.990
2019/12/05,Thu,120.600,120.760,120.910,120.540
2019/12/04,Wed,120.400,120.560,120.830,120.090
2019/12/03,Tue,120.760,120.360,120.980,120.240
2019/12/02,Mon,120.620,120.720,121.070,120.510
2019/12/01,Sun,,,,
2019/11/30,Sat,,,,
2019/11/29,Fri,120.560,120.630,120.780,120.400
2019/11/28,Thu,120.490,120.530,120.610,120.310
2019/11/27,Wed,120.170,120.480,120.620,120.050
2019/11/26,Tue,119.960,120.130,120.260,119.910
2019/11/25,Mon,119.750,119.930,120.140,119.680
2019/11/24,Sun,,,,
2019/11/23,Sat,,,,
2019/11/22,Fri,120.150,119.740,120.500,119.660
2019/11/21,Thu,120.270,120.110,120.600,119.940
2019/11/20,Wed,120.250,120.240,120.420,119.830
2019/11/19,Tue,120.330,120.230,120.510,120.000
2019/11/18,Mon,120.220,120.290,120.700,120.090
2019/11/17,Sun,,,,
2019/11/16,Sat,,,,
2019/11/15,Fri,119.520,120.160,120.340,119.430
2019/11/14,Thu,119.770,119.480,119.830,119.240
2019/11/13,Wed,120.020,119.760,120.200,119.570
2019/11/12,Tue,120.330,119.980,120.660,119.930
2019/11/11,Mon,120.390,120.290,120.440,120.060
2019/11/10,Sun,,,,
2019/11/09,Sat,,,,
2019/11/08,Fri,120.760,120.380,120.890,120.200
2019/11/07,Thu,120.600,120.720,121.130,120.130
2019/11/06,Wed,120.890,120.560,120.940,120.460
2019/11/05,Tue,120.820,120.870,121.320,120.650
2019/11/04,Mon,120.750,120.780,121.120,120.750
2019/11/03,Sun,,,,
2019/11/02,Sat,,,,
2019/11/01,Fri,120.480,120.770,120.950,120.290
2019/10/31,Thu,121.370,120.440,121.510,120.270
2019/10/30,Wed,120.990,121.320,121.420,120.860
2019/10/29,Tue,120.940,120.950,121.090,120.570
2019/10/28,Mon,120.410,120.900,121.010,120.400
2019/10/27,Sun,,,,
2019/10/26,Sat,,,,
2019/10/25,Fri,120.610,120.350,120.820,120.350
2019/10/24,Thu,120.990,120.600,121.410,120.420
2019/10/23,Wed,120.690,120.950,121.070,120.380
2019/10/22,Tue,121.100,120.660,121.310,120.570
2019/10/21,Mon,120.850,121.060,121.490,120.770
2019/10/20,Sun,,,,
2019/10/19,Sat,,,,
2019/10/18,Fri,120.880,121.090,121.160,120.650
2019/10/17,Thu,120.430,120.840,121.370,120.320
2019/10/16,Wed,120.100,120.390,120.490,119.730
2019/10/15,Tue,119.550,120.060,120.240,119.120
2019/10/14,Mon,119.740,119.530,119.760,119.190
2019/10/13,Sun,,,,
2019/10/12,Sat,,,,
2019/10/11,Fri,118.850,119.670,120.030,118.710
2019/10/10,Thu,117.910,118.800,118.970,117.560
2019/10/09,Wed,117.320,117.870,118.100,117.200
2019/10/08,Tue,117.720,117.280,117.990,117.120
2019/10/07,Mon,117.400,117.690,117.920,117.030
2019/10/06,Sun,,,,
2019/10/05,Sat,,,,
2019/10/04,Fri,117.250,117.370,117.520,117.070
2019/10/03,Thu,117.460,117.210,117.670,117.070
2019/10/02,Wed,117.780,117.440,118.020,117.320
2019/10/01,Tue,117.810,117.760,118.190,117.660
2019/09/30,Mon,118.080,117.790,118.240,117.540
2019/09/29,Sun,,,,
2019/09/28,Sat,,,,
2019/09/27,Fri,117.770,118.040,118.500,117.450
2019/09/26,Thu,117.940,117.750,118.070,117.510
2019/09/25,Wed,117.990,117.900,118.220,117.780
2019/09/24,Tue,118.240,117.950,118.570,117.880
2019/09/23,Mon,118.500,118.190,118.810,117.740
2019/09/22,Sun,,,,
2019/09/21,Sat,,,,
2019/09/20,Fri,119.270,118.490,119.390,118.440
2019/09/19,Thu,119.630,119.230,119.680,118.950
2019/09/18,Wed,119.740,119.600,119.840,119.400
2019/09/17,Tue,118.950,119.700,119.790,118.860
2019/09/16,Mon,119.240,118.930,119.530,118.680
2019/09/15,Sun,,,,
2019/09/14,Sat,,,,
2019/09/13,Fri,119.590,119.670,120.010,119.520
2019/09/12,Thu,118.730,119.560,119.820,117.540
2019/09/11,Wed,118.770,118.690,119.180,118.290
2019/09/10,Tue,118.480,118.750,118.800,118.270
2019/09/09,Mon,117.880,118.450,118.530,117.690
2019/09/08,Sun,,,,
2019/09/07,Sat,,,,
2019/09/06,Fri,118.000,117.880,118.290,117.790
2019/09/05,Thu,117.400,117.990,118.630,117.260
2019/09/04,Wed,116.260,117.380,117.450,116.120
2019/09/03,Tue,116.500,116.220,116.600,115.850
2019/09/02,Mon,116.820,116.470,116.860,116.330
2019/09/01,Sun,,,,
2019/08/31,Sat,,,,
2019/08/30,Fri,117.760,116.800,117.840,116.620
2019/08/29,Thu,117.560,117.740,117.950,117.270
2019/08/28,Wed,117.270,117.540,117.690,117.090
2019/08/27,Tue,117.840,117.240,117.870,117.200
2019/08/26,Mon,117.480,117.790,118.210,116.540
2019/08/25,Sun,,,,
2019/08/24,Sat,,,,
2019/08/23,Fri,117.930,117.450,118.170,117.260
2019/08/22,Thu,118.200,117.890,118.330,117.720
2019/08/21,Wed,117.920,118.160,118.350,117.890
2019/08/20,Tue,118.140,117.890,118.280,117.570
2019/08/19,Mon,117.990,118.090,118.490,117.850
2019/08/18,Sun,,,,
2019/08/17,Sat,,,,
2019/08/16,Fri,117.880,117.940,118.180,117.570
2019/08/15,Thu,117.970,117.840,118.990,117.620
2019/08/14,Wed,119.230,117.940,119.300,117.770
2019/08/13,Tue,118.090,119.210,119.600,117.680
2019/08/12,Mon,118.400,118.040,118.440,117.510
2019/08/11,Sun,,,,
2019/08/10,Sat,,,,
2019/08/09,Fri,118.600,118.320,118.740,118.060
2019/08/08,Thu,119.020,118.550,119.230,118.470
2019/08/07,Wed,119.240,118.980,119.310,118.410
2019/08/06,Tue,118.700,119.230,119.890,118.350
2019/08/05,Mon,118.400,118.670,118.950,117.670
2019/08/04,Sun,,,,
2019/08/03,Sat,,,,
2019/08/02,Fri,118.990,118.380,119.150,118.240
2019/08/01,Thu,120.450,118.950,120.730,118.910
2019/07/31,Wed,121.150,120.420,121.210,120.320
2019/07/30,Tue,121.230,121.110,121.400,120.870
2019/07/29,Mon,120.940,121.210,121.320,120.730
2019/07/28,Sun,,,,
2019/07/27,Sat,,,,
2019/07/26,Fri,121.100,120.880,121.220,120.780
2019/07/25,Thu,120.530,121.070,121.400,120.030
2019/07/24,Wed,120.700,120.490,120.730,120.190
2019/07/23,Tue,120.930,120.680,121.110,120.480
2019/07/22,Mon,120.810,120.890,121.190,120.790
2019/07/21,Sun,,,,
2019/07/20,Sat,,,,
2019/07/19,Fri,121.000,120.840,121.310,120.800
2019/07/18,Thu,121.160,120.960,121.250,120.780
2019/07/17,Wed,121.350,121.140,121.510,121.150
2019/07/16,Tue,121.490,121.300,121.700,121.080
2019/07/15,Mon,121.590,121.460,121.860,121.410
2019/07/14,Sun,,,,
2019/07/13,Sat,,,,
2019/07/12,Fri,122.100,121.580,122.250,121.490
2019/07/11,Thu,122.040,122.070,122.160,121.600
2019/07/10,Wed,122.010,122.010,122.340,121.960
2019/07/09,Tue,121.930,121.970,122.140,121.830
2019/07/08,Mon,121.700,121.890,121.990,121.500
2019/07/07,Sun,,,,
2019/07/06,Sat,,,,
2019/07/05,Fri,121.670,121.710,122.060,121.600
2019/07/04,Thu,121.600,121.630,121.740,121.520
2019/07/03,Wed,121.760,121.590,121.850,121.310
2019/07/02,Tue,122.390,121.720,122.540,121.720
2019/07/01,Mon,122.710,122.360,123.370,122.350
2019/06/30,Sun,,,,
2019/06/29,Sat,,,,
2019/06/28,Fri,122.550,122.640,122.800,122.270
2019/06/27,Thu,122.540,122.540,122.910,122.400
2019/06/26,Wed,121.840,122.510,122.650,121.760
2019/06/25,Tue,122.310,121.790,122.490,121.640
2019/06/24,Mon,122.010,122.280,122.420,121.980
2019/06/23,Sun,,,,
2019/06/22,Sat,,,,
2019/06/21,Fri,121.170,121.960,122.140,120.940
2019/06/20,Thu,121.360,121.140,121.940,121.080
2019/06/19,Wed,121.380,121.320,121.710,121.160
2019/06/18,Tue,121.780,121.360,121.890,121.050
2019/06/17,Mon,121.770,121.760,122.200,121.500
2019/06/16,Sun,,,,
2019/06/15,Sat,,,,
2019/06/14,Fri,122.290,121.650,122.350,121.570
2019/06/13,Thu,122.500,122.190,122.580,122.130
2019/06/12,Wed,122.910,122.450,123.070,122.410
2019/06/11,Tue,122.670,122.920,123.180,122.610
2019/06/10,Mon,122.530,122.660,123.030,122.440
2019/06/09,Sun,,,,
2019/06/08,Sat,,,,
2019/06/07,Fri,122.250,122.580,122.740,122.090
2019/06/06,Thu,121.800,122.210,122.420,121.280
2019/06/05,Wed,121.680,121.670,122.280,121.540
2019/06/04,Tue,121.490,121.670,121.810,121.290
2019/06/03,Mon,121.190,121.460,121.680,120.770
2019/06/02,Sun,,,,
2019/06/01,Sat,,,,
2019/05/31,Fri,122.050,121.050,122.130,120.910
2019/05/30,Thu,121.990,121.980,122.320,121.900
2019/05/29,Wed,122.070,121.960,122.230,121.580
2019/05/28,Tue,122.640,122.050,122.730,122.000
2019/05/27,Mon,122.410,122.600,122.830,122.310
2019/05/26,Sun,,,,
2019/05/25,Sat,,,,
2019/05/24,Fri,122.550,122.430,122.850,122.410
2019/05/23,Thu,123.060,122.520,123.140,122.120
2019/05/22,Wed,123.400,123.050,123.540,122.960
2019/05/21,Tue,122.950,123.280,123.780,122.660
2019/05/20,Mon,122.570,122.900,123.210,122.520
2019/05/19,Sun,,,,
2019/05/18,Sat,,,,
2019/05/17,Fri,122.760,122.830,123.010,122.270
2019/05/16,Thu,122.770,122.710,123.000,122.530
2019/05/15,Wed,122.900,122.730,123.120,122.070
2019/05/14,Tue,122.690,122.850,123.410,122.570
2019/05/13,Mon,123.420,122.670,123.520,122.540
2019/05/12,Sun,,,,
2019/05/11,Sat,,,,
2019/05/10,Fri,123.100,123.500,123.660,123.030
2019/05/09,Thu,123.230,123.100,123.350,122.480
2019/05/08,Wed,123.390,123.210,123.540,123.100
2019/05/07,Tue,124.060,123.360,124.280,123.100
2019/05/06,Mon,123.860,124.020,124.340,123.350
2019/05/05,Sun,,,,
2019/05/04,Sat,,,,
2019/05/03,Fri,124.660,124.420,124.730,124.260
2019/05/02,Thu,124.780,124.610,125.130,124.510
2019/05/01,Wed,124.990,124.670,125.200,124.660
2019/04/30,Tue,124.890,124.960,125.070,124.410
2019/04/29,Mon,124.430,124.850,125.070,124.300
2019/04/28,Sun,,,,
2019/04/27,Sat,,,,
2019/04/26,Fri,124.270,124.390,124.650,123.990
2019/04/25,Thu,125.210,124.230,125.230,124.100
2019/04/24,Wed,125.590,125.090,125.680,124.790
2019/04/23,Tue,126.050,125.560,126.100,125.270
2019/04/22,Mon,125.850,125.990,126.100,125.740
2019/04/21,Sun,,,,
2019/04/20,Sat,,,,
2019/04/19,Fri,125.870,125.850,125.970,125.700
2019/04/18,Thu,126.600,125.720,126.710,125.660
2019/04/17,Wed,126.350,126.550,126.880,126.310
2019/04/16,Tue,126.640,126.320,126.780,126.190
2019/04/15,Mon,126.570,126.670,126.810,126.470
2019/04/14,Sun,,,,
2019/04/13,Sat,,,,
2019/04/12,Fri,125.660,126.580,126.800,125.620
2019/04/11,Thu,125.150,125.610,125.760,125.030
2019/04/10,Wed,125.180,125.130,125.480,124.770
2019/04/09,Tue,125.670,125.150,125.710,125.120
2019/04/08,Mon,125.320,125.500,125.690,124.980
2019/04/07,Sun,,,,
2019/04/06,Sat,,,,
2019/04/05,Fri,125.330,125.290,125.550,125.210
2019/04/04,Thu,125.250,125.270,125.420,124.950
2019/04/03,Wed,124.730,125.230,125.490,124.600
2019/04/02,Tue,124.900,124.700,124.960,124.460
2019/04/01,Mon,124.330,124.830,124.980,124.250
2019/03/31,Sun,,,,
2019/03/30,Sat,,,,
2019/03/29,Fri,124.160,124.330,124.680,124.120
2019/03/28,Thu,124.260,124.190,124.460,123.640
2019/03/27,Wed,124.640,124.220,124.760,124.030
2019/03/26,Tue,124.400,124.600,125.050,124.350
2019/03/25,Mon,124.390,124.360,124.840,123.880
2019/03/24,Sun,,,,
2019/03/23,Sat,,,,
2019/03/22,Fri,126.050,124.340,126.230,123.820
2019/03/21,Thu,126.350,126.000,126.630,125.680
2019/03/20,Wed,126.430,126.300,126.930,126.310
2019/03/19,Tue,126.330,126.390,126.630,126.070
2019/03/18,Mon,126.210,126.310,126.740,126.120
2019/03/17,Sun,,,,
2019/03/16,Sat,,,,
2019/03/15,Fri,126.290,126.220,126.600,126.100
2019/03/14,Thu,125.920,126.240,126.590,125.900
2019/03/13,Wed,125.710,125.880,126.070,125.440
2019/03/12,Tue,125.100,125.670,125.850,125.010
2019/03/11,Mon,124.890,125.070,125.240,124.470
2019/03/10,Sun,,,,
2019/03/09,Sat,,,,
2019/03/08,Fri,124.920,124.910,125.060,124.260
2019/03/07,Thu,126.370,124.880,126.480,124.660
2019/03/06,Wed,126.520,126.330,126.650,126.170
2019/03/05,Tue,126.710,126.500,126.990,126.340
2019/03/04,Mon,127.300,126.680,127.470,126.430
2019/03/03,Sun,,,,
2019/03/02,Sat,,,,
2019/03/01,Fri,126.670,127.280,127.620,126.540
2019/02/28,Thu,126.200,126.630,126.940,125.880
2019/02/27,Wed,125.980,126.170,126.380,125.510
2019/02/26,Tue,126.250,125.990,126.300,125.700
2019/02/25,Mon,125.500,126.140,126.330,125.320
2019/02/24,Sun,,,,
2019/02/23,Sat,,,,
2019/02/22,Fri,125.500,125.520,125.810,125.350
2019/02/21,Thu,125.680,125.470,125.890,125.290
2019/02/20,Wed,125.470,125.640,125.960,125.320
2019/02/19,Tue,125.110,125.430,125.590,124.730
2019/02/18,Mon,124.710,125.070,125.310,124.610
2019/02/17,Sun,,,,
2019/02/16,Sat,,,,
2019/02/15,Fri,124.800,124.720,124.980,124.220
2019/02/14,Thu,125.010,124.760,125.480,124.730
2019/02/13,Wed,125.140,124.970,125.560,124.970
2019/02/12,Tue,124.510,125.110,125.310,124.410
2019/02/11,Mon,124.290,124.430,124.910,124.180
2019/02/10,Sun,,,,
2019/02/09,Sat,,,,
2019/02/08,Fri,124.610,124.290,124.730,124.140
2019/02/07,Thu,124.950,124.560,125.130,124.320
2019/02/06,Wed,125.520,124.910,125.570,124.790
2019/02/05,Tue,125.710,125.490,125.910,125.260
2019/02/04,Mon,125.430,125.670,125.990,125.310
2019/02/03,Sun,,,,
2019/02/02,Sat,,,,
2019/02/01,Fri,124.640,125.400,125.760,124.350
2019/01/31,Thu,125.170,124.610,125.320,124.470
2019/01/30,Wed,125.060,125.120,125.500,124.860
2019/01/29,Tue,124.990,125.020,125.280,124.640
2019/01/28,Mon,124.960,124.920,125.080,124.590
2019/01/27,Sun,,,,
2019/01/26,Sat,,,,
2019/01/25,Fri,123.970,124.930,125.350,123.760
2019/01/24,Thu,124.740,123.940,124.930,123.780
2019/01/23,Wed,124.250,124.710,124.970,124.190
2019/01/22,Tue,124.650,124.210,124.850,124.020
2019/01/21,Mon,124.770,124.620,125.180,124.500
2019/01/20,Sun,,,,
2019/01/19,Sat,,,,
2019/01/18,Fri,124.510,124.700,125.010,124.210
2019/01/17,Thu,124.310,124.450,124.720,123.730
2019/01/16,Wed,124.050,124.320,124.440,123.520
2019/01/15,Tue,124.080,123.990,124.890,123.380
2019/01/14,Mon,124.530,124.100,124.530,123.750
2019/01/13,Sun,,,,
2019/01/12,Sat,,,,
2019/01/11,Fri,124.680,124.460,125.020,124.210
2019/01/10,Thu,124.850,124.660,125.080,124.340
2019/01/09,Wed,124.430,124.820,125.110,124.360
2019/01/08,Tue,124.770,124.390,124.880,124.110
2019/01/07,Mon,123.680,124.720,124.830,123.410
2019/01/06,Sun,,,,
2019/01/05,Sat,,,,
2019/01/04,Fri,122.660,123.640,123.890,122.570
2019/01/03,Thu,123.520,122.630,123.610,118.930
2019/01/02,Wed,125.800,123.480,125.850,123.480
2019/01/01,Tue,125.640,125.750,126.630,125.280
2018/12/31,Mon,126.190,125.650,126.490,125.350
2018/12/30,Sun,,,,
2018/12/29,Sat,,,,
2018/12/28,Fri,126.890,126.160,126.980,126.050
2018/12/27,Thu,126.430,126.850,127.070,125.920
2018/12/26,Wed,125.310,126.390,126.470,125.130
2018/12/25,Tue,125.910,125.280,126.050,125.230
2018/12/24,Mon,126.510,125.880,126.790,125.780
2018/12/23,Sun,,,,
2018/12/22,Sat,,,,
2018/12/21,Fri,127.380,126.470,127.720,126.350
2018/12/20,Thu,127.970,127.350,128.390,127.180
2018/12/19,Wed,127.850,127.930,128.410,127.530
2018/12/18,Tue,128.040,127.820,128.130,127.620
2018/12/17,Mon,128.260,128.010,128.610,127.850
2018/12/16,Sun,,,,
2018/12/15,Sat,,,,
2018/12/14,Fri,129.110,128.200,129.260,127.970
2018/12/13,Thu,128.790,129.080,129.280,128.690
2018/12/12,Wed,128.320,128.770,128.910,128.260
2018/12/11,Tue,128.700,128.290,129.000,128.140
2018/12/10,Mon,128.240,128.690,128.960,128.100
2018/12/09,Sun,,,,
2018/12/08,Sat,,,,
2018/12/07,Fri,128.190,128.230,128.690,128.110
2018/12/06,Thu,128.420,128.140,128.490,127.650
2018/12/05,Wed,127.930,128.400,128.510,127.770
2018/12/04,Tue,129.060,127.930,129.090,127.590
2018/12/03,Mon,128.420,129.020,129.400,128.390
2018/12/02,Sun,,,,
2018/12/01,Sat,,,,
2018/11/30,Fri,129.290,128.380,129.360,128.400
2018/11/29,Thu,129.220,129.270,129.340,128.660
2018/11/28,Wed,128.480,129.210,129.280,128.230
2018/11/27,Tue,128.680,128.420,128.860,128.340
2018/11/26,Mon,128.120,128.650,128.930,127.920
2018/11/25,Sun,,,,
2018/11/24,Sat,,,,
2018/11/23,Fri,128.850,128.070,128.950,127.810
2018/11/22,Thu,128.700,128.820,129.120,128.620
2018/11/21,Wed,128.230,128.670,129.080,128.070
2018/11/20,Tue,128.910,128.200,129.030,127.940
2018/11/19,Mon,128.860,128.870,129.090,128.450
2018/11/18,Sun,,,,
2018/11/17,Sat,,,,
2018/11/16,Fri,128.740,128.820,128.940,128.110
2018/11/15,Thu,128.500,128.690,129.080,127.750
2018/11/14,Wed,128.510,128.470,129.260,128.120
2018/11/13,Tue,127.700,128.480,128.790,127.490
2018/11/12,Mon,128.980,127.670,129.200,127.610
2018/11/11,Sun,,,,
2018/11/10,Sat,,,,
2018/11/09,Fri,129.610,129.000,129.680,128.720
2018/11/08,Thu,129.710,129.610,130.150,129.390
2018/11/07,Wed,129.630,129.670,130.170,129.370
2018/11/06,Tue,129.120,129.580,129.670,128.840
2018/11/05,Mon,128.940,129.090,129.350,128.640
2018/11/04,Sun,,,,
2018/11/03,Sat,,,,
2018/11/02,Fri,128.570,128.860,129.340,128.350
2018/11/01,Thu,127.750,128.550,128.790,127.600
2018/10/31,Wed,128.350,127.720,128.570,127.630
2018/10/30,Tue,127.800,128.280,128.460,127.710
2018/10/29,Mon,127.660,127.780,128.260,127.230
2018/10/28,Sun,,,,
2018/10/27,Sat,,,,
2018/10/26,Fri,127.880,127.590,127.950,126.620
2018/10/25,Thu,127.890,127.840,128.450,127.470
2018/10/24,Wed,129.000,127.850,129.240,127.750
2018/10/23,Tue,129.350,128.970,129.420,128.200
2018/10/22,Mon,129.510,129.300,130.220,129.180
2018/10/21,Sun,,,,
2018/10/20,Sat,,,,
2018/10/19,Fri,128.490,129.570,129.710,128.390
2018/10/18,Thu,129.550,128.470,129.760,128.300
2018/10/17,Wed,129.930,129.520,130.180,129.150
2018/10/16,Tue,129.440,129.910,130.320,129.400
2018/10/15,Mon,129.670,129.380,129.820,129.120
2018/10/14,Sun,,,,
2018/10/13,Sat,,,,
2018/10/12,Fri,130.050,129.710,130.520,129.340
2018/10/11,Thu,129.340,130.030,130.230,129.180
2018/10/10,Wed,129.800,129.310,130.510,129.280
2018/10/09,Tue,130.130,129.760,130.250,129.310
2018/10/08,Mon,131.010,130.100,131.270,129.500
2018/10/07,Sun,,,,
2018/10/06,Sat,,,,
2018/10/05,Fri,131.170,131.020,131.420,130.580
2018/10/04,Thu,131.460,131.160,131.600,130.740
2018/10/03,Wed,131.250,131.430,131.990,130.950
2018/10/02,Tue,131.900,131.230,132.020,130.700
2018/10/01,Mon,131.970,131.860,132.490,131.730
2018/09/30,Sun,,,,
2018/09/29,Sat,,,,
2018/09/28,Fri,131.980,131.960,132.330,131.150
2018/09/27,Thu,132.350,131.950,132.700,131.560
2018/09/26,Wed,133.000,132.310,133.130,132.200
2018/09/25,Tue,132.520,132.980,133.140,132.360
2018/09/24,Mon,132.270,132.480,133.090,131.890
2018/09/23,Sun,,,,
2018/09/22,Sat,,,,
2018/09/21,Fri,132.490,132.250,133.140,132.140
2018/09/20,Thu,131.060,132.450,132.530,130.870
2018/09/19,Wed,131.090,131.040,131.710,130.770
2018/09/18,Tue,130.680,131.060,131.530,130.280
2018/09/17,Mon,130.250,130.650,131.060,130.080
2018/09/16,Sun,,,,
2018/09/15,Sat,,,,
2018/09/14,Fri,130.840,130.280,131.130,130.140
2018/09/13,Thu,129.360,130.810,130.960,129.230
2018/09/12,Wed,129.540,129.320,129.840,128.910
2018/09/11,Tue,128.840,129.540,129.840,128.760
2018/09/10,Mon,128.260,128.800,129.090,127.850
2018/09/09,Sun,,,,
2018/09/08,Sat,,,,
2018/09/07,Fri,128.740,128.270,129.130,128.000
2018/09/06,Thu,129.700,128.690,129.850,128.480
2018/09/05,Wed,129.090,129.690,129.990,128.590
2018/09/04,Tue,129.120,129.060,129.230,128.300
2018/09/03,Mon,128.820,129.100,129.170,128.560
2018/09/02,Sun,,,,
2018/09/01,Sat,,,,
2018/08/31,Fri,129.530,128.820,129.870,128.540
2018/08/30,Thu,130.740,129.500,130.880,129.390
2018/08/29,Wed,130.040,130.700,130.880,129.550
2018/08/28,Tue,129.730,130.000,130.300,129.620
2018/08/27,Mon,129.390,129.710,129.860,128.790
2018/08/26,Sun,,,,
2018/08/25,Sat,,,,
2018/08/24,Fri,128.420,129.250,129.450,128.320
2018/08/23,Thu,128.200,128.410,128.790,127.910
2018/08/22,Wed,127.630,128.180,128.310,127.310
2018/08/21,Tue,126.380,127.590,128.070,126.250
2018/08/20,Mon,126.460,126.350,126.550,126.070
2018/08/19,Sun,,,,
2018/08/18,Sat,,,,
2018/08/17,Fri,126.160,126.360,126.620,125.560
2018/08/16,Thu,125.640,126.130,126.510,125.270
2018/08/15,Wed,126.090,125.600,126.390,124.880
2018/08/14,Tue,126.350,126.050,127.020,125.790
2018/08/13,Mon,126.350,126.300,126.810,125.130
2018/08/12,Sun,,,,
2018/08/11,Sat,,,,
2018/08/10,Fri,128.060,126.560,128.130,125.980
2018/08/09,Thu,128.870,128.020,129.040,128.020
2018/08/08,Wed,129.190,128.840,129.480,128.530
2018/08/07,Tue,128.710,129.160,129.260,128.570
2018/08/06,Mon,128.750,128.700,128.900,128.490
2018/08/05,Sun,,,,
2018/08/04,Sat,,,,
2018/08/03,Fri,129.340,128.680,129.550,128.620
2018/08/02,Thu,130.270,129.310,130.340,129.250
2018/08/01,Wed,130.800,130.230,131.130,130.010
2018/07/31,Tue,130.030,130.780,131.170,129.720
2018/07/30,Mon,129.460,129.980,130.100,129.280
2018/07/29,Sun,,,,
2018/07/28,Sat,,,,
2018/07/27,Fri,129.500,129.430,129.570,129.100
2018/07/26,Thu,130.160,129.470,130.320,129.430
2018/07/25,Wed,129.950,130.150,130.290,129.390
2018/07/24,Tue,130.180,129.910,130.390,129.730
2018/07/23,Mon,130.660,130.140,130.880,129.850
2018/07/22,Sun,,,,
2018/07/21,Sat,,,,
2018/07/20,Fri,130.940,130.530,131.230,130.530
2018/07/19,Thu,131.340,130.900,131.530,130.700
2018/07/18,Wed,131.640,131.320,131.790,130.860
2018/07/17,Tue,131.510,131.600,132.010,131.420
2018/07/16,Mon,131.140,131.470,131.730,131.080
2018/07/15,Sun,,,,
2018/07/14,Sat,,,,
2018/07/13,Fri,131.400,131.290,131.550,130.770
2018/07/12,Thu,130.770,131.360,131.500,130.640
2018/07/11,Wed,130.350,130.730,130.980,129.890
2018/07/10,Tue,130.260,130.310,130.760,130.070
2018/07/09,Mon,129.800,130.230,130.280,129.540
2018/07/08,Sun,,,,
2018/07/07,Sat,,,,
2018/07/06,Fri,129.320,129.720,130.010,129.210
2018/07/05,Thu,128.770,129.290,129.660,128.560
2018/07/04,Wed,128.920,128.730,129.060,128.470
2018/07/03,Tue,129.080,128.880,129.570,128.700
2018/07/02,Mon,128.980,129.060,129.530,128.390
2018/07/01,Sun,,,,
2018/06/30,Sat,,,,
2018/06/29,Fri,127.820,129.280,129.500,127.660
2018/06/28,Thu,127.400,127.790,127.950,127.130
2018/06/27,Wed,128.190,127.360,128.370,127.240
2018/06/26,Tue,128.480,128.160,128.530,127.790
2018/06/25,Mon,128.240,128.440,128.850,127.260
2018/06/24,Sun,,,,
2018/06/23,Sat,,,,
2018/06/22,Fri,127.630,128.160,128.620,127.490
2018/06/21,Thu,127.710,127.590,128.060,126.990
2018/06/20,Wed,127.550,127.670,127.950,127.090
2018/06/19,Tue,128.490,127.510,128.620,126.630
2018/06/18,Mon,128.480,128.470,128.530,127.800
2018/06/17,Sun,,,,
2018/06/16,Sat,,,,
2018/06/15,Fri,127.980,128.440,128.550,127.690
2018/06/14,Thu,130.110,127.950,130.390,127.890
2018/06/13,Wed,129.630,130.060,130.360,129.580
2018/06/12,Tue,129.670,129.600,130.300,129.490
2018/06/11,Mon,128.890,129.630,130.070,128.600
2018/06/10,Sun,,,,
2018/06/09,Sat,,,,
2018/06/08,Fri,129.450,128.870,129.750,128.100
2018/06/07,Thu,129.720,129.400,130.300,129.290
2018/06/06,Wed,128.660,129.700,129.850,128.580
2018/06/05,Tue,128.470,128.630,128.730,127.770
2018/06/04,Mon,127.710,128.440,128.700,127.590
2018/06/03,Sun,,,,
2018/06/02,Sat,,,,
2018/06/01,Fri,127.230,127.710,128.170,127.100
2018/05/31,Thu,127.020,127.200,127.740,126.310
2018/05/30,Wed,125.510,126.990,127.340,124.960
2018/05/29,Tue,127.200,125.480,127.290,124.600
2018/05/28,Mon,127.460,127.160,128.560,126.840
2018/05/27,Sun,,,,
2018/05/26,Sat,,,,
2018/05/25,Fri,128.050,127.430,128.560,127.130
2018/05/24,Thu,128.760,128.020,128.890,127.720
2018/05/23,Wed,130.620,128.730,130.740,128.220
2018/05/22,Tue,130.950,130.590,131.380,130.570
2018/05/21,Mon,130.390,130.920,131.030,130.250
2018/05/20,Sun,,,,
2018/05/19,Sat,,,,
2018/05/18,Fri,130.650,130.400,131.140,130.220
2018/05/17,Thu,130.350,130.610,130.880,130.200
2018/05/16,Wed,130.640,130.330,130.720,129.500
2018/05/15,Tue,130.800,130.610,131.160,130.420
2018/05/14,Mon,130.680,130.760,131.400,130.520
2018/05/13,Sun,,,,
2018/05/12,Sat,,,,
2018/05/11,Fri,130.350,130.620,130.710,129.980
2018/05/10,Thu,130.050,130.300,130.790,129.980
2018/05/09,Wed,129.470,130.040,130.510,129.330
2018/05/08,Tue,130.060,129.440,130.150,129.220
2018/05/07,Mon,130.440,130.030,130.660,129.930
2018/05/06,Sun,,,,
2018/05/05,Sat,,,,
2018/05/04,Fri,130.910,130.470,130.970,129.870
2018/05/03,Thu,131.280,130.870,131.680,130.240
2018/05/02,Wed,131.760,131.240,132.110,131.190
2018/05/01,Tue,132.070,131.740,132.130,131.510
2018/04/30,Mon,132.180,132.040,132.570,131.860
2018/04/29,Sun,,,,
2018/04/28,Sat,,,,
2018/04/27,Fri,132.310,132.230,132.420,131.840
2018/04/26,Thu,133.070,132.250,133.270,132.260
2018/04/25,Wed,133.100,133.030,133.370,132.910
2018/04/24,Tue,132.720,133.090,133.530,132.600
2018/04/23,Mon,132.310,132.690,132.810,132.090
2018/04/22,Sun,,,,
2018/04/21,Sat,,,,
2018/04/20,Fri,132.560,132.260,133.000,132.010
2018/04/19,Thu,132.680,132.530,133.120,132.340
2018/04/18,Wed,132.370,132.660,132.930,132.320
2018/04/17,Tue,132.620,132.350,132.800,132.090
2018/04/16,Mon,132.310,132.580,132.990,132.110
2018/04/15,Sun,,,,
2018/04/14,Sat,,,,
2018/04/13,Fri,132.310,132.330,132.920,132.150
2018/04/12,Thu,132.070,132.270,132.360,131.790
2018/04/11,Wed,132.460,132.030,132.630,132.010
2018/04/10,Tue,131.540,132.420,132.650,131.410
2018/04/09,Mon,131.290,131.520,132.030,131.100
2018/04/08,Sun,,,,
2018/04/07,Sat,,,,
2018/04/06,Fri,131.440,131.300,131.660,131.070
2018/04/05,Thu,131.100,131.400,131.520,131.050
2018/04/04,Wed,130.810,131.080,131.220,130.210
2018/04/03,Tue,130.280,130.790,130.940,129.980
2018/04/02,Mon,131.000,130.230,131.320,129.970
2018/04/01,Sun,,,,
2018/03/31,Sat,,,,
2018/03/30,Fri,130.910,130.920,131.110,130.600
2018/03/29,Thu,131.520,130.890,131.630,130.610
2018/03/28,Wed,130.660,131.490,131.780,130.620
2018/03/27,Tue,131.180,130.620,131.830,130.570
2018/03/26,Mon,129.380,131.140,131.390,129.120
2018/03/25,Sun,,,,
2018/03/24,Sat,,,,
2018/03/23,Fri,129.510,129.340,130.000,128.920
2018/03/22,Thu,130.850,129.480,131.040,129.480
2018/03/21,Wed,130.420,130.810,131.090,130.190
2018/03/20,Tue,130.870,130.390,131.720,130.320
2018/03/19,Mon,130.350,130.830,131.080,129.600
2018/03/18,Sun,,,,
2018/03/17,Sat,,,,
2018/03/16,Fri,130.860,130.220,130.950,130.060
2018/03/15,Thu,131.490,130.830,131.560,130.540
2018/03/14,Wed,132.050,131.460,132.310,131.010
2018/03/13,Tue,131.260,132.010,132.450,131.100
2018/03/12,Mon,131.470,131.220,131.720,130.950
2018/03/11,Sun,,,,
2018/03/10,Sat,,,,
2018/03/09,Fri,130.760,131.380,131.910,130.690
2018/03/08,Thu,131.680,130.730,132.010,130.500
2018/03/07,Wed,131.640,131.610,131.780,130.910
2018/03/06,Tue,131.010,131.600,132.040,130.580
2018/03/05,Mon,130.370,130.990,131.040,129.350
2018/03/04,Sun,,,,
2018/03/03,Sat,,,,
2018/03/02,Fri,130.320,130.230,130.470,129.550
2018/03/01,Thu,130.090,130.310,130.810,129.760
2018/02/28,Wed,131.300,130.050,131.540,130.040
2018/02/27,Tue,131.720,131.260,132.220,131.250
2018/02/26,Mon,131.450,131.690,131.950,131.070
2018/02/25,Sun,,,,
2018/02/24,Sat,,,,
2018/02/23,Fri,131.630,131.390,131.870,130.920
2018/02/22,Thu,132.380,131.600,132.450,131.270
2018/02/21,Wed,132.430,132.350,133.090,132.240
2018/02/20,Tue,132.260,132.390,132.520,132.100
2018/02/19,Mon,131.940,132.250,132.390,131.800
2018/02/18,Sun,,,,
2018/02/17,Sat,,,,
2018/02/16,Fri,132.730,131.850,133.130,131.810
2018/02/15,Thu,133.230,132.690,133.360,132.510
2018/02/14,Wed,133.190,133.190,133.420,131.570
2018/02/13,Tue,133.570,133.160,133.820,132.510
2018/02/12,Mon,133.320,133.530,133.670,132.880
2018/02/11,Sun,,,,
2018/02/10,Sat,,,,
2018/02/09,Fri,133.180,133.070,134.180,131.950
2018/02/08,Thu,134.080,133.150,134.810,132.920
2018/02/07,Wed,135.610,134.060,135.880,133.820
2018/02/06,Tue,134.910,135.580,135.820,133.960
2018/02/05,Mon,137.210,134.910,137.230,134.890
2018/02/04,Sun,,,,
2018/02/03,Sat,,,,
2018/02/02,Fri,136.870,137.170,137.530,136.640
2018/02/01,Thu,135.620,136.830,136.990,135.440
2018/01/31,Wed,134.900,135.610,136.080,134.840
2018/01/30,Tue,134.920,134.860,135.220,134.130
2018/01/29,Mon,135.000,134.890,135.360,134.300
2018/01/28,Sun,,,,
2018/01/27,Sat,,,,
2018/01/26,Fri,135.630,134.990,136.170,134.540
2018/01/25,Thu,135.530,135.610,136.310,135.010
2018/01/24,Wed,135.660,135.490,135.720,134.910
2018/01/23,Tue,136.020,135.640,136.230,135.180
2018/01/22,Mon,135.890,135.980,136.170,135.330
2018/01/21,Sun,,,,
2018/01/20,Sat,,,,
2018/01/19,Fri,135.980,135.350,136.070,135.170
2018/01/18,Thu,135.610,135.940,136.340,135.440
2018/01/17,Wed,135.430,135.570,136.010,135.130
2018/01/16,Tue,135.560,135.390,136.130,134.970
2018/01/15,Mon,135.420,135.510,136.010,135.000
2018/01/14,Sun,,,,
2018/01/13,Sat,,,,
2018/01/12,Fri,133.870,135.290,135.400,133.810
2018/01/11,Thu,133.130,133.830,134.390,133.050
2018/01/10,Wed,134.480,133.090,134.570,133.070
2018/01/09,Tue,135.350,134.440,135.490,134.040
2018/01/08,Mon,136.040,135.300,136.340,135.110
2018/01/07,Sun,,,,
2018/01/06,Sat,,,,
2018/01/05,Fri,136.060,135.990,136.790,135.990
2018/01/04,Thu,135.180,136.040,136.390,135.110
2018/01/03,Wed,135.410,135.130,135.540,134.790
2018/01/02,Tue,135.320,135.380,135.660,134.920
2018/01/01,Mon,135.250,135.260,135.330,135.140
2017/12/31,Sun,,,,
2017/12/30,Sat,,,,
2017/12/29,Fri,134.810,135.160,135.560,134.510
2017/12/28,Thu,134.760,134.780,134.990,134.430
2017/12/27,Wed,134.280,134.720,134.990,134.170
2017/12/26,Tue,134.430,134.260,134.590,134.200
2017/12/25,Mon,134.200,134.410,134.620,134.180
2017/12/24,Sun,,,,
2017/12/23,Sat,,,,
2017/12/22,Fri,134.560,134.290,134.600,133.910
2017/12/21,Thu,134.600,134.540,134.900,134.430
2017/12/20,Wed,133.670,134.590,134.800,133.610
2017/12/19,Tue,132.590,133.630,133.950,132.580
2017/12/18,Mon,132.390,132.570,133.030,132.140
2017/12/17,Sun,,,,
2017/12/16,Sat,,,,
2017/12/15,Fri,132.380,132.290,132.760,132.030
2017/12/14,Thu,133.090,132.350,133.780,132.220
2017/12/13,Wed,133.320,133.070,133.390,132.810
2017/12/12,Tue,133.650,133.280,133.780,133.000
2017/12/11,Mon,133.560,133.610,133.910,133.450
2017/12/10,Sun,,,,
2017/12/09,Sat,,,,
2017/12/08,Fri,133.140,133.500,133.630,133.090
2017/12/07,Thu,132.450,133.090,133.320,132.390
2017/12/06,Wed,133.160,132.420,133.270,132.240
2017/12/05,Tue,133.390,133.110,133.780,133.000
2017/12/04,Mon,133.200,133.350,134.070,133.200
2017/12/03,Sun,,,,
2017/12/02,Sat,,,,
2017/12/01,Fri,133.960,133.280,134.400,132.870
2017/11/30,Thu,132.600,133.920,134.160,132.540
2017/11/29,Wed,132.010,132.590,132.810,131.900
2017/11/28,Tue,132.180,131.980,132.590,131.700
2017/11/27,Mon,133.100,132.150,133.250,132.060
2017/11/26,Sun,,,,
2017/11/25,Sat,,,,
2017/11/24,Fri,131.810,133.060,133.260,131.730
2017/11/23,Thu,131.480,131.770,131.910,131.210
2017/11/22,Wed,131.990,131.440,132.100,131.390
2017/11/21,Tue,132.130,131.960,132.300,131.560
2017/11/20,Mon,132.160,132.110,132.490,131.160
2017/11/19,Sun,,,,
2017/11/18,Sat,,,,
2017/11/17,Fri,133.090,132.160,133.180,132.040
2017/11/16,Thu,133.100,133.050,133.490,132.750
2017/11/15,Wed,133.850,133.060,133.920,132.950
2017/11/14,Tue,132.570,133.810,133.880,132.470
2017/11/13,Mon,132.450,132.530,132.640,131.920
2017/11/12,Sun,,,,
2017/11/11,Sat,,,,
2017/11/10,Fri,132.100,132.410,132.570,131.930
2017/11/09,Thu,132.030,132.070,132.280,131.510
2017/11/08,Wed,132.110,132.010,132.200,131.390
2017/11/07,Tue,132.010,132.070,132.430,131.830
2017/11/06,Mon,132.420,131.970,133.140,131.990
2017/11/05,Sun,,,,
2017/11/04,Sat,,,,
2017/11/03,Fri,133.010,132.390,133.260,132.380
2017/11/02,Thu,132.660,132.960,133.160,132.550
2017/11/01,Wed,132.340,132.610,132.850,132.310
2017/10/31,Tue,131.850,132.300,132.580,131.500
2017/10/30,Mon,131.980,131.820,132.310,131.450
2017/10/29,Sun,,,,
2017/10/28,Sat,,,,
2017/10/27,Fri,132.800,131.950,132.980,131.730
2017/10/26,Thu,134.370,132.780,134.520,132.640
2017/10/25,Wed,133.950,134.340,134.520,133.750
2017/10/24,Tue,133.270,133.920,134.200,133.180
2017/10/23,Mon,133.840,133.230,134.150,133.080
2017/10/22,Sun,,,,
2017/10/21,Sat,,,,
2017/10/20,Fri,133.380,133.760,133.980,133.290
2017/10/19,Thu,133.130,133.350,133.640,132.480
2017/10/18,Wed,132.020,133.100,133.310,131.950
2017/10/17,Tue,132.350,131.980,132.400,131.830
2017/10/16,Mon,132.270,132.320,132.410,131.650
2017/10/15,Sun,,,,
2017/10/14,Sat,,,,
2017/10/13,Fri,132.840,132.220,132.950,132.130
2017/10/12,Thu,133.430,132.820,133.510,132.780
2017/10/11,Wed,132.790,133.370,133.520,132.450
2017/10/10,Tue,132.280,132.750,132.890,132.220
2017/10/09,Mon,132.190,132.250,132.510,131.850
2017/10/08,Sun,,,,
2017/10/07,Sat,,,,
2017/10/06,Fri,132.130,132.150,132.800,131.950
2017/10/05,Thu,132.600,132.100,132.800,131.820
2017/10/04,Wed,132.540,132.570,132.850,132.240
2017/10/03,Tue,132.300,132.500,132.910,132.190
2017/10/02,Mon,133.180,132.270,133.180,132.170
2017/10/01,Sun,,,,
2017/09/30,Sat,,,,
2017/09/29,Fri,132.420,132.850,133.180,132.310
2017/09/28,Thu,132.510,132.370,132.910,132.280
2017/09/27,Wed,132.350,132.500,132.770,132.070
2017/09/26,Tue,132.380,132.320,132.620,131.730
2017/09/25,Mon,133.860,132.340,134.260,131.920
2017/09/24,Sun,,,,
2017/09/23,Sat,,,,
2017/09/22,Fri,134.320,133.760,134.430,133.490
2017/09/21,Thu,133.470,134.280,134.400,133.410
2017/09/20,Wed,133.850,133.430,134.260,133.240
2017/09/19,Tue,133.370,133.810,134.190,133.220
2017/09/18,Mon,132.470,133.340,133.450,132.390
2017/09/17,Sun,,,,
2017/09/16,Sat,,,,
2017/09/15,Fri,131.390,132.350,133.140,130.580
2017/09/14,Thu,131.320,131.360,131.770,131.100
2017/09/13,Wed,131.850,131.290,132.030,131.250
2017/09/12,Tue,130.760,131.810,131.920,130.660
2017/09/11,Mon,129.890,130.730,130.920,129.780
2017/09/10,Sun,,,,
2017/09/09,Sat,,,,
2017/09/08,Fri,130.410,129.750,130.690,129.450
2017/09/07,Thu,130.170,130.360,131.120,129.890
2017/09/06,Wed,129.640,130.140,130.410,129.360
2017/09/05,Tue,130.540,129.600,130.660,129.370
2017/09/04,Mon,129.720,130.510,130.730,129.600
2017/09/03,Sun,,,,
2017/09/02,Sat,,,,
2017/09/01,Fri,130.980,130.720,131.650,130.650
2017/08/31,Thu,131.000,130.940,131.600,130.700
2017/08/30,Wed,131.410,130.980,131.720,130.970
2017/08/29,Tue,130.880,131.380,131.640,129.640
2017/08/28,Mon,130.390,130.840,130.990,129.970
2017/08/27,Sun,,,,
2017/08/26,Sat,,,,
2017/08/25,Fri,129.270,130.370,130.480,129.090
2017/08/24,Thu,128.740,129.220,129.420,128.540
2017/08/23,Wed,128.880,128.700,129.150,128.460
2017/08/22,Tue,128.760,128.840,129.200,128.310
2017/08/21,Mon,128.660,128.730,128.810,127.830
2017/08/20,Sun,,,,
2017/08/19,Sat,,,,
2017/08/18,Fri,128.470,128.380,128.810,127.540
2017/08/17,Thu,129.700,128.440,129.750,128.340
2017/08/16,Wed,129.880,129.630,130.420,129.500
2017/08/15,Tue,129.150,129.840,130.070,129.050
2017/08/14,Mon,128.930,129.110,129.680,128.790
2017/08/13,Sun,,,,
2017/08/12,Sat,,,,
2017/08/11,Fri,128.580,129.040,129.190,128.030
2017/08/10,Thu,129.450,128.530,129.560,128.200
2017/08/09,Wed,129.620,129.400,129.790,128.390
2017/08/08,Tue,130.640,129.610,130.840,129.580
2017/08/07,Mon,130.240,130.570,130.890,130.160
2017/08/06,Sun,,,,
2017/08/05,Sat,,,,
2017/08/04,Fri,130.630,130.240,131.150,130.080
2017/08/03,Thu,131.260,130.580,131.370,130.450
2017/08/02,Wed,130.240,131.250,131.430,130.160
2017/08/01,Tue,130.570,130.220,130.630,129.830
2017/07/31,Mon,129.870,130.520,130.620,129.530
2017/07/30,Sun,,,,
2017/07/29,Sat,,,,
2017/07/28,Fri,129.930,130.010,130.440,129.530
2017/07/27,Thu,130.450,129.850,130.620,129.530
2017/07/26,Wed,130.380,130.410,130.630,129.930
2017/07/25,Tue,129.350,130.300,130.600,129.240
2017/07/24,Mon,129.550,129.290,129.790,128.860
2017/07/23,Sun,,,,
2017/07/22,Sat,,,,
2017/07/21,Fri,130.160,129.550,130.520,129.480
2017/07/20,Thu,128.950,130.090,130.290,128.760
2017/07/19,Wed,129.510,128.900,129.570,128.560
2017/07/18,Tue,129.280,129.450,129.780,129.050
2017/07/17,Mon,129.040,129.270,129.490,128.700
2017/07/16,Sun,,,,
2017/07/15,Sat,,,,
2017/07/14,Fri,129.120,129.030,129.540,128.570
2017/07/13,Thu,129.140,129.070,129.680,128.460
2017/07/12,Wed,130.650,129.080,130.710,129.040
2017/07/11,Tue,130.010,130.620,130.790,129.940
2017/07/10,Mon,129.740,129.960,130.420,129.740
2017/07/09,Sun,,,,
2017/07/08,Sat,,,,
2017/07/07,Fri,129.330,129.820,130.150,129.140
2017/07/06,Thu,128.590,129.290,129.440,127.990
2017/07/05,Wed,128.520,128.540,129.100,128.150
2017/07/04,Tue,128.860,128.460,129.010,128.010
2017/07/03,Mon,128.040,128.790,128.990,127.790
2017/07/02,Sun,,,,
2017/07/01,Sat,,,,
2017/06/30,Fri,128.340,128.340,128.630,127.440
2017/06/29,Thu,127.770,128.320,128.850,127.700
2017/06/28,Wed,127.390,127.730,127.890,126.470
2017/06/27,Tue,125.070,127.360,127.510,124.730
2017/06/26,Mon,124.490,125.000,125.190,124.400
2017/06/25,Sun,,,,
2017/06/24,Sat,,,,
2017/06/23,Fri,124.170,124.520,124.740,124.010
2017/06/22,Thu,124.390,124.120,124.480,123.820
2017/06/21,Wed,124.100,124.320,124.470,123.640
2017/06/20,Tue,124.340,124.080,124.660,123.900
2017/06/19,Mon,124.220,124.300,124.540,124.050
2017/06/18,Sun,,,,
2017/06/17,Sat,,,,
2017/06/16,Fri,123.630,124.110,124.490,123.510
2017/06/15,Thu,122.920,123.560,123.750,122.380
2017/06/14,Wed,123.390,122.880,123.680,122.730
2017/06/13,Tue,123.170,123.360,123.770,123.000
2017/06/12,Mon,123.570,123.110,123.780,122.780
2017/06/11,Sun,,,,
2017/06/10,Sat,,,,
2017/06/09,Fri,123.360,123.480,123.890,122.800
2017/06/08,Thu,123.630,123.300,124.060,123.160
2017/06/07,Wed,123.370,123.570,123.770,122.620
2017/06/06,Tue,124.330,123.350,124.480,122.910
2017/06/05,Mon,124.360,124.260,124.730,124.170
2017/06/04,Sun,,,,
2017/06/03,Sat,,,,
2017/06/02,Fri,124.870,124.530,125.330,124.410
2017/06/01,Thu,124.550,124.820,125.110,124.440
2017/05/31,Wed,124.000,124.510,124.580,123.700
2017/05/30,Tue,124.220,123.950,124.430,123.150
2017/05/29,Mon,124.460,124.170,124.680,124.170
2017/05/28,Sun,,,,
2017/05/27,Sat,,,,
2017/05/26,Fri,125.380,124.470,125.460,124.150
2017/05/25,Thu,125.090,125.330,125.830,125.040
2017/05/24,Wed,125.010,125.060,125.410,124.890
2017/05/23,Tue,125.070,124.980,125.400,124.540
2017/05/22,Mon,124.700,125.030,125.330,124.100
2017/05/21,Sun,,,,
2017/05/20,Sat,,,,
2017/05/19,Fri,123.790,124.660,124.970,123.370
2017/05/18,Thu,123.670,123.750,124.130,122.550
2017/05/17,Wed,125.370,123.630,125.430,123.630
2017/05/16,Tue,124.890,125.350,125.850,124.570
2017/05/15,Mon,123.680,124.840,124.930,123.600
2017/05/14,Sun,,,,
2017/05/13,Sat,,,,
2017/05/12,Fri,123.680,123.850,123.980,123.300
2017/05/11,Thu,124.230,123.640,124.450,123.300
2017/05/10,Wed,123.950,124.170,124.350,123.490
2017/05/09,Tue,123.720,123.910,124.560,123.620
2017/05/08,Mon,124.280,123.680,124.620,122.980
2017/05/07,Sun,,,,
2017/05/06,Sat,,,,
2017/05/05,Fri,123.530,123.920,124.100,122.910
2017/05/04,Thu,122.740,123.520,123.670,122.570
2017/05/03,Wed,122.400,122.670,122.870,122.280
2017/05/02,Tue,121.900,122.350,122.600,121.830
2017/05/01,Mon,121.380,121.870,122.090,121.250
2017/04/30,Sun,,,,
2017/04/29,Sat,,,,
2017/04/28,Fri,120.980,121.510,122.030,120.670
2017/04/27,Thu,121.090,120.950,121.920,120.600
2017/04/26,Wed,121.380,121.060,122.010,120.890
2017/04/25,Tue,119.290,121.350,121.670,119.040
2017/04/24,Mon,120.630,119.270,120.900,118.900
2017/04/23,Sun,,,,
2017/04/22,Sat,,,,
2017/04/21,Fri,117.170,116.990,117.340,116.450
2017/04/20,Thu,116.610,117.150,117.850,116.520
2017/04/19,Wed,116.350,116.570,117.000,116.260
2017/04/18,Tue,115.900,116.300,116.530,115.740
2017/04/17,Mon,115.260,115.860,116.050,114.830
2017/04/16,Sun,,,,
2017/04/15,Sat,,,,
2017/04/14,Fri,115.790,115.220,116.040,115.180
2017/04/13,Thu,116.290,115.770,116.490,115.710
2017/04/12,Wed,116.240,116.240,116.590,115.940
2017/04/11,Tue,117.570,116.200,117.600,116.210
2017/04/10,Mon,117.760,117.490,118.090,117.440
2017/04/09,Sun,,,,
2017/04/08,Sat,,,,
2017/04/07,Fri,117.950,117.580,118.190,117.310
2017/04/06,Thu,118.050,117.910,118.440,117.350
2017/04/05,Wed,118.210,118.020,118.850,118.000
2017/04/04,Tue,118.310,118.160,118.390,117.410
2017/04/03,Mon,118.790,118.270,119.080,118.100
2017/04/02,Sun,,,,
2017/04/01,Sat,,,,
2017/03/31,Fri,119.480,118.630,119.850,118.600
2017/03/30,Thu,119.560,119.440,119.870,119.070
2017/03/29,Wed,120.190,119.530,120.470,119.010
2017/03/28,Tue,120.220,120.140,120.420,119.670
2017/03/27,Mon,120.050,120.190,120.340,119.540
2017/03/26,Sun,,,,
2017/03/25,Sat,,,,
2017/03/24,Fri,119.630,120.170,120.280,119.510
2017/03/23,Thu,120.030,119.570,120.340,119.310
2017/03/22,Wed,120.780,120.010,120.870,119.670
2017/03/21,Tue,120.860,120.740,121.860,120.620
2017/03/20,Mon,120.910,120.840,121.460,120.690
2017/03/19,Sun,,,,
2017/03/18,Sat,,,,
2017/03/17,Fri,122.000,120.990,122.270,120.790
2017/03/16,Thu,121.710,121.960,122.070,121.120
2017/03/15,Wed,121.680,121.650,122.090,121.190
2017/03/14,Tue,122.390,121.640,122.660,121.620
2017/03/13,Mon,122.510,122.370,122.910,122.120
2017/03/12,Sun,,,,
2017/03/11,Sat,,,,
2017/03/10,Fri,121.580,122.420,122.850,121.490
2017/03/09,Thu,120.540,121.520,121.920,120.460
2017/03/08,Wed,120.440,120.500,121.150,120.000
2017/03/07,Tue,120.520,120.390,120.750,120.370
2017/03/06,Mon,121.050,120.450,121.170,120.330
2017/03/05,Sun,,,,
2017/03/04,Sat,,,,
2017/03/03,Fri,120.200,121.060,121.210,120.000
2017/03/02,Thu,119.970,120.180,120.520,119.910
2017/03/01,Wed,119.280,119.920,120.250,119.220
2017/02/28,Tue,119.330,119.230,119.410,118.660
2017/02/27,Mon,118.530,119.280,119.490,118.230
2017/02/26,Sun,,,,
2017/02/25,Sat,,,,
2017/02/24,Fri,119.170,118.460,119.530,118.220
2017/02/23,Thu,119.620,119.100,119.780,119.030
2017/02/22,Wed,119.790,119.560,119.910,118.580
2017/02/21,Tue,120.040,119.760,120.350,119.540
2017/02/20,Mon,119.830,119.960,120.340,119.610
2017/02/19,Sun,,,,
2017/02/18,Sat,,,,
2017/02/17,Fri,120.870,119.750,121.140,119.680
2017/02/16,Thu,121.030,120.800,121.180,120.670
2017/02/15,Wed,120.860,120.980,121.320,120.610
2017/02/14,Tue,120.560,120.840,121.040,120.190
2017/02/13,Mon,120.460,120.500,121.200,120.350
2017/02/12,Sun,,,,
2017/02/11,Sat,,,,
2017/02/10,Fri,120.680,120.410,121.360,120.200
2017/02/09,Thu,119.780,120.650,120.830,119.510
2017/02/08,Wed,120.040,119.730,120.130,119.310
2017/02/07,Tue,120.120,120.020,120.280,119.510
2017/02/06,Mon,121.120,120.080,121.540,119.940
2017/02/05,Sun,,,,
2017/02/04,Sat,,,,
2017/02/03,Fri,121.350,121.500,121.800,121.080
2017/02/02,Thu,121.960,121.350,122.080,121.180
2017/02/01,Wed,121.800,121.910,122.550,121.570
2017/01/31,Tue,121.700,121.770,122.290,120.980
2017/01/30,Mon,123.100,121.630,123.230,121.400
2017/01/29,Sun,,,,
2017/01/28,Sat,,,,
2017/01/27,Fri,122.360,123.050,123.350,122.200
2017/01/26,Thu,121.760,122.300,122.710,121.650
2017/01/25,Wed,122.130,121.700,122.310,121.600
2017/01/24,Tue,121.320,122.080,122.260,121.160
2017/01/23,Mon,122.480,121.250,122.540,121.110
2017/01/22,Sun,,,,
2017/01/21,Sat,,,,
2017/01/20,Fri,122.510,122.610,122.980,122.250
2017/01/19,Thu,121.870,122.480,122.780,121.700
2017/01/18,Wed,120.670,121.870,122.020,120.550
2017/01/17,Tue,121.090,120.640,121.430,120.520
2017/01/16,Mon,121.600,121.030,121.710,120.740
2017/01/15,Sun,,,,
2017/01/14,Sat,,,,
2017/01/13,Fri,121.740,121.850,122.450,121.580
2017/01/12,Thu,122.130,121.660,122.280,121.170
2017/01/11,Wed,122.190,122.120,122.640,121.210
2017/01/10,Tue,122.690,122.150,122.990,122.080
2017/01/09,Mon,123.250,122.650,123.750,122.390
2017/01/08,Sun,,,,
2017/01/07,Sat,,,,
2017/01/06,Fri,122.360,123.110,123.480,122.090
2017/01/05,Thu,123.010,122.300,123.160,121.960
2017/01/04,Wed,122.540,122.940,123.180,122.370
2017/01/03,Tue,122.960,122.500,123.370,122.250
2017/01/02,Mon,123.100,122.880,123.570,122.780
2017/01/01,Sun,,,,
2016/12/31,Sat,,,,
2016/12/30,Fri,122.280,122.870,123.880,122.140
2016/12/29,Thu,122.110,122.240,122.400,121.530
2016/12/28,Wed,122.790,122.050,123.270,121.810
2016/12/27,Tue,122.410,122.730,123.040,122.340
2016/12/26,Mon,122.650,122.370,122.810,122.170
2016/12/25,Sun,,,,
2016/12/24,Sat,,,,
2016/12/23,Fri,122.660,122.640,122.820,122.360
2016/12/22,Thu,122.540,122.620,123.230,122.420
2016/12/21,Wed,122.430,122.510,122.890,122.020
2016/12/20,Tue,121.820,122.370,122.820,121.700
2016/12/19,Mon,123.160,121.780,123.330,121.660
2016/12/18,Sun,,,,
2016/12/17,Sat,,,,
2016/12/16,Fri,123.100,123.250,123.670,122.810
2016/12/15,Thu,123.320,123.030,124.130,122.530
2016/12/14,Wed,122.410,123.290,123.450,122.100
2016/12/13,Tue,122.330,122.360,122.830,122.060
2016/12/12,Mon,121.650,122.310,122.970,121.370
2016/12/11,Sun,,,,
2016/12/10,Sat,,,,
2016/12/09,Fri,121.060,121.810,121.900,120.950
2016/12/08,Thu,122.320,121.020,123.380,120.880
2016/12/07,Wed,122.210,122.290,122.630,122.000
2016/12/06,Tue,122.560,122.130,122.980,121.900
2016/12/05,Mon,121.210,122.490,123.220,118.690
2016/12/04,Sun,,,,
2016/12/03,Sat,,,,
2016/12/02,Fri,121.650,121.150,121.930,120.850
2016/12/01,Thu,121.200,121.600,121.840,120.820
2016/11/30,Wed,119.690,121.150,121.340,119.420
2016/11/29,Tue,118.820,119.650,120.020,118.510
2016/11/28,Mon,119.860,118.780,120.020,118.670
2016/11/27,Sun,,,,
2016/11/26,Sat,,,,
2016/11/25,Fri,119.630,119.660,120.200,119.280
2016/11/24,Thu,118.710,119.540,119.900,118.470
2016/11/23,Wed,118.110,118.710,119.030,117.680
2016/11/22,Tue,117.810,118.090,118.210,117.350
2016/11/21,Mon,117.360,117.740,118.060,117.290
2016/11/20,Sun,,,,
2016/11/19,Sat,,,,
2016/11/18,Fri,117.020,117.400,117.620,116.740
2016/11/17,Thu,116.620,116.960,117.300,116.230
2016/11/16,Wed,117.060,116.590,117.530,116.490
2016/11/15,Tue,116.420,117.010,117.260,116.050
2016/11/14,Mon,115.610,116.360,116.560,115.510
2016/11/13,Sun,,,,
2016/11/12,Sat,,,,
2016/11/11,Fri,116.370,115.740,116.530,115.280
2016/11/10,Thu,115.270,116.310,116.620,114.950
2016/11/09,Wed,115.950,115.250,116.070,113.710
2016/11/08,Tue,115.340,115.910,116.060,115.100
2016/11/07,Mon,114.860,115.290,115.900,114.830
2016/11/06,Sun,,,,
2016/11/05,Sat,,,,
2016/11/04,Fri,114.380,114.870,114.950,114.120
2016/11/03,Thu,114.650,114.330,114.800,114.000
2016/11/02,Wed,115.160,114.600,115.200,114.330
2016/11/01,Tue,115.110,115.080,115.700,114.790
2016/10/31,Mon,115.050,115.070,115.290,114.600
2016/10/30,Sun,,,,
2016/10/29,Sat,,,,
2016/10/28,Fri,114.740,114.980,115.350,114.550
2016/10/27,Thu,113.970,114.690,114.880,113.690
2016/10/26,Wed,113.500,113.930,114.230,113.240
2016/10/25,Tue,113.370,113.450,113.930,113.270
2016/10/24,Mon,113.040,113.320,113.600,112.810
2016/10/23,Sun,,,,
2016/10/22,Sat,,,,
2016/10/21,Fri,113.610,112.960,113.870,112.590
2016/10/20,Thu,113.520,113.590,114.540,113.350
2016/10/19,Wed,114.050,113.490,114.180,113.110
2016/10/18,Tue,114.290,114.010,114.710,113.950
2016/10/17,Mon,114.320,114.250,114.600,114.020
2016/10/16,Sun,,,,
2016/10/15,Sat,,,,
2016/10/14,Fri,114.650,114.280,115.080,114.190
2016/10/13,Thu,114.720,114.600,115.170,113.900
2016/10/12,Wed,114.430,114.670,115.210,114.020
2016/10/11,Tue,115.410,114.400,115.820,113.990
2016/10/10,Mon,115.240,115.360,115.760,115.040
2016/10/09,Sun,,,,
2016/10/08,Sat,,,,
2016/10/07,Fri,115.910,115.240,116.040,115.020
2016/10/06,Thu,115.990,115.880,116.310,115.710
2016/10/05,Wed,115.290,115.930,116.280,115.100
2016/10/04,Tue,113.950,115.260,115.420,113.840
2016/10/03,Mon,113.870,113.890,114.130,113.610
2016/10/02,Sun,,,,
2016/10/01,Sat,,,,
2016/09/30,Fri,113.390,113.870,114.130,112.570
2016/09/29,Thu,112.920,113.340,114.230,112.860
2016/09/28,Wed,112.650,112.870,113.120,112.430
2016/09/27,Tue,112.910,112.610,113.600,112.230
2016/09/26,Mon,113.440,112.890,113.550,112.790
2016/09/25,Sun,,,,
2016/09/24,Sat,,,,
2016/09/23,Fri,112.920,113.320,113.650,112.870
2016/09/22,Thu,112.290,112.890,113.510,112.070
2016/09/21,Wed,113.450,112.170,114.410,112.060
2016/09/20,Tue,113.920,113.410,114.040,113.380
2016/09/19,Mon,114.160,113.880,114.310,113.470
2016/09/18,Sun,,,,
2016/09/17,Sat,,,,
2016/09/16,Fri,114.800,114.090,114.920,113.920
2016/09/15,Thu,115.230,114.780,115.490,114.630
2016/09/14,Wed,115.060,115.190,116.120,114.880
2016/09/13,Tue,114.440,115.020,115.340,113.930
2016/09/12,Mon,115.350,114.390,115.490,114.220
2016/09/11,Sun,,,,
2016/09/10,Sat,,,,
2016/09/09,Fri,115.400,115.300,115.980,115.010
2016/09/08,Thu,114.350,115.370,115.480,114.120
2016/09/07,Wed,114.820,114.330,114.970,113.810
2016/09/06,Tue,115.310,114.750,115.710,114.670
2016/09/05,Mon,115.980,115.260,116.180,115.100
2016/09/04,Sun,,,,
2016/09/03,Sat,,,,
2016/09/02,Fri,115.620,115.960,116.400,115.460
2016/09/01,Thu,115.410,115.560,115.840,115.020
2016/08/31,Wed,114.740,115.380,115.460,114.660
2016/08/30,Tue,114.050,114.690,114.960,113.830
2016/08/29,Mon,114.020,114.010,114.710,113.900
2016/08/28,Sun,,,,
2016/08/27,Sat,,,,
2016/08/26,Fri,113.430,114.000,114.170,113.020
2016/08/25,Thu,113.140,113.370,113.600,113.040
2016/08/24,Wed,113.340,113.090,113.590,112.780
2016/08/23,Tue,113.570,113.280,113.750,113.190
2016/08/22,Mon,113.520,113.510,114.160,113.400
2016/08/21,Sun,,,,
2016/08/20,Sat,,,,
2016/08/19,Fri,113.400,113.480,113.900,113.210
2016/08/18,Thu,113.200,113.370,113.730,112.640
2016/08/17,Wed,113.130,113.130,113.950,112.810
2016/08/16,Tue,113.250,113.090,113.370,112.350
2016/08/15,Mon,113.060,113.220,113.320,112.660
2016/08/14,Sun,,,,
2016/08/13,Sat,,,,
2016/08/12,Fri,113.560,113.020,114.060,112.730
2016/08/11,Thu,113.200,113.520,113.720,112.700
2016/08/10,Wed,113.280,113.160,113.470,112.780
2016/08/09,Tue,113.600,113.270,113.720,113.020
2016/08/08,Mon,112.780,113.590,113.780,112.780
2016/08/07,Sun,,,,
2016/08/06,Sat,,,,
2016/08/05,Fri,112.650,112.850,113.200,112.310
2016/08/04,Thu,112.880,112.610,113.290,112.460
2016/08/03,Wed,113.250,112.830,113.640,112.640
2016/08/02,Tue,114.300,113.240,114.820,113.000
2016/08/01,Mon,114.090,114.250,114.750,113.940
2016/07/31,Sun,,,,
2016/07/30,Sat,,,,
2016/07/29,Fri,116.580,114.030,116.770,113.860
2016/07/28,Thu,116.550,116.540,116.870,115.820
2016/07/27,Wed,114.990,116.510,117.170,114.860
2016/07/26,Tue,116.320,114.960,116.440,114.450
2016/07/25,Mon,116.370,116.230,116.970,116.200
2016/07/24,Sun,,,,
2016/07/23,Sat,,,,
2016/07/22,Fri,116.710,116.380,117.290,116.200
2016/07/21,Thu,117.670,116.620,118.490,116.140
2016/07/20,Wed,116.970,117.640,117.950,116.510
2016/07/19,Tue,117.560,116.940,117.790,116.550
2016/07/18,Mon,115.780,117.520,117.710,115.740
2016/07/17,Sun,,,,
2016/07/16,Sat,,,,
2016/07/15,Fri,117.130,115.670,118.420,115.490
2016/07/14,Thu,115.890,117.090,118.040,115.380
2016/07/13,Wed,115.810,115.850,116.250,114.920
2016/07/12,Tue,113.680,115.760,116.450,113.280
2016/07/11,Mon,111.120,113.640,113.800,110.980
2016/07/10,Sun,,,,
2016/07/09,Sat,,,,
2016/07/08,Fri,111.490,111.110,111.870,110.570
2016/07/07,Thu,112.470,111.420,112.600,111.200
2016/07/06,Wed,112.680,112.440,112.740,110.830
2016/07/05,Tue,114.400,112.630,114.470,112.370
2016/07/04,Mon,114.230,114.360,114.550,113.940
2016/07/03,Sun,,,,
2016/07/02,Sat,,,,
2016/07/01,Fri,114.710,114.140,114.890,113.660
2016/06/30,Thu,114.400,114.650,114.840,113.330
2016/06/29,Wed,113.730,114.360,114.540,112.920
2016/06/28,Tue,112.450,113.680,113.900,111.910
2016/06/27,Mon,113.050,112.400,113.290,111.380
2016/06/26,Sun,,,,
2016/06/25,Sat,,,,
2016/06/24,Fri,120.920,113.580,122.100,109.530
2016/06/23,Thu,117.950,120.830,121.030,117.930
2016/06/22,Wed,117.820,117.910,118.630,117.410
2016/06/21,Tue,117.580,117.720,118.710,117.310
2016/06/20,Mon,117.470,117.520,119.170,117.330
2016/06/19,Sun,,,,
2016/06/18,Sat,,,,
2016/06/17,Fri,117.050,117.360,118.120,116.910
2016/06/16,Thu,119.360,116.990,119.470,115.490
2016/06/15,Wed,118.920,119.320,119.520,118.700
2016/06/14,Tue,119.970,118.900,120.140,118.510
2016/06/13,Mon,120.320,119.930,120.410,118.980
2016/06/12,Sun,,,,
2016/06/11,Sat,,,,
2016/06/10,Fri,121.190,120.320,121.240,119.900
2016/06/09,Thu,121.960,121.140,122.100,120.320
2016/06/08,Wed,121.940,121.860,122.050,121.320
2016/06/07,Tue,122.130,121.880,122.720,121.640
2016/06/06,Mon,120.980,122.070,122.360,120.800
2016/06/05,Sun,,,,
2016/06/04,Sat,,,,
2016/06/03,Fri,121.410,121.050,122.050,120.800
2016/06/02,Thu,122.560,121.360,122.710,121.050
2016/06/01,Wed,123.250,122.530,123.360,121.880
2016/05/31,Tue,123.780,123.180,124.220,122.950
2016/05/30,Mon,122.530,123.820,123.940,122.530
2016/05/29,Sun,,,,
2016/05/28,Sat,,,,
2016/05/27,Fri,122.870,122.500,123.110,122.200
2016/05/26,Thu,122.910,122.820,123.090,122.240
2016/05/25,Wed,122.540,122.920,123.150,122.420
2016/05/24,Tue,122.570,122.520,122.760,122.340
2016/05/23,Mon,123.530,122.500,123.660,122.360
2016/05/22,Sun,,,,
2016/05/21,Sat,,,,
2016/05/20,Fri,123.200,123.600,124.070,123.050
2016/05/19,Thu,123.600,123.170,123.810,122.910
2016/05/18,Wed,123.480,123.570,123.950,122.960
2016/05/17,Tue,123.430,123.430,124.210,123.180
2016/05/16,Mon,122.770,123.360,123.530,122.600
2016/05/15,Sun,,,,
2016/05/14,Sat,,,,
2016/05/13,Fri,124.040,122.770,124.160,122.720
2016/05/12,Thu,123.880,124.000,124.670,123.680
2016/05/11,Wed,124.260,123.790,124.420,123.580
2016/05/10,Tue,123.310,124.200,124.470,123.250
2016/05/09,Mon,122.140,123.270,123.730,121.930
2016/05/08,Sun,,,,
2016/05/07,Sat,,,,
2016/05/06,Fri,122.370,122.120,122.480,121.480
2016/05/05,Thu,122.940,122.300,123.160,122.070
2016/05/04,Wed,122.580,122.890,123.260,122.270
2016/05/03,Tue,122.750,122.530,122.810,122.100
2016/05/02,Mon,121.710,122.690,122.950,121.600
2016/05/01,Sun,,,,
2016/04/30,Sat,,,,
2016/04/29,Fri,122.730,121.810,122.970,121.660
2016/04/28,Thu,126.200,122.680,126.480,122.490
2016/04/27,Wed,125.770,126.150,126.370,125.390
2016/04/26,Tue,125.280,125.750,126.010,124.680
2016/04/25,Mon,125.560,125.270,125.590,124.770
2016/04/24,Sun,,,,
2016/04/23,Sat,,,,
2016/04/22,Fri,123.550,125.530,125.590,123.390
2016/04/21,Thu,124.090,123.510,124.980,123.380
2016/04/20,Wed,124.010,124.050,124.360,123.520
2016/04/19,Tue,123.130,123.970,124.470,123.010
2016/04/18,Mon,122.230,123.090,123.380,121.700
2016/04/17,Sun,,,,
2016/04/16,Sat,,,,
2016/04/15,Fri,123.280,122.650,123.600,122.540
2016/04/14,Thu,123.280,123.220,123.460,122.710
2016/04/13,Wed,123.590,123.240,123.900,122.990
2016/04/12,Tue,123.150,123.550,124.030,123.040
2016/04/11,Mon,123.260,123.100,123.750,122.820
2016/04/10,Sun,,,,
2016/04/09,Sat,,,,
2016/04/08,Fri,123.130,123.140,124.250,122.930
2016/04/07,Thu,125.160,123.080,125.290,122.560
2016/04/06,Wed,125.640,125.120,125.870,124.840
2016/04/05,Tue,126.830,125.600,126.890,125.170
2016/04/04,Mon,127.250,126.790,127.390,126.440
2016/04/03,Sun,,,,
2016/04/02,Sat,,,,
2016/04/01,Fri,128.100,127.140,128.200,127.070
2016/03/31,Thu,127.470,128.070,128.250,126.950
2016/03/30,Wed,127.230,127.430,127.850,126.760
2016/03/29,Tue,127.030,127.200,127.480,126.780
2016/03/28,Mon,126.260,126.970,127.080,126.170
2016/03/27,Sun,,,,
2016/03/26,Sat,,,,
2016/03/25,Fri,126.170,126.190,126.470,125.890
2016/03/24,Thu,125.650,126.130,126.210,125.380
2016/03/23,Wed,126.050,125.640,126.280,125.520
2016/03/22,Tue,125.840,126.010,126.280,124.650
2016/03/21,Mon,125.740,125.810,126.100,125.210
2016/03/20,Sun,,,,
2016/03/19,Sat,,,,
2016/03/18,Fri,126.070,125.680,126.240,125.270
2016/03/17,Thu,126.380,126.040,126.630,125.330
2016/03/16,Wed,125.740,126.330,126.610,125.510
2016/03/15,Tue,126.410,125.710,126.530,125.080
2016/03/14,Mon,126.920,126.370,127.200,126.050
2016/03/13,Sun,,,,
2016/03/12,Sat,,,,
2016/03/11,Fri,126.510,126.880,127.300,126.070
2016/03/10,Thu,124.810,126.430,126.800,123.650
2016/03/09,Wed,123.940,124.760,124.910,123.040
2016/03/08,Tue,124.970,123.870,125.040,123.810
2016/03/07,Mon,125.260,124.910,125.450,124.220
2016/03/06,Sun,,,,
2016/03/05,Sat,,,,
2016/03/04,Fri,124.570,125.140,125.630,123.930
2016/03/03,Thu,123.330,124.530,124.650,123.270
2016/03/02,Wed,123.900,123.260,124.380,123.070
2016/03/01,Tue,122.510,123.830,124.110,122.040
2016/02/29,Mon,124.630,122.470,124.640,122.440
2016/02/28,Sun,,,,
2016/02/27,Sat,,,,
2016/02/26,Fri,124.560,124.600,125.040,124.210
2016/02/25,Thu,123.560,124.520,124.670,123.230
2016/02/24,Wed,123.550,123.510,123.650,122.450
2016/02/23,Tue,124.540,123.500,124.680,123.040
2016/02/22,Mon,125.260,124.520,125.580,124.330
2016/02/21,Sun,,,,
2016/02/20,Sat,,,,
2016/02/19,Fri,125.780,125.280,125.980,125.000
2016/02/18,Thu,126.980,125.720,127.210,125.550
2016/02/17,Wed,127.130,126.940,127.420,126.620
2016/02/16,Tue,127.810,127.070,128.180,126.600
2016/02/15,Mon,127.360,127.780,128.010,127.000
2016/02/14,Sun,,,,
2016/02/13,Sat,,,,
2016/02/12,Fri,127.360,127.440,127.680,126.400
2016/02/11,Thu,127.970,127.260,128.140,125.800
2016/02/10,Wed,130.010,127.930,130.120,127.720
2016/02/09,Tue,129.720,129.970,130.290,128.260
2016/02/08,Mon,130.460,129.680,130.930,128.750
2016/02/07,Sun,,,,
2016/02/06,Sat,,,,
2016/02/05,Fri,130.870,130.400,131.200,130.120
2016/02/04,Thu,130.910,130.840,131.670,130.620
2016/02/03,Wed,131.000,130.870,131.050,130.040
2016/02/02,Tue,131.740,130.940,132.010,130.870
2016/02/01,Mon,131.140,131.690,132.050,131.110
2016/01/31,Sun,,,,
2016/01/30,Sat,,,,
2016/01/29,Fri,129.980,131.120,132.280,129.580
2016/01/28,Thu,129.260,129.940,130.240,128.920
2016/01/27,Wed,128.740,129.230,129.540,128.240
2016/01/26,Tue,128.340,128.700,128.760,127.810
2016/01/25,Mon,128.280,128.300,128.540,127.840
2016/01/24,Sun,,,,
2016/01/23,Sat,,,,
2016/01/22,Fri,128.010,128.200,128.470,127.410
2016/01/21,Thu,127.360,127.960,128.220,126.150
2016/01/20,Wed,128.340,127.300,128.420,126.590
2016/01/19,Tue,127.800,128.260,128.590,127.720
2016/01/18,Mon,127.820,127.750,128.010,127.340
2016/01/17,Sun,,,,
2016/01/16,Sat,,,,
2016/01/15,Fri,128.260,127.750,128.510,127.580
2016/01/14,Thu,128.040,128.240,128.790,127.730
2016/01/13,Wed,127.730,127.930,128.570,127.600
2016/01/12,Tue,127.890,127.700,128.040,127.430
2016/01/11,Mon,128.390,127.820,128.490,127.290
2016/01/10,Sun,,,,
2016/01/09,Sat,,,,
2016/01/08,Fri,128.660,128.350,129.020,128.060
2016/01/07,Thu,127.730,128.650,128.700,126.760
2016/01/06,Wed,127.970,127.680,128.210,127.010
2016/01/05,Tue,129.370,127.930,129.510,127.500
2016/01/04,Mon,130.640,129.320,130.850,128.670
2016/01/03,Sun,,,,
2016/01/02,Sat,,,,
2016/01/01,Fri,130.680,130.620,130.750,130.480
2015/12/31,Thu,131.780,130.650,131.820,130.440
2015/12/30,Wed,131.550,131.680,131.930,131.430
2015/12/29,Tue,132.060,131.510,132.350,131.300
2015/12/28,Mon,131.930,132.000,132.500,131.680
2015/12/27,Sun,,,,
2015/12/26,Sat,,,,
2015/12/25,Fri,132.150,132.110,132.200,131.520
2015/12/24,Thu,131.910,132.090,132.200,131.570
2015/12/23,Wed,132.670,131.900,132.700,131.490
2015/12/22,Tue,132.290,132.600,132.820,132.080
2015/12/21,Mon,131.700,132.200,132.380,131.540
2015/12/20,Sun,,,,
2015/12/19,Sat,,,,
2015/12/18,Fri,132.690,131.680,133.900,131.000
2015/12/17,Thu,133.410,132.660,133.450,132.560
2015/12/16,Wed,133.060,133.330,133.890,132.660
2015/12/15,Tue,133.040,132.930,133.560,132.680
2015/12/14,Mon,132.780,133.000,133.290,132.430
2015/12/13,Sun,,,,
2015/12/12,Sat,,,,
2015/12/11,Fri,133.070,132.790,133.820,132.580
2015/12/10,Thu,133.930,133.010,134.140,132.760
2015/12/09,Wed,133.910,133.870,134.240,133.510
2015/12/08,Tue,133.690,133.900,134.050,133.470
2015/12/07,Mon,133.860,133.670,134.150,133.270
2015/12/06,Sun,,,,
2015/12/05,Sat,,,,
2015/12/04,Fri,134.160,134.050,134.610,133.320
2015/12/03,Thu,130.820,134.080,134.540,130.130
2015/12/02,Wed,130.650,130.770,131.010,130.290
2015/12/01,Tue,130.060,130.600,130.850,129.740
2015/11/30,Mon,130.120,130.010,130.320,129.800
2015/11/29,Sun,,,,
2015/11/28,Sat,,,,
2015/11/27,Fri,130.110,130.070,130.340,129.640
2015/11/26,Thu,130.410,130.030,130.500,129.870
2015/11/25,Wed,130.420,130.380,130.790,129.750
2015/11/24,Tue,130.660,130.350,130.830,130.180
2015/11/23,Mon,130.850,130.610,131.070,130.330
2015/11/22,Sun,,,,
2015/11/21,Sat,,,,
2015/11/20,Fri,131.880,130.790,132.070,130.680
2015/11/19,Thu,131.790,131.850,132.260,131.410
2015/11/18,Wed,131.390,131.740,131.820,131.100
2015/11/17,Tue,131.660,131.340,131.830,131.170
2015/11/16,Mon,131.560,131.570,132.240,130.630
2015/11/15,Sun,,,,
2015/11/14,Sat,,,,
2015/11/13,Fri,132.600,132.150,132.650,131.540
2015/11/12,Thu,132.010,132.610,132.790,131.470
2015/11/11,Wed,132.060,131.950,132.440,131.660
2015/11/10,Tue,132.450,132.060,132.810,131.610
2015/11/09,Mon,132.180,132.400,133.220,132.140
2015/11/08,Sun,,,,
2015/11/07,Sat,,,,
2015/11/06,Fri,132.510,132.220,133.200,131.540
2015/11/05,Thu,132.110,132.480,132.750,131.830
2015/11/04,Wed,132.780,132.020,132.940,131.810
2015/11/03,Tue,133.010,132.760,133.150,132.520
2015/11/02,Mon,133.050,132.980,133.240,132.610
2015/11/01,Sun,,,,
2015/10/31,Sat,,,,
2015/10/30,Fri,132.980,132.730,133.420,132.240
2015/10/29,Thu,132.290,132.940,133.060,131.610
2015/10/28,Wed,133.090,132.200,133.580,131.960
2015/10/27,Tue,133.910,133.070,133.950,132.700
2015/10/26,Mon,133.730,133.850,133.950,133.070
2015/10/25,Sun,,,,
2015/10/24,Sat,,,,
2015/10/23,Fri,134.070,133.770,134.290,133.360
2015/10/22,Thu,136.010,134.000,136.100,134.000
2015/10/21,Wed,135.970,135.950,136.420,135.850
2015/10/20,Tue,135.320,135.940,136.240,135.250
2015/10/19,Mon,135.610,135.280,135.820,135.050
2015/10/18,Sun,,,,
2015/10/17,Sat,,,,
2015/10/16,Fri,135.330,135.490,136.010,134.940
2015/10/15,Thu,136.340,135.300,136.760,134.780
2015/10/14,Wed,136.260,136.320,136.800,136.130
2015/10/13,Tue,136.310,136.240,136.640,136.000
2015/10/12,Mon,136.620,136.280,136.950,136.210
2015/10/11,Sun,,,,
2015/10/10,Sat,,,,
2015/10/09,Fri,135.260,136.530,136.980,135.050
2015/10/08,Thu,134.850,135.230,135.610,134.690
2015/10/07,Wed,135.510,134.820,135.660,134.590
2015/10/06,Tue,134.810,135.480,135.640,134.380
2015/10/05,Mon,134.570,134.720,135.750,134.400
2015/10/04,Sun,,,,
2015/10/03,Sat,,,,
2015/10/02,Fri,134.260,134.380,135.110,133.970
2015/10/01,Thu,133.960,134.230,134.310,133.430
2015/09/30,Wed,134.680,133.930,135.150,133.560
2015/09/29,Tue,134.860,134.610,134.990,134.220
2015/09/28,Mon,135.000,134.810,135.000,133.920
2015/09/27,Sun,,,,
2015/09/26,Sat,,,,
2015/09/25,Fri,134.850,134.940,135.420,134.100
2015/09/24,Thu,134.570,134.820,134.900,134.010
2015/09/23,Wed,133.610,134.530,134.720,133.140
2015/09/22,Tue,134.930,133.560,134.990,133.300
2015/09/21,Mon,135.440,134.820,136.150,134.750
2015/09/20,Sun,,,,
2015/09/19,Sat,,,,
2015/09/18,Fri,137.250,135.640,137.340,135.220
2015/09/17,Thu,136.110,137.200,137.640,136.030
2015/09/16,Wed,135.740,136.090,136.660,135.140
2015/09/15,Tue,136.030,135.670,136.440,134.980
2015/09/14,Mon,136.730,136.060,137.070,135.470
2015/09/13,Sun,,,,
2015/09/12,Sat,,,,
2015/09/11,Fri,136.060,136.690,136.950,135.710
2015/09/10,Thu,135.060,135.980,136.230,134.730
2015/09/09,Wed,134.210,134.990,135.230,134.170
2015/09/08,Tue,133.240,134.140,134.440,132.950
2015/09/07,Mon,132.790,133.190,133.390,132.570
2015/09/06,Sun,,,,
2015/09/05,Sat,,,,
2015/09/04,Fri,133.570,132.630,133.700,132.210
2015/09/03,Thu,135.090,133.520,135.390,133.120
2015/09/02,Wed,135.030,135.050,135.820,134.700
2015/09/01,Tue,135.950,135.010,136.270,134.660
2015/08/31,Mon,136.020,135.890,136.380,135.660
2015/08/30,Sun,,,,
2015/08/29,Sat,,,,
2015/08/28,Fri,136.100,136.050,136.650,135.290
2015/08/27,Thu,135.690,136.100,136.450,135.250
2015/08/26,Wed,136.910,135.640,137.630,135.410
2015/08/25,Tue,137.610,136.840,138.640,136.440
2015/08/24,Mon,138.730,137.580,139.030,135.920
2015/08/23,Sun,,,,
2015/08/22,Sat,,,,
2015/08/21,Fri,138.760,138.930,139.070,138.160
2015/08/20,Thu,137.670,138.690,138.790,137.600
2015/08/19,Wed,137.120,137.610,137.880,137.060
2015/08/18,Tue,137.800,137.050,137.930,137.050
2015/08/17,Mon,138.080,137.750,138.410,137.570
2015/08/16,Sun,,,,
2015/08/15,Sat,,,,
2015/08/14,Fri,138.730,138.050,138.890,137.920
2015/08/13,Thu,138.570,138.690,138.890,138.070
2015/08/12,Wed,138.160,138.560,138.900,138.010
2015/08/11,Tue,137.330,138.110,138.390,136.780
2015/08/10,Mon,136.260,137.310,137.450,136.100
2015/08/09,Sun,,,,
2015/08/08,Sat,,,,
2015/08/07,Fri,136.300,136.200,136.770,135.550
2015/08/06,Thu,136.260,136.240,136.510,135.790
2015/08/05,Wed,135.350,136.170,136.260,134.970
2015/08/04,Tue,135.860,135.310,136.200,135.260
2015/08/03,Mon,135.950,135.780,136.480,135.580
2015/08/02,Sun,,,,
2015/08/01,Sat,,,,
2015/07/31,Fri,135.730,136.150,137.350,135.570
2015/07/30,Thu,136.160,135.710,136.520,135.510
2015/07/29,Wed,136.650,136.110,137.130,135.960
2015/07/28,Tue,136.720,136.630,137.000,136.350
2015/07/27,Mon,135.880,136.660,137.150,135.730
2015/07/26,Sun,,,,
2015/07/25,Sat,,,,
2015/07/24,Fri,136.090,135.950,136.320,135.510
2015/07/23,Thu,135.480,136.040,136.540,135.400
2015/07/22,Wed,135.500,135.500,135.670,134.840
2015/07/21,Tue,134.520,135.460,135.790,134.480
2015/07/20,Mon,134.420,134.500,135.070,134.320
2015/07/19,Sun,,,,
2015/07/18,Sat,,,,
2015/07/17,Fri,135.020,134.340,135.310,134.320
2015/07/16,Thu,135.510,134.990,135.890,134.730
2015/07/15,Wed,135.850,135.480,136.400,135.340
2015/07/14,Tue,135.830,135.800,136.390,135.280
2015/07/13,Mon,136.290,135.790,137.820,135.410
2015/07/12,Sun,,,,
2015/07/11,Sat,,,,
2015/07/10,Fri,133.940,137.000,137.310,133.800
2015/07/09,Thu,133.700,133.900,135.100,133.280
2015/07/08,Wed,134.950,133.680,135.050,133.270
2015/07/07,Tue,135.530,134.870,135.700,133.490
2015/07/06,Mon,133.790,135.480,136.060,133.660
2015/07/05,Sun,,,,
2015/07/04,Sat,,,,
2015/07/03,Fri,136.420,136.470,136.880,135.900
2015/07/02,Thu,136.160,136.370,137.390,136.030
2015/07/01,Wed,136.470,136.110,137.440,136.010
2015/06/30,Tue,137.690,136.390,137.790,135.870
2015/06/29,Mon,135.450,137.660,138.170,133.790
2015/06/28,Sun,,,,
2015/06/27,Sat,,,,
2015/06/26,Fri,138.520,138.270,138.700,137.780
2015/06/25,Thu,138.780,138.480,138.930,137.650
2015/06/24,Wed,138.460,138.750,139.180,138.250
2015/06/23,Tue,139.920,138.430,140.060,138.190
2015/06/22,Mon,139.400,139.880,140.670,139.260
2015/06/21,Sun,,,,
2015/06/20,Sat,,,,
2015/06/19,Fri,139.690,139.230,140.060,138.910
2015/06/18,Thu,139.930,139.650,140.700,139.490
2015/06/17,Wed,138.760,139.920,140.510,138.660
2015/06/16,Tue,139.260,138.720,140.010,138.240
2015/06/15,Mon,138.510,139.240,139.370,138.050
2015/06/14,Sun,,,,
2015/06/13,Sat,,,,
2015/06/12,Fri,138.950,139.010,139.350,137.960
2015/06/11,Thu,138.930,138.900,139.550,138.540
2015/06/10,Wed,140.300,138.890,140.700,138.410
2015/06/09,Tue,140.570,140.270,141.030,139.360
2015/06/08,Mon,139.620,140.510,140.770,139.030
2015/06/07,Sun,,,,
2015/06/06,Sat,,,,
2015/06/05,Fri,139.770,139.570,140.720,139.010
2015/06/04,Thu,140.060,139.740,141.070,139.530
2015/06/03,Wed,138.440,140.020,140.190,138.040
2015/06/02,Tue,136.360,138.370,138.820,136.090
2015/06/01,Mon,136.370,136.300,136.620,135.120
2015/05/31,Sun,,,,
2015/05/30,Sat,,,,
2015/05/29,Fri,135.710,136.360,136.510,135.420
2015/05/28,Thu,134.850,135.690,135.880,134.740
2015/05/27,Wed,133.850,134.820,135.060,133.760
2015/05/26,Tue,133.450,133.820,134.550,133.090
2015/05/25,Mon,133.700,133.400,133.860,133.240
2015/05/24,Sun,,,,
2015/05/23,Sat,,,,
2015/05/22,Fri,134.510,133.870,135.370,133.700
2015/05/21,Thu,134.630,134.480,135.380,134.210
2015/05/20,Wed,134.570,134.580,134.910,133.900
2015/05/19,Tue,135.780,134.530,135.860,133.940
2015/05/18,Mon,136.580,135.750,136.990,135.570
2015/05/17,Sun,,,,
2015/05/16,Sat,,,,
2015/05/15,Fri,135.970,136.580,136.830,135.680
2015/05/14,Thu,135.350,135.900,136.430,135.180
2015/05/13,Wed,134.410,135.280,135.520,134.200
2015/05/12,Tue,133.950,134.380,135.320,133.750
2015/05/11,Mon,134.100,133.910,134.250,133.470
2015/05/10,Sun,,,,
2015/05/09,Sat,,,,
2015/05/08,Fri,134.900,134.200,135.600,134.090
2015/05/07,Thu,135.630,134.860,136.010,134.180
2015/05/06,Wed,134.070,135.560,135.720,133.980
2015/05/05,Tue,133.900,134.050,134.510,133.100
2015/05/04,Mon,134.600,133.840,134.740,133.670
2015/05/03,Sun,,,,
2015/05/02,Sat,,,,
2015/05/01,Fri,120.110,134.580,121.120,119.920
2015/04/30,Thu,132.480,133.920,134.530,131.300
2015/04/29,Wed,130.520,132.460,132.920,130.250
2015/04/28,Tue,129.680,130.490,130.700,129.340
2015/04/27,Mon,129.390,129.580,130.010,129.000
2015/04/26,Sun,,,,
2015/04/25,Sat,,,,
2015/04/24,Fri,129.450,129.340,130.150,128.820
2015/04/23,Thu,128.600,129.410,129.690,127.850
2015/04/22,Wed,128.480,128.590,128.980,128.170
2015/04/21,Tue,127.990,128.430,128.800,127.440
2015/04/20,Mon,128.700,127.960,128.840,127.580
2015/04/19,Sun,,,,
2015/04/18,Sat,,,,
2015/04/17,Fri,128.070,128.470,128.770,127.760
2015/04/16,Thu,127.320,128.030,128.600,126.730
2015/04/15,Wed,127.200,127.280,127.500,126.260
2015/04/14,Tue,126.950,127.140,127.660,126.070
2015/04/13,Mon,127.460,126.900,127.850,126.530
2015/04/12,Sun,,,,
2015/04/11,Sat,,,,
2015/04/10,Fri,128.540,127.450,128.810,127.190
2015/04/09,Thu,129.530,128.500,129.790,128.220
2015/04/08,Wed,130.080,129.480,130.380,129.360
2015/04/07,Tue,130.540,130.050,131.070,129.980
2015/04/06,Mon,130.760,130.530,131.320,130.430
2015/04/05,Sun,,,,
2015/04/04,Sat,,,,
2015/04/03,Fri,130.300,130.570,131.620,129.990
2015/04/02,Thu,128.920,130.250,130.510,128.600
2015/04/01,Wed,128.910,128.870,129.490,128.400
2015/03/31,Tue,130.090,128.890,130.290,128.590
2015/03/30,Mon,129.730,130.050,130.220,129.290
2015/03/29,Sun,,,,
2015/03/28,Sat,,,,
2015/03/27,Fri,129.720,129.660,130.420,129.000
2015/03/26,Thu,131.100,129.700,131.170,129.510
2015/03/25,Wed,130.840,131.060,131.450,130.570
2015/03/24,Tue,131.060,130.810,131.540,130.340
2015/03/23,Mon,130.100,131.040,131.370,129.280
2015/03/22,Sun,,,,
2015/03/21,Sat,,,,
2015/03/20,Fri,128.780,129.870,130.720,128.630
2015/03/19,Thu,130.520,128.740,130.800,128.350
2015/03/18,Wed,128.620,130.480,131.540,128.250
2015/03/17,Tue,128.240,128.590,129.170,128.070
2015/03/16,Mon,127.390,128.190,128.820,126.970
2015/03/15,Sun,,,,
2015/03/14,Sat,,,,
2015/03/13,Fri,129.010,127.360,129.070,126.890
2015/03/12,Thu,128.100,128.980,129.050,127.640
2015/03/11,Wed,129.590,128.060,129.990,127.620
2015/03/10,Tue,131.490,129.570,131.900,129.450
2015/03/09,Mon,130.880,131.460,131.830,130.690
2015/03/08,Sun,,,,
2015/03/07,Sat,,,,
2015/03/06,Fri,132.510,131.020,132.590,130.880
2015/03/05,Thu,132.590,132.480,133.620,132.090
2015/03/04,Wed,133.820,132.540,133.880,132.380
2015/03/03,Tue,134.350,133.780,134.470,133.640
2015/03/02,Mon,133.740,134.330,134.610,133.580
2015/03/01,Sun,,,,
2015/02/28,Sat,,,,
2015/02/27,Fri,133.730,133.770,134.300,133.430
2015/02/26,Thu,135.050,133.690,135.390,133.540
2015/02/25,Wed,134.920,135.010,135.260,134.550
2015/02/24,Tue,134.650,134.900,135.680,134.500
2015/02/23,Mon,135.500,134.610,136.010,134.420
2015/02/22,Sun,,,,
2015/02/21,Sat,,,,
2015/02/20,Fri,135.200,135.410,135.910,133.540
2015/02/19,Thu,135.390,135.190,135.960,134.940
2015/02/18,Wed,136.100,135.350,136.140,134.840
2015/02/17,Tue,134.510,136.060,136.260,133.930
2015/02/16,Mon,135.220,134.490,135.590,133.960
2015/02/15,Sun,,,,
2015/02/14,Sat,,,,
2015/02/13,Fri,135.830,135.140,136.060,135.150
2015/02/12,Thu,136.510,135.800,136.730,134.800
2015/02/11,Wed,135.200,136.480,136.730,135.010
2015/02/10,Tue,134.350,135.170,135.330,134.020
2015/02/09,Mon,134.860,134.320,135.020,133.660
2015/02/08,Sun,,,,
2015/02/07,Sat,,,,
2015/02/06,Fri,134.890,134.580,135.220,133.680
2015/02/05,Thu,133.060,134.840,135.190,132.540
2015/02/04,Wed,134.990,133.020,135.390,132.530
2015/02/03,Tue,133.410,134.940,135.230,132.380
2015/02/02,Mon,132.550,133.340,133.630,132.000
2015/02/01,Sun,,,,
2015/01/31,Sat,,,,
2015/01/30,Fri,133.910,132.540,134.210,132.350
2015/01/29,Thu,132.680,133.860,134.100,132.360
2015/01/28,Wed,134.180,132.640,134.380,132.450
2015/01/27,Tue,133.130,134.120,134.230,132.490
2015/01/26,Mon,131.550,133.110,133.730,130.160
2015/01/25,Sun,,,,
2015/01/24,Sat,,,,
2015/01/23,Fri,134.680,131.950,135.090,130.920
2015/01/22,Thu,136.950,134.650,137.340,134.220
2015/01/21,Wed,137.240,136.890,137.340,135.800
2015/01/20,Tue,136.450,137.190,137.660,136.400
2015/01/19,Mon,136.080,136.410,136.850,135.140
2015/01/18,Sun,,,,
2015/01/17,Sat,,,,
2015/01/16,Fri,135.130,136.040,136.210,134.800
2015/01/15,Thu,138.340,135.070,138.830,134.950
2015/01/14,Wed,138.850,138.310,138.940,136.970
2015/01/13,Tue,140.060,138.820,140.540,138.300
2015/01/12,Mon,140.330,140.000,140.910,139.740
2015/01/11,Sun,,,,
2015/01/10,Sat,,,,
2015/01/09,Fri,141.120,140.290,141.400,140.170
2015/01/08,Thu,141.200,141.090,141.760,140.690
2015/01/07,Wed,140.780,141.170,141.700,140.350
2015/01/06,Tue,142.760,140.740,142.810,140.720
2015/01/05,Mon,144.630,142.730,144.700,142.300
2015/01/04,Sun,,,,
2015/01/03,Sat,,,,
2015/01/02,Fri,145.000,144.590,145.360,144.150
2015/01/01,Thu,144.820,144.950,145.100,144.740
2014/12/31,Wed,145.240,144.780,145.600,144.760
2014/12/30,Tue,146.640,145.220,146.770,144.750
2014/12/29,Mon,146.600,146.600,147.240,146.480
2014/12/28,Sun,,,,
2014/12/27,Sat,,,,
2014/12/26,Fri,146.790,146.570,147.120,146.450
2014/12/25,Thu,146.950,146.750,147.230,146.590
2014/12/24,Wed,146.930,146.900,147.180,146.430
2014/12/23,Tue,146.840,146.870,147.170,146.700
2014/12/22,Mon,146.120,146.810,147.150,145.880
2014/12/21,Sun,,,,
2014/12/20,Sat,,,,
2014/12/19,Fri,146.000,146.090,146.750,145.930
2014/12/18,Thu,146.440,145.970,146.790,145.590
2014/12/17,Wed,145.640,146.410,146.800,145.320
2014/12/16,Tue,146.550,145.600,147.050,144.950
2014/12/15,Mon,148.130,146.500,148.490,146.250
2014/12/14,Sun,,,,
2014/12/13,Sat,,,,
2014/12/12,Fri,147.300,147.990,148.220,146.930
2014/12/11,Thu,146.630,147.230,148.860,146.410
2014/12/10,Wed,148.120,146.600,148.300,146.480
2014/12/09,Tue,148.660,148.100,148.900,146.790
2014/12/08,Mon,149.140,148.620,149.760,148.170
2014/12/07,Sun,,,,
2014/12/06,Sat,,,,
2014/12/05,Fri,148.300,149.150,149.550,148.240
2014/12/04,Thu,147.490,148.250,148.990,147.290
2014/12/03,Wed,147.630,147.440,147.960,147.010
2014/12/02,Tue,147.630,147.570,148.220,147.430
2014/12/01,Mon,147.880,147.620,148.190,147.070
2014/11/30,Sun,,,,
2014/11/29,Sat,,,,
2014/11/28,Fri,146.740,147.670,148.030,146.740
2014/11/27,Thu,147.250,146.720,147.300,146.410
2014/11/26,Wed,147.170,147.210,147.450,146.480
2014/11/25,Tue,147.170,147.160,147.430,146.280
2014/11/24,Mon,145.800,147.140,147.350,145.570
2014/11/23,Sun,,,,
2014/11/22,Sat,,,,
2014/11/21,Fri,148.230,145.930,148.460,145.680
2014/11/20,Thu,148.100,148.200,149.160,147.860
2014/11/19,Wed,146.520,148.090,148.320,146.350
2014/11/18,Tue,145.230,146.500,146.730,145.140
2014/11/17,Mon,145.700,145.210,146.550,144.760
2014/11/16,Sun,,,,
2014/11/15,Sat,,,,
2014/11/14,Fri,144.420,145.580,145.880,144.300
2014/11/13,Thu,143.650,144.370,144.630,143.550
2014/11/12,Wed,144.440,143.620,144.730,143.340
2014/11/11,Tue,142.670,144.410,144.540,142.570
2014/11/10,Mon,142.660,142.640,142.950,142.070
2014/11/09,Sun,,,,
2014/11/08,Sat,,,,
2014/11/07,Fri,142.570,142.610,143.030,141.980
2014/11/06,Thu,143.150,142.540,144.230,142.160
2014/11/05,Wed,142.510,143.120,143.480,142.320
2014/11/04,Tue,142.350,142.470,142.640,141.690
2014/11/03,Mon,140.750,142.330,142.600,140.380
2014/11/02,Sun,,,,
2014/11/01,Sat,,,,
2014/10/31,Fri,137.750,140.640,140.840,137.660
2014/10/30,Thu,137.550,137.720,138.100,137.040
2014/10/29,Wed,137.730,137.530,138.050,137.240
2014/10/28,Tue,136.910,137.710,137.820,136.850
2014/10/27,Mon,137.150,136.890,137.490,136.570
2014/10/26,Sun,,,,
2014/10/25,Sat,,,,
2014/10/24,Fri,136.920,137.010,137.110,136.490
2014/10/23,Thu,135.520,136.870,137.030,135.190
2014/10/22,Wed,136.070,135.510,136.240,135.410
2014/10/21,Tue,136.880,136.000,136.980,135.680
2014/10/20,Mon,136.490,136.860,137.040,136.260
2014/10/19,Sun,,,,
2014/10/18,Sat,,,,
2014/10/17,Fri,136.200,136.380,136.750,135.730
2014/10/16,Thu,135.980,136.160,136.330,134.130
2014/10/15,Wed,135.520,135.930,136.080,135.120
2014/10/14,Tue,136.250,135.490,136.590,135.020
2014/10/13,Mon,135.870,136.230,136.350,135.540
2014/10/12,Sun,,,,
2014/10/11,Sat,,,,
2014/10/10,Fri,136.860,135.930,137.110,135.820
2014/10/09,Thu,137.640,136.840,137.910,136.610
2014/10/08,Wed,136.880,137.620,137.970,136.640
2014/10/07,Tue,137.670,136.840,137.810,136.550
2014/10/06,Mon,137.330,137.630,137.810,137.030
2014/10/05,Sun,,,,
2014/10/04,Sat,,,,
2014/10/03,Fri,137.360,137.360,138.240,137.070
2014/10/02,Thu,137.480,137.330,137.760,136.850
2014/10/01,Wed,138.510,137.430,138.840,137.380
2014/09/30,Tue,138.880,138.490,138.970,137.920
2014/09/29,Mon,138.630,138.840,139.170,138.490
2014/09/28,Sun,,,,
2014/09/27,Sat,,,,
2014/09/26,Fri,138.670,138.590,139.120,138.380
2014/09/25,Thu,139.330,138.630,139.740,138.430
2014/09/24,Wed,139.910,139.300,139.990,138.960
2014/09/23,Tue,139.860,139.860,140.250,139.240
2014/09/22,Mon,139.910,139.850,140.250,139.620
2014/09/21,Sun,,,,
2014/09/20,Sat,,,,
2014/09/19,Fri,140.430,139.840,141.260,139.660
2014/09/18,Thu,139.450,140.450,140.570,139.140
2014/09/17,Wed,138.860,139.420,139.640,138.750
2014/09/16,Tue,138.700,138.820,139.010,138.510
2014/09/15,Mon,139.180,138.670,139.290,138.430
2014/09/14,Sun,,,,
2014/09/13,Sat,,,,
2014/09/12,Fri,138.450,139.130,139.230,138.220
2014/09/11,Thu,138.020,138.430,138.570,137.730
2014/09/10,Wed,137.390,137.970,138.200,137.290
2014/09/09,Tue,136.750,137.340,137.550,136.610
2014/09/08,Mon,136.010,136.720,137.030,135.760
2014/09/07,Sun,,,,
2014/09/06,Sat,,,,
2014/09/05,Fri,136.250,136.080,136.630,135.750
2014/09/04,Thu,137.790,136.250,138.050,135.950
2014/09/03,Wed,137.980,137.800,138.300,137.670
2014/09/02,Tue,137.010,137.970,138.130,136.920
2014/09/01,Mon,136.710,136.980,137.080,136.640
2014/08/31,Sun,,,,
2014/08/30,Sat,,,,
2014/08/29,Fri,136.690,136.640,137.230,136.570
2014/08/28,Thu,137.050,136.700,137.250,136.400
2014/08/27,Wed,137.070,137.000,137.320,136.730
2014/08/26,Tue,137.280,137.000,137.440,136.990
2014/08/25,Mon,137.410,137.230,138.050,137.080
2014/08/24,Sun,,,,
2014/08/23,Sat,,,,
2014/08/22,Fri,137.910,137.610,138.050,137.300
2014/08/21,Thu,137.570,137.880,137.990,137.450
2014/08/20,Wed,137.060,137.530,137.700,136.990
2014/08/19,Tue,137.070,137.040,137.190,136.780
2014/08/18,Mon,137.050,137.040,137.300,136.770
2014/08/17,Sun,,,,
2014/08/16,Sat,,,,
2014/08/15,Fri,136.930,137.120,137.650,136.750
2014/08/14,Thu,136.890,136.870,137.280,136.780
2014/08/13,Wed,136.710,136.860,137.200,136.600
2014/08/12,Tue,136.800,136.700,136.920,136.340
2014/08/11,Mon,136.770,136.770,137.090,136.580
2014/08/10,Sun,,,,
2014/08/09,Sat,,,,
2014/08/08,Fri,136.450,136.840,136.980,135.710
2014/08/07,Thu,136.650,136.390,137.150,136.240
2014/08/06,Wed,137.230,136.610,137.270,136.140
2014/08/05,Tue,137.700,137.210,137.760,137.060
2014/08/04,Mon,137.760,137.670,137.950,137.400
2014/08/03,Sun,,,,
2014/08/02,Sat,,,,
2014/08/01,Fri,137.630,137.790,138.070,137.530
2014/07/31,Thu,137.710,137.620,137.890,137.480
2014/07/30,Wed,136.940,137.680,137.890,136.810
2014/07/29,Tue,136.900,136.920,137.140,136.740
2014/07/28,Mon,136.700,136.880,136.970,136.610
2014/07/27,Sun,,,,
2014/07/26,Sat,,,,
2014/07/25,Fri,137.080,136.730,137.280,136.630
2014/07/24,Thu,136.640,137.070,137.220,136.340
2014/07/23,Wed,136.630,136.620,136.810,136.390
2014/07/22,Tue,137.130,136.610,137.380,136.570
2014/07/21,Mon,137.160,137.110,137.200,136.870
2014/07/20,Sun,,,,
2014/07/19,Sat,,,,
2014/07/18,Fri,136.870,137.030,137.320,136.700
2014/07/17,Thu,137.510,136.820,137.570,136.800
2014/07/16,Wed,138.010,137.510,138.120,137.470
2014/07/15,Tue,138.300,137.990,138.470,137.870
2014/07/14,Mon,137.930,138.270,138.490,137.790
2014/07/13,Sun,,,,
2014/07/12,Sat,,,,
2014/07/11,Fri,137.920,137.930,138.070,137.650
2014/07/10,Thu,138.700,137.900,138.750,137.480
2014/07/09,Wed,138.280,138.650,138.790,138.120
2014/07/08,Tue,138.570,138.260,138.670,138.100
2014/07/07,Mon,138.820,138.520,138.880,138.420
2014/07/06,Sun,,,,
2014/07/05,Sat,,,,
2014/07/04,Fri,139.090,138.780,139.150,138.570
2014/07/03,Thu,139.010,139.070,139.530,138.940
2014/07/02,Wed,138.880,139.010,139.100,138.530
2014/07/01,Tue,138.760,138.870,139.170,138.670
2014/06/30,Mon,138.460,138.690,138.800,138.090
2014/06/29,Sun,,,,
2014/06/28,Sat,,,,
2014/06/27,Fri,138.480,138.330,138.530,137.970
2014/06/26,Thu,138.850,138.460,138.870,137.900
2014/06/25,Wed,138.760,138.820,138.940,138.540
2014/06/24,Tue,138.710,138.730,138.960,138.440
2014/06/23,Mon,138.800,138.660,138.940,138.260
2014/06/22,Sun,,,,
2014/06/21,Sat,,,,
2014/06/20,Fri,138.750,138.790,138.940,138.510
2014/06/19,Thu,138.570,138.680,138.920,138.410
2014/06/18,Wed,138.370,138.550,138.890,138.310
2014/06/17,Tue,138.240,138.350,138.570,138.170
2014/06/16,Mon,138.190,138.210,138.310,137.680
2014/06/15,Sun,,,,
2014/06/14,Sat,,,,
2014/06/13,Fri,137.860,138.200,138.590,137.740
2014/06/12,Thu,138.160,137.810,138.380,137.700
2014/06/11,Wed,138.670,138.110,138.700,137.840
2014/06/10,Tue,139.380,138.650,139.460,138.440
2014/06/09,Mon,139.870,139.350,140.120,139.240
2014/06/08,Sun,,,,
2014/06/07,Sat,,,,
2014/06/06,Fri,139.890,139.780,140.000,139.370
2014/06/05,Thu,139.750,139.830,140.010,138.660
2014/06/04,Wed,139.710,139.690,139.990,139.510
2014/06/03,Tue,139.210,139.650,139.810,139.090
2014/06/02,Mon,138.820,139.150,139.360,138.650
2014/06/01,Sun,,,,
2014/05/31,Sat,,,,
2014/05/30,Fri,138.460,138.730,138.920,138.060
2014/05/29,Thu,138.410,138.440,138.570,137.950
2014/05/28,Wed,139.060,138.380,139.150,138.270
2014/05/27,Tue,139.130,139.010,139.400,138.800
2014/05/26,Mon,138.950,139.100,139.150,138.720
2014/05/25,Sun,,,,
2014/05/24,Sat,,,,
2014/05/23,Fri,138.930,139.000,139.080,138.590
2014/05/22,Thu,138.710,138.890,139.150,138.630
2014/05/21,Wed,138.850,138.710,138.950,138.130
2014/05/20,Tue,139.160,138.810,139.340,138.530
2014/05/19,Mon,139.140,139.110,139.300,138.590
2014/05/18,Sun,,,,
2014/05/17,Sat,,,,
2014/05/16,Fri,139.260,138.960,139.470,138.760
2014/05/15,Thu,139.770,139.240,139.910,138.960
2014/05/14,Wed,140.130,139.700,140.310,139.440
2014/05/13,Tue,140.500,140.100,140.970,139.960
2014/05/12,Mon,140.020,140.460,140.670,139.950
2014/05/11,Sun,,,,
2014/05/10,Sat,,,,
2014/05/09,Fri,140.700,140.120,140.850,139.870
2014/05/08,Thu,141.790,140.680,142.400,140.510
2014/05/07,Wed,141.630,141.750,142.020,141.140
2014/05/06,Tue,141.740,141.580,142.130,141.330
2014/05/05,Mon,141.750,141.700,142.030,141.280
2014/05/04,Sun,,,,
2014/05/03,Sat,,,,
2014/05/02,Fri,141.940,141.720,142.410,141.620
2014/05/01,Thu,141.810,141.910,142.060,141.650
2014/04/30,Wed,141.760,141.770,142.200,141.120
2014/04/29,Tue,141.960,141.710,142.510,141.570
2014/04/28,Mon,141.330,141.920,142.170,140.990
2014/04/27,Sun,,,,
2014/04/26,Sat,,,,
2014/04/25,Fri,141.530,141.280,141.780,141.010
2014/04/24,Thu,141.690,141.480,141.830,141.030
2014/04/23,Wed,141.670,141.660,142.030,141.170
2014/04/22,Tue,141.540,141.620,141.810,141.200
2014/04/21,Mon,141.570,141.510,141.840,141.380
2014/04/20,Sun,,,,
2014/04/19,Sat,,,,
2014/04/18,Fri,141.450,141.430,141.690,141.370
2014/04/17,Thu,141.250,141.430,141.670,140.980
2014/04/16,Wed,140.820,141.210,141.780,140.630
2014/04/15,Tue,140.750,140.760,140.930,140.220
2014/04/14,Mon,140.670,140.690,140.970,140.400
2014/04/13,Sun,,,,
2014/04/12,Sat,,,,
2014/04/11,Fri,141.000,141.080,141.570,140.630
2014/04/10,Thu,141.310,140.970,141.580,140.590
2014/04/09,Wed,140.470,141.280,141.370,140.420
2014/04/08,Tue,141.690,140.410,141.760,140.060
2014/04/07,Mon,141.510,141.650,141.930,141.110
2014/04/06,Sun,,,,
2014/04/05,Sat,,,,
2014/04/04,Fri,142.580,141.510,142.670,141.370
2014/04/03,Thu,143.010,142.540,143.490,142.280
2014/04/02,Wed,142.960,142.960,143.510,142.710
2014/04/01,Tue,142.140,142.940,143.100,141.980
2014/03/31,Mon,141.460,142.090,142.640,141.300
2014/03/30,Sun,,,,
2014/03/29,Sat,,,,
2014/03/28,Fri,140.410,141.380,141.680,139.950
2014/03/27,Thu,140.650,140.370,141.060,140.160
2014/03/26,Wed,141.400,140.620,141.530,140.480
2014/03/25,Tue,141.500,141.360,141.620,140.690
2014/03/24,Mon,141.010,141.470,141.910,140.700
2014/03/23,Sun,,,,
2014/03/22,Sat,,,,
2014/03/21,Fri,141.110,140.990,141.350,140.420
2014/03/20,Thu,141.540,141.060,141.750,140.770
2014/03/19,Wed,141.360,141.540,141.950,141.050
2014/03/18,Tue,141.690,141.320,142.010,140.740
2014/03/17,Mon,140.990,141.650,142.010,140.680
2014/03/16,Sun,,,,
2014/03/15,Sat,,,,
2014/03/14,Fri,141.250,141.000,141.530,140.430
2014/03/13,Thu,142.880,141.220,143.430,140.690
2014/03/12,Wed,142.790,142.850,143.000,142.220
2014/03/11,Tue,143.310,142.750,143.480,142.620
2014/03/10,Mon,143.290,143.270,143.630,142.640
2014/03/09,Sun,,,,
2014/03/08,Sat,,,,
2014/03/07,Fri,142.860,143.270,143.820,142.520
2014/03/06,Thu,140.510,142.820,142.930,140.450
2014/03/05,Wed,140.470,140.480,140.800,140.160
2014/03/04,Tue,139.340,140.440,140.550,139.260
2014/03/03,Mon,139.990,139.300,140.080,139.130
2014/03/02,Sun,,,,
2014/03/01,Sat,,,,
2014/02/28,Fri,140.010,140.500,141.150,139.100
2014/02/27,Thu,140.130,139.970,140.240,138.770
2014/02/26,Wed,140.510,140.090,140.810,139.630
2014/02/25,Tue,140.770,140.500,140.990,140.110
2014/02/24,Mon,140.870,140.770,141.070,140.320
2014/02/23,Sun,,,,
2014/02/22,Sat,,,,
2014/02/21,Fri,140.320,140.830,141.300,140.260
2014/02/20,Thu,140.510,140.280,140.650,139.200
2014/02/19,Wed,140.820,140.490,140.950,139.980
2014/02/18,Tue,139.730,140.800,141.070,139.530
2014/02/17,Mon,139.330,139.650,139.790,138.940
2014/02/16,Sun,,,,
2014/02/15,Sat,,,,
2014/02/14,Fri,139.770,139.320,140.080,138.980
2014/02/13,Thu,139.390,139.730,139.950,138.860
2014/02/12,Wed,139.980,139.350,140.070,138.660
2014/02/11,Tue,139.550,139.950,140.310,139.260
2014/02/10,Mon,139.500,139.500,139.840,139.150
2014/02/09,Sun,,,,
2014/02/08,Sat,,,,
2014/02/07,Fri,138.760,139.510,139.620,137.790
2014/02/06,Thu,137.300,138.710,138.860,136.750
2014/02/05,Wed,137.430,137.280,137.570,136.540
2014/02/04,Tue,136.600,137.400,137.480,136.220
2014/02/03,Mon,137.710,136.550,138.140,136.330
2014/02/02,Sun,,,,
2014/02/01,Sat,,,,
2014/01/31,Fri,139.260,137.590,139.520,137.480
2014/01/30,Thu,139.770,139.210,139.980,138.880
2014/01/29,Wed,140.750,139.730,141.290,139.040
2014/01/28,Tue,140.200,140.710,141.010,140.130
2014/01/27,Mon,139.870,140.170,140.730,139.190
2014/01/26,Sun,,,,
2014/01/25,Sat,,,,
2014/01/24,Fri,141.420,139.870,141.810,139.740
2014/01/23,Thu,141.590,141.390,142.450,141.010
2014/01/22,Wed,141.470,141.570,141.870,141.060
2014/01/21,Tue,141.190,141.420,141.890,141.010
2014/01/20,Mon,141.280,141.140,141.410,140.320
2014/01/19,Sun,,,,
2014/01/18,Sat,,,,
2014/01/17,Fri,142.140,141.200,142.200,140.950
2014/01/16,Thu,142.260,142.120,142.930,141.670
2014/01/15,Wed,142.570,142.220,142.650,141.780
2014/01/14,Tue,140.810,142.540,142.660,140.750
2014/01/13,Mon,142.310,140.780,142.380,140.480
2014/01/12,Sun,,,,
2014/01/11,Sat,,,,
2014/01/10,Fri,142.660,142.300,143.480,142.040
2014/01/09,Thu,142.350,142.620,143.070,142.030
2014/01/08,Wed,142.430,142.330,143.200,142.090
2014/01/07,Tue,142.040,142.410,142.630,141.930
2014/01/06,Mon,142.500,142.010,142.800,141.490
2014/01/05,Sun,,,,
2014/01/04,Sat,,,,
2014/01/03,Fri,143.230,142.420,143.350,141.940
2014/01/02,Thu,144.760,143.210,145.160,142.820
2014/01/01,Wed,144.760,144.710,145.080,144.650
2013/12/31,Tue,145.140,144.730,145.190,144.400
2013/12/30,Mon,144.490,145.140,145.200,144.480
2013/12/29,Sun,,,,
2013/12/28,Sat,,,,
2013/12/27,Fri,143.500,144.490,145.750,143.420
2013/12/26,Thu,142.790,143.470,143.560,142.790
2013/12/25,Wed,142.810,142.740,143.130,142.510
2013/12/24,Tue,142.580,142.770,142.920,142.440
2013/12/23,Mon,142.290,142.560,142.760,142.070
2013/12/22,Sun,,,,
2013/12/21,Sat,,,,
2013/12/20,Fri,142.430,142.270,142.770,142.060
2013/12/19,Thu,142.690,142.410,142.870,141.850
2013/12/18,Wed,141.370,142.660,142.930,141.200
2013/12/17,Tue,141.770,141.320,141.970,140.960
2013/12/16,Mon,141.780,141.730,142.160,141.200
2013/12/15,Sun,,,,
2013/12/14,Sat,,,,
2013/12/13,Fri,142.200,141.790,142.850,141.410
2013/12/12,Thu,141.200,142.160,142.260,141.130
2013/12/11,Wed,141.520,141.190,141.710,140.900
2013/12/10,Tue,141.900,141.470,142.200,141.260
2013/12/09,Mon,140.970,141.860,141.980,140.790
2013/12/08,Sun,,,,
2013/12/07,Sat,,,,
2013/12/06,Fri,139.120,141.000,141.090,138.950
2013/12/05,Thu,139.140,139.090,139.600,138.430
2013/12/04,Wed,139.290,139.120,139.630,138.420
2013/12/03,Tue,139.420,139.270,140.050,138.690
2013/12/02,Mon,139.240,139.380,139.740,139.020
2013/12/01,Sun,,,,
2013/11/30,Sat,,,,
2013/11/29,Fri,139.220,139.160,139.740,138.950
2013/11/28,Thu,138.740,139.160,139.300,138.290
2013/11/27,Wed,137.490,138.700,138.820,137.270
2013/11/26,Tue,137.430,137.450,137.700,137.100
2013/11/25,Mon,137.290,137.390,138.010,137.000
2013/11/24,Sun,,,,
2013/11/23,Sat,,,,
2013/11/22,Fri,136.380,137.300,137.360,136.000
2013/11/21,Thu,134.450,136.360,136.440,134.350
2013/11/20,Wed,135.570,134.410,135.980,134.090
2013/11/19,Tue,135.050,135.560,135.760,134.600
2013/11/18,Mon,135.230,135.000,135.450,134.730
2013/11/17,Sun,,,,
2013/11/16,Sat,,,,
2013/11/15,Fri,134.620,135.190,135.340,134.480
2013/11/14,Thu,133.850,134.580,134.750,133.690
2013/11/13,Wed,133.860,133.790,134.000,133.220
2013/11/12,Tue,132.930,133.840,134.070,132.880
2013/11/11,Mon,132.600,132.910,133.170,132.180
2013/11/10,Sun,,,,
2013/11/09,Sat,,,,
2013/11/08,Fri,131.630,132.460,132.560,131.300
2013/11/07,Thu,133.320,131.600,133.560,131.210
2013/11/06,Wed,132.750,133.280,133.750,132.540
2013/11/05,Tue,133.280,132.710,133.370,132.350
2013/11/04,Mon,133.100,133.240,133.390,132.840
2013/11/03,Sun,,,,
2013/11/02,Sat,,,,
2013/11/01,Fri,133.600,133.060,133.720,132.590
2013/10/31,Thu,135.320,133.580,135.390,133.340
2013/10/30,Wed,134.960,135.280,135.480,134.760
2013/10/29,Tue,134.640,134.930,135.220,134.240
2013/10/28,Mon,134.510,134.600,135.030,134.510
2013/10/27,Sun,,,,
2013/10/26,Sat,,,,
2013/10/25,Fri,134.250,134.460,134.570,133.870
2013/10/24,Thu,134.160,134.220,134.820,133.880
2013/10/23,Wed,135.250,134.100,135.320,133.590
2013/10/22,Tue,134.360,135.220,135.530,133.880
2013/10/21,Mon,133.770,134.320,134.400,133.710
2013/10/20,Sun,,,,
2013/10/19,Sat,,,,
2013/10/18,Fri,133.890,133.690,134.230,133.590
2013/10/17,Thu,133.680,133.860,133.980,133.310
2013/10/16,Wed,132.760,133.660,133.780,132.730
2013/10/15,Tue,133.680,132.740,133.870,132.690
2013/10/14,Mon,133.520,133.660,133.760,132.860
2013/10/13,Sun,,,,
2013/10/12,Sat,,,,
2013/10/11,Fri,132.700,133.460,133.630,132.440
2013/10/10,Thu,131.650,132.690,133.000,131.600
2013/10/09,Wed,131.500,131.640,132.210,131.220
2013/10/08,Tue,131.340,131.450,132.070,131.100
2013/10/07,Mon,132.120,131.310,132.140,131.260
2013/10/06,Sun,,,,
2013/10/05,Sat,,,,
2013/10/04,Fri,132.450,132.130,132.720,131.750
2013/10/03,Thu,132.190,132.410,133.240,132.120
2013/10/02,Wed,132.550,132.140,132.670,131.420
2013/10/01,Tue,132.850,132.500,133.510,132.310
2013/09/30,Mon,132.450,132.820,133.260,131.380
2013/09/29,Sun,,,,
2013/09/28,Sat,,,,
2013/09/27,Fri,133.510,132.830,133.610,132.610
2013/09/26,Thu,133.150,133.490,133.970,132.870
2013/09/25,Wed,133.030,133.110,133.590,132.680
2013/09/24,Tue,133.380,132.980,134.030,132.680
2013/09/23,Mon,134.290,133.330,134.550,133.070
2013/09/22,Sun,,,,
2013/09/21,Sat,,,,
2013/09/20,Fri,134.560,134.270,134.760,134.140
2013/09/19,Thu,132.430,134.520,134.990,132.330
2013/09/18,Wed,132.410,132.410,132.840,131.840
2013/09/17,Tue,132.110,132.380,132.680,132.010
2013/09/16,Mon,132.400,132.060,132.430,131.690
2013/09/15,Sun,,,,
2013/09/14,Sat,,,,
2013/09/13,Fri,132.390,132.070,132.680,131.640
2013/09/12,Thu,132.940,132.360,133.130,131.710
2013/09/11,Wed,133.200,132.890,133.390,132.750
2013/09/10,Tue,132.000,133.190,133.320,131.890
2013/09/09,Mon,131.450,131.960,132.260,130.970
2013/09/08,Sun,,,,
2013/09/07,Sat,,,,
2013/09/06,Fri,131.350,130.600,131.510,129.890
2013/09/05,Thu,131.760,131.330,132.170,130.990
2013/09/04,Wed,131.140,131.740,131.850,130.790
2013/09/03,Tue,131.050,131.110,131.490,130.640
2013/09/02,Mon,129.970,131.020,131.420,129.760
2013/09/01,Sun,,,,
2013/08/31,Sat,,,,
2013/08/30,Fri,130.230,129.770,130.370,129.310
2013/08/29,Thu,130.260,130.200,130.640,129.950
2013/08/28,Wed,129.960,130.220,130.590,129.680
2013/08/27,Tue,131.700,129.930,131.790,129.820
2013/08/26,Mon,132.020,131.670,132.340,131.430
2013/08/25,Sun,,,,
2013/08/24,Sat,,,,
2013/08/23,Fri,131.870,132.120,132.450,131.790
2013/08/22,Thu,130.470,131.820,132.000,130.280
2013/08/21,Wed,130.500,130.460,131.020,130.230
2013/08/20,Tue,130.100,130.480,130.790,129.290
2013/08/19,Mon,130.040,130.060,131.060,129.850
2013/08/18,Sun,,,,
2013/08/17,Sat,,,,
2013/08/16,Fri,129.970,129.980,130.450,129.560
2013/08/15,Thu,130.090,129.910,130.760,129.400
2013/08/14,Wed,130.250,130.070,130.700,129.820
2013/08/13,Tue,128.890,130.210,130.500,128.800
2013/08/12,Mon,128.360,128.840,128.960,127.980
2013/08/11,Sun,,,,
2013/08/10,Sat,,,,
2013/08/09,Fri,129.440,128.350,129.730,128.280
2013/08/08,Thu,128.490,129.360,129.480,128.200
2013/08/07,Wed,130.070,128.450,130.210,128.440
2013/08/06,Tue,130.350,130.040,130.760,129.780
2013/08/05,Mon,131.340,130.320,131.590,130.130
2013/08/04,Sun,,,,
2013/08/03,Sat,,,,
2013/08/02,Fri,131.470,131.390,131.980,130.950
2013/08/01,Thu,130.200,131.440,131.580,129.920
2013/07/31,Wed,130.040,130.150,131.060,129.320
2013/07/30,Tue,129.920,130.010,130.550,129.750
2013/07/29,Mon,130.510,129.870,130.640,129.570
2013/07/28,Sun,,,,
2013/07/27,Sat,,,,
2013/07/26,Fri,131.830,130.460,132.020,130.060
2013/07/25,Thu,132.340,131.800,132.510,131.450
2013/07/24,Wed,131.490,132.320,132.770,131.350
2013/07/23,Tue,131.420,131.420,132.060,130.750
2013/07/22,Mon,132.400,131.360,132.470,131.130
2013/07/21,Sun,,,,
2013/07/20,Sat,,,,
2013/07/19,Fri,131.650,132.260,132.310,131.230
2013/07/18,Thu,130.700,131.610,131.920,130.530
2013/07/17,Wed,130.430,130.680,131.380,130.280
2013/07/16,Tue,130.450,130.410,130.860,130.010
2013/07/15,Mon,129.880,130.420,130.740,129.410
2013/07/14,Sun,,,,
2013/07/13,Sat,,,,
2013/07/12,Fri,129.600,129.630,129.990,128.910
2013/07/11,Thu,129.320,129.550,130.470,128.620
2013/07/10,Wed,129.290,129.290,129.550,128.000
2013/07/09,Tue,129.940,129.260,130.590,128.680
2013/07/08,Mon,129.810,129.910,130.210,129.390
2013/07/07,Sun,,,,
2013/07/06,Sat,,,,
2013/07/05,Fri,129.180,129.810,130.070,128.570
2013/07/04,Thu,129.980,129.170,130.230,128.820
2013/07/03,Wed,130.600,129.960,130.880,128.640
2013/07/02,Tue,130.200,130.580,131.140,129.810
2013/07/01,Mon,129.070,130.190,130.280,129.010
2013/06/30,Sun,,,,
2013/06/29,Sat,,,,
2013/06/28,Fri,128.230,128.940,129.680,128.180
2013/06/27,Thu,127.190,128.190,128.410,127.030
2013/06/26,Wed,127.960,127.140,128.490,126.550
2013/06/25,Tue,128.220,127.930,128.700,127.290
2013/06/24,Mon,128.390,128.180,129.220,127.270
2013/06/23,Sun,,,,
2013/06/22,Sat,,,,
2013/06/21,Fri,128.610,128.450,129.740,127.770
2013/06/20,Thu,128.260,128.570,129.930,127.820
2013/06/19,Wed,127.690,128.240,128.800,127.030
2013/06/18,Tue,126.340,127.660,128.120,126.250
2013/06/17,Mon,125.590,126.300,126.950,125.560
2013/06/16,Sun,,,,
2013/06/15,Sat,,,,
2013/06/14,Fri,127.560,125.550,128.170,125.180
2013/06/13,Thu,128.080,127.520,128.160,124.970
2013/06/12,Wed,127.870,128.030,129.390,127.010
2013/06/11,Tue,130.940,127.830,131.320,127.120
2013/06/10,Mon,128.850,130.920,131.140,128.520
2013/06/09,Sun,,,,
2013/06/08,Sat,,,,
2013/06/07,Fri,128.490,128.950,129.200,126.200
2013/06/06,Thu,129.700,128.400,130.760,127.570
2013/06/05,Wed,130.840,129.700,131.410,129.580
2013/06/04,Tue,130.150,130.780,131.430,129.910
2013/06/03,Mon,129.950,130.120,131.010,129.480
2013/06/02,Sun,,,,
2013/06/01,Sat,,,,
2013/05/31,Fri,131.460,130.550,132.100,130.260
2013/05/30,Thu,130.910,131.420,132.040,130.170
2013/05/29,Wed,131.610,130.880,131.740,130.390
2013/05/28,Tue,130.530,131.570,132.190,130.490
2013/05/27,Mon,131.060,130.470,131.560,130.260
2013/05/26,Sun,,,,
2013/05/25,Sat,,,,
2013/05/24,Fri,131.980,130.930,132.570,130.120
2013/05/23,Thu,132.640,131.950,132.890,129.970
2013/05/22,Wed,132.290,132.610,133.840,132.010
2013/05/21,Tue,131.760,132.220,132.440,131.660
2013/05/20,Mon,131.930,131.730,132.540,131.260
2013/05/19,Sun,,,,
2013/05/18,Sat,,,,
2013/05/17,Fri,131.730,132.460,132.600,131.290
2013/05/16,Thu,131.750,131.700,132.340,131.270
2013/05/15,Wed,132.260,131.730,132.460,131.170
2013/05/14,Tue,132.130,132.220,132.800,131.520
2013/05/13,Mon,132.000,132.090,132.800,131.570
2013/05/12,Sun,,,,
2013/05/11,Sat,,,,
2013/05/10,Fri,131.200,131.970,132.290,131.060
2013/05/09,Thu,130.220,131.180,131.790,129.570
2013/05/08,Wed,129.500,130.180,130.440,129.000
2013/05/07,Tue,129.900,129.460,130.390,129.240
2013/05/06,Mon,129.920,129.860,130.440,129.590
2013/05/05,Sun,,,,
2013/05/04,Sat,,,,
2013/05/03,Fri,128.000,129.840,130.390,127.850
2013/05/02,Thu,128.360,127.950,129.950,127.500
2013/05/01,Wed,128.290,128.320,128.950,127.840
2013/04/30,Tue,128.060,128.250,128.560,127.190
2013/04/29,Mon,127.800,128.020,128.620,127.040
2013/04/28,Sun,,,,
2013/04/27,Sat,,,,
2013/04/26,Fri,129.150,127.690,129.360,127.140
2013/04/25,Thu,129.490,129.140,129.930,129.000
2013/04/24,Wed,129.300,129.450,129.820,128.800
2013/04/23,Tue,129.640,129.280,129.850,127.870
2013/04/22,Mon,130.540,129.610,130.690,128.960
2013/04/21,Sun,,,,
2013/04/20,Sat,,,,
2013/04/19,Fri,128.180,129.850,130.290,128.050
2013/04/18,Thu,127.990,128.120,128.800,127.150
2013/04/17,Wed,128.850,127.960,129.780,126.430
2013/04/16,Tue,125.840,128.550,129.040,125.810
2013/04/15,Mon,128.910,125.640,129.350,125.560
2013/04/14,Sun,,,,
2013/04/13,Sat,,,,
2013/04/12,Fri,130.740,128.910,130.840,128.610
2013/04/11,Thu,130.380,130.650,131.160,129.690
2013/04/10,Wed,129.730,130.340,130.570,129.390
2013/04/09,Tue,129.510,129.520,130.130,128.430
2013/04/08,Mon,127.820,129.350,129.440,127.420
2013/04/07,Sun,,,,
2013/04/06,Sat,,,,
2013/04/05,Fri,124.620,126.670,127.320,123.850
2013/04/04,Thu,119.580,124.570,124.670,119.150
2013/04/03,Wed,119.760,119.530,120.210,119.090
2013/04/02,Tue,119.710,119.720,120.170,119.140
2013/04/01,Mon,120.780,119.820,120.900,119.490
2013/03/31,Sun,,,,
2013/03/30,Sat,,,,
2013/03/29,Fri,120.710,120.730,120.880,120.300
2013/03/28,Thu,120.640,120.660,120.970,119.730
2013/03/27,Wed,121.490,120.720,121.900,119.950
2013/03/26,Tue,121.070,121.430,121.670,120.720
2013/03/25,Mon,122.570,120.990,123.880,120.090
2013/03/24,Sun,,,,
2013/03/23,Sat,,,,
2013/03/22,Fri,122.610,122.710,123.480,121.470
2013/03/21,Thu,124.240,122.410,124.400,122.070
2013/03/20,Wed,122.420,124.190,124.530,122.020
2013/03/19,Tue,123.470,122.380,124.160,121.820
2013/03/18,Mon,122.220,123.260,123.980,121.620
2013/03/17,Sun,,,,
2013/03/16,Sat,,,,
2013/03/15,Fri,124.970,124.560,125.810,124.200
2013/03/14,Thu,124.550,124.920,125.260,124.030
2013/03/13,Wed,125.100,124.520,125.250,124.160
2013/03/12,Tue,125.650,125.160,126.060,124.380
2013/03/11,Mon,124.780,125.610,125.700,124.630
2013/03/10,Sun,,,,
2013/03/09,Sat,,,,
2013/03/08,Fri,124.310,124.880,126.020,123.810
2013/03/07,Thu,122.100,124.270,124.600,121.830
2013/03/06,Wed,121.750,122.170,122.310,121.490
2013/03/05,Tue,121.740,121.670,121.910,121.120
2013/03/04,Mon,121.770,121.680,122.010,121.100
2013/03/03,Sun,,,,
2013/03/02,Sat,,,,
2013/03/01,Fri,120.930,121.770,122.190,120.350
2013/02/28,Thu,121.100,120.970,121.850,120.500
2013/02/27,Wed,120.070,121.130,121.470,119.200
2013/02/26,Tue,120.370,120.000,121.380,118.990
2013/02/25,Mon,124.980,119.470,125.250,118.760
2013/02/24,Sun,,,,
2013/02/23,Sat,,,,
2013/02/22,Fri,122.730,123.150,123.790,122.550
2013/02/21,Thu,124.380,122.740,124.730,122.240
2013/02/20,Wed,125.260,124.330,125.920,124.160
2013/02/19,Tue,125.480,125.180,125.510,124.550
2013/02/18,Mon,125.100,125.410,125.910,124.970
2013/02/17,Sun,,,,
2013/02/16,Sat,,,,
2013/02/15,Fri,123.980,124.980,125.300,122.880
2013/02/14,Thu,125.700,123.970,125.990,123.800
2013/02/13,Wed,125.750,125.640,126.590,124.760
2013/02/12,Tue,126.410,125.760,126.980,124.990
2013/02/11,Mon,123.950,125.960,126.010,123.480
2013/02/10,Sun,,,,
2013/02/09,Sat,,,,
2013/02/08,Fri,125.420,123.900,125.600,123.410
2013/02/07,Thu,126.500,125.320,127.500,124.470
2013/02/06,Wed,127.170,126.470,127.740,125.940
2013/02/05,Tue,124.740,127.050,127.200,124.010
2013/02/04,Mon,126.590,124.780,126.890,124.600
2013/02/03,Sun,,,,
2013/02/02,Sat,,,,
2013/02/01,Fri,124.290,126.660,127.000,124.260
2013/01/31,Thu,123.620,124.270,124.390,122.960
2013/01/30,Wed,122.450,123.470,123.890,122.280
2013/01/29,Tue,122.120,122.440,122.600,121.210
2013/01/28,Mon,122.510,122.120,122.940,121.610
2013/01/27,Sun,,,,
2013/01/26,Sat,,,,
2013/01/25,Fri,120.950,122.330,122.790,120.650
2013/01/24,Thu,118.070,120.870,121.070,117.580
2013/01/23,Wed,118.160,118.160,118.350,117.040
2013/01/22,Tue,119.360,118.170,120.190,117.320
2013/01/21,Mon,119.960,119.280,120.270,118.870
2013/01/20,Sun,,,,
2013/01/19,Sat,,,,
2013/01/18,Fri,120.280,119.960,120.720,119.350
2013/01/17,Thu,117.470,120.190,120.630,117.000
2013/01/16,Wed,118.140,117.490,118.290,116.460
2013/01/15,Tue,119.620,118.020,120.010,117.620
2013/01/14,Mon,119.340,119.600,120.150,118.860
2013/01/13,Sun,,,,
2013/01/12,Sat,,,,
2013/01/11,Fri,117.560,119.000,119.350,117.510
2013/01/10,Thu,114.760,117.420,117.620,114.720
2013/01/09,Wed,113.840,114.660,115.060,113.560
2013/01/08,Tue,115.160,113.970,115.260,113.620
2013/01/07,Mon,115.260,115.110,115.590,114.090
2013/01/06,Sun,,,,
2013/01/05,Sat,,,,
2013/01/04,Fri,113.820,115.230,115.450,113.800
2013/01/03,Thu,115.040,113.840,115.230,113.640
2013/01/02,Wed,114.440,115.030,116.030,114.170
2013/01/01,Tue,114.440,114.200,114.660,114.170
2012/12/31,Mon,113.360,114.460,114.570,113.300
2012/12/30,Sun,,,,
2012/12/29,Sat,,,,
2012/12/28,Fri,112.920,113.750,114.710,112.470
2012/12/27,Thu,112.540,113.900,114.330,111.700
2012/12/26,Wed,111.870,113.220,113.420,111.700
2012/12/25,Tue,111.980,111.810,112.050,111.560
2012/12/24,Mon,111.160,111.910,112.020,111.100
2012/12/23,Sun,,,,
2012/12/22,Sat,,,,
2012/12/21,Fri,111.770,111.070,111.830,110.600
2012/12/20,Thu,111.660,111.720,112.180,110.720
2012/12/19,Wed,111.370,111.710,112.530,111.310
2012/12/18,Tue,110.380,111.310,111.500,110.330
2012/12/17,Mon,111.070,110.330,111.200,109.910
2012/12/16,Sun,,,,
2012/12/15,Sat,,,,
2012/12/14,Fri,109.380,109.860,110.010,109.030
2012/12/13,Thu,108.840,109.320,109.560,108.630
2012/12/12,Wed,107.370,108.690,109.060,107.250
2012/12/11,Tue,106.620,107.340,107.450,106.460
2012/12/10,Mon,106.350,106.610,106.670,105.960
2012/12/09,Sun,,,,
2012/12/08,Sat,,,,
2012/12/07,Fri,106.850,106.580,107.100,106.120
2012/12/06,Thu,107.780,106.830,107.920,106.590
2012/12/05,Wed,107.200,107.740,107.990,107.100
2012/12/04,Tue,107.360,107.170,107.420,106.910
2012/12/03,Mon,106.950,107.280,107.610,106.830
2012/12/02,Sun,,,,
2012/12/01,Sat,,,,
2012/11/30,Fri,106.550,107.230,107.700,106.420
2012/11/29,Thu,106.220,106.460,106.850,106.140
2012/11/28,Wed,106.320,106.050,106.380,105.270
2012/11/27,Tue,106.400,106.250,106.990,106.110
2012/11/26,Mon,106.740,106.370,107.170,106.070
2012/11/25,Sun,,,,
2012/11/24,Sat,,,,
2012/11/23,Fri,106.190,106.880,107.010,105.710
2012/11/22,Thu,105.850,106.180,106.650,105.700
2012/11/21,Wed,104.710,105.850,105.910,104.080
2012/11/20,Tue,104.290,104.700,104.810,103.650
2012/11/19,Mon,103.790,104.220,104.320,103.510
2012/11/18,Sun,,,,
2012/11/17,Sat,,,,
2012/11/16,Fri,103.760,103.500,103.920,103.040
2012/11/15,Thu,102.220,103.750,104.020,101.980
2012/11/14,Wed,100.880,102.180,102.440,100.820
2012/11/13,Tue,101.040,100.860,101.280,100.310
2012/11/12,Mon,101.070,101.010,101.320,100.850
2012/11/11,Sun,,,,
2012/11/10,Sat,,,,
2012/11/09,Fri,101.320,101.030,101.770,100.410
2012/11/08,Thu,102.090,101.240,102.230,101.010
2012/11/07,Wed,103.000,102.070,103.440,101.790
2012/11/06,Tue,102.720,102.940,103.190,102.180
2012/11/05,Mon,103.140,102.670,103.360,102.430
2012/11/04,Sun,,,,
2012/11/03,Sat,,,,
2012/11/02,Fri,103.710,103.240,103.890,103.040
2012/11/01,Thu,103.390,103.720,104.030,103.310
2012/10/31,Wed,103.180,103.370,103.970,103.060
2012/10/30,Tue,102.970,103.150,103.370,102.160
2012/10/29,Mon,103.050,102.940,103.180,102.510
2012/10/28,Sun,,,,
2012/10/27,Sat,,,,
2012/10/26,Fri,104.000,103.050,104.070,102.680
2012/10/25,Thu,103.480,103.880,104.460,103.460
2012/10/24,Wed,103.700,103.460,103.860,102.980
2012/10/23,Tue,104.480,103.690,104.630,103.270
2012/10/22,Mon,103.270,104.430,104.490,103.130
2012/10/21,Sun,,,,
2012/10/20,Sat,,,,
2012/10/19,Fri,103.610,103.240,103.840,103.130
2012/10/18,Thu,103.590,103.560,104.180,103.290
2012/10/17,Wed,103.310,103.540,103.780,102.900
2012/10/16,Tue,101.900,103.130,103.190,101.860
2012/10/15,Mon,101.650,101.860,102.330,101.020
2012/10/14,Sun,,,,
2012/10/13,Sat,,,,
2012/10/12,Fri,101.350,101.560,101.940,101.220
2012/10/11,Thu,100.570,101.300,101.750,100.140
2012/10/10,Wed,100.790,100.560,101.190,100.430
2012/10/09,Tue,101.570,100.730,101.890,100.580
2012/10/08,Mon,102.440,101.520,102.540,101.100
2012/10/07,Sun,,,,
2012/10/06,Sat,,,,
2012/10/05,Fri,102.190,102.500,102.840,101.830
2012/10/04,Thu,101.320,102.150,102.240,101.280
2012/10/03,Wed,100.990,101.300,101.500,100.700
2012/10/02,Tue,100.520,100.960,101.210,100.470
2012/10/01,Mon,100.170,100.520,101.070,99.780
2012/09/30,Sun,,,,
2012/09/29,Sat,,,,
2012/09/28,Fri,100.250,100.130,100.710,99.910
2012/09/27,Thu,100.090,100.220,100.390,99.610
2012/09/26,Wed,100.400,100.000,100.490,99.700
2012/09/25,Tue,100.680,100.340,101.070,100.150
2012/09/24,Mon,101.400,100.620,101.480,100.350
2012/09/23,Sun,,,,
2012/09/22,Sat,,,,
2012/09/21,Fri,101.450,101.400,102.130,101.240
2012/09/20,Thu,102.230,101.420,102.430,100.910
2012/09/19,Wed,102.790,102.220,103.670,102.100
2012/09/18,Tue,103.250,102.780,103.300,102.380
2012/09/17,Mon,102.860,103.230,103.870,102.550
2012/09/16,Sun,,,,
2012/09/15,Sat,,,,
2012/09/14,Fri,100.620,102.880,103.050,100.600
2012/09/13,Thu,100.440,100.630,100.800,99.520
2012/09/12,Wed,99.970,100.380,100.670,99.730
2012/09/11,Tue,99.870,99.930,100.270,99.510
2012/09/10,Mon,100.220,99.840,100.310,99.810
2012/09/09,Sun,,,,
2012/09/08,Sat,,,,
2012/09/07,Fri,99.660,100.280,100.460,99.580
2012/09/06,Thu,98.810,99.600,99.840,98.740
2012/09/05,Wed,98.560,98.780,98.940,97.980
2012/09/04,Tue,98.540,98.510,99.040,98.390
2012/09/03,Mon,98.570,98.540,98.730,98.210
2012/09/02,Sun,,,,
2012/09/01,Sat,,,,
2012/08/31,Fri,98.350,98.570,99.060,97.970
2012/08/30,Thu,98.630,98.340,98.810,98.030
2012/08/29,Wed,98.690,98.620,98.870,98.370
2012/08/28,Tue,98.430,98.620,98.860,97.890
2012/08/27,Mon,98.420,98.390,98.750,98.310
2012/08/26,Sun,,,,
2012/08/25,Sat,,,,
2012/08/24,Fri,98.710,98.370,98.850,97.970
2012/08/23,Thu,98.470,98.600,98.850,98.270
2012/08/22,Wed,98.880,98.450,99.050,98.160
2012/08/21,Tue,98.120,98.830,99.210,97.940
2012/08/20,Mon,98.210,98.050,98.380,97.720
2012/08/19,Sun,,,,
2012/08/18,Sat,,,,
2012/08/17,Fri,98.020,98.110,98.440,97.700
2012/08/16,Thu,97.000,98.030,98.210,96.980
2012/08/15,Wed,97.010,96.970,97.470,96.520
2012/08/14,Tue,96.560,97.000,97.500,96.520
2012/08/13,Mon,96.180,96.530,96.950,95.930
2012/08/12,Sun,,,,
2012/08/11,Sat,,,,
2012/08/10,Fri,96.660,96.160,96.790,95.700
2012/08/09,Thu,96.990,96.660,97.310,96.310
2012/08/08,Wed,97.460,96.960,97.520,96.570
2012/08/07,Tue,97.000,97.400,97.850,96.810
2012/08/06,Mon,97.490,96.990,97.840,96.680
2012/08/05,Sun,,,,
2012/08/04,Sat,,,,
2012/08/03,Fri,95.340,97.160,97.430,95.010
2012/08/02,Thu,95.920,95.300,97.010,94.900
2012/08/01,Wed,96.050,95.900,96.500,95.690
2012/07/31,Tue,95.830,96.080,96.310,95.730
2012/07/30,Mon,96.600,95.860,96.690,95.530
2012/07/29,Sun,,,,
2012/07/28,Sat,,,,
2012/07/27,Fri,96.030,96.600,97.360,95.630
2012/07/26,Thu,94.970,96.040,96.450,94.660
2012/07/25,Wed,94.330,94.960,95.240,94.120
2012/07/24,Tue,94.870,94.320,95.050,94.100
2012/07/23,Mon,95.060,94.960,95.290,94.250
2012/07/22,Sun,,,,
2012/07/21,Sat,,,,
2012/07/20,Fri,96.510,95.350,96.740,95.320
2012/07/19,Thu,96.790,96.500,96.850,96.110
2012/07/18,Wed,97.180,96.770,97.350,96.460
2012/07/17,Tue,96.750,97.160,97.410,96.390
2012/07/16,Mon,97.170,96.740,97.210,96.140
2012/07/15,Sun,,,,
2012/07/14,Sat,,,,
2012/07/13,Fri,96.720,97.000,97.130,96.430
2012/07/12,Thu,97.580,96.710,97.900,96.410
2012/07/11,Wed,97.290,97.570,97.780,96.980
2012/07/10,Tue,97.980,97.280,98.080,97.200
2012/07/09,Mon,97.770,98.000,98.170,97.470
2012/07/08,Sun,,,,
2012/07/07,Sat,,,,
2012/07/06,Fri,99.040,97.850,99.130,97.620
2012/07/05,Thu,100.040,98.990,100.370,98.780
2012/07/04,Wed,100.610,99.990,100.700,99.770
2012/07/03,Tue,100.040,100.640,100.860,99.880
2012/07/02,Mon,101.280,100.050,101.320,99.750
2012/07/01,Sun,,,,
2012/06/30,Sat,,,,
2012/06/29,Fri,98.830,100.970,101.440,98.530
2012/06/28,Thu,99.400,98.820,99.520,98.310
2012/06/27,Wed,99.340,99.390,99.660,99.060
2012/06/26,Tue,99.560,99.240,99.930,98.740
2012/06/25,Mon,101.010,99.590,101.100,99.150
2012/06/24,Sun,,,,
2012/06/23,Sat,,,,
2012/06/22,Fri,100.670,101.050,101.260,100.370
2012/06/21,Thu,100.990,100.650,101.660,100.510
2012/06/20,Wed,100.230,100.920,101.440,99.810
2012/06/19,Tue,99.490,100.120,100.520,99.170
2012/06/18,Mon,100.420,99.480,100.880,99.100
2012/06/17,Sun,,,,
2012/06/16,Sat,,,,
2012/06/15,Fri,100.270,99.430,100.390,99.070
2012/06/14,Thu,99.810,100.240,100.340,99.460
2012/06/13,Wed,99.490,99.760,100.140,99.280
2012/06/12,Tue,98.980,99.550,99.810,98.690
2012/06/11,Mon,100.750,98.980,100.940,99.010
2012/06/10,Sun,,,,
2012/06/09,Sat,,,,
2012/06/08,Fri,100.100,99.450,100.310,98.540
2012/06/07,Thu,99.680,99.970,100.660,99.400
2012/06/06,Wed,98.050,99.560,99.750,97.900
2012/06/05,Tue,97.880,98.050,98.310,97.030
2012/06/04,Mon,97.070,97.890,98.040,96.760
2012/06/03,Sun,,,,
2012/06/02,Sat,,,,
2012/06/01,Fri,96.870,96.960,97.520,95.530
2012/05/31,Thu,97.810,96.820,98.070,96.500
2012/05/30,Wed,99.310,97.800,99.410,97.750
2012/05/29,Tue,99.680,99.330,99.970,98.930
2012/05/28,Mon,100.140,99.630,100.240,99.500
2012/05/27,Sun,,,,
2012/05/26,Sat,,,,
2012/05/25,Fri,99.800,99.680,100.350,99.470
2012/05/24,Thu,100.040,99.730,100.300,99.350
2012/05/23,Wed,101.460,99.970,101.520,99.520
2012/05/22,Tue,101.630,101.370,102.170,101.120
2012/05/21,Mon,101.220,101.590,101.730,100.850
2012/05/20,Sun,,,,
2012/05/19,Sat,,,,
2012/05/18,Fri,100.670,100.990,101.140,100.190
2012/05/17,Thu,102.150,100.670,102.420,100.540
2012/05/16,Wed,102.120,102.080,102.740,101.890
2012/05/15,Tue,102.430,102.060,102.910,102.030
2012/05/14,Mon,103.030,102.420,103.410,102.220
2012/05/13,Sun,,,,
2012/05/12,Sat,,,,
2012/05/11,Fri,103.310,103.220,103.640,102.960
2012/05/10,Thu,103.010,103.380,103.810,102.930
2012/05/09,Wed,103.860,102.960,103.970,102.730
2012/05/08,Tue,104.340,103.840,104.470,103.530
2012/05/07,Mon,103.950,104.260,104.490,103.220
2012/05/06,Sun,,,,
2012/05/05,Sat,,,,
2012/05/04,Fri,105.480,104.420,105.610,104.390
2012/05/03,Thu,105.390,105.450,106.150,105.290
2012/05/02,Wed,106.010,105.370,106.570,105.120
2012/05/01,Tue,105.700,105.960,106.250,105.520
2012/04/30,Mon,106.290,105.630,106.480,105.440
2012/04/29,Sun,,,,
2012/04/28,Sat,,,,
2012/04/27,Fri,106.890,106.330,107.510,106.140
2012/04/26,Thu,107.540,107.000,107.690,106.470
2012/04/25,Wed,107.290,107.430,107.720,107.100
2012/04/24,Tue,106.790,107.320,107.440,106.300
2012/04/23,Mon,107.630,106.730,107.840,106.300
2012/04/22,Sun,,,,
2012/04/21,Sat,,,,
2012/04/20,Fri,107.170,107.800,108.020,107.080
2012/04/19,Thu,106.600,107.220,107.370,106.490
2012/04/18,Wed,106.140,106.640,106.930,106.150
2012/04/17,Tue,105.570,106.110,106.360,105.270
2012/04/16,Mon,105.680,105.630,105.850,104.630
2012/04/15,Sun,,,,
2012/04/14,Sat,,,,
2012/04/13,Fri,106.580,105.760,107.130,105.720
2012/04/12,Thu,105.970,106.630,106.840,105.940
2012/04/11,Wed,105.560,106.000,106.720,105.430
2012/04/10,Tue,106.840,105.500,107.510,105.460
2012/04/09,Mon,106.810,106.810,107.280,106.090
2012/04/08,Sun,,,,
2012/04/07,Sat,,,,
2012/04/06,Fri,107.580,106.870,107.990,106.530
2012/04/05,Thu,108.290,107.520,108.450,106.870
2012/04/04,Wed,109.570,108.330,109.740,107.880
2012/04/03,Tue,109.280,109.600,109.850,108.730
2012/04/02,Mon,110.850,109.330,111.160,108.950
2012/04/01,Sun,,,,
2012/03/31,Sat,,,,
2012/03/30,Fri,109.620,110.470,110.660,109.010
2012/03/29,Thu,110.330,109.650,110.550,108.770
2012/03/28,Wed,110.780,110.300,110.960,109.850
2012/03/27,Tue,110.640,110.750,111.300,110.340
2012/03/26,Mon,109.370,110.620,110.760,109.150
2012/03/25,Sun,,,,
2012/03/24,Sat,,,,
2012/03/23,Fri,108.920,109.230,109.880,108.600
2012/03/22,Thu,110.150,108.940,110.510,108.470
2012/03/21,Wed,110.680,110.160,111.480,110.030
2012/03/20,Tue,110.370,110.660,110.850,110.270
2012/03/19,Mon,109.900,110.330,110.590,109.160
2012/03/18,Sun,,,,
2012/03/17,Sat,,,,
2012/03/16,Fri,109.230,109.880,110.030,108.990
2012/03/15,Thu,109.040,109.220,109.680,108.560
2012/03/14,Wed,108.390,108.970,109.420,108.350
2012/03/13,Tue,108.210,108.400,108.760,107.890
2012/03/12,Mon,108.070,108.230,108.330,107.490
2012/03/11,Sun,,,,
2012/03/10,Sat,,,,
2012/03/09,Fri,108.330,108.110,108.680,107.690
2012/03/08,Thu,106.590,108.310,108.490,106.570
2012/03/07,Wed,106.050,106.720,106.840,105.690
2012/03/06,Tue,107.760,106.060,107.910,105.630
2012/03/05,Mon,107.870,107.720,108.090,106.900
2012/03/04,Sun,,,,
2012/03/03,Sat,,,,
2012/03/02,Fri,107.960,107.950,108.500,107.550
2012/03/01,Thu,108.120,107.880,108.470,107.680
2012/02/29,Wed,108.340,108.150,108.770,107.870
2012/02/28,Tue,107.960,108.310,108.780,107.290
2012/02/27,Mon,109.420,107.920,109.940,107.170
2012/02/26,Sun,,,,
2012/02/25,Sat,,,,
2012/02/24,Fri,106.960,108.940,109.120,106.820
2012/02/23,Thu,106.260,106.880,107.040,106.140
2012/02/22,Wed,105.470,106.290,106.600,105.420
2012/02/21,Tue,105.470,105.490,106.040,105.030
2012/02/20,Mon,104.960,105.400,105.770,104.630
2012/02/19,Sun,,,,
2012/02/18,Sat,,,,
2012/02/17,Fri,103.630,104.530,104.700,103.420
2012/02/16,Thu,102.460,103.590,103.850,101.900
2012/02/15,Wed,102.910,102.410,103.520,102.180
2012/02/14,Tue,102.320,102.840,103.230,101.820
2012/02/13,Mon,102.410,102.350,103.230,102.230
2012/02/12,Sun,,,,
2012/02/11,Sat,,,,
2012/02/10,Fri,103.160,102.340,103.280,102.140
2012/02/09,Thu,102.110,103.190,103.330,101.840
2012/02/08,Wed,101.780,102.090,102.480,101.620
2012/02/07,Tue,100.490,101.790,102.030,100.350
2012/02/06,Mon,100.440,100.480,100.650,99.840
2012/02/05,Sun,,,,
2012/02/04,Sat,,,,
2012/02/03,Fri,100.160,100.610,100.920,99.910
2012/02/02,Thu,100.310,100.180,100.510,99.600
2012/02/01,Wed,99.720,100.270,100.730,99.230
2012/01/31,Tue,100.210,99.660,100.920,99.530
2012/01/30,Mon,101.380,100.190,101.500,99.980
2012/01/29,Sun,,,,
2012/01/28,Sat,,,,
2012/01/27,Fri,101.460,101.400,101.610,100.590
2012/01/26,Thu,101.890,101.430,102.250,101.400
2012/01/25,Wed,101.190,101.910,101.990,100.960
2012/01/24,Tue,100.310,101.170,101.340,100.010
2012/01/23,Mon,99.010,100.280,100.530,99.020
2012/01/22,Sun,,,,
2012/01/21,Sat,,,,
2012/01/20,Fri,99.980,99.470,100.360,99.400
2012/01/19,Thu,98.730,99.970,100.080,98.530
2012/01/18,Wed,97.830,98.700,98.820,97.680
2012/01/17,Tue,97.240,97.850,98.350,97.120
2012/01/16,Mon,97.430,97.220,97.560,97.020
2012/01/15,Sun,,,,
2012/01/14,Sat,,,,
2012/01/13,Fri,98.410,97.480,98.840,97.190
2012/01/12,Thu,97.680,98.420,98.600,97.640
2012/01/11,Wed,98.130,97.640,98.410,97.420
2012/01/10,Tue,98.070,98.130,98.510,97.950
2012/01/09,Mon,97.560,98.050,98.300,97.280
2012/01/08,Sun,,,,
2012/01/07,Sat,,,,
2012/01/06,Fri,98.610,97.900,98.890,97.900
2012/01/05,Thu,99.280,98.640,99.400,98.440
2012/01/04,Wed,100.070,99.260,100.260,99.030
2012/01/03,Tue,99.400,100.050,100.310,99.410
2012/01/02,Mon,99.530,99.400,99.910,99.340
2012/01/01,Sun,,,,
2011/12/31,Sat,,,,
2011/12/30,Fri,100.590,99.570,100.720,99.550
2011/12/29,Thu,100.830,100.560,100.970,100.040
2011/12/28,Wed,101.690,100.780,101.850,100.710
2011/12/27,Tue,101.790,101.740,101.950,101.630
2011/12/26,Mon,101.810,101.760,102.020,101.700
2011/12/25,Sun,,,,
2011/12/24,Sat,,,,
2011/12/23,Fri,102.000,101.800,102.240,101.720
2011/12/22,Thu,101.830,101.970,102.390,101.710
2011/12/21,Wed,101.830,101.860,102.620,101.430
2011/12/20,Tue,101.390,101.810,102.230,101.340
2011/12/19,Mon,101.410,101.410,101.650,101.240
2011/12/18,Sun,,,,
2011/12/17,Sat,,,,
2011/12/16,Fri,101.380,101.370,101.840,101.100
2011/12/15,Thu,101.310,101.350,101.640,101.020
2011/12/14,Wed,101.610,101.260,101.860,101.070
2011/12/13,Tue,102.710,101.650,103.010,101.450
2011/12/12,Mon,103.920,102.720,104.010,102.600
2011/12/11,Sun,,,,
2011/12/10,Sat,,,,
2011/12/09,Fri,103.590,103.680,104.450,103.140
2011/12/08,Thu,104.170,103.640,104.250,102.990
2011/12/07,Wed,104.120,104.150,104.560,103.750
2011/12/06,Tue,104.110,104.120,104.380,103.620
2011/12/05,Mon,104.820,104.200,105.040,103.990
2011/12/04,Sun,,,,
2011/12/03,Sat,,,,
2011/12/02,Fri,104.590,104.560,105.700,104.100
2011/12/01,Thu,104.270,104.590,105.100,104.180
2011/11/30,Wed,103.640,104.210,104.760,103.320
2011/11/29,Tue,103.800,103.760,104.450,103.420
2011/11/28,Mon,103.290,103.830,104.550,103.060
2011/11/27,Sun,,,,
2011/11/26,Sat,,,,
2011/11/25,Fri,102.860,102.870,103.280,102.460
2011/11/24,Thu,103.150,102.880,103.500,102.680
2011/11/23,Wed,103.930,103.140,104.180,103.030
2011/11/22,Tue,103.800,103.990,104.380,103.670
2011/11/21,Mon,103.810,103.810,104.260,103.200
2011/11/20,Sun,,,,
2011/11/19,Sat,,,,
2011/11/18,Fri,103.580,103.920,104.330,103.510
2011/11/17,Thu,103.690,103.550,104.200,103.400
2011/11/16,Wed,104.260,103.680,104.420,103.380
2011/11/15,Tue,105.060,104.250,105.330,103.960
2011/11/14,Mon,106.570,105.050,106.760,104.730
2011/11/13,Sun,,,,
2011/11/12,Sat,,,,
2011/11/11,Fri,105.560,106.030,106.430,105.350
2011/11/10,Thu,105.350,105.630,106.020,104.730
2011/11/09,Wed,107.480,105.410,107.650,105.230
2011/11/08,Tue,107.500,107.500,107.690,107.090
2011/11/07,Mon,108.150,107.470,108.210,106.800
2011/11/06,Sun,,,,
2011/11/05,Sat,,,,
2011/11/04,Fri,107.790,107.910,108.290,107.200
2011/11/03,Thu,107.300,107.810,108.120,106.560
2011/11/02,Wed,107.270,107.260,107.950,106.860
2011/11/01,Tue,108.300,107.250,108.810,106.480
2011/10/31,Mon,107.140,108.340,111.600,106.930
2011/10/30,Sun,,,,
2011/10/29,Sat,,,,
2011/10/28,Fri,107.700,107.210,107.940,107.070
2011/10/27,Thu,105.820,107.740,108.170,105.660
2011/10/26,Wed,105.790,105.890,106.210,104.740
2011/10/25,Tue,105.980,105.770,106.370,105.230
2011/10/24,Mon,105.580,105.940,106.500,105.120
2011/10/23,Sun,,,,
2011/10/22,Sat,,,,
2011/10/21,Fri,105.820,105.960,106.130,105.040
2011/10/20,Thu,105.650,105.880,106.340,104.860
2011/10/19,Wed,105.510,105.620,106.570,105.300
2011/10/18,Tue,105.490,105.510,106.230,104.770
2011/10/17,Mon,107.050,105.500,107.710,105.340
2011/10/16,Sun,,,,
2011/10/15,Sat,,,,
2011/10/14,Fri,105.840,107.120,107.480,105.580
2011/10/13,Thu,106.440,105.830,106.600,105.100
2011/10/12,Wed,104.630,106.480,107.090,104.180
2011/10/11,Tue,104.560,104.570,104.930,103.960
2011/10/10,Mon,102.820,104.580,105.040,102.720
2011/10/09,Sun,,,,
2011/10/08,Sat,,,,
2011/10/07,Fri,102.980,102.600,103.890,102.570
2011/10/06,Thu,102.540,102.970,103.150,101.620
2011/10/05,Wed,102.590,102.440,102.790,101.590
2011/10/04,Tue,100.910,102.650,102.820,100.780
2011/10/03,Mon,102.830,100.790,103.280,100.740
2011/10/02,Sun,,,,
2011/10/01,Sat,,,,
2011/09/30,Fri,104.330,103.110,104.470,103.010
2011/09/29,Thu,103.520,104.350,104.970,103.300
2011/09/28,Wed,104.320,103.620,104.560,103.490
2011/09/27,Tue,103.250,104.300,104.990,102.840
2011/09/26,Mon,103.330,103.370,103.790,101.920
2011/09/25,Sun,,,,
2011/09/24,Sat,,,,
2011/09/23,Fri,102.650,103.350,103.770,102.210
2011/09/22,Thu,103.780,102.650,104.410,102.190
2011/09/21,Wed,104.740,103.720,105.400,103.660
2011/09/20,Tue,104.680,104.680,105.240,103.980
2011/09/19,Mon,105.160,104.760,105.510,103.930
2011/09/18,Sun,,,,
2011/09/17,Sat,,,,
2011/09/16,Fri,106.520,105.920,106.600,105.510
2011/09/15,Thu,105.410,106.500,107.050,105.080
2011/09/14,Wed,105.210,105.340,105.620,104.520
2011/09/13,Tue,105.400,105.240,105.620,104.390
2011/09/12,Mon,105.210,105.530,105.770,103.890
2011/09/11,Sun,,,,
2011/09/10,Sat,,,,
2011/09/09,Fri,107.580,105.860,108.030,105.280
2011/09/08,Thu,108.780,107.560,109.070,107.520
2011/09/07,Wed,108.510,108.880,109.120,108.220
2011/09/06,Tue,108.420,108.610,109.990,107.830
2011/09/05,Mon,108.810,108.370,108.930,108.100
2011/09/04,Sun,,,,
2011/09/03,Sat,,,,
2011/09/02,Fri,109.650,109.040,109.920,108.830
2011/09/01,Thu,110.190,109.720,110.980,109.510
2011/08/31,Wed,110.710,110.160,110.920,109.890
2011/08/30,Tue,111.520,110.750,111.820,110.430
2011/08/29,Mon,111.180,111.490,111.970,110.990
2011/08/28,Sun,,,,
2011/08/27,Sat,,,,
2011/08/26,Fri,111.320,111.050,111.630,110.090
2011/08/25,Thu,110.890,111.420,111.680,110.590
2011/08/24,Wed,110.690,110.890,111.180,110.130
2011/08/23,Tue,110.280,110.680,111.130,110.060
2011/08/22,Mon,110.340,110.280,110.940,110.000
2011/08/21,Sun,,,,
2011/08/20,Sat,,,,
2011/08/19,Fri,109.580,110.150,110.300,109.000
2011/08/18,Thu,110.480,109.720,110.750,109.220
2011/08/17,Wed,110.570,110.590,111.010,109.760
2011/08/16,Tue,110.960,110.600,111.090,110.060
2011/08/15,Mon,109.610,110.990,111.080,109.580
2011/08/14,Sun,,,,
2011/08/13,Sat,,,,
2011/08/12,Fri,109.410,109.240,109.640,108.500
2011/08/11,Thu,108.790,109.410,109.790,108.000
2011/08/10,Wed,111.100,109.010,111.290,108.280
2011/08/09,Tue,110.240,110.770,110.860,109.080
2011/08/08,Mon,112.350,110.190,112.560,109.710
2011/08/07,Sun,,,,
2011/08/06,Sat,,,,
2011/08/05,Fri,111.550,111.930,112.340,110.340
2011/08/04,Thu,110.380,111.580,114.200,110.390
2011/08/03,Wed,109.630,110.360,110.650,109.040
2011/08/02,Tue,110.360,109.370,111.040,109.190
2011/08/01,Mon,111.110,110.060,112.280,108.700
2011/07/31,Sun,,,,
2011/07/30,Sat,,,,
2011/07/29,Fri,111.310,110.450,111.590,110.350
2011/07/28,Thu,111.950,111.420,112.130,110.790
2011/07/27,Wed,113.090,111.980,113.270,111.920
2011/07/26,Tue,112.510,113.030,113.460,112.230
2011/07/25,Mon,112.650,112.520,113.040,111.990
2011/07/24,Sun,,,,
2011/07/23,Sat,,,,
2011/07/22,Fri,113.160,112.700,113.600,112.240
2011/07/21,Thu,112.110,113.130,113.190,111.450
2011/07/20,Wed,111.980,112.000,112.380,111.640
2011/07/19,Tue,111.450,111.960,112.350,111.140
2011/07/18,Mon,111.580,111.490,111.900,110.630
2011/07/17,Sun,,,,
2011/07/16,Sat,,,,
2011/07/15,Fri,111.910,111.940,112.380,111.330
2011/07/14,Thu,111.790,111.910,112.950,111.620
2011/07/13,Wed,110.470,112.030,112.120,110.470
2011/07/12,Tue,112.780,110.030,112.980,109.570
2011/07/11,Mon,114.470,112.570,114.800,112.320
2011/07/10,Sun,,,,
2011/07/09,Sat,,,,
2011/07/08,Fri,116.600,115.020,116.850,114.630
2011/07/07,Thu,115.860,116.640,116.840,115.500
2011/07/06,Wed,116.920,115.830,117.110,115.510
2011/07/05,Tue,117.370,116.910,117.660,116.680
2011/07/04,Mon,117.450,117.400,117.790,116.970
2011/07/03,Sun,,,,
2011/07/02,Sat,,,,
2011/07/01,Fri,116.720,117.380,117.510,116.720
2011/06/30,Thu,116.560,116.790,117.250,116.100
2011/06/29,Wed,116.420,116.550,117.200,115.870
2011/06/28,Tue,115.540,116.520,116.710,115.100
2011/06/27,Mon,114.050,115.530,115.660,113.830
2011/06/26,Sun,,,,
2011/06/25,Sat,,,,
2011/06/24,Fri,114.740,114.100,114.930,113.740
2011/06/23,Thu,115.120,114.840,115.430,113.820
2011/06/22,Wed,115.490,115.210,115.850,115.120
2011/06/21,Tue,114.850,115.590,115.740,114.640
2011/06/20,Mon,114.290,114.810,115.040,113.570
2011/06/19,Sun,,,,
2011/06/18,Sat,,,,
2011/06/17,Fri,114.550,114.520,114.850,113.710
2011/06/16,Thu,114.670,114.490,115.100,113.480
2011/06/15,Wed,116.260,114.720,116.550,114.540
2011/06/14,Tue,115.620,116.190,116.740,115.240
2011/06/13,Mon,115.110,115.620,115.890,115.000
2011/06/12,Sun,,,,
2011/06/11,Sat,,,,
2011/06/10,Fri,116.570,115.200,116.910,114.930
2011/06/09,Thu,116.480,116.530,117.490,115.910
2011/06/08,Wed,117.700,116.490,117.900,116.270
2011/06/07,Tue,116.710,117.600,117.930,116.740
2011/06/06,Mon,117.290,116.770,117.740,116.560
2011/06/05,Sun,,,,
2011/06/04,Sat,,,,
2011/06/03,Fri,117.240,117.450,117.640,115.910
2011/06/02,Thu,115.800,117.200,117.380,115.820
2011/06/01,Wed,117.270,115.770,117.740,115.770
2011/05/31,Tue,115.610,117.360,117.840,115.600
2011/05/30,Mon,115.590,115.600,115.720,115.180
2011/05/29,Sun,,,,
2011/05/28,Sat,,,,
2011/05/27,Fri,114.980,115.670,116.030,114.640
2011/05/26,Thu,115.520,114.970,116.420,114.430
2011/05/25,Wed,115.560,115.470,115.810,114.670
2011/05/24,Tue,115.080,115.570,116.210,114.670
2011/05/23,Mon,115.530,115.160,115.630,113.840
2011/05/22,Sun,,,,
2011/05/21,Sat,,,,
2011/05/20,Fri,116.800,115.610,117.200,115.490
2011/05/19,Thu,116.350,116.810,117.270,116.180
2011/05/18,Wed,115.890,116.420,116.540,115.210
2011/05/17,Tue,114.450,115.910,116.260,114.220
2011/05/16,Mon,113.820,114.430,115.280,113.400
2011/05/15,Sun,,,,
2011/05/14,Sat,,,,
2011/05/13,Fri,115.310,114.050,115.580,113.480
2011/05/12,Thu,115.250,115.250,115.660,114.170
2011/05/11,Wed,116.440,115.110,116.930,114.550
2011/05/10,Tue,115.210,116.410,116.590,114.770
2011/05/09,Mon,115.910,115.300,116.510,114.970
2011/05/08,Sun,,,,
2011/05/07,Sat,,,,
2011/05/06,Fri,116.670,115.350,117.610,115.190
2011/05/05,Thu,119.500,116.490,119.810,116.110
2011/05/04,Wed,119.970,119.440,120.900,119.250
2011/05/03,Tue,120.380,120.010,120.640,119.200
2011/05/02,Mon,120.230,120.380,121.110,120.060
2011/05/01,Sun,,,,
2011/04/30,Sat,,,,
2011/04/29,Fri,120.900,120.180,121.180,120.040
2011/04/28,Thu,121.520,120.820,121.880,120.380
2011/04/27,Wed,119.400,121.480,121.550,119.430
2011/04/26,Tue,119.270,119.330,119.950,118.480
2011/04/25,Mon,119.110,119.310,120.060,119.040
2011/04/24,Sun,,,,
2011/04/23,Sat,,,,
2011/04/22,Fri,119.090,119.100,119.750,118.800
2011/04/21,Thu,119.790,119.090,120.300,118.610
2011/04/20,Wed,118.380,119.700,120.430,118.250
2011/04/19,Tue,117.270,118.370,118.460,117.060
2011/04/18,Mon,119.910,117.640,120.090,116.460
2011/04/17,Sun,,,,
2011/04/16,Sat,,,,
2011/04/15,Fri,120.960,119.920,121.520,119.660
2011/04/14,Thu,121.110,120.890,121.400,119.240
2011/04/13,Wed,121.030,121.030,122.220,120.740
2011/04/12,Tue,122.140,121.080,122.480,120.130
2011/04/11,Mon,122.670,122.160,123.370,121.980
2011/04/10,Sun,,,,
2011/04/09,Sat,,,,
2011/04/08,Fri,121.540,122.630,123.140,121.320
2011/04/07,Thu,122.440,121.500,122.720,120.740
2011/04/06,Wed,120.800,122.480,122.670,120.800
2011/04/05,Tue,119.590,120.760,120.890,119.290
2011/04/04,Mon,119.650,119.510,120.080,119.160
2011/04/03,Sun,,,,
2011/04/02,Sat,,,,
2011/04/01,Fri,117.850,119.570,119.840,117.810
2011/03/31,Thu,117.120,117.770,118.030,116.720
2011/03/30,Wed,116.370,117.060,117.320,116.210
2011/03/29,Tue,115.080,116.370,116.530,114.790
2011/03/28,Mon,114.230,115.040,115.350,114.200
2011/03/27,Sun,,,,
2011/03/26,Sat,,,,
2011/03/25,Fri,114.740,114.490,115.270,114.460
2011/03/24,Thu,114.060,114.770,115.000,113.530
2011/03/23,Wed,114.970,113.920,115.070,113.870
2011/03/22,Tue,115.340,114.950,115.590,114.780
2011/03/21,Mon,114.550,115.280,115.460,114.440
2011/03/20,Sun,,,,
2011/03/19,Sat,,,,
2011/03/18,Fri,110.710,114.240,115.540,110.740
2011/03/17,Thu,107.990,110.580,111.300,107.530
2011/03/16,Wed,112.990,108.620,113.520,108.510
2011/03/15,Tue,114.220,112.930,114.690,111.950
2011/03/14,Mon,114.200,114.190,114.860,112.550
2011/03/13,Sun,,,,
2011/03/12,Sat,,,,
2011/03/11,Fri,114.400,113.880,115.050,112.910
2011/03/10,Thu,115.040,114.310,115.320,114.190
2011/03/09,Wed,114.920,115.020,115.320,114.730
2011/03/08,Tue,114.880,114.920,115.270,114.520
2011/03/07,Mon,115.140,114.860,115.350,114.530
2011/03/06,Sun,,,,
2011/03/05,Sat,,,,
2011/03/04,Fri,115.060,115.020,116.050,114.840
2011/03/03,Thu,113.500,115.040,115.100,113.060
2011/03/02,Wed,112.710,113.510,113.600,112.520
2011/03/01,Tue,112.900,112.790,113.760,112.750
2011/02/28,Mon,112.370,112.850,113.390,111.950
2011/02/27,Sun,,,,
2011/02/26,Sat,,,,
2011/02/25,Fri,113.000,112.300,113.490,112.200
2011/02/24,Thu,113.340,113.060,113.550,112.180
2011/02/23,Wed,112.950,113.360,113.870,112.950
2011/02/22,Tue,113.650,112.950,114.240,112.210
2011/02/21,Mon,113.830,113.650,114.020,113.520
2011/02/20,Sun,,,,
2011/02/19,Sat,,,,
2011/02/18,Fri,113.350,113.760,113.970,112.920
2011/02/17,Thu,113.520,113.300,113.730,113.030
2011/02/16,Wed,112.990,113.430,113.700,112.870
2011/02/15,Tue,112.290,112.980,113.440,112.290
2011/02/14,Mon,112.840,112.370,113.030,112.040
2011/02/13,Sun,,,,
2011/02/12,Sat,,,,
2011/02/11,Fri,113.150,113.000,113.500,112.750
2011/02/10,Thu,113.030,113.140,113.460,112.600
2011/02/09,Wed,112.180,113.050,113.250,112.040
2011/02/08,Tue,111.790,112.200,112.360,111.570
2011/02/07,Mon,111.470,111.800,112.230,111.210
2011/02/06,Sun,,,,
2011/02/05,Sat,,,,
2011/02/04,Fri,111.260,111.610,112.100,110.600
2011/02/03,Thu,112.610,111.260,112.900,111.030
2011/02/02,Wed,112.420,112.590,112.960,112.180
2011/02/01,Tue,112.290,112.440,112.740,111.850
2011/01/31,Mon,111.490,112.350,112.740,111.390
2011/01/30,Sun,,,,
2011/01/29,Sat,,,,
2011/01/28,Fri,113.800,111.750,113.950,111.490
2011/01/27,Thu,112.670,113.730,114.060,112.430
2011/01/26,Wed,112.480,112.630,112.980,112.120
2011/01/25,Tue,112.470,112.510,112.840,111.800
2011/01/24,Mon,112.530,112.490,112.950,112.210
2011/01/23,Sun,,,,
2011/01/22,Sat,,,,
2011/01/21,Fri,111.770,112.420,112.540,111.600
2011/01/20,Thu,110.430,111.780,111.960,110.290
2011/01/19,Wed,110.550,110.450,111.100,110.310
2011/01/18,Tue,109.930,110.550,111.180,109.560
2011/01/17,Mon,110.790,109.890,111.020,109.550
2011/01/16,Sun,,,,
2011/01/15,Sat,,,,
2011/01/14,Fri,110.620,110.950,111.040,110.050
2011/01/13,Thu,108.930,110.600,110.720,108.680
2011/01/12,Wed,107.920,108.920,109.070,107.830
2011/01/11,Tue,107.060,107.930,108.330,107.030
2011/01/10,Mon,107.170,107.080,107.730,106.780
2011/01/09,Sun,,,,
2011/01/08,Sat,,,,
2011/01/07,Fri,108.350,107.200,108.820,106.930
2011/01/06,Thu,109.470,108.430,109.700,108.090
2011/01/05,Wed,109.070,109.460,109.800,108.470
2011/01/04,Tue,109.120,109.130,110.290,108.590
2011/01/03,Mon,108.350,109.120,109.300,107.770
2011/01/02,Sun,,,,
2011/01/01,Sat,,,,
2010/12/31,Fri,108.290,108.600,108.960,108.260
2010/12/30,Thu,107.930,108.340,108.970,107.570
2010/12/29,Wed,108.090,107.920,108.170,107.590
2010/12/28,Tue,108.970,108.220,109.560,107.600
2010/12/27,Mon,108.700,108.980,109.110,108.400
2010/12/26,Sun,,,,
2010/12/25,Sat,,,,
2010/12/24,Fri,108.780,108.690,109.090,108.550
2010/12/23,Thu,109.430,108.770,109.640,108.430
2010/12/22,Wed,109.700,109.410,110.150,109.180
2010/12/21,Tue,109.930,109.670,110.530,109.600
2010/12/20,Mon,110.780,109.850,110.830,109.540
2010/12/19,Sun,,,,
2010/12/18,Sat,,,,
2010/12/17,Fri,111.180,110.610,111.980,110.380
2010/12/16,Thu,111.280,111.180,111.650,111.040
2010/12/15,Wed,111.910,111.190,112.140,111.240
2010/12/14,Tue,111.650,111.900,112.260,111.510
2010/12/13,Mon,110.870,111.650,112.120,110.630
2010/12/12,Sun,,,,
2010/12/11,Sat,,,,
2010/12/10,Fri,110.830,111.050,111.170,110.450
2010/12/09,Thu,111.380,110.810,111.690,110.530
2010/12/08,Wed,110.650,111.390,111.520,110.490
2010/12/07,Tue,110.000,110.720,111.160,109.550
2010/12/06,Mon,110.550,109.950,111.130,109.610
2010/12/05,Sun,,,,
2010/12/04,Sat,,,,
2010/12/03,Fri,110.860,110.800,111.260,109.850
2010/12/02,Thu,110.590,110.930,111.240,109.950
2010/12/01,Wed,108.610,110.620,110.800,108.400
2010/11/30,Tue,110.570,108.590,110.720,108.320
2010/11/29,Mon,111.620,110.490,111.770,110.220
2010/11/28,Sun,,,,
2010/11/27,Sat,,,,
2010/11/26,Fri,111.620,111.340,111.850,110.530
2010/11/25,Thu,111.360,111.660,111.960,110.990
2010/11/24,Wed,111.130,111.370,111.820,110.290
2010/11/23,Tue,113.440,111.190,113.720,110.730
2010/11/22,Mon,114.480,113.460,115.000,113.230
2010/11/21,Sun,,,,
2010/11/20,Sat,,,,
2010/11/19,Fri,113.950,114.190,114.350,113.510
2010/11/18,Thu,112.510,113.920,114.130,112.470
2010/11/17,Wed,112.320,112.520,112.820,112.300
2010/11/16,Tue,112.970,112.320,113.480,112.250
2010/11/15,Mon,113.010,112.950,113.660,112.580
2010/11/14,Sun,,,,
2010/11/13,Sat,,,,
2010/11/12,Fri,112.710,112.950,113.430,111.040
2010/11/11,Thu,113.380,112.690,113.580,112.500
2010/11/10,Wed,112.530,113.410,113.820,112.210
2010/11/09,Tue,112.970,112.670,113.120,111.710
2010/11/08,Mon,114.150,112.970,114.330,112.620
2010/11/07,Sun,,,,
2010/11/06,Sat,,,,
2010/11/05,Fri,114.750,114.000,115.070,113.820
2010/11/04,Thu,114.710,114.610,115.450,114.010
2010/11/03,Wed,113.190,114.550,115.470,112.800
2010/11/02,Tue,111.810,113.160,113.520,111.800
2010/11/01,Mon,112.100,111.810,113.640,111.760
2010/10/31,Sun,,,,
2010/10/30,Sat,,,,
2010/10/29,Fri,112.800,112.120,113.010,111.500
2010/10/28,Thu,112.530,112.850,113.020,112.180
2010/10/27,Wed,112.780,112.470,113.240,112.210
2010/10/26,Tue,112.800,112.800,113.310,112.410
2010/10/25,Mon,113.620,112.810,113.820,112.530
2010/10/24,Sun,,,,
2010/10/23,Sat,,,,
2010/10/22,Fri,113.190,113.480,113.600,112.590
2010/10/21,Thu,113.260,113.200,113.960,112.790
2010/10/20,Wed,112.050,113.300,113.430,111.540
2010/10/19,Tue,113.310,112.000,113.710,111.790
2010/10/18,Mon,113.750,113.240,113.850,112.380
2010/10/17,Sun,,,,
2010/10/16,Sat,,,,
2010/10/15,Fri,114.590,113.810,114.740,113.530
2010/10/14,Thu,114.140,114.670,114.820,113.960
2010/10/13,Wed,113.790,114.170,114.730,113.790
2010/10/12,Tue,113.870,113.840,114.180,112.820
2010/10/11,Mon,114.380,113.880,114.780,113.820
2010/10/10,Sun,,,,
2010/10/09,Sat,,,,
2010/10/08,Fri,114.550,114.170,114.980,113.620
2010/10/07,Thu,115.460,114.650,115.700,114.220
2010/10/06,Wed,115.090,115.540,115.680,114.650
2010/10/05,Tue,114.060,115.090,115.390,113.860
2010/10/04,Mon,114.780,114.010,115.310,113.730
2010/10/03,Sun,,,,
2010/10/02,Sat,,,,
2010/10/01,Fri,113.790,114.710,114.890,113.750
2010/09/30,Thu,114.050,113.750,114.260,112.960
2010/09/29,Wed,113.840,114.040,114.210,113.490
2010/09/28,Tue,113.260,113.890,114.040,112.660
2010/09/27,Mon,113.650,113.360,113.790,113.050
2010/09/26,Sun,,,,
2010/09/25,Sat,,,,
2010/09/24,Fri,112.330,113.540,113.810,112.310
2010/09/23,Thu,113.200,112.270,113.460,112.160
2010/09/22,Wed,112.830,113.260,113.600,112.540
2010/09/21,Tue,111.920,112.770,112.960,111.460
2010/09/20,Mon,111.890,111.930,112.390,111.660
2010/09/19,Sun,,,,
2010/09/18,Sat,,,,
2010/09/17,Fri,112.170,111.980,113.020,111.570
2010/09/16,Thu,111.560,112.110,112.430,110.640
2010/09/15,Wed,107.860,111.470,111.710,107.720
2010/09/14,Tue,107.780,107.910,108.290,106.750
2010/09/13,Mon,106.960,107.760,108.000,106.970
2010/09/12,Sun,,,,
2010/09/11,Sat,,,,
2010/09/10,Fri,106.420,106.690,107.430,106.230
2010/09/09,Thu,106.670,106.380,106.990,105.940
2010/09/08,Wed,106.280,106.670,107.150,105.770
2010/09/07,Tue,108.340,106.260,108.400,106.240
2010/09/06,Mon,108.720,108.360,108.980,108.260
2010/09/05,Sun,,,,
2010/09/04,Sat,,,,
2010/09/03,Fri,108.110,108.680,109.610,107.900
2010/09/02,Thu,108.070,108.100,108.340,107.430
2010/09/01,Wed,106.760,108.150,108.640,106.570
2010/08/31,Tue,107.150,106.790,107.790,106.170
2010/08/30,Mon,108.910,107.130,109.640,107.000
2010/08/29,Sun,,,,
2010/08/28,Sat,,,,
2010/08/27,Fri,107.400,108.720,108.970,106.980
2010/08/26,Thu,107.070,107.440,108.050,107.050
2010/08/25,Wed,106.240,107.050,107.670,106.210
2010/08/24,Tue,107.630,106.030,107.910,105.400
2010/08/23,Mon,108.690,107.660,108.960,107.650
2010/08/22,Sun,,,,
2010/08/21,Sat,,,,
2010/08/20,Fri,109.290,108.770,109.640,108.220
2010/08/19,Thu,109.720,109.400,110.210,109.190
2010/08/18,Wed,110.150,109.820,110.410,109.570
2010/08/17,Tue,109.410,110.150,110.540,109.070
2010/08/16,Mon,110.000,109.460,110.350,109.150
2010/08/15,Sun,,,,
2010/08/14,Sat,,,,
2010/08/13,Fri,110.150,109.900,111.160,109.540
2010/08/12,Thu,109.500,110.260,110.940,109.200
2010/08/11,Wed,112.560,109.350,112.700,109.300
2010/08/10,Tue,113.670,112.530,113.820,112.270
2010/08/09,Mon,113.510,113.660,114.040,113.280
2010/08/08,Sun,,,,
2010/08/07,Sat,,,,
2010/08/06,Fri,113.170,113.550,113.800,112.560
2010/08/05,Thu,113.500,113.150,113.990,112.740
2010/08/04,Wed,113.570,113.550,113.770,112.690
2010/08/03,Tue,113.920,113.450,114.190,113.090
2010/08/02,Mon,112.800,114.010,114.230,112.700
2010/08/01,Sun,,,,
2010/07/31,Sat,,,,
2010/07/30,Fri,113.630,112.770,113.740,112.010
2010/07/29,Thu,113.420,113.470,114.250,113.160
2010/07/28,Wed,114.250,113.540,114.780,113.200
2010/07/27,Tue,112.900,114.170,114.480,112.770
2010/07/26,Mon,112.860,112.890,113.490,112.190
2010/07/25,Sun,,,,
2010/07/24,Sat,,,,
2010/07/23,Fri,112.140,112.830,113.050,111.580
2010/07/22,Thu,110.820,112.040,112.780,109.990
2010/07/21,Wed,112.660,111.050,112.880,110.760
2010/07/20,Tue,112.310,112.700,113.370,111.440
2010/07/19,Mon,111.600,112.220,113.090,111.410
2010/07/18,Sun,,,,
2010/07/17,Sat,,,,
2010/07/16,Fri,113.020,111.960,113.400,111.530
2010/07/15,Thu,112.630,113.140,113.480,111.790
2010/07/14,Wed,112.840,112.670,113.330,112.020
2010/07/13,Tue,111.570,112.800,112.970,110.660
2010/07/12,Mon,112.040,111.590,112.430,111.100
2010/07/11,Sun,,,,
2010/07/10,Sat,,,,
2010/07/09,Fri,112.220,111.910,112.710,111.510
2010/07/08,Thu,110.830,112.190,112.560,110.720
2010/07/07,Wed,110.530,110.770,110.990,109.280
2010/07/06,Tue,110.020,110.510,110.890,109.120
2010/07/05,Mon,110.120,110.020,110.460,109.690
2010/07/04,Sun,,,,
2010/07/03,Sat,,,,
2010/07/02,Fri,109.770,110.200,110.780,109.550
2010/07/01,Thu,108.090,109.630,109.840,107.490
2010/06/30,Wed,107.820,108.150,109.150,107.670
2010/06/29,Tue,109.680,107.860,109.900,107.300
2010/06/28,Mon,110.500,109.690,110.840,109.580
2010/06/27,Sun,,,,
2010/06/26,Sat,,,,
2010/06/25,Fri,110.380,110.390,110.930,109.550
2010/06/24,Thu,110.680,110.430,110.930,110.030
2010/06/23,Wed,111.060,110.640,111.410,109.890
2010/06/22,Tue,112.190,111.060,112.500,110.840
2010/06/21,Mon,112.410,111.970,113.430,111.840
2010/06/20,Sun,,,,
2010/06/19,Sat,,,,
2010/06/18,Fri,112.650,112.290,112.850,111.910
2010/06/17,Thu,112.480,112.620,113.230,111.630
2010/06/16,Wed,112.810,112.510,113.370,111.710
2010/06/15,Tue,111.900,112.640,113.090,110.850
2010/06/14,Mon,111.370,111.830,112.910,111.090
2010/06/13,Sun,,,,
2010/06/12,Sat,,,,
2010/06/11,Fri,110.700,110.980,111.410,110.280
2010/06/10,Thu,109.330,110.610,110.890,108.950
2010/06/09,Wed,109.570,109.390,110.600,108.850
2010/06/08,Tue,108.960,109.560,110.070,108.330
2010/06/07,Mon,109.570,108.800,110.320,108.070
2010/06/06,Sun,,,,
2010/06/05,Sat,,,,
2010/06/04,Fri,112.700,110.040,113.410,109.390
2010/06/03,Thu,112.920,112.630,114.200,112.110
2010/06/02,Wed,111.140,112.880,113.100,111.000
2010/06/01,Tue,112.290,111.260,112.850,109.750
2010/05/31,Mon,111.700,112.260,112.940,111.570
2010/05/30,Sun,,,,
2010/05/29,Sat,,,,
2010/05/28,Fri,112.500,111.690,113.710,111.350
2010/05/27,Thu,109.350,112.620,112.800,109.190
2010/05/26,Wed,111.590,109.300,111.920,109.340
2010/05/25,Tue,111.580,111.640,111.740,108.820
2010/05/24,Mon,113.210,111.310,113.350,111.210
2010/05/23,Sun,,,,
2010/05/22,Sat,,,,
2010/05/21,Fri,111.530,113.130,114.430,111.010
2010/05/20,Thu,113.960,111.640,114.130,109.490
2010/05/19,Wed,112.360,113.870,113.980,110.850
2010/05/18,Tue,114.800,112.230,115.520,112.090
2010/05/17,Mon,113.940,114.720,114.930,112.460
2010/05/16,Sun,,,,
2010/05/15,Sat,,,,
2010/05/14,Fri,116.140,114.280,117.040,113.490
2010/05/13,Thu,117.680,116.100,118.730,116.020
2010/05/12,Wed,117.270,117.590,118.450,116.560
2010/05/11,Tue,119.320,117.270,119.440,116.880
2010/05/10,Mon,119.480,119.220,122.320,118.090
2010/05/09,Sun,,,,
2010/05/08,Sat,,,,
2010/05/07,Fri,114.520,116.820,118.620,113.620
2010/05/06,Thu,120.310,114.570,120.740,110.570
2010/05/05,Wed,122.820,120.270,123.420,119.930
2010/05/04,Tue,124.760,122.810,125.490,122.610
2010/05/03,Mon,125.340,124.690,125.460,123.970
2010/05/02,Sun,,,,
2010/05/01,Sat,,,,
2010/04/30,Fri,124.520,124.720,126.020,124.350
2010/04/29,Thu,124.310,124.290,124.960,123.730
2010/04/28,Wed,122.670,124.230,124.970,122.380
2010/04/27,Tue,125.810,122.570,126.000,122.550
2010/04/26,Mon,125.510,125.840,126.320,125.020
2010/04/25,Sun,,,,
2010/04/24,Sat,,,,
2010/04/23,Fri,124.210,125.680,126.090,123.390
2010/04/22,Thu,124.760,124.210,125.190,123.290
2010/04/21,Wed,125.270,124.660,125.560,124.260
2010/04/20,Tue,124.710,125.290,125.640,124.450
2010/04/19,Mon,123.840,124.630,124.700,123.140
2010/04/18,Sun,,,,
2010/04/17,Sat,,,,
2010/04/16,Fri,126.320,124.370,126.460,123.850
2010/04/15,Thu,127.300,126.310,127.700,125.810
2010/04/14,Wed,126.930,127.260,127.720,126.780
2010/04/13,Tue,126.700,126.870,127.130,125.680
2010/04/12,Mon,127.000,126.630,127.470,126.570
2010/04/11,Sun,,,,
2010/04/10,Sat,,,,
2010/04/09,Fri,124.780,125.720,125.850,124.670
2010/04/08,Thu,124.480,124.760,124.870,123.420
2010/04/07,Wed,125.650,124.510,126.180,124.450
2010/04/06,Tue,127.260,125.610,127.390,125.350
2010/04/05,Mon,127.810,127.170,127.890,126.920
2010/04/04,Sun,,,,
2010/04/03,Sat,,,,
2010/04/02,Fri,127.500,127.700,127.940,126.850
2010/04/01,Thu,126.260,127.470,127.590,125.940
2010/03/31,Wed,124.500,126.270,126.590,124.410
2010/03/30,Tue,124.690,124.520,125.470,124.150
2010/03/29,Mon,124.590,124.590,125.120,124.070
2010/03/28,Sun,,,,
2010/03/27,Sat,,,,
2010/03/26,Fri,123.070,123.980,124.220,122.950
2010/03/25,Thu,122.860,123.060,123.980,122.250
2010/03/24,Wed,122.040,122.790,123.090,121.400
2010/03/23,Tue,122.230,122.070,122.630,121.730
2010/03/22,Mon,122.530,122.130,122.660,121.050
2010/03/21,Sun,,,,
2010/03/20,Sat,,,,
2010/03/19,Fri,122.970,122.500,123.370,122.230
2010/03/18,Thu,124.070,122.900,124.310,122.640
2010/03/17,Wed,124.290,123.990,125.120,123.900
2010/03/16,Tue,123.760,124.340,124.630,123.210
2010/03/15,Mon,125.070,123.760,125.100,123.280
2010/03/14,Sun,,,,
2010/03/13,Sat,,,,
2010/03/12,Fri,123.840,124.460,125.240,123.670
2010/03/11,Thu,123.610,123.800,123.950,123.000
2010/03/10,Wed,122.360,123.570,124.060,121.860
2010/03/09,Tue,123.090,122.330,123.180,121.440
2010/03/08,Mon,123.280,122.980,123.940,122.810
2010/03/07,Sun,,,,
2010/03/06,Sat,,,,
2010/03/05,Fri,121.080,122.980,123.350,120.860
2010/03/04,Thu,121.130,120.950,121.840,120.300
2010/03/03,Wed,120.840,121.150,121.780,65.060
2010/03/02,Tue,120.820,120.730,121.350,119.750
2010/03/01,Mon,121.200,120.800,121.950,120.050
2010/02/28,Sun,,,,
2010/02/27,Sat,,,,
2010/02/26,Fri,120.770,121.060,121.690,120.490
2010/02/25,Thu,122.020,120.720,122.330,119.630
2010/02/24,Wed,121.830,122.030,122.650,121.590
2010/02/23,Tue,123.900,121.860,124.590,121.570
2010/02/22,Mon,124.750,123.890,125.280,123.610
2010/02/21,Sun,,,,
2010/02/20,Sat,,,,
2010/02/19,Fri,124.200,124.710,124.830,123.530
2010/02/18,Thu,124.130,124.190,124.490,122.730
2010/02/17,Wed,124.130,124.240,124.890,123.390
2010/02/16,Tue,122.390,124.040,124.510,122.290
2010/02/15,Mon,122.640,122.350,122.910,122.220
2010/02/14,Sun,,,,
2010/02/13,Sat,,,,
2010/02/12,Fri,122.830,122.580,123.120,121.360
2010/02/11,Thu,123.500,122.750,124.190,122.040
2010/02/10,Wed,123.570,123.480,124.310,122.670
2010/02/09,Tue,121.950,123.570,124.200,121.630
2010/02/08,Mon,122.440,121.920,122.810,121.540
2010/02/07,Sun,,,,
2010/02/06,Sat,,,,
2010/02/05,Fri,122.210,122.050,123.340,120.680
2010/02/04,Thu,126.420,122.180,126.500,121.580
2010/02/03,Wed,126.200,126.440,127.000,125.950
2010/02/02,Tue,126.250,126.140,126.720,125.790
2010/02/01,Mon,124.630,126.220,126.540,124.480
2010/01/31,Sun,,,,
2010/01/30,Sat,,,,
2010/01/29,Fri,125.560,125.130,126.730,124.780
2010/01/28,Thu,126.180,125.500,127.100,125.080
2010/01/27,Wed,126.200,126.190,126.450,125.210
2010/01/26,Tue,127.720,126.150,128.400,125.660
2010/01/25,Mon,127.900,127.670,128.170,127.050
2010/01/24,Sun,,,,
2010/01/23,Sat,,,,
2010/01/22,Fri,127.440,127.060,128.220,126.550
2010/01/21,Thu,128.660,127.400,129.550,127.020
2010/01/20,Wed,130.300,128.640,130.390,128.390
2010/01/19,Tue,130.530,130.240,130.760,129.600
2010/01/18,Mon,130.290,130.550,130.990,130.070
2010/01/17,Sun,,,,
2010/01/16,Sat,,,,
2010/01/15,Fri,132.170,130.580,132.430,130.280
2010/01/14,Thu,132.680,132.210,133.670,131.690
2010/01/13,Wed,131.800,132.600,133.240,131.500
2010/01/12,Tue,133.710,131.800,133.820,131.600
2010/01/11,Mon,133.490,133.580,134.420,133.390
2010/01/10,Sun,,,,
2010/01/09,Sat,,,,
2010/01/08,Fri,133.530,133.490,134.170,132.410
2010/01/07,Thu,133.080,133.540,133.700,132.370
2010/01/06,Wed,131.730,133.050,133.540,131.240
2010/01/05,Tue,133.360,131.710,133.500,131.440
2010/01/04,Mon,133.310,133.390,133.830,132.350
2010/01/03,Sun,,,,
2010/01/02,Sat,,,,
2010/01/01,Fri,133.230,133.200,133.370,133.090
2009/12/31,Thu,132.560,133.080,133.650,132.430
2009/12/30,Wed,132.090,132.520,132.870,131.780
2009/12/29,Tue,131.750,132.080,132.660,131.620
2009/12/28,Mon,131.560,131.740,131.970,131.330
2009/12/27,Sun,,,,
2009/12/26,Sat,,,,
2009/12/25,Fri,131.610,131.260,131.810,131.250
2009/12/24,Thu,131.340,131.580,131.910,130.870
2009/12/23,Wed,130.860,131.330,131.540,130.510
2009/12/22,Tue,130.210,130.790,131.120,129.930
2009/12/21,Mon,129.200,130.210,130.420,129.060
2009/12/20,Sun,,,,
2009/12/19,Sat,,,,
2009/12/18,Fri,129.000,129.520,130.040,127.450
2009/12/17,Thu,130.480,128.940,130.700,128.800
2009/12/16,Wed,130.330,130.500,130.810,129.940
2009/12/15,Tue,129.820,130.230,130.780,129.510
2009/12/14,Mon,130.150,129.820,130.660,129.140
2009/12/13,Sun,,,,
2009/12/12,Sat,,,,
2009/12/11,Fri,129.990,130.200,131.640,129.870
2009/12/10,Thu,129.430,129.920,130.410,129.030
2009/12/09,Wed,129.940,129.390,130.500,128.780
2009/12/08,Tue,132.650,129.910,132.750,129.640
2009/12/07,Mon,134.140,132.600,134.390,132.340
2009/12/06,Sun,,,,
2009/12/05,Sat,,,,
2009/12/04,Fri,132.930,134.270,134.580,132.470
2009/12/03,Thu,131.490,132.920,133.640,131.380
2009/12/02,Wed,130.820,131.530,132.030,130.630
2009/12/01,Tue,129.660,130.690,131.310,129.300
2009/11/30,Mon,130.410,129.590,130.870,128.940
2009/11/29,Sun,,,,
2009/11/28,Sat,,,,
2009/11/27,Fri,130.070,129.340,130.200,126.880
2009/11/26,Thu,132.230,129.760,132.340,129.510
2009/11/25,Wed,132.480,132.190,132.720,131.470
2009/11/24,Tue,133.170,132.460,133.290,131.990
2009/11/23,Mon,132.020,133.120,133.650,131.790
2009/11/22,Sun,,,,
2009/11/21,Sat,,,,
2009/11/20,Fri,132.820,132.120,133.010,131.750
2009/11/19,Thu,133.690,132.810,133.810,131.730
2009/11/18,Wed,132.780,133.680,134.020,132.580
2009/11/17,Tue,133.390,132.840,133.640,132.420
2009/11/16,Mon,133.650,133.420,134.380,133.170
2009/11/15,Sun,,,,
2009/11/14,Sat,,,,
2009/11/13,Fri,134.180,133.760,134.490,132.840
2009/11/12,Thu,134.570,134.130,135.060,133.910
2009/11/11,Wed,134.600,134.540,135.380,133.790
2009/11/10,Tue,134.930,134.580,135.420,134.120
2009/11/09,Mon,133.960,134.950,135.120,133.360
2009/11/08,Sun,,,,
2009/11/07,Sat,,,,
2009/11/06,Fri,134.950,133.470,135.160,133.180
2009/11/05,Thu,134.820,135.020,135.200,133.350
2009/11/04,Wed,132.980,134.890,135.790,132.480
2009/11/03,Tue,133.390,132.900,134.000,131.700
2009/11/02,Mon,131.950,133.380,134.570,130.980
2009/11/01,Sun,,,,
2009/10/31,Sat,,,,
2009/10/30,Fri,135.580,132.550,135.940,132.290
2009/10/29,Thu,133.420,135.620,136.020,132.770
2009/10/28,Wed,135.910,133.290,136.010,133.260
2009/10/27,Tue,137.100,135.910,137.410,135.640
2009/10/26,Mon,138.180,137.040,138.520,136.800
2009/10/25,Sun,,,,
2009/10/24,Sat,,,,
2009/10/23,Fri,137.210,138.060,138.410,137.160
2009/10/22,Thu,136.540,137.280,137.460,136.260
2009/10/21,Wed,135.560,136.560,137.010,135.180
2009/10/20,Tue,135.630,135.460,135.900,134.850
2009/10/19,Mon,135.590,135.550,135.940,134.730
2009/10/18,Sun,,,,
2009/10/17,Sat,,,,
2009/10/16,Fri,135.360,135.440,136.100,134.950
2009/10/15,Thu,133.490,135.310,135.450,133.310
2009/10/14,Wed,133.280,133.440,133.800,132.250
2009/10/13,Tue,132.710,133.260,133.560,132.520
2009/10/12,Mon,131.970,132.670,133.350,131.930
2009/10/11,Sun,,,,
2009/10/10,Sat,,,,
2009/10/09,Fri,130.750,132.200,132.350,130.670
2009/10/08,Thu,130.140,130.760,131.010,129.970
2009/10/07,Wed,130.720,130.070,131.140,129.550
2009/10/06,Tue,131.140,130.660,131.600,130.510
2009/10/05,Mon,130.530,131.160,131.700,130.450
2009/10/04,Sun,,,,
2009/10/03,Sat,,,,
2009/10/02,Fri,130.280,130.830,131.280,129.030
2009/10/01,Thu,131.330,130.220,131.820,130.100
2009/09/30,Wed,131.450,131.360,132.060,130.570
2009/09/29,Tue,131.060,131.350,131.810,130.670
2009/09/28,Mon,131.710,131.030,131.830,129.800
2009/09/27,Sun,,,,
2009/09/26,Sat,,,,
2009/09/25,Fri,133.840,131.630,133.920,131.510
2009/09/24,Thu,134.550,133.800,134.700,133.350
2009/09/23,Wed,134.800,134.410,135.400,134.110
2009/09/22,Tue,135.000,134.780,135.390,134.560
2009/09/21,Mon,134.350,135.000,135.530,134.150
2009/09/20,Sun,,,,
2009/09/19,Sat,,,,
2009/09/18,Fri,134.240,134.250,134.650,133.670
2009/09/17,Thu,133.720,134.180,134.850,133.400
2009/09/16,Wed,133.470,133.690,134.060,132.450
2009/09/15,Tue,132.960,133.450,133.780,132.770
2009/09/14,Mon,131.930,132.960,133.090,131.300
2009/09/13,Sun,,,,
2009/09/12,Sat,,,,
2009/09/11,Fri,133.790,132.110,133.850,131.540
2009/09/10,Thu,134.050,133.750,134.400,133.260
2009/09/09,Wed,133.750,134.050,134.450,133.590
2009/09/08,Tue,133.390,133.700,133.910,132.770
2009/09/07,Mon,133.040,133.320,133.910,132.910
2009/09/06,Sun,,,,
2009/09/05,Sat,,,,
2009/09/04,Fri,132.070,132.880,133.260,131.710
2009/09/03,Thu,131.570,132.000,132.590,131.140
2009/09/02,Wed,132.160,131.500,132.550,131.010
2009/09/01,Tue,133.330,132.010,134.180,131.840
2009/08/31,Mon,133.610,133.260,133.880,132.140
2009/08/30,Sun,,,,
2009/08/29,Sat,,,,
2009/08/28,Fri,134.100,133.750,135.050,133.680
2009/08/27,Thu,134.320,134.090,134.450,132.910
2009/08/26,Wed,134.690,134.290,135.160,133.890
2009/08/25,Tue,135.180,134.620,135.910,133.950
2009/08/24,Mon,135.330,135.120,136.110,134.980
2009/08/23,Sun,,,,
2009/08/22,Sat,,,,
2009/08/21,Fri,134.230,135.140,135.510,132.880
2009/08/20,Thu,133.860,134.190,134.640,133.400
2009/08/19,Wed,133.850,133.900,134.530,132.160
2009/08/18,Tue,133.040,133.790,134.820,132.790
2009/08/17,Mon,134.470,132.930,134.560,132.490
2009/08/16,Sun,,,,
2009/08/15,Sat,,,,
2009/08/14,Fri,136.310,134.790,136.480,134.160
2009/08/13,Thu,136.390,136.340,137.890,135.520
2009/08/12,Wed,135.810,136.350,137.280,134.060
2009/08/11,Tue,137.390,135.700,137.430,135.230
2009/08/10,Mon,138.490,137.220,138.650,136.910
2009/08/09,Sun,,,,
2009/08/08,Sat,,,,
2009/08/07,Fri,136.890,138.370,138.740,136.510
2009/08/06,Thu,136.820,136.880,137.990,136.560
2009/08/05,Wed,137.200,136.740,137.640,136.190
2009/08/04,Tue,137.300,137.130,137.730,135.960
2009/08/03,Mon,135.210,137.370,137.610,134.570
2009/08/02,Sun,,,,
2009/08/01,Sat,,,,
2009/07/31,Fri,134.460,134.860,135.600,134.260
2009/07/30,Thu,133.460,134.410,134.930,133.190
2009/07/29,Wed,133.890,133.420,134.420,132.760
2009/07/28,Tue,135.540,133.980,136.020,132.870
2009/07/27,Mon,134.890,135.550,136.120,134.240
2009/07/26,Sun,,,,
2009/07/25,Sat,,,,
2009/07/24,Fri,134.410,134.590,135.230,133.840
2009/07/23,Thu,133.100,134.360,135.650,132.820
2009/07/22,Wed,133.270,132.910,133.620,132.060
2009/07/21,Tue,134.080,133.270,134.540,132.350
2009/07/20,Mon,133.000,133.990,134.790,132.830
2009/07/19,Sun,,,,
2009/07/18,Sat,,,,
2009/07/17,Fri,132.760,132.740,133.500,131.700
2009/07/16,Thu,132.950,132.760,133.230,131.550
2009/07/15,Wed,130.700,132.970,133.430,130.440
2009/07/14,Tue,130.000,130.720,130.970,129.320
2009/07/13,Mon,128.880,129.930,130.240,128.000
2009/07/12,Sun,,,,
2009/07/11,Sat,,,,
2009/07/10,Fri,130.370,128.880,130.640,127.790
2009/07/09,Thu,128.810,130.330,130.900,128.060
2009/07/08,Wed,132.020,128.880,132.090,127.010
2009/07/07,Tue,133.320,131.970,133.930,131.800
2009/07/06,Mon,134.140,133.270,134.180,131.710
2009/07/05,Sun,,,,
2009/07/04,Sat,,,,
2009/07/03,Fri,134.070,134.070,134.840,133.560
2009/07/02,Thu,136.720,133.710,136.800,133.840
2009/07/01,Wed,135.220,136.640,136.920,135.030
2009/06/30,Tue,135.340,135.150,135.960,134.360
2009/06/29,Mon,133.870,135.270,135.530,133.350
2009/06/28,Sun,,,,
2009/06/27,Sat,,,,
2009/06/26,Fri,134.310,133.790,134.960,133.690
2009/06/25,Thu,133.300,134.140,134.850,133.250
2009/06/24,Wed,134.060,133.260,134.990,132.950
2009/06/23,Tue,132.950,133.990,134.420,131.410
2009/06/22,Mon,134.220,132.940,134.320,132.470
2009/06/21,Sun,,,,
2009/06/20,Sat,,,,
2009/06/19,Fri,134.260,134.190,135.180,134.050
2009/06/18,Thu,133.450,134.250,135.020,133.010
2009/06/17,Wed,133.380,133.400,134.650,132.320
2009/06/16,Tue,134.980,133.330,135.390,132.710
2009/06/15,Mon,137.700,134.860,137.810,134.430
2009/06/14,Sun,,,,
2009/06/13,Sat,,,,
2009/06/12,Fri,137.690,137.970,138.310,136.880
2009/06/11,Thu,137.220,137.600,138.060,136.550
2009/06/10,Wed,137.010,137.140,138.370,136.650
2009/06/09,Tue,136.850,136.990,137.350,135.650
2009/06/08,Mon,137.620,136.830,138.030,135.950
2009/06/07,Sun,,,,
2009/06/06,Sat,,,,
2009/06/05,Fri,136.980,137.820,139.240,136.240
2009/06/04,Thu,135.800,136.880,137.440,135.570
2009/06/03,Wed,136.940,135.720,138.020,135.280
2009/06/02,Tue,136.690,136.870,137.480,135.750
2009/06/01,Mon,134.620,136.710,137.270,133.880
2009/05/31,Sun,,,,
2009/05/30,Sat,,,,
2009/05/29,Fri,135.090,134.840,135.730,134.230
2009/05/28,Thu,131.820,135.110,135.360,131.710
2009/05/27,Wed,132.830,131.800,133.530,131.730
2009/05/26,Tue,132.910,132.870,133.320,131.450
2009/05/25,Mon,132.880,132.870,133.440,132.060
2009/05/24,Sun,,,,
2009/05/23,Sat,,,,
2009/05/22,Fri,131.170,132.590,133.020,130.710
2009/05/21,Thu,130.630,131.170,131.540,129.820
2009/05/20,Wed,130.830,130.600,131.740,129.720
2009/05/19,Tue,130.510,130.810,131.870,130.140
2009/05/18,Mon,127.980,130.450,130.680,126.980
2009/05/17,Sun,,,,
2009/05/16,Sat,,,,
2009/05/15,Fri,130.740,128.430,131.180,127.950
2009/05/14,Thu,129.680,130.810,131.000,128.860
2009/05/13,Wed,131.570,129.720,132.420,129.340
2009/05/12,Tue,132.290,131.530,133.640,130.740
2009/05/11,Mon,134.690,132.380,134.830,132.040
2009/05/10,Sun,,,,
2009/05/09,Sat,,,,
2009/05/08,Fri,132.820,134.480,134.490,132.160
2009/05/07,Thu,131.060,132.880,133.620,130.700
2009/05/06,Wed,131.720,131.050,132.450,129.840
2009/05/05,Tue,132.560,131.690,132.840,131.510
2009/05/04,Mon,131.820,132.390,132.910,131.310
2009/05/03,Sun,,,,
2009/05/02,Sat,,,,
2009/05/01,Fri,130.420,131.410,132.390,130.280
2009/04/30,Thu,129.510,130.320,131.270,128.930
2009/04/29,Wed,126.750,129.340,130.090,126.570
2009/04/28,Tue,126.030,126.650,126.920,124.380
2009/04/27,Mon,128.250,125.710,128.330,125.660
2009/04/26,Sun,,,,
2009/04/25,Sat,,,,
2009/04/24,Fri,128.820,128.740,129.290,127.240
2009/04/23,Thu,127.420,128.940,129.040,126.780
2009/04/22,Wed,127.760,127.350,128.160,126.200
2009/04/21,Tue,126.560,127.690,128.120,126.090
2009/04/20,Mon,129.510,126.520,129.600,126.160
2009/04/19,Sun,,,,
2009/04/18,Sat,,,,
2009/04/17,Fri,130.920,129.250,131.470,128.820
2009/04/16,Thu,131.360,130.910,132.020,129.350
2009/04/15,Wed,131.130,131.360,131.820,129.910
2009/04/14,Tue,133.820,130.920,134.350,130.940
2009/04/13,Mon,132.420,133.650,134.040,131.630
2009/04/12,Sun,,,,
2009/04/11,Sat,,,,
2009/04/10,Fri,132.250,132.150,132.350,131.530
2009/04/09,Thu,132.430,132.120,133.560,131.880
2009/04/08,Wed,133.310,132.220,133.820,130.950
2009/04/07,Tue,135.420,133.330,135.550,132.180
2009/04/06,Mon,135.370,135.380,137.470,134.410
2009/04/05,Sun,,,,
2009/04/04,Sat,,,,
2009/04/03,Fri,134.030,135.200,135.340,133.170
2009/04/02,Thu,130.510,134.020,134.290,130.280
2009/04/01,Wed,131.030,130.460,131.930,129.860
2009/03/31,Tue,128.430,130.860,131.890,128.220
2009/03/30,Mon,129.720,128.470,130.590,126.410
2009/03/29,Sun,,,,
2009/03/28,Sat,,,,
2009/03/27,Fri,133.540,130.160,133.890,129.320
2009/03/26,Thu,132.610,133.520,133.950,132.320
2009/03/25,Wed,131.860,132.540,132.920,130.750
2009/03/24,Tue,132.180,131.620,134.530,131.430
2009/03/23,Mon,130.370,132.220,132.570,130.170
2009/03/22,Sun,,,,
2009/03/21,Sat,,,,
2009/03/20,Fri,129.140,130.230,130.540,129.010
2009/03/19,Thu,129.710,129.170,130.340,128.140
2009/03/18,Wed,128.330,129.680,129.890,127.920
2009/03/17,Tue,127.380,128.320,128.560,127.210
2009/03/16,Mon,126.410,127.320,128.760,125.540
2009/03/15,Sun,,,,
2009/03/14,Sat,,,,
2009/03/13,Fri,126.140,126.570,127.670,125.420
2009/03/12,Thu,124.910,126.230,126.430,122.100
2009/03/11,Wed,125.170,124.700,125.740,123.980
2009/03/10,Tue,124.590,125.030,126.080,124.320
2009/03/09,Mon,124.560,124.540,125.510,123.950
2009/03/08,Sun,,,,
2009/03/07,Sat,,,,
2009/03/06,Fri,123.000,124.340,124.990,122.370
2009/03/05,Thu,125.270,123.060,125.790,122.710
2009/03/04,Wed,123.500,125.210,125.670,122.370
2009/03/03,Tue,122.600,123.480,124.260,121.740
2009/03/02,Mon,123.300,122.250,123.570,121.940
2009/03/01,Sun,,,,
2009/02/28,Sat,,,,
2009/02/27,Fri,125.410,123.550,125.600,122.080
2009/02/26,Thu,123.940,125.270,126.120,123.800
2009/02/25,Wed,124.280,123.990,125.220,123.070
2009/02/24,Tue,120.070,124.200,124.780,119.380
2009/02/23,Mon,119.610,120.110,121.950,119.070
2009/02/22,Sun,,,,
2009/02/21,Sat,,,,
2009/02/20,Fri,119.390,119.630,120.020,117.880
2009/02/19,Thu,117.640,119.430,120.350,117.270
2009/02/18,Wed,116.320,117.610,118.060,115.940
2009/02/17,Tue,117.300,116.250,117.510,115.620
2009/02/16,Mon,117.330,117.210,117.770,116.530
2009/02/15,Sun,,,,
2009/02/14,Sat,,,,
2009/02/13,Fri,116.930,118.300,118.820,116.550
2009/02/12,Thu,116.610,116.840,117.020,114.880
2009/02/11,Wed,116.590,116.620,117.320,115.910
2009/02/10,Tue,118.980,116.430,119.650,115.750
2009/02/09,Mon,118.980,118.980,120.040,117.050
2009/02/08,Sun,,,,
2009/02/07,Sat,,,,
2009/02/06,Fri,116.740,118.980,119.740,115.700
2009/02/05,Thu,114.970,116.470,118.910,114.370
2009/02/04,Wed,116.440,114.800,117.050,114.190
2009/02/03,Tue,115.050,116.420,116.630,114.390
2009/02/02,Mon,114.990,114.960,116.000,113.130
2009/02/01,Sun,,,,
2009/01/31,Sat,,,,
2009/01/30,Fri,116.550,115.000,116.710,114.580
2009/01/29,Thu,118.690,116.540,119.330,115.970
2009/01/28,Wed,117.250,118.760,119.710,116.950
2009/01/27,Tue,117.340,117.130,119.500,116.120
2009/01/26,Mon,115.230,117.180,117.990,113.730
2009/01/25,Sun,,,,
2009/01/24,Sat,,,,
2009/01/23,Fri,115.440,115.310,116.060,112.480
2009/01/22,Thu,116.560,115.300,116.910,113.970
2009/01/21,Wed,115.730,116.650,117.230,112.090
2009/01/20,Tue,118.770,115.830,118.900,115.500
2009/01/19,Mon,121.310,118.850,122.180,118.490
2009/01/18,Sun,,,,
2009/01/17,Sat,,,,
2009/01/16,Fri,118.010,120.640,120.740,117.760
2009/01/15,Thu,117.280,118.090,118.660,116.220
2009/01/14,Wed,117.740,117.280,119.760,116.540
2009/01/13,Tue,119.220,117.620,119.590,117.120
2009/01/12,Mon,121.420,119.190,121.570,118.620
2009/01/11,Sun,,,,
2009/01/10,Sat,,,,
2009/01/09,Fri,125.070,121.290,125.400,121.160
2009/01/08,Thu,126.440,124.980,126.630,124.100
2009/01/07,Wed,126.820,126.200,127.670,125.650
2009/01/06,Tue,126.970,126.630,127.420,125.160
2009/01/05,Mon,127.980,126.970,128.570,126.370
2009/01/04,Sun,,,,
2009/01/03,Sat,,,,
2009/01/02,Fri,126.960,127.950,128.000,126.030
2009/01/01,Thu,126.710,126.930,128.000,125.070
2008/12/31,Wed,127.030,126.660,127.800,125.350
2008/12/30,Tue,126.500,127.000,128.170,126.200
2008/12/29,Mon,127.530,126.550,129.830,126.390
2008/12/28,Sun,,,,
2008/12/27,Sat,,,,
2008/12/26,Fri,126.740,127.450,127.760,126.550
2008/12/25,Thu,126.680,126.650,127.620,126.290
2008/12/24,Wed,126.770,126.660,126.950,125.970
2008/12/23,Tue,125.680,126.910,127.040,125.600
2008/12/22,Mon,124.150,125.690,126.680,124.000
2008/12/21,Sun,,,,
2008/12/20,Sat,,,,
2008/12/19,Fri,127.240,124.220,128.260,123.700
2008/12/18,Thu,125.760,127.180,131.040,125.640
2008/12/17,Wed,125.250,125.770,126.800,124.210
2008/12/16,Tue,124.220,125.400,125.530,122.540
2008/12/15,Mon,122.200,124.330,124.630,121.630
2008/12/14,Sun,,,,
2008/12/13,Sat,,,,
2008/12/12,Fri,122.210,121.800,122.580,117.780
2008/12/11,Thu,120.680,122.400,122.780,120.260
2008/12/10,Wed,119.140,120.570,121.490,118.940
2008/12/09,Tue,120.290,118.880,120.400,118.390
2008/12/08,Mon,118.120,120.110,121.010,117.890
2008/12/07,Sun,,,,
2008/12/06,Sat,,,,
2008/12/05,Fri,118.000,118.260,118.770,115.880
2008/12/04,Thu,118.640,117.800,119.300,116.350
2008/12/03,Wed,118.580,118.680,119.320,116.790
2008/12/02,Tue,117.440,118.580,119.470,116.540
2008/12/01,Mon,121.370,117.660,121.480,117.310
2008/11/30,Sun,,,,
2008/11/29,Sat,,,,
2008/11/28,Fri,123.070,121.180,123.480,120.480
2008/11/27,Thu,123.270,122.970,123.680,122.450
2008/11/26,Wed,124.600,123.160,124.730,121.940
2008/11/25,Tue,125.340,124.360,126.240,122.640
2008/11/24,Mon,120.710,125.310,125.500,119.530
2008/11/23,Sun,,,,
2008/11/22,Sat,,,,
2008/11/21,Fri,117.030,120.570,120.760,116.440
2008/11/20,Thu,119.890,117.140,121.210,116.800
2008/11/19,Wed,122.230,120.070,124.290,119.810
2008/11/18,Tue,122.040,122.420,123.600,120.980
2008/11/17,Mon,120.480,121.860,123.890,120.170
2008/11/16,Sun,,,,
2008/11/15,Sat,,,,
2008/11/14,Fri,125.270,122.900,125.750,121.360
2008/11/13,Thu,118.620,124.820,126.070,117.660
2008/11/12,Wed,122.520,118.280,123.850,118.050
2008/11/11,Tue,124.850,122.270,125.510,121.830
2008/11/10,Mon,127.120,124.710,128.450,124.210
2008/11/09,Sun,,,,
2008/11/08,Sat,,,,
2008/11/07,Fri,124.220,125.290,126.390,122.440
2008/11/06,Thu,127.090,124.130,127.610,123.990
2008/11/05,Wed,129.580,127.610,130.200,126.070
2008/11/04,Tue,125.270,129.850,131.010,123.410
2008/11/03,Mon,125.630,125.280,128.470,124.720
2008/11/02,Sun,,,,
2008/11/01,Sat,,,,
2008/10/31,Fri,127.050,125.310,127.570,122.210
2008/10/30,Thu,126.270,127.240,131.120,124.750
2008/10/29,Wed,125.170,126.170,127.350,121.410
2008/10/28,Tue,115.810,125.620,125.280,114.410
2008/10/27,Mon,117.230,115.870,119.400,113.600
2008/10/26,Sun,,,,
2008/10/25,Sat,,,,
2008/10/24,Fri,126.520,118.990,127.300,113.820
2008/10/23,Thu,125.540,126.920,126.860,123.120
2008/10/22,Wed,131.020,125.420,131.510,124.640
2008/10/21,Tue,136.010,130.750,136.400,130.660
2008/10/20,Mon,136.350,135.960,138.570,134.810
2008/10/19,Sun,,,,
2008/10/18,Sat,,,,
2008/10/17,Fri,136.880,136.280,137.440,134.800
2008/10/16,Thu,134.640,136.980,137.230,133.390
2008/10/15,Wed,139.140,134.120,139.390,134.440
2008/10/14,Tue,138.640,139.120,141.740,138.470
2008/10/13,Mon,136.850,138.660,138.880,134.200
2008/10/12,Sun,,,,
2008/10/11,Sat,,,,
2008/10/10,Fri,135.520,134.980,136.390,132.230
2008/10/09,Thu,135.220,135.140,139.740,135.010
2008/10/08,Wed,138.250,135.160,138.820,134.180
2008/10/07,Tue,137.100,137.690,141.120,136.630
2008/10/06,Mon,143.480,136.790,143.830,135.000
2008/10/05,Sun,,,,
2008/10/04,Sat,,,,
2008/10/03,Fri,145.570,144.990,146.870,143.980
2008/10/02,Thu,148.260,145.440,148.720,144.860
2008/10/01,Wed,149.640,148.180,150.630,147.510
2008/09/30,Tue,150.190,149.690,151.360,148.530
2008/09/29,Mon,154.330,150.030,155.110,150.070
2008/09/28,Sun,,,,
2008/09/27,Sat,,,,
2008/09/26,Fri,155.640,154.850,155.830,153.450
2008/09/25,Thu,155.190,155.550,156.360,155.070
2008/09/24,Wed,154.760,155.250,156.230,154.490
2008/09/23,Tue,155.940,154.520,156.310,154.480
2008/09/22,Mon,154.800,155.870,156.870,153.820
2008/09/21,Sun,,,,
2008/09/20,Sat,,,,
2008/09/19,Fri,151.320,155.370,155.580,150.760
2008/09/18,Thu,149.640,151.260,152.010,149.070
2008/09/17,Wed,148.930,148.950,151.580,147.420
2008/09/16,Tue,149.120,148.810,150.540,147.010
2008/09/15,Mon,151.490,148.970,152.950,148.530
2008/09/14,Sun,,,,
2008/09/13,Sat,,,,
2008/09/12,Fri,150.130,153.540,153.600,149.570
2008/09/11,Thu,150.680,150.150,150.810,147.490
2008/09/10,Wed,150.880,150.380,152.520,150.150
2008/09/09,Tue,152.860,151.240,153.530,150.640
2008/09/08,Mon,156.290,152.990,157.010,151.640
2008/09/07,Sun,,,,
2008/09/06,Sat,,,,
2008/09/05,Fri,152.500,153.730,153.760,150.550
2008/09/04,Thu,156.940,151.870,157.780,152.510
2008/09/03,Wed,157.700,156.880,158.070,156.210
2008/09/02,Tue,157.970,157.750,158.510,156.940
2008/09/01,Mon,159.320,157.750,159.650,157.520
2008/08/31,Sun,,,,
2008/08/30,Sat,,,,
2008/08/29,Fri,161.000,159.620,161.120,159.190
2008/08/28,Thu,161.230,160.850,162.030,160.700
2008/08/27,Wed,160.570,161.200,161.530,160.030
2008/08/26,Tue,161.290,160.480,161.530,159.940
2008/08/25,Mon,162.720,161.260,162.790,161.140
2008/08/24,Sun,,,,
2008/08/23,Sat,,,,
2008/08/22,Fri,161.550,162.740,163.180,161.430
2008/08/21,Thu,161.980,161.600,162.230,160.170
2008/08/20,Wed,162.130,161.840,162.620,161.440
2008/08/19,Tue,161.760,162.100,162.430,160.820
2008/08/18,Mon,162.270,161.780,162.670,161.650
2008/08/17,Sun,,,,
2008/08/16,Sat,,,,
2008/08/15,Fri,162.570,162.290,163.140,161.850
2008/08/14,Thu,163.360,162.480,163.750,162.200
2008/08/13,Wed,163.000,163.250,163.900,161.340
2008/08/12,Tue,164.070,162.970,164.430,162.960
2008/08/11,Mon,164.770,163.900,165.600,163.610
2008/08/10,Sun,,,,
2008/08/09,Sat,,,,
2008/08/08,Fri,167.630,165.310,167.810,165.290
2008/08/07,Thu,169.080,167.590,169.520,167.560
2008/08/06,Wed,167.390,169.000,169.350,167.270
2008/08/05,Tue,168.570,167.350,168.640,166.860
2008/08/04,Mon,167.650,168.580,168.820,167.300
2008/08/03,Sun,,,,
2008/08/02,Sat,,,,
2008/08/01,Fri,168.300,167.560,168.350,166.940
2008/07/31,Thu,168.420,168.170,169.230,168.070
2008/07/30,Wed,168.540,168.380,168.660,167.920
2008/07/29,Tue,169.140,168.420,169.510,168.260
2008/07/28,Mon,169.320,169.120,169.790,168.990
2008/07/27,Sun,,,,
2008/07/26,Sat,,,,
2008/07/25,Fri,168.300,169.420,169.540,167.480
2008/07/24,Thu,169.350,168.340,169.440,167.900
2008/07/23,Wed,169.400,169.360,170.030,169.100
2008/07/22,Tue,169.500,169.360,169.750,168.980
2008/07/21,Mon,169.400,169.440,169.950,169.070
2008/07/20,Sun,,,,
2008/07/19,Sat,,,,
2008/07/18,Fri,168.520,169.470,169.540,168.210
2008/07/17,Thu,166.330,168.390,169.140,166.000
2008/07/16,Wed,166.590,166.220,166.880,165.300
2008/07/15,Tue,168.890,166.520,168.960,166.390
2008/07/14,Mon,169.340,168.860,169.710,168.750
2008/07/13,Sun,,,,
2008/07/12,Sat,,,,
2008/07/11,Fri,169.050,169.300,169.670,168.090
2008/07/10,Thu,168.090,168.900,169.080,167.800
2008/07/09,Wed,168.430,167.980,168.930,167.960
2008/07/08,Tue,168.540,168.290,168.560,167.180
2008/07/07,Mon,167.610,168.430,168.640,167.120
2008/07/06,Sun,,,,
2008/07/05,Sat,,,,
2008/07/04,Fri,167.630,167.730,168.090,167.100
2008/07/03,Thu,168.180,167.500,169.150,167.340
2008/07/02,Wed,167.560,168.090,168.650,167.320
2008/07/01,Tue,167.260,167.490,167.650,166.120
2008/06/30,Mon,167.550,167.160,168.120,166.070
2008/06/29,Sun,,,,
2008/06/28,Sat,,,,
2008/06/27,Fri,168.290,167.610,168.610,166.990
2008/06/26,Thu,168.950,168.210,169.480,167.970
2008/06/25,Wed,167.840,168.920,169.200,167.620
2008/06/24,Tue,167.370,167.860,168.420,167.280
2008/06/23,Mon,167.490,167.340,167.830,166.830
2008/06/22,Sun,,,,
2008/06/21,Sat,,,,
2008/06/20,Fri,167.440,167.400,168.150,167.210
2008/06/19,Thu,167.530,167.380,167.810,166.750
2008/06/18,Wed,167.420,167.400,168.060,167.010
2008/06/17,Tue,167.440,167.330,167.870,167.020
2008/06/16,Mon,166.490,167.380,167.730,166.410
2008/06/15,Sun,,,,
2008/06/14,Sat,,,,
2008/06/13,Fri,166.690,166.300,166.950,165.620
2008/06/12,Thu,166.280,166.620,166.700,165.610
2008/06/11,Wed,166.080,166.160,167.000,165.630
2008/06/10,Tue,166.320,166.120,166.710,165.460
2008/06/09,Mon,165.140,166.310,167.180,164.940
2008/06/08,Sun,,,,
2008/06/07,Sat,,,,
2008/06/06,Fri,165.180,165.500,166.200,164.790
2008/06/05,Thu,162.450,165.120,165.280,162.240
2008/06/04,Wed,162.310,162.440,162.630,161.530
2008/06/03,Tue,162.260,162.280,163.250,161.780
2008/06/02,Mon,163.760,162.340,164.230,162.040
2008/06/01,Sun,,,,
2008/05/31,Sat,,,,
2008/05/30,Fri,163.760,164.070,164.310,163.030
2008/05/29,Thu,163.790,163.720,164.250,163.270
2008/05/28,Wed,163.540,163.660,164.520,163.070
2008/05/27,Tue,163.100,163.510,163.950,163.000
2008/05/26,Mon,162.900,163.000,163.330,162.700
2008/05/25,Sun,,,,
2008/05/24,Sat,,,,
2008/05/23,Fri,163.730,162.840,163.890,162.560
2008/05/22,Thu,162.760,163.680,163.890,162.240
2008/05/21,Wed,162.210,162.600,163.190,161.450
2008/05/20,Tue,161.860,162.170,163.040,161.430
2008/05/19,Mon,162.210,161.870,162.560,161.540
2008/05/18,Sun,,,,
2008/05/17,Sat,,,,
2008/05/16,Fri,161.760,162.030,162.540,161.250
2008/05/15,Thu,162.620,161.660,162.990,161.600
2008/05/14,Wed,162.040,162.540,162.960,161.700
2008/05/13,Tue,161.370,161.990,162.350,160.120
2008/05/12,Mon,159.000,161.350,161.550,158.700
2008/05/11,Sun,,,,
2008/05/10,Sat,,,,
2008/05/09,Fri,159.780,159.180,160.090,158.580
2008/05/08,Thu,161.230,159.780,161.320,159.020
2008/05/07,Wed,162.710,161.050,163.080,160.980
2008/05/06,Tue,162.570,162.600,162.800,161.970
2008/05/05,Mon,162.440,162.510,163.220,162.300
2008/05/04,Sun,,,,
2008/05/03,Sat,,,,
2008/05/02,Fri,161.550,162.510,162.710,161.430
2008/05/01,Thu,162.350,161.550,162.510,160.580
2008/04/30,Wed,162.000,162.230,163.160,161.640
2008/04/29,Tue,163.120,161.880,163.270,161.060
2008/04/28,Mon,163.080,162.980,163.910,162.830
2008/04/27,Sun,,,,
2008/04/26,Sat,,,,
2008/04/25,Fri,163.500,163.100,163.850,162.650
2008/04/24,Thu,164.290,163.410,164.540,162.880
2008/04/23,Wed,164.650,164.180,165.000,163.790
2008/04/22,Tue,164.280,164.600,164.990,163.250
2008/04/21,Mon,164.160,164.200,164.910,163.850
2008/04/20,Sun,,,,
2008/04/19,Sat,,,,
2008/04/18,Fri,163.000,163.920,164.710,162.640
2008/04/17,Thu,162.330,162.970,163.280,162.130
2008/04/16,Wed,160.790,162.300,162.530,160.410
2008/04/15,Tue,160.090,160.820,160.910,159.620
2008/04/14,Mon,159.130,160.140,160.190,158.220
2008/04/13,Sun,,,,
2008/04/12,Sat,,,,
2008/04/11,Fri,160.320,159.550,161.370,159.320
2008/04/10,Thu,161.100,160.250,161.260,158.770
2008/04/09,Wed,161.170,161.090,161.500,160.590
2008/04/08,Tue,160.870,160.970,161.750,160.450
2008/04/07,Mon,159.890,160.710,161.500,159.510
2008/04/06,Sun,,,,
2008/04/05,Sat,,,,
2008/04/04,Fri,160.380,159.700,161.170,159.600
2008/04/03,Thu,160.530,160.410,161.070,159.260
2008/04/02,Wed,159.030,160.420,160.790,158.510
2008/04/01,Tue,157.460,158.940,159.250,156.280
2008/03/31,Mon,156.530,157.450,158.200,156.020
2008/03/30,Sun,,,,
2008/03/29,Sat,,,,
2008/03/28,Fri,157.250,156.610,158.380,156.530
2008/03/27,Thu,157.040,157.230,158.080,155.860
2008/03/26,Wed,156.330,156.910,157.490,155.650
2008/03/25,Tue,155.370,156.470,156.790,155.120
2008/03/24,Mon,153.350,155.320,155.620,153.070
2008/03/23,Sun,,,,
2008/03/22,Sat,,,,
2008/03/21,Fri,153.410,153.640,154.200,152.980
2008/03/20,Thu,154.470,153.390,155.190,151.750
2008/03/19,Wed,156.120,154.230,157.050,154.020
2008/03/18,Tue,153.050,156.180,156.260,152.590
2008/03/17,Mon,155.250,153.400,155.640,151.790
2008/03/16,Sun,,,,
2008/03/15,Sat,,,,
2008/03/14,Fri,157.210,155.080,157.620,154.790
2008/03/13,Thu,158.030,157.100,158.190,155.490
2008/03/12,Wed,158.650,157.470,159.190,157.680
2008/03/11,Tue,156.140,158.480,158.950,155.570
2008/03/10,Mon,157.500,156.070,157.620,155.940
2008/03/09,Sun,,,,
2008/03/08,Sat,,,,
2008/03/07,Fri,157.850,157.700,158.430,156.620
2008/03/06,Thu,158.730,157.900,158.970,157.680
2008/03/05,Wed,157.200,158.860,159.240,156.990
2008/03/04,Tue,157.140,157.150,157.420,156.090
2008/03/03,Mon,157.390,157.030,157.750,155.920
2008/03/02,Sun,,,,
2008/03/01,Sat,,,,
2008/02/29,Fri,160.200,157.630,160.320,157.570
2008/02/28,Thu,160.950,160.210,161.070,159.890
2008/02/27,Wed,160.600,160.910,161.430,159.810
2008/02/26,Tue,160.260,160.650,160.760,159.600
2008/02/25,Mon,159.290,160.190,160.420,158.900
2008/02/24,Sun,,,,
2008/02/23,Sat,,,,
2008/02/22,Fri,159.040,159.040,159.320,158.140
2008/02/21,Thu,159.120,158.930,159.580,158.750
2008/02/20,Wed,158.640,159.030,159.300,157.720
2008/02/19,Tue,158.590,158.660,159.080,157.960
2008/02/18,Mon,158.350,158.680,158.720,158.050
2008/02/17,Sun,,,,
2008/02/16,Sat,,,,
2008/02/15,Fri,157.950,158.160,158.890,157.490
2008/02/14,Thu,157.780,157.940,158.510,157.320
2008/02/13,Wed,156.480,157.780,157.920,155.800
2008/02/12,Tue,155.290,156.460,157.070,154.860
2008/02/11,Mon,155.850,155.350,156.380,154.270
2008/02/10,Sun,,,,
2008/02/09,Sat,,,,
2008/02/08,Fri,155.630,155.710,156.200,155.050
2008/02/07,Thu,155.920,155.630,156.230,154.000
2008/02/06,Wed,156.370,155.660,156.560,155.130
2008/02/05,Tue,158.280,156.350,158.540,156.180
2008/02/04,Mon,157.730,158.150,158.720,157.640
2008/02/03,Sun,,,,
2008/02/02,Sat,,,,
2008/02/01,Fri,158.110,157.740,159.410,157.160
2008/01/31,Thu,158.180,158.060,158.750,156.670
2008/01/30,Wed,158.200,158.250,159.550,157.400
2008/01/29,Tue,158.010,158.230,158.550,157.120
2008/01/28,Mon,156.670,157.980,158.230,155.510
2008/01/27,Sun,,,,
2008/01/26,Sat,,,,
2008/01/25,Fri,158.040,156.590,159.160,156.520
2008/01/24,Thu,156.120,157.870,158.060,154.830
2008/01/23,Wed,155.780,156.080,157.160,152.730
2008/01/22,Tue,153.110,155.770,156.480,152.070
2008/01/21,Mon,155.880,153.120,156.140,152.810
2008/01/20,Sun,,,,
2008/01/19,Sat,,,,
2008/01/18,Fri,156.240,155.920,157.840,155.680
2008/01/17,Thu,157.660,156.420,157.860,156.310
2008/01/16,Wed,158.210,157.560,158.510,156.240
2008/01/15,Tue,160.890,158.260,161.070,158.240
2008/01/14,Mon,160.670,160.810,161.550,159.910
2008/01/13,Sun,,,,
2008/01/12,Sat,,,,
2008/01/11,Fri,161.940,160.930,162.320,160.600
2008/01/10,Thu,161.190,161.930,162.240,160.560
2008/01/09,Wed,160.250,161.040,161.670,160.010
2008/01/08,Tue,160.350,160.160,161.530,160.090
2008/01/07,Mon,159.970,160.390,161.010,159.880
2008/01/06,Sun,,,,
2008/01/05,Sat,,,,
2008/01/04,Fri,161.170,160.020,161.600,159.750
2008/01/03,Thu,161.310,161.110,161.700,159.720
2008/01/02,Wed,162.880,161.340,164.110,160.950
2008/01/01,Tue,162.820,162.870,163.070,162.350
2007/12/31,Mon,165.600,162.390,165.780,162.490
2007/12/30,Sun,,,,
2007/12/29,Sat,,,,
2007/12/28,Fri,166.170,165.650,166.510,164.970
2007/12/27,Thu,165.680,166.140,166.710,165.330
2007/12/26,Wed,164.390,165.620,165.760,164.050
2007/12/25,Tue,164.640,164.340,164.690,163.900
2007/12/24,Mon,163.970,164.620,164.960,163.790
2007/12/23,Sun,,,,
2007/12/22,Sat,,,,
2007/12/21,Fri,161.990,163.990,164.030,161.950
2007/12/20,Thu,162.990,161.890,163.180,161.710
2007/12/19,Wed,163.340,163.020,163.510,162.290
2007/12/18,Tue,162.570,163.310,163.640,162.380
2007/12/17,Mon,163.190,162.520,163.570,162.320
2007/12/16,Sun,,,,
2007/12/15,Sat,,,,
2007/12/14,Fri,164.150,163.470,164.700,163.240
2007/12/13,Thu,164.960,164.110,165.120,163.570
2007/12/12,Wed,162.150,164.980,165.340,161.990
2007/12/11,Tue,164.370,161.970,165.030,161.930
2007/12/10,Mon,163.420,164.330,164.610,163.180
2007/12/09,Sun,,,,
2007/12/08,Sat,,,,
2007/12/07,Fri,162.900,163.610,163.920,162.340
2007/12/06,Thu,162.040,162.770,163.120,161.180
2007/12/05,Wed,162.040,162.040,163.110,161.460
2007/12/04,Tue,162.050,162.000,162.350,160.890
2007/12/03,Mon,162.560,161.990,162.750,161.410
2007/12/02,Sun,,,,
2007/12/01,Sat,,,,
2007/11/30,Fri,161.990,162.670,163.870,161.820
2007/11/29,Thu,163.290,161.900,163.630,161.550
2007/11/28,Wed,161.570,163.330,163.630,160.210
2007/11/27,Tue,159.670,161.320,161.880,159.350
2007/11/26,Mon,160.610,159.640,161.510,159.520
2007/11/25,Sun,,,,
2007/11/24,Sat,,,,
2007/11/23,Fri,161.160,160.730,161.700,159.470
2007/11/22,Thu,161.200,161.210,162.290,160.820
2007/11/21,Wed,162.960,160.910,163.300,160.030
2007/11/20,Tue,161.010,162.960,163.410,160.450
2007/11/19,Mon,162.670,160.950,163.120,160.870
2007/11/18,Sun,,,,
2007/11/17,Sat,,,,
2007/11/16,Fri,161.260,162.510,163.310,160.440
2007/11/15,Thu,162.970,161.350,163.800,161.040
2007/11/14,Wed,161.980,163.240,164.320,161.820
2007/11/13,Tue,159.230,161.950,162.050,158.680
2007/11/12,Mon,161.910,159.100,162.370,158.770
2007/11/11,Sun,,,,
2007/11/10,Sat,,,,
2007/11/09,Fri,165.360,162.500,166.070,162.110
2007/11/08,Thu,165.100,165.250,166.180,163.860
2007/11/07,Wed,167.000,165.180,167.680,164.900
2007/11/06,Tue,165.690,166.880,167.000,165.450
2007/11/05,Mon,166.570,165.510,166.630,164.910
2007/11/04,Sun,,,,
2007/11/03,Sat,,,,
2007/11/02,Fri,165.310,166.600,167.170,165.010
2007/11/01,Thu,167.100,165.180,167.250,164.930
2007/10/31,Wed,165.510,166.980,167.320,165.340
2007/10/30,Tue,165.380,165.410,165.910,164.410
2007/10/29,Mon,164.500,165.390,165.530,164.280
2007/10/28,Sun,,,,
2007/10/27,Sat,,,,
2007/10/26,Fri,163.590,164.360,164.600,163.180
2007/10/25,Thu,162.910,163.550,164.010,162.410
2007/10/24,Wed,163.700,162.950,163.930,161.680
2007/10/23,Tue,162.390,163.700,164.000,162.010
2007/10/22,Mon,163.430,162.230,163.780,160.480
2007/10/21,Sun,,,,
2007/10/20,Sat,,,,
2007/10/19,Fri,165.180,163.780,165.300,163.650
2007/10/18,Thu,165.710,165.140,166.130,164.810
2007/10/17,Wed,165.710,165.500,166.490,164.550
2007/10/16,Tue,166.820,165.520,166.970,164.860
2007/10/15,Mon,166.650,166.850,167.750,166.270
2007/10/14,Sun,,,,
2007/10/13,Sat,,,,
2007/10/12,Fri,166.590,166.680,167.160,166.110
2007/10/11,Thu,165.790,166.480,167.660,165.510
2007/10/10,Wed,165.200,165.710,166.290,165.110
2007/10/09,Tue,164.980,165.210,165.450,164.130
2007/10/08,Mon,165.570,165.030,165.860,164.660
2007/10/07,Sun,,,,
2007/10/06,Sat,,,,
2007/10/05,Fri,164.630,165.330,165.440,164.220
2007/10/04,Thu,164.450,164.640,164.930,163.910
2007/10/03,Wed,163.760,164.410,165.320,163.570
2007/10/02,Tue,164.750,163.730,164.930,163.620
2007/10/01,Mon,163.860,164.710,165.080,163.720
2007/09/30,Sun,,,,
2007/09/29,Sat,,,,
2007/09/28,Fri,163.570,163.790,163.880,162.670
2007/09/27,Thu,163.240,163.570,164.000,163.010
2007/09/26,Wed,162.260,163.020,163.460,162.070
2007/09/25,Tue,161.820,162.250,162.450,160.980
2007/09/24,Mon,162.630,161.710,162.670,161.470
2007/09/23,Sun,,,,
2007/09/22,Sat,,,,
2007/09/21,Fri,161.320,162.700,162.860,161.100
2007/09/20,Thu,161.940,161.280,162.410,160.690
2007/09/19,Wed,162.180,161.950,162.490,161.370
2007/09/18,Tue,159.600,162.220,162.590,158.780
2007/09/17,Mon,159.840,159.450,160.190,159.000
2007/09/16,Sun,,,,
2007/09/15,Sat,,,,
2007/09/14,Fri,159.450,160.040,160.250,158.810
2007/09/13,Thu,158.790,159.500,160.490,158.550
2007/09/12,Wed,158.200,158.670,158.940,157.760
2007/09/11,Tue,156.910,158.050,158.250,156.310
2007/09/10,Mon,155.660,156.830,157.370,155.160
2007/09/09,Sun,,,,
2007/09/08,Sat,,,,
2007/09/07,Fri,158.020,156.070,158.400,155.700
2007/09/06,Thu,157.210,157.910,158.250,156.750
2007/09/05,Wed,158.240,157.180,158.700,156.700
2007/09/04,Tue,157.990,158.210,158.430,156.530
2007/09/03,Mon,157.760,157.790,158.490,157.490
2007/09/02,Sun,,,,
2007/09/01,Sat,,,,
2007/08/31,Fri,157.910,157.760,159.620,157.370
2007/08/30,Thu,158.890,158.080,158.970,156.790
2007/08/29,Wed,155.440,158.900,158.990,154.510
2007/08/28,Tue,158.040,155.220,158.180,155.290
2007/08/27,Mon,159.230,157.820,159.730,157.890
2007/08/26,Sun,,,,
2007/08/25,Sat,,,,
2007/08/24,Fri,157.650,159.280,159.300,156.610
2007/08/23,Thu,156.260,157.940,159.140,156.210
2007/08/22,Wed,153.990,156.210,156.310,153.380
2007/08/21,Tue,154.800,153.930,155.380,153.540
2007/08/20,Mon,154.070,154.800,155.980,153.340
2007/08/19,Sun,,,,
2007/08/18,Sat,,,,
2007/08/17,Fri,153.200,154.080,155.300,149.240
2007/08/16,Thu,156.430,153.290,156.660,150.000
2007/08/15,Wed,159.120,156.470,159.240,156.600
2007/08/14,Tue,160.860,159.080,161.010,159.070
2007/08/13,Mon,161.840,160.920,162.250,160.580
2007/08/12,Sun,,,,
2007/08/11,Sat,,,,
2007/08/10,Fri,161.620,162.090,162.600,159.970
2007/08/09,Thu,165.110,161.610,165.330,161.490
2007/08/08,Wed,163.260,165.070,165.450,163.140
2007/08/07,Tue,163.960,163.180,164.160,162.200
2007/08/06,Mon,162.230,163.860,164.250,161.990
2007/08/05,Sun,,,,
2007/08/04,Sat,,,,
2007/08/03,Fri,163.330,162.580,163.770,162.460
2007/08/02,Thu,162.560,163.260,163.540,161.560
2007/08/01,Wed,162.180,162.460,162.960,160.460
2007/07/31,Tue,163.130,161.830,163.820,161.940
2007/07/30,Mon,161.160,162.900,163.220,160.640
2007/07/29,Sun,,,,
2007/07/28,Sat,,,,
2007/07/27,Fri,162.850,161.690,163.980,161.490
2007/07/26,Thu,165.320,162.700,165.540,162.760
2007/07/25,Wed,166.190,165.250,166.370,164.690
2007/07/24,Tue,167.160,165.940,167.400,165.830
2007/07/23,Mon,168.280,167.170,168.330,166.990
2007/07/22,Sun,,,,
2007/07/21,Sat,,,,
2007/07/20,Fri,168.430,167.670,168.920,167.170
2007/07/19,Thu,168.290,168.340,168.900,168.080
2007/07/18,Wed,168.520,168.190,168.590,167.970
2007/07/17,Tue,167.880,168.500,168.740,167.690
2007/07/16,Mon,168.020,167.800,168.350,167.690
2007/07/15,Sun,,,,
2007/07/14,Sat,,,,
2007/07/13,Fri,168.760,168.020,168.960,167.990
2007/07/12,Thu,168.270,168.770,168.890,167.800
2007/07/11,Wed,167.170,168.170,168.440,166.500
2007/07/10,Tue,168.180,167.310,168.360,167.330
2007/07/09,Mon,168.270,168.100,168.540,167.900
2007/07/08,Sun,,,,
2007/07/07,Sat,,,,
2007/07/06,Fri,167.150,168.030,168.190,167.020
2007/07/05,Thu,166.970,167.150,167.330,166.760
2007/07/04,Wed,166.640,166.900,167.150,166.350
2007/07/03,Tue,166.800,166.560,167.210,166.220
2007/07/02,Mon,166.700,166.720,166.910,166.140
2007/07/01,Sun,,,,
2007/06/30,Sat,,,,
2007/06/29,Fri,165.670,166.740,167.020,165.460
2007/06/28,Thu,165.210,165.540,165.990,165.150
2007/06/27,Wed,165.830,165.190,165.870,164.210
2007/06/26,Tue,166.490,165.760,166.590,165.080
2007/06/25,Mon,166.680,166.490,166.930,165.930
2007/06/24,Sun,,,,
2007/06/23,Sat,,,,
2007/06/22,Fri,165.650,166.810,166.980,165.590
2007/06/21,Thu,165.570,165.680,165.790,165.330
2007/06/20,Wed,165.640,165.470,166.060,165.190
2007/06/19,Tue,165.880,165.600,166.140,165.280
2007/06/18,Mon,165.180,165.860,166.040,165.150
2007/06/17,Sun,,,,
2007/06/16,Sat,,,,
2007/06/15,Fri,163.640,165.240,165.330,163.570
2007/06/14,Thu,163.300,163.550,163.820,163.080
2007/06/13,Wed,161.860,163.230,163.410,161.490
2007/06/12,Tue,162.570,161.790,162.740,161.800
2007/06/11,Mon,162.740,162.590,162.800,162.070
2007/06/10,Sun,,,,
2007/06/09,Sat,,,,
2007/06/08,Fri,162.440,162.760,162.920,161.740
2007/06/07,Thu,163.500,162.430,164.020,162.300
2007/06/06,Wed,164.120,163.480,164.420,163.230
2007/06/05,Tue,164.260,164.130,164.620,163.890
2007/06/04,Mon,164.100,164.200,164.450,163.860
2007/06/03,Sun,,,,
2007/06/02,Sat,,,,
2007/06/01,Fri,163.760,164.130,164.240,163.540
2007/05/31,Thu,163.360,163.740,164.000,163.030
2007/05/30,Wed,163.630,163.320,163.720,162.950
2007/05/29,Tue,163.680,163.560,164.340,162.950
2007/05/28,Mon,163.750,163.620,163.860,163.570
2007/05/27,Sun,,,,
2007/05/26,Sat,,,,
2007/05/25,Fri,163.070,163.650,163.860,162.190
2007/05/24,Thu,163.700,162.950,163.740,162.830
2007/05/23,Wed,163.450,163.690,164.030,163.370
2007/05/22,Tue,163.580,163.410,163.680,163.230
2007/05/21,Mon,163.750,163.560,163.980,163.220
2007/05/20,Sun,,,,
2007/05/19,Sat,,,,
2007/05/18,Fri,163.690,163.600,163.920,162.590
2007/05/17,Thu,163.270,163.630,163.860,163.190
2007/05/16,Wed,163.450,163.280,163.940,163.050
2007/05/15,Tue,163.040,163.390,163.680,162.590
2007/05/14,Mon,162.740,162.970,163.240,162.560
2007/05/13,Sun,,,,
2007/05/12,Sat,,,,
2007/05/11,Fri,161.570,162.650,162.670,161.050
2007/05/10,Thu,162.430,161.690,163.050,161.510
2007/05/09,Wed,162.530,162.360,162.600,162.050
2007/05/08,Tue,163.320,162.490,163.410,161.860
2007/05/07,Mon,163.370,163.270,163.480,162.950
2007/05/06,Sun,,,,
2007/05/05,Sat,,,,
2007/05/04,Fri,163.140,163.300,163.500,162.760
2007/05/03,Thu,163.300,163.150,163.640,163.040
2007/05/02,Wed,163.000,163.240,163.430,162.470
2007/05/01,Tue,163.010,162.900,163.320,162.670
2007/04/30,Mon,162.600,162.990,163.300,162.410
2007/04/29,Sun,,,,
2007/04/28,Sat,,,,
2007/04/27,Fri,162.540,163.280,163.380,162.200
2007/04/26,Thu,161.880,162.520,162.810,161.680
2007/04/25,Wed,161.680,161.810,162.050,161.260
2007/04/24,Tue,161.080,161.670,161.860,160.200
2007/04/23,Mon,161.490,160.950,161.850,160.390
2007/04/22,Sun,,,,
2007/04/21,Sat,,,,
2007/04/20,Fri,161.260,161.300,161.960,161.070
2007/04/19,Thu,161.370,161.170,161.480,159.570
2007/04/18,Wed,161.370,161.420,161.680,160.390
2007/04/17,Tue,162.060,161.430,162.200,161.100
2007/04/16,Mon,161.850,161.980,162.450,161.430
2007/04/15,Sun,,,,
2007/04/14,Sat,,,,
2007/04/13,Fri,160.660,161.330,161.480,159.890
2007/04/12,Thu,160.300,160.650,160.890,160.150
2007/04/11,Wed,159.980,160.290,160.500,159.550
2007/04/10,Tue,159.390,159.890,160.170,159.010
2007/04/09,Mon,159.500,159.340,159.640,159.200
2007/04/08,Sun,,,,
2007/04/07,Sat,,,,
2007/04/06,Fri,159.450,159.530,159.770,159.230
2007/04/05,Thu,158.690,159.340,159.550,158.410
2007/04/04,Wed,158.560,158.650,159.080,158.140
2007/04/03,Tue,157.460,158.610,158.880,157.330
2007/04/02,Mon,157.180,157.500,157.640,156.920
2007/04/01,Sun,,,,
2007/03/31,Sat,,,,
2007/03/30,Fri,157.400,157.300,157.630,156.610
2007/03/29,Thu,155.630,157.360,157.510,155.330
2007/03/28,Wed,157.330,155.650,157.590,155.430
2007/03/27,Tue,157.440,157.340,158.050,157.150
2007/03/26,Mon,156.740,157.480,157.560,156.280
2007/03/25,Sun,,,,
2007/03/24,Sat,,,,
2007/03/23,Fri,157.450,156.830,157.650,156.380
2007/03/22,Thu,157.310,157.440,157.670,156.820
2007/03/21,Wed,156.200,157.270,157.510,156.040
2007/03/20,Tue,156.450,156.130,156.950,155.560
2007/03/19,Mon,155.000,156.340,156.620,154.760
2007/03/18,Sun,,,,
2007/03/17,Sat,,,,
2007/03/16,Fri,155.600,155.340,155.920,155.200
2007/03/15,Thu,154.800,155.510,155.870,154.680
2007/03/14,Wed,153.450,154.740,154.940,152.640
2007/03/13,Tue,155.220,153.310,155.310,153.240
2007/03/12,Mon,155.330,155.240,155.760,154.190
2007/03/11,Sun,,,,
2007/03/10,Sat,,,,
2007/03/09,Fri,153.760,155.020,155.200,153.640
2007/03/08,Thu,152.950,153.730,154.320,152.200
2007/03/07,Wed,153.010,152.950,153.570,152.410
2007/03/06,Tue,151.460,152.930,153.230,150.720
2007/03/05,Mon,154.060,151.400,154.240,150.850
2007/03/04,Sun,,,,
2007/03/03,Sat,,,,
2007/03/02,Fri,155.010,154.170,155.200,153.570
2007/03/01,Thu,156.750,155.010,157.290,154.510
2007/02/28,Wed,156.210,156.680,156.950,155.860
2007/02/27,Tue,159.010,156.150,159.290,155.730
2007/02/26,Mon,159.290,158.920,159.620,158.570
2007/02/25,Sun,,,,
2007/02/24,Sat,,,,
2007/02/23,Fri,159.570,159.360,159.670,159.100
2007/02/22,Thu,158.820,159.470,159.650,158.520
2007/02/21,Wed,157.700,158.850,159.060,157.300
2007/02/20,Tue,157.270,157.590,158.100,157.200
2007/02/19,Mon,157.070,157.230,157.510,156.820
2007/02/18,Sun,,,,
2007/02/17,Sat,,,,
2007/02/16,Fri,156.690,156.770,157.090,156.160
2007/02/15,Thu,158.550,156.630,158.660,156.640
2007/02/14,Wed,157.960,158.480,158.790,157.750
2007/02/13,Tue,158.060,157.820,158.170,157.260
2007/02/12,Mon,158.260,158.040,159.020,157.540
2007/02/11,Sun,,,,
2007/02/10,Sat,,,,
2007/02/09,Fri,157.860,158.190,158.390,157.510
2007/02/08,Thu,156.970,157.810,158.040,156.890
2007/02/07,Wed,155.920,157.000,157.290,155.750
2007/02/06,Tue,155.660,155.820,156.220,155.240
2007/02/05,Mon,156.980,155.570,157.050,155.420
2007/02/04,Sun,,,,
2007/02/03,Sat,,,,
2007/02/02,Fri,157.220,156.940,157.880,156.750
2007/02/01,Thu,157.270,157.210,157.510,156.540
2007/01/31,Wed,157.720,157.260,157.910,156.760
2007/01/30,Tue,157.760,157.650,158.180,157.390
2007/01/29,Mon,156.920,157.650,158.030,156.880
2007/01/28,Sun,,,,
2007/01/27,Sat,,,,
2007/01/26,Fri,156.750,156.980,157.440,156.460
2007/01/25,Thu,157.040,156.700,157.230,155.760
2007/01/24,Wed,158.450,156.990,158.640,156.420
2007/01/23,Tue,157.530,158.420,158.510,157.320
2007/01/22,Mon,157.210,157.410,157.670,157.040
2007/01/21,Sun,,,,
2007/01/20,Sat,,,,
2007/01/19,Fri,157.130,157.150,157.710,156.840
2007/01/18,Thu,156.100,157.100,157.410,155.940
2007/01/17,Wed,155.820,156.090,156.240,155.490
2007/01/16,Tue,155.810,155.880,156.380,155.640
2007/01/15,Mon,155.660,155.780,156.140,155.070
2007/01/14,Sun,,,,
2007/01/13,Sat,,,,
2007/01/12,Fri,155.360,155.340,155.890,155.100
2007/01/11,Thu,154.780,155.220,156.380,154.580
2007/01/10,Wed,155.200,154.790,155.290,154.510
2007/01/09,Tue,154.700,155.250,155.480,154.520
2007/01/08,Mon,154.350,154.600,154.670,153.650
2007/01/07,Sun,,,,
2007/01/06,Sat,,,,
2007/01/05,Fri,155.770,154.230,155.870,153.920
2007/01/04,Thu,157.170,155.750,157.350,155.670
2007/01/03,Wed,157.750,157.090,158.080,157.060
2007/01/02,Tue,157.050,157.730,157.940,156.910
2007/01/01,Mon,157.130,157.110,157.150,156.760
2006/12/31,Sun,,,,
2006/12/30,Sat,,,,
2006/12/29,Fri,156.320,157.030,157.220,156.240
2006/12/28,Thu,155.900,156.350,156.780,155.660
2006/12/27,Wed,156.040,155.750,156.290,155.390
2006/12/26,Tue,155.930,156.020,156.390,155.710
2006/12/25,Mon,156.050,155.930,156.420,155.290
2006/12/24,Sun,,,,
2006/12/23,Sat,,,,
2006/12/22,Fri,155.890,156.090,156.470,155.820
2006/12/21,Thu,156.010,155.870,156.460,155.520
2006/12/20,Wed,155.820,155.980,156.430,155.760
2006/12/19,Tue,154.710,155.770,155.890,154.340
2006/12/18,Mon,154.360,154.670,154.840,154.060
2006/12/17,Sun,,,,
2006/12/16,Sat,,,,
2006/12/15,Fri,154.910,154.540,155.710,153.780
2006/12/14,Thu,155.320,154.880,155.610,154.700
2006/12/13,Wed,155.090,155.290,155.480,154.890
2006/12/12,Tue,154.870,155.020,155.280,154.510
2006/12/11,Mon,153.370,154.820,154.950,153.180
2006/12/10,Sun,,,,
2006/12/09,Sat,,,,
2006/12/08,Fri,153.120,153.650,154.070,152.950
2006/12/07,Thu,153.120,153.070,153.300,152.550
2006/12/06,Wed,153.000,153.060,153.200,152.370
2006/12/05,Tue,153.740,152.950,153.930,152.580
2006/12/04,Mon,153.920,153.660,154.200,153.570
2006/12/03,Sun,,,,
2006/12/02,Sat,,,,
2006/12/01,Fri,153.320,153.900,154.170,153.040
2006/11/30,Thu,153.070,153.260,153.510,152.870
2006/11/29,Wed,153.250,153.020,153.470,152.500
2006/11/28,Tue,152.420,153.210,153.330,152.270
2006/11/27,Mon,152.160,152.410,152.520,151.810
2006/11/26,Sun,,,,
2006/11/25,Sat,,,,
2006/11/24,Fri,150.480,151.670,151.760,150.450
2006/11/23,Thu,151.050,150.470,151.150,150.310
2006/11/22,Wed,151.410,150.990,151.490,150.600
2006/11/21,Tue,151.290,151.340,151.600,151.100
2006/11/20,Mon,151.180,151.210,151.720,151.070
2006/11/19,Sun,,,,
2006/11/18,Sat,,,,
2006/11/17,Fri,151.280,150.860,151.380,150.780
2006/11/16,Thu,151.370,151.180,151.520,151.010
2006/11/15,Wed,150.640,151.310,151.490,150.580
2006/11/14,Tue,151.320,150.640,151.370,150.500
2006/11/13,Mon,151.010,151.240,151.490,150.780
2006/11/12,Sun,,,,
2006/11/11,Sat,,,,
2006/11/10,Fri,151.250,151.010,151.340,150.890
2006/11/09,Thu,150.320,151.220,151.560,150.260
2006/11/08,Wed,150.310,150.290,150.530,150.170
2006/11/07,Tue,150.510,150.290,150.600,150.150
2006/11/06,Mon,150.170,150.440,150.620,149.830
2006/11/05,Sun,,,,
2006/11/04,Sat,,,,
2006/11/03,Fri,149.660,150.070,150.220,149.420
2006/11/02,Thu,149.320,149.580,149.770,148.860
2006/11/01,Wed,149.280,149.290,149.570,149.010
2006/10/31,Tue,149.450,149.240,149.820,148.930
2006/10/30,Mon,149.570,149.450,149.690,149.070
2006/10/29,Sun,,,,
2006/10/28,Sat,,,,
2006/10/27,Fri,150.250,149.790,150.760,149.330
2006/10/26,Thu,150.060,150.210,150.510,149.910
2006/10/25,Wed,149.910,150.070,150.200,149.570
2006/10/24,Tue,149.780,149.860,150.070,149.610
2006/10/23,Mon,149.830,149.700,149.940,149.500
2006/10/22,Sun,,,,
2006/10/21,Sat,,,,
2006/10/20,Fri,149.170,149.740,149.870,149.050
2006/10/19,Thu,148.990,149.140,149.300,148.720
2006/10/18,Wed,148.780,148.980,149.180,148.470
2006/10/17,Tue,149.200,148.690,149.370,148.520
2006/10/16,Mon,149.640,149.130,149.800,148.950
2006/10/15,Sun,,,,
2006/10/14,Sat,,,,
2006/10/13,Fri,149.820,149.680,150.160,149.570
2006/10/12,Thu,149.890,149.880,150.130,149.620
2006/10/11,Wed,150.040,149.870,150.220,149.690
2006/10/10,Tue,150.020,150.020,150.270,149.770
2006/10/09,Mon,149.800,149.980,150.320,149.580
2006/10/08,Sun,,,,
2006/10/07,Sat,,,,
2006/10/06,Fri,149.420,149.920,150.030,149.090
2006/10/05,Thu,149.830,149.370,149.910,148.970
2006/10/04,Wed,150.150,149.730,150.500,149.450
2006/10/03,Tue,149.880,150.100,150.240,149.540
2006/10/02,Mon,149.850,149.950,150.290,149.450
2006/10/01,Sun,,,,
2006/09/30,Sat,,,,
2006/09/29,Fri,149.600,149.730,149.920,149.060
2006/09/28,Thu,149.150,149.500,149.810,149.040
2006/09/27,Wed,148.550,149.140,149.420,148.220
2006/09/26,Tue,148.590,148.480,148.780,147.680
2006/09/25,Mon,148.980,148.540,149.220,148.290
2006/09/24,Sun,,,,
2006/09/23,Sat,,,,
2006/09/22,Fri,148.720,148.930,149.370,148.590
2006/09/21,Thu,148.930,148.610,149.200,148.470
2006/09/20,Wed,149.200,148.920,149.320,148.260
2006/09/19,Tue,149.820,149.220,150.260,148.580
2006/09/18,Mon,148.380,149.740,149.950,148.310
2006/09/17,Sun,,,,
2006/09/16,Sat,,,,
2006/09/15,Fri,149.510,148.720,149.840,148.350
2006/09/14,Thu,149.260,149.590,149.880,149.010
2006/09/13,Wed,149.600,149.150,149.770,149.010
2006/09/12,Tue,149.390,149.530,149.830,149.150
2006/09/11,Mon,148.120,149.430,149.510,147.740
2006/09/10,Sun,,,,
2006/09/09,Sat,,,,
2006/09/08,Fri,148.290,148.170,148.410,147.540
2006/09/07,Thu,149.350,148.250,149.840,147.750
2006/09/06,Wed,148.700,149.440,149.500,148.590
2006/09/05,Tue,149.400,148.730,149.480,148.220
2006/09/04,Mon,150.310,149.340,150.410,149.030
2006/09/03,Sun,,,,
2006/09/02,Sat,,,,
2006/09/01,Fri,150.400,150.290,150.510,149.610
2006/08/31,Thu,150.290,150.230,150.790,150.010
2006/08/30,Wed,149.610,150.210,150.460,149.480
2006/08/29,Tue,149.820,149.640,150.050,148.980
2006/08/28,Mon,149.670,149.760,150.020,149.570
2006/08/27,Sun,,,,
2006/08/26,Sat,,,,
2006/08/25,Fri,148.770,149.520,149.830,148.540
2006/08/24,Thu,148.810,148.720,149.530,148.480
2006/08/23,Wed,149.200,148.780,149.380,148.730
2006/08/22,Tue,149.390,149.200,149.740,148.910
2006/08/21,Mon,148.480,149.320,149.760,148.440
2006/08/20,Sun,,,,
2006/08/19,Sat,,,,
2006/08/18,Fri,148.810,148.490,148.970,148.080
2006/08/17,Thu,148.750,148.640,148.900,148.240
2006/08/16,Wed,148.430,148.750,148.970,148.190
2006/08/15,Tue,148.410,148.360,148.610,148.010
2006/08/14,Mon,147.990,148.360,148.570,147.840
2006/08/13,Sun,,,,
2006/08/12,Sat,,,,
2006/08/11,Fri,147.450,147.920,148.420,147.230
2006/08/10,Thu,148.380,147.430,148.610,147.170
2006/08/09,Wed,147.940,148.260,148.510,147.610
2006/08/08,Tue,147.850,147.870,148.050,147.340
2006/08/07,Mon,147.100,147.740,148.050,147.070
2006/08/06,Sun,,,,
2006/08/05,Sat,,,,
2006/08/04,Fri,147.200,147.290,147.890,147.010
2006/08/03,Thu,146.630,147.180,147.450,146.180
2006/08/02,Wed,147.000,146.600,147.030,146.370
2006/08/01,Tue,146.360,146.930,147.070,145.870
2006/07/31,Mon,146.380,146.340,146.630,145.680
2006/07/30,Sun,,,,
2006/07/29,Sat,,,,
2006/07/28,Fri,146.990,146.290,147.160,146.070
2006/07/27,Thu,147.880,146.960,148.070,146.860
2006/07/26,Wed,147.430,147.840,147.920,146.760
2006/07/25,Tue,147.380,147.330,147.940,147.250
2006/07/24,Mon,147.570,147.390,147.730,147.150
2006/07/23,Sun,,,,
2006/07/22,Sat,,,,
2006/07/21,Fri,147.790,147.420,147.870,146.840
2006/07/20,Thu,147.130,147.770,147.920,146.950
2006/07/19,Wed,146.700,147.090,147.300,146.300
2006/07/18,Tue,146.700,146.620,147.010,146.220
2006/07/17,Mon,147.000,146.690,147.180,146.460
2006/07/16,Sun,,,,
2006/07/15,Sat,,,,
2006/07/14,Fri,146.430,146.850,147.190,146.380
2006/07/13,Thu,146.700,146.370,146.840,146.140
2006/07/12,Wed,145.930,146.640,146.810,145.760
2006/07/11,Tue,145.490,145.900,145.990,145.140
2006/07/10,Mon,146.000,145.480,146.120,144.980
2006/07/09,Sun,,,,
2006/07/08,Sat,,,,
2006/07/07,Fri,147.120,146.050,147.310,145.910
2006/07/06,Thu,147.200,147.090,147.440,146.570
2006/07/05,Wed,146.950,147.110,147.410,146.530
2006/07/04,Tue,146.780,146.840,147.000,146.450
2006/07/03,Mon,146.240,146.720,147.050,145.900
2006/07/02,Sun,,,,
2006/07/01,Sat,,,,
2006/06/30,Fri,145.770,146.310,146.500,145.570
2006/06/29,Thu,146.140,145.650,146.330,145.310
2006/06/28,Wed,146.250,146.100,146.390,145.600
2006/06/27,Tue,146.330,146.230,146.660,146.060
2006/06/26,Mon,145.790,146.300,146.430,145.510
2006/06/25,Sun,,,,
2006/06/24,Sat,,,,
2006/06/23,Fri,146.030,145.750,146.190,145.140
2006/06/22,Thu,145.410,146.060,146.300,145.220
2006/06/21,Wed,144.600,145.350,145.530,144.400
2006/06/20,Tue,145.240,144.500,145.320,144.180
2006/06/19,Mon,145.690,145.220,145.880,144.810
2006/06/18,Sun,,,,
2006/06/17,Sat,,,,
2006/06/16,Fri,145.020,145.600,145.690,144.860
2006/06/15,Thu,144.920,144.930,145.300,144.730
2006/06/14,Wed,144.660,144.930,145.200,144.360
2006/06/13,Tue,143.970,144.670,145.020,143.820
2006/06/12,Mon,144.020,143.940,144.340,143.620
2006/06/11,Sun,,,,
2006/06/10,Sat,,,,
2006/06/09,Fri,144.470,144.070,144.500,143.650
2006/06/08,Thu,145.190,144.480,145.730,144.270
2006/06/07,Wed,145.280,145.180,145.400,144.690
2006/06/06,Tue,144.810,145.160,145.510,144.440
2006/06/05,Mon,144.390,144.830,145.000,144.210
2006/06/04,Sun,,,,
2006/06/03,Sat,,,,
2006/06/02,Fri,144.280,144.310,144.800,143.950
2006/06/01,Thu,144.230,144.270,144.440,143.720
2006/05/31,Wed,144.380,144.190,144.490,143.780
2006/05/30,Tue,143.380,144.360,144.470,143.240
2006/05/29,Mon,143.400,143.360,143.730,143.010
2006/05/28,Sun,,,,
2006/05/27,Sat,,,,
2006/05/26,Fri,143.110,143.430,143.680,142.760
2006/05/25,Thu,144.040,143.080,144.150,142.770
2006/05/24,Wed,143.440,143.980,144.270,143.150
2006/05/23,Tue,143.420,143.450,143.800,142.620
2006/05/22,Mon,142.590,143.520,143.800,142.400
2006/05/21,Sun,,,,
2006/05/20,Sat,,,,
2006/05/19,Fri,142.340,142.630,142.930,142.010
2006/05/18,Thu,141.400,142.410,142.550,141.030
2006/05/17,Wed,141.090,141.300,141.570,140.120
2006/05/16,Tue,141.370,141.000,141.760,140.810
2006/05/15,Mon,141.890,141.400,142.110,141.000
2006/05/14,Sun,,,,
2006/05/13,Sat,,,,
2006/05/12,Fri,142.080,142.240,142.510,141.040
2006/05/11,Thu,141.280,142.000,142.170,141.150
2006/05/10,Wed,141.700,141.310,141.920,141.000
2006/05/09,Tue,141.940,141.650,142.040,141.240
2006/05/08,Mon,142.660,141.870,142.980,141.600
2006/05/07,Sun,,,,
2006/05/06,Sat,,,,
2006/05/05,Fri,144.180,143.210,144.800,142.950
2006/05/04,Thu,143.480,144.200,144.510,143.360
2006/05/03,Wed,143.040,143.540,143.740,142.780
2006/05/02,Tue,142.700,142.950,143.770,142.670
2006/05/01,Mon,143.440,142.660,143.660,142.380
2006/04/30,Sun,,,,
2006/04/29,Sat,,,,
2006/04/28,Fri,143.070,143.810,143.920,142.980
2006/04/27,Thu,142.890,143.000,143.170,142.070
2006/04/26,Wed,142.720,142.720,143.200,142.600
2006/04/25,Tue,142.090,142.740,142.870,141.470
2006/04/24,Mon,143.010,142.020,143.420,141.720
2006/04/23,Sun,,,,
2006/04/22,Sat,,,,
2006/04/21,Fri,144.720,143.840,145.120,143.800
2006/04/20,Thu,145.190,144.650,145.520,144.480
2006/04/19,Wed,144.640,145.130,145.450,144.220
2006/04/18,Tue,144.360,144.570,144.800,144.140
2006/04/17,Mon,143.720,144.300,144.620,143.550
2006/04/16,Sun,,,,
2006/04/15,Sat,,,,
2006/04/14,Fri,143.550,143.700,143.860,143.440
2006/04/13,Thu,143.420,143.610,143.640,143.050
2006/04/12,Wed,143.660,143.420,143.820,142.860
2006/04/11,Tue,143.320,143.700,144.000,143.220
2006/04/10,Mon,143.040,143.280,143.610,142.790
2006/04/09,Sun,,,,
2006/04/08,Sat,,,,
2006/04/07,Fri,143.990,142.980,144.020,142.670
2006/04/06,Thu,144.270,143.940,144.960,143.650
2006/04/05,Wed,144.080,144.160,144.570,143.190
2006/04/04,Tue,142.860,144.010,144.190,142.630
2006/04/03,Mon,142.700,142.840,143.100,142.400
2006/04/02,Sun,,,,
2006/04/01,Sat,,,,
2006/03/31,Fri,142.740,142.560,143.010,142.220
2006/03/30,Thu,141.670,142.760,142.790,141.530
2006/03/29,Wed,141.560,141.640,141.890,141.170
2006/03/28,Tue,140.260,141.550,141.750,139.700
2006/03/27,Mon,141.510,140.160,141.640,139.970
2006/03/26,Sun,,,,
2006/03/25,Sat,,,,
2006/03/24,Fri,141.170,141.280,141.890,140.930
2006/03/23,Thu,141.220,141.100,141.440,140.720
2006/03/22,Wed,141.820,141.230,142.010,140.980
2006/03/21,Tue,141.470,141.770,141.910,141.200
2006/03/20,Mon,141.240,141.360,141.740,140.660
2006/03/19,Sun,,,,
2006/03/18,Sat,,,,
2006/03/17,Fri,142.270,141.200,142.380,141.120
2006/03/16,Thu,141.610,142.280,142.500,141.560
2006/03/15,Wed,141.250,141.610,141.670,141.070
2006/03/14,Tue,142.160,141.190,142.180,140.940
2006/03/13,Mon,141.660,142.080,142.350,141.570
2006/03/12,Sun,,,,
2006/03/11,Sat,,,,
2006/03/10,Fri,140.770,141.670,141.880,140.510
2006/03/09,Thu,140.500,140.740,141.140,139.730
2006/03/08,Wed,140.100,140.490,140.640,139.510
2006/03/07,Tue,141.300,140.150,141.380,139.750
2006/03/06,Mon,140.230,141.260,141.410,140.110
2006/03/05,Sun,,,,
2006/03/04,Sat,,,,
2006/03/03,Fri,139.470,140.160,140.220,139.120
2006/03/02,Thu,138.350,139.480,139.700,138.210
2006/03/01,Wed,138.000,138.300,138.860,137.770
2006/02/28,Tue,137.690,137.970,138.430,137.480
2006/02/27,Mon,138.720,137.650,138.980,137.160
2006/02/26,Sun,,,,
2006/02/25,Sat,,,,
2006/02/24,Fri,139.620,138.710,139.680,138.600
2006/02/23,Thu,141.160,139.610,141.250,139.250
2006/02/22,Wed,141.420,141.130,141.650,140.650
2006/02/21,Tue,141.210,141.360,141.730,141.070
2006/02/20,Mon,140.970,141.130,141.530,140.940
2006/02/19,Sun,,,,
2006/02/18,Sat,,,,
2006/02/17,Fri,139.970,140.960,141.390,139.720
2006/02/16,Thu,140.150,139.860,140.310,139.820
2006/02/15,Wed,139.890,140.080,140.410,139.460
2006/02/14,Tue,140.160,139.910,140.220,139.300
2006/02/13,Mon,140.190,140.110,140.620,139.760
2006/02/12,Sun,,,,
2006/02/11,Sat,,,,
2006/02/10,Fri,142.330,140.240,142.590,139.960
2006/02/09,Thu,141.730,142.350,142.400,141.630
2006/02/08,Wed,141.310,141.640,141.820,140.900
2006/02/07,Tue,142.380,141.390,142.620,141.000
2006/02/06,Mon,142.970,142.400,143.140,142.150
2006/02/05,Sun,,,,
2006/02/04,Sat,,,,
2006/02/03,Fri,143.360,142.880,143.450,142.690
2006/02/02,Thu,142.360,143.340,143.440,142.250
2006/02/01,Wed,142.540,142.370,142.780,142.010
2006/01/31,Tue,142.180,142.480,142.690,141.590
2006/01/30,Mon,141.890,142.170,142.370,141.540
2006/01/29,Sun,,,,
2006/01/28,Sat,,,,
2006/01/27,Fri,142.130,141.820,142.490,141.650
2006/01/26,Thu,141.740,142.110,142.350,141.540
2006/01/25,Wed,140.800,141.660,142.090,140.710
2006/01/24,Tue,140.830,140.670,141.110,140.360
2006/01/23,Mon,139.930,140.740,141.070,139.690
2006/01/22,Sun,,,,
2006/01/21,Sat,,,,
2006/01/20,Fri,139.640,139.870,139.990,138.970
2006/01/19,Thu,139.590,139.560,139.750,138.760
2006/01/18,Wed,139.760,139.440,140.130,139.140
2006/01/17,Tue,139.270,139.660,140.010,139.020
2006/01/16,Mon,138.750,139.210,139.440,138.370
2006/01/15,Sun,,,,
2006/01/14,Sat,,,,
2006/01/13,Fri,137.540,138.570,138.760,137.510
2006/01/12,Thu,138.420,137.500,138.820,137.110
2006/01/11,Wed,137.950,138.350,138.570,137.890
2006/01/10,Tue,138.190,137.890,138.510,137.770
2006/01/09,Mon,139.130,138.110,139.200,137.640
2006/01/08,Sun,,,,
2006/01/07,Sat,,,,
2006/01/06,Fri,140.290,138.980,140.650,138.830
2006/01/05,Thu,140.680,140.240,140.950,139.990
2006/01/04,Wed,139.600,140.630,140.790,139.380
2006/01/03,Tue,139.440,139.540,139.880,138.870
2006/01/02,Mon,139.600,139.370,139.820,138.950
2006/01/01,Sun,,,,
2005/12/31,Sat,,,,
2005/12/30,Fri,139.580,139.580,139.860,138.640
2005/12/29,Thu,139.540,139.510,139.920,139.270
2005/12/28,Wed,138.910,139.480,139.970,138.800
2005/12/27,Tue,137.800,138.850,139.100,137.680
2005/12/26,Mon,137.890,137.630,138.570,137.570
2005/12/25,Sun,,,,
2005/12/24,Sat,,,,
2005/12/23,Fri,138.550,137.960,138.680,137.570
2005/12/22,Thu,138.870,138.440,139.260,138.240
2005/12/21,Wed,138.970,138.770,139.420,138.500
2005/12/20,Tue,139.390,138.960,139.980,138.500
2005/12/19,Mon,139.000,139.310,140.100,138.880
2005/12/18,Sun,,,,
2005/12/17,Sat,,,,
2005/12/16,Fri,139.200,138.970,140.000,138.170
2005/12/15,Thu,140.870,139.160,141.160,138.950
2005/12/14,Wed,143.320,140.720,143.620,140.140
2005/12/13,Tue,143.090,143.180,143.630,143.050
2005/12/12,Mon,142.250,143.030,143.670,142.190
2005/12/11,Sun,,,,
2005/12/10,Sat,,,,
2005/12/09,Fri,142.200,142.550,142.700,141.740
2005/12/08,Thu,141.830,142.080,142.630,141.290
2005/12/07,Wed,142.430,141.800,142.590,141.540
2005/12/06,Tue,142.460,142.350,142.840,142.320
2005/12/05,Mon,141.730,142.340,142.750,141.610
2005/12/04,Sun,,,,
2005/12/03,Sat,,,,
2005/12/02,Fri,141.420,141.200,141.810,140.670
2005/12/01,Thu,141.250,141.370,141.550,140.730
2005/11/30,Wed,140.970,141.210,141.390,140.510
2005/11/29,Tue,140.800,140.960,141.130,140.320
2005/11/28,Mon,140.200,140.730,140.980,139.970
2005/11/27,Sun,,,,
2005/11/26,Sat,,,,
2005/11/25,Fri,140.190,140.230,140.680,140.040
2005/11/24,Thu,140.330,140.180,140.450,139.880
2005/11/23,Wed,140.330,140.270,140.530,139.450
2005/11/22,Tue,139.540,140.230,140.440,139.410
2005/11/21,Mon,140.360,139.470,140.760,139.250
2005/11/20,Sun,,,,
2005/11/19,Sat,,,,
2005/11/18,Fri,139.610,140.140,140.260,139.050
2005/11/17,Thu,139.070,139.530,139.620,138.450
2005/11/16,Wed,139.330,139.010,139.920,138.880
2005/11/15,Tue,138.860,139.270,139.420,138.780
2005/11/14,Mon,138.260,138.830,139.410,138.200
2005/11/13,Sun,,,,
2005/11/12,Sat,,,,
2005/11/11,Fri,138.160,138.160,138.340,137.490
2005/11/10,Thu,138.320,138.150,138.790,138.030
2005/11/09,Wed,138.120,138.270,138.460,137.530
2005/11/08,Tue,138.910,138.090,138.980,137.760
2005/11/07,Mon,139.700,138.870,139.770,138.470
2005/11/06,Sun,,,,
2005/11/05,Sat,,,,
2005/11/04,Fri,139.980,139.760,140.900,139.400
2005/11/03,Thu,141.020,139.890,141.230,139.810
2005/11/02,Wed,140.240,140.970,141.070,140.120
2005/11/01,Tue,139.600,140.110,140.170,139.480
2005/10/31,Mon,139.530,139.520,139.910,139.300
2005/10/30,Sun,,,,
2005/10/29,Sat,,,,
2005/10/28,Fri,140.140,139.520,140.220,139.320
2005/10/27,Thu,139.800,140.120,140.240,139.580
2005/10/26,Wed,139.290,139.770,140.000,139.090
2005/10/25,Tue,138.270,139.250,139.320,138.010
2005/10/24,Mon,138.410,138.340,138.510,137.940
2005/10/23,Sun,,,,
2005/10/22,Sat,,,,
2005/10/21,Fri,138.630,138.420,139.180,138.300
2005/10/20,Thu,138.340,138.560,138.700,138.000
2005/10/19,Wed,138.380,138.300,138.640,137.640
2005/10/18,Tue,138.180,138.400,138.720,138.010
2005/10/17,Mon,137.870,138.130,138.510,137.630
2005/10/16,Sun,,,,
2005/10/15,Sat,,,,
2005/10/14,Fri,137.690,137.670,138.000,137.420
2005/10/13,Thu,137.470,137.700,137.750,136.960
2005/10/12,Wed,137.350,137.470,137.760,137.040
2005/10/11,Tue,137.690,137.270,137.830,136.970
2005/10/10,Mon,137.830,137.680,138.310,137.510
2005/10/09,Sun,,,,
2005/10/08,Sat,,,,
2005/10/07,Fri,137.980,137.920,138.200,137.510
2005/10/06,Thu,136.460,137.820,138.060,136.410
2005/10/05,Wed,136.210,136.360,136.520,135.830
2005/10/04,Tue,136.060,136.140,136.530,135.880
2005/10/03,Mon,136.420,136.070,136.770,135.870
2005/10/02,Sun,,,,
2005/10/01,Sat,,,,
2005/09/30,Fri,136.050,136.520,136.860,135.940
2005/09/29,Thu,136.130,136.090,136.410,135.690
2005/09/28,Wed,136.070,136.100,136.310,135.760
2005/09/27,Tue,135.420,136.050,136.280,135.340
2005/09/26,Mon,135.320,135.410,135.750,134.960
2005/09/25,Sun,,,,
2005/09/24,Sat,,,,
2005/09/23,Fri,135.730,135.400,135.820,134.850
2005/09/22,Thu,135.990,135.680,136.530,135.350
2005/09/21,Wed,135.680,135.940,136.310,135.520
2005/09/20,Tue,135.370,135.620,136.000,135.100
2005/09/19,Mon,135.660,135.360,135.800,134.990
2005/09/18,Sun,,,,
2005/09/17,Sat,,,,
2005/09/16,Fri,135.260,136.180,136.440,135.200
2005/09/15,Thu,135.560,135.190,135.770,134.480
2005/09/14,Wed,135.750,135.600,136.160,135.240
2005/09/13,Tue,135.560,135.760,136.320,135.380
2005/09/12,Mon,135.340,135.470,135.800,134.830
2005/09/11,Sun,,,,
2005/09/10,Sat,,,,
2005/09/09,Fri,137.000,136.100,137.660,136.040
2005/09/08,Thu,136.640,137.020,137.370,136.510
2005/09/07,Wed,136.670,136.600,137.430,136.260
2005/09/06,Tue,136.900,136.640,137.060,136.310
2005/09/05,Mon,137.560,136.840,137.730,136.510
2005/09/04,Sun,,,,
2005/09/03,Sat,,,,
2005/09/02,Fri,137.240,137.730,137.890,137.070
2005/09/01,Thu,136.500,137.200,137.410,136.410
2005/08/31,Wed,135.920,136.530,136.790,135.760
2005/08/30,Tue,135.300,135.870,136.140,135.060
2005/08/29,Mon,135.410,135.290,136.160,135.080
2005/08/28,Sun,,,,
2005/08/27,Sat,,,,
2005/08/26,Fri,135.330,135.180,135.700,134.800
2005/08/25,Thu,135.280,135.320,135.610,134.770
2005/08/24,Wed,134.420,135.170,135.310,134.340
2005/08/23,Tue,134.170,134.470,134.820,133.830
2005/08/22,Mon,134.320,134.150,134.520,133.500
2005/08/21,Sun,,,,
2005/08/20,Sat,,,,
2005/08/19,Fri,134.560,134.230,134.760,134.130
2005/08/18,Thu,134.810,134.550,135.480,134.370
2005/08/17,Wed,135.410,134.830,135.610,134.630
2005/08/16,Tue,135.120,135.330,135.510,134.520
2005/08/15,Mon,136.370,135.080,136.420,134.960
2005/08/14,Sun,,,,
2005/08/13,Sat,,,,
2005/08/12,Fri,136.760,136.010,136.980,135.940
2005/08/11,Thu,137.010,136.660,137.170,136.490
2005/08/10,Wed,138.450,136.980,138.590,136.540
2005/08/09,Tue,138.530,138.450,138.780,138.180
2005/08/08,Mon,138.440,138.490,138.870,137.990
2005/08/07,Sun,,,,
2005/08/06,Sat,,,,
2005/08/05,Fri,137.770,138.330,138.450,137.600
2005/08/04,Thu,137.030,137.730,137.900,136.640
2005/08/03,Wed,135.860,137.050,137.180,135.730
2005/08/02,Tue,136.770,135.850,136.890,135.680
2005/08/01,Mon,136.550,136.660,137.110,135.790
2005/07/31,Sun,,,,
2005/07/30,Sat,,,,
2005/07/29,Fri,136.030,136.450,136.620,135.630
2005/07/28,Thu,135.660,136.000,136.350,135.260
2005/07/27,Wed,135.190,135.670,135.800,134.850
2005/07/26,Tue,134.450,135.170,135.290,134.320
2005/07/25,Mon,134.200,134.280,135.250,134.110
2005/07/24,Sun,,,,
2005/07/23,Sat,,,,
2005/07/22,Fri,134.210,134.200,135.380,133.870
2005/07/21,Thu,137.050,134.150,137.240,133.530
2005/07/20,Wed,135.640,137.050,137.210,135.590
2005/07/19,Tue,134.950,135.620,135.860,134.720
2005/07/18,Mon,135.050,134.900,135.600,134.640
2005/07/17,Sun,,,,
2005/07/16,Sat,,,,
2005/07/15,Fri,135.720,135.120,136.060,134.810
2005/07/14,Thu,135.250,135.710,135.990,134.770
2005/07/13,Wed,135.630,135.220,135.890,135.100
2005/07/12,Tue,134.970,135.590,135.830,134.580
2005/07/11,Mon,134.300,134.930,135.190,134.040
2005/07/10,Sun,,,,
2005/07/09,Sat,,,,
2005/07/08,Fri,133.880,134.340,134.360,133.530
2005/07/07,Thu,133.920,133.840,134.400,133.350
2005/07/06,Wed,133.070,133.760,133.890,132.890
2005/07/05,Tue,132.810,133.030,133.390,132.700
2005/07/04,Mon,133.350,132.800,133.470,132.480
2005/07/03,Sun,,,,
2005/07/02,Sat,,,,
2005/07/01,Fri,134.140,133.570,134.340,133.350
2005/06/30,Thu,133.280,134.080,134.420,133.050
2005/06/29,Wed,132.580,133.310,133.610,132.420
2005/06/28,Tue,132.930,132.550,133.440,132.510
2005/06/27,Mon,132.070,132.850,133.200,132.000
2005/06/26,Sun,,,,
2005/06/25,Sat,,,,
2005/06/24,Fri,131.080,131.860,132.290,130.750
2005/06/23,Thu,132.020,131.090,132.070,130.600
2005/06/22,Wed,131.860,131.970,132.440,131.660
2005/06/21,Tue,132.820,131.710,132.960,131.450
2005/06/20,Mon,132.870,132.710,133.180,132.530
2005/06/19,Sun,,,,
2005/06/18,Sat,,,,
2005/06/17,Fri,131.870,133.300,133.510,131.630
2005/06/16,Thu,132.320,131.860,132.480,131.660
2005/06/15,Wed,131.660,132.290,132.510,131.440
2005/06/14,Tue,132.690,131.660,133.040,131.550
2005/06/13,Mon,131.540,132.580,132.740,131.130
2005/06/12,Sun,,,,
2005/06/11,Sat,,,,
2005/06/10,Fri,131.370,131.550,131.760,131.050
2005/06/09,Thu,131.250,131.300,131.700,130.900
2005/06/08,Wed,130.970,131.180,131.930,130.790
2005/06/07,Tue,131.080,130.980,131.460,130.700
2005/06/06,Mon,131.730,131.000,131.920,130.940
2005/06/05,Sun,,,,
2005/06/04,Sat,,,,
2005/06/03,Fri,132.880,131.640,132.930,131.640
2005/06/02,Thu,132.510,132.860,133.090,132.180
2005/06/01,Wed,133.560,132.440,133.720,132.320
2005/05/31,Tue,134.720,133.540,134.850,133.060
2005/05/30,Mon,135.290,134.660,135.510,134.510
2005/05/29,Sun,,,,
2005/05/28,Sat,,,,
2005/05/27,Fri,135.070,135.740,135.940,134.950
2005/05/26,Thu,135.760,135.020,136.070,134.930
2005/05/25,Wed,135.440,135.700,135.920,135.010
2005/05/24,Tue,135.350,135.250,135.640,135.010
2005/05/23,Mon,135.760,135.380,135.900,135.280
2005/05/22,Sun,,,,
2005/05/21,Sat,,,,
2005/05/20,Fri,136.070,135.810,136.190,135.570
2005/05/19,Thu,135.740,136.080,136.140,135.390
2005/05/18,Wed,135.510,135.620,135.940,135.200
2005/05/17,Tue,134.950,135.490,135.680,134.530
2005/05/16,Mon,135.490,134.900,135.950,134.920
2005/05/15,Sun,,,,
2005/05/14,Sat,,,,
2005/05/13,Fri,135.510,135.370,135.730,135.090
2005/05/12,Thu,135.520,135.340,135.890,135.260
2005/05/11,Wed,135.930,135.470,136.260,135.020
2005/05/10,Tue,135.790,135.940,136.070,135.570
2005/05/09,Mon,134.740,135.850,135.870,134.640
2005/05/08,Sun,,,,
2005/05/07,Sat,,,,
2005/05/06,Fri,135.390,134.780,135.890,134.380
2005/05/05,Thu,135.390,135.350,135.640,134.920
2005/05/04,Wed,135.220,135.200,135.820,134.920
2005/05/03,Tue,135.120,135.210,135.750,134.890
2005/05/02,Mon,135.160,135.130,135.670,134.840
2005/05/01,Sun,,,,
2005/04/30,Sat,,,,
2005/04/29,Fri,136.860,134.720,136.980,134.750
2005/04/28,Thu,136.920,136.850,137.410,136.430
2005/04/27,Wed,137.750,136.850,137.980,136.720
2005/04/26,Tue,137.410,137.760,137.840,137.170
2005/04/25,Mon,137.710,137.330,138.070,137.010
2005/04/24,Sun,,,,
2005/04/23,Sat,,,,
2005/04/22,Fri,139.560,138.490,139.640,138.120
2005/04/21,Thu,139.890,139.540,140.540,139.360
2005/04/20,Wed,139.450,139.790,139.920,139.260
2005/04/19,Tue,139.890,139.370,140.040,139.280
2005/04/18,Mon,139.050,139.890,140.070,138.810
2005/04/17,Sun,,,,
2005/04/16,Sat,,,,
2005/04/15,Fri,138.580,139.260,139.430,138.440
2005/04/14,Thu,138.670,138.540,138.950,138.350
2005/04/13,Wed,139.170,138.560,139.290,138.290
2005/04/12,Tue,139.890,139.120,140.110,139.100
2005/04/11,Mon,139.990,139.830,140.280,139.600
2005/04/10,Sun,,,,
2005/04/09,Sat,,,,
2005/04/08,Fri,139.630,139.950,140.130,139.060
2005/04/07,Thu,139.900,139.650,140.160,139.540
2005/04/06,Wed,139.180,139.870,139.990,138.910
2005/04/05,Tue,139.170,139.090,139.510,138.960
2005/04/04,Mon,138.700,139.150,139.420,138.620
2005/04/03,Sun,,,,
2005/04/02,Sat,,,,
2005/04/01,Fri,138.930,138.880,139.540,138.520
2005/03/31,Thu,138.880,138.800,139.150,138.290
2005/03/30,Wed,139.000,138.850,139.390,138.680
2005/03/29,Tue,138.160,138.880,139.110,138.080
2005/03/28,Mon,137.850,138.010,138.320,137.630
2005/03/27,Sun,,,,
2005/03/26,Sat,,,,
2005/03/25,Fri,137.590,137.850,137.990,137.520
2005/03/24,Thu,137.640,137.600,138.560,137.530
2005/03/23,Wed,138.120,137.690,138.240,137.350
2005/03/22,Tue,138.430,138.080,138.890,137.820
2005/03/21,Mon,139.450,138.400,139.540,138.280
2005/03/20,Sun,,,,
2005/03/19,Sat,,,,
2005/03/18,Fri,139.820,139.440,140.240,139.150
2005/03/17,Thu,139.770,139.830,140.070,139.460
2005/03/16,Wed,139.140,139.730,139.980,138.850
2005/03/15,Tue,140.230,139.060,140.350,138.910
2005/03/14,Mon,139.760,140.190,140.730,139.700
2005/03/13,Sun,,,,
2005/03/12,Sat,,,,
2005/03/11,Fri,139.700,139.890,140.060,139.380
2005/03/10,Thu,139.220,139.690,140.000,139.100
2005/03/09,Wed,139.700,139.140,139.900,138.640
2005/03/08,Tue,138.980,139.630,139.820,138.710
2005/03/07,Mon,138.720,138.900,139.030,138.340
2005/03/06,Sun,,,,
2005/03/05,Sat,,,,
2005/03/04,Fri,138.050,138.630,138.740,137.930
2005/03/03,Thu,137.530,137.940,138.180,137.490
2005/03/02,Wed,137.680,137.510,138.010,137.300
2005/03/01,Tue,138.390,137.640,138.480,137.440
2005/02/28,Mon,139.380,138.400,139.460,138.020
2005/02/27,Sun,,,,
2005/02/26,Sat,,,,
2005/02/25,Fri,139.140,139.320,139.410,138.510
2005/02/24,Thu,138.550,139.020,139.350,138.430
2005/02/23,Wed,137.930,138.480,138.880,137.850
2005/02/22,Tue,137.930,137.870,138.180,137.110
2005/02/21,Mon,137.940,137.920,138.240,137.630
2005/02/20,Sun,,,,
2005/02/19,Sat,,,,
2005/02/18,Fri,137.970,137.990,138.350,137.450
2005/02/17,Thu,137.350,137.880,138.110,137.200
2005/02/16,Wed,135.980,137.290,137.450,135.900
2005/02/15,Tue,136.340,135.900,136.640,135.560
2005/02/14,Mon,135.830,136.300,136.410,135.420
2005/02/13,Sun,,,,
2005/02/12,Sat,,,,
2005/02/11,Fri,136.280,135.960,136.390,135.800
2005/02/10,Thu,135.320,136.210,136.380,135.160
2005/02/09,Wed,135.050,135.250,135.550,134.620
2005/02/08,Tue,133.780,135.000,135.280,133.630
2005/02/07,Mon,134.220,133.690,134.570,133.590
2005/02/06,Sun,,,,
2005/02/05,Sat,,,,
2005/02/04,Fri,135.540,133.960,135.650,133.760
2005/02/03,Thu,135.070,135.460,135.820,134.910
2005/02/02,Wed,135.250,135.120,135.850,134.980
2005/02/01,Tue,135.110,135.270,135.570,135.010
2005/01/31,Mon,134.930,135.060,135.300,134.510
2005/01/30,Sun,,,,
2005/01/29,Sat,,,,
2005/01/28,Fri,134.390,134.820,135.130,133.730
2005/01/27,Thu,134.730,134.460,135.500,134.280
2005/01/26,Wed,134.980,134.840,135.110,134.200
2005/01/25,Tue,134.040,134.950,135.380,133.620
2005/01/24,Mon,134.060,133.940,134.780,133.810
2005/01/23,Sun,,,,
2005/01/22,Sat,,,,
2005/01/21,Fri,134.040,133.990,134.880,133.800
2005/01/20,Thu,133.700,133.970,134.320,133.070
2005/01/19,Wed,133.200,133.640,134.390,132.980
2005/01/18,Tue,133.430,133.170,134.400,133.180
2005/01/17,Mon,133.640,133.300,134.050,133.260
2005/01/16,Sun,,,,
2005/01/15,Sat,,,,
2005/01/14,Fri,135.390,133.680,135.510,133.320
2005/01/13,Thu,135.810,135.330,136.200,135.100
2005/01/12,Wed,135.510,135.810,136.160,135.040
2005/01/11,Tue,136.390,135.530,137.030,135.400
2005/01/10,Mon,136.920,136.310,137.080,136.230
2005/01/09,Sun,,,,
2005/01/08,Sat,,,,
2005/01/07,Fri,138.360,136.760,138.610,136.510
2005/01/06,Thu,138.050,138.370,138.650,137.910
2005/01/05,Wed,138.880,137.970,139.010,137.760
2005/01/04,Tue,138.380,138.790,139.030,137.850
2005/01/03,Mon,139.130,138.280,139.330,138.150
2005/01/02,Sun,,,,
2005/01/01,Sat,,,,
2004/12/31,Fri,140.640,138.820,140.700,138.780
2004/12/30,Thu,141.300,140.620,141.630,140.380
2004/12/29,Wed,140.290,141.160,141.610,140.110
2004/12/28,Tue,140.310,140.230,140.650,140.100
2004/12/27,Mon,140.320,140.240,140.780,140.040
2004/12/26,Sun,,,,
2004/12/25,Sat,,,,
2004/12/24,Fri,139.980,140.230,140.390,139.850
2004/12/23,Thu,139.540,139.910,140.060,139.190
2004/12/22,Wed,139.540,139.460,139.680,139.070
2004/12/21,Tue,139.440,139.450,139.990,138.880
2004/12/20,Mon,138.610,139.370,139.730,138.550
2004/12/19,Sun,,,,
2004/12/18,Sat,,,,
2004/12/17,Fri,138.790,138.580,138.920,138.290
2004/12/16,Thu,139.690,138.690,140.160,138.420
2004/12/15,Wed,140.410,139.650,140.450,139.330
2004/12/14,Tue,139.510,140.350,140.540,139.270
2004/12/13,Mon,139.110,139.520,139.610,138.890
2004/12/12,Sun,,,,
2004/12/11,Sat,,,,
2004/12/10,Fri,139.310,139.010,139.920,139.050
2004/12/09,Thu,138.720,139.230,139.390,138.470
2004/12/08,Wed,138.170,138.750,139.030,137.820
2004/12/07,Tue,138.340,138.080,138.440,137.590
2004/12/06,Mon,137.270,138.300,138.730,137.070
2004/12/05,Sun,,,,
2004/12/04,Sat,,,,
2004/12/03,Fri,136.950,137.320,137.570,136.550
2004/12/02,Thu,136.850,136.890,137.050,136.260
2004/12/01,Wed,136.760,136.790,137.120,136.600
2004/11/30,Tue,136.530,136.760,136.980,136.340
2004/11/29,Mon,136.300,136.470,136.690,136.030
2004/11/28,Sun,,,,
2004/11/27,Sat,,,,
2004/11/26,Fri,135.910,136.300,136.580,135.470
2004/11/25,Thu,135.550,135.830,135.950,135.060
2004/11/24,Wed,135.190,135.430,135.820,135.020
2004/11/23,Tue,134.590,135.190,135.630,134.260
2004/11/22,Mon,134.560,134.560,134.790,134.150
2004/11/21,Sun,,,,
2004/11/20,Sat,,,,
2004/11/19,Fri,135.100,134.230,135.260,134.040
2004/11/18,Thu,135.580,135.030,135.940,134.890
2004/11/17,Wed,136.520,135.540,136.820,135.290
2004/11/16,Tue,136.320,136.460,136.870,136.200
2004/11/15,Mon,137.040,136.260,137.160,136.050
2004/11/14,Sun,,,,
2004/11/13,Sat,,,,
2004/11/12,Fri,137.590,136.940,137.850,136.560
2004/11/11,Thu,138.160,137.510,138.200,137.530
2004/11/10,Wed,136.360,138.060,138.350,136.210
2004/11/09,Tue,136.320,136.320,136.730,136.160
2004/11/08,Mon,136.700,136.280,136.990,136.200
2004/11/07,Sun,,,,
2004/11/06,Sat,,,,
2004/11/05,Fri,136.480,136.890,137.010,135.620
2004/11/04,Thu,136.170,136.420,136.810,135.970
2004/11/03,Wed,135.140,136.180,136.260,134.670
2004/11/02,Tue,135.740,135.040,135.900,134.730
2004/11/01,Mon,135.570,135.720,136.090,135.330
2004/10/31,Sun,,,,
2004/10/30,Sat,,,,
2004/10/29,Fri,135.440,135.100,135.570,134.890
2004/10/28,Thu,135.320,135.450,135.630,134.790
2004/10/27,Wed,136.310,135.120,136.520,135.180
2004/10/26,Tue,136.700,136.210,137.020,135.680
2004/10/25,Mon,136.280,136.520,136.920,135.760
2004/10/24,Sun,,,,
2004/10/23,Sat,,,,
2004/10/22,Fri,135.610,136.020,136.100,135.480
2004/10/21,Thu,136.290,135.490,136.400,135.340
2004/10/20,Wed,135.620,136.200,136.670,135.540
2004/10/19,Tue,136.480,135.510,136.610,135.480
2004/10/18,Mon,136.280,136.510,136.940,136.190
2004/10/17,Sun,,,,
2004/10/16,Sat,,,,
2004/10/15,Fri,135.770,136.270,136.440,135.290
2004/10/14,Thu,135.500,135.720,136.000,135.210
2004/10/13,Wed,135.180,135.520,135.600,134.580
2004/10/12,Tue,135.100,135.220,135.680,135.140
2004/10/11,Mon,136.010,135.240,136.060,135.160
2004/10/10,Sun,,,,
2004/10/09,Sat,,,,
2004/10/08,Fri,136.590,135.810,136.800,135.690
2004/10/07,Thu,136.750,136.590,136.970,136.450
2004/10/06,Wed,136.890,136.700,137.060,136.350
2004/10/05,Tue,136.270,136.850,137.030,135.830
2004/10/04,Mon,137.240,136.270,137.350,136.020
2004/10/03,Sun,,,,
2004/10/02,Sat,,,,
2004/10/01,Fri,136.840,137.130,137.250,136.550
2004/09/30,Thu,136.710,136.730,137.420,136.410
2004/09/29,Wed,137.300,136.670,137.330,136.270
2004/09/28,Tue,136.820,137.220,137.600,136.640
2004/09/27,Mon,135.800,136.830,136.990,135.690
2004/09/26,Sun,,,,
2004/09/25,Sat,,,,
2004/09/24,Fri,135.950,135.970,136.500,135.550
2004/09/23,Thu,135.700,135.900,136.550,135.570
2004/09/22,Wed,135.350,135.580,135.750,135.110
2004/09/21,Tue,133.740,135.250,135.540,133.680
2004/09/20,Mon,133.820,133.770,134.080,133.140
2004/09/19,Sun,,,,
2004/09/18,Sat,,,,
2004/09/17,Fri,133.540,133.780,134.470,133.360
2004/09/16,Thu,133.690,133.500,133.820,133.060
2004/09/15,Wed,134.320,133.640,134.400,133.600
2004/09/14,Tue,134.910,134.260,135.120,134.100
2004/09/13,Mon,134.440,134.850,135.120,134.160
2004/09/12,Sun,,,,
2004/09/11,Sat,,,,
2004/09/10,Fri,133.990,134.300,135.010,133.750
2004/09/09,Thu,133.250,133.870,134.050,133.010
2004/09/08,Wed,132.420,133.250,133.300,131.760
2004/09/07,Tue,132.890,132.410,133.010,132.010
2004/09/06,Mon,133.250,132.770,133.440,132.640
2004/09/05,Sun,,,,
2004/09/04,Sat,,,,
2004/09/03,Fri,133.280,133.010,133.620,132.270
2004/09/02,Thu,133.460,133.250,133.600,132.760
2004/09/01,Wed,132.940,133.390,133.730,132.740
2004/08/31,Tue,132.410,132.920,133.520,132.230
2004/08/30,Mon,131.710,132.360,132.740,131.590
2004/08/29,Sun,,,,
2004/08/28,Sat,,,,
2004/08/27,Fri,132.750,131.520,132.870,131.550
2004/08/26,Thu,133.110,132.660,133.220,132.290
2004/08/25,Wed,132.430,133.020,133.590,132.060
2004/08/24,Tue,133.390,132.490,133.630,132.020
2004/08/23,Mon,134.460,133.310,134.610,133.220
2004/08/22,Sun,,,,
2004/08/21,Sat,,,,
2004/08/20,Fri,135.310,134.360,135.520,134.310
2004/08/19,Thu,134.910,135.220,135.500,134.860
2004/08/18,Wed,135.850,134.910,136.000,134.670
2004/08/17,Tue,136.540,135.810,136.700,135.460
2004/08/16,Mon,136.600,136.510,137.090,136.130
2004/08/15,Sun,,,,
2004/08/14,Sat,,,,
2004/08/13,Fri,135.790,136.960,137.040,135.630
2004/08/12,Thu,135.510,135.800,136.170,135.140
2004/08/11,Wed,136.160,135.420,136.410,135.120
2004/08/10,Tue,135.790,136.100,136.580,135.550
2004/08/09,Mon,135.640,135.770,135.930,135.160
2004/08/08,Sun,,,,
2004/08/07,Sat,,,,
2004/08/06,Fri,134.760,135.680,135.760,134.140
2004/08/05,Thu,133.880,134.770,134.890,133.700
2004/08/04,Wed,133.320,133.830,134.310,133.200
2004/08/03,Tue,133.180,133.360,133.630,132.840
2004/08/02,Mon,134.000,133.050,134.260,133.040
2004/08/01,Sun,,,,
2004/07/31,Sat,,,,
2004/07/30,Fri,134.870,133.850,135.100,133.640
2004/07/29,Thu,134.620,134.850,135.420,134.480
2004/07/28,Wed,133.760,134.550,134.990,133.600
2004/07/27,Tue,133.510,133.660,134.140,133.190
2004/07/26,Mon,133.370,133.550,133.760,132.820
2004/07/25,Sun,,,,
2004/07/24,Sat,,,,
2004/07/23,Fri,134.510,133.180,134.730,133.060
2004/07/22,Thu,134.690,134.420,134.860,134.050
2004/07/21,Wed,133.970,134.650,134.770,133.510
2004/07/20,Tue,134.670,133.880,135.430,133.670
2004/07/19,Mon,135.390,134.660,135.550,134.100
2004/07/18,Sun,,,,
2004/07/17,Sat,,,,
2004/07/16,Fri,135.680,135.260,135.840,134.980
2004/07/15,Thu,135.150,135.610,135.760,134.880
2004/07/14,Wed,133.930,135.140,135.360,133.660
2004/07/13,Tue,134.350,133.890,134.910,133.810
2004/07/12,Mon,134.260,134.310,134.460,133.430
2004/07/11,Sun,,,,
2004/07/10,Sat,,,,
2004/07/09,Fri,135.040,134.310,135.050,133.860
2004/07/08,Thu,134.390,134.910,135.050,134.060
2004/07/07,Wed,134.520,134.400,134.690,133.860
2004/07/06,Tue,134.070,134.410,134.960,133.790
2004/07/05,Mon,133.540,134.030,134.140,133.420
2004/07/04,Sun,,,,
2004/07/03,Sat,,,,
2004/07/02,Fri,131.810,133.390,133.850,131.700
2004/07/01,Thu,132.660,131.790,132.710,131.250
2004/06/30,Wed,130.740,132.580,133.450,130.690
2004/06/29,Tue,131.510,130.710,132.200,130.700
2004/06/28,Mon,131.000,131.500,131.830,130.700
2004/06/27,Sun,,,,
2004/06/26,Sat,,,,
2004/06/25,Fri,130.390,131.000,131.130,130.260
2004/06/24,Thu,131.260,130.420,131.270,130.120
2004/06/23,Wed,132.240,131.180,132.420,131.050
2004/06/22,Tue,131.940,132.250,132.380,130.920
2004/06/21,Mon,132.000,131.910,132.090,130.860
2004/06/20,Sun,,,,
2004/06/19,Sat,,,,
2004/06/18,Fri,132.010,132.000,132.200,131.090
2004/06/17,Thu,132.170,131.820,132.440,131.370
2004/06/16,Wed,133.150,132.090,133.260,131.980
2004/06/15,Tue,133.880,133.130,134.450,132.710
2004/06/14,Mon,132.290,133.790,134.430,131.760
2004/06/13,Sun,,,,
2004/06/12,Sat,,,,
2004/06/11,Fri,132.410,132.230,132.540,131.930
2004/06/10,Thu,132.870,132.200,133.130,131.540
2004/06/09,Wed,134.520,132.740,134.570,132.050
2004/06/08,Tue,135.000,134.430,135.500,134.430
2004/06/07,Mon,136.420,134.940,136.700,134.870
2004/06/06,Sun,,,,
2004/06/05,Sat,,,,
2004/06/04,Fri,135.570,136.440,136.760,135.200
2004/06/03,Thu,134.250,135.540,136.320,134.100
2004/06/02,Wed,135.380,134.290,136.060,134.200
2004/06/01,Tue,133.430,135.440,135.610,133.370
2004/05/31,Mon,135.070,133.430,135.180,133.010
2004/05/30,Sun,,,,
2004/05/29,Sat,,,,
2004/05/28,Fri,136.010,134.280,136.310,134.320
2004/05/27,Thu,135.430,136.030,136.380,135.200
2004/05/26,Wed,135.260,135.320,135.600,134.750
2004/05/25,Tue,135.580,135.260,136.360,135.170
2004/05/24,Mon,134.400,135.420,135.730,134.310
2004/05/23,Sun,,,,
2004/05/22,Sat,,,,
2004/05/21,Fri,134.850,134.840,135.270,134.290
2004/05/20,Thu,135.760,134.840,136.260,134.500
2004/05/19,Wed,136.620,135.670,136.680,135.120
2004/05/18,Tue,137.460,136.550,137.880,135.780
2004/05/17,Mon,135.760,137.400,137.590,135.450
2004/05/16,Sun,,,,
2004/05/15,Sat,,,,
2004/05/14,Fri,135.440,135.490,135.950,134.840
2004/05/13,Thu,134.480,135.350,135.860,134.330
2004/05/12,Wed,134.170,134.390,135.020,133.300
2004/05/11,Tue,134.700,134.060,134.890,134.000
2004/05/10,Mon,133.650,134.630,135.240,133.120
2004/05/09,Sun,,,,
2004/05/08,Sat,,,,
2004/05/07,Fri,132.600,133.390,133.830,132.450
2004/05/06,Thu,132.350,132.630,133.290,132.030
2004/05/05,Wed,132.350,132.250,132.930,131.500
2004/05/04,Tue,131.710,132.410,133.050,131.450
2004/05/03,Mon,132.430,131.440,132.550,131.330
2004/05/02,Sun,,,,
2004/05/01,Sat,,,,
2004/04/30,Fri,131.500,132.200,132.540,131.390
2004/04/29,Thu,130.410,131.600,131.740,130.190
2004/04/28,Wed,130.540,130.270,130.960,129.560
2004/04/27,Tue,128.890,130.600,130.810,128.420
2004/04/26,Mon,128.790,128.850,129.260,128.250
2004/04/25,Sun,,,,
2004/04/24,Sat,,,,
2004/04/23,Fri,130.250,129.260,131.000,128.830
2004/04/22,Thu,129.490,130.240,130.460,128.990
2004/04/21,Wed,129.020,129.380,130.030,128.560
2004/04/20,Tue,130.230,129.020,130.610,128.340
2004/04/19,Mon,129.470,130.110,130.700,129.370
2004/04/18,Sun,,,,
2004/04/17,Sat,,,,
2004/04/16,Fri,129.600,129.300,130.420,128.990
2004/04/15,Thu,129.950,129.500,130.230,129.180
2004/04/14,Wed,127.370,129.940,130.320,127.260
2004/04/13,Tue,127.320,127.320,127.760,126.440
2004/04/12,Mon,128.560,127.350,128.670,126.940
2004/04/11,Sun,,,,
2004/04/10,Sat,,,,
2004/04/09,Fri,128.440,128.530,129.140,127.940
2004/04/08,Thu,128.120,128.310,129.350,127.900
2004/04/07,Wed,128.180,128.150,128.500,127.260
2004/04/06,Tue,126.100,128.000,128.800,126.040
2004/04/05,Mon,126.590,126.030,127.140,125.800
2004/04/04,Sun,,,,
2004/04/03,Sat,,,,
2004/04/02,Fri,128.180,126.810,128.870,126.320
2004/04/01,Thu,128.420,128.140,128.620,127.520
2004/03/31,Wed,128.610,128.360,129.050,126.600
2004/03/30,Tue,128.330,128.510,129.810,128.130
2004/03/29,Mon,128.210,128.270,128.550,127.250
2004/03/28,Sun,,,,
2004/03/27,Sat,,,,
2004/03/26,Fri,128.810,128.460,129.010,127.620
2004/03/25,Thu,128.830,128.700,129.310,128.230
2004/03/24,Wed,131.650,128.760,132.200,128.650
2004/03/23,Tue,131.760,131.600,132.050,131.000
2004/03/22,Mon,131.230,131.770,132.580,131.120
2004/03/21,Sun,,,,
2004/03/20,Sat,,,,
2004/03/19,Fri,132.350,130.960,133.150,130.890
2004/03/18,Thu,132.490,132.180,132.760,130.800
2004/03/17,Wed,133.480,132.420,133.660,131.690
2004/03/16,Tue,135.340,133.570,135.450,133.310
2004/03/15,Mon,135.250,135.290,136.420,134.150
2004/03/14,Sun,,,,
2004/03/13,Sat,,,,
2004/03/12,Fri,136.890,135.400,137.160,134.820
2004/03/11,Thu,135.620,136.860,136.980,134.570
2004/03/10,Wed,137.120,135.570,137.460,135.300
2004/03/09,Tue,137.950,137.070,138.700,136.810
2004/03/08,Mon,138.820,137.880,139.060,137.690
2004/03/07,Sun,,,,
2004/03/06,Sat,,,,
2004/03/05,Fri,135.460,138.620,138.990,135.290
2004/03/04,Thu,134.300,135.390,135.530,133.790
2004/03/03,Wed,134.520,134.280,134.620,132.860
2004/03/02,Tue,135.710,134.540,136.180,134.280
2004/03/01,Mon,136.360,135.580,137.060,135.360
2004/02/29,Sun,,,,
2004/02/28,Sat,,,,
2004/02/27,Fri,136.300,136.240,136.530,134.890
2004/02/26,Thu,136.260,136.290,136.680,135.840
2004/02/25,Wed,137.260,136.210,137.630,136.040
2004/02/24,Tue,136.070,137.170,137.450,135.980
2004/02/23,Mon,136.470,136.030,136.560,135.510
2004/02/22,Sun,,,,
2004/02/21,Sat,,,,
2004/02/20,Fri,136.130,136.590,137.280,136.030
2004/02/19,Thu,135.360,136.150,136.300,135.250
2004/02/18,Wed,135.670,135.300,136.530,135.310
2004/02/17,Tue,134.700,135.560,136.060,134.560
2004/02/16,Mon,134.550,134.660,134.900,134.120
2004/02/15,Sun,,,,
2004/02/14,Sat,,,,
2004/02/13,Fri,134.940,134.350,135.850,134.240
2004/02/12,Thu,135.230,134.880,135.410,134.800
2004/02/11,Wed,133.890,135.150,135.230,133.540
2004/02/10,Tue,134.030,133.880,134.810,133.930
2004/02/09,Mon,133.450,134.040,134.950,133.320
2004/02/08,Sun,,,,
2004/02/07,Sat,,,,
2004/02/06,Fri,132.840,134.150,134.450,132.670
2004/02/05,Thu,132.190,132.800,133.290,132.100
2004/02/04,Wed,132.250,132.100,132.500,131.800
2004/02/03,Tue,131.240,132.170,133.070,131.070
2004/02/02,Mon,131.740,131.190,132.010,130.850
2004/02/01,Sun,,,,
2004/01/31,Sat,,,,
2004/01/30,Fri,131.500,131.810,132.120,130.760
2004/01/29,Thu,132.430,131.430,132.840,131.080
2004/01/28,Wed,133.530,132.330,134.210,132.080
2004/01/27,Tue,132.610,133.440,133.620,131.970
2004/01/26,Mon,134.060,132.560,134.220,132.500
2004/01/25,Sun,,,,
2004/01/24,Sat,,,,
2004/01/23,Fri,134.810,134.230,135.450,133.460
2004/01/22,Thu,135.070,134.810,135.610,134.510
2004/01/21,Wed,134.700,135.070,135.430,134.500
2004/01/20,Tue,132.490,134.600,135.100,132.410
2004/01/19,Mon,131.980,132.480,133.030,131.670
2004/01/18,Sun,,,,
2004/01/17,Sat,,,,
2004/01/16,Fri,133.810,132.050,133.980,131.650
2004/01/15,Thu,134.340,133.720,134.630,133.450
2004/01/14,Wed,135.750,134.310,135.880,134.060
2004/01/13,Tue,135.770,135.560,136.210,135.250
2004/01/12,Mon,136.920,135.930,137.230,136.210
2004/01/11,Sun,,,,
2004/01/10,Sat,,,,
2004/01/09,Fri,135.500,136.710,137.790,135.450
2004/01/08,Thu,134.220,135.470,135.720,133.360
2004/01/07,Wed,135.290,134.210,135.390,134.120
2004/01/06,Tue,134.560,135.180,136.080,134.500
2004/01/05,Mon,134.740,134.490,135.750,134.320
2004/01/04,Sun,,,,
2004/01/03,Sat,,,,
2004/01/02,Fri,134.740,134.680,135.140,134.120
2004/01/01,Thu,135.100,134.670,135.270,133.930
2003/12/31,Wed,134.370,135.100,135.270,134.170
2003/12/30,Tue,133.700,134.300,134.530,133.540
2003/12/29,Mon,133.570,133.670,133.810,133.170
2003/12/28,Sun,,,,
2003/12/27,Sat,,,,
2003/12/26,Fri,133.570,133.530,133.740,133.130
2003/12/25,Thu,133.690,133.440,133.740,133.370
2003/12/24,Wed,133.140,133.610,133.820,133.040
2003/12/23,Tue,133.350,132.990,133.470,133.010
2003/12/22,Mon,133.510,133.230,133.790,133.250
2003/12/21,Sun,,,,
2003/12/20,Sat,,,,
2003/12/19,Fri,133.770,133.330,133.930,133.230
2003/12/18,Thu,133.260,133.650,133.860,133.040
2003/12/17,Wed,132.500,133.280,133.390,132.170
2003/12/16,Tue,132.450,132.460,133.160,132.300
2003/12/15,Mon,131.570,132.380,132.600,131.240
2003/12/14,Sun,,,,
2003/12/13,Sat,,,,
2003/12/12,Fri,131.930,132.340,132.570,131.700
2003/12/11,Thu,132.380,131.860,132.530,131.190
2003/12/10,Wed,131.190,132.260,132.710,130.800
2003/12/09,Tue,131.230,131.140,131.700,130.750
2003/12/08,Mon,131.070,131.100,131.490,130.760
2003/12/07,Sun,,,,
2003/12/06,Sat,,,,
2003/12/05,Fri,130.750,130.960,131.270,130.530
2003/12/04,Thu,131.070,130.740,131.440,130.350
2003/12/03,Wed,131.220,130.910,131.640,130.630
2003/12/02,Tue,130.980,131.180,131.980,130.500
2003/12/01,Mon,131.390,130.830,132.310,130.820
2003/11/30,Sun,,,,
2003/11/29,Sat,,,,
2003/11/28,Fri,129.950,131.440,131.520,129.880
2003/11/27,Thu,130.150,129.860,130.350,129.830
2003/11/26,Wed,128.980,130.150,130.380,128.780
2003/11/25,Tue,128.700,128.870,129.850,128.600
2003/11/24,Mon,129.600,128.660,129.840,128.450
2003/11/23,Sun,,,,
2003/11/22,Sat,,,,
2003/11/21,Fri,129.810,129.530,130.150,128.950
2003/11/20,Thu,129.840,129.750,130.290,129.410
2003/11/19,Wed,129.190,129.830,130.260,128.500
2003/11/18,Tue,127.980,129.190,129.300,127.880
2003/11/17,Mon,127.630,127.930,129.390,127.600
2003/11/16,Sun,,,,
2003/11/15,Sat,,,,
2003/11/14,Fri,126.880,127.580,127.640,126.790
2003/11/13,Thu,126.620,126.750,127.110,126.080
2003/11/12,Wed,125.210,126.580,126.820,125.090
2003/11/11,Tue,124.800,125.050,125.410,124.410
2003/11/10,Mon,125.820,124.730,126.380,124.160
2003/11/09,Sun,,,,
2003/11/08,Sat,,,,
2003/11/07,Fri,125.790,126.080,126.160,125.460
2003/11/06,Thu,125.730,125.780,126.060,125.490
2003/11/05,Wed,125.980,125.640,126.380,125.350
2003/11/04,Tue,127.280,126.000,127.310,125.790
2003/11/03,Mon,127.310,127.220,128.160,126.860
2003/11/02,Sun,,,,
2003/11/01,Sat,,,,
2003/10/31,Fri,126.460,127.270,127.930,126.260
2003/10/30,Thu,126.360,126.420,127.120,126.010
2003/10/29,Wed,126.350,126.320,126.680,126.090
2003/10/28,Tue,127.470,126.220,127.570,126.300
2003/10/27,Mon,128.690,127.470,128.790,127.230
2003/10/26,Sun,,,,
2003/10/25,Sat,,,,
2003/10/24,Fri,129.140,128.530,129.920,128.650
2003/10/23,Thu,128.890,129.310,129.740,128.850
2003/10/22,Wed,127.790,128.610,128.840,127.610
2003/10/21,Tue,128.420,127.710,128.450,127.540
2003/10/20,Mon,127.990,128.350,128.840,127.320
2003/10/19,Sun,,,,
2003/10/18,Sat,,,,
2003/10/17,Fri,127.410,127.660,127.860,126.880
2003/10/16,Thu,127.450,127.360,127.760,127.180
2003/10/15,Wed,127.690,127.350,128.030,127.170
2003/10/14,Tue,127.550,127.700,128.590,126.700
2003/10/13,Mon,128.260,127.510,128.260,126.530
2003/10/12,Sun,,,,
2003/10/11,Sat,,,,
2003/10/10,Fri,128.140,128.140,128.500,127.150
2003/10/09,Thu,129.470,128.140,129.650,127.580
2003/10/08,Wed,129.350,129.370,129.860,129.020
2003/10/07,Tue,130.010,129.320,130.410,128.830
2003/10/06,Mon,128.390,129.940,130.050,128.090
2003/10/05,Sun,,,,
2003/10/04,Sat,,,,
2003/10/03,Fri,129.440,128.350,129.740,128.170
2003/10/02,Thu,129.680,129.350,130.570,129.320
2003/10/01,Wed,129.990,129.520,130.140,129.160
2003/09/30,Tue,128.550,129.950,130.260,128.380
2003/09/29,Mon,128.010,128.460,128.800,126.910
2003/09/28,Sun,,,,
2003/09/27,Sat,,,,
2003/09/26,Fri,128.850,127.980,128.970,128.040
2003/09/25,Thu,128.510,128.740,129.020,128.020
2003/09/24,Wed,128.490,128.610,128.630,127.490
2003/09/23,Tue,128.670,128.470,128.760,127.530
2003/09/22,Mon,128.710,128.650,128.980,128.010
2003/09/21,Sun,,,,
2003/09/20,Sat,,,,
2003/09/19,Fri,129.670,129.790,130.380,128.980
2003/09/18,Thu,130.950,129.620,131.100,129.330
2003/09/17,Wed,129.860,130.950,131.500,129.280
2003/09/16,Tue,132.520,129.820,132.650,129.540
2003/09/15,Mon,132.310,132.510,132.880,131.970
2003/09/14,Sun,,,,
2003/09/13,Sat,,,,
2003/09/12,Fri,131.240,132.400,132.910,130.320
2003/09/11,Thu,131.220,131.170,132.120,130.260
2003/09/10,Wed,131.140,131.270,131.430,130.330
2003/09/09,Tue,129.300,131.110,131.420,128.940
2003/09/08,Mon,129.500,129.290,129.980,129.200
2003/09/07,Sun,,,,
2003/09/06,Sat,,,,
2003/09/05,Fri,127.790,129.650,130.010,127.520
2003/09/04,Thu,125.670,127.730,127.830,125.330
2003/09/03,Wed,125.920,125.610,126.220,125.040
2003/09/02,Tue,127.890,125.790,127.940,125.520
2003/09/01,Mon,128.270,127.830,128.570,127.530
2003/08/31,Sun,,,,
2003/08/30,Sat,,,,
2003/08/29,Fri,127.730,128.310,128.540,126.770
2003/08/28,Thu,127.780,127.680,128.200,126.920
2003/08/27,Wed,127.460,127.720,128.750,127.390
2003/08/26,Tue,127.500,127.330,128.050,126.740
2003/08/25,Mon,127.850,127.430,128.290,127.440
2003/08/24,Sun,,,,
2003/08/23,Sat,,,,
2003/08/22,Fri,128.700,127.840,129.010,127.260
2003/08/21,Thu,131.310,128.630,131.360,128.310
2003/08/20,Wed,131.880,131.200,132.190,130.830
2003/08/19,Tue,133.180,131.880,133.220,131.640
2003/08/18,Mon,134.100,133.140,134.320,132.960
2003/08/17,Sun,,,,
2003/08/16,Sat,,,,
2003/08/15,Fri,134.240,134.130,134.490,133.670
2003/08/14,Thu,134.870,134.280,135.350,133.840
2003/08/13,Wed,133.930,134.830,135.010,133.570
2003/08/12,Tue,134.680,133.860,135.020,133.770
2003/08/11,Mon,134.620,134.630,134.960,133.430
2003/08/10,Sun,,,,
2003/08/09,Sat,,,,
2003/08/08,Fri,135.370,134.670,135.610,134.350
2003/08/07,Thu,136.320,135.390,136.480,135.200
2003/08/06,Wed,136.510,136.280,137.030,136.250
2003/08/05,Tue,136.640,136.450,137.080,135.810
2003/08/04,Mon,136.090,136.510,136.780,135.760
2003/08/03,Sun,,,,
2003/08/02,Sat,,,,
2003/08/01,Fri,135.390,135.370,135.570,134.260
2003/07/31,Thu,136.480,135.310,136.720,135.050
2003/07/30,Wed,137.190,136.500,137.440,136.380
2003/07/29,Tue,137.240,137.050,137.780,137.070
2003/07/28,Mon,136.560,137.180,137.480,136.470
2003/07/27,Sun,,,,
2003/07/26,Sat,,,,
2003/07/25,Fri,136.540,136.580,137.130,136.230
2003/07/24,Thu,136.450,136.430,136.790,136.100
2003/07/23,Wed,134.900,136.410,136.530,134.600
2003/07/22,Tue,134.420,134.880,135.490,134.320
2003/07/21,Mon,133.540,134.310,134.580,133.270
2003/07/20,Sun,,,,
2003/07/19,Sat,,,,
2003/07/18,Fri,133.140,133.500,133.870,132.980
2003/07/17,Thu,132.510,133.050,133.430,132.320
2003/07/16,Wed,131.850,132.430,132.700,131.520
2003/07/15,Tue,132.820,131.790,133.160,130.640
2003/07/14,Mon,132.930,132.740,133.040,132.200
2003/07/13,Sun,,,,
2003/07/12,Sat,,,,
2003/07/11,Fri,133.900,132.990,133.990,132.850
2003/07/10,Thu,133.780,133.790,134.100,133.070
2003/07/09,Wed,133.760,133.680,134.280,133.210
2003/07/08,Tue,133.780,133.700,134.250,133.190
2003/07/07,Mon,135.550,133.700,135.620,133.630
2003/07/06,Sun,,,,
2003/07/05,Sat,,,,
2003/07/04,Fri,135.890,135.550,135.970,135.230
2003/07/03,Thu,136.290,135.800,136.640,135.220
2003/07/02,Wed,138.060,136.240,138.120,136.120
2003/07/01,Tue,137.810,138.040,138.630,137.500
2003/06/30,Mon,136.840,137.820,138.010,136.640
2003/06/29,Sun,,,,
2003/06/28,Sat,,,,
2003/06/27,Fri,136.380,136.750,137.090,136.300
2003/06/26,Thu,136.120,136.340,136.730,135.720
2003/06/25,Wed,135.720,136.000,136.620,135.130
2003/06/24,Tue,136.070,135.620,136.470,135.280
2003/06/23,Mon,137.220,136.100,137.410,135.580
2003/06/22,Sun,,,,
2003/06/21,Sat,,,,
2003/06/20,Fri,138.780,137.300,139.010,136.860
2003/06/19,Thu,137.790,138.690,139.030,137.510
2003/06/18,Wed,139.210,137.730,139.470,137.570
2003/06/17,Tue,139.170,139.150,139.780,139.030
2003/06/16,Mon,139.410,139.070,140.210,139.140
2003/06/15,Sun,,,,
2003/06/14,Sat,,,,
2003/06/13,Fri,138.520,139.220,139.480,138.180
2003/06/12,Thu,138.450,138.440,138.850,137.910
2003/06/11,Wed,137.470,138.370,138.760,137.240
2003/06/10,Tue,138.500,137.380,138.900,137.300
2003/06/09,Mon,139.010,138.440,139.250,138.060
2003/06/08,Sun,,,,
2003/06/07,Sat,,,,
2003/06/06,Fri,139.360,138.810,139.950,138.780
2003/06/05,Thu,138.390,139.270,139.850,137.720
2003/06/04,Wed,139.810,138.360,140.110,138.300
2003/06/03,Tue,139.450,139.800,140.010,138.890
2003/06/02,Mon,140.150,139.470,140.280,138.260
2003/06/01,Sun,,,,
2003/05/31,Sat,,,,
2003/05/30,Fri,140.460,140.570,140.930,140.250
2003/05/29,Thu,139.450,140.300,140.730,139.100
2003/05/28,Wed,138.550,139.440,139.760,138.120
2003/05/27,Tue,138.670,138.470,139.210,138.320
2003/05/26,Mon,138.260,138.690,138.820,137.950
2003/05/25,Sun,,,,
2003/05/24,Sat,,,,
2003/05/23,Fri,137.080,138.270,138.380,136.820
2003/05/22,Thu,136.860,136.980,137.380,136.700
2003/05/21,Wed,136.650,136.720,137.450,136.410
2003/05/20,Tue,136.480,136.600,136.780,136.060
2003/05/19,Mon,134.890,136.470,136.890,134.420
2003/05/18,Sun,,,,
2003/05/17,Sat,,,,
2003/05/16,Fri,132.600,134.500,134.520,132.470
2003/05/15,Thu,133.580,132.540,133.630,132.290
2003/05/14,Wed,134.700,133.520,134.780,133.210
2003/05/13,Tue,135.230,134.560,135.360,133.940
2003/05/12,Mon,135.180,135.100,135.550,134.790
2003/05/11,Sun,,,,
2003/05/10,Sat,,,,
2003/05/09,Fri,134.520,134.780,135.320,134.250
2003/05/08,Thu,132.260,134.360,134.720,131.470
2003/05/07,Wed,134.360,132.130,134.500,131.930
2003/05/06,Tue,133.900,134.400,134.630,133.660
2003/05/05,Mon,133.680,133.840,133.980,133.280
2003/05/04,Sun,,,,
2003/05/03,Sat,,,,
2003/05/02,Fri,133.250,133.670,133.770,133.070
2003/05/01,Thu,132.990,133.120,133.520,132.390
2003/04/30,Wed,132.700,132.910,133.390,132.550
2003/04/29,Tue,132.350,132.630,132.820,131.510
2003/04/28,Mon,132.600,132.270,133.000,132.170
2003/04/27,Sun,,,,
2003/04/26,Sat,,,,
2003/04/25,Fri,132.280,132.570,133.000,132.180
2003/04/24,Thu,132.010,132.320,132.440,131.680
2003/04/23,Wed,131.510,131.930,132.180,131.380
2003/04/22,Tue,130.980,131.550,131.790,130.690
2003/04/21,Mon,130.350,130.940,131.040,130.240
2003/04/20,Sun,,,,
2003/04/19,Sat,,,,
2003/04/18,Fri,130.100,130.250,130.510,130.050
2003/04/17,Thu,130.470,130.080,130.770,129.960
2003/04/16,Wed,129.910,130.410,130.720,129.840
2003/04/15,Tue,129.640,129.860,130.050,129.280
2003/04/14,Mon,129.530,129.570,129.860,129.290
2003/04/13,Sun,,,,
2003/04/12,Sat,,,,
2003/04/11,Fri,129.110,129.500,129.800,128.890
2003/04/10,Thu,129.370,129.020,129.640,128.890
2003/04/09,Wed,128.350,129.290,129.570,128.230
2003/04/08,Tue,128.080,128.340,128.470,127.740
2003/04/07,Mon,128.510,127.960,128.770,127.480
2003/04/06,Sun,,,,
2003/04/05,Sat,,,,
2003/04/04,Fri,128.490,128.690,128.910,128.310
2003/04/03,Thu,128.090,128.410,128.560,127.650
2003/04/02,Wed,128.780,128.010,129.110,127.900
2003/04/01,Tue,128.880,128.730,129.130,128.540
2003/03/31,Mon,129.410,128.820,129.820,128.480
2003/03/30,Sun,,,,
2003/03/29,Sat,,,,
2003/03/28,Fri,128.310,129.120,129.510,128.170
2003/03/27,Thu,128.280,128.230,128.700,128.040
2003/03/26,Wed,128.020,128.230,128.450,127.610
2003/03/25,Tue,128.430,127.940,128.630,127.670
2003/03/24,Mon,128.310,128.460,128.720,128.070
2003/03/23,Sun,,,,
2003/03/22,Sat,,,,
2003/03/21,Fri,127.640,127.910,128.290,127.420
2003/03/20,Thu,127.250,127.720,128.050,126.700
2003/03/19,Wed,126.410,127.180,127.530,126.000
2003/03/18,Tue,125.950,126.390,126.500,125.490
2003/03/17,Mon,127.290,125.940,127.690,125.520
2003/03/16,Sun,,,,
2003/03/15,Sat,,,,
2003/03/14,Fri,128.050,126.990,128.200,126.880
2003/03/13,Thu,129.040,128.010,129.400,127.990
2003/03/12,Wed,129.310,129.070,129.680,128.960
2003/03/11,Tue,129.190,129.300,129.520,129.000
2003/03/10,Mon,128.920,129.170,129.260,128.530
2003/03/09,Sun,,,,
2003/03/08,Sat,,,,
2003/03/07,Fri,128.820,128.840,129.390,127.910
2003/03/06,Thu,128.590,128.750,129.070,128.410
2003/03/05,Wed,128.380,128.480,129.030,128.320
2003/03/04,Tue,128.100,128.290,128.670,127.960
2003/03/03,Mon,127.430,128.100,128.210,127.180
2003/03/02,Sun,,,,
2003/03/01,Sat,,,,
2003/02/28,Fri,126.470,127.500,127.670,126.390
2003/02/27,Thu,126.270,126.350,126.870,126.060
2003/02/26,Wed,126.200,126.180,126.690,126.030
2003/02/25,Tue,127.280,126.160,127.730,126.020
2003/02/24,Mon,127.600,127.250,127.670,126.220
2003/02/23,Sun,,,,
2003/02/22,Sat,,,,
2003/02/21,Fri,128.030,127.710,128.800,127.710
2003/02/20,Thu,127.590,127.940,128.250,127.490
2003/02/19,Wed,127.190,127.510,127.850,126.910
2003/02/18,Tue,129.000,127.140,129.130,126.880
2003/02/17,Mon,129.640,128.910,129.890,128.450
2003/02/16,Sun,,,,
2003/02/15,Sat,,,,
2003/02/14,Fri,130.680,129.800,130.850,129.530
2003/02/13,Thu,129.970,130.570,130.810,129.760
2003/02/12,Wed,129.890,129.950,130.320,129.410
2003/02/11,Tue,130.180,129.880,130.360,129.550
2003/02/10,Mon,130.150,130.130,130.520,129.980
2003/02/09,Sun,,,,
2003/02/08,Sat,,,,
2003/02/07,Fri,129.820,130.190,130.330,129.110
2003/02/06,Thu,129.470,129.710,130.090,129.140
2003/02/05,Wed,130.300,129.400,130.580,129.120
2003/02/04,Tue,129.670,130.230,130.510,129.300
2003/02/03,Mon,129.190,129.610,129.750,128.760
2003/02/02,Sun,,,,
2003/02/01,Sat,,,,
2003/01/31,Fri,128.750,129.070,129.440,128.580
2003/01/30,Thu,128.370,128.730,128.960,127.710
2003/01/29,Wed,128.450,128.360,128.720,127.900
2003/01/28,Tue,128.600,128.510,128.700,128.030
2003/01/27,Mon,127.770,128.480,129.070,127.540
2003/01/26,Sun,,,,
2003/01/25,Sat,,,,
2003/01/24,Fri,127.010,127.480,127.820,126.820
2003/01/23,Thu,126.940,126.960,127.280,126.500
2003/01/22,Wed,126.710,126.890,127.060,126.170
2003/01/21,Tue,126.010,126.670,126.650,125.980
2003/01/20,Mon,125.570,125.980,126.280,125.520
2003/01/19,Sun,,,,
2003/01/18,Sat,,,,
2003/01/17,Fri,125.120,125.570,125.660,125.010
2003/01/16,Thu,124.690,125.050,125.190,124.470
2003/01/15,Wed,124.630,124.580,125.190,124.110
2003/01/14,Tue,125.370,124.580,125.660,124.470
2003/01/13,Mon,126.120,125.310,126.170,125.100
2003/01/12,Sun,,,,
2003/01/11,Sat,,,,
2003/01/10,Fri,125.120,126.090,126.190,125.070
2003/01/09,Thu,125.010,125.080,125.410,124.820
2003/01/08,Wed,125.470,124.910,125.500,124.350
2003/01/07,Tue,124.690,125.390,125.530,124.510
2003/01/06,Mon,124.790,124.710,124.980,124.250
2003/01/05,Sun,,,,
2003/01/04,Sat,,,,
2003/01/03,Fri,124.380,124.760,125.010,124.190
2003/01/02,Thu,124.540,124.390,124.920,124.100
2003/01/01,Wed,,,,
2002/12/31,Tue,124.230,124.630,124.790,123.990
2002/12/30,Mon,124.990,124.270,125.330,123.650
2002/12/29,Sun,,,,
2002/12/28,Sat,,,,
2002/12/27,Fri,124.460,125.100,125.220,124.290
2002/12/26,Thu,124.160,124.430,124.550,124.010
2002/12/25,Wed,123.900,124.160,124.370,123.610
2002/12/24,Tue,123.580,123.920,124.010,123.390
2002/12/23,Mon,123.600,123.580,123.800,123.240
2002/12/22,Sun,,,,
2002/12/21,Sat,,,,
2002/12/20,Fri,123.790,123.560,124.220,123.490
2002/12/19,Thu,124.360,123.670,124.460,92.630
2002/12/18,Wed,124.710,124.290,124.950,123.900
2002/12/17,Tue,124.140,124.690,124.850,123.890
2002/12/16,Mon,123.410,123.980,124.260,122.870
2002/12/15,Sun,,,,
2002/12/14,Sat,,,,
2002/12/13,Fri,125.030,123.210,125.290,122.950
2002/12/12,Thu,124.680,124.950,125.270,124.310
2002/12/11,Wed,124.790,124.600,124.940,124.040
2002/12/10,Tue,124.690,124.770,124.950,124.420
2002/12/09,Mon,124.710,124.610,124.790,123.520
2002/12/08,Sun,,,,
2002/12/07,Sat,,,,
2002/12/06,Fri,124.940,124.690,125.620,123.490
2002/12/05,Thu,124.710,124.880,125.690,124.570
2002/12/04,Wed,124.130,124.580,125.040,123.750
2002/12/03,Tue,124.160,124.020,124.450,123.780
2002/12/02,Mon,121.930,124.100,124.400,121.850
2002/12/01,Sun,,,,
2002/11/30,Sat,,,,
2002/11/29,Fri,121.520,121.800,121.990,121.330
2002/11/28,Thu,121.170,121.500,121.600,120.950
2002/11/27,Wed,120.840,121.100,121.320,120.210
2002/11/26,Tue,121.110,120.780,121.240,120.550
2002/11/25,Mon,122.510,121.030,122.730,120.720
2002/11/24,Sun,,,,
2002/11/23,Sat,,,,
2002/11/22,Fri,122.890,122.430,123.220,122.320
2002/11/21,Thu,122.840,122.850,123.000,122.210
2002/11/20,Wed,122.640,122.760,123.090,122.490
2002/11/19,Tue,122.070,122.520,123.240,121.920
2002/11/18,Mon,121.580,122.030,122.350,121.500
2002/11/17,Sun,,,,
2002/11/16,Sat,,,,
2002/11/15,Fri,121.020,121.570,121.660,120.880
2002/11/14,Thu,121.050,120.970,121.330,120.580
2002/11/13,Wed,121.100,120.990,121.250,120.710
2002/11/12,Tue,120.880,121.130,121.190,120.300
2002/11/11,Mon,121.350,120.810,121.560,120.390
2002/11/10,Sun,,,,
2002/11/09,Sat,,,,
2002/11/08,Fri,122.300,121.280,122.500,121.150
2002/11/07,Thu,122.210,122.220,122.550,121.670
2002/11/06,Wed,121.850,122.150,122.290,121.590
2002/11/05,Tue,121.940,121.760,122.200,121.420
2002/11/04,Mon,121.700,121.910,122.070,121.420
2002/11/03,Sun,,,,
2002/11/02,Sat,,,,
2002/11/01,Fri,121.360,121.700,121.940,121.240
2002/10/31,Thu,120.990,121.310,121.440,120.680
2002/10/30,Wed,121.040,120.890,121.180,120.490
2002/10/29,Tue,121.670,121.050,121.760,120.560
2002/10/28,Mon,121.280,121.660,121.820,121.220
2002/10/27,Sun,,,,
2002/10/26,Sat,,,,
2002/10/25,Fri,121.690,121.280,121.900,120.850
2002/10/24,Thu,121.650,121.630,121.820,120.680
2002/10/23,Wed,122.350,121.460,122.470,120.980
2002/10/22,Tue,121.620,122.370,122.600,121.490
2002/10/21,Mon,121.940,121.560,122.110,121.240
2002/10/20,Sun,,,,
2002/10/19,Sat,,,,
2002/10/18,Fri,121.420,121.910,122.100,121.350
2002/10/17,Thu,122.180,121.410,122.300,120.930
2002/10/16,Wed,122.410,122.080,122.650,121.690
2002/10/15,Tue,122.750,122.360,123.080,122.050
2002/10/14,Mon,122.530,122.690,122.760,122.280
2002/10/13,Sun,,,,
2002/10/12,Sat,,,,
2002/10/11,Fri,121.960,122.420,122.700,121.600
2002/10/10,Thu,122.090,121.860,122.530,121.640
2002/10/09,Wed,121.710,122.010,122.180,121.100
2002/10/08,Tue,122.160,121.630,122.350,121.400
2002/10/07,Mon,120.680,122.190,122.310,120.420
2002/10/06,Sun,,,,
2002/10/05,Sat,,,,
2002/10/04,Fri,121.150,120.600,121.520,120.500
2002/10/03,Thu,121.210,121.220,121.660,120.850
2002/10/02,Wed,120.500,121.170,121.470,120.310
2002/10/01,Tue,120.110,120.400,121.150,119.980
2002/09/30,Mon,120.320,120.030,120.540,119.170
2002/09/29,Sun,,,,
2002/09/28,Sat,,,,
2002/09/27,Fri,119.340,120.090,120.460,119.160
2002/09/26,Thu,119.990,119.150,120.470,118.980
2002/09/25,Wed,121.070,119.920,121.260,119.860
2002/09/24,Tue,121.210,121.050,121.330,120.160
2002/09/23,Mon,121.120,121.080,122.060,120.500
2002/09/22,Sun,,,,
2002/09/21,Sat,,,,
2002/09/20,Fri,119.830,121.130,121.440,119.720
2002/09/19,Thu,118.730,119.850,119.940,118.570
2002/09/18,Wed,118.880,118.660,119.270,118.140
2002/09/17,Tue,118.450,118.770,119.030,117.900
2002/09/16,Mon,118.220,118.360,118.970,117.870
2002/09/15,Sun,,,,
2002/09/14,Sat,,,,
2002/09/13,Fri,117.810,118.080,118.820,117.320
2002/09/12,Thu,117.400,117.710,118.030,117.080
2002/09/11,Wed,116.930,117.390,117.870,116.670
2002/09/10,Tue,116.450,116.890,117.050,116.110
2002/09/09,Mon,116.400,116.450,116.910,116.050
2002/09/08,Sun,,,,
2002/09/07,Sat,,,,
2002/09/06,Fri,117.310,116.210,117.760,116.190
2002/09/05,Thu,117.120,117.190,117.660,116.780
2002/09/04,Wed,116.720,116.950,117.350,116.530
2002/09/03,Tue,116.200,116.690,116.860,115.960
2002/09/02,Mon,116.330,116.290,116.550,115.960
2002/09/01,Sun,,,,
2002/08/31,Sat,,,,
2002/08/30,Fri,116.370,116.270,116.540,116.000
2002/08/29,Thu,116.330,116.350,116.530,115.780
2002/08/28,Wed,116.120,116.230,116.470,115.850
2002/08/27,Tue,116.350,116.100,116.530,115.380
2002/08/26,Mon,116.320,116.330,116.480,115.980
2002/08/25,Sun,,,,
2002/08/24,Sat,,,,
2002/08/23,Fri,116.180,116.240,116.510,116.020
2002/08/22,Thu,116.190,116.170,116.760,115.920
2002/08/21,Wed,116.330,116.200,116.440,115.600
2002/08/20,Tue,115.850,116.240,116.600,115.690
2002/08/19,Mon,115.850,115.750,116.560,115.500
2002/08/18,Sun,,,,
2002/08/17,Sat,,,,
2002/08/16,Fri,115.250,115.670,116.040,114.980
2002/08/15,Thu,114.830,115.170,115.460,114.200
2002/08/14,Wed,116.440,114.860,116.600,114.590
2002/08/13,Tue,116.500,116.450,116.840,116.100
2002/08/12,Mon,116.590,116.380,117.020,116.080
2002/08/11,Sun,,,,
2002/08/10,Sat,,,,
2002/08/09,Fri,117.040,116.420,117.770,116.320
2002/08/08,Thu,117.180,117.020,117.440,116.670
2002/08/07,Wed,116.700,117.070,117.350,116.560
2002/08/06,Tue,117.340,116.680,117.460,116.560
2002/08/05,Mon,117.290,117.280,117.630,116.860
2002/08/04,Sun,,,,
2002/08/03,Sat,,,,
2002/08/02,Fri,117.410,117.210,117.900,117.230
2002/08/01,Thu,117.130,117.400,117.580,116.640
2002/07/31,Wed,118.240,117.120,118.460,116.950
2002/07/30,Tue,117.410,118.050,118.680,117.180
2002/07/29,Mon,117.390,117.340,117.880,116.950
2002/07/28,Sun,,,,
2002/07/27,Sat,,,,
2002/07/26,Fri,116.960,117.040,117.900,116.910
2002/07/25,Thu,116.130,116.960,117.160,115.820
2002/07/24,Wed,116.280,116.080,116.470,115.280
2002/07/23,Tue,117.230,116.120,117.290,115.910
2002/07/22,Mon,117.270,117.160,117.850,116.970
2002/07/21,Sun,,,,
2002/07/20,Sat,,,,
2002/07/19,Fri,117.810,117.160,118.200,117.040
2002/07/18,Thu,117.170,117.850,117.980,117.010
2002/07/17,Wed,117.300,117.140,117.630,116.950
2002/07/16,Tue,116.750,117.140,117.590,116.560
2002/07/15,Mon,116.130,116.630,117.130,115.420
2002/07/14,Sun,,,,
2002/07/13,Sat,,,,
2002/07/12,Fri,115.580,115.750,115.920,115.140
2002/07/11,Thu,116.330,115.600,116.750,115.250
2002/07/10,Wed,117.280,116.330,117.580,116.230
2002/07/09,Tue,117.360,117.210,117.600,116.800
2002/07/08,Mon,117.010,117.290,117.530,116.650
2002/07/07,Sun,,,,
2002/07/06,Sat,,,,
2002/07/05,Fri,117.540,116.930,117.660,116.700
2002/07/04,Thu,117.420,117.500,117.870,117.090
2002/07/03,Wed,118.250,117.320,118.340,117.280
2002/07/02,Tue,118.690,118.140,118.850,117.820
2002/07/01,Mon,118.670,118.620,119.060,118.350
2002/06/30,Sun,,,,
2002/06/29,Sat,,,,
2002/06/28,Fri,118.200,118.490,119.100,117.840
2002/06/27,Thu,117.860,118.200,118.430,117.620
2002/06/26,Wed,118.850,117.870,119.620,117.480
2002/06/25,Tue,118.160,118.800,118.920,117.710
2002/06/24,Mon,117.730,118.030,119.090,117.640
2002/06/23,Sun,,,,
2002/06/22,Sat,,,,
2002/06/21,Fri,119.150,117.460,119.540,117.320
2002/06/20,Thu,118.640,119.080,119.240,118.460
2002/06/19,Wed,118.370,118.550,118.810,118.250
2002/06/18,Tue,117.360,118.350,118.440,117.270
2002/06/17,Mon,117.320,117.330,117.630,116.990
2002/06/16,Sun,,,,
2002/06/15,Sat,,,,
2002/06/14,Fri,117.830,117.350,118.120,117.240
2002/06/13,Thu,118.620,117.730,118.850,117.660
2002/06/12,Wed,118.850,118.520,119.310,118.450
2002/06/11,Tue,117.830,118.760,118.900,117.480
2002/06/10,Mon,117.380,117.750,118.020,117.160
2002/06/09,Sun,,,,
2002/06/08,Sat,,,,
2002/06/07,Fri,117.580,117.280,118.110,117.260
2002/06/06,Thu,116.670,117.480,117.720,116.350
2002/06/05,Wed,116.600,116.770,117.110,116.410
2002/06/04,Tue,116.310,116.520,117.190,116.060
2002/06/03,Mon,115.920,116.250,116.400,115.510
2002/06/02,Sun,,,,
2002/06/01,Sat,,,,
2002/05/31,Fri,115.620,115.850,116.680,115.370
2002/05/30,Thu,116.320,115.480,116.540,115.210
2002/05/29,Wed,115.670,116.230,116.550,115.460
2002/05/28,Tue,114.910,115.540,115.840,114.760
2002/05/27,Mon,114.890,114.750,115.100,114.710
2002/05/26,Sun,,,,
2002/05/25,Sat,,,,
2002/05/24,Fri,115.210,114.710,115.310,114.670
2002/05/23,Thu,114.980,115.100,115.580,114.660
2002/05/22,Wed,114.210,114.870,115.640,113.460
2002/05/21,Tue,115.420,114.130,115.860,113.660
2002/05/20,Mon,116.010,115.460,116.210,115.350
2002/05/19,Sun,,,,
2002/05/18,Sat,,,,
2002/05/17,Fri,116.800,115.900,116.850,115.350
2002/05/16,Thu,116.420,116.700,116.960,116.150
2002/05/15,Wed,116.040,116.380,116.500,115.440
2002/05/14,Tue,116.520,115.960,116.710,115.870
2002/05/13,Mon,116.600,116.460,116.800,116.050
2002/05/12,Sun,,,,
2002/05/11,Sat,,,,
2002/05/10,Fri,116.670,116.580,117.530,116.470
2002/05/09,Thu,116.590,116.660,116.850,116.220
2002/05/08,Wed,117.070,116.560,117.280,116.220
2002/05/07,Tue,116.780,117.020,117.290,116.390
2002/05/06,Mon,116.370,116.690,116.870,116.140
2002/05/05,Sun,,,,
2002/05/04,Sat,,,,
2002/05/03,Fri,115.530,116.300,116.560,115.380
2002/05/02,Thu,115.540,115.440,115.900,115.070
2002/05/01,Wed,115.710,115.510,115.900,115.310
2002/04/30,Tue,115.680,115.640,115.980,115.430
2002/04/29,Mon,115.350,115.690,115.790,115.100
2002/04/28,Sun,,,,
2002/04/27,Sat,,,,
2002/04/26,Fri,115.550,115.220,115.780,114.820
2002/04/25,Thu,115.740,115.520,115.750,115.100
2002/04/24,Wed,115.740,115.640,115.900,115.350
2002/04/23,Tue,115.610,115.680,115.790,115.140
2002/04/22,Mon,116.000,115.540,116.200,115.030
2002/04/21,Sun,,,,
2002/04/20,Sat,,,,
2002/04/19,Fri,115.830,116.240,116.290,115.710
2002/04/18,Thu,116.350,115.820,116.530,114.960
2002/04/17,Wed,115.800,116.360,116.440,115.520
2002/04/16,Tue,116.190,115.760,116.290,115.380
2002/04/15,Mon,116.070,116.130,116.590,115.620
2002/04/14,Sun,,,,
2002/04/13,Sat,,,,
2002/04/12,Fri,115.910,116.040,116.600,115.740
2002/04/11,Thu,115.100,116.050,116.420,114.990
2002/04/10,Wed,115.280,115.010,115.370,114.610
2002/04/09,Tue,115.150,115.300,115.530,114.820
2002/04/08,Mon,115.830,115.040,115.930,114.630
2002/04/07,Sun,,,,
2002/04/06,Sat,,,,
2002/04/05,Fri,116.180,115.650,116.370,115.590
2002/04/04,Thu,116.900,116.070,117.250,115.990
2002/04/03,Wed,117.260,116.880,117.310,116.470
2002/04/02,Tue,117.530,117.210,117.610,116.840
2002/04/01,Mon,115.700,117.420,117.710,115.660
2002/03/31,Sun,,,,
2002/03/30,Sat,,,,
2002/03/29,Fri,115.500,115.680,116.080,115.370
2002/03/28,Thu,115.820,115.390,116.020,115.330
2002/03/27,Wed,116.690,115.770,116.870,115.600
2002/03/26,Tue,117.060,116.630,117.100,116.050
2002/03/25,Mon,116.520,117.020,117.100,116.220
2002/03/24,Sun,,,,
2002/03/23,Sat,,,,
2002/03/22,Fri,116.440,116.420,116.990,116.200
2002/03/21,Thu,116.350,116.440,116.740,116.070
2002/03/20,Wed,116.500,116.280,116.730,115.650
2002/03/19,Tue,115.890,116.430,116.710,115.480
2002/03/18,Mon,113.850,115.870,116.000,113.770
2002/03/17,Sun,,,,
2002/03/16,Sat,,,,
2002/03/15,Fri,114.020,113.950,114.510,113.790
2002/03/14,Thu,113.430,114.010,114.110,112.830
2002/03/13,Wed,112.910,113.420,113.680,112.770
2002/03/12,Tue,112.380,112.870,113.000,112.110
2002/03/11,Mon,112.320,112.290,113.040,111.970
2002/03/10,Sun,,,,
2002/03/09,Sat,,,,
2002/03/08,Fri,112.220,112.280,112.790,111.960
2002/03/07,Thu,114.560,112.120,114.850,111.320
2002/03/06,Wed,115.240,114.490,115.380,114.450
2002/03/05,Tue,115.000,115.280,115.370,114.230
2002/03/04,Mon,115.420,114.890,115.630,114.080
2002/03/03,Sun,,,,
2002/03/02,Sat,,,,
2002/03/01,Fri,116.090,115.240,116.220,115.040
2002/02/28,Thu,116.320,116.070,116.410,115.500
2002/02/27,Wed,116.250,116.200,116.830,115.930
2002/02/26,Tue,116.320,116.210,116.880,116.000
2002/02/25,Mon,117.400,116.250,117.460,116.240
2002/02/24,Sun,,,,
2002/02/23,Sat,,,,
2002/02/22,Fri,116.710,117.300,117.600,116.440
2002/02/21,Thu,116.310,116.680,117.170,116.010
2002/02/20,Wed,117.130,116.220,117.220,116.270
2002/02/19,Tue,115.560,117.080,117.210,115.390
2002/02/18,Mon,116.050,115.490,116.070,115.320
2002/02/17,Sun,,,,
2002/02/16,Sat,,,,
2002/02/15,Fri,115.470,115.730,116.300,115.230
2002/02/14,Thu,116.190,115.370,116.280,114.790
2002/02/13,Wed,116.330,116.130,116.770,115.480
2002/02/12,Tue,116.920,116.240,117.640,116.140
2002/02/11,Mon,117.430,116.810,117.960,116.850
2002/02/10,Sun,,,,
2002/02/09,Sat,,,,
2002/02/08,Fri,116.400,117.530,117.870,116.260
2002/02/07,Thu,115.990,116.360,116.460,115.670
2002/02/06,Wed,116.110,115.910,116.490,115.250
2002/02/05,Tue,115.270,116.150,116.570,114.740
2002/02/04,Mon,114.660,115.170,115.330,114.500
2002/02/03,Sun,,,,
2002/02/02,Sat,,,,
2002/02/01,Fri,115.620,114.730,115.950,114.640
2002/01/31,Thu,114.480,115.400,115.980,114.330
2002/01/30,Wed,115.400,114.440,115.680,114.300
2002/01/29,Tue,115.120,115.310,115.680,114.370
2002/01/28,Mon,116.600,115.160,116.690,114.720
2002/01/27,Sun,,,,
2002/01/26,Sat,,,,
2002/01/25,Fri,118.260,116.310,118.470,115.870
2002/01/24,Thu,118.140,118.180,118.380,117.580
2002/01/23,Wed,118.670,117.960,119.220,117.740
2002/01/22,Tue,117.180,118.580,118.790,117.150
2002/01/21,Mon,117.190,117.120,117.500,116.900
2002/01/20,Sun,,,,
2002/01/19,Sat,,,,
2002/01/18,Fri,117.060,117.140,117.450,116.860
2002/01/17,Thu,116.470,116.700,117.080,115.960
2002/01/16,Wed,115.860,116.380,116.620,115.620
2002/01/15,Tue,118.090,115.940,118.160,115.960
2002/01/14,Mon,118.160,118.030,118.210,117.380
2002/01/13,Sun,,,,
2002/01/12,Sat,,,,
2002/01/11,Fri,118.100,117.850,118.290,117.290
2002/01/10,Thu,118.490,118.170,118.820,117.680
2002/01/09,Wed,118.570,118.370,119.170,117.560
2002/01/08,Tue,117.090,118.470,118.600,117.030
2002/01/07,Mon,117.220,116.980,117.620,116.530
2002/01/06,Sun,,,,
2002/01/05,Sat,,,,
2002/01/04,Fri,118.420,117.130,118.600,117.000
2002/01/03,Thu,119.390,118.370,119.580,118.220
2002/01/02,Wed,117.030,119.320,119.750,117.000
2002/01/01,Tue,,,,
2001/12/31,Mon,115.970,117.270,117.520,115.900
2001/12/30,Sun,,,,
2001/12/29,Sat,,,,
2001/12/28,Fri,116.310,115.800,116.560,115.080
2001/12/27,Thu,115.130,116.160,116.540,115.100
2001/12/26,Wed,114.780,115.100,115.350,114.510
2001/12/25,Tue,113.990,114.650,115.450,113.880
2001/12/24,Mon,115.100,113.860,115.340,113.500
2001/12/23,Sun,,,,
2001/12/22,Sat,,,,
2001/12/21,Fri,115.780,114.970,116.740,114.540
2001/12/20,Thu,115.340,115.720,115.810,114.800
2001/12/19,Wed,115.430,115.220,115.890,114.420
2001/12/18,Tue,115.050,115.310,115.990,114.910
2001/12/17,Mon,115.100,114.980,115.970,114.880
2001/12/16,Sun,,,,
2001/12/15,Sat,,,,
2001/12/14,Fri,112.540,114.910,115.550,112.430
2001/12/13,Thu,113.100,112.470,113.680,112.450
2001/12/12,Wed,112.560,113.030,113.640,112.220
2001/12/11,Tue,112.260,112.500,112.630,112.060
2001/12/10,Mon,111.790,112.240,112.350,111.560
2001/12/09,Sun,,,,
2001/12/08,Sat,,,,
2001/12/07,Fri,111.630,111.590,112.090,111.240
2001/12/06,Thu,110.320,111.540,111.710,109.910
2001/12/05,Wed,110.550,110.200,111.030,110.030
2001/12/04,Tue,110.660,110.560,110.780,110.100
2001/12/03,Mon,110.490,110.600,110.830,110.070
2001/12/02,Sun,,,,
2001/12/01,Sat,,,,
2001/11/30,Fri,109.950,110.560,110.720,109.670
2001/11/29,Thu,109.330,109.890,110.040,109.120
2001/11/28,Wed,109.490,109.220,109.570,108.810
2001/11/27,Tue,109.220,109.420,109.870,108.700
2001/11/26,Mon,109.060,109.200,109.520,108.960
2001/11/25,Sun,,,,
2001/11/24,Sat,,,,
2001/11/23,Fri,108.840,109.090,109.350,108.670
2001/11/22,Thu,108.220,108.740,109.010,107.890
2001/11/21,Wed,108.280,108.170,108.750,107.750
2001/11/20,Tue,108.350,108.170,108.740,108.070
2001/11/19,Mon,108.600,108.280,108.840,108.120
2001/11/18,Sun,,,,
2001/11/17,Sat,,,,
2001/11/16,Fri,107.930,108.620,108.820,107.730
2001/11/15,Thu,107.340,107.840,108.220,107.240
2001/11/14,Wed,107.120,107.330,107.550,106.900
2001/11/13,Tue,107.750,107.140,107.920,106.830
2001/11/12,Mon,107.750,107.650,108.180,107.460
2001/11/11,Sun,,,,
2001/11/10,Sat,,,,
2001/11/09,Fri,107.240,107.580,107.690,106.920
2001/11/08,Thu,108.620,107.210,108.910,106.800
2001/11/07,Wed,108.480,108.590,109.510,108.110
2001/11/06,Tue,109.300,108.400,109.380,108.350
2001/11/05,Mon,109.760,109.330,109.790,108.990
2001/11/04,Sun,,,,
2001/11/03,Sat,,,,
2001/11/02,Fri,110.090,109.750,110.340,109.550
2001/11/01,Thu,110.240,110.110,110.860,109.990
2001/10/31,Wed,110.330,110.080,110.810,110.030
2001/10/30,Tue,110.340,110.290,110.730,110.160
2001/10/29,Mon,109.530,110.280,110.450,109.220
2001/10/28,Sun,,,,
2001/10/27,Sat,,,,
2001/10/26,Fri,109.700,109.540,110.000,109.160
2001/10/25,Thu,109.840,109.640,110.160,109.340
2001/10/24,Wed,109.200,109.710,109.790,108.980
2001/10/23,Tue,109.180,109.090,109.590,108.790
2001/10/22,Mon,108.850,109.210,109.500,108.620
2001/10/21,Sun,,,,
2001/10/20,Sat,,,,
2001/10/19,Fri,109.380,108.950,109.570,108.520
2001/10/18,Thu,109.500,109.270,109.790,108.940
2001/10/17,Wed,110.190,109.530,110.530,109.340
2001/10/16,Tue,109.810,110.100,110.520,109.260
2001/10/15,Mon,110.290,109.840,110.670,109.510
2001/10/14,Sun,,,,
2001/10/13,Sat,,,,
2001/10/12,Fri,109.640,110.370,110.470,109.320
2001/10/11,Thu,109.640,109.490,109.970,109.240
2001/10/10,Wed,109.680,109.600,110.240,109.300
2001/10/09,Tue,110.350,109.620,110.800,109.610
2001/10/08,Mon,110.670,110.360,110.730,109.960
2001/10/07,Sun,,,,
2001/10/06,Sat,,,,
2001/10/05,Fri,110.650,110.660,110.960,110.030
2001/10/04,Thu,110.260,110.540,110.700,109.810
2001/10/03,Wed,110.960,110.280,111.780,110.170
2001/10/02,Tue,110.280,110.960,111.150,109.930
2001/10/01,Mon,108.690,110.220,110.490,108.550
2001/09/30,Sun,,,,
2001/09/29,Sat,,,,
2001/09/28,Fri,109.910,108.940,109.970,108.180
2001/09/27,Thu,108.670,109.910,110.250,108.520
2001/09/26,Wed,108.550,108.640,108.940,108.120
2001/09/25,Tue,107.780,108.430,108.750,107.230
2001/09/24,Mon,106.630,107.710,107.920,106.250
2001/09/23,Sun,,,,
2001/09/22,Sat,,,,
2001/09/21,Fri,107.920,106.630,108.250,106.100
2001/09/20,Thu,109.020,107.810,109.160,107.010
2001/09/19,Wed,108.780,108.970,109.440,108.510
2001/09/18,Tue,108.900,108.720,109.020,108.100
2001/09/17,Mon,108.460,108.930,109.810,107.850
2001/09/16,Sun,,,,
2001/09/15,Sat,,,,
2001/09/14,Fri,108.320,108.030,109.010,107.690
2001/09/13,Thu,108.400,108.240,108.620,107.690
2001/09/12,Wed,109.060,108.330,109.190,107.870
2001/09/11,Tue,108.670,108.950,109.850,107.470
2001/09/10,Mon,108.910,108.650,109.110,108.470
2001/09/09,Sun,,,,
2001/09/08,Sat,,,,
2001/09/07,Fri,108.340,108.860,109.050,107.050
2001/09/06,Thu,106.930,108.270,108.520,106.910
2001/09/05,Wed,105.990,106.830,107.540,105.800
2001/09/04,Tue,107.740,105.930,107.930,105.530
2001/09/03,Mon,108.300,107.670,108.440,107.500
2001/09/02,Sun,,,,
2001/09/01,Sat,,,,
2001/08/31,Fri,109.420,108.320,109.560,107.670
2001/08/30,Thu,109.230,109.380,109.660,108.490
2001/08/29,Wed,109.540,109.210,109.690,108.320
2001/08/28,Tue,109.290,109.520,109.860,108.610
2001/08/27,Mon,109.830,109.230,109.940,109.070
2001/08/26,Sun,,,,
2001/08/25,Sat,,,,
2001/08/24,Fri,109.670,109.790,109.890,109.200
2001/08/23,Thu,109.820,109.640,110.100,109.440
2001/08/22,Wed,109.990,110.080,110.600,109.470
2001/08/21,Tue,110.410,109.680,110.440,109.060
2001/08/20,Mon,110.410,110.410,110.720,109.750
2001/08/19,Sun,,,,
2001/08/18,Sat,,,,
2001/08/17,Fri,109.760,110.340,110.560,109.450
2001/08/16,Thu,109.300,109.760,110.040,109.060
2001/08/15,Wed,109.960,109.230,110.070,108.560
2001/08/14,Tue,109.840,109.950,110.550,108.960
2001/08/13,Mon,109.040,109.740,110.130,108.950
2001/08/12,Sun,,,,
2001/08/11,Sat,,,,
2001/08/10,Fri,108.670,108.950,109.630,108.620
2001/08/09,Thu,108.860,108.560,109.490,108.420
2001/08/08,Wed,108.460,108.780,108.900,107.600
2001/08/07,Tue,109.250,108.460,109.280,108.210
2001/08/06,Mon,109.280,109.200,109.460,108.720
2001/08/05,Sun,,,,
2001/08/04,Sat,,,,
2001/08/03,Fri,109.300,109.330,109.570,108.770
2001/08/02,Thu,109.820,109.230,110.190,108.760
2001/08/01,Wed,109.540,109.760,110.060,109.370
2001/07/31,Tue,109.410,109.540,109.600,108.980
2001/07/30,Mon,108.100,109.410,109.820,107.960
2001/07/29,Sun,,,,
2001/07/28,Sat,,,,
2001/07/27,Fri,108.620,108.320,108.960,107.750
2001/07/26,Thu,108.850,108.620,108.940,108.230
2001/07/25,Wed,108.480,108.800,109.070,108.310
2001/07/24,Tue,108.150,108.320,108.740,107.880
2001/07/23,Mon,107.180,108.100,108.250,107.100
2001/07/22,Sun,,,,
2001/07/21,Sat,,,,
2001/07/20,Fri,107.480,107.070,108.490,106.830
2001/07/19,Thu,108.310,107.340,108.600,107.190
2001/07/18,Wed,107.320,108.210,108.660,107.260
2001/07/17,Tue,107.030,107.320,107.540,106.290
2001/07/16,Mon,106.570,107.030,107.630,106.510
2001/07/15,Sun,,,,
2001/07/14,Sat,,,,
2001/07/13,Fri,105.710,106.780,106.830,105.570
2001/07/12,Thu,106.860,105.580,106.880,105.180
2001/07/11,Wed,107.180,106.860,108.050,106.600
2001/07/10,Tue,106.550,107.080,107.590,106.380
2001/07/09,Mon,106.460,106.540,106.820,105.950
2001/07/08,Sun,,,,
2001/07/07,Sat,,,,
2001/07/06,Fri,105.210,106.640,106.850,104.840
2001/07/05,Thu,105.460,105.230,106.060,105.060
2001/07/04,Wed,105.490,105.330,105.930,104.940
2001/07/03,Tue,105.210,105.490,105.820,104.660
2001/07/02,Mon,106.050,105.200,106.210,104.970
2001/07/01,Sun,,,,
2001/06/30,Sat,,,,
2001/06/29,Fri,105.220,105.940,106.060,104.640
2001/06/28,Thu,106.830,105.140,107.500,105.160
2001/06/27,Wed,106.900,106.800,107.730,106.500
2001/06/26,Tue,106.410,106.890,107.000,106.260
2001/06/25,Mon,106.480,106.290,107.010,106.290
2001/06/24,Sun,,,,
2001/06/23,Sat,,,,
2001/06/22,Fri,106.480,106.670,106.840,105.570
2001/06/21,Thu,105.890,106.370,106.650,105.650
2001/06/20,Wed,104.900,105.750,105.950,104.640
2001/06/19,Tue,106.140,104.860,106.410,104.820
2001/06/18,Mon,106.210,106.060,106.620,105.630
2001/06/17,Sun,,,,
2001/06/16,Sat,,,,
2001/06/15,Fri,104.660,105.820,106.320,104.510
2001/06/14,Thu,104.440,104.550,104.870,103.390
2001/06/13,Wed,103.810,104.290,104.690,103.590
2001/06/12,Tue,102.840,103.760,103.870,102.430
2001/06/11,Mon,102.770,102.740,103.860,102.540
2001/06/10,Sun,,,,
2001/06/09,Sat,,,,
2001/06/08,Fri,102.290,102.870,103.050,101.630
2001/06/07,Thu,101.850,102.150,102.250,101.420
2001/06/06,Wed,102.730,101.870,103.380,101.630
2001/06/05,Tue,100.950,102.680,102.850,100.310
2001/06/04,Mon,100.920,100.920,102.340,100.720
2001/06/03,Sun,,,,
2001/06/02,Sat,,,,
2001/06/01,Fri,100.830,101.060,101.160,99.880
2001/05/31,Thu,103.040,100.730,103.220,100.140
2001/05/30,Wed,102.820,103.030,103.540,102.400
2001/05/29,Tue,104.160,102.720,104.540,102.440
2001/05/28,Mon,103.660,104.090,104.250,103.460
2001/05/27,Sun,,,,
2001/05/26,Sat,,,,
2001/05/25,Fri,102.700,103.810,103.920,102.670
2001/05/24,Thu,102.850,102.700,103.430,101.110
2001/05/23,Wed,106.280,102.870,106.380,102.150
2001/05/22,Tue,107.620,106.220,107.890,105.910
2001/05/21,Mon,108.800,107.490,108.920,107.440
2001/05/20,Sun,,,,
2001/05/19,Sat,,,,
2001/05/18,Fri,108.160,108.810,108.860,107.980
2001/05/17,Thu,109.080,108.090,109.330,108.050
2001/05/16,Wed,108.400,109.000,109.740,108.120
2001/05/15,Tue,107.790,108.290,108.600,107.590
2001/05/14,Mon,107.270,107.760,107.870,107.070
2001/05/13,Sun,,,,
2001/05/12,Sat,,,,
2001/05/11,Fri,108.080,107.180,108.290,106.760
2001/05/10,Thu,108.320,108.060,108.950,107.730
2001/05/09,Wed,107.350,108.160,108.280,107.120
2001/05/08,Tue,107.870,107.270,108.450,107.080
2001/05/07,Mon,108.400,107.800,108.760,107.720
2001/05/06,Sun,,,,
2001/05/05,Sat,,,,
2001/05/04,Fri,107.980,108.260,109.020,107.680
2001/05/03,Thu,108.620,107.930,109.160,107.580
2001/05/02,Wed,109.060,108.410,109.390,108.150
2001/05/01,Tue,109.770,108.910,110.030,108.630
2001/04/30,Mon,110.610,109.680,110.730,109.270
2001/04/29,Sun,,,,
2001/04/28,Sat,,,,
2001/04/27,Fri,111.270,110.600,112.170,110.200
2001/04/26,Thu,109.620,111.300,111.410,109.320
2001/04/25,Wed,109.350,109.570,110.010,108.900
2001/04/24,Tue,108.800,109.290,110.120,108.650
2001/04/23,Mon,109.980,108.570,111.140,108.700
2001/04/22,Sun,,,,
2001/04/21,Sat,,,,
2001/04/20,Fri,108.630,110.500,110.920,108.570
2001/04/19,Thu,107.960,108.540,109.000,107.360
2001/04/18,Wed,108.940,107.670,109.110,106.970
2001/04/17,Tue,110.500,108.900,110.850,108.420
2001/04/16,Mon,110.370,110.540,111.070,110.060
2001/04/15,Sun,,,,
2001/04/14,Sat,,,,
2001/04/13,Fri,110.350,110.260,111.000,110.190
2001/04/12,Thu,110.840,110.160,111.400,108.750
2001/04/11,Wed,110.600,110.810,111.010,109.600
2001/04/10,Tue,112.200,110.500,112.480,110.290
2001/04/09,Mon,112.050,112.170,113.360,112.040
2001/04/08,Sun,,,,
2001/04/07,Sat,,,,
2001/04/06,Fri,111.230,111.860,113.040,111.090
2001/04/05,Thu,113.000,111.220,113.620,111.020
2001/04/04,Wed,112.720,112.880,113.750,112.500
2001/04/03,Tue,111.550,112.690,112.950,110.930
2001/04/02,Mon,110.520,111.490,111.800,110.160
2001/04/01,Sun,,,,
2001/03/31,Sat,,,,
2001/03/30,Fri,109.230,110.770,111.210,108.820
2001/03/29,Thu,108.320,109.120,109.650,108.260
2001/03/28,Wed,109.220,108.220,109.350,107.450
2001/03/27,Tue,109.920,109.100,110.650,108.680
2001/03/26,Mon,109.440,109.880,110.460,109.320
2001/03/25,Sun,,,,
2001/03/24,Sat,,,,
2001/03/23,Fri,109.740,109.140,110.330,108.980
2001/03/22,Thu,110.440,109.650,111.010,109.540
2001/03/21,Wed,111.130,110.410,112.430,110.710
2001/03/20,Tue,110.580,111.120,111.210,110.320
2001/03/19,Mon,110.440,110.540,110.780,109.520
2001/03/18,Sun,,,,
2001/03/17,Sat,,,,
2001/03/16,Fri,109.960,110.270,110.440,109.420
2001/03/15,Thu,110.370,109.890,110.780,109.080
2001/03/14,Wed,109.550,110.260,110.830,108.400
2001/03/13,Tue,111.870,109.450,112.130,109.410
2001/03/12,Mon,111.350,111.740,112.620,111.220
2001/03/11,Sun,,,,
2001/03/10,Sat,,,,
2001/03/09,Fri,111.740,111.490,112.010,111.020
2001/03/08,Thu,111.560,111.550,111.850,110.850
2001/03/07,Wed,111.080,111.530,112.320,110.690
2001/03/06,Tue,110.720,111.030,111.180,109.520
2001/03/05,Mon,111.580,110.680,112.000,110.230
2001/03/04,Sun,,,,
2001/03/03,Sat,,,,
2001/03/02,Fri,109.180,111.240,111.750,109.070
2001/03/01,Thu,108.390,109.120,109.490,108.070
2001/02/28,Wed,106.610,108.270,108.600,106.410
2001/02/27,Tue,106.130,106.540,106.890,105.740
2001/02/26,Mon,106.370,106.170,106.740,105.520
2001/02/25,Sun,,,,
2001/02/24,Sat,,,,
2001/02/23,Fri,105.840,106.230,106.790,105.250
2001/02/22,Thu,105.980,105.920,106.210,104.790
2001/02/21,Wed,105.580,105.940,107.120,104.730
2001/02/20,Tue,106.940,105.480,107.320,104.450
2001/02/19,Mon,105.880,106.930,107.030,105.650
2001/02/18,Sun,,,,
2001/02/17,Sat,,,,
2001/02/16,Fri,104.440,105.620,106.000,104.130
2001/02/15,Thu,106.880,104.370,107.060,104.330
2001/02/14,Wed,107.480,106.910,107.750,106.540
2001/02/13,Tue,109.420,107.370,109.750,107.040
2001/02/12,Mon,108.780,109.360,109.690,108.640
2001/02/11,Sun,,,,
2001/02/10,Sat,,,,
2001/02/09,Fri,107.180,108.630,109.120,106.710
2001/02/08,Thu,108.030,107.080,108.370,106.130
2001/02/07,Wed,106.800,107.940,108.660,106.560
2001/02/06,Tue,107.640,106.770,108.100,106.640
2001/02/05,Mon,108.110,107.680,109.210,107.600
2001/02/04,Sun,,,,
2001/02/03,Sat,,,,
2001/02/02,Fri,108.570,108.190,108.700,107.620
2001/02/01,Thu,109.110,108.510,109.920,108.180
2001/01/31,Wed,107.340,108.890,109.060,107.160
2001/01/30,Tue,107.060,107.350,108.070,106.480
2001/01/29,Mon,108.490,106.970,108.780,106.960
2001/01/28,Sun,,,,
2001/01/27,Sat,,,,
2001/01/26,Fri,108.030,108.320,108.640,107.360
2001/01/25,Thu,108.640,107.930,108.980,106.700
2001/01/24,Wed,109.640,108.520,110.000,108.570
2001/01/23,Tue,109.230,109.710,110.900,109.120
2001/01/22,Mon,109.350,109.200,109.660,108.000
2001/01/21,Sun,,,,
2001/01/20,Sat,,,,
2001/01/19,Fri,111.470,109.340,112.100,109.330
2001/01/18,Thu,111.200,111.290,112.310,110.660
2001/01/17,Wed,110.820,111.190,111.250,109.040
2001/01/16,Tue,112.070,110.740,112.440,109.810
2001/01/15,Mon,112.510,112.030,113.150,111.700
2001/01/14,Sun,,,,
2001/01/13,Sat,,,,
2001/01/12,Fri,112.100,112.730,113.200,111.360
2001/01/11,Thu,109.150,112.140,112.440,108.950
2001/01/10,Wed,110.330,109.020,110.560,109.010
2001/01/09,Tue,109.890,110.360,110.410,108.690
2001/01/08,Mon,111.660,109.870,111.830,109.840
2001/01/07,Sun,,,,
2001/01/06,Sat,,,,
2001/01/05,Fri,109.920,111.600,111.790,109.640
2001/01/04,Thu,105.460,109.820,109.960,105.240
2001/01/03,Wed,108.750,105.420,109.530,105.430
2001/01/02,Tue,107.810,108.680,108.890,107.290
