日付,曜日,始値,終値,高値,安値
2026/07/24,Fri,57.920,58.906,59.290,57.360
2026/07/23,Thu,60.010,58.054,60.360,57.320
2026/07/22,Wed,59.090,60.298,61.270,59.025
2026/07/21,Tue,56.705,59.108,59.550,56.380
2026/07/20,Mon,55.960,57.072,57.755,55.760
2026/07/19,Sun,,,,
2026/07/18,Sat,,,,
2026/07/17,Fri,55.835,56.326,56.475,55.000
2026/07/16,Thu,58.120,56.187,58.230,55.595
2026/07/15,Wed,59.045,57.433,59.405,56.920
2026/07/14,Tue,57.950,59.104,60.040,57.165
2026/07/13,Mon,59.710,57.972,59.795,57.595
2026/07/12,Sun,,,,
2026/07/11,Sat,,,,
2026/07/10,Fri,60.415,60.165,61.195,59.245
2026/07/09,Thu,58.885,60.748,61.030,57.955
2026/07/08,Wed,60.310,58.540,61.455,57.605
2026/07/07,Tue,62.520,61.330,62.590,59.850
2026/07/06,Mon,61.500,62.330,63.730,61.385
2026/07/05,Sun,,,,
2026/07/04,Sat,,,,
2026/07/03,Fri,61.555,62.815,63.353,61.493
2026/07/02,Thu,59.750,61.064,62.580,59.415
2026/07/01,Wed,59.250,60.511,61.545,57.555
2026/06/30,Tue,58.770,59.922,60.910,57.065
2026/06/29,Mon,59.300,58.632,59.925,57.840
2026/06/28,Sun,,,,
2026/06/27,Sat,,,,
2026/06/26,Fri,57.855,59.464,59.765,55.965
2026/06/25,Thu,57.820,58.590,59.225,56.770
2026/06/24,Wed,61.995,58.308,62.220,56.000
2026/06/23,Tue,65.455,62.300,65.455,61.610
2026/06/22,Mon,65.785,65.583,67.230,63.355
2026/06/21,Sun,,,,
2026/06/20,Sat,,,,
2026/06/19,Fri,65.370,64.910,65.590,63.355
2026/06/18,Thu,68.040,66.319,69.920,65.185
2026/06/17,Wed,70.135,70.767,71.650,66.850
2026/06/16,Tue,69.950,70.013,71.310,69.100
2026/06/15,Mon,68.900,70.180,71.400,68.725
2026/06/14,Sun,,,,
2026/06/13,Sat,,,,
2026/06/12,Fri,67.495,67.974,68.445,65.965
2026/06/11,Thu,63.525,64.001,67.695,61.595
2026/06/10,Wed,65.200,64.740,65.890,63.425
2026/06/09,Tue,68.320,65.240,69.180,64.460
2026/06/08,Mon,67.845,68.585,69.095,66.305
2026/06/07,Sun,,,,
2026/06/06,Sat,,,,
2026/06/05,Fri,74.185,69.103,74.380,67.700
2026/06/04,Thu,73.080,73.971,75.335,72.570
2026/06/03,Wed,75.495,73.694,75.625,72.835
2026/06/02,Tue,75.155,75.556,77.355,74.770
2026/06/01,Mon,75.565,75.254,76.565,73.505
2026/05/31,Sun,,,,
2026/05/30,Sat,,,,
2026/05/29,Fri,76.025,75.875,76.960,74.815
2026/05/28,Thu,74.930,75.912,76.300,72.000
2026/05/27,Wed,77.330,74.895,77.900,73.720
2026/05/26,Tue,76.750,76.606,79.250,75.760
2026/05/25,Mon,,,,
2026/05/24,Sun,,,,
2026/05/23,Sat,,,,
2026/05/22,Fri,77.015,76.199,77.415,75.265
2026/05/21,Thu,76.190,76.732,77.480,74.695
2026/05/20,Wed,74.080,76.181,76.995,73.390
2026/05/19,Tue,78.050,75.159,79.400,73.345
2026/05/18,Mon,76.205,77.444,78.620,74.110
2026/05/17,Sun,,,,
2026/05/16,Sat,,,,
2026/05/15,Fri,84.000,77.547,84.380,76.090
2026/05/14,Thu,88.125,85.328,89.165,83.625
2026/05/13,Wed,87.320,89.368,90.105,86.330
2026/05/12,Tue,86.740,85.591,88.000,83.670
2026/05/11,Mon,80.150,85.948,86.975,79.530
2026/05/10,Sun,,,,
2026/05/09,Sat,,,,
2026/05/08,Fri,78.800,80.865,82.160,78.580
2026/05/07,Thu,77.830,80.180,82.675,77.455
2026/05/06,Wed,73.300,77.303,78.335,73.050
2026/05/05,Tue,73.170,73.581,74.645,72.805
2026/05/04,Mon,76.455,73.522,76.530,72.600
2026/05/03,Sun,,,,
2026/05/02,Sat,,,,
2026/05/01,Fri,74.315,76.431,77.525,73.435
2026/04/30,Thu,71.760,74.028,74.400,71.650
2026/04/29,Wed,73.505,72.088,74.425,71.310
2026/04/28,Tue,76.000,73.484,76.260,72.225
2026/04/27,Mon,75.970,75.291,76.760,74.945
2026/04/26,Sun,,,,
2026/04/25,Sat,,,,
2026/04/24,Fri,76.210,76.940,77.180,74.400
2026/04/23,Thu,78.285,76.060,78.925,74.775
2026/04/22,Wed,76.840,77.961,78.630,76.615
2026/04/21,Tue,79.845,76.488,80.380,75.380
2026/04/20,Mon,80.240,80.038,80.755,78.715
2026/04/19,Sun,,,,
2026/04/18,Sat,,,,
2026/04/17,Fri,78.665,81.842,83.245,77.770
2026/04/16,Thu,79.195,78.710,81.035,78.160
2026/04/15,Wed,79.705,79.628,81.155,78.305
2026/04/14,Tue,75.655,79.533,79.800,75.605
2026/04/13,Mon,74.850,75.665,76.000,72.545
2026/04/12,Sun,,,,
2026/04/11,Sat,,,,
2026/04/10,Fri,75.500,76.480,77.005,74.880
2026/04/09,Thu,74.300,76.438,76.840,72.925
2026/04/08,Wed,73.450,75.385,77.800,73.345
2026/04/07,Tue,72.860,71.987,73.610,69.780
2026/04/06,Mon,72.720,72.847,73.735,71.335
2026/04/05,Sun,,,,
2026/04/04,Sat,,,,
2026/04/03,Fri,75.150,72.924,75.985,69.610
2026/04/02,Thu,75.150,72.924,75.985,69.610
2026/04/01,Wed,75.480,76.078,76.265,74.000
2026/03/31,Tue,70.245,74.919,75.625,69.100
2026/03/30,Mon,69.350,70.569,72.025,67.700
2026/03/29,Sun,,,,
2026/03/28,Sat,,,,
2026/03/27,Fri,68.415,69.561,71.035,67.340
2026/03/26,Thu,70.570,67.697,71.910,66.750
2026/03/25,Wed,71.470,72.395,74.470,71.065
2026/03/24,Tue,69.655,69.319,71.200,65.910
2026/03/23,Mon,66.655,69.109,70.725,61.200
2026/03/22,Sun,,,,
2026/03/21,Sat,,,,
2026/03/20,Fri,72.830,69.664,74.620,67.740
2026/03/19,Thu,75.365,71.215,76.755,65.550
2026/03/18,Wed,79.390,77.592,80.320,75.015
2026/03/17,Tue,80.920,79.921,82.760,78.375
2026/03/16,Mon,80.295,80.682,81.820,77.125
2026/03/15,Sun,,,,
2026/03/14,Sat,,,,
2026/03/13,Fri,83.910,81.343,85.620,79.520
2026/03/12,Thu,86.065,85.112,87.695,83.120
2026/03/11,Wed,88.505,85.535,89.705,84.555
2026/03/10,Tue,87.275,89.592,90.385,86.805
2026/03/09,Mon,84.620,84.523,87.405,79.640
2026/03/08,Sun,,,,
2026/03/07,Sat,,,,
2026/03/06,Fri,82.555,84.311,85.335,81.785
2026/03/05,Thu,83.895,82.181,85.750,80.565
2026/03/04,Wed,82.400,83.184,87.070,81.740
2026/03/03,Tue,89.690,83.473,91.605,78.060
2026/03/02,Mon,96.000,88.853,97.300,86.725
2026/03/01,Sun,,,,
2026/02/28,Sat,,,,
2026/02/27,Fri,89.075,93.291,94.760,88.305
2026/02/26,Thu,89.560,87.584,90.990,85.545
2026/02/25,Wed,87.300,91.307,91.640,86.860
2026/02/24,Tue,88.610,87.807,89.030,85.540
2026/02/23,Mon,84.900,86.889,89.050,84.900
2026/02/22,Sun,,,,
2026/02/21,Sat,,,,
2026/02/20,Fri,78.475,82.343,84.645,77.285
2026/02/19,Thu,77.145,77.634,79.405,76.300
2026/02/18,Wed,73.580,77.598,78.320,72.250
2026/02/17,Tue,77.550,73.540,78.420,71.815
2026/02/16,Mon,76.265,76.270,77.438,74.685
2026/02/15,Sun,,,,
2026/02/14,Sat,,,,
2026/02/13,Fri,75.175,77.964,79.265,73.745
2026/02/12,Thu,84.125,75.682,84.875,74.370
2026/02/11,Wed,80.500,83.920,86.120,80.415
2026/02/10,Tue,83.215,80.384,83.745,79.615
2026/02/09,Mon,78.100,82.234,83.760,78.100
2026/02/08,Sun,,,,
2026/02/07,Sat,,,,
2026/02/06,Fri,70.360,76.895,77.920,63.900
2026/02/05,Thu,87.645,76.714,89.830,70.175
2026/02/04,Wed,84.915,84.396,92.015,83.000
2026/02/03,Tue,79.220,83.301,89.100,79.010
2026/02/02,Mon,84.300,77.009,88.000,71.200
2026/02/01,Sun,,,,
2026/01/31,Sat,,,,
2026/01/30,Fri,115.885,78.531,118.450,74.000
2026/01/29,Thu,116.625,114.429,121.785,106.610
2026/01/28,Wed,112.095,113.162,117.030,110.495
2026/01/27,Tue,104.760,105.592,112.750,102.595
2026/01/26,Mon,104.970,115.148,117.265,101.510
2026/01/25,Sun,,,,
2026/01/24,Sat,,,,
2026/01/23,Fri,96.320,101.333,103.530,96.220
2026/01/22,Thu,92.790,96.372,96.735,90.680
2026/01/21,Wed,94.550,92.637,95.530,90.150
2026/01/20,Tue,90.605,94.636,95.780,90.500
2026/01/19,Mon,93.635,93.820,94.740,92.283
2026/01/18,Sun,,,,
2026/01/17,Sat,,,,
2026/01/16,Fri,92.295,88.537,92.645,86.570
2026/01/15,Thu,93.400,92.347,93.700,86.125
2026/01/14,Wed,86.900,91.385,93.560,86.750
2026/01/13,Tue,85.360,86.338,89.215,83.355
2026/01/12,Mon,80.505,85.091,86.340,79.900
2026/01/11,Sun,,,,
2026/01/10,Sat,,,,
2026/01/09,Fri,76.675,79.341,80.465,75.150
2026/01/08,Thu,77.960,75.144,78.900,73.530
2026/01/07,Wed,81.285,77.613,82.585,76.080
2026/01/06,Tue,81.285,79.250,82.585,78.100
2026/01/05,Mon,76.530,81.039,81.485,75.700
2026/01/04,Sun,,,,
2026/01/03,Sat,,,,
2026/01/02,Fri,71.500,71.015,74.210,70.515
2026/01/01,Thu,71.500,71.015,74.210,70.515
2025/12/31,Wed,,,,
2025/12/30,Tue,76.065,70.603,76.275,69.255
2025/12/29,Mon,71.685,77.919,78.065,70.670
2025/12/28,Sun,,,,
2025/12/27,Sat,,,,
2025/12/26,Fri,72.725,,79.700,72.720
2025/12/25,Thu,72.725,77.196,79.700,72.720
2025/12/24,Wed,71.680,,72.750,70.160
2025/12/23,Tue,71.680,71.685,72.750,70.160
2025/12/22,Mon,69.080,71.137,71.795,68.725
2025/12/21,Sun,,,,
2025/12/20,Sat,,,,
2025/12/19,Fri,65.415,,67.680,64.465
2025/12/18,Thu,65.415,67.489,67.680,64.465
2025/12/17,Wed,66.510,65.219,66.825,64.675
2025/12/16,Tue,63.795,66.901,67.180,63.725
2025/12/15,Mon,64.110,63.323,64.205,62.115
2025/12/14,Sun,,,,
2025/12/13,Sat,,,,
2025/12/12,Fri,63.985,,65.085,61.015
2025/12/11,Thu,63.985,62.007,65.085,61.015
2025/12/10,Wed,62.235,64.592,64.720,61.780
2025/12/09,Tue,61.110,61.029,62.390,60.550
2025/12/08,Mon,58.515,60.840,61.295,57.990
2025/12/07,Sun,,,,
2025/12/06,Sat,,,,
2025/12/05,Fri,57.560,,59.900,57.320
2025/12/04,Thu,57.560,59.053,59.900,57.320
2025/12/03,Wed,58.980,57.491,59.235,56.850
2025/12/02,Tue,59.160,58.620,59.655,58.210
2025/12/01,Mon,58.450,58.703,59.320,57.225
2025/11/30,Sun,,,,
2025/11/29,Sat,,,,
2025/11/28,Fri,53.755,57.163,57.245,53.220
2025/11/27,Thu,53.173,53.160,53.695,52.550
2025/11/26,Wed,53.755,57.163,57.245,53.220
2025/11/25,Tue,51.750,53.607,53.790,51.545
2025/11/24,Mon,51.160,50.965,51.510,50.320
2025/11/23,Sun,,,,
2025/11/22,Sat,,,,
2025/11/21,Fri,50.395,49.913,50.555,48.050
2025/11/20,Thu,50.395,49.913,50.555,48.050
2025/11/19,Wed,51.060,50.301,51.570,49.925
2025/11/18,Tue,50.550,50.854,52.245,50.145
2025/11/17,Mon,50.060,50.521,51.035,49.115
2025/11/16,Sun,,,,
2025/11/15,Sat,,,,
2025/11/14,Fri,52.200,50.686,53.375,49.860
2025/11/13,Thu,52.200,50.686,53.375,49.860
2025/11/12,Wed,53.275,53.170,54.415,51.985
2025/11/11,Tue,51.075,53.457,53.625,50.760
2025/11/10,Mon,50.445,50.744,51.130,50.150
2025/11/09,Sun,,,,
2025/11/08,Sat,,,,
2025/11/07,Fri,47.860,48.143,48.730,47.780
2025/11/06,Thu,47.860,48.143,48.730,47.780
2025/11/05,Wed,47.850,47.950,48.615,47.410
2025/11/04,Tue,46.900,48.022,48.115,46.520
2025/11/03,Mon,47.885,47.291,47.965,46.650
2025/11/02,Sun,,,,
2025/11/01,Sat,,,,
2025/10/31,Fri,48.730,48.160,48.995,47.975
2025/10/30,Thu,48.730,48.160,48.995,47.975
2025/10/29,Wed,47.290,48.616,48.835,47.095
2025/10/28,Tue,47.135,47.913,48.510,46.920
2025/10/27,Mon,46.850,47.324,47.375,45.510
2025/10/26,Sun,,,,
2025/10/25,Sat,,,,
2025/10/24,Fri,48.660,48.586,48.765,47.385
2025/10/23,Thu,48.660,48.586,48.765,47.385
2025/10/22,Wed,48.145,48.704,49.225,47.640
2025/10/21,Tue,48.130,47.681,48.650,46.820
2025/10/20,Mon,51.370,47.704,51.615,47.120
2025/10/19,Sun,,,,
2025/10/18,Sat,,,,
2025/10/17,Fri,53.425,50.104,53.765,49.660
2025/10/16,Thu,53.425,50.104,53.765,49.660
2025/10/15,Wed,52.590,53.296,53.615,51.195
2025/10/14,Tue,50.370,51.378,52.635,50.310
2025/10/13,Mon,50.755,50.622,52.495,48.750
2025/10/12,Sun,,,,
2025/10/11,Sat,,,,
2025/10/10,Fri,47.650,47.247,48.620,46.700
2025/10/09,Thu,47.650,47.247,48.620,46.700
2025/10/08,Wed,48.450,47.157,49.965,46.890
2025/10/07,Tue,47.665,48.994,49.195,47.530
2025/10/06,Mon,48.405,47.515,48.550,47.015
2025/10/05,Sun,,,,
2025/10/04,Sat,,,,
2025/10/03,Fri,46.865,47.965,48.325,46.550
2025/10/02,Thu,47.410,46.369,48.325,46.550
2025/10/01,Wed,46.835,47.679,48.010,45.710
2025/09/30,Tue,47.135,46.640,47.975,46.815
2025/09/29,Mon,46.420,47.016,47.390,45.960
2025/09/28,Sun,,,,
2025/09/27,Sat,,,,
2025/09/26,Fri,45.240,46.466,46.700,44.775
2025/09/25,Thu,43.940,44.933,46.945,44.890
2025/09/24,Wed,44.150,44.020,45.500,44.060
2025/09/23,Tue,44.115,44.437,44.625,43.885
2025/09/22,Mon,43.215,44.044,44.770,43.970
2025/09/21,Sun,,,,
2025/09/20,Sat,,,,
2025/09/19,Fri,42.115,42.952,43.405,41.930
2025/09/18,Thu,42.000,42.118,43.405,41.930
2025/09/17,Wed,42.875,42.152,42.250,41.495
2025/09/16,Tue,43.200,42.917,42.940,41.480
2025/09/15,Mon,42.725,42.962,43.435,42.615
2025/09/14,Sun,,,,
2025/09/13,Sat,,,,
2025/09/12,Fri,42.050,42.830,43.040,41.895
2025/09/11,Thu,41.635,42.149,43.040,41.895
2025/09/10,Wed,41.340,41.600,42.330,41.330
2025/09/09,Tue,41.935,41.341,41.785,41.145
2025/09/08,Mon,41.465,41.902,42.070,41.205
2025/09/07,Sun,,,,
2025/09/06,Sat,,,,
2025/09/05,Fri,41.315,41.552,42.100,41.160
2025/09/04,Thu,41.810,41.417,42.100,41.160
2025/09/03,Wed,41.725,42.060,41.830,41.065
2025/09/02,Tue,40.790,41.592,42.290,41.465
2025/09/01,Mon,40.662,41.653,41.760,40.620
2025/08/31,Sun,,,,
2025/08/30,Sat,,,,
2025/08/29,Fri,39.715,40.723,40.860,39.340
2025/08/28,Thu,39.160,39.703,40.860,39.340
2025/08/27,Wed,39.035,39.056,39.860,39.155
2025/08/26,Tue,39.045,38.955,38.755,38.170
2025/08/25,Mon,39.215,39.051,38.860,38.330
2025/08/24,Sun,,,,
2025/08/23,Sat,,,,
2025/08/22,Fri,38.095,39.054,39.090,37.675
2025/08/21,Thu,37.890,38.079,39.090,37.675
2025/08/20,Wed,37.335,37.773,38.190,37.520
2025/08/19,Tue,38.075,37.332,37.915,36.960
2025/08/18,Mon,38.040,38.029,38.200,37.240
2025/08/17,Sun,,,,
2025/08/16,Sat,,,,
2025/08/15,Fri,38.030,37.975,38.120,37.725
2025/08/14,Thu,38.580,38.069,38.120,37.725
2025/08/13,Wed,37.935,38.602,38.780,37.860
2025/08/12,Tue,37.630,38.002,38.710,37.875
2025/08/11,Mon,38.540,37.787,38.090,37.515
2025/08/10,Sun,,,,
2025/08/09,Sat,,,,
2025/08/08,Fri,38.555,38.542,38.875,38.180
2025/08/07,Thu,37.935,38.294,38.875,38.180
2025/08/06,Wed,37.825,37.902,38.760,37.935
2025/08/05,Tue,37.445,37.823,38.020,37.620
2025/08/04,Mon,37.090,37.328,37.940,37.325
2025/08/03,Sun,,,,
2025/08/02,Sat,,,,
2025/08/01,Fri,36.780,36.929,37.240,36.400
2025/07/31,Thu,37.160,36.712,37.240,36.400
2025/07/30,Wed,38.400,37.739,37.285,36.280
2025/07/29,Tue,38.145,38.101,38.420,36.805
2025/07/28,Mon,38.135,38.043,38.490,38.035
2025/07/27,Sun,,,,
2025/07/26,Sat,,,,
2025/07/25,Fri,39.290,38.365,39.520,38.100
2025/07/24,Thu,39.530,39.224,39.520,38.100
2025/07/23,Wed,39.645,39.503,39.660,38.930
2025/07/22,Tue,39.250,39.555,39.910,39.335
2025/07/21,Mon,38.420,39.334,39.720,39.025
2025/07/20,Sun,,,,
2025/07/19,Sat,,,,
2025/07/18,Fri,38.425,38.464,38.825,38.375
2025/07/17,Thu,38.145,38.303,38.825,38.375
2025/07/16,Wed,37.985,38.119,38.460,37.685
2025/07/15,Tue,38.400,38.110,38.380,37.750
2025/07/14,Mon,39.130,38.742,38.740,37.895
2025/07/13,Sun,,,,
2025/07/12,Sat,,,,
2025/07/11,Fri,37.645,38.955,39.225,37.510
2025/07/10,Thu,36.600,37.305,39.225,37.510
2025/07/09,Wed,36.935,36.630,37.690,36.575
2025/07/08,Tue,36.955,36.749,36.950,36.490
2025/07/07,Mon,37.150,36.904,37.095,36.445
2025/07/06,Sun,,,,
2025/07/05,Sat,,,,
2025/07/04,Fri,37.028,37.135,37.162,36.845
2025/07/03,Thu,36.790,37.084,37.435,36.325
2025/07/02,Wed,36.245,36.727,37.315,36.570
2025/07/01,Tue,36.325,36.397,36.815,36.055
2025/06/30,Mon,36.150,36.172,36.875,36.055
2025/06/29,Sun,,,,
2025/06/28,Sat,,,,
2025/06/27,Fri,36.890,36.370,36.975,35.950
2025/06/26,Thu,36.395,36.757,36.975,35.950
2025/06/25,Wed,36.085,36.085,36.770,36.140
2025/06/24,Tue,35.830,35.701,36.275,35.630
2025/06/23,Mon,36.160,36.153,36.165,35.195
2025/06/22,Sun,,,,
2025/06/21,Sat,,,,
2025/06/20,Fri,36.750,36.017,36.820,35.515
2025/06/19,Thu,36.785,36.368,36.820,36.182
2025/06/18,Wed,37.205,36.913,36.820,35.515
2025/06/17,Tue,36.370,37.151,37.405,36.540
2025/06/16,Mon,36.450,36.448,37.330,36.170
2025/06/15,Sun,,,,
2025/06/14,Sat,,,,
2025/06/13,Fri,36.410,36.355,36.770,36.040
2025/06/12,Thu,36.360,36.295,36.770,36.040
2025/06/11,Wed,36.675,36.261,36.585,35.580
2025/06/10,Tue,36.895,36.642,36.790,36.150
2025/06/09,Mon,36.165,36.796,36.975,36.425
2025/06/08,Sun,,,,
2025/06/07,Sat,,,,
2025/06/06,Fri,35.800,36.139,36.510,35.755
2025/06/05,Thu,34.650,35.805,36.510,35.755
2025/06/04,Wed,34.680,34.648,36.270,34.600
2025/06/03,Tue,34.920,34.633,34.825,34.355
2025/06/02,Mon,33.130,34.694,34.935,34.165
2025/06/01,Sun,,,,
2025/05/31,Sat,,,,
2025/05/30,Fri,33.450,33.029,33.470,32.865
2025/05/29,Thu,33.110,33.423,33.470,32.865
2025/05/28,Wed,33.380,33.160,33.655,32.800
2025/05/27,Tue,33.610,33.311,33.580,33.035
2025/05/26,Mon,33.600,33.580,33.743,33.415
2025/05/25,Sun,,,,
2025/05/24,Sat,,,,
2025/05/23,Fri,33.185,33.609,33.695,33.020
2025/05/22,Thu,33.585,33.219,33.695,33.020
2025/05/21,Wed,33.275,33.646,33.915,32.740
2025/05/20,Tue,32.500,33.174,33.780,33.125
2025/05/19,Mon,32.550,32.507,33.305,32.235
2025/05/18,Sun,,,,
2025/05/17,Sat,,,,
2025/05/16,Fri,32.795,32.354,32.865,31.980
2025/05/15,Thu,32.395,32.680,32.865,31.980
2025/05/14,Wed,33.085,32.444,32.820,31.780
2025/05/13,Tue,32.800,33.100,33.150,32.255
2025/05/12,Mon,32.600,32.624,33.435,32.680
2025/05/11,Sun,,,,
2025/05/10,Sat,,,,
2025/05/09,Fri,32.605,32.914,33.040,32.360
2025/05/08,Thu,32.575,32.617,33.040,32.360
2025/05/07,Wed,33.470,32.791,33.095,32.370
2025/05/06,Tue,32.695,33.381,33.480,32.415
2025/05/05,Mon,32.250,32.474,33.470,32.625
2025/05/04,Sun,,,,
2025/05/03,Sat,,,,
2025/05/02,Fri,32.630,32.259,32.975,32.120
2025/05/01,Thu,32.810,32.469,32.975,32.120
2025/04/30,Wed,33.195,32.828,32.865,31.860
2025/04/29,Tue,33.400,33.577,33.345,32.385
2025/04/28,Mon,33.205,33.165,33.835,33.100
2025/04/27,Sun,,,,
2025/04/26,Sat,,,,
2025/04/25,Fri,33.550,33.010,33.690,32.715
2025/04/24,Thu,33.565,33.503,33.690,32.715
2025/04/23,Wed,32.450,33.547,33.670,33.135
2025/04/22,Tue,32.640,32.905,33.675,32.050
2025/04/21,Mon,32.440,32.521,33.170,32.255
2025/04/20,Sun,,,,
2025/04/19,Sat,,,,
2025/04/18,Fri,32.545,,32.545,32.545
2025/04/17,Thu,32.770,32.470,32.925,32.110
2025/04/16,Wed,32.305,32.980,32.925,32.110
2025/04/15,Tue,32.280,32.297,33.175,32.255
2025/04/14,Mon,32.195,32.167,32.425,32.070
2025/04/13,Sun,,,,
2025/04/12,Sat,,,,
2025/04/11,Fri,31.115,31.910,32.210,30.865
2025/04/10,Thu,30.990,30.759,32.210,30.865
2025/04/09,Wed,29.780,30.415,31.245,30.510
2025/04/08,Tue,30.090,29.686,31.065,29.255
2025/04/07,Mon,29.230,29.604,30.520,29.560
2025/04/06,Sun,,,,
2025/04/05,Sat,,,,
2025/04/04,Fri,31.920,29.230,32.045,29.115
2025/04/03,Thu,34.950,31.970,32.045,29.115
2025/04/02,Wed,34.375,34.650,34.950,31.730
2025/04/01,Tue,34.770,34.309,35.155,34.290
2025/03/31,Mon,34.825,34.611,34.960,34.160
2025/03/30,Sun,,,,
2025/03/29,Sat,,,,
2025/03/28,Fri,35.325,34.814,35.495,34.645
2025/03/27,Thu,34.050,34.905,35.495,34.645
2025/03/26,Wed,34.075,34.054,35.405,34.125
2025/03/25,Tue,33.300,34.023,34.500,34.065
2025/03/24,Mon,33.540,33.450,34.365,33.430
2025/03/23,Sun,,,,
2025/03/22,Sat,,,,
2025/03/21,Fri,34.115,33.486,34.135,33.165
2025/03/20,Thu,34.425,33.991,34.135,33.165
2025/03/19,Wed,34.640,34.205,34.595,33.615
2025/03/18,Tue,34.380,34.818,34.790,34.110
2025/03/17,Mon,34.410,34.308,35.000,34.325
2025/03/16,Sun,,,,
2025/03/15,Sat,,,,
2025/03/14,Fri,34.505,34.433,34.860,34.140
2025/03/13,Thu,33.725,34.306,34.860,34.140
2025/03/12,Wed,33.375,33.743,34.680,33.435
2025/03/11,Tue,32.460,33.147,33.815,33.180
2025/03/10,Mon,32.945,32.530,33.445,32.215
2025/03/09,Sun,,,,
2025/03/08,Sat,,,,
2025/03/07,Fri,33.210,32.809,33.310,32.560
2025/03/06,Thu,33.235,33.338,33.310,32.560
2025/03/05,Wed,32.560,33.134,33.380,32.860
2025/03/04,Tue,32.265,32.381,33.310,32.395
2025/03/03,Mon,31.715,32.310,32.660,32.030
2025/03/02,Sun,,,,
2025/03/01,Sat,,,,
2025/02/28,Fri,31.855,31.496,31.930,31.365
2025/02/27,Thu,32.535,32.110,31.930,31.365
2025/02/26,Wed,32.270,32.419,32.595,31.765
2025/02/25,Tue,32.890,31.976,32.300,31.790
2025/02/24,Mon,33.045,32.763,32.790,31.600
2025/02/23,Sun,,,,
2025/02/22,Sat,,,,
2025/02/21,Fri,33.450,33.012,33.540,32.810
2025/02/20,Thu,33.150,33.486,33.540,32.810
2025/02/19,Wed,33.420,33.043,33.785,33.085
2025/02/18,Tue,32.680,33.373,33.640,32.885
2025/02/17,Mon,32.550,,32.960,32.465
2025/02/16,Sun,,,,
2025/02/15,Sat,,,,
2025/02/14,Fri,32.990,32.855,34.240,32.585
2025/02/13,Thu,32.710,32.726,34.240,32.585
2025/02/12,Wed,32.255,32.785,33.045,32.455
2025/02/11,Tue,32.495,32.322,32.870,31.875
2025/02/10,Mon,32.180,32.491,32.660,31.650
2025/02/09,Sun,,,,
2025/02/08,Sat,,,,
2025/02/07,Fri,32.650,32.443,33.165,32.175
2025/02/06,Thu,32.755,32.626,33.165,32.175
2025/02/05,Wed,32.870,32.976,32.915,32.150
2025/02/04,Tue,32.540,33.022,33.215,32.630
2025/02/03,Mon,32.460,32.526,33.195,32.225
2025/02/02,Sun,,,,
2025/02/01,Sat,,,,
2025/01/31,Fri,32.765,32.265,32.920,32.115
2025/01/30,Thu,31.580,32.493,32.920,32.115
2025/01/29,Wed,30.780,31.264,32.815,31.560
2025/01/28,Tue,30.440,30.755,31.765,30.755
2025/01/27,Mon,30.615,30.283,30.960,30.235
2025/01/26,Sun,,,,
2025/01/25,Sat,,,,
2025/01/24,Fri,30.950,31.055,31.535,30.950
2025/01/23,Thu,31.180,30.712,31.685,30.825
2025/01/22,Wed,31.555,31.420,31.395,30.465
2025/01/21,Tue,31.085,31.496,31.710,31.115
2025/01/20,Mon,,,,
2025/01/19,Sun,,,,
2025/01/18,Sat,,,,
2025/01/17,Fri,31.605,31.141,31.640,30.910
2025/01/16,Thu,31.600,31.725,31.640,30.910
2025/01/15,Wed,30.545,31.531,31.985,31.535
2025/01/14,Tue,30.305,30.351,31.650,30.370
2025/01/13,Mon,31.305,30.309,30.580,30.115
2025/01/12,Sun,,,,
2025/01/11,Sat,,,,
2025/01/10,Fri,31.045,31.314,31.840,30.700
2025/01/09,Thu,30.730,31.015,31.840,30.700
2025/01/08,Wed,30.655,30.690,31.270,30.650
2025/01/07,Tue,30.485,30.686,31.045,30.455
2025/01/06,Mon,30.095,30.583,31.025,30.410
2025/01/05,Sun,,,,
2025/01/04,Sat,,,,
2025/01/03,Fri,29.985,30.065,30.380,29.935
2025/01/02,Thu,29.310,29.900,30.380,29.935
2025/01/01,Wed,,,,
2024/12/31,Tue,29.380,29.242,29.480,29.200
2024/12/30,Mon,29.980,29.412,29.480,29.200
2024/12/29,Sun,,,,
2024/12/28,Sat,,,,
2024/12/27,Fri,30.220,29.819,30.290,29.745
2024/12/26,Thu,30.190,30.234,30.465,29.890
2024/12/25,Wed,,,,
2024/12/24,Tue,30.210,30.283,30.370,30.110
2024/12/23,Mon,30.040,30.060,30.370,30.110
2024/12/22,Sun,,,,
2024/12/21,Sat,,,,
2024/12/20,Fri,29.475,29.958,30.235,29.195
2024/12/19,Thu,29.665,29.282,30.235,29.195
2024/12/18,Wed,30.730,30.610,30.140,29.145
2024/12/17,Tue,30.910,30.796,31.045,29.755
2024/12/16,Mon,30.880,30.927,31.110,30.615
2024/12/15,Sun,,,,
2024/12/14,Sat,,,,
2024/12/13,Fri,31.560,31.028,31.630,30.755
2024/12/12,Thu,32.880,31.482,31.630,30.755
2024/12/11,Wed,32.540,32.823,33.330,31.495
2024/12/10,Tue,32.460,32.612,33.140,32.410
2024/12/09,Mon,31.460,32.481,32.795,32.305
2024/12/08,Sun,,,,
2024/12/07,Sat,,,,
2024/12/06,Fri,31.825,31.588,31.935,31.320
2024/12/05,Thu,31.815,31.406,31.935,31.320
2024/12/04,Wed,31.360,31.786,31.950,31.505
2024/12/03,Tue,30.925,31.363,32.070,31.065
2024/12/02,Mon,30.785,30.742,31.570,30.920
2024/12/01,Sun,,,,
2024/11/30,Sat,,,,
2024/11/29,Fri,30.560,31.108,31.375,30.095
2024/11/28,Thu,,,,
2024/11/27,Wed,30.930,30.455,31.375,30.095
2024/11/26,Tue,30.510,30.567,31.185,30.435
2024/11/25,Mon,31.700,30.396,30.740,30.025
2024/11/24,Sun,,,,
2024/11/23,Sat,,,,
2024/11/22,Fri,31.315,31.776,31.905,31.240
2024/11/21,Thu,31.110,31.099,31.470,30.805
2024/11/20,Wed,31.465,31.159,31.380,30.715
2024/11/19,Tue,31.415,31.417,31.420,30.860
2024/11/18,Mon,30.530,31.379,31.615,31.125
2024/11/17,Sun,,,,
2024/11/16,Sat,,,,
2024/11/15,Fri,30.970,30.855,31.315,30.695
2024/11/14,Thu,30.540,30.724,30.900,30.260
2024/11/13,Wed,31.160,30.817,30.740,29.750
2024/11/12,Tue,30.935,30.915,31.255,30.385
2024/11/11,Mon,31.575,30.768,30.930,30.280
2024/11/10,Sun,,,,
2024/11/09,Sat,,,,
2024/11/08,Fri,32.585,31.886,32.585,31.735
2024/11/07,Thu,31.440,32.013,32.170,31.300
2024/11/06,Wed,32.935,31.485,32.265,30.960
2024/11/05,Tue,32.735,32.934,32.850,30.940
2024/11/04,Mon,32.720,32.765,33.055,32.355
2024/11/03,Sun,,,,
2024/11/02,Sat,,,,
2024/11/01,Fri,32.795,32.681,33.250,32.460
2024/10/31,Thu,34.010,32.953,33.250,32.460
2024/10/30,Wed,34.740,34.234,34.040,32.640
2024/10/29,Tue,33.845,34.441,34.690,33.565
2024/10/28,Mon,33.830,34.001,34.725,33.765
2024/10/27,Sun,,,,
2024/10/26,Sat,,,,
2024/10/25,Fri,33.460,33.620,33.980,33.120
2024/10/24,Thu,33.875,33.795,34.195,33.260
2024/10/23,Wed,35.055,33.839,34.480,33.420
2024/10/22,Tue,34.010,35.041,35.070,33.610
2024/10/21,Mon,33.900,34.078,35.070,33.970
2024/10/20,Sun,,,,
2024/10/19,Sat,,,,
2024/10/18,Fri,31.875,33.234,33.970,31.855
2024/10/17,Thu,31.905,31.774,33.970,31.855
2024/10/16,Wed,31.685,31.974,32.220,31.485
2024/10/15,Tue,31.400,31.756,32.385,31.600
2024/10/14,Mon,31.730,31.316,31.890,30.950
2024/10/13,Sun,,,,
2024/10/12,Sat,,,,
2024/10/11,Fri,31.375,31.755,31.845,31.260
2024/10/10,Thu,30.710,31.240,31.845,31.260
2024/10/09,Wed,30.860,30.670,31.400,30.570
2024/10/08,Tue,31.945,30.600,31.005,30.435
2024/10/07,Mon,32.450,32.004,32.020,30.345
2024/10/06,Sun,,,,
2024/10/05,Sat,,,,
2024/10/04,Fri,32.290,32.394,33.225,31.755
2024/10/03,Thu,32.100,32.464,33.225,31.755
2024/10/02,Wed,31.705,31.920,32.485,31.650
2024/10/01,Tue,31.420,31.742,32.590,31.260
2024/09/30,Mon,31.945,31.458,32.145,31.380
2024/09/29,Sun,,,,
2024/09/28,Sat,,,,
2024/09/27,Fri,32.310,31.816,32.590,31.635
2024/09/26,Thu,32.040,32.195,32.590,31.635
2024/09/25,Wed,32.330,31.870,33.020,32.035
2024/09/24,Tue,30.900,32.280,32.610,31.870
2024/09/23,Mon,30.915,30.940,32.600,30.960
2024/09/22,Sun,,,,
2024/09/21,Sat,,,,
2024/09/20,Fri,30.980,31.360,31.615,30.980
2024/09/19,Thu,30.355,31.281,31.755,31.040
2024/09/18,Wed,30.670,30.542,31.625,30.220
2024/09/17,Tue,30.955,30.834,31.585,30.035
2024/09/16,Mon,31.100,30.990,31.350,30.860
2024/09/15,Sun,,,,
2024/09/14,Sat,,,,
2024/09/13,Fri,30.230,31.074,31.280,30.190
2024/09/12,Thu,29.040,29.967,31.280,30.190
2024/09/11,Wed,28.880,28.793,30.250,28.850
2024/09/10,Tue,28.500,28.484,29.215,28.390
2024/09/09,Mon,27.960,28.521,28.890,28.360
2024/09/08,Sun,,,,
2024/09/07,Sat,,,,
2024/09/06,Fri,29.155,28.183,29.470,28.010
2024/09/05,Thu,28.470,28.960,29.470,28.010
2024/09/04,Wed,28.050,28.421,29.550,28.535
2024/09/03,Tue,28.650,28.208,28.715,28.110
2024/09/02,Mon,29.247,28.898,29.350,28.705
2024/09/01,Sun,,,,
2024/08/31,Sat,,,,
2024/08/30,Fri,29.840,29.143,30.000,29.080
2024/08/29,Thu,29.560,29.827,30.000,29.080
2024/08/28,Wed,30.140,29.340,30.085,29.540
2024/08/27,Tue,30.055,30.125,30.100,29.080
2024/08/26,Mon,30.030,30.155,30.110,29.700
2024/08/25,Sun,,,,
2024/08/24,Sat,,,,
2024/08/23,Fri,29.420,30.256,30.355,29.375
2024/08/22,Thu,29.730,29.185,29.915,28.945
2024/08/21,Wed,29.525,29.676,29.700,28.795
2024/08/20,Tue,29.610,29.659,29.770,29.230
2024/08/19,Mon,29.220,29.440,30.035,29.255
2024/08/18,Sun,,,,
2024/08/17,Sat,,,,
2024/08/16,Fri,28.835,29.264,29.505,28.505
2024/08/15,Thu,27.810,28.548,29.095,28.085
2024/08/14,Wed,28.055,27.469,28.580,27.525
2024/08/13,Tue,28.000,27.916,28.175,27.230
2024/08/12,Mon,27.630,28.134,28.135,27.510
2024/08/11,Sun,,,,
2024/08/10,Sat,,,,
2024/08/09,Fri,28.010,27.982,28.235,27.725
2024/08/08,Thu,27.025,27.733,27.840,27.325
2024/08/07,Wed,27.150,27.069,27.690,26.505
2024/08/06,Tue,27.550,27.341,27.365,26.665
2024/08/05,Mon,28.720,27.338,27.670,26.700
2024/08/04,Sun,,,,
2024/08/03,Sat,,,,
2024/08/02,Fri,28.620,28.392,29.355,28.060
2024/08/01,Thu,29.070,28.607,29.355,28.060
2024/07/31,Wed,28.965,29.073,29.290,28.335
2024/07/30,Tue,28.435,28.685,29.185,28.390
2024/07/29,Mon,28.060,27.866,28.560,27.765
2024/07/28,Sun,,,,
2024/07/27,Sat,,,,
2024/07/26,Fri,27.785,27.862,27.965,27.615
2024/07/25,Thu,29.075,27.975,28.220,27.750
2024/07/24,Wed,29.420,29.316,29.080,27.555
2024/07/23,Tue,29.315,29.331,29.630,29.065
2024/07/22,Mon,29.425,29.321,29.480,28.825
2024/07/21,Sun,,,,
2024/07/20,Sat,,,,
2024/07/19,Fri,29.845,29.134,29.850,28.930
2024/07/18,Thu,30.505,30.224,30.030,29.060
2024/07/17,Wed,31.495,30.377,30.800,29.940
2024/07/16,Tue,30.930,31.458,31.655,30.255
2024/07/15,Mon,31.100,30.936,31.635,30.720
2024/07/14,Sun,,,,
2024/07/13,Sat,,,,
2024/07/12,Fri,31.460,30.987,31.460,30.510
2024/07/11,Thu,31.070,31.671,31.725,30.620
2024/07/10,Wed,31.085,31.014,32.015,31.070
2024/07/09,Tue,31.020,31.056,31.445,30.915
2024/07/08,Mon,31.475,30.913,31.435,30.785
2024/07/07,Sun,,,,
2024/07/06,Sat,,,,
2024/07/05,Fri,30.820,31.689,31.790,30.450
2024/07/04,Thu,30.815,30.650,30.875,30.495
2024/07/03,Wed,29.815,30.842,31.790,30.450
2024/07/02,Tue,29.765,29.658,30.975,29.770
2024/07/01,Mon,29.445,29.613,30.125,29.490
2024/06/30,Sun,,,,
2024/06/29,Sat,,,,
2024/06/28,Fri,29.285,29.560,29.955,29.070
2024/06/27,Thu,29.080,29.256,29.955,29.070
2024/06/26,Wed,29.145,29.091,29.575,28.990
2024/06/25,Tue,29.735,29.028,29.095,28.580
2024/06/24,Mon,29.750,29.685,29.690,28.855
2024/06/23,Sun,,,,
2024/06/22,Sat,,,,
2024/06/21,Fri,31.000,29.776,31.025,29.660
2024/06/20,Thu,29.740,30.981,30.905,29.505
2024/06/19,Wed,29.602,29.820,29.860,29.410
2024/06/18,Tue,29.720,29.717,30.845,29.410
2024/06/17,Mon,29.710,29.545,29.760,28.985
2024/06/16,Sun,,,,
2024/06/15,Sat,,,,
2024/06/14,Fri,29.310,29.790,29.965,29.230
2024/06/13,Thu,29.860,29.216,29.650,28.905
2024/06/12,Wed,29.630,30.422,29.830,28.730
2024/06/11,Tue,29.515,29.386,30.355,29.280
2024/06/10,Mon,29.455,30.030,29.985,29.135
2024/06/09,Sun,,,,
2024/06/08,Sat,,,,
2024/06/07,Fri,31.800,29.761,31.985,29.560
2024/06/06,Thu,30.615,31.532,31.670,29.220
2024/06/05,Wed,29.960,30.229,31.470,30.065
2024/06/04,Tue,31.070,29.772,30.185,29.525
2024/06/03,Mon,30.765,30.942,31.040,29.505
2024/06/02,Sun,,,,
2024/06/01,Sat,,,,
2024/05/31,Fri,31.345,30.440,31.945,30.345
2024/05/30,Thu,32.500,31.680,31.945,30.345
2024/05/29,Wed,32.310,32.373,32.280,31.180
2024/05/28,Tue,30.565,32.137,32.515,31.780
2024/05/27,Mon,30.705,31.832,32.060,30.617
2024/05/26,Sun,,,,
2024/05/25,Sat,,,,
2024/05/24,Fri,30.195,30.346,30.675,30.100
2024/05/23,Thu,31.015,30.455,30.835,30.235
2024/05/22,Wed,32.225,31.496,31.185,30.265
2024/05/21,Tue,32.055,32.078,32.440,30.965
2024/05/20,Mon,31.850,32.426,32.720,31.280
2024/05/19,Sun,,,,
2024/05/18,Sat,,,,
2024/05/17,Fri,29.710,31.118,31.655,29.585
2024/05/16,Thu,29.900,29.876,31.850,29.700
2024/05/15,Wed,28.855,29.729,30.105,29.555
2024/05/14,Tue,28.420,28.702,29.990,28.675
2024/05/13,Mon,28.420,28.443,28.985,28.310
2024/05/12,Sun,,,,
2024/05/11,Sat,,,,
2024/05/10,Fri,28.580,28.506,29.000,28.270
2024/05/09,Thu,27.560,28.365,29.000,28.270
2024/05/08,Wed,27.475,27.601,28.580,27.515
2024/05/07,Tue,27.715,27.544,27.725,27.240
2024/05/06,Mon,26.810,27.614,27.770,27.390
2024/05/05,Sun,,,,
2024/05/04,Sat,,,,
2024/05/03,Fri,26.940,26.690,27.140,26.345
2024/05/02,Thu,26.905,26.829,27.140,26.345
2024/05/01,Wed,26.550,26.748,27.065,26.255
2024/04/30,Tue,27.455,26.654,27.250,26.520
2024/04/29,Mon,27.500,27.660,27.455,26.515
2024/04/28,Sun,,,,
2024/04/27,Sat,,,,
2024/04/26,Fri,27.625,27.402,27.890,27.250
2024/04/25,Thu,27.385,27.502,27.745,27.090
2024/04/24,Wed,27.450,27.496,27.610,27.000
2024/04/23,Tue,27.420,27.511,27.525,27.060
2024/04/22,Mon,28.780,27.397,27.420,26.715
2024/04/21,Sun,,,,
2024/04/20,Sat,,,,
2024/04/19,Fri,28.505,28.808,28.510,28.215
2024/04/18,Thu,28.455,28.532,29.010,28.120
2024/04/17,Wed,28.405,28.553,28.735,28.210
2024/04/16,Tue,29.140,28.526,28.895,28.145
2024/04/15,Mon,28.380,28.866,29.100,28.030
2024/04/14,Sun,,,,
2024/04/13,Sat,,,,
2024/04/12,Fri,28.535,28.330,29.905,27.945
2024/04/11,Thu,28.115,28.401,29.905,27.945
2024/04/10,Wed,28.460,28.204,28.600,27.840
2024/04/09,Tue,28.180,28.134,28.655,27.640
2024/04/08,Mon,27.435,27.956,28.440,27.725
2024/04/07,Sun,,,,
2024/04/06,Sat,,,,
2024/04/05,Fri,27.060,27.503,27.615,26.400
2024/04/04,Thu,27.455,27.385,27.615,26.400
2024/04/03,Wed,26.460,27.195,27.455,26.785
2024/04/02,Tue,25.400,26.057,27.325,26.235
2024/04/01,Mon,25.360,25.203,26.295,25.195
2024/03/31,Sun,,,,
2024/03/30,Sat,,,,
2024/03/29,Fri,25.100,25.100,25.100,25.100
2024/03/28,Thu,24.770,24.916,25.130,24.505
2024/03/27,Wed,24.855,24.879,25.130,24.505
2024/03/26,Tue,24.845,24.623,24.790,24.445
2024/03/25,Mon,24.850,24.891,25.055,24.515
2024/03/24,Sun,,,,
2024/03/23,Sat,,,,
2024/03/22,Fri,24.790,24.717,24.960,24.465
2024/03/21,Thu,25.790,25.007,25.110,24.580
2024/03/20,Wed,25.090,25.104,25.975,24.820
2024/03/19,Tue,25.250,25.135,25.835,24.930
2024/03/18,Mon,25.400,25.265,25.360,24.920
2024/03/17,Sun,,,,
2024/03/16,Sat,,,,
2024/03/15,Fri,24.920,25.256,25.515,24.905
2024/03/14,Thu,25.225,25.060,25.660,25.000
2024/03/13,Wed,24.335,25.156,25.370,24.950
2024/03/12,Tue,24.675,24.394,25.250,24.275
2024/03/11,Mon,24.580,24.715,24.900,24.220
2024/03/10,Sun,,,,
2024/03/09,Sat,,,,
2024/03/08,Fri,24.545,24.549,24.860,24.380
2024/03/07,Thu,24.400,24.578,24.860,24.380
2024/03/06,Wed,23.895,24.493,24.735,24.225
2024/03/05,Tue,24.125,23.984,24.535,23.785
2024/03/04,Mon,23.370,23.991,24.455,23.845
2024/03/03,Sun,,,,
2024/03/02,Sat,,,,
2024/03/01,Fri,22.885,23.364,23.485,22.710
2024/02/29,Thu,22.675,22.885,23.485,22.710
2024/02/28,Wed,22.670,22.636,23.000,22.500
2024/02/27,Tue,22.605,22.651,22.735,22.470
2024/02/26,Mon,23.030,22.638,22.710,22.405
2024/02/25,Sun,,,,
2024/02/24,Sat,,,,
2024/02/23,Fri,22.915,23.087,23.115,22.735
2024/02/22,Thu,23.035,22.899,23.030,22.580
2024/02/21,Wed,23.255,22.989,23.200,22.760
2024/02/20,Tue,23.530,23.250,23.220,22.790
2024/02/19,Mon,23.455,23.003,23.508,22.988
2024/02/18,Sun,,,,
2024/02/17,Sat,,,,
2024/02/16,Fri,23.185,23.686,23.765,23.055
2024/02/15,Thu,22.720,23.061,23.560,22.840
2024/02/14,Wed,22.135,22.495,23.090,22.400
2024/02/13,Tue,22.635,22.266,22.515,21.975
2024/02/12,Mon,22.995,22.878,23.050,22.030
2024/02/11,Sun,,,,
2024/02/10,Sat,,,,
2024/02/09,Fri,22.645,22.594,22.795,22.420
2024/02/08,Thu,22.405,22.749,22.795,22.420
2024/02/07,Wed,22.490,22.471,22.705,22.195
2024/02/06,Tue,22.570,22.588,22.535,22.275
2024/02/05,Mon,22.770,22.534,22.575,22.340
2024/02/04,Sun,,,,
2024/02/03,Sat,,,,
2024/02/02,Fri,23.285,22.796,23.355,22.485
2024/02/01,Thu,23.435,23.347,23.355,22.485
2024/01/31,Wed,23.410,23.282,23.365,22.605
2024/01/30,Tue,23.550,23.343,23.445,22.895
2024/01/29,Mon,22.920,23.251,23.430,23.055
2024/01/28,Sun,,,,
2024/01/27,Sat,,,,
2024/01/26,Fri,22.905,22.758,22.955,22.715
2024/01/25,Thu,22.800,22.927,23.100,22.810
2024/01/24,Wed,22.570,22.889,23.155,22.765
2024/01/23,Tue,22.200,22.462,23.090,22.465
2024/01/22,Mon,22.745,22.296,22.580,22.165
2024/01/21,Sun,,,,
2024/01/20,Sat,,,,
2024/01/19,Fri,22.795,22.601,22.865,22.505
2024/01/18,Thu,22.715,22.807,22.980,22.595
2024/01/17,Wed,23.095,22.669,22.900,22.520
2024/01/16,Tue,23.350,23.093,23.110,22.660
2024/01/15,Mon,23.323,23.328,23.497,23.273
2024/01/14,Sun,,,,
2024/01/13,Sat,,,,
2024/01/12,Fri,22.830,23.218,23.600,22.830
2024/01/11,Thu,23.085,22.705,23.720,22.915
2024/01/10,Wed,23.160,23.066,23.400,22.630
2024/01/09,Tue,23.315,23.091,23.290,22.935
2024/01/08,Mon,23.380,23.310,23.565,23.080
2024/01/07,Sun,,,,
2024/01/06,Sat,,,,
2024/01/05,Fri,23.205,23.315,23.715,22.970
2024/01/04,Thu,23.190,23.187,23.715,22.970
2024/01/03,Wed,23.885,23.157,23.260,22.880
2024/01/02,Tue,24.045,23.953,23.950,23.045
2024/01/01,Mon,24.027,24.050,24.335,23.875
2023/12/31,Sun,,,,
2023/12/30,Sat,,,,
2023/12/29,Fri,24.172,24.025,24.215,23.762
2023/12/28,Thu,24.550,24.372,24.235,23.760
2023/12/27,Wed,24.380,24.526,24.740,24.185
2023/12/26,Tue,24.380,24.285,24.730,24.220
2023/12/25,Mon,24.475,24.510,24.700,24.340
2023/12/24,Sun,,,,
2023/12/23,Sat,,,,
2023/12/22,Fri,24.705,24.565,24.895,24.370
2023/12/21,Thu,24.420,24.468,24.895,24.370
2023/12/20,Wed,24.285,24.516,24.790,24.430
2023/12/19,Tue,24.025,24.206,24.750,24.245
2023/12/18,Mon,23.980,23.994,24.475,24.040
2023/12/17,Sun,,,,
2023/12/16,Sat,,,,
2023/12/15,Fri,24.475,24.154,24.590,24.050
2023/12/14,Thu,23.980,24.273,24.590,24.050
2023/12/13,Wed,22.850,22.815,24.525,24.060
2023/12/12,Tue,23.020,22.906,24.125,22.785
2023/12/11,Mon,23.225,22.953,23.450,22.975
2023/12/10,Sun,,,,
2023/12/09,Sat,,,,
2023/12/08,Fri,24.140,23.276,24.225,23.245
2023/12/07,Thu,24.125,23.942,24.225,23.245
2023/12/06,Wed,24.475,24.112,24.350,23.905
2023/12/05,Tue,24.780,24.430,24.715,24.210
2023/12/04,Mon,26.050,24.786,25.020,24.320
2023/12/03,Sun,,,,
2023/12/02,Sat,,,,
2023/12/01,Fri,25.695,25.857,25.940,25.480
2023/11/30,Thu,25.375,25.541,25.940,25.480
2023/11/29,Wed,25.430,25.342,25.700,25.325
2023/11/28,Tue,24.815,25.066,25.680,25.245
2023/11/27,Mon,24.510,24.803,25.065,24.585
2023/11/26,Sun,,,,
2023/11/25,Sat,,,,
2023/11/24,Fri,24.020,24.692,24.750,23.960
2023/11/23,Thu,23.655,23.747,23.837,23.650
2023/11/22,Wed,23.960,23.808,24.395,23.610
2023/11/21,Tue,23.695,23.989,24.005,23.580
2023/11/20,Mon,23.835,23.732,24.080,23.470
2023/11/19,Sun,,,,
2023/11/18,Sat,,,,
2023/11/17,Fri,23.825,23.852,24.220,23.730
2023/11/16,Thu,23.665,24.053,24.220,23.730
2023/11/15,Wed,23.270,23.659,24.165,23.350
2023/11/14,Tue,22.530,23.249,23.710,23.095
2023/11/13,Mon,22.500,22.477,23.255,22.150
2023/11/12,Sun,,,,
2023/11/11,Sat,,,,
2023/11/10,Fri,22.705,22.281,22.800,22.230
2023/11/09,Thu,22.610,23.023,22.800,22.230
2023/11/08,Wed,22.720,22.846,23.070,22.415
2023/11/07,Tue,23.245,22.709,22.935,22.375
2023/11/06,Mon,23.395,23.355,23.170,22.505
2023/11/05,Sun,,,,
2023/11/04,Sat,,,,
2023/11/03,Fri,22.875,23.285,23.415,22.675
2023/11/02,Thu,23.235,22.971,23.415,22.675
2023/11/01,Wed,22.970,22.912,23.240,22.755
2023/10/31,Tue,23.555,23.075,23.130,22.645
2023/10/30,Mon,23.325,23.519,23.465,22.840
2023/10/29,Sun,,,,
2023/10/28,Sat,,,,
2023/10/27,Fri,22.800,22.774,22.910,22.800
2023/10/26,Thu,23.005,22.908,23.255,22.775
2023/10/25,Wed,23.060,23.007,23.275,22.565
2023/10/24,Tue,23.095,23.116,23.160,22.690
2023/10/23,Mon,23.505,23.210,23.350,22.805
2023/10/22,Sun,,,,
2023/10/21,Sat,,,,
2023/10/20,Fri,23.190,23.504,23.880,23.015
2023/10/19,Thu,23.015,23.031,23.880,23.015
2023/10/18,Wed,22.975,23.099,23.230,22.785
2023/10/17,Tue,22.780,23.024,23.490,22.840
2023/10/16,Mon,22.910,22.765,23.180,22.535
2023/10/15,Sun,,,,
2023/10/14,Sat,,,,
2023/10/13,Fri,21.985,22.895,22.990,21.960
2023/10/12,Thu,22.205,21.959,22.990,21.960
2023/10/11,Wed,22.015,22.133,22.390,21.880
2023/10/10,Tue,22.030,21.953,22.275,21.955
2023/10/09,Mon,21.940,21.924,22.110,21.775
2023/10/08,Sun,,,,
2023/10/07,Sat,,,,
2023/10/06,Fri,21.120,21.723,21.780,20.940
2023/10/05,Thu,21.180,21.019,21.780,20.940
2023/10/04,Wed,21.375,21.146,21.455,20.855
2023/10/03,Tue,21.310,21.377,21.570,20.850
2023/10/02,Mon,22.410,21.421,21.595,20.870
2023/10/01,Sun,,,,
2023/09/30,Sat,,,,
2023/09/29,Fri,22.840,22.450,23.805,22.325
2023/09/28,Thu,22.800,22.741,23.805,22.325
2023/09/27,Wed,22.940,22.609,22.955,22.610
2023/09/26,Tue,23.170,23.086,23.120,22.640
2023/09/25,Mon,23.695,23.277,23.390,23.100
2023/09/24,Sun,,,,
2023/09/23,Sat,,,,
2023/09/22,Fri,23.675,23.844,24.050,23.665
2023/09/21,Thu,23.335,23.582,24.050,23.665
2023/09/20,Wed,23.225,23.728,23.745,23.060
2023/09/19,Tue,23.490,23.351,23.880,23.325
2023/09/18,Mon,23.220,23.399,23.705,23.365
2023/09/17,Sun,,,,
2023/09/16,Sat,,,,
2023/09/15,Fri,22.930,23.386,23.585,22.910
2023/09/14,Thu,22.985,22.902,23.585,22.910
2023/09/13,Wed,23.295,23.080,23.265,22.555
2023/09/12,Tue,23.345,23.301,23.390,23.025
2023/09/11,Mon,23.280,23.282,23.480,23.110
2023/09/10,Sun,,,,
2023/09/09,Sat,,,,
2023/09/08,Fri,23.260,23.174,23.455,23.130
2023/09/07,Thu,23.200,23.134,23.455,23.130
2023/09/06,Wed,23.710,23.397,23.500,23.130
2023/09/05,Tue,24.255,23.762,23.935,23.315
2023/09/04,Mon,24.527,24.305,24.650,24.302
2023/09/03,Sun,,,,
2023/09/02,Sat,,,,
2023/09/01,Fri,24.820,24.562,25.220,24.520
2023/08/31,Thu,25.020,24.692,25.220,24.520
2023/08/30,Wed,25.135,24.978,25.060,24.745
2023/08/29,Tue,24.385,24.901,25.425,24.920
2023/08/28,Mon,24.410,24.369,24.845,24.205
2023/08/27,Sun,,,,
2023/08/26,Sat,,,,
2023/08/25,Fri,24.080,24.220,24.175,24.080
2023/08/24,Thu,24.415,24.343,24.440,23.970
2023/08/23,Wed,23.600,24.495,24.420,24.115
2023/08/22,Tue,23.470,23.553,24.430,23.475
2023/08/21,Mon,22.840,23.443,23.515,23.265
2023/08/20,Sun,,,,
2023/08/19,Sat,,,,
2023/08/18,Fri,22.750,22.733,22.920,22.670
2023/08/17,Thu,22.735,22.821,22.920,22.670
2023/08/16,Wed,22.795,22.637,23.070,22.390
2023/08/15,Tue,22.885,22.759,22.855,22.445
2023/08/14,Mon,22.725,22.813,22.770,22.265
2023/08/13,Sun,,,,
2023/08/12,Sat,,,,
2023/08/11,Fri,22.760,22.743,22.910,22.610
2023/08/10,Thu,22.835,22.929,22.910,22.610
2023/08/09,Wed,23.015,22.841,23.060,22.665
2023/08/08,Tue,23.330,22.922,22.990,22.680
2023/08/07,Mon,23.760,23.352,23.255,22.720
2023/08/06,Sun,,,,
2023/08/05,Sat,,,,
2023/08/04,Fri,23.710,23.716,23.895,23.275
2023/08/03,Thu,23.725,23.816,23.895,23.275
2023/08/02,Wed,24.645,23.991,23.940,23.410
2023/08/01,Tue,24.540,24.445,24.630,23.760
2023/07/31,Mon,24.585,25.092,24.905,24.255
2023/07/30,Sun,,,,
2023/07/29,Sat,,,,
2023/07/28,Fri,24.265,24.495,24.545,24.240
2023/07/27,Thu,25.075,24.367,24.545,24.240
2023/07/26,Wed,24.870,24.970,25.325,24.180
2023/07/25,Tue,24.525,24.824,25.210,24.675
2023/07/24,Mon,24.790,24.581,24.910,24.450
2023/07/23,Sun,,,,
2023/07/22,Sat,,,,
2023/07/21,Fri,24.950,24.855,25.110,24.765
2023/07/20,Thu,25.345,24.962,25.110,24.765
2023/07/19,Wed,25.275,25.387,25.475,24.895
2023/07/18,Tue,25.060,25.256,25.460,25.145
2023/07/17,Mon,25.155,25.018,25.405,24.975
2023/07/16,Sun,,,,
2023/07/15,Sat,,,,
2023/07/14,Fri,25.105,25.194,25.255,24.910
2023/07/13,Thu,24.330,24.949,25.255,24.910
2023/07/12,Wed,23.325,24.310,25.110,24.310
2023/07/11,Tue,23.335,23.281,24.375,23.310
2023/07/10,Mon,23.340,23.345,23.595,23.220
2023/07/09,Sun,,,,
2023/07/08,Sat,,,,
2023/07/07,Fri,22.905,23.289,23.365,22.800
2023/07/06,Thu,23.355,22.890,23.365,22.800
2023/07/05,Wed,23.120,23.402,23.470,22.720
2023/07/04,Tue,23.102,23.168,23.267,23.073
2023/07/03,Mon,22.995,23.112,23.535,22.970
2023/07/02,Sun,,,,
2023/07/01,Sat,,,,
2023/06/30,Fri,22.530,22.810,22.765,22.345
2023/06/29,Thu,22.940,22.798,23.050,22.540
2023/06/28,Wed,22.965,22.981,23.110,22.485
2023/06/27,Tue,22.890,23.049,22.995,22.600
2023/06/26,Mon,22.550,22.923,23.150,22.785
2023/06/25,Sun,,,,
2023/06/24,Sat,,,,
2023/06/23,Fri,22.290,22.328,22.710,22.140
2023/06/22,Thu,22.770,22.567,22.710,22.140
2023/06/21,Wed,23.330,22.911,22.750,22.200
2023/06/20,Tue,24.270,23.334,23.230,22.515
2023/06/19,Mon,24.198,24.062,24.262,23.962
2023/06/18,Sun,,,,
2023/06/17,Sat,,,,
2023/06/16,Fri,23.965,24.076,24.290,23.910
2023/06/15,Thu,24.055,24.044,24.290,23.910
2023/06/14,Wed,23.965,24.212,24.010,23.270
2023/06/13,Tue,24.330,23.929,24.175,23.715
2023/06/12,Mon,24.290,24.165,24.520,23.665
2023/06/11,Sun,,,,
2023/06/10,Sat,,,,
2023/06/09,Fri,24.360,24.410,24.620,24.280
2023/06/08,Thu,23.630,24.455,24.620,24.280
2023/06/07,Wed,23.640,23.638,24.460,23.510
2023/06/06,Tue,23.690,23.779,24.165,23.480
2023/06/05,Mon,23.870,23.743,23.870,23.410
2023/06/04,Sun,,,,
2023/06/03,Sat,,,,
2023/06/02,Fri,23.980,23.747,24.120,23.660
2023/06/01,Thu,23.830,24.096,24.120,23.660
2023/05/31,Wed,23.475,23.696,24.030,23.355
2023/05/30,Tue,23.620,23.353,23.735,23.160
2023/05/29,Mon,23.410,23.267,23.503,23.258
2023/05/28,Sun,,,,
2023/05/27,Sat,,,,
2023/05/26,Fri,22.710,23.248,23.340,22.705
2023/05/25,Thu,23.185,22.910,23.460,22.785
2023/05/24,Wed,23.590,23.240,23.260,22.800
2023/05/23,Tue,23.800,23.624,23.655,23.140
2023/05/22,Mon,24.020,23.861,23.810,23.235
2023/05/21,Sun,,,,
2023/05/20,Sat,,,,
2023/05/19,Fri,23.560,23.948,24.010,23.555
2023/05/18,Thu,23.940,23.633,24.185,23.555
2023/05/17,Wed,23.915,23.897,23.960,23.485
2023/05/16,Tue,24.265,23.893,24.060,23.715
2023/05/15,Mon,24.100,24.291,24.275,23.805
2023/05/14,Sun,,,,
2023/05/13,Sat,,,,
2023/05/12,Fri,24.370,24.154,24.405,23.910
2023/05/11,Thu,25.545,24.424,24.405,23.910
2023/05/10,Wed,25.840,25.658,25.700,24.325
2023/05/09,Tue,25.790,25.898,26.200,25.455
2023/05/08,Mon,25.945,25.834,25.930,25.570
2023/05/07,Sun,,,,
2023/05/06,Sat,,,,
2023/05/05,Fri,26.330,25.930,26.435,25.410
2023/05/04,Thu,25.910,26.227,26.435,25.410
2023/05/03,Wed,25.650,25.681,26.360,25.700
2023/05/02,Tue,25.245,25.619,25.910,25.355
2023/05/01,Mon,25.460,25.230,25.765,24.820
2023/04/30,Sun,,,,
2023/04/29,Sat,,,,
2023/04/28,Fri,25.205,25.226,25.350,24.980
2023/04/27,Thu,25.170,25.209,25.350,24.980
2023/04/26,Wed,25.135,24.972,25.410,24.745
2023/04/25,Tue,25.330,24.978,25.325,24.815
2023/04/24,Mon,25.280,25.411,25.435,24.530
2023/04/23,Sun,,,,
2023/04/22,Sat,,,,
2023/04/21,Fri,25.565,25.280,25.690,25.210
2023/04/20,Thu,25.475,25.478,25.475,24.985
2023/04/19,Wed,25.150,25.471,25.585,25.155
2023/04/18,Tue,25.210,25.368,25.460,24.715
2023/04/17,Mon,25.470,25.197,25.430,25.030
2023/04/16,Sun,,,,
2023/04/15,Sat,,,,
2023/04/14,Fri,25.970,25.460,26.235,25.265
2023/04/13,Thu,25.715,26.035,26.235,25.265
2023/04/12,Wed,25.515,25.563,26.115,25.515
2023/04/11,Tue,25.195,25.296,25.825,25.175
2023/04/10,Mon,25.100,25.020,25.275,24.970
2023/04/09,Sun,,,,
2023/04/08,Sat,,,,
2023/04/07,Fri,,,,
2023/04/06,Thu,25.090,25.093,25.175,24.695
2023/04/05,Wed,25.235,25.143,25.175,24.695
2023/04/04,Tue,24.105,25.201,25.295,24.785
2023/04/03,Mon,24.050,24.118,25.195,23.970
2023/04/02,Sun,,,,
2023/04/01,Sat,,,,
2023/03/31,Fri,24.050,24.156,24.310,23.830
2023/03/30,Thu,23.630,24.076,24.310,23.830
2023/03/29,Wed,23.470,23.466,24.100,23.370
2023/03/28,Tue,23.210,23.420,23.555,23.205
2023/03/27,Mon,23.485,23.145,23.515,22.960
2023/03/26,Sun,,,,
2023/03/25,Sat,,,,
2023/03/24,Fri,23.240,23.247,23.705,23.125
2023/03/23,Thu,23.100,23.256,23.705,23.125
2023/03/22,Wed,22.510,22.786,23.360,22.900
2023/03/21,Tue,22.665,22.425,23.240,22.410
2023/03/20,Mon,22.710,22.646,22.785,22.290
2023/03/19,Sun,,,,
2023/03/18,Sat,,,,
2023/03/17,Fri,21.750,22.351,22.065,21.750
2023/03/16,Thu,21.925,21.692,22.765,21.785
2023/03/15,Wed,21.795,21.882,22.210,21.590
2023/03/14,Tue,21.920,22.040,22.525,21.605
2023/03/13,Mon,20.720,21.923,22.090,21.465
2023/03/12,Sun,,,,
2023/03/11,Sat,,,,
2023/03/10,Fri,20.145,20.375,20.875,19.945
2023/03/09,Thu,20.125,20.165,20.875,19.945
2023/03/08,Wed,20.165,20.151,20.355,20.025
2023/03/07,Tue,21.140,20.199,20.290,19.955
2023/03/06,Mon,21.385,21.135,21.215,20.105
2023/03/05,Sun,,,,
2023/03/04,Sat,,,,
2023/03/03,Fri,20.990,21.238,21.385,20.910
2023/03/02,Thu,21.085,20.901,21.385,20.910
2023/03/01,Wed,21.030,21.095,21.100,20.760
2023/02/28,Tue,20.740,21.071,21.285,20.945
2023/02/27,Mon,20.915,20.793,21.125,20.505
2023/02/26,Sun,,,,
2023/02/25,Sat,,,,
2023/02/24,Fri,21.330,20.810,21.395,20.725
2023/02/23,Thu,21.610,21.376,21.395,20.725
2023/02/22,Wed,21.970,21.748,21.670,21.260
2023/02/21,Tue,21.770,21.970,22.000,21.435
2023/02/20,Mon,21.595,21.808,21.902,21.558
2023/02/19,Sun,,,,
2023/02/18,Sat,,,,
2023/02/17,Fri,21.585,21.715,21.800,21.155
2023/02/16,Thu,21.840,21.810,21.800,21.155
2023/02/15,Wed,21.800,21.659,21.790,21.400
2023/02/14,Tue,21.845,21.961,21.875,21.385
2023/02/13,Mon,22.020,21.942,22.040,21.585
2023/02/12,Sun,,,,
2023/02/11,Sat,,,,
2023/02/10,Fri,22.015,22.075,22.310,21.830
2023/02/09,Thu,22.545,22.241,22.310,21.830
2023/02/08,Wed,22.420,22.520,22.615,21.915
2023/02/07,Tue,22.415,22.277,22.560,22.205
2023/02/06,Mon,22.655,22.337,22.485,22.065
2023/02/05,Sun,,,,
2023/02/04,Sat,,,,
2023/02/03,Fri,23.515,22.405,23.665,22.325
2023/02/02,Thu,24.450,23.715,23.665,22.325
2023/02/01,Wed,24.010,23.703,24.750,23.495
2023/01/31,Tue,23.860,23.930,24.150,23.440
2023/01/30,Mon,23.905,23.821,23.865,23.050
2023/01/29,Sun,,,,
2023/01/28,Sat,,,,
2023/01/27,Fri,23.845,23.534,23.850,23.500
2023/01/26,Thu,24.055,24.020,24.120,23.390
2023/01/25,Wed,23.765,23.941,24.415,23.690
2023/01/24,Tue,23.565,23.749,24.065,23.440
2023/01/23,Mon,24.055,23.554,23.855,23.310
2023/01/22,Sun,,,,
2023/01/21,Sat,,,,
2023/01/20,Fri,23.950,23.860,24.055,23.870
2023/01/19,Thu,23.595,23.870,24.225,23.830
2023/01/18,Wed,24.090,23.647,24.075,23.270
2023/01/17,Tue,24.450,24.068,24.500,23.550
2023/01/16,Mon,24.413,24.455,24.665,24.087
2023/01/15,Sun,,,,
2023/01/14,Sat,,,,
2023/01/13,Fri,23.880,24.279,24.310,23.555
2023/01/12,Thu,23.530,24.004,24.445,23.620
2023/01/11,Wed,23.720,23.481,24.330,23.500
2023/01/10,Tue,23.775,23.665,24.190,23.340
2023/01/09,Mon,24.025,23.871,23.905,23.550
2023/01/08,Sun,,,,
2023/01/07,Sat,,,,
2023/01/06,Fri,23.385,23.982,24.055,23.345
2023/01/05,Thu,23.940,23.424,24.055,23.345
2023/01/04,Wed,24.175,23.964,24.060,23.260
2023/01/03,Tue,24.305,24.236,24.640,23.745
2023/01/02,Mon,24.177,24.328,24.775,24.095
2023/01/01,Sun,,,,
2022/12/31,Sat,,,,
2022/12/30,Fri,24.105,24.040,24.360,23.705
2022/12/29,Thu,23.725,24.250,24.360,23.705
2022/12/28,Wed,24.115,23.756,24.280,23.690
2022/12/27,Tue,23.935,24.142,24.275,23.645
2022/12/26,Mon,24.008,24.055,24.495,23.975
2022/12/25,Sun,,,,
2022/12/24,Sat,,,,
2022/12/23,Fri,23.740,23.920,24.095,23.685
2022/12/22,Thu,24.085,23.561,24.095,23.685
2022/12/21,Wed,24.305,24.121,24.315,23.550
2022/12/20,Tue,23.095,24.183,24.525,24.055
2022/12/19,Mon,23.305,23.117,24.490,23.050
2022/12/18,Sun,,,,
2022/12/17,Sat,,,,
2022/12/16,Fri,23.270,23.328,23.445,22.735
2022/12/15,Thu,24.075,23.229,23.445,22.735
2022/12/14,Wed,23.865,24.049,24.180,23.155
2022/12/13,Tue,23.565,23.909,24.275,23.605
2022/12/12,Mon,23.435,23.314,24.390,23.490
2022/12/11,Sun,,,,
2022/12/10,Sat,,,,
2022/12/09,Fri,23.305,23.717,23.900,23.140
2022/12/08,Thu,22.715,23.157,23.900,23.140
2022/12/07,Wed,22.400,22.837,23.425,22.725
2022/12/06,Tue,22.435,22.256,23.010,22.255
2022/12/05,Mon,23.310,22.324,22.780,22.190
2022/12/04,Sun,,,,
2022/12/03,Sat,,,,
2022/12/02,Fri,22.975,23.250,23.475,22.480
2022/12/01,Thu,22.680,22.786,23.475,22.480
2022/11/30,Wed,21.755,21.727,23.005,22.240
2022/11/29,Tue,21.130,21.392,22.410,21.355
2022/11/28,Mon,21.520,21.002,21.635,21.060
2022/11/27,Sun,,,,
2022/11/26,Sat,,,,
2022/11/25,Fri,21.785,21.609,21.880,21.355
2022/11/24,Thu,21.637,21.508,21.730,21.488
2022/11/23,Wed,21.170,21.436,21.730,21.175
2022/11/22,Tue,20.975,21.130,21.630,20.925
2022/11/21,Mon,21.110,20.952,21.370,20.860
2022/11/20,Sun,,,,
2022/11/19,Sat,,,,
2022/11/18,Fri,21.020,20.997,21.325,20.870
2022/11/17,Thu,21.605,21.054,21.325,20.870
2022/11/16,Wed,21.725,21.604,21.535,20.785
2022/11/15,Tue,22.090,21.593,22.155,21.455
2022/11/14,Mon,21.735,22.178,22.380,21.450
2022/11/13,Sun,,,,
2022/11/12,Sat,,,,
2022/11/11,Fri,21.770,21.667,22.160,21.355
2022/11/10,Thu,21.280,21.772,22.160,21.355
2022/11/09,Wed,21.495,21.381,21.940,21.045
2022/11/08,Tue,20.900,21.567,21.695,21.055
2022/11/07,Mon,20.650,20.981,21.720,20.570
2022/11/06,Sun,,,,
2022/11/05,Sat,,,,
2022/11/04,Fri,19.500,20.784,20.965,19.425
2022/11/03,Thu,19.455,19.485,20.965,19.425
2022/11/02,Wed,19.675,19.654,19.555,18.805
2022/11/01,Tue,19.160,19.728,20.110,19.200
2022/10/31,Mon,19.010,19.184,20.040,19.085
2022/10/30,Sun,,,,
2022/10/29,Sat,,,,
2022/10/28,Fri,19.565,19.147,19.620,18.950
2022/10/27,Thu,19.555,19.494,19.620,18.950
2022/10/26,Wed,19.325,19.486,19.660,19.255
2022/10/25,Tue,19.195,19.349,19.765,19.180
2022/10/24,Mon,19.395,19.189,19.410,18.740
2022/10/23,Sun,,,,
2022/10/22,Sat,,,,
2022/10/21,Fri,18.565,19.052,19.305,18.230
2022/10/20,Thu,18.405,18.689,19.405,18.205
2022/10/19,Wed,18.685,18.359,18.960,18.150
2022/10/18,Tue,18.625,18.600,18.755,18.305
2022/10/17,Mon,18.160,18.719,18.865,18.490
2022/10/16,Sun,,,,
2022/10/15,Sat,,,,
2022/10/14,Fri,18.725,18.037,18.970,18.025
2022/10/13,Thu,19.010,18.918,19.055,18.010
2022/10/12,Wed,19.175,18.938,19.290,18.410
2022/10/11,Tue,19.630,19.487,19.310,18.840
2022/10/10,Mon,20.185,19.615,19.725,19.050
2022/10/09,Sun,,,,
2022/10/08,Sat,,,,
2022/10/07,Fri,20.710,20.255,20.875,20.020
2022/10/06,Thu,20.750,20.660,20.875,20.020
2022/10/05,Wed,21.120,20.544,20.930,20.400
2022/10/04,Tue,20.745,21.099,21.135,19.985
2022/10/03,Mon,18.995,20.589,21.310,20.680
2022/10/02,Sun,,,,
2022/10/01,Sat,,,,
2022/09/30,Fri,18.810,19.039,19.300,18.745
2022/09/29,Thu,18.910,18.712,19.300,18.745
2022/09/28,Wed,18.360,18.841,18.915,18.465
2022/09/27,Tue,18.380,18.302,18.965,17.895
2022/09/26,Mon,18.525,18.453,18.785,18.295
2022/09/25,Sun,,,,
2022/09/24,Sat,,,,
2022/09/23,Fri,19.210,18.881,19.210,18.770
2022/09/22,Thu,19.235,19.587,19.745,18.760
2022/09/21,Wed,19.660,19.447,19.890,19.250
2022/09/20,Tue,19.525,19.146,19.960,19.230
2022/09/19,Mon,19.555,19.319,19.605,19.070
2022/09/18,Sun,,,,
2022/09/17,Sat,,,,
2022/09/16,Fri,19.005,19.341,19.520,18.940
2022/09/15,Thu,19.410,19.227,19.640,18.770
2022/09/14,Wed,19.265,19.525,19.625,19.110
2022/09/13,Tue,19.410,19.449,19.685,19.215
2022/09/12,Mon,18.810,19.816,19.930,19.295
2022/09/11,Sun,,,,
2022/09/10,Sat,,,,
2022/09/09,Fri,18.730,18.725,18.730,18.660
2022/09/08,Thu,18.325,18.402,18.860,18.445
2022/09/07,Wed,17.820,18.220,18.665,18.240
2022/09/06,Tue,17.845,17.868,18.400,17.740
2022/09/05,Mon,17.823,18.087,18.117,17.820
2022/09/04,Sun,,,,
2022/09/03,Sat,,,,
2022/09/02,Fri,17.665,17.881,18.165,17.620
2022/09/01,Thu,17.700,17.632,18.165,17.620
2022/08/31,Wed,17.960,17.849,17.865,17.400
2022/08/30,Tue,18.675,18.244,18.390,17.800
2022/08/29,Mon,18.750,18.602,18.700,18.225
2022/08/28,Sun,,,,
2022/08/27,Sat,,,,
2022/08/26,Fri,19.130,18.746,19.345,18.680
2022/08/25,Thu,19.155,19.147,19.345,18.680
2022/08/24,Wed,19.045,18.942,19.260,18.955
2022/08/23,Tue,18.885,19.064,19.105,18.815
2022/08/22,Mon,19.050,18.918,19.155,18.650
2022/08/21,Sun,,,,
2022/08/20,Sat,,,,
2022/08/19,Fri,19.470,19.069,19.480,18.925
2022/08/18,Thu,19.810,19.508,19.480,18.925
2022/08/17,Wed,20.205,19.776,19.885,19.410
2022/08/16,Tue,20.265,20.128,20.240,19.630
2022/08/15,Mon,20.810,20.317,20.250,19.860
2022/08/14,Sun,,,,
2022/08/13,Sat,,,,
2022/08/12,Fri,20.260,20.698,20.850,20.190
2022/08/11,Thu,20.610,20.394,20.850,20.190
2022/08/10,Wed,20.545,20.790,20.605,20.190
2022/08/09,Tue,20.670,20.531,20.830,20.315
2022/08/08,Mon,19.825,20.664,20.740,20.400
2022/08/07,Sun,,,,
2022/08/06,Sat,,,,
2022/08/05,Fri,20.160,19.842,20.280,19.470
2022/08/04,Thu,20.015,20.173,20.280,19.470
2022/08/03,Wed,19.920,19.947,20.380,19.930
2022/08/02,Tue,20.460,20.189,20.140,19.750
2022/08/01,Mon,20.500,20.412,20.495,19.915
2022/07/31,Sun,,,,
2022/07/30,Sat,,,,
2022/07/29,Fri,19.990,20.197,20.350,19.825
2022/07/28,Thu,19.185,19.918,20.350,19.825
2022/07/27,Wed,18.535,18.600,20.000,19.010
2022/07/26,Tue,18.330,18.535,19.095,18.360
2022/07/25,Mon,18.540,18.328,18.620,18.285
2022/07/24,Sun,,,,
2022/07/23,Sat,,,,
2022/07/22,Fri,18.785,18.617,18.880,18.420
2022/07/21,Thu,18.610,18.719,18.880,18.420
2022/07/20,Wed,18.695,18.668,18.805,18.120
2022/07/19,Tue,18.655,18.713,19.030,18.565
2022/07/18,Mon,18.675,18.840,18.845,18.510
2022/07/17,Sun,,,,
2022/07/16,Sat,,,,
2022/07/15,Fri,18.335,18.594,18.695,18.095
2022/07/14,Thu,19.180,18.225,18.695,18.095
2022/07/13,Wed,18.870,19.194,19.180,18.010
2022/07/12,Tue,19.055,18.958,19.360,18.790
2022/07/11,Mon,19.265,19.132,19.135,18.630
2022/07/10,Sun,,,,
2022/07/09,Sat,,,,
2022/07/08,Fri,19.170,19.236,19.390,18.935
2022/07/07,Thu,19.170,19.188,19.390,18.935
2022/07/06,Wed,19.155,19.159,19.435,19.035
2022/07/05,Tue,19.880,19.121,19.325,18.705
2022/07/04,Mon,19.788,19.938,19.953,19.677
2022/07/03,Sun,,,,
2022/07/02,Sat,,,,
2022/07/01,Fri,20.290,19.667,20.290,19.295
2022/06/30,Thu,20.725,20.352,20.290,19.295
2022/06/29,Wed,20.840,20.738,20.785,20.145
2022/06/28,Tue,21.170,20.839,21.065,20.610
2022/06/27,Mon,21.245,21.178,21.355,20.720
2022/06/26,Sun,,,,
2022/06/25,Sat,,,,
2022/06/24,Fri,20.980,21.159,21.245,20.600
2022/06/23,Thu,21.435,21.056,21.205,20.545
2022/06/22,Wed,21.555,21.465,21.495,20.890
2022/06/21,Tue,21.600,21.813,21.675,21.205
2022/06/20,Mon,21.617,21.578,21.727,21.438
2022/06/19,Sun,,,,
2022/06/18,Sat,,,,
2022/06/17,Fri,22.060,21.681,22.060,21.655
2022/06/16,Thu,21.705,21.928,21.965,21.560
2022/06/15,Wed,21.260,21.463,21.970,21.320
2022/06/14,Tue,21.120,21.000,21.845,20.970
2022/06/13,Mon,22.080,21.305,21.360,20.845
2022/06/12,Sun,,,,
2022/06/11,Sat,,,,
2022/06/10,Fri,21.815,22.024,22.105,21.355
2022/06/09,Thu,22.135,21.864,22.020,21.235
2022/06/08,Wed,22.120,22.148,22.165,21.535
2022/06/07,Tue,22.310,22.233,22.275,21.795
2022/06/06,Mon,22.310,22.147,22.300,21.840
2022/06/05,Sun,,,,
2022/06/04,Sat,,,,
2022/06/03,Fri,22.355,21.908,22.525,21.860
2022/06/02,Thu,21.950,22.330,22.525,21.860
2022/06/01,Wed,21.540,21.962,22.380,21.785
2022/05/31,Tue,21.815,21.737,21.995,21.410
2022/05/30,Mon,22.057,21.927,22.312,21.915
2022/05/29,Sun,,,,
2022/05/28,Sat,,,,
2022/05/27,Fri,22.035,22.138,22.475,21.940
2022/05/26,Thu,21.975,21.965,22.475,21.940
2022/05/25,Wed,22.115,21.870,22.075,21.730
2022/05/24,Tue,21.770,22.063,22.145,21.725
2022/05/23,Mon,21.780,21.723,22.215,21.645
2022/05/22,Sun,,,,
2022/05/21,Sat,,,,
2022/05/20,Fri,21.965,21.674,22.080,21.580
2022/05/19,Thu,21.430,21.908,22.080,21.580
2022/05/18,Wed,21.665,21.544,22.010,21.250
2022/05/17,Tue,21.650,21.750,21.750,21.365
2022/05/16,Mon,21.105,21.551,21.925,21.520
2022/05/15,Sun,,,,
2022/05/14,Sat,,,,
2022/05/13,Fri,20.635,21.001,21.125,20.420
2022/05/12,Thu,21.555,20.773,21.125,20.420
2022/05/11,Wed,21.210,21.575,21.625,20.590
2022/05/10,Tue,21.770,21.424,21.970,21.200
2022/05/09,Mon,22.395,21.820,22.085,21.155
2022/05/08,Sun,,,,
2022/05/07,Sat,,,,
2022/05/06,Fri,22.520,22.367,22.665,22.110
2022/05/05,Thu,23.040,22.443,22.665,22.110
2022/05/04,Wed,22.600,22.402,23.345,22.325
2022/05/03,Tue,22.700,22.665,23.125,22.220
2022/05/02,Mon,22.785,22.584,22.890,22.440
2022/05/01,Sun,,,,
2022/04/30,Sat,,,,
2022/04/29,Fri,23.230,23.085,23.650,22.710
2022/04/28,Thu,23.365,23.181,23.650,22.710
2022/04/27,Wed,23.650,23.483,23.455,22.940
2022/04/26,Tue,23.790,23.572,23.765,23.275
2022/04/25,Mon,24.180,23.698,23.975,23.445
2022/04/24,Sun,,,,
2022/04/23,Sat,,,,
2022/04/22,Fri,24.640,24.280,24.690,24.145
2022/04/21,Thu,25.300,24.657,24.740,24.080
2022/04/20,Wed,25.210,25.303,25.310,24.480
2022/04/19,Tue,26.045,25.426,25.400,24.980
2022/04/18,Mon,26.110,26.181,26.195,25.165
2022/04/17,Sun,,,,
2022/04/16,Sat,,,,
2022/04/15,Fri,25.855,25.855,25.855,25.855
2022/04/14,Thu,25.955,25.700,26.115,25.460
2022/04/13,Wed,25.620,26.060,26.115,25.460
2022/04/12,Tue,25.275,25.769,26.070,25.530
2022/04/11,Mon,24.985,25.022,25.840,25.025
2022/04/10,Sun,,,,
2022/04/09,Sat,,,,
2022/04/08,Fri,24.725,24.823,24.935,24.495
2022/04/07,Thu,24.515,24.785,24.935,24.495
2022/04/06,Wed,24.625,24.509,24.780,24.335
2022/04/05,Tue,24.900,24.588,24.680,24.200
2022/04/04,Mon,24.750,24.636,25.110,24.355
2022/04/03,Sun,,,,
2022/04/02,Sat,,,,
2022/04/01,Fri,24.990,24.654,25.040,24.565
2022/03/31,Thu,24.780,25.158,25.040,24.565
2022/03/30,Wed,25.010,25.146,25.285,24.670
2022/03/29,Tue,25.010,24.736,25.265,24.855
2022/03/28,Mon,25.725,25.196,25.135,24.045
2022/03/27,Sun,,,,
2022/03/26,Sat,,,,
2022/03/25,Fri,25.850,25.615,26.035,25.470
2022/03/24,Thu,25.285,25.920,26.035,25.470
2022/03/23,Wed,24.915,25.189,26.160,25.170
2022/03/22,Tue,25.410,24.904,25.370,24.780
2022/03/21,Mon,25.150,25.313,25.590,24.695
2022/03/20,Sun,,,,
2022/03/19,Sat,,,,
2022/03/18,Fri,25.595,25.087,25.640,24.980
2022/03/17,Thu,25.240,25.616,25.640,24.980
2022/03/16,Wed,25.115,24.710,25.750,25.165
2022/03/15,Tue,25.260,25.158,25.250,24.550
2022/03/14,Mon,26.280,25.298,25.315,24.750
2022/03/13,Sun,,,,
2022/03/12,Sat,,,,
2022/03/11,Fri,26.255,26.160,26.350,25.695
2022/03/10,Thu,26.060,26.256,26.350,25.695
2022/03/09,Wed,26.925,25.816,26.425,25.600
2022/03/08,Tue,25.805,26.895,27.390,25.730
2022/03/07,Mon,26.025,25.720,27.495,25.550
2022/03/06,Sun,,,,
2022/03/05,Sat,,,,
2022/03/04,Fri,25.285,25.789,25.920,25.155
2022/03/03,Thu,25.450,25.212,25.920,25.155
2022/03/02,Wed,25.505,25.190,25.665,25.075
2022/03/01,Tue,24.455,25.541,25.545,24.960
2022/02/28,Mon,24.620,24.366,25.650,24.345
2022/02/27,Sun,,,,
2022/02/26,Sat,,,,
2022/02/25,Fri,24.330,24.017,24.550,23.920
2022/02/24,Thu,24.655,24.697,24.550,23.920
2022/02/23,Wed,24.140,24.574,25.670,23.860
2022/02/22,Tue,24.080,24.331,24.620,24.050
2022/02/21,Mon,24.032,24.038,24.207,23.707
2022/02/20,Sun,,,,
2022/02/19,Sat,,,,
2022/02/18,Fri,23.900,24.038,24.165,23.745
2022/02/17,Thu,23.580,23.903,24.115,23.700
2022/02/16,Wed,23.425,23.633,23.930,23.440
2022/02/15,Tue,24.010,23.369,23.670,23.290
2022/02/14,Mon,23.700,23.877,24.015,23.070
2022/02/13,Sun,,,,
2022/02/12,Sat,,,,
2022/02/11,Fri,23.245,23.420,23.755,22.910
2022/02/10,Thu,23.680,23.545,23.710,22.855
2022/02/09,Wed,23.290,23.362,23.735,23.145
2022/02/08,Tue,22.845,23.221,23.365,23.095
2022/02/07,Mon,22.575,23.098,23.265,22.770
2022/02/06,Sun,,,,
2022/02/05,Sat,,,,
2022/02/04,Fri,22.460,22.517,22.725,22.140
2022/02/03,Thu,22.635,22.397,22.690,22.100
2022/02/02,Wed,22.675,22.730,22.660,21.985
2022/02/01,Tue,22.750,22.618,22.875,22.465
2022/01/31,Mon,22.575,22.419,23.060,22.405
2022/01/30,Sun,,,,
2022/01/29,Sat,,,,
2022/01/28,Fri,22.840,22.340,22.850,22.200
2022/01/27,Thu,23.565,22.676,22.830,22.150
2022/01/26,Wed,23.850,23.807,23.625,22.585
2022/01/25,Tue,24.045,23.896,24.025,23.460
2022/01/24,Mon,24.305,23.800,24.045,23.635
2022/01/23,Sun,,,,
2022/01/22,Sat,,,,
2022/01/21,Fri,24.530,24.357,24.655,24.260
2022/01/20,Thu,24.185,24.716,24.640,24.205
2022/01/19,Wed,23.505,24.231,24.755,24.125
2022/01/18,Tue,22.995,23.492,24.265,23.430
2022/01/17,Mon,22.970,23.043,23.133,22.855
2022/01/16,Sun,,,,
2022/01/15,Sat,,,,
2022/01/14,Fri,23.130,22.954,23.370,22.885
2022/01/13,Thu,23.190,23.162,23.345,22.845
2022/01/12,Wed,22.820,23.207,23.315,23.025
2022/01/11,Tue,22.500,22.812,23.260,22.680
2022/01/10,Mon,22.385,22.462,22.860,22.480
2022/01/09,Sun,,,,
2022/01/08,Sat,,,,
2022/01/07,Fri,22.225,22.443,22.485,21.985
2022/01/06,Thu,22.810,22.190,22.460,21.945
2022/01/05,Wed,23.095,23.170,22.850,22.000
2022/01/04,Tue,22.920,23.056,23.300,22.750
2022/01/03,Mon,23.385,22.810,23.140,22.655
2022/01/02,Sun,,,,
2022/01/01,Sat,,,,
2021/12/31,Fri,23.100,23.381,23.410,23.100
2021/12/30,Thu,22.870,23.060,23.390,23.070
2021/12/29,Wed,23.000,22.850,23.155,22.630
2021/12/28,Tue,23.170,23.113,23.185,22.600
2021/12/27,Mon,22.880,22.981,23.480,23.005
2021/12/26,Sun,,,,
2021/12/25,Sat,,,,
2021/12/24,Fri,22.910,22.910,22.910,22.910
2021/12/23,Thu,22.815,22.940,22.965,22.680
2021/12/22,Wed,22.455,22.804,22.965,22.680
2021/12/21,Tue,22.240,22.513,22.860,22.440
2021/12/20,Mon,22.260,22.281,22.805,22.185
2021/12/19,Sun,,,,
2021/12/18,Sat,,,,
2021/12/17,Fri,22.450,22.507,22.485,22.450
2021/12/16,Thu,22.165,22.471,22.690,22.355
2021/12/15,Wed,21.825,21.530,22.560,21.930
2021/12/14,Tue,21.910,21.909,22.130,21.410
2021/12/13,Mon,22.230,22.315,22.355,21.670
2021/12/12,Sun,,,,
2021/12/11,Sat,,,,
2021/12/10,Fri,21.885,22.160,22.165,21.800
2021/12/09,Thu,22.435,22.001,22.240,21.815
2021/12/08,Wed,22.415,22.422,22.475,21.840
2021/12/07,Tue,22.310,22.512,22.580,22.305
2021/12/06,Mon,22.530,22.252,22.625,22.230
2021/12/05,Sun,,,,
2021/12/04,Sat,,,,
2021/12/03,Fri,22.410,22.445,22.470,22.040
2021/12/02,Thu,22.480,22.304,22.590,22.035
2021/12/01,Wed,22.945,22.324,22.505,22.215
2021/11/30,Tue,22.870,22.799,23.060,22.185
2021/11/29,Mon,23.160,22.836,23.355,22.705
2021/11/28,Sun,,,,
2021/11/27,Sat,,,,
2021/11/26,Fri,23.580,23.107,23.735,22.915
2021/11/25,Thu,23.585,23.582,23.733,23.562
2021/11/24,Wed,23.680,23.514,23.735,22.915
2021/11/23,Tue,24.245,23.452,23.695,23.400
2021/11/22,Mon,24.670,24.318,24.340,23.280
2021/11/21,Sun,,,,
2021/11/20,Sat,,,,
2021/11/19,Fri,24.850,24.781,25.040,24.610
2021/11/18,Thu,25.200,24.919,25.040,24.610
2021/11/17,Wed,24.880,25.185,25.230,24.730
2021/11/16,Tue,25.185,24.963,25.285,24.850
2021/11/15,Mon,25.420,25.124,25.490,24.825
2021/11/14,Sun,,,,
2021/11/13,Sat,,,,
2021/11/12,Fri,25.350,25.346,25.470,24.925
2021/11/11,Thu,24.735,25.320,25.470,24.925
2021/11/10,Wed,24.315,24.791,25.365,24.645
2021/11/09,Tue,24.545,24.337,25.220,24.040
2021/11/08,Mon,24.170,24.561,24.565,24.090
2021/11/07,Sun,,,,
2021/11/06,Sat,,,,
2021/11/05,Fri,23.870,24.157,24.255,23.665
2021/11/04,Thu,23.635,23.930,24.255,23.665
2021/11/03,Wed,23.565,23.251,24.115,23.485
2021/11/02,Tue,24.120,23.524,23.665,23.045
2021/11/01,Mon,23.990,24.091,24.140,23.430
2021/10/31,Sun,,,,
2021/10/30,Sat,,,,
2021/10/29,Fri,24.135,23.949,24.140,23.705
2021/10/28,Thu,24.150,24.139,24.140,23.705
2021/10/27,Wed,24.220,24.191,24.310,24.020
2021/10/26,Tue,24.650,24.088,24.330,23.905
2021/10/25,Mon,24.395,24.592,24.655,23.925
2021/10/24,Sun,,,,
2021/10/23,Sat,,,,
2021/10/22,Fri,24.220,24.449,24.920,24.185
2021/10/21,Thu,24.370,24.170,24.920,24.185
2021/10/20,Wed,23.710,24.445,24.550,24.070
2021/10/19,Tue,23.250,23.883,24.495,23.615
2021/10/18,Mon,23.380,23.264,24.180,23.220
2021/10/17,Sun,,,,
2021/10/16,Sat,,,,
2021/10/15,Fri,23.565,23.349,23.645,23.100
2021/10/14,Thu,23.100,23.477,23.645,23.100
2021/10/13,Wed,22.570,23.170,23.625,22.925
2021/10/12,Tue,22.610,22.514,23.285,22.480
2021/10/11,Mon,22.685,22.665,22.790,22.325
2021/10/10,Sun,,,,
2021/10/09,Sat,,,,
2021/10/08,Fri,22.610,22.705,23.220,22.435
2021/10/07,Thu,22.640,22.658,23.220,22.435
2021/10/06,Wed,22.635,22.532,22.840,22.385
2021/10/05,Tue,22.725,22.608,22.700,22.185
2021/10/04,Mon,22.600,22.644,22.730,22.380
2021/10/03,Sun,,,,
2021/10/02,Sat,,,,
2021/10/01,Fri,22.185,22.536,22.600,21.990
2021/09/30,Thu,21.515,22.047,22.600,21.990
2021/09/29,Wed,22.475,21.485,22.225,21.460
2021/09/28,Tue,22.635,22.460,22.565,21.410
2021/09/27,Mon,22.435,22.685,22.680,22.080
2021/09/26,Sun,,,,
2021/09/25,Sat,,,,
2021/09/24,Fri,22.530,22.425,22.790,22.090
2021/09/23,Thu,22.590,22.663,22.790,22.090
2021/09/22,Wed,22.485,22.890,22.880,22.465
2021/09/21,Tue,22.210,22.593,23.150,22.455
2021/09/20,Mon,22.325,22.185,22.720,22.210
2021/09/19,Sun,,,,
2021/09/18,Sat,,,,
2021/09/17,Fri,22.910,22.337,23.130,22.305
2021/09/16,Thu,23.515,22.774,23.130,22.305
2021/09/15,Wed,23.865,23.779,24.000,22.585
2021/09/14,Tue,23.695,23.863,23.940,23.670
2021/09/13,Mon,23.455,23.775,23.980,23.435
2021/09/12,Sun,,,,
2021/09/11,Sat,,,,
2021/09/10,Fri,24.100,23.900,24.345,23.760
2021/09/09,Thu,23.975,24.156,24.345,23.760
2021/09/08,Wed,24.095,24.036,24.355,23.865
2021/09/07,Tue,24.810,24.357,24.480,23.940
2021/09/06,Mon,24.808,24.742,24.887,24.707
2021/09/05,Sun,,,,
2021/09/04,Sat,,,,
2021/09/03,Fri,23.950,24.802,24.945,23.910
2021/09/02,Thu,23.900,23.900,24.945,23.910
2021/09/01,Wed,23.935,24.201,24.275,23.815
2021/08/31,Tue,23.965,23.991,24.325,23.775
2021/08/30,Mon,24.130,23.992,24.270,23.830
2021/08/29,Sun,,,,
2021/08/28,Sat,,,,
2021/08/27,Fri,23.610,24.110,24.180,23.355
2021/08/26,Thu,23.895,23.567,24.135,23.305
2021/08/25,Wed,23.815,23.795,23.895,23.420
2021/08/24,Tue,23.625,23.909,23.910,23.590
2021/08/23,Mon,23.035,23.666,23.975,23.545
2021/08/22,Sun,,,,
2021/08/21,Sat,,,,
2021/08/20,Fri,23.210,23.112,23.300,22.835
2021/08/19,Thu,23.355,23.239,23.300,22.835
2021/08/18,Wed,23.660,23.430,23.515,23.080
2021/08/17,Tue,23.870,23.666,23.830,23.265
2021/08/16,Mon,23.755,23.799,23.955,23.565
2021/08/15,Sun,,,,
2021/08/14,Sat,,,,
2021/08/13,Fri,23.155,23.779,23.830,23.130
2021/08/12,Thu,23.130,23.122,23.830,23.130
2021/08/11,Wed,23.495,23.496,23.530,22.970
2021/08/10,Tue,23.525,23.402,23.565,23.190
2021/08/09,Mon,23.750,23.279,23.675,23.220
2021/08/08,Sun,,,,
2021/08/07,Sat,,,,
2021/08/06,Fri,25.195,24.326,25.230,24.205
2021/08/05,Thu,25.480,25.303,25.230,24.205
2021/08/04,Wed,25.500,25.474,25.565,25.115
2021/08/03,Tue,25.515,25.595,26.090,25.375
2021/08/02,Mon,25.570,25.590,25.665,25.270
2021/08/01,Sun,,,,
2021/07/31,Sat,,,,
2021/07/30,Fri,25.600,25.547,25.685,25.395
2021/07/29,Thu,25.075,25.799,25.685,25.395
2021/07/28,Wed,24.730,24.877,25.875,25.000
2021/07/27,Tue,25.255,24.649,25.060,24.655
2021/07/26,Mon,25.270,25.318,25.320,24.515
2021/07/25,Sun,,,,
2021/07/24,Sat,,,,
2021/07/23,Fri,25.480,25.233,25.535,25.050
2021/07/22,Thu,25.330,25.381,25.535,25.050
2021/07/21,Wed,24.975,25.255,25.515,25.060
2021/07/20,Tue,25.240,24.995,25.365,24.790
2021/07/19,Mon,25.700,25.144,25.315,24.840
2021/07/18,Sun,,,,
2021/07/17,Sat,,,,
2021/07/16,Fri,26.430,25.795,26.550,25.640
2021/07/15,Thu,26.325,26.394,26.550,25.640
2021/07/14,Wed,26.055,26.271,26.490,26.245
2021/07/13,Tue,26.320,26.140,26.575,26.010
2021/07/12,Mon,26.185,26.239,26.440,26.005
2021/07/11,Sun,,,,
2021/07/10,Sat,,,,
2021/07/09,Fri,26.005,26.234,26.300,25.820
2021/07/08,Thu,26.265,25.987,26.300,25.820
2021/07/07,Wed,26.265,26.129,26.310,25.875
2021/07/06,Tue,26.640,26.174,26.545,26.060
2021/07/05,Mon,26.698,26.538,26.745,26.503
2021/07/04,Sun,,,,
2021/07/03,Sat,,,,
2021/07/02,Fri,26.145,26.501,26.700,26.100
2021/07/01,Thu,26.250,26.100,26.700,26.100
2021/06/30,Wed,25.875,26.194,26.525,26.045
2021/06/29,Tue,26.235,25.901,26.275,25.800
2021/06/28,Mon,26.215,26.239,26.235,25.580
2021/06/27,Sun,,,,
2021/06/26,Sat,,,,
2021/06/25,Fri,26.055,26.126,26.415,26.010
2021/06/24,Thu,25.935,26.069,26.380,25.970
2021/06/23,Wed,25.860,26.132,26.245,25.865
2021/06/22,Tue,26.000,25.876,26.370,25.800
2021/06/21,Mon,25.950,26.043,26.085,25.735
2021/06/20,Sun,,,,
2021/06/19,Sat,,,,
2021/06/18,Fri,25.950,25.969,26.555,25.770
2021/06/17,Thu,27.200,25.873,26.555,25.770
2021/06/16,Wed,27.800,27.828,27.320,25.820
2021/06/15,Tue,27.780,27.710,27.970,26.700
2021/06/14,Mon,28.110,28.054,28.030,27.485
2021/06/13,Sun,,,,
2021/06/12,Sat,,,,
2021/06/11,Fri,28.145,28.146,28.445,28.025
2021/06/10,Thu,27.820,28.047,28.445,28.025
2021/06/09,Wed,27.750,28.017,28.180,27.475
2021/06/08,Tue,28.110,27.747,28.145,27.620
2021/06/07,Mon,27.920,28.033,28.120,27.610
2021/06/06,Sun,,,,
2021/06/05,Sat,,,,
2021/06/04,Fri,27.530,27.896,27.980,27.310
2021/06/03,Thu,28.320,27.492,27.980,27.310
2021/06/02,Wed,27.880,28.220,28.370,27.090
2021/06/01,Tue,28.070,28.119,28.320,27.765
2021/05/31,Mon,28.055,28.192,28.258,27.997
2021/05/30,Sun,,,,
2021/05/29,Sat,,,,
2021/05/28,Fri,27.980,28.014,28.095,27.480
2021/05/27,Thu,27.805,27.955,28.095,27.480
2021/05/26,Wed,28.105,27.877,27.995,27.575
2021/05/25,Tue,27.880,28.056,28.340,27.685
2021/05/24,Mon,27.690,27.905,28.160,27.545
2021/05/23,Sun,,,,
2021/05/22,Sat,,,,
2021/05/21,Fri,27.870,27.486,28.195,27.265
2021/05/20,Thu,27.840,28.067,28.195,27.265
2021/05/19,Wed,28.300,28.025,28.125,27.490
2021/05/18,Tue,28.325,28.333,28.365,27.425
2021/05/17,Mon,27.515,28.274,28.900,28.120
2021/05/16,Sun,,,,
2021/05/15,Sat,,,,
2021/05/14,Fri,27.190,27.365,27.595,26.920
2021/05/13,Thu,27.095,27.059,27.595,26.920
2021/05/12,Wed,27.760,27.244,27.330,26.780
2021/05/11,Tue,27.400,27.667,27.830,27.030
2021/05/10,Mon,27.680,27.492,27.780,27.180
2021/05/09,Sun,,,,
2021/05/08,Sat,,,,
2021/05/07,Fri,27.450,27.477,27.800,27.230
2021/05/06,Thu,26.590,27.477,27.800,27.230
2021/05/05,Wed,26.595,26.522,27.585,26.245
2021/05/04,Tue,27.015,26.558,26.710,26.165
2021/05/03,Mon,25.990,26.960,27.240,26.160
2021/05/02,Sun,,,,
2021/05/01,Sat,,,,
2021/04/30,Fri,26.170,25.873,26.275,25.855
2021/04/29,Thu,26.300,26.085,26.275,25.855
2021/04/28,Wed,26.345,26.102,26.580,25.745
2021/04/27,Tue,26.325,26.430,26.345,25.840
2021/04/26,Mon,26.020,26.228,26.515,26.100
2021/04/25,Sun,,,,
2021/04/24,Sat,,,,
2021/04/23,Fri,26.240,26.114,26.510,25.930
2021/04/22,Thu,26.640,26.200,26.470,25.890
2021/04/21,Wed,25.960,26.586,26.670,26.025
2021/04/20,Tue,25.820,25.854,26.730,25.795
2021/04/19,Mon,26.000,25.852,26.150,25.725
2021/04/18,Sun,,,,
2021/04/17,Sat,,,,
2021/04/16,Fri,25.960,26.140,26.410,25.835
2021/04/15,Thu,25.465,25.979,26.380,25.795
2021/04/14,Wed,25.430,25.539,26.070,25.380
2021/04/13,Tue,24.885,25.442,25.590,25.235
2021/04/12,Mon,25.300,24.882,25.540,24.680
2021/04/11,Sun,,,,
2021/04/10,Sat,,,,
2021/04/09,Fri,25.575,25.359,25.575,25.040
2021/04/08,Thu,25.380,25.604,25.555,25.010
2021/04/07,Wed,25.210,25.267,25.675,25.020
2021/04/06,Tue,24.840,25.247,25.330,24.895
2021/04/05,Mon,25.050,24.801,25.355,24.795
2021/04/04,Sun,,,,
2021/04/03,Sat,,,,
2021/04/02,Fri,,,,
2021/04/01,Thu,24.460,24.948,25.045,24.270
2021/03/31,Wed,23.930,24.552,25.045,24.270
2021/03/30,Tue,24.745,24.157,24.565,23.740
2021/03/29,Mon,25.105,24.771,24.770,23.880
2021/03/28,Sun,,,,
2021/03/27,Sat,,,,
2021/03/26,Fri,25.150,25.114,25.335,24.920
2021/03/25,Thu,25.170,25.047,25.335,24.920
2021/03/24,Wed,25.120,25.231,25.255,24.435
2021/03/23,Tue,25.850,25.227,25.430,25.020
2021/03/22,Mon,26.340,25.769,25.915,25.050
2021/03/21,Sun,,,,
2021/03/20,Sat,,,,
2021/03/19,Fri,26.150,26.321,26.400,25.925
2021/03/18,Thu,26.400,26.351,26.400,25.925
2021/03/17,Wed,26.005,26.058,26.740,25.875
2021/03/16,Tue,26.340,26.003,26.615,25.805
2021/03/15,Mon,26.070,26.288,26.405,25.885
2021/03/14,Sun,,,,
2021/03/13,Sat,,,,
2021/03/12,Fri,26.195,25.911,26.235,25.425
2021/03/11,Thu,26.315,26.193,26.235,25.425
2021/03/10,Wed,26.025,26.130,26.545,25.885
2021/03/09,Tue,25.170,26.183,26.315,25.610
2021/03/08,Mon,25.400,25.269,26.220,25.090
2021/03/07,Sun,,,,
2021/03/06,Sat,,,,
2021/03/05,Fri,25.385,25.287,25.505,24.845
2021/03/04,Thu,26.175,25.461,25.505,24.845
2021/03/03,Wed,26.860,26.387,26.385,25.080
2021/03/02,Tue,26.630,26.879,26.915,25.875
2021/03/01,Mon,26.700,26.678,26.985,25.820
2021/02/28,Sun,,,,
2021/02/27,Sat,,,,
2021/02/26,Fri,27.530,26.440,27.650,26.160
2021/02/25,Thu,28.080,27.685,27.650,26.160
2021/02/24,Wed,27.760,27.894,28.345,27.345
2021/02/23,Tue,28.290,27.717,28.080,27.365
2021/02/22,Mon,27.640,28.111,28.425,27.285
2021/02/21,Sun,,,,
2021/02/20,Sat,,,,
2021/02/19,Fri,27.110,27.254,27.710,26.105
2021/02/18,Thu,27.450,27.098,27.710,26.105
2021/02/17,Wed,27.220,27.335,27.595,26.905
2021/02/16,Tue,27.520,27.341,27.490,26.915
2021/02/15,Mon,27.503,27.672,27.802,27.468
2021/02/14,Sun,,,,
2021/02/13,Sat,,,,
2021/02/12,Fri,27.020,27.328,27.500,26.910
2021/02/11,Thu,27.145,27.072,27.500,26.910
2021/02/10,Wed,27.460,27.108,27.350,26.750
2021/02/09,Tue,27.400,27.427,27.595,26.880
2021/02/08,Mon,27.180,27.589,27.875,27.130
2021/02/07,Sun,,,,
2021/02/06,Sat,,,,
2021/02/05,Fri,26.420,27.019,27.105,26.255
2021/02/04,Thu,26.645,26.261,27.105,26.255
2021/02/03,Wed,26.880,26.914,27.015,25.935
2021/02/02,Tue,29.000,26.426,27.260,26.545
2021/02/01,Mon,28.860,29.441,29.150,26.350
2021/01/31,Sun,,,,
2021/01/30,Sat,,,,
2021/01/29,Fri,26.625,26.914,27.770,26.150
2021/01/28,Thu,25.360,25.945,27.770,26.150
2021/01/27,Wed,25.530,25.389,27.100,24.895
2021/01/26,Tue,25.395,25.538,25.545,24.715
2021/01/25,Mon,25.535,25.484,25.720,25.230
2021/01/24,Sun,,,,
2021/01/23,Sat,,,,
2021/01/22,Fri,26.025,25.556,26.045,25.050
2021/01/21,Thu,25.910,25.854,26.045,25.050
2021/01/20,Wed,25.290,25.766,26.130,25.700
2021/01/19,Tue,24.835,25.320,25.960,25.060
2021/01/18,Mon,24.250,25.045,25.200,24.250
2021/01/17,Sun,,,,
2021/01/16,Sat,,,,
2021/01/15,Fri,25.610,24.866,25.865,24.610
2021/01/14,Thu,25.290,25.802,25.865,24.610
2021/01/13,Wed,25.655,25.572,25.990,25.095
2021/01/12,Tue,25.015,25.435,25.785,25.170
2021/01/11,Mon,25.470,25.284,25.745,25.000
2021/01/10,Sun,,,,
2021/01/09,Sat,,,,
2021/01/08,Fri,27.280,24.637,27.335,24.530
2021/01/07,Thu,27.410,27.261,27.335,24.530
2021/01/06,Wed,27.720,27.042,27.495,27.020
2021/01/05,Tue,27.355,27.640,28.105,26.700
2021/01/04,Mon,26.770,27.364,27.850,27.150
2021/01/03,Sun,,,,
2021/01/02,Sat,,,,
2021/01/01,Fri,26.525,26.525,26.525,26.525
2020/12/31,Thu,26.835,26.412,26.880,26.345
2020/12/30,Wed,26.325,26.573,26.880,26.345
2020/12/29,Tue,26.500,26.183,26.835,26.260
2020/12/28,Mon,26.095,26.510,26.770,26.075
2020/12/27,Sun,,,,
2020/12/26,Sat,,,,
2020/12/25,Fri,,,,
2020/12/24,Thu,25.740,25.908,26.080,25.535
2020/12/23,Wed,25.435,25.885,26.080,25.535
2020/12/22,Tue,26.530,25.500,25.960,25.185
2020/12/21,Mon,26.400,26.340,26.815,25.225
2020/12/20,Sun,,,,
2020/12/19,Sat,,,,
2020/12/18,Fri,26.255,26.033,26.350,25.865
2020/12/17,Thu,25.430,26.150,26.350,25.865
2020/12/16,Wed,24.605,25.018,26.305,25.335
2020/12/15,Tue,24.040,24.614,25.640,24.575
2020/12/14,Mon,24.070,24.022,24.700,23.940
2020/12/13,Sun,,,,
2020/12/12,Sat,,,,
2020/12/11,Fri,24.135,24.092,24.245,23.690
2020/12/10,Thu,23.980,24.073,24.245,23.690
2020/12/09,Wed,24.655,23.963,24.430,23.825
2020/12/08,Tue,24.810,24.711,24.755,23.695
2020/12/07,Mon,24.250,24.776,25.015,24.550
2020/12/06,Sun,,,,
2020/12/05,Sat,,,,
2020/12/04,Fri,24.195,24.253,24.585,24.065
2020/12/03,Thu,23.990,24.120,24.585,24.065
2020/12/02,Wed,23.820,24.066,24.420,23.850
2020/12/01,Tue,22.690,24.080,22.690,22.690
2020/11/30,Mon,22.745,22.583,22.230,22.230
2020/11/29,Sun,,,,
2020/11/28,Sat,,,,
2020/11/27,Fri,23.485,22.639,23.575,22.400
2020/11/26,Thu,23.395,23.215,23.505,23.190
2020/11/25,Wed,23.295,23.387,23.155,23.155
2020/11/24,Tue,23.630,23.330,23.000,23.000
2020/11/23,Mon,24.265,23.675,23.525,23.525
2020/11/22,Sun,,,,
2020/11/21,Sat,,,,
2020/11/20,Fri,24.115,24.363,24.600,23.955
2020/11/19,Thu,24.385,24.085,23.745,23.745
2020/11/18,Wed,24.460,24.480,24.350,24.350
2020/11/17,Tue,24.880,24.686,24.600,24.600
2020/11/16,Mon,25.085,24.837,24.350,24.350
2020/11/15,Sun,,,,
2020/11/14,Sat,,,,
2020/11/13,Fri,24.365,24.775,24.900,24.215
2020/11/12,Thu,24.380,24.350,24.200,24.200
2020/11/11,Wed,24.350,24.306,23.955,23.955
2020/11/10,Tue,24.280,24.502,24.020,24.020
2020/11/09,Mon,26.070,23.736,23.725,23.725
2020/11/08,Sun,,,,
2020/11/07,Sat,,,,
2020/11/06,Fri,25.450,25.662,25.975,25.010
2020/11/05,Thu,24.185,25.232,24.185,24.185
2020/11/04,Wed,24.520,23.933,23.415,23.415
2020/11/03,Tue,24.245,24.374,24.025,24.025
2020/11/02,Mon,23.710,24.073,23.710,23.710
2020/11/01,Sun,,,,
2020/10/31,Sat,,,,
2020/10/30,Fri,23.350,23.646,23.910,23.230
2020/10/29,Thu,23.555,23.408,22.865,22.865
2020/10/28,Wed,24.495,23.359,23.060,23.060
2020/10/27,Tue,24.385,24.570,24.265,24.265
2020/10/26,Mon,24.750,24.420,24.145,24.145
2020/10/25,Sun,,,,
2020/10/24,Sat,,,,
2020/10/23,Fri,24.835,24.675,24.980,24.500
2020/10/22,Thu,25.180,24.709,24.460,24.460
2020/10/21,Wed,24.795,25.241,24.775,24.775
2020/10/20,Tue,24.485,24.980,24.405,24.405
2020/10/19,Mon,24.290,24.698,24.215,24.215
2020/10/18,Sun,,,,
2020/10/17,Sat,,,,
2020/10/16,Fri,24.430,24.405,24.660,24.185
2020/10/15,Thu,24.370,24.224,23.650,23.650
2020/10/14,Wed,24.240,24.395,23.930,23.930
2020/10/13,Tue,25.240,24.129,24.015,24.015
2020/10/12,Mon,25.280,25.271,24.905,24.905
2020/10/11,Sun,,,,
2020/10/10,Sat,,,,
2020/10/09,Fri,23.970,25.108,25.330,23.965
2020/10/08,Thu,23.925,23.876,23.775,23.775
2020/10/07,Wed,23.160,23.896,23.090,23.090
2020/10/06,Tue,24.520,23.921,22.965,22.965
2020/10/05,Mon,24.075,24.560,23.805,23.805
2020/10/04,Sun,,,,
2020/10/03,Sat,,,,
2020/10/02,Fri,23.900,24.029,24.355,23.580
2020/10/01,Thu,23.355,24.254,23.325,23.325
2020/09/30,Wed,24.505,23.494,23.235,23.235
2020/09/29,Tue,23.805,24.445,23.510,23.510
2020/09/28,Mon,23.140,23.572,22.790,22.790
2020/09/27,Sun,,,,
2020/09/26,Sat,,,,
2020/09/25,Fri,23.240,23.093,23.415,22.520
2020/09/24,Thu,22.940,23.162,21.820,21.820
2020/09/23,Wed,24.150,23.069,22.745,22.745
2020/09/22,Tue,25.145,24.488,24.150,24.150
2020/09/21,Mon,26.790,24.356,24.385,24.385
2020/09/20,Sun,,,,
2020/09/19,Sat,,,,
2020/09/18,Fri,27.285,27.129,27.580,26.870
2020/09/17,Thu,27.000,27.066,26.610,26.610
2020/09/16,Wed,27.455,27.443,27.455,27.455
2020/09/15,Tue,27.220,27.429,27.220,27.220
2020/09/14,Mon,27.115,27.310,27.115,27.115
2020/09/13,Sun,,,,
2020/09/12,Sat,,,,
2020/09/11,Fri,27.035,26.857,27.240,26.725
2020/09/10,Thu,27.190,27.249,27.190,27.190
2020/09/09,Wed,27.150,27.041,27.150,27.150
2020/09/08,Tue,27.040,26.947,25.985,25.985
2020/09/07,Mon,27.047,27.065,27.380,26.828
2020/09/06,Sun,,,,
2020/09/05,Sat,,,,
2020/09/04,Fri,26.765,26.712,27.245,26.455
2020/09/03,Thu,27.190,26.828,26.635,26.635
2020/09/02,Wed,28.300,27.343,27.410,27.410
2020/09/01,Tue,28.750,28.575,28.155,28.155
2020/08/31,Mon,28.230,28.530,28.230,28.230
2020/08/30,Sun,,,,
2020/08/29,Sat,,,,
2020/08/28,Fri,27.265,27.790,27.990,27.050
2020/08/27,Thu,27.695,27.090,26.630,26.630
2020/08/26,Wed,26.615,27.514,26.225,26.225
2020/08/25,Tue,26.845,26.328,26.230,26.230
2020/08/24,Mon,26.865,26.661,26.410,26.410
2020/08/23,Sun,,,,
2020/08/22,Sat,,,,
2020/08/21,Fri,27.375,26.732,27.635,26.095
2020/08/20,Thu,26.805,27.192,26.725,26.725
2020/08/19,Wed,28.075,27.385,26.585,26.585
2020/08/18,Tue,27.570,28.115,27.375,27.375
2020/08/17,Mon,26.760,27.717,26.115,26.115
2020/08/16,Sun,,,,
2020/08/15,Sat,,,,
2020/08/14,Fri,27.620,26.089,27.885,25.780
2020/08/13,Thu,25.715,27.762,25.715,25.715
2020/08/12,Wed,25.200,26.023,23.665,23.665
2020/08/11,Tue,29.275,26.100,24.725,24.725
2020/08/10,Mon,28.260,29.311,28.175,28.175
2020/08/09,Sun,,,,
2020/08/08,Sat,,,,
2020/08/07,Fri,29.025,27.540,29.915,27.430
2020/08/06,Thu,27.150,28.470,27.145,27.145
2020/08/05,Wed,26.530,26.953,25.925,25.925
2020/08/04,Tue,24.570,26.091,24.570,24.570
2020/08/03,Mon,24.480,24.505,24.300,24.300
2020/08/02,Sun,,,,
2020/08/01,Sat,,,,
2020/07/31,Fri,23.625,24.216,24.670,23.410
2020/07/30,Thu,24.735,23.450,23.280,23.280
2020/07/29,Wed,24.580,24.321,23.435,23.435
2020/07/28,Tue,24.700,24.300,22.460,22.460
2020/07/27,Mon,22.970,24.501,22.940,22.940
2020/07/26,Sun,,,,
2020/07/25,Sat,,,,
2020/07/24,Fri,22.835,22.850,23.185,22.580
2020/07/23,Thu,23.405,22.988,22.475,22.475
2020/07/22,Wed,21.700,23.144,21.680,21.680
2020/07/21,Tue,20.340,21.557,20.315,20.315
2020/07/20,Mon,19.765,20.192,19.655,19.655
2020/07/19,Sun,,,,
2020/07/18,Sat,,,,
2020/07/17,Fri,19.535,19.764,19.790,19.355
2020/07/16,Thu,19.820,19.573,19.475,19.475
2020/07/15,Wed,19.645,19.761,19.525,19.525
2020/07/14,Tue,19.455,19.530,19.240,19.240
2020/07/13,Mon,19.080,19.788,19.080,19.080
2020/07/12,Sun,,,,
2020/07/11,Sat,,,,
2020/07/10,Fri,19.025,19.053,19.195,18.910
2020/07/09,Thu,19.150,18.962,18.830,18.830
2020/07/08,Wed,18.625,19.161,18.585,18.585
2020/07/07,Tue,18.585,18.699,18.235,18.235
2020/07/06,Mon,18.270,18.582,18.245,18.245
2020/07/05,Sun,,,,
2020/07/04,Sat,,,,
2020/07/03,Fri,18.250,18.315,18.345,18.223
2020/07/02,Thu,18.285,18.322,17.995,17.995
2020/07/01,Wed,18.580,18.218,18.095,18.095
2020/06/30,Tue,18.095,18.637,18.020,18.020
2020/06/29,Mon,18.110,18.064,17.935,17.935
2020/06/28,Sun,,,,
2020/06/27,Sat,,,,
2020/06/26,Fri,17.925,18.035,18.125,17.560
2020/06/25,Thu,17.635,17.968,17.560,17.560
2020/06/24,Wed,18.230,17.734,17.600,17.600
2020/06/23,Tue,17.940,18.155,17.900,17.900
2020/06/22,Mon,18.040,17.992,17.880,17.880
2020/06/21,Sun,,,,
2020/06/20,Sat,,,,
2020/06/19,Fri,17.490,17.847,18.030,17.470
2020/06/18,Thu,17.750,17.601,17.570,17.570
2020/06/17,Wed,17.800,17.860,17.725,17.725
2020/06/16,Tue,17.665,17.735,17.550,17.550
2020/06/15,Mon,17.635,17.484,17.125,17.125
2020/06/14,Sun,,,,
2020/06/13,Sat,,,,
2020/06/12,Fri,17.755,17.482,17.870,17.470
2020/06/11,Thu,18.360,17.970,17.830,17.830
2020/06/10,Wed,18.030,17.884,17.845,17.845
2020/06/09,Tue,17.920,17.896,17.830,17.830
2020/06/08,Mon,17.635,17.995,17.635,17.635
2020/06/07,Sun,,,,
2020/06/06,Sat,,,,
2020/06/05,Fri,18.020,17.479,18.050,17.375
2020/06/04,Thu,17.860,18.116,17.860,17.860
2020/06/03,Wed,18.295,18.013,17.765,17.765
2020/06/02,Tue,18.850,18.315,18.400,18.400
2020/06/01,Mon,18.740,18.869,18.685,18.685
2020/05/31,Sun,,,,
2020/05/30,Sat,,,,
2020/05/29,Fri,17.920,18.499,18.550,17.810
2020/05/28,Thu,17.855,18.009,17.775,17.775
2020/05/27,Wed,17.560,17.757,17.225,17.225
2020/05/26,Tue,17.630,17.595,17.370,17.370
2020/05/25,Mon,17.637,17.642,17.685,17.370
2020/05/24,Sun,,,,
2020/05/23,Sat,,,,
2020/05/22,Fri,17.435,17.693,17.770,17.190
2020/05/21,Thu,18.055,17.364,17.260,17.260
2020/05/20,Wed,17.875,18.031,17.755,17.755
2020/05/19,Tue,17.370,17.901,17.340,17.340
2020/05/18,Mon,17.225,17.468,17.125,17.125
2020/05/17,Sun,,,,
2020/05/16,Sat,,,,
2020/05/15,Fri,16.185,17.070,17.150,16.155
2020/05/14,Thu,15.755,16.156,15.660,15.660
2020/05/13,Wed,15.625,15.671,15.545,15.545
2020/05/12,Tue,15.700,15.709,15.525,15.525
2020/05/11,Mon,15.755,15.680,15.510,15.510
2020/05/10,Sun,,,,
2020/05/09,Sat,,,,
2020/05/08,Fri,15.625,15.778,15.980,15.505
2020/05/07,Thu,14.920,15.590,14.920,14.920
2020/05/06,Wed,15.115,15.015,14.840,14.840
2020/05/05,Tue,14.845,15.110,14.760,14.760
2020/05/04,Mon,15.075,14.796,14.760,14.760
2020/05/03,Sun,,,,
2020/05/02,Sat,,,,
2020/05/01,Fri,15.075,14.938,15.150,14.820
2020/04/30,Thu,15.530,14.973,14.850,14.850
2020/04/29,Wed,15.330,15.315,15.235,15.235
2020/04/28,Tue,15.375,15.260,15.025,15.025
2020/04/27,Mon,15.475,15.299,15.240,15.240
2020/04/26,Sun,,,,
2020/04/25,Sat,,,,
2020/04/24,Fri,15.535,15.445,15.730,15.275
2020/04/23,Thu,15.350,15.381,15.310,15.310
2020/04/22,Wed,15.085,15.359,14.875,14.875
2020/04/21,Tue,15.610,14.900,14.700,14.700
2020/04/20,Mon,15.380,15.638,15.380,15.380
2020/04/19,Sun,,,,
2020/04/18,Sat,,,,
2020/04/17,Fri,15.890,15.445,15.945,15.335
2020/04/16,Thu,15.625,15.646,15.625,15.625
2020/04/15,Wed,16.090,15.529,15.600,15.600
2020/04/14,Tue,15.810,16.154,15.810,15.810
2020/04/13,Mon,16.000,15.561,15.470,15.470
2020/04/12,Sun,,,,
2020/04/11,Sat,,,,
2020/04/10,Fri,15.915,15.915,15.915,15.915
2020/04/09,Thu,15.255,16.242,16.300,15.245
2020/04/08,Wed,15.280,15.229,15.155,15.155
2020/04/07,Tue,15.650,15.504,15.265,15.265
2020/04/06,Mon,14.655,15.193,14.645,14.645
2020/04/05,Sun,,,,
2020/04/04,Sat,,,,
2020/04/03,Fri,14.655,14.523,14.765,14.465
2020/04/02,Thu,14.585,14.678,14.575,14.575
2020/04/01,Wed,14.175,14.008,14.175,14.175
2020/03/31,Tue,14.105,14.180,14.105,14.105
2020/03/30,Mon,14.730,14.156,13.995,13.995
2020/03/29,Sun,,,,
2020/03/28,Sat,,,,
2020/03/27,Fri,14.630,14.583,14.800,14.365
2020/03/26,Thu,14.770,14.676,14.400,14.400
2020/03/25,Wed,14.415,14.873,14.205,14.205
2020/03/24,Tue,13.320,14.257,13.220,13.220
2020/03/23,Mon,12.615,13.261,12.290,12.290
2020/03/22,Sun,,,,
2020/03/21,Sat,,,,
2020/03/20,Fri,12.110,12.425,13.140,12.090
2020/03/19,Thu,11.975,12.134,11.760,11.760
2020/03/18,Wed,12.610,11.772,11.640,11.640
2020/03/17,Tue,12.860,12.495,12.110,12.110
2020/03/16,Mon,15.100,12.816,11.770,11.770
2020/03/15,Sun,,,,
2020/03/14,Sat,,,,
2020/03/13,Fri,15.830,14.534,15.890,14.460
2020/03/12,Thu,16.720,16.005,15.505,15.505
2020/03/11,Wed,16.875,16.776,16.660,16.660
2020/03/10,Tue,17.020,16.955,16.790,16.790
2020/03/09,Mon,17.490,17.054,16.550,16.550
2020/03/08,Sun,,,,
2020/03/07,Sat,,,,
2020/03/06,Fri,17.545,17.315,17.610,17.070
2020/03/05,Thu,17.230,17.393,17.150,17.150
2020/03/04,Wed,17.205,17.246,17.075,17.075
2020/03/03,Tue,16.665,17.188,16.665,16.665
2020/03/02,Mon,16.500,16.739,16.445,16.445
2020/03/01,Sun,,,,
2020/02/29,Sat,,,,
2020/02/28,Fri,17.690,16.387,17.795,16.340
2020/02/27,Thu,17.945,17.735,17.630,17.630
2020/02/26,Wed,18.035,17.874,17.785,17.785
2020/02/25,Tue,18.665,18.229,17.910,17.910
2020/02/24,Mon,18.675,18.923,18.585,18.585
2020/02/23,Sun,,,,
2020/02/22,Sat,,,,
2020/02/21,Fri,18.360,18.530,18.625,18.335
2020/02/20,Thu,18.415,18.367,18.255,18.255
2020/02/19,Wed,18.200,18.359,18.200,18.200
2020/02/18,Tue,17.760,18.192,17.760,17.760
2020/02/17,Mon,17.712,17.788,17.863,17.703
2020/02/16,Sun,,,,
2020/02/15,Sat,,,,
2020/02/14,Fri,17.625,17.734,17.790,17.595
2020/02/13,Thu,17.575,17.660,17.575,17.575
2020/02/12,Wed,17.620,17.537,17.480,17.480
2020/02/11,Tue,17.770,17.638,17.595,17.595
2020/02/10,Mon,17.765,17.826,17.725,17.725
2020/02/09,Sun,,,,
2020/02/08,Sat,,,,
2020/02/07,Fri,17.810,17.692,17.855,17.605
2020/02/06,Thu,17.635,17.857,17.635,17.635
2020/02/05,Wed,17.585,17.643,17.560,17.560
2020/02/04,Tue,17.745,17.600,17.585,17.585
2020/02/03,Mon,18.135,17.712,17.640,17.640
2020/02/02,Sun,,,,
2020/02/01,Sat,,,,
2020/01/31,Fri,17.825,18.012,18.090,17.760
2020/01/30,Thu,17.620,18.032,17.620,17.620
2020/01/29,Wed,17.440,17.487,17.280,17.280
2020/01/28,Tue,18.095,17.458,17.420,17.420
2020/01/27,Mon,18.260,18.056,18.040,18.040
2020/01/26,Sun,,,,
2020/01/25,Sat,,,,
2020/01/24,Fri,17.800,18.113,18.145,17.740
2020/01/23,Thu,17.835,17.829,17.590,17.590
2020/01/22,Wed,17.785,17.828,17.675,17.675
2020/01/21,Tue,18.040,17.808,17.620,17.620
2020/01/20,Mon,18.045,18.073,18.133,18.003
2020/01/19,Sun,,,,
2020/01/18,Sat,,,,
2020/01/17,Fri,17.950,18.073,18.185,17.905
2020/01/16,Thu,18.010,17.939,17.875,17.875
2020/01/15,Wed,17.800,17.988,17.755,17.755
2020/01/14,Tue,17.975,17.742,17.690,17.690
2020/01/13,Mon,18.130,17.996,17.935,17.935
2020/01/12,Sun,,,,
2020/01/11,Sat,,,,
2020/01/10,Fri,17.920,18.105,18.175,17.860
2020/01/09,Thu,18.120,17.936,17.815,17.815
2020/01/08,Wed,18.450,18.167,18.085,18.085
2020/01/07,Tue,18.185,18.393,17.975,17.975
2020/01/06,Mon,18.170,18.179,18.045,18.045
2020/01/05,Sun,,,,
2020/01/04,Sat,,,,
2020/01/03,Fri,18.070,18.151,18.325,18.040
2020/01/02,Thu,17.905,18.046,17.830,17.830
2020/01/01,Wed,17.913,17.938,18.000,17.913
2019/12/31,Tue,17.970,17.921,18.200,17.870
2019/12/30,Mon,17.860,18.001,18.020,17.830
2019/12/29,Sun,,,,
2019/12/28,Sat,,,,
2019/12/27,Fri,17.995,17.943,18.050,17.815
2019/12/26,Thu,17.795,17.956,18.100,17.785
2019/12/25,Wed,17.850,17.832,17.863,17.808
2019/12/24,Tue,17.515,17.853,17.865,17.425
2019/12/23,Mon,17.250,17.463,17.460,17.250
2019/12/22,Sun,,,,
2019/12/21,Sat,,,,
2019/12/20,Fri,17.115,17.224,17.315,17.080
2019/12/19,Thu,16.920,17.116,17.115,16.920
2019/12/18,Wed,17.075,17.010,17.075,16.980
2019/12/17,Tue,17.090,17.036,17.115,17.045
2019/12/16,Mon,16.930,17.077,17.085,16.930
2019/12/15,Sun,,,,
2019/12/14,Sat,,,,
2019/12/13,Fri,16.970,17.012,17.095,16.895
2019/12/12,Thu,16.895,16.912,17.095,16.800
2019/12/11,Wed,16.840,16.810,16.875,16.840
2019/12/10,Tue,16.655,16.664,16.770,16.625
2019/12/09,Mon,16.595,16.600,16.595,16.595
2019/12/08,Sun,,,,
2019/12/07,Sat,,,,
2019/12/06,Fri,17.020,16.596,17.125,16.575
2019/12/05,Thu,16.905,17.019,16.995,16.905
2019/12/04,Wed,17.200,16.881,17.200,16.900
2019/12/03,Tue,17.050,17.204,17.220,17.035
2019/12/02,Mon,17.025,16.916,17.025,16.870
2019/12/01,Sun,,,,
2019/11/30,Sat,,,,
2019/11/29,Fri,17.060,17.106,17.125,16.935
2019/11/28,Thu,17.080,17.032,17.102,17.003
2019/11/27,Wed,17.190,17.009,17.200,17.025
2019/11/26,Tue,16.840,17.096,17.125,16.840
2019/11/25,Mon,16.995,16.939,17.000,16.880
2019/11/24,Sun,,,,
2019/11/23,Sat,,,,
2019/11/22,Fri,17.220,17.147,17.355,17.100
2019/11/21,Thu,17.210,17.116,17.210,17.065
2019/11/20,Wed,17.120,17.166,17.220,17.065
2019/11/19,Tue,17.080,17.169,17.200,17.000
2019/11/18,Mon,17.015,17.051,17.080,16.795
2019/11/17,Sun,,,,
2019/11/16,Sat,,,,
2019/11/15,Fri,17.135,17.092,17.150,16.920
2019/11/14,Thu,17.000,17.078,17.115,16.945
2019/11/13,Wed,16.815,16.963,17.000,16.815
2019/11/12,Tue,16.730,16.740,16.835,16.680
2019/11/11,Mon,16.815,16.852,16.955,16.690
2019/11/10,Sun,,,,
2019/11/09,Sat,,,,
2019/11/08,Fri,17.070,16.823,17.095,16.660
2019/11/07,Thu,17.655,17.065,17.690,17.000
2019/11/06,Wed,17.635,17.654,17.660,17.450
2019/11/05,Tue,18.115,17.623,18.115,17.600
2019/11/04,Mon,18.195,18.123,18.210,18.035
2019/11/03,Sun,,,,
2019/11/02,Sat,,,,
2019/11/01,Fri,18.120,18.052,18.160,17.935
2019/10/31,Thu,17.990,18.124,18.165,17.975
2019/10/30,Wed,17.870,17.921,17.990,17.735
2019/10/29,Tue,17.870,17.831,17.905,17.605
2019/10/28,Mon,18.065,17.876,18.145,17.785
2019/10/27,Sun,,,,
2019/10/26,Sat,,,,
2019/10/25,Fri,17.835,17.926,18.350,17.800
2019/10/24,Thu,17.575,17.804,17.860,17.485
2019/10/23,Wed,17.550,17.580,17.630,17.515
2019/10/22,Tue,17.580,17.500,17.680,17.440
2019/10/21,Mon,17.615,17.602,17.895,17.530
2019/10/20,Sun,,,,
2019/10/19,Sat,,,,
2019/10/18,Fri,17.570,17.578,17.620,17.420
2019/10/17,Thu,17.415,17.612,17.665,17.330
2019/10/16,Wed,17.430,17.427,17.490,17.180
2019/10/15,Tue,17.695,17.384,17.765,17.370
2019/10/14,Mon,17.590,17.710,17.735,17.455
2019/10/13,Sun,,,,
2019/10/12,Sat,,,,
2019/10/11,Fri,17.540,17.544,17.785,17.370
2019/10/10,Thu,17.800,17.602,17.935,17.455
2019/10/09,Wed,17.775,17.810,18.000,17.720
2019/10/08,Tue,17.490,17.700,17.860,17.305
2019/10/07,Mon,17.665,17.540,17.700,17.435
2019/10/06,Sun,,,,
2019/10/05,Sat,,,,
2019/10/04,Fri,17.630,17.625,17.745,17.330
2019/10/03,Thu,17.630,17.676,17.845,17.515
2019/10/02,Wed,17.310,17.683,17.730,17.240
2019/10/01,Tue,17.045,17.302,17.375,16.940
2019/09/30,Mon,17.590,16.998,17.660,16.980
2019/09/29,Sun,,,,
2019/09/28,Sat,,,,
2019/09/27,Fri,17.885,17.652,18.110,17.345
2019/09/26,Thu,17.915,17.864,18.050,17.760
2019/09/25,Wed,18.670,18.024,18.695,17.865
2019/09/24,Tue,18.640,18.579,18.710,18.285
2019/09/23,Mon,17.850,18.661,18.685,17.850
2019/09/22,Sun,,,,
2019/09/21,Sat,,,,
2019/09/20,Fri,17.870,17.849,18.060,17.810
2019/09/19,Thu,17.785,17.835,17.930,17.670
2019/09/18,Wed,18.060,17.869,18.060,17.570
2019/09/17,Tue,17.835,18.088,18.090,17.835
2019/09/16,Mon,17.775,17.974,17.940,17.775
2019/09/15,Sun,,,,
2019/09/14,Sat,,,,
2019/09/13,Fri,18.155,17.569,18.265,17.470
2019/09/12,Thu,18.130,18.125,18.440,18.080
2019/09/11,Wed,18.180,18.116,18.180,18.050
2019/09/10,Tue,18.000,18.131,18.185,18.000
2019/09/09,Mon,18.095,18.116,18.205,18.080
2019/09/08,Sun,,,,
2019/09/07,Sat,,,,
2019/09/06,Fri,18.715,18.119,18.890,18.045
2019/09/05,Thu,19.510,18.752,19.510,18.730
2019/09/04,Wed,19.320,19.493,19.425,19.320
2019/09/03,Tue,18.585,19.186,19.190,18.470
2019/09/02,Mon,18.562,18.492,18.652,18.367
2019/09/01,Sun,,,,
2019/08/31,Sat,,,,
2019/08/30,Fri,18.365,18.342,18.575,18.165
2019/08/29,Thu,18.450,18.274,18.760,18.150
2019/08/28,Wed,18.180,18.364,18.520,18.065
2019/08/27,Tue,17.670,18.199,18.220,17.655
2019/08/26,Mon,17.460,17.685,17.780,17.460
2019/08/25,Sun,,,,
2019/08/24,Sat,,,,
2019/08/23,Fri,17.180,17.554,17.605,17.105
2019/08/22,Thu,17.095,17.086,17.145,16.965
2019/08/21,Wed,17.140,17.197,17.215,17.080
2019/08/20,Tue,16.925,17.194,17.220,16.925
2019/08/19,Mon,17.150,16.985,17.150,16.870
2019/08/18,Sun,,,,
2019/08/17,Sat,,,,
2019/08/16,Fri,17.385,17.263,17.455,17.165
2019/08/15,Thu,17.240,17.254,17.355,17.160
2019/08/14,Wed,17.005,17.326,17.320,16.925
2019/08/13,Tue,17.350,17.028,17.525,16.560
2019/08/12,Mon,17.035,17.116,17.180,16.880
2019/08/11,Sun,,,,
2019/08/10,Sat,,,,
2019/08/09,Fri,16.940,16.931,17.140,16.860
2019/08/08,Thu,17.155,16.976,17.200,16.875
2019/08/07,Wed,16.525,17.237,17.275,16.525
2019/08/06,Tue,16.535,16.485,16.540,16.415
2019/08/05,Mon,16.285,16.433,16.565,16.285
2019/08/04,Sun,,,,
2019/08/03,Sat,,,,
2019/08/02,Fri,16.355,16.270,16.385,16.030
2019/08/01,Thu,16.040,16.217,16.395,16.040
2019/07/31,Wed,16.525,16.444,16.525,16.350
2019/07/30,Tue,16.615,16.601,16.765,16.560
2019/07/29,Mon,16.420,16.440,16.500,16.360
2019/07/28,Sun,,,,
2019/07/27,Sat,,,,
2019/07/26,Fri,16.455,16.397,16.550,16.355
2019/07/25,Thu,16.620,16.411,16.685,16.345
2019/07/24,Wed,16.435,16.626,16.680,16.350
2019/07/23,Tue,16.380,16.476,16.575,16.205
2019/07/22,Mon,16.255,16.411,16.455,16.195
2019/07/21,Sun,,,,
2019/07/20,Sat,,,,
2019/07/19,Fri,16.385,16.195,16.625,16.080
2019/07/18,Thu,16.005,16.198,16.385,15.960
2019/07/17,Wed,15.585,15.971,16.030,15.555
2019/07/16,Tue,15.415,15.678,15.735,15.340
2019/07/15,Mon,15.240,15.365,15.430,15.185
2019/07/14,Sun,,,,
2019/07/13,Sat,,,,
2019/07/12,Fri,15.135,15.236,15.270,15.070
2019/07/11,Thu,15.265,15.146,15.345,15.120
2019/07/10,Wed,15.135,15.226,15.315,15.070
2019/07/09,Tue,15.035,15.147,15.155,14.965
2019/07/08,Mon,15.050,15.050,15.150,14.985
2019/07/07,Sun,,,,
2019/07/06,Sat,,,,
2019/07/05,Fri,15.365,15.001,15.370,14.915
2019/07/04,Thu,15.342,15.350,15.370,15.252
2019/07/03,Wed,15.370,15.336,15.510,15.240
2019/07/02,Tue,15.160,15.238,15.365,15.070
2019/07/01,Mon,15.315,15.193,15.345,15.155
2019/06/30,Sun,,,,
2019/06/29,Sat,,,,
2019/06/28,Fri,15.322,15.352,15.387,15.248
2019/06/27,Thu,15.340,15.294,15.355,15.205
2019/06/26,Wed,15.360,15.335,15.375,15.195
2019/06/25,Tue,15.480,15.342,15.535,15.315
2019/06/24,Mon,15.400,15.418,15.485,15.330
2019/06/23,Sun,,,,
2019/06/22,Sat,,,,
2019/06/21,Fri,15.525,15.370,15.625,15.235
2019/06/20,Thu,15.190,15.529,15.515,15.160
2019/06/19,Wed,15.000,14.994,15.205,14.945
2019/06/18,Tue,14.860,15.029,15.060,14.860
2019/06/17,Mon,14.885,14.863,14.905,14.795
2019/06/16,Sun,,,,
2019/06/15,Sat,,,,
2019/06/14,Fri,14.965,14.878,15.190,14.850
2019/06/13,Thu,14.780,14.926,14.905,14.780
2019/06/12,Wed,14.800,14.786,14.870,14.785
2019/06/11,Tue,14.715,14.774,14.810,14.670
2019/06/10,Mon,14.855,14.674,14.855,14.665
2019/06/09,Sun,,,,
2019/06/08,Sat,,,,
2019/06/07,Fri,14.965,15.107,15.225,14.920
2019/06/06,Thu,14.970,14.941,14.995,14.915
2019/06/05,Wed,14.890,14.826,14.970,14.800
2019/06/04,Tue,14.785,14.808,14.805,14.745
2019/06/03,Mon,14.680,14.780,14.855,14.680
2019/06/02,Sun,,,,
2019/06/01,Sat,,,,
2019/05/31,Fri,14.510,14.555,14.668,14.457
2019/05/30,Thu,14.475,14.530,14.630,14.420
2019/05/29,Wed,14.325,14.411,14.450,14.320
2019/05/28,Tue,14.545,14.320,14.610,14.265
2019/05/27,Mon,14.553,14.572,14.607,14.537
2019/05/26,Sun,,,,
2019/05/25,Sat,,,,
2019/05/24,Fri,14.550,14.520,14.550,14.525
2019/05/23,Thu,14.420,14.613,14.635,14.400
2019/05/22,Wed,14.420,14.449,14.480,14.370
2019/05/21,Tue,14.435,14.410,14.460,14.350
2019/05/20,Mon,14.395,14.445,14.460,14.355
2019/05/19,Sun,,,,
2019/05/18,Sat,,,,
2019/05/17,Fri,14.485,14.348,14.580,14.345
2019/05/16,Thu,14.790,14.539,14.825,14.515
2019/05/15,Wed,14.800,14.812,14.865,14.765
2019/05/14,Tue,14.780,14.812,14.865,14.745
2019/05/13,Mon,14.775,14.777,14.815,14.615
2019/05/12,Sun,,,,
2019/05/11,Sat,,,,
2019/05/10,Fri,14.720,14.726,14.730,14.690
2019/05/09,Thu,14.845,14.773,14.875,14.705
2019/05/08,Wed,14.920,14.862,14.990,14.835
2019/05/07,Tue,14.910,14.926,14.955,14.810
2019/05/06,Mon,14.960,14.927,14.990,14.770
2019/05/05,Sun,,,,
2019/05/04,Sat,,,,
2019/05/03,Fri,14.560,14.907,14.900,14.560
2019/05/02,Thu,14.690,14.617,14.735,14.570
2019/05/01,Wed,14.975,14.729,14.985,14.620
2019/04/30,Tue,14.940,14.984,15.040,14.835
2019/04/29,Mon,15.115,14.933,15.115,14.905
2019/04/28,Sun,,,,
2019/04/27,Sat,,,,
2019/04/26,Fri,14.890,15.005,15.040,14.845
2019/04/25,Thu,14.920,14.920,15.015,14.860
2019/04/24,Wed,14.820,14.956,14.995,14.780
2019/04/23,Tue,14.995,14.829,15.025,14.735
2019/04/22,Mon,15.020,15.016,15.065,15.000
2019/04/21,Sun,,,,
2019/04/20,Sat,,,,
2019/04/19,Fri,14.965,14.965,14.965,14.965
2019/04/18,Thu,14.940,14.955,14.990,14.895
2019/04/17,Wed,15.005,14.979,15.095,14.965
2019/04/16,Tue,14.990,14.956,15.005,14.875
2019/04/15,Mon,14.980,15.021,15.030,14.845
2019/04/14,Sun,,,,
2019/04/13,Sat,,,,
2019/04/12,Fri,14.920,14.963,15.065,14.900
2019/04/11,Thu,15.250,14.911,15.255,14.900
2019/04/10,Wed,15.230,15.290,15.280,15.205
2019/04/09,Tue,15.280,15.259,15.300,15.235
2019/04/08,Mon,15.130,15.263,15.270,15.130
2019/04/07,Sun,,,,
2019/04/06,Sat,,,,
2019/04/05,Fri,15.115,15.086,15.180,15.040
2019/04/04,Thu,15.045,15.135,15.200,14.965
2019/04/03,Wed,15.190,15.153,15.190,15.085
2019/04/02,Tue,15.100,15.111,15.135,15.035
2019/04/01,Mon,15.175,15.148,15.200,15.115
2019/03/31,Sun,,,,
2019/03/30,Sat,,,,
2019/03/29,Fri,14.990,15.110,15.180,14.950
2019/03/28,Thu,15.370,15.019,15.410,15.045
2019/03/27,Wed,15.425,15.298,15.475,15.255
2019/03/26,Tue,15.545,15.429,15.560,15.390
2019/03/25,Mon,15.405,15.567,15.590,15.385
2019/03/24,Sun,,,,
2019/03/23,Sat,,,,
2019/03/22,Fri,15.475,15.407,15.550,15.365
2019/03/21,Thu,15.485,15.437,15.650,15.380
2019/03/20,Wed,15.360,15.318,15.565,15.265
2019/03/19,Tue,15.345,15.372,15.450,15.320
2019/03/18,Mon,15.315,15.322,15.425,15.220
2019/03/17,Sun,,,,
2019/03/16,Sat,,,,
2019/03/15,Fri,15.185,15.324,15.390,15.165
2019/03/14,Thu,15.455,15.171,15.470,15.135
2019/03/13,Wed,15.440,15.456,15.550,15.435
2019/03/12,Tue,15.330,15.413,15.490,15.310
2019/03/11,Mon,15.320,15.274,15.365,15.225
2019/03/10,Sun,,,,
2019/03/09,Sat,,,,
2019/03/08,Fri,15.055,15.349,15.385,15.015
2019/03/07,Thu,15.100,15.040,15.130,14.985
2019/03/06,Wed,15.150,15.085,15.175,15.055
2019/03/05,Tue,15.115,15.105,15.175,15.060
2019/03/04,Mon,15.225,15.105,15.295,15.075
2019/03/03,Sun,,,,
2019/03/02,Sat,,,,
2019/03/01,Fri,15.630,15.256,15.665,15.165
2019/02/28,Thu,15.770,15.634,15.860,15.605
2019/02/27,Wed,15.980,15.766,16.010,15.735
2019/02/26,Tue,15.880,15.879,15.930,15.780
2019/02/25,Mon,15.910,15.875,16.000,15.875
2019/02/24,Sun,,,,
2019/02/23,Sat,,,,
2019/02/22,Fri,15.770,15.914,15.935,15.760
2019/02/21,Thu,16.095,15.848,16.095,15.805
2019/02/20,Wed,16.055,16.225,16.220,16.030
2019/02/19,Tue,15.820,16.013,16.020,15.790
2019/02/18,Mon,15.752,15.787,15.828,15.738
2019/02/17,Sun,,,,
2019/02/16,Sat,,,,
2019/02/15,Fri,15.590,15.743,15.775,15.525
2019/02/14,Thu,15.600,15.575,15.640,15.510
2019/02/13,Wed,15.695,15.699,15.820,15.565
2019/02/12,Tue,15.845,15.740,15.845,15.845
2019/02/11,Mon,15.860,15.740,15.875,15.750
2019/02/10,Sun,,,,
2019/02/09,Sat,,,,
2019/02/08,Fri,15.740,15.809,15.860,15.650
2019/02/07,Thu,15.715,15.760,15.765,15.685
2019/02/06,Wed,15.850,15.749,15.850,15.790
2019/02/05,Tue,15.880,15.883,15.910,15.880
2019/02/04,Mon,15.830,15.928,15.830,15.830
2019/02/03,Sun,,,,
2019/02/02,Sat,,,,
2019/02/01,Fri,16.060,15.931,16.080,15.900
2019/01/31,Thu,16.080,16.120,16.080,16.080
2019/01/30,Wed,15.940,15.974,16.210,15.925
2019/01/29,Tue,15.755,15.839,15.925,15.725
2019/01/28,Mon,15.755,15.765,15.830,15.610
2019/01/27,Sun,,,,
2019/01/26,Sat,,,,
2019/01/25,Fri,15.320,15.699,15.765,15.300
2019/01/24,Thu,15.370,15.300,15.405,15.245
2019/01/23,Wed,15.345,15.380,15.445,15.275
2019/01/22,Tue,15.375,15.325,15.385,15.195
2019/01/21,Mon,15.363,15.283,15.383,15.207
2019/01/20,Sun,,,,
2019/01/19,Sat,,,,
2019/01/18,Fri,15.585,15.399,15.605,15.350
2019/01/17,Thu,15.625,15.536,15.645,15.480
2019/01/16,Wed,15.620,15.638,15.685,15.520
2019/01/15,Tue,15.690,15.620,15.735,15.575
2019/01/14,Mon,15.640,15.686,15.700,15.585
2019/01/13,Sun,,,,
2019/01/12,Sat,,,,
2019/01/11,Fri,15.625,15.656,15.780,15.590
2019/01/10,Thu,15.800,15.643,15.830,15.585
2019/01/09,Wed,15.715,15.735,15.825,15.630
2019/01/08,Tue,15.725,15.713,15.745,15.560
2019/01/07,Mon,15.800,15.756,15.880,15.680
2019/01/06,Sun,,,,
2019/01/05,Sat,,,,
2019/01/04,Fri,15.805,15.786,15.955,15.645
2019/01/03,Thu,15.630,15.797,15.815,15.550
2019/01/02,Wed,15.550,15.649,15.680,15.385
2019/01/01,Tue,15.560,15.523,15.560,15.515
2018/12/31,Mon,15.460,15.540,15.575,15.390
2018/12/30,Sun,,,,
2018/12/29,Sat,,,,
2018/12/28,Fri,15.295,15.436,15.460,15.285
2018/12/27,Thu,15.070,15.260,15.260,15.020
2018/12/26,Wed,14.760,15.079,15.195,14.760
2018/12/25,Tue,14.835,14.812,14.875,14.812
2018/12/24,Mon,14.735,14.820,14.875,14.715
2018/12/23,Sun,,,,
2018/12/22,Sat,,,,
2018/12/21,Fri,14.840,14.702,14.860,14.665
2018/12/20,Thu,14.595,14.814,14.850,14.595
2018/12/19,Wed,14.820,14.771,14.820,14.610
2018/12/18,Tue,14.690,14.656,14.715,14.650
2018/12/17,Mon,14.595,14.714,14.700,14.595
2018/12/16,Sun,,,,
2018/12/15,Sat,,,,
2018/12/14,Fri,14.830,14.637,14.850,14.560
2018/12/13,Thu,14.760,14.805,14.790,14.760
2018/12/12,Wed,14.625,14.804,14.820,14.625
2018/12/11,Tue,14.700,14.578,14.760,14.580
2018/12/10,Mon,14.580,14.555,14.595,14.565
2018/12/09,Sun,,,,
2018/12/08,Sat,,,,
2018/12/07,Fri,14.550,14.696,14.735,14.510
2018/12/06,Thu,14.410,14.462,14.495,14.390
2018/12/05,Wed,14.455,14.537,14.525,14.455
2018/12/04,Tue,14.560,14.595,14.575,14.545
2018/12/03,Mon,14.400,14.453,14.565,14.400
2018/12/02,Sun,,,,
2018/12/01,Sat,,,,
2018/11/30,Fri,14.375,14.217,14.410,14.115
2018/11/29,Thu,14.420,14.356,14.470,14.340
2018/11/28,Wed,14.155,14.372,14.400,14.125
2018/11/27,Tue,14.270,14.136,14.310,14.110
2018/11/26,Mon,14.345,14.257,14.445,14.245
2018/11/25,Sun,,,,
2018/11/24,Sat,,,,
2018/11/23,Fri,14.610,14.367,14.645,14.285
2018/11/22,Thu,14.475,14.470,14.520,14.435
2018/11/21,Wed,14.340,14.542,14.575,14.315
2018/11/20,Tue,14.430,14.311,14.500,14.280
2018/11/19,Mon,14.425,14.444,14.455,14.380
2018/11/18,Sun,,,,
2018/11/17,Sat,,,,
2018/11/16,Fri,14.385,14.509,14.525,14.340
2018/11/15,Thu,14.145,14.304,14.345,14.130
2018/11/14,Wed,14.040,14.124,14.185,13.925
2018/11/13,Tue,14.035,14.023,14.115,13.980
2018/11/12,Mon,14.175,14.054,14.220,14.010
2018/11/11,Sun,,,,
2018/11/10,Sat,,,,
2018/11/09,Fri,14.420,14.140,14.425,14.080
2018/11/08,Thu,14.480,14.467,14.570,14.415
2018/11/07,Wed,14.600,14.612,14.715,14.600
2018/11/06,Tue,14.705,14.543,14.715,14.540
2018/11/05,Mon,14.800,14.691,14.800,14.650
2018/11/04,Sun,,,,
2018/11/03,Sat,,,,
2018/11/02,Fri,14.780,14.756,14.920,14.655
2018/11/01,Thu,14.305,14.821,14.850,14.300
2018/10/31,Wed,14.430,14.324,14.430,14.300
2018/10/30,Tue,14.535,14.504,14.535,14.475
2018/10/29,Mon,14.720,14.442,14.780,14.405
2018/10/28,Sun,,,,
2018/10/27,Sat,,,,
2018/10/26,Fri,14.660,14.700,14.795,14.595
2018/10/25,Thu,14.720,14.630,14.800,14.610
2018/10/24,Wed,14.775,14.676,14.830,14.660
2018/10/23,Tue,14.585,14.793,14.840,14.540
2018/10/22,Mon,14.650,14.587,14.715,14.540
2018/10/21,Sun,,,,
2018/10/20,Sat,,,,
2018/10/19,Fri,14.600,14.650,14.740,14.580
2018/10/18,Thu,14.625,14.604,14.680,14.470
2018/10/17,Wed,14.675,14.663,14.760,14.615
2018/10/16,Tue,14.725,14.701,14.880,14.640
2018/10/15,Mon,14.625,14.727,14.805,14.615
2018/10/14,Sun,,,,
2018/10/13,Sat,,,,
2018/10/12,Fri,14.620,14.635,14.735,14.540
2018/10/11,Thu,14.335,14.606,14.650,14.275
2018/10/10,Wed,14.420,14.326,14.455,14.255
2018/10/09,Tue,14.420,14.400,14.470,14.285
2018/10/08,Mon,14.665,14.329,14.700,14.285
2018/10/07,Sun,,,,
2018/10/06,Sat,,,,
2018/10/05,Fri,14.620,14.649,14.750,14.540
2018/10/04,Thu,14.665,14.590,14.805,14.560
2018/10/03,Wed,14.730,14.670,14.855,14.650
2018/10/02,Tue,14.535,14.693,14.950,14.470
2018/10/01,Mon,14.725,14.507,14.725,14.395
2018/09/30,Sun,,,,
2018/09/29,Sat,,,,
2018/09/28,Fri,14.270,14.712,14.755,14.255
2018/09/27,Thu,14.375,14.290,14.480,14.195
2018/09/26,Wed,14.460,14.354,14.475,14.300
2018/09/25,Tue,14.255,14.445,14.500,14.220
2018/09/24,Mon,14.265,14.296,14.340,14.180
2018/09/23,Sun,,,,
2018/09/22,Sat,,,,
2018/09/21,Fri,14.350,14.359,14.465,14.180
2018/09/20,Thu,14.330,14.262,14.335,14.200
2018/09/19,Wed,14.225,14.240,14.290,14.185
2018/09/18,Tue,14.130,14.145,14.190,14.105
2018/09/17,Mon,14.035,14.183,14.215,14.035
2018/09/16,Sun,,,,
2018/09/15,Sat,,,,
2018/09/14,Fri,14.215,14.142,14.315,14.070
2018/09/13,Thu,14.220,14.199,14.305,14.180
2018/09/12,Wed,14.145,14.246,14.245,14.065
2018/09/11,Tue,14.180,14.112,14.180,14.110
2018/09/10,Mon,14.190,14.138,14.190,14.145
2018/09/09,Sun,,,,
2018/09/08,Sat,,,,
2018/09/07,Fri,14.190,14.170,14.290,14.105
2018/09/06,Thu,14.220,14.141,14.340,14.130
2018/09/05,Wed,14.150,14.180,14.150,14.150
2018/09/04,Tue,14.480,14.145,14.480,14.080
2018/09/03,Mon,14.560,14.520,14.590,14.430
2018/09/02,Sun,,,,
2018/09/01,Sat,,,,
2018/08/31,Fri,14.595,14.557,14.760,14.525
2018/08/30,Thu,14.780,14.551,14.825,14.545
2018/08/29,Wed,14.730,14.733,14.765,14.635
2018/08/28,Tue,14.895,14.820,14.990,14.655
2018/08/27,Mon,14.835,14.901,14.910,14.755
2018/08/26,Sun,,,,
2018/08/25,Sat,,,,
2018/08/24,Fri,14.575,14.901,14.960,14.555
2018/08/23,Thu,14.705,14.577,14.705,14.500
2018/08/22,Wed,14.805,14.785,14.870,14.735
2018/08/21,Tue,14.810,14.799,14.855,14.790
2018/08/20,Mon,14.785,14.703,14.820,14.680
2018/08/19,Sun,,,,
2018/08/18,Sat,,,,
2018/08/17,Fri,14.735,14.725,14.890,14.675
2018/08/16,Thu,14.465,14.745,14.840,14.380
2018/08/15,Wed,15.085,14.488,15.085,14.395
2018/08/14,Tue,15.090,15.086,15.090,15.065
2018/08/13,Mon,15.280,15.016,15.290,15.020
2018/08/12,Sun,,,,
2018/08/11,Sat,,,,
2018/08/10,Fri,15.565,15.393,15.565,15.385
2018/08/09,Thu,15.540,15.495,15.540,15.500
2018/08/08,Wed,15.415,15.464,15.440,15.345
2018/08/07,Tue,15.405,15.405,15.405,15.405
2018/08/06,Mon,15.480,15.381,15.480,15.340
2018/08/05,Sun,,,,
2018/08/04,Sat,,,,
2018/08/03,Fri,15.415,15.562,15.665,15.345
2018/08/02,Thu,15.395,15.418,15.395,15.395
2018/08/01,Wed,15.585,15.488,15.585,15.480
2018/07/31,Tue,15.630,15.597,15.630,15.630
2018/07/30,Mon,15.590,15.667,15.655,15.520
2018/07/29,Sun,,,,
2018/07/28,Sat,,,,
2018/07/27,Fri,15.355,15.436,15.495,15.355
2018/07/26,Thu,15.620,15.495,15.700,15.390
2018/07/25,Wed,15.480,15.589,15.655,15.470
2018/07/24,Tue,15.395,15.520,15.630,15.340
2018/07/23,Mon,15.540,15.425,15.580,15.350
2018/07/22,Sun,,,,
2018/07/21,Sat,,,,
2018/07/20,Fri,15.400,15.490,15.480,15.400
2018/07/19,Thu,15.565,15.402,15.590,15.185
2018/07/18,Wed,15.585,15.574,15.625,15.410
2018/07/17,Tue,15.800,15.617,15.885,15.560
2018/07/16,Mon,15.805,15.812,15.900,15.765
2018/07/15,Sun,,,,
2018/07/14,Sat,,,,
2018/07/13,Fri,15.905,15.739,15.905,15.710
2018/07/12,Thu,15.825,15.977,16.025,15.780
2018/07/11,Wed,16.105,15.817,16.110,15.805
2018/07/10,Tue,16.150,16.087,16.200,15.920
2018/07/09,Mon,16.065,16.139,16.260,16.055
2018/07/08,Sun,,,,
2018/07/07,Sat,,,,
2018/07/06,Fri,15.945,15.981,16.000,15.930
2018/07/05,Thu,16.060,16.097,16.195,15.970
2018/07/04,Wed,16.080,16.130,16.195,16.040
2018/07/03,Tue,15.880,16.043,16.085,15.815
2018/07/02,Mon,16.145,15.835,16.180,15.800
2018/07/01,Sun,,,,
2018/06/30,Sat,,,,
2018/06/29,Fri,15.965,16.104,16.115,15.910
2018/06/28,Thu,16.125,16.041,16.185,15.965
2018/06/27,Wed,16.320,16.196,16.325,16.000
2018/06/26,Tue,16.360,16.293,16.390,16.185
2018/06/25,Mon,16.525,16.370,16.525,16.340
2018/06/24,Sun,,,,
2018/06/23,Sat,,,,
2018/06/22,Fri,16.305,16.439,16.305,16.295
2018/06/21,Thu,16.330,16.364,16.365,16.230
2018/06/20,Wed,16.380,16.348,16.390,16.320
2018/06/19,Tue,16.565,16.364,16.580,16.290
2018/06/18,Mon,16.580,16.481,16.680,16.485
2018/06/17,Sun,,,,
2018/06/16,Sat,,,,
2018/06/15,Fri,17.180,16.452,17.220,16.625
2018/06/14,Thu,17.025,17.299,17.360,17.025
2018/06/13,Wed,16.890,17.027,17.145,16.870
2018/06/12,Tue,16.940,16.927,17.000,16.860
2018/06/11,Mon,16.920,16.991,17.000,16.830
2018/06/10,Sun,,,,
2018/06/09,Sat,,,,
2018/06/08,Fri,16.735,16.694,16.760,16.735
2018/06/07,Thu,16.720,16.852,16.960,16.720
2018/06/06,Wed,16.760,16.730,16.800,16.750
2018/06/05,Tue,16.555,16.586,16.555,16.555
2018/06/04,Mon,16.505,16.476,16.565,16.505
2018/06/03,Sun,,,,
2018/06/02,Sat,,,,
2018/06/01,Fri,16.445,16.420,16.515,16.340
2018/05/31,Thu,16.570,16.503,16.600,16.570
2018/05/30,Wed,16.485,16.587,16.660,16.415
2018/05/29,Tue,16.530,16.373,16.530,16.310
2018/05/28,Mon,16.510,16.495,16.525,16.440
2018/05/27,Sun,,,,
2018/05/26,Sat,,,,
2018/05/25,Fri,16.550,16.481,16.550,16.535
2018/05/24,Thu,16.475,16.687,16.715,16.420
2018/05/23,Wed,16.555,16.405,16.600,16.330
2018/05/22,Tue,16.530,16.575,16.700,16.465
2018/05/21,Mon,16.430,16.520,16.535,16.280
2018/05/20,Sun,,,,
2018/05/19,Sat,,,,
2018/05/18,Fri,16.380,16.387,16.405,16.380
2018/05/17,Thu,16.385,16.481,16.505,16.335
2018/05/16,Wed,16.285,16.371,16.435,16.190
2018/05/15,Tue,16.540,16.269,16.565,16.205
2018/05/14,Mon,16.700,16.645,16.760,16.515
2018/05/13,Sun,,,,
2018/05/12,Sat,,,,
2018/05/11,Fri,16.725,16.676,16.725,16.725
2018/05/10,Thu,16.520,16.759,16.790,16.500
2018/05/09,Wed,16.510,16.539,16.655,16.375
2018/05/08,Tue,16.505,16.472,16.550,16.335
2018/05/07,Mon,16.550,16.495,16.600,16.430
2018/05/06,Sun,,,,
2018/05/05,Sat,,,,
2018/05/04,Fri,16.405,16.434,16.440,16.330
2018/05/03,Thu,16.405,16.447,16.620,16.385
2018/05/02,Wed,16.190,16.375,16.565,16.175
2018/05/01,Tue,16.345,16.127,16.370,16.070
2018/04/30,Mon,16.555,16.401,16.580,16.225
2018/04/29,Sun,,,,
2018/04/28,Sat,,,,
2018/04/27,Fri,16.490,16.406,16.530,16.385
2018/04/26,Thu,16.575,16.533,16.620,16.425
2018/04/25,Wed,16.720,16.539,16.745,16.520
2018/04/24,Tue,16.655,16.744,16.755,16.580
2018/04/23,Mon,17.135,16.624,17.135,16.640
2018/04/22,Sun,,,,
2018/04/21,Sat,,,,
2018/04/20,Fri,17.175,17.147,17.175,17.100
2018/04/19,Thu,17.235,17.269,17.385,17.130
2018/04/18,Wed,16.810,17.286,17.300,16.810
2018/04/17,Tue,16.705,16.817,16.825,16.630
2018/04/16,Mon,16.660,16.708,16.800,16.640
2018/04/15,Sun,,,,
2018/04/14,Sat,,,,
2018/04/13,Fri,16.465,16.645,16.680,16.455
2018/04/12,Thu,16.720,16.511,16.720,16.480
2018/04/11,Wed,16.625,16.806,16.915,16.610
2018/04/10,Tue,16.500,16.630,16.640,16.500
2018/04/09,Mon,16.435,16.567,16.525,16.360
2018/04/08,Sun,,,,
2018/04/07,Sat,,,,
2018/04/06,Fri,16.300,16.332,16.320,16.285
2018/04/05,Thu,16.340,16.390,16.375,16.270
2018/04/04,Wed,16.450,16.284,16.490,16.260
2018/04/03,Tue,16.575,16.436,16.575,16.450
2018/04/02,Mon,16.700,16.716,16.700,16.660
2018/04/01,Sun,,,,
2018/03/31,Sat,,,,
2018/03/30,Fri,,,,
2018/03/29,Thu,16.250,16.223,16.250,16.210
2018/03/28,Wed,16.615,16.297,16.640,16.315
2018/03/27,Tue,16.690,16.541,16.810,16.465
2018/03/26,Mon,16.560,16.684,16.795,16.525
2018/03/25,Sun,,,,
2018/03/24,Sat,,,,
2018/03/23,Fri,16.450,16.530,16.550,16.450
2018/03/22,Thu,16.565,16.387,16.610,16.330
2018/03/21,Wed,16.165,16.419,16.665,16.155
2018/03/20,Tue,16.310,16.185,16.340,16.100
2018/03/19,Mon,16.305,16.325,16.345,16.200
2018/03/18,Sun,,,,
2018/03/17,Sat,,,,
2018/03/16,Fri,16.335,16.202,16.405,16.185
2018/03/15,Thu,16.530,16.422,16.580,16.370
2018/03/14,Wed,16.595,16.537,16.670,16.515
2018/03/13,Tue,16.535,16.627,16.690,16.465
2018/03/12,Mon,16.605,16.536,16.635,16.430
2018/03/11,Sun,,,,
2018/03/10,Sat,,,,
2018/03/09,Fri,16.330,16.546,16.615,16.305
2018/03/08,Thu,16.505,16.500,16.575,16.430
2018/03/07,Wed,16.810,16.494,16.890,16.435
2018/03/06,Tue,16.420,16.784,16.895,16.410
2018/03/05,Mon,16.530,16.412,16.620,16.370
2018/03/04,Sun,,,,
2018/03/03,Sat,,,,
2018/03/02,Fri,16.390,16.392,16.495,16.360
2018/03/01,Thu,16.430,16.276,16.565,16.160
2018/02/28,Wed,16.440,16.407,16.520,16.360
2018/02/27,Tue,16.665,16.434,16.720,16.340
2018/02/26,Mon,16.510,16.588,16.745,16.480
2018/02/25,Sun,,,,
2018/02/24,Sat,,,,
2018/02/23,Fri,16.550,16.476,16.555,16.550
2018/02/22,Thu,16.470,16.614,16.660,16.400
2018/02/21,Wed,16.450,16.647,16.750,16.400
2018/02/20,Tue,16.675,16.478,16.685,16.435
2018/02/19,Mon,16.600,16.610,16.690,16.570
2018/02/18,Sun,,,,
2018/02/17,Sat,,,,
2018/02/16,Fri,16.820,16.600,16.915,16.575
2018/02/15,Thu,16.920,16.842,16.965,16.665
2018/02/14,Wed,16.570,16.923,16.910,16.430
2018/02/13,Tue,16.565,16.573,16.680,16.530
2018/02/12,Mon,16.355,16.615,16.605,16.355
2018/02/11,Sun,,,,
2018/02/10,Sat,,,,
2018/02/09,Fri,16.395,16.310,16.400,16.130
2018/02/08,Thu,16.325,16.389,16.450,16.290
2018/02/07,Wed,16.680,16.286,16.680,16.315
2018/02/06,Tue,16.765,16.628,16.965,16.630
2018/02/05,Mon,16.605,16.718,16.905,16.605
2018/02/04,Sun,,,,
2018/02/03,Sat,,,,
2018/02/02,Fri,17.180,16.555,17.225,16.520
2018/02/01,Thu,17.365,17.199,17.365,17.170
2018/01/31,Wed,17.200,17.284,17.460,17.155
2018/01/30,Tue,17.235,17.101,17.395,17.135
2018/01/29,Mon,17.420,17.127,17.470,17.085
2018/01/28,Sun,,,,
2018/01/27,Sat,,,,
2018/01/26,Fri,17.305,17.385,17.530,17.295
2018/01/25,Thu,17.555,17.615,17.705,17.125
2018/01/24,Wed,17.040,17.489,17.625,16.985
2018/01/23,Tue,16.990,16.913,17.090,16.735
2018/01/22,Mon,17.045,16.989,17.105,16.945
2018/01/21,Sun,,,,
2018/01/20,Sat,,,,
2018/01/19,Fri,16.980,17.025,17.130,16.960
2018/01/18,Thu,16.990,16.954,17.140,16.915
2018/01/17,Wed,17.210,17.166,17.310,16.980
2018/01/16,Tue,17.235,17.189,17.450,16.800
2018/01/15,Mon,17.240,17.380,17.445,17.225
2018/01/14,Sun,,,,
2018/01/13,Sat,,,,
2018/01/12,Fri,17.020,17.245,17.300,17.010
2018/01/11,Thu,17.000,16.966,17.065,16.880
2018/01/10,Wed,16.985,17.035,17.220,16.930
2018/01/09,Tue,17.160,17.010,17.170,16.945
2018/01/08,Mon,17.270,17.144,17.300,17.065
2018/01/07,Sun,,,,
2018/01/06,Sat,,,,
2018/01/05,Fri,17.220,17.260,17.320,17.130
2018/01/04,Thu,17.155,17.269,17.320,17.025
2018/01/03,Wed,17.225,17.267,17.285,17.065
2018/01/02,Tue,17.035,17.206,17.250,16.985
2018/01/01,Mon,17.025,17.070,17.085,17.020
2017/12/31,Sun,,,,
2017/12/30,Sat,,,,
2017/12/29,Fri,16.885,16.985,17.170,16.865
2017/12/28,Thu,16.745,16.923,16.930,16.710
2017/12/27,Wed,16.620,16.720,16.740,16.620
2017/12/26,Tue,16.360,16.573,16.620,16.360
2017/12/25,Mon,16.435,16.390,16.435,16.365
2017/12/24,Sun,,,,
2017/12/23,Sat,,,,
2017/12/22,Fri,16.195,16.445,16.485,16.165
2017/12/21,Thu,16.210,16.205,16.210,16.150
2017/12/20,Wed,16.170,16.236,16.230,16.170
2017/12/19,Tue,16.150,16.118,16.180,16.145
2017/12/18,Mon,16.130,16.168,16.170,16.130
2017/12/17,Sun,,,,
2017/12/16,Sat,,,,
2017/12/15,Fri,15.930,16.105,16.120,15.920
2017/12/14,Thu,16.035,15.903,16.055,15.820
2017/12/13,Wed,15.715,15.834,16.080,15.715
2017/12/12,Tue,15.635,15.630,15.715,15.635
2017/12/11,Mon,15.820,15.748,15.840,15.690
2017/12/10,Sun,,,,
2017/12/09,Sat,,,,
2017/12/08,Fri,15.755,15.875,15.905,15.735
2017/12/07,Thu,15.965,15.753,15.965,15.630
2017/12/06,Wed,16.090,15.918,16.095,15.940
2017/12/05,Tue,16.345,16.032,16.345,16.055
2017/12/04,Mon,16.370,16.338,16.455,16.265
2017/12/03,Sun,,,,
2017/12/02,Sat,,,,
2017/12/01,Fri,16.398,16.355,16.480,16.200
2017/11/30,Thu,16.595,16.445,16.595,16.255
2017/11/29,Wed,16.920,16.526,16.965,16.555
2017/11/28,Tue,17.060,16.854,17.110,16.775
2017/11/27,Mon,17.040,17.050,17.180,17.010
2017/11/26,Sun,,,,
2017/11/25,Sat,,,,
2017/11/24,Fri,17.094,17.008,17.156,16.978
2017/11/23,Thu,17.096,17.096,17.157,17.067
2017/11/22,Wed,17.000,17.145,17.170,16.975
2017/11/21,Tue,16.935,16.994,17.060,16.930
2017/11/20,Mon,17.320,16.874,17.325,16.875
2017/11/19,Sun,,,,
2017/11/18,Sat,,,,
2017/11/17,Fri,17.080,17.300,17.368,17.019
2017/11/16,Thu,17.025,17.104,17.130,16.995
2017/11/15,Wed,17.085,17.003,17.220,16.990
2017/11/14,Tue,16.945,17.105,17.105,16.945
2017/11/13,Mon,16.940,17.079,17.100,16.895
2017/11/12,Sun,,,,
2017/11/11,Sat,,,,
2017/11/10,Fri,17.006,16.878,17.094,16.793
2017/11/09,Thu,17.090,17.007,17.165,16.980
2017/11/08,Wed,17.010,17.171,17.260,17.010
2017/11/07,Tue,17.230,16.973,17.230,16.985
2017/11/06,Mon,16.855,17.268,17.295,16.855
2017/11/05,Sun,,,,
2017/11/04,Sat,,,,
2017/11/03,Fri,17.157,16.846,17.180,16.799
2017/11/02,Thu,17.250,17.170,17.280,17.105
2017/11/01,Wed,16.735,17.209,17.220,16.705
2017/10/31,Tue,16.865,16.726,16.910,16.705
2017/10/30,Mon,16.900,16.880,16.925,16.745
2017/10/29,Sun,,,,
2017/10/28,Sat,,,,
2017/10/27,Fri,16.808,16.878,16.887,16.624
2017/10/26,Thu,16.960,16.811,17.045,16.755
2017/10/25,Wed,16.960,16.925,17.050,16.810
2017/10/24,Tue,17.100,16.966,17.170,16.890
2017/10/23,Mon,17.035,17.075,17.130,16.870
2017/10/22,Sun,,,,
2017/10/21,Sat,,,,
2017/10/20,Fri,17.294,17.060,17.302,16.969
2017/10/19,Thu,17.015,17.255,17.315,16.930
2017/10/18,Wed,17.045,16.997,17.120,16.920
2017/10/17,Tue,17.260,17.041,17.280,16.985
2017/10/16,Mon,17.425,17.369,17.495,17.135
2017/10/15,Sun,,,,
2017/10/14,Sat,,,,
2017/10/13,Fri,17.265,17.440,17.442,17.195
2017/10/12,Thu,17.190,17.266,17.290,17.135
2017/10/11,Wed,17.150,17.133,17.265,17.085
2017/10/10,Tue,16.990,17.207,17.280,16.960
2017/10/09,Mon,16.850,16.971,17.030,16.765
2017/10/08,Sun,,,,
2017/10/07,Sat,,,,
2017/10/06,Fri,16.636,16.843,16.881,16.351
2017/10/05,Thu,16.620,16.638,16.770,16.590
2017/10/04,Wed,16.665,16.624,16.920,16.555
2017/10/03,Tue,16.605,16.650,16.690,16.570
2017/10/02,Mon,16.670,16.654,16.750,16.565
2017/10/01,Sun,,,,
2017/09/30,Sat,,,,
2017/09/29,Fri,16.883,16.688,16.915,16.665
2017/09/28,Thu,16.780,16.847,16.925,16.705
2017/09/27,Wed,16.840,16.793,16.875,16.730
2017/09/26,Tue,17.205,16.849,17.205,16.775
2017/09/25,Mon,16.965,17.113,17.175,16.850
2017/09/24,Sun,,,,
2017/09/23,Sat,,,,
2017/09/22,Fri,16.985,16.903,16.985,16.905
2017/09/21,Thu,17.100,16.985,17.100,16.870
2017/09/20,Wed,17.325,17.301,17.330,17.035
2017/09/19,Tue,17.150,17.247,17.335,17.150
2017/09/18,Mon,17.600,17.124,17.600,17.120
2017/09/17,Sun,,,,
2017/09/16,Sat,,,,
2017/09/15,Fri,17.760,17.611,17.800,17.550
2017/09/14,Thu,17.845,17.789,17.865,17.660
2017/09/13,Wed,17.970,17.867,18.125,17.725
2017/09/12,Tue,17.885,17.890,17.975,17.785
2017/09/11,Mon,17.920,17.902,17.990,17.770
2017/09/10,Sun,,,,
2017/09/09,Sat,,,,
2017/09/08,Fri,18.090,18.027,18.160,17.915
2017/09/07,Thu,17.950,18.116,18.225,17.865
2017/09/06,Wed,17.980,17.910,18.070,17.885
2017/09/05,Tue,17.880,17.941,18.090,17.835
2017/09/04,Mon,17.929,17.914,18.025,17.865
2017/09/03,Sun,,,,
2017/09/02,Sat,,,,
2017/09/01,Fri,17.565,17.719,17.720,17.445
2017/08/31,Thu,17.510,17.575,17.695,17.340
2017/08/30,Wed,17.440,17.503,17.555,17.370
2017/08/29,Tue,17.610,17.516,17.755,17.345
2017/08/28,Mon,17.100,17.529,17.565,17.100
2017/08/27,Sun,,,,
2017/08/26,Sat,,,,
2017/08/25,Fri,16.955,17.049,17.180,16.715
2017/08/24,Thu,17.175,17.046,17.180,16.895
2017/08/23,Wed,17.065,17.126,17.185,16.990
2017/08/22,Tue,17.090,17.060,17.185,16.945
2017/08/21,Mon,17.000,17.096,17.205,16.920
2017/08/20,Sun,,,,
2017/08/19,Sat,,,,
2017/08/18,Fri,17.035,17.000,17.320,16.850
2017/08/17,Thu,17.125,17.140,17.130,17.125
2017/08/16,Wed,16.725,17.026,17.220,16.700
2017/08/15,Tue,17.100,16.801,17.100,16.645
2017/08/14,Mon,17.225,17.208,17.305,17.010
2017/08/13,Sun,,,,
2017/08/12,Sat,,,,
2017/08/11,Fri,17.125,17.070,17.195,16.880
2017/08/10,Thu,17.025,17.152,17.325,16.940
2017/08/09,Wed,16.520,16.948,17.030,16.520
2017/08/08,Tue,16.335,16.475,16.545,16.300
2017/08/07,Mon,16.345,16.339,16.365,16.190
2017/08/06,Sun,,,,
2017/08/05,Sat,,,,
2017/08/04,Fri,16.700,16.252,16.750,16.170
2017/08/03,Thu,16.675,16.725,16.770,16.520
2017/08/02,Wed,16.790,16.830,17.000,16.555
2017/08/01,Tue,16.910,16.862,16.935,16.690
2017/07/31,Mon,16.840,16.884,16.965,16.770
2017/07/30,Sun,,,,
2017/07/29,Sat,,,,
2017/07/28,Fri,16.575,16.695,16.750,16.505
2017/07/27,Thu,16.725,16.670,16.905,16.645
2017/07/26,Wed,16.570,16.556,16.775,16.390
2017/07/25,Tue,16.425,16.510,16.550,16.210
2017/07/24,Mon,16.480,16.411,16.490,16.380
2017/07/23,Sun,,,,
2017/07/22,Sat,,,,
2017/07/21,Fri,16.280,16.457,16.510,16.280
2017/07/20,Thu,16.250,16.345,16.395,16.110
2017/07/19,Wed,16.265,16.297,16.345,16.125
2017/07/18,Tue,16.080,16.268,16.310,16.060
2017/07/17,Mon,15.990,16.099,16.170,15.935
2017/07/16,Sun,,,,
2017/07/15,Sat,,,,
2017/07/14,Fri,15.660,15.933,16.070,15.575
2017/07/13,Thu,15.875,15.691,15.955,15.660
2017/07/12,Wed,15.810,15.887,15.995,15.710
2017/07/11,Tue,15.640,15.745,15.830,15.425
2017/07/10,Mon,15.580,15.629,15.705,15.145
2017/07/09,Sun,,,,
2017/07/08,Sat,,,,
2017/07/07,Fri,16.025,15.425,16.140,15.320
2017/07/06,Thu,16.055,15.983,16.080,15.910
2017/07/05,Wed,16.135,15.896,16.190,15.850
2017/07/04,Tue,16.152,16.126,16.169,16.013
2017/07/03,Mon,16.635,16.092,16.645,16.075
2017/07/02,Sun,,,,
2017/07/01,Sat,,,,
2017/06/30,Fri,16.635,16.627,16.705,16.505
2017/06/29,Thu,16.835,16.654,16.915,16.615
2017/06/28,Wed,16.680,16.759,16.850,16.680
2017/06/27,Tue,16.585,16.611,16.735,16.530
2017/06/26,Mon,16.725,16.591,16.725,16.280
2017/06/25,Sun,,,,
2017/06/24,Sat,,,,
2017/06/23,Fri,16.580,16.707,16.825,16.580
2017/06/22,Thu,16.455,16.540,16.665,16.455
2017/06/21,Wed,16.490,16.403,16.495,16.330
2017/06/20,Tue,16.540,16.446,16.620,16.390
2017/06/19,Mon,16.680,16.532,16.685,16.500
2017/06/18,Sun,,,,
2017/06/17,Sat,,,,
2017/06/16,Fri,16.720,16.661,16.800,16.620
2017/06/15,Thu,17.025,16.747,17.025,16.670
2017/06/14,Wed,16.935,17.170,17.330,16.920
2017/06/13,Tue,16.850,16.801,16.850,16.745
2017/06/12,Mon,17.180,16.979,17.180,16.960
2017/06/11,Sun,,,,
2017/06/10,Sat,,,,
2017/06/09,Fri,17.485,17.223,17.495,17.155
2017/06/08,Thu,17.665,17.450,17.665,17.395
2017/06/07,Wed,17.720,17.656,17.720,17.580
2017/06/06,Tue,17.690,17.746,17.725,17.690
2017/06/05,Mon,17.580,17.617,17.600,17.580
2017/06/04,Sun,,,,
2017/06/03,Sat,,,,
2017/06/02,Fri,17.270,17.525,17.580,17.115
2017/06/01,Thu,17.390,17.356,17.430,17.060
2017/05/31,Wed,17.435,17.481,17.495,17.300
2017/05/30,Tue,17.425,17.502,17.540,17.280
2017/05/29,Mon,17.385,17.392,17.449,17.330
2017/05/28,Sun,,,,
2017/05/27,Sat,,,,
2017/05/26,Fri,17.145,17.323,17.380,17.085
2017/05/25,Thu,17.290,17.266,17.325,17.200
2017/05/24,Wed,17.120,17.189,17.295,16.970
2017/05/23,Tue,17.230,17.210,17.360,17.110
2017/05/22,Mon,16.930,17.262,17.270,16.915
2017/05/21,Sun,,,,
2017/05/20,Sat,,,,
2017/05/19,Fri,16.580,16.796,16.875,16.565
2017/05/18,Thu,16.965,16.742,17.000,16.510
2017/05/17,Wed,16.930,16.978,17.100,16.825
2017/05/16,Tue,16.695,16.818,16.930,16.695
2017/05/15,Mon,16.530,16.672,16.880,16.525
2017/05/14,Sun,,,,
2017/05/13,Sat,,,,
2017/05/12,Fri,16.330,16.402,16.475,16.300
2017/05/11,Thu,16.250,16.334,16.460,16.250
2017/05/10,Wed,16.260,16.277,16.370,16.220
2017/05/09,Tue,16.295,16.136,16.365,16.125
2017/05/08,Mon,16.325,16.328,16.520,16.320
2017/05/07,Sun,,,,
2017/05/06,Sat,,,,
2017/05/05,Fri,16.315,16.274,16.530,16.230
2017/05/04,Thu,16.550,16.373,16.660,16.300
2017/05/03,Wed,16.920,16.616,16.965,16.485
2017/05/02,Tue,16.960,16.902,17.070,16.875
2017/05/01,Mon,17.300,16.913,17.350,16.890
2017/04/30,Sun,,,,
2017/04/29,Sat,,,,
2017/04/28,Fri,17.280,17.262,17.445,17.185
2017/04/27,Thu,17.600,17.408,17.600,17.355
2017/04/26,Wed,17.650,17.431,17.695,17.355
2017/04/25,Tue,17.990,17.659,18.050,17.590
2017/04/24,Mon,18.035,17.932,18.035,17.625
2017/04/23,Sun,,,,
2017/04/22,Sat,,,,
2017/04/21,Fri,17.995,17.856,18.020,17.785
2017/04/20,Thu,18.220,18.098,18.295,17.920
2017/04/19,Wed,18.375,18.240,18.395,18.165
2017/04/18,Tue,18.500,18.350,18.510,18.145
2017/04/17,Mon,18.650,18.590,18.725,18.450
2017/04/16,Sun,,,,
2017/04/15,Sat,,,,
2017/04/14,Fri,18.545,18.545,18.545,18.545
2017/04/13,Thu,18.510,18.510,18.605,18.415
2017/04/12,Wed,18.350,18.300,18.585,18.245
2017/04/11,Tue,17.950,18.254,18.345,17.910
2017/04/10,Mon,17.930,17.915,18.025,17.735
2017/04/09,Sun,,,,
2017/04/08,Sat,,,,
2017/04/07,Fri,18.250,18.151,18.490,17.865
2017/04/06,Thu,18.295,18.246,18.355,18.165
2017/04/05,Wed,18.320,18.187,18.325,18.145
2017/04/04,Tue,18.305,18.323,18.430,18.210
2017/04/03,Mon,18.265,18.212,18.290,18.090
2017/04/02,Sun,,,,
2017/04/01,Sat,,,,
2017/03/31,Fri,18.135,18.256,18.290,18.060
2017/03/30,Thu,18.250,18.206,18.315,18.070
2017/03/29,Wed,18.205,18.252,18.275,18.055
2017/03/28,Tue,18.120,18.252,18.260,18.025
2017/03/27,Mon,17.805,18.108,18.150,17.780
2017/03/26,Sun,,,,
2017/03/25,Sat,,,,
2017/03/24,Fri,17.595,17.748,17.800,17.540
2017/03/23,Thu,17.555,17.593,17.710,17.525
2017/03/22,Wed,17.565,17.578,17.605,17.460
2017/03/21,Tue,17.445,17.583,17.620,17.340
2017/03/20,Mon,17.425,17.438,17.475,17.365
2017/03/19,Sun,,,,
2017/03/18,Sat,,,,
2017/03/17,Fri,17.340,17.413,17.425,17.230
2017/03/16,Thu,17.345,17.330,17.585,17.255
2017/03/15,Wed,16.890,16.923,17.370,16.825
2017/03/14,Tue,16.985,16.923,17.065,16.875
2017/03/13,Mon,17.050,16.972,17.160,16.965
2017/03/12,Sun,,,,
2017/03/11,Sat,,,,
2017/03/10,Fri,16.980,16.923,17.105,16.855
2017/03/09,Thu,17.255,17.036,17.310,16.955
2017/03/08,Wed,17.520,17.298,17.570,17.240
2017/03/07,Tue,17.800,17.536,17.820,17.495
2017/03/06,Mon,17.990,17.773,17.995,17.735
2017/03/05,Sun,,,,
2017/03/04,Sat,,,,
2017/03/03,Fri,17.800,17.740,18.010,17.660
2017/03/02,Thu,18.465,17.748,18.480,17.705
2017/03/01,Wed,18.360,18.489,18.510,18.270
2017/02/28,Tue,18.315,18.469,18.510,18.280
2017/02/27,Mon,18.420,18.417,18.540,18.265
2017/02/26,Sun,,,,
2017/02/25,Sat,,,,
2017/02/24,Fri,18.225,18.406,18.460,18.210
2017/02/23,Thu,18.000,18.117,18.210,17.925
2017/02/22,Wed,17.960,17.950,18.040,17.905
2017/02/21,Tue,18.020,18.040,18.100,17.860
2017/02/20,Mon,18.002,18.043,18.060,17.910
2017/02/19,Sun,,,,
2017/02/18,Sat,,,,
2017/02/17,Fri,18.170,18.103,18.170,18.035
2017/02/16,Thu,17.970,18.074,18.140,17.935
2017/02/15,Wed,17.955,17.963,17.990,17.755
2017/02/14,Tue,17.810,17.889,18.090,17.730
2017/02/13,Mon,17.940,17.821,18.015,17.755
2017/02/12,Sun,,,,
2017/02/11,Sat,,,,
2017/02/10,Fri,17.720,17.999,18.080,17.620
2017/02/09,Thu,17.780,17.741,17.845,17.615
2017/02/08,Wed,17.700,17.705,17.875,17.620
2017/02/07,Tue,17.740,17.756,17.795,17.560
2017/02/06,Mon,17.520,17.693,17.760,17.460
2017/02/05,Sun,,,,
2017/02/04,Sat,,,,
2017/02/03,Fri,17.555,17.547,17.600,17.335
2017/02/02,Thu,17.565,17.429,17.745,17.415
2017/02/01,Wed,17.570,17.450,17.665,17.360
2017/01/31,Tue,17.130,17.543,17.635,17.105
2017/01/30,Mon,17.170,17.152,17.295,17.080
2017/01/29,Sun,,,,
2017/01/28,Sat,,,,
2017/01/27,Fri,16.850,17.198,17.300,16.700
2017/01/26,Thu,17.010,16.850,17.050,16.680
2017/01/25,Wed,17.110,16.980,17.130,16.780
2017/01/24,Tue,17.250,17.185,17.310,17.025
2017/01/23,Mon,17.120,17.186,17.285,17.075
2017/01/22,Sun,,,,
2017/01/21,Sat,,,,
2017/01/20,Fri,17.095,17.091,17.225,16.915
2017/01/19,Thu,17.075,17.002,17.125,16.745
2017/01/18,Wed,17.230,17.274,17.360,17.060
2017/01/17,Tue,16.845,17.148,17.245,16.805
2017/01/16,Mon,16.898,16.832,16.947,16.812
2017/01/15,Sun,,,,
2017/01/14,Sat,,,,
2017/01/13,Fri,16.850,16.826,16.900,16.680
2017/01/12,Thu,16.770,16.825,17.020,16.755
2017/01/11,Wed,16.840,16.828,16.905,16.560
2017/01/10,Tue,16.615,16.848,16.955,16.575
2017/01/09,Mon,16.520,16.683,16.735,16.455
2017/01/08,Sun,,,,
2017/01/07,Sat,,,,
2017/01/06,Fri,16.695,16.574,16.740,16.455
2017/01/05,Thu,16.495,16.637,16.760,16.455
2017/01/04,Wed,16.345,16.552,16.570,16.300
2017/01/03,Tue,15.970,16.409,16.550,15.935
2017/01/02,Mon,15.985,16.015,16.027,15.968
2017/01/01,Sun,,,,
2016/12/31,Sat,,,,
2016/12/30,Fri,16.225,15.989,16.345,15.880
2016/12/29,Thu,16.080,16.218,16.310,16.040
2016/12/28,Wed,16.010,16.038,16.140,15.865
2016/12/27,Tue,15.805,15.989,16.105,15.755
2016/12/26,Mon,15.828,15.825,15.867,15.817
2016/12/25,Sun,,,,
2016/12/24,Sat,,,,
2016/12/23,Fri,15.855,15.759,15.900,15.735
2016/12/22,Thu,16.000,15.871,16.085,15.815
2016/12/21,Wed,16.150,15.979,16.240,15.950
2016/12/20,Tue,16.015,16.117,16.165,15.675
2016/12/19,Mon,16.120,16.089,16.265,15.955
2016/12/18,Sun,,,,
2016/12/17,Sat,,,,
2016/12/16,Fri,15.990,16.215,16.330,15.975
2016/12/15,Thu,16.855,15.958,17.000,15.925
2016/12/14,Wed,16.965,17.221,17.290,16.805
2016/12/13,Tue,17.130,16.977,17.230,16.830
2016/12/12,Mon,16.915,17.187,17.265,16.735
2016/12/11,Sun,,,,
2016/12/10,Sat,,,,
2016/12/09,Fri,17.075,16.967,17.185,16.850
2016/12/08,Thu,17.200,17.096,17.290,17.025
2016/12/07,Wed,16.780,17.275,17.300,16.705
2016/12/06,Tue,16.790,16.810,16.955,16.745
2016/12/05,Mon,16.940,16.899,17.050,16.545
2016/12/04,Sun,,,,
2016/12/03,Sat,,,,
2016/12/02,Fri,16.585,16.832,16.870,16.375
2016/12/01,Thu,16.555,16.506,16.735,16.300
2016/11/30,Wed,16.690,16.482,16.830,16.465
2016/11/29,Tue,16.690,16.740,16.780,16.470
2016/11/28,Mon,16.560,16.583,16.850,16.435
2016/11/27,Sun,,,,
2016/11/26,Sat,,,,
2016/11/25,Fri,16.340,16.499,16.600,16.210
2016/11/24,Thu,16.375,16.470,16.575,16.150
2016/11/23,Wed,16.645,16.391,16.725,16.155
2016/11/22,Tue,16.580,16.632,16.885,16.520
2016/11/21,Mon,16.600,16.521,16.755,16.505
2016/11/20,Sun,,,,
2016/11/19,Sat,,,,
2016/11/18,Fri,16.670,16.624,16.745,16.430
2016/11/17,Thu,16.960,16.772,17.080,16.575
2016/11/16,Wed,17.085,16.927,17.235,16.855
2016/11/15,Tue,16.920,17.043,17.135,16.820
2016/11/14,Mon,17.390,16.893,17.490,16.620
2016/11/13,Sun,,,,
2016/11/12,Sat,,,,
2016/11/11,Fri,18.605,17.382,18.850,17.170
2016/11/10,Thu,18.475,18.737,18.990,18.380
2016/11/09,Wed,18.400,18.378,19.005,18.275
2016/11/08,Tue,18.200,18.356,18.730,18.175
2016/11/07,Mon,18.270,18.151,18.290,18.005
2016/11/06,Sun,,,,
2016/11/05,Sat,,,,
2016/11/04,Fri,18.360,18.371,18.480,18.185
2016/11/03,Thu,18.500,18.416,18.645,17.995
2016/11/02,Wed,18.375,18.693,18.750,18.360
2016/11/01,Tue,17.890,18.418,18.510,17.850
2016/10/31,Mon,17.800,17.796,17.925,17.755
2016/10/30,Sun,,,,
2016/10/29,Sat,,,,
2016/10/28,Fri,17.600,17.796,17.935,17.505
2016/10/27,Thu,17.615,17.639,17.725,17.545
2016/10/26,Wed,17.770,17.626,17.870,17.575
2016/10/25,Tue,17.605,17.780,17.820,17.510
2016/10/24,Mon,17.520,17.604,17.890,17.465
2016/10/23,Sun,,,,
2016/10/22,Sat,,,,
2016/10/21,Fri,17.535,17.493,17.560,17.395
2016/10/20,Thu,17.695,17.549,17.745,17.450
2016/10/19,Wed,17.625,17.663,17.790,17.570
2016/10/18,Tue,17.460,17.638,17.730,17.455
2016/10/17,Mon,17.450,17.474,17.515,17.360
2016/10/16,Sun,,,,
2016/10/15,Sat,,,,
2016/10/14,Fri,17.525,17.441,17.600,17.315
2016/10/13,Thu,17.515,17.458,17.705,17.430
2016/10/12,Wed,17.495,17.505,17.640,17.380
2016/10/11,Tue,17.660,17.509,17.855,17.465
2016/10/10,Mon,17.600,17.659,17.840,17.570
2016/10/09,Sun,,,,
2016/10/08,Sat,,,,
2016/10/07,Fri,17.345,17.380,17.685,17.115
2016/10/06,Thu,17.785,17.345,17.880,17.140
2016/10/05,Wed,17.805,17.695,18.040,17.585
2016/10/04,Tue,18.875,17.775,18.940,17.745
2016/10/03,Mon,19.260,18.868,19.385,18.750
2016/10/02,Sun,,,,
2016/10/01,Sat,,,,
2016/09/30,Fri,19.160,19.214,19.770,19.120
2016/09/29,Thu,19.255,19.188,19.460,19.050
2016/09/28,Wed,19.190,19.121,19.270,18.975
2016/09/27,Tue,19.510,19.165,19.610,19.045
2016/09/26,Mon,19.790,19.596,19.825,19.425
2016/09/25,Sun,,,,
2016/09/24,Sat,,,,
2016/09/23,Fri,19.960,19.810,20.025,19.665
2016/09/22,Thu,19.900,20.099,20.145,19.785
2016/09/21,Wed,19.320,19.768,19.955,19.070
2016/09/20,Tue,19.220,19.277,19.365,19.145
2016/09/19,Mon,18.845,19.290,19.380,18.840
2016/09/18,Sun,,,,
2016/09/17,Sat,,,,
2016/09/16,Fri,19.060,18.862,19.085,18.715
2016/09/15,Thu,19.020,19.041,19.280,18.875
2016/09/14,Wed,18.940,19.066,19.175,18.845
2016/09/13,Tue,19.160,18.975,19.350,18.855
2016/09/12,Mon,19.205,19.000,19.245,18.765
2016/09/11,Sun,,,,
2016/09/10,Sat,,,,
2016/09/09,Fri,19.680,19.368,19.725,19.080
2016/09/08,Thu,19.870,19.678,20.020,19.630
2016/09/07,Wed,20.115,19.848,20.235,19.815
2016/09/06,Tue,19.450,20.098,20.100,19.400
2016/09/05,Mon,19.470,20.138,20.220,19.380
2016/09/04,Sun,,,,
2016/09/03,Sat,,,,
2016/09/02,Fri,18.955,19.366,19.535,18.825
2016/09/01,Thu,18.720,18.943,18.995,18.650
2016/08/31,Wed,18.660,18.707,18.930,18.600
2016/08/30,Tue,18.960,18.673,19.040,18.645
2016/08/29,Mon,18.610,18.768,18.880,18.370
2016/08/28,Sun,,,,
2016/08/27,Sat,,,,
2016/08/26,Fri,18.490,18.651,19.035,18.470
2016/08/25,Thu,18.500,18.489,18.620,18.440
2016/08/24,Wed,18.820,18.556,18.965,18.500
2016/08/23,Tue,18.865,18.922,19.090,18.770
2016/08/22,Mon,19.250,18.859,19.250,18.710
2016/08/21,Sun,,,,
2016/08/20,Sat,,,,
2016/08/19,Fri,19.775,19.317,19.800,19.220
2016/08/18,Thu,19.695,19.740,19.940,19.625
2016/08/17,Wed,19.820,19.648,19.895,19.375
2016/08/16,Tue,19.855,19.874,20.120,19.715
2016/08/15,Mon,19.755,19.847,20.050,19.700
2016/08/14,Sun,,,,
2016/08/13,Sat,,,,
2016/08/12,Fri,20.000,19.703,20.235,19.660
2016/08/11,Thu,20.190,20.020,20.340,19.905
2016/08/10,Wed,19.920,20.170,20.515,19.900
2016/08/09,Tue,19.750,19.850,19.900,19.605
2016/08/08,Mon,19.550,19.805,19.890,19.515
2016/08/07,Sun,,,,
2016/08/06,Sat,,,,
2016/08/05,Fri,20.410,19.817,20.470,19.715
2016/08/04,Thu,20.450,20.443,20.550,20.080
2016/08/03,Wed,20.675,20.471,20.770,20.405
2016/08/02,Tue,20.530,20.701,20.835,20.385
2016/08/01,Mon,20.410,20.500,20.695,20.335
2016/07/31,Sun,,,,
2016/07/30,Sat,,,,
2016/07/29,Fri,20.225,20.347,20.455,20.005
2016/07/28,Thu,20.420,20.192,20.585,20.155
2016/07/27,Wed,19.710,19.995,20.470,19.575
2016/07/26,Tue,19.625,19.683,19.800,19.490
2016/07/25,Mon,19.695,19.647,19.760,19.355
2016/07/24,Sun,,,,
2016/07/23,Sat,,,,
2016/07/22,Fri,19.870,19.689,20.020,19.620
2016/07/21,Thu,19.450,19.815,19.935,19.270
2016/07/20,Wed,19.970,19.613,20.050,19.385
2016/07/19,Tue,20.115,20.007,20.125,19.870
2016/07/18,Mon,20.235,20.075,20.295,19.770
2016/07/17,Sun,,,,
2016/07/16,Sat,,,,
2016/07/15,Fri,20.390,20.165,20.395,20.060
2016/07/14,Thu,20.450,20.322,20.615,20.060
2016/07/13,Wed,20.220,20.413,20.550,19.955
2016/07/12,Tue,20.365,20.171,20.595,20.020
2016/07/11,Mon,20.400,20.304,20.760,20.170
2016/07/10,Sun,,,,
2016/07/09,Sat,,,,
2016/07/08,Fri,19.735,20.099,20.390,19.280
2016/07/07,Thu,20.165,19.838,20.335,19.525
2016/07/06,Wed,20.015,20.203,20.585,19.930
2016/07/05,Tue,19.840,19.907,21.225,19.610
2016/07/04,Mon,19.840,19.907,21.225,19.610
2016/07/03,Sun,,,,
2016/07/02,Sat,,,,
2016/07/01,Fri,18.815,19.588,19.980,18.795
2016/06/30,Thu,18.360,18.623,18.900,18.260
2016/06/29,Wed,17.865,18.407,18.580,17.845
2016/06/28,Tue,17.800,17.843,17.880,17.550
2016/06/27,Mon,17.790,17.744,17.940,17.660
2016/06/26,Sun,,,,
2016/06/25,Sat,,,,
2016/06/24,Fri,17.150,17.789,18.370,17.105
2016/06/23,Thu,17.250,17.353,17.500,17.215
2016/06/22,Wed,17.310,17.312,17.355,17.125
2016/06/21,Tue,17.500,17.319,17.605,17.190
2016/06/20,Mon,17.460,17.514,17.660,17.300
2016/06/19,Sun,,,,
2016/06/18,Sat,,,,
2016/06/17,Fri,17.210,17.411,17.530,17.210
2016/06/16,Thu,17.550,17.607,17.880,17.170
2016/06/15,Wed,17.400,17.503,17.635,17.355
2016/06/14,Tue,17.460,17.424,17.500,17.225
2016/06/13,Mon,17.330,17.443,17.465,17.105
2016/06/12,Sun,,,,
2016/06/11,Sat,,,,
2016/06/10,Fri,17.280,17.330,17.380,17.160
2016/06/09,Thu,17.055,17.268,17.340,16.950
2016/06/08,Wed,16.410,16.985,17.115,16.390
2016/06/07,Tue,16.485,16.394,16.490,16.245
2016/06/06,Mon,16.415,16.447,16.545,16.365
2016/06/05,Sun,,,,
2016/06/04,Sat,,,,
2016/06/03,Fri,16.015,16.365,16.470,15.970
2016/06/02,Thu,15.985,16.025,16.065,15.925
2016/06/01,Wed,16.020,15.927,16.105,15.830
2016/05/31,Tue,16.085,16.018,16.100,16.085
2016/05/30,Mon,16.220,15.994,16.245,15.915
2016/05/29,Sun,,,,
2016/05/28,Sat,,,,
2016/05/27,Fri,16.335,16.269,16.395,16.140
2016/05/26,Thu,16.335,16.343,16.585,16.250
2016/05/25,Wed,16.235,16.261,16.380,16.185
2016/05/24,Tue,16.400,16.254,16.455,16.210
2016/05/23,Mon,16.500,16.423,16.590,16.325
2016/05/22,Sun,,,,
2016/05/21,Sat,,,,
2016/05/20,Fri,16.500,16.532,16.675,16.435
2016/05/19,Thu,16.855,16.493,16.950,16.350
2016/05/18,Wed,17.285,17.132,17.320,16.715
2016/05/17,Tue,17.175,17.250,17.380,17.055
2016/05/16,Mon,17.140,17.154,17.430,17.075
2016/05/15,Sun,,,,
2016/05/14,Sat,,,,
2016/05/13,Fri,17.025,17.132,17.200,16.850
2016/05/12,Thu,17.445,17.103,17.485,17.000
2016/05/11,Wed,17.155,17.319,17.620,17.125
2016/05/10,Tue,17.050,17.092,17.190,16.925
2016/05/09,Mon,17.460,17.089,17.505,16.960
2016/05/08,Sun,,,,
2016/05/07,Sat,,,,
2016/05/06,Fri,17.370,17.527,17.635,17.220
2016/05/05,Thu,17.410,17.327,17.685,17.285
2016/05/04,Wed,17.450,17.301,17.510,17.215
2016/05/03,Tue,17.605,17.499,17.760,17.365
2016/05/02,Mon,17.920,17.682,18.060,17.530
2016/05/01,Sun,,,,
2016/04/30,Sat,,,,
2016/04/29,Fri,17.630,17.819,18.020,17.615
2016/04/28,Thu,17.285,17.588,17.695,17.185
2016/04/27,Wed,17.160,17.289,17.435,17.055
2016/04/26,Tue,17.005,17.110,17.175,16.835
2016/04/25,Mon,16.900,17.009,17.140,16.810
2016/04/24,Sun,,,,
2016/04/23,Sat,,,,
2016/04/22,Fri,17.015,16.900,17.360,16.855
2016/04/21,Thu,16.960,17.090,17.720,16.755
2016/04/20,Wed,16.960,17.135,17.255,16.855
2016/04/19,Tue,16.235,16.972,17.110,16.180
2016/04/18,Mon,16.295,16.253,16.340,16.130
2016/04/17,Sun,,,,
2016/04/16,Sat,,,,
2016/04/15,Fri,16.185,16.313,16.395,16.110
2016/04/14,Thu,16.230,16.173,16.270,15.925
2016/04/13,Wed,16.200,16.325,16.345,16.015
2016/04/12,Tue,15.950,16.222,16.230,15.800
2016/04/11,Mon,15.380,15.976,15.985,15.370
2016/04/10,Sun,,,,
2016/04/09,Sat,,,,
2016/04/08,Fri,15.215,15.384,15.390,15.120
2016/04/07,Thu,15.055,15.158,15.365,15.055
2016/04/06,Wed,15.130,15.054,15.195,14.915
2016/04/05,Tue,14.940,15.116,15.220,14.925
2016/04/04,Mon,15.025,14.944,15.105,14.895
2016/04/03,Sun,,,,
2016/04/02,Sat,,,,
2016/04/01,Fri,15.445,15.046,15.480,14.785
2016/03/31,Thu,15.215,15.464,15.550,15.200
2016/03/30,Wed,15.360,15.211,15.460,15.175
2016/03/29,Tue,15.230,15.233,15.375,15.060
2016/03/28,Mon,15.190,15.190,15.375,15.140
2016/03/27,Sun,,,,
2016/03/26,Sat,,,,
2016/03/25,Fri,15.200,15.200,15.200,15.200
2016/03/24,Thu,15.275,15.199,15.335,15.105
2016/03/23,Wed,15.885,15.272,15.935,15.235
2016/03/22,Tue,15.855,15.885,16.040,15.790
2016/03/21,Mon,15.830,15.847,15.925,15.725
2016/03/20,Sun,,,,
2016/03/19,Sat,,,,
2016/03/18,Fri,15.970,15.811,16.170,15.755
2016/03/17,Thu,15.625,16.033,16.075,15.565
2016/03/16,Wed,15.290,15.219,15.675,15.210
2016/03/15,Tue,15.375,15.261,15.420,15.200
2016/03/14,Mon,15.520,15.521,15.850,15.310
2016/03/13,Sun,,,,
2016/03/12,Sat,,,,
2016/03/11,Fri,15.615,15.605,15.755,15.480
2016/03/10,Thu,15.310,15.549,15.665,15.165
2016/03/09,Wed,15.370,15.366,15.455,15.205
2016/03/08,Tue,15.650,15.390,15.760,15.350
2016/03/07,Mon,15.575,15.633,15.830,15.495
2016/03/06,Sun,,,,
2016/03/05,Sat,,,,
2016/03/04,Fri,15.230,15.694,15.840,15.150
2016/03/03,Thu,14.980,15.146,15.340,14.865
2016/03/02,Wed,14.830,15.022,15.045,14.770
2016/03/01,Tue,14.915,14.756,15.105,14.745
2016/02/29,Mon,14.755,14.918,14.945,14.610
2016/02/28,Sun,,,,
2016/02/27,Sat,,,,
2016/02/26,Fri,15.175,14.714,15.260,14.695
2016/02/25,Thu,15.240,15.170,15.330,15.030
2016/02/24,Wed,15.300,15.297,15.595,15.185
2016/02/23,Tue,15.190,15.240,15.320,15.170
2016/02/22,Mon,15.365,15.184,15.370,14.945
2016/02/21,Sun,,,,
2016/02/20,Sat,,,,
2016/02/19,Fri,15.420,15.373,15.495,15.290
2016/02/18,Thu,15.315,15.432,15.570,15.225
2016/02/17,Wed,15.275,15.377,15.415,15.190
2016/02/16,Tue,15.455,15.345,15.455,15.260
2016/02/15,Mon,15.705,15.334,15.740,15.155
2016/02/14,Sun,,,,
2016/02/13,Sat,,,,
2016/02/12,Fri,15.805,15.790,15.845,15.650
2016/02/11,Thu,15.285,15.794,15.990,15.285
2016/02/10,Wed,15.285,15.282,15.325,15.110
2016/02/09,Tue,15.360,15.449,15.470,15.205
2016/02/08,Mon,15.000,15.426,15.480,14.900
2016/02/07,Sun,,,,
2016/02/06,Sat,,,,
2016/02/05,Fri,14.880,14.778,15.065,14.670
2016/02/04,Thu,14.705,14.850,14.930,14.650
2016/02/03,Wed,14.310,14.734,14.820,14.270
2016/02/02,Tue,14.345,14.289,14.405,14.230
2016/02/01,Mon,14.255,14.343,14.420,14.200
2016/01/31,Sun,,,,
2016/01/30,Sat,,,,
2016/01/29,Fri,14.250,14.243,14.310,14.160
2016/01/28,Thu,14.510,14.232,14.540,14.070
2016/01/27,Wed,14.515,14.459,14.585,14.360
2016/01/26,Tue,14.255,14.564,14.580,14.220
2016/01/25,Mon,14.065,14.254,14.310,14.025
2016/01/24,Sun,,,,
2016/01/23,Sat,,,,
2016/01/22,Fri,14.115,14.057,14.360,14.020
2016/01/21,Thu,14.175,14.094,14.210,13.885
2016/01/20,Wed,14.035,14.160,14.220,13.995
2016/01/19,Tue,13.920,14.121,14.185,13.840
2016/01/18,Mon,13.920,14.121,14.185,13.840
2016/01/17,Sun,,,,
2016/01/16,Sat,,,,
2016/01/15,Fri,13.850,13.896,14.135,13.765
2016/01/14,Thu,14.175,13.748,14.185,13.740
2016/01/13,Wed,13.785,14.156,14.205,13.750
2016/01/12,Tue,13.875,13.751,13.910,13.730
2016/01/11,Mon,13.965,13.866,14.075,13.825
2016/01/10,Sun,,,,
2016/01/09,Sat,,,,
2016/01/08,Fri,14.325,13.918,14.340,13.870
2016/01/07,Thu,13.995,14.344,14.385,13.920
2016/01/06,Wed,13.950,13.976,14.135,13.855
2016/01/05,Tue,13.860,13.971,14.065,13.845
2016/01/04,Mon,13.815,13.841,14.185,13.800
2016/01/03,Sun,,,,
2016/01/02,Sat,,,,
2016/01/01,Fri,,,,
2015/12/31,Thu,13.865,13.803,13.960,13.765
2015/12/30,Wed,13.925,13.842,13.985,13.750
2015/12/29,Tue,13.915,13.928,14.055,13.900
2015/12/28,Mon,14.365,13.884,14.425,13.850
2015/12/27,Sun,,,,
2015/12/26,Sat,,,,
2015/12/25,Fri,,,,
2015/12/24,Thu,14.300,14.379,14.400,14.265
2015/12/23,Wed,14.260,14.287,14.345,14.200
2015/12/22,Tue,14.240,14.314,14.400,14.215
2015/12/21,Mon,14.110,14.315,14.330,14.045
2015/12/20,Sun,,,,
2015/12/19,Sat,,,,
2015/12/18,Fri,13.710,14.096,14.195,13.685
2015/12/17,Thu,14.195,13.703,14.225,13.665
2015/12/16,Wed,13.745,14.248,14.310,13.745
2015/12/15,Tue,13.655,13.770,13.810,13.635
2015/12/14,Mon,13.900,13.695,13.965,13.620
2015/12/13,Sun,,,,
2015/12/12,Sat,,,,
2015/12/11,Fri,14.070,13.884,14.135,13.750
2015/12/10,Thu,14.155,14.110,14.225,14.090
2015/12/09,Wed,14.130,14.189,14.335,14.105
2015/12/08,Tue,14.220,14.116,14.310,14.065
2015/12/07,Mon,14.590,14.332,14.640,14.205
2015/12/06,Sun,,,,
2015/12/05,Sat,,,,
2015/12/04,Fri,14.100,14.528,14.610,14.020
2015/12/03,Thu,13.975,14.077,14.145,13.805
2015/12/02,Wed,14.165,14.009,14.210,13.900
2015/12/01,Tue,14.060,14.083,14.240,14.040
2015/11/30,Mon,14.045,14.086,14.180,13.975
2015/11/29,Sun,,,,
2015/11/28,Sat,,,,
2015/11/27,Fri,14.034,14.034,14.034,14.034
2015/11/26,Thu,14.170,14.048,14.375,13.930
2015/11/25,Wed,14.160,14.158,14.240,13.995
2015/11/24,Tue,14.090,14.159,14.270,14.020
2015/11/23,Mon,14.135,14.032,14.155,13.855
2015/11/22,Sun,,,,
2015/11/21,Sat,,,,
2015/11/20,Fri,14.230,14.096,14.370,14.040
2015/11/19,Thu,14.140,14.222,14.370,14.090
2015/11/18,Wed,14.145,14.081,14.210,13.990
2015/11/17,Tue,14.220,14.171,14.250,14.080
2015/11/16,Mon,14.265,14.222,14.420,14.170
2015/11/15,Sun,,,,
2015/11/14,Sat,,,,
2015/11/13,Fri,14.250,14.204,14.350,14.140
2015/11/12,Thu,14.275,14.225,14.465,14.155
2015/11/11,Wed,14.375,14.263,14.490,14.230
2015/11/10,Tue,14.515,14.356,14.555,14.265
2015/11/09,Mon,14.730,14.413,14.760,14.395
2015/11/08,Sun,,,,
2015/11/07,Sat,,,,
2015/11/06,Fri,14.960,14.691,15.045,14.685
2015/11/05,Thu,15.065,14.983,15.090,14.910
2015/11/04,Wed,15.255,15.058,15.325,15.025
2015/11/03,Tue,15.400,15.239,15.450,15.200
2015/11/02,Mon,15.535,15.408,15.550,15.250
2015/11/01,Sun,,,,
2015/10/31,Sat,,,,
2015/10/30,Fri,15.600,15.567,15.655,15.475
2015/10/29,Thu,15.935,15.550,16.010,15.535
2015/10/28,Wed,15.860,16.293,16.370,15.720
2015/10/27,Tue,15.840,15.863,15.950,15.780
2015/10/26,Mon,15.845,15.905,15.980,15.770
2015/10/25,Sun,,,,
2015/10/24,Sat,,,,
2015/10/23,Fri,15.815,15.827,16.100,15.705
2015/10/22,Thu,15.680,15.837,15.910,15.640
2015/10/21,Wed,15.900,15.710,15.940,15.610
2015/10/20,Tue,15.830,15.917,15.965,15.740
2015/10/19,Mon,16.015,15.841,16.040,15.735
2015/10/18,Sun,,,,
2015/10/17,Sat,,,,
2015/10/16,Fri,16.120,16.114,16.165,15.935
2015/10/15,Thu,16.130,16.164,16.195,15.900
2015/10/14,Wed,15.910,16.117,16.195,15.790
2015/10/13,Tue,15.815,15.907,15.985,15.615
2015/10/12,Mon,15.795,15.864,16.075,15.765
2015/10/11,Sun,,,,
2015/10/10,Sat,,,,
2015/10/09,Fri,15.680,15.818,16.010,15.585
2015/10/08,Thu,16.055,15.766,16.080,15.375
2015/10/07,Wed,15.890,16.094,16.115,15.820
2015/10/06,Tue,15.620,15.984,16.090,15.570
2015/10/05,Mon,15.250,15.708,15.730,15.100
2015/10/04,Sun,,,,
2015/10/03,Sat,,,,
2015/10/02,Fri,14.490,15.263,15.300,14.360
2015/10/01,Thu,14.500,14.511,14.670,14.430
2015/09/30,Wed,14.605,14.518,14.725,14.435
2015/09/29,Tue,14.585,14.573,14.700,14.455
2015/09/28,Mon,15.070,14.538,15.110,14.470
2015/09/27,Sun,,,,
2015/09/26,Sat,,,,
2015/09/25,Fri,15.070,15.111,15.185,14.945
2015/09/24,Thu,14.765,15.130,15.180,14.745
2015/09/23,Wed,14.765,14.789,14.910,14.685
2015/09/22,Tue,15.180,14.756,15.220,14.695
2015/09/21,Mon,15.165,15.221,15.245,15.080
2015/09/20,Sun,,,,
2015/09/19,Sat,,,,
2015/09/18,Fri,15.120,15.163,15.435,15.015
2015/09/17,Thu,14.925,14.984,15.275,14.770
2015/09/16,Wed,14.370,14.885,14.965,14.310
2015/09/15,Tue,14.365,14.326,14.410,14.240
2015/09/14,Mon,14.555,14.363,14.590,14.310
2015/09/13,Sun,,,,
2015/09/12,Sat,,,,
2015/09/11,Fri,14.685,14.505,14.745,14.250
2015/09/10,Thu,14.590,14.645,14.845,14.535
2015/09/09,Wed,14.795,14.576,14.930,14.560
2015/09/08,Tue,14.750,14.750,14.750,14.750
2015/09/07,Mon,14.550,14.755,14.880,14.440
2015/09/06,Sun,,,,
2015/09/05,Sat,,,,
2015/09/04,Fri,14.690,14.549,14.825,14.475
2015/09/03,Thu,14.660,14.707,14.950,14.550
2015/09/02,Wed,14.585,14.667,14.815,14.425
2015/09/01,Tue,14.595,14.620,14.755,14.495
2015/08/31,Mon,14.580,14.586,14.670,14.390
2015/08/30,Sun,,,,
2015/08/29,Sat,,,,
2015/08/28,Fri,14.505,14.549,14.670,14.350
2015/08/27,Thu,14.100,14.417,14.560,14.050
2015/08/26,Wed,14.675,14.041,14.705,13.910
2015/08/25,Tue,14.795,14.610,14.930,14.520
2015/08/24,Mon,15.345,14.762,15.390,14.555
2015/08/23,Sun,,,,
2015/08/22,Sat,,,,
2015/08/21,Fri,15.540,15.301,15.715,15.105
2015/08/20,Thu,15.270,15.517,15.560,15.255
2015/08/19,Wed,14.865,15.179,15.320,14.795
2015/08/18,Tue,15.300,14.790,15.325,14.680
2015/08/17,Mon,15.225,15.298,15.375,15.180
2015/08/16,Sun,,,,
2015/08/15,Sat,,,,
2015/08/14,Fri,15.400,15.213,15.585,15.140
2015/08/13,Thu,15.515,15.399,15.555,15.265
2015/08/12,Wed,15.290,15.476,15.570,15.125
2015/08/11,Tue,15.230,15.284,15.380,15.065
2015/08/10,Mon,14.750,15.292,15.375,14.705
2015/08/09,Sun,,,,
2015/08/08,Sat,,,,
2015/08/07,Fri,14.630,14.821,14.990,14.565
2015/08/06,Thu,14.545,14.677,14.735,14.490
2015/08/05,Wed,14.545,14.553,14.675,14.465
2015/08/04,Tue,14.450,14.557,14.625,14.345
2015/08/03,Mon,14.750,14.515,14.765,14.390
2015/08/02,Sun,,,,
2015/08/01,Sat,,,,
2015/07/31,Fri,14.695,14.745,14.970,14.510
2015/07/30,Thu,14.775,14.696,14.815,14.580
2015/07/29,Wed,14.640,14.743,14.900,14.570
2015/07/28,Tue,14.515,14.642,14.675,14.510
2015/07/27,Mon,14.690,14.605,14.740,14.495
2015/07/26,Sun,,,,
2015/07/25,Sat,,,,
2015/07/24,Fri,14.615,14.488,14.710,14.330
2015/07/23,Thu,14.740,14.701,14.960,14.545
2015/07/22,Wed,14.810,14.730,14.865,14.585
2015/07/21,Tue,14.635,14.785,14.930,14.615
2015/07/20,Mon,14.830,14.758,14.980,14.490
2015/07/19,Sun,,,,
2015/07/18,Sat,,,,
2015/07/17,Fri,14.955,14.834,15.005,14.795
2015/07/16,Thu,15.060,14.984,15.145,14.845
2015/07/15,Wed,15.325,15.048,15.360,14.960
2015/07/14,Tue,15.480,15.315,15.480,15.235
2015/07/13,Mon,15.555,15.457,15.900,15.270
2015/07/12,Sun,,,,
2015/07/11,Sat,,,,
2015/07/10,Fri,15.375,15.481,15.635,15.340
2015/07/09,Thu,15.110,15.361,15.525,14.975
2015/07/08,Wed,15.005,15.163,15.220,14.705
2015/07/07,Tue,15.670,14.969,15.710,14.620
2015/07/06,Mon,15.630,15.753,15.820,15.495
2015/07/05,Sun,,,,
2015/07/04,Sat,,,,
2015/07/03,Fri,15.715,15.753,15.820,15.495
2015/07/02,Thu,15.530,15.562,15.755,15.450
2015/07/01,Wed,15.615,15.577,15.685,15.500
2015/06/30,Tue,15.770,15.581,15.840,15.435
2015/06/29,Mon,15.865,15.695,16.040,15.660
2015/06/28,Sun,,,,
2015/06/27,Sat,,,,
2015/06/26,Fri,15.840,15.768,15.905,15.480
2015/06/25,Thu,15.850,15.808,15.910,15.730
2015/06/24,Wed,15.810,15.853,15.885,15.720
2015/06/23,Tue,16.135,15.737,16.175,15.670
2015/06/22,Mon,16.100,16.142,16.230,15.985
2015/06/21,Sun,,,,
2015/06/20,Sat,,,,
2015/06/19,Fri,16.110,16.109,16.190,15.870
2015/06/18,Thu,16.075,16.153,16.430,16.020
2015/06/17,Wed,15.965,15.947,16.250,15.885
2015/06/16,Tue,16.035,15.965,16.105,15.850
2015/06/15,Mon,15.900,16.083,16.235,15.810
2015/06/14,Sun,,,,
2015/06/13,Sat,,,,
2015/06/12,Fri,15.980,15.825,16.005,15.785
2015/06/11,Thu,15.960,15.960,16.040,15.770
2015/06/10,Wed,15.910,15.959,16.190,15.895
2015/06/09,Tue,15.920,15.957,16.135,15.905
2015/06/08,Mon,16.040,15.959,16.110,15.880
2015/06/07,Sun,,,,
2015/06/06,Sat,,,,
2015/06/05,Fri,16.065,15.984,16.160,15.925
2015/06/04,Thu,16.480,16.103,16.500,16.065
2015/06/03,Wed,16.775,16.480,16.795,16.375
2015/06/02,Tue,16.725,16.799,16.840,16.610
2015/06/01,Mon,16.695,16.680,17.170,16.590
2015/05/31,Sun,,,,
2015/05/30,Sat,,,,
2015/05/29,Fri,16.670,16.701,16.850,16.640
2015/05/28,Thu,16.675,16.669,16.775,16.540
2015/05/27,Wed,16.735,16.647,16.810,16.580
2015/05/26,Tue,17.050,16.746,17.180,16.645
2015/05/25,Mon,17.050,16.746,17.180,16.645
2015/05/24,Sun,,,,
2015/05/23,Sat,,,,
2015/05/22,Fri,17.140,17.051,17.335,16.940
2015/05/21,Thu,17.100,17.132,17.250,17.000
2015/05/20,Wed,17.095,17.113,17.280,16.935
2015/05/19,Tue,17.705,17.071,17.735,16.870
2015/05/18,Mon,17.535,17.732,17.775,17.475
2015/05/17,Sun,,,,
2015/05/16,Sat,,,,
2015/05/15,Fri,17.460,17.563,17.585,17.205
2015/05/14,Thu,17.160,17.465,17.585,17.070
2015/05/13,Wed,16.520,17.221,17.235,16.480
2015/05/12,Tue,16.285,16.526,16.595,16.120
2015/05/11,Mon,16.415,16.314,16.550,16.200
2015/05/10,Sun,,,,
2015/05/09,Sat,,,,
2015/05/08,Fri,16.305,16.465,16.555,16.260
2015/05/07,Thu,16.535,16.297,16.555,16.160
2015/05/06,Wed,16.540,16.506,16.650,16.385
2015/05/05,Tue,16.400,16.579,16.705,16.345
2015/05/04,Mon,16.130,16.441,16.765,16.125
2015/05/03,Sun,,,,
2015/05/02,Sat,,,,
2015/05/01,Fri,16.145,16.135,16.260,15.895
2015/04/30,Thu,16.575,16.153,16.730,15.800
2015/04/29,Wed,16.620,16.702,16.725,16.415
2015/04/28,Tue,16.375,16.591,16.660,16.275
2015/04/27,Mon,15.730,16.394,16.445,15.680
2015/04/26,Sun,,,,
2015/04/25,Sat,,,,
2015/04/24,Fri,15.840,15.636,15.885,15.550
2015/04/23,Thu,15.760,15.829,15.920,15.705
2015/04/22,Wed,15.965,15.796,16.075,15.655
2015/04/21,Tue,15.920,16.008,16.165,15.860
2015/04/20,Mon,16.275,15.889,16.340,15.820
2015/04/19,Sun,,,,
2015/04/18,Sat,,,,
2015/04/17,Fri,16.260,16.229,16.490,16.185
2015/04/16,Thu,16.290,16.284,16.475,16.100
2015/04/15,Wed,16.145,16.279,16.370,16.045
2015/04/14,Tue,16.280,16.161,16.340,15.955
2015/04/13,Mon,16.420,16.291,16.510,16.225
2015/04/12,Sun,,,,
2015/04/11,Sat,,,,
2015/04/10,Fri,16.140,16.382,16.650,16.140
2015/04/09,Thu,16.500,16.176,16.510,16.105
2015/04/08,Wed,16.845,16.454,16.905,16.370
2015/04/07,Tue,16.960,16.840,16.975,16.730
2015/04/06,Mon,16.995,17.110,17.310,16.935
2015/04/05,Sun,,,,
2015/04/04,Sat,,,,
2015/04/03,Fri,16.720,16.720,16.720,16.720
2015/04/02,Thu,16.935,16.701,17.000,16.570
2015/04/01,Wed,16.620,17.059,17.075,16.500
2015/03/31,Tue,16.705,16.598,16.820,16.435
2015/03/30,Mon,16.990,16.674,16.990,16.625
2015/03/29,Sun,,,,
2015/03/28,Sat,,,,
2015/03/27,Fri,17.085,17.069,17.195,16.855
2015/03/26,Thu,16.970,17.140,17.405,16.910
2015/03/25,Wed,16.935,17.000,17.140,16.840
2015/03/24,Tue,16.995,16.983,17.040,16.805
2015/03/23,Mon,16.755,16.891,17.090,16.610
2015/03/22,Sun,,,,
2015/03/21,Sat,,,,
2015/03/20,Fri,16.125,16.883,16.890,16.080
2015/03/19,Thu,15.930,16.114,16.205,15.795
2015/03/18,Wed,15.530,15.541,16.095,15.430
2015/03/17,Tue,15.625,15.578,15.720,15.360
2015/03/16,Mon,15.630,15.617,15.755,15.490
2015/03/15,Sun,,,,
2015/03/14,Sat,,,,
2015/03/13,Fri,15.565,15.494,15.660,15.455
2015/03/12,Thu,15.470,15.516,15.685,15.385
2015/03/11,Wed,15.625,15.365,15.730,15.260
2015/03/10,Tue,15.720,15.633,15.825,15.580
2015/03/09,Mon,15.930,15.776,15.960,15.705
2015/03/08,Sun,,,,
2015/03/07,Sat,,,,
2015/03/06,Fri,16.185,15.807,16.235,15.745
2015/03/05,Thu,16.220,16.158,16.355,16.140
2015/03/04,Wed,16.260,16.158,16.360,16.055
2015/03/03,Tue,16.405,16.296,16.580,16.070
2015/03/02,Mon,16.575,16.451,16.790,16.350
2015/03/01,Sun,,,,
2015/02/28,Sat,,,,
2015/02/27,Fri,16.565,16.558,16.700,16.425
2015/02/26,Thu,16.535,16.624,16.905,16.520
2015/02/25,Wed,16.285,16.430,16.700,16.280
2015/02/24,Tue,16.300,16.188,16.455,16.040
2015/02/23,Mon,16.255,16.254,16.590,16.065
2015/02/22,Sun,,,,
2015/02/21,Sat,,,,
2015/02/20,Fri,16.345,16.273,16.555,16.160
2015/02/19,Thu,16.445,16.381,16.770,16.320
2015/02/18,Wed,16.480,16.265,16.575,16.230
2015/02/17,Tue,17.400,16.402,17.400,16.330
2015/02/16,Mon,17.325,16.378,17.400,16.260
2015/02/15,Sun,,,,
2015/02/14,Sat,,,,
2015/02/13,Fri,16.840,17.294,17.430,16.835
2015/02/12,Thu,16.795,16.794,17.040,16.605
2015/02/11,Wed,16.930,16.761,17.075,16.710
2015/02/10,Tue,16.965,16.873,17.095,16.715
2015/02/09,Mon,16.785,17.070,17.145,16.685
2015/02/08,Sun,,,,
2015/02/07,Sat,,,,
2015/02/06,Fri,17.280,16.694,17.370,16.545
2015/02/05,Thu,17.370,17.196,17.500,16.920
2015/02/04,Wed,17.330,17.395,17.670,17.170
2015/02/03,Tue,17.240,17.321,17.750,17.070
2015/02/02,Mon,17.155,17.251,17.340,16.995
2015/02/01,Sun,,,,
2015/01/31,Sat,,,,
2015/01/30,Fri,16.990,17.208,17.320,16.815
2015/01/29,Thu,18.000,16.773,18.050,16.740
2015/01/28,Wed,18.045,18.088,18.175,17.945
2015/01/27,Tue,17.920,18.084,18.215,17.405
2015/01/26,Mon,18.300,17.983,18.490,17.865
2015/01/25,Sun,,,,
2015/01/24,Sat,,,,
2015/01/23,Fri,18.335,18.300,18.415,18.120
2015/01/22,Thu,18.160,18.360,18.490,17.890
2015/01/21,Wed,18.010,18.193,18.505,17.915
2015/01/20,Tue,17.840,17.956,18.045,17.630
2015/01/19,Mon,17.840,17.956,18.045,17.630
2015/01/18,Sun,,,,
2015/01/17,Sat,,,,
2015/01/16,Fri,16.965,17.750,17.865,16.890
2015/01/15,Thu,16.840,17.102,17.240,16.710
2015/01/14,Wed,17.070,16.988,17.095,16.560
2015/01/13,Tue,16.590,17.156,17.215,16.570
2015/01/12,Mon,16.495,16.564,16.690,16.430
2015/01/11,Sun,,,,
2015/01/10,Sat,,,,
2015/01/09,Fri,16.375,16.419,16.625,16.210
2015/01/08,Thu,16.545,16.385,16.665,16.305
2015/01/07,Wed,16.575,16.544,16.660,16.300
2015/01/06,Tue,16.160,16.637,16.740,16.115
2015/01/05,Mon,15.795,16.213,16.260,15.630
2015/01/04,Sun,,,,
2015/01/03,Sat,,,,
2015/01/02,Fri,15.730,15.768,16.060,15.510
2015/01/01,Thu,15.695,15.813,15.903,15.695
2014/12/31,Wed,16.250,15.599,16.310,15.545
2014/12/30,Tue,15.810,16.276,16.480,15.750
2014/12/29,Mon,16.080,15.779,16.255,15.720
2014/12/28,Sun,,,,
2014/12/27,Sat,,,,
2014/12/26,Fri,15.780,16.147,16.305,15.765
2014/12/25,Thu,15.762,15.805,15.852,15.762
2014/12/24,Wed,15.775,15.710,15.865,15.680
2014/12/23,Tue,15.675,15.767,15.895,15.560
2014/12/22,Mon,16.150,15.688,16.175,15.530
2014/12/21,Sun,,,,
2014/12/20,Sat,,,,
2014/12/19,Fri,15.875,16.030,16.110,15.830
2014/12/18,Thu,15.755,15.934,16.230,15.740
2014/12/17,Wed,15.755,15.928,16.060,15.615
2014/12/16,Tue,16.205,15.752,16.665,15.540
2014/12/15,Mon,17.050,16.563,17.080,16.135
2014/12/14,Sun,,,,
2014/12/13,Sat,,,,
2014/12/12,Fri,17.110,17.057,17.230,17.010
2014/12/11,Thu,17.065,17.112,17.240,16.945
2014/12/10,Wed,17.125,17.187,17.355,16.950
2014/12/09,Tue,16.360,17.134,17.230,16.290
2014/12/08,Mon,16.250,16.276,16.440,16.165
2014/12/07,Sun,,,,
2014/12/06,Sat,,,,
2014/12/05,Fri,16.475,16.258,16.560,16.220
2014/12/04,Thu,16.425,16.575,16.680,16.375
2014/12/03,Wed,16.465,16.412,16.595,16.235
2014/12/02,Tue,16.495,16.456,16.535,16.070
2014/12/01,Mon,15.390,16.692,16.810,14.155
2014/11/30,Sun,,,,
2014/11/29,Sat,,,,
2014/11/28,Fri,16.390,15.547,16.390,15.795
2014/11/27,Thu,16.540,15.556,16.575,15.410
2014/11/26,Wed,16.645,16.548,16.650,16.440
2014/11/25,Tue,16.435,16.553,16.690,16.435
2014/11/24,Mon,16.365,16.376,16.470,16.245
2014/11/23,Sun,,,,
2014/11/22,Sat,,,,
2014/11/21,Fri,16.255,16.395,16.600,16.095
2014/11/20,Thu,16.120,16.137,16.320,15.955
2014/11/19,Wed,16.165,16.294,16.535,15.870
2014/11/18,Tue,16.130,16.174,16.400,15.970
2014/11/17,Mon,16.305,16.057,16.455,16.015
2014/11/16,Sun,,,,
2014/11/15,Sat,,,,
2014/11/14,Fri,15.630,16.314,16.380,15.250
2014/11/13,Thu,15.640,15.621,15.790,15.535
2014/11/12,Wed,15.685,15.623,15.765,15.545
2014/11/11,Tue,15.595,15.678,15.880,15.445
2014/11/10,Mon,15.800,15.671,15.880,15.480
2014/11/09,Sun,,,,
2014/11/08,Sat,,,,
2014/11/07,Fri,15.405,15.714,15.880,15.040
2014/11/06,Thu,15.340,15.413,15.455,15.205
2014/11/05,Wed,16.020,15.439,16.045,15.120
2014/11/04,Tue,16.115,15.953,16.165,15.905
2014/11/03,Mon,16.110,16.201,16.220,15.740
2014/11/02,Sun,,,,
2014/11/01,Sat,,,,
2014/10/31,Fri,16.495,16.106,16.515,15.635
2014/10/30,Thu,17.095,16.420,17.205,16.330
2014/10/29,Wed,17.200,17.264,17.315,17.015
2014/10/28,Tue,17.095,17.226,17.400,17.060
2014/10/27,Mon,17.185,17.161,17.230,17.080
2014/10/26,Sun,,,,
2014/10/25,Sat,,,,
2014/10/24,Fri,17.200,17.182,17.355,17.135
2014/10/23,Thu,17.175,17.158,17.250,17.035
2014/10/22,Wed,17.520,17.231,17.535,17.115
2014/10/21,Tue,17.420,17.549,17.655,17.355
2014/10/20,Mon,17.335,17.354,17.520,17.250
2014/10/19,Sun,,,,
2014/10/18,Sat,,,,
2014/10/17,Fri,17.370,17.331,17.440,17.220
2014/10/16,Thu,17.450,17.437,17.540,17.200
2014/10/15,Wed,17.380,17.464,17.820,17.020
2014/10/14,Tue,17.500,17.403,17.570,17.325
2014/10/13,Mon,17.360,17.345,17.680,17.280
2014/10/12,Sun,,,,
2014/10/11,Sat,,,,
2014/10/10,Fri,17.360,17.303,17.420,17.205
2014/10/09,Thu,17.370,17.418,17.720,17.325
2014/10/08,Wed,17.195,17.064,17.465,17.055
2014/10/07,Tue,17.340,17.240,17.625,17.085
2014/10/06,Mon,16.805,17.225,17.360,16.660
2014/10/05,Sun,,,,
2014/10/04,Sat,,,,
2014/10/03,Fri,17.060,16.826,17.155,16.640
2014/10/02,Thu,17.190,17.047,17.350,16.930
2014/10/01,Wed,16.975,17.259,17.440,16.865
2014/09/30,Tue,17.460,17.057,17.575,16.850
2014/09/29,Mon,17.575,17.567,17.635,17.430
2014/09/28,Sun,,,,
2014/09/27,Sat,,,,
2014/09/26,Fri,17.500,17.537,17.725,17.440
2014/09/25,Thu,17.675,17.438,17.690,17.270
2014/09/24,Wed,17.765,17.702,17.870,17.510
2014/09/23,Tue,17.725,17.779,17.990,17.610
2014/09/22,Mon,17.855,17.774,17.865,17.325
2014/09/21,Sun,,,,
2014/09/20,Sat,,,,
2014/09/19,Fri,18.525,17.844,18.595,17.780
2014/09/18,Thu,18.510,18.517,18.620,18.270
2014/09/17,Wed,18.695,18.734,18.800,18.490
2014/09/16,Tue,18.645,18.721,18.885,18.610
2014/09/15,Mon,18.610,18.620,18.710,18.555
2014/09/14,Sun,,,,
2014/09/13,Sat,,,,
2014/09/12,Fri,18.685,18.606,18.720,18.455
2014/09/11,Thu,18.960,18.599,18.985,18.570
2014/09/10,Wed,19.080,18.926,19.125,18.900
2014/09/09,Tue,19.055,18.920,19.155,18.890
2014/09/08,Mon,19.190,18.961,19.345,18.930
2014/09/07,Sun,,,,
2014/09/06,Sat,,,,
2014/09/05,Fri,19.065,19.156,19.280,19.020
2014/09/04,Thu,19.215,19.138,19.390,19.045
2014/09/03,Wed,19.210,19.189,19.280,19.135
2014/09/02,Tue,19.205,19.120,19.225,19.150
2014/09/01,Mon,19.495,19.152,19.565,19.110
2014/08/31,Sun,,,,
2014/08/30,Sat,,,,
2014/08/29,Fri,19.540,19.492,19.675,19.475
2014/08/28,Thu,19.480,19.609,19.950,19.470
2014/08/27,Wed,19.340,19.405,19.475,19.285
2014/08/26,Tue,19.325,19.386,19.660,19.305
2014/08/25,Mon,19.415,19.358,19.470,19.295
2014/08/24,Sun,,,,
2014/08/23,Sat,,,,
2014/08/22,Fri,19.425,19.386,19.550,19.285
2014/08/21,Thu,19.465,19.415,19.480,19.285
2014/08/20,Wed,19.425,19.497,19.585,19.395
2014/08/19,Tue,19.595,19.412,19.700,19.365
2014/08/18,Mon,19.580,19.635,19.695,19.470
2014/08/17,Sun,,,,
2014/08/16,Sat,,,,
2014/08/15,Fri,19.865,19.525,19.955,19.505
2014/08/14,Thu,19.820,19.906,19.985,19.785
2014/08/13,Wed,19.925,19.845,20.085,19.705
2014/08/12,Tue,20.015,19.905,20.155,19.875
2014/08/11,Mon,19.920,20.095,20.110,19.845
2014/08/10,Sun,,,,
2014/08/09,Sat,,,,
2014/08/08,Fri,19.995,19.941,20.185,19.845
2014/08/07,Thu,20.050,19.990,20.130,19.880
2014/08/06,Wed,19.785,20.024,20.135,19.770
2014/08/05,Tue,20.180,19.833,20.290,19.760
2014/08/04,Mon,20.335,20.233,20.480,20.170
2014/08/03,Sun,,,,
2014/08/02,Sat,,,,
2014/08/01,Fri,20.400,20.371,20.580,20.245
2014/07/31,Thu,20.645,20.412,20.780,20.370
2014/07/30,Wed,20.600,20.597,20.760,20.480
2014/07/29,Tue,20.630,20.583,20.845,20.505
2014/07/28,Mon,20.715,20.567,20.775,20.550
2014/07/27,Sun,,,,
2014/07/26,Sat,,,,
2014/07/25,Fri,20.420,20.636,20.810,20.350
2014/07/24,Thu,20.960,20.415,20.970,20.350
2014/07/23,Wed,21.025,20.995,21.105,20.940
2014/07/22,Tue,20.970,21.008,21.120,20.785
2014/07/21,Mon,20.930,21.012,21.165,20.860
2014/07/20,Sun,,,,
2014/07/19,Sat,,,,
2014/07/18,Fri,21.205,20.886,21.315,20.780
2014/07/17,Thu,20.815,21.134,21.300,20.760
2014/07/16,Wed,20.750,20.775,20.880,20.630
2014/07/15,Tue,20.975,20.889,21.130,20.670
2014/07/14,Mon,21.485,20.914,21.530,20.900
2014/07/13,Sun,,,,
2014/07/12,Sat,,,,
2014/07/11,Fri,21.465,21.461,21.565,21.420
2014/07/10,Thu,21.120,21.508,21.630,21.120
2014/07/09,Wed,21.085,21.068,21.285,21.040
2014/07/08,Tue,21.100,21.013,21.245,20.955
2014/07/07,Mon,21.180,21.014,21.215,20.865
2014/07/06,Sun,,,,
2014/07/05,Sat,,,,
2014/07/04,Fri,21.200,21.014,21.215,20.865
2014/07/03,Thu,21.210,21.137,21.230,20.820
2014/07/02,Wed,21.085,21.302,21.335,20.960
2014/07/01,Tue,21.070,21.117,21.275,21.050
2014/06/30,Mon,21.060,21.056,21.170,20.805
2014/06/29,Sun,,,,
2014/06/28,Sat,,,,
2014/06/27,Fri,21.155,21.134,21.250,20.945
2014/06/26,Thu,21.015,21.108,21.120,20.795
2014/06/25,Wed,20.910,21.116,21.165,20.705
2014/06/24,Tue,20.890,21.043,21.170,20.810
2014/06/23,Mon,20.865,20.916,20.945,20.735
2014/06/22,Sun,,,,
2014/06/21,Sat,,,,
2014/06/20,Fri,20.770,20.949,20.990,20.580
2014/06/19,Thu,19.895,20.648,20.925,19.830
2014/06/18,Wed,19.740,19.778,19.920,19.665
2014/06/17,Tue,19.665,19.732,19.775,19.435
2014/06/16,Mon,19.670,19.715,19.875,19.570
2014/06/15,Sun,,,,
2014/06/14,Sat,,,,
2014/06/13,Fri,19.525,19.655,19.720,19.470
2014/06/12,Thu,19.190,19.533,19.565,19.150
2014/06/11,Wed,19.185,19.172,19.330,19.145
2014/06/10,Tue,19.055,19.168,19.245,18.970
2014/06/09,Mon,19.020,19.066,19.190,18.985
2014/06/08,Sun,,,,
2014/06/07,Sat,,,,
2014/06/06,Fri,19.040,18.991,19.200,18.880
2014/06/05,Thu,18.800,19.083,19.155,18.670
2014/06/04,Wed,18.780,18.792,18.880,18.720
2014/06/03,Tue,18.755,18.763,18.920,18.710
2014/06/02,Mon,18.795,18.739,18.870,18.650
2014/06/01,Sun,,,,
2014/05/31,Sat,,,,
2014/05/30,Fri,19.035,18.682,19.085,18.615
2014/05/29,Thu,19.035,19.014,19.095,18.780
2014/05/28,Wed,19.070,19.059,19.155,18.970
2014/05/27,Tue,19.440,19.067,19.500,19.025
2014/05/26,Mon,19.440,19.067,19.500,19.025
2014/05/25,Sun,,,,
2014/05/24,Sat,,,,
2014/05/23,Fri,19.490,19.418,19.525,19.295
2014/05/22,Thu,19.400,19.520,19.825,19.360
2014/05/21,Wed,19.400,19.338,19.500,19.265
2014/05/20,Tue,19.345,19.399,19.465,19.225
2014/05/19,Mon,19.370,19.353,19.685,19.310
2014/05/18,Sun,,,,
2014/05/17,Sat,,,,
2014/05/16,Fri,19.500,19.329,19.530,19.255
2014/05/15,Thu,19.790,19.484,19.835,19.430
2014/05/14,Wed,19.550,19.775,20.005,19.510
2014/05/13,Tue,19.530,19.547,19.620,19.365
2014/05/12,Mon,19.155,19.543,19.670,19.045
2014/05/11,Sun,,,,
2014/05/10,Sat,,,,
2014/05/09,Fri,19.190,19.121,19.315,19.045
2014/05/08,Thu,19.320,19.138,19.390,19.125
2014/05/07,Wed,19.605,19.342,19.770,19.295
2014/05/06,Tue,19.625,19.645,19.715,19.505
2014/05/05,Mon,19.545,19.571,19.745,19.485
2014/05/04,Sun,,,,
2014/05/03,Sat,,,,
2014/05/02,Fri,19.045,19.546,19.700,18.905
2014/05/01,Thu,19.190,19.043,19.250,18.685
2014/04/30,Wed,19.485,19.174,19.510,19.060
2014/04/29,Tue,19.600,19.538,19.630,19.335
2014/04/28,Mon,19.730,19.588,19.755,19.470
2014/04/27,Sun,,,,
2014/04/26,Sat,,,,
2014/04/25,Fri,19.655,19.691,19.810,19.515
2014/04/24,Thu,19.435,19.688,19.910,18.930
2014/04/23,Wed,19.405,19.438,19.545,19.380
2014/04/22,Tue,19.415,19.361,19.530,19.285
2014/04/21,Mon,19.600,19.351,19.705,19.230
2014/04/20,Sun,,,,
2014/04/19,Sat,,,,
2014/04/18,Fri,,,,
2014/04/17,Thu,19.635,19.596,19.720,19.490
2014/04/16,Wed,19.555,19.634,19.805,19.325
2014/04/15,Tue,19.970,19.489,19.995,19.220
2014/04/14,Mon,20.035,20.010,20.140,19.720
2014/04/13,Sun,,,,
2014/04/12,Sat,,,,
2014/04/11,Fri,20.040,19.946,20.130,19.910
2014/04/10,Thu,19.860,20.091,20.400,19.860
2014/04/09,Wed,20.040,19.770,20.095,19.600
2014/04/08,Tue,19.870,20.057,20.175,19.850
2014/04/07,Mon,19.995,19.907,20.015,19.775
2014/04/06,Sun,,,,
2014/04/05,Sat,,,,
2014/04/04,Fri,19.835,19.946,20.230,19.785
2014/04/03,Thu,19.995,19.805,20.080,19.660
2014/04/02,Wed,19.750,20.050,20.145,19.730
2014/04/01,Tue,19.775,19.688,19.910,19.635
2014/03/31,Mon,19.855,19.752,20.010,19.725
2014/03/30,Sun,,,,
2014/03/29,Sat,,,,
2014/03/28,Fri,19.725,19.790,19.920,19.620
2014/03/27,Thu,19.755,19.708,19.870,19.575
2014/03/26,Wed,20.000,19.780,20.145,19.680
2014/03/25,Tue,19.950,19.979,20.215,19.905
2014/03/24,Mon,20.290,20.067,20.315,19.920
2014/03/23,Sun,,,,
2014/03/22,Sat,,,,
2014/03/21,Fri,20.320,20.310,20.585,20.265
2014/03/20,Thu,20.615,20.430,20.730,20.140
2014/03/19,Wed,20.835,20.826,20.965,20.505
2014/03/18,Tue,21.190,20.862,21.250,20.625
2014/03/17,Mon,21.490,21.275,21.650,21.125
2014/03/16,Sun,,,,
2014/03/15,Sat,,,,
2014/03/14,Fri,21.200,21.413,21.795,21.140
2014/03/13,Thu,21.330,21.198,21.480,21.105
2014/03/12,Wed,20.860,21.358,21.435,20.820
2014/03/11,Tue,20.850,20.815,21.325,20.670
2014/03/10,Mon,20.930,20.910,21.060,20.610
2014/03/09,Sun,,,,
2014/03/08,Sat,,,,
2014/03/07,Fri,21.490,20.928,21.610,20.755
2014/03/06,Thu,21.200,21.574,21.650,21.105
2014/03/05,Wed,21.210,21.271,21.340,21.155
2014/03/04,Tue,21.450,21.222,21.540,21.040
2014/03/03,Mon,21.325,21.485,21.740,21.260
2014/03/02,Sun,,,,
2014/03/01,Sat,,,,
2014/02/28,Fri,21.295,21.241,21.430,21.105
2014/02/27,Thu,21.275,21.352,21.515,21.025
2014/02/26,Wed,21.875,21.254,22.035,21.085
2014/02/25,Tue,21.960,21.963,22.025,21.670
2014/02/24,Mon,21.920,22.051,22.180,21.520
2014/02/23,Sun,,,,
2014/02/22,Sat,,,,
2014/02/21,Fri,21.825,21.782,21.975,21.575
2014/02/20,Thu,21.555,21.684,21.900,21.400
2014/02/19,Wed,21.955,21.850,21.960,21.375
2014/02/18,Tue,21.550,21.914,21.990,21.380
2014/02/17,Mon,21.480,21.898,21.980,21.315
2014/02/16,Sun,,,,
2014/02/15,Sat,,,,
2014/02/14,Fri,20.480,21.421,21.490,20.445
2014/02/13,Thu,20.220,20.395,20.520,20.125
2014/02/12,Wed,20.220,20.341,20.390,20.080
2014/02/11,Tue,20.055,20.153,20.290,19.915
2014/02/10,Mon,19.970,20.112,20.275,19.960
2014/02/09,Sun,,,,
2014/02/08,Sat,,,,
2014/02/07,Fri,19.930,19.936,20.090,19.755
2014/02/06,Thu,19.885,19.928,20.180,19.830
2014/02/05,Wed,19.480,19.805,20.335,19.435
2014/02/04,Tue,19.345,19.422,19.510,19.260
2014/02/03,Mon,19.095,19.409,19.620,19.060
2014/02/02,Sun,,,,
2014/02/01,Sat,,,,
2014/01/31,Fri,19.130,19.120,19.465,19.065
2014/01/30,Thu,19.725,19.126,19.730,18.970
2014/01/29,Wed,19.570,19.552,19.965,19.450
2014/01/28,Tue,19.665,19.503,19.840,19.455
2014/01/27,Mon,19.970,19.793,20.090,19.550
2014/01/26,Sun,,,,
2014/01/25,Sat,,,,
2014/01/24,Fri,20.000,19.765,20.285,19.715
2014/01/23,Thu,19.775,20.010,20.310,19.645
2014/01/22,Wed,19.875,19.839,19.940,19.735
2014/01/21,Tue,20.300,19.870,20.435,19.655
2014/01/20,Mon,20.300,19.870,20.435,19.655
2014/01/19,Sun,,,,
2014/01/18,Sat,,,,
2014/01/17,Fri,20.100,20.304,20.425,19.960
2014/01/16,Thu,20.210,20.054,20.250,19.970
2014/01/15,Wed,20.255,20.134,20.270,19.905
2014/01/14,Tue,20.390,20.282,20.670,20.125
2014/01/13,Mon,20.190,20.385,20.470,19.955
2014/01/12,Sun,,,,
2014/01/11,Sat,,,,
2014/01/10,Fri,19.550,20.223,20.250,19.545
2014/01/09,Thu,19.525,19.683,19.710,19.380
2014/01/08,Wed,19.830,19.539,19.865,19.310
2014/01/07,Tue,20.180,19.787,20.280,19.625
2014/01/06,Mon,20.135,20.103,20.355,19.950
2014/01/05,Sun,,,,
2014/01/04,Sat,,,,
2014/01/03,Fri,20.015,20.211,20.325,19.985
2014/01/02,Thu,19.440,20.128,20.440,19.430
2014/01/01,Wed,19.438,19.535,19.545,19.435
2013/12/31,Tue,19.575,19.370,19.825,18.720
2013/12/30,Mon,20.080,19.615,20.180,19.460
2013/12/29,Sun,,,,
2013/12/28,Sat,,,,
2013/12/27,Fri,19.800,20.049,20.105,19.750
2013/12/26,Thu,19.480,19.916,20.030,19.415
2013/12/25,Wed,,,,
2013/12/24,Tue,19.430,19.484,19.575,19.310
2013/12/23,Mon,19.420,19.413,19.520,19.265
2013/12/22,Sun,,,,
2013/12/21,Sat,,,,
2013/12/20,Fri,19.205,19.453,19.520,19.130
2013/12/19,Thu,19.710,19.186,19.905,19.100
2013/12/18,Wed,19.930,20.059,20.265,19.425
2013/12/17,Tue,19.975,19.840,20.230,19.675
2013/12/16,Mon,19.655,20.101,20.290,19.445
2013/12/15,Sun,,,,
2013/12/14,Sat,,,,
2013/12/13,Fri,19.475,19.604,19.740,19.280
2013/12/12,Thu,20.305,19.453,20.345,19.410
2013/12/11,Wed,20.385,20.356,20.480,20.210
2013/12/10,Tue,19.800,20.315,20.430,19.740
2013/12/09,Mon,19.555,19.701,19.980,19.435
2013/12/08,Sun,,,,
2013/12/07,Sat,,,,
2013/12/06,Fri,19.400,19.523,19.785,19.165
2013/12/05,Thu,19.675,19.570,19.720,19.215
2013/12/04,Wed,19.100,19.830,19.890,18.890
2013/12/03,Tue,19.170,19.065,19.335,18.975
2013/12/02,Mon,19.990,19.289,20.010,19.115
2013/12/01,Sun,,,,
2013/11/30,Sat,,,,
2013/11/29,Fri,19.975,20.016,20.040,19.975
2013/11/28,Thu,19.685,20.033,20.100,19.645
2013/11/27,Wed,19.815,19.633,20.080,19.585
2013/11/26,Tue,20.155,19.848,20.290,19.780
2013/11/25,Mon,19.830,19.882,20.300,19.570
2013/11/24,Sun,,,,
2013/11/23,Sat,,,,
2013/11/22,Fri,19.960,19.862,20.045,19.810
2013/11/21,Thu,19.840,19.934,20.045,19.705
2013/11/20,Wed,20.345,20.058,20.490,19.780
2013/11/19,Tue,20.395,20.334,20.475,20.200
2013/11/18,Mon,20.775,20.357,20.800,20.290
2013/11/17,Sun,,,,
2013/11/16,Sat,,,,
2013/11/15,Fri,20.755,20.727,20.820,20.550
2013/11/14,Thu,20.595,20.722,20.885,20.570
2013/11/13,Wed,20.700,20.442,20.855,20.410
2013/11/12,Tue,21.345,20.778,21.355,20.560
2013/11/11,Mon,21.425,21.282,21.450,21.230
2013/11/10,Sun,,,,
2013/11/09,Sat,,,,
2013/11/08,Fri,21.660,21.317,21.905,21.250
2013/11/07,Thu,21.815,21.657,22.015,21.375
2013/11/06,Wed,21.685,21.768,22.075,21.620
2013/11/05,Tue,21.645,21.636,21.790,21.560
2013/11/04,Mon,21.870,21.700,21.935,21.580
2013/11/03,Sun,,,,
2013/11/02,Sat,,,,
2013/11/01,Fri,21.895,21.837,21.995,21.705
2013/10/31,Thu,22.680,21.867,22.690,21.730
2013/10/30,Wed,22.525,22.983,23.095,22.390
2013/10/29,Tue,22.525,22.492,22.630,22.300
2013/10/28,Mon,22.590,22.538,22.715,22.375
2013/10/27,Sun,,,,
2013/10/26,Sat,,,,
2013/10/25,Fri,22.730,22.639,22.755,22.260
2013/10/24,Thu,22.545,22.822,22.910,22.510
2013/10/23,Wed,22.720,22.617,22.820,22.500
2013/10/22,Tue,22.220,22.790,22.830,21.985
2013/10/21,Mon,21.910,22.278,22.335,21.855
2013/10/20,Sun,,,,
2013/10/19,Sat,,,,
2013/10/18,Fri,21.905,21.913,22.050,21.740
2013/10/17,Thu,21.390,21.947,22.200,21.100
2013/10/16,Wed,21.300,21.365,21.445,21.120
2013/10/15,Tue,21.290,21.191,21.525,20.495
2013/10/14,Mon,21.390,21.354,21.680,21.110
2013/10/13,Sun,,,,
2013/10/12,Sat,,,,
2013/10/11,Fri,21.685,21.259,21.860,20.950
2013/10/10,Thu,21.910,21.896,22.250,21.550
2013/10/09,Wed,22.315,21.891,22.410,21.750
2013/10/08,Tue,22.385,22.443,22.525,22.110
2013/10/07,Mon,21.740,22.386,22.495,21.650
2013/10/06,Sun,,,,
2013/10/05,Sat,,,,
2013/10/04,Fri,21.735,21.752,21.930,21.500
2013/10/03,Thu,21.745,21.786,21.860,21.440
2013/10/02,Wed,21.165,21.897,22.040,20.990
2013/10/01,Tue,21.700,21.175,21.970,20.630
2013/09/30,Mon,21.795,21.708,22.110,21.435
2013/09/29,Sun,,,,
2013/09/28,Sat,,,,
2013/09/27,Fri,21.730,21.831,22.175,21.410
2013/09/26,Thu,21.805,21.766,22.130,21.665
2013/09/25,Wed,21.730,21.886,21.960,21.490
2013/09/24,Tue,21.665,21.586,22.035,21.325
2013/09/23,Mon,21.890,21.857,21.970,21.300
2013/09/22,Sun,,,,
2013/09/21,Sat,,,,
2013/09/20,Fri,23.080,21.927,23.180,21.755
2013/09/19,Thu,22.965,23.292,23.445,22.855
2013/09/18,Wed,21.770,21.564,23.250,21.225
2013/09/17,Tue,21.830,21.784,22.140,21.640
2013/09/16,Mon,22.300,22.009,22.490,21.685
2013/09/15,Sun,,,,
2013/09/14,Sat,,,,
2013/09/13,Fri,21.880,21.720,22.285,21.420
2013/09/12,Thu,23.220,22.149,23.265,21.750
2013/09/11,Wed,22.985,23.172,23.250,22.785
2013/09/10,Tue,23.740,23.016,23.820,22.840
2013/09/09,Mon,23.835,23.717,24.250,23.440
2013/09/08,Sun,,,,
2013/09/07,Sat,,,,
2013/09/06,Fri,23.210,23.891,23.990,23.075
2013/09/05,Thu,23.510,23.255,23.680,23.040
2013/09/04,Wed,24.325,23.415,24.430,23.375
2013/09/03,Tue,24.412,24.412,24.412,24.412
2013/09/02,Mon,23.480,24.429,24.530,23.110
2013/09/01,Sun,,,,
2013/08/31,Sat,,,,
2013/08/30,Fri,23.895,23.513,24.065,23.410
2013/08/29,Thu,24.380,24.140,24.485,23.700
2013/08/28,Wed,24.500,24.391,25.120,24.220
2013/08/27,Tue,24.345,24.651,24.715,23.980
2013/08/26,Mon,24.020,24.010,24.425,23.800
2013/08/25,Sun,,,,
2013/08/24,Sat,,,,
2013/08/23,Fri,23.155,23.738,24.110,22.885
2013/08/22,Thu,22.835,23.035,23.325,22.450
2013/08/21,Wed,23.000,22.963,23.360,22.755
2013/08/20,Tue,23.145,23.071,23.310,22.280
2013/08/19,Mon,23.250,23.166,23.605,22.955
2013/08/18,Sun,,,,
2013/08/17,Sat,,,,
2013/08/16,Fri,22.935,23.322,23.400,22.755
2013/08/15,Thu,21.865,22.935,23.190,21.705
2013/08/14,Wed,21.420,21.787,21.855,21.265
2013/08/13,Tue,21.370,21.343,21.750,21.120
2013/08/12,Mon,20.680,21.339,21.445,20.620
2013/08/11,Sun,,,,
2013/08/10,Sat,,,,
2013/08/09,Fri,20.225,20.407,20.580,20.045
2013/08/08,Thu,19.525,20.193,20.310,19.455
2013/08/07,Wed,19.465,19.508,19.600,19.100
2013/08/06,Tue,19.675,19.523,19.780,19.440
2013/08/05,Mon,19.850,19.720,19.990,19.520
2013/08/04,Sun,,,,
2013/08/03,Sat,,,,
2013/08/02,Fri,19.595,19.912,20.265,19.185
2013/08/01,Thu,19.805,19.624,19.955,19.510
2013/07/31,Wed,19.705,19.628,20.100,19.355
2013/07/30,Tue,19.800,19.680,19.875,19.500
2013/07/29,Mon,19.920,19.864,20.200,19.660
2013/07/28,Sun,,,,
2013/07/27,Sat,,,,
2013/07/26,Fri,20.225,19.771,20.355,19.625
2013/07/25,Thu,20.110,20.154,20.300,19.750
2013/07/24,Wed,20.435,20.020,20.490,19.965
2013/07/23,Tue,20.515,20.254,20.595,20.080
2013/07/22,Mon,19.495,20.509,20.575,19.495
2013/07/21,Sun,,,,
2013/07/20,Sat,,,,
2013/07/19,Fri,19.355,19.460,19.600,19.285
2013/07/18,Thu,19.250,19.389,19.570,19.215
2013/07/17,Wed,19.990,19.420,20.180,19.230
2013/07/16,Tue,19.905,19.935,20.045,19.660
2013/07/15,Mon,19.865,19.839,20.135,19.540
2013/07/14,Sun,,,,
2013/07/13,Sat,,,,
2013/07/12,Fri,20.125,19.792,20.190,19.620
2013/07/11,Thu,19.545,19.956,20.250,19.430
2013/07/10,Wed,19.210,19.165,19.540,18.985
2013/07/09,Tue,19.055,19.138,19.485,18.930
2013/07/08,Mon,18.855,19.038,19.265,18.670
2013/07/07,Sun,,,,
2013/07/06,Sat,,,,
2013/07/05,Fri,19.750,18.736,19.835,18.665
2013/07/04,Thu,19.750,18.736,19.830,18.665
2013/07/03,Wed,19.345,19.700,19.885,19.315
2013/07/02,Tue,19.590,19.309,19.790,19.220
2013/07/01,Mon,19.500,19.578,20.075,19.360
2013/06/30,Sun,,,,
2013/06/29,Sat,,,,
2013/06/28,Fri,18.480,19.470,19.645,18.170
2013/06/27,Thu,18.500,18.553,18.955,18.350
2013/06/26,Wed,19.560,18.587,19.580,18.360
2013/06/25,Tue,19.595,19.526,19.790,19.400
2013/06/24,Mon,20.055,19.493,20.175,19.380
2013/06/23,Sun,,,,
2013/06/22,Sat,,,,
2013/06/21,Fri,19.590,19.959,20.110,19.310
2013/06/20,Thu,21.275,19.823,21.280,19.515
2013/06/19,Wed,21.595,21.623,21.850,21.190
2013/06/18,Tue,21.765,21.677,21.890,21.445
2013/06/17,Mon,22.050,21.758,22.055,21.605
2013/06/16,Sun,,,,
2013/06/15,Sat,,,,
2013/06/14,Fri,21.755,21.954,22.500,21.620
2013/06/13,Thu,21.700,21.583,21.915,21.500
2013/06/12,Wed,21.575,21.796,21.950,21.455
2013/06/11,Tue,21.840,21.646,21.960,21.400
2013/06/10,Mon,21.565,21.925,22.030,21.330
2013/06/09,Sun,,,,
2013/06/08,Sat,,,,
2013/06/07,Fri,22.575,21.743,22.755,21.510
2013/06/06,Thu,22.475,22.707,22.840,22.255
2013/06/05,Wed,22.505,22.472,22.740,22.290
2013/06/04,Tue,22.680,22.409,22.730,22.225
2013/06/03,Mon,22.175,22.721,22.915,22.175
2013/06/02,Sun,,,,
2013/06/01,Sat,,,,
2013/05/31,Fri,22.705,22.243,22.855,22.100
2013/05/30,Thu,22.420,22.690,23.060,22.310
2013/05/29,Wed,22.240,22.453,22.480,22.130
2013/05/28,Tue,22.360,22.193,22.710,22.110
2013/05/27,Mon,22.360,22.193,22.710,22.110
2013/05/26,Sun,,,,
2013/05/25,Sat,,,,
2013/05/24,Fri,22.540,22.496,22.600,22.270
2013/05/23,Thu,22.215,22.508,22.645,21.920
2013/05/22,Wed,22.360,22.472,23.290,22.145
2013/05/21,Tue,22.875,22.455,22.910,22.015
2013/05/20,Mon,22.265,22.582,23.240,20.250
2013/05/19,Sun,,,,
2013/05/18,Sat,,,,
2013/05/17,Fri,22.650,22.352,22.745,22.110
2013/05/16,Thu,22.565,22.659,22.770,22.060
2013/05/15,Wed,23.350,22.658,23.450,22.445
2013/05/14,Tue,23.620,23.379,23.760,23.075
2013/05/13,Mon,23.780,23.696,23.840,23.470
2013/05/12,Sun,,,,
2013/05/11,Sat,,,,
2013/05/10,Fri,23.690,23.658,23.875,23.150
2013/05/09,Thu,23.900,23.911,24.170,23.520
2013/05/08,Wed,23.865,23.927,24.095,23.640
2013/05/07,Tue,24.005,23.806,24.040,23.400
2013/05/06,Mon,24.150,23.955,24.420,23.820
2013/05/05,Sun,,,,
2013/05/04,Sat,,,,
2013/05/03,Fri,23.790,24.014,24.380,23.415
2013/05/02,Thu,23.570,23.830,24.190,23.370
2013/05/01,Wed,24.320,23.343,24.345,23.210
2013/04/30,Tue,24.540,24.185,24.550,24.015
2013/04/29,Mon,24.025,24.166,24.580,23.945
2013/04/28,Sun,,,,
2013/04/27,Sat,,,,
2013/04/26,Fri,24.355,23.788,24.835,23.620
2013/04/25,Thu,23.110,24.140,24.360,23.020
2013/04/24,Wed,22.885,22.833,23.325,22.805
2013/04/23,Tue,23.345,22.817,23.405,22.555
2013/04/22,Mon,23.305,23.324,23.650,23.070
2013/04/21,Sun,,,,
2013/04/20,Sat,,,,
2013/04/19,Fri,23.250,22.960,23.820,22.865
2013/04/18,Thu,23.275,23.245,23.655,22.435
2013/04/17,Wed,23.370,23.307,23.725,22.835
2013/04/16,Tue,22.685,23.628,23.975,22.000
2013/04/15,Mon,25.940,23.361,26.045,22.515
2013/04/14,Sun,,,,
2013/04/13,Sat,,,,
2013/04/12,Fri,27.575,26.331,27.640,25.725
2013/04/11,Thu,27.580,27.697,27.785,27.340
2013/04/10,Wed,27.885,27.653,27.965,27.445
2013/04/09,Tue,27.220,27.881,28.020,27.140
2013/04/08,Mon,27.285,27.138,27.465,27.070
2013/04/07,Sun,,,,
2013/04/06,Sat,,,,
2013/04/05,Fri,26.830,27.220,27.300,26.730
2013/04/04,Thu,26.910,26.767,27.015,26.575
2013/04/03,Wed,27.205,26.797,27.315,26.670
2013/04/02,Tue,27.955,27.248,28.140,27.150
2013/04/01,Mon,28.210,27.944,28.360,27.810
2013/03/31,Sun,,,,
2013/03/30,Sat,,,,
2013/03/29,Fri,,,,
2013/03/28,Thu,28.645,28.323,28.810,28.170
2013/03/27,Wed,28.725,28.612,28.785,28.080
2013/03/26,Tue,28.815,28.679,28.845,28.605
2013/03/25,Mon,28.680,28.815,28.890,28.460
2013/03/24,Sun,,,,
2013/03/23,Sat,,,,
2013/03/22,Fri,29.140,28.698,29.170,28.505
2013/03/21,Thu,28.800,29.212,29.325,28.705
2013/03/20,Wed,28.880,28.817,28.985,28.400
2013/03/19,Tue,28.865,28.843,29.090,28.620
2013/03/18,Mon,28.850,28.874,29.110,28.585
2013/03/17,Sun,,,,
2013/03/16,Sat,,,,
2013/03/15,Fri,28.800,28.851,29.010,28.690
2013/03/14,Thu,28.905,28.807,28.955,28.530
2013/03/13,Wed,29.130,28.958,29.280,28.835
2013/03/12,Tue,28.955,29.171,29.350,28.870
2013/03/11,Mon,28.985,28.853,29.085,28.705
2013/03/10,Sun,,,,
2013/03/09,Sat,,,,
2013/03/08,Fri,28.855,28.948,29.260,28.325
2013/03/07,Thu,29.010,28.808,29.085,28.740
2013/03/06,Wed,28.680,28.803,29.140,28.520
2013/03/05,Tue,28.595,28.604,29.090,28.520
2013/03/04,Mon,28.680,28.496,28.815,28.430
2013/03/03,Sun,,,,
2013/03/02,Sat,,,,
2013/03/01,Fri,28.525,28.490,28.790,27.925
2013/02/28,Thu,29.015,28.432,29.190,28.400
2013/02/27,Wed,29.405,28.985,29.440,28.865
2013/02/26,Tue,28.935,29.260,29.430,28.550
2013/02/25,Mon,28.785,28.987,29.215,28.540
2013/02/24,Sun,,,,
2013/02/23,Sat,,,,
2013/02/22,Fri,28.645,28.460,28.895,28.335
2013/02/21,Thu,28.510,28.699,28.880,28.290
2013/02/20,Wed,29.410,28.622,29.615,28.255
2013/02/19,Tue,30.175,29.448,30.175,29.290
2013/02/18,Mon,29.810,29.422,30.150,29.175
2013/02/17,Sun,,,,
2013/02/16,Sat,,,,
2013/02/15,Fri,30.350,29.849,30.460,29.660
2013/02/14,Thu,30.760,30.353,31.060,30.210
2013/02/13,Wed,31.140,30.869,31.225,30.730
2013/02/12,Tue,30.920,31.019,31.160,30.580
2013/02/11,Mon,31.450,30.910,31.535,30.820
2013/02/10,Sun,,,,
2013/02/09,Sat,,,,
2013/02/08,Fri,31.460,31.441,31.695,31.330
2013/02/07,Thu,31.845,31.403,31.935,31.295
2013/02/06,Wed,31.795,31.877,31.900,31.600
2013/02/05,Tue,31.775,31.875,32.115,31.620
2013/02/04,Mon,31.875,31.716,31.925,31.385
2013/02/03,Sun,,,,
2013/02/02,Sat,,,,
2013/02/01,Fri,31.420,31.958,32.160,31.300
2013/01/31,Thu,32.005,31.351,32.130,31.120
2013/01/30,Wed,31.385,32.177,32.300,31.250
2013/01/29,Tue,30.850,31.184,31.470,30.850
2013/01/28,Mon,31.160,30.780,31.320,30.745
2013/01/27,Sun,,,,
2013/01/26,Sat,,,,
2013/01/25,Fri,31.640,31.206,31.815,31.125
2013/01/24,Thu,32.240,31.722,32.245,31.605
2013/01/23,Wed,32.180,32.439,32.485,32.100
2013/01/22,Tue,31.925,32.177,32.365,31.815
2013/01/21,Mon,31.925,32.177,32.365,31.815
2013/01/20,Sun,,,,
2013/01/19,Sat,,,,
2013/01/18,Fri,31.745,31.932,32.140,31.670
2013/01/17,Thu,31.490,31.810,31.930,31.050
2013/01/16,Wed,31.440,31.542,31.570,31.090
2013/01/15,Tue,31.065,31.529,31.615,30.965
2013/01/14,Mon,30.420,31.110,31.170,30.380
2013/01/13,Sun,,,,
2013/01/12,Sat,,,,
2013/01/11,Fri,30.870,30.408,30.940,30.150
2013/01/10,Thu,30.385,30.918,30.950,30.255
2013/01/09,Wed,30.395,30.249,30.575,30.065
2013/01/08,Tue,30.145,30.465,30.590,30.085
2013/01/07,Mon,30.235,30.082,30.475,29.860
2013/01/06,Sun,,,,
2013/01/05,Sat,,,,
2013/01/04,Fri,30.100,29.946,30.300,29.240
2013/01/03,Thu,31.025,30.720,31.225,30.015
2013/01/02,Wed,30.370,31.007,31.535,30.225
2013/01/01,Tue,30.353,30.248,30.388,30.228
2012/12/31,Mon,30.080,30.227,30.480,29.920
2012/12/30,Sun,,,,
2012/12/29,Sat,,,,
2012/12/28,Fri,30.165,29.975,30.365,29.910
2012/12/27,Thu,30.050,30.240,30.530,29.715
2012/12/26,Wed,29.960,30.035,30.255,29.850
2012/12/25,Tue,29.960,29.940,30.050,29.940
2012/12/24,Mon,30.020,29.897,30.395,29.865
2012/12/23,Sun,,,,
2012/12/22,Sat,,,,
2012/12/21,Fri,29.955,30.203,30.325,29.670
2012/12/20,Thu,31.045,29.678,31.275,29.635
2012/12/19,Wed,31.720,31.116,31.870,31.030
2012/12/18,Tue,32.340,31.669,32.600,31.400
2012/12/17,Mon,32.400,32.280,32.485,32.080
2012/12/16,Sun,,,,
2012/12/15,Sat,,,,
2012/12/14,Fri,32.620,32.299,32.795,32.245
2012/12/13,Thu,33.520,32.355,33.520,32.280
2012/12/12,Wed,33.065,33.782,33.875,32.995
2012/12/11,Tue,33.335,33.017,33.345,32.835
2012/12/10,Mon,33.125,33.377,33.495,33.090
2012/12/09,Sun,,,,
2012/12/08,Sat,,,,
2012/12/07,Fri,33.075,33.131,33.340,32.680
2012/12/06,Thu,32.950,33.114,33.330,32.600
2012/12/05,Wed,32.880,32.957,33.300,32.585
2012/12/04,Tue,33.720,32.808,33.750,32.745
2012/12/03,Mon,33.495,33.759,33.930,33.455
2012/12/02,Sun,,,,
2012/12/01,Sat,,,,
2012/11/30,Fri,34.315,33.279,34.425,33.215
2012/11/29,Thu,33.810,34.431,34.490,33.610
2012/11/28,Wed,33.995,33.684,34.040,32.900
2012/11/27,Tue,34.160,33.981,34.275,33.910
2012/11/26,Mon,34.075,34.137,34.225,33.885
2012/11/25,Sun,,,,
2012/11/24,Sat,,,,
2012/11/23,Fri,33.435,34.146,34.115,33.285
2012/11/22,Thu,33.360,34.116,34.160,33.235
2012/11/21,Wed,33.170,33.350,33.395,32.825
2012/11/20,Tue,33.080,32.930,33.260,32.860
2012/11/19,Mon,32.285,33.189,33.215,32.285
2012/11/18,Sun,,,,
2012/11/17,Sat,,,,
2012/11/16,Fri,32.585,32.370,32.680,32.015
2012/11/15,Thu,32.745,32.674,32.775,32.150
2012/11/14,Wed,32.475,32.880,32.930,32.365
2012/11/13,Tue,32.405,32.487,32.830,32.100
2012/11/12,Mon,32.650,32.522,32.745,32.175
2012/11/11,Sun,,,,
2012/11/10,Sat,,,,
2012/11/09,Fri,32.320,32.599,32.785,32.065
2012/11/08,Thu,31.830,32.240,32.450,31.630
2012/11/07,Wed,32.000,31.661,32.420,31.215
2012/11/06,Tue,31.200,32.034,32.275,31.070
2012/11/05,Mon,30.890,31.128,31.250,30.655
2012/11/04,Sun,,,,
2012/11/03,Sat,,,,
2012/11/02,Fri,32.280,30.857,32.365,30.815
2012/11/01,Thu,32.275,32.248,32.695,32.190
2012/10/31,Wed,31.770,32.316,32.435,31.755
2012/10/30,Tue,31.790,31.816,32.150,31.720
2012/10/29,Mon,32.115,31.745,32.230,31.680
2012/10/28,Sun,,,,
2012/10/27,Sat,,,,
2012/10/26,Fri,32.130,32.036,32.380,31.600
2012/10/25,Thu,31.745,32.078,32.260,31.735
2012/10/24,Wed,31.700,31.620,32.055,31.535
2012/10/23,Tue,32.395,31.793,32.500,31.570
2012/10/22,Mon,31.990,32.252,32.475,31.710
2012/10/21,Sun,,,,
2012/10/20,Sat,,,,
2012/10/19,Fri,32.815,32.097,32.915,31.945
2012/10/18,Thu,33.220,32.868,33.325,32.705
2012/10/17,Wed,32.985,33.232,33.300,32.880
2012/10/16,Tue,32.755,32.959,33.080,32.655
2012/10/15,Mon,33.455,32.743,33.470,32.570
2012/10/14,Sun,,,,
2012/10/13,Sat,,,,
2012/10/12,Fri,34.030,33.669,34.165,33.450
2012/10/11,Thu,34.010,34.082,34.380,33.815
2012/10/10,Wed,33.925,34.109,34.190,33.745
2012/10/09,Tue,34.025,33.985,34.260,33.570
2012/10/08,Mon,34.570,34.017,34.605,33.620
2012/10/07,Sun,,,,
2012/10/06,Sat,,,,
2012/10/05,Fri,35.035,34.572,35.145,34.315
2012/10/04,Thu,34.655,35.101,35.170,34.655
2012/10/03,Wed,34.645,34.690,34.930,34.515
2012/10/02,Tue,34.750,34.669,35.115,34.420
2012/10/01,Mon,34.530,34.952,35.445,34.210
2012/09/30,Sun,,,,
2012/09/29,Sat,,,,
2012/09/28,Fri,34.690,34.577,34.925,34.330
2012/09/27,Thu,33.995,34.666,34.815,33.905
2012/09/26,Wed,33.790,33.940,34.110,33.360
2012/09/25,Tue,34.010,33.948,34.545,33.715
2012/09/24,Mon,34.520,33.984,34.585,33.630
2012/09/23,Sun,,,,
2012/09/22,Sat,,,,
2012/09/21,Fri,34.680,34.638,35.260,34.365
2012/09/20,Thu,34.605,34.682,34.800,34.120
2012/09/19,Wed,34.815,34.588,35.025,34.320
2012/09/18,Tue,34.340,34.718,35.100,34.015
2012/09/17,Mon,34.625,34.367,34.940,33.845
2012/09/16,Sun,,,,
2012/09/15,Sat,,,,
2012/09/14,Fri,34.745,34.656,34.985,34.320
2012/09/13,Thu,33.300,34.778,34.870,32.720
2012/09/12,Wed,33.500,33.292,34.145,32.510
2012/09/11,Tue,33.410,33.566,33.875,33.380
2012/09/10,Mon,33.710,33.633,34.020,33.285
2012/09/09,Sun,,,,
2012/09/08,Sat,,,,
2012/09/07,Fri,32.700,33.690,33.775,32.005
2012/09/06,Thu,32.315,32.674,33.040,32.245
2012/09/05,Wed,32.380,32.329,32.430,32.000
2012/09/04,Tue,31.870,32.390,32.405,31.870
2012/09/03,Mon,31.735,32.411,32.470,31.575
2012/09/02,Sun,,,,
2012/09/01,Sat,,,,
2012/08/31,Fri,30.495,31.442,31.815,30.295
2012/08/30,Thu,30.765,30.446,30.970,30.265
2012/08/29,Wed,30.860,30.837,30.940,30.525
2012/08/28,Tue,30.670,30.875,30.975,30.485
2012/08/27,Mon,30.770,31.048,31.225,30.580
2012/08/26,Sun,,,,
2012/08/25,Sat,,,,
2012/08/24,Fri,30.500,30.621,30.770,30.190
2012/08/23,Thu,29.785,30.456,30.790,29.760
2012/08/22,Wed,29.260,29.556,29.885,29.170
2012/08/21,Tue,28.755,29.428,29.460,28.610
2012/08/20,Mon,28.055,28.593,28.790,27.875
2012/08/19,Sun,,,,
2012/08/18,Sat,,,,
2012/08/17,Fri,28.120,28.002,28.290,27.960
2012/08/16,Thu,27.755,28.212,28.240,27.660
2012/08/15,Wed,27.755,27.812,27.960,27.430
2012/08/14,Tue,27.765,27.763,27.970,27.575
2012/08/13,Mon,28.090,27.767,28.150,27.685
2012/08/12,Sun,,,,
2012/08/11,Sat,,,,
2012/08/10,Fri,28.085,28.062,28.315,27.530
2012/08/09,Thu,27.995,28.097,28.185,27.835
2012/08/08,Wed,28.055,28.075,28.210,27.660
2012/08/07,Tue,27.825,28.086,28.180,27.735
2012/08/06,Mon,27.770,27.863,27.950,27.565
2012/08/05,Sun,,,,
2012/08/04,Sat,,,,
2012/08/03,Fri,27.105,27.801,27.895,26.990
2012/08/02,Thu,27.340,26.995,27.780,26.880
2012/08/01,Wed,27.930,27.535,28.020,27.060
2012/07/31,Tue,28.125,27.914,28.335,27.865
2012/07/30,Mon,27.685,28.033,28.195,27.515
2012/07/29,Sun,,,,
2012/07/28,Sat,,,,
2012/07/27,Fri,27.430,27.498,27.850,27.310
2012/07/26,Thu,27.300,27.446,27.780,27.210
2012/07/25,Wed,26.925,27.466,27.520,26.780
2012/07/24,Tue,26.985,26.811,27.145,26.575
2012/07/23,Mon,27.200,27.042,27.285,26.615
2012/07/22,Sun,,,,
2012/07/21,Sat,,,,
2012/07/20,Fri,27.240,27.302,27.400,26.740
2012/07/19,Thu,27.140,27.217,27.575,27.100
2012/07/18,Wed,27.260,27.095,27.345,26.850
2012/07/17,Tue,27.270,27.316,27.595,26.720
2012/07/16,Mon,27.400,27.321,27.425,26.860
2012/07/15,Sun,,,,
2012/07/14,Sat,,,,
2012/07/13,Fri,27.160,27.369,27.550,27.060
2012/07/12,Thu,27.105,27.161,27.350,26.425
2012/07/11,Wed,26.770,27.023,27.240,26.760
2012/07/10,Tue,27.440,26.882,27.580,26.710
2012/07/09,Mon,27.035,27.444,27.480,26.870
2012/07/08,Sun,,,,
2012/07/07,Sat,,,,
2012/07/06,Fri,27.670,26.920,27.795,26.905
2012/07/05,Thu,28.235,27.672,28.380,27.495
2012/07/04,Wed,28.235,27.672,28.380,27.495
2012/07/03,Tue,27.425,28.280,28.445,27.390
2012/07/02,Mon,27.500,27.499,27.605,27.185
2012/07/01,Sun,,,,
2012/06/30,Sat,,,,
2012/06/29,Fri,26.325,27.612,27.915,26.265
2012/06/28,Thu,26.920,26.291,27.125,26.105
2012/06/27,Wed,27.035,26.942,27.275,26.600
2012/06/26,Tue,27.465,27.038,27.495,26.735
2012/06/25,Mon,26.820,27.520,27.590,26.565
2012/06/24,Sun,,,,
2012/06/23,Sat,,,,
2012/06/22,Fri,26.825,26.661,26.995,26.510
2012/06/21,Thu,28.040,26.839,28.070,26.800
2012/06/20,Wed,28.355,28.389,28.595,27.630
2012/06/19,Tue,28.675,28.368,28.900,28.270
2012/06/18,Mon,28.990,28.671,29.010,28.235
2012/06/17,Sun,,,,
2012/06/16,Sat,,,,
2012/06/15,Fri,28.590,28.740,28.820,28.480
2012/06/14,Thu,28.800,28.407,29.075,28.150
2012/06/13,Wed,28.900,28.941,29.095,28.700
2012/06/12,Tue,28.510,28.949,29.050,28.315
2012/06/11,Mon,28.740,28.616,29.000,28.255
2012/06/10,Sun,,,,
2012/06/09,Sat,,,,
2012/06/08,Fri,28.585,28.471,28.650,27.910
2012/06/07,Thu,29.465,28.529,29.675,28.360
2012/06/06,Wed,28.475,29.488,29.865,28.410
2012/06/05,Tue,28.220,28.405,28.545,28.080
2012/06/04,Mon,28.680,28.007,28.680,27.955
2012/06/03,Sun,,,,
2012/06/02,Sat,,,,
2012/06/01,Fri,27.685,28.512,28.680,27.170
2012/05/31,Thu,27.880,27.757,28.190,27.510
2012/05/30,Wed,27.790,27.983,28.145,27.355
2012/05/29,Tue,28.595,27.791,28.760,27.710
2012/05/28,Mon,28.595,27.791,28.760,27.710
2012/05/27,Sun,,,,
2012/05/26,Sat,,,,
2012/05/25,Fri,28.250,28.386,28.565,27.875
2012/05/24,Thu,27.760,28.157,28.515,27.585
2012/05/23,Wed,28.120,27.519,28.170,27.080
2012/05/22,Tue,28.470,28.179,28.775,27.925
2012/05/21,Mon,28.685,28.321,28.855,28.035
2012/05/20,Sun,,,,
2012/05/19,Sat,,,,
2012/05/18,Fri,28.005,28.715,28.895,27.780
2012/05/17,Thu,27.195,28.020,28.295,27.175
2012/05/16,Wed,27.615,27.196,27.965,26.730
2012/05/15,Tue,28.155,28.080,28.430,27.565
2012/05/14,Mon,28.880,28.353,29.000,28.075
2012/05/13,Sun,,,,
2012/05/12,Sat,,,,
2012/05/11,Fri,28.995,28.890,29.100,28.415
2012/05/10,Thu,29.250,29.178,29.455,28.940
2012/05/09,Wed,29.465,29.241,29.500,28.615
2012/05/08,Tue,30.080,29.459,30.125,29.135
2012/05/07,Mon,30.310,30.122,30.390,29.675
2012/05/06,Sun,,,,
2012/05/05,Sat,,,,
2012/05/04,Fri,30.080,30.432,30.480,29.780
2012/05/03,Thu,30.645,30.010,30.675,29.835
2012/05/02,Wed,30.985,30.645,31.060,30.410
2012/05/01,Tue,30.980,30.930,31.365,30.790
2012/04/30,Mon,31.330,31.016,31.445,30.600
2012/04/29,Sun,,,,
2012/04/28,Sat,,,,
2012/04/27,Fri,31.085,31.411,31.470,30.945
2012/04/26,Thu,30.685,31.207,31.260,30.595
2012/04/25,Wed,30.785,30.356,30.965,29.925
2012/04/24,Tue,30.820,30.746,31.110,30.635
2012/04/23,Mon,31.640,30.531,31.685,30.450
2012/04/22,Sun,,,,
2012/04/21,Sat,,,,
2012/04/20,Fri,31.740,31.651,31.905,31.540
2012/04/19,Thu,31.590,31.779,32.015,31.290
2012/04/18,Wed,31.675,31.487,31.885,31.340
2012/04/17,Tue,31.455,31.674,31.910,31.305
2012/04/16,Mon,31.445,31.373,31.700,31.175
2012/04/15,Sun,,,,
2012/04/14,Sat,,,,
2012/04/13,Fri,32.365,31.390,32.435,31.295
2012/04/12,Thu,31.585,32.525,32.580,31.420
2012/04/11,Wed,31.780,31.521,31.820,31.370
2012/04/10,Tue,31.555,31.679,31.940,31.110
2012/04/09,Mon,31.900,31.524,32.100,31.310
2012/04/08,Sun,,,,
2012/04/07,Sat,,,,
2012/04/06,Fri,,,,
2012/04/05,Thu,31.280,31.730,31.810,31.175
2012/04/04,Wed,32.650,31.044,32.680,30.980
2012/04/03,Tue,33.000,33.265,33.295,32.465
2012/04/02,Mon,32.355,33.098,33.250,32.340
2012/04/01,Sun,,,,
2012/03/31,Sat,,,,
2012/03/30,Fri,32.275,32.484,32.625,32.130
2012/03/29,Thu,32.055,31.992,32.300,31.630
2012/03/28,Wed,32.570,31.831,32.685,31.765
2012/03/27,Tue,32.840,32.616,33.190,32.480
2012/03/26,Mon,32.255,32.750,32.935,32.020
2012/03/25,Sun,,,,
2012/03/24,Sat,,,,
2012/03/23,Fri,31.545,32.272,32.300,31.435
2012/03/22,Thu,32.155,31.345,32.350,31.090
2012/03/21,Wed,32.155,32.227,32.410,31.865
2012/03/20,Tue,32.935,31.834,32.960,31.750
2012/03/19,Mon,32.575,32.955,33.090,32.330
2012/03/18,Sun,,,,
2012/03/17,Sat,,,,
2012/03/16,Fri,32.580,32.604,32.755,32.135
2012/03/15,Thu,32.100,32.726,32.900,31.935
2012/03/14,Wed,33.420,32.181,33.470,31.625
2012/03/13,Tue,33.650,33.581,33.835,33.000
2012/03/12,Mon,34.290,33.413,34.410,33.380
2012/03/11,Sun,,,,
2012/03/10,Sat,,,,
2012/03/09,Fri,33.910,34.212,34.445,33.145
2012/03/08,Thu,33.480,33.831,34.185,33.360
2012/03/07,Wed,32.945,33.585,33.610,32.755
2012/03/06,Tue,34.020,32.783,34.205,32.490
2012/03/05,Mon,34.710,33.695,34.950,33.555
2012/03/04,Sun,,,,
2012/03/03,Sat,,,,
2012/03/02,Fri,35.530,34.525,35.560,34.375
2012/03/01,Thu,34.645,35.661,35.705,34.455
2012/02/29,Wed,36.980,34.642,37.580,33.825
2012/02/28,Tue,35.535,37.205,37.295,35.390
2012/02/27,Mon,35.430,35.524,35.625,35.045
2012/02/26,Sun,,,,
2012/02/25,Sat,,,,
2012/02/24,Fri,35.435,35.338,35.720,35.190
2012/02/23,Thu,34.265,35.556,35.610,34.230
2012/02/22,Wed,34.360,34.254,34.495,33.900
2012/02/21,Tue,33.250,34.464,34.400,33.250
2012/02/20,Mon,33.330,34.429,34.465,33.325
2012/02/19,Sun,,,,
2012/02/18,Sat,,,,
2012/02/17,Fri,33.425,33.216,33.690,33.050
2012/02/16,Thu,33.460,33.370,33.555,32.640
2012/02/15,Wed,33.585,33.408,33.975,33.100
2012/02/14,Tue,33.705,33.348,33.845,33.255
2012/02/13,Mon,33.665,33.722,34.035,33.455
2012/02/12,Sun,,,,
2012/02/11,Sat,,,,
2012/02/10,Fri,33.905,33.604,34.060,33.170
2012/02/09,Thu,33.935,33.917,34.450,33.675
2012/02/08,Wed,34.170,33.704,34.520,33.655
2012/02/07,Tue,33.665,34.194,34.370,33.155
2012/02/06,Mon,33.665,33.750,33.870,32.985
2012/02/05,Sun,,,,
2012/02/04,Sat,,,,
2012/02/03,Fri,34.335,33.749,34.390,33.310
2012/02/02,Thu,33.690,34.175,34.410,33.455
2012/02/01,Wed,33.105,33.807,34.000,33.070
2012/01/31,Tue,33.550,33.262,34.130,32.930
2012/01/30,Mon,33.850,33.527,34.015,33.035
2012/01/29,Sun,,,,
2012/01/28,Sat,,,,
2012/01/27,Fri,33.420,33.790,33.965,33.240
2012/01/26,Thu,33.250,33.743,33.790,32.975
2012/01/25,Wed,32.050,33.121,33.400,31.525
2012/01/24,Tue,32.345,31.975,32.470,31.855
2012/01/23,Mon,32.105,32.270,32.775,31.790
2012/01/22,Sun,,,,
2012/01/21,Sat,,,,
2012/01/20,Fri,30.610,31.675,32.210,30.280
2012/01/19,Thu,30.530,30.509,30.900,30.335
2012/01/18,Wed,30.070,30.543,30.590,29.740
2012/01/17,Tue,29.670,30.135,30.570,29.455
2012/01/16,Mon,29.670,30.135,30.570,29.455
2012/01/15,Sun,,,,
2012/01/14,Sat,,,,
2012/01/13,Fri,30.195,29.522,30.245,29.420
2012/01/12,Thu,29.950,30.124,30.675,29.870
2012/01/11,Wed,29.885,29.890,30.235,29.545
2012/01/10,Tue,28.980,29.815,30.310,28.905
2012/01/09,Mon,28.770,28.782,29.205,28.550
2012/01/08,Sun,,,,
2012/01/07,Sat,,,,
2012/01/06,Fri,29.285,28.683,29.460,28.570
2012/01/05,Thu,29.105,29.296,29.615,28.685
2012/01/04,Wed,29.690,29.097,29.740,28.900
2012/01/03,Tue,27.980,29.572,29.730,27.905
2012/01/02,Mon,27.815,28.160,28.160,27.815
2012/01/01,Sun,,,,
2011/12/31,Sat,,,,
2011/12/30,Fri,27.475,27.915,28.460,27.260
2011/12/29,Thu,27.080,27.315,27.840,26.145
2011/12/28,Wed,28.690,27.234,28.790,26.845
2011/12/27,Tue,29.100,28.740,29.220,28.615
2011/12/26,Mon,29.090,29.093,29.180,29.045
2011/12/25,Sun,,,,
2011/12/24,Sat,,,,
2011/12/23,Fri,29.095,29.084,29.450,29.030
2011/12/22,Thu,29.250,29.047,29.685,29.000
2011/12/21,Wed,29.535,29.249,30.210,29.130
2011/12/20,Tue,28.780,29.536,29.625,28.695
2011/12/19,Mon,29.770,28.874,29.795,28.680
2011/12/18,Sun,,,,
2011/12/17,Sat,,,,
2011/12/16,Fri,29.280,29.671,29.930,29.120
2011/12/15,Thu,28.965,29.274,29.350,28.120
2011/12/14,Wed,30.825,28.935,31.070,28.530
2011/12/13,Tue,31.340,31.260,32.040,30.455
2011/12/12,Mon,32.250,31.002,32.300,30.920
2011/12/11,Sun,,,,
2011/12/10,Sat,,,,
2011/12/09,Fri,31.610,32.253,32.395,31.505
2011/12/08,Thu,32.605,31.538,33.300,31.425
2011/12/07,Wed,32.745,32.627,32.860,32.265
2011/12/06,Tue,32.120,32.744,32.945,31.650
2011/12/05,Mon,32.670,32.372,33.085,31.915
2011/12/04,Sun,,,,
2011/12/03,Sat,,,,
2011/12/02,Fri,32.860,32.686,33.740,32.365
2011/12/01,Thu,32.865,32.759,33.495,32.530
2011/11/30,Wed,31.990,32.804,32.995,31.120
2011/11/29,Tue,32.120,31.950,32.240,31.530
2011/11/28,Mon,31.260,32.161,32.285,31.245
2011/11/27,Sun,,,,
2011/11/26,Sat,,,,
2011/11/25,Fri,31.710,31.035,32.200,30.985
2011/11/24,Thu,31.815,31.014,32.220,30.935
2011/11/23,Wed,32.785,31.884,32.870,31.220
2011/11/22,Tue,31.575,32.951,33.040,31.160
2011/11/21,Mon,32.400,31.116,32.415,30.650
2011/11/20,Sun,,,,
2011/11/19,Sat,,,,
2011/11/18,Fri,31.680,32.417,32.600,30.925
2011/11/17,Thu,33.700,31.497,33.980,31.040
2011/11/16,Wed,34.580,33.822,34.630,33.570
2011/11/15,Tue,34.240,34.456,34.835,33.750
2011/11/14,Mon,34.715,34.024,34.920,33.950
2011/11/13,Sun,,,,
2011/11/12,Sat,,,,
2011/11/11,Fri,34.070,34.682,34.850,33.665
2011/11/10,Thu,34.085,34.106,34.340,33.130
2011/11/09,Wed,34.975,34.361,35.255,33.745
2011/11/08,Tue,34.980,35.153,35.350,34.505
2011/11/07,Mon,34.084,34.828,35.010,33.855
2011/11/06,Sun,,,,
2011/11/05,Sat,,,,
2011/11/04,Fri,34.565,34.084,34.750,33.810
2011/11/03,Thu,34.295,34.498,34.905,33.270
2011/11/02,Wed,33.485,33.943,34.435,33.100
2011/11/01,Tue,34.190,32.731,34.725,32.105
2011/10/31,Mon,35.205,34.354,35.450,34.085
2011/10/30,Sun,,,,
2011/10/29,Sat,,,,
2011/10/28,Fri,35.130,35.288,35.700,34.715
2011/10/27,Thu,33.430,35.112,35.375,33.145
2011/10/26,Wed,33.170,33.310,33.950,32.905
2011/10/25,Tue,31.760,33.052,33.385,31.355
2011/10/24,Mon,31.390,31.644,32.040,31.230
2011/10/23,Sun,,,,
2011/10/22,Sat,,,,
2011/10/21,Fri,30.555,31.193,31.515,30.280
2011/10/20,Thu,31.235,30.281,31.375,29.935
2011/10/19,Wed,32.050,31.277,32.150,30.900
2011/10/18,Tue,31.850,31.831,32.355,30.370
2011/10/17,Mon,32.220,31.821,32.675,31.475
2011/10/16,Sun,,,,
2011/10/15,Sat,,,,
2011/10/14,Fri,31.805,32.173,32.565,31.210
2011/10/13,Thu,32.550,31.667,32.800,31.455
2011/10/12,Wed,32.155,32.789,33.100,31.860
2011/10/11,Tue,32.105,31.998,32.580,31.350
2011/10/10,Mon,31.340,31.980,32.360,31.215
2011/10/09,Sun,,,,
2011/10/08,Sat,,,,
2011/10/07,Fri,31.940,30.993,32.850,30.710
2011/10/06,Thu,30.510,32.005,32.210,30.240
2011/10/05,Wed,30.255,30.352,30.640,28.435
2011/10/04,Tue,30.490,29.839,31.355,28.665
2011/10/03,Mon,29.935,30.795,31.430,29.670
2011/10/02,Sun,,,,
2011/10/01,Sat,,,,
2011/09/30,Fri,30.605,30.083,31.335,29.660
2011/09/29,Thu,29.895,30.522,31.535,29.095
2011/09/28,Wed,31.940,30.134,32.880,29.485
2011/09/27,Tue,30.700,31.536,33.585,30.275
2011/09/26,Mon,30.850,29.976,30.970,26.150
2011/09/25,Sun,,,,
2011/09/24,Sat,,,,
2011/09/23,Fri,35.885,30.101,36.680,29.845
2011/09/22,Thu,39.670,36.578,39.850,35.525
2011/09/21,Wed,39.825,40.469,40.780,39.440
2011/09/20,Tue,39.730,40.137,40.375,39.230
2011/09/19,Mon,40.675,39.163,40.900,39.030
2011/09/18,Sun,,,,
2011/09/17,Sat,,,,
2011/09/16,Fri,39.945,40.831,40.985,39.455
2011/09/15,Thu,40.835,39.501,40.850,39.400
2011/09/14,Wed,41.155,40.533,41.410,40.310
2011/09/13,Tue,40.360,41.193,41.385,40.090
2011/09/12,Mon,41.490,40.217,41.600,39.750
2011/09/11,Sun,,,,
2011/09/10,Sat,,,,
2011/09/09,Fri,42.370,41.624,42.785,41.200
2011/09/08,Thu,41.655,42.530,42.725,41.285
2011/09/07,Wed,42.000,41.631,42.275,40.385
2011/09/06,Tue,41.800,41.848,42.685,41.690
2011/09/05,Mon,42.990,41.868,43.445,41.600
2011/09/04,Sun,,,,
2011/09/03,Sat,,,,
2011/09/02,Fri,41.535,43.069,43.500,41.535
2011/09/01,Thu,41.575,41.532,41.885,41.205
2011/08/31,Wed,41.385,41.768,42.095,41.135
2011/08/30,Tue,40.890,41.464,41.730,40.455
2011/08/29,Mon,41.740,40.546,41.800,40.290
2011/08/28,Sun,,,,
2011/08/27,Sat,,,,
2011/08/26,Fri,41.160,40.952,41.725,40.120
2011/08/25,Thu,39.680,40.745,41.190,38.760
2011/08/24,Wed,41.950,39.162,42.485,39.090
2011/08/23,Tue,43.765,42.291,44.275,41.500
2011/08/22,Mon,43.575,43.325,44.090,42.475
2011/08/21,Sun,,,,
2011/08/20,Sat,,,,
2011/08/19,Fri,40.640,42.432,42.970,40.560
2011/08/18,Thu,40.285,40.688,40.950,40.080
2011/08/17,Wed,39.915,40.351,40.615,39.785
2011/08/16,Tue,39.945,39.819,40.175,39.290
2011/08/15,Mon,39.075,39.307,39.990,38.690
2011/08/14,Sun,,,,
2011/08/13,Sat,,,,
2011/08/12,Fri,38.780,39.114,39.235,38.215
2011/08/11,Thu,39.285,38.669,39.860,37.935
2011/08/10,Wed,37.780,39.327,39.580,37.615
2011/08/09,Tue,39.060,37.883,39.655,37.025
2011/08/08,Mon,38.825,39.380,40.400,38.320
2011/08/07,Sun,,,,
2011/08/06,Sat,,,,
2011/08/05,Fri,38.790,38.211,39.870,37.555
2011/08/04,Thu,41.755,39.431,42.295,38.470
2011/08/03,Wed,40.870,41.758,42.060,40.575
2011/08/02,Tue,39.265,40.092,40.885,39.210
2011/08/01,Mon,39.645,39.309,40.070,39.040
2011/07/31,Sun,,,,
2011/07/30,Sat,,,,
2011/07/29,Fri,39.725,40.106,40.410,39.300
2011/07/28,Thu,40.250,39.794,40.595,39.340
2011/07/27,Wed,40.930,40.568,41.465,40.115
2011/07/26,Tue,40.400,40.698,40.985,40.015
2011/07/25,Mon,40.350,40.361,41.105,39.870
2011/07/24,Sun,,,,
2011/07/23,Sat,,,,
2011/07/22,Fri,39.335,40.122,40.300,38.865
2011/07/21,Thu,40.110,38.947,40.375,38.860
2011/07/20,Wed,39.030,39.558,40.150,38.215
2011/07/19,Tue,40.590,40.221,40.880,38.610
2011/07/18,Mon,39.350,40.342,40.735,39.280
2011/07/17,Sun,,,,
2011/07/16,Sat,,,,
2011/07/15,Fri,38.195,39.071,39.330,37.890
2011/07/14,Thu,38.275,38.694,39.395,38.010
2011/07/13,Wed,36.165,38.151,38.340,36.015
2011/07/12,Tue,35.820,35.634,36.450,34.810
2011/07/11,Mon,36.725,35.698,36.950,35.540
2011/07/10,Sun,,,,
2011/07/09,Sat,,,,
2011/07/08,Fri,36.455,36.543,36.895,36.010
2011/07/07,Thu,35.930,36.536,36.650,35.700
2011/07/06,Wed,35.490,35.916,36.285,35.065
2011/07/05,Tue,33.920,35.410,35.690,33.795
2011/07/04,Mon,33.920,35.410,35.690,33.795
2011/07/03,Sun,,,,
2011/07/02,Sat,,,,
2011/07/01,Fri,34.745,33.705,34.845,33.470
2011/06/30,Thu,34.890,34.832,35.160,34.470
2011/06/29,Wed,33.975,34.769,34.950,33.860
2011/06/28,Tue,33.580,33.638,34.135,33.510
2011/06/27,Mon,34.300,33.585,34.330,33.380
2011/06/26,Sun,,,,
2011/06/25,Sat,,,,
2011/06/24,Fri,35.315,34.638,35.420,34.145
2011/06/23,Thu,36.335,35.002,36.360,34.630
2011/06/22,Wed,36.425,36.739,36.770,35.895
2011/06/21,Tue,36.025,36.379,36.575,35.665
2011/06/20,Mon,35.990,36.071,36.200,35.260
2011/06/19,Sun,,,,
2011/06/18,Sat,,,,
2011/06/17,Fri,35.550,35.748,35.920,34.925
2011/06/16,Thu,35.800,35.559,35.815,35.155
2011/06/15,Wed,35.440,35.410,35.975,34.810
2011/06/14,Tue,34.770,35.411,35.600,34.400
2011/06/13,Mon,36.190,34.737,36.350,34.550
2011/06/12,Sun,,,,
2011/06/11,Sat,,,,
2011/06/10,Fri,37.560,36.327,37.860,36.080
2011/06/09,Thu,36.840,37.424,37.640,36.565
2011/06/08,Wed,37.150,36.620,37.250,36.065
2011/06/07,Tue,36.760,37.046,37.520,36.440
2011/06/06,Mon,36.240,36.782,37.285,36.220
2011/06/05,Sun,,,,
2011/06/04,Sat,,,,
2011/06/03,Fri,36.210,36.191,36.435,35.065
2011/06/02,Thu,36.860,36.202,37.415,35.545
2011/06/01,Wed,38.490,37.694,38.500,36.355
2011/05/31,Tue,38.215,38.317,38.540,38.195
2011/05/30,Mon,37.995,38.305,38.765,37.760
2011/05/29,Sun,,,,
2011/05/28,Sat,,,,
2011/05/27,Fri,37.250,37.863,38.195,37.200
2011/05/26,Thu,37.920,37.330,38.845,36.265
2011/05/25,Wed,36.640,37.642,37.965,36.230
2011/05/24,Tue,35.075,36.128,36.765,34.880
2011/05/23,Mon,35.015,34.904,35.400,34.340
2011/05/22,Sun,,,,
2011/05/21,Sat,,,,
2011/05/20,Fri,34.960,35.087,35.570,34.190
2011/05/19,Thu,35.095,34.932,35.750,34.525
2011/05/18,Wed,33.975,35.097,35.550,33.850
2011/05/17,Tue,33.580,33.491,34.380,32.960
2011/05/16,Mon,35.245,34.132,35.400,33.480
2011/05/15,Sun,,,,
2011/05/14,Sat,,,,
2011/05/13,Fri,34.595,35.013,36.450,33.915
2011/05/12,Thu,35.110,34.797,35.890,32.300
2011/05/11,Wed,38.520,35.515,39.470,35.015
2011/05/10,Tue,37.735,38.486,38.820,37.300
2011/05/09,Mon,35.690,37.116,37.975,35.190
2011/05/08,Sun,,,,
2011/05/07,Sat,,,,
2011/05/06,Fri,34.790,35.287,36.430,33.035
2011/05/05,Thu,39.200,36.240,39.565,34.250
2011/05/04,Wed,41.665,39.388,42.325,38.940
2011/05/03,Tue,44.030,42.585,45.600,40.600
2011/05/02,Mon,48.090,46.084,48.190,42.200
2011/05/01,Sun,,,,
2011/04/30,Sat,,,,
2011/04/29,Fri,48.490,48.599,49.210,47.550
2011/04/28,Thu,47.810,47.541,49.560,47.255
2011/04/27,Wed,45.455,45.958,48.305,44.830
2011/04/26,Tue,46.970,45.050,47.155,44.610
2011/04/25,Mon,47.250,47.149,49.820,45.645
2011/04/24,Sun,,,,
2011/04/23,Sat,,,,
2011/04/22,Fri,46.620,46.620,46.620,46.620
2011/04/21,Thu,45.200,46.059,46.690,45.060
2011/04/20,Wed,43.965,44.461,45.400,43.835
2011/04/19,Tue,43.425,43.913,44.175,42.755
2011/04/18,Mon,43.035,42.956,43.560,42.200
2011/04/17,Sun,,,,
2011/04/16,Sat,,,,
2011/04/15,Fri,42.155,42.571,43.050,41.815
2011/04/14,Thu,40.680,41.664,42.210,40.450
2011/04/13,Wed,40.115,40.237,40.780,40.035
2011/04/12,Tue,40.250,40.066,40.910,39.705
2011/04/11,Mon,41.000,40.612,41.975,39.770
2011/04/10,Sun,,,,
2011/04/09,Sat,,,,
2011/04/08,Fri,39.670,40.608,40.960,39.515
2011/04/07,Thu,39.505,39.552,39.720,39.200
2011/04/06,Wed,39.315,39.387,39.785,39.120
2011/04/05,Tue,38.595,39.183,39.335,38.070
2011/04/04,Mon,37.845,38.494,38.620,37.810
2011/04/03,Sun,,,,
2011/04/02,Sat,,,,
2011/04/01,Fri,37.700,37.732,37.875,37.080
2011/03/31,Thu,37.445,37.888,37.980,37.375
2011/03/30,Wed,37.125,37.511,37.770,36.900
2011/03/29,Tue,37.170,36.987,37.250,36.530
2011/03/28,Mon,37.340,37.088,37.430,36.435
2011/03/27,Sun,,,,
2011/03/26,Sat,,,,
2011/03/25,Fri,37.160,37.049,37.795,36.880
2011/03/24,Thu,37.415,37.375,38.180,36.850
2011/03/23,Wed,36.395,37.198,37.440,36.150
2011/03/22,Tue,36.115,36.269,36.475,35.760
2011/03/21,Mon,35.355,36.001,36.290,35.355
2011/03/20,Sun,,,,
2011/03/19,Sat,,,,
2011/03/18,Fri,34.280,35.058,35.425,34.240
2011/03/17,Thu,34.205,34.258,34.695,33.640
2011/03/16,Wed,34.255,34.472,35.080,33.845
2011/03/15,Tue,35.955,34.117,35.955,33.565
2011/03/14,Mon,35.935,35.840,36.505,35.500
2011/03/13,Sun,,,,
2011/03/12,Sat,,,,
2011/03/11,Fri,35.210,35.935,36.180,34.050
2011/03/10,Thu,36.145,35.066,36.190,34.660
2011/03/09,Wed,36.040,36.047,36.440,35.615
2011/03/08,Tue,35.895,35.658,36.550,35.510
2011/03/07,Mon,35.640,35.865,36.745,35.605
2011/03/06,Sun,,,,
2011/03/05,Sat,,,,
2011/03/04,Fri,34.230,35.327,35.670,34.205
2011/03/03,Thu,34.705,34.327,34.960,34.030
2011/03/02,Wed,34.700,34.835,34.975,34.210
2011/03/01,Tue,33.900,34.427,34.720,33.790
2011/02/28,Mon,33.345,33.820,33.980,33.255
2011/02/27,Sun,,,,
2011/02/26,Sat,,,,
2011/02/25,Fri,32.080,32.923,33.395,32.060
2011/02/24,Thu,33.510,33.166,33.740,31.695
2011/02/23,Wed,33.160,33.298,33.765,32.680
2011/02/22,Tue,32.630,32.856,34.235,32.430
2011/02/21,Mon,32.650,32.862,34.330,32.390
2011/02/20,Sun,,,,
2011/02/19,Sat,,,,
2011/02/18,Fri,31.740,32.296,32.870,31.610
2011/02/17,Thu,30.655,31.570,31.790,30.535
2011/02/16,Wed,30.735,30.629,30.970,30.265
2011/02/15,Tue,30.560,30.696,30.905,30.475
2011/02/14,Mon,29.885,30.534,30.720,29.790
2011/02/13,Sun,,,,
2011/02/12,Sat,,,,
2011/02/11,Fri,30.185,29.995,30.285,29.685
2011/02/10,Thu,30.165,30.094,30.275,29.635
2011/02/09,Wed,30.310,30.276,30.500,30.050
2011/02/08,Tue,29.350,30.271,30.345,29.260
2011/02/07,Mon,29.175,29.343,29.450,29.005
2011/02/06,Sun,,,,
2011/02/05,Sat,,,,
2011/02/04,Fri,28.930,29.059,29.285,28.720
2011/02/03,Thu,28.300,28.728,28.980,27.960
2011/02/02,Wed,28.565,28.289,28.725,28.105
2011/02/01,Tue,28.060,28.514,28.635,27.850
2011/01/31,Mon,27.960,28.169,28.425,27.520
2011/01/30,Sun,,,,
2011/01/29,Sat,,,,
2011/01/28,Fri,26.895,27.919,28.030,26.300
2011/01/27,Thu,27.615,27.031,27.795,26.745
2011/01/26,Wed,26.855,27.128,27.645,26.655
2011/01/25,Tue,26.915,26.805,27.035,26.540
2011/01/24,Mon,27.500,27.321,27.950,26.820
2011/01/23,Sun,,,,
2011/01/22,Sat,,,,
2011/01/21,Fri,27.475,27.427,27.630,27.080
2011/01/20,Thu,28.670,27.473,28.780,27.375
2011/01/19,Wed,28.895,28.801,29.490,28.625
2011/01/18,Tue,28.425,28.912,29.080,28.050
2011/01/17,Mon,28.425,28.912,29.080,28.050
2011/01/16,Sun,,,,
2011/01/15,Sat,,,,
2011/01/14,Fri,28.750,28.320,28.965,28.100
2011/01/13,Thu,29.695,29.263,29.810,28.525
2011/01/12,Wed,29.545,29.545,29.845,29.395
2011/01/11,Tue,29.115,29.499,29.710,29.060
2011/01/10,Mon,28.750,28.861,29.140,28.650
2011/01/09,Sun,,,,
2011/01/08,Sat,,,,
2011/01/07,Fri,29.040,28.671,29.375,28.325
2011/01/06,Thu,29.300,29.126,29.600,28.815
2011/01/05,Wed,29.830,29.198,29.905,28.580
2011/01/04,Tue,30.740,29.508,30.885,29.325
2011/01/03,Mon,30.930,31.125,31.275,30.500
2011/01/02,Sun,,,,
2011/01/01,Sat,,,,
2010/12/31,Fri,30.475,30.937,30.975,30.475
2010/12/30,Thu,30.630,30.513,30.930,30.360
2010/12/29,Wed,30.325,30.704,30.720,30.145
2010/12/28,Tue,29.280,30.323,30.370,29.280
2010/12/27,Mon,29.160,29.255,29.355,28.810
2010/12/26,Sun,,,,
2010/12/25,Sat,,,,
2010/12/24,Fri,29.293,29.293,29.293,29.293
2010/12/23,Thu,29.275,29.328,29.420,28.945
2010/12/22,Wed,29.365,29.385,29.485,29.230
2010/12/21,Tue,29.410,29.394,29.605,29.050
2010/12/20,Mon,29.385,29.355,29.560,28.810
2010/12/19,Sun,,,,
2010/12/18,Sat,,,,
2010/12/17,Fri,28.900,29.133,29.370,28.680
2010/12/16,Thu,28.815,28.782,29.255,28.350
2010/12/15,Wed,29.550,29.253,29.645,28.735
2010/12/14,Tue,29.575,29.788,29.985,29.220
2010/12/13,Mon,28.660,29.624,29.740,28.495
2010/12/12,Sun,,,,
2010/12/11,Sat,,,,
2010/12/10,Fri,28.820,28.605,29.030,28.060
2010/12/09,Thu,28.425,28.817,29.045,28.200
2010/12/08,Wed,28.770,28.252,29.290,28.010
2010/12/07,Tue,30.200,29.777,30.750,28.485
2010/12/06,Mon,29.550,29.735,30.355,29.480
2010/12/05,Sun,,,,
2010/12/04,Sat,,,,
2010/12/03,Fri,28.625,29.271,29.490,28.595
2010/12/02,Thu,28.470,28.572,29.080,28.330
2010/12/01,Wed,28.180,28.413,28.880,28.020
2010/11/30,Tue,27.190,28.212,28.390,26.920
2010/11/29,Mon,26.785,27.193,27.315,26.525
2010/11/28,Sun,,,,
2010/11/27,Sat,,,,
2010/11/26,Fri,27.595,26.724,27.595,26.450
2010/11/25,Thu,27.635,26.772,27.650,26.475
2010/11/24,Wed,27.515,27.528,27.685,27.100
2010/11/23,Tue,27.850,27.572,27.885,27.020
2010/11/22,Mon,27.590,27.461,27.895,27.075
2010/11/21,Sun,,,,
2010/11/20,Sat,,,,
2010/11/19,Fri,26.945,27.179,27.400,26.345
2010/11/18,Thu,25.590,26.834,27.040,25.590
2010/11/17,Wed,25.410,25.511,25.905,25.015
2010/11/16,Tue,25.560,25.233,25.850,24.980
2010/11/15,Mon,26.025,26.092,26.480,25.400
2010/11/14,Sun,,,,
2010/11/13,Sat,,,,
2010/11/12,Fri,27.685,25.942,27.690,25.760
2010/11/11,Thu,27.240,27.405,27.840,26.890
2010/11/10,Wed,26.970,26.865,28.175,26.485
2010/11/09,Tue,27.730,28.906,29.340,26.415
2010/11/08,Mon,26.860,27.432,27.740,26.515
2010/11/07,Sun,,,,
2010/11/06,Sat,,,,
2010/11/05,Fri,26.315,26.748,26.915,25.875
2010/11/04,Thu,24.910,26.043,26.370,24.750
2010/11/03,Wed,24.930,24.436,25.040,23.935
2010/11/02,Tue,24.630,24.836,24.940,24.615
2010/11/01,Mon,24.750,24.552,25.055,24.515
2010/10/31,Sun,,,,
2010/10/30,Sat,,,,
2010/10/29,Fri,24.030,24.564,24.750,23.755
2010/10/28,Thu,23.585,23.875,24.040,23.500
2010/10/27,Wed,23.865,23.404,24.295,23.350
2010/10/26,Tue,23.650,23.830,23.950,23.165
2010/10/25,Mon,23.300,23.544,23.855,23.300
2010/10/24,Sun,,,,
2010/10/23,Sat,,,,
2010/10/22,Fri,23.185,23.118,23.395,22.840
2010/10/21,Thu,23.925,23.139,24.075,23.030
2010/10/20,Wed,23.385,23.864,23.975,23.290
2010/10/19,Tue,24.390,23.780,24.505,23.270
2010/10/18,Mon,24.305,24.413,24.515,23.715
2010/10/17,Sun,,,,
2010/10/16,Sat,,,,
2010/10/15,Fri,24.650,24.288,24.855,24.075
2010/10/14,Thu,24.060,24.435,24.950,23.995
2010/10/13,Wed,23.315,23.932,24.130,23.275
2010/10/12,Tue,23.290,23.147,23.495,22.945
2010/10/11,Mon,23.410,23.349,23.675,23.055
2010/10/10,Sun,,,,
2010/10/09,Sat,,,,
2010/10/08,Fri,22.520,23.105,23.325,22.350
2010/10/07,Thu,23.185,22.584,23.530,22.475
2010/10/06,Wed,22.865,23.043,23.200,22.760
2010/10/05,Tue,21.910,22.737,22.920,21.810
2010/10/04,Mon,22.125,22.036,22.235,21.880
2010/10/03,Sun,,,,
2010/10/02,Sat,,,,
2010/10/01,Fri,21.770,22.060,22.170,21.725
2010/09/30,Thu,21.895,21.821,22.125,21.565
2010/09/29,Wed,21.775,21.952,22.075,21.710
2010/09/28,Tue,21.460,21.707,21.800,21.060
2010/09/27,Mon,21.460,21.471,21.645,21.365
2010/09/26,Sun,,,,
2010/09/25,Sat,,,,
2010/09/24,Fri,21.150,21.399,21.490,21.120
2010/09/23,Thu,21.165,21.213,21.265,20.885
2010/09/22,Wed,21.025,21.055,21.200,20.930
2010/09/21,Tue,20.770,20.640,21.110,20.515
2010/09/20,Mon,20.780,20.803,21.000,20.720
2010/09/19,Sun,,,,
2010/09/18,Sat,,,,
2010/09/17,Fri,20.810,20.816,21.025,20.620
2010/09/16,Thu,20.610,20.771,20.845,20.475
2010/09/15,Wed,20.500,20.571,20.650,20.340
2010/09/14,Tue,20.070,20.432,20.550,20.030
2010/09/13,Mon,19.895,20.151,20.270,19.820
2010/09/12,Sun,,,,
2010/09/11,Sat,,,,
2010/09/10,Fri,19.750,19.845,20.065,19.700
2010/09/09,Thu,19.945,19.855,20.095,19.680
2010/09/08,Wed,19.835,20.009,20.180,19.820
2010/09/07,Tue,19.875,19.900,19.990,19.585
2010/09/06,Mon,19.940,19.914,20.045,19.585
2010/09/05,Sun,,,,
2010/09/04,Sat,,,,
2010/09/03,Fri,19.705,19.949,19.985,19.505
2010/09/02,Thu,19.365,19.672,19.740,19.345
2010/09/01,Wed,19.405,19.393,19.535,19.320
2010/08/31,Tue,19.075,19.432,19.445,18.860
2010/08/30,Mon,19.100,19.074,19.275,19.020
2010/08/29,Sun,,,,
2010/08/28,Sat,,,,
2010/08/27,Fri,19.000,19.074,19.375,18.935
2010/08/26,Thu,18.955,18.982,19.165,18.900
2010/08/25,Wed,18.365,19.026,19.040,18.345
2010/08/24,Tue,17.980,18.378,18.480,17.735
2010/08/23,Mon,18.010,17.992,18.070,17.890
2010/08/22,Sun,,,,
2010/08/21,Sat,,,,
2010/08/20,Fri,18.295,17.991,18.340,17.845
2010/08/19,Thu,18.365,18.327,18.590,18.220
2010/08/18,Wed,18.505,18.399,18.575,18.165
2010/08/17,Tue,18.405,18.595,18.620,18.350
2010/08/16,Mon,18.120,18.427,18.490,18.100
2010/08/15,Sun,,,,
2010/08/14,Sat,,,,
2010/08/13,Fri,18.070,18.109,18.180,17.960
2010/08/12,Thu,17.885,18.065,18.105,17.850
2010/08/11,Wed,18.300,17.902,18.355,17.795
2010/08/10,Tue,18.325,18.158,18.475,17.960
2010/08/09,Mon,18.500,18.242,18.575,18.220
2010/08/08,Sun,,,,
2010/08/07,Sat,,,,
2010/08/06,Fri,18.340,18.472,18.585,18.290
2010/08/05,Thu,18.321,18.321,18.480,18.185
2010/08/04,Wed,18.400,18.278,18.700,18.225
2010/08/03,Tue,18.380,18.422,18.610,18.315
2010/08/02,Mon,18.000,18.419,18.575,17.975
2010/08/01,Sun,,,,
2010/07/31,Sat,,,,
2010/07/30,Fri,17.635,18.003,18.125,17.530
2010/07/29,Thu,17.500,17.617,17.695,17.480
2010/07/28,Wed,17.640,17.441,17.740,17.325
2010/07/27,Tue,18.170,17.626,18.235,17.580
2010/07/26,Mon,18.100,18.200,18.270,17.975
2010/07/25,Sun,,,,
2010/07/24,Sat,,,,
2010/07/23,Fri,18.135,18.101,18.280,18.060
2010/07/22,Thu,17.660,18.120,18.200,17.635
2010/07/21,Wed,17.685,17.803,17.900,17.575
2010/07/20,Tue,17.615,17.693,17.780,17.450
2010/07/19,Mon,17.840,17.543,17.920,17.440
2010/07/18,Sun,,,,
2010/07/17,Sat,,,,
2010/07/16,Fri,18.355,17.788,18.390,17.730
2010/07/15,Thu,18.320,18.362,18.535,18.170
2010/07/14,Wed,18.280,18.290,18.490,18.115
2010/07/13,Tue,17.940,18.257,18.355,17.870
2010/07/12,Mon,18.110,17.917,18.155,17.775
2010/07/11,Sun,,,,
2010/07/10,Sat,,,,
2010/07/09,Fri,17.955,18.073,18.235,17.830
2010/07/08,Thu,18.065,17.872,18.200,17.725
2010/07/07,Wed,17.830,18.000,18.110,17.565
2010/07/06,Tue,17.870,17.857,18.035,17.615
2010/07/05,Mon,17.870,17.857,18.035,17.615
2010/07/04,Sun,,,,
2010/07/03,Sat,,,,
2010/07/02,Fri,17.815,17.719,18.115,17.635
2010/07/01,Thu,18.650,17.790,18.690,17.735
2010/06/30,Wed,18.530,18.708,18.820,18.475
2010/06/29,Tue,18.770,18.635,18.820,18.410
2010/06/28,Mon,19.085,18.678,19.230,18.625
2010/06/27,Sun,,,,
2010/06/26,Sat,,,,
2010/06/25,Fri,18.670,19.110,19.130,18.590
2010/06/24,Thu,18.500,18.736,18.810,18.170
2010/06/23,Wed,18.805,18.459,18.960,18.310
2010/06/22,Tue,18.715,18.902,18.985,18.590
2010/06/21,Mon,19.200,18.808,19.460,18.650
2010/06/20,Sun,,,,
2010/06/19,Sat,,,,
2010/06/18,Fri,18.740,19.184,19.275,18.685
2010/06/17,Thu,18.450,18.776,18.880,18.315
2010/06/16,Wed,18.585,18.441,18.660,18.380
2010/06/15,Tue,18.230,18.578,18.685,18.220
2010/06/14,Mon,18.250,18.411,18.570,18.200
2010/06/13,Sun,,,,
2010/06/12,Sat,,,,
2010/06/11,Fri,18.250,18.231,18.535,18.070
2010/06/10,Thu,18.130,18.351,18.445,17.905
2010/06/09,Wed,18.325,18.189,18.375,18.095
2010/06/08,Tue,18.150,18.477,18.490,18.085
2010/06/07,Mon,17.460,18.162,18.295,17.195
2010/06/06,Sun,,,,
2010/06/05,Sat,,,,
2010/06/04,Fri,17.965,17.299,18.035,17.285
2010/06/03,Thu,18.365,17.931,18.475,17.825
2010/06/02,Wed,18.440,18.315,18.510,18.090
2010/06/01,Tue,18.570,18.570,18.570,18.570
2010/05/31,Mon,18.410,18.551,18.735,18.265
2010/05/30,Sun,,,,
2010/05/29,Sat,,,,
2010/05/28,Fri,18.520,18.422,18.645,18.240
2010/05/27,Thu,18.060,18.468,18.580,18.010
2010/05/26,Wed,17.980,18.306,18.410,17.930
2010/05/25,Tue,17.915,17.781,17.990,17.530
2010/05/24,Mon,17.655,18.000,18.080,17.650
2010/05/23,Sun,,,,
2010/05/22,Sat,,,,
2010/05/21,Fri,17.630,17.651,17.895,17.410
2010/05/20,Thu,18.205,17.715,18.330,17.485
2010/05/19,Wed,19.010,18.115,19.010,17.920
2010/05/18,Tue,18.895,18.879,19.145,18.650
2010/05/17,Mon,19.330,18.859,19.445,18.735
2010/05/16,Sun,,,,
2010/05/15,Sat,,,,
2010/05/14,Fri,19.470,19.225,19.735,18.975
2010/05/13,Thu,19.530,19.499,19.845,19.345
2010/05/12,Wed,19.360,19.663,19.735,19.110
2010/05/11,Tue,18.510,19.294,19.425,18.405
2010/05/10,Mon,18.575,18.552,18.680,18.215
2010/05/09,Sun,,,,
2010/05/08,Sat,,,,
2010/05/07,Fri,17.585,18.451,18.690,17.475
2010/05/06,Thu,17.515,17.515,17.775,17.260
2010/05/05,Wed,17.865,17.534,17.895,17.080
2010/05/04,Tue,18.840,17.842,18.850,17.810
2010/05/03,Mon,18.685,18.840,18.890,18.530
2010/05/02,Sun,,,,
2010/05/01,Sat,,,,
2010/04/30,Fri,18.505,18.639,18.790,18.480
2010/04/29,Thu,18.130,18.579,18.600,18.085
2010/04/28,Wed,18.185,18.107,18.250,17.820
2010/04/27,Tue,18.310,18.119,18.415,18.060
2010/04/26,Mon,18.350,18.337,18.420,18.235
2010/04/25,Sun,,,,
2010/04/24,Sat,,,,
2010/04/23,Fri,17.995,18.192,18.350,17.845
2010/04/22,Thu,18.090,18.009,18.170,17.765
2010/04/21,Wed,17.860,18.078,18.140,17.710
2010/04/20,Tue,17.770,17.821,18.040,17.725
2010/04/19,Mon,17.695,17.731,17.775,17.490
2010/04/18,Sun,,,,
2010/04/17,Sat,,,,
2010/04/16,Fri,18.415,17.675,18.440,17.610
2010/04/15,Thu,18.445,18.433,18.540,18.225
2010/04/14,Wed,18.240,18.415,18.505,18.210
2010/04/13,Tue,18.225,18.249,18.320,17.955
2010/04/12,Mon,18.480,18.414,18.605,18.155
2010/04/11,Sun,,,,
2010/04/10,Sat,,,,
2010/04/09,Fri,18.100,18.351,18.445,18.050
2010/04/08,Thu,18.180,18.127,18.215,17.925
2010/04/07,Wed,17.930,18.199,18.260,17.920
2010/04/06,Tue,18.095,17.931,18.105,17.845
2010/04/05,Mon,17.845,18.118,18.145,17.810
2010/04/04,Sun,,,,
2010/04/03,Sat,,,,
2010/04/02,Fri,,,,
2010/04/01,Thu,17.505,17.890,18.000,17.475
2010/03/31,Wed,17.305,17.526,17.645,17.255
2010/03/30,Tue,17.385,17.330,17.480,17.235
2010/03/29,Mon,16.980,17.387,17.440,16.935
2010/03/28,Sun,,,,
2010/03/27,Sat,,,,
2010/03/26,Fri,16.630,16.906,16.990,16.565
2010/03/25,Thu,16.575,16.741,16.860,16.555
2010/03/24,Wed,17.015,16.641,17.045,16.550
2010/03/23,Tue,17.000,17.027,17.150,16.735
2010/03/22,Mon,17.010,16.935,17.010,16.620
2010/03/21,Sun,,,,
2010/03/20,Sat,,,,
2010/03/19,Fri,17.410,17.032,17.420,16.965
2010/03/18,Thu,17.520,17.422,17.560,17.325
2010/03/17,Wed,17.450,17.523,17.600,17.365
2010/03/16,Tue,17.130,17.354,17.495,17.130
2010/03/15,Mon,17.065,17.108,17.180,16.965
2010/03/14,Sun,,,,
2010/03/13,Sat,,,,
2010/03/12,Fri,17.210,17.048,17.350,16.960
2010/03/11,Thu,17.020,17.160,17.195,16.835
2010/03/10,Wed,17.280,17.018,17.665,16.940
2010/03/09,Tue,17.250,17.338,17.420,16.875
2010/03/08,Mon,17.390,17.272,17.530,17.125
2010/03/07,Sun,,,,
2010/03/06,Sat,,,,
2010/03/05,Fri,17.135,17.382,17.515,17.135
2010/03/04,Thu,17.195,17.176,17.395,17.055
2010/03/03,Wed,16.955,17.329,17.370,16.885
2010/03/02,Tue,16.475,17.064,17.105,16.330
2010/03/01,Mon,16.525,16.469,16.770,16.430
2010/02/28,Sun,,,,
2010/02/27,Sat,,,,
2010/02/26,Fri,16.145,16.521,16.550,16.045
2010/02/25,Thu,15.955,16.132,16.175,15.630
2010/02/24,Wed,15.850,15.940,16.000,15.620
2010/02/23,Tue,16.220,15.888,16.425,15.785
2010/02/22,Mon,16.370,16.222,16.565,16.135
2010/02/21,Sun,,,,
2010/02/20,Sat,,,,
2010/02/19,Fri,15.850,16.413,16.510,15.760
2010/02/18,Thu,15.910,16.060,16.265,15.675
2010/02/17,Wed,16.155,16.098,16.330,15.825
2010/02/16,Tue,15.580,16.161,16.190,15.555
2010/02/15,Mon,15.570,16.148,16.215,15.450
2010/02/14,Sun,,,,
2010/02/13,Sat,,,,
2010/02/12,Fri,15.650,15.447,15.740,15.210
2010/02/11,Thu,15.200,15.590,15.730,15.175
2010/02/10,Wed,15.475,15.300,15.645,15.075
2010/02/09,Tue,15.025,15.435,15.595,15.015
2010/02/08,Mon,15.160,15.085,15.320,14.950
2010/02/07,Sun,,,,
2010/02/06,Sat,,,,
2010/02/05,Fri,15.305,14.830,15.380,14.650
2010/02/04,Thu,16.400,15.350,16.415,15.190
2010/02/03,Wed,16.740,16.317,16.950,16.280
2010/02/02,Tue,16.695,16.743,16.810,16.555
2010/02/01,Mon,16.170,16.660,16.715,16.105
2010/01/31,Sun,,,,
2010/01/30,Sat,,,,
2010/01/29,Fri,16.260,16.190,16.375,16.020
2010/01/28,Thu,16.590,16.212,16.755,16.015
2010/01/27,Wed,16.800,16.440,16.965,16.425
2010/01/26,Tue,17.155,16.860,17.270,16.340
2010/01/25,Mon,17.050,17.145,17.275,16.990
2010/01/24,Sun,,,,
2010/01/23,Sat,,,,
2010/01/22,Fri,17.455,16.932,17.520,16.880
2010/01/21,Thu,17.910,17.510,18.065,17.340
2010/01/20,Wed,18.790,17.880,18.870,17.805
2010/01/19,Tue,18.410,18.800,18.880,18.400
2010/01/18,Mon,18.410,18.800,18.880,18.400
2010/01/17,Sun,,,,
2010/01/16,Sat,,,,
2010/01/15,Fri,18.680,18.427,18.690,18.400
2010/01/14,Thu,18.615,18.655,18.740,18.455
2010/01/13,Wed,18.270,18.550,18.675,18.200
2010/01/12,Tue,18.560,18.255,18.810,18.160
2010/01/11,Mon,18.510,18.695,18.925,18.495
2010/01/10,Sun,,,,
2010/01/09,Sat,,,,
2010/01/08,Fri,18.275,18.470,18.525,18.055
2010/01/07,Thu,18.205,18.345,18.420,18.055
2010/01/06,Wed,17.765,18.175,18.245,17.755
2010/01/05,Tue,17.595,17.800,17.885,17.510
2010/01/04,Mon,16.940,17.463,17.600,16.850
2010/01/03,Sun,,,,
2010/01/02,Sat,,,,
2010/01/01,Fri,16.898,16.898,16.898,16.898
2009/12/31,Thu,16.810,16.845,17.105,16.780
2009/12/30,Wed,17.105,16.802,17.175,16.765
2009/12/29,Tue,17.540,17.110,17.545,17.080
2009/12/28,Mon,17.550,17.560,17.690,17.455
2009/12/27,Sun,,,,
2009/12/26,Sat,,,,
2009/12/25,Fri,17.508,17.508,17.508,17.508
2009/12/24,Thu,17.160,17.440,17.545,17.145
2009/12/23,Wed,16.995,17.190,17.245,16.870
2009/12/22,Tue,17.050,17.030,17.190,16.780
2009/12/21,Mon,17.300,17.035,17.525,16.980
2009/12/20,Sun,,,,
2009/12/19,Sat,,,,
2009/12/18,Fri,17.180,17.320,17.390,17.105
2009/12/17,Thu,17.770,17.195,17.805,17.100
2009/12/16,Wed,17.450,17.693,17.810,17.350
2009/12/15,Tue,17.425,17.455,17.515,17.135
2009/12/14,Mon,17.140,17.340,17.455,17.095
2009/12/13,Sun,,,,
2009/12/12,Sat,,,,
2009/12/11,Fri,17.420,17.090,17.640,16.900
2009/12/10,Thu,17.440,17.188,17.575,17.155
2009/12/09,Wed,17.660,17.180,17.910,17.135
2009/12/08,Tue,18.225,17.807,18.385,17.560
2009/12/07,Mon,18.480,18.360,18.585,17.895
2009/12/06,Sun,,,,
2009/12/05,Sat,,,,
2009/12/04,Fri,18.910,18.520,18.990,18.300
2009/12/03,Thu,19.235,19.128,19.500,18.835
2009/12/02,Wed,19.140,19.325,19.470,19.100
2009/12/01,Tue,18.505,19.210,19.300,18.420
2009/11/30,Mon,18.355,18.525,18.545,18.135
2009/11/29,Sun,,,,
2009/11/28,Sat,,,,
2009/11/27,Fri,18.845,18.302,18.900,17.700
2009/11/26,Thu,18.690,18.335,18.950,17.720
2009/11/25,Wed,18.520,18.768,18.860,18.520
2009/11/24,Tue,18.585,18.455,18.680,18.330
2009/11/23,Mon,18.525,18.610,18.935,18.525
2009/11/22,Sun,,,,
2009/11/21,Sat,,,,
2009/11/20,Fri,18.545,18.440,18.595,18.035
2009/11/19,Thu,18.575,18.455,18.640,18.150
2009/11/18,Wed,18.425,18.415,18.855,18.325
2009/11/17,Tue,18.400,18.387,18.435,18.085
2009/11/16,Mon,17.490,18.400,18.450,17.475
2009/11/15,Sun,,,,
2009/11/14,Sat,,,,
2009/11/13,Fri,17.215,17.380,17.460,17.025
2009/11/12,Thu,17.585,17.265,17.780,17.190
2009/11/11,Wed,17.345,17.537,17.725,17.330
2009/11/10,Tue,17.585,17.222,17.650,17.160
2009/11/09,Mon,17.445,17.480,17.780,17.425
2009/11/08,Sun,,,,
2009/11/07,Sat,,,,
2009/11/06,Fri,17.410,17.375,17.630,17.270
2009/11/05,Thu,17.460,17.410,17.530,17.220
2009/11/04,Wed,17.230,17.405,17.635,17.105
2009/11/03,Tue,16.475,17.180,17.350,16.245
2009/11/02,Mon,16.285,16.440,16.735,16.275
2009/11/01,Sun,,,,
2009/10/31,Sat,,,,
2009/10/30,Fri,16.690,16.255,16.745,16.150
2009/10/29,Thu,16.135,16.655,16.710,16.120
2009/10/28,Wed,16.710,16.240,16.770,16.120
2009/10/27,Tue,17.070,16.540,17.250,16.500
2009/10/26,Mon,17.710,17.095,17.800,17.010
2009/10/25,Sun,,,,
2009/10/24,Sat,,,,
2009/10/23,Fri,17.700,17.723,17.970,17.450
2009/10/22,Thu,17.720,17.545,17.830,17.365
2009/10/21,Wed,17.520,17.825,17.835,17.300
2009/10/20,Tue,17.860,17.558,17.955,17.420
2009/10/19,Mon,17.485,17.625,17.875,17.270
2009/10/18,Sun,,,,
2009/10/17,Sat,,,,
2009/10/16,Fri,17.380,17.420,17.580,17.210
2009/10/15,Thu,17.915,17.415,18.000,17.320
2009/10/14,Wed,17.820,17.908,18.175,17.720
2009/10/13,Tue,17.760,17.840,18.075,17.565
2009/10/12,Mon,17.735,17.820,17.990,17.710
2009/10/11,Sun,,,,
2009/10/10,Sat,,,,
2009/10/09,Fri,17.815,17.690,17.835,17.555
2009/10/08,Thu,17.650,17.815,17.955,17.530
2009/10/07,Wed,17.375,17.500,17.630,17.310
2009/10/06,Tue,16.670,17.295,17.440,16.625
2009/10/05,Mon,16.200,16.535,16.685,16.035
2009/10/04,Sun,,,,
2009/10/03,Sat,,,,
2009/10/02,Fri,16.360,16.230,16.495,15.920
2009/10/01,Thu,16.665,16.440,16.785,16.340
2009/09/30,Wed,16.170,16.658,16.715,16.170
2009/09/29,Tue,16.220,16.178,16.320,16.010
2009/09/28,Mon,16.115,16.195,16.325,15.760
2009/09/27,Sun,,,,
2009/09/26,Sat,,,,
2009/09/25,Fri,16.270,16.060,16.410,15.955
2009/09/24,Thu,16.800,16.295,17.045,16.185
2009/09/23,Wed,17.155,16.910,17.290,16.720
2009/09/22,Tue,16.865,17.115,17.345,16.830
2009/09/21,Mon,16.950,16.880,16.985,16.525
2009/09/20,Sun,,,,
2009/09/19,Sat,,,,
2009/09/18,Fri,17.290,17.065,17.400,16.920
2009/09/17,Thu,17.425,17.265,17.690,17.210
2009/09/16,Wed,17.045,17.430,17.580,17.035
2009/09/15,Tue,16.570,17.000,17.080,16.440
2009/09/14,Mon,16.785,16.623,16.845,16.320
2009/09/13,Sun,,,,
2009/09/12,Sat,,,,
2009/09/11,Fri,16.710,16.700,17.015,16.645
2009/09/10,Thu,16.355,16.670,16.730,16.060
2009/09/09,Wed,16.485,16.470,16.750,16.255
2009/09/08,Tue,16.710,16.499,16.720,16.710
2009/09/07,Mon,16.375,16.510,16.860,16.165
2009/09/06,Sun,,,,
2009/09/05,Sat,,,,
2009/09/04,Fri,16.180,16.285,16.405,15.850
2009/09/03,Thu,15.410,16.290,16.310,15.360
2009/09/02,Wed,15.035,15.365,15.490,14.865
2009/09/01,Tue,14.905,15.060,15.145,14.655
2009/08/31,Mon,14.775,14.923,14.950,14.550
2009/08/30,Sun,,,,
2009/08/29,Sat,,,,
2009/08/28,Fri,14.225,14.815,14.900,14.225
2009/08/27,Thu,14.340,14.220,14.350,14.045
2009/08/26,Wed,14.295,14.255,14.470,14.165
2009/08/25,Tue,14.320,14.310,14.425,14.060
2009/08/24,Mon,14.200,14.195,14.470,14.050
2009/08/23,Sun,,,,
2009/08/22,Sat,,,,
2009/08/21,Fri,13.915,14.164,14.290,13.710
2009/08/20,Thu,13.815,13.880,14.070,13.790
2009/08/19,Wed,14.005,13.875,14.150,13.495
2009/08/18,Tue,13.990,13.960,14.200,13.830
2009/08/17,Mon,14.730,13.975,14.730,13.820
2009/08/16,Sun,,,,
2009/08/15,Sat,,,,
2009/08/14,Fri,15.040,14.722,15.185,14.585
2009/08/13,Thu,14.550,14.987,15.145,14.505
2009/08/12,Wed,14.315,14.585,14.605,14.125
2009/08/11,Tue,14.350,14.345,14.480,14.235
2009/08/10,Mon,14.560,14.355,14.695,14.275
2009/08/09,Sun,,,,
2009/08/08,Sat,,,,
2009/08/07,Fri,14.560,14.668,14.890,14.490
2009/08/06,Thu,14.680,14.645,15.035,14.410
2009/08/05,Wed,14.645,14.760,14.850,14.545
2009/08/04,Tue,14.252,14.695,14.765,14.025
2009/08/03,Mon,13.900,14.252,14.465,13.885
2009/08/02,Sun,,,,
2009/08/01,Sat,,,,
2009/07/31,Fri,13.475,13.940,13.970,13.370
2009/07/30,Thu,13.285,13.485,13.580,13.260
2009/07/29,Wed,13.695,13.258,13.740,13.165
2009/07/28,Tue,14.020,13.740,14.095,13.580
2009/07/27,Mon,13.890,13.990,14.090,13.745
2009/07/26,Sun,,,,
2009/07/25,Sat,,,,
2009/07/24,Fri,13.710,13.875,13.900,13.655
2009/07/23,Thu,13.735,13.770,13.860,13.610
2009/07/22,Wed,13.650,13.700,13.745,13.340
2009/07/21,Tue,13.635,13.478,13.695,13.450
2009/07/20,Mon,13.405,13.625,13.750,13.370
2009/07/19,Sun,,,,
2009/07/18,Sat,,,,
2009/07/17,Fri,13.300,13.403,13.470,13.070
2009/07/16,Thu,13.290,13.235,13.325,13.135
2009/07/15,Wed,12.905,13.208,13.380,12.880
2009/07/14,Tue,12.830,12.855,12.995,12.785
2009/07/13,Mon,12.660,12.785,12.845,12.435
2009/07/12,Sun,,,,
2009/07/11,Sat,,,,
2009/07/10,Fri,12.830,12.645,12.900,12.510
2009/07/09,Thu,12.855,12.935,12.975,12.760
2009/07/08,Wed,13.100,12.852,13.150,12.740
2009/07/07,Tue,13.250,13.220,13.370,13.075
2009/07/06,Mon,13.380,13.238,13.480,12.995
2009/07/05,Sun,,,,
2009/07/04,Sat,,,,
2009/07/03,Fri,13.425,13.238,13.450,12.995
2009/07/02,Thu,13.765,13.408,13.800,13.290
2009/07/01,Wed,13.610,13.760,13.870,13.590
2009/06/30,Tue,13.600,13.600,14.150,13.455
2009/06/29,Mon,14.100,13.975,14.130,13.840
2009/06/28,Sun,,,,
2009/06/27,Sat,,,,
2009/06/26,Fri,14.045,14.156,14.335,14.045
2009/06/25,Thu,13.830,14.005,14.050,13.795
2009/06/24,Wed,13.830,13.910,14.105,13.775
2009/06/23,Tue,13.720,13.845,13.880,13.595
2009/06/22,Mon,13.800,13.705,14.190,13.680
2009/06/21,Sun,,,,
2009/06/20,Sat,,,,
2009/06/19,Fri,14.205,14.200,14.370,14.120
2009/06/18,Thu,14.340,14.240,14.400,14.130
2009/06/17,Wed,14.180,14.280,14.355,13.930
2009/06/16,Tue,14.050,14.130,14.405,14.050
2009/06/15,Mon,14.850,14.030,14.875,14.030
2009/06/14,Sun,,,,
2009/06/13,Sat,,,,
2009/06/12,Fri,15.405,14.875,15.435,14.780
2009/06/11,Thu,15.170,15.493,15.540,14.925
2009/06/10,Wed,15.235,15.225,15.500,15.025
2009/06/09,Tue,14.915,15.140,15.345,14.750
2009/06/08,Mon,15.250,14.955,15.460,14.735
2009/06/07,Sun,,,,
2009/06/06,Sat,,,,
2009/06/05,Fri,15.925,15.388,15.980,15.160
2009/06/04,Thu,15.345,15.895,15.945,15.065
2009/06/03,Wed,15.960,15.310,16.250,15.255
2009/06/02,Tue,15.625,15.955,16.020,15.450
2009/06/01,Mon,15.765,15.735,15.970,15.540
2009/05/31,Sun,,,,
2009/05/30,Sat,,,,
2009/05/29,Fri,15.180,15.610,15.795,15.145
2009/05/28,Thu,15.040,15.160,15.275,14.650
2009/05/27,Wed,14.625,14.865,15.020,14.390
2009/05/26,Tue,14.720,14.600,14.780,14.310
2009/05/25,Mon,14.720,14.600,14.780,14.310
2009/05/24,Sun,,,,
2009/05/23,Sat,,,,
2009/05/22,Fri,14.550,14.695,14.860,14.430
2009/05/21,Thu,14.260,14.445,14.570,14.090
2009/05/20,Wed,14.200,14.280,14.390,14.100
2009/05/19,Tue,13.740,14.125,14.295,13.730
2009/05/18,Mon,13.980,13.830,14.080,13.630
2009/05/17,Sun,,,,
2009/05/16,Sat,,,,
2009/05/15,Fri,14.045,14.010,14.190,13.860
2009/05/14,Thu,13.990,14.040,14.090,13.710
2009/05/13,Wed,14.215,14.020,14.370,13.880
2009/05/12,Tue,13.935,14.215,14.340,13.840
2009/05/11,Mon,14.010,13.910,14.035,13.680
2009/05/10,Sun,,,,
2009/05/09,Sat,,,,
2009/05/08,Fri,13.840,13.955,14.065,13.780
2009/05/07,Thu,13.740,14.030,14.150,13.670
2009/05/06,Wed,13.305,13.710,13.835,13.270
2009/05/05,Tue,13.050,13.420,13.615,12.995
2009/05/04,Mon,12.500,13.113,13.155,12.440
2009/05/03,Sun,,,,
2009/05/02,Sat,,,,
2009/05/01,Fri,12.370,12.500,12.620,12.025
2009/04/30,Thu,12.800,12.325,12.820,12.185
2009/04/29,Wed,12.470,12.775,12.830,12.405
2009/04/28,Tue,12.870,12.400,12.950,12.330
2009/04/27,Mon,12.895,12.955,13.240,12.775
2009/04/26,Sun,,,,
2009/04/25,Sat,,,,
2009/04/24,Fri,12.755,12.920,12.940,12.650
2009/04/23,Thu,12.280,12.755,12.860,12.280
2009/04/22,Wed,12.165,12.305,12.330,11.990
2009/04/21,Tue,12.055,12.060,12.235,11.865
2009/04/20,Mon,11.855,12.105,12.165,11.725
2009/04/19,Sun,,,,
2009/04/18,Sat,,,,
2009/04/17,Fri,12.235,11.790,12.250,11.775
2009/04/16,Thu,12.750,12.255,12.800,12.125
2009/04/15,Wed,12.730,12.800,12.920,12.645
2009/04/14,Tue,12.715,12.765,12.795,12.550
2009/04/13,Mon,12.365,12.768,12.870,12.350
2009/04/12,Sun,,,,
2009/04/11,Sat,,,,
2009/04/10,Fri,,,,
2009/04/09,Thu,12.250,12.330,12.395,12.110
2009/04/08,Wed,12.255,12.340,12.470,12.150
2009/04/07,Tue,12.100,12.210,12.335,12.020
2009/04/06,Mon,12.800,12.110,12.800,12.075
2009/04/05,Sun,,,,
2009/04/04,Sat,,,,
2009/04/03,Fri,12.940,12.735,12.995,12.650
2009/04/02,Thu,13.020,13.025,13.155,12.560
2009/04/01,Wed,12.960,12.975,13.170,12.825
2009/03/31,Tue,13.030,12.985,13.260,12.570
2009/03/30,Mon,13.270,13.033,13.350,12.915
2009/03/29,Sun,,,,
2009/03/28,Sat,,,,
2009/03/27,Fri,13.480,13.263,13.575,13.075
2009/03/26,Thu,13.475,13.620,13.745,13.400
2009/03/25,Wed,13.440,13.437,13.615,12.955
2009/03/24,Tue,13.655,13.357,13.740,13.260
2009/03/23,Mon,13.740,13.875,13.885,13.615
2009/03/22,Sun,,,,
2009/03/21,Sat,,,,
2009/03/20,Fri,13.575,13.840,13.860,13.410
2009/03/19,Thu,12.870,13.520,13.685,12.640
2009/03/18,Wed,12.705,11.935,13.000,11.890
2009/03/17,Tue,12.925,12.670,12.990,12.630
2009/03/16,Mon,13.200,12.890,13.200,12.770
2009/03/15,Sun,,,,
2009/03/14,Sat,,,,
2009/03/13,Fri,12.960,13.215,13.285,12.885
2009/03/12,Thu,12.785,12.943,13.080,12.640
2009/03/11,Wed,12.580,12.800,12.875,12.510
2009/03/10,Tue,12.950,12.540,12.990,12.465
2009/03/09,Mon,13.335,12.940,13.385,12.760
2009/03/08,Sun,,,,
2009/03/07,Sat,,,,
2009/03/06,Fri,13.260,13.333,13.520,13.215
2009/03/05,Thu,12.945,13.120,13.310,12.890
2009/03/04,Wed,12.800,12.915,13.150,12.680
2009/03/03,Tue,12.910,12.715,12.950,12.430
2009/03/02,Mon,13.100,13.070,13.375,12.700
2009/03/01,Sun,,,,
2009/02/28,Sat,,,,
2009/02/27,Fri,13.125,13.110,13.370,12.825
2009/02/26,Thu,13.725,12.975,13.745,12.935
2009/02/25,Wed,13.735,13.875,14.120,13.540
2009/02/24,Tue,14.385,13.995,14.575,13.680
2009/02/23,Mon,14.380,14.450,14.600,14.060
2009/02/22,Sun,,,,
2009/02/21,Sat,,,,
2009/02/20,Fri,13.980,14.490,14.580,13.965
2009/02/19,Thu,14.315,13.935,14.370,13.850
2009/02/18,Wed,14.080,14.290,14.370,13.980
2009/02/17,Tue,13.585,14.030,14.205,13.585
2009/02/16,Mon,13.550,14.010,14.200,13.480
2009/02/15,Sun,,,,
2009/02/14,Sat,,,,
2009/02/13,Fri,13.450,13.625,13.685,13.220
2009/02/12,Thu,13.500,13.510,13.720,13.290
2009/02/11,Wed,13.120,13.520,13.670,13.070
2009/02/10,Tue,12.805,13.130,13.215,12.725
2009/02/09,Mon,13.115,12.830,13.115,12.785
2009/02/08,Sun,,,,
2009/02/07,Sat,,,,
2009/02/06,Fri,12.865,13.160,13.180,12.740
2009/02/05,Thu,12.495,12.750,12.920,12.270
2009/02/04,Wed,12.425,12.470,12.590,12.305
2009/02/03,Tue,12.400,12.300,12.470,12.135
2009/02/02,Mon,12.610,12.415,12.655,12.175
2009/02/01,Sun,,,,
2009/01/31,Sat,,,,
2009/01/30,Fri,12.340,12.565,12.660,12.215
2009/01/29,Thu,11.955,12.145,12.450,11.635
2009/01/28,Wed,12.060,11.963,12.165,11.815
2009/01/27,Tue,12.025,12.175,12.220,11.855
2009/01/26,Mon,11.945,12.110,12.285,11.825
2009/01/25,Sun,,,,
2009/01/24,Sat,,,,
2009/01/23,Fri,11.390,11.940,12.075,11.260
2009/01/22,Thu,11.310,11.365,11.485,11.205
2009/01/21,Wed,11.185,11.325,11.505,11.040
2009/01/20,Tue,11.300,11.175,11.405,10.920
2009/01/19,Mon,11.300,11.175,11.405,10.920
2009/01/18,Sun,,,,
2009/01/17,Sat,,,,
2009/01/16,Fri,10.575,11.215,11.305,10.575
2009/01/15,Thu,10.530,10.440,10.675,10.320
2009/01/14,Wed,10.735,10.475,10.890,10.335
2009/01/13,Tue,10.660,10.680,10.845,10.415
2009/01/12,Mon,11.270,10.750,11.300,10.540
2009/01/11,Sun,,,,
2009/01/10,Sat,,,,
2009/01/09,Fri,11.145,11.320,11.630,10.965
2009/01/08,Thu,11.060,11.097,11.350,10.795
2009/01/07,Wed,11.480,11.105,11.605,10.880
2009/01/06,Tue,11.240,11.445,11.550,10.790
2009/01/05,Mon,11.585,11.270,11.770,10.570
2009/01/04,Sun,,,,
2009/01/03,Sat,,,,
2009/01/02,Fri,11.405,11.490,11.600,11.015
2009/01/01,Thu,,,,
2008/12/31,Wed,10.995,11.295,11.425,10.765
2008/12/30,Tue,10.870,10.980,11.145,10.650
2008/12/29,Mon,10.730,10.810,11.275,10.710
2008/12/28,Sun,,,,
2008/12/27,Sat,,,,
2008/12/26,Fri,10.300,10.530,10.745,10.300
2008/12/25,Thu,,,,
2008/12/24,Wed,10.270,10.350,10.450,10.225
2008/12/23,Tue,10.870,10.260,10.870,10.105
2008/12/22,Mon,10.885,10.860,11.090,10.750
2008/12/21,Sun,,,,
2008/12/20,Sat,,,,
2008/12/19,Fri,10.975,10.850,11.025,10.545
2008/12/18,Thu,11.350,11.120,11.480,10.930
2008/12/17,Wed,11.260,11.420,11.615,10.835
2008/12/16,Tue,10.670,10.705,11.340,10.460
2008/12/15,Mon,10.295,10.620,10.730,10.255
2008/12/14,Sun,,,,
2008/12/13,Sat,,,,
2008/12/12,Fri,10.330,10.230,10.410,10.000
2008/12/11,Thu,10.220,10.425,10.540,10.130
2008/12/10,Wed,9.845,10.200,10.280,9.815
2008/12/09,Tue,10.000,9.850,10.090,9.665
2008/12/08,Mon,9.500,9.975,10.400,9.480
2008/12/07,Sun,,,,
2008/12/06,Sat,,,,
2008/12/05,Fri,9.500,9.430,9.560,9.125
2008/12/04,Thu,9.655,9.520,9.720,9.340
2008/12/03,Wed,9.650,9.590,9.750,9.295
2008/12/02,Tue,9.220,9.615,9.750,9.130
2008/12/01,Mon,10.315,9.380,10.320,9.175
2008/11/30,Sun,,,,
2008/11/29,Sat,,,,
2008/11/28,Fri,10.370,10.230,10.390,10.120
2008/11/27,Thu,,,,
2008/11/26,Wed,10.260,10.220,10.455,10.150
2008/11/25,Tue,10.575,10.270,10.575,10.030
2008/11/24,Mon,9.635,10.355,10.680,9.460
2008/11/23,Sun,,,,
2008/11/22,Sat,,,,
2008/11/21,Fri,8.960,9.480,9.660,8.900
2008/11/20,Thu,9.260,9.025,9.455,8.805
2008/11/19,Wed,9.620,9.310,9.850,9.205
2008/11/18,Tue,9.620,9.550,9.740,9.115
2008/11/17,Mon,9.420,9.330,9.665,9.210
2008/11/16,Sun,,,,
2008/11/15,Sat,,,,
2008/11/14,Fri,9.420,9.490,9.700,9.185
2008/11/13,Thu,9.295,8.800,9.510,8.770
2008/11/12,Wed,9.755,9.480,9.870,9.250
2008/11/11,Tue,10.185,9.805,10.225,9.530
2008/11/10,Mon,10.065,10.220,10.535,10.055
2008/11/09,Sun,,,,
2008/11/08,Sat,,,,
2008/11/07,Fri,9.995,9.963,10.295,9.905
2008/11/06,Thu,10.270,10.055,10.800,9.850
2008/11/05,Wed,10.260,10.455,10.600,10.035
2008/11/04,Tue,9.770,10.130,10.540,9.700
2008/11/03,Mon,9.840,9.750,10.260,9.600
2008/11/02,Sun,,,,
2008/11/01,Sat,,,,
2008/10/31,Fri,9.710,9.730,9.965,9.200
2008/10/30,Thu,9.910,9.785,10.645,9.565
2008/10/29,Wed,9.190,9.805,10.175,9.010
2008/10/28,Tue,9.025,8.790,9.295,8.400
2008/10/27,Mon,9.355,9.195,9.545,8.720
2008/10/26,Sun,,,,
2008/10/25,Sat,,,,
2008/10/24,Fri,9.690,9.295,9.800,8.650
2008/10/23,Thu,9.540,9.500,9.890,9.165
2008/10/22,Wed,10.080,9.460,10.170,9.355
2008/10/21,Tue,9.775,10.075,10.180,9.525
2008/10/20,Mon,9.350,9.690,9.915,9.350
2008/10/19,Sun,,,,
2008/10/18,Sat,,,,
2008/10/17,Fri,9.720,9.335,9.930,9.090
2008/10/16,Thu,10.330,9.635,10.365,9.250
2008/10/15,Wed,11.045,10.180,11.130,10.035
2008/10/14,Tue,10.765,11.060,11.195,10.710
2008/10/13,Mon,10.270,10.790,10.910,10.070
2008/10/12,Sun,,,,
2008/10/11,Sat,,,,
2008/10/10,Fri,12.135,10.600,12.355,9.400
2008/10/09,Thu,11.800,11.875,12.195,11.520
2008/10/08,Wed,11.585,11.772,12.130,11.445
2008/10/07,Tue,11.110,11.380,11.900,11.005
2008/10/06,Mon,11.155,11.285,11.555,10.925
2008/10/05,Sun,,,,
2008/10/04,Sat,,,,
2008/10/03,Fri,10.910,11.325,11.790,10.840
2008/10/02,Thu,12.660,11.120,12.660,10.855
2008/10/01,Wed,12.135,12.770,13.080,12.045
2008/09/30,Tue,13.215,12.275,13.285,11.800
2008/09/29,Mon,13.300,13.025,13.460,12.720
2008/09/28,Sun,,,,
2008/09/27,Sat,,,,
2008/09/26,Fri,13.310,13.503,13.740,13.115
2008/09/25,Thu,13.315,13.275,13.880,13.100
2008/09/24,Wed,13.350,13.440,13.730,13.135
2008/09/23,Tue,13.540,13.170,13.750,13.050
2008/09/22,Mon,12.645,13.450,13.675,12.540
2008/09/21,Sun,,,,
2008/09/20,Sat,,,,
2008/09/19,Fri,12.025,12.475,12.735,11.810
2008/09/18,Thu,12.130,12.700,13.065,11.725
2008/09/17,Wed,10.520,11.675,12.170,10.435
2008/09/16,Tue,11.190,10.517,11.235,10.440
2008/09/15,Mon,11.030,11.135,11.250,10.420
2008/09/14,Sun,,,,
2008/09/13,Sat,,,,
2008/09/12,Fri,10.660,10.795,10.990,10.585
2008/09/11,Thu,10.735,10.555,11.035,10.310
2008/09/10,Wed,11.370,10.890,11.670,10.700
2008/09/09,Tue,12.175,11.715,12.255,11.310
2008/09/08,Mon,12.525,12.065,12.795,11.940
2008/09/07,Sun,,,,
2008/09/06,Sat,,,,
2008/09/05,Fri,12.900,12.325,13.190,12.120
2008/09/04,Thu,12.970,12.940,13.265,12.700
2008/09/03,Wed,13.140,12.947,13.225,12.630
2008/09/02,Tue,13.875,13.145,13.900,12.550
2008/09/01,Mon,,,,
2008/08/31,Sun,,,,
2008/08/30,Sat,,,,
2008/08/29,Fri,13.775,13.707,13.990,13.630
2008/08/28,Thu,13.600,13.705,14.130,13.560
2008/08/27,Wed,13.570,13.470,13.850,13.400
2008/08/26,Tue,13.470,13.575,13.725,12.960
2008/08/25,Mon,13.360,13.370,13.560,13.100
2008/08/24,Sun,,,,
2008/08/23,Sat,,,,
2008/08/22,Fri,13.860,13.477,13.935,13.290
2008/08/21,Thu,13.260,13.727,13.875,13.185
2008/08/20,Wed,13.245,13.040,13.400,12.790
2008/08/19,Tue,13.050,13.105,13.335,12.400
2008/08/18,Mon,12.915,13.100,13.335,12.880
2008/08/17,Sun,,,,
2008/08/16,Sat,,,,
2008/08/15,Fri,14.170,12.815,14.190,12.200
2008/08/14,Thu,14.890,14.230,15.100,14.100
2008/08/13,Wed,14.510,14.845,14.930,14.350
2008/08/12,Tue,14.635,14.485,14.825,14.010
2008/08/11,Mon,15.315,14.620,15.435,14.535
2008/08/10,Sun,,,,
2008/08/09,Sat,,,,
2008/08/08,Fri,16.205,15.330,16.240,15.240
2008/08/07,Thu,16.555,16.257,16.695,16.020
2008/08/06,Wed,16.450,16.505,16.770,16.425
2008/08/05,Tue,16.955,16.572,17.030,16.425
2008/08/04,Mon,17.540,17.140,17.650,16.905
2008/08/03,Sun,,,,
2008/08/02,Sat,,,,
2008/08/01,Fri,17.770,17.520,17.805,17.280
2008/07/31,Thu,17.555,17.790,17.950,17.425
2008/07/30,Wed,17.405,17.465,17.635,16.845
2008/07/29,Tue,17.575,17.375,17.660,17.080
2008/07/28,Mon,17.445,17.465,17.580,17.270
2008/07/27,Sun,,,,
2008/07/26,Sat,,,,
2008/07/25,Fri,17.470,17.375,17.680,17.045
2008/07/24,Thu,17.425,17.298,17.670,17.130
2008/07/23,Wed,17.985,17.458,18.055,17.320
2008/07/22,Tue,18.500,18.005,18.760,17.895
2008/07/21,Mon,18.215,18.425,18.535,18.200
2008/07/20,Sun,,,,
2008/07/19,Sat,,,,
2008/07/18,Fri,18.575,18.200,18.690,18.105
2008/07/17,Thu,18.815,18.735,19.215,18.390
2008/07/16,Wed,18.995,18.805,19.000,18.675
2008/07/15,Tue,19.170,19.013,19.550,18.610
2008/07/14,Mon,18.945,19.250,19.310,18.585
2008/07/13,Sun,,,,
2008/07/12,Sat,,,,
2008/07/11,Fri,18.370,18.820,18.980,18.325
2008/07/10,Thu,18.200,18.320,18.425,18.130
2008/07/09,Wed,17.890,18.175,18.235,17.815
2008/07/08,Tue,17.860,17.955,18.045,17.550
2008/07/07,Mon,18.220,17.920,18.230,17.625
2008/07/06,Sun,,,,
2008/07/05,Sat,,,,
2008/07/04,Fri,18.360,18.200,18.360,18.070
2008/07/03,Thu,18.445,18.370,18.585,18.070
2008/07/02,Wed,18.185,18.425,18.490,17.980
2008/07/01,Tue,17.505,18.290,18.310,17.460
2008/06/30,Mon,17.670,17.510,17.980,17.290
2008/06/29,Sun,,,,
2008/06/28,Sat,,,,
2008/06/27,Fri,17.270,17.710,17.760,17.215
2008/06/26,Thu,16.750,17.125,17.440,16.690
2008/06/25,Wed,16.685,16.503,16.820,16.460
2008/06/24,Tue,16.775,16.633,16.950,16.600
2008/06/23,Mon,17.390,16.790,17.520,16.525
2008/06/22,Sun,,,,
2008/06/21,Sat,,,,
2008/06/20,Fri,17.370,17.397,17.645,17.305
2008/06/19,Thu,17.365,17.470,17.750,17.145
2008/06/18,Wed,17.060,17.340,17.490,16.985
2008/06/17,Tue,17.165,17.075,17.410,16.850
2008/06/16,Mon,16.575,17.232,17.470,16.400
2008/06/15,Sun,,,,
2008/06/14,Sat,,,,
2008/06/13,Fri,16.485,16.560,16.620,16.270
2008/06/12,Thu,16.900,16.485,16.925,16.250
2008/06/11,Wed,16.645,16.855,16.940,16.540
2008/06/10,Tue,17.160,16.635,17.210,16.510
2008/06/09,Mon,17.570,17.210,17.670,17.105
2008/06/08,Sun,,,,
2008/06/07,Sat,,,,
2008/06/06,Fri,17.200,17.430,17.585,17.120
2008/06/05,Thu,16.845,17.170,17.225,16.505
2008/06/04,Wed,16.835,16.940,16.950,16.610
2008/06/03,Tue,16.850,16.835,16.960,16.465
2008/06/02,Mon,16.880,16.910,17.045,16.610
2008/06/01,Sun,,,,
2008/05/31,Sat,,,,
2008/05/30,Fri,16.645,16.865,16.960,16.450
2008/05/29,Thu,17.485,16.515,17.600,16.510
2008/05/28,Wed,17.500,17.415,17.680,17.065
2008/05/27,Tue,18.275,17.465,18.375,17.430
2008/05/26,Mon,18.275,18.365,18.370,18.185
2008/05/25,Sun,,,,
2008/05/24,Sat,,,,
2008/05/23,Fri,18.000,18.290,18.340,17.885
2008/05/22,Thu,18.090,18.025,18.240,17.775
2008/05/21,Wed,17.745,18.050,18.160,17.610
2008/05/20,Tue,17.000,17.725,17.755,16.960
2008/05/19,Mon,17.070,17.028,17.295,16.870
2008/05/18,Sun,,,,
2008/05/17,Sat,,,,
2008/05/16,Fri,16.770,16.960,17.110,16.755
2008/05/15,Thu,16.600,16.685,17.040,16.555
2008/05/14,Wed,16.750,16.613,16.950,16.550
2008/05/13,Tue,17.215,16.828,17.325,16.570
2008/05/12,Mon,16.900,17.225,17.370,16.715
2008/05/11,Sun,,,,
2008/05/10,Sat,,,,
2008/05/09,Fri,16.945,16.910,17.135,16.530
2008/05/08,Thu,16.710,16.870,17.020,16.510
2008/05/07,Wed,16.920,16.695,16.980,16.530
2008/05/06,Tue,16.810,16.860,17.070,16.710
2008/05/05,Mon,16.470,16.830,16.890,16.465
2008/05/04,Sun,,,,
2008/05/03,Sat,,,,
2008/05/02,Fri,16.260,16.465,16.585,16.125
2008/05/01,Thu,16.920,16.205,17.120,16.055
2008/04/30,Wed,16.625,16.593,16.960,16.455
2008/04/29,Tue,17.140,16.640,17.140,16.530
2008/04/28,Mon,16.845,17.013,17.130,16.770
2008/04/27,Sun,,,,
2008/04/26,Sat,,,,
2008/04/25,Fri,16.735,16.850,16.900,16.390
2008/04/24,Thu,17.115,16.660,17.220,16.630
2008/04/23,Wed,17.635,17.165,17.850,16.970
2008/04/22,Tue,17.450,17.710,17.955,17.285
2008/04/21,Mon,17.895,17.360,17.975,17.265
2008/04/20,Sun,,,,
2008/04/19,Sat,,,,
2008/04/18,Fri,18.260,17.820,18.480,17.375
2008/04/17,Thu,18.355,18.305,18.770,18.170
2008/04/16,Wed,17.880,18.325,18.550,17.745
2008/04/15,Tue,17.775,17.850,18.070,17.650
2008/04/14,Mon,17.700,17.790,17.910,17.260
2008/04/13,Sun,,,,
2008/04/12,Sat,,,,
2008/04/11,Fri,17.980,17.690,18.165,17.470
2008/04/10,Thu,18.235,18.043,18.440,17.815
2008/04/09,Wed,17.710,18.200,18.425,17.400
2008/04/08,Tue,18.075,17.708,18.240,17.440
2008/04/07,Mon,17.785,18.120,18.285,17.730
2008/04/06,Sun,,,,
2008/04/05,Sat,,,,
2008/04/04,Fri,17.405,17.755,17.870,17.265
2008/04/03,Thu,17.360,17.480,17.595,16.950
2008/04/02,Wed,16.925,17.180,17.525,16.715
2008/04/01,Tue,17.260,16.890,17.420,16.330
2008/03/31,Mon,17.910,17.310,18.220,17.060
2008/03/30,Sun,,,,
2008/03/29,Sat,,,,
2008/03/28,Fri,18.470,17.940,18.590,17.670
2008/03/27,Thu,18.480,18.550,18.685,17.975
2008/03/26,Wed,17.995,18.383,18.495,17.690
2008/03/25,Tue,17.080,17.800,18.020,16.975
2008/03/24,Mon,17.000,17.110,17.275,16.815
2008/03/23,Sun,,,,
2008/03/22,Sat,,,,
2008/03/21,Fri,,,,
2008/03/20,Thu,18.405,16.850,18.430,16.725
2008/03/19,Wed,19.755,18.445,20.170,18.220
2008/03/18,Tue,20.250,19.960,20.510,19.550
2008/03/17,Mon,20.780,20.300,21.440,19.800
2008/03/16,Sun,,,,
2008/03/15,Sat,,,,
2008/03/14,Fri,20.655,20.655,20.975,20.320
2008/03/13,Thu,20.225,20.420,20.980,20.180
2008/03/12,Wed,19.740,19.995,20.280,19.450
2008/03/11,Tue,19.770,19.763,20.405,19.400
2008/03/10,Mon,20.260,19.785,20.495,19.280
2008/03/09,Sun,,,,
2008/03/08,Sat,,,,
2008/03/07,Fri,20.280,20.250,20.835,19.915
2008/03/06,Thu,20.930,20.225,21.325,19.905
2008/03/05,Wed,19.910,20.785,20.970,19.480
2008/03/04,Tue,20.435,19.840,20.680,19.635
2008/03/03,Mon,19.920,20.180,20.740,19.860
2008/03/02,Sun,,,,
2008/03/01,Sat,,,,
2008/02/29,Fri,19.855,19.915,20.055,19.455
2008/02/28,Thu,19.390,19.710,19.965,19.165
2008/02/27,Wed,18.795,19.210,19.490,18.790
2008/02/26,Tue,18.110,18.720,18.865,17.930
2008/02/25,Mon,18.055,18.085,18.185,17.880
2008/02/24,Sun,,,,
2008/02/23,Sat,,,,
2008/02/22,Fri,17.880,18.035,18.195,17.740
2008/02/21,Thu,17.830,17.950,18.075,17.785
2008/02/20,Wed,17.565,17.760,17.870,17.205
2008/02/19,Tue,17.095,17.508,17.600,16.965
2008/02/18,Mon,,,,
2008/02/17,Sun,,,,
2008/02/16,Sat,,,,
2008/02/15,Fri,17.245,17.118,17.520,16.975
2008/02/14,Thu,17.310,17.255,17.520,17.150
2008/02/13,Wed,17.190,17.353,17.420,16.950
2008/02/12,Tue,17.500,17.250,17.650,17.160
2008/02/11,Mon,17.230,17.470,17.595,17.135
2008/02/10,Sun,,,,
2008/02/09,Sat,,,,
2008/02/08,Fri,16.840,17.110,17.260,16.785
2008/02/07,Thu,16.530,16.775,16.900,16.500
2008/02/06,Wed,16.380,16.550,16.695,16.230
2008/02/05,Tue,16.730,16.345,16.785,16.300
2008/02/04,Mon,16.870,16.780,16.975,16.445
2008/02/03,Sun,,,,
2008/02/02,Sat,,,,
2008/02/01,Fri,16.945,16.870,17.345,16.765
2008/01/31,Thu,16.860,16.995,17.090,16.735
2008/01/30,Wed,16.760,16.760,16.960,16.645
2008/01/29,Tue,16.765,16.800,16.905,16.570
2008/01/28,Mon,16.530,16.750,16.805,16.415
2008/01/27,Sun,,,,
2008/01/26,Sat,,,,
2008/01/25,Fri,16.490,16.490,16.680,16.360
2008/01/24,Thu,16.120,16.333,16.525,16.005
2008/01/23,Wed,16.135,15.970,16.250,15.765
2008/01/22,Tue,16.220,16.105,16.295,15.255
2008/01/21,Mon,,,,
2008/01/20,Sun,,,,
2008/01/19,Sat,,,,
2008/01/18,Fri,15.920,16.215,16.420,15.715
2008/01/17,Thu,15.870,16.010,16.175,15.820
2008/01/16,Wed,15.985,15.895,16.250,15.770
2008/01/15,Tue,16.440,16.300,16.640,15.945
2008/01/14,Mon,16.385,16.425,16.715,16.250
2008/01/13,Sun,,,,
2008/01/12,Sat,,,,
2008/01/11,Fri,16.270,16.370,16.415,16.050
2008/01/10,Thu,15.780,16.275,16.355,15.415
2008/01/09,Wed,15.795,15.840,16.270,15.645
2008/01/08,Tue,15.270,15.815,15.850,15.255
2008/01/07,Mon,15.400,15.290,15.480,15.200
2008/01/06,Sun,,,,
2008/01/05,Sat,,,,
2008/01/04,Fri,15.455,15.462,15.570,15.240
2008/01/03,Thu,15.350,15.500,15.535,15.165
2008/01/02,Wed,14.910,15.290,15.415,14.910
2008/01/01,Tue,,,,
2007/12/31,Mon,14.895,14.920,15.080,14.810
2007/12/30,Sun,,,,
2007/12/29,Sat,,,,
2007/12/28,Fri,14.820,14.895,14.990,14.730
2007/12/27,Thu,14.800,14.818,14.905,14.645
2007/12/26,Wed,14.700,14.835,14.900,14.560
2007/12/25,Tue,,,,
2007/12/24,Mon,14.510,14.660,14.720,14.455
2007/12/23,Sun,,,,
2007/12/22,Sat,,,,
2007/12/21,Fri,14.370,14.488,14.580,14.320
2007/12/20,Thu,14.270,14.340,14.450,14.080
2007/12/19,Wed,14.175,14.222,14.290,14.090
2007/12/18,Tue,13.985,14.165,14.280,13.930
2007/12/17,Mon,13.975,13.980,14.120,13.740
2007/12/16,Sun,,,,
2007/12/15,Sat,,,,
2007/12/14,Fri,14.235,13.983,14.350,13.870
2007/12/13,Thu,14.750,14.237,14.850,14.100
2007/12/12,Wed,14.655,14.825,14.970,14.610
2007/12/11,Tue,14.760,14.865,14.975,14.580
2007/12/10,Mon,14.545,14.850,14.900,14.500
2007/12/09,Sun,,,,
2007/12/08,Sat,,,,
2007/12/07,Fri,14.650,14.505,14.705,14.395
2007/12/06,Thu,14.435,14.625,14.720,14.125
2007/12/05,Wed,14.510,14.460,14.580,14.280
2007/12/04,Tue,14.315,14.465,14.570,14.185
2007/12/03,Mon,14.155,14.210,14.395,13.960
2007/12/02,Sun,,,,
2007/12/01,Sat,,,,
2007/11/30,Fri,14.360,14.165,14.455,13.965
2007/11/29,Thu,14.605,14.445,14.705,14.320
2007/11/28,Wed,14.450,14.335,14.540,14.120
2007/11/27,Tue,14.715,14.485,14.800,14.300
2007/11/26,Mon,14.795,14.830,15.020,14.585
2007/11/25,Sun,,,,
2007/11/24,Sat,,,,
2007/11/23,Fri,14.540,14.735,14.905,14.395
2007/11/22,Thu,14.445,14.530,14.580,14.395
2007/11/21,Wed,14.740,14.420,14.825,14.325
2007/11/20,Tue,14.240,14.500,14.835,14.105
2007/11/19,Mon,14.520,14.160,14.670,14.100
2007/11/18,Sun,,,,
2007/11/17,Sat,,,,
2007/11/16,Fri,14.430,14.510,14.745,14.365
2007/11/15,Thu,15.035,14.482,15.155,14.340
2007/11/14,Wed,14.620,15.065,15.155,14.615
2007/11/13,Tue,14.465,14.610,14.940,14.400
2007/11/12,Mon,15.470,14.762,15.500,14.310
2007/11/11,Sun,,,,
2007/11/10,Sat,,,,
2007/11/09,Fri,15.170,15.545,15.695,15.070
2007/11/08,Thu,15.320,15.515,15.865,14.860
2007/11/07,Wed,15.645,15.325,16.275,15.250
2007/11/06,Tue,14.780,15.380,15.660,14.695
2007/11/05,Mon,14.705,14.785,14.880,14.460
2007/11/04,Sun,,,,
2007/11/03,Sat,,,,
2007/11/02,Fri,14.135,14.599,14.735,14.130
2007/11/01,Thu,14.550,14.325,14.605,13.980
2007/10/31,Wed,14.220,14.438,14.615,14.180
2007/10/30,Tue,14.570,14.328,14.645,14.195
2007/10/29,Mon,14.480,14.430,14.590,14.290
2007/10/28,Sun,,,,
2007/10/27,Sat,,,,
2007/10/26,Fri,13.955,14.280,14.320,13.950
2007/10/25,Thu,13.645,13.905,14.095,13.615
2007/10/24,Wed,13.660,13.590,13.685,13.450
2007/10/23,Tue,13.505,13.650,13.720,13.505
2007/10/22,Mon,13.640,13.555,13.670,13.325
2007/10/21,Sun,,,,
2007/10/20,Sat,,,,
2007/10/19,Fri,13.885,13.635,13.995,13.365
2007/10/18,Thu,13.735,13.803,13.900,13.695
2007/10/17,Wed,13.695,13.750,13.915,13.610
2007/10/16,Tue,13.880,13.658,14.090,13.600
2007/10/15,Mon,13.915,13.855,14.120,13.830
2007/10/14,Sun,,,,
2007/10/13,Sat,,,,
2007/10/12,Fri,13.865,13.903,13.995,13.795
2007/10/11,Thu,13.675,13.985,14.030,13.650
2007/10/10,Wed,13.610,13.668,13.790,13.585
2007/10/09,Tue,13.345,13.583,13.685,13.250
2007/10/08,Mon,13.520,13.360,13.545,13.325
2007/10/07,Sun,,,,
2007/10/06,Sat,,,,
2007/10/05,Fri,13.490,13.490,13.630,13.310
2007/10/04,Thu,13.430,13.500,13.530,13.150
2007/10/03,Wed,13.455,13.470,13.595,13.350
2007/10/02,Tue,13.850,13.450,13.860,13.180
2007/10/01,Mon,13.935,13.855,13.990,13.760
2007/09/30,Sun,,,,
2007/09/29,Sat,,,,
2007/09/28,Fri,13.670,13.920,14.000,13.625
2007/09/27,Thu,13.520,13.645,13.730,13.480
2007/09/26,Wed,13.610,13.545,13.745,13.465
2007/09/25,Tue,13.590,13.620,13.640,13.325
2007/09/24,Mon,13.650,13.640,13.870,13.535
2007/09/23,Sun,,,,
2007/09/22,Sat,,,,
2007/09/21,Fri,13.500,13.620,13.800,13.435
2007/09/20,Thu,13.085,13.470,13.640,13.035
2007/09/19,Wed,13.120,13.105,13.240,13.030
2007/09/18,Tue,12.945,12.925,13.230,12.825
2007/09/17,Mon,12.680,12.900,12.980,12.675
2007/09/16,Sun,,,,
2007/09/15,Sat,,,,
2007/09/14,Fri,12.670,12.705,12.935,12.585
2007/09/13,Thu,12.765,12.680,12.800,12.490
2007/09/12,Wed,12.840,12.793,12.925,12.645
2007/09/11,Tue,12.690,12.835,12.950,12.635
2007/09/10,Mon,12.690,12.700,12.860,12.560
2007/09/09,Sun,,,,
2007/09/08,Sat,,,,
2007/09/07,Fri,12.585,12.760,12.845,12.530
2007/09/06,Thu,12.375,12.533,12.670,12.350
2007/09/05,Wed,12.430,12.355,12.460,12.265
2007/09/04,Tue,12.260,12.448,12.515,12.160
2007/09/03,Mon,12.260,12.280,12.360,12.200
2007/09/02,Sun,,,,
2007/09/01,Sat,,,,
2007/08/31,Fri,11.945,12.230,12.275,11.930
2007/08/30,Thu,12.075,11.960,12.075,11.890
2007/08/29,Wed,11.745,11.845,11.925,11.705
2007/08/28,Tue,11.740,11.765,11.905,11.675
2007/08/27,Mon,11.950,11.765,11.990,11.730
2007/08/26,Sun,,,,
2007/08/25,Sat,,,,
2007/08/24,Fri,11.725,11.940,12.005,11.580
2007/08/23,Thu,11.645,11.640,11.895,11.620
2007/08/22,Wed,11.565,11.565,11.790,11.520
2007/08/21,Tue,11.760,11.510,11.840,11.455
2007/08/20,Mon,11.795,11.735,11.975,11.620
2007/08/19,Sun,,,,
2007/08/18,Sat,,,,
2007/08/17,Fri,11.765,11.800,12.015,11.490
2007/08/16,Thu,12.500,11.495,12.560,11.060
2007/08/15,Wed,12.725,12.555,12.765,12.335
2007/08/14,Tue,12.820,12.748,12.910,12.700
2007/08/13,Mon,12.870,12.855,12.920,12.750
2007/08/12,Sun,,,,
2007/08/11,Sat,,,,
2007/08/10,Fri,12.685,12.870,13.060,12.605
2007/08/09,Thu,13.145,12.705,13.165,12.625
2007/08/08,Wed,13.125,13.170,13.250,13.050
2007/08/07,Tue,13.010,13.095,13.170,12.925
2007/08/06,Mon,13.140,13.033,13.205,12.920
2007/08/05,Sun,,,,
2007/08/04,Sat,,,,
2007/08/03,Fri,13.010,13.158,13.200,12.985
2007/08/02,Thu,13.055,12.995,13.085,12.955
2007/08/01,Wed,12.910,12.955,13.075,12.740
2007/07/31,Tue,12.955,13.017,13.090,12.860
2007/07/30,Mon,12.700,12.903,12.960,12.685
2007/07/29,Sun,,,,
2007/07/28,Sat,,,,
2007/07/27,Fri,12.880,12.715,13.005,12.650
2007/07/26,Thu,13.180,12.950,13.235,12.755
2007/07/25,Wed,13.325,13.150,13.355,13.105
2007/07/24,Tue,13.330,13.443,13.590,13.265
2007/07/23,Mon,13.400,13.330,13.480,13.310
2007/07/22,Sun,,,,
2007/07/21,Sat,,,,
2007/07/20,Fri,13.335,13.403,13.500,13.300
2007/07/19,Thu,13.285,13.375,13.400,13.245
2007/07/18,Wed,12.990,13.290,13.350,12.965
2007/07/17,Tue,13.030,13.018,13.140,12.925
2007/07/16,Mon,13.110,13.065,13.175,13.015
2007/07/15,Sun,,,,
2007/07/14,Sat,,,,
2007/07/13,Fri,13.180,13.110,13.235,13.075
2007/07/12,Thu,12.990,13.180,13.225,12.955
2007/07/11,Wed,12.985,12.975,13.090,12.915
2007/07/10,Tue,12.800,12.975,13.085,12.790
2007/07/09,Mon,12.790,12.820,12.965,12.765
2007/07/08,Sun,,,,
2007/07/07,Sat,,,,
2007/07/06,Fri,12.570,12.757,12.865,12.420
2007/07/05,Thu,12.715,12.580,12.780,12.495
2007/07/04,Wed,12.715,12.755,12.780,12.680
2007/07/03,Tue,12.735,12.685,12.785,12.560
2007/07/02,Mon,12.510,12.740,12.765,12.510
2007/07/01,Sun,,,,
2007/06/30,Sat,,,,
2007/06/29,Fri,12.580,12.473,12.675,12.355
2007/06/28,Thu,12.415,12.505,12.590,12.385
2007/06/27,Wed,12.245,12.210,12.360,12.125
2007/06/26,Tue,12.860,12.280,12.900,12.135
2007/06/25,Mon,13.030,12.877,13.070,12.810
2007/06/24,Sun,,,,
2007/06/23,Sat,,,,
2007/06/22,Fri,13.115,13.020,13.190,12.990
2007/06/21,Thu,13.185,13.090,13.265,12.965
2007/06/20,Wed,13.350,13.250,13.415,13.160
2007/06/19,Tue,13.215,13.325,13.360,13.115
2007/06/18,Mon,13.250,13.235,13.395,13.200
2007/06/17,Sun,,,,
2007/06/16,Sat,,,,
2007/06/15,Fri,13.150,13.260,13.275,13.065
2007/06/14,Thu,13.135,13.165,13.230,12.970
2007/06/13,Wed,13.035,13.060,13.200,12.845
2007/06/12,Tue,13.250,13.090,13.270,13.020
2007/06/11,Mon,13.125,13.275,13.295,13.060
2007/06/10,Sun,,,,
2007/06/09,Sat,,,,
2007/06/08,Fri,13.475,13.040,13.550,12.970
2007/06/07,Thu,13.735,13.480,13.820,13.430
2007/06/06,Wed,13.815,13.717,13.860,13.645
2007/06/05,Tue,13.755,13.812,13.870,13.720
2007/06/04,Mon,13.730,13.745,13.850,13.685
2007/06/03,Sun,,,,
2007/06/02,Sat,,,,
2007/06/01,Fri,13.495,13.740,13.765,13.480
2007/05/31,Thu,13.230,13.470,13.580,13.215
2007/05/30,Wed,13.200,13.220,13.250,13.085
2007/05/29,Tue,12.990,13.223,13.340,12.955
2007/05/28,Mon,,,,
2007/05/27,Sun,,,,
2007/05/26,Sat,,,,
2007/05/25,Fri,12.895,13.000,13.035,12.895
2007/05/24,Thu,13.100,12.920,13.150,12.835
2007/05/23,Wed,13.010,13.105,13.200,12.955
2007/05/22,Tue,13.130,12.990,13.200,12.980
2007/05/21,Mon,13.015,13.130,13.175,12.900
2007/05/20,Sun,,,,
2007/05/19,Sat,,,,
2007/05/18,Fri,12.910,13.003,13.080,12.840
2007/05/17,Thu,12.990,12.883,13.015,12.760
2007/05/16,Wed,13.300,12.930,13.300,12.880
2007/05/15,Tue,13.230,13.315,13.360,13.080
2007/05/14,Mon,13.310,13.235,13.345,13.125
2007/05/13,Sun,,,,
2007/05/12,Sat,,,,
2007/05/11,Fri,13.105,13.305,13.400,13.025
2007/05/10,Thu,13.495,13.140,13.500,13.090
2007/05/09,Wed,13.590,13.470,13.620,13.285
2007/05/08,Tue,13.620,13.600,13.665,13.405
2007/05/07,Mon,13.550,13.640,13.695,13.540
2007/05/06,Sun,,,,
2007/05/05,Sat,,,,
2007/05/04,Fri,13.520,13.530,13.705,13.455
2007/05/03,Thu,13.330,13.510,13.560,13.300
2007/05/02,Wed,13.385,13.335,13.480,13.130
2007/05/01,Tue,13.515,13.370,13.585,13.205
2007/04/30,Mon,13.665,13.575,13.685,13.485
2007/04/29,Sun,,,,
2007/04/28,Sat,,,,
2007/04/27,Fri,13.455,13.575,13.690,13.365
2007/04/26,Thu,13.800,13.325,13.840,13.175
2007/04/25,Wed,13.770,13.765,13.890,13.730
2007/04/24,Tue,14.050,13.782,14.090,13.710
2007/04/23,Mon,13.955,14.050,14.110,13.860
2007/04/22,Sun,,,,
2007/04/21,Sat,,,,
2007/04/20,Fri,13.700,13.955,14.010,13.690
2007/04/19,Thu,14.000,13.735,14.060,13.550
2007/04/18,Wed,13.930,13.975,14.090,13.880
2007/04/17,Tue,14.065,14.020,14.110,13.900
2007/04/16,Mon,14.090,14.080,14.160,13.820
2007/04/15,Sun,,,,
2007/04/14,Sat,,,,
2007/04/13,Fri,13.885,14.090,14.170,13.870
2007/04/12,Thu,13.885,13.855,13.975,13.695
2007/04/11,Wed,13.920,13.890,14.065,13.750
2007/04/10,Tue,13.770,13.930,14.050,13.755
2007/04/09,Mon,13.715,13.810,13.920,13.675
2007/04/08,Sun,,,,
2007/04/07,Sat,,,,
2007/04/06,Fri,,,,
2007/04/05,Thu,13.680,13.740,13.770,13.600
2007/04/04,Wed,13.420,13.620,13.700,13.420
2007/04/03,Tue,13.315,13.430,13.540,13.275
2007/04/02,Mon,13.460,13.350,13.495,13.020
2007/04/01,Sun,,,,
2007/03/31,Sat,,,,
2007/03/30,Fri,13.330,13.450,13.475,13.325
2007/03/29,Thu,13.430,13.340,13.430,13.180
2007/03/28,Wed,13.365,13.455,13.545,13.330
2007/03/27,Tue,13.425,13.280,13.480,13.230
2007/03/26,Mon,13.230,13.410,13.460,13.230
2007/03/25,Sun,,,,
2007/03/24,Sat,,,,
2007/03/23,Fri,13.500,13.227,13.500,13.150
2007/03/22,Thu,13.445,13.480,13.575,13.410
2007/03/21,Wed,13.370,13.320,13.445,13.210
2007/03/20,Tue,13.250,13.370,13.485,13.220
2007/03/19,Mon,13.175,13.233,13.295,13.115
2007/03/18,Sun,,,,
2007/03/17,Sat,,,,
2007/03/16,Fri,13.075,13.215,13.270,13.055
2007/03/15,Thu,12.930,13.075,13.190,12.915
2007/03/14,Wed,12.850,12.830,12.945,12.675
2007/03/13,Tue,13.130,12.960,13.130,12.820
2007/03/12,Mon,13.005,13.085,13.160,12.920
2007/03/11,Sun,,,,
2007/03/10,Sat,,,,
2007/03/09,Fri,13.070,12.970,13.200,12.795
2007/03/08,Thu,13.060,13.120,13.235,13.015
2007/03/07,Wed,13.020,13.105,13.145,12.890
2007/03/06,Tue,12.765,12.985,13.065,12.670
2007/03/05,Mon,13.035,12.750,13.055,12.490
2007/03/04,Sun,,,,
2007/03/03,Sat,,,,
2007/03/02,Fri,13.735,12.960,13.850,12.800
2007/03/01,Thu,14.240,13.650,14.465,13.510
2007/02/28,Wed,14.350,14.235,14.560,14.120
2007/02/27,Tue,14.860,14.690,14.860,14.175
2007/02/26,Mon,14.585,14.690,14.745,14.495
2007/02/25,Sun,,,,
2007/02/24,Sat,,,,
2007/02/23,Fri,14.220,14.595,14.660,14.190
2007/02/22,Thu,14.225,14.250,14.365,14.160
2007/02/21,Wed,13.850,14.273,14.370,13.720
2007/02/20,Tue,14.000,13.830,14.075,13.680
2007/02/19,Mon,14.000,14.015,14.075,13.970
2007/02/18,Sun,,,,
2007/02/17,Sat,,,,
2007/02/16,Fri,14.010,13.990,14.050,13.840
2007/02/15,Thu,14.060,13.962,14.085,13.830
2007/02/14,Wed,13.915,13.965,14.130,13.865
2007/02/13,Tue,13.670,13.915,14.000,13.660
2007/02/12,Mon,13.980,13.715,13.985,13.515
2007/02/11,Sun,,,,
2007/02/10,Sat,,,,
2007/02/09,Fri,13.845,13.915,13.970,13.775
2007/02/08,Thu,13.665,13.770,13.890,13.510
2007/02/07,Wed,13.675,13.710,13.810,13.615
2007/02/06,Tue,13.525,13.675,13.890,13.460
2007/02/05,Mon,13.440,13.560,13.590,13.330
2007/02/04,Sun,,,,
2007/02/03,Sat,,,,
2007/02/02,Fri,13.720,13.375,13.755,13.255
2007/02/01,Thu,13.595,13.725,13.835,13.570
2007/01/31,Wed,13.385,13.570,13.700,13.270
2007/01/30,Tue,13.230,13.375,13.440,13.110
2007/01/29,Mon,13.435,13.250,13.500,13.200
2007/01/28,Sun,,,,
2007/01/27,Sat,,,,
2007/01/26,Fri,13.350,13.375,13.510,13.210
2007/01/25,Thu,13.300,13.490,13.600,13.245
2007/01/24,Wed,13.320,13.273,13.345,13.095
2007/01/23,Tue,12.980,13.260,13.345,12.950
2007/01/22,Mon,12.925,13.000,13.215,12.830
2007/01/21,Sun,,,,
2007/01/20,Sat,,,,
2007/01/19,Fri,12.730,12.920,12.940,12.700
2007/01/18,Thu,12.900,12.685,13.045,12.655
2007/01/17,Wed,12.620,12.890,12.995,12.430
2007/01/16,Tue,12.905,12.625,13.035,12.610
2007/01/15,Mon,,,,
2007/01/14,Sun,,,,
2007/01/13,Sat,,,,
2007/01/12,Fri,12.400,12.880,12.960,12.380
2007/01/11,Thu,12.430,12.460,12.625,12.380
2007/01/10,Wed,12.590,12.445,12.590,12.270
2007/01/09,Tue,12.380,12.595,12.620,12.265
2007/01/08,Mon,12.220,12.360,12.425,12.095
2007/01/07,Sun,,,,
2007/01/06,Sat,,,,
2007/01/05,Fri,12.710,12.230,12.835,12.100
2007/01/04,Thu,12.665,12.835,12.930,12.485
2007/01/03,Wed,13.280,12.670,13.280,12.600
2007/01/02,Tue,12.965,12.935,13.285,12.935
2007/01/01,Mon,,,,
2006/12/31,Sun,,,,
2006/12/30,Sat,,,,
2006/12/29,Fri,12.945,12.935,13.015,12.860
2006/12/28,Thu,12.875,12.940,12.990,12.860
2006/12/27,Wed,12.790,12.925,12.985,12.740
2006/12/26,Tue,12.705,12.725,12.900,12.705
2006/12/25,Mon,,,,
2006/12/24,Sun,,,,
2006/12/23,Sat,,,,
2006/12/22,Fri,12.500,12.635,12.705,12.480
2006/12/21,Thu,12.615,12.490,12.705,12.455
2006/12/20,Wed,12.790,12.645,12.905,12.480
2006/12/19,Tue,12.625,12.710,12.850,12.450
2006/12/18,Mon,13.000,12.525,13.145,12.400
2006/12/17,Sun,,,,
2006/12/16,Sat,,,,
2006/12/15,Fri,13.930,12.980,13.980,12.905
2006/12/14,Thu,13.950,13.950,14.030,13.880
2006/12/13,Wed,14.025,13.915,14.035,13.725
2006/12/12,Tue,14.005,13.980,14.060,13.940
2006/12/11,Mon,13.850,14.025,14.045,13.725
2006/12/10,Sun,,,,
2006/12/09,Sat,,,,
2006/12/08,Fri,14.055,13.895,14.160,13.800
2006/12/07,Thu,13.750,14.035,14.095,13.610
2006/12/06,Wed,13.960,13.795,14.010,13.710
2006/12/05,Tue,14.275,14.025,14.370,13.900
2006/12/04,Mon,14.200,14.245,14.290,14.130
2006/12/03,Sun,,,,
2006/12/02,Sat,,,,
2006/12/01,Fri,14.100,14.190,14.250,14.030
2006/11/30,Thu,13.760,14.115,14.190,13.725
2006/11/29,Wed,13.790,13.760,14.000,13.730
2006/11/28,Tue,13.505,13.620,13.660,13.420
2006/11/27,Mon,13.065,13.490,13.585,13.045
2006/11/26,Sun,,,,
2006/11/25,Sat,,,,
2006/11/24,Fri,13.100,13.100,13.100,13.100
2006/11/23,Thu,,,,
2006/11/22,Wed,13.090,13.040,13.250,13.000
2006/11/21,Tue,12.760,13.085,13.100,12.730
2006/11/20,Mon,12.820,12.740,13.000,12.725
2006/11/19,Sun,,,,
2006/11/18,Sat,,,,
2006/11/17,Fri,12.900,12.800,12.925,12.600
2006/11/16,Thu,12.940,12.945,13.170,12.885
2006/11/15,Wed,12.880,12.945,12.970,12.500
2006/11/14,Tue,12.900,12.890,13.050,12.750
2006/11/13,Mon,13.070,12.885,13.155,12.710
2006/11/12,Sun,,,,
2006/11/11,Sat,,,,
2006/11/10,Fri,13.010,13.115,13.220,12.880
2006/11/09,Thu,12.680,13.050,13.090,12.440
2006/11/08,Wed,12.540,12.550,12.740,12.500
2006/11/07,Tue,12.695,12.675,12.770,12.580
2006/11/06,Mon,12.650,12.760,12.800,12.520
2006/11/05,Sun,,,,
2006/11/04,Sat,,,,
2006/11/03,Fri,12.570,12.635,12.730,12.360
2006/11/02,Thu,12.515,12.650,12.670,12.385
2006/11/01,Wed,12.285,12.475,12.590,12.260
2006/10/31,Tue,12.220,12.270,12.310,11.980
2006/10/30,Mon,12.095,12.250,12.300,12.070
2006/10/29,Sun,,,,
2006/10/28,Sat,,,,
2006/10/27,Fri,12.230,12.080,12.240,12.040
2006/10/26,Thu,11.895,12.240,12.280,11.885
2006/10/25,Wed,11.835,11.890,11.995,11.735
2006/10/24,Tue,11.675,11.850,11.900,11.350
2006/10/23,Mon,11.925,11.670,11.980,11.650
2006/10/22,Sun,,,,
2006/10/21,Sat,,,,
2006/10/20,Fri,12.155,11.965,12.170,11.880
2006/10/19,Thu,11.830,12.160,12.170,11.660
2006/10/18,Wed,11.780,11.820,11.980,11.740
2006/10/17,Tue,11.905,11.780,11.980,11.630
2006/10/16,Mon,11.690,11.910,11.950,11.650
2006/10/15,Sun,,,,
2006/10/14,Sat,,,,
2006/10/13,Fri,11.390,11.680,11.725,11.330
2006/10/12,Thu,11.320,11.380,11.455,11.200
2006/10/11,Wed,11.240,11.330,11.540,11.130
2006/10/10,Tue,11.405,11.220,11.495,11.150
2006/10/09,Mon,11.210,11.420,11.550,11.160
2006/10/08,Sun,,,,
2006/10/07,Sat,,,,
2006/10/06,Fri,11.070,11.175,11.210,10.870
2006/10/05,Thu,10.825,11.070,11.220,10.730
2006/10/04,Wed,10.980,10.795,11.060,10.650
2006/10/03,Tue,11.640,11.045,11.650,11.010
2006/10/02,Mon,11.540,11.640,11.835,11.520
2006/10/01,Sun,,,,
2006/09/30,Sat,,,,
2006/09/29,Fri,11.670,11.540,11.750,11.320
2006/09/28,Thu,11.730,11.735,11.860,11.615
2006/09/27,Wed,11.480,11.700,11.820,11.440
2006/09/26,Tue,11.320,11.495,11.580,11.180
2006/09/25,Mon,11.305,11.325,11.370,11.130
2006/09/24,Sun,,,,
2006/09/23,Sat,,,,
2006/09/22,Fri,11.260,11.310,11.550,11.165
2006/09/21,Thu,11.135,11.245,11.290,10.920
2006/09/20,Wed,10.945,11.140,11.255,10.815
2006/09/19,Tue,11.300,10.945,11.320,10.910
2006/09/18,Mon,10.880,11.290,11.320,10.850
2006/09/17,Sun,,,,
2006/09/16,Sat,,,,
2006/09/15,Fri,10.940,10.875,11.050,10.550
2006/09/14,Thu,11.230,10.950,11.515,10.880
2006/09/13,Wed,11.155,11.200,11.420,10.990
2006/09/12,Tue,11.280,11.140,11.520,11.080
2006/09/11,Mon,12.270,11.240,12.320,11.200
2006/09/10,Sun,,,,
2006/09/09,Sat,,,,
2006/09/08,Fri,12.720,12.295,12.800,12.090
2006/09/07,Thu,13.200,12.695,13.250,12.510
2006/09/06,Wed,13.145,13.200,13.350,13.050
2006/09/05,Tue,13.170,13.140,13.370,13.035
2006/09/04,Mon,13.090,13.170,13.170,13.035
2006/09/03,Sun,,,,
2006/09/02,Sat,,,,
2006/09/01,Fri,13.020,13.070,13.100,12.820
2006/08/31,Thu,12.670,13.030,13.080,12.620
2006/08/30,Wed,12.320,12.670,12.680,12.320
2006/08/29,Tue,12.030,12.150,12.200,11.850
2006/08/28,Mon,12.415,12.025,12.465,11.960
2006/08/27,Sun,,,,
2006/08/26,Sat,,,,
2006/08/25,Fri,12.330,12.370,12.445,12.200
2006/08/24,Thu,12.495,12.310,12.605,12.280
2006/08/23,Wed,12.265,12.515,12.680,12.200
2006/08/22,Tue,12.350,12.265,12.435,12.030
2006/08/21,Mon,12.100,12.345,12.450,12.040
2006/08/20,Sun,,,,
2006/08/19,Sat,,,,
2006/08/18,Fri,11.980,12.030,12.140,11.860
2006/08/17,Thu,12.290,11.995,12.420,11.980
2006/08/16,Wed,12.080,12.285,12.440,12.070
2006/08/15,Tue,12.160,12.085,12.160,11.850
2006/08/14,Mon,11.900,12.160,12.240,11.750
2006/08/13,Sun,,,,
2006/08/12,Sat,,,,
2006/08/11,Fri,12.110,11.885,12.390,11.770
2006/08/10,Thu,12.560,12.105,12.700,12.070
2006/08/09,Wed,12.260,12.570,12.665,11.985
2006/08/08,Tue,12.260,12.260,12.390,12.110
2006/08/07,Mon,12.450,12.265,12.540,12.180
2006/08/06,Sun,,,,
2006/08/05,Sat,,,,
2006/08/04,Fri,12.085,12.485,12.650,12.060
2006/08/03,Thu,12.240,12.090,12.270,12.010
2006/08/02,Wed,11.750,12.245,12.290,11.750
2006/08/01,Tue,11.400,11.740,11.810,11.330
2006/07/31,Mon,11.430,11.370,11.580,11.250
2006/07/30,Sun,,,,
2006/07/29,Sat,,,,
2006/07/28,Fri,11.390,11.365,11.455,11.320
2006/07/27,Thu,11.080,11.390,11.520,11.080
2006/07/26,Wed,10.955,11.080,11.110,10.870
2006/07/25,Tue,10.890,10.945,11.080,10.800
2006/07/24,Mon,10.845,10.920,10.960,10.680
2006/07/23,Sun,,,,
2006/07/22,Sat,,,,
2006/07/21,Fri,11.050,10.845,11.310,10.760
2006/07/20,Thu,11.130,11.065,11.350,11.000
2006/07/19,Wed,10.530,11.125,11.190,10.465
2006/07/18,Tue,11.070,10.525,11.220,10.480
2006/07/17,Mon,11.535,11.090,11.775,11.050
2006/07/16,Sun,,,,
2006/07/15,Sat,,,,
2006/07/14,Fri,11.530,11.530,11.760,11.500
2006/07/13,Thu,11.545,11.485,11.745,11.370
2006/07/12,Wed,11.535,11.555,11.820,11.350
2006/07/11,Tue,11.080,11.550,11.600,11.030
2006/07/10,Mon,11.340,11.110,11.410,10.930
2006/07/09,Sun,,,,
2006/07/08,Sat,,,,
2006/07/07,Fri,11.580,11.405,11.620,11.330
2006/07/06,Thu,11.400,11.585,11.640,11.260
2006/07/05,Wed,11.290,11.415,11.460,11.200
2006/07/04,Tue,,,,
2006/07/03,Mon,10.920,10.920,10.920,10.920
2006/07/02,Sun,,,,
2006/07/01,Sat,,,,
2006/06/30,Fri,10.400,11.000,11.130,10.400
2006/06/29,Thu,10.240,10.420,10.600,10.215
2006/06/28,Wed,10.210,10.155,10.320,10.050
2006/06/27,Tue,10.180,10.195,10.620,10.180
2006/06/26,Mon,10.300,10.240,10.370,10.020
2006/06/25,Sun,,,,
2006/06/24,Sat,,,,
2006/06/23,Fri,10.205,10.285,10.320,9.960
2006/06/22,Thu,10.470,10.210,10.655,10.160
2006/06/21,Wed,10.250,10.420,10.480,10.120
2006/06/20,Tue,9.875,10.270,10.280,9.785
2006/06/19,Mon,10.200,9.970,10.210,9.820
2006/06/18,Sun,,,,
2006/06/17,Sat,,,,
2006/06/16,Fri,9.960,10.130,10.370,9.770
2006/06/15,Thu,9.650,9.970,10.240,9.500
2006/06/14,Wed,9.630,9.735,10.060,9.450
2006/06/13,Tue,11.045,9.625,11.085,9.600
2006/06/12,Mon,11.150,11.065,11.285,10.960
2006/06/11,Sun,,,,
2006/06/10,Sat,,,,
2006/06/09,Fri,11.105,11.210,11.510,11.060
2006/06/08,Thu,11.900,11.075,11.970,11.050
2006/06/07,Wed,11.845,11.890,11.930,11.350
2006/06/06,Tue,12.295,11.845,12.295,11.580
2006/06/05,Mon,12.110,12.295,12.390,12.050
2006/06/04,Sun,,,,
2006/06/03,Sat,,,,
2006/06/02,Fri,11.930,12.085,12.260,11.750
2006/06/01,Thu,12.480,11.905,12.580,11.550
2006/05/31,Wed,13.030,12.455,13.125,12.280
2006/05/30,Tue,12.710,13.070,13.360,12.660
2006/05/29,Mon,,,,
2006/05/28,Sun,,,,
2006/05/27,Sat,,,,
2006/05/26,Fri,12.615,12.730,12.740,12.420
2006/05/25,Thu,12.480,12.600,12.770,12.340
2006/05/24,Wed,13.170,12.515,13.180,12.420
2006/05/23,Tue,12.430,13.170,13.195,12.205
2006/05/22,Mon,12.500,12.430,12.520,11.880
2006/05/21,Sun,,,,
2006/05/20,Sat,,,,
2006/05/19,Fri,12.525,12.360,12.790,12.080
2006/05/18,Thu,13.170,12.520,13.280,12.500
2006/05/17,Wed,13.565,13.240,13.980,12.820
2006/05/16,Tue,13.280,13.540,13.570,12.820
2006/05/15,Mon,14.360,13.335,14.460,13.050
2006/05/14,Sun,,,,
2006/05/13,Sat,,,,
2006/05/12,Fri,14.910,14.235,15.025,14.100
2006/05/11,Thu,14.285,14.935,15.200,14.150
2006/05/10,Wed,14.460,14.280,14.580,14.000
2006/05/09,Tue,13.790,14.465,14.530,13.655
2006/05/08,Mon,13.970,13.770,14.110,13.440
2006/05/07,Sun,,,,
2006/05/06,Sat,,,,
2006/05/05,Fri,13.820,13.890,14.140,13.670
2006/05/04,Thu,13.790,13.825,14.230,13.485
2006/05/03,Wed,14.195,13.795,14.520,13.200
2006/05/02,Tue,13.970,14.210,14.260,13.745
2006/05/01,Mon,13.780,13.965,14.130,13.550
2006/04/30,Sun,,,,
2006/04/29,Sat,,,,
2006/04/28,Fri,12.600,13.630,14.000,12.540
2006/04/27,Thu,12.980,12.590,13.250,12.315
2006/04/26,Wed,12.550,12.815,12.900,12.350
2006/04/25,Tue,11.795,12.560,12.650,11.690
2006/04/24,Mon,13.200,11.775,13.320,11.700
2006/04/23,Sun,,,,
2006/04/22,Sat,,,,
2006/04/21,Fri,12.395,12.965,13.030,11.600
2006/04/20,Thu,14.555,12.525,14.690,12.200
2006/04/19,Wed,13.815,14.522,14.575,13.810
2006/04/18,Tue,13.365,13.785,13.820,13.330
2006/04/17,Mon,12.950,13.365,13.380,12.940
2006/04/16,Sun,,,,
2006/04/15,Sat,,,,
2006/04/14,Fri,,,,
2006/04/13,Thu,12.670,12.855,12.900,12.510
2006/04/12,Wed,12.600,12.663,12.790,12.430
2006/04/11,Tue,12.580,12.600,13.010,12.480
2006/04/10,Mon,12.070,12.560,12.610,12.065
2006/04/09,Sun,,,,
2006/04/08,Sat,,,,
2006/04/07,Fri,12.045,12.070,12.195,11.940
2006/04/06,Thu,11.700,12.045,12.080,11.690
2006/04/05,Wed,11.710,11.705,11.790,11.555
2006/04/04,Tue,11.760,11.730,11.810,11.645
2006/04/03,Mon,11.505,11.765,11.815,11.470
2006/04/02,Sun,,,,
2006/04/01,Sat,,,,
2006/03/31,Fri,11.670,11.520,11.940,11.375
2006/03/30,Thu,11.100,11.660,11.715,11.100
2006/03/29,Wed,10.860,11.115,11.130,10.745
2006/03/28,Tue,10.880,10.870,10.940,10.790
2006/03/27,Mon,10.770,10.895,10.940,10.755
2006/03/26,Sun,,,,
2006/03/25,Sat,,,,
2006/03/24,Fri,10.685,10.735,10.770,10.645
2006/03/23,Thu,10.510,10.690,10.700,10.410
2006/03/22,Wed,10.540,10.495,10.600,10.475
2006/03/21,Tue,10.350,10.565,10.580,10.155
2006/03/20,Mon,10.365,10.362,10.435,10.260
2006/03/19,Sun,,,,
2006/03/18,Sat,,,,
2006/03/17,Fri,10.350,10.365,10.460,10.300
2006/03/16,Thu,10.350,10.342,10.385,10.130
2006/03/15,Wed,10.245,10.350,10.395,10.215
2006/03/14,Tue,10.160,10.245,10.260,10.075
2006/03/13,Mon,9.975,10.157,10.170,9.925
2006/03/12,Sun,,,,
2006/03/11,Sat,,,,
2006/03/10,Fri,9.970,9.960,10.000,9.750
2006/03/09,Thu,9.825,9.970,10.090,9.765
2006/03/08,Wed,10.090,9.845,10.120,9.670
2006/03/07,Tue,10.035,10.107,10.120,9.970
2006/03/06,Mon,10.220,10.025,10.295,9.920
2006/03/05,Sun,,,,
2006/03/04,Sat,,,,
2006/03/03,Fri,10.195,10.235,10.330,10.120
2006/03/02,Thu,9.780,10.208,10.225,9.760
2006/03/01,Wed,9.800,9.790,9.880,9.745
2006/02/28,Tue,9.695,9.805,9.845,9.650
2006/02/27,Mon,9.800,9.695,9.815,9.610
2006/02/26,Sun,,,,
2006/02/25,Sat,,,,
2006/02/24,Fri,9.580,9.825,9.860,9.550
2006/02/23,Thu,9.575,9.467,9.610,9.450
2006/02/22,Wed,9.555,9.575,9.635,9.425
2006/02/21,Tue,9.490,9.545,9.575,9.470
2006/02/20,Mon,,,,
2006/02/19,Sun,,,,
2006/02/18,Sat,,,,
2006/02/17,Fri,9.365,9.420,9.505,9.345
2006/02/16,Thu,9.195,9.370,9.380,9.100
2006/02/15,Wed,9.325,9.215,9.405,9.070
2006/02/14,Tue,9.100,9.315,9.340,9.055
2006/02/13,Mon,9.395,9.118,9.470,9.085
2006/02/12,Sun,,,,
2006/02/11,Sat,,,,
2006/02/10,Fri,9.650,9.380,9.715,9.280
2006/02/09,Thu,9.440,9.660,9.670,9.425
2006/02/08,Wed,9.400,9.440,9.500,9.275
2006/02/07,Tue,9.755,9.410,9.800,9.365
2006/02/06,Mon,9.770,9.758,9.890,9.720
2006/02/05,Sun,,,,
2006/02/04,Sat,,,,
2006/02/03,Fri,9.860,9.760,9.920,9.695
2006/02/02,Thu,9.795,9.877,9.945,9.730
2006/02/01,Wed,9.875,9.795,9.880,9.680
2006/01/31,Tue,9.795,9.885,9.950,9.780
2006/01/30,Mon,9.600,9.775,9.810,9.575
2006/01/29,Sun,,,,
2006/01/28,Sat,,,,
2006/01/27,Fri,9.605,9.605,9.800,9.550
2006/01/26,Thu,9.510,9.605,9.665,9.430
2006/01/25,Wed,9.240,9.510,9.540,9.210
2006/01/24,Tue,9.070,9.228,9.260,8.945
2006/01/23,Mon,8.920,9.073,9.080,8.855
2006/01/22,Sun,,,,
2006/01/21,Sat,,,,
2006/01/20,Fri,9.110,8.930,9.275,8.850
2006/01/19,Thu,8.840,9.108,9.120,8.800
2006/01/18,Wed,9.065,8.873,9.125,8.790
2006/01/17,Tue,9.240,9.073,9.355,9.035
2006/01/16,Mon,,,,
2006/01/15,Sun,,,,
2006/01/14,Sat,,,,
2006/01/13,Fri,9.065,9.160,9.270,8.970
2006/01/12,Thu,9.085,9.060,9.110,8.930
2006/01/11,Wed,9.030,9.065,9.115,8.855
2006/01/10,Tue,9.290,9.015,9.305,8.915
2006/01/09,Mon,9.180,9.283,9.295,9.015
2006/01/08,Sun,,,,
2006/01/07,Sat,,,,
2006/01/06,Fri,8.865,9.173,9.190,8.785
2006/01/05,Thu,9.190,8.872,9.215,8.760
2006/01/04,Wed,9.165,9.170,9.305,9.010
2006/01/03,Tue,8.910,9.160,9.180,8.910
2006/01/02,Mon,,,,
2006/01/01,Sun,,,,
2005/12/31,Sat,,,,
2005/12/30,Fri,8.885,8.910,8.990,8.830
2005/12/29,Thu,8.925,8.882,9.030,8.740
2005/12/28,Wed,8.815,8.935,9.015,8.785
2005/12/27,Tue,8.670,8.812,8.820,8.670
2005/12/26,Mon,,,,
2005/12/25,Sun,,,,
2005/12/24,Sat,,,,
2005/12/23,Fri,8.555,8.660,8.695,8.555
2005/12/22,Thu,8.430,8.578,8.600,8.430
2005/12/21,Wed,8.385,8.435,8.450,8.290
2005/12/20,Tue,8.645,8.395,8.710,8.350
2005/12/19,Mon,8.620,8.645,8.750,8.535
2005/12/18,Sun,,,,
2005/12/17,Sat,,,,
2005/12/16,Fri,8.630,8.600,8.725,8.520
2005/12/15,Thu,8.465,8.635,8.720,8.380
2005/12/14,Wed,8.595,8.465,8.640,8.420
2005/12/13,Tue,8.910,8.585,8.950,8.515
2005/12/12,Mon,9.090,8.882,9.345,8.730
2005/12/11,Sun,,,,
2005/12/10,Sat,,,,
2005/12/09,Fri,9.000,9.095,9.140,8.985
2005/12/08,Thu,8.875,8.990,9.000,8.785
2005/12/07,Wed,8.795,8.877,8.985,8.775
2005/12/06,Tue,8.730,8.792,8.850,8.600
2005/12/05,Mon,8.650,8.735,8.745,8.630
2005/12/04,Sun,,,,
2005/12/03,Sat,,,,
2005/12/02,Fri,8.610,8.647,8.720,8.545
2005/12/01,Thu,8.380,8.602,8.620,8.290
2005/11/30,Wed,8.395,8.385,8.410,8.275
2005/11/29,Tue,8.460,8.405,8.475,8.335
2005/11/28,Mon,8.155,8.353,8.375,8.155
2005/11/27,Sun,,,,
2005/11/26,Sat,,,,
2005/11/25,Fri,,,,
2005/11/24,Thu,,,,
2005/11/23,Wed,8.175,8.130,8.210,8.035
2005/11/22,Tue,8.140,8.170,8.225,8.080
2005/11/21,Mon,8.050,8.133,8.170,8.035
2005/11/20,Sun,,,,
2005/11/19,Sat,,,,
2005/11/18,Fri,8.110,8.067,8.180,8.035
2005/11/17,Thu,8.010,8.102,8.140,8.000
2005/11/16,Wed,7.790,8.002,8.025,7.765
2005/11/15,Tue,7.775,7.787,7.840,7.700
2005/11/14,Mon,7.780,7.782,7.860,7.770
2005/11/13,Sun,,,,
2005/11/12,Sat,,,,
2005/11/11,Fri,7.715,7.760,7.790,7.685
2005/11/10,Thu,7.680,7.705,7.790,7.670
2005/11/09,Wed,7.625,7.678,7.740,7.625
2005/11/08,Tue,7.610,7.625,7.680,7.540
2005/11/07,Mon,7.565,7.605,7.610,7.450
2005/11/06,Sun,,,,
2005/11/05,Sat,,,,
2005/11/04,Fri,7.620,7.573,7.700,7.475
2005/11/03,Thu,7.550,7.623,7.630,7.515
2005/11/02,Wed,7.490,7.560,7.580,7.430
2005/11/01,Tue,7.590,7.470,7.620,7.410
2005/10/31,Mon,7.835,7.580,7.845,7.575
2005/10/30,Sun,,,,
2005/10/29,Sat,,,,
2005/10/28,Fri,7.860,7.820,7.885,7.720
2005/10/27,Thu,7.860,7.840,7.945,7.805
2005/10/26,Wed,7.825,7.863,7.925,7.820
2005/10/25,Tue,7.695,7.825,7.870,7.685
2005/10/24,Mon,7.690,7.708,7.760,7.640
2005/10/23,Sun,,,,
2005/10/22,Sat,,,,
2005/10/21,Fri,7.655,7.695,7.700,7.570
2005/10/20,Thu,7.650,7.655,7.705,7.530
2005/10/19,Wed,7.830,7.640,7.835,7.610
2005/10/18,Tue,7.850,7.835,7.890,7.785
2005/10/17,Mon,7.840,7.875,7.925,7.835
2005/10/16,Sun,,,,
2005/10/15,Sat,,,,
2005/10/14,Fri,7.740,7.862,7.890,7.640
2005/10/13,Thu,7.830,7.735,7.830,7.695
2005/10/12,Wed,7.870,7.838,7.925,7.800
2005/10/11,Tue,7.840,7.875,7.955,7.780
2005/10/10,Mon,7.775,7.845,7.890,7.745
2005/10/09,Sun,,,,
2005/10/08,Sat,,,,
2005/10/07,Fri,7.600,7.770,7.785,7.580
2005/10/06,Thu,7.475,7.595,7.630,7.420
2005/10/05,Wed,7.420,7.478,7.485,7.360
2005/10/04,Tue,7.455,7.425,7.510,7.390
2005/10/03,Mon,7.480,7.455,7.495,7.400
2005/10/02,Sun,,,,
2005/10/01,Sat,,,,
2005/09/30,Fri,7.550,7.512,7.645,7.490
2005/09/29,Thu,7.410,7.555,7.570,7.390
2005/09/28,Wed,7.325,7.403,7.435,7.295
2005/09/27,Tue,7.375,7.328,7.400,7.240
2005/09/26,Mon,7.330,7.365,7.415,7.235
2005/09/25,Sun,,,,
2005/09/24,Sat,,,,
2005/09/23,Fri,7.410,7.335,7.425,7.280
2005/09/22,Thu,7.400,7.415,7.525,7.355
2005/09/21,Wed,7.375,7.415,7.450,7.320
2005/09/20,Tue,7.400,7.375,7.465,7.330
2005/09/19,Mon,7.290,7.398,7.500,7.265
2005/09/18,Sun,,,,
2005/09/17,Sat,,,,
2005/09/16,Fri,7.080,7.288,7.320,7.070
2005/09/15,Thu,7.045,7.078,7.140,6.985
2005/09/14,Wed,7.010,7.045,7.070,6.995
2005/09/13,Tue,7.055,7.005,7.085,6.910
2005/09/12,Mon,7.075,7.060,7.140,7.010
2005/09/11,Sun,,,,
2005/09/10,Sat,,,,
2005/09/09,Fri,7.025,7.065,7.095,7.000
2005/09/08,Thu,7.110,7.028,7.170,7.010
2005/09/07,Wed,7.100,7.118,7.155,7.075
2005/09/06,Tue,7.100,7.098,7.140,7.040
2005/09/05,Mon,,,,
2005/09/04,Sun,,,,
2005/09/03,Sat,,,,
2005/09/02,Fri,7.040,7.055,7.125,7.005
2005/09/01,Thu,6.855,7.038,7.070,6.855
2005/08/31,Wed,6.780,6.855,6.865,6.760
2005/08/30,Tue,6.800,6.765,6.825,6.705
2005/08/29,Mon,6.755,6.730,6.810,6.725
2005/08/28,Sun,,,,
2005/08/27,Sat,,,,
2005/08/26,Fri,6.835,6.742,6.865,6.720
2005/08/25,Thu,6.930,6.832,6.965,6.790
2005/08/24,Wed,6.975,6.922,7.020,6.880
2005/08/23,Tue,7.060,6.968,7.095,6.945
2005/08/22,Mon,7.000,7.060,7.100,6.975
2005/08/21,Sun,,,,
2005/08/20,Sat,,,,
2005/08/19,Fri,7.005,7.008,7.030,6.955
2005/08/18,Thu,6.995,6.998,7.035,6.955
2005/08/17,Wed,7.040,6.993,7.055,6.950
2005/08/16,Tue,6.970,7.043,7.055,6.950
2005/08/15,Mon,7.095,6.965,7.125,6.925
2005/08/14,Sun,,,,
2005/08/13,Sat,,,,
2005/08/12,Fri,7.190,7.090,7.255,7.065
2005/08/11,Thu,7.085,7.183,7.220,7.085
2005/08/10,Wed,7.035,7.078,7.105,7.035
2005/08/09,Tue,7.020,7.035,7.050,6.960
2005/08/08,Mon,7.145,7.015,7.175,6.980
2005/08/07,Sun,,,,
2005/08/06,Sat,,,,
2005/08/05,Fri,7.250,7.158,7.265,7.140
2005/08/04,Thu,7.295,7.252,7.315,7.180
2005/08/03,Wed,7.270,7.307,7.330,7.235
2005/08/02,Tue,7.300,7.262,7.320,7.245
2005/08/01,Mon,7.250,7.305,7.330,7.245
2005/07/31,Sun,,,,
2005/07/30,Sat,,,,
2005/07/29,Fri,7.190,7.262,7.270,7.150
2005/07/28,Thu,7.055,7.200,7.230,7.050
2005/07/27,Wed,7.020,7.040,7.075,6.965
2005/07/26,Tue,7.140,7.018,7.145,7.010
2005/07/25,Mon,7.105,7.140,7.155,7.095
2005/07/24,Sun,,,,
2005/07/23,Sat,,,,
2005/07/22,Fri,7.140,7.115,7.185,7.090
2005/07/21,Thu,7.075,7.135,7.215,7.075
2005/07/20,Wed,6.985,7.068,7.110,6.975
2005/07/19,Tue,7.005,6.985,7.050,6.950
2005/07/18,Mon,7.000,7.005,7.055,6.985
2005/07/17,Sun,,,,
2005/07/16,Sat,,,,
2005/07/15,Fri,6.995,6.990,7.055,6.965
2005/07/14,Thu,7.060,6.995,7.120,6.955
2005/07/13,Wed,7.080,7.070,7.125,7.050
2005/07/12,Tue,7.105,7.085,7.180,7.040
2005/07/11,Mon,7.055,7.105,7.130,7.050
2005/07/10,Sun,,,,
2005/07/09,Sat,,,,
2005/07/08,Fri,7.000,7.030,7.070,6.940
2005/07/07,Thu,6.970,6.985,7.090,6.960
2005/07/06,Wed,6.910,6.955,6.995,6.900
2005/07/05,Tue,6.930,6.870,6.950,6.860
2005/07/04,Mon,,,,
2005/07/03,Sun,,,,
2005/07/02,Sat,,,,
2005/07/01,Fri,7.095,6.895,7.095,6.850
2005/06/30,Thu,7.115,7.075,7.200,7.035
2005/06/29,Wed,7.135,7.105,7.150,7.060
2005/06/28,Tue,7.230,7.096,7.240,7.090
2005/06/27,Mon,7.280,7.242,7.300,7.215
2005/06/26,Sun,,,,
2005/06/25,Sat,,,,
2005/06/24,Fri,7.275,7.280,7.340,7.230
2005/06/23,Thu,7.260,7.273,7.320,7.190
2005/06/22,Wed,7.295,7.258,7.320,7.195
2005/06/21,Tue,7.300,7.292,7.310,7.170
2005/06/20,Mon,7.335,7.302,7.480,7.265
2005/06/19,Sun,,,,
2005/06/18,Sat,,,,
2005/06/17,Fri,7.370,7.335,7.440,7.320
2005/06/16,Thu,7.330,7.370,7.445,7.320
2005/06/15,Wed,7.280,7.330,7.400,7.270
2005/06/14,Tue,7.270,7.280,7.315,7.240
2005/06/13,Mon,7.295,7.265,7.330,7.195
2005/06/12,Sun,,,,
2005/06/11,Sat,,,,
2005/06/10,Fri,7.270,7.288,7.310,7.155
2005/06/09,Thu,7.430,7.270,7.450,7.210
2005/06/08,Wed,7.455,7.475,7.530,7.410
2005/06/07,Tue,7.540,7.445,7.565,7.420
2005/06/06,Mon,7.480,7.540,7.620,7.465
2005/06/05,Sun,,,,
2005/06/04,Sat,,,,
2005/06/03,Fri,7.545,7.510,7.615,7.490
2005/06/02,Thu,7.500,7.545,7.630,7.470
2005/06/01,Wed,7.425,7.520,7.610,7.390
2005/05/31,Tue,7.240,7.452,7.500,7.140
2005/05/30,Mon,,,,
2005/05/29,Sun,,,,
2005/05/28,Sat,,,,
2005/05/27,Fri,7.165,7.310,7.315,7.120
2005/05/26,Thu,7.140,7.162,7.240,7.045
2005/05/25,Wed,7.010,7.138,7.155,7.000
2005/05/24,Tue,6.970,7.003,7.115,6.960
2005/05/23,Mon,6.965,6.970,7.035,6.950
2005/05/22,Sun,,,,
2005/05/21,Sat,,,,
2005/05/20,Fri,7.135,6.955,7.160,6.945
2005/05/19,Thu,7.205,7.140,7.245,7.110
2005/05/18,Wed,7.040,7.205,7.235,7.030
2005/05/17,Tue,6.965,7.045,7.085,6.950
2005/05/16,Mon,6.950,6.958,6.990,6.895
2005/05/15,Sun,,,,
2005/05/14,Sat,,,,
2005/05/13,Fri,6.965,6.940,6.980,6.880
2005/05/12,Thu,7.085,6.965,7.090,6.930
2005/05/11,Wed,7.115,7.095,7.135,7.005
2005/05/10,Tue,7.080,7.115,7.175,7.040
2005/05/09,Mon,6.950,7.080,7.120,6.945
2005/05/08,Sun,,,,
2005/05/07,Sat,,,,
2005/05/06,Fri,7.060,6.965,7.090,6.900
2005/05/05,Thu,7.030,7.063,7.100,6.985
2005/05/04,Wed,6.880,7.013,7.050,6.865
2005/05/03,Tue,6.875,6.883,6.915,6.820
2005/05/02,Mon,6.970,6.875,6.995,6.810
2005/05/01,Sun,,,,
2005/04/30,Sat,,,,
2005/04/29,Fri,6.965,6.940,7.060,6.900
2005/04/28,Thu,7.190,6.948,7.195,6.910
2005/04/27,Wed,7.250,7.135,7.260,7.085
2005/04/26,Tue,7.250,7.255,7.320,7.210
2005/04/25,Mon,7.275,7.260,7.300,7.205
2005/04/24,Sun,,,,
2005/04/23,Sat,,,,
2005/04/22,Fri,7.215,7.275,7.335,7.210
2005/04/21,Thu,7.335,7.217,7.345,7.190
2005/04/20,Wed,7.230,7.337,7.360,7.200
2005/04/19,Tue,7.045,7.250,7.265,7.010
2005/04/18,Mon,7.010,7.045,7.090,6.950
2005/04/17,Sun,,,,
2005/04/16,Sat,,,,
2005/04/15,Fri,7.040,7.022,7.095,6.980
2005/04/14,Thu,7.220,7.060,7.230,7.010
2005/04/13,Wed,7.150,7.225,7.270,7.070
2005/04/12,Tue,7.255,7.155,7.310,7.100
2005/04/11,Mon,7.160,7.255,7.300,7.135
2005/04/10,Sun,,,,
2005/04/09,Sat,,,,
2005/04/08,Fri,7.070,7.165,7.170,7.015
2005/04/07,Thu,7.120,7.075,7.175,7.060
2005/04/06,Wed,7.040,7.120,7.155,7.030
2005/04/05,Tue,7.035,7.043,7.095,6.960
2005/04/04,Mon,7.020,7.024,7.045,6.920
2005/04/03,Sun,,,,
2005/04/02,Sat,,,,
2005/04/01,Fri,7.185,7.000,7.190,6.955
2005/03/31,Thu,7.145,7.180,7.225,7.110
2005/03/30,Wed,6.985,7.147,7.170,6.970
2005/03/29,Tue,6.915,6.982,7.020,6.900
2005/03/28,Mon,6.945,6.910,6.965,6.830
2005/03/27,Sun,,,,
2005/03/26,Sat,,,,
2005/03/25,Fri,,,,
2005/03/24,Thu,6.975,6.938,7.020,6.915
2005/03/23,Wed,7.085,6.985,7.100,6.910
2005/03/22,Tue,7.120,7.078,7.165,7.050
2005/03/21,Mon,7.385,7.112,7.390,7.065
2005/03/20,Sun,,,,
2005/03/19,Sat,,,,
2005/03/18,Fri,7.420,7.397,7.420,7.285
2005/03/17,Thu,7.452,7.407,7.495,7.340
2005/03/16,Wed,7.400,7.452,7.485,7.390
2005/03/15,Tue,7.410,7.407,7.530,7.300
2005/03/14,Mon,7.550,7.410,7.565,7.375
2005/03/13,Sun,,,,
2005/03/12,Sat,,,,
2005/03/11,Fri,7.540,7.570,7.620,7.430
2005/03/10,Thu,7.645,7.527,7.670,7.495
2005/03/09,Wed,7.540,7.640,7.680,7.460
2005/03/08,Tue,7.400,7.538,7.610,7.395
2005/03/07,Mon,7.385,7.395,7.465,7.340
2005/03/06,Sun,,,,
2005/03/05,Sat,,,,
2005/03/04,Fri,7.260,7.385,7.435,7.190
2005/03/03,Thu,7.335,7.265,7.380,7.240
2005/03/02,Wed,7.270,7.343,7.380,7.100
2005/03/01,Tue,7.390,7.265,7.390,7.210
2005/02/28,Mon,7.365,7.395,7.495,7.320
2005/02/27,Sun,,,,
2005/02/26,Sat,,,,
2005/02/25,Fri,7.420,7.337,7.420,7.230
2005/02/24,Thu,7.430,7.383,7.495,7.285
2005/02/23,Wed,7.530,7.443,7.560,7.275
2005/02/22,Tue,7.390,7.520,7.570,7.365
2005/02/21,Mon,,,,
2005/02/20,Sun,,,,
2005/02/19,Sat,,,,
2005/02/18,Fri,7.350,7.417,7.455,7.320
2005/02/17,Thu,7.270,7.370,7.430,7.175
2005/02/16,Wed,7.335,7.255,7.360,7.115
2005/02/15,Tue,7.340,7.360,7.405,7.210
2005/02/14,Mon,7.195,7.340,7.350,7.195
2005/02/13,Sun,,,,
2005/02/12,Sat,,,,
2005/02/11,Fri,6.960,7.210,7.240,6.945
2005/02/10,Thu,6.600,6.965,6.980,6.570
2005/02/09,Wed,6.555,6.590,6.610,6.495
2005/02/08,Tue,6.560,6.557,6.600,6.490
2005/02/07,Mon,6.630,6.555,6.700,6.540
2005/02/06,Sun,,,,
2005/02/05,Sat,,,,
2005/02/04,Fri,6.675,6.635,6.710,6.605
2005/02/03,Thu,6.750,6.677,6.780,6.590
2005/02/02,Wed,6.735,6.750,6.820,6.720
2005/02/01,Tue,6.755,6.730,6.780,6.680
2005/01/31,Mon,6.785,6.747,6.790,6.620
2005/01/30,Sun,,,,
2005/01/29,Sat,,,,
2005/01/28,Fri,6.820,6.795,6.880,6.750
2005/01/27,Thu,6.805,6.820,6.835,6.725
2005/01/26,Wed,6.700,6.805,6.850,6.695
2005/01/25,Tue,6.855,6.685,6.870,6.680
2005/01/24,Mon,6.805,6.860,6.890,6.790
2005/01/23,Sun,,,,
2005/01/22,Sat,,,,
2005/01/21,Fri,6.565,6.812,6.830,6.550
2005/01/20,Thu,6.620,6.558,6.640,6.470
2005/01/19,Wed,6.650,6.625,6.745,6.605
2005/01/18,Tue,6.595,6.655,6.680,6.565
2005/01/17,Mon,,,,
2005/01/16,Sun,,,,
2005/01/15,Sat,,,,
2005/01/14,Fri,6.750,6.595,6.775,6.580
2005/01/13,Thu,6.730,6.745,6.775,6.680
2005/01/12,Wed,6.650,6.743,6.750,6.600
2005/01/11,Tue,6.460,6.638,6.670,6.450
2005/01/10,Mon,6.450,6.450,6.500,6.420
2005/01/09,Sun,,,,
2005/01/08,Sat,,,,
2005/01/07,Fri,6.460,6.448,6.595,6.390
2005/01/06,Thu,6.540,6.455,6.565,6.410
2005/01/05,Wed,6.460,6.535,6.590,6.410
2005/01/04,Tue,6.520,6.452,6.545,6.350
2005/01/03,Mon,6.840,6.507,6.840,6.490
2005/01/02,Sun,,,,
2005/01/01,Sat,,,,
2004/12/31,Fri,,,,
2004/12/30,Thu,6.835,6.837,6.885,6.800
2004/12/29,Wed,7.050,6.827,7.060,6.800
2004/12/28,Tue,7.010,7.058,7.075,6.960
2004/12/27,Mon,6.945,7.005,7.090,6.935
2004/12/26,Sun,,,,
2004/12/25,Sat,,,,
2004/12/24,Fri,,,,
2004/12/23,Thu,6.850,6.915,6.975,6.835
2004/12/22,Wed,6.925,6.835,6.965,6.820
2004/12/21,Tue,6.870,6.927,6.935,6.830
2004/12/20,Mon,6.815,6.865,6.955,6.815
2004/12/19,Sun,,,,
2004/12/18,Sat,,,,
2004/12/17,Fri,6.720,6.803,6.820,6.665
2004/12/16,Thu,6.910,6.727,6.970,6.700
2004/12/15,Wed,6.760,6.880,6.955,6.735
2004/12/14,Tue,6.860,6.755,6.900,6.680
2004/12/13,Mon,6.740,6.830,6.930,6.740
2004/12/12,Sun,,,,
2004/12/11,Sat,,,,
2004/12/10,Fri,6.800,6.743,6.865,6.640
2004/12/09,Thu,7.160,6.800,7.220,6.620
2004/12/08,Wed,7.890,7.145,7.890,7.030
2004/12/07,Tue,7.965,7.885,7.980,7.860
2004/12/06,Mon,8.080,7.963,8.080,7.935
2004/12/05,Sun,,,,
2004/12/04,Sat,,,,
2004/12/03,Fri,7.960,8.043,8.090,7.840
2004/12/02,Thu,8.090,7.960,8.235,7.915
2004/12/01,Wed,7.770,8.080,8.130,7.765
2004/11/30,Tue,7.820,7.777,7.870,7.710
2004/11/29,Mon,7.690,7.825,7.855,7.660
2004/11/28,Sun,,,,
2004/11/27,Sat,,,,
2004/11/26,Fri,,,,
2004/11/25,Thu,,,,
2004/11/24,Wed,7.580,7.613,7.630,7.540
2004/11/23,Tue,7.570,7.555,7.615,7.505
2004/11/22,Mon,7.600,7.572,7.660,7.565
2004/11/21,Sun,,,,
2004/11/20,Sat,,,,
2004/11/19,Fri,7.560,7.600,7.650,7.500
2004/11/18,Thu,7.660,7.552,7.750,7.510
2004/11/17,Wed,7.580,7.665,7.680,7.550
2004/11/16,Tue,7.555,7.592,7.630,7.480
2004/11/15,Mon,7.620,7.572,7.660,7.495
2004/11/14,Sun,,,,
2004/11/13,Sat,,,,
2004/11/12,Fri,7.490,7.622,7.670,7.435
2004/11/11,Thu,7.405,7.477,7.490,7.405
2004/11/10,Wed,7.520,7.420,7.555,7.360
2004/11/09,Tue,7.495,7.535,7.585,7.435
2004/11/08,Mon,7.520,7.487,7.580,7.420
2004/11/07,Sun,,,,
2004/11/06,Sat,,,,
2004/11/05,Fri,7.375,7.505,7.520,7.280
2004/11/04,Thu,7.150,7.383,7.490,7.150
2004/11/03,Wed,7.025,7.158,7.190,6.985
2004/11/02,Tue,7.310,7.020,7.330,6.920
2004/11/01,Mon,7.340,7.330,7.380,7.235
2004/10/31,Sun,,,,
2004/10/30,Sat,,,,
2004/10/29,Fri,7.180,7.305,7.330,7.120
2004/10/28,Thu,7.200,7.192,7.250,7.060
2004/10/27,Wed,7.350,7.202,7.445,7.170
2004/10/26,Tue,7.367,7.340,7.390,7.250
2004/10/25,Mon,7.370,7.380,7.530,7.350
2004/10/24,Sun,,,,
2004/10/23,Sat,,,,
2004/10/22,Fri,7.310,7.333,7.370,7.200
2004/10/21,Thu,7.340,7.310,7.420,7.195
2004/10/20,Wed,7.200,7.352,7.385,7.150
2004/10/19,Tue,6.985,7.195,7.210,6.910
2004/10/18,Mon,7.100,6.987,7.110,6.970
2004/10/17,Sun,,,,
2004/10/16,Sat,,,,
2004/10/15,Fri,7.060,7.110,7.170,7.030
2004/10/14,Thu,6.950,7.055,7.110,6.950
2004/10/13,Wed,7.070,6.900,7.080,6.800
2004/10/12,Tue,7.240,7.055,7.265,6.960
2004/10/11,Mon,7.300,7.252,7.320,7.190
2004/10/10,Sun,,,,
2004/10/09,Sat,,,,
2004/10/08,Fri,7.210,7.295,7.340,7.170
2004/10/07,Thu,7.245,7.217,7.300,7.165
2004/10/06,Wed,7.100,7.245,7.280,7.085
2004/10/05,Tue,6.780,7.102,7.135,6.720
2004/10/04,Mon,6.935,6.765,6.985,6.720
2004/10/03,Sun,,,,
2004/10/02,Sat,,,,
2004/10/01,Fri,6.955,6.943,7.000,6.880
2004/09/30,Thu,6.690,6.938,6.980,6.665
2004/09/29,Wed,6.610,6.695,6.750,6.570
2004/09/28,Tue,6.550,6.610,6.680,6.535
2004/09/27,Mon,6.420,6.550,6.570,6.395
2004/09/26,Sun,,,,
2004/09/25,Sat,,,,
2004/09/24,Fri,6.470,6.425,6.510,6.395
2004/09/23,Thu,6.375,6.470,6.490,6.365
2004/09/22,Wed,6.365,6.375,6.405,6.275
2004/09/21,Tue,6.280,6.373,6.400,6.265
2004/09/20,Mon,6.288,6.280,6.295,6.225
2004/09/19,Sun,,,,
2004/09/18,Sat,,,,
2004/09/17,Fri,6.315,6.288,6.325,6.210
2004/09/16,Thu,6.295,6.318,6.355,6.260
2004/09/15,Wed,6.240,6.300,6.325,6.170
2004/09/14,Tue,6.250,6.230,6.310,6.210
2004/09/13,Mon,6.175,6.215,6.260,6.070
2004/09/12,Sun,,,,
2004/09/11,Sat,,,,
2004/09/10,Fri,6.190,6.165,6.255,6.150
2004/09/09,Thu,6.220,6.188,6.280,6.115
2004/09/08,Wed,6.235,6.212,6.280,6.100
2004/09/07,Tue,6.605,6.235,6.625,6.205
2004/09/06,Mon,,,,
2004/09/05,Sun,,,,
2004/09/04,Sat,,,,
2004/09/03,Fri,6.820,6.590,6.830,6.500
2004/09/02,Thu,6.810,6.810,6.855,6.750
2004/09/01,Wed,6.800,6.830,6.850,6.740
2004/08/31,Tue,6.760,6.812,6.830,6.705
2004/08/30,Mon,6.630,6.747,6.865,6.625
2004/08/29,Sun,,,,
2004/08/28,Sat,,,,
2004/08/27,Fri,6.715,6.627,6.770,6.610
2004/08/26,Thu,6.635,6.678,6.700,6.575
2004/08/25,Wed,6.575,6.613,6.670,6.550
2004/08/24,Tue,6.745,6.577,6.750,6.540
2004/08/23,Mon,6.870,6.745,6.870,6.665
2004/08/22,Sun,,,,
2004/08/21,Sat,,,,
2004/08/20,Fri,6.820,6.870,7.010,6.775
2004/08/19,Thu,6.845,6.820,6.940,6.805
2004/08/18,Wed,6.740,6.837,6.880,6.630
2004/08/17,Tue,6.737,6.730,6.785,6.660
2004/08/16,Mon,6.635,6.737,6.785,6.635
2004/08/15,Sun,,,,
2004/08/14,Sat,,,,
2004/08/13,Fri,6.590,6.625,6.665,6.490
2004/08/12,Thu,6.520,6.557,6.650,6.490
2004/08/11,Wed,6.720,6.527,6.745,6.460
2004/08/10,Tue,6.700,6.722,6.825,6.685
2004/08/09,Mon,6.755,6.737,6.780,6.580
2004/08/08,Sun,,,,
2004/08/07,Sat,,,,
2004/08/06,Fri,6.750,6.775,6.900,6.680
2004/08/05,Thu,6.730,6.750,6.765,6.640
2004/08/04,Wed,6.690,6.737,6.830,6.575
2004/08/03,Tue,6.605,6.685,6.695,6.480
2004/08/02,Mon,6.585,6.620,6.705,6.540
2004/08/01,Sun,,,,
2004/07/31,Sat,,,,
2004/07/30,Fri,6.365,6.560,6.650,6.340
2004/07/29,Thu,6.370,6.355,6.410,6.235
2004/07/28,Wed,6.250,6.373,6.385,6.110
2004/07/27,Tue,6.245,6.247,6.300,6.160
2004/07/26,Mon,6.345,6.245,6.365,6.165
2004/07/25,Sun,,,,
2004/07/24,Sat,,,,
2004/07/23,Fri,6.445,6.345,6.445,6.240
2004/07/22,Thu,6.415,6.428,6.510,6.350
2004/07/21,Wed,6.615,6.410,6.615,6.340
2004/07/20,Tue,6.595,6.612,6.655,6.445
2004/07/19,Mon,6.705,6.600,6.780,6.565
2004/07/18,Sun,,,,
2004/07/17,Sat,,,,
2004/07/16,Fri,6.660,6.725,6.760,6.600
2004/07/15,Thu,6.615,6.663,6.695,6.540
2004/07/14,Wed,6.400,6.612,6.625,6.390
2004/07/13,Tue,6.542,6.392,6.545,6.280
2004/07/12,Mon,6.500,6.542,6.585,6.450
2004/07/11,Sun,,,,
2004/07/10,Sat,,,,
2004/07/09,Fri,6.415,6.475,6.570,6.375
2004/07/08,Thu,6.130,6.435,6.470,6.105
2004/07/07,Wed,5.985,6.125,6.160,5.985
2004/07/06,Tue,6.010,5.980,6.080,5.890
2004/07/05,Mon,,,,
2004/07/04,Sun,,,,
2004/07/03,Sat,,,,
2004/07/02,Fri,5.965,6.015,6.080,5.835
2004/07/01,Thu,5.830,5.953,5.975,5.820
2004/06/30,Wed,5.865,5.795,6.015,5.730
2004/06/29,Tue,5.945,5.873,5.970,5.815
2004/06/28,Mon,6.120,5.898,6.195,5.880
2004/06/27,Sun,,,,
2004/06/26,Sat,,,,
2004/06/25,Fri,6.169,6.127,6.190,6.090
2004/06/24,Thu,5.875,6.175,6.200,5.860
2004/06/23,Wed,5.860,5.875,5.935,5.830
2004/06/22,Tue,5.875,5.867,5.925,5.795
2004/06/21,Mon,5.980,5.860,6.050,5.740
2004/06/20,Sun,,,,
2004/06/19,Sat,,,,
2004/06/18,Fri,5.925,5.983,6.045,5.860
2004/06/17,Thu,5.730,5.925,5.930,5.710
2004/06/16,Wed,5.740,5.725,5.775,5.635
2004/06/15,Tue,5.650,5.735,5.770,5.630
2004/06/14,Mon,5.720,5.658,5.785,5.630
2004/06/13,Sun,,,,
2004/06/12,Sat,,,,
2004/06/11,Fri,,,,
2004/06/10,Thu,5.640,5.748,5.755,5.600
2004/06/09,Wed,5.770,5.633,5.820,5.610
2004/06/08,Tue,5.895,5.770,5.945,5.740
2004/06/07,Mon,5.820,5.900,5.925,5.810
2004/06/06,Sun,,,,
2004/06/05,Sat,,,,
2004/06/04,Fri,5.735,5.810,5.835,5.650
2004/06/03,Thu,5.810,5.735,5.880,5.715
2004/06/02,Wed,6.060,5.838,6.125,5.800
2004/06/01,Tue,6.145,6.055,6.200,6.040
2004/05/31,Mon,,,,
2004/05/30,Sun,,,,
2004/05/29,Sat,,,,
2004/05/28,Fri,6.200,6.110,6.250,6.030
2004/05/27,Thu,6.055,6.195,6.220,6.055
2004/05/26,Wed,6.085,6.055,6.170,6.010
2004/05/25,Tue,6.010,6.085,6.110,5.960
2004/05/24,Mon,5.885,5.997,6.020,5.785
2004/05/23,Sun,,,,
2004/05/22,Sat,,,,
2004/05/21,Fri,5.780,5.870,5.960,5.780
2004/05/20,Thu,5.930,5.780,5.930,5.770
2004/05/19,Wed,5.665,5.927,5.940,5.660
2004/05/18,Tue,5.685,5.680,5.775,5.625
2004/05/17,Mon,5.735,5.675,5.905,5.635
2004/05/16,Sun,,,,
2004/05/15,Sat,,,,
2004/05/14,Fri,5.615,5.728,5.750,5.560
2004/05/13,Thu,5.580,5.615,5.650,5.510
2004/05/12,Wed,5.560,5.565,5.730,5.555
2004/05/11,Tue,5.780,5.523,5.830,5.500
2004/05/10,Mon,5.595,5.765,5.775,5.455
2004/05/09,Sun,,,,
2004/05/08,Sat,,,,
2004/05/07,Fri,5.820,5.600,5.915,5.585
2004/05/06,Thu,6.130,5.830,6.140,5.770
2004/05/05,Wed,6.090,6.115,6.170,6.030
2004/05/04,Tue,6.040,6.048,6.175,6.010
2004/05/03,Mon,6.165,6.028,6.165,5.860
2004/05/02,Sun,,,,
2004/05/01,Sat,,,,
2004/04/30,Fri,5.850,6.090,6.150,5.850
2004/04/29,Thu,5.880,5.838,5.990,5.555
2004/04/28,Wed,6.235,5.867,6.290,5.825
2004/04/27,Tue,6.180,6.235,6.300,6.175
2004/04/26,Mon,6.180,6.173,6.245,6.150
2004/04/25,Sun,,,,
2004/04/24,Sat,,,,
2004/04/23,Fri,6.050,6.163,6.205,6.050
2004/04/22,Thu,6.145,6.028,6.265,6.000
2004/04/21,Wed,6.940,6.170,6.950,6.140
2004/04/20,Tue,7.210,6.945,7.230,6.895
2004/04/19,Mon,7.165,7.210,7.300,7.160
2004/04/18,Sun,,,,
2004/04/17,Sat,,,,
2004/04/16,Fri,7.095,7.145,7.240,7.030
2004/04/15,Thu,7.030,7.078,7.150,6.850
2004/04/14,Wed,7.450,7.005,7.460,6.830
2004/04/13,Tue,8.035,7.450,8.045,7.350
2004/04/12,Mon,8.125,8.030,8.200,7.820
2004/04/11,Sun,,,,
2004/04/10,Sat,,,,
2004/04/09,Fri,,,,
2004/04/08,Thu,8.190,8.090,8.265,8.035
2004/04/07,Wed,8.220,8.190,8.285,8.070
2004/04/06,Tue,8.115,8.220,8.275,8.105
2004/04/05,Mon,8.185,8.117,8.345,8.020
2004/04/04,Sun,,,,
2004/04/03,Sat,,,,
2004/04/02,Fri,8.150,8.155,8.500,7.935
2004/04/01,Thu,7.930,8.148,8.210,7.905
2004/03/31,Wed,7.780,7.945,7.950,7.775
2004/03/30,Tue,7.620,7.775,7.795,7.610
2004/03/29,Mon,7.720,7.625,7.755,7.605
2004/03/28,Sun,,,,
2004/03/27,Sat,,,,
2004/03/26,Fri,7.595,7.717,7.810,7.520
2004/03/25,Thu,7.600,7.602,7.650,7.480
2004/03/24,Wed,7.715,7.650,7.785,7.575
2004/03/23,Tue,7.630,7.708,7.720,7.565
2004/03/22,Mon,7.565,7.628,7.765,7.515
2004/03/21,Sun,,,,
2004/03/20,Sat,,,,
2004/03/19,Fri,7.460,7.563,7.720,7.400
2004/03/18,Thu,7.260,7.465,7.480,7.240
2004/03/17,Wed,7.170,7.260,7.275,7.120
2004/03/16,Tue,7.140,7.167,7.210,7.125
2004/03/15,Mon,7.075,7.140,7.165,7.075
2004/03/14,Sun,,,,
2004/03/13,Sat,,,,
2004/03/12,Fri,7.200,7.063,7.290,6.940
2004/03/11,Thu,7.155,7.193,7.245,7.065
2004/03/10,Wed,7.165,7.185,7.280,7.090
2004/03/09,Tue,7.000,7.180,7.200,6.920
2004/03/08,Mon,6.985,6.990,7.070,6.890
2004/03/07,Sun,,,,
2004/03/06,Sat,,,,
2004/03/05,Fri,6.770,6.990,7.000,6.750
2004/03/04,Thu,6.765,6.768,6.870,6.710
2004/03/03,Wed,6.720,6.752,6.855,6.555
2004/03/02,Tue,6.950,6.725,7.000,6.700
2004/03/01,Mon,6.715,6.945,7.030,6.680
2004/02/29,Sun,,,,
2004/02/28,Sat,,,,
2004/02/27,Fri,6.730,6.715,6.790,6.580
2004/02/26,Thu,6.555,6.730,6.755,6.310
2004/02/25,Wed,6.620,6.535,6.800,6.510
2004/02/24,Tue,6.490,6.622,6.635,6.490
2004/02/23,Mon,6.550,6.490,6.550,6.395
2004/02/22,Sun,,,,
2004/02/21,Sat,,,,
2004/02/20,Fri,6.655,6.533,6.700,6.460
2004/02/19,Thu,6.675,6.658,6.745,6.560
2004/02/18,Wed,6.785,6.700,6.880,6.630
2004/02/17,Tue,6.585,6.780,6.785,6.580
2004/02/16,Mon,,,,
2004/02/15,Sun,,,,
2004/02/14,Sat,,,,
2004/02/13,Fri,6.620,6.582,6.740,6.470
2004/02/12,Thu,6.555,6.620,6.720,6.505
2004/02/11,Wed,6.390,6.558,6.600,6.310
2004/02/10,Tue,6.425,6.388,6.480,6.380
2004/02/09,Mon,6.260,6.428,6.440,6.245
2004/02/08,Sun,,,,
2004/02/07,Sat,,,,
2004/02/06,Fri,6.120,6.278,6.490,6.035
2004/02/05,Thu,6.145,6.123,6.220,6.090
2004/02/04,Wed,6.130,6.148,6.185,6.070
2004/02/03,Tue,6.050,6.123,6.220,6.030
2004/02/02,Mon,6.250,6.043,6.300,5.950
2004/02/01,Sun,,,,
2004/01/31,Sat,,,,
2004/01/30,Fri,6.250,6.250,6.295,6.185
2004/01/29,Thu,6.550,6.230,6.565,6.120
2004/01/28,Wed,6.550,6.630,6.650,6.500
2004/01/27,Tue,6.290,6.555,6.570,6.255
2004/01/26,Mon,6.360,6.312,6.360,6.250
2004/01/25,Sun,,,,
2004/01/24,Sat,,,,
2004/01/23,Fri,6.345,6.360,6.385,6.270
2004/01/22,Thu,6.210,6.350,6.410,6.165
2004/01/21,Wed,6.330,6.208,6.370,6.100
2004/01/20,Tue,6.320,6.323,6.410,6.275
2004/01/19,Mon,,,,
2004/01/18,Sun,,,,
2004/01/17,Sat,,,,
2004/01/16,Fri,6.195,6.330,6.340,6.165
2004/01/15,Thu,6.430,6.213,6.430,6.190
2004/01/14,Wed,6.595,6.430,6.625,6.370
2004/01/13,Tue,6.610,6.597,6.680,6.525
2004/01/12,Mon,6.515,6.617,6.795,6.480
2004/01/11,Sun,,,,
2004/01/10,Sat,,,,
2004/01/09,Fri,6.265,6.497,6.520,6.215
2004/01/08,Thu,6.260,6.273,6.300,6.160
2004/01/07,Wed,6.320,6.263,6.335,6.205
2004/01/06,Tue,6.240,6.328,6.475,6.215
2004/01/05,Mon,5.995,6.245,6.300,5.995
2004/01/04,Sun,,,,
2004/01/03,Sat,,,,
2004/01/02,Fri,,,,
2004/01/01,Thu,,,,
2003/12/31,Wed,6.000,5.965,6.050,5.940
2003/12/30,Tue,5.935,5.993,6.000,5.920
2003/12/29,Mon,5.800,5.930,5.935,5.790
2003/12/28,Sun,,,,
2003/12/27,Sat,,,,
2003/12/26,Fri,,,,
2003/12/25,Thu,,,,
2003/12/24,Wed,5.750,5.793,5.805,5.735
2003/12/23,Tue,5.720,5.748,5.760,5.700
2003/12/22,Mon,5.735,5.725,5.775,5.695
2003/12/21,Sun,,,,
2003/12/20,Sat,,,,
2003/12/19,Fri,5.730,5.738,5.740,5.690
2003/12/18,Thu,5.710,5.728,5.760,5.625
2003/12/17,Wed,5.645,5.708,5.720,5.630
2003/12/16,Tue,5.657,5.645,5.715,5.640
2003/12/15,Mon,5.555,5.657,5.680,5.420
2003/12/14,Sun,,,,
2003/12/13,Sat,,,,
2003/12/12,Fri,5.605,5.640,5.655,5.580
2003/12/11,Thu,5.615,5.597,5.620,5.515
2003/12/10,Wed,5.660,5.620,5.735,5.600
2003/12/09,Tue,5.560,5.655,5.660,5.555
2003/12/08,Mon,5.495,5.560,5.565,5.460
2003/12/07,Sun,,,,
2003/12/06,Sat,,,,
2003/12/05,Fri,5.450,5.492,5.530,5.425
2003/12/04,Thu,5.495,5.472,5.505,5.380
2003/12/03,Wed,5.520,5.492,5.525,5.440
2003/12/02,Tue,5.485,5.520,5.545,5.425
2003/12/01,Mon,5.390,5.470,5.570,5.380
2003/11/30,Sun,,,,
2003/11/29,Sat,,,,
2003/11/28,Fri,,,,
2003/11/27,Thu,,,,
2003/11/26,Wed,5.290,5.355,5.390,5.290
2003/11/25,Tue,5.250,5.298,5.335,5.190
2003/11/24,Mon,5.295,5.245,5.305,5.190
2003/11/23,Sun,,,,
2003/11/22,Sat,,,,
2003/11/21,Fri,5.265,5.295,5.325,5.240
2003/11/20,Thu,5.270,5.262,5.350,5.235
2003/11/19,Wed,5.365,5.270,5.415,5.250
2003/11/18,Tue,5.230,5.367,5.380,5.220
2003/11/17,Mon,5.400,5.227,5.430,5.140
2003/11/16,Sun,,,,
2003/11/15,Sat,,,,
2003/11/14,Fri,5.295,5.415,5.430,5.275
2003/11/13,Thu,5.320,5.295,5.370,5.270
2003/11/12,Wed,5.070,5.335,5.345,5.065
2003/11/11,Tue,5.090,5.067,5.100,5.040
2003/11/10,Mon,5.055,5.090,5.100,5.035
2003/11/09,Sun,,,,
2003/11/08,Sat,,,,
2003/11/07,Fri,4.955,5.058,5.060,4.935
2003/11/06,Thu,5.000,4.957,5.010,4.950
2003/11/05,Wed,5.045,4.985,5.070,4.975
2003/11/04,Tue,4.930,5.030,5.060,4.930
2003/11/03,Mon,5.065,4.927,5.090,4.920
2003/11/02,Sun,,,,
2003/11/01,Sat,,,,
2003/10/31,Fri,5.140,5.065,5.205,5.015
2003/10/30,Thu,5.145,5.135,5.210,5.115
2003/10/29,Wed,5.100,5.142,5.190,5.070
2003/10/28,Tue,5.190,5.097,5.190,5.090
2003/10/27,Mon,5.170,5.192,5.210,5.110
2003/10/26,Sun,,,,
2003/10/25,Sat,,,,
2003/10/24,Fri,5.165,5.165,5.220,5.150
2003/10/23,Thu,5.135,5.172,5.190,5.105
2003/10/22,Wed,5.068,5.135,5.155,5.055
2003/10/21,Tue,5.005,5.068,5.090,4.990
2003/10/20,Mon,4.940,5.005,5.030,4.930
2003/10/19,Sun,,,,
2003/10/18,Sat,,,,
2003/10/17,Fri,4.930,4.940,4.980,4.890
2003/10/16,Thu,4.950,4.922,4.975,4.890
2003/10/15,Wed,4.930,4.947,4.965,4.860
2003/10/14,Tue,4.970,4.932,4.975,4.885
2003/10/13,Mon,4.915,4.980,4.985,4.865
2003/10/12,Sun,,,,
2003/10/11,Sat,,,,
2003/10/10,Fri,4.845,4.910,4.925,4.840
2003/10/09,Thu,4.875,4.842,4.910,4.770
2003/10/08,Wed,4.880,4.870,4.920,4.855
2003/10/07,Tue,4.815,4.880,4.890,4.805
2003/10/06,Mon,4.855,4.815,4.905,4.745
2003/10/05,Sun,,,,
2003/10/04,Sat,,,,
2003/10/03,Fri,5.105,4.835,5.140,4.820
2003/10/02,Thu,5.110,5.100,5.140,5.075
2003/10/01,Wed,5.155,5.105,5.165,5.075
2003/09/30,Tue,5.090,5.142,5.190,5.080
2003/09/29,Mon,5.155,5.075,5.220,5.070
2003/09/28,Sun,,,,
2003/09/27,Sat,,,,
2003/09/26,Fri,5.225,5.145,5.245,5.135
2003/09/25,Thu,5.335,5.222,5.395,5.210
2003/09/24,Wed,5.245,5.310,5.340,5.225
2003/09/23,Tue,5.280,5.245,5.305,5.180
2003/09/22,Mon,5.285,5.275,5.370,5.245
2003/09/21,Sun,,,,
2003/09/20,Sat,,,,
2003/09/19,Fri,5.270,5.292,5.335,5.235
2003/09/18,Thu,5.292,5.265,5.375,5.195
2003/09/17,Wed,5.230,5.292,5.305,5.200
2003/09/16,Tue,5.205,5.230,5.240,5.175
2003/09/15,Mon,5.215,5.210,5.235,5.105
2003/09/14,Sun,,,,
2003/09/13,Sat,,,,
2003/09/12,Fri,5.345,5.217,5.380,5.180
2003/09/11,Thu,5.270,5.345,5.370,5.250
2003/09/10,Wed,5.265,5.265,5.290,5.215
2003/09/09,Tue,5.100,5.265,5.305,5.100
2003/09/08,Mon,5.150,5.107,5.155,5.085
2003/09/07,Sun,,,,
2003/09/06,Sat,,,,
2003/09/05,Fri,5.020,5.150,5.185,5.020
2003/09/04,Thu,5.080,5.035,5.090,5.020
2003/09/03,Wed,5.010,5.080,5.090,4.990
2003/09/02,Tue,5.135,5.010,5.190,4.970
2003/09/01,Mon,,,,
2003/08/31,Sun,,,,
2003/08/30,Sat,,,,
2003/08/29,Fri,5.150,5.132,5.195,5.120
2003/08/28,Thu,5.150,5.150,5.165,5.090
2003/08/27,Wed,5.005,5.131,5.160,4.990
2003/08/26,Tue,4.990,5.002,5.005,4.940
2003/08/25,Mon,4.990,4.992,5.015,4.975
2003/08/24,Sun,,,,
2003/08/23,Sat,,,,
2003/08/22,Fri,4.935,4.997,5.020,4.925
2003/08/21,Thu,5.010,4.945,5.045,4.920
2003/08/20,Wed,5.005,5.022,5.030,4.960
2003/08/19,Tue,4.930,4.995,5.025,4.920
2003/08/18,Mon,4.935,4.927,4.950,4.885
2003/08/17,Sun,,,,
2003/08/16,Sat,,,,
2003/08/15,Fri,5.025,4.927,5.045,4.880
2003/08/14,Thu,5.025,5.035,5.075,4.995
2003/08/13,Wed,4.860,5.030,5.040,4.850
2003/08/12,Tue,5.010,4.862,5.020,4.820
2003/08/11,Mon,4.990,5.000,5.015,4.925
2003/08/10,Sun,,,,
2003/08/09,Sat,,,,
2003/08/08,Fri,5.045,4.992,5.070,4.960
2003/08/07,Thu,4.970,5.038,5.090,4.910
2003/08/06,Wed,4.940,4.970,4.985,4.910
2003/08/05,Tue,5.030,4.940,5.045,4.910
2003/08/04,Mon,5.085,5.020,5.110,4.955
2003/08/03,Sun,,,,
2003/08/02,Sat,,,,
2003/08/01,Fri,5.125,5.097,5.175,5.060
2003/07/31,Thu,5.070,5.120,5.230,5.045
2003/07/30,Wed,5.155,5.060,5.160,5.035
2003/07/29,Tue,5.170,5.165,5.180,5.035
2003/07/28,Mon,5.075,5.195,5.230,5.045
2003/07/27,Sun,,,,
2003/07/26,Sat,,,,
2003/07/25,Fri,5.110,5.075,5.110,5.015
2003/07/24,Thu,5.055,5.110,5.170,5.010
2003/07/23,Wed,4.790,5.070,5.100,4.790
2003/07/22,Tue,4.745,4.790,4.805,4.745
2003/07/21,Mon,4.720,4.750,4.790,4.715
2003/07/20,Sun,,,,
2003/07/19,Sat,,,,
2003/07/18,Fri,4.675,4.730,4.740,4.630
2003/07/17,Thu,4.660,4.678,4.705,4.655
2003/07/16,Wed,4.660,4.663,4.705,4.645
2003/07/15,Tue,4.800,4.658,4.800,4.650
2003/07/14,Mon,4.805,4.797,4.825,4.770
2003/07/13,Sun,,,,
2003/07/12,Sat,,,,
2003/07/11,Fri,4.815,4.805,4.845,4.765
2003/07/10,Thu,4.820,4.815,4.895,4.795
2003/07/09,Wed,4.745,4.825,4.835,4.735
2003/07/08,Tue,4.730,4.745,4.775,4.695
2003/07/07,Mon,4.690,4.738,4.750,4.670
2003/07/06,Sun,,,,
2003/07/05,Sat,,,,
2003/07/04,Fri,,,,
2003/07/03,Thu,4.650,4.693,4.705,4.630
2003/07/02,Wed,4.580,4.645,4.680,4.575
2003/07/01,Tue,4.565,4.585,4.610,4.555
2003/06/30,Mon,4.520,4.568,4.570,4.510
2003/06/29,Sun,,,,
2003/06/28,Sat,,,,
2003/06/27,Fri,4.535,4.518,4.560,4.510
2003/06/26,Thu,4.555,4.523,4.555,4.500
2003/06/25,Wed,4.510,4.565,4.580,4.495
2003/06/24,Tue,4.560,4.515,4.565,4.490
2003/06/23,Mon,4.530,4.558,4.565,4.505
2003/06/22,Sun,,,,
2003/06/21,Sat,,,,
2003/06/20,Fri,4.570,4.528,4.581,4.520
2003/06/19,Thu,4.555,4.570,4.590,4.510
2003/06/18,Wed,4.610,4.558,4.620,4.530
2003/06/17,Tue,4.620,4.610,4.640,4.595
2003/06/16,Mon,4.570,4.612,4.620,4.570
2003/06/15,Sun,,,,
2003/06/14,Sat,,,,
2003/06/13,Fri,4.505,4.575,4.585,4.500
2003/06/12,Thu,4.515,4.505,4.515,4.475
2003/06/11,Wed,4.470,4.500,4.520,4.430
2003/06/10,Tue,4.520,4.470,4.530,4.455
2003/06/09,Mon,4.540,4.518,4.560,4.485
2003/06/08,Sun,,,,
2003/06/07,Sat,,,,
2003/06/06,Fri,4.510,4.545,4.590,4.505
2003/06/05,Thu,4.495,4.500,4.510,4.475
2003/06/04,Wed,4.520,4.500,4.545,4.480
2003/06/03,Tue,4.515,4.510,4.530,4.500
2003/06/02,Mon,4.540,4.508,4.565,4.495
2003/06/01,Sun,,,,
2003/05/31,Sat,,,,
2003/05/30,Fri,4.580,4.533,4.590,4.510
2003/05/29,Thu,4.610,4.575,4.640,4.540
2003/05/28,Wed,4.625,4.640,4.645,4.580
2003/05/27,Tue,4.660,4.625,4.710,4.620
2003/05/26,Mon,,,,
2003/05/25,Sun,,,,
2003/05/24,Sat,,,,
2003/05/23,Fri,4.660,4.647,4.690,4.625
2003/05/22,Thu,4.725,4.662,4.760,4.650
2003/05/21,Wed,4.775,4.725,4.800,4.700
2003/05/20,Tue,4.830,4.772,4.865,4.755
2003/05/19,Mon,4.795,4.820,4.870,4.795
2003/05/18,Sun,,,,
2003/05/17,Sat,,,,
2003/05/16,Fri,4.780,4.790,4.845,4.770
2003/05/15,Thu,4.875,4.780,4.890,4.760
2003/05/14,Wed,4.830,4.872,4.890,4.820
2003/05/13,Tue,4.865,4.825,4.875,4.820
2003/05/12,Mon,4.795,4.872,4.910,4.770
2003/05/11,Sun,,,,
2003/05/10,Sat,,,,
2003/05/09,Fri,4.805,4.800,4.815,4.770
2003/05/08,Thu,4.742,4.802,4.815,4.730
2003/05/07,Wed,4.800,4.742,4.815,4.715
2003/05/06,Tue,4.825,4.800,4.835,4.770
2003/05/05,Mon,4.795,4.815,4.825,4.770
2003/05/04,Sun,,,,
2003/05/03,Sat,,,,
2003/05/02,Fri,4.770,4.797,4.825,4.740
2003/05/01,Thu,4.660,4.775,4.780,4.650
2003/04/30,Wed,4.570,4.652,4.670,4.565
2003/04/29,Tue,4.590,4.565,4.600,4.560
2003/04/28,Mon,4.625,4.580,4.645,4.535
2003/04/27,Sun,,,,
2003/04/26,Sat,,,,
2003/04/25,Fri,4.635,4.632,4.655,4.620
2003/04/24,Thu,4.620,4.645,4.660,4.600
2003/04/23,Wed,4.590,4.625,4.665,4.570
2003/04/22,Tue,4.530,4.597,4.605,4.530
2003/04/21,Mon,4.475,4.535,4.550,4.465
2003/04/20,Sun,,,,
2003/04/19,Sat,,,,
2003/04/18,Fri,,,,
2003/04/17,Thu,4.475,4.470,4.495,4.460
2003/04/16,Wed,4.520,4.485,4.530,4.450
2003/04/15,Tue,4.535,4.523,4.545,4.510
2003/04/14,Mon,4.485,4.538,4.545,4.475
2003/04/13,Sun,,,,
2003/04/12,Sat,,,,
2003/04/11,Fri,4.480,4.493,4.500,4.450
2003/04/10,Thu,4.480,4.490,4.495,4.455
2003/04/09,Wed,4.480,4.483,4.500,4.435
2003/04/08,Tue,4.425,4.478,4.530,4.410
2003/04/07,Mon,4.405,4.423,4.435,4.380
2003/04/06,Sun,,,,
2003/04/05,Sat,,,,
2003/04/04,Fri,4.415,4.415,4.430,4.390
2003/04/03,Thu,4.400,4.413,4.435,4.365
2003/04/02,Wed,4.440,4.402,4.445,4.350
2003/04/01,Tue,4.465,4.437,4.470,4.415
2003/03/31,Mon,4.445,4.465,4.475,4.430
2003/03/30,Sun,,,,
2003/03/29,Sat,,,,
2003/03/28,Fri,4.390,4.433,4.460,4.360
2003/03/27,Thu,4.400,4.393,4.415,4.365
2003/03/26,Wed,4.400,4.398,4.415,4.380
2003/03/25,Tue,4.370,4.393,4.430,4.350
2003/03/24,Mon,4.360,4.368,4.395,4.355
2003/03/23,Sun,,,,
2003/03/22,Sat,,,,
2003/03/21,Fri,4.415,4.353,4.430,4.340
2003/03/20,Thu,4.420,4.415,4.455,4.395
2003/03/19,Wed,4.480,4.420,4.495,4.415
2003/03/18,Tue,4.460,4.463,4.495,4.450
2003/03/17,Mon,4.545,4.450,4.610,4.445
2003/03/16,Sun,,,,
2003/03/15,Sat,,,,
2003/03/14,Fri,4.540,4.538,4.555,4.515
2003/03/13,Thu,4.635,4.540,4.635,4.500
2003/03/12,Wed,4.685,4.635,4.695,4.630
2003/03/11,Tue,4.680,4.690,4.695,4.640
2003/03/10,Mon,4.690,4.680,4.710,4.675
2003/03/09,Sun,,,,
2003/03/08,Sat,,,,
2003/03/07,Fri,4.675,4.688,4.695,4.605
2003/03/06,Thu,4.645,4.673,4.710,4.635
2003/03/05,Wed,4.665,4.637,4.700,4.605
2003/03/04,Tue,4.680,4.672,4.705,4.655
2003/03/03,Mon,4.600,4.672,4.680,4.585
2003/03/02,Sun,,,,
2003/03/01,Sat,,,,
2003/02/28,Fri,4.575,4.600,4.660,4.550
2003/02/27,Thu,4.670,4.575,4.685,4.570
2003/02/26,Wed,4.635,4.655,4.665,4.610
2003/02/25,Tue,4.720,4.642,4.735,4.610
2003/02/24,Mon,4.665,4.715,4.725,4.650
2003/02/23,Sun,,,,
2003/02/22,Sat,,,,
2003/02/21,Fri,4.660,4.665,4.675,4.610
2003/02/20,Thu,4.625,4.662,4.680,4.605
2003/02/19,Wed,4.555,4.625,4.630,4.545
2003/02/18,Tue,4.510,4.555,4.595,4.500
2003/02/17,Mon,,,,
2003/02/16,Sun,,,,
2003/02/15,Sat,,,,
2003/02/14,Fri,4.540,4.535,4.565,4.500
2003/02/13,Thu,4.515,4.533,4.565,4.485
2003/02/12,Wed,4.580,4.507,4.595,4.495
2003/02/11,Tue,4.600,4.570,4.615,4.535
2003/02/10,Mon,4.660,4.600,4.685,4.585
2003/02/09,Sun,,,,
2003/02/08,Sat,,,,
2003/02/07,Fri,4.680,4.650,4.735,4.630
2003/02/06,Thu,4.785,4.680,4.815,4.660
2003/02/05,Wed,4.915,4.768,4.980,4.735
2003/02/04,Tue,4.840,4.918,4.930,4.835
2003/02/03,Mon,4.860,4.835,4.880,4.810
2003/02/02,Sun,,,,
2003/02/01,Sat,,,,
2003/01/31,Fri,4.875,4.860,4.910,4.835
2003/01/30,Thu,4.800,4.870,4.920,4.780
2003/01/29,Wed,4.875,4.805,4.895,4.800
2003/01/28,Tue,4.835,4.875,4.880,4.805
2003/01/27,Mon,4.885,4.835,4.930,4.780
2003/01/26,Sun,,,,
2003/01/25,Sat,,,,
2003/01/24,Fri,4.785,4.885,4.950,4.760
2003/01/23,Thu,4.845,4.785,4.905,4.780
2003/01/22,Wed,4.820,4.848,4.870,4.820
2003/01/21,Tue,4.805,4.820,4.830,4.760
2003/01/20,Mon,,,,
2003/01/19,Sun,,,,
2003/01/18,Sat,,,,
2003/01/17,Fri,4.835,4.810,4.845,4.785
2003/01/16,Thu,4.775,4.835,4.850,4.765
2003/01/15,Wed,4.760,4.780,4.805,4.720
2003/01/14,Tue,4.835,4.765,4.845,4.735
2003/01/13,Mon,4.870,4.840,4.870,4.795
2003/01/12,Sun,,,,
2003/01/11,Sat,,,,
2003/01/10,Fri,4.855,4.873,4.885,4.820
2003/01/09,Thu,4.870,4.855,4.890,4.815
2003/01/08,Wed,4.815,4.867,4.885,4.770
2003/01/07,Tue,4.925,4.815,4.925,4.785
2003/01/06,Mon,4.900,4.910,4.945,4.890
2003/01/05,Sun,,,,
2003/01/04,Sat,,,,
2003/01/03,Fri,4.823,4.903,4.920,4.780
2003/01/02,Thu,4.790,4.823,4.835,4.750
2003/01/01,Wed,,,,
2002/12/31,Tue,4.680,4.812,4.820,4.650
2002/12/30,Mon,4.730,4.673,4.755,4.665
2002/12/29,Sun,,,,
2002/12/28,Sat,,,,
2002/12/27,Fri,4.705,4.723,4.735,4.680
2002/12/26,Thu,4.660,4.705,4.715,4.645
2002/12/25,Wed,,,,
2002/12/24,Tue,4.665,4.662,4.680,4.630
2002/12/23,Mon,4.630,4.655,4.680,4.615
2002/12/22,Sun,,,,
2002/12/21,Sat,,,,
2002/12/20,Fri,4.720,4.632,4.730,4.605
2002/12/19,Thu,4.680,4.725,4.790,4.660
2002/12/18,Wed,4.645,4.670,4.680,4.615
2002/12/17,Tue,4.710,4.645,4.765,4.610
2002/12/16,Mon,4.710,4.707,4.740,4.655
2002/12/15,Sun,,,,
2002/12/14,Sat,,,,
2002/12/13,Fri,4.750,4.712,4.805,4.665
2002/12/12,Thu,4.650,4.752,4.770,4.625
2002/12/11,Wed,4.620,4.645,4.665,4.610
2002/12/10,Tue,4.610,4.623,4.640,4.590
2002/12/09,Mon,4.640,4.615,4.655,4.555
2002/12/08,Sun,,,,
2002/12/07,Sat,,,,
2002/12/06,Fri,4.640,4.650,4.690,4.600
2002/12/05,Thu,4.570,4.640,4.670,4.565
2002/12/04,Wed,4.550,4.577,4.605,4.540
2002/12/03,Tue,4.440,4.552,4.560,4.440
2002/12/02,Mon,4.455,4.442,4.460,4.415
2002/12/01,Sun,,,,
2002/11/30,Sat,,,,
2002/11/29,Fri,,,,
2002/11/28,Thu,,,,
2002/11/27,Wed,4.435,4.414,4.445,4.405
2002/11/26,Tue,4.475,4.433,4.490,4.425
2002/11/25,Mon,4.535,4.473,4.535,4.455
2002/11/24,Sun,,,,
2002/11/23,Sat,,,,
2002/11/22,Fri,4.465,4.543,4.550,4.460
2002/11/21,Thu,4.535,4.468,4.550,4.430
2002/11/20,Wed,4.550,4.535,4.555,4.525
2002/11/19,Tue,4.540,4.547,4.570,4.540
2002/11/18,Mon,4.580,4.537,4.590,4.525
2002/11/17,Sun,,,,
2002/11/16,Sat,,,,
2002/11/15,Fri,4.570,4.575,4.590,4.535
2002/11/14,Thu,4.565,4.562,4.580,4.535
2002/11/13,Wed,4.600,4.560,4.630,4.525
2002/11/12,Tue,4.570,4.600,4.620,4.550
2002/11/11,Mon,4.535,4.572,4.585,4.520
2002/11/10,Sun,,,,
2002/11/09,Sat,,,,
2002/11/08,Fri,4.550,4.532,4.605,4.520
2002/11/07,Thu,4.485,4.550,4.570,4.485
2002/11/06,Wed,4.495,4.483,4.500,4.465
2002/11/05,Tue,4.485,4.495,4.515,4.485
2002/11/04,Mon,4.490,4.487,4.505,4.435
2002/11/03,Sun,,,,
2002/11/02,Sat,,,,
2002/11/01,Fri,4.500,4.490,4.575,4.485
2002/10/31,Thu,4.480,4.505,4.520,4.465
2002/10/30,Wed,4.500,4.485,4.540,4.455
2002/10/29,Tue,4.425,4.510,4.525,4.420
2002/10/28,Mon,4.410,4.412,4.435,4.400
2002/10/27,Sun,,,,
2002/10/26,Sat,,,,
2002/10/25,Fri,4.375,4.407,4.425,4.365
2002/10/24,Thu,4.405,4.362,4.410,4.335
2002/10/23,Wed,4.420,4.407,4.435,4.390
2002/10/22,Tue,4.350,4.412,4.440,4.345
2002/10/21,Mon,4.360,4.352,4.385,4.315
2002/10/20,Sun,,,,
2002/10/19,Sat,,,,
2002/10/18,Fri,4.340,4.360,4.375,4.335
2002/10/17,Thu,4.375,4.345,4.380,4.330
2002/10/16,Wed,4.315,4.370,4.390,4.310
2002/10/15,Tue,4.305,4.323,4.340,4.285
2002/10/14,Mon,4.335,4.310,4.350,4.305
2002/10/13,Sun,,,,
2002/10/12,Sat,,,,
2002/10/11,Fri,4.295,4.320,4.345,4.280
2002/10/10,Thu,4.345,4.285,4.385,4.280
2002/10/09,Wed,4.370,4.350,4.400,4.320
2002/10/08,Tue,4.450,4.373,4.465,4.365
2002/10/07,Mon,4.500,4.450,4.520,4.445
2002/10/06,Sun,,,,
2002/10/05,Sat,,,,
2002/10/04,Fri,4.485,4.490,4.495,4.445
2002/10/03,Thu,4.500,4.485,4.525,4.470
2002/10/02,Wed,4.485,4.485,4.515,4.475
2002/10/01,Tue,4.550,4.488,4.555,4.480
2002/09/30,Mon,4.515,4.548,4.585,4.515
2002/09/29,Sun,,,,
2002/09/28,Sat,,,,
2002/09/27,Fri,4.515,4.505,4.545,4.490
2002/09/26,Thu,4.600,4.525,4.610,4.500
2002/09/25,Wed,4.660,4.600,4.680,4.580
2002/09/24,Tue,4.635,4.670,4.720,4.620
2002/09/23,Mon,4.660,4.648,4.685,4.600
2002/09/22,Sun,,,,
2002/09/21,Sat,,,,
2002/09/20,Fri,4.670,4.650,4.690,4.625
2002/09/19,Thu,4.625,4.660,4.695,4.625
2002/09/18,Wed,4.600,4.640,4.665,4.585
2002/09/17,Tue,4.565,4.598,4.600,4.525
2002/09/16,Mon,4.570,4.570,4.590,4.530
2002/09/15,Sun,,,,
2002/09/14,Sat,,,,
2002/09/13,Fri,4.615,4.575,4.640,4.570
2002/09/12,Thu,4.570,4.608,4.635,4.565
2002/09/11,Wed,4.580,4.563,4.580,4.545
2002/09/10,Tue,4.603,4.578,4.605,4.525
2002/09/09,Mon,4.550,4.603,4.620,4.545
2002/09/08,Sun,,,,
2002/09/07,Sat,,,,
2002/09/06,Fri,4.555,4.540,4.580,4.530
2002/09/05,Thu,4.505,4.545,4.570,4.495
2002/09/04,Wed,4.495,4.495,4.505,4.455
2002/09/03,Tue,4.480,4.485,4.520,4.470
2002/09/02,Mon,,,,
2002/09/01,Sun,,,,
2002/08/31,Sat,,,,
2002/08/30,Fri,4.565,4.468,4.590,4.455
2002/08/29,Thu,4.525,4.557,4.585,4.520
2002/08/28,Wed,4.515,4.498,4.540,4.485
2002/08/27,Tue,4.440,4.503,4.525,4.420
2002/08/26,Mon,4.420,4.438,4.455,4.420
2002/08/25,Sun,,,,
2002/08/24,Sat,,,,
2002/08/23,Fri,4.470,4.423,4.480,4.380
2002/08/22,Thu,4.420,4.465,4.490,4.380
2002/08/21,Wed,4.440,4.420,4.465,4.415
2002/08/20,Tue,4.405,4.437,4.465,4.405
2002/08/19,Mon,4.500,4.405,4.520,4.390
2002/08/18,Sun,,,,
2002/08/17,Sat,,,,
2002/08/16,Fri,4.495,4.493,4.580,4.470
2002/08/15,Thu,4.460,4.483,4.505,4.460
2002/08/14,Wed,4.580,4.458,4.670,4.450
2002/08/13,Tue,4.595,4.580,4.625,4.575
2002/08/12,Mon,4.680,4.593,4.735,4.580
2002/08/11,Sun,,,,
2002/08/10,Sat,,,,
2002/08/09,Fri,4.635,4.670,4.680,4.615
2002/08/08,Thu,4.685,4.638,4.695,4.625
2002/08/07,Wed,4.660,4.675,4.705,4.620
2002/08/06,Tue,4.635,4.613,4.655,4.600
2002/08/05,Mon,4.605,4.633,4.675,4.600
2002/08/04,Sun,,,,
2002/08/03,Sat,,,,
2002/08/02,Fri,4.610,4.593,4.635,4.575
2002/08/01,Thu,4.600,4.583,4.615,4.540
2002/07/31,Wed,4.598,4.598,4.690,4.570
2002/07/30,Tue,4.645,4.658,4.695,4.630
2002/07/29,Mon,4.670,4.640,4.695,4.620
2002/07/28,Sun,,,,
2002/07/27,Sat,,,,
2002/07/26,Fri,4.855,4.665,4.860,4.595
2002/07/25,Thu,4.865,4.855,4.890,4.820
2002/07/24,Wed,4.895,4.860,4.915,4.810
2002/07/23,Tue,5.040,4.883,5.045,4.870
2002/07/22,Mon,5.090,5.045,5.115,5.040
2002/07/21,Sun,,,,
2002/07/20,Sat,,,,
2002/07/19,Fri,5.010,5.078,5.120,5.010
2002/07/18,Thu,5.005,5.005,5.020,4.985
2002/07/17,Wed,5.030,5.005,5.045,4.960
2002/07/16,Tue,5.120,5.033,5.130,5.010
2002/07/15,Mon,5.065,5.118,5.155,5.065
2002/07/14,Sun,,,,
2002/07/13,Sat,,,,
2002/07/12,Fri,5.090,5.065,5.125,5.040
2002/07/11,Thu,5.090,5.070,5.090,5.070
2002/07/10,Wed,5.065,5.050,5.100,5.035
2002/07/09,Tue,4.985,5.058,5.070,4.970
2002/07/08,Mon,4.935,4.980,4.985,4.915
2002/07/07,Sun,,,,
2002/07/06,Sat,,,,
2002/07/05,Fri,,,,
2002/07/04,Thu,,,,
2002/07/03,Wed,4.950,4.955,4.960,4.920
2002/07/02,Tue,4.888,4.950,5.005,4.860
2002/07/01,Mon,4.855,4.888,4.890,4.815
2002/06/30,Sun,,,,
2002/06/29,Sat,,,,
2002/06/28,Fri,4.890,4.855,4.905,4.850
2002/06/27,Thu,4.880,4.898,4.900,4.825
2002/06/26,Wed,4.835,4.852,4.900,4.830
2002/06/25,Tue,4.860,4.832,4.865,4.780
2002/06/24,Mon,4.860,4.867,4.920,4.860
2002/06/23,Sun,,,,
2002/06/22,Sat,,,,
2002/06/21,Fri,4.880,4.855,4.905,4.825
2002/06/20,Thu,4.855,4.870,4.880,4.845
2002/06/19,Wed,4.855,4.842,4.915,4.835
2002/06/18,Tue,4.823,4.845,4.865,4.815
2002/06/17,Mon,4.845,4.823,4.850,4.800
2002/06/16,Sun,,,,
2002/06/15,Sat,,,,
2002/06/14,Fri,4.835,4.850,4.895,4.830
2002/06/13,Thu,4.915,4.832,4.915,4.820
2002/06/12,Wed,4.890,4.915,4.955,4.870
2002/06/11,Tue,4.912,4.882,4.925,4.790
2002/06/10,Mon,4.975,4.912,4.975,4.890
2002/06/09,Sun,,,,
2002/06/08,Sat,,,,
2002/06/07,Fri,4.990,4.980,5.055,4.955
2002/06/06,Thu,4.945,4.995,5.015,4.915
2002/06/05,Wed,5.120,4.945,5.120,4.920
2002/06/04,Tue,5.085,5.125,5.150,5.085
2002/06/03,Mon,5.030,5.080,5.100,5.010
2002/06/02,Sun,,,,
2002/06/01,Sat,,,,
2002/05/31,Fri,4.990,5.042,5.075,4.960
2002/05/30,Thu,4.950,4.985,4.990,4.900
2002/05/29,Wed,4.880,4.945,4.980,4.860
2002/05/28,Tue,4.825,4.882,4.905,4.815
2002/05/27,Mon,,,,
2002/05/26,Sun,,,,
2002/05/25,Sat,,,,
2002/05/24,Fri,4.910,4.872,4.915,4.860
2002/05/23,Thu,4.840,4.912,4.920,4.770
2002/05/22,Wed,4.835,4.840,4.860,4.780
2002/05/21,Tue,4.775,4.845,4.865,4.755
2002/05/20,Mon,4.670,4.780,4.790,4.635
2002/05/19,Sun,,,,
2002/05/18,Sat,,,,
2002/05/17,Fri,4.650,4.665,4.690,4.620
2002/05/16,Thu,4.635,4.650,4.655,4.620
2002/05/15,Wed,4.610,4.637,4.645,4.585
2002/05/14,Tue,4.610,4.607,4.630,4.580
2002/05/13,Mon,4.670,4.607,4.710,4.590
2002/05/12,Sun,,,,
2002/05/11,Sat,,,,
2002/05/10,Fri,4.630,4.670,4.685,4.615
2002/05/09,Thu,4.585,4.627,4.635,4.550
2002/05/08,Wed,4.630,4.585,4.655,4.560
2002/05/07,Tue,4.600,4.632,4.650,4.595
2002/05/06,Mon,4.610,4.612,4.620,4.585
2002/05/05,Sun,,,,
2002/05/04,Sat,,,,
2002/05/03,Fri,4.560,4.615,4.630,4.555
2002/05/02,Thu,4.550,4.563,4.570,4.520
2002/05/01,Wed,4.560,4.550,4.575,4.525
2002/04/30,Tue,4.650,4.555,4.665,4.525
2002/04/29,Mon,4.675,4.660,4.680,4.625
2002/04/28,Sun,,,,
2002/04/27,Sat,,,,
2002/04/26,Fri,4.645,4.676,4.695,4.610
2002/04/25,Thu,4.570,4.620,4.650,4.550
2002/04/24,Wed,4.575,4.562,4.605,4.560
2002/04/23,Tue,4.545,4.570,4.595,4.510
2002/04/22,Mon,4.490,4.543,4.575,4.490
2002/04/21,Sun,,,,
2002/04/20,Sat,,,,
2002/04/19,Fri,4.500,4.503,4.520,4.475
2002/04/18,Thu,4.460,4.498,4.555,4.430
2002/04/17,Wed,4.410,4.450,4.470,4.405
2002/04/16,Tue,4.475,4.405,4.480,4.390
2002/04/15,Mon,4.595,4.450,4.615,4.445
2002/04/14,Sun,,,,
2002/04/13,Sat,,,,
2002/04/12,Fri,4.585,4.593,4.605,4.560
2002/04/11,Thu,4.620,4.583,4.630,4.565
2002/04/10,Wed,4.555,4.628,4.645,4.535
2002/04/09,Tue,4.565,4.558,4.580,4.530
2002/04/08,Mon,4.580,4.570,4.605,4.550
2002/04/07,Sun,,,,
2002/04/06,Sat,,,,
2002/04/05,Fri,4.625,4.580,4.645,4.565
2002/04/04,Thu,4.665,4.625,4.670,4.600
2002/04/03,Wed,4.745,4.667,4.750,4.655
2002/04/02,Tue,4.690,4.747,4.750,4.670
2002/04/01,Mon,4.670,4.700,4.705,4.645
2002/03/31,Sun,,,,
2002/03/30,Sat,,,,
2002/03/29,Fri,,,,
2002/03/28,Thu,4.680,4.650,4.705,4.640
2002/03/27,Wed,4.595,4.680,4.690,4.590
2002/03/26,Tue,4.545,4.585,4.605,4.535
2002/03/25,Mon,4.550,4.580,4.605,4.515
2002/03/24,Sun,,,,
2002/03/23,Sat,,,,
2002/03/22,Fri,4.510,4.540,4.575,4.500
2002/03/21,Thu,4.530,4.508,4.535,4.500
2002/03/20,Wed,4.530,4.533,4.545,4.490
2002/03/19,Tue,4.505,4.523,4.580,4.500
2002/03/18,Mon,4.495,4.503,4.530,4.490
2002/03/17,Sun,,,,
2002/03/16,Sat,,,,
2002/03/15,Fri,4.505,4.493,4.525,4.450
2002/03/14,Thu,4.535,4.500,4.555,4.485
2002/03/13,Wed,4.495,4.528,4.540,4.490
2002/03/12,Tue,4.485,4.498,4.545,4.475
2002/03/11,Mon,4.505,4.485,4.550,4.475
2002/03/10,Sun,,,,
2002/03/09,Sat,,,,
2002/03/08,Fri,4.480,4.505,4.570,4.455
2002/03/07,Thu,4.530,4.480,4.530,4.455
2002/03/06,Wed,4.560,4.530,4.560,4.495
2002/03/05,Tue,4.600,4.555,4.640,4.545
2002/03/04,Mon,4.560,4.602,4.640,4.550
2002/03/03,Sun,,,,
2002/03/02,Sat,,,,
2002/03/01,Fri,4.515,4.567,4.605,4.470
2002/02/28,Thu,4.440,4.517,4.520,4.415
2002/02/27,Wed,4.440,4.445,4.485,4.430
2002/02/26,Tue,4.350,4.423,4.440,4.350
2002/02/25,Mon,4.395,4.368,4.400,4.340
2002/02/24,Sun,,,,
2002/02/23,Sat,,,,
2002/02/22,Fri,4.420,4.398,4.435,4.390
2002/02/21,Thu,4.390,4.420,4.435,4.365
2002/02/20,Wed,4.465,4.400,4.510,4.370
2002/02/19,Tue,4.525,4.470,4.555,4.460
2002/02/18,Mon,,,,
2002/02/17,Sun,,,,
2002/02/16,Sat,,,,
2002/02/15,Fri,4.535,4.538,4.595,4.515
2002/02/14,Thu,4.500,4.530,4.565,4.475
2002/02/13,Wed,4.485,4.505,4.520,4.420
2002/02/12,Tue,4.415,4.485,4.490,4.365
2002/02/11,Mon,4.450,4.415,4.455,4.360
2002/02/10,Sun,,,,
2002/02/09,Sat,,,,
2002/02/08,Fri,4.350,4.455,4.490,4.350
2002/02/07,Thu,4.370,4.345,4.390,4.340
2002/02/06,Wed,4.400,4.365,4.485,4.360
2002/02/05,Tue,4.300,4.397,4.410,4.295
2002/02/04,Mon,4.300,4.295,4.320,4.255
2002/02/03,Sun,,,,
2002/02/02,Sat,,,,
2002/02/01,Fri,4.230,4.313,4.335,4.230
2002/01/31,Thu,4.290,4.223,4.295,4.210
2002/01/30,Wed,4.305,4.293,4.310,4.250
2002/01/29,Tue,4.245,4.295,4.320,4.225
2002/01/28,Mon,4.310,4.250,4.315,4.240
2002/01/27,Sun,,,,
2002/01/26,Sat,,,,
2002/01/25,Fri,4.275,4.305,4.335,4.270
2002/01/24,Thu,4.265,4.273,4.305,4.245
2002/01/23,Wed,4.280,4.260,4.315,4.255
2002/01/22,Tue,4.350,4.288,4.365,4.260
2002/01/21,Mon,,,,
2002/01/20,Sun,,,,
2002/01/19,Sat,,,,
2002/01/18,Fri,4.450,4.345,4.460,4.330
2002/01/17,Thu,4.560,4.445,4.560,4.440
2002/01/16,Wed,4.555,4.562,4.595,4.475
2002/01/15,Tue,4.515,4.555,4.580,4.460
2002/01/14,Mon,4.690,4.515,4.690,4.510
2002/01/13,Sun,,,,
2002/01/12,Sat,,,,
2002/01/11,Fri,4.690,4.698,4.730,4.665
2002/01/10,Thu,4.715,4.700,4.775,4.680
2002/01/09,Wed,4.640,4.710,4.735,4.630
2002/01/08,Tue,4.660,4.640,4.690,4.585
2002/01/07,Mon,4.645,4.667,4.685,4.575
2002/01/06,Sun,,,,
2002/01/05,Sat,,,,
2002/01/04,Fri,4.610,4.650,4.675,4.520
2002/01/03,Thu,4.535,4.608,4.650,4.520
2002/01/02,Wed,4.575,4.535,4.595,4.530
2002/01/01,Tue,,,,
2001/12/31,Mon,4.485,4.588,4.635,4.460
2001/12/30,Sun,,,,
2001/12/29,Sat,,,,
2001/12/28,Fri,4.465,4.498,4.505,4.405
2001/12/27,Thu,4.535,4.468,4.560,4.460
2001/12/26,Wed,4.470,4.543,4.555,4.450
2001/12/25,Tue,,,,
2001/12/24,Mon,,,,
2001/12/23,Sun,,,,
2001/12/22,Sat,,,,
2001/12/21,Fri,4.400,4.472,4.495,4.395
2001/12/20,Thu,4.320,4.400,4.430,4.305
2001/12/19,Wed,4.415,4.308,4.455,4.300
2001/12/18,Tue,4.360,4.420,4.425,4.355
2001/12/17,Mon,4.360,4.365,4.385,4.325
2001/12/16,Sun,,,,
2001/12/15,Sat,,,,
2001/12/14,Fri,4.285,4.362,4.395,4.275
2001/12/13,Thu,4.265,4.280,4.295,4.255
2001/12/12,Wed,4.270,4.265,4.310,4.255
2001/12/11,Tue,4.240,4.275,4.295,4.230
2001/12/10,Mon,4.270,4.243,4.275,4.215
2001/12/09,Sun,,,,
2001/12/08,Sat,,,,
2001/12/07,Fri,4.230,4.268,4.290,4.220
2001/12/06,Thu,4.205,4.238,4.275,4.195
2001/12/05,Wed,4.153,4.200,4.210,4.125
2001/12/04,Tue,4.240,4.153,4.240,4.145
2001/12/03,Mon,4.160,4.227,4.250,4.145
2001/12/02,Sun,,,,
2001/12/01,Sat,,,,
2001/11/30,Fri,4.110,4.157,4.195,4.100
2001/11/29,Thu,4.140,4.097,4.190,4.090
2001/11/28,Wed,4.040,4.115,4.140,4.040
2001/11/27,Tue,4.020,4.040,4.050,4.020
2001/11/26,Mon,4.040,4.028,4.060,4.020
2001/11/25,Sun,,,,
2001/11/24,Sat,,,,
2001/11/23,Fri,,,,
2001/11/22,Thu,,,,
2001/11/21,Wed,4.058,4.035,4.065,4.015
2001/11/20,Tue,4.050,4.050,4.075,4.040
2001/11/19,Mon,4.100,4.058,4.110,4.045
2001/11/18,Sun,,,,
2001/11/17,Sat,,,,
2001/11/16,Fri,4.115,4.095,4.120,4.085
2001/11/15,Thu,4.145,4.108,4.150,4.080
2001/11/14,Wed,4.155,4.143,4.175,4.130
2001/11/13,Tue,4.115,4.140,4.155,4.065
2001/11/12,Mon,4.080,4.118,4.210,4.080
2001/11/11,Sun,,,,
2001/11/10,Sat,,,,
2001/11/09,Fri,4.080,4.080,4.100,4.055
2001/11/08,Thu,4.135,4.078,4.140,4.070
2001/11/07,Wed,4.120,4.128,4.145,4.105
2001/11/06,Tue,4.090,4.118,4.140,4.080
2001/11/05,Mon,4.120,4.098,4.125,4.080
2001/11/04,Sun,,,,
2001/11/03,Sat,,,,
2001/11/02,Fri,4.220,4.110,4.230,4.105
2001/11/01,Thu,4.220,4.207,4.240,4.205
2001/10/31,Wed,4.260,4.225,4.275,4.190
2001/10/30,Tue,4.255,4.263,4.285,4.250
2001/10/29,Mon,4.230,4.243,4.260,4.225
2001/10/28,Sun,,,,
2001/10/27,Sat,,,,
2001/10/26,Fri,4.225,4.215,4.240,4.210
2001/10/25,Thu,4.215,4.220,4.240,4.185
2001/10/24,Wed,4.240,4.215,4.260,4.210
2001/10/23,Tue,4.235,4.243,4.265,4.225
2001/10/22,Mon,4.280,4.235,4.290,4.205
2001/10/21,Sun,,,,
2001/10/20,Sat,,,,
2001/10/19,Fri,4.265,4.273,4.305,4.245
2001/10/18,Thu,4.370,4.263,4.385,4.240
2001/10/17,Wed,4.350,4.370,4.400,4.340
2001/10/16,Tue,4.390,4.345,4.405,4.330
2001/10/15,Mon,4.435,4.393,4.455,4.370
2001/10/14,Sun,,,,
2001/10/13,Sat,,,,
2001/10/12,Fri,4.430,4.470,4.490,4.410
2001/10/11,Thu,4.440,4.425,4.450,4.395
2001/10/10,Wed,4.525,4.440,4.565,4.425
2001/10/09,Tue,4.670,4.550,4.675,4.535
2001/10/08,Mon,4.700,4.670,4.725,4.650
2001/10/07,Sun,,,,
2001/10/06,Sat,,,,
2001/10/05,Fri,4.650,4.685,4.690,4.645
2001/10/04,Thu,4.630,4.655,4.730,4.615
2001/10/03,Wed,4.650,4.635,4.690,4.615
2001/10/02,Tue,4.675,4.650,4.675,4.615
2001/10/01,Mon,4.665,4.667,4.690,4.615
2001/09/30,Sun,,,,
2001/09/29,Sat,,,,
2001/09/28,Fri,4.600,4.675,4.680,4.585
2001/09/27,Thu,4.615,4.608,4.650,4.560
2001/09/26,Wed,4.535,4.615,4.630,4.530
2001/09/25,Tue,4.590,4.547,4.615,4.515
2001/09/24,Mon,4.625,4.595,4.630,4.505
2001/09/23,Sun,,,,
2001/09/22,Sat,,,,
2001/09/21,Fri,4.540,4.617,4.650,4.540
2001/09/20,Thu,4.710,4.535,4.710,4.465
2001/09/19,Wed,4.470,4.745,4.760,4.450
2001/09/18,Tue,4.400,4.473,4.480,4.365
2001/09/17,Mon,4.340,4.413,4.425,4.290
2001/09/16,Sun,,,,
2001/09/15,Sat,,,,
2001/09/14,Fri,4.300,4.330,4.345,4.270
2001/09/13,Thu,,,,
2001/09/12,Wed,,,,
2001/09/11,Tue,4.195,4.225,4.230,4.180
2001/09/10,Mon,4.180,4.193,4.200,4.175
2001/09/09,Sun,,,,
2001/09/08,Sat,,,,
2001/09/07,Fri,4.190,4.183,4.210,4.180
2001/09/06,Thu,4.200,4.188,4.210,4.180
2001/09/05,Wed,4.190,4.193,4.205,4.185
2001/09/04,Tue,4.200,4.187,4.210,4.180
2001/09/03,Mon,,,,
2001/09/02,Sun,,,,
2001/09/01,Sat,,,,
2001/08/31,Fri,4.200,4.210,4.225,4.190
2001/08/30,Thu,4.225,4.203,4.235,4.190
2001/08/29,Wed,4.180,4.185,4.200,4.180
2001/08/28,Tue,4.190,4.183,4.205,4.180
2001/08/27,Mon,4.180,4.197,4.205,4.160
2001/08/26,Sun,,,,
2001/08/25,Sat,,,,
2001/08/24,Fri,4.215,4.185,4.220,4.170
2001/08/23,Thu,4.200,4.220,4.235,4.195
2001/08/22,Wed,4.210,4.208,4.230,4.190
2001/08/21,Tue,4.150,4.193,4.235,4.145
2001/08/20,Mon,4.260,4.153,4.265,4.150
2001/08/19,Sun,,,,
2001/08/18,Sat,,,,
2001/08/17,Fri,4.195,4.265,4.295,4.195
2001/08/16,Thu,4.160,4.198,4.230,4.155
2001/08/15,Wed,4.200,4.155,4.245,4.125
2001/08/14,Tue,4.145,4.202,4.230,4.135
2001/08/13,Mon,4.150,4.147,4.180,4.125
2001/08/12,Sun,,,,
2001/08/11,Sat,,,,
2001/08/10,Fri,4.215,4.145,4.240,4.110
2001/08/09,Thu,4.145,4.217,4.240,4.140
2001/08/08,Wed,4.180,4.152,4.180,4.125
2001/08/07,Tue,4.195,4.172,4.200,4.115
2001/08/06,Mon,4.230,4.192,4.230,4.190
2001/08/05,Sun,,,,
2001/08/04,Sat,,,,
2001/08/03,Fri,4.240,4.228,4.240,4.210
2001/08/02,Thu,4.240,4.235,4.255,4.230
2001/08/01,Wed,4.230,4.233,4.245,4.225
2001/07/31,Tue,4.205,4.228,4.235,4.200
2001/07/30,Mon,4.215,4.208,4.240,4.200
2001/07/29,Sun,,,,
2001/07/28,Sat,,,,
2001/07/27,Fri,4.235,4.218,4.245,4.215
2001/07/26,Thu,4.235,4.240,4.275,4.225
2001/07/25,Wed,4.255,4.232,4.260,4.225
2001/07/24,Tue,4.250,4.260,4.270,4.235
2001/07/23,Mon,4.250,4.260,4.290,4.225
2001/07/22,Sun,,,,
2001/07/21,Sat,,,,
2001/07/20,Fri,4.245,4.240,4.250,4.210
2001/07/19,Thu,4.285,4.240,4.290,4.205
2001/07/18,Wed,4.245,4.288,4.310,4.190
2001/07/17,Tue,4.210,4.248,4.250,4.205
2001/07/16,Mon,4.300,4.210,4.315,4.200
2001/07/15,Sun,,,,
2001/07/14,Sat,,,,
2001/07/13,Fri,4.270,4.308,4.315,4.250
2001/07/12,Thu,4.270,4.268,4.280,4.240
2001/07/11,Wed,4.265,4.260,4.285,4.240
2001/07/10,Tue,4.240,4.263,4.280,4.235
2001/07/09,Mon,4.265,4.243,4.285,4.230
2001/07/08,Sun,,,,
2001/07/07,Sat,,,,
2001/07/06,Fri,4.230,4.265,4.270,4.200
2001/07/05,Thu,4.280,4.238,4.280,4.230
2001/07/04,Wed,,,,
2001/07/03,Tue,4.310,4.278,4.320,4.265
2001/07/02,Mon,4.330,4.310,4.340,4.280
2001/07/01,Sun,,,,
2001/06/30,Sat,,,,
2001/06/29,Fri,4.325,4.327,4.360,4.320
2001/06/28,Thu,4.350,4.332,4.360,4.315
2001/06/27,Wed,4.350,4.305,4.350,4.295
2001/06/26,Tue,4.295,4.348,4.355,4.290
2001/06/25,Mon,4.320,4.298,4.325,4.290
2001/06/24,Sun,,,,
2001/06/23,Sat,,,,
2001/06/22,Fri,4.320,4.303,4.345,4.300
2001/06/21,Thu,4.345,4.323,4.360,4.280
2001/06/20,Wed,4.405,4.345,4.410,4.330
2001/06/19,Tue,4.420,4.400,4.435,4.395
2001/06/18,Mon,4.395,4.422,4.440,4.370
2001/06/17,Sun,,,,
2001/06/16,Sat,,,,
2001/06/15,Fri,4.465,4.400,4.470,4.385
2001/06/14,Thu,4.420,4.470,4.495,4.395
2001/06/13,Wed,4.375,4.415,4.425,4.360
2001/06/12,Tue,4.335,4.375,4.380,4.330
2001/06/11,Mon,4.370,4.338,4.380,4.320
2001/06/10,Sun,,,,
2001/06/09,Sat,,,,
2001/06/08,Fri,4.340,4.370,4.385,4.310
2001/06/07,Thu,4.350,4.335,4.350,4.325
2001/06/06,Wed,4.350,4.340,4.375,4.330
2001/06/05,Tue,4.335,4.343,4.375,4.330
2001/06/04,Mon,4.420,4.335,4.445,4.325
2001/06/03,Sun,,,,
2001/06/02,Sat,,,,
2001/06/01,Fri,4.410,4.423,4.450,4.385
2001/05/31,Thu,4.455,4.410,4.475,4.400
2001/05/30,Wed,4.550,4.445,4.550,4.430
2001/05/29,Tue,4.575,4.540,4.575,4.520
2001/05/28,Mon,,,,
2001/05/27,Sun,,,,
2001/05/26,Sat,,,,
2001/05/25,Fri,4.610,4.583,4.620,4.555
2001/05/24,Thu,4.580,4.620,4.690,4.555
2001/05/23,Wed,4.575,4.580,4.605,4.515
2001/05/22,Tue,4.550,4.568,4.580,4.525
2001/05/21,Mon,4.585,4.550,4.655,4.525
2001/05/20,Sun,,,,
2001/05/19,Sat,,,,
2001/05/18,Fri,4.490,4.577,4.625,4.450
2001/05/17,Thu,4.460,4.495,4.510,4.400
2001/05/16,Wed,4.330,4.463,4.475,4.330
2001/05/15,Tue,4.355,4.320,4.360,4.315
2001/05/14,Mon,4.335,4.357,4.370,4.330
2001/05/13,Sun,,,,
2001/05/12,Sat,,,,
2001/05/11,Fri,4.350,4.337,4.365,4.335
2001/05/10,Thu,4.395,4.350,4.420,4.325
2001/05/09,Wed,4.340,4.415,4.425,4.330
2001/05/08,Tue,4.330,4.335,4.345,4.320
2001/05/07,Mon,4.355,4.327,4.360,4.325
2001/05/06,Sun,,,,
2001/05/05,Sat,,,,
2001/05/04,Fri,4.370,4.360,4.380,4.325
2001/05/03,Thu,4.395,4.365,4.415,4.360
2001/05/02,Wed,4.390,4.395,4.425,4.370
2001/05/01,Tue,4.365,4.385,4.395,4.350
2001/04/30,Mon,4.400,4.358,4.410,4.350
2001/04/29,Sun,,,,
2001/04/28,Sat,,,,
2001/04/27,Fri,4.415,4.400,4.440,4.395
2001/04/26,Thu,4.370,4.377,4.420,4.365
2001/04/25,Wed,4.450,4.365,4.465,4.350
2001/04/24,Tue,4.440,4.453,4.485,4.430
2001/04/23,Mon,4.440,4.440,4.450,4.395
2001/04/22,Sun,,,,
2001/04/21,Sat,,,,
2001/04/20,Fri,4.435,4.440,4.475,4.405
2001/04/19,Thu,4.370,4.427,4.445,4.355
2001/04/18,Wed,4.370,4.365,4.385,4.320
2001/04/17,Tue,4.440,4.368,4.440,4.360
2001/04/16,Mon,4.375,4.440,4.460,4.365
2001/04/15,Sun,,,,
2001/04/14,Sat,,,,
2001/04/13,Fri,,,,
2001/04/12,Thu,4.370,4.368,4.385,4.350
2001/04/11,Wed,4.315,4.363,4.390,4.305
2001/04/10,Tue,4.320,4.325,4.340,4.300
2001/04/09,Mon,4.340,4.315,4.355,4.305
2001/04/08,Sun,,,,
2001/04/07,Sat,,,,
2001/04/06,Fri,4.360,4.335,4.370,4.320
2001/04/05,Thu,4.340,4.353,4.360,4.330
2001/04/04,Wed,4.320,4.340,4.370,4.295
2001/04/03,Tue,4.320,4.313,4.365,4.295
2001/04/02,Mon,4.300,4.315,4.320,4.270
2001/04/01,Sun,,,,
2001/03/31,Sat,,,,
2001/03/30,Fri,4.340,4.295,4.340,4.290
2001/03/29,Thu,4.380,4.335,4.390,4.320
2001/03/28,Wed,4.450,4.375,4.450,4.370
2001/03/27,Tue,4.380,4.435,4.460,4.345
2001/03/26,Mon,4.370,4.380,4.385,4.350
2001/03/25,Sun,,,,
2001/03/24,Sat,,,,
2001/03/23,Fri,4.350,4.363,4.385,4.335
2001/03/22,Thu,4.350,4.355,4.360,4.305
2001/03/21,Wed,4.350,4.348,4.370,4.330
2001/03/20,Tue,4.335,4.353,4.365,4.320
2001/03/19,Mon,4.305,4.320,4.345,4.305
2001/03/18,Sun,,,,
2001/03/17,Sat,,,,
2001/03/16,Fri,4.360,4.315,4.370,4.290
2001/03/15,Thu,4.470,4.353,4.470,4.340
2001/03/14,Wed,4.450,4.458,4.470,4.415
2001/03/13,Tue,4.445,4.450,4.460,4.400
2001/03/12,Mon,4.540,4.440,4.550,4.420
2001/03/11,Sun,,,,
2001/03/10,Sat,,,,
2001/03/09,Fri,4.520,4.522,4.550,4.495
2001/03/08,Thu,4.465,4.510,4.535,4.450
2001/03/07,Wed,4.455,4.465,4.490,4.425
2001/03/06,Tue,4.450,4.445,4.470,4.415
2001/03/05,Mon,4.430,4.455,4.480,4.425
2001/03/04,Sun,,,,
2001/03/03,Sat,,,,
2001/03/02,Fri,4.430,4.458,4.485,4.430
2001/03/01,Thu,4.520,4.435,4.555,4.425
2001/02/28,Wed,4.465,4.515,4.580,4.445
2001/02/27,Tue,4.500,4.463,4.520,4.460
2001/02/26,Mon,4.435,4.445,4.460,4.420
2001/02/25,Sun,,,,
2001/02/24,Sat,,,,
2001/02/23,Fri,4.415,4.433,4.455,4.370
2001/02/22,Thu,4.410,4.415,4.440,4.405
2001/02/21,Wed,4.410,4.408,4.440,4.395
2001/02/20,Tue,4.490,4.420,4.505,4.410
2001/02/19,Mon,,,,
2001/02/18,Sun,,,,
2001/02/17,Sat,,,,
2001/02/16,Fri,4.525,4.490,4.530,4.480
2001/02/15,Thu,4.520,4.518,4.540,4.490
2001/02/14,Wed,4.555,4.515,4.565,4.505
2001/02/13,Tue,4.560,4.550,4.580,4.545
2001/02/12,Mon,4.560,4.560,4.590,4.535
2001/02/11,Sun,,,,
2001/02/10,Sat,,,,
2001/02/09,Fri,4.570,4.563,4.585,4.530
2001/02/08,Thu,4.625,4.570,4.640,4.565
2001/02/07,Wed,4.665,4.625,4.685,4.615
2001/02/06,Tue,4.700,4.670,4.700,4.650
2001/02/05,Mon,4.770,4.698,4.775,4.695
2001/02/04,Sun,,,,
2001/02/03,Sat,,,,
2001/02/02,Fri,4.800,4.788,4.810,4.770
2001/02/01,Thu,4.820,4.810,4.825,4.765
2001/01/31,Wed,4.820,4.815,4.830,4.795
2001/01/30,Tue,4.810,4.820,4.865,4.810
2001/01/29,Mon,4.820,4.823,4.835,4.795
2001/01/28,Sun,,,,
2001/01/27,Sat,,,,
2001/01/26,Fri,4.805,4.825,4.850,4.780
2001/01/25,Thu,4.795,4.810,4.860,4.760
2001/01/24,Wed,4.805,4.793,4.810,4.765
2001/01/23,Tue,4.810,4.805,4.835,4.790
2001/01/22,Mon,4.780,4.805,4.835,4.740
2001/01/21,Sun,,,,
2001/01/20,Sat,,,,
2001/01/19,Fri,4.830,4.780,4.880,4.775
2001/01/18,Thu,4.740,4.825,4.835,4.720
2001/01/17,Wed,4.710,4.743,4.800,4.690
2001/01/16,Tue,4.645,4.710,4.720,4.640
2001/01/15,Mon,,,,
2001/01/14,Sun,,,,
2001/01/13,Sat,,,,
2001/01/12,Fri,4.600,4.655,4.675,4.590
2001/01/11,Thu,4.585,4.593,4.605,4.560
2001/01/10,Wed,4.595,4.575,4.595,4.555
2001/01/09,Tue,4.600,4.590,4.600,4.565
2001/01/08,Mon,4.600,4.590,4.610,4.580
2001/01/07,Sun,,,,
2001/01/06,Sat,,,,
2001/01/05,Fri,4.580,4.600,4.615,4.560
2001/01/04,Thu,4.540,4.580,4.585,4.540
2001/01/03,Wed,4.595,4.540,4.605,4.535
2001/01/02,Tue,4.640,4.595,4.650,4.590
