日付,曜日,始値,終値,高値,安値
2026/08/07,Fri,1.40130,1.39420,1.40300,1.39250
2026/08/06,Thu,1.40150,1.40130,1.40380,1.39900
2026/08/05,Wed,1.40700,1.40110,1.40820,1.40040
2026/08/04,Tue,1.40460,1.40620,1.40810,1.40340
2026/08/03,Mon,1.40180,1.40470,1.40540,1.40040
2026/08/02,Sun,,,,
2026/08/01,Sat,,,,
2026/07/31,Fri,1.40110,1.40190,1.40590,1.40020
2026/07/30,Thu,1.40480,1.40110,1.40690,1.39900
2026/07/29,Wed,1.41050,1.40480,1.41110,1.40230
2026/07/28,Tue,1.41240,1.41070,1.41300,1.40860
2026/07/27,Mon,1.40880,1.41240,1.41280,1.40700
2026/07/26,Sun,,,,
2026/07/25,Sat,,,,
2026/07/24,Fri,1.40850,1.40950,1.41160,1.40660
2026/07/23,Thu,1.40890,1.40860,1.41010,1.40570
2026/07/22,Wed,1.41080,1.40880,1.41130,1.40760
2026/07/21,Tue,1.40710,1.41080,1.41120,1.40540
2026/07/20,Mon,1.40150,1.40700,1.40740,1.40030
2026/07/19,Sun,,,,
2026/07/18,Sat,,,,
2026/07/17,Fri,1.40430,1.40220,1.40500,1.40050
2026/07/16,Thu,1.40380,1.40430,1.40590,1.40100
2026/07/15,Wed,1.40590,1.40420,1.40780,1.40240
2026/07/14,Tue,1.41550,1.40590,1.41580,1.40470
2026/07/13,Mon,1.41580,1.41550,1.41760,1.41250
2026/07/12,Sun,,,,
2026/07/11,Sat,,,,
2026/07/10,Fri,1.41730,1.41560,1.41760,1.41160
2026/07/09,Thu,1.41730,1.41680,1.41910,1.41520
2026/07/08,Wed,1.41980,1.41730,1.42130,1.41540
2026/07/07,Tue,1.42030,1.42000,1.42270,1.41830
2026/07/06,Mon,1.41980,1.42060,1.42400,1.41940
2026/07/05,Sun,,,,
2026/07/04,Sat,,,,
2026/07/03,Fri,1.41820,1.41980,1.42110,1.41580
2026/07/02,Thu,1.42170,1.41820,1.42260,1.41490
2026/07/01,Wed,1.41980,1.42170,1.42360,1.41910
2026/06/30,Tue,1.42120,1.41960,1.42480,1.41770
2026/06/29,Mon,1.41900,1.42110,1.42190,1.41750
2026/06/28,Sun,,,,
2026/06/27,Sat,,,,
2026/06/26,Fri,1.42030,1.41940,1.42110,1.41690
2026/06/25,Thu,1.42280,1.42020,1.42500,1.41770
2026/06/24,Wed,1.42110,1.42340,1.42490,1.42040
2026/06/23,Tue,1.41580,1.42110,1.42190,1.41500
2026/06/22,Mon,1.41660,1.41580,1.41940,1.41440
2026/06/21,Sun,,,,
2026/06/20,Sat,,,,
2026/06/19,Fri,1.41360,1.41540,1.41850,1.41270
2026/06/18,Thu,1.40990,1.41370,1.41480,1.40930
2026/06/17,Wed,1.39950,1.41010,1.41240,1.39890
2026/06/16,Tue,1.39910,1.39950,1.40190,1.39790
2026/06/15,Mon,1.39920,1.39910,1.39990,1.39500
2026/06/14,Sun,,,,
2026/06/13,Sat,,,,
2026/06/12,Fri,1.39680,1.39900,1.39960,1.39570
2026/06/11,Thu,1.39430,1.39670,1.40250,1.39310
2026/06/10,Wed,1.39480,1.39430,1.39580,1.38990
2026/06/09,Tue,1.39520,1.39480,1.39710,1.39180
2026/06/08,Mon,1.39370,1.39520,1.39630,1.39250
2026/06/07,Sun,,,,
2026/06/06,Sat,,,,
2026/06/05,Fri,1.39030,1.39340,1.39520,1.38660
2026/06/04,Thu,1.38950,1.39090,1.39270,1.38800
2026/06/03,Wed,1.38400,1.38970,1.39010,1.38350
2026/06/02,Tue,1.38420,1.38400,1.38550,1.38150
2026/06/01,Mon,1.38020,1.38410,1.38510,1.37890
2026/05/31,Sun,,,,
2026/05/30,Sat,,,,
2026/05/29,Fri,1.37840,1.37960,1.38300,1.37690
2026/05/28,Thu,1.38360,1.37840,1.38710,1.37730
2026/05/27,Wed,1.38090,1.38410,1.38530,1.38030
2026/05/26,Tue,1.38020,1.38130,1.38230,1.37980
2026/05/25,Mon,1.38170,1.38010,1.38290,1.37940
2026/05/24,Sun,,,,
2026/05/23,Sat,,,,
2026/05/22,Fri,1.37770,1.38210,1.38260,1.37690
2026/05/21,Thu,1.37470,1.37770,1.38020,1.37370
2026/05/20,Wed,1.37470,1.37470,1.37800,1.37300
2026/05/19,Tue,1.37400,1.37450,1.37750,1.37350
2026/05/18,Mon,1.37460,1.37400,1.37660,1.37310
2026/05/17,Sun,,,,
2026/05/16,Sat,,,,
2026/05/15,Fri,1.37230,1.37500,1.37690,1.37140
2026/05/14,Thu,1.37100,1.37200,1.37390,1.37010
2026/05/13,Wed,1.37000,1.37070,1.37200,1.36840
2026/05/12,Tue,1.36780,1.36960,1.37260,1.36720
2026/05/11,Mon,1.36700,1.36780,1.36970,1.36470
2026/05/10,Sun,,,,
2026/05/09,Sat,,,,
2026/05/08,Fri,1.36650,1.36760,1.37110,1.36420
2026/05/07,Thu,1.36340,1.36650,1.36670,1.36190
2026/05/06,Wed,1.36190,1.36330,1.36430,1.35780
2026/05/05,Tue,1.36250,1.36190,1.36310,1.36040
2026/05/04,Mon,1.35900,1.36250,1.36280,1.35790
2026/05/03,Sun,,,,
2026/05/02,Sat,,,,
2026/05/01,Fri,1.35820,1.35880,1.35940,1.35500
2026/04/30,Thu,1.36910,1.35820,1.36910,1.35790
2026/04/29,Wed,1.36850,1.36850,1.37120,1.36670
2026/04/28,Tue,1.36270,1.36840,1.36930,1.36130
2026/04/27,Mon,1.36750,1.36270,1.36840,1.35960
2026/04/26,Sun,,,,
2026/04/25,Sat,,,,
2026/04/24,Fri,1.37010,1.36680,1.37150,1.36620
2026/04/23,Thu,1.36700,1.37000,1.37160,1.36600
2026/04/22,Wed,1.36660,1.36720,1.36760,1.36430
2026/04/21,Tue,1.36510,1.36640,1.36780,1.36300
2026/04/20,Mon,1.36880,1.36440,1.37110,1.36340
2026/04/19,Sun,,,,
2026/04/18,Sat,,,,
2026/04/17,Fri,1.37060,1.36930,1.37090,1.36490
2026/04/16,Thu,1.37410,1.37040,1.37420,1.36950
2026/04/15,Wed,1.37690,1.37420,1.37890,1.37260
2026/04/14,Tue,1.37920,1.37670,1.37940,1.37300
2026/04/13,Mon,1.38410,1.37930,1.38790,1.37850
2026/04/12,Sun,,,,
2026/04/11,Sat,,,,
2026/04/10,Fri,1.38090,1.38420,1.38460,1.37980
2026/04/09,Thu,1.38470,1.38170,1.38610,1.38040
2026/04/08,Wed,1.38890,1.38470,1.38990,1.38230
2026/04/07,Tue,1.39120,1.38890,1.39310,1.38840
2026/04/06,Mon,1.39330,1.39110,1.39510,1.39020
2026/04/05,Sun,,,,
2026/04/04,Sat,,,,
2026/04/03,Fri,1.39200,1.39470,1.39510,1.39140
2026/04/02,Thu,1.38770,1.39190,1.39350,1.38680
2026/04/01,Wed,1.39160,1.38750,1.39210,1.38720
2026/03/31,Tue,1.39250,1.39160,1.39680,1.39050
2026/03/30,Mon,1.38540,1.39240,1.39460,1.38510
2026/03/29,Sun,,,,
2026/03/28,Sat,,,,
2026/03/27,Fri,1.38620,1.38950,1.38970,1.38450
2026/03/26,Thu,1.38110,1.38610,1.38680,1.38030
2026/03/25,Wed,1.37640,1.38110,1.38210,1.37500
2026/03/24,Tue,1.37280,1.37630,1.37860,1.37200
2026/03/23,Mon,1.37200,1.37270,1.37560,1.36690
2026/03/22,Sun,,,,
2026/03/21,Sat,,,,
2026/03/20,Fri,1.37390,1.37240,1.37480,1.36990
2026/03/19,Thu,1.37320,1.37390,1.37500,1.37040
2026/03/18,Wed,1.36910,1.37330,1.37390,1.36870
2026/03/17,Tue,1.36870,1.36910,1.37240,1.36790
2026/03/16,Mon,1.37120,1.36870,1.37340,1.36520
2026/03/15,Sun,,,,
2026/03/14,Sat,,,,
2026/03/13,Fri,1.36410,1.37180,1.37420,1.36210
2026/03/12,Thu,1.35940,1.36420,1.36440,1.35760
2026/03/11,Wed,1.35810,1.35940,1.36070,1.35540
2026/03/10,Tue,1.35880,1.35810,1.36030,1.35420
2026/03/09,Mon,1.36010,1.35880,1.36080,1.35250
2026/03/08,Sun,,,,
2026/03/07,Sat,,,,
2026/03/06,Fri,1.36780,1.35670,1.36810,1.35630
2026/03/05,Thu,1.36420,1.36760,1.37170,1.36150
2026/03/04,Wed,1.36760,1.36440,1.37020,1.36260
2026/03/03,Tue,1.36760,1.36790,1.37540,1.36530
2026/03/02,Mon,1.36530,1.36760,1.37200,1.36370
2026/03/01,Sun,,,,
2026/02/28,Sat,,,,
2026/02/27,Fri,1.36790,1.36450,1.36860,1.36240
2026/02/26,Thu,1.36810,1.36810,1.37140,1.36590
2026/02/25,Wed,1.37010,1.36750,1.37080,1.36720
2026/02/24,Tue,1.36970,1.37000,1.37260,1.36910
2026/02/23,Mon,1.36810,1.36970,1.37060,1.36470
2026/02/22,Sun,,,,
2026/02/21,Sat,,,,
2026/02/20,Fri,1.36800,1.36820,1.37120,1.36690
2026/02/19,Thu,1.36970,1.36810,1.37160,1.36680
2026/02/18,Wed,1.36360,1.36950,1.37020,1.36310
2026/02/17,Tue,1.36340,1.36360,1.36930,1.36300
2026/02/16,Mon,1.36150,1.36360,1.36400,1.36030
2026/02/15,Sun,,,,
2026/02/14,Sat,,,,
2026/02/13,Fri,1.36110,1.36180,1.36390,1.35920
2026/02/12,Thu,1.35700,1.36110,1.36360,1.35540
2026/02/11,Wed,1.35520,1.35770,1.36200,1.35030
2026/02/10,Tue,1.35580,1.35520,1.35780,1.35230
2026/02/09,Mon,1.36550,1.35580,1.36820,1.35520
2026/02/08,Sun,,,,
2026/02/07,Sat,,,,
2026/02/06,Fri,1.37120,1.36800,1.37260,1.36240
2026/02/05,Thu,1.36610,1.37120,1.37120,1.36510
2026/02/04,Wed,1.36410,1.36640,1.36860,1.36280
2026/02/03,Tue,1.36800,1.36420,1.36870,1.36320
2026/02/02,Mon,1.35960,1.36810,1.37040,1.35960
2026/02/01,Sun,,,,
2026/01/31,Sat,,,,
2026/01/30,Fri,1.34910,1.36170,1.36250,1.34810
2026/01/29,Thu,1.35560,1.34900,1.35790,1.34840
2026/01/28,Wed,1.35830,1.35570,1.36150,1.35350
2026/01/27,Tue,1.37050,1.35750,1.37410,1.35580
2026/01/26,Mon,1.37080,1.37070,1.37210,1.36700
2026/01/25,Sun,,,,
2026/01/24,Sat,,,,
2026/01/23,Fri,1.37850,1.37010,1.38010,1.36930
2026/01/22,Thu,1.38340,1.37860,1.38460,1.37820
2026/01/21,Wed,1.38320,1.38350,1.38440,1.37850
2026/01/20,Tue,1.38690,1.38370,1.38800,1.38130
2026/01/19,Mon,1.39090,1.38690,1.39200,1.38590
2026/01/18,Sun,,,,
2026/01/17,Sat,,,,
2026/01/16,Fri,1.38890,1.39160,1.39300,1.38840
2026/01/15,Thu,1.38820,1.38930,1.39210,1.38760
2026/01/14,Wed,1.38890,1.38810,1.38990,1.38660
2026/01/13,Tue,1.38740,1.38890,1.38990,1.38550
2026/01/12,Mon,1.39100,1.38790,1.39190,1.38670
2026/01/11,Sun,,,,
2026/01/10,Sat,,,,
2026/01/09,Fri,1.38630,1.39140,1.39210,1.38610
2026/01/08,Thu,1.38610,1.38640,1.38890,1.38490
2026/01/07,Wed,1.38130,1.38620,1.38630,1.37900
2026/01/06,Tue,1.37720,1.38150,1.38180,1.37500
2026/01/05,Mon,1.37350,1.37730,1.38170,1.37290
2026/01/04,Sun,,,,
2026/01/03,Sat,,,,
2026/01/02,Fri,1.37240,1.37290,1.37480,1.37000
2026/01/01,Thu,1.37250,1.37270,1.37270,1.37250
2025/12/31,Wed,1.36930,1.37250,1.37290,1.36870
2025/12/30,Tue,1.36910,1.36970,1.37100,1.36780
2025/12/29,Mon,1.36660,1.36910,1.37030,1.36570
2025/12/28,Sun,,,,
2025/12/27,Sat,,,,
2025/12/26,Fri,1.36820,1.36720,1.36870,1.36420
2025/12/25,Thu,1.36720,1.36820,1.36850,1.36670
2025/12/24,Wed,1.36890,1.36760,1.36950,1.36640
2025/12/23,Tue,1.37500,1.36880,1.37550,1.36850
2025/12/22,Mon,1.37960,1.37490,1.38060,1.37350
2025/12/21,Sun,,,,
2025/12/20,Sat,,,,
2025/12/19,Fri,1.37780,1.38020,1.38070,1.37540
2025/12/18,Thu,1.37860,1.37760,1.37980,1.37550
2025/12/17,Wed,1.37560,1.37860,1.38000,1.37520
2025/12/16,Tue,1.37710,1.37560,1.37830,1.37290
2025/12/15,Mon,1.37670,1.37690,1.37900,1.37470
2025/12/14,Sun,,,,
2025/12/13,Sat,,,,
2025/12/12,Fri,1.37730,1.37730,1.37960,1.37520
2025/12/11,Thu,1.37920,1.37710,1.38250,1.37560
2025/12/10,Wed,1.38490,1.37940,1.38730,1.37830
2025/12/09,Tue,1.38570,1.38480,1.38620,1.38230
2025/12/08,Mon,1.38280,1.38580,1.38610,1.37990
2025/12/07,Sun,,,,
2025/12/06,Sat,,,,
2025/12/05,Fri,1.39580,1.38160,1.39620,1.38150
2025/12/04,Thu,1.39500,1.39580,1.39790,1.39250
2025/12/03,Wed,1.39730,1.39500,1.39770,1.39370
2025/12/02,Tue,1.39990,1.39700,1.40150,1.39660
2025/12/01,Mon,1.39750,1.39980,1.40030,1.39540
2025/11/30,Sun,,,,
2025/11/29,Sat,,,,
2025/11/28,Fri,1.40310,1.39740,1.40530,1.39370
2025/11/27,Thu,1.40440,1.40300,1.40510,1.40280
2025/11/26,Wed,1.40970,1.40440,1.41060,1.40340
2025/11/25,Tue,1.41110,1.40970,1.41260,1.40890
2025/11/24,Mon,1.41040,1.41080,1.41200,1.40910
2025/11/23,Sun,,,,
2025/11/22,Sat,,,,
2025/11/21,Fri,1.40970,1.41010,1.41320,1.40800
2025/11/20,Thu,1.40500,1.40970,1.41090,1.40390
2025/11/19,Wed,1.39890,1.40510,1.40670,1.39830
2025/11/18,Tue,1.40550,1.39900,1.40640,1.39710
2025/11/17,Mon,1.40270,1.40550,1.40590,1.40130
2025/11/16,Sun,,,,
2025/11/15,Sat,,,,
2025/11/14,Fri,1.40360,1.40240,1.40470,1.40130
2025/11/13,Thu,1.40060,1.40360,1.40390,1.39850
2025/11/12,Wed,1.40130,1.40060,1.40240,1.39890
2025/11/11,Tue,1.40260,1.40170,1.40430,1.40010
2025/11/10,Mon,1.40440,1.40200,1.40590,1.40000
2025/11/09,Sun,,,,
2025/11/08,Sat,,,,
2025/11/07,Fri,1.41160,1.40490,1.41280,1.40270
2025/11/06,Thu,1.41070,1.41180,1.41410,1.40900
2025/11/05,Wed,1.41050,1.41090,1.41410,1.40980
2025/11/04,Tue,1.40560,1.41040,1.41100,1.40530
2025/11/03,Mon,1.40040,1.40560,1.40760,1.40040
2025/11/02,Sun,,,,
2025/11/01,Sat,,,,
2025/10/31,Fri,1.39870,1.40110,1.40360,1.39780
2025/10/30,Thu,1.39430,1.39860,1.40150,1.39260
2025/10/29,Wed,1.39470,1.39430,1.39560,1.38870
2025/10/28,Tue,1.39900,1.39470,1.40070,1.39330
2025/10/27,Mon,1.39990,1.39900,1.40170,1.39690
2025/10/26,Sun,,,,
2025/10/25,Sat,,,,
2025/10/24,Fri,1.39910,1.39960,1.40400,1.39730
2025/10/23,Thu,1.39940,1.39920,1.40060,1.39790
2025/10/22,Wed,1.40220,1.39940,1.40340,1.39750
2025/10/21,Tue,1.40360,1.40230,1.40670,1.40030
2025/10/20,Mon,1.40230,1.40380,1.40530,1.40050
2025/10/19,Sun,,,,
2025/10/18,Sat,,,,
2025/10/17,Fri,1.40510,1.40210,1.40690,1.40080
2025/10/16,Thu,1.40430,1.40550,1.40620,1.40220
2025/10/15,Wed,1.40460,1.40440,1.40610,1.40260
2025/10/14,Tue,1.40370,1.40460,1.40810,1.40270
2025/10/13,Mon,1.40010,1.40360,1.40400,1.39810
2025/10/12,Sun,,,,
2025/10/11,Sat,,,,
2025/10/10,Fri,1.40210,1.40080,1.40360,1.39750
2025/10/09,Thu,1.39520,1.40210,1.40340,1.39330
2025/10/08,Wed,1.39490,1.39520,1.39730,1.39310
2025/10/07,Tue,1.39430,1.39500,1.39640,1.39380
2025/10/06,Mon,1.39590,1.39430,1.39690,1.39390
2025/10/05,Sun,,,,
2025/10/04,Sat,,,,
2025/10/03,Fri,1.39690,1.39520,1.39710,1.39390
2025/10/02,Thu,1.39350,1.39690,1.39880,1.39310
2025/10/01,Wed,1.39210,1.39350,1.39580,1.39060
2025/09/30,Tue,1.39140,1.39200,1.39370,1.38950
2025/09/29,Mon,1.39440,1.39140,1.39480,1.39020
2025/09/28,Sun,,,,
2025/09/27,Sat,,,,
2025/09/26,Fri,1.39390,1.39430,1.39600,1.39260
2025/09/25,Thu,1.38960,1.39410,1.39510,1.38840
2025/09/24,Wed,1.38350,1.38970,1.39080,1.38320
2025/09/23,Tue,1.38180,1.38350,1.38510,1.38110
2025/09/22,Mon,1.37850,1.38190,1.38320,1.37750
2025/09/21,Sun,,,,
2025/09/20,Sat,,,,
2025/09/19,Fri,1.37960,1.37810,1.38270,1.37680
2025/09/18,Thu,1.37740,1.37960,1.38110,1.37650
2025/09/17,Wed,1.37400,1.37730,1.37890,1.37250
2025/09/16,Tue,1.37760,1.37390,1.37850,1.37330
2025/09/15,Mon,1.38490,1.37780,1.38490,1.37660
2025/09/14,Sun,,,,
2025/09/13,Sat,,,,
2025/09/12,Fri,1.38320,1.38420,1.38650,1.38300
2025/09/11,Thu,1.38650,1.38320,1.38910,1.38250
2025/09/10,Wed,1.38430,1.38630,1.38710,1.38300
2025/09/09,Tue,1.38050,1.38430,1.38610,1.37920
2025/09/08,Mon,1.38260,1.38040,1.38460,1.37880
2025/09/07,Sun,,,,
2025/09/06,Sat,,,,
2025/09/05,Fri,1.38180,1.38300,1.38560,1.37590
2025/09/04,Thu,1.37940,1.38190,1.38470,1.37910
2025/09/03,Wed,1.37810,1.37940,1.38090,1.37770
2025/09/02,Tue,1.37500,1.37830,1.38170,1.37450
2025/09/01,Mon,1.37370,1.37510,1.37640,1.37310
2025/08/31,Sun,,,,
2025/08/30,Sat,,,,
2025/08/29,Fri,1.37500,1.37450,1.37810,1.37260
2025/08/28,Thu,1.37900,1.37480,1.37920,1.37400
2025/08/27,Wed,1.38380,1.37900,1.38590,1.37820
2025/08/26,Tue,1.38600,1.38380,1.38700,1.38220
2025/08/25,Mon,1.38240,1.38600,1.38650,1.38160
2025/08/24,Sun,,,,
2025/08/23,Sat,,,,
2025/08/22,Fri,1.39100,1.38270,1.39260,1.38130
2025/08/21,Thu,1.38740,1.39110,1.39140,1.38690
2025/08/20,Wed,1.38690,1.38740,1.38850,1.38530
2025/08/19,Tue,1.38040,1.38680,1.38710,1.37950
2025/08/18,Mon,1.38150,1.38030,1.38320,1.37820
2025/08/17,Sun,,,,
2025/08/16,Sat,,,,
2025/08/15,Fri,1.38160,1.38190,1.38210,1.37870
2025/08/14,Thu,1.37590,1.38170,1.38210,1.37440
2025/08/13,Wed,1.37710,1.37600,1.37830,1.37500
2025/08/12,Tue,1.37800,1.37730,1.38080,1.37530
2025/08/11,Mon,1.37590,1.37790,1.37960,1.37440
2025/08/10,Sun,,,,
2025/08/09,Sat,,,,
2025/08/08,Fri,1.37470,1.37580,1.37650,1.37250
2025/08/07,Thu,1.37410,1.37450,1.37750,1.37210
2025/08/06,Wed,1.37730,1.37420,1.37810,1.37350
2025/08/05,Tue,1.37780,1.37730,1.38110,1.37630
2025/08/04,Mon,1.37900,1.37790,1.37960,1.37580
2025/08/03,Sun,,,,
2025/08/02,Sat,,,,
2025/08/01,Fri,1.38550,1.37880,1.38810,1.37630
2025/07/31,Thu,1.38280,1.38550,1.38600,1.38130
2025/07/30,Wed,1.37700,1.38290,1.38460,1.37580
2025/07/29,Tue,1.37380,1.37710,1.37900,1.37310
2025/07/28,Mon,1.36950,1.37390,1.37440,1.36890
2025/07/27,Sun,,,,
2025/07/26,Sat,,,,
2025/07/25,Fri,1.36420,1.37020,1.37260,1.36360
2025/07/24,Thu,1.35940,1.36390,1.36570,1.35900
2025/07/23,Wed,1.36040,1.35950,1.36300,1.35750
2025/07/22,Tue,1.36880,1.36060,1.36970,1.36020
2025/07/21,Mon,1.37180,1.36830,1.37360,1.36760
2025/07/20,Sun,,,,
2025/07/19,Sat,,,,
2025/07/18,Fri,1.37520,1.37240,1.37560,1.36940
2025/07/17,Thu,1.36840,1.37520,1.37760,1.36830
2025/07/16,Wed,1.37250,1.36830,1.37560,1.36790
2025/07/15,Tue,1.36970,1.37240,1.37310,1.36700
2025/07/14,Mon,1.36960,1.37060,1.37190,1.36690
2025/07/13,Sun,,,,
2025/07/12,Sat,,,,
2025/07/11,Fri,1.36570,1.36910,1.37320,1.36510
2025/07/10,Thu,1.36850,1.36550,1.37100,1.36530
2025/07/09,Wed,1.36660,1.36860,1.37110,1.36600
2025/07/08,Tue,1.36810,1.36610,1.36950,1.36370
2025/07/07,Mon,1.36050,1.36830,1.36870,1.35940
2025/07/06,Sun,,,,
2025/07/05,Sat,,,,
2025/07/04,Fri,1.35790,1.36040,1.36190,1.35660
2025/07/03,Thu,1.35880,1.35830,1.36250,1.35560
2025/07/02,Wed,1.36460,1.35880,1.36600,1.35830
2025/07/01,Tue,1.36110,1.36460,1.36680,1.35900
2025/06/30,Mon,1.36860,1.36090,1.37050,1.35990
2025/06/29,Sun,,,,
2025/06/28,Sat,,,,
2025/06/27,Fri,1.36440,1.36820,1.37600,1.36270
2025/06/26,Thu,1.37240,1.36420,1.37320,1.36170
2025/06/25,Wed,1.37260,1.37260,1.37560,1.37120
2025/06/24,Tue,1.37340,1.37260,1.37400,1.36780
2025/06/23,Mon,1.37380,1.37330,1.38000,1.37240
2025/06/22,Sun,,,,
2025/06/21,Sat,,,,
2025/06/20,Fri,1.37080,1.37340,1.37480,1.36870
2025/06/19,Thu,1.36950,1.37010,1.37480,1.36850
2025/06/18,Wed,1.36780,1.36970,1.37040,1.36340
2025/06/17,Tue,1.35710,1.36810,1.36950,1.35560
2025/06/16,Mon,1.35960,1.35710,1.36090,1.35390
2025/06/15,Sun,,,,
2025/06/14,Sat,,,,
2025/06/13,Fri,1.36070,1.35850,1.36530,1.35660
2025/06/12,Thu,1.36710,1.36030,1.36760,1.35990
2025/06/11,Wed,1.36700,1.36720,1.36910,1.36490
2025/06/10,Tue,1.37000,1.36700,1.37300,1.36680
2025/06/09,Mon,1.36980,1.37000,1.37080,1.36680
2025/06/08,Sun,,,,
2025/06/07,Sat,,,,
2025/06/06,Fri,1.36770,1.36930,1.37060,1.36600
2025/06/05,Thu,1.36760,1.36760,1.36850,1.36340
2025/06/04,Wed,1.37210,1.36790,1.37330,1.36510
2025/06/03,Tue,1.37140,1.37210,1.37440,1.37000
2025/06/02,Mon,1.37390,1.37140,1.37480,1.36740
2025/06/01,Sun,,,,
2025/05/31,Sat,,,,
2025/05/30,Fri,1.38090,1.37410,1.38310,1.37140
2025/05/29,Thu,1.38360,1.38090,1.38630,1.37840
2025/05/28,Wed,1.38090,1.38360,1.38460,1.38010
2025/05/27,Tue,1.37370,1.38090,1.38370,1.37220
2025/05/26,Mon,1.37040,1.37370,1.37540,1.36860
2025/05/25,Sun,,,,
2025/05/24,Sat,,,,
2025/05/23,Fri,1.38570,1.37400,1.38650,1.37080
2025/05/22,Thu,1.38610,1.38570,1.38900,1.38450
2025/05/21,Wed,1.39180,1.38600,1.39220,1.38130
2025/05/20,Tue,1.39520,1.39160,1.39700,1.39080
2025/05/19,Mon,1.39700,1.39520,1.39790,1.39160
2025/05/18,Sun,,,,
2025/05/17,Sat,,,,
2025/05/16,Fri,1.39600,1.39660,1.39960,1.39340
2025/05/15,Thu,1.39830,1.39590,1.40060,1.39550
2025/05/14,Wed,1.39350,1.39830,1.39880,1.39010
2025/05/13,Tue,1.39750,1.39350,1.40170,1.39310
2025/05/12,Mon,1.39310,1.39750,1.40170,1.38910
2025/05/11,Sun,,,,
2025/05/10,Sat,,,,
2025/05/09,Fri,1.39260,1.39370,1.39460,1.39060
2025/05/08,Thu,1.38390,1.39250,1.39340,1.38130
2025/05/07,Wed,1.37790,1.38390,1.38410,1.37630
2025/05/06,Tue,1.38220,1.37780,1.38470,1.37500
2025/05/05,Mon,1.37860,1.38260,1.38400,1.37770
2025/05/04,Sun,,,,
2025/05/03,Sat,,,,
2025/05/02,Fri,1.38540,1.38210,1.38590,1.37590
2025/05/01,Thu,1.37970,1.38550,1.38640,1.37840
2025/04/30,Wed,1.38340,1.37990,1.38570,1.37690
2025/04/29,Tue,1.38300,1.38340,1.38720,1.38080
2025/04/28,Mon,1.38620,1.38300,1.38930,1.38160
2025/04/27,Sun,,,,
2025/04/26,Sat,,,,
2025/04/25,Fri,1.38510,1.38570,1.38930,1.38450
2025/04/24,Thu,1.38850,1.38510,1.39010,1.38390
2025/04/23,Wed,1.38170,1.38830,1.39060,1.37970
2025/04/22,Tue,1.38420,1.38170,1.38630,1.37920
2025/04/21,Mon,1.38430,1.38410,1.38520,1.37800
2025/04/20,Sun,,,,
2025/04/19,Sat,,,,
2025/04/18,Fri,1.38470,1.38480,1.38720,1.38330
2025/04/17,Thu,1.38620,1.38320,1.39080,1.38280
2025/04/16,Wed,1.39540,1.38550,1.39670,1.38550
2025/04/15,Tue,1.38700,1.39530,1.39800,1.38490
2025/04/14,Mon,1.38710,1.38730,1.39120,1.38280
2025/04/13,Sun,,,,
2025/04/12,Sat,,,,
2025/04/11,Fri,1.39830,1.38640,1.39920,1.38380
2025/04/10,Thu,1.40850,1.39800,1.41120,1.39510
2025/04/09,Wed,1.42630,1.40840,1.42750,1.40740
2025/04/08,Tue,1.42490,1.42620,1.42730,1.41430
2025/04/07,Mon,1.42500,1.42470,1.42980,1.41780
2025/04/06,Sun,,,,
2025/04/05,Sat,,,,
2025/04/04,Fri,1.40920,1.42180,1.42610,1.40530
2025/04/03,Thu,1.42360,1.40950,1.43200,1.40270
2025/04/02,Wed,1.43030,1.42300,1.43680,1.42280
2025/04/01,Tue,1.43860,1.43010,1.44170,1.42980
2025/03/31,Mon,1.43110,1.43870,1.43970,1.42990
2025/03/30,Sun,,,,
2025/03/29,Sat,,,,
2025/03/28,Fri,1.43060,1.43170,1.43350,1.42760
2025/03/27,Thu,1.42670,1.43040,1.43300,1.42590
2025/03/26,Wed,1.42800,1.42640,1.43000,1.42340
2025/03/25,Tue,1.43200,1.42770,1.43330,1.42710
2025/03/24,Mon,1.43500,1.43180,1.43580,1.42890
2025/03/23,Sun,,,,
2025/03/22,Sat,,,,
2025/03/21,Fri,1.43260,1.43490,1.43750,1.43130
2025/03/20,Thu,1.43260,1.43230,1.44020,1.43120
2025/03/19,Wed,1.43010,1.43240,1.43510,1.42950
2025/03/18,Tue,1.42900,1.42990,1.43220,1.42690
2025/03/17,Mon,1.43830,1.42880,1.43840,1.42740
2025/03/16,Sun,,,,
2025/03/15,Sat,,,,
2025/03/14,Fri,1.44380,1.43690,1.44490,1.43550
2025/03/13,Thu,1.43710,1.44390,1.44530,1.43580
2025/03/12,Wed,1.44360,1.43680,1.44860,1.43530
2025/03/11,Tue,1.44390,1.44320,1.45220,1.43790
2025/03/10,Mon,1.43790,1.44350,1.44730,1.43530
2025/03/09,Sun,,,,
2025/03/08,Sat,,,,
2025/03/07,Fri,1.42970,1.43770,1.44280,1.42790
2025/03/06,Thu,1.43410,1.42950,1.43770,1.42420
2025/03/05,Wed,1.43970,1.43370,1.44510,1.43300
2025/03/04,Tue,1.44840,1.43880,1.45430,1.43710
2025/03/03,Mon,1.44670,1.44780,1.45430,1.43690
2025/03/02,Sun,,,,
2025/03/01,Sat,,,,
2025/02/28,Fri,1.44420,1.44650,1.44730,1.43990
2025/02/27,Thu,1.43360,1.44380,1.44510,1.43210
2025/02/26,Wed,1.43140,1.43370,1.43700,1.42930
2025/02/25,Tue,1.42610,1.43120,1.43190,1.42390
2025/02/24,Mon,1.42190,1.42590,1.42690,1.41810
2025/02/23,Sun,,,,
2025/02/22,Sat,,,,
2025/02/21,Fri,1.41770,1.42200,1.42380,1.41680
2025/02/20,Thu,1.42370,1.41740,1.42460,1.41660
2025/02/19,Wed,1.42000,1.42340,1.42470,1.41750
2025/02/18,Tue,1.41830,1.41970,1.42140,1.41790
2025/02/17,Mon,1.41810,1.41800,1.41960,1.41590
2025/02/16,Sun,,,,
2025/02/15,Sat,,,,
2025/02/14,Fri,1.41940,1.41810,1.42030,1.41510
2025/02/13,Thu,1.43040,1.41910,1.43080,1.41830
2025/02/12,Wed,1.42870,1.43050,1.43440,1.42550
2025/02/11,Tue,1.43170,1.42830,1.43470,1.42780
2025/02/10,Mon,1.42970,1.43150,1.43810,1.42890
2025/02/09,Sun,,,,
2025/02/08,Sat,,,,
2025/02/07,Fri,1.43100,1.42940,1.43470,1.42720
2025/02/06,Thu,1.43140,1.43080,1.43680,1.43010
2025/02/05,Wed,1.43220,1.43070,1.43460,1.42690
2025/02/04,Tue,1.44280,1.43210,1.45040,1.43010
2025/02/03,Mon,1.46890,1.44280,1.47940,1.43890
2025/02/02,Sun,,,,
2025/02/01,Sat,,,,
2025/01/31,Fri,1.44910,1.45240,1.45600,1.43720
2025/01/30,Thu,1.44210,1.44880,1.45950,1.43920
2025/01/29,Wed,1.44000,1.44170,1.44730,1.43910
2025/01/28,Tue,1.43730,1.43980,1.44210,1.43680
2025/01/27,Mon,1.43450,1.43700,1.44020,1.43330
2025/01/26,Sun,,,,
2025/01/25,Sat,,,,
2025/01/24,Fri,1.43830,1.43420,1.43850,1.43140
2025/01/23,Thu,1.43730,1.43830,1.44150,1.43330
2025/01/22,Wed,1.43230,1.43750,1.43930,1.43010
2025/01/21,Tue,1.43040,1.43190,1.45160,1.42890
2025/01/20,Mon,1.44610,1.43060,1.44870,1.42610
2025/01/19,Sun,,,,
2025/01/18,Sat,,,,
2025/01/17,Fri,1.43940,1.44800,1.44850,1.43810
2025/01/16,Thu,1.43440,1.43930,1.44040,1.43220
2025/01/15,Wed,1.43490,1.43400,1.43680,1.43010
2025/01/14,Tue,1.43730,1.43480,1.44120,1.43430
2025/01/13,Mon,1.44280,1.43780,1.44490,1.43750
2025/01/12,Sun,,,,
2025/01/11,Sat,,,,
2025/01/10,Fri,1.43940,1.44220,1.44450,1.43740
2025/01/09,Thu,1.43750,1.43940,1.44060,1.43650
2025/01/08,Wed,1.43660,1.43720,1.44110,1.43390
2025/01/07,Tue,1.43350,1.43670,1.43730,1.42970
2025/01/06,Mon,1.44470,1.43290,1.44540,1.42790
2025/01/05,Sun,,,,
2025/01/04,Sat,,,,
2025/01/03,Fri,1.44000,1.44470,1.44650,1.43830
2025/01/02,Thu,1.43860,1.44000,1.44440,1.43680
2025/01/01,Wed,1.43830,1.43850,1.43890,1.43790
2024/12/31,Tue,1.43600,1.43800,1.44110,1.43370
2024/12/30,Mon,1.44150,1.43530,1.44340,1.43440
2024/12/29,Sun,,,,
2024/12/28,Sat,,,,
2024/12/27,Fri,1.44080,1.44070,1.44510,1.43750
2024/12/26,Thu,1.43650,1.44070,1.44210,1.43490
2024/12/25,Wed,1.43560,1.43640,1.43750,1.43540
2024/12/24,Tue,1.43710,1.43600,1.44210,1.43470
2024/12/23,Mon,1.43600,1.43680,1.44340,1.43490
2024/12/22,Sun,,,,
2024/12/21,Sat,,,,
2024/12/20,Fri,1.43980,1.43680,1.44360,1.43350
2024/12/19,Thu,1.44480,1.43970,1.44690,1.43440
2024/12/18,Wed,1.43100,1.44470,1.44500,1.43040
2024/12/17,Tue,1.42420,1.43100,1.43260,1.42320
2024/12/16,Mon,1.42320,1.42420,1.42700,1.42170
2024/12/15,Sun,,,,
2024/12/14,Sat,,,,
2024/12/13,Fri,1.42210,1.42290,1.42460,1.42090
2024/12/12,Thu,1.41580,1.42200,1.42290,1.41310
2024/12/11,Wed,1.41770,1.41570,1.41950,1.41200
2024/12/10,Tue,1.41700,1.41780,1.41960,1.41540
2024/12/09,Mon,1.41580,1.41710,1.41770,1.40930
2024/12/08,Sun,,,,
2024/12/07,Sat,,,,
2024/12/06,Fri,1.40290,1.41550,1.41660,1.40180
2024/12/05,Thu,1.40740,1.40220,1.40800,1.40100
2024/12/04,Wed,1.40680,1.40730,1.40840,1.40510
2024/12/03,Tue,1.40500,1.40680,1.40770,1.40090
2024/12/02,Mon,1.40070,1.40440,1.40910,1.39860
2024/12/01,Sun,,,,
2024/11/30,Sat,,,,
2024/11/29,Fri,1.40170,1.40020,1.40470,1.39790
2024/11/28,Thu,1.40300,1.40110,1.40330,1.39980
2024/11/27,Wed,1.40530,1.40280,1.40790,1.40090
2024/11/26,Tue,1.39870,1.40520,1.41790,1.39810
2024/11/25,Mon,1.39740,1.39860,1.40090,1.39270
2024/11/24,Sun,,,,
2024/11/23,Sat,,,,
2024/11/22,Fri,1.39710,1.39800,1.40220,1.39570
2024/11/21,Thu,1.39760,1.39700,1.39790,1.39300
2024/11/20,Wed,1.39580,1.39720,1.40150,1.39500
2024/11/19,Tue,1.40140,1.39530,1.40380,1.39540
2024/11/18,Mon,1.40910,1.40140,1.41040,1.40030
2024/11/17,Sun,,,,
2024/11/16,Sat,,,,
2024/11/15,Fri,1.40550,1.40880,1.41070,1.40320
2024/11/14,Thu,1.39970,1.40570,1.40650,1.39870
2024/11/13,Wed,1.39450,1.39960,1.40040,1.39310
2024/11/12,Tue,1.39250,1.39440,1.39690,1.39160
2024/11/11,Mon,1.39090,1.39240,1.39520,1.38940
2024/11/10,Sun,,,,
2024/11/09,Sat,,,,
2024/11/08,Fri,1.38620,1.39080,1.39300,1.38570
2024/11/07,Thu,1.39390,1.38610,1.39500,1.38410
2024/11/06,Wed,1.38250,1.39380,1.39600,1.38220
2024/11/05,Tue,1.39020,1.38230,1.39080,1.38230
2024/11/04,Mon,1.39440,1.39010,1.39450,1.38740
2024/11/03,Sun,,,,
2024/11/02,Sat,,,,
2024/11/01,Fri,1.39310,1.39500,1.39600,1.39030
2024/10/31,Thu,1.39050,1.39330,1.39470,1.38910
2024/10/30,Wed,1.39150,1.39030,1.39420,1.38940
2024/10/29,Tue,1.38930,1.39140,1.39310,1.38760
2024/10/28,Mon,1.38910,1.38890,1.39100,1.38810
2024/10/27,Sun,,,,
2024/10/26,Sat,,,,
2024/10/25,Fri,1.38550,1.38910,1.38990,1.38370
2024/10/24,Thu,1.38390,1.38540,1.38700,1.38110
2024/10/23,Wed,1.38190,1.38360,1.38640,1.38150
2024/10/22,Tue,1.38320,1.38160,1.38400,1.38130
2024/10/21,Mon,1.38020,1.38310,1.38510,1.37980
2024/10/20,Sun,,,,
2024/10/19,Sat,,,,
2024/10/18,Fri,1.37970,1.38000,1.38170,1.37840
2024/10/17,Thu,1.37540,1.37940,1.38030,1.37460
2024/10/16,Wed,1.37750,1.37500,1.37940,1.37490
2024/10/15,Tue,1.37960,1.37740,1.38400,1.37690
2024/10/14,Mon,1.37600,1.37950,1.38070,1.37560
2024/10/13,Sun,,,,
2024/10/12,Sat,,,,
2024/10/11,Fri,1.37400,1.37620,1.37850,1.37250
2024/10/10,Thu,1.37120,1.37390,1.37770,1.36980
2024/10/09,Wed,1.36470,1.37100,1.37200,1.36420
2024/10/08,Tue,1.36200,1.36470,1.36760,1.36100
2024/10/07,Mon,1.35680,1.36160,1.36410,1.35670
2024/10/06,Sun,,,,
2024/10/05,Sat,,,,
2024/10/04,Fri,1.35550,1.35710,1.35920,1.35440
2024/10/03,Thu,1.35020,1.35520,1.35610,1.34940
2024/10/02,Wed,1.34910,1.35010,1.35120,1.34720
2024/10/01,Tue,1.35250,1.34900,1.35410,1.34810
2024/09/30,Mon,1.35140,1.35240,1.35390,1.34890
2024/09/29,Sun,,,,
2024/09/28,Sat,,,,
2024/09/27,Fri,1.34650,1.35120,1.35280,1.34630
2024/09/26,Thu,1.34860,1.34640,1.34910,1.34570
2024/09/25,Wed,1.34320,1.34830,1.34880,1.34190
2024/09/24,Tue,1.35390,1.34300,1.35420,1.34300
2024/09/23,Mon,1.35620,1.35400,1.35840,1.34860
2024/09/22,Sun,,,,
2024/09/21,Sat,,,,
2024/09/20,Fri,1.35590,1.35690,1.35910,1.35410
2024/09/19,Thu,1.36040,1.35580,1.36490,1.35320
2024/09/18,Wed,1.35960,1.36040,1.36240,1.35410
2024/09/17,Tue,1.35840,1.35970,1.36180,1.35790
2024/09/16,Mon,1.35920,1.35850,1.36090,1.35660
2024/09/15,Sun,,,,
2024/09/14,Sat,,,,
2024/09/13,Fri,1.35820,1.35850,1.36010,1.35640
2024/09/12,Thu,1.35750,1.35800,1.36060,1.35640
2024/09/11,Wed,1.36090,1.35710,1.36240,1.35660
2024/09/10,Tue,1.35580,1.36100,1.36170,1.35540
2024/09/09,Mon,1.35710,1.35560,1.35800,1.35450
2024/09/08,Sun,,,,
2024/09/07,Sat,,,,
2024/09/06,Fri,1.35050,1.35710,1.35840,1.34660
2024/09/05,Thu,1.35070,1.35030,1.35270,1.35010
2024/09/04,Wed,1.35540,1.35060,1.35670,1.35000
2024/09/03,Tue,1.34930,1.35500,1.35640,1.34910
2024/09/02,Mon,1.34890,1.34910,1.35060,1.34800
2024/09/01,Sun,,,,
2024/08/31,Sat,,,,
2024/08/30,Fri,1.34840,1.34930,1.35100,1.34650
2024/08/29,Thu,1.34790,1.34830,1.34920,1.34490
2024/08/28,Wed,1.34470,1.34800,1.34890,1.34400
2024/08/27,Tue,1.34870,1.34400,1.34890,1.34420
2024/08/26,Mon,1.35060,1.34870,1.35180,1.34620
2024/08/25,Sun,,,,
2024/08/24,Sat,,,,
2024/08/23,Fri,1.36170,1.35070,1.36190,1.34980
2024/08/22,Thu,1.35950,1.36150,1.36200,1.35710
2024/08/21,Wed,1.36210,1.35950,1.36260,1.35750
2024/08/20,Tue,1.36340,1.36180,1.36430,1.36040
2024/08/19,Mon,1.36950,1.36340,1.36950,1.36280
2024/08/18,Sun,,,,
2024/08/17,Sat,,,,
2024/08/16,Fri,1.37300,1.36760,1.37390,1.36770
2024/08/15,Thu,1.37180,1.37280,1.37400,1.36940
2024/08/14,Wed,1.37050,1.37140,1.37260,1.36880
2024/08/13,Tue,1.37440,1.37040,1.37480,1.37050
2024/08/12,Mon,1.37300,1.37410,1.37480,1.37180
2024/08/11,Sun,,,,
2024/08/10,Sat,,,,
2024/08/09,Fri,1.37320,1.37290,1.37520,1.37180
2024/08/08,Thu,1.37600,1.37280,1.37670,1.37260
2024/08/07,Wed,1.37850,1.37580,1.37920,1.37210
2024/08/06,Tue,1.38250,1.37850,1.38570,1.37560
2024/08/05,Mon,1.38720,1.38230,1.39470,1.38090
2024/08/04,Sun,,,,
2024/08/03,Sat,,,,
2024/08/02,Fri,1.38760,1.38720,1.38890,1.38330
2024/08/01,Thu,1.38070,1.38730,1.38910,1.37960
2024/07/31,Wed,1.38490,1.38080,1.38600,1.37870
2024/07/30,Tue,1.38530,1.38470,1.38660,1.38370
2024/07/29,Mon,1.38340,1.38510,1.38660,1.38150
2024/07/28,Sun,,,,
2024/07/27,Sat,,,,
2024/07/26,Fri,1.38250,1.38330,1.38500,1.38060
2024/07/25,Thu,1.38080,1.38240,1.38490,1.37960
2024/07/24,Wed,1.37850,1.38070,1.38170,1.37770
2024/07/23,Tue,1.37550,1.37810,1.37870,1.37520
2024/07/22,Mon,1.37270,1.37510,1.37760,1.37050
2024/07/21,Sun,,,,
2024/07/20,Sat,,,,
2024/07/19,Fri,1.37060,1.37320,1.37490,1.37010
2024/07/18,Thu,1.36830,1.37040,1.37200,1.36700
2024/07/17,Wed,1.36740,1.36820,1.37030,1.36550
2024/07/16,Tue,1.36840,1.36710,1.37090,1.36650
2024/07/15,Mon,1.36330,1.36820,1.36900,1.36300
2024/07/14,Sun,,,,
2024/07/13,Sat,,,,
2024/07/12,Fri,1.36320,1.36310,1.36410,1.36100
2024/07/11,Thu,1.36200,1.36320,1.36490,1.35880
2024/07/10,Wed,1.36360,1.36180,1.36440,1.36070
2024/07/09,Tue,1.36390,1.36340,1.36490,1.36270
2024/07/08,Mon,1.36410,1.36350,1.36490,1.36230
2024/07/07,Sun,,,,
2024/07/06,Sat,,,,
2024/07/05,Fri,1.36130,1.36390,1.36550,1.36020
2024/07/04,Thu,1.36370,1.36130,1.36430,1.36070
2024/07/03,Wed,1.36780,1.36380,1.36880,1.36170
2024/07/02,Tue,1.37370,1.36760,1.37560,1.36670
2024/07/01,Mon,1.36780,1.37350,1.37500,1.36620
2024/06/30,Sun,,,,
2024/06/29,Sat,,,,
2024/06/28,Fri,1.37010,1.36770,1.37350,1.36540
2024/06/27,Thu,1.37020,1.37010,1.37140,1.36760
2024/06/26,Wed,1.36570,1.37000,1.37090,1.36490
2024/06/25,Tue,1.36570,1.36550,1.36820,1.36290
2024/06/24,Mon,1.36960,1.36540,1.37100,1.36490
2024/06/23,Sun,,,,
2024/06/22,Sat,,,,
2024/06/21,Fri,1.36870,1.36940,1.37190,1.36740
2024/06/20,Thu,1.37080,1.36870,1.37220,1.36810
2024/06/19,Wed,1.37180,1.37050,1.37270,1.36970
2024/06/18,Tue,1.37240,1.37170,1.37580,1.37080
2024/06/17,Mon,1.37350,1.37220,1.37660,1.37200
2024/06/16,Sun,,,,
2024/06/15,Sat,,,,
2024/06/14,Fri,1.37450,1.37350,1.37810,1.37270
2024/06/13,Thu,1.37230,1.37420,1.37660,1.37140
2024/06/12,Wed,1.37590,1.37220,1.37620,1.36790
2024/06/11,Tue,1.37600,1.37570,1.37930,1.37470
2024/06/10,Mon,1.37550,1.37580,1.37830,1.37530
2024/06/09,Sun,,,,
2024/06/08,Sat,,,,
2024/06/07,Fri,1.36700,1.37640,1.37690,1.36620
2024/06/06,Thu,1.36950,1.36680,1.37110,1.36640
2024/06/05,Wed,1.36780,1.36920,1.37430,1.36650
2024/06/04,Tue,1.36280,1.36780,1.37000,1.36200
2024/06/03,Mon,1.36280,1.36270,1.36700,1.36020
2024/06/02,Sun,,,,
2024/06/01,Sat,,,,
2024/05/31,Fri,1.36790,1.36260,1.36910,1.36180
2024/05/30,Thu,1.37180,1.36780,1.37360,1.36590
2024/05/29,Wed,1.36440,1.37140,1.37210,1.36410
2024/05/28,Tue,1.36370,1.36450,1.36550,1.36130
2024/05/27,Mon,1.36680,1.36320,1.36730,1.36280
2024/05/26,Sun,,,,
2024/05/25,Sat,,,,
2024/05/24,Fri,1.37340,1.36610,1.37400,1.36470
2024/05/23,Thu,1.36950,1.37290,1.37450,1.36550
2024/05/22,Wed,1.36550,1.36930,1.37000,1.36240
2024/05/21,Tue,1.36250,1.36520,1.36760,1.36130
2024/05/20,Mon,1.36120,1.36220,1.36360,1.35950
2024/05/19,Sun,,,,
2024/05/18,Sat,,,,
2024/05/17,Fri,1.36180,1.36090,1.36450,1.36000
2024/05/16,Thu,1.36020,1.36180,1.36430,1.35890
2024/05/15,Wed,1.36490,1.36010,1.36620,1.35900
2024/05/14,Tue,1.36670,1.36470,1.36910,1.36320
2024/05/13,Mon,1.36720,1.36650,1.36910,1.36600
2024/05/12,Sun,,,,
2024/05/11,Sat,,,,
2024/05/10,Fri,1.36770,1.36700,1.36910,1.36340
2024/05/09,Thu,1.37230,1.36750,1.37390,1.36730
2024/05/08,Wed,1.37270,1.37200,1.37640,1.37160
2024/05/07,Tue,1.36610,1.37230,1.37430,1.36600
2024/05/06,Mon,1.36860,1.36620,1.36990,1.36470
2024/05/05,Sun,,,,
2024/05/04,Sat,,,,
2024/05/03,Fri,1.36720,1.36840,1.36930,1.36090
2024/05/02,Thu,1.37390,1.36710,1.37430,1.36680
2024/05/01,Wed,1.37790,1.37380,1.37850,1.37030
2024/04/30,Tue,1.36620,1.37770,1.37850,1.36570
2024/04/29,Mon,1.36710,1.36590,1.36780,1.36310
2024/04/28,Sun,,,,
2024/04/27,Sat,,,,
2024/04/26,Fri,1.36540,1.36690,1.36970,1.36340
2024/04/25,Thu,1.36980,1.36550,1.37320,1.36490
2024/04/24,Wed,1.36640,1.37000,1.37300,1.36540
2024/04/23,Tue,1.37010,1.36610,1.37160,1.36550
2024/04/22,Mon,1.37570,1.36980,1.37570,1.36860
2024/04/21,Sun,,,,
2024/04/20,Sat,,,,
2024/04/19,Fri,1.37680,1.37530,1.38060,1.37230
2024/04/18,Thu,1.37730,1.37650,1.37830,1.37410
2024/04/17,Wed,1.38290,1.37700,1.38380,1.37580
2024/04/16,Tue,1.37880,1.38280,1.38480,1.37730
2024/04/15,Mon,1.37750,1.37860,1.37950,1.37240
2024/04/14,Sun,,,,
2024/04/13,Sat,,,,
2024/04/12,Fri,1.36890,1.37720,1.37890,1.36820
2024/04/11,Thu,1.36820,1.36890,1.37270,1.36610
2024/04/10,Wed,1.35720,1.36750,1.37040,1.35550
2024/04/09,Tue,1.35780,1.35670,1.36000,1.35470
2024/04/08,Mon,1.35900,1.35710,1.36180,1.35690
2024/04/07,Sun,,,,
2024/04/06,Sat,,,,
2024/04/05,Fri,1.35430,1.35880,1.36490,1.35400
2024/04/04,Thu,1.35270,1.35410,1.35610,1.34770
2024/04/03,Wed,1.35680,1.35260,1.35900,1.35100
2024/04/02,Tue,1.35710,1.35640,1.35860,1.35550
2024/04/01,Mon,1.35450,1.35690,1.35880,1.35140
2024/03/31,Sun,,,,
2024/03/30,Sat,,,,
2024/03/29,Fri,1.35410,1.35370,1.35630,1.35310
2024/03/28,Thu,1.35680,1.35380,1.36150,1.35240
2024/03/27,Wed,1.35850,1.35670,1.36090,1.35640
2024/03/26,Tue,1.35860,1.35820,1.35920,1.35520
2024/03/25,Mon,1.35990,1.35840,1.36150,1.35690
2024/03/24,Sun,,,,
2024/03/23,Sat,,,,
2024/03/22,Fri,1.35320,1.36060,1.36150,1.35180
2024/03/21,Thu,1.34930,1.35290,1.35430,1.34550
2024/03/20,Wed,1.35670,1.34900,1.36060,1.34810
2024/03/19,Tue,1.35320,1.35630,1.36150,1.35310
2024/03/18,Mon,1.35400,1.35310,1.35530,1.35200
2024/03/17,Sun,,,,
2024/03/16,Sat,,,,
2024/03/15,Fri,1.35330,1.35410,1.35530,1.35090
2024/03/14,Thu,1.34700,1.35320,1.35430,1.34590
2024/03/13,Wed,1.34930,1.34690,1.35000,1.34580
2024/03/12,Tue,1.34850,1.34880,1.35270,1.34660
2024/03/11,Mon,1.34800,1.34820,1.35110,1.34680
2024/03/10,Sun,,,,
2024/03/09,Sat,,,,
2024/03/08,Fri,1.34590,1.34780,1.34990,1.34190
2024/03/07,Thu,1.35190,1.34570,1.35270,1.34530
2024/03/06,Wed,1.35920,1.35130,1.36010,1.34980
2024/03/05,Tue,1.35730,1.35890,1.36070,1.35540
2024/03/04,Mon,1.35590,1.35710,1.35850,1.35450
2024/03/03,Sun,,,,
2024/03/02,Sat,,,,
2024/03/01,Fri,1.35730,1.35570,1.36030,1.35440
2024/02/29,Thu,1.35800,1.35750,1.35990,1.35400
2024/02/28,Wed,1.35280,1.35760,1.36070,1.35240
2024/02/27,Tue,1.35090,1.35270,1.35410,1.34840
2024/02/26,Mon,1.35030,1.35070,1.35300,1.34950
2024/02/25,Sun,,,,
2024/02/24,Sat,,,,
2024/02/23,Fri,1.34820,1.35050,1.35190,1.34610
2024/02/22,Thu,1.35050,1.34810,1.35100,1.34400
2024/02/21,Wed,1.35240,1.35050,1.35380,1.34930
2024/02/20,Tue,1.34910,1.35200,1.35310,1.34710
2024/02/19,Mon,1.34860,1.34880,1.34980,1.34670
2024/02/18,Sun,,,,
2024/02/17,Sat,,,,
2024/02/16,Fri,1.34660,1.34840,1.35090,1.34600
2024/02/15,Thu,1.35450,1.34630,1.35530,1.34630
2024/02/14,Wed,1.35640,1.35410,1.35740,1.35300
2024/02/13,Tue,1.34510,1.35630,1.35880,1.34390
2024/02/12,Mon,1.34610,1.34480,1.34770,1.34290
2024/02/11,Sun,,,,
2024/02/10,Sat,,,,
2024/02/09,Fri,1.34630,1.34580,1.34830,1.34130
2024/02/08,Thu,1.34630,1.34550,1.34950,1.34470
2024/02/07,Wed,1.34940,1.34630,1.34960,1.34540
2024/02/06,Tue,1.35400,1.34920,1.35460,1.34760
2024/02/05,Mon,1.34660,1.35380,1.35450,1.34520
2024/02/04,Sun,,,,
2024/02/03,Sat,,,,
2024/02/02,Fri,1.33860,1.34600,1.34770,1.33650
2024/02/01,Thu,1.34370,1.33840,1.34650,1.33670
2024/01/31,Wed,1.34010,1.34340,1.34470,1.33570
2024/01/30,Tue,1.34190,1.33960,1.34480,1.33940
2024/01/29,Mon,1.34570,1.34110,1.34660,1.34090
2024/01/28,Sun,,,,
2024/01/27,Sat,,,,
2024/01/26,Fri,1.34750,1.34500,1.34850,1.34130
2024/01/25,Thu,1.35190,1.34740,1.35360,1.34680
2024/01/24,Wed,1.34620,1.35220,1.35300,1.34290
2024/01/23,Tue,1.34800,1.34600,1.34930,1.34520
2024/01/22,Mon,1.34380,1.34780,1.34840,1.34140
2024/01/21,Sun,,,,
2024/01/20,Sat,,,,
2024/01/19,Fri,1.34860,1.34290,1.35040,1.34260
2024/01/18,Thu,1.35070,1.34850,1.35270,1.34790
2024/01/17,Wed,1.34910,1.35050,1.35430,1.34800
2024/01/16,Tue,1.34270,1.34920,1.35030,1.34230
2024/01/15,Mon,1.34090,1.34240,1.34490,1.33820
2024/01/14,Sun,,,,
2024/01/13,Sat,,,,
2024/01/12,Fri,1.33940,1.34080,1.34130,1.33430
2024/01/11,Thu,1.33800,1.33910,1.34440,1.33500
2024/01/10,Wed,1.33910,1.33780,1.33970,1.33650
2024/01/09,Tue,1.33460,1.33890,1.34160,1.33400
2024/01/08,Mon,1.33470,1.33450,1.34060,1.33440
2024/01/07,Sun,,,,
2024/01/06,Sat,,,,
2024/01/05,Fri,1.33490,1.33620,1.34000,1.32870
2024/01/04,Thu,1.33590,1.33470,1.33670,1.33160
2024/01/03,Wed,1.33240,1.33530,1.33730,1.33170
2024/01/02,Tue,1.32390,1.33220,1.33350,1.32280
2024/01/01,Mon,1.32470,1.32360,1.32540,1.32340
2023/12/31,Sun,,,,
2023/12/30,Sat,,,,
2023/12/29,Fri,1.32290,1.32450,1.32660,1.31780
2023/12/28,Thu,1.32080,1.32290,1.32370,1.31810
2023/12/27,Wed,1.32010,1.32070,1.32210,1.31760
2023/12/26,Tue,1.32570,1.31950,1.32640,1.31940
2023/12/25,Mon,1.32670,1.32500,1.33000,1.32500
2023/12/24,Sun,,,,
2023/12/23,Sat,,,,
2023/12/22,Fri,1.32820,1.32720,1.32940,1.32180
2023/12/21,Thu,1.33700,1.32800,1.33730,1.32750
2023/12/20,Wed,1.33330,1.33660,1.33720,1.33100
2023/12/19,Tue,1.33980,1.33310,1.34020,1.33310
2023/12/18,Mon,1.33650,1.33950,1.34110,1.33490
2023/12/17,Sun,,,,
2023/12/16,Sat,,,,
2023/12/15,Fri,1.34090,1.33810,1.34160,1.33490
2023/12/14,Thu,1.35150,1.34060,1.35220,1.33930
2023/12/13,Wed,1.35900,1.35170,1.36100,1.34940
2023/12/12,Tue,1.35750,1.35880,1.36200,1.35450
2023/12/11,Mon,1.35850,1.35740,1.36060,1.35490
2023/12/10,Sun,,,,
2023/12/09,Sat,,,,
2023/12/08,Fri,1.35980,1.35870,1.36110,1.35500
2023/12/07,Thu,1.35940,1.35940,1.36210,1.35830
2023/12/06,Wed,1.35880,1.35910,1.35980,1.35480
2023/12/05,Tue,1.35360,1.35900,1.35960,1.35330
2023/12/04,Mon,1.35060,1.35370,1.35630,1.34790
2023/12/03,Sun,,,,
2023/12/02,Sat,,,,
2023/12/01,Fri,1.35620,1.34970,1.35710,1.34860
2023/11/30,Thu,1.35860,1.35620,1.36280,1.35510
2023/11/29,Wed,1.35710,1.35890,1.36160,1.35410
2023/11/28,Tue,1.36200,1.35740,1.36230,1.35590
2023/11/27,Mon,1.36360,1.36150,1.36630,1.36130
2023/11/26,Sun,,,,
2023/11/25,Sat,,,,
2023/11/24,Fri,1.36940,1.36350,1.37130,1.35930
2023/11/23,Thu,1.36870,1.36920,1.37120,1.36500
2023/11/22,Wed,1.37010,1.36880,1.37670,1.36850
2023/11/21,Tue,1.37250,1.37000,1.37330,1.36800
2023/11/20,Mon,1.37140,1.37240,1.37500,1.36890
2023/11/19,Sun,,,,
2023/11/18,Sat,,,,
2023/11/17,Fri,1.37550,1.37180,1.37720,1.37080
2023/11/16,Thu,1.36840,1.37550,1.37780,1.36770
2023/11/15,Wed,1.36930,1.36780,1.37120,1.36530
2023/11/14,Tue,1.38010,1.36920,1.38450,1.36840
2023/11/13,Mon,1.38010,1.37990,1.38330,1.37760
2023/11/12,Sun,,,,
2023/11/11,Sat,,,,
2023/11/10,Fri,1.38110,1.37990,1.38560,1.37900
2023/11/09,Thu,1.37950,1.38060,1.38170,1.37460
2023/11/08,Wed,1.37680,1.37910,1.38160,1.37540
2023/11/07,Tue,1.37000,1.37660,1.37840,1.36890
2023/11/06,Mon,1.36700,1.36970,1.37040,1.36280
2023/11/05,Sun,,,,
2023/11/04,Sat,,,,
2023/11/03,Fri,1.37390,1.36590,1.37620,1.36530
2023/11/02,Thu,1.38590,1.37370,1.38600,1.37350
2023/11/01,Wed,1.38740,1.38560,1.39010,1.38410
2023/10/31,Tue,1.38260,1.38740,1.38940,1.38130
2023/10/30,Mon,1.38670,1.38250,1.38780,1.38130
2023/10/29,Sun,,,,
2023/10/28,Sat,,,,
2023/10/27,Fri,1.38310,1.38690,1.38820,1.37960
2023/10/26,Thu,1.37960,1.38310,1.38450,1.37890
2023/10/25,Wed,1.37360,1.37950,1.38110,1.37290
2023/10/24,Tue,1.36880,1.37370,1.37560,1.36600
2023/10/23,Mon,1.37110,1.36890,1.37380,1.36670
2023/10/22,Sun,,,,
2023/10/21,Sat,,,,
2023/10/20,Fri,1.37190,1.37160,1.37350,1.36700
2023/10/19,Thu,1.37130,1.37180,1.37420,1.36790
2023/10/18,Wed,1.36490,1.37150,1.37180,1.36170
2023/10/17,Tue,1.36100,1.36490,1.37040,1.36060
2023/10/16,Mon,1.36700,1.36090,1.36700,1.36060
2023/10/15,Sun,,,,
2023/10/14,Sat,,,,
2023/10/13,Fri,1.36900,1.36570,1.36960,1.36360
2023/10/12,Thu,1.35940,1.36890,1.37020,1.35780
2023/10/11,Wed,1.35840,1.35920,1.36250,1.35710
2023/10/10,Tue,1.35900,1.35830,1.36190,1.35690
2023/10/09,Mon,1.36780,1.35900,1.36810,1.35810
2023/10/08,Sun,,,,
2023/10/07,Sat,,,,
2023/10/06,Fri,1.37090,1.36610,1.37460,1.36440
2023/10/05,Thu,1.37450,1.37040,1.37870,1.37030
2023/10/04,Wed,1.37080,1.37440,1.37810,1.36890
2023/10/03,Tue,1.36760,1.37080,1.37370,1.36640
2023/10/02,Mon,1.35730,1.36760,1.36810,1.35560
2023/10/01,Sun,,,,
2023/09/30,Sat,,,,
2023/09/29,Fri,1.34890,1.35770,1.35860,1.34170
2023/09/28,Thu,1.34980,1.34860,1.35180,1.34700
2023/09/27,Wed,1.35170,1.34960,1.35440,1.34950
2023/09/26,Tue,1.34540,1.35150,1.35290,1.34480
2023/09/25,Mon,1.34740,1.34540,1.34930,1.34530
2023/09/24,Sun,,,,
2023/09/23,Sat,,,,
2023/09/22,Fri,1.34800,1.34830,1.34930,1.34230
2023/09/21,Thu,1.34620,1.34830,1.35250,1.34510
2023/09/20,Wed,1.34470,1.34600,1.34790,1.33940
2023/09/19,Tue,1.34860,1.34480,1.34910,1.33810
2023/09/18,Mon,1.35230,1.34850,1.35290,1.34700
2023/09/17,Sun,,,,
2023/09/16,Sat,,,,
2023/09/15,Fri,1.35090,1.35230,1.35500,1.34930
2023/09/14,Thu,1.35550,1.35080,1.35560,1.34930
2023/09/13,Wed,1.35530,1.35460,1.35880,1.35210
2023/09/12,Tue,1.35710,1.35530,1.35940,1.35430
2023/09/11,Mon,1.36320,1.35700,1.36400,1.35600
2023/09/10,Sun,,,,
2023/09/09,Sat,,,,
2023/09/08,Fri,1.36830,1.36400,1.36910,1.36070
2023/09/07,Thu,1.36370,1.36810,1.36960,1.36320
2023/09/06,Wed,1.36420,1.36350,1.36780,1.36220
2023/09/05,Tue,1.35900,1.36400,1.36700,1.35870
2023/09/04,Mon,1.35990,1.35900,1.36060,1.35750
2023/09/03,Sun,,,,
2023/09/02,Sat,,,,
2023/09/01,Fri,1.35080,1.35940,1.36140,1.34890
2023/08/31,Thu,1.35330,1.35070,1.35590,1.35040
2023/08/30,Wed,1.35530,1.35310,1.35780,1.35120
2023/08/29,Tue,1.36000,1.35530,1.36390,1.35500
2023/08/28,Mon,1.36020,1.35970,1.36130,1.35690
2023/08/27,Sun,,,,
2023/08/26,Sat,,,,
2023/08/25,Fri,1.35830,1.36020,1.36410,1.35690
2023/08/24,Thu,1.35260,1.35790,1.35900,1.35100
2023/08/23,Wed,1.35500,1.35250,1.36050,1.35200
2023/08/22,Tue,1.35450,1.35500,1.35660,1.35120
2023/08/21,Mon,1.35480,1.35430,1.35740,1.34950
2023/08/20,Sun,,,,
2023/08/19,Sat,,,,
2023/08/18,Fri,1.35460,1.35520,1.35760,1.35240
2023/08/17,Thu,1.35380,1.35450,1.35540,1.34950
2023/08/16,Wed,1.34990,1.35350,1.35460,1.34740
2023/08/15,Tue,1.34620,1.34970,1.35030,1.34390
2023/08/14,Mon,1.34360,1.34590,1.34820,1.34330
2023/08/13,Sun,,,,
2023/08/12,Sat,,,,
2023/08/11,Fri,1.34430,1.34380,1.34670,1.34110
2023/08/10,Thu,1.34200,1.34450,1.34510,1.33720
2023/08/09,Wed,1.34240,1.34180,1.34550,1.34040
2023/08/08,Tue,1.33690,1.34200,1.35030,1.33640
2023/08/07,Mon,1.33730,1.33670,1.34010,1.33550
2023/08/06,Sun,,,,
2023/08/05,Sat,,,,
2023/08/04,Fri,1.33540,1.33730,1.33950,1.33190
2023/08/03,Thu,1.33500,1.33500,1.33790,1.33290
2023/08/02,Wed,1.32790,1.33480,1.33540,1.32650
2023/08/01,Tue,1.31900,1.32790,1.33020,1.31830
2023/07/31,Mon,1.32320,1.31870,1.32630,1.31500
2023/07/30,Sun,,,,
2023/07/29,Sat,,,,
2023/07/28,Fri,1.32240,1.32530,1.32550,1.32010
2023/07/27,Thu,1.32070,1.32250,1.32450,1.31580
2023/07/26,Wed,1.31680,1.32070,1.32390,1.31670
2023/07/25,Tue,1.31650,1.31660,1.32110,1.31460
2023/07/24,Mon,1.32200,1.31660,1.32300,1.31500
2023/07/23,Sun,,,,
2023/07/22,Sat,,,,
2023/07/21,Fri,1.31750,1.32220,1.32280,1.31520
2023/07/20,Thu,1.31660,1.31720,1.31960,1.31190
2023/07/19,Wed,1.31680,1.31640,1.31950,1.31550
2023/07/18,Tue,1.31970,1.31670,1.32440,1.31670
2023/07/17,Mon,1.32150,1.31960,1.32330,1.31600
2023/07/16,Sun,,,,
2023/07/15,Sat,,,,
2023/07/14,Fri,1.31160,1.32160,1.32280,1.30910
2023/07/13,Thu,1.31830,1.31090,1.31960,1.31030
2023/07/12,Wed,1.32310,1.31850,1.32360,1.31430
2023/07/11,Tue,1.32790,1.32300,1.32910,1.32300
2023/07/10,Mon,1.32720,1.32790,1.33060,1.32680
2023/07/09,Sun,,,,
2023/07/08,Sat,,,,
2023/07/07,Fri,1.33680,1.32710,1.33880,1.32660
2023/07/06,Thu,1.32800,1.33670,1.33730,1.32740
2023/07/05,Wed,1.32250,1.32780,1.32940,1.32190
2023/07/04,Tue,1.32500,1.32220,1.32580,1.32030
2023/07/03,Mon,1.32430,1.32470,1.32750,1.32300
2023/07/02,Sun,,,,
2023/07/01,Sat,,,,
2023/06/30,Fri,1.32510,1.32360,1.32850,1.32070
2023/06/29,Thu,1.32570,1.32490,1.32870,1.32390
2023/06/28,Wed,1.31920,1.32560,1.32780,1.31890
2023/06/27,Tue,1.31530,1.31900,1.31940,1.31160
2023/06/26,Mon,1.31840,1.31530,1.31860,1.31360
2023/06/25,Sun,,,,
2023/06/24,Sat,,,,
2023/06/23,Fri,1.31520,1.31810,1.32270,1.31430
2023/06/22,Thu,1.31610,1.31480,1.31810,1.31380
2023/06/21,Wed,1.32350,1.31620,1.32470,1.31570
2023/06/20,Tue,1.32140,1.32330,1.32710,1.32050
2023/06/19,Mon,1.32040,1.32080,1.32300,1.31790
2023/06/18,Sun,,,,
2023/06/17,Sat,,,,
2023/06/16,Fri,1.32200,1.31980,1.32410,1.31770
2023/06/15,Thu,1.33220,1.32220,1.33560,1.32090
2023/06/14,Wed,1.33160,1.33220,1.33540,1.32710
2023/06/13,Tue,1.33700,1.33140,1.33800,1.32850
2023/06/12,Mon,1.33410,1.33680,1.33850,1.33140
2023/06/11,Sun,,,,
2023/06/10,Sat,,,,
2023/06/09,Fri,1.33560,1.33410,1.33730,1.33120
2023/06/08,Thu,1.33710,1.33510,1.33890,1.33330
2023/06/07,Wed,1.34050,1.33700,1.34280,1.33210
2023/06/06,Tue,1.34480,1.34030,1.34530,1.33900
2023/06/05,Mon,1.34320,1.34450,1.34630,1.34170
2023/06/04,Sun,,,,
2023/06/03,Sat,,,,
2023/06/02,Fri,1.34530,1.34230,1.34540,1.34070
2023/06/01,Thu,1.35720,1.34500,1.35870,1.34360
2023/05/31,Wed,1.36010,1.35720,1.36530,1.35690
2023/05/30,Tue,1.35920,1.35970,1.36150,1.35670
2023/05/29,Mon,1.36030,1.35870,1.36200,1.35830
2023/05/28,Sun,,,,
2023/05/27,Sat,,,,
2023/05/26,Fri,1.36410,1.36130,1.36550,1.36000
2023/05/25,Thu,1.35950,1.36370,1.36460,1.35860
2023/05/24,Wed,1.35080,1.35920,1.36070,1.34950
2023/05/23,Tue,1.35060,1.35070,1.35500,1.34840
2023/05/22,Mon,1.34990,1.35040,1.35200,1.34850
2023/05/21,Sun,,,,
2023/05/20,Sat,,,,
2023/05/19,Fri,1.35030,1.34980,1.35250,1.34680
2023/05/18,Thu,1.34490,1.35000,1.35260,1.34480
2023/05/17,Wed,1.34820,1.34510,1.35370,1.34370
2023/05/16,Tue,1.34640,1.34820,1.34950,1.34040
2023/05/15,Mon,1.35640,1.34650,1.35690,1.34590
2023/05/14,Sun,,,,
2023/05/13,Sat,,,,
2023/05/12,Fri,1.34930,1.35480,1.35660,1.34800
2023/05/11,Thu,1.33700,1.34910,1.34970,1.33630
2023/05/10,Wed,1.33870,1.33700,1.34150,1.33350
2023/05/09,Tue,1.33720,1.33870,1.34070,1.33650
2023/05/08,Mon,1.33850,1.33720,1.33890,1.33140
2023/05/07,Sun,,,,
2023/05/06,Sat,,,,
2023/05/05,Fri,1.35380,1.33730,1.35450,1.33710
2023/05/04,Thu,1.36180,1.35370,1.36340,1.35190
2023/05/03,Wed,1.36250,1.36150,1.36410,1.35820
2023/05/02,Tue,1.35460,1.36250,1.36390,1.35270
2023/05/01,Mon,1.35450,1.35420,1.35850,1.35290
2023/04/30,Sun,,,,
2023/04/29,Sat,,,,
2023/04/28,Fri,1.35920,1.35500,1.36690,1.35350
2023/04/27,Thu,1.36360,1.35910,1.36470,1.35880
2023/04/26,Wed,1.36280,1.36350,1.36530,1.35990
2023/04/25,Tue,1.35400,1.36250,1.36490,1.35240
2023/04/24,Mon,1.35430,1.35390,1.35690,1.35220
2023/04/23,Sun,,,,
2023/04/22,Sat,,,,
2023/04/21,Fri,1.34740,1.35390,1.35650,1.34720
2023/04/20,Thu,1.34600,1.34740,1.34910,1.34470
2023/04/19,Wed,1.33890,1.34600,1.34680,1.33850
2023/04/18,Tue,1.33940,1.33870,1.34010,1.33590
2023/04/17,Mon,1.33620,1.33920,1.34210,1.33420
2023/04/16,Sun,,,,
2023/04/15,Sat,,,,
2023/04/14,Fri,1.33380,1.33610,1.33970,1.33020
2023/04/13,Thu,1.34420,1.33340,1.34490,1.33330
2023/04/12,Wed,1.34680,1.34380,1.34910,1.34280
2023/04/11,Tue,1.35100,1.34660,1.35180,1.34620
2023/04/10,Mon,1.35230,1.35060,1.35540,1.34850
2023/04/09,Sun,,,,
2023/04/08,Sat,,,,
2023/04/07,Fri,1.34920,1.35070,1.35310,1.34830
2023/04/06,Thu,1.34580,1.34920,1.35070,1.34470
2023/04/05,Wed,1.34420,1.34580,1.34850,1.34260
2023/04/04,Tue,1.34380,1.34390,1.34690,1.34070
2023/04/03,Mon,1.35180,1.34350,1.35380,1.34110
2023/04/02,Sun,,,,
2023/04/01,Sat,,,,
2023/03/31,Fri,1.35230,1.35150,1.35660,1.35070
2023/03/30,Thu,1.35580,1.35200,1.35830,1.35160
2023/03/29,Wed,1.36030,1.35550,1.36180,1.35560
2023/03/28,Tue,1.36630,1.35980,1.36970,1.35910
2023/03/27,Mon,1.37410,1.36600,1.37470,1.36490
2023/03/26,Sun,,,,
2023/03/25,Sat,,,,
2023/03/24,Fri,1.37170,1.37440,1.38060,1.37070
2023/03/23,Thu,1.37280,1.37130,1.37360,1.36300
2023/03/22,Wed,1.37160,1.37270,1.37460,1.36570
2023/03/21,Tue,1.36660,1.37130,1.37390,1.36440
2023/03/20,Mon,1.37250,1.36640,1.37480,1.36510
2023/03/19,Sun,,,,
2023/03/18,Sat,,,,
2023/03/17,Fri,1.37220,1.37270,1.37750,1.36770
2023/03/16,Thu,1.37620,1.37180,1.37890,1.37140
2023/03/15,Wed,1.36850,1.37670,1.38150,1.36600
2023/03/14,Tue,1.37260,1.36840,1.37520,1.36510
2023/03/13,Mon,1.38190,1.37240,1.38270,1.36760
2023/03/12,Sun,,,,
2023/03/11,Sat,,,,
2023/03/10,Fri,1.38240,1.38270,1.38630,1.37610
2023/03/09,Thu,1.38010,1.38270,1.38380,1.37520
2023/03/08,Wed,1.37540,1.38040,1.38170,1.37440
2023/03/07,Tue,1.36160,1.37510,1.37620,1.36000
2023/03/06,Mon,1.35960,1.36120,1.36300,1.35820
2023/03/05,Sun,,,,
2023/03/04,Sat,,,,
2023/03/03,Fri,1.35960,1.35930,1.36460,1.35540
2023/03/02,Thu,1.35960,1.35940,1.36430,1.35820
2023/03/01,Wed,1.36420,1.35940,1.36610,1.35840
2023/02/28,Tue,1.35770,1.36450,1.36490,1.35600
2023/02/27,Mon,1.36130,1.35750,1.36260,1.35340
2023/02/26,Sun,,,,
2023/02/25,Sat,,,,
2023/02/24,Fri,1.35450,1.36090,1.36670,1.35270
2023/02/23,Thu,1.35500,1.35470,1.35830,1.35160
2023/02/22,Wed,1.35430,1.35490,1.35690,1.35140
2023/02/21,Tue,1.34540,1.35370,1.35500,1.34410
2023/02/20,Mon,1.34760,1.34510,1.34950,1.34410
2023/02/19,Sun,,,,
2023/02/18,Sat,,,,
2023/02/17,Fri,1.34540,1.34700,1.35390,1.34470
2023/02/16,Thu,1.33910,1.34560,1.34800,1.33570
2023/02/15,Wed,1.33380,1.33920,1.34410,1.33330
2023/02/14,Tue,1.33330,1.33340,1.33920,1.32740
2023/02/13,Mon,1.33460,1.33300,1.33810,1.33250
2023/02/12,Sun,,,,
2023/02/11,Sat,,,,
2023/02/10,Fri,1.34520,1.33440,1.34740,1.33380
2023/02/09,Thu,1.34440,1.34510,1.34650,1.33720
2023/02/08,Wed,1.34000,1.34440,1.34520,1.33600
2023/02/07,Tue,1.34460,1.33980,1.34700,1.33800
2023/02/06,Mon,1.33900,1.34460,1.34770,1.33900
2023/02/05,Sun,,,,
2023/02/04,Sat,,,,
2023/02/03,Fri,1.33180,1.33960,1.34270,1.33110
2023/02/02,Thu,1.32870,1.33150,1.33480,1.32620
2023/02/01,Wed,1.33050,1.32870,1.33810,1.32650
2023/01/31,Tue,1.33880,1.33050,1.34720,1.32980
2023/01/30,Mon,1.33120,1.33840,1.33900,1.32990
2023/01/29,Sun,,,,
2023/01/28,Sat,,,,
2023/01/27,Fri,1.33220,1.33090,1.33480,1.33000
2023/01/26,Thu,1.33920,1.33200,1.34090,1.33030
2023/01/25,Wed,1.33720,1.33920,1.34300,1.33400
2023/01/24,Tue,1.33710,1.33700,1.34150,1.33460
2023/01/23,Mon,1.33860,1.33660,1.34190,1.33410
2023/01/22,Sun,,,,
2023/01/21,Sat,,,,
2023/01/20,Fri,1.34620,1.33800,1.34990,1.33730
2023/01/19,Thu,1.34910,1.34600,1.35220,1.34460
2023/01/18,Wed,1.33870,1.34910,1.35020,1.33500
2023/01/17,Tue,1.34060,1.33880,1.34390,1.33680
2023/01/16,Mon,1.33990,1.34070,1.34190,1.33520
2023/01/15,Sun,,,,
2023/01/14,Sat,,,,
2023/01/13,Fri,1.33650,1.33960,1.34410,1.33220
2023/01/12,Thu,1.34260,1.33620,1.34580,1.33450
2023/01/11,Wed,1.34260,1.34220,1.34470,1.34040
2023/01/10,Tue,1.33860,1.34230,1.34470,1.33750
2023/01/09,Mon,1.34440,1.33870,1.34510,1.33570
2023/01/08,Sun,,,,
2023/01/07,Sat,,,,
2023/01/06,Fri,1.35750,1.34420,1.36660,1.34320
2023/01/05,Thu,1.34780,1.35690,1.35960,1.34690
2023/01/04,Wed,1.36710,1.34760,1.36820,1.34740
2023/01/03,Tue,1.35730,1.36690,1.36860,1.35230
2023/01/02,Mon,1.35510,1.35720,1.35860,1.35240
2023/01/01,Sun,,,,
2022/12/31,Sat,,,,
2022/12/30,Fri,1.35480,1.35490,1.35830,1.35140
2022/12/29,Thu,1.36110,1.35460,1.36110,1.35370
2022/12/28,Wed,1.35280,1.36080,1.36120,1.34850
2022/12/27,Tue,1.35840,1.35220,1.35850,1.34840
2022/12/26,Mon,1.36110,1.35830,1.36170,1.35750
2022/12/25,Sun,,,,
2022/12/24,Sat,,,,
2022/12/23,Fri,1.36470,1.35980,1.36640,1.35620
2022/12/22,Thu,1.36100,1.36460,1.36860,1.35700
2022/12/21,Wed,1.36100,1.36090,1.36390,1.35880
2022/12/20,Tue,1.36510,1.36090,1.37060,1.35800
2022/12/19,Mon,1.36790,1.36420,1.36960,1.36230
2022/12/18,Sun,,,,
2022/12/17,Sat,,,,
2022/12/16,Fri,1.36560,1.37000,1.37070,1.36170
2022/12/15,Thu,1.35500,1.36580,1.36750,1.35390
2022/12/14,Wed,1.35520,1.35480,1.36130,1.35190
2022/12/13,Tue,1.36390,1.35490,1.36460,1.35210
2022/12/12,Mon,1.36360,1.36350,1.36850,1.36180
2022/12/11,Sun,,,,
2022/12/10,Sat,,,,
2022/12/09,Fri,1.35960,1.36500,1.36910,1.35690
2022/12/08,Thu,1.36520,1.35950,1.36900,1.35610
2022/12/07,Wed,1.36540,1.36510,1.37010,1.35890
2022/12/06,Tue,1.35900,1.36510,1.36770,1.35700
2022/12/05,Mon,1.34650,1.35880,1.36070,1.33850
2022/12/04,Sun,,,,
2022/12/03,Sat,,,,
2022/12/02,Fri,1.34380,1.34680,1.35220,1.34200
2022/12/01,Thu,1.34110,1.34320,1.34720,1.33940
2022/11/30,Wed,1.35790,1.34090,1.35940,1.34090
2022/11/29,Tue,1.34990,1.35780,1.36470,1.34090
2022/11/28,Mon,1.33980,1.34970,1.35060,1.33900
2022/11/27,Sun,,,,
2022/11/26,Sat,,,,
2022/11/25,Fri,1.33370,1.33770,1.34000,1.33160
2022/11/24,Thu,1.33520,1.33370,1.33640,1.33160
2022/11/23,Wed,1.33780,1.33510,1.34410,1.33450
2022/11/22,Tue,1.34500,1.33750,1.34590,1.33650
2022/11/21,Mon,1.33860,1.34470,1.34970,1.33730
2022/11/20,Sun,,,,
2022/11/19,Sat,,,,
2022/11/18,Fri,1.33260,1.33840,1.34110,1.33000
2022/11/17,Thu,1.33280,1.33260,1.34030,1.33050
2022/11/16,Wed,1.32790,1.33270,1.33480,1.32280
2022/11/15,Tue,1.33140,1.32770,1.33370,1.32260
2022/11/14,Mon,1.32570,1.33110,1.33190,1.32390
2022/11/13,Sun,,,,
2022/11/12,Sat,,,,
2022/11/11,Fri,1.33200,1.32540,1.33620,1.32350
2022/11/10,Thu,1.35290,1.33180,1.35730,1.33080
2022/11/09,Wed,1.34260,1.35260,1.35430,1.34110
2022/11/08,Tue,1.34990,1.34260,1.35280,1.33860
2022/11/07,Mon,1.35440,1.34960,1.35540,1.34650
2022/11/06,Sun,,,,
2022/11/05,Sat,,,,
2022/11/04,Fri,1.37460,1.34780,1.37520,1.34690
2022/11/03,Thu,1.37120,1.37450,1.38090,1.36820
2022/11/02,Wed,1.36320,1.37100,1.37150,1.35480
2022/11/01,Tue,1.36250,1.36290,1.36680,1.35290
2022/10/31,Mon,1.36150,1.36220,1.36870,1.36000
2022/10/30,Sun,,,,
2022/10/29,Sat,,,,
2022/10/28,Fri,1.35650,1.36000,1.36360,1.35240
2022/10/27,Thu,1.35530,1.35630,1.36280,1.34950
2022/10/26,Wed,1.36080,1.35510,1.36520,1.35080
2022/10/25,Tue,1.37050,1.36060,1.37490,1.36010
2022/10/24,Mon,1.36490,1.37040,1.37750,1.36060
2022/10/23,Sun,,,,
2022/10/22,Sat,,,,
2022/10/21,Fri,1.37670,1.36380,1.38560,1.36280
2022/10/20,Thu,1.37680,1.37630,1.38080,1.36510
2022/10/19,Wed,1.37410,1.37640,1.38110,1.37180
2022/10/18,Tue,1.37140,1.37380,1.38110,1.36570
2022/10/17,Mon,1.38770,1.37090,1.38820,1.36990
2022/10/16,Sun,,,,
2022/10/15,Sat,,,,
2022/10/14,Fri,1.37520,1.38800,1.38990,1.37040
2022/10/13,Thu,1.38140,1.37500,1.39790,1.37070
2022/10/12,Wed,1.37980,1.38140,1.38320,1.37600
2022/10/11,Tue,1.37770,1.37960,1.38570,1.37140
2022/10/10,Mon,1.37350,1.37750,1.37830,1.37030
2022/10/09,Sun,,,,
2022/10/08,Sat,,,,
2022/10/07,Fri,1.37480,1.37370,1.37620,1.36740
2022/10/06,Thu,1.36170,1.37470,1.37560,1.35640
2022/10/05,Wed,1.35130,1.36140,1.36970,1.35030
2022/10/04,Tue,1.36240,1.35110,1.36660,1.35030
2022/10/03,Mon,1.38170,1.36220,1.38280,1.36200
2022/10/02,Sun,,,,
2022/10/01,Sat,,,,
2022/09/30,Fri,1.36790,1.38260,1.38400,1.36570
2022/09/29,Thu,1.36070,1.36770,1.37570,1.36050
2022/09/28,Wed,1.37260,1.36050,1.38340,1.36020
2022/09/27,Tue,1.37390,1.37210,1.37770,1.36390
2022/09/26,Mon,1.35910,1.37320,1.38100,1.35590
2022/09/25,Sun,,,,
2022/09/24,Sat,,,,
2022/09/23,Fri,1.34870,1.35890,1.36130,1.34670
2022/09/22,Thu,1.34600,1.34870,1.35460,1.34090
2022/09/21,Wed,1.33630,1.34640,1.34690,1.33570
2022/09/20,Tue,1.32510,1.33620,1.33760,1.32260
2022/09/19,Mon,1.32680,1.32480,1.33450,1.32440
2022/09/18,Sun,,,,
2022/09/17,Sat,,,,
2022/09/16,Fri,1.32280,1.32600,1.33090,1.32260
2022/09/15,Thu,1.31670,1.32270,1.32420,1.31530
2022/09/14,Wed,1.31690,1.31630,1.32070,1.31390
2022/09/13,Tue,1.29930,1.31670,1.31770,1.29530
2022/09/12,Mon,1.30240,1.29910,1.30580,1.29620
2022/09/11,Sun,,,,
2022/09/10,Sat,,,,
2022/09/09,Fri,1.30930,1.30260,1.31000,1.29810
2022/09/08,Thu,1.31270,1.30910,1.31610,1.30760
2022/09/07,Wed,1.31550,1.31250,1.32100,1.31100
2022/09/06,Tue,1.31420,1.31520,1.31710,1.30960
2022/09/05,Mon,1.31290,1.31410,1.31750,1.31230
2022/09/04,Sun,,,,
2022/09/03,Sat,,,,
2022/09/02,Fri,1.31560,1.31320,1.31710,1.30740
2022/09/01,Thu,1.31340,1.31520,1.32090,1.31250
2022/08/31,Wed,1.30930,1.31270,1.31420,1.30630
2022/08/30,Tue,1.30130,1.30920,1.31100,1.29710
2022/08/29,Mon,1.30300,1.30110,1.30770,1.29900
2022/08/28,Sun,,,,
2022/08/27,Sat,,,,
2022/08/26,Fri,1.29240,1.30330,1.30450,1.29030
2022/08/25,Thu,1.29670,1.29240,1.29770,1.28950
2022/08/24,Wed,1.29530,1.29650,1.30200,1.29530
2022/08/23,Tue,1.30570,1.29520,1.30640,1.29330
2022/08/22,Mon,1.29980,1.30570,1.30630,1.29710
2022/08/21,Sun,,,,
2022/08/20,Sat,,,,
2022/08/19,Fri,1.29500,1.29930,1.30110,1.29430
2022/08/18,Thu,1.29120,1.29470,1.29680,1.28800
2022/08/17,Wed,1.28460,1.29090,1.29380,1.28260
2022/08/16,Tue,1.29060,1.28440,1.29300,1.28300
2022/08/15,Mon,1.27690,1.29040,1.29360,1.27690
2022/08/14,Sun,,,,
2022/08/13,Sat,,,,
2022/08/12,Fri,1.27690,1.27730,1.28040,1.27380
2022/08/11,Thu,1.27730,1.27610,1.27930,1.27270
2022/08/10,Wed,1.28890,1.27730,1.28970,1.27500
2022/08/09,Tue,1.28590,1.28880,1.29020,1.28430
2022/08/08,Mon,1.29320,1.28540,1.29520,1.28380
2022/08/07,Sun,,,,
2022/08/06,Sat,,,,
2022/08/05,Fri,1.28640,1.29300,1.29860,1.28610
2022/08/04,Thu,1.28450,1.28640,1.28780,1.28170
2022/08/03,Wed,1.28830,1.28380,1.28930,1.28320
2022/08/02,Tue,1.28450,1.28800,1.28890,1.28330
2022/08/01,Mon,1.28150,1.28450,1.28580,1.27660
2022/07/31,Sun,,,,
2022/07/30,Sat,,,,
2022/07/29,Fri,1.28070,1.27930,1.28560,1.27880
2022/07/28,Thu,1.28250,1.28040,1.28710,1.27940
2022/07/27,Wed,1.28870,1.28210,1.29130,1.28080
2022/07/26,Tue,1.28490,1.28840,1.29030,1.28150
2022/07/25,Mon,1.29160,1.28480,1.29480,1.28340
2022/07/24,Sun,,,,
2022/07/23,Sat,,,,
2022/07/22,Fri,1.28700,1.29140,1.29290,1.28220
2022/07/21,Thu,1.28830,1.28670,1.29390,1.28590
2022/07/20,Wed,1.28710,1.28840,1.29080,1.28540
2022/07/19,Tue,1.29810,1.28690,1.29910,1.28670
2022/07/18,Mon,1.30240,1.29780,1.30300,1.28980
2022/07/17,Sun,,,,
2022/07/16,Sat,,,,
2022/07/15,Fri,1.31200,1.30300,1.31370,1.30130
2022/07/14,Thu,1.29740,1.31170,1.32250,1.29670
2022/07/13,Wed,1.30230,1.29710,1.30620,1.29360
2022/07/12,Tue,1.30090,1.30210,1.30510,1.29830
2022/07/11,Mon,1.29500,1.30050,1.30530,1.29410
2022/07/10,Sun,,,,
2022/07/09,Sat,,,,
2022/07/08,Fri,1.29650,1.29480,1.30360,1.29360
2022/07/07,Thu,1.30380,1.29640,1.30570,1.29620
2022/07/06,Wed,1.30390,1.30360,1.30800,1.30110
2022/07/05,Tue,1.28610,1.30360,1.30850,1.28430
2022/07/04,Mon,1.28890,1.28590,1.29040,1.28370
2022/07/03,Sun,,,,
2022/07/02,Sat,,,,
2022/07/01,Fri,1.28730,1.28830,1.29680,1.28660
2022/06/30,Thu,1.28940,1.28720,1.29350,1.28610
2022/06/29,Wed,1.28750,1.28910,1.29020,1.28430
2022/06/28,Tue,1.28810,1.28710,1.28960,1.28180
2022/06/27,Mon,1.28950,1.28780,1.29180,1.28630
2022/06/26,Sun,,,,
2022/06/25,Sat,,,,
2022/06/24,Fri,1.29960,1.28930,1.30070,1.28890
2022/06/23,Thu,1.29480,1.29940,1.30190,1.29360
2022/06/22,Wed,1.29200,1.29450,1.29980,1.29120
2022/06/21,Tue,1.29810,1.29190,1.29880,1.29060
2022/06/20,Mon,1.30310,1.29790,1.30400,1.29770
2022/06/19,Sun,,,,
2022/06/18,Sat,,,,
2022/06/17,Fri,1.29520,1.30260,1.30800,1.29380
2022/06/16,Thu,1.28900,1.29490,1.29710,1.28600
2022/06/15,Wed,1.29540,1.28900,1.29970,1.28620
2022/06/14,Tue,1.28980,1.29540,1.29760,1.28660
2022/06/13,Mon,1.27830,1.28970,1.29020,1.27730
2022/06/12,Sun,,,,
2022/06/11,Sat,,,,
2022/06/10,Fri,1.26990,1.27810,1.28140,1.26800
2022/06/09,Thu,1.25650,1.26960,1.27060,1.25480
2022/06/08,Wed,1.25330,1.25570,1.25670,1.25170
2022/06/07,Tue,1.25800,1.25280,1.26200,1.25220
2022/06/06,Mon,1.25910,1.25750,1.26030,1.25340
2022/06/05,Sun,,,,
2022/06/04,Sat,,,,
2022/06/03,Fri,1.25700,1.25930,1.25970,1.25500
2022/06/02,Thu,1.26570,1.25690,1.26880,1.25630
2022/06/01,Wed,1.26450,1.26560,1.26780,1.26080
2022/05/31,Tue,1.26560,1.26440,1.26880,1.26280
2022/05/30,Mon,1.27320,1.26550,1.27360,1.26490
2022/05/29,Sun,,,,
2022/05/28,Sat,,,,
2022/05/27,Fri,1.27740,1.27230,1.27840,1.27170
2022/05/26,Thu,1.28150,1.27720,1.28500,1.27670
2022/05/25,Wed,1.28180,1.28150,1.28860,1.28010
2022/05/24,Tue,1.27660,1.28170,1.28740,1.27650
2022/05/23,Mon,1.28440,1.27640,1.28490,1.27660
2022/05/22,Sun,,,,
2022/05/21,Sat,,,,
2022/05/20,Fri,1.28270,1.28360,1.28700,1.27760
2022/05/19,Thu,1.28900,1.28250,1.28950,1.27820
2022/05/18,Wed,1.28120,1.28880,1.28970,1.27940
2022/05/17,Tue,1.28440,1.28090,1.28600,1.28050
2022/05/16,Mon,1.29250,1.28430,1.29830,1.28350
2022/05/15,Sun,,,,
2022/05/14,Sat,,,,
2022/05/13,Fri,1.30450,1.29080,1.30510,1.28960
2022/05/12,Thu,1.29920,1.30440,1.30780,1.29770
2022/05/11,Wed,1.30260,1.29930,1.30410,1.29210
2022/05/10,Tue,1.30110,1.30230,1.30540,1.29610
2022/05/09,Mon,1.29070,1.30070,1.30170,1.28930
2022/05/08,Sun,,,,
2022/05/07,Sat,,,,
2022/05/06,Fri,1.28350,1.29050,1.29140,1.28130
2022/05/05,Thu,1.27470,1.28320,1.28700,1.27110
2022/05/04,Wed,1.28440,1.27310,1.28550,1.27280
2022/05/03,Tue,1.28830,1.28410,1.28950,1.28240
2022/05/02,Mon,1.28410,1.28780,1.29150,1.28390
2022/05/01,Sun,,,,
2022/04/30,Sat,,,,
2022/04/29,Fri,1.28070,1.28560,1.28630,1.27180
2022/04/28,Thu,1.28210,1.28050,1.28810,1.27900
2022/04/27,Wed,1.28220,1.28190,1.28560,1.27770
2022/04/26,Tue,1.27310,1.28250,1.28290,1.26830
2022/04/25,Mon,1.27060,1.27330,1.27790,1.27050
2022/04/24,Sun,,,,
2022/04/23,Sat,,,,
2022/04/22,Fri,1.25790,1.27100,1.27280,1.25670
2022/04/21,Thu,1.24950,1.25780,1.25920,1.24580
2022/04/20,Wed,1.26150,1.24980,1.26260,1.24710
2022/04/19,Tue,1.26140,1.26160,1.26480,1.25670
2022/04/18,Mon,1.26130,1.26150,1.26450,1.26030
2022/04/17,Sun,,,,
2022/04/16,Sat,,,,
2022/04/15,Fri,1.26010,1.26110,1.26230,1.25910
2022/04/14,Thu,1.25690,1.25980,1.26430,1.25210
2022/04/13,Wed,1.26420,1.25660,1.26780,1.25540
2022/04/12,Tue,1.26290,1.26430,1.26630,1.25810
2022/04/11,Mon,1.25710,1.26310,1.26420,1.25650
2022/04/10,Sun,,,,
2022/04/09,Sat,,,,
2022/04/08,Fri,1.25870,1.25680,1.26200,1.25640
2022/04/07,Thu,1.25430,1.25890,1.26130,1.25360
2022/04/06,Wed,1.24890,1.25420,1.25590,1.24790
2022/04/05,Tue,1.24830,1.24850,1.25000,1.24020
2022/04/04,Mon,1.25200,1.24860,1.25300,1.24670
2022/04/03,Sun,,,,
2022/04/02,Sat,,,,
2022/04/01,Fri,1.25020,1.25180,1.25410,1.24790
2022/03/31,Thu,1.24800,1.24990,1.25350,1.24640
2022/03/30,Wed,1.25030,1.24800,1.25100,1.24290
2022/03/29,Tue,1.25180,1.25020,1.25320,1.24690
2022/03/28,Mon,1.24790,1.25190,1.25940,1.24720
2022/03/27,Sun,,,,
2022/03/26,Sat,,,,
2022/03/25,Fri,1.25270,1.24730,1.25550,1.24640
2022/03/24,Thu,1.25610,1.25260,1.25880,1.25080
2022/03/23,Wed,1.25700,1.25590,1.26070,1.25420
2022/03/22,Tue,1.25930,1.25680,1.26240,1.25660
2022/03/21,Mon,1.26040,1.25920,1.26260,1.25640
2022/03/20,Sun,,,,
2022/03/19,Sat,,,,
2022/03/18,Fri,1.26270,1.26020,1.26480,1.25880
2022/03/17,Thu,1.26770,1.26250,1.27000,1.26120
2022/03/16,Wed,1.27670,1.26760,1.27800,1.26740
2022/03/15,Tue,1.28240,1.27630,1.28730,1.27600
2022/03/14,Mon,1.27440,1.28220,1.28280,1.27230
2022/03/13,Sun,,,,
2022/03/12,Sat,,,,
2022/03/11,Fri,1.27640,1.27430,1.27960,1.26930
2022/03/10,Thu,1.28110,1.27670,1.28430,1.27500
2022/03/09,Wed,1.28830,1.28040,1.28960,1.28030
2022/03/08,Tue,1.28210,1.28800,1.29020,1.27950
2022/03/07,Mon,1.27320,1.28180,1.28220,1.26850
2022/03/06,Sun,,,,
2022/03/05,Sat,,,,
2022/03/04,Fri,1.26810,1.27300,1.27940,1.26680
2022/03/03,Thu,1.26310,1.26800,1.26940,1.25860
2022/03/02,Wed,1.27400,1.26280,1.27460,1.26270
2022/03/01,Tue,1.26790,1.27400,1.27520,1.26530
2022/02/28,Mon,1.27630,1.26750,1.28110,1.26590
2022/02/27,Sun,,,,
2022/02/26,Sat,,,,
2022/02/25,Fri,1.28160,1.27050,1.28220,1.26950
2022/02/24,Thu,1.27340,1.28100,1.28790,1.27270
2022/02/23,Wed,1.27710,1.27310,1.27730,1.26810
2022/02/22,Tue,1.27500,1.27690,1.27840,1.27180
2022/02/21,Mon,1.27520,1.27510,1.27630,1.27210
2022/02/20,Sun,,,,
2022/02/19,Sat,,,,
2022/02/18,Fri,1.27040,1.27490,1.27610,1.26730
2022/02/17,Thu,1.26880,1.27020,1.27360,1.26750
2022/02/16,Wed,1.27200,1.26810,1.27280,1.26640
2022/02/15,Tue,1.27290,1.27150,1.27760,1.27000
2022/02/14,Mon,1.27440,1.27280,1.27850,1.27190
2022/02/13,Sun,,,,
2022/02/12,Sat,,,,
2022/02/11,Fri,1.27190,1.27360,1.27560,1.26680
2022/02/10,Thu,1.26710,1.27190,1.27290,1.26360
2022/02/09,Wed,1.27120,1.26700,1.27170,1.26640
2022/02/08,Tue,1.26680,1.27110,1.27230,1.26630
2022/02/07,Mon,1.27630,1.26670,1.27630,1.26570
2022/02/06,Sun,,,,
2022/02/05,Sat,,,,
2022/02/04,Fri,1.26790,1.27640,1.27890,1.26620
2022/02/03,Thu,1.26700,1.26760,1.27170,1.26570
2022/02/02,Wed,1.26880,1.26670,1.27070,1.26490
2022/02/01,Tue,1.27080,1.26860,1.27280,1.26550
2022/01/31,Mon,1.27630,1.27050,1.27790,1.26810
2022/01/30,Sun,,,,
2022/01/29,Sat,,,,
2022/01/28,Fri,1.27430,1.27610,1.27980,1.27120
2022/01/27,Thu,1.26700,1.27400,1.27490,1.26490
2022/01/26,Wed,1.26230,1.26650,1.26900,1.25590
2022/01/25,Tue,1.26370,1.26270,1.26710,1.25970
2022/01/24,Mon,1.25830,1.26340,1.27030,1.25540
2022/01/23,Sun,,,,
2022/01/22,Sat,,,,
2022/01/21,Fri,1.25040,1.25810,1.25900,1.24970
2022/01/20,Thu,1.25140,1.25020,1.25180,1.24520
2022/01/19,Wed,1.25150,1.25130,1.25260,1.24500
2022/01/18,Tue,1.25160,1.25120,1.25650,1.24850
2022/01/17,Mon,1.25560,1.25190,1.25590,1.24990
2022/01/16,Sun,,,,
2022/01/15,Sat,,,,
2022/01/14,Fri,1.25210,1.25530,1.25720,1.24680
2022/01/13,Thu,1.25100,1.25200,1.25230,1.24510
2022/01/12,Wed,1.25750,1.25070,1.25820,1.24930
2022/01/11,Tue,1.26810,1.25740,1.26840,1.25650
2022/01/10,Mon,1.26490,1.26780,1.26990,1.26100
2022/01/09,Sun,,,,
2022/01/08,Sat,,,,
2022/01/07,Fri,1.27330,1.26440,1.27330,1.26320
2022/01/06,Thu,1.27570,1.27300,1.28150,1.27060
2022/01/05,Wed,1.27070,1.27520,1.27670,1.26910
2022/01/04,Tue,1.27460,1.27060,1.27670,1.26660
2022/01/03,Mon,1.26340,1.27410,1.27800,1.26300
2022/01/02,Sun,,,,
2022/01/01,Sat,,,,
2021/12/31,Fri,1.27410,1.26340,1.27520,1.26200
2021/12/30,Thu,1.27960,1.27400,1.28140,1.27340
2021/12/29,Wed,1.28200,1.27880,1.28370,1.27880
2021/12/28,Tue,1.27870,1.28220,1.28330,1.27800
2021/12/27,Mon,1.28120,1.27830,1.28490,1.27790
2021/12/26,Sun,,,,
2021/12/25,Sat,,,,
2021/12/24,Fri,1.28090,1.28100,1.28360,1.27860
2021/12/23,Thu,1.28360,1.28090,1.28550,1.27980
2021/12/22,Wed,1.29170,1.28330,1.29250,1.28320
2021/12/21,Tue,1.29410,1.29100,1.29490,1.29110
2021/12/20,Mon,1.28930,1.29410,1.29650,1.28830
2021/12/19,Sun,,,,
2021/12/18,Sat,,,,
2021/12/17,Fri,1.27730,1.28860,1.29030,1.27700
2021/12/16,Thu,1.28350,1.27700,1.28590,1.27610
2021/12/15,Wed,1.28610,1.28300,1.29380,1.28280
2021/12/14,Tue,1.28050,1.28610,1.28660,1.27950
2021/12/13,Mon,1.27250,1.28040,1.28230,1.27050
2021/12/12,Sun,,,,
2021/12/11,Sat,,,,
2021/12/10,Fri,1.27140,1.27200,1.27400,1.26790
2021/12/09,Thu,1.26560,1.27130,1.27230,1.26490
2021/12/08,Wed,1.26390,1.26510,1.26680,1.26070
2021/12/07,Tue,1.27530,1.26380,1.27690,1.26350
2021/12/06,Mon,1.28280,1.27540,1.28430,1.27510
2021/12/05,Sun,,,,
2021/12/04,Sat,,,,
2021/12/03,Fri,1.28040,1.28420,1.28560,1.27410
2021/12/02,Thu,1.28170,1.28080,1.28390,1.27760
2021/12/01,Wed,1.27780,1.28170,1.28310,1.27110
2021/11/30,Tue,1.27430,1.27760,1.28380,1.27280
2021/11/29,Mon,1.27930,1.27380,1.27950,1.27180
2021/11/28,Sun,,,,
2021/11/27,Sat,,,,
2021/11/26,Fri,1.26480,1.27860,1.28010,1.26450
2021/11/25,Thu,1.26660,1.26480,1.26790,1.26380
2021/11/24,Wed,1.26670,1.26660,1.27120,1.26480
2021/11/23,Tue,1.27020,1.26640,1.27460,1.26580
2021/11/22,Mon,1.26340,1.26980,1.27060,1.26250
2021/11/21,Sun,,,,
2021/11/20,Sat,,,,
2021/11/19,Fri,1.26010,1.26380,1.26640,1.25820
2021/11/18,Thu,1.26110,1.26000,1.26480,1.25900
2021/11/17,Wed,1.25590,1.26050,1.26240,1.25380
2021/11/16,Tue,1.25160,1.25600,1.25690,1.24900
2021/11/15,Mon,1.25510,1.25110,1.25570,1.24990
2021/11/14,Sun,,,,
2021/11/13,Sat,,,,
2021/11/12,Fri,1.25790,1.25420,1.26050,1.25390
2021/11/11,Thu,1.24920,1.25770,1.25980,1.24740
2021/11/10,Wed,1.24380,1.24890,1.25040,1.23850
2021/11/09,Tue,1.24430,1.24360,1.24870,1.24260
2021/11/08,Mon,1.24620,1.24410,1.24670,1.24330
2021/11/07,Sun,,,,
2021/11/06,Sat,,,,
2021/11/05,Fri,1.24570,1.24540,1.24810,1.24330
2021/11/04,Thu,1.23910,1.24550,1.24730,1.23750
2021/11/03,Wed,1.24050,1.23890,1.24580,1.23790
2021/11/02,Tue,1.23700,1.24090,1.24260,1.23650
2021/11/01,Mon,1.23940,1.23670,1.24050,1.23510
2021/10/31,Sun,,,,
2021/10/30,Sat,,,,
2021/10/29,Fri,1.23460,1.23870,1.24090,1.23280
2021/10/28,Thu,1.23550,1.23420,1.23840,1.23300
2021/10/27,Wed,1.23890,1.23560,1.24330,1.23020
2021/10/26,Tue,1.23800,1.23880,1.23970,1.23500
2021/10/25,Mon,1.23690,1.23810,1.24010,1.23380
2021/10/24,Sun,,,,
2021/10/23,Sat,,,,
2021/10/22,Fri,1.23630,1.23670,1.23910,1.23210
2021/10/21,Thu,1.23220,1.23640,1.23850,1.22880
2021/10/20,Wed,1.23630,1.23190,1.23700,1.23060
2021/10/19,Tue,1.23780,1.23620,1.23840,1.23110
2021/10/18,Mon,1.23710,1.23740,1.24110,1.23460
2021/10/17,Sun,,,,
2021/10/16,Sat,,,,
2021/10/15,Fri,1.23700,1.23660,1.23990,1.23360
2021/10/14,Thu,1.24430,1.23670,1.24510,1.23540
2021/10/13,Wed,1.24650,1.24410,1.24790,1.24300
2021/10/12,Tue,1.24830,1.24650,1.25000,1.24320
2021/10/11,Mon,1.24760,1.24820,1.24930,1.24450
2021/10/10,Sun,,,,
2021/10/09,Sat,,,,
2021/10/08,Fri,1.25490,1.24690,1.25630,1.24490
2021/10/07,Thu,1.25880,1.25460,1.26010,1.25380
2021/10/06,Wed,1.25820,1.25870,1.26490,1.25740
2021/10/05,Tue,1.25910,1.25810,1.26310,1.25430
2021/10/04,Mon,1.26510,1.25870,1.26560,1.25550
2021/10/03,Sun,,,,
2021/10/02,Sat,,,,
2021/10/01,Fri,1.26790,1.26470,1.27400,1.26260
2021/09/30,Thu,1.27560,1.26780,1.27640,1.26280
2021/09/29,Wed,1.26870,1.27540,1.27760,1.26660
2021/09/28,Tue,1.26280,1.26850,1.27080,1.25910
2021/09/27,Mon,1.26550,1.26270,1.26740,1.26080
2021/09/26,Sun,,,,
2021/09/25,Sat,,,,
2021/09/24,Fri,1.26530,1.26520,1.27320,1.26380
2021/09/23,Thu,1.27720,1.26550,1.27970,1.26300
2021/09/22,Wed,1.28240,1.27700,1.28340,1.26960
2021/09/21,Tue,1.28260,1.28150,1.28490,1.27400
2021/09/20,Mon,1.27650,1.28250,1.28970,1.27590
2021/09/19,Sun,,,,
2021/09/18,Sat,,,,
2021/09/17,Fri,1.26800,1.27660,1.27740,1.26360
2021/09/16,Thu,1.26370,1.26810,1.27000,1.26140
2021/09/15,Wed,1.26940,1.26330,1.27100,1.26220
2021/09/14,Tue,1.26510,1.26930,1.27000,1.25980
2021/09/13,Mon,1.26860,1.26510,1.26960,1.26350
2021/09/12,Sun,,,,
2021/09/11,Sat,,,,
2021/09/10,Fri,1.26640,1.26890,1.26960,1.25800
2021/09/09,Thu,1.26900,1.26620,1.27290,1.26200
2021/09/08,Wed,1.26450,1.26890,1.27630,1.26240
2021/09/07,Tue,1.25360,1.26470,1.26570,1.25170
2021/09/06,Mon,1.25250,1.25370,1.25600,1.25160
2021/09/05,Sun,,,,
2021/09/04,Sat,,,,
2021/09/03,Fri,1.25530,1.25260,1.25630,1.24910
2021/09/02,Thu,1.26200,1.25510,1.26390,1.25460
2021/09/01,Wed,1.26220,1.26160,1.26390,1.25780
2021/08/31,Tue,1.26060,1.26140,1.26550,1.25670
2021/08/30,Mon,1.26220,1.26010,1.26360,1.25710
2021/08/29,Sun,,,,
2021/08/28,Sat,,,,
2021/08/27,Fri,1.26880,1.26260,1.27100,1.26030
2021/08/26,Thu,1.25920,1.26820,1.26970,1.25840
2021/08/25,Wed,1.25870,1.25890,1.26450,1.25840
2021/08/24,Tue,1.26490,1.25890,1.26620,1.25760
2021/08/23,Mon,1.28210,1.26450,1.28420,1.26400
2021/08/22,Sun,,,,
2021/08/21,Sat,,,,
2021/08/20,Fri,1.28250,1.28210,1.29500,1.28120
2021/08/19,Thu,1.26560,1.28260,1.28320,1.26460
2021/08/18,Wed,1.26300,1.26550,1.26640,1.25950
2021/08/17,Tue,1.25730,1.26300,1.26490,1.25650
2021/08/16,Mon,1.25190,1.25720,1.25860,1.25100
2021/08/15,Sun,,,,
2021/08/14,Sat,,,,
2021/08/13,Fri,1.25270,1.25130,1.25350,1.24990
2021/08/12,Thu,1.25060,1.25250,1.25340,1.24980
2021/08/11,Wed,1.25240,1.25060,1.25500,1.24860
2021/08/10,Tue,1.25740,1.25190,1.25910,1.25160
2021/08/09,Mon,1.25530,1.25740,1.25880,1.25290
2021/08/08,Sun,,,,
2021/08/07,Sat,,,,
2021/08/06,Fri,1.25090,1.25520,1.25820,1.24910
2021/08/05,Thu,1.25360,1.25070,1.25480,1.24720
2021/08/04,Wed,1.25380,1.25340,1.25630,1.25130
2021/08/03,Tue,1.25120,1.25360,1.25770,1.24870
2021/08/02,Mon,1.24790,1.25090,1.25170,1.24500
2021/08/01,Sun,,,,
2021/07/31,Sat,,,,
2021/07/30,Fri,1.24470,1.24700,1.24920,1.24200
2021/07/29,Thu,1.25300,1.24440,1.25400,1.24300
2021/07/28,Wed,1.26020,1.25270,1.26050,1.25130
2021/07/27,Tue,1.25500,1.26000,1.26050,1.25360
2021/07/26,Mon,1.25630,1.25400,1.25920,1.25250
2021/07/25,Sun,,,,
2021/07/24,Sat,,,,
2021/07/23,Fri,1.25670,1.25610,1.26090,1.25530
2021/07/22,Thu,1.25600,1.25640,1.25960,1.25270
2021/07/21,Wed,1.26810,1.25520,1.27320,1.25230
2021/07/20,Tue,1.27500,1.26770,1.27880,1.26710
2021/07/19,Mon,1.26100,1.27480,1.28090,1.26050
2021/07/18,Sun,,,,
2021/07/17,Sat,,,,
2021/07/16,Fri,1.25930,1.26110,1.26220,1.25590
2021/07/15,Thu,1.25080,1.25920,1.26150,1.24990
2021/07/14,Wed,1.25110,1.25060,1.25270,1.24290
2021/07/13,Tue,1.24540,1.25100,1.25400,1.24400
2021/07/12,Mon,1.24420,1.24510,1.25150,1.24420
2021/07/11,Sun,,,,
2021/07/10,Sat,,,,
2021/07/09,Fri,1.25320,1.24460,1.25580,1.24410
2021/07/08,Thu,1.24780,1.25320,1.25920,1.24730
2021/07/07,Wed,1.24630,1.24770,1.25210,1.24200
2021/07/06,Tue,1.23420,1.24620,1.24960,1.23000
2021/07/05,Mon,1.23210,1.23380,1.23730,1.23090
2021/07/04,Sun,,,,
2021/07/03,Sat,,,,
2021/07/02,Fri,1.24390,1.23190,1.24510,1.23060
2021/07/01,Thu,1.23990,1.24360,1.24470,1.23620
2021/06/30,Wed,1.24020,1.23940,1.24250,1.23530
2021/06/29,Tue,1.23370,1.24010,1.24030,1.23290
2021/06/28,Mon,1.22950,1.23350,1.23490,1.22850
2021/06/27,Sun,,,,
2021/06/26,Sat,,,,
2021/06/25,Fri,1.23260,1.22940,1.23300,1.22690
2021/06/24,Thu,1.23100,1.23220,1.23420,1.22800
2021/06/23,Wed,1.23080,1.23050,1.23300,1.22500
2021/06/22,Tue,1.23630,1.23050,1.24030,1.23000
2021/06/21,Mon,1.24650,1.23590,1.24870,1.23510
2021/06/20,Sun,,,,
2021/06/19,Sat,,,,
2021/06/18,Fri,1.23600,1.24620,1.24810,1.23360
2021/06/17,Thu,1.22770,1.23610,1.23790,1.22600
2021/06/16,Wed,1.21830,1.22760,1.22850,1.21540
2021/06/15,Tue,1.21440,1.21800,1.22050,1.21270
2021/06/14,Mon,1.21500,1.21410,1.21720,1.21260
2021/06/13,Sun,,,,
2021/06/12,Sat,,,,
2021/06/11,Fri,1.20930,1.21550,1.21780,1.20780
2021/06/10,Thu,1.21120,1.20940,1.21260,1.20680
2021/06/09,Wed,1.21110,1.21090,1.21190,1.20560
2021/06/08,Tue,1.20810,1.21100,1.21190,1.20680
2021/06/07,Mon,1.20750,1.20790,1.21080,1.20540
2021/06/06,Sun,,,,
2021/06/05,Sat,,,,
2021/06/04,Fri,1.21070,1.20790,1.21350,1.20680
2021/06/03,Thu,1.20340,1.21020,1.21210,1.20280
2021/06/02,Wed,1.20710,1.20320,1.20930,1.20270
2021/06/01,Tue,1.20640,1.20700,1.20790,1.20040
2021/05/31,Mon,1.20700,1.20620,1.20930,1.20440
2021/05/30,Sun,,,,
2021/05/29,Sat,,,,
2021/05/28,Fri,1.20630,1.20680,1.21210,1.20610
2021/05/27,Thu,1.21200,1.20640,1.21420,1.20540
2021/05/26,Wed,1.20700,1.21170,1.21290,1.20410
2021/05/25,Tue,1.20450,1.20620,1.20790,1.20270
2021/05/24,Mon,1.20610,1.20390,1.20870,1.20380
2021/05/23,Sun,,,,
2021/05/22,Sat,,,,
2021/05/21,Fri,1.20610,1.20660,1.20960,1.20250
2021/05/20,Thu,1.21270,1.20580,1.21460,1.20470
2021/05/19,Wed,1.20660,1.21310,1.21440,1.20520
2021/05/18,Tue,1.20680,1.20640,1.20820,1.20110
2021/05/17,Mon,1.20980,1.20660,1.21380,1.20580
2021/05/16,Sun,,,,
2021/05/15,Sat,,,,
2021/05/14,Fri,1.21590,1.21020,1.21800,1.20780
2021/05/13,Thu,1.21330,1.21600,1.22040,1.21020
2021/05/12,Wed,1.21020,1.21310,1.21380,1.20440
2021/05/11,Tue,1.20970,1.20990,1.21270,1.20770
2021/05/10,Mon,1.21570,1.20970,1.21570,1.20760
2021/05/09,Sun,,,,
2021/05/08,Sat,,,,
2021/05/07,Fri,1.21480,1.21300,1.21940,1.21230
2021/05/06,Thu,1.22680,1.21480,1.22900,1.21430
2021/05/05,Wed,1.23070,1.22640,1.23160,1.22500
2021/05/04,Tue,1.22770,1.23090,1.23520,1.22720
2021/05/03,Mon,1.22890,1.22760,1.23190,1.22640
2021/05/02,Sun,,,,
2021/05/01,Sat,,,,
2021/04/30,Fri,1.22820,1.22890,1.23230,1.22640
2021/04/29,Thu,1.23160,1.22790,1.23260,1.22730
2021/04/28,Wed,1.23990,1.23120,1.24190,1.23080
2021/04/27,Tue,1.23980,1.23930,1.24200,1.23860
2021/04/26,Mon,1.24820,1.23950,1.24920,1.23810
2021/04/25,Sun,,,,
2021/04/24,Sat,,,,
2021/04/23,Fri,1.25080,1.24750,1.25110,1.24590
2021/04/22,Thu,1.24970,1.25040,1.25360,1.24700
2021/04/21,Wed,1.26090,1.24960,1.26540,1.24570
2021/04/20,Tue,1.25330,1.26070,1.26240,1.24760
2021/04/19,Mon,1.24940,1.25320,1.25460,1.24690
2021/04/18,Sun,,,,
2021/04/17,Sat,,,,
2021/04/16,Fri,1.25420,1.25040,1.25610,1.24920
2021/04/15,Thu,1.25210,1.25410,1.25600,1.24740
2021/04/14,Wed,1.25360,1.25200,1.25770,1.24980
2021/04/13,Tue,1.25620,1.25310,1.26300,1.25250
2021/04/12,Mon,1.25340,1.25610,1.25750,1.25250
2021/04/11,Sun,,,,
2021/04/10,Sat,,,,
2021/04/09,Fri,1.25630,1.25270,1.26130,1.25230
2021/04/08,Thu,1.26070,1.25620,1.26280,1.25560
2021/04/07,Wed,1.25660,1.26070,1.26360,1.25620
2021/04/06,Tue,1.25240,1.25630,1.25840,1.25140
2021/04/05,Mon,1.25760,1.25210,1.25960,1.24990
2021/04/04,Sun,,,,
2021/04/03,Sat,,,,
2021/04/02,Fri,1.25470,1.25730,1.25820,1.25250
2021/04/01,Thu,1.25620,1.25450,1.26030,1.25410
2021/03/31,Wed,1.26330,1.25580,1.26370,1.25370
2021/03/30,Tue,1.25910,1.26340,1.26470,1.25780
2021/03/29,Mon,1.25740,1.25880,1.26280,1.25690
2021/03/28,Sun,,,,
2021/03/27,Sat,,,,
2021/03/26,Fri,1.26110,1.25760,1.26140,1.25580
2021/03/25,Thu,1.25770,1.26100,1.26310,1.25440
2021/03/24,Wed,1.25850,1.25750,1.26100,1.25400
2021/03/23,Tue,1.25190,1.25850,1.25960,1.25140
2021/03/22,Mon,1.25020,1.25200,1.25420,1.24710
2021/03/21,Sun,,,,
2021/03/20,Sat,,,,
2021/03/19,Fri,1.24880,1.24970,1.25480,1.24590
2021/03/18,Thu,1.24050,1.24840,1.25280,1.23630
2021/03/17,Wed,1.24480,1.24000,1.24950,1.23990
2021/03/16,Tue,1.24710,1.24430,1.25020,1.24330
2021/03/15,Mon,1.24710,1.24680,1.25140,1.24410
2021/03/14,Sun,,,,
2021/03/13,Sat,,,,
2021/03/12,Fri,1.25320,1.24710,1.25750,1.24590
2021/03/11,Thu,1.26170,1.25260,1.26260,1.25180
2021/03/10,Wed,1.26370,1.26170,1.26850,1.26070
2021/03/09,Tue,1.26630,1.26340,1.26870,1.25880
2021/03/08,Mon,1.26620,1.26600,1.27010,1.26200
2021/03/07,Sun,,,,
2021/03/06,Sat,,,,
2021/03/05,Fri,1.26650,1.26550,1.27390,1.26430
2021/03/04,Thu,1.26560,1.26650,1.26950,1.25730
2021/03/03,Wed,1.26330,1.26530,1.26590,1.25900
2021/03/02,Tue,1.26470,1.26310,1.27000,1.25980
2021/03/01,Mon,1.27230,1.26450,1.27400,1.26380
2021/02/28,Sun,,,,
2021/02/27,Sat,,,,
2021/02/26,Fri,1.26030,1.27390,1.27510,1.25850
2021/02/25,Thu,1.25120,1.25990,1.26160,1.24660
2021/02/24,Wed,1.25860,1.25110,1.25990,1.25030
2021/02/23,Tue,1.26110,1.25870,1.26480,1.25770
2021/02/22,Mon,1.26230,1.26100,1.26550,1.25780
2021/02/21,Sun,,,,
2021/02/20,Sat,,,,
2021/02/19,Fri,1.26790,1.26100,1.27150,1.25920
2021/02/18,Thu,1.27040,1.26770,1.27320,1.26630
2021/02/17,Wed,1.26890,1.26990,1.27460,1.26830
2021/02/16,Tue,1.26450,1.26860,1.27040,1.26080
2021/02/15,Mon,1.26940,1.26380,1.26940,1.26280
2021/02/14,Sun,,,,
2021/02/13,Sat,,,,
2021/02/12,Fri,1.27020,1.26940,1.27640,1.26740
2021/02/11,Thu,1.26990,1.27020,1.27130,1.26580
2021/02/10,Wed,1.26900,1.26990,1.27140,1.26650
2021/02/09,Tue,1.27390,1.26930,1.27670,1.26900
2021/02/08,Mon,1.27670,1.27380,1.27840,1.27330
2021/02/07,Sun,,,,
2021/02/06,Sat,,,,
2021/02/05,Fri,1.28280,1.27510,1.28340,1.27490
2021/02/04,Thu,1.27850,1.28250,1.28460,1.27750
2021/02/03,Wed,1.27810,1.27810,1.28130,1.27610
2021/02/02,Tue,1.28510,1.27800,1.28710,1.27780
2021/02/01,Mon,1.27770,1.28490,1.28660,1.27590
2021/01/31,Sun,,,,
2021/01/30,Sat,,,,
2021/01/29,Fri,1.28300,1.27770,1.28760,1.27360
2021/01/28,Thu,1.27980,1.28280,1.28830,1.27850
2021/01/27,Wed,1.26940,1.27980,1.28240,1.26830
2021/01/26,Tue,1.27380,1.26890,1.27840,1.26880
2021/01/25,Mon,1.27190,1.27380,1.27800,1.26850
2021/01/24,Sun,,,,
2021/01/23,Sat,,,,
2021/01/22,Fri,1.26370,1.27350,1.27420,1.26310
2021/01/21,Thu,1.26370,1.26330,1.26490,1.25880
2021/01/20,Wed,1.27370,1.26290,1.27480,1.26040
2021/01/19,Tue,1.27590,1.27310,1.27650,1.27120
2021/01/18,Mon,1.27340,1.27540,1.28010,1.27240
2021/01/17,Sun,,,,
2021/01/16,Sat,,,,
2021/01/15,Fri,1.26340,1.27320,1.27650,1.26340
2021/01/14,Thu,1.26990,1.26350,1.27120,1.26230
2021/01/13,Wed,1.27080,1.26940,1.27480,1.26780
2021/01/12,Tue,1.27820,1.27080,1.27930,1.27060
2021/01/11,Mon,1.26910,1.27830,1.28370,1.26900
2021/01/10,Sun,,,,
2021/01/09,Sat,,,,
2021/01/08,Fri,1.26910,1.26830,1.27440,1.26560
2021/01/07,Thu,1.26770,1.26870,1.27350,1.26610
2021/01/06,Wed,1.26660,1.26740,1.27240,1.26280
2021/01/05,Tue,1.27770,1.26700,1.27930,1.26540
2021/01/04,Mon,1.27250,1.27770,1.27990,1.26630
2021/01/03,Sun,,,,
2021/01/02,Sat,,,,
2021/01/01,Fri,1.27340,1.27270,1.27390,1.27230
2020/12/31,Thu,1.27610,1.27300,1.27690,1.27120
2020/12/30,Wed,1.28180,1.27580,1.28280,1.27470
2020/12/29,Tue,1.28500,1.28170,1.28610,1.27770
2020/12/28,Mon,1.28680,1.28450,1.28780,1.28120
2020/12/27,Sun,,,,
2020/12/26,Sat,,,,
2020/12/25,Fri,1.28760,1.28690,1.28760,1.28520
2020/12/24,Thu,1.28450,1.28730,1.28810,1.28110
2020/12/23,Wed,1.29080,1.28450,1.29160,1.28310
2020/12/22,Tue,1.28540,1.29070,1.29350,1.28410
2020/12/21,Mon,1.27820,1.28540,1.29580,1.27820
2020/12/20,Sun,,,,
2020/12/19,Sat,,,,
2020/12/18,Fri,1.27210,1.27830,1.28000,1.27140
2020/12/17,Thu,1.27480,1.27190,1.27520,1.26860
2020/12/16,Wed,1.27030,1.27420,1.27900,1.26940
2020/12/15,Tue,1.27660,1.26970,1.27730,1.26860
2020/12/14,Mon,1.27730,1.27600,1.27910,1.27180
2020/12/13,Sun,,,,
2020/12/12,Sat,,,,
2020/12/11,Fri,1.27430,1.27720,1.27930,1.27170
2020/12/10,Thu,1.28170,1.27370,1.28310,1.27040
2020/12/09,Wed,1.28180,1.28140,1.28350,1.27670
2020/12/08,Tue,1.27990,1.28140,1.28270,1.27650
2020/12/07,Mon,1.27800,1.27960,1.28340,1.27740
2020/12/06,Sun,,,,
2020/12/05,Sat,,,,
2020/12/04,Fri,1.28640,1.27800,1.28750,1.27700
2020/12/03,Thu,1.29180,1.28600,1.29420,1.28500
2020/12/02,Wed,1.29330,1.29180,1.29600,1.29080
2020/12/01,Tue,1.30020,1.29320,1.30080,1.29260
2020/11/30,Mon,1.29900,1.30000,1.30110,1.29210
2020/11/29,Sun,,,,
2020/11/28,Sat,,,,
2020/11/27,Fri,1.30150,1.29900,1.30260,1.29700
2020/11/26,Thu,1.30060,1.30130,1.30240,1.29880
2020/11/25,Wed,1.29990,1.30000,1.30300,1.29840
2020/11/24,Tue,1.30790,1.29940,1.30920,1.29920
2020/11/23,Mon,1.30910,1.30770,1.31140,1.30450
2020/11/22,Sun,,,,
2020/11/21,Sat,,,,
2020/11/20,Fri,1.30720,1.30960,1.30990,1.30370
2020/11/19,Thu,1.30790,1.30710,1.31250,1.30500
2020/11/18,Wed,1.31040,1.30810,1.31190,1.30320
2020/11/17,Tue,1.30760,1.31020,1.31180,1.30610
2020/11/16,Mon,1.31380,1.30720,1.31430,1.30630
2020/11/15,Sun,,,,
2020/11/14,Sat,,,,
2020/11/13,Fri,1.31420,1.31310,1.31730,1.31140
2020/11/12,Thu,1.30600,1.31390,1.31500,1.30540
2020/11/11,Wed,1.30320,1.30620,1.30790,1.30060
2020/11/10,Tue,1.30090,1.30290,1.30520,1.29830
2020/11/09,Mon,1.30620,1.30070,1.30700,1.29260
2020/11/08,Sun,,,,
2020/11/07,Sat,,,,
2020/11/06,Fri,1.30490,1.30550,1.30980,1.30170
2020/11/05,Thu,1.31400,1.30470,1.31790,1.30260
2020/11/04,Wed,1.31300,1.31390,1.33010,1.30930
2020/11/03,Tue,1.32140,1.31300,1.32360,1.31010
2020/11/02,Mon,1.33160,1.32150,1.33710,1.32130
2020/11/01,Sun,,,,
2020/10/31,Sat,,,,
2020/10/30,Fri,1.33230,1.33170,1.33500,1.32780
2020/10/29,Thu,1.33240,1.33230,1.33910,1.32750
2020/10/28,Wed,1.31860,1.33190,1.33350,1.31770
2020/10/27,Tue,1.32090,1.31840,1.32130,1.31400
2020/10/26,Mon,1.31370,1.32070,1.32260,1.31300
2020/10/25,Sun,,,,
2020/10/24,Sat,,,,
2020/10/23,Fri,1.31330,1.31210,1.31620,1.31070
2020/10/22,Thu,1.31430,1.31330,1.31790,1.31210
2020/10/21,Wed,1.31300,1.31450,1.31530,1.30790
2020/10/20,Tue,1.31920,1.31240,1.32050,1.31020
2020/10/19,Mon,1.31930,1.31920,1.31960,1.31480
2020/10/18,Sun,,,,
2020/10/17,Sat,,,,
2020/10/16,Fri,1.32190,1.31870,1.32390,1.31750
2020/10/15,Thu,1.31440,1.32190,1.32610,1.31410
2020/10/14,Wed,1.31390,1.31450,1.31640,1.31140
2020/10/13,Tue,1.31160,1.31370,1.31480,1.30970
2020/10/12,Mon,1.31300,1.31110,1.31440,1.30990
2020/10/11,Sun,,,,
2020/10/10,Sat,,,,
2020/10/09,Fri,1.31970,1.31180,1.32040,1.31070
2020/10/08,Thu,1.32550,1.31940,1.32710,1.31930
2020/10/07,Wed,1.33120,1.32530,1.33420,1.32520
2020/10/06,Tue,1.32670,1.33070,1.33180,1.32400
2020/10/05,Mon,1.33020,1.32650,1.33040,1.32530
2020/10/04,Sun,,,,
2020/10/03,Sat,,,,
2020/10/02,Fri,1.32890,1.33070,1.33320,1.32750
2020/10/01,Thu,1.33210,1.32870,1.33290,1.32660
2020/09/30,Wed,1.33860,1.33190,1.34220,1.32990
2020/09/29,Tue,1.33700,1.33870,1.34200,1.33500
2020/09/28,Mon,1.33860,1.33720,1.34050,1.33510
2020/09/27,Sun,,,,
2020/09/26,Sat,,,,
2020/09/25,Fri,1.33610,1.33840,1.34200,1.33360
2020/09/24,Thu,1.33860,1.33620,1.34190,1.33230
2020/09/23,Wed,1.33020,1.33850,1.33870,1.32920
2020/09/22,Tue,1.33080,1.33010,1.33460,1.32810
2020/09/21,Mon,1.31920,1.33060,1.33220,1.31710
2020/09/20,Sun,,,,
2020/09/19,Sat,,,,
2020/09/18,Fri,1.31680,1.32040,1.32100,1.31350
2020/09/17,Thu,1.31790,1.31640,1.32490,1.31470
2020/09/16,Wed,1.31860,1.31760,1.32020,1.31250
2020/09/15,Tue,1.31740,1.31810,1.32030,1.31320
2020/09/14,Mon,1.31870,1.31740,1.31980,1.31520
2020/09/13,Sun,,,,
2020/09/12,Sat,,,,
2020/09/11,Fri,1.31920,1.31740,1.32090,1.31490
2020/09/10,Thu,1.31470,1.31900,1.32030,1.31160
2020/09/09,Wed,1.32340,1.31410,1.32610,1.31430
2020/09/08,Tue,1.30990,1.32320,1.32400,1.30840
2020/09/07,Mon,1.30540,1.30960,1.31180,1.30500
2020/09/06,Sun,,,,
2020/09/05,Sat,,,,
2020/09/04,Fri,1.31260,1.30610,1.31420,1.30420
2020/09/03,Thu,1.30430,1.31260,1.31630,1.30380
2020/09/02,Wed,1.30640,1.30420,1.30970,1.30350
2020/09/01,Tue,1.30420,1.30620,1.30880,1.29920
2020/08/31,Mon,1.31020,1.30450,1.31050,1.30180
2020/08/30,Sun,,,,
2020/08/29,Sat,,,,
2020/08/28,Fri,1.31280,1.30970,1.31330,1.30450
2020/08/27,Thu,1.31430,1.31230,1.31680,1.30990
2020/08/26,Wed,1.31740,1.31390,1.32070,1.31300
2020/08/25,Tue,1.32180,1.31680,1.32410,1.31650
2020/08/24,Mon,1.31850,1.32160,1.32390,1.31320
2020/08/23,Sun,,,,
2020/08/22,Sat,,,,
2020/08/21,Fri,1.31860,1.31750,1.32360,1.31570
2020/08/20,Thu,1.32150,1.31820,1.32460,1.31660
2020/08/19,Wed,1.31660,1.32130,1.32280,1.31330
2020/08/18,Tue,1.32160,1.31670,1.32320,1.31490
2020/08/17,Mon,1.32570,1.32140,1.32640,1.31900
2020/08/16,Sun,,,,
2020/08/15,Sat,,,,
2020/08/14,Fri,1.32170,1.32660,1.32720,1.32040
2020/08/13,Thu,1.32440,1.32200,1.32590,1.31900
2020/08/12,Wed,1.33020,1.32440,1.33480,1.32270
2020/08/11,Tue,1.33500,1.33000,1.33630,1.32680
2020/08/10,Mon,1.33780,1.33500,1.33960,1.33310
2020/08/09,Sun,,,,
2020/08/08,Sat,,,,
2020/08/07,Fri,1.33050,1.33830,1.34000,1.32820
2020/08/06,Thu,1.32690,1.33040,1.33240,1.32410
2020/08/05,Wed,1.33200,1.32640,1.33330,1.32310
2020/08/04,Tue,1.33910,1.33170,1.34220,1.33150
2020/08/03,Mon,1.34010,1.33890,1.34520,1.33780
2020/08/02,Sun,,,,
2020/08/01,Sat,,,,
2020/07/31,Fri,1.34210,1.34130,1.34420,1.33690
2020/07/30,Thu,1.33430,1.34220,1.34610,1.33320
2020/07/29,Wed,1.33740,1.33400,1.33880,1.33310
2020/07/28,Tue,1.33560,1.33760,1.34080,1.33290
2020/07/27,Mon,1.34290,1.33540,1.34320,1.33510
2020/07/26,Sun,,,,
2020/07/25,Sat,,,,
2020/07/24,Fri,1.34110,1.34130,1.34460,1.33750
2020/07/23,Thu,1.34140,1.34080,1.34280,1.33490
2020/07/22,Wed,1.34570,1.34150,1.34850,1.33980
2020/07/21,Tue,1.35360,1.34570,1.35390,1.34220
2020/07/20,Mon,1.35780,1.35330,1.36020,1.35230
2020/07/19,Sun,,,,
2020/07/18,Sat,,,,
2020/07/17,Fri,1.35730,1.35760,1.35900,1.35620
2020/07/16,Thu,1.35130,1.35700,1.35820,1.35000
2020/07/15,Wed,1.36150,1.35080,1.36190,1.35030
2020/07/14,Tue,1.36090,1.36120,1.36470,1.35950
2020/07/13,Mon,1.35940,1.36080,1.36130,1.35340
2020/07/12,Sun,,,,
2020/07/11,Sat,,,,
2020/07/10,Fri,1.35870,1.35910,1.36320,1.35730
2020/07/09,Thu,1.35120,1.35840,1.35960,1.34890
2020/07/08,Wed,1.36040,1.35100,1.36250,1.34910
2020/07/07,Tue,1.35370,1.36020,1.36110,1.35230
2020/07/06,Mon,1.35500,1.35360,1.35670,1.35180
2020/07/05,Sun,,,,
2020/07/04,Sat,,,,
2020/07/03,Fri,1.35680,1.35450,1.35830,1.35430
2020/07/02,Thu,1.35840,1.35630,1.36250,1.35580
2020/07/01,Wed,1.35760,1.35850,1.36030,1.35430
2020/06/30,Tue,1.36590,1.35730,1.37010,1.35680
2020/06/29,Mon,1.36740,1.36570,1.37060,1.36440
2020/06/28,Sun,,,,
2020/06/27,Sat,,,,
2020/06/26,Fri,1.36350,1.36880,1.37160,1.36250
2020/06/25,Thu,1.36400,1.36360,1.36720,1.36050
2020/06/24,Wed,1.35470,1.36370,1.36420,1.35250
2020/06/23,Tue,1.35220,1.35450,1.35710,1.34840
2020/06/22,Mon,1.36000,1.35200,1.36310,1.35160
2020/06/21,Sun,,,,
2020/06/20,Sat,,,,
2020/06/19,Fri,1.35980,1.36030,1.36190,1.35450
2020/06/18,Thu,1.35670,1.35990,1.36170,1.35190
2020/06/17,Wed,1.35380,1.35630,1.35950,1.35100
2020/06/16,Tue,1.35670,1.35420,1.36240,1.35020
2020/06/15,Mon,1.35930,1.35700,1.36870,1.35430
2020/06/14,Sun,,,,
2020/06/13,Sat,,,,
2020/06/12,Fri,1.36280,1.35830,1.36680,1.35250
2020/06/11,Thu,1.34130,1.36240,1.36340,1.33960
2020/06/10,Wed,1.34170,1.34110,1.34390,1.33130
2020/06/09,Tue,1.33860,1.34140,1.34890,1.33570
2020/06/08,Mon,1.34260,1.33820,1.34380,1.33540
2020/06/07,Sun,,,,
2020/06/06,Sat,,,,
2020/06/05,Fri,1.35010,1.34240,1.35140,1.33890
2020/06/04,Thu,1.34950,1.34980,1.35430,1.34660
2020/06/03,Wed,1.35170,1.34930,1.35730,1.34780
2020/06/02,Tue,1.35690,1.35160,1.35860,1.34810
2020/06/01,Mon,1.37820,1.35710,1.38020,1.35560
2020/05/31,Sun,,,,
2020/05/30,Sat,,,,
2020/05/29,Fri,1.37610,1.37690,1.38340,1.37120
2020/05/28,Thu,1.37490,1.37610,1.37920,1.37320
2020/05/27,Wed,1.37760,1.37500,1.38230,1.37250
2020/05/26,Tue,1.39850,1.37770,1.39900,1.37550
2020/05/25,Mon,1.39980,1.39840,1.40090,1.39660
2020/05/24,Sun,,,,
2020/05/23,Sat,,,,
2020/05/22,Fri,1.39530,1.39940,1.40500,1.39390
2020/05/21,Thu,1.39020,1.39520,1.39710,1.38890
2020/05/20,Wed,1.39410,1.39000,1.39620,1.38660
2020/05/19,Tue,1.39370,1.39410,1.39710,1.38640
2020/05/18,Mon,1.41010,1.39340,1.41180,1.39340
2020/05/17,Sun,,,,
2020/05/16,Sat,,,,
2020/05/15,Fri,1.40510,1.41080,1.41180,1.40160
2020/05/14,Thu,1.41020,1.40480,1.41410,1.40290
2020/05/13,Wed,1.40770,1.40990,1.41160,1.40040
2020/05/12,Tue,1.40050,1.40770,1.40800,1.39700
2020/05/11,Mon,1.39370,1.40060,1.40440,1.38990
2020/05/10,Sun,,,,
2020/05/09,Sat,,,,
2020/05/08,Fri,1.39730,1.39250,1.40010,1.39060
2020/05/07,Thu,1.41460,1.39700,1.41750,1.39510
2020/05/06,Wed,1.40470,1.41430,1.41580,1.40210
2020/05/05,Tue,1.40840,1.40450,1.40950,1.40050
2020/05/04,Mon,1.40730,1.40830,1.41520,1.40490
2020/05/03,Sun,,,,
2020/05/02,Sat,,,,
2020/05/01,Fri,1.39470,1.40840,1.41110,1.39290
2020/04/30,Thu,1.38810,1.39410,1.39600,1.38480
2020/04/29,Wed,1.39980,1.38770,1.40050,1.38740
2020/04/28,Tue,1.40340,1.39930,1.40740,1.39330
2020/04/27,Mon,1.41080,1.40290,1.41180,1.40260
2020/04/26,Sun,,,,
2020/04/25,Sat,,,,
2020/04/24,Fri,1.40730,1.41020,1.41200,1.40210
2020/04/23,Thu,1.41620,1.40710,1.42000,1.39980
2020/04/22,Wed,1.42090,1.41590,1.42390,1.41130
2020/04/21,Tue,1.41490,1.42070,1.42660,1.41110
2020/04/20,Mon,1.40080,1.41450,1.41520,1.40080
2020/04/19,Sun,,,,
2020/04/18,Sat,,,,
2020/04/17,Fri,1.40830,1.39980,1.41190,1.39980
2020/04/16,Thu,1.41140,1.40790,1.41840,1.40600
2020/04/15,Wed,1.38830,1.41110,1.41330,1.38740
2020/04/14,Tue,1.39020,1.38810,1.39260,1.38610
2020/04/13,Mon,1.39410,1.39020,1.40030,1.38540
2020/04/12,Sun,,,,
2020/04/11,Sat,,,,
2020/04/10,Fri,1.39780,1.39520,1.40100,1.39450
2020/04/09,Thu,1.40150,1.39730,1.40780,1.39290
2020/04/08,Wed,1.39940,1.40120,1.40830,1.39860
2020/04/07,Tue,1.41100,1.39930,1.41440,1.39430
2020/04/06,Mon,1.41940,1.41090,1.42630,1.40830
2020/04/05,Sun,,,,
2020/04/04,Sat,,,,
2020/04/03,Fri,1.41350,1.42010,1.42270,1.40930
2020/04/02,Thu,1.41900,1.41310,1.43000,1.40780
2020/04/01,Wed,1.40600,1.41880,1.42730,1.40600
2020/03/31,Tue,1.41670,1.40590,1.43500,1.40100
2020/03/30,Mon,1.39920,1.41690,1.41850,1.39910
2020/03/29,Sun,,,,
2020/03/28,Sat,,,,
2020/03/27,Fri,1.40190,1.39770,1.41560,1.39200
2020/03/26,Thu,1.41930,1.40160,1.42770,1.40080
2020/03/25,Wed,1.44650,1.41900,1.44850,1.41770
2020/03/24,Tue,1.44980,1.44590,1.45340,1.43730
2020/03/23,Mon,1.43490,1.44960,1.45620,1.43350
2020/03/22,Sun,,,,
2020/03/21,Sat,,,,
2020/03/20,Fri,1.45100,1.43620,1.45380,1.41490
2020/03/19,Thu,1.45050,1.45100,1.46690,1.44190
2020/03/18,Wed,1.42010,1.45030,1.46530,1.41640
2020/03/17,Tue,1.40150,1.41990,1.42760,1.39610
2020/03/16,Mon,1.38360,1.40160,1.40190,1.37320
2020/03/15,Sun,,,,
2020/03/14,Sat,,,,
2020/03/13,Fri,1.39260,1.38030,1.39960,1.37800
2020/03/12,Thu,1.37770,1.39260,1.39660,1.37040
2020/03/11,Wed,1.37240,1.37760,1.37960,1.36790
2020/03/10,Tue,1.37010,1.37220,1.37980,1.36060
2020/03/09,Mon,1.34620,1.37010,1.37610,1.34610
2020/03/08,Sun,,,,
2020/03/07,Sat,,,,
2020/03/06,Fri,1.34070,1.34230,1.34400,1.33770
2020/03/05,Thu,1.33860,1.34050,1.34400,1.33810
2020/03/04,Wed,1.33840,1.33840,1.34320,1.33280
2020/03/03,Tue,1.33260,1.33850,1.33920,1.33170
2020/03/02,Mon,1.34130,1.33220,1.34460,1.33140
2020/03/01,Sun,,,,
2020/02/29,Sat,,,,
2020/02/28,Fri,1.33890,1.33960,1.34660,1.33760
2020/02/27,Thu,1.33330,1.33880,1.33960,1.33140
2020/02/26,Wed,1.32800,1.33300,1.33370,1.32690
2020/02/25,Tue,1.32940,1.32770,1.33080,1.32650
2020/02/24,Mon,1.32490,1.32920,1.33080,1.32340
2020/02/23,Sun,,,,
2020/02/22,Sat,,,,
2020/02/21,Fri,1.32600,1.32220,1.32700,1.32000
2020/02/20,Thu,1.32210,1.32590,1.32700,1.32090
2020/02/19,Wed,1.32620,1.32180,1.32640,1.32130
2020/02/18,Tue,1.32330,1.32560,1.32800,1.32300
2020/02/17,Mon,1.32510,1.32340,1.32570,1.32240
2020/02/16,Sun,,,,
2020/02/15,Sat,,,,
2020/02/14,Fri,1.32680,1.32520,1.32700,1.32330
2020/02/13,Thu,1.32490,1.32670,1.32720,1.32380
2020/02/12,Wed,1.32860,1.32490,1.32970,1.32330
2020/02/11,Tue,1.33170,1.32860,1.33220,1.32740
2020/02/10,Mon,1.33040,1.33150,1.33310,1.32870
2020/02/09,Sun,,,,
2020/02/08,Sat,,,,
2020/02/07,Fri,1.32840,1.33110,1.33210,1.32780
2020/02/06,Thu,1.32810,1.32840,1.33100,1.32670
2020/02/05,Wed,1.32750,1.32780,1.33050,1.32600
2020/02/04,Tue,1.32860,1.32720,1.33030,1.32610
2020/02/03,Mon,1.32380,1.32840,1.33050,1.32280
2020/02/02,Sun,,,,
2020/02/01,Sat,,,,
2020/01/31,Fri,1.32070,1.32350,1.32540,1.31930
2020/01/30,Thu,1.32000,1.32080,1.32280,1.31880
2020/01/29,Wed,1.31560,1.31960,1.32110,1.31530
2020/01/28,Tue,1.31940,1.31550,1.32070,1.31520
2020/01/27,Mon,1.31440,1.31920,1.32010,1.31440
2020/01/26,Sun,,,,
2020/01/25,Sat,,,,
2020/01/24,Fri,1.31280,1.31420,1.31540,1.31180
2020/01/23,Thu,1.31330,1.31220,1.31730,1.31220
2020/01/22,Wed,1.30670,1.31340,1.31540,1.30340
2020/01/21,Tue,1.30460,1.30670,1.30810,1.30420
2020/01/20,Mon,1.30630,1.30460,1.30740,1.30420
2020/01/19,Sun,,,,
2020/01/18,Sat,,,,
2020/01/17,Fri,1.30420,1.30630,1.30770,1.30320
2020/01/16,Thu,1.30390,1.30400,1.30580,1.30300
2020/01/15,Wed,1.30620,1.30410,1.30800,1.30330
2020/01/14,Tue,1.30560,1.30600,1.30810,1.30450
2020/01/13,Mon,1.30510,1.30560,1.30680,1.30320
2020/01/12,Sun,,,,
2020/01/11,Sat,,,,
2020/01/10,Fri,1.30560,1.30500,1.30770,1.30270
2020/01/09,Thu,1.30390,1.30540,1.31060,1.30240
2020/01/08,Wed,1.30040,1.30370,1.30450,1.29740
2020/01/07,Tue,1.29620,1.30030,1.30310,1.29540
2020/01/06,Mon,1.29840,1.29630,1.29920,1.29580
2020/01/05,Sun,,,,
2020/01/04,Sat,,,,
2020/01/03,Fri,1.29800,1.29990,1.30090,1.29590
2020/01/02,Thu,1.29860,1.29780,1.30090,1.29670
2020/01/01,Wed,1.29860,1.29860,1.30010,1.29790
2019/12/31,Tue,1.30700,1.29860,1.30710,1.29490
2019/12/30,Mon,1.30760,1.30640,1.30850,1.30470
2019/12/29,Sun,,,,
2019/12/28,Sat,,,,
2019/12/27,Fri,1.31250,1.30760,1.31250,1.30620
2019/12/26,Thu,1.31640,1.31210,1.31650,1.31010
2019/12/25,Wed,1.31650,1.31600,1.31710,1.31500
2019/12/24,Tue,1.31450,1.31650,1.31700,1.31400
2019/12/23,Mon,1.31480,1.31430,1.31780,1.31390
2019/12/22,Sun,,,,
2019/12/21,Sat,,,,
2019/12/20,Fri,1.31270,1.31460,1.31830,1.31190
2019/12/19,Thu,1.31120,1.31250,1.31400,1.31060
2019/12/18,Wed,1.31600,1.31130,1.31770,1.31000
2019/12/17,Tue,1.31540,1.31580,1.31860,1.31430
2019/12/16,Mon,1.31710,1.31500,1.31870,1.31130
2019/12/15,Sun,,,,
2019/12/14,Sat,,,,
2019/12/13,Fri,1.31860,1.31650,1.32060,1.31490
2019/12/12,Thu,1.31750,1.31820,1.31950,1.31600
2019/12/11,Wed,1.32310,1.31710,1.32410,1.31600
2019/12/10,Tue,1.32370,1.32250,1.32510,1.32220
2019/12/09,Mon,1.32560,1.32370,1.32660,1.32200
2019/12/08,Sun,,,,
2019/12/07,Sat,,,,
2019/12/06,Fri,1.31710,1.32550,1.32700,1.31690
2019/12/05,Thu,1.32010,1.31730,1.32050,1.31560
2019/12/04,Wed,1.32960,1.31990,1.32990,1.31900
2019/12/03,Tue,1.33060,1.32940,1.33230,1.32810
2019/12/02,Mon,1.32790,1.33080,1.33110,1.32720
2019/12/01,Sun,,,,
2019/11/30,Sat,,,,
2019/11/29,Fri,1.32820,1.32750,1.33160,1.32700
2019/11/28,Thu,1.32810,1.32770,1.33010,1.32740
2019/11/27,Wed,1.32720,1.32810,1.32910,1.32580
2019/11/26,Tue,1.32990,1.32700,1.33180,1.32660
2019/11/25,Mon,1.33020,1.32970,1.33200,1.32840
2019/11/24,Sun,,,,
2019/11/23,Sat,,,,
2019/11/22,Fri,1.32860,1.33010,1.33030,1.32520
2019/11/21,Thu,1.33020,1.32850,1.33270,1.32670
2019/11/20,Wed,1.32680,1.33030,1.33290,1.32600
2019/11/19,Tue,1.32050,1.32660,1.32740,1.31880
2019/11/18,Mon,1.32240,1.32060,1.32370,1.31970
2019/11/17,Sun,,,,
2019/11/16,Sat,,,,
2019/11/15,Fri,1.32470,1.32210,1.32530,1.32150
2019/11/14,Thu,1.32510,1.32450,1.32720,1.32420
2019/11/13,Wed,1.32320,1.32490,1.32700,1.32240
2019/11/12,Tue,1.32330,1.32310,1.32590,1.32140
2019/11/11,Mon,1.32220,1.32310,1.32360,1.32090
2019/11/10,Sun,,,,
2019/11/09,Sat,,,,
2019/11/08,Fri,1.31740,1.32280,1.32380,1.31640
2019/11/07,Thu,1.31810,1.31690,1.32010,1.31560
2019/11/06,Wed,1.31560,1.31800,1.31950,1.31390
2019/11/05,Tue,1.31510,1.31540,1.31800,1.31100
2019/11/04,Mon,1.31330,1.31490,1.31620,1.31270
2019/11/03,Sun,,,,
2019/11/02,Sat,,,,
2019/11/01,Fri,1.31640,1.31340,1.31970,1.31360
2019/10/31,Thu,1.31580,1.31590,1.31800,1.31330
2019/10/30,Wed,1.30870,1.31560,1.32090,1.30700
2019/10/29,Tue,1.30550,1.30850,1.31010,1.30390
2019/10/28,Mon,1.30620,1.30500,1.30800,1.30450
2019/10/27,Sun,,,,
2019/10/26,Sat,,,,
2019/10/25,Fri,1.30710,1.30580,1.30780,1.30530
2019/10/24,Thu,1.30700,1.30710,1.30950,1.30510
2019/10/23,Wed,1.30960,1.30670,1.31100,1.30640
2019/10/22,Tue,1.30880,1.30910,1.31240,1.30680
2019/10/21,Mon,1.31260,1.30840,1.31440,1.30770
2019/10/20,Sun,,,,
2019/10/19,Sat,,,,
2019/10/18,Fri,1.31370,1.31240,1.31470,1.31170
2019/10/17,Thu,1.32020,1.31350,1.32130,1.31290
2019/10/16,Wed,1.32000,1.32010,1.32300,1.31820
2019/10/15,Tue,1.32330,1.31970,1.32410,1.31930
2019/10/14,Mon,1.31980,1.32310,1.32410,1.31900
2019/10/13,Sun,,,,
2019/10/12,Sat,,,,
2019/10/11,Fri,1.32930,1.31960,1.33010,1.31680
2019/10/10,Thu,1.33330,1.32900,1.33460,1.32670
2019/10/09,Wed,1.33260,1.33300,1.33400,1.32930
2019/10/08,Tue,1.33080,1.33240,1.33380,1.32860
2019/10/07,Mon,1.33140,1.33070,1.33320,1.32880
2019/10/06,Sun,,,,
2019/10/05,Sat,,,,
2019/10/04,Fri,1.33350,1.33130,1.33400,1.32970
2019/10/03,Thu,1.33250,1.33350,1.33480,1.33080
2019/10/02,Wed,1.32200,1.33210,1.33290,1.32030
2019/10/01,Tue,1.32410,1.32180,1.32910,1.32070
2019/09/30,Mon,1.32460,1.32390,1.32610,1.32230
2019/09/29,Sun,,,,
2019/09/28,Sat,,,,
2019/09/27,Fri,1.32660,1.32440,1.32790,1.32110
2019/09/26,Thu,1.32670,1.32680,1.32780,1.32300
2019/09/25,Wed,1.32390,1.32660,1.32890,1.32330
2019/09/24,Tue,1.32630,1.32400,1.32760,1.32300
2019/09/23,Mon,1.32570,1.32610,1.33060,1.32520
2019/09/22,Sun,,,,
2019/09/21,Sat,,,,
2019/09/20,Fri,1.32620,1.32590,1.33020,1.32520
2019/09/19,Thu,1.32890,1.32600,1.33080,1.32400
2019/09/18,Wed,1.32430,1.32840,1.33110,1.32380
2019/09/17,Tue,1.32370,1.32410,1.33000,1.32310
2019/09/16,Mon,1.32260,1.32350,1.32720,1.32050
2019/09/15,Sun,,,,
2019/09/14,Sat,,,,
2019/09/13,Fri,1.32110,1.32830,1.32890,1.32040
2019/09/12,Thu,1.31930,1.32090,1.32220,1.31740
2019/09/11,Wed,1.31520,1.31910,1.32150,1.31380
2019/09/10,Tue,1.31680,1.31490,1.31920,1.31310
2019/09/09,Mon,1.31730,1.31660,1.31840,1.31370
2019/09/08,Sun,,,,
2019/09/07,Sat,,,,
2019/09/06,Fri,1.32280,1.31700,1.32370,1.31560
2019/09/05,Thu,1.32230,1.32270,1.32470,1.31900
2019/09/04,Wed,1.33360,1.32220,1.33460,1.32160
2019/09/03,Tue,1.33270,1.33320,1.33840,1.33210
2019/09/02,Mon,1.33140,1.33250,1.33630,1.33110
2019/09/01,Sun,,,,
2019/08/31,Sat,,,,
2019/08/30,Fri,1.32860,1.33100,1.33350,1.32450
2019/08/29,Thu,1.33070,1.32840,1.33210,1.32700
2019/08/28,Wed,1.32810,1.33050,1.33190,1.32790
2019/08/27,Tue,1.32540,1.32800,1.33020,1.32230
2019/08/26,Mon,1.32940,1.32530,1.33200,1.32440
2019/08/25,Sun,,,,
2019/08/24,Sat,,,,
2019/08/23,Fri,1.33020,1.32780,1.33400,1.32750
2019/08/22,Thu,1.32910,1.33020,1.33170,1.32730
2019/08/21,Wed,1.33150,1.32890,1.33290,1.32530
2019/08/20,Tue,1.33250,1.33140,1.33460,1.33060
2019/08/19,Mon,1.32720,1.33230,1.33390,1.32500
2019/08/18,Sun,,,,
2019/08/17,Sat,,,,
2019/08/16,Fri,1.33110,1.32700,1.33260,1.32590
2019/08/15,Thu,1.33200,1.33080,1.33400,1.32840
2019/08/14,Wed,1.32220,1.33170,1.33270,1.32080
2019/08/13,Tue,1.32390,1.32210,1.32940,1.31840
2019/08/12,Mon,1.32260,1.32380,1.32510,1.32020
2019/08/11,Sun,,,,
2019/08/10,Sat,,,,
2019/08/09,Fri,1.32250,1.32260,1.32760,1.31940
2019/08/08,Thu,1.33010,1.32240,1.33150,1.32190
2019/08/07,Wed,1.32810,1.33000,1.33460,1.32670
2019/08/06,Tue,1.32150,1.32780,1.32930,1.31850
2019/08/05,Mon,1.32090,1.32130,1.32490,1.31750
2019/08/04,Sun,,,,
2019/08/03,Sat,,,,
2019/08/02,Fri,1.32110,1.32040,1.32660,1.31980
2019/08/01,Thu,1.31920,1.32110,1.32490,1.31800
2019/07/31,Wed,1.31520,1.31890,1.32150,1.31030
2019/07/30,Tue,1.31630,1.31460,1.31920,1.31410
2019/07/29,Mon,1.31670,1.31610,1.31840,1.31470
2019/07/28,Sun,,,,
2019/07/27,Sat,,,,
2019/07/26,Fri,1.31660,1.31660,1.32000,1.31550
2019/07/25,Thu,1.31430,1.31610,1.31690,1.31130
2019/07/24,Wed,1.31330,1.31390,1.31520,1.31170
2019/07/23,Tue,1.31200,1.31320,1.31650,1.31140
2019/07/22,Mon,1.30660,1.31180,1.31220,1.30400
2019/07/21,Sun,,,,
2019/07/20,Sat,,,,
2019/07/19,Fri,1.30280,1.30600,1.31100,1.30140
2019/07/18,Thu,1.30520,1.30250,1.30970,1.30230
2019/07/17,Wed,1.30880,1.30470,1.30950,1.30330
2019/07/16,Tue,1.30490,1.30860,1.30930,1.30210
2019/07/15,Mon,1.30350,1.30470,1.30540,1.30190
2019/07/14,Sun,,,,
2019/07/13,Sat,,,,
2019/07/12,Fri,1.30720,1.30290,1.30810,1.30160
2019/07/11,Thu,1.30830,1.30720,1.30930,1.30400
2019/07/10,Wed,1.31270,1.30800,1.31450,1.30600
2019/07/09,Tue,1.30970,1.31250,1.31430,1.30860
2019/07/08,Mon,1.30710,1.30920,1.31040,1.30470
2019/07/07,Sun,,,,
2019/07/06,Sat,,,,
2019/07/05,Fri,1.30530,1.30750,1.31380,1.30430
2019/07/04,Thu,1.30590,1.30500,1.30810,1.30350
2019/07/03,Wed,1.31080,1.30530,1.31210,1.30550
2019/07/02,Tue,1.31350,1.31040,1.31400,1.30940
2019/07/01,Mon,1.30930,1.31340,1.31460,1.30630
2019/06/30,Sun,,,,
2019/06/29,Sat,,,,
2019/06/28,Fri,1.30950,1.30900,1.31050,1.30570
2019/06/27,Thu,1.31270,1.30950,1.31400,1.30890
2019/06/26,Wed,1.31670,1.31250,1.31950,1.31050
2019/06/25,Tue,1.31800,1.31670,1.32090,1.31500
2019/06/24,Mon,1.32210,1.31770,1.32230,1.31760
2019/06/23,Sun,,,,
2019/06/22,Sat,,,,
2019/06/21,Fri,1.31890,1.32210,1.32300,1.31600
2019/06/20,Thu,1.32810,1.31890,1.32880,1.31490
2019/06/19,Wed,1.33770,1.32780,1.33850,1.32770
2019/06/18,Tue,1.34130,1.33760,1.34340,1.33730
2019/06/17,Mon,1.34050,1.34110,1.34210,1.33910
2019/06/16,Sun,,,,
2019/06/15,Sat,,,,
2019/06/14,Fri,1.33260,1.34110,1.34240,1.33210
2019/06/13,Thu,1.33430,1.33240,1.33450,1.32980
2019/06/12,Wed,1.32840,1.33410,1.33460,1.32710
2019/06/11,Tue,1.32690,1.32790,1.33100,1.32480
2019/06/10,Mon,1.32490,1.32650,1.32820,1.32240
2019/06/09,Sun,,,,
2019/06/08,Sat,,,,
2019/06/07,Fri,1.33590,1.32650,1.33690,1.32600
2019/06/06,Thu,1.34130,1.33610,1.34320,1.33570
2019/06/05,Wed,1.33940,1.34120,1.34300,1.33610
2019/06/04,Tue,1.34390,1.33900,1.34550,1.33790
2019/06/03,Mon,1.35220,1.34330,1.35290,1.34330
2019/06/02,Sun,,,,
2019/06/01,Sat,,,,
2019/05/31,Fri,1.35010,1.35120,1.35660,1.34910
2019/05/30,Thu,1.35200,1.34980,1.35220,1.34830
2019/05/29,Wed,1.34940,1.35190,1.35480,1.34790
2019/05/28,Tue,1.34430,1.34900,1.35000,1.34310
2019/05/27,Mon,1.34330,1.34410,1.34540,1.34280
2019/05/26,Sun,,,,
2019/05/25,Sat,,,,
2019/05/24,Fri,1.34740,1.34360,1.34840,1.34280
2019/05/23,Thu,1.34360,1.34720,1.35040,1.34290
2019/05/22,Wed,1.34090,1.34290,1.34400,1.33550
2019/05/21,Tue,1.34280,1.34050,1.34370,1.33940
2019/05/20,Mon,1.34620,1.34260,1.34660,1.34140
2019/05/19,Sun,,,,
2019/05/18,Sat,,,,
2019/05/17,Fri,1.34580,1.34550,1.35150,1.34320
2019/05/16,Thu,1.34370,1.34570,1.34710,1.33980
2019/05/15,Wed,1.34620,1.34370,1.34950,1.34250
2019/05/14,Tue,1.34770,1.34590,1.34890,1.34530
2019/05/13,Mon,1.34210,1.34750,1.34860,1.34150
2019/05/12,Sun,,,,
2019/05/11,Sat,,,,
2019/05/10,Fri,1.34780,1.34120,1.34860,1.33780
2019/05/09,Thu,1.34810,1.34770,1.35060,1.34570
2019/05/08,Wed,1.34740,1.34770,1.34880,1.34420
2019/05/07,Tue,1.34480,1.34720,1.34900,1.34080
2019/05/06,Mon,1.34340,1.34460,1.34950,1.34280
2019/05/05,Sun,,,,
2019/05/04,Sat,,,,
2019/05/03,Fri,1.34760,1.34200,1.34910,1.34040
2019/05/02,Thu,1.34430,1.34720,1.34780,1.34280
2019/05/01,Wed,1.33880,1.34410,1.34630,1.33750
2019/04/30,Tue,1.34580,1.33860,1.34820,1.33790
2019/04/29,Mon,1.34570,1.34560,1.34810,1.34380
2019/04/28,Sun,,,,
2019/04/27,Sat,,,,
2019/04/26,Fri,1.34860,1.34530,1.34990,1.34490
2019/04/25,Thu,1.34950,1.34850,1.35180,1.34800
2019/04/24,Wed,1.34240,1.34890,1.35230,1.34160
2019/04/23,Tue,1.33470,1.34220,1.34450,1.33410
2019/04/22,Mon,1.33880,1.33420,1.33970,1.33330
2019/04/21,Sun,,,,
2019/04/20,Sat,,,,
2019/04/19,Fri,1.33740,1.33900,1.33970,1.33640
2019/04/18,Thu,1.33410,1.33740,1.34010,1.33340
2019/04/17,Wed,1.33470,1.33380,1.33730,1.32720
2019/04/16,Tue,1.33670,1.33490,1.34040,1.33440
2019/04/15,Mon,1.33390,1.33620,1.33910,1.32950
2019/04/14,Sun,,,,
2019/04/13,Sat,,,,
2019/04/12,Fri,1.33860,1.33200,1.33920,1.33100
2019/04/11,Thu,1.33180,1.33840,1.34000,1.33110
2019/04/10,Wed,1.33300,1.33200,1.33650,1.33040
2019/04/09,Tue,1.33120,1.33280,1.33360,1.32790
2019/04/08,Mon,1.33910,1.33130,1.33940,1.33030
2019/04/07,Sun,,,,
2019/04/06,Sat,,,,
2019/04/05,Fri,1.33560,1.33820,1.34040,1.33460
2019/04/04,Thu,1.33500,1.33580,1.33740,1.33350
2019/04/03,Wed,1.33370,1.33430,1.33560,1.32940
2019/04/02,Tue,1.33050,1.33370,1.33770,1.33030
2019/04/01,Mon,1.33540,1.33060,1.33730,1.32970
2019/03/31,Sun,,,,
2019/03/30,Sat,,,,
2019/03/29,Fri,1.34360,1.33440,1.34470,1.33390
2019/03/28,Thu,1.34090,1.34370,1.34530,1.33940
2019/03/27,Wed,1.33800,1.34090,1.34420,1.33740
2019/03/26,Tue,1.34040,1.33810,1.34230,1.33700
2019/03/25,Mon,1.34320,1.34010,1.34470,1.33970
2019/03/24,Sun,,,,
2019/03/23,Sat,,,,
2019/03/22,Fri,1.33630,1.34260,1.34340,1.33500
2019/03/21,Thu,1.33050,1.33580,1.34040,1.32720
2019/03/20,Wed,1.33170,1.33040,1.33520,1.32550
2019/03/19,Tue,1.33330,1.33190,1.33480,1.32480
2019/03/18,Mon,1.33500,1.33340,1.33710,1.33010
2019/03/17,Sun,,,,
2019/03/16,Sat,,,,
2019/03/15,Fri,1.33350,1.33340,1.33750,1.32870
2019/03/14,Thu,1.33000,1.33330,1.33520,1.32850
2019/03/13,Wed,1.33520,1.33040,1.33730,1.32880
2019/03/12,Tue,1.33910,1.33520,1.34200,1.33500
2019/03/11,Mon,1.34180,1.33890,1.34430,1.33900
2019/03/10,Sun,,,,
2019/03/09,Sat,,,,
2019/03/08,Fri,1.34520,1.34130,1.34700,1.33890
2019/03/07,Thu,1.34420,1.34530,1.34720,1.34110
2019/03/06,Wed,1.33470,1.34400,1.34590,1.33470
2019/03/05,Tue,1.33030,1.33450,1.33650,1.32990
2019/03/04,Mon,1.32930,1.33020,1.33420,1.32740
2019/03/03,Sun,,,,
2019/03/02,Sat,,,,
2019/03/01,Fri,1.31720,1.32950,1.33120,1.31280
2019/02/28,Thu,1.31560,1.31660,1.32090,1.31380
2019/02/27,Wed,1.31680,1.31540,1.31800,1.31160
2019/02/26,Tue,1.31920,1.31660,1.32390,1.31520
2019/02/25,Mon,1.31440,1.31880,1.32000,1.31120
2019/02/24,Sun,,,,
2019/02/23,Sat,,,,
2019/02/22,Fri,1.32310,1.31360,1.32450,1.31310
2019/02/21,Thu,1.31760,1.32300,1.32390,1.31600
2019/02/20,Wed,1.32110,1.31740,1.32220,1.31480
2019/02/19,Tue,1.32440,1.32060,1.32850,1.32030
2019/02/18,Mon,1.32410,1.32390,1.32500,1.32240
2019/02/17,Sun,,,,
2019/02/16,Sat,,,,
2019/02/15,Fri,1.32950,1.32430,1.33170,1.32410
2019/02/14,Thu,1.32520,1.32930,1.33440,1.32270
2019/02/13,Wed,1.32370,1.32520,1.32640,1.31940
2019/02/12,Tue,1.33030,1.32350,1.33190,1.32310
2019/02/11,Mon,1.32810,1.33040,1.33220,1.32600
2019/02/10,Sun,,,,
2019/02/09,Sat,,,,
2019/02/08,Fri,1.33050,1.32760,1.33300,1.32300
2019/02/07,Thu,1.32130,1.33060,1.33220,1.32030
2019/02/06,Wed,1.31230,1.32120,1.32200,1.31220
2019/02/05,Tue,1.31100,1.31240,1.31560,1.31000
2019/02/04,Mon,1.31120,1.31100,1.31480,1.30850
2019/02/03,Sun,,,,
2019/02/02,Sat,,,,
2019/02/01,Fri,1.31230,1.30980,1.31610,1.30660
2019/01/31,Thu,1.31500,1.31220,1.31670,1.31180
2019/01/30,Wed,1.32700,1.31470,1.32850,1.31160
2019/01/29,Tue,1.32640,1.32650,1.32890,1.32400
2019/01/28,Mon,1.32180,1.32620,1.32870,1.32010
2019/01/27,Sun,,,,
2019/01/26,Sat,,,,
2019/01/25,Fri,1.33490,1.32170,1.33640,1.32120
2019/01/24,Thu,1.33410,1.33470,1.33770,1.33280
2019/01/23,Wed,1.33550,1.33380,1.33710,1.33030
2019/01/22,Tue,1.32930,1.33520,1.33600,1.32910
2019/01/21,Mon,1.32490,1.32900,1.33200,1.32490
2019/01/20,Sun,,,,
2019/01/19,Sat,,,,
2019/01/18,Fri,1.32780,1.32570,1.32860,1.32300
2019/01/17,Thu,1.32540,1.32750,1.33210,1.32450
2019/01/16,Wed,1.32640,1.32530,1.32860,1.32330
2019/01/15,Tue,1.32820,1.32630,1.32960,1.32240
2019/01/14,Mon,1.32620,1.32840,1.32990,1.32500
2019/01/13,Sun,,,,
2019/01/12,Sat,,,,
2019/01/11,Fri,1.32360,1.32640,1.32800,1.31810
2019/01/10,Thu,1.32090,1.32340,1.32610,1.31990
2019/01/09,Wed,1.32750,1.32070,1.32820,1.31780
2019/01/08,Tue,1.32980,1.32720,1.33230,1.32650
2019/01/07,Mon,1.33760,1.32960,1.33910,1.32760
2019/01/06,Sun,,,,
2019/01/05,Sat,,,,
2019/01/04,Fri,1.34880,1.33720,1.34980,1.33710
2019/01/03,Thu,1.35770,1.34870,1.36560,1.34670
2019/01/02,Wed,1.36360,1.35770,1.36640,1.35660
2019/01/01,Tue,1.36360,1.36370,1.36470,1.36340
2018/12/31,Mon,1.36310,1.36370,1.36660,1.36070
2018/12/30,Sun,,,,
2018/12/29,Sat,,,,
2018/12/28,Fri,1.36190,1.36370,1.36620,1.35900
2018/12/27,Thu,1.35740,1.36160,1.36620,1.35640
2018/12/26,Wed,1.35920,1.35700,1.36190,1.35660
2018/12/25,Tue,1.36010,1.35880,1.36220,1.35740
2018/12/24,Mon,1.35990,1.36040,1.36180,1.35640
2018/12/23,Sun,,,,
2018/12/22,Sat,,,,
2018/12/21,Fri,1.35100,1.35980,1.36040,1.34900
2018/12/20,Thu,1.34850,1.35070,1.35320,1.34440
2018/12/19,Wed,1.34630,1.34830,1.35080,1.34130
2018/12/18,Tue,1.34060,1.34630,1.34980,1.33880
2018/12/17,Mon,1.33810,1.34030,1.34220,1.33710
2018/12/16,Sun,,,,
2018/12/15,Sat,,,,
2018/12/14,Fri,1.33540,1.33820,1.34030,1.33450
2018/12/13,Thu,1.33500,1.33500,1.33850,1.33360
2018/12/12,Wed,1.33900,1.33490,1.34010,1.33200
2018/12/11,Tue,1.33950,1.33880,1.34260,1.33760
2018/12/10,Mon,1.33220,1.33930,1.34180,1.32900
2018/12/09,Sun,,,,
2018/12/08,Sat,,,,
2018/12/07,Fri,1.33850,1.33190,1.34020,1.32510
2018/12/06,Thu,1.33530,1.33780,1.34460,1.33520
2018/12/05,Wed,1.32610,1.33520,1.34010,1.32500
2018/12/04,Tue,1.31970,1.32590,1.32680,1.31620
2018/12/03,Mon,1.32580,1.31950,1.32690,1.31590
2018/12/02,Sun,,,,
2018/12/01,Sat,,,,
2018/11/30,Fri,1.32820,1.32930,1.33350,1.32700
2018/11/29,Thu,1.32760,1.32810,1.33140,1.32510
2018/11/28,Wed,1.32960,1.32750,1.33610,1.32400
2018/11/27,Tue,1.32560,1.32930,1.33300,1.32330
2018/11/26,Mon,1.32320,1.32500,1.32630,1.31860
2018/11/25,Sun,,,,
2018/11/24,Sat,,,,
2018/11/23,Fri,1.31870,1.32340,1.32600,1.31820
2018/11/22,Thu,1.32310,1.31880,1.32470,1.31800
2018/11/21,Wed,1.33040,1.32290,1.33190,1.32240
2018/11/20,Tue,1.31710,1.33040,1.33200,1.31530
2018/11/19,Mon,1.31460,1.31700,1.32030,1.31410
2018/11/18,Sun,,,,
2018/11/17,Sat,,,,
2018/11/16,Fri,1.31820,1.31430,1.31880,1.31250
2018/11/15,Thu,1.32430,1.31750,1.32510,1.31540
2018/11/14,Wed,1.32400,1.32370,1.32650,1.32050
2018/11/13,Tue,1.32460,1.32340,1.32650,1.32130
2018/11/12,Mon,1.31960,1.32450,1.32510,1.31800
2018/11/11,Sun,,,,
2018/11/10,Sat,,,,
2018/11/09,Fri,1.31540,1.32090,1.32340,1.31380
2018/11/08,Thu,1.31100,1.31500,1.31850,1.30850
2018/11/07,Wed,1.31230,1.31100,1.31600,1.30540
2018/11/06,Tue,1.31100,1.31220,1.31460,1.31010
2018/11/05,Mon,1.31050,1.31080,1.31170,1.30690
2018/11/04,Sun,,,,
2018/11/03,Sat,,,,
2018/11/02,Fri,1.30840,1.31070,1.31200,1.30460
2018/11/01,Thu,1.31560,1.30860,1.31710,1.30660
2018/10/31,Wed,1.31070,1.31520,1.31720,1.31040
2018/10/30,Tue,1.31330,1.31050,1.31490,1.30980
2018/10/29,Mon,1.31080,1.31330,1.31510,1.30800
2018/10/28,Sun,,,,
2018/10/27,Sat,,,,
2018/10/26,Fri,1.30720,1.31050,1.31610,1.30660
2018/10/25,Thu,1.30570,1.30690,1.31000,1.30130
2018/10/24,Wed,1.30850,1.30520,1.31020,1.29670
2018/10/23,Tue,1.31010,1.30840,1.31230,1.30730
2018/10/22,Mon,1.30970,1.30990,1.31280,1.30770
2018/10/21,Sun,,,,
2018/10/20,Sat,,,,
2018/10/19,Fri,1.30830,1.30970,1.31330,1.30250
2018/10/18,Thu,1.30180,1.30850,1.30890,1.30170
2018/10/17,Wed,1.29340,1.30160,1.30280,1.29300
2018/10/16,Tue,1.29910,1.29320,1.30010,1.29140
2018/10/15,Mon,1.30220,1.29900,1.30530,1.29520
2018/10/14,Sun,,,,
2018/10/13,Sat,,,,
2018/10/12,Fri,1.30320,1.30210,1.30530,1.30000
2018/10/11,Thu,1.30680,1.30270,1.30730,1.30120
2018/10/10,Wed,1.29460,1.30660,1.30710,1.29240
2018/10/09,Tue,1.29650,1.29450,1.30050,1.29340
2018/10/08,Mon,1.29440,1.29630,1.30120,1.29360
2018/10/07,Sun,,,,
2018/10/06,Sat,,,,
2018/10/05,Fri,1.29230,1.29350,1.29560,1.28930
2018/10/04,Thu,1.28690,1.29230,1.29390,1.28550
2018/10/03,Wed,1.28230,1.28670,1.28850,1.28050
2018/10/02,Tue,1.28130,1.28210,1.28410,1.27970
2018/10/01,Mon,1.29020,1.28100,1.29020,1.27800
2018/09/30,Sun,,,,
2018/09/29,Sat,,,,
2018/09/28,Fri,1.30420,1.29040,1.30520,1.29030
2018/09/27,Thu,1.30200,1.30400,1.30830,1.30130
2018/09/26,Wed,1.29530,1.30170,1.30260,1.29420
2018/09/25,Tue,1.29560,1.29510,1.29740,1.29340
2018/09/24,Mon,1.29150,1.29550,1.29580,1.29070
2018/09/23,Sun,,,,
2018/09/22,Sat,,,,
2018/09/21,Fri,1.29030,1.29130,1.29450,1.28840
2018/09/20,Thu,1.29170,1.29010,1.29350,1.28830
2018/09/19,Wed,1.29740,1.29120,1.30030,1.28980
2018/09/18,Tue,1.30430,1.29720,1.30660,1.29690
2018/09/17,Mon,1.30370,1.30420,1.30500,1.30000
2018/09/16,Sun,,,,
2018/09/15,Sat,,,,
2018/09/14,Fri,1.29970,1.30310,1.30560,1.29810
2018/09/13,Thu,1.29970,1.29960,1.30270,1.29730
2018/09/12,Wed,1.30670,1.29950,1.30800,1.29780
2018/09/11,Tue,1.31640,1.30650,1.31760,1.30400
2018/09/10,Mon,1.31730,1.31620,1.32000,1.31490
2018/09/09,Sun,,,,
2018/09/08,Sat,,,,
2018/09/07,Fri,1.31420,1.31540,1.31920,1.31080
2018/09/06,Thu,1.31750,1.31380,1.32280,1.31260
2018/09/05,Wed,1.31880,1.31730,1.32080,1.31570
2018/09/04,Tue,1.30920,1.31860,1.32090,1.30870
2018/09/03,Mon,1.30390,1.30900,1.31040,1.30390
2018/09/02,Sun,,,,
2018/09/01,Sat,,,,
2018/08/31,Fri,1.29830,1.30370,1.30900,1.29710
2018/08/30,Thu,1.29060,1.29790,1.30010,1.29010
2018/08/29,Wed,1.29310,1.29020,1.29630,1.29000
2018/08/28,Tue,1.29690,1.29280,1.29840,1.28850
2018/08/27,Mon,1.30280,1.29630,1.30690,1.29520
2018/08/26,Sun,,,,
2018/08/25,Sat,,,,
2018/08/24,Fri,1.30810,1.30270,1.31050,1.30090
2018/08/23,Thu,1.30000,1.30790,1.31000,1.29900
2018/08/22,Wed,1.30340,1.29950,1.30480,1.29840
2018/08/21,Tue,1.30470,1.30340,1.30590,1.30110
2018/08/20,Mon,1.30610,1.30450,1.30950,1.30380
2018/08/19,Sun,,,,
2018/08/18,Sat,,,,
2018/08/17,Fri,1.31550,1.30580,1.31710,1.30490
2018/08/16,Thu,1.31400,1.31510,1.31760,1.31110
2018/08/15,Wed,1.30560,1.31400,1.31760,1.30470
2018/08/14,Tue,1.31340,1.30540,1.31380,1.30540
2018/08/13,Mon,1.31480,1.31310,1.31770,1.31010
2018/08/12,Sun,,,,
2018/08/11,Sat,,,,
2018/08/10,Fri,1.30510,1.31430,1.31550,1.30410
2018/08/09,Thu,1.30210,1.30480,1.30650,1.29980
2018/08/08,Wed,1.30530,1.30210,1.31220,1.30040
2018/08/07,Tue,1.30040,1.30500,1.30770,1.29600
2018/08/06,Mon,1.29910,1.30020,1.30410,1.29860
2018/08/05,Sun,,,,
2018/08/04,Sat,,,,
2018/08/03,Fri,1.30240,1.29880,1.30400,1.29660
2018/08/02,Thu,1.30030,1.30210,1.30410,1.29900
2018/08/01,Wed,1.30050,1.30030,1.30340,1.29730
2018/07/31,Tue,1.30350,1.30050,1.30980,1.29830
2018/07/30,Mon,1.30540,1.30330,1.30810,1.29920
2018/07/29,Sun,,,,
2018/07/28,Sat,,,,
2018/07/27,Fri,1.30720,1.30510,1.30810,1.30400
2018/07/26,Thu,1.30430,1.30710,1.30950,1.30220
2018/07/25,Wed,1.31540,1.30440,1.31670,1.30220
2018/07/24,Tue,1.31720,1.31520,1.31920,1.31340
2018/07/23,Mon,1.31390,1.31700,1.31810,1.31140
2018/07/22,Sun,,,,
2018/07/21,Sat,,,,
2018/07/20,Fri,1.32740,1.31470,1.32910,1.31120
2018/07/19,Thu,1.31680,1.32680,1.32910,1.31580
2018/07/18,Wed,1.31900,1.31690,1.32610,1.31600
2018/07/17,Tue,1.31390,1.31880,1.32210,1.31080
2018/07/16,Mon,1.31620,1.31330,1.31640,1.31070
2018/07/15,Sun,,,,
2018/07/14,Sat,,,,
2018/07/13,Fri,1.31550,1.31590,1.32110,1.31480
2018/07/12,Thu,1.32060,1.31510,1.32200,1.31470
2018/07/11,Wed,1.31120,1.32040,1.32160,1.30630
2018/07/10,Tue,1.31050,1.31090,1.31480,1.30980
2018/07/09,Mon,1.30930,1.31070,1.31240,1.30640
2018/07/08,Sun,,,,
2018/07/07,Sat,,,,
2018/07/06,Fri,1.31350,1.30800,1.31520,1.30740
2018/07/05,Thu,1.31440,1.31310,1.31620,1.31130
2018/07/04,Wed,1.31360,1.31390,1.31630,1.31080
2018/07/03,Tue,1.31860,1.31370,1.32090,1.31290
2018/07/02,Mon,1.31420,1.31840,1.32260,1.31390
2018/07/01,Sun,,,,
2018/06/30,Sat,,,,
2018/06/29,Fri,1.32490,1.31300,1.32710,1.31280
2018/06/28,Thu,1.33420,1.32440,1.33530,1.32390
2018/06/27,Wed,1.33060,1.33370,1.33870,1.32750
2018/06/26,Tue,1.32970,1.33070,1.33310,1.32780
2018/06/25,Mon,1.32770,1.32920,1.33260,1.32660
2018/06/24,Sun,,,,
2018/06/23,Sat,,,,
2018/06/22,Fri,1.33140,1.32690,1.33830,1.32580
2018/06/21,Thu,1.33100,1.33120,1.33370,1.32830
2018/06/20,Wed,1.32860,1.33100,1.33230,1.32660
2018/06/19,Tue,1.32010,1.32820,1.32930,1.31940
2018/06/18,Mon,1.31960,1.31980,1.32390,1.31590
2018/06/17,Sun,,,,
2018/06/16,Sat,,,,
2018/06/15,Fri,1.31020,1.31990,1.32100,1.30970
2018/06/14,Thu,1.29840,1.31010,1.31110,1.29480
2018/06/13,Wed,1.30160,1.29840,1.30530,1.29530
2018/06/12,Tue,1.29780,1.30130,1.30310,1.29760
2018/06/11,Mon,1.29730,1.29760,1.30290,1.29530
2018/06/10,Sun,,,,
2018/06/09,Sat,,,,
2018/06/08,Fri,1.29730,1.29240,1.30420,1.29190
2018/06/07,Thu,1.29450,1.29700,1.30030,1.29330
2018/06/06,Wed,1.29690,1.29420,1.29770,1.28570
2018/06/05,Tue,1.29290,1.29680,1.30680,1.29120
2018/06/04,Mon,1.29510,1.29270,1.29650,1.28980
2018/06/03,Sun,,,,
2018/06/02,Sat,,,,
2018/06/01,Fri,1.29570,1.29470,1.30090,1.29290
2018/05/31,Thu,1.28730,1.29560,1.29920,1.28160
2018/05/30,Wed,1.30160,1.28730,1.30420,1.28340
2018/05/29,Tue,1.29940,1.30160,1.30490,1.29680
2018/05/28,Mon,1.29720,1.29890,1.30230,1.29600
2018/05/27,Sun,,,,
2018/05/26,Sat,,,,
2018/05/25,Fri,1.28820,1.29700,1.29890,1.28740
2018/05/24,Thu,1.28310,1.28820,1.29220,1.28260
2018/05/23,Wed,1.28190,1.28290,1.29170,1.28090
2018/05/22,Tue,1.27870,1.28170,1.28240,1.27400
2018/05/21,Mon,1.28810,1.27850,1.28910,1.27800
2018/05/20,Sun,,,,
2018/05/19,Sat,,,,
2018/05/18,Fri,1.28090,1.28800,1.29120,1.27880
2018/05/17,Thu,1.27900,1.28040,1.28240,1.27470
2018/05/16,Wed,1.28770,1.27840,1.28790,1.27750
2018/05/15,Tue,1.28120,1.28720,1.29250,1.27900
2018/05/14,Mon,1.27910,1.28110,1.28150,1.27480
2018/05/13,Sun,,,,
2018/05/12,Sat,,,,
2018/05/11,Fri,1.27670,1.27910,1.28030,1.27270
2018/05/10,Thu,1.28540,1.27650,1.28620,1.27410
2018/05/09,Wed,1.29500,1.28530,1.29760,1.28230
2018/05/08,Tue,1.28810,1.29480,1.29990,1.28730
2018/05/07,Mon,1.28450,1.28790,1.29020,1.28390
2018/05/06,Sun,,,,
2018/05/05,Sat,,,,
2018/05/04,Fri,1.28460,1.28440,1.29190,1.28340
2018/05/03,Thu,1.28840,1.28440,1.29100,1.28140
2018/05/02,Wed,1.28470,1.28820,1.28890,1.28010
2018/05/01,Tue,1.28430,1.28460,1.29160,1.28180
2018/04/30,Mon,1.28360,1.28380,1.28760,1.28030
2018/04/29,Sun,,,,
2018/04/28,Sat,,,,
2018/04/27,Fri,1.28660,1.28260,1.29020,1.28240
2018/04/26,Thu,1.28460,1.28650,1.28870,1.28190
2018/04/25,Wed,1.28330,1.28410,1.28990,1.28180
2018/04/24,Tue,1.28470,1.28330,1.28630,1.28100
2018/04/23,Mon,1.27560,1.28470,1.28600,1.27480
2018/04/22,Sun,,,,
2018/04/21,Sat,,,,
2018/04/20,Fri,1.26710,1.27570,1.27700,1.26310
2018/04/19,Thu,1.26300,1.26690,1.26780,1.25830
2018/04/18,Wed,1.25480,1.26260,1.26610,1.25460
2018/04/17,Tue,1.25680,1.25450,1.25810,1.25250
2018/04/16,Mon,1.26050,1.25630,1.26250,1.25610
2018/04/15,Sun,,,,
2018/04/14,Sat,,,,
2018/04/13,Fri,1.25880,1.26100,1.26190,1.25500
2018/04/12,Thu,1.25820,1.25820,1.26240,1.25590
2018/04/11,Wed,1.25990,1.25780,1.26250,1.25430
2018/04/10,Tue,1.26980,1.26010,1.27110,1.25860
2018/04/09,Mon,1.27720,1.26960,1.28210,1.26880
2018/04/08,Sun,,,,
2018/04/07,Sat,,,,
2018/04/06,Fri,1.27470,1.27820,1.27970,1.27310
2018/04/05,Thu,1.27700,1.27470,1.28070,1.27420
2018/04/04,Wed,1.28070,1.27680,1.28490,1.27560
2018/04/03,Tue,1.29130,1.28050,1.29250,1.27790
2018/04/02,Mon,1.29020,1.29100,1.29440,1.28600
2018/04/01,Sun,,,,
2018/03/31,Sat,,,,
2018/03/30,Fri,1.28810,1.28910,1.29030,1.28600
2018/03/29,Thu,1.29200,1.28820,1.29370,1.28610
2018/03/28,Wed,1.28840,1.29210,1.29350,1.28610
2018/03/27,Tue,1.28450,1.28810,1.29040,1.28130
2018/03/26,Mon,1.28930,1.28390,1.29240,1.28380
2018/03/25,Sun,,,,
2018/03/24,Sat,,,,
2018/03/23,Fri,1.29400,1.28910,1.29430,1.28210
2018/03/22,Thu,1.29030,1.29380,1.29500,1.28280
2018/03/21,Wed,1.30690,1.29010,1.30810,1.28870
2018/03/20,Tue,1.30790,1.30710,1.31040,1.30510
2018/03/19,Mon,1.31000,1.30750,1.31260,1.30460
2018/03/18,Sun,,,,
2018/03/17,Sat,,,,
2018/03/16,Fri,1.30530,1.30950,1.31000,1.30430
2018/03/15,Thu,1.29540,1.30520,1.30690,1.29420
2018/03/14,Wed,1.29670,1.29530,1.29780,1.29190
2018/03/13,Tue,1.28420,1.29630,1.29860,1.28280
2018/03/12,Mon,1.28260,1.28370,1.28470,1.28030
2018/03/11,Sun,,,,
2018/03/10,Sat,,,,
2018/03/09,Fri,1.28960,1.28100,1.29100,1.28070
2018/03/08,Thu,1.29090,1.28940,1.29620,1.28640
2018/03/07,Wed,1.28760,1.29100,1.30030,1.28730
2018/03/06,Tue,1.29640,1.28750,1.29960,1.28620
2018/03/05,Mon,1.28750,1.29630,1.30020,1.28700
2018/03/04,Sun,,,,
2018/03/03,Sat,,,,
2018/03/02,Fri,1.28380,1.28780,1.29180,1.28170
2018/03/01,Thu,1.28310,1.28360,1.28970,1.28070
2018/02/28,Wed,1.27760,1.28300,1.28430,1.27590
2018/02/27,Tue,1.26810,1.27740,1.27790,1.26660
2018/02/26,Mon,1.26450,1.26790,1.27130,1.26140
2018/02/25,Sun,,,,
2018/02/24,Sat,,,,
2018/02/23,Fri,1.27060,1.26280,1.27270,1.26260
2018/02/22,Thu,1.27020,1.27030,1.27590,1.26700
2018/02/21,Wed,1.26470,1.27010,1.27050,1.26240
2018/02/20,Tue,1.25610,1.26440,1.26510,1.25550
2018/02/19,Mon,1.25500,1.25580,1.25940,1.25270
2018/02/18,Sun,,,,
2018/02/17,Sat,,,,
2018/02/16,Fri,1.24810,1.25550,1.25690,1.24480
2018/02/15,Thu,1.24920,1.24760,1.25390,1.24620
2018/02/14,Wed,1.25910,1.24880,1.26500,1.24880
2018/02/13,Tue,1.25770,1.25910,1.26260,1.25640
2018/02/12,Mon,1.25860,1.25730,1.26240,1.25550
2018/02/11,Sun,,,,
2018/02/10,Sat,,,,
2018/02/09,Fri,1.26030,1.25760,1.26850,1.25580
2018/02/08,Thu,1.25660,1.26020,1.26150,1.25440
2018/02/07,Wed,1.24920,1.25670,1.25790,1.24880
2018/02/06,Tue,1.25390,1.24910,1.25670,1.24890
2018/02/05,Mon,1.24330,1.25370,1.25450,1.23970
2018/02/04,Sun,,,,
2018/02/03,Sat,,,,
2018/02/02,Fri,1.22660,1.24240,1.24380,1.22540
2018/02/01,Thu,1.23150,1.22660,1.23330,1.22550
2018/01/31,Wed,1.23340,1.23130,1.23500,1.22480
2018/01/30,Tue,1.23410,1.23320,1.23800,1.23070
2018/01/29,Mon,1.23170,1.23360,1.23610,1.23040
2018/01/28,Sun,,,,
2018/01/27,Sat,,,,
2018/01/26,Fri,1.23780,1.23090,1.23930,1.22910
2018/01/25,Thu,1.23490,1.23790,1.23930,1.22800
2018/01/24,Wed,1.24210,1.23470,1.24300,1.23140
2018/01/23,Tue,1.24430,1.24140,1.24930,1.24160
2018/01/22,Mon,1.24870,1.24430,1.25190,1.24320
2018/01/21,Sun,,,,
2018/01/20,Sat,,,,
2018/01/19,Fri,1.24160,1.24870,1.25090,1.23970
2018/01/18,Thu,1.24370,1.24160,1.24880,1.24130
2018/01/17,Wed,1.24360,1.24340,1.25400,1.23700
2018/01/16,Tue,1.24300,1.24330,1.24540,1.23940
2018/01/15,Mon,1.24650,1.24280,1.24720,1.24000
2018/01/14,Sun,,,,
2018/01/13,Sat,,,,
2018/01/12,Fri,1.25180,1.24550,1.25580,1.24540
2018/01/11,Thu,1.25440,1.25170,1.25910,1.25130
2018/01/10,Wed,1.24640,1.25450,1.25850,1.24250
2018/01/09,Tue,1.24220,1.24620,1.24790,1.23950
2018/01/08,Mon,1.24150,1.24190,1.24510,1.23770
2018/01/07,Sun,,,,
2018/01/06,Sat,,,,
2018/01/05,Fri,1.24860,1.24070,1.25150,1.23530
2018/01/04,Thu,1.25340,1.24850,1.25570,1.24820
2018/01/03,Wed,1.25120,1.25310,1.25550,1.24980
2018/01/02,Tue,1.25420,1.25100,1.25600,1.24980
2018/01/01,Mon,1.25790,1.25420,1.25820,1.25430
2017/12/31,Sun,,,,
2017/12/30,Sat,,,,
2017/12/29,Fri,1.25690,1.25770,1.25860,1.25130
2017/12/28,Thu,1.26550,1.25670,1.26640,1.25640
2017/12/27,Wed,1.26870,1.26530,1.26970,1.26250
2017/12/26,Tue,1.27290,1.26880,1.27360,1.26840
2017/12/25,Mon,1.27240,1.27270,1.27420,1.27140
2017/12/24,Sun,,,,
2017/12/23,Sat,,,,
2017/12/22,Fri,1.27410,1.27310,1.27970,1.26950
2017/12/21,Thu,1.28350,1.27380,1.28410,1.26980
2017/12/20,Wed,1.28750,1.28340,1.28820,1.28160
2017/12/19,Tue,1.28600,1.28760,1.29210,1.28480
2017/12/18,Mon,1.28750,1.28600,1.28830,1.28420
2017/12/17,Sun,,,,
2017/12/16,Sat,,,,
2017/12/15,Fri,1.27990,1.28600,1.28920,1.27370
2017/12/14,Thu,1.28190,1.27940,1.28670,1.27110
2017/12/13,Wed,1.28650,1.28130,1.28830,1.27910
2017/12/12,Tue,1.28580,1.28600,1.28930,1.28110
2017/12/11,Mon,1.28550,1.28540,1.28700,1.28300
2017/12/10,Sun,,,,
2017/12/09,Sat,,,,
2017/12/08,Fri,1.28510,1.28430,1.28810,1.28030
2017/12/07,Thu,1.27900,1.28490,1.28700,1.27830
2017/12/06,Wed,1.26880,1.27880,1.28090,1.26500
2017/12/05,Tue,1.26700,1.26860,1.27060,1.26220
2017/12/04,Mon,1.26870,1.26680,1.27270,1.26540
2017/12/03,Sun,,,,
2017/12/02,Sat,,,,
2017/12/01,Fri,1.28970,1.26810,1.29040,1.26810
2017/11/30,Thu,1.28650,1.28940,1.29110,1.28480
2017/11/29,Wed,1.28110,1.28630,1.28750,1.28020
2017/11/28,Tue,1.27690,1.28150,1.28260,1.27520
2017/11/27,Mon,1.27120,1.27670,1.27730,1.26780
2017/11/26,Sun,,,,
2017/11/25,Sat,,,,
2017/11/24,Fri,1.27120,1.27130,1.27490,1.26910
2017/11/23,Thu,1.26960,1.27110,1.27280,1.26700
2017/11/22,Wed,1.27780,1.26910,1.27890,1.26920
2017/11/21,Tue,1.28200,1.27760,1.28380,1.27470
2017/11/20,Mon,1.27670,1.28180,1.28220,1.27530
2017/11/19,Sun,,,,
2017/11/18,Sat,,,,
2017/11/17,Fri,1.27570,1.27610,1.28250,1.27110
2017/11/16,Thu,1.27630,1.27550,1.27860,1.27260
2017/11/15,Wed,1.27310,1.27610,1.27910,1.27110
2017/11/14,Tue,1.27330,1.27290,1.27740,1.26980
2017/11/13,Mon,1.26840,1.27310,1.27430,1.26770
2017/11/12,Sun,,,,
2017/11/11,Sat,,,,
2017/11/10,Fri,1.26800,1.26800,1.26970,1.26640
2017/11/09,Thu,1.27270,1.26810,1.27420,1.26650
2017/11/08,Wed,1.27730,1.27240,1.27820,1.27130
2017/11/07,Tue,1.27040,1.27720,1.28210,1.27010
2017/11/06,Mon,1.27650,1.27020,1.27840,1.27010
2017/11/05,Sun,,,,
2017/11/04,Sat,,,,
2017/11/03,Fri,1.28080,1.27610,1.28380,1.27130
2017/11/02,Thu,1.28660,1.28060,1.28780,1.27980
2017/11/01,Wed,1.28890,1.28650,1.29120,1.28520
2017/10/31,Tue,1.28330,1.28840,1.29160,1.28200
2017/10/30,Mon,1.28180,1.28280,1.28620,1.28110
2017/10/29,Sun,,,,
2017/10/28,Sat,,,,
2017/10/27,Fri,1.28450,1.28050,1.29180,1.28040
2017/10/26,Thu,1.27920,1.28450,1.28590,1.27790
2017/10/25,Wed,1.26750,1.27940,1.28180,1.26560
2017/10/24,Tue,1.26530,1.26730,1.26940,1.26190
2017/10/23,Mon,1.26240,1.26500,1.26620,1.26110
2017/10/22,Sun,,,,
2017/10/21,Sat,,,,
2017/10/20,Fri,1.24860,1.26240,1.26310,1.24740
2017/10/19,Thu,1.24650,1.24840,1.24960,1.24480
2017/10/18,Wed,1.25220,1.24650,1.25350,1.24550
2017/10/17,Tue,1.25150,1.25180,1.25920,1.25110
2017/10/16,Mon,1.24780,1.25160,1.25580,1.24690
2017/10/15,Sun,,,,
2017/10/14,Sat,,,,
2017/10/13,Fri,1.24740,1.24660,1.25210,1.24500
2017/10/12,Thu,1.24570,1.24720,1.24920,1.24310
2017/10/11,Wed,1.25150,1.24580,1.25320,1.24500
2017/10/10,Tue,1.25500,1.25130,1.25580,1.24810
2017/10/09,Mon,1.25330,1.25470,1.25600,1.25250
2017/10/08,Sun,,,,
2017/10/07,Sat,,,,
2017/10/06,Fri,1.25650,1.25340,1.25990,1.25230
2017/10/05,Thu,1.24750,1.25630,1.25860,1.24600
2017/10/04,Wed,1.24890,1.24710,1.24990,1.24460
2017/10/03,Tue,1.25090,1.24860,1.25400,1.24780
2017/10/02,Mon,1.24750,1.25070,1.25260,1.24670
2017/10/01,Sun,,,,
2017/09/30,Sat,,,,
2017/09/29,Fri,1.24290,1.24670,1.25290,1.24140
2017/09/28,Thu,1.24770,1.24240,1.25210,1.24140
2017/09/27,Wed,1.23490,1.24720,1.24840,1.23330
2017/09/26,Tue,1.23710,1.23450,1.24150,1.23280
2017/09/25,Mon,1.23350,1.23690,1.23860,1.23110
2017/09/24,Sun,,,,
2017/09/23,Sat,,,,
2017/09/22,Fri,1.23280,1.23360,1.23530,1.22530
2017/09/21,Thu,1.23260,1.23250,1.23690,1.23180
2017/09/20,Wed,1.22920,1.23190,1.23920,1.22000
2017/09/19,Tue,1.22910,1.22880,1.23100,1.22520
2017/09/18,Mon,1.21950,1.22880,1.23390,1.21710
2017/09/17,Sun,,,,
2017/09/16,Sat,,,,
2017/09/15,Fri,1.21640,1.21920,1.22200,1.21180
2017/09/14,Thu,1.21710,1.21620,1.22410,1.21540
2017/09/13,Wed,1.21870,1.21710,1.22210,1.21290
2017/09/12,Tue,1.21090,1.21820,1.21910,1.20800
2017/09/11,Mon,1.21590,1.21080,1.21710,1.20960
2017/09/10,Sun,,,,
2017/09/09,Sat,,,,
2017/09/08,Fri,1.21130,1.21520,1.21670,1.20590
2017/09/07,Thu,1.22270,1.21110,1.22420,1.21080
2017/09/06,Wed,1.23730,1.22230,1.24170,1.21360
2017/09/05,Tue,1.24180,1.23700,1.24180,1.23340
2017/09/04,Mon,1.24010,1.24150,1.24300,1.23750
2017/09/03,Sun,,,,
2017/09/02,Sat,,,,
2017/09/01,Fri,1.24790,1.23940,1.24940,1.23390
2017/08/31,Thu,1.26210,1.24800,1.26640,1.24740
2017/08/30,Wed,1.25130,1.26190,1.26380,1.24980
2017/08/29,Tue,1.25060,1.25110,1.25520,1.24400
2017/08/28,Mon,1.24750,1.25060,1.25120,1.24410
2017/08/27,Sun,,,,
2017/08/26,Sat,,,,
2017/08/25,Fri,1.25190,1.24790,1.25410,1.24630
2017/08/24,Thu,1.25550,1.25160,1.25630,1.25120
2017/08/23,Wed,1.25630,1.25550,1.25990,1.25390
2017/08/22,Tue,1.25560,1.25580,1.25960,1.25240
2017/08/21,Mon,1.25680,1.25570,1.26090,1.25520
2017/08/20,Sun,,,,
2017/08/19,Sat,,,,
2017/08/18,Fri,1.26820,1.25840,1.26930,1.25550
2017/08/17,Thu,1.26190,1.26770,1.26850,1.25860
2017/08/16,Wed,1.27540,1.26140,1.27710,1.26110
2017/08/15,Tue,1.27220,1.27540,1.27800,1.27160
2017/08/14,Mon,1.26720,1.27180,1.27320,1.26700
2017/08/13,Sun,,,,
2017/08/12,Sat,,,,
2017/08/11,Fri,1.27440,1.26810,1.27540,1.26500
2017/08/10,Thu,1.27000,1.27410,1.27470,1.26700
2017/08/09,Wed,1.26660,1.26980,1.27230,1.26630
2017/08/08,Tue,1.26810,1.26650,1.27060,1.26490
2017/08/07,Mon,1.26490,1.26790,1.27160,1.26280
2017/08/06,Sun,,,,
2017/08/05,Sat,,,,
2017/08/04,Fri,1.25840,1.26500,1.26690,1.25550
2017/08/03,Thu,1.25700,1.25840,1.26200,1.25520
2017/08/02,Wed,1.25380,1.25650,1.25930,1.25320
2017/08/01,Tue,1.24790,1.25340,1.25550,1.24500
2017/07/31,Mon,1.24400,1.24770,1.25300,1.24310
2017/07/30,Sun,,,,
2017/07/29,Sat,,,,
2017/07/28,Fri,1.25550,1.24320,1.25690,1.24180
2017/07/27,Thu,1.24450,1.25510,1.25760,1.24140
2017/07/26,Wed,1.25100,1.24430,1.25440,1.24140
2017/07/25,Tue,1.25100,1.25070,1.25340,1.24800
2017/07/24,Mon,1.25390,1.25070,1.25540,1.24830
2017/07/23,Sun,,,,
2017/07/22,Sat,,,,
2017/07/21,Fri,1.25910,1.25370,1.26110,1.25210
2017/07/20,Thu,1.26060,1.25880,1.26410,1.25420
2017/07/19,Wed,1.26270,1.26040,1.26540,1.25780
2017/07/18,Tue,1.26980,1.26260,1.27030,1.25800
2017/07/17,Mon,1.26450,1.26950,1.27000,1.26260
2017/07/16,Sun,,,,
2017/07/15,Sat,,,,
2017/07/14,Fri,1.27210,1.26400,1.27490,1.26410
2017/07/13,Thu,1.27500,1.27200,1.27720,1.27190
2017/07/12,Wed,1.29150,1.27470,1.29420,1.26840
2017/07/11,Tue,1.28910,1.29120,1.29450,1.28840
2017/07/10,Mon,1.28790,1.28880,1.29350,1.28700
2017/07/09,Sun,,,,
2017/07/08,Sat,,,,
2017/07/07,Fri,1.29780,1.28740,1.29950,1.28590
2017/07/06,Thu,1.29570,1.29760,1.29850,1.29230
2017/07/05,Wed,1.29360,1.29550,1.30160,1.29280
2017/07/04,Tue,1.30070,1.29350,1.30170,1.29120
2017/07/03,Mon,1.29660,1.30050,1.30130,1.29630
2017/07/02,Sun,,,,
2017/07/01,Sat,,,,
2017/06/30,Fri,1.30050,1.29620,1.30140,1.29460
2017/06/29,Thu,1.30390,1.30030,1.30450,1.29850
2017/06/28,Wed,1.31960,1.30370,1.31990,1.30130
2017/06/27,Tue,1.32450,1.31970,1.32630,1.31460
2017/06/26,Mon,1.32670,1.32410,1.32740,1.32110
2017/06/25,Sun,,,,
2017/06/24,Sat,,,,
2017/06/23,Fri,1.32340,1.32650,1.33090,1.32090
2017/06/22,Thu,1.33340,1.32320,1.33390,1.32070
2017/06/21,Wed,1.32680,1.33320,1.33490,1.32630
2017/06/20,Tue,1.32180,1.32640,1.32870,1.32030
2017/06/19,Mon,1.32170,1.32160,1.32580,1.31900
2017/06/18,Sun,,,,
2017/06/17,Sat,,,,
2017/06/16,Fri,1.32690,1.32100,1.32750,1.32090
2017/06/15,Thu,1.32450,1.32680,1.33100,1.32240
2017/06/14,Wed,1.32410,1.32450,1.32730,1.31650
2017/06/13,Tue,1.33260,1.32400,1.33270,1.32110
2017/06/12,Mon,1.34590,1.33220,1.34720,1.33190
2017/06/11,Sun,,,,
2017/06/10,Sat,,,,
2017/06/09,Fri,1.35100,1.34680,1.35420,1.34220
2017/06/08,Thu,1.35080,1.35050,1.35240,1.34840
2017/06/07,Wed,1.34540,1.35080,1.35270,1.34250
2017/06/06,Tue,1.34730,1.34540,1.34890,1.34360
2017/06/05,Mon,1.34930,1.34710,1.35030,1.34580
2017/06/04,Sun,,,,
2017/06/03,Sat,,,,
2017/06/02,Fri,1.35140,1.34800,1.35480,1.34800
2017/06/01,Thu,1.35010,1.35130,1.35290,1.34720
2017/05/31,Wed,1.34590,1.34990,1.35240,1.34360
2017/05/30,Tue,1.34530,1.34580,1.35080,1.34500
2017/05/29,Mon,1.34470,1.34520,1.34690,1.34260
2017/05/28,Sun,,,,
2017/05/27,Sat,,,,
2017/05/26,Fri,1.34840,1.34440,1.34990,1.34320
2017/05/25,Thu,1.34070,1.34830,1.34950,1.33870
2017/05/24,Wed,1.35140,1.34070,1.35420,1.34050
2017/05/23,Tue,1.35020,1.35130,1.35260,1.34550
2017/05/22,Mon,1.35200,1.35010,1.35420,1.34840
2017/05/21,Sun,,,,
2017/05/20,Sat,,,,
2017/05/19,Fri,1.36030,1.35120,1.36130,1.35090
2017/05/18,Thu,1.36030,1.36010,1.36710,1.35810
2017/05/17,Wed,1.36060,1.36010,1.36430,1.35700
2017/05/16,Tue,1.36320,1.36040,1.36610,1.35730
2017/05/15,Mon,1.36960,1.36300,1.37240,1.36000
2017/05/14,Sun,,,,
2017/05/13,Sat,,,,
2017/05/12,Fri,1.36970,1.37080,1.37430,1.36660
2017/05/11,Thu,1.36560,1.36950,1.37710,1.36530
2017/05/10,Wed,1.37200,1.36530,1.37340,1.36470
2017/05/09,Tue,1.36900,1.37190,1.37540,1.36700
2017/05/08,Mon,1.36650,1.36880,1.37350,1.36420
2017/05/07,Sun,,,,
2017/05/06,Sat,,,,
2017/05/05,Fri,1.37480,1.36500,1.37950,1.36420
2017/05/04,Thu,1.37300,1.37470,1.37760,1.36990
2017/05/03,Wed,1.37080,1.37270,1.37430,1.36800
2017/05/02,Tue,1.36810,1.37070,1.37590,1.36490
2017/05/01,Mon,1.36560,1.36800,1.36880,1.36360
2017/04/30,Sun,,,,
2017/04/29,Sat,,,,
2017/04/28,Fri,1.36340,1.36500,1.36990,1.36240
2017/04/27,Thu,1.36150,1.36310,1.36720,1.35300
2017/04/26,Wed,1.35730,1.36130,1.36250,1.35430
2017/04/25,Tue,1.35020,1.35690,1.36280,1.34980
2017/04/24,Mon,1.34980,1.34990,1.35230,1.34100
2017/04/23,Sun,,,,
2017/04/22,Sat,,,,
2017/04/21,Fri,1.34700,1.34970,1.35260,1.34570
2017/04/20,Thu,1.34860,1.34680,1.35010,1.34560
2017/04/19,Wed,1.33800,1.34830,1.34910,1.33740
2017/04/18,Tue,1.33170,1.33760,1.34010,1.33120
2017/04/17,Mon,1.33230,1.33150,1.33240,1.32620
2017/04/16,Sun,,,,
2017/04/15,Sat,,,,
2017/04/14,Fri,1.33290,1.33250,1.33390,1.33100
2017/04/13,Thu,1.32550,1.33270,1.33390,1.32220
2017/04/12,Wed,1.33260,1.32510,1.33410,1.32400
2017/04/11,Tue,1.33260,1.33230,1.33590,1.33080
2017/04/10,Mon,1.34020,1.33250,1.34270,1.33210
2017/04/09,Sun,,,,
2017/04/08,Sat,,,,
2017/04/07,Fri,1.34140,1.34040,1.34330,1.33420
2017/04/06,Thu,1.34330,1.34120,1.34530,1.33970
2017/04/05,Wed,1.33990,1.34340,1.34430,1.33790
2017/04/04,Tue,1.33810,1.34010,1.34570,1.33730
2017/04/03,Mon,1.33040,1.33780,1.34010,1.33010
2017/04/02,Sun,,,,
2017/04/01,Sat,,,,
2017/03/31,Fri,1.33420,1.33110,1.33690,1.32830
2017/03/30,Thu,1.33260,1.33410,1.33540,1.32770
2017/03/29,Wed,1.33820,1.33250,1.34030,1.33230
2017/03/28,Tue,1.33770,1.33820,1.34160,1.33530
2017/03/27,Mon,1.33770,1.33750,1.34040,1.33210
2017/03/26,Sun,,,,
2017/03/25,Sat,,,,
2017/03/24,Fri,1.33500,1.33770,1.33860,1.33460
2017/03/23,Thu,1.33290,1.33490,1.33590,1.33140
2017/03/22,Wed,1.33530,1.33260,1.34110,1.33200
2017/03/21,Tue,1.33500,1.33500,1.33650,1.32640
2017/03/20,Mon,1.33440,1.33470,1.33740,1.33040
2017/03/19,Sun,,,,
2017/03/18,Sat,,,,
2017/03/17,Fri,1.33190,1.33480,1.33790,1.33040
2017/03/16,Thu,1.33060,1.33170,1.33540,1.32760
2017/03/15,Wed,1.34800,1.33020,1.34870,1.32950
2017/03/14,Tue,1.34460,1.34780,1.34970,1.34390
2017/03/13,Mon,1.34580,1.34440,1.34770,1.34300
2017/03/12,Sun,,,,
2017/03/11,Sat,,,,
2017/03/10,Fri,1.35100,1.34690,1.35160,1.34210
2017/03/09,Thu,1.34910,1.35080,1.35360,1.34810
2017/03/08,Wed,1.34140,1.34910,1.35010,1.33970
2017/03/07,Tue,1.34110,1.34130,1.34370,1.33830
2017/03/06,Mon,1.33750,1.34090,1.34260,1.33710
2017/03/05,Sun,,,,
2017/03/04,Sat,,,,
2017/03/03,Fri,1.33910,1.33750,1.34380,1.33730
2017/03/02,Thu,1.33260,1.33890,1.34030,1.33220
2017/03/01,Wed,1.33010,1.33250,1.33590,1.32850
2017/02/28,Tue,1.31770,1.32990,1.33160,1.31640
2017/02/27,Mon,1.31040,1.31800,1.31830,1.30830
2017/02/26,Sun,,,,
2017/02/25,Sat,,,,
2017/02/24,Fri,1.31060,1.30900,1.31210,1.30560
2017/02/23,Thu,1.31640,1.31030,1.31720,1.30830
2017/02/22,Wed,1.31400,1.31620,1.32110,1.31100
2017/02/21,Tue,1.31060,1.31390,1.31660,1.30990
2017/02/20,Mon,1.31050,1.31030,1.31210,1.30740
2017/02/19,Sun,,,,
2017/02/18,Sat,,,,
2017/02/17,Fri,1.30720,1.30970,1.31270,1.30590
2017/02/16,Thu,1.30800,1.30700,1.30850,1.30090
2017/02/15,Wed,1.30770,1.30770,1.31210,1.30640
2017/02/14,Tue,1.30700,1.30750,1.31080,1.30240
2017/02/13,Mon,1.30900,1.30700,1.31220,1.30550
2017/02/12,Sun,,,,
2017/02/11,Sat,,,,
2017/02/10,Fri,1.31460,1.30780,1.31600,1.30630
2017/02/09,Thu,1.31450,1.31430,1.31690,1.30930
2017/02/08,Wed,1.31830,1.31430,1.32020,1.31340
2017/02/07,Tue,1.30850,1.31810,1.32140,1.30740
2017/02/06,Mon,1.30240,1.30800,1.31360,1.30060
2017/02/05,Sun,,,,
2017/02/04,Sat,,,,
2017/02/03,Fri,1.30270,1.30220,1.30800,1.29920
2017/02/02,Thu,1.30480,1.30250,1.30550,1.29800
2017/02/01,Wed,1.30320,1.30480,1.31040,1.30280
2017/01/31,Tue,1.31180,1.30280,1.31250,1.29690
2017/01/30,Mon,1.31480,1.31160,1.31710,1.30760
2017/01/29,Sun,,,,
2017/01/28,Sat,,,,
2017/01/27,Fri,1.30880,1.31500,1.31550,1.30850
2017/01/26,Thu,1.30680,1.30880,1.31330,1.30530
2017/01/25,Wed,1.31590,1.30690,1.31670,1.30600
2017/01/24,Tue,1.32380,1.31570,1.33010,1.31060
2017/01/23,Mon,1.33240,1.32370,1.33360,1.32210
2017/01/22,Sun,,,,
2017/01/21,Sat,,,,
2017/01/20,Fri,1.33200,1.33210,1.33900,1.32840
2017/01/19,Thu,1.32690,1.33180,1.33540,1.32520
2017/01/18,Wed,1.30420,1.32690,1.32730,1.30380
2017/01/17,Tue,1.31750,1.30410,1.31910,1.30180
2017/01/16,Mon,1.31110,1.31730,1.31890,1.31070
2017/01/15,Sun,,,,
2017/01/14,Sat,,,,
2017/01/13,Fri,1.31460,1.31110,1.31690,1.31120
2017/01/12,Thu,1.31800,1.31430,1.31890,1.30300
2017/01/11,Wed,1.32320,1.31770,1.32960,1.31200
2017/01/10,Tue,1.32170,1.32300,1.32590,1.31910
2017/01/09,Mon,1.32380,1.32140,1.32790,1.31960
2017/01/08,Sun,,,,
2017/01/07,Sat,,,,
2017/01/06,Fri,1.32250,1.32350,1.32700,1.31770
2017/01/05,Thu,1.33020,1.32230,1.33150,1.31920
2017/01/04,Wed,1.34310,1.33000,1.34590,1.32820
2017/01/03,Tue,1.34430,1.34270,1.34620,1.33980
2017/01/02,Mon,1.34360,1.34370,1.34550,1.33880
2017/01/01,Sun,,,,
2016/12/31,Sat,,,,
2016/12/30,Fri,1.35030,1.34300,1.35100,1.34010
2016/12/29,Thu,1.35600,1.35000,1.35660,1.34800
2016/12/28,Wed,1.35770,1.35580,1.36000,1.35390
2016/12/27,Tue,1.35100,1.35730,1.35810,1.35080
2016/12/26,Mon,1.35310,1.35070,1.35480,1.34760
2016/12/25,Sun,,,,
2016/12/24,Sat,,,,
2016/12/23,Fri,1.34840,1.35340,1.35590,1.34770
2016/12/22,Thu,1.34120,1.34820,1.35220,1.34100
2016/12/21,Wed,1.33680,1.34110,1.34280,1.33560
2016/12/20,Tue,1.34080,1.33670,1.34360,1.33580
2016/12/19,Mon,1.33390,1.34070,1.34240,1.33170
2016/12/18,Sun,,,,
2016/12/17,Sat,,,,
2016/12/16,Fri,1.33340,1.33310,1.33940,1.33160
2016/12/15,Thu,1.32820,1.33340,1.34190,1.32660
2016/12/14,Wed,1.31310,1.32790,1.32970,1.30810
2016/12/13,Tue,1.31310,1.31270,1.31430,1.31000
2016/12/12,Mon,1.31520,1.31290,1.31660,1.31060
2016/12/11,Sun,,,,
2016/12/10,Sat,,,,
2016/12/09,Fri,1.31890,1.31750,1.32150,1.31500
2016/12/08,Thu,1.32330,1.31890,1.32530,1.31820
2016/12/07,Wed,1.32780,1.32280,1.32980,1.32200
2016/12/06,Tue,1.32710,1.32750,1.33130,1.32500
2016/12/05,Mon,1.32960,1.32660,1.33580,1.32330
2016/12/04,Sun,,,,
2016/12/03,Sat,,,,
2016/12/02,Fri,1.33150,1.32920,1.33230,1.32530
2016/12/01,Thu,1.34390,1.33130,1.34420,1.32980
2016/11/30,Wed,1.34310,1.34330,1.34660,1.33550
2016/11/29,Tue,1.34120,1.34320,1.34830,1.33980
2016/11/28,Mon,1.35200,1.34070,1.35390,1.33950
2016/11/27,Sun,,,,
2016/11/26,Sat,,,,
2016/11/25,Fri,1.34890,1.35280,1.35370,1.34520
2016/11/24,Thu,1.34910,1.34860,1.35370,1.34740
2016/11/23,Wed,1.34420,1.34860,1.35180,1.34220
2016/11/22,Tue,1.34190,1.34410,1.34700,1.33760
2016/11/21,Mon,1.35000,1.34170,1.35170,1.33840
2016/11/20,Sun,,,,
2016/11/19,Sat,,,,
2016/11/18,Fri,1.35220,1.34990,1.35670,1.34910
2016/11/17,Thu,1.34460,1.35200,1.35290,1.33990
2016/11/16,Wed,1.34490,1.34420,1.35080,1.34030
2016/11/15,Tue,1.35550,1.34470,1.35640,1.34410
2016/11/14,Mon,1.35180,1.35540,1.35900,1.34930
2016/11/13,Sun,,,,
2016/11/12,Sat,,,,
2016/11/11,Fri,1.34700,1.35400,1.35500,1.34530
2016/11/10,Thu,1.34240,1.34680,1.35120,1.33840
2016/11/09,Wed,1.32880,1.34190,1.35280,1.32620
2016/11/08,Tue,1.33640,1.32870,1.33930,1.32820
2016/11/07,Mon,1.34050,1.33590,1.34200,1.33100
2016/11/06,Sun,,,,
2016/11/05,Sat,,,,
2016/11/04,Fri,1.33980,1.34020,1.34660,1.33840
2016/11/03,Thu,1.33930,1.33940,1.34050,1.33590
2016/11/02,Wed,1.33900,1.33880,1.34250,1.33570
2016/11/01,Tue,1.34070,1.33880,1.34280,1.33510
2016/10/31,Mon,1.33960,1.34080,1.34320,1.33730
2016/10/30,Sun,,,,
2016/10/29,Sat,,,,
2016/10/28,Fri,1.33870,1.33970,1.34330,1.33510
2016/10/27,Thu,1.33810,1.33850,1.34080,1.33500
2016/10/26,Wed,1.33510,1.33790,1.33860,1.33130
2016/10/25,Tue,1.32870,1.33490,1.33730,1.32750
2016/10/24,Mon,1.33330,1.32850,1.33990,1.32830
2016/10/23,Sun,,,,
2016/10/22,Sat,,,,
2016/10/21,Fri,1.32300,1.33310,1.33560,1.32230
2016/10/20,Thu,1.31140,1.32280,1.32340,1.31080
2016/10/19,Wed,1.31050,1.31130,1.31430,1.30040
2016/10/18,Tue,1.31290,1.31070,1.31410,1.30520
2016/10/17,Mon,1.31390,1.31230,1.31840,1.31090
2016/10/16,Sun,,,,
2016/10/15,Sat,,,,
2016/10/14,Fri,1.31920,1.31380,1.32210,1.31030
2016/10/13,Thu,1.32760,1.31880,1.33080,1.31840
2016/10/12,Wed,1.32650,1.32740,1.32890,1.32070
2016/10/11,Tue,1.31750,1.32600,1.32740,1.31600
2016/10/10,Mon,1.32660,1.31730,1.32800,1.31370
2016/10/09,Sun,,,,
2016/10/08,Sat,,,,
2016/10/07,Fri,1.32180,1.32960,1.33140,1.31850
2016/10/06,Thu,1.31770,1.32160,1.32500,1.31750
2016/10/05,Wed,1.31920,1.31750,1.32330,1.31590
2016/10/04,Tue,1.31200,1.31910,1.32170,1.31080
2016/10/03,Mon,1.31270,1.31170,1.31460,1.30670
2016/10/02,Sun,,,,
2016/10/01,Sat,,,,
2016/09/30,Fri,1.31440,1.31270,1.31960,1.30850
2016/09/29,Thu,1.30800,1.31410,1.31860,1.30460
2016/09/28,Wed,1.31950,1.30780,1.32710,1.30740
2016/09/27,Tue,1.32260,1.31930,1.32820,1.31620
2016/09/26,Mon,1.31700,1.32220,1.32450,1.31370
2016/09/25,Sun,,,,
2016/09/24,Sat,,,,
2016/09/23,Fri,1.30450,1.31670,1.31830,1.30270
2016/09/22,Thu,1.31000,1.30400,1.31040,1.29980
2016/09/21,Wed,1.31870,1.30990,1.32390,1.30980
2016/09/20,Tue,1.32030,1.31870,1.32450,1.31830
2016/09/19,Mon,1.32100,1.32020,1.32270,1.31360
2016/09/18,Sun,,,,
2016/09/17,Sat,,,,
2016/09/16,Fri,1.31600,1.32070,1.32490,1.31390
2016/09/15,Thu,1.31950,1.31610,1.32370,1.31280
2016/09/14,Wed,1.31760,1.31930,1.32100,1.31260
2016/09/13,Tue,1.30380,1.31720,1.31910,1.30270
2016/09/12,Mon,1.30450,1.30350,1.31250,1.30320
2016/09/11,Sun,,,,
2016/09/10,Sat,,,,
2016/09/09,Fri,1.29390,1.30460,1.30550,1.29080
2016/09/08,Thu,1.28810,1.29320,1.29410,1.28490
2016/09/07,Wed,1.28440,1.28820,1.29150,1.28200
2016/09/06,Tue,1.29280,1.28420,1.29350,1.28250
2016/09/05,Mon,1.29920,1.29250,1.30010,1.29060
2016/09/04,Sun,,,,
2016/09/03,Sat,,,,
2016/09/02,Fri,1.31020,1.29960,1.31170,1.29790
2016/09/01,Thu,1.31060,1.31000,1.31500,1.30800
2016/08/31,Wed,1.30990,1.31040,1.31470,1.30770
2016/08/30,Tue,1.30080,1.30970,1.31040,1.30070
2016/08/29,Mon,1.29960,1.30060,1.30490,1.29730
2016/08/28,Sun,,,,
2016/08/27,Sat,,,,
2016/08/26,Fri,1.29220,1.30010,1.30120,1.28300
2016/08/25,Thu,1.29280,1.29200,1.29410,1.28960
2016/08/24,Wed,1.29100,1.29240,1.29600,1.29000
2016/08/23,Tue,1.29460,1.29110,1.29540,1.28560
2016/08/22,Mon,1.28710,1.29440,1.29660,1.28700
2016/08/21,Sun,,,,
2016/08/20,Sat,,,,
2016/08/19,Fri,1.27820,1.28700,1.28930,1.27700
2016/08/18,Thu,1.28440,1.27800,1.28590,1.27610
2016/08/17,Wed,1.28630,1.28430,1.29190,1.28290
2016/08/16,Tue,1.29230,1.28580,1.29350,1.27960
2016/08/15,Mon,1.29550,1.29190,1.29770,1.29000
2016/08/14,Sun,,,,
2016/08/13,Sat,,,,
2016/08/12,Fri,1.29910,1.29460,1.29980,1.29220
2016/08/11,Thu,1.30580,1.29890,1.30810,1.29560
2016/08/10,Wed,1.31150,1.30560,1.31260,1.29890
2016/08/09,Tue,1.31500,1.31150,1.31910,1.31070
2016/08/08,Mon,1.31780,1.31520,1.31920,1.31340
2016/08/07,Sun,,,,
2016/08/06,Sat,,,,
2016/08/05,Fri,1.30190,1.31660,1.32020,1.30070
2016/08/04,Thu,1.30660,1.30150,1.30900,1.29950
2016/08/03,Wed,1.31110,1.30650,1.31480,1.30610
2016/08/02,Tue,1.31250,1.31090,1.31440,1.30030
2016/08/01,Mon,1.30280,1.31210,1.31290,1.30260
2016/07/31,Sun,,,,
2016/07/30,Sat,,,,
2016/07/29,Fri,1.31560,1.30280,1.31880,1.30000
2016/07/28,Thu,1.31910,1.31540,1.31950,1.30990
2016/07/27,Wed,1.31850,1.31870,1.32530,1.31560
2016/07/26,Tue,1.32170,1.31860,1.32460,1.31730
2016/07/25,Mon,1.31370,1.32130,1.32430,1.31230
2016/07/24,Sun,,,,
2016/07/23,Sat,,,,
2016/07/22,Fri,1.30880,1.31240,1.31860,1.30540
2016/07/21,Thu,1.30580,1.30840,1.31030,1.30220
2016/07/20,Wed,1.30210,1.30560,1.30970,1.30110
2016/07/19,Tue,1.29450,1.30180,1.30560,1.29390
2016/07/18,Mon,1.29450,1.29430,1.30240,1.29250
2016/07/17,Sun,,,,
2016/07/16,Sat,,,,
2016/07/15,Fri,1.28950,1.29680,1.29880,1.28590
2016/07/14,Thu,1.29770,1.28900,1.29880,1.28600
2016/07/13,Wed,1.30420,1.29760,1.30850,1.29380
2016/07/12,Tue,1.31180,1.30410,1.31350,1.29800
2016/07/11,Mon,1.30470,1.31110,1.31410,1.30300
2016/07/10,Sun,,,,
2016/07/09,Sat,,,,
2016/07/08,Fri,1.30020,1.30420,1.30910,1.29870
2016/07/07,Thu,1.29590,1.30010,1.30220,1.28750
2016/07/06,Wed,1.29800,1.29600,1.30580,1.29450
2016/07/05,Tue,1.28450,1.29780,1.30180,1.28410
2016/07/04,Mon,1.29160,1.28430,1.29230,1.28290
2016/07/03,Sun,,,,
2016/07/02,Sat,,,,
2016/07/01,Fri,1.29250,1.29150,1.29780,1.28620
2016/06/30,Thu,1.29360,1.29230,1.30190,1.29120
2016/06/29,Wed,1.30250,1.29290,1.30450,1.29280
2016/06/28,Tue,1.30720,1.30210,1.31100,1.29620
2016/06/27,Mon,1.29780,1.30710,1.31230,1.29550
2016/06/26,Sun,,,,
2016/06/25,Sat,,,,
2016/06/24,Fri,1.27650,1.30010,1.31000,1.27170
2016/06/23,Thu,1.28440,1.27550,1.28480,1.26760
2016/06/22,Wed,1.28140,1.28420,1.28550,1.27400
2016/06/21,Tue,1.28050,1.28150,1.28280,1.27600
2016/06/20,Mon,1.28890,1.28030,1.28930,1.27710
2016/06/19,Sun,,,,
2016/06/18,Sat,,,,
2016/06/17,Fri,1.29670,1.28920,1.29700,1.28280
2016/06/16,Thu,1.29120,1.29660,1.30870,1.28930
2016/06/15,Wed,1.28730,1.29110,1.29440,1.28240
2016/06/14,Tue,1.28380,1.28700,1.28750,1.28130
2016/06/13,Mon,1.27790,1.28330,1.28410,1.27490
2016/06/12,Sun,,,,
2016/06/11,Sat,,,,
2016/06/10,Fri,1.27240,1.27830,1.27850,1.26580
2016/06/09,Thu,1.26930,1.27190,1.27670,1.26680
2016/06/08,Wed,1.27350,1.26930,1.27630,1.26530
2016/06/07,Tue,1.28190,1.27340,1.28410,1.27310
2016/06/06,Mon,1.29380,1.28150,1.29840,1.28010
2016/06/05,Sun,,,,
2016/06/04,Sat,,,,
2016/06/03,Fri,1.30970,1.29320,1.31080,1.29130
2016/06/02,Thu,1.30790,1.30950,1.31460,1.30540
2016/06/01,Wed,1.30940,1.30750,1.31240,1.30420
2016/05/31,Tue,1.30530,1.30920,1.31360,1.30140
2016/05/30,Mon,1.30160,1.30470,1.30970,1.30160
2016/05/29,Sun,,,,
2016/05/28,Sat,,,,
2016/05/27,Fri,1.29790,1.30170,1.30690,1.29660
2016/05/26,Thu,1.30160,1.29760,1.30400,1.29090
2016/05/25,Wed,1.31230,1.30180,1.31350,1.30120
2016/05/24,Tue,1.31450,1.31190,1.31900,1.30840
2016/05/23,Mon,1.31140,1.31410,1.31760,1.30980
2016/05/22,Sun,,,,
2016/05/21,Sat,,,,
2016/05/20,Fri,1.30940,1.31110,1.31630,1.30750
2016/05/19,Thu,1.30340,1.30920,1.31550,1.30080
2016/05/18,Wed,1.29070,1.30320,1.30380,1.28920
2016/05/17,Tue,1.28950,1.29050,1.29570,1.28360
2016/05/16,Mon,1.29250,1.28930,1.29640,1.28730
2016/05/15,Sun,,,,
2016/05/14,Sat,,,,
2016/05/13,Fri,1.28460,1.29400,1.29590,1.28330
2016/05/12,Thu,1.28500,1.28450,1.28800,1.27700
2016/05/11,Wed,1.29070,1.28480,1.29440,1.28280
2016/05/10,Tue,1.29620,1.29100,1.29810,1.29060
2016/05/09,Mon,1.29090,1.29610,1.30170,1.29050
2016/05/08,Sun,,,,
2016/05/07,Sat,,,,
2016/05/06,Fri,1.28530,1.29070,1.29530,1.28330
2016/05/05,Thu,1.28700,1.28520,1.28770,1.27840
2016/05/04,Wed,1.27210,1.28670,1.28870,1.26950
2016/05/03,Tue,1.25290,1.27190,1.27330,1.24600
2016/05/02,Mon,1.25500,1.25270,1.25640,1.25110
2016/05/01,Sun,,,,
2016/04/30,Sat,,,,
2016/04/29,Fri,1.25550,1.25510,1.25890,1.24970
2016/04/28,Thu,1.25990,1.25500,1.26090,1.25130
2016/04/27,Wed,1.26040,1.25970,1.26950,1.25710
2016/04/26,Tue,1.26800,1.26020,1.26900,1.25940
2016/04/25,Mon,1.26760,1.26770,1.27190,1.26510
2016/04/24,Sun,,,,
2016/04/23,Sat,,,,
2016/04/22,Fri,1.27350,1.26680,1.27600,1.26200
2016/04/21,Thu,1.26550,1.27340,1.27510,1.26260
2016/04/20,Wed,1.26680,1.26530,1.27320,1.25920
2016/04/19,Tue,1.27820,1.26660,1.28010,1.26300
2016/04/18,Mon,1.29400,1.27800,1.29930,1.27760
2016/04/17,Sun,,,,
2016/04/16,Sat,,,,
2016/04/15,Fri,1.28470,1.28190,1.29020,1.27950
2016/04/14,Thu,1.28140,1.28430,1.28980,1.27800
2016/04/13,Wed,1.27590,1.28150,1.28280,1.27460
2016/04/12,Tue,1.28960,1.27590,1.29220,1.27480
2016/04/11,Mon,1.29860,1.28970,1.30170,1.28830
2016/04/10,Sun,,,,
2016/04/09,Sat,,,,
2016/04/08,Fri,1.31460,1.29860,1.31590,1.29500
2016/04/07,Thu,1.30890,1.31430,1.31820,1.30170
2016/04/06,Wed,1.31350,1.30870,1.31880,1.30610
2016/04/05,Tue,1.30850,1.31350,1.32200,1.30660
2016/04/04,Mon,1.30130,1.30850,1.30890,1.30000
2016/04/03,Sun,,,,
2016/04/02,Sat,,,,
2016/04/01,Fri,1.30040,1.30090,1.31480,1.29670
2016/03/31,Thu,1.29660,1.30040,1.30130,1.28550
2016/03/30,Wed,1.30740,1.29640,1.30830,1.29100
2016/03/29,Tue,1.31840,1.30720,1.32190,1.30490
2016/03/28,Mon,1.32710,1.31820,1.32870,1.31660
2016/03/27,Sun,,,,
2016/03/26,Sat,,,,
2016/03/25,Fri,1.32470,1.32730,1.32870,1.32240
2016/03/24,Thu,1.32040,1.32450,1.32980,1.31990
2016/03/23,Wed,1.30490,1.32030,1.32210,1.30360
2016/03/22,Tue,1.31000,1.30440,1.31390,1.30260
2016/03/21,Mon,1.30030,1.31000,1.31040,1.29950
2016/03/20,Sun,,,,
2016/03/19,Sat,,,,
2016/03/18,Fri,1.29770,1.29990,1.30430,1.29210
2016/03/17,Thu,1.30960,1.29720,1.31340,1.29430
2016/03/16,Wed,1.33550,1.30950,1.34060,1.30910
2016/03/15,Tue,1.32600,1.33530,1.34030,1.32560
2016/03/14,Mon,1.32110,1.32580,1.33090,1.32110
2016/03/13,Sun,,,,
2016/03/12,Sat,,,,
2016/03/11,Fri,1.33460,1.32080,1.33690,1.31660
2016/03/10,Thu,1.32510,1.33440,1.33990,1.32300
2016/03/09,Wed,1.34090,1.32490,1.34480,1.32260
2016/03/08,Tue,1.32820,1.34070,1.34270,1.32780
2016/03/07,Mon,1.33170,1.32770,1.33790,1.32610
2016/03/06,Sun,,,,
2016/03/05,Sat,,,,
2016/03/04,Fri,1.34040,1.33130,1.34720,1.33110
2016/03/03,Thu,1.34170,1.33990,1.34740,1.33690
2016/03/02,Wed,1.34080,1.34150,1.35010,1.34040
2016/03/01,Tue,1.35420,1.34060,1.35540,1.33850
2016/02/29,Mon,1.35110,1.35380,1.35890,1.34810
2016/02/28,Sun,,,,
2016/02/27,Sat,,,,
2016/02/26,Fri,1.35310,1.35100,1.35670,1.35030
2016/02/25,Thu,1.36990,1.35290,1.37370,1.35150
2016/02/24,Wed,1.37920,1.37000,1.38620,1.36760
2016/02/23,Tue,1.37030,1.37920,1.38220,1.36920
2016/02/22,Mon,1.37650,1.37050,1.37940,1.36600
2016/02/21,Sun,,,,
2016/02/20,Sat,,,,
2016/02/19,Fri,1.37270,1.37650,1.38480,1.37160
2016/02/18,Thu,1.36720,1.37240,1.37540,1.36510
2016/02/17,Wed,1.38610,1.36670,1.39000,1.36650
2016/02/16,Tue,1.38340,1.38590,1.39120,1.37080
2016/02/15,Mon,1.38530,1.38330,1.38640,1.37980
2016/02/14,Sun,,,,
2016/02/13,Sat,,,,
2016/02/12,Fri,1.39380,1.38450,1.39670,1.38110
2016/02/11,Thu,1.39250,1.39330,1.40170,1.38810
2016/02/10,Wed,1.38650,1.39230,1.40000,1.38180
2016/02/09,Tue,1.39250,1.38630,1.39620,1.37850
2016/02/08,Mon,1.39100,1.39220,1.39790,1.38400
2016/02/07,Sun,,,,
2016/02/06,Sat,,,,
2016/02/05,Fri,1.37540,1.39130,1.39200,1.37070
2016/02/04,Thu,1.37780,1.37510,1.38000,1.36370
2016/02/03,Wed,1.40560,1.37790,1.41040,1.37550
2016/02/02,Tue,1.39480,1.40510,1.40820,1.39370
2016/02/01,Mon,1.39730,1.39450,1.40630,1.39060
2016/01/31,Sun,,,,
2016/01/30,Sat,,,,
2016/01/29,Fri,1.40260,1.39710,1.41110,1.39650
2016/01/28,Thu,1.40960,1.40270,1.41250,1.39480
2016/01/27,Wed,1.41180,1.40910,1.41580,1.40260
2016/01/26,Tue,1.42920,1.41140,1.43280,1.40430
2016/01/25,Mon,1.41180,1.42890,1.42940,1.41180
2016/01/24,Sun,,,,
2016/01/23,Sat,,,,
2016/01/22,Fri,1.42680,1.41150,1.43030,1.41130
2016/01/21,Thu,1.45020,1.42610,1.45410,1.42270
2016/01/20,Wed,1.45810,1.45010,1.46920,1.44720
2016/01/19,Tue,1.45600,1.45760,1.45910,1.44300
2016/01/18,Mon,1.45430,1.45610,1.46400,1.44860
2016/01/17,Sun,,,,
2016/01/16,Sat,,,,
2016/01/15,Fri,1.43660,1.45380,1.45550,1.43410
2016/01/14,Thu,1.43390,1.43640,1.44000,1.43330
2016/01/13,Wed,1.42590,1.43370,1.43810,1.41850
2016/01/12,Tue,1.42130,1.42610,1.43160,1.41740
2016/01/11,Mon,1.41690,1.42140,1.42470,1.40640
2016/01/10,Sun,,,,
2016/01/09,Sat,,,,
2016/01/08,Fri,1.41140,1.41680,1.41790,1.40570
2016/01/07,Thu,1.40730,1.41130,1.41720,1.40480
2016/01/06,Wed,1.39940,1.40710,1.41100,1.39710
2016/01/05,Tue,1.39510,1.39950,1.40210,1.38950
2016/01/04,Mon,1.38390,1.39510,1.39850,1.38140
2016/01/03,Sun,,,,
2016/01/02,Sat,,,,
2016/01/01,Fri,1.38410,1.38480,1.38710,1.38360
2015/12/31,Thu,1.38770,1.38390,1.39050,1.38190
2015/12/30,Wed,1.38440,1.38770,1.39290,1.38260
2015/12/29,Tue,1.39040,1.38400,1.39420,1.38140
2015/12/28,Mon,1.38170,1.39040,1.39180,1.38150
2015/12/27,Sun,,,,
2015/12/26,Sat,,,,
2015/12/25,Fri,1.38180,1.38200,1.38420,1.37950
2015/12/24,Thu,1.38470,1.38160,1.38760,1.38150
2015/12/23,Wed,1.39200,1.38450,1.39370,1.38330
2015/12/22,Tue,1.39580,1.39180,1.39680,1.39140
2015/12/21,Mon,1.39370,1.39570,1.39950,1.39120
2015/12/20,Sun,,,,
2015/12/19,Sat,,,,
2015/12/18,Fri,1.39370,1.39530,1.40010,1.38530
2015/12/17,Thu,1.37770,1.39350,1.39880,1.37760
2015/12/16,Wed,1.37330,1.37780,1.38490,1.37260
2015/12/15,Tue,1.37330,1.37280,1.37680,1.36710
2015/12/14,Mon,1.37500,1.37330,1.37830,1.36760
2015/12/13,Sun,,,,
2015/12/12,Sat,,,,
2015/12/11,Fri,1.36260,1.37540,1.37580,1.36220
2015/12/10,Thu,1.35810,1.36210,1.36410,1.35300
2015/12/09,Wed,1.35860,1.35750,1.36220,1.35150
2015/12/08,Tue,1.34980,1.35830,1.36230,1.34950
2015/12/07,Mon,1.33670,1.34930,1.35250,1.33650
2015/12/06,Sun,,,,
2015/12/05,Sat,,,,
2015/12/04,Fri,1.33540,1.33610,1.34170,1.33150
2015/12/03,Thu,1.33450,1.33550,1.34010,1.32910
2015/12/02,Wed,1.33550,1.33420,1.34090,1.33100
2015/12/01,Tue,1.33630,1.33530,1.33890,1.33080
2015/11/30,Mon,1.33670,1.33620,1.33960,1.33100
2015/11/29,Sun,,,,
2015/11/28,Sat,,,,
2015/11/27,Fri,1.32940,1.33700,1.33780,1.32880
2015/11/26,Thu,1.32910,1.32910,1.33260,1.32820
2015/11/25,Wed,1.33030,1.32840,1.33400,1.32780
2015/11/24,Tue,1.33620,1.33010,1.33790,1.32830
2015/11/23,Mon,1.33380,1.33630,1.34380,1.33270
2015/11/22,Sun,,,,
2015/11/21,Sat,,,,
2015/11/20,Fri,1.32850,1.33410,1.33570,1.32680
2015/11/19,Thu,1.33030,1.32800,1.33160,1.32440
2015/11/18,Wed,1.33190,1.32970,1.33710,1.32960
2015/11/17,Tue,1.33280,1.33170,1.33460,1.32950
2015/11/16,Mon,1.33230,1.33280,1.33720,1.32890
2015/11/15,Sun,,,,
2015/11/14,Sat,,,,
2015/11/13,Fri,1.32910,1.33220,1.33510,1.32650
2015/11/12,Thu,1.32620,1.32900,1.33430,1.32230
2015/11/11,Wed,1.32740,1.32590,1.32850,1.32300
2015/11/10,Tue,1.32870,1.32740,1.32990,1.32430
2015/11/09,Mon,1.33040,1.32830,1.33120,1.32430
2015/11/08,Sun,,,,
2015/11/07,Sat,,,,
2015/11/06,Fri,1.31710,1.33060,1.33190,1.31550
2015/11/05,Thu,1.31470,1.31650,1.31880,1.31380
2015/11/04,Wed,1.30620,1.31450,1.31930,1.30430
2015/11/03,Tue,1.30950,1.30580,1.31670,1.30360
2015/11/02,Mon,1.30770,1.30910,1.31180,1.30640
2015/11/01,Sun,,,,
2015/10/31,Sat,,,,
2015/10/30,Fri,1.31690,1.30760,1.31930,1.30540
2015/10/29,Thu,1.31900,1.31700,1.32400,1.31310
2015/10/28,Wed,1.32660,1.31900,1.32810,1.30880
2015/10/27,Tue,1.31540,1.32640,1.32740,1.31510
2015/10/26,Mon,1.31650,1.31500,1.31860,1.31190
2015/10/25,Sun,,,,
2015/10/24,Sat,,,,
2015/10/23,Fri,1.30890,1.31610,1.32000,1.30390
2015/10/22,Thu,1.31390,1.30870,1.31620,1.30820
2015/10/21,Wed,1.29800,1.31370,1.31440,1.29670
2015/10/20,Tue,1.30190,1.29760,1.30490,1.29330
2015/10/19,Mon,1.29150,1.30170,1.30300,1.28990
2015/10/18,Sun,,,,
2015/10/17,Sat,,,,
2015/10/16,Fri,1.28640,1.29080,1.29410,1.28500
2015/10/15,Thu,1.29360,1.28620,1.29500,1.28290
2015/10/14,Wed,1.30360,1.29360,1.30420,1.29090
2015/10/13,Tue,1.29980,1.30380,1.30820,1.29550
2015/10/12,Mon,1.29520,1.29940,1.30130,1.29010
2015/10/11,Sun,,,,
2015/10/10,Sat,,,,
2015/10/09,Fri,1.30180,1.29410,1.30230,1.28990
2015/10/08,Thu,1.30580,1.30150,1.30760,1.29770
2015/10/07,Wed,1.30340,1.30550,1.30740,1.29710
2015/10/06,Tue,1.30850,1.30320,1.31370,1.30240
2015/10/05,Mon,1.31570,1.30840,1.31770,1.30640
2015/10/04,Sun,,,,
2015/10/03,Sat,,,,
2015/10/02,Fri,1.32680,1.31470,1.32710,1.31490
2015/10/01,Thu,1.33120,1.32650,1.33330,1.32170
2015/09/30,Wed,1.34230,1.33120,1.34320,1.33040
2015/09/29,Tue,1.33980,1.34190,1.34580,1.33700
2015/09/28,Mon,1.33330,1.33980,1.34000,1.33160
2015/09/27,Sun,,,,
2015/09/26,Sat,,,,
2015/09/25,Fri,1.33040,1.33350,1.33570,1.32960
2015/09/24,Thu,1.33210,1.32990,1.34190,1.32890
2015/09/23,Wed,1.32720,1.33170,1.33580,1.32310
2015/09/22,Tue,1.32530,1.32680,1.33000,1.32170
2015/09/21,Mon,1.32070,1.32540,1.32660,1.31740
2015/09/20,Sun,,,,
2015/09/19,Sat,,,,
2015/09/18,Fri,1.31830,1.32230,1.32300,1.30090
2015/09/17,Thu,1.31690,1.31810,1.32090,1.30710
2015/09/16,Wed,1.32490,1.31680,1.32610,1.31600
2015/09/15,Tue,1.32670,1.32460,1.32740,1.32250
2015/09/14,Mon,1.32610,1.32610,1.32820,1.32240
2015/09/13,Sun,,,,
2015/09/12,Sat,,,,
2015/09/11,Fri,1.32520,1.32600,1.33110,1.32130
2015/09/10,Thu,1.32600,1.32530,1.32910,1.31760
2015/09/09,Wed,1.32070,1.32550,1.32620,1.31530
2015/09/08,Tue,1.33090,1.32040,1.33100,1.31830
2015/09/07,Mon,1.32770,1.33060,1.33110,1.32440
2015/09/06,Sun,,,,
2015/09/05,Sat,,,,
2015/09/04,Fri,1.31790,1.32810,1.32910,1.31620
2015/09/03,Thu,1.32710,1.31740,1.32910,1.31350
2015/09/02,Wed,1.32590,1.32630,1.33250,1.31980
2015/09/01,Tue,1.31400,1.32590,1.32620,1.31180
2015/08/31,Mon,1.32020,1.31350,1.33290,1.31150
2015/08/30,Sun,,,,
2015/08/29,Sat,,,,
2015/08/28,Fri,1.31990,1.32000,1.33020,1.31650
2015/08/27,Thu,1.32910,1.31970,1.33070,1.31780
2015/08/26,Wed,1.33370,1.32900,1.33500,1.32490
2015/08/25,Tue,1.32860,1.33310,1.33550,1.31460
2015/08/24,Mon,1.31860,1.32860,1.32890,1.31590
2015/08/23,Sun,,,,
2015/08/22,Sat,,,,
2015/08/21,Fri,1.30890,1.31840,1.31900,1.30600
2015/08/20,Thu,1.31260,1.30870,1.31780,1.30580
2015/08/19,Wed,1.30600,1.31280,1.31790,1.30220
2015/08/18,Tue,1.30800,1.30570,1.31280,1.30390
2015/08/17,Mon,1.30890,1.30770,1.31540,1.30580
2015/08/16,Sun,,,,
2015/08/15,Sat,,,,
2015/08/14,Fri,1.30600,1.30860,1.30990,1.30140
2015/08/13,Thu,1.29740,1.30550,1.30930,1.29570
2015/08/12,Wed,1.31150,1.29750,1.31590,1.29500
2015/08/11,Tue,1.30010,1.31100,1.31520,1.29930
2015/08/10,Mon,1.31310,1.30000,1.31840,1.29910
2015/08/09,Sun,,,,
2015/08/08,Sat,,,,
2015/08/07,Fri,1.31090,1.31280,1.31850,1.30490
2015/08/06,Thu,1.31770,1.31050,1.31990,1.30940
2015/08/05,Wed,1.31940,1.31780,1.32150,1.31090
2015/08/04,Tue,1.31530,1.31890,1.32020,1.31040
2015/08/03,Mon,1.30970,1.31510,1.31790,1.30800
2015/08/02,Sun,,,,
2015/08/01,Sat,,,,
2015/07/31,Fri,1.29960,1.30860,1.30940,1.29420
2015/07/30,Thu,1.29460,1.29990,1.30450,1.29410
2015/07/29,Wed,1.29210,1.29430,1.29690,1.28610
2015/07/28,Tue,1.30370,1.29180,1.30430,1.29090
2015/07/27,Mon,1.30370,1.30380,1.30500,1.29790
2015/07/26,Sun,,,,
2015/07/25,Sat,,,,
2015/07/24,Fri,1.30370,1.30480,1.31040,1.30150
2015/07/23,Thu,1.30340,1.30330,1.30490,1.29480
2015/07/22,Wed,1.29480,1.30300,1.30550,1.29340
2015/07/21,Tue,1.29920,1.29440,1.30150,1.29160
2015/07/20,Mon,1.29730,1.29920,1.30260,1.29520
2015/07/19,Sun,,,,
2015/07/18,Sat,,,,
2015/07/17,Fri,1.29550,1.29700,1.30090,1.29460
2015/07/16,Thu,1.29130,1.29520,1.29710,1.29030
2015/07/15,Wed,1.27280,1.29120,1.29600,1.27210
2015/07/14,Tue,1.27410,1.27220,1.28070,1.27170
2015/07/13,Mon,1.26740,1.27390,1.27920,1.26710
2015/07/12,Sun,,,,
2015/07/11,Sat,,,,
2015/07/10,Fri,1.27060,1.26550,1.27560,1.26540
2015/07/09,Thu,1.27460,1.27030,1.27510,1.26640
2015/07/08,Wed,1.27060,1.27440,1.27700,1.26860
2015/07/07,Tue,1.26520,1.27020,1.27810,1.26430
2015/07/06,Mon,1.25720,1.26510,1.26650,1.25630
2015/07/05,Sun,,,,
2015/07/04,Sat,,,,
2015/07/03,Fri,1.25380,1.25720,1.26040,1.25360
2015/07/02,Thu,1.25910,1.25360,1.26360,1.25370
2015/07/01,Wed,1.24940,1.25860,1.25990,1.24740
2015/06/30,Tue,1.24030,1.24910,1.25020,1.23610
2015/06/29,Mon,1.23420,1.24000,1.24140,1.23040
2015/06/28,Sun,,,,
2015/06/27,Sat,,,,
2015/06/26,Fri,1.23280,1.23160,1.23990,1.23110
2015/06/25,Thu,1.23820,1.23270,1.24010,1.23100
2015/06/24,Wed,1.23240,1.23820,1.24240,1.22750
2015/06/23,Tue,1.23100,1.23240,1.23840,1.23060
2015/06/22,Mon,1.22680,1.23080,1.23310,1.22170
2015/06/21,Sun,,,,
2015/06/20,Sat,,,,
2015/06/19,Fri,1.22220,1.22640,1.22970,1.22130
2015/06/18,Thu,1.22280,1.22200,1.22520,1.21260
2015/06/17,Wed,1.22940,1.22230,1.23350,1.22190
2015/06/16,Tue,1.23250,1.22910,1.23480,1.22820
2015/06/15,Mon,1.23190,1.23240,1.23610,1.22950
2015/06/14,Sun,,,,
2015/06/13,Sat,,,,
2015/06/12,Fri,1.22890,1.23200,1.23500,1.22750
2015/06/11,Thu,1.22540,1.22900,1.23550,1.22510
2015/06/10,Wed,1.23380,1.22530,1.23540,1.22010
2015/06/09,Tue,1.24110,1.23360,1.24430,1.23060
2015/06/08,Mon,1.24410,1.24100,1.24740,1.23810
2015/06/07,Sun,,,,
2015/06/06,Sat,,,,
2015/06/05,Fri,1.25020,1.24370,1.25630,1.24260
2015/06/04,Thu,1.24530,1.25020,1.25050,1.24330
2015/06/03,Wed,1.24010,1.24530,1.25110,1.23820
2015/06/02,Tue,1.25230,1.23990,1.25370,1.23650
2015/06/01,Mon,1.24410,1.25210,1.25650,1.24380
2015/05/31,Sun,,,,
2015/05/30,Sat,,,,
2015/05/29,Fri,1.24380,1.24450,1.25290,1.24080
2015/05/28,Thu,1.24520,1.24350,1.25400,1.24190
2015/05/27,Wed,1.24340,1.24500,1.24940,1.23930
2015/05/26,Tue,1.23180,1.24320,1.24490,1.23030
2015/05/25,Mon,1.22850,1.23090,1.23190,1.22750
2015/05/24,Sun,,,,
2015/05/23,Sat,,,,
2015/05/22,Fri,1.21950,1.22770,1.23230,1.21700
2015/05/21,Thu,1.22090,1.21970,1.22440,1.21690
2015/05/20,Wed,1.22330,1.22060,1.22580,1.21670
2015/05/19,Tue,1.21610,1.22310,1.22520,1.21290
2015/05/18,Mon,1.20130,1.21580,1.21730,1.20020
2015/05/17,Sun,,,,
2015/05/16,Sat,,,,
2015/05/15,Fri,1.19840,1.20100,1.20690,1.19780
2015/05/14,Thu,1.19570,1.19800,1.20080,1.19180
2015/05/13,Wed,1.20160,1.19540,1.20310,1.19290
2015/05/12,Tue,1.21040,1.20140,1.21090,1.19760
2015/05/11,Mon,1.20780,1.21020,1.21460,1.20630
2015/05/10,Sun,,,,
2015/05/09,Sat,,,,
2015/05/08,Fri,1.21300,1.20680,1.21480,1.20440
2015/05/07,Thu,1.20480,1.21250,1.21640,1.20300
2015/05/06,Wed,1.20690,1.20440,1.20890,1.19400
2015/05/05,Tue,1.20960,1.20640,1.21340,1.20010
2015/05/04,Mon,1.21570,1.20930,1.21820,1.20850
2015/05/03,Sun,,,,
2015/05/02,Sat,,,,
2015/05/01,Fri,1.20770,1.21580,1.22060,1.20610
2015/04/30,Thu,1.20180,1.20750,1.21330,1.19950
2015/04/29,Wed,1.20350,1.20190,1.20750,1.19440
2015/04/28,Tue,1.20870,1.20330,1.21190,1.20130
2015/04/27,Mon,1.21840,1.20850,1.21970,1.20800
2015/04/26,Sun,,,,
2015/04/25,Sat,,,,
2015/04/24,Fri,1.21410,1.21780,1.21880,1.21010
2015/04/23,Thu,1.22370,1.21410,1.22700,1.21180
2015/04/22,Wed,1.22810,1.22360,1.22890,1.22090
2015/04/21,Tue,1.22200,1.22790,1.23070,1.22120
2015/04/20,Mon,1.22230,1.22210,1.22610,1.21800
2015/04/19,Sun,,,,
2015/04/18,Sat,,,,
2015/04/17,Fri,1.21870,1.22470,1.22730,1.20860
2015/04/16,Thu,1.22910,1.21850,1.23290,1.21410
2015/04/15,Wed,1.24850,1.22860,1.25710,1.22800
2015/04/14,Tue,1.25980,1.24840,1.26050,1.24430
2015/04/13,Mon,1.25770,1.25930,1.26470,1.25570
2015/04/12,Sun,,,,
2015/04/11,Sat,,,,
2015/04/10,Fri,1.25780,1.25600,1.26680,1.25620
2015/04/09,Thu,1.25460,1.25770,1.26150,1.25060
2015/04/08,Wed,1.25040,1.25410,1.25600,1.23860
2015/04/07,Tue,1.24810,1.25030,1.25230,1.24530
2015/04/06,Mon,1.24530,1.24770,1.25070,1.24350
2015/04/05,Sun,,,,
2015/04/04,Sat,,,,
2015/04/03,Fri,1.25590,1.24820,1.25760,1.24280
2015/04/02,Thu,1.26180,1.25550,1.26570,1.25550
2015/04/01,Wed,1.26840,1.26190,1.27120,1.25740
2015/03/31,Tue,1.26760,1.26860,1.27850,1.26500
2015/03/30,Mon,1.26060,1.26730,1.27080,1.25950
2015/03/29,Sun,,,,
2015/03/28,Sat,,,,
2015/03/27,Fri,1.24800,1.26080,1.26240,1.24660
2015/03/26,Thu,1.25210,1.24810,1.25340,1.24080
2015/03/25,Wed,1.24940,1.25140,1.25410,1.24730
2015/03/24,Tue,1.25230,1.24910,1.25480,1.24280
2015/03/23,Mon,1.25570,1.25220,1.26170,1.24950
2015/03/22,Sun,,,,
2015/03/21,Sat,,,,
2015/03/20,Fri,1.27180,1.25480,1.27250,1.25460
2015/03/19,Thu,1.25630,1.27160,1.27600,1.25080
2015/03/18,Wed,1.27920,1.25630,1.28350,1.24760
2015/03/17,Tue,1.27730,1.27880,1.27990,1.27490
2015/03/16,Mon,1.27840,1.27720,1.28190,1.27340
2015/03/15,Sun,,,,
2015/03/14,Sat,,,,
2015/03/13,Fri,1.26850,1.27820,1.28250,1.26810
2015/03/12,Thu,1.27500,1.26850,1.27700,1.26190
2015/03/11,Wed,1.26890,1.27500,1.27990,1.26640
2015/03/10,Tue,1.26030,1.26860,1.26910,1.25980
2015/03/09,Mon,1.26220,1.26000,1.26270,1.25730
2015/03/08,Sun,,,,
2015/03/07,Sat,,,,
2015/03/06,Fri,1.24850,1.26190,1.26280,1.24550
2015/03/05,Thu,1.24270,1.24840,1.25200,1.24070
2015/03/04,Wed,1.24970,1.24250,1.25400,1.24070
2015/03/03,Tue,1.25350,1.24940,1.25450,1.24320
2015/03/02,Mon,1.24820,1.25350,1.25660,1.24750
2015/03/01,Sun,,,,
2015/02/28,Sat,,,,
2015/02/27,Fri,1.25150,1.25060,1.25310,1.24480
2015/02/26,Thu,1.24360,1.25130,1.25360,1.23850
2015/02/25,Wed,1.24870,1.24340,1.25000,1.24000
2015/02/24,Tue,1.25710,1.24810,1.26650,1.24780
2015/02/23,Mon,1.25300,1.25710,1.26260,1.25210
2015/02/22,Sun,,,,
2015/02/21,Sat,,,,
2015/02/20,Fri,1.24960,1.25260,1.25660,1.24200
2015/02/19,Thu,1.24550,1.24950,1.25480,1.24330
2015/02/18,Wed,1.23910,1.24540,1.24680,1.23780
2015/02/17,Tue,1.24660,1.23870,1.24800,1.23610
2015/02/16,Mon,1.24480,1.24650,1.24920,1.24200
2015/02/15,Sun,,,,
2015/02/14,Sat,,,,
2015/02/13,Fri,1.25080,1.24470,1.25380,1.24200
2015/02/12,Thu,1.26320,1.25030,1.26470,1.24380
2015/02/11,Wed,1.25860,1.26300,1.26990,1.25700
2015/02/10,Tue,1.24670,1.25860,1.26250,1.24490
2015/02/09,Mon,1.25400,1.24660,1.25460,1.24270
2015/02/08,Sun,,,,
2015/02/07,Sat,,,,
2015/02/06,Fri,1.24350,1.25230,1.25480,1.24160
2015/02/05,Thu,1.25750,1.24340,1.25880,1.23920
2015/02/04,Wed,1.24160,1.25730,1.25930,1.23880
2015/02/03,Tue,1.25640,1.24150,1.26450,1.23530
2015/02/02,Mon,1.27330,1.25660,1.27750,1.25550
2015/02/01,Sun,,,,
2015/01/31,Sat,,,,
2015/01/30,Fri,1.26160,1.27300,1.28000,1.26040
2015/01/29,Thu,1.25370,1.26160,1.26790,1.25090
2015/01/28,Wed,1.23960,1.25340,1.25390,1.23850
2015/01/27,Tue,1.24750,1.23990,1.25010,1.23780
2015/01/26,Mon,1.24440,1.24720,1.24910,1.24020
2015/01/25,Sun,,,,
2015/01/24,Sat,,,,
2015/01/23,Fri,1.23810,1.24180,1.24570,1.23580
2015/01/22,Thu,1.23400,1.23790,1.24210,1.23130
2015/01/21,Wed,1.21130,1.23390,1.23960,1.20620
2015/01/20,Tue,1.19440,1.21110,1.21160,1.19340
2015/01/19,Mon,1.19760,1.19370,1.19870,1.19320
2015/01/18,Sun,,,,
2015/01/17,Sat,,,,
2015/01/16,Fri,1.19600,1.19830,1.20480,1.19490
2015/01/15,Thu,1.19510,1.19580,1.19970,1.18010
2015/01/14,Wed,1.19590,1.19510,1.20180,1.19270
2015/01/13,Tue,1.19740,1.19550,1.19950,1.19240
2015/01/12,Mon,1.18640,1.19720,1.19760,1.18350
2015/01/11,Sun,,,,
2015/01/10,Sat,,,,
2015/01/09,Fri,1.18280,1.18660,1.18910,1.18040
2015/01/08,Thu,1.18130,1.18290,1.18450,1.17940
2015/01/07,Wed,1.18360,1.18120,1.18750,1.18110
2015/01/06,Tue,1.17630,1.18350,1.18410,1.17300
2015/01/05,Mon,1.17800,1.17620,1.18200,1.17410
2015/01/04,Sun,,,,
2015/01/03,Sat,,,,
2015/01/02,Fri,1.16130,1.17830,1.17870,1.15980
2015/01/01,Thu,1.16220,1.16150,1.16240,1.16110
2014/12/31,Wed,1.16120,1.16180,1.16290,1.15650
2014/12/30,Tue,1.16340,1.16100,1.16520,1.15950
2014/12/29,Mon,1.16180,1.16320,1.16500,1.16040
2014/12/28,Sun,,,,
2014/12/27,Sat,,,,
2014/12/26,Fri,1.16240,1.16250,1.16320,1.16030
2014/12/25,Thu,1.16240,1.16240,1.16340,1.16100
2014/12/24,Wed,1.16140,1.16230,1.16430,1.15880
2014/12/23,Tue,1.16280,1.16130,1.16690,1.15970
2014/12/22,Mon,1.15970,1.16250,1.16470,1.15770
2014/12/21,Sun,,,,
2014/12/20,Sat,,,,
2014/12/19,Fri,1.15760,1.15990,1.16330,1.15650
2014/12/18,Thu,1.16290,1.15750,1.16500,1.15670
2014/12/17,Wed,1.16300,1.16290,1.16730,1.15590
2014/12/16,Tue,1.16720,1.16250,1.16750,1.16060
2014/12/15,Mon,1.15800,1.16700,1.16750,1.15480
2014/12/14,Sun,,,,
2014/12/13,Sat,,,,
2014/12/12,Fri,1.15180,1.15810,1.15930,1.15140
2014/12/11,Thu,1.14810,1.15200,1.15510,1.14460
2014/12/10,Wed,1.14470,1.14810,1.15030,1.14330
2014/12/09,Tue,1.14810,1.14420,1.15020,1.13960
2014/12/08,Mon,1.14460,1.14780,1.14870,1.14240
2014/12/07,Sun,,,,
2014/12/06,Sat,,,,
2014/12/05,Fri,1.13840,1.14380,1.14770,1.13760
2014/12/04,Thu,1.13650,1.13840,1.13990,1.13380
2014/12/03,Wed,1.14110,1.13620,1.14200,1.13450
2014/12/02,Tue,1.13300,1.14050,1.14250,1.13150
2014/12/01,Mon,1.14220,1.13280,1.14600,1.13120
2014/11/30,Sun,,,,
2014/11/29,Sat,,,,
2014/11/28,Fri,1.13300,1.14130,1.14460,1.13250
2014/11/27,Thu,1.12470,1.13270,1.13560,1.12330
2014/11/26,Wed,1.12610,1.12420,1.12990,1.12260
2014/11/25,Tue,1.12790,1.12560,1.13180,1.12300
2014/11/24,Mon,1.12420,1.12770,1.13140,1.12240
2014/11/23,Sun,,,,
2014/11/22,Sat,,,,
2014/11/21,Fri,1.13070,1.12290,1.13280,1.11910
2014/11/20,Thu,1.13420,1.12980,1.13700,1.12900
2014/11/19,Wed,1.12960,1.13400,1.13610,1.12930
2014/11/18,Tue,1.13070,1.12940,1.13250,1.12570
2014/11/17,Mon,1.12870,1.13030,1.13290,1.12680
2014/11/16,Sun,,,,
2014/11/15,Sat,,,,
2014/11/14,Fri,1.13670,1.12870,1.13950,1.12620
2014/11/13,Thu,1.13190,1.13650,1.13930,1.12980
2014/11/12,Wed,1.13360,1.13140,1.13610,1.12790
2014/11/11,Tue,1.13810,1.13300,1.14030,1.13150
2014/11/10,Mon,1.13300,1.13780,1.13860,1.12990
2014/11/09,Sun,,,,
2014/11/08,Sat,,,,
2014/11/07,Fri,1.14230,1.13260,1.14500,1.13100
2014/11/06,Thu,1.13860,1.14210,1.14450,1.13770
2014/11/05,Wed,1.14100,1.13850,1.14680,1.13690
2014/11/04,Tue,1.13580,1.14080,1.14280,1.13380
2014/11/03,Mon,1.12660,1.13570,1.13780,1.12630
2014/11/02,Sun,,,,
2014/11/01,Sat,,,,
2014/10/31,Fri,1.11870,1.12650,1.13340,1.11790
2014/10/30,Thu,1.11830,1.11850,1.12250,1.11620
2014/10/29,Wed,1.11660,1.11780,1.12250,1.11200
2014/10/28,Tue,1.12470,1.11640,1.12540,1.11630
2014/10/27,Mon,1.12370,1.12440,1.12570,1.12120
2014/10/26,Sun,,,,
2014/10/25,Sat,,,,
2014/10/24,Fri,1.12290,1.12290,1.12450,1.11920
2014/10/23,Thu,1.12390,1.12280,1.12650,1.12050
2014/10/22,Wed,1.12230,1.12360,1.12950,1.11830
2014/10/21,Tue,1.12840,1.12180,1.12980,1.12010
2014/10/20,Mon,1.12710,1.12830,1.12950,1.12500
2014/10/19,Sun,,,,
2014/10/18,Sat,,,,
2014/10/17,Fri,1.12580,1.12750,1.12840,1.12080
2014/10/16,Thu,1.12540,1.12540,1.13620,1.12270
2014/10/15,Wed,1.12970,1.12530,1.13870,1.12240
2014/10/14,Tue,1.11980,1.12930,1.13150,1.11860
2014/10/13,Mon,1.11780,1.11960,1.12210,1.11700
2014/10/12,Sun,,,,
2014/10/11,Sat,,,,
2014/10/10,Fri,1.11860,1.11980,1.12230,1.11600
2014/10/09,Thu,1.11070,1.11830,1.11890,1.10790
2014/10/08,Wed,1.11740,1.11050,1.12120,1.10920
2014/10/07,Tue,1.11320,1.11720,1.11980,1.11260
2014/10/06,Mon,1.12540,1.11300,1.12670,1.11090
2014/10/05,Sun,,,,
2014/10/04,Sat,,,,
2014/10/03,Fri,1.11580,1.12420,1.12710,1.11530
2014/10/02,Thu,1.11640,1.11540,1.11800,1.10690
2014/10/01,Wed,1.11970,1.11620,1.12250,1.11590
2014/09/30,Tue,1.11650,1.11960,1.12210,1.11320
2014/09/29,Mon,1.11550,1.11610,1.11800,1.11280
2014/09/28,Sun,,,,
2014/09/27,Sat,,,,
2014/09/26,Fri,1.11100,1.11500,1.11700,1.10900
2014/09/25,Thu,1.10580,1.11080,1.11280,1.10540
2014/09/24,Wed,1.10790,1.10550,1.11230,1.10510
2014/09/23,Tue,1.10430,1.10750,1.10850,1.09830
2014/09/22,Mon,1.09530,1.10430,1.10450,1.09260
2014/09/21,Sun,,,,
2014/09/20,Sat,,,,
2014/09/19,Fri,1.09360,1.09610,1.09820,1.08860
2014/09/18,Thu,1.09980,1.09320,1.10250,1.09270
2014/09/17,Wed,1.09740,1.09960,1.10210,1.09250
2014/09/16,Tue,1.10540,1.09670,1.10730,1.09640
2014/09/15,Mon,1.10930,1.10530,1.11010,1.10340
2014/09/14,Sun,,,,
2014/09/13,Sat,,,,
2014/09/12,Fri,1.10350,1.10920,1.10990,1.10280
2014/09/11,Thu,1.09370,1.10300,1.10600,1.09320
2014/09/10,Wed,1.09850,1.09320,1.10160,1.09320
2014/09/09,Tue,1.09740,1.09790,1.10330,1.09630
2014/09/08,Mon,1.08840,1.09730,1.09840,1.08800
2014/09/07,Sun,,,,
2014/09/06,Sat,,,,
2014/09/05,Fri,1.08710,1.08780,1.09030,1.08410
2014/09/04,Thu,1.08880,1.08740,1.09110,1.08190
2014/09/03,Wed,1.09290,1.08860,1.09440,1.08680
2014/09/02,Tue,1.08710,1.09260,1.09370,1.08660
2014/09/01,Mon,1.08770,1.08700,1.08800,1.08550
2014/08/31,Sun,,,,
2014/08/30,Sat,,,,
2014/08/29,Fri,1.08620,1.08750,1.08810,1.08090
2014/08/28,Thu,1.08650,1.08600,1.08710,1.08340
2014/08/27,Wed,1.09530,1.08630,1.09580,1.08260
2014/08/26,Tue,1.09860,1.09490,1.09990,1.09390
2014/08/25,Mon,1.09560,1.09820,1.09880,1.09420
2014/08/24,Sun,,,,
2014/08/23,Sat,,,,
2014/08/22,Fri,1.09410,1.09440,1.09810,1.09260
2014/08/21,Thu,1.09700,1.09410,1.09880,1.09380
2014/08/20,Wed,1.09420,1.09660,1.09750,1.09300
2014/08/19,Tue,1.08880,1.09400,1.09510,1.08830
2014/08/18,Mon,1.08920,1.08850,1.09010,1.08730
2014/08/17,Sun,,,,
2014/08/16,Sat,,,,
2014/08/15,Fri,1.09040,1.08930,1.09200,1.08580
2014/08/14,Thu,1.09130,1.08990,1.09230,1.08850
2014/08/13,Wed,1.09240,1.09100,1.09420,1.09040
2014/08/12,Tue,1.09210,1.09230,1.09550,1.09120
2014/08/11,Mon,1.09720,1.09210,1.09790,1.09160
2014/08/10,Sun,,,,
2014/08/09,Sat,,,,
2014/08/08,Fri,1.09270,1.09710,1.09860,1.09080
2014/08/07,Thu,1.09150,1.09250,1.09400,1.09020
2014/08/06,Wed,1.09620,1.09130,1.09870,1.09090
2014/08/05,Tue,1.09050,1.09580,1.09780,1.09040
2014/08/04,Mon,1.09170,1.09050,1.09360,1.09040
2014/08/03,Sun,,,,
2014/08/02,Sat,,,,
2014/08/01,Fri,1.09070,1.09140,1.09450,1.08830
2014/07/31,Thu,1.09030,1.09040,1.09310,1.08750
2014/07/30,Wed,1.08500,1.09010,1.09190,1.08460
2014/07/29,Tue,1.07980,1.08500,1.08670,1.07940
2014/07/28,Mon,1.08150,1.07940,1.08230,1.07950
2014/07/27,Sun,,,,
2014/07/26,Sat,,,,
2014/07/25,Fri,1.07450,1.08100,1.08220,1.07350
2014/07/24,Thu,1.07280,1.07430,1.07530,1.07150
2014/07/23,Wed,1.07390,1.07260,1.07470,1.07090
2014/07/22,Tue,1.07390,1.07370,1.07610,1.07280
2014/07/21,Mon,1.07370,1.07340,1.07540,1.07240
2014/07/20,Sun,,,,
2014/07/19,Sat,,,,
2014/07/18,Fri,1.07610,1.07290,1.07680,1.07080
2014/07/17,Thu,1.07420,1.07610,1.07660,1.07250
2014/07/16,Wed,1.07590,1.07400,1.07960,1.07220
2014/07/15,Tue,1.07100,1.07560,1.07710,1.07070
2014/07/14,Mon,1.07340,1.07080,1.07490,1.07070
2014/07/13,Sun,,,,
2014/07/12,Sat,,,,
2014/07/11,Fri,1.06500,1.07310,1.07380,1.06280
2014/07/10,Thu,1.06510,1.06470,1.06780,1.06420
2014/07/09,Wed,1.06800,1.06500,1.06850,1.06390
2014/07/08,Tue,1.06840,1.06760,1.06960,1.06600
2014/07/07,Mon,1.06540,1.06820,1.06860,1.06290
2014/07/06,Sun,,,,
2014/07/05,Sat,,,,
2014/07/04,Fri,1.06350,1.06530,1.06610,1.06280
2014/07/03,Thu,1.06630,1.06330,1.06820,1.06180
2014/07/02,Wed,1.06310,1.06620,1.06720,1.06240
2014/07/01,Tue,1.06720,1.06310,1.06800,1.06280
2014/06/30,Mon,1.06620,1.06670,1.06980,1.06450
2014/06/29,Sun,,,,
2014/06/28,Sat,,,,
2014/06/27,Fri,1.06860,1.06650,1.06980,1.06580
2014/06/26,Thu,1.07200,1.06880,1.07260,1.06810
2014/06/25,Wed,1.07440,1.07150,1.07530,1.07150
2014/06/24,Tue,1.07300,1.07430,1.07470,1.07130
2014/06/23,Mon,1.07630,1.07270,1.07660,1.07160
2014/06/22,Sun,,,,
2014/06/21,Sat,,,,
2014/06/20,Fri,1.08190,1.07570,1.08270,1.07490
2014/06/19,Thu,1.08370,1.08150,1.08450,1.08070
2014/06/18,Wed,1.08620,1.08360,1.08880,1.08330
2014/06/17,Tue,1.08430,1.08580,1.08770,1.08380
2014/06/16,Mon,1.08590,1.08420,1.08840,1.08350
2014/06/15,Sun,,,,
2014/06/14,Sat,,,,
2014/06/13,Fri,1.08570,1.08540,1.08710,1.08450
2014/06/12,Thu,1.08690,1.08500,1.08710,1.08390
2014/06/11,Wed,1.09040,1.08650,1.09090,1.08590
2014/06/10,Tue,1.09050,1.08990,1.09230,1.08880
2014/06/09,Mon,1.09280,1.09020,1.09430,1.08990
2014/06/08,Sun,,,,
2014/06/07,Sat,,,,
2014/06/06,Fri,1.09250,1.09320,1.09490,1.09070
2014/06/05,Thu,1.09370,1.09230,1.09620,1.09140
2014/06/04,Wed,1.09090,1.09380,1.09570,1.09050
2014/06/03,Tue,1.09000,1.09050,1.09240,1.08880
2014/06/02,Mon,1.08460,1.08990,1.09130,1.08380
2014/06/01,Sun,,,,
2014/05/31,Sat,,,,
2014/05/30,Fri,1.08370,1.08410,1.08700,1.08200
2014/05/29,Thu,1.08750,1.08340,1.08800,1.08230
2014/05/28,Wed,1.08560,1.08710,1.08880,1.08400
2014/05/27,Tue,1.08600,1.08530,1.08760,1.08330
2014/05/26,Mon,1.08710,1.08570,1.08760,1.08500
2014/05/25,Sun,,,,
2014/05/24,Sat,,,,
2014/05/23,Fri,1.08900,1.08610,1.09100,1.08600
2014/05/22,Thu,1.09130,1.08860,1.09320,1.08840
2014/05/21,Wed,1.09080,1.09120,1.09440,1.08920
2014/05/20,Tue,1.08760,1.09060,1.09180,1.08650
2014/05/19,Mon,1.08610,1.08740,1.08780,1.08490
2014/05/18,Sun,,,,
2014/05/17,Sat,,,,
2014/05/16,Fri,1.08860,1.08550,1.08900,1.08530
2014/05/15,Thu,1.08880,1.08850,1.08920,1.08500
2014/05/14,Wed,1.09070,1.08870,1.09230,1.08680
2014/05/13,Tue,1.08950,1.09020,1.09280,1.08850
2014/05/12,Mon,1.09030,1.08940,1.09090,1.08730
2014/05/11,Sun,,,,
2014/05/10,Sat,,,,
2014/05/09,Fri,1.08330,1.08930,1.09180,1.08140
2014/05/08,Thu,1.09000,1.08300,1.09050,1.08120
2014/05/07,Wed,1.08920,1.08980,1.09090,1.08750
2014/05/06,Tue,1.09560,1.08910,1.09630,1.08720
2014/05/05,Mon,1.09780,1.09530,1.09910,1.09470
2014/05/04,Sun,,,,
2014/05/03,Sat,,,,
2014/05/02,Fri,1.09560,1.09730,1.10070,1.09360
2014/05/01,Thu,1.09620,1.09540,1.09970,1.09500
2014/04/30,Wed,1.09440,1.09580,1.09810,1.09400
2014/04/29,Tue,1.10290,1.09410,1.10310,1.09410
2014/04/28,Mon,1.10380,1.10270,1.10440,1.10150
2014/04/27,Sun,,,,
2014/04/26,Sat,,,,
2014/04/25,Fri,1.10210,1.10360,1.10490,1.10130
2014/04/24,Thu,1.10330,1.10200,1.10400,1.10120
2014/04/23,Wed,1.10270,1.10310,1.10550,1.10150
2014/04/22,Tue,1.10100,1.10230,1.10440,1.09980
2014/04/21,Mon,1.10200,1.10090,1.10330,1.10060
2014/04/20,Sun,,,,
2014/04/19,Sat,,,,
2014/04/18,Fri,1.10030,1.10140,1.10300,1.09960
2014/04/17,Thu,1.10100,1.10010,1.10210,1.09820
2014/04/16,Wed,1.09780,1.10080,1.10360,1.09590
2014/04/15,Tue,1.09620,1.09730,1.10140,1.09570
2014/04/14,Mon,1.09620,1.09600,1.09940,1.09400
2014/04/13,Sun,,,,
2014/04/12,Sat,,,,
2014/04/11,Fri,1.09360,1.09790,1.09860,1.09160
2014/04/10,Thu,1.08790,1.09330,1.09380,1.08650
2014/04/09,Wed,1.09200,1.08770,1.09440,1.08560
2014/04/08,Tue,1.09760,1.09210,1.09790,1.09100
2014/04/07,Mon,1.09790,1.09710,1.10110,1.09600
2014/04/06,Sun,,,,
2014/04/05,Sat,,,,
2014/04/04,Fri,1.10370,1.09780,1.10440,1.09550
2014/04/03,Thu,1.10330,1.10310,1.10470,1.10040
2014/04/02,Wed,1.10240,1.10290,1.10490,1.10020
2014/04/01,Tue,1.10500,1.10210,1.10720,1.10100
2014/03/31,Mon,1.10650,1.10480,1.10700,1.10010
2014/03/30,Sun,,,,
2014/03/29,Sat,,,,
2014/03/28,Fri,1.10330,1.10600,1.10790,1.10000
2014/03/27,Thu,1.11020,1.10300,1.11080,1.10130
2014/03/26,Wed,1.11670,1.10990,1.11720,1.10800
2014/03/25,Tue,1.11910,1.11650,1.12120,1.11540
2014/03/24,Mon,1.12200,1.11910,1.12480,1.11830
2014/03/23,Sun,,,,
2014/03/22,Sat,,,,
2014/03/21,Fri,1.12430,1.12190,1.12640,1.11730
2014/03/20,Thu,1.12400,1.12390,1.12800,1.12320
2014/03/19,Wed,1.11360,1.12340,1.12720,1.11200
2014/03/18,Tue,1.10520,1.11340,1.11480,1.10250
2014/03/17,Mon,1.11010,1.10510,1.11090,1.10430
2014/03/16,Sun,,,,
2014/03/15,Sat,,,,
2014/03/14,Fri,1.10710,1.11020,1.11120,1.10620
2014/03/13,Thu,1.11180,1.10730,1.11240,1.10410
2014/03/12,Wed,1.11060,1.11180,1.11550,1.10890
2014/03/11,Tue,1.11070,1.11030,1.11330,1.10690
2014/03/10,Mon,1.10780,1.11070,1.11320,1.10710
2014/03/09,Sun,,,,
2014/03/08,Sat,,,,
2014/03/07,Fri,1.09860,1.10810,1.11020,1.09770
2014/03/06,Thu,1.10290,1.09840,1.10480,1.09530
2014/03/05,Wed,1.10900,1.10250,1.11020,1.10270
2014/03/04,Tue,1.10770,1.10910,1.11190,1.10600
2014/03/03,Mon,1.10540,1.10760,1.11110,1.10380
2014/03/02,Sun,,,,
2014/03/01,Sat,,,,
2014/02/28,Fri,1.11210,1.10640,1.11370,1.10400
2014/02/27,Thu,1.11280,1.11180,1.11610,1.11160
2014/02/26,Wed,1.10840,1.11260,1.11460,1.10710
2014/02/25,Tue,1.10620,1.10810,1.10980,1.10520
2014/02/24,Mon,1.11130,1.10550,1.11440,1.10520
2014/02/23,Sun,,,,
2014/02/22,Sat,,,,
2014/02/21,Fri,1.11000,1.11090,1.11810,1.10900
2014/02/20,Thu,1.10800,1.10950,1.11140,1.10580
2014/02/19,Wed,1.09490,1.10760,1.10880,1.09080
2014/02/18,Tue,1.09630,1.09450,1.09780,1.09380
2014/02/17,Mon,1.09910,1.09600,1.09990,1.09520
2014/02/16,Sun,,,,
2014/02/15,Sat,,,,
2014/02/14,Fri,1.09770,1.09770,1.09910,1.09380
2014/02/13,Thu,1.10030,1.09720,1.10280,1.09520
2014/02/12,Wed,1.10080,1.09990,1.10270,1.09730
2014/02/11,Tue,1.10530,1.10040,1.10920,1.10000
2014/02/10,Mon,1.10340,1.10540,1.10640,1.10170
2014/02/09,Sun,,,,
2014/02/08,Sat,,,,
2014/02/07,Fri,1.10710,1.10310,1.10810,1.09660
2014/02/06,Thu,1.10830,1.10680,1.11240,1.10480
2014/02/05,Wed,1.10820,1.10820,1.11230,1.10360
2014/02/04,Tue,1.11200,1.10810,1.11250,1.10460
2014/02/03,Mon,1.11320,1.11160,1.11370,1.10400
2014/02/02,Sun,,,,
2014/02/01,Sat,,,,
2014/01/31,Fri,1.11570,1.11260,1.12260,1.10860
2014/01/30,Thu,1.11700,1.11550,1.12000,1.11490
2014/01/29,Wed,1.11540,1.11700,1.11880,1.11010
2014/01/28,Tue,1.11170,1.11470,1.11790,1.10760
2014/01/27,Mon,1.10830,1.11130,1.11190,1.10290
2014/01/26,Sun,,,,
2014/01/25,Sat,,,,
2014/01/24,Fri,1.11010,1.10870,1.11390,1.10520
2014/01/23,Thu,1.10870,1.11000,1.11750,1.10800
2014/01/22,Wed,1.09680,1.10830,1.10940,1.09510
2014/01/21,Tue,1.09490,1.09650,1.10200,1.09400
2014/01/20,Mon,1.09630,1.09440,1.09740,1.09290
2014/01/19,Sun,,,,
2014/01/18,Sat,,,,
2014/01/17,Fri,1.09300,1.09600,1.09850,1.09240
2014/01/16,Thu,1.09350,1.09290,1.09640,1.09030
2014/01/15,Wed,1.09470,1.09330,1.09930,1.09180
2014/01/14,Tue,1.08630,1.09420,1.09610,1.08570
2014/01/13,Mon,1.08920,1.08610,1.09310,1.08410
2014/01/12,Sun,,,,
2014/01/11,Sat,,,,
2014/01/10,Fri,1.08400,1.08910,1.09470,1.08350
2014/01/09,Thu,1.08170,1.08370,1.08760,1.08160
2014/01/08,Wed,1.07660,1.08180,1.08310,1.07580
2014/01/07,Tue,1.06560,1.07640,1.07830,1.06500
2014/01/06,Mon,1.06360,1.06530,1.06820,1.06080
2014/01/05,Sun,,,,
2014/01/04,Sat,,,,
2014/01/03,Fri,1.06710,1.06320,1.06740,1.06010
2014/01/02,Thu,1.06440,1.06680,1.06790,1.05870
2014/01/01,Wed,1.06230,1.06410,1.06500,1.06190
2013/12/31,Tue,1.06500,1.06200,1.06590,1.06120
2013/12/30,Mon,1.07020,1.06450,1.07300,1.06340
2013/12/29,Sun,,,,
2013/12/28,Sat,,,,
2013/12/27,Fri,1.06480,1.07030,1.07200,1.06180
2013/12/26,Thu,1.06310,1.06450,1.06510,1.06150
2013/12/25,Wed,1.06310,1.06330,1.06410,1.06040
2013/12/24,Tue,1.06060,1.06290,1.06380,1.06040
2013/12/23,Mon,1.06400,1.06030,1.06550,1.05790
2013/12/22,Sun,,,,
2013/12/21,Sat,,,,
2013/12/20,Fri,1.06640,1.06340,1.07390,1.06290
2013/12/19,Thu,1.07030,1.06620,1.07290,1.06600
2013/12/18,Wed,1.06070,1.07000,1.07040,1.06010
2013/12/17,Tue,1.05970,1.06050,1.06200,1.05750
2013/12/16,Mon,1.05870,1.05940,1.06000,1.05720
2013/12/15,Sun,,,,
2013/12/14,Sat,,,,
2013/12/13,Fri,1.06390,1.05820,1.06710,1.05780
2013/12/12,Thu,1.05910,1.06380,1.06580,1.05590
2013/12/11,Wed,1.06020,1.05880,1.06220,1.05830
2013/12/10,Tue,1.06270,1.05990,1.06470,1.06000
2013/12/09,Mon,1.06380,1.06270,1.06710,1.06230
2013/12/08,Sun,,,,
2013/12/07,Sat,,,,
2013/12/06,Fri,1.06540,1.06340,1.07070,1.06200
2013/12/05,Thu,1.06840,1.06520,1.07010,1.06240
2013/12/04,Wed,1.06500,1.06800,1.07090,1.06350
2013/12/03,Tue,1.06440,1.06460,1.06740,1.06290
2013/12/02,Mon,1.06140,1.06410,1.06550,1.06050
2013/12/01,Sun,,,,
2013/11/30,Sat,,,,
2013/11/29,Fri,1.05810,1.06140,1.06300,1.05570
2013/11/28,Thu,1.05960,1.05780,1.06000,1.05680
2013/11/27,Wed,1.05420,1.05940,1.06040,1.05290
2013/11/26,Tue,1.05430,1.05390,1.05600,1.05190
2013/11/25,Mon,1.05180,1.05420,1.05850,1.05150
2013/11/24,Sun,,,,
2013/11/23,Sat,,,,
2013/11/22,Fri,1.05170,1.05130,1.05700,1.05110
2013/11/21,Thu,1.04540,1.05160,1.05280,1.04440
2013/11/20,Wed,1.04690,1.04530,1.04760,1.04340
2013/11/19,Tue,1.04290,1.04690,1.04860,1.04140
2013/11/18,Mon,1.04400,1.04260,1.04480,1.04140
2013/11/17,Sun,,,,
2013/11/16,Sat,,,,
2013/11/15,Fri,1.04630,1.04380,1.04860,1.04340
2013/11/14,Thu,1.04550,1.04590,1.05270,1.04390
2013/11/13,Wed,1.04950,1.04530,1.04980,1.04500
2013/11/12,Tue,1.04780,1.04950,1.05100,1.04630
2013/11/11,Mon,1.04820,1.04750,1.04890,1.04640
2013/11/10,Sun,,,,
2013/11/09,Sat,,,,
2013/11/08,Fri,1.04620,1.04780,1.05050,1.04430
2013/11/07,Thu,1.04190,1.04570,1.04650,1.04020
2013/11/06,Wed,1.04560,1.04180,1.04610,1.04100
2013/11/05,Tue,1.04250,1.04520,1.04640,1.04150
2013/11/04,Mon,1.04230,1.04200,1.04320,1.03960
2013/11/03,Sun,,,,
2013/11/02,Sat,,,,
2013/11/01,Fri,1.04310,1.04190,1.04550,1.04090
2013/10/31,Thu,1.04810,1.04280,1.04920,1.04090
2013/10/30,Wed,1.04700,1.04780,1.04980,1.04400
2013/10/29,Tue,1.04460,1.04670,1.04730,1.04270
2013/10/28,Mon,1.04500,1.04420,1.04530,1.04280
2013/10/27,Sun,,,,
2013/10/26,Sat,,,,
2013/10/25,Fri,1.04210,1.04470,1.04630,1.04080
2013/10/24,Thu,1.03820,1.04210,1.04390,1.03650
2013/10/23,Wed,1.02860,1.03810,1.03990,1.02800
2013/10/22,Tue,1.03030,1.02840,1.03120,1.02690
2013/10/21,Mon,1.02940,1.03000,1.03060,1.02850
2013/10/20,Sun,,,,
2013/10/19,Sat,,,,
2013/10/18,Fri,1.02900,1.02850,1.03030,1.02750
2013/10/17,Thu,1.03260,1.02880,1.03340,1.02790
2013/10/16,Wed,1.03830,1.03260,1.03870,1.03230
2013/10/15,Tue,1.03540,1.03790,1.03930,1.03290
2013/10/14,Mon,1.03520,1.03520,1.03770,1.03410
2013/10/13,Sun,,,,
2013/10/12,Sat,,,,
2013/10/11,Fri,1.03990,1.03470,1.04140,1.03400
2013/10/10,Thu,1.03950,1.03960,1.04210,1.03690
2013/10/09,Wed,1.03680,1.03910,1.04090,1.03510
2013/10/08,Tue,1.03130,1.03650,1.03750,1.03050
2013/10/07,Mon,1.02900,1.03110,1.03350,1.02860
2013/10/06,Sun,,,,
2013/10/05,Sat,,,,
2013/10/04,Fri,1.03340,1.02940,1.03420,1.02880
2013/10/03,Thu,1.03370,1.03320,1.03410,1.03110
2013/10/02,Wed,1.03240,1.03350,1.03580,1.03200
2013/10/01,Tue,1.03090,1.03220,1.03380,1.02860
2013/09/30,Mon,1.03030,1.03080,1.03210,1.02740
2013/09/29,Sun,,,,
2013/09/28,Sat,,,,
2013/09/27,Fri,1.03090,1.03030,1.03340,1.02960
2013/09/26,Thu,1.03140,1.03080,1.03420,1.03010
2013/09/25,Wed,1.03010,1.03120,1.03210,1.02840
2013/09/24,Tue,1.02840,1.03000,1.03120,1.02710
2013/09/23,Mon,1.03000,1.02810,1.03190,1.02720
2013/09/22,Sun,,,,
2013/09/21,Sat,,,,
2013/09/20,Fri,1.02660,1.03040,1.03120,1.02610
2013/09/19,Thu,1.02230,1.02610,1.02690,1.01810
2013/09/18,Wed,1.02970,1.02170,1.03190,1.02010
2013/09/17,Tue,1.03240,1.02940,1.03360,1.02750
2013/09/16,Mon,1.03530,1.03230,1.03590,1.02810
2013/09/15,Sun,,,,
2013/09/14,Sat,,,,
2013/09/13,Fri,1.03220,1.03500,1.03580,1.03190
2013/09/12,Thu,1.03200,1.03210,1.03380,1.03040
2013/09/11,Wed,1.03470,1.03190,1.03670,1.03110
2013/09/10,Tue,1.03710,1.03480,1.03810,1.03280
2013/09/09,Mon,1.04080,1.03700,1.04230,1.03580
2013/09/08,Sun,,,,
2013/09/07,Sat,,,,
2013/09/06,Fri,1.05050,1.04020,1.05070,1.03800
2013/09/05,Thu,1.04960,1.05030,1.05180,1.04740
2013/09/04,Wed,1.05350,1.04910,1.05440,1.04730
2013/09/03,Tue,1.05450,1.05310,1.05620,1.05070
2013/09/02,Mon,1.05220,1.05430,1.05590,1.05130
2013/09/01,Sun,,,,
2013/08/31,Sat,,,,
2013/08/30,Fri,1.05320,1.05340,1.05600,1.05070
2013/08/29,Thu,1.04860,1.05300,1.05430,1.04770
2013/08/28,Wed,1.04720,1.04840,1.05130,1.04710
2013/08/27,Tue,1.05010,1.04730,1.05420,1.04700
2013/08/26,Mon,1.04980,1.04980,1.05350,1.04940
2013/08/25,Sun,,,,
2013/08/24,Sat,,,,
2013/08/23,Fri,1.05160,1.04940,1.05700,1.04940
2013/08/22,Thu,1.04750,1.05150,1.05320,1.04680
2013/08/21,Wed,1.03920,1.04720,1.04840,1.03860
2013/08/20,Tue,1.03460,1.03890,1.04030,1.03380
2013/08/19,Mon,1.03350,1.03440,1.03500,1.03150
2013/08/18,Sun,,,,
2013/08/17,Sat,,,,
2013/08/16,Fri,1.03050,1.03350,1.03620,1.02910
2013/08/15,Thu,1.03430,1.03040,1.03660,1.02980
2013/08/14,Wed,1.03430,1.03390,1.03710,1.03160
2013/08/13,Tue,1.03070,1.03420,1.03500,1.03010
2013/08/12,Mon,1.02940,1.03050,1.03180,1.02800
2013/08/11,Sun,,,,
2013/08/10,Sat,,,,
2013/08/09,Fri,1.03280,1.02860,1.03550,1.02740
2013/08/08,Thu,1.04230,1.03240,1.04320,1.03020
2013/08/07,Wed,1.03770,1.04220,1.04470,1.03670
2013/08/06,Tue,1.03600,1.03740,1.03920,1.03470
2013/08/05,Mon,1.03850,1.03580,1.04050,1.03580
2013/08/04,Sun,,,,
2013/08/03,Sat,,,,
2013/08/02,Fri,1.03470,1.03850,1.04040,1.03380
2013/08/01,Thu,1.02770,1.03450,1.03530,1.02650
2013/07/31,Wed,1.03090,1.02750,1.03370,1.02450
2013/07/30,Tue,1.02660,1.03070,1.03120,1.02570
2013/07/29,Mon,1.02820,1.02640,1.02880,1.02520
2013/07/28,Sun,,,,
2013/07/27,Sat,,,,
2013/07/26,Fri,1.02800,1.02800,1.03050,1.02600
2013/07/25,Thu,1.03170,1.02770,1.03220,1.02530
2013/07/24,Wed,1.02860,1.03150,1.03270,1.02600
2013/07/23,Tue,1.03340,1.02850,1.03510,1.02750
2013/07/22,Mon,1.03660,1.03340,1.03710,1.03190
2013/07/21,Sun,,,,
2013/07/20,Sat,,,,
2013/07/19,Fri,1.03790,1.03650,1.03950,1.03530
2013/07/18,Thu,1.04040,1.03740,1.04410,1.03730
2013/07/17,Wed,1.03680,1.04020,1.04410,1.03540
2013/07/16,Tue,1.04290,1.03670,1.04440,1.03610
2013/07/15,Mon,1.03900,1.04260,1.04350,1.03770
2013/07/14,Sun,,,,
2013/07/13,Sat,,,,
2013/07/12,Fri,1.03660,1.03920,1.04060,1.03570
2013/07/11,Thu,1.04670,1.03630,1.04760,1.03220
2013/07/10,Wed,1.05220,1.04640,1.05420,1.04440
2013/07/09,Tue,1.05610,1.05200,1.05760,1.05110
2013/07/08,Mon,1.05670,1.05550,1.05900,1.05430
2013/07/07,Sun,,,,
2013/07/06,Sat,,,,
2013/07/05,Fri,1.05110,1.05770,1.06100,1.05090
2013/07/04,Thu,1.05050,1.05100,1.05590,1.04690
2013/07/03,Wed,1.05410,1.05000,1.05660,1.05000
2013/07/02,Tue,1.04970,1.05430,1.05800,1.04900
2013/07/01,Mon,1.05160,1.04950,1.05370,1.04860
2013/06/30,Sun,,,,
2013/06/29,Sat,,,,
2013/06/28,Fri,1.04770,1.05180,1.05550,1.04500
2013/06/27,Thu,1.04690,1.04760,1.05060,1.04210
2013/06/26,Wed,1.05150,1.04670,1.05300,1.04560
2013/06/25,Tue,1.05000,1.05110,1.05490,1.04540
2013/06/24,Mon,1.04510,1.04960,1.05580,1.04490
2013/06/23,Sun,,,,
2013/06/22,Sat,,,,
2013/06/21,Fri,1.03890,1.04550,1.04900,1.03610
2013/06/20,Thu,1.02740,1.03880,1.03960,1.02630
2013/06/19,Wed,1.02110,1.02720,1.02880,1.01720
2013/06/18,Tue,1.01850,1.02090,1.02190,1.01730
2013/06/17,Mon,1.01690,1.01820,1.02070,1.01470
2013/06/16,Sun,,,,
2013/06/15,Sat,,,,
2013/06/14,Fri,1.01580,1.01670,1.01880,1.01340
2013/06/13,Thu,1.02130,1.01560,1.02270,1.01450
2013/06/12,Wed,1.01850,1.02070,1.02190,1.01530
2013/06/11,Tue,1.01910,1.01840,1.02520,1.01730
2013/06/10,Mon,1.02020,1.01910,1.02260,1.01660
2013/06/09,Sun,,,,
2013/06/08,Sat,,,,
2013/06/07,Fri,1.02610,1.01940,1.02890,1.01660
2013/06/06,Thu,1.03450,1.02610,1.03680,1.01970
2013/06/05,Wed,1.03410,1.03440,1.03820,1.03260
2013/06/04,Tue,1.02770,1.03390,1.03630,1.02730
2013/06/03,Mon,1.03630,1.02760,1.03870,1.02610
2013/06/02,Sun,,,,
2013/06/01,Sat,,,,
2013/05/31,Fri,1.02980,1.03750,1.03830,1.02910
2013/05/30,Thu,1.03520,1.02960,1.03890,1.02920
2013/05/29,Wed,1.03980,1.03510,1.04220,1.03430
2013/05/28,Tue,1.03410,1.03970,1.04100,1.03220
2013/05/27,Mon,1.03120,1.03370,1.03440,1.02990
2013/05/26,Sun,,,,
2013/05/25,Sat,,,,
2013/05/24,Fri,1.03050,1.03170,1.03580,1.02990
2013/05/23,Thu,1.03680,1.03020,1.03950,1.02860
2013/05/22,Wed,1.02650,1.03670,1.03890,1.02500
2013/05/21,Tue,1.02410,1.02630,1.03230,1.02350
2013/05/20,Mon,1.02800,1.02400,1.02980,1.02160
2013/05/19,Sun,,,,
2013/05/18,Sat,,,,
2013/05/17,Fri,1.01970,1.02760,1.03140,1.01780
2013/05/16,Thu,1.01540,1.01920,1.02090,1.01470
2013/05/15,Wed,1.01810,1.01570,1.02200,1.01550
2013/05/14,Tue,1.01070,1.01790,1.01850,1.00880
2013/05/13,Mon,1.00920,1.01040,1.01350,1.00800
2013/05/12,Sun,,,,
2013/05/11,Sat,,,,
2013/05/10,Fri,1.00680,1.00980,1.01540,1.00610
2013/05/09,Thu,1.00320,1.00670,1.00910,1.00130
2013/05/08,Wed,1.00420,1.00280,1.00600,1.00170
2013/05/07,Tue,1.00700,1.00420,1.00840,1.00350
2013/05/06,Mon,1.00810,1.00670,1.00980,1.00630
2013/05/05,Sun,,,,
2013/05/04,Sat,,,,
2013/05/03,Fri,1.01050,1.00790,1.01340,1.00740
2013/05/02,Thu,1.00840,1.01020,1.01110,1.00570
2013/05/01,Wed,1.00730,1.00830,1.01020,1.00490
2013/04/30,Tue,1.01120,1.00710,1.01250,1.00550
2013/04/29,Mon,1.01730,1.01080,1.01740,1.01050
2013/04/28,Sun,,,,
2013/04/27,Sat,,,,
2013/04/26,Fri,1.01990,1.01660,1.02160,1.01560
2013/04/25,Thu,1.02570,1.01960,1.02620,1.01850
2013/04/24,Wed,1.02540,1.02550,1.02800,1.02450
2013/04/23,Tue,1.02570,1.02560,1.02870,1.02490
2013/04/22,Mon,1.02580,1.02520,1.02870,1.02470
2013/04/21,Sun,,,,
2013/04/20,Sat,,,,
2013/04/19,Fri,1.02610,1.02620,1.02710,1.02300
2013/04/18,Thu,1.02670,1.02580,1.02790,1.02280
2013/04/17,Wed,1.02080,1.02610,1.02950,1.02050
2013/04/16,Tue,1.02560,1.02050,1.02590,1.02010
2013/04/15,Mon,1.01330,1.02540,1.02610,1.01260
2013/04/14,Sun,,,,
2013/04/13,Sat,,,,
2013/04/12,Fri,1.01050,1.01330,1.01470,1.00920
2013/04/11,Thu,1.01430,1.01020,1.01580,1.00810
2013/04/10,Wed,1.01620,1.01410,1.01710,1.01380
2013/04/09,Tue,1.01660,1.01630,1.01770,1.01320
2013/04/08,Mon,1.01720,1.01640,1.02160,1.01540
2013/04/07,Sun,,,,
2013/04/06,Sat,,,,
2013/04/05,Fri,1.01300,1.01730,1.02370,1.01220
2013/04/04,Thu,1.01450,1.01240,1.01680,1.01030
2013/04/03,Wed,1.01470,1.01430,1.01570,1.01230
2013/04/02,Tue,1.01700,1.01430,1.01710,1.01230
2013/04/01,Mon,1.01770,1.01670,1.01840,1.01560
2013/03/31,Sun,,,,
2013/03/30,Sat,,,,
2013/03/29,Fri,1.01620,1.01720,1.01830,1.01540
2013/03/28,Thu,1.01600,1.01610,1.01760,1.01440
2013/03/27,Wed,1.01610,1.01590,1.01970,1.01480
2013/03/26,Tue,1.02130,1.01580,1.02230,1.01570
2013/03/25,Mon,1.02320,1.02120,1.02380,1.01860
2013/03/24,Sun,,,,
2013/03/23,Sat,,,,
2013/03/22,Fri,1.02510,1.02310,1.02650,1.02190
2013/03/21,Thu,1.02600,1.02510,1.02670,1.01990
2013/03/20,Wed,1.02670,1.02590,1.02810,1.02360
2013/03/19,Tue,1.02210,1.02660,1.02860,1.02110
2013/03/18,Mon,1.02040,1.02190,1.02520,1.02020
2013/03/17,Sun,,,,
2013/03/16,Sat,,,,
2013/03/15,Fri,1.02230,1.01930,1.02330,1.01800
2013/03/14,Thu,1.02760,1.02210,1.02850,1.02110
2013/03/13,Wed,1.02560,1.02740,1.02970,1.02450
2013/03/12,Tue,1.02590,1.02560,1.02850,1.02480
2013/03/11,Mon,1.02900,1.02570,1.02960,1.02540
2013/03/10,Sun,,,,
2013/03/09,Sat,,,,
2013/03/08,Fri,1.02950,1.02830,1.03160,1.02340
2013/03/07,Thu,1.03200,1.02930,1.03310,1.02840
2013/03/06,Wed,1.02690,1.03190,1.03380,1.02540
2013/03/05,Tue,1.02730,1.02690,1.02950,1.02550
2013/03/04,Mon,1.02720,1.02720,1.03110,1.02630
2013/03/03,Sun,,,,
2013/03/02,Sat,,,,
2013/03/01,Fri,1.03070,1.02670,1.03430,1.02610
2013/02/28,Thu,1.02290,1.03030,1.03150,1.02160
2013/02/27,Wed,1.02610,1.02250,1.02790,1.02270
2013/02/26,Tue,1.02610,1.02580,1.03040,1.02400
2013/02/25,Mon,1.02170,1.02600,1.02790,1.02080
2013/02/24,Sun,,,,
2013/02/23,Sat,,,,
2013/02/22,Fri,1.01850,1.02130,1.02580,1.01580
2013/02/21,Thu,1.01680,1.01820,1.02090,1.01620
2013/02/20,Wed,1.01140,1.01650,1.01870,1.01090
2013/02/19,Tue,1.01070,1.01120,1.01390,1.01010
2013/02/18,Mon,1.00640,1.01040,1.01220,1.00570
2013/02/17,Sun,,,,
2013/02/16,Sat,,,,
2013/02/15,Fri,1.00100,1.00620,1.00840,0.99990
2013/02/14,Thu,1.00190,1.00070,1.00250,0.99970
2013/02/13,Wed,1.00230,1.00160,1.00460,1.00100
2013/02/12,Tue,1.00480,1.00200,1.00880,1.00190
2013/02/11,Mon,1.00230,1.00470,1.00840,1.00230
2013/02/10,Sun,,,,
2013/02/09,Sat,,,,
2013/02/08,Fri,0.99790,1.00230,1.00370,0.99680
2013/02/07,Thu,0.99580,0.99770,0.99960,0.99310
2013/02/06,Wed,0.99580,0.99560,0.99910,0.99470
2013/02/05,Tue,0.99900,0.99530,0.99960,0.99520
2013/02/04,Mon,0.99680,0.99870,0.99940,0.99470
2013/02/03,Sun,,,,
2013/02/02,Sat,,,,
2013/02/01,Fri,0.99730,0.99630,1.00060,0.99620
2013/01/31,Thu,1.00120,0.99690,1.00360,0.99550
2013/01/30,Wed,1.00080,1.00120,1.00540,1.00060
2013/01/29,Tue,1.00630,1.00080,1.00670,1.00050
2013/01/28,Mon,1.00580,1.00590,1.01010,1.00580
2013/01/27,Sun,,,,
2013/01/26,Sat,,,,
2013/01/25,Fri,1.00270,1.00560,1.01010,1.00190
2013/01/24,Thu,0.99920,1.00240,1.00370,0.99870
2013/01/23,Wed,0.99190,0.99890,1.00060,0.99020
2013/01/22,Tue,0.99290,0.99150,0.99480,0.99080
2013/01/21,Mon,0.99190,0.99260,0.99400,0.99080
2013/01/20,Sun,,,,
2013/01/19,Sat,,,,
2013/01/18,Fri,0.98590,0.99160,0.99480,0.98510
2013/01/17,Thu,0.98600,0.98550,0.98870,0.98410
2013/01/16,Wed,0.98430,0.98560,0.98790,0.98370
2013/01/15,Tue,0.98370,0.98390,0.98680,0.98300
2013/01/14,Mon,0.98430,0.98350,0.98680,0.98310
2013/01/13,Sun,,,,
2013/01/12,Sat,,,,
2013/01/11,Fri,0.98310,0.98460,0.98550,0.98130
2013/01/10,Thu,0.98760,0.98300,0.98820,0.98290
2013/01/09,Wed,0.98670,0.98760,0.98820,0.98530
2013/01/08,Tue,0.98600,0.98640,0.98840,0.98410
2013/01/07,Mon,0.98680,0.98550,0.98890,0.98510
2013/01/06,Sun,,,,
2013/01/05,Sat,,,,
2013/01/04,Fri,0.98790,0.98700,0.99250,0.98470
2013/01/03,Thu,0.98500,0.98770,0.98860,0.98400
2013/01/02,Wed,0.99330,0.98480,0.99460,0.98350
2013/01/01,Tue,0.99220,0.99280,0.99400,0.99180
2012/12/31,Mon,0.99670,0.99210,0.99780,0.99150
2012/12/30,Sun,,,,
2012/12/29,Sat,,,,
2012/12/28,Fri,0.99520,0.99690,0.99720,0.99370
2012/12/27,Thu,0.99430,0.99500,0.99600,0.99060
2012/12/26,Wed,0.99240,0.99410,0.99530,0.99040
2012/12/25,Tue,0.99300,0.99210,0.99440,0.99080
2012/12/24,Mon,0.99320,0.99280,0.99470,0.99050
2012/12/23,Sun,,,,
2012/12/22,Sat,,,,
2012/12/21,Fri,0.98770,0.99300,0.99550,0.98710
2012/12/20,Thu,0.98880,0.98720,0.98980,0.98670
2012/12/19,Wed,0.98570,0.98870,0.98900,0.98480
2012/12/18,Tue,0.98350,0.98560,0.98610,0.98290
2012/12/17,Mon,0.98680,0.98330,0.98830,0.98310
2012/12/16,Sun,,,,
2012/12/15,Sat,,,,
2012/12/14,Fri,0.98500,0.98540,0.98680,0.98300
2012/12/13,Thu,0.98450,0.98480,0.98580,0.98230
2012/12/12,Wed,0.98620,0.98410,0.98670,0.98240
2012/12/11,Tue,0.98630,0.98610,0.98810,0.98550
2012/12/10,Mon,0.98830,0.98650,0.98900,0.98620
2012/12/09,Sun,,,,
2012/12/08,Sat,,,,
2012/12/07,Fri,0.99150,0.98820,0.99350,0.98740
2012/12/06,Thu,0.99170,0.99110,0.99280,0.98910
2012/12/05,Wed,0.99280,0.99140,0.99430,0.99060
2012/12/04,Tue,0.99520,0.99260,0.99560,0.99140
2012/12/03,Mon,0.99400,0.99500,0.99550,0.99130
2012/12/02,Sun,,,,
2012/12/01,Sat,,,,
2012/11/30,Fri,0.99260,0.99420,0.99530,0.99210
2012/11/29,Thu,0.99200,0.99240,0.99400,0.99110
2012/11/28,Wed,0.99470,0.99180,0.99630,0.99170
2012/11/27,Tue,0.99350,0.99450,0.99500,0.99040
2012/11/26,Mon,0.99340,0.99330,0.99620,0.99160
2012/11/25,Sun,,,,
2012/11/24,Sat,,,,
2012/11/23,Fri,0.99720,0.99270,0.99840,0.99150
2012/11/22,Thu,0.99640,0.99680,0.99840,0.99500
2012/11/21,Wed,0.99680,0.99600,0.99930,0.99560
2012/11/20,Tue,0.99640,0.99650,0.99930,0.99540
2012/11/19,Mon,1.00170,0.99600,1.00190,0.99530
2012/11/18,Sun,,,,
2012/11/17,Sat,,,,
2012/11/16,Fri,1.00100,1.00110,1.00580,0.99940
2012/11/15,Thu,1.00400,1.00050,1.00440,1.00020
2012/11/14,Wed,1.00210,1.00390,1.00430,0.99960
2012/11/13,Tue,0.99990,1.00180,1.00370,0.99900
2012/11/12,Mon,1.00130,0.99960,1.00140,0.99840
2012/11/11,Sun,,,,
2012/11/10,Sat,,,,
2012/11/09,Fri,1.00030,1.00150,1.00350,0.99820
2012/11/08,Thu,0.99660,1.00010,1.00060,0.99460
2012/11/07,Wed,0.99210,0.99650,0.99850,0.98720
2012/11/06,Tue,0.99650,0.99180,0.99700,0.99090
2012/11/05,Mon,0.99590,0.99630,0.99790,0.99390
2012/11/04,Sun,,,,
2012/11/03,Sat,,,,
2012/11/02,Fri,0.99650,0.99560,0.99860,0.99200
2012/11/01,Thu,0.99950,0.99640,1.00160,0.99580
2012/10/31,Wed,0.99930,0.99910,1.00160,0.99580
2012/10/30,Tue,1.00110,0.99930,1.00210,0.99810
2012/10/29,Mon,0.99770,1.00080,1.00140,0.99710
2012/10/28,Sun,,,,
2012/10/27,Sat,,,,
2012/10/26,Fri,0.99490,0.99640,0.99960,0.99400
2012/10/25,Thu,0.99360,0.99480,0.99560,0.99000
2012/10/24,Wed,0.99240,0.99340,0.99600,0.98870
2012/10/23,Tue,0.99220,0.99210,0.99780,0.98980
2012/10/22,Mon,0.99390,0.99180,0.99670,0.99160
2012/10/21,Sun,,,,
2012/10/20,Sat,,,,
2012/10/19,Fri,0.98530,0.99350,0.99410,0.98430
2012/10/18,Thu,0.97790,0.98520,0.98620,0.97620
2012/10/17,Wed,0.98670,0.97750,0.98740,0.97710
2012/10/16,Tue,0.98070,0.98640,0.98800,0.98000
2012/10/15,Mon,0.97880,0.98050,0.98130,0.97670
2012/10/14,Sun,,,,
2012/10/13,Sat,,,,
2012/10/12,Fri,0.97860,0.98010,0.98110,0.97660
2012/10/11,Thu,0.98180,0.97830,0.98370,0.97610
2012/10/10,Wed,0.97800,0.98140,0.98200,0.97660
2012/10/09,Tue,0.97690,0.97820,0.98090,0.97420
2012/10/08,Mon,0.97860,0.97660,0.98030,0.97500
2012/10/07,Sun,,,,
2012/10/06,Sat,,,,
2012/10/05,Fri,0.98050,0.97850,0.98140,0.97330
2012/10/04,Thu,0.98760,0.98040,0.98810,0.97980
2012/10/03,Wed,0.98420,0.98740,0.98870,0.98370
2012/10/02,Tue,0.98230,0.98380,0.98460,0.98100
2012/10/01,Mon,0.98370,0.98210,0.98560,0.97960
2012/09/30,Sun,,,,
2012/09/29,Sat,,,,
2012/09/28,Fri,0.98060,0.98350,0.98540,0.97800
2012/09/27,Thu,0.98560,0.98040,0.98580,0.97890
2012/09/26,Wed,0.98070,0.98520,0.98620,0.97990
2012/09/25,Tue,0.97880,0.98040,0.98130,0.97560
2012/09/24,Mon,0.97630,0.97860,0.98200,0.97600
2012/09/23,Sun,,,,
2012/09/22,Sat,,,,
2012/09/21,Fri,0.97690,0.97600,0.97820,0.97300
2012/09/20,Thu,0.97450,0.97700,0.98180,0.97430
2012/09/19,Wed,0.97430,0.97440,0.97660,0.97250
2012/09/18,Tue,0.97480,0.97410,0.97680,0.97310
2012/09/17,Mon,0.97070,0.97460,0.97630,0.96930
2012/09/16,Sun,,,,
2012/09/15,Sat,,,,
2012/09/14,Fri,0.96830,0.97150,0.97250,0.96320
2012/09/13,Thu,0.97620,0.96820,0.97760,0.96640
2012/09/12,Wed,0.97310,0.97600,0.97710,0.97140
2012/09/11,Tue,0.97770,0.97270,0.97800,0.97110
2012/09/10,Mon,0.97810,0.97730,0.97920,0.97530
2012/09/09,Sun,,,,
2012/09/08,Sat,,,,
2012/09/07,Fri,0.98270,0.97830,0.98370,0.97640
2012/09/06,Thu,0.99070,0.98250,0.99170,0.98070
2012/09/05,Wed,0.98590,0.99020,0.99200,0.98540
2012/09/04,Tue,0.98590,0.98580,0.98770,0.98410
2012/09/03,Mon,0.98710,0.98560,0.98820,0.98510
2012/09/02,Sun,,,,
2012/09/01,Sat,,,,
2012/08/31,Fri,0.99250,0.98620,0.99330,0.98500
2012/08/30,Thu,0.98940,0.99220,0.99340,0.98870
2012/08/29,Wed,0.98830,0.98920,0.99010,0.98640
2012/08/28,Tue,0.99070,0.98820,0.99200,0.98400
2012/08/27,Mon,0.99190,0.99040,0.99280,0.98880
2012/08/26,Sun,,,,
2012/08/25,Sat,,,,
2012/08/24,Fri,0.99390,0.99220,0.99490,0.99030
2012/08/23,Thu,0.99140,0.99380,0.99500,0.98830
2012/08/22,Wed,0.98920,0.99110,0.99490,0.98880
2012/08/21,Tue,0.98840,0.98910,0.99010,0.98400
2012/08/20,Mon,0.98900,0.98830,0.99040,0.98740
2012/08/19,Sun,,,,
2012/08/18,Sat,,,,
2012/08/17,Fri,0.98660,0.98890,0.99030,0.98620
2012/08/16,Thu,0.98940,0.98640,0.99020,0.98580
2012/08/15,Wed,0.99240,0.98930,0.99370,0.98850
2012/08/14,Tue,0.99270,0.99230,0.99430,0.99060
2012/08/13,Mon,0.99130,0.99220,0.99420,0.99040
2012/08/12,Sun,,,,
2012/08/11,Sat,,,,
2012/08/10,Fri,0.99080,0.99080,0.99710,0.99040
2012/08/09,Thu,0.99400,0.99070,0.99530,0.99080
2012/08/08,Wed,0.99670,0.99400,0.99910,0.99340
2012/08/07,Tue,1.00030,0.99680,1.00140,0.99600
2012/08/06,Mon,1.00200,1.00020,1.00250,0.99810
2012/08/05,Sun,,,,
2012/08/04,Sat,,,,
2012/08/03,Fri,1.00750,1.00100,1.00810,0.99780
2012/08/02,Thu,1.00570,1.00720,1.00870,1.00010
2012/08/01,Wed,1.00330,1.00530,1.00600,1.00030
2012/07/31,Tue,1.00170,1.00280,1.00440,1.00020
2012/07/30,Mon,1.00400,1.00160,1.00560,1.00120
2012/07/29,Sun,,,,
2012/07/28,Sat,,,,
2012/07/27,Fri,1.01010,1.00320,1.01070,1.00300
2012/07/26,Thu,1.01560,1.01000,1.01680,1.00620
2012/07/25,Wed,1.02200,1.01540,1.02340,1.01380
2012/07/24,Tue,1.01880,1.02210,1.02290,1.01570
2012/07/23,Mon,1.01380,1.01870,1.02060,1.01310
2012/07/22,Sun,,,,
2012/07/21,Sat,,,,
2012/07/20,Fri,1.00740,1.01230,1.01330,1.00690
2012/07/19,Thu,1.01030,1.00710,1.01090,1.00640
2012/07/18,Wed,1.01200,1.01010,1.01510,1.00990
2012/07/17,Tue,1.01510,1.01160,1.01710,1.01180
2012/07/16,Mon,1.01430,1.01460,1.01750,1.01300
2012/07/15,Sun,,,,
2012/07/14,Sat,,,,
2012/07/13,Fri,1.01920,1.01430,1.02060,1.01270
2012/07/12,Thu,1.01970,1.01860,1.02520,1.01750
2012/07/11,Wed,1.02260,1.01950,1.02330,1.01720
2012/07/10,Tue,1.01910,1.02220,1.02310,1.01650
2012/07/09,Mon,1.01960,1.01900,1.02230,1.01820
2012/07/08,Sun,,,,
2012/07/07,Sat,,,,
2012/07/06,Fri,1.01410,1.01920,1.02100,1.01390
2012/07/05,Thu,1.01300,1.01380,1.01600,1.00980
2012/07/04,Wed,1.01240,1.01300,1.01430,1.01180
2012/07/03,Tue,1.01660,1.01210,1.01750,1.01190
2012/07/02,Mon,1.01640,1.01660,1.02030,1.01550
2012/07/01,Sun,,,,
2012/06/30,Sat,,,,
2012/06/29,Fri,1.03350,1.01650,1.03430,1.01620
2012/06/28,Thu,1.02500,1.03360,1.03640,1.02310
2012/06/27,Wed,1.02420,1.02460,1.02690,1.02350
2012/06/26,Tue,1.02940,1.02410,1.02990,1.02320
2012/06/25,Mon,1.02580,1.02860,1.03200,1.02530
2012/06/24,Sun,,,,
2012/06/23,Sat,,,,
2012/06/22,Fri,1.02880,1.02420,1.03020,1.02390
2012/06/21,Thu,1.01890,1.02890,1.02990,1.01740
2012/06/20,Wed,1.01770,1.01800,1.02340,1.01570
2012/06/19,Tue,1.02350,1.01780,1.02460,1.01640
2012/06/18,Mon,1.02040,1.02370,1.02800,1.01910
2012/06/17,Sun,,,,
2012/06/16,Sat,,,,
2012/06/15,Fri,1.02320,1.02160,1.02580,1.02130
2012/06/14,Thu,1.02950,1.02300,1.02980,1.02210
2012/06/13,Wed,1.02610,1.02980,1.03050,1.02410
2012/06/12,Tue,1.03200,1.02560,1.03280,1.02530
2012/06/11,Mon,1.02220,1.03160,1.03220,1.02000
2012/06/10,Sun,,,,
2012/06/09,Sat,,,,
2012/06/08,Fri,1.02790,1.02620,1.03570,1.02590
2012/06/07,Thu,1.02770,1.02740,1.02980,1.02080
2012/06/06,Wed,1.03810,1.02770,1.03850,1.02690
2012/06/05,Tue,1.03960,1.03750,1.04270,1.03600
2012/06/04,Mon,1.03960,1.03950,1.04480,1.03680
2012/06/03,Sun,,,,
2012/06/02,Sat,,,,
2012/06/01,Fri,1.03270,1.04040,1.04440,1.03200
2012/05/31,Thu,1.03010,1.03310,1.03680,1.02600
2012/05/30,Wed,1.02260,1.02980,1.03130,1.02200
2012/05/29,Tue,1.02380,1.02200,1.02720,1.02060
2012/05/28,Mon,1.02700,1.02370,1.02740,1.02220
2012/05/27,Sun,,,,
2012/05/26,Sat,,,,
2012/05/25,Fri,1.02630,1.02920,1.03130,1.02450
2012/05/24,Thu,1.02470,1.02620,1.02980,1.02250
2012/05/23,Wed,1.02120,1.02460,1.02980,1.02060
2012/05/22,Tue,1.01740,1.02080,1.02360,1.01510
2012/05/21,Mon,1.02150,1.01720,1.02480,1.01640
2012/05/20,Sun,,,,
2012/05/19,Sat,,,,
2012/05/18,Fri,1.01970,1.02200,1.02290,1.01370
2012/05/17,Thu,1.01250,1.01940,1.01990,1.01030
2012/05/16,Wed,1.00690,1.01220,1.01340,1.00530
2012/05/15,Tue,1.00350,1.00660,1.00760,0.99880
2012/05/14,Mon,1.00190,1.00300,1.00550,0.99920
2012/05/13,Sun,,,,
2012/05/12,Sat,,,,
2012/05/11,Fri,1.00290,1.00060,1.00560,0.99510
2012/05/10,Thu,1.00260,1.00210,1.00340,0.99760
2012/05/09,Wed,0.99910,1.00220,1.00650,0.99840
2012/05/08,Tue,0.99290,0.99860,1.00240,0.99230
2012/05/07,Mon,0.99500,0.99290,0.99890,0.99240
2012/05/06,Sun,,,,
2012/05/05,Sat,,,,
2012/05/04,Fri,0.98860,0.99530,0.99650,0.98600
2012/05/03,Thu,0.98680,0.98840,0.98950,0.98270
2012/05/02,Wed,0.98580,0.98640,0.99040,0.98480
2012/05/01,Tue,0.98700,0.98580,0.98990,0.98300
2012/04/30,Mon,0.98070,0.98700,0.98960,0.98010
2012/04/29,Sun,,,,
2012/04/28,Sat,,,,
2012/04/27,Fri,0.98580,0.98030,0.98720,0.97980
2012/04/26,Thu,0.98350,0.98510,0.98570,0.98040
2012/04/25,Wed,0.98740,0.98290,0.98820,0.98220
2012/04/24,Tue,0.99090,0.98690,0.99310,0.98680
2012/04/23,Mon,0.99270,0.99080,0.99810,0.99030
2012/04/22,Sun,,,,
2012/04/21,Sat,,,,
2012/04/20,Fri,0.99510,0.99150,0.99610,0.98950
2012/04/19,Thu,0.99090,0.99530,0.99660,0.98790
2012/04/18,Wed,0.99020,0.99100,0.99250,0.98800
2012/04/17,Tue,0.99980,0.99040,1.00140,0.98630
2012/04/16,Mon,0.99890,0.99960,1.00350,0.99720
2012/04/15,Sun,,,,
2012/04/14,Sat,,,,
2012/04/13,Fri,0.99460,0.99940,0.99980,0.99250
2012/04/12,Thu,1.00390,0.99430,1.00400,0.99380
2012/04/11,Wed,1.00430,1.00360,1.00540,1.00080
2012/04/10,Tue,0.99750,1.00410,1.00480,0.99500
2012/04/09,Mon,0.99750,0.99720,1.00040,0.99440
2012/04/08,Sun,,,,
2012/04/07,Sat,,,,
2012/04/06,Fri,0.99310,0.99720,0.99880,0.99160
2012/04/05,Thu,0.99610,0.99320,1.00000,0.99060
2012/04/04,Wed,0.99110,0.99600,0.99750,0.99060
2012/04/03,Tue,0.99060,0.99050,0.99310,0.98870
2012/04/02,Mon,0.99580,0.99050,0.99920,0.98860
2012/04/01,Sun,,,,
2012/03/31,Sat,,,,
2012/03/30,Fri,0.99650,0.99780,1.00000,0.99520
2012/03/29,Thu,0.99830,0.99670,1.00210,0.99620
2012/03/28,Wed,0.99520,0.99800,1.00020,0.99440
2012/03/27,Tue,0.99090,0.99520,0.99590,0.98980
2012/03/26,Mon,0.99820,0.99050,1.00010,0.99030
2012/03/25,Sun,,,,
2012/03/24,Sat,,,,
2012/03/23,Fri,0.99920,0.99800,1.00360,0.99710
2012/03/22,Thu,0.99240,0.99880,1.00100,0.99110
2012/03/21,Wed,0.99170,0.99210,0.99370,0.98730
2012/03/20,Tue,0.98700,0.99150,0.99700,0.98680
2012/03/19,Mon,0.99130,0.98670,0.99330,0.98580
2012/03/18,Sun,,,,
2012/03/17,Sat,,,,
2012/03/16,Fri,0.99180,0.99170,0.99430,0.98980
2012/03/15,Thu,0.99300,0.99180,0.99510,0.99030
2012/03/14,Wed,0.98880,0.99270,0.99470,0.98800
2012/03/13,Tue,0.99280,0.98820,0.99310,0.98790
2012/03/12,Mon,0.99090,0.99210,0.99490,0.98980
2012/03/11,Sun,,,,
2012/03/10,Sat,,,,
2012/03/09,Fri,0.99070,0.99100,0.99380,0.98700
2012/03/08,Thu,0.99790,0.99060,0.99930,0.98910
2012/03/07,Wed,1.00100,0.99770,1.00270,0.99730
2012/03/06,Tue,0.99420,1.00090,1.00310,0.99360
2012/03/05,Mon,0.98930,0.99420,0.99620,0.98840
2012/03/04,Sun,,,,
2012/03/03,Sat,,,,
2012/03/02,Fri,0.98570,0.98890,0.98960,0.98480
2012/03/01,Thu,0.98940,0.98560,0.99040,0.98400
2012/02/29,Wed,0.99520,0.98940,0.99600,0.98440
2012/02/28,Tue,0.99890,0.99440,0.99970,0.99410
2012/02/27,Mon,0.99910,0.99890,1.00510,0.99740
2012/02/26,Sun,,,,
2012/02/25,Sat,,,,
2012/02/24,Fri,0.99750,0.99960,1.00060,0.99640
2012/02/23,Thu,1.00010,0.99750,1.00120,0.99510
2012/02/22,Wed,0.99670,1.00000,1.00210,0.99520
2012/02/21,Tue,0.99360,0.99650,0.99780,0.99240
2012/02/20,Mon,0.99350,0.99360,0.99450,0.99060
2012/02/19,Sun,,,,
2012/02/18,Sat,,,,
2012/02/17,Fri,0.99670,0.99570,0.99860,0.99390
2012/02/16,Thu,0.99950,0.99620,1.00540,0.99530
2012/02/15,Wed,0.99940,0.99900,1.00060,0.99360
2012/02/14,Tue,0.99940,0.99890,1.00290,0.99780
2012/02/13,Mon,1.00100,0.99920,1.00190,0.99710
2012/02/12,Sun,,,,
2012/02/11,Sat,,,,
2012/02/10,Fri,0.99520,1.00210,1.00400,0.99410
2012/02/09,Thu,0.99600,0.99490,0.99820,0.99240
2012/02/08,Wed,0.99480,0.99600,0.99920,0.99330
2012/02/07,Tue,0.99560,0.99440,0.99970,0.99380
2012/02/06,Mon,0.99480,0.99540,0.99950,0.99280
2012/02/05,Sun,,,,
2012/02/04,Sat,,,,
2012/02/03,Fri,0.99930,0.99290,1.00350,0.99250
2012/02/02,Thu,0.99880,0.99920,1.00120,0.99660
2012/02/01,Wed,1.00280,0.99880,1.00510,0.99620
2012/01/31,Tue,1.00220,1.00260,1.00560,0.99640
2012/01/30,Mon,1.00140,1.00220,1.00720,1.00100
2012/01/29,Sun,,,,
2012/01/28,Sat,,,,
2012/01/27,Fri,1.00180,1.00090,1.00440,0.99860
2012/01/26,Thu,1.00410,1.00140,1.00510,0.99800
2012/01/25,Wed,1.00970,1.00400,1.01490,1.00270
2012/01/24,Tue,1.00760,1.00970,1.01430,1.00700
2012/01/23,Mon,1.01450,1.00740,1.01640,1.00500
2012/01/22,Sun,,,,
2012/01/21,Sat,,,,
2012/01/20,Fri,1.01160,1.01280,1.01610,1.01060
2012/01/19,Thu,1.01140,1.01120,1.01300,1.00700
2012/01/18,Wed,1.01550,1.01140,1.01790,1.01100
2012/01/17,Tue,1.01790,1.01510,1.01910,1.01120
2012/01/16,Mon,1.02440,1.01800,1.02550,1.01630
2012/01/15,Sun,,,,
2012/01/14,Sat,,,,
2012/01/13,Fri,1.01850,1.02230,1.02860,1.01620
2012/01/12,Thu,1.01910,1.01820,1.02120,1.01380
2012/01/11,Wed,1.01670,1.01900,1.02120,1.01380
2012/01/10,Tue,1.02320,1.01680,1.02420,1.01520
2012/01/09,Mon,1.02820,1.02330,1.03210,1.02240
2012/01/08,Sun,,,,
2012/01/07,Sat,,,,
2012/01/06,Fri,1.01910,1.02710,1.02740,1.01690
2012/01/05,Thu,1.01240,1.01970,1.02270,1.01200
2012/01/04,Wed,1.01110,1.01230,1.01640,1.01030
2012/01/03,Tue,1.01930,1.01090,1.01980,1.00740
2012/01/02,Mon,1.02090,1.01950,1.02160,1.01790
2012/01/01,Sun,,,,
2011/12/31,Sat,,,,
2011/12/30,Fri,1.02050,1.01930,1.02220,1.01550
2011/12/29,Thu,1.02440,1.02050,1.02710,1.02020
2011/12/28,Wed,1.01850,1.02420,1.02530,1.01240
2011/12/27,Tue,1.02030,1.01870,1.02180,1.01760
2011/12/26,Mon,1.02060,1.02000,1.02370,1.01800
2011/12/25,Sun,,,,
2011/12/24,Sat,,,,
2011/12/23,Fri,1.02090,1.01950,1.02170,1.01790
2011/12/22,Thu,1.02630,1.02080,1.02820,1.01990
2011/12/21,Wed,1.03010,1.02640,1.03110,1.02080
2011/12/20,Tue,1.03830,1.03020,1.03910,1.02610
2011/12/19,Mon,1.03640,1.03780,1.04170,1.03320
2011/12/18,Sun,,,,
2011/12/17,Sat,,,,
2011/12/16,Fri,1.03530,1.03780,1.04080,1.02960
2011/12/15,Thu,1.03940,1.03450,1.04070,1.03180
2011/12/14,Wed,1.03400,1.03940,1.04250,1.03260
2011/12/13,Tue,1.02600,1.03380,1.03510,1.02300
2011/12/12,Mon,1.01950,1.02590,1.02880,1.01830
2011/12/11,Sun,,,,
2011/12/10,Sat,,,,
2011/12/09,Fri,1.02230,1.01830,1.02650,1.01780
2011/12/08,Thu,1.00970,1.02190,1.02360,1.00510
2011/12/07,Wed,1.00960,1.00920,1.01350,1.00650
2011/12/06,Tue,1.01730,1.00950,1.02080,1.00850
2011/12/05,Mon,1.01620,1.01700,1.01950,1.01200
2011/12/04,Sun,,,,
2011/12/03,Sat,,,,
2011/12/02,Fri,1.01430,1.01800,1.01970,1.00780
2011/12/01,Thu,1.01950,1.01390,1.02250,1.01350
2011/11/30,Wed,1.03090,1.01920,1.03640,1.01210
2011/11/29,Tue,1.03500,1.03030,1.03660,1.02580
2011/11/28,Mon,1.04360,1.03550,1.04500,1.03020
2011/11/27,Sun,,,,
2011/11/26,Sat,,,,
2011/11/25,Fri,1.04710,1.04870,1.05260,1.04380
2011/11/24,Thu,1.04800,1.04670,1.04930,1.04370
2011/11/23,Wed,1.03810,1.04730,1.05000,1.03740
2011/11/22,Tue,1.03850,1.03790,1.04140,1.03440
2011/11/21,Mon,1.02770,1.03790,1.04200,1.02710
2011/11/20,Sun,,,,
2011/11/19,Sat,,,,
2011/11/18,Fri,1.02820,1.02670,1.03030,1.01970
2011/11/17,Thu,1.02350,1.02900,1.02970,1.02060
2011/11/16,Wed,1.02070,1.02350,1.02900,1.01700
2011/11/15,Tue,1.01650,1.02110,1.02640,1.01570
2011/11/14,Mon,1.00820,1.01620,1.01970,1.00800
2011/11/13,Sun,,,,
2011/11/12,Sat,,,,
2011/11/11,Fri,1.01740,1.01220,1.02340,1.01070
2011/11/10,Thu,1.02270,1.01710,1.02670,1.01630
2011/11/09,Wed,1.00890,1.02250,1.02350,1.00780
2011/11/08,Tue,1.01250,1.00900,1.01840,1.00750
2011/11/07,Mon,1.01740,1.01300,1.02060,1.01220
2011/11/06,Sun,,,,
2011/11/05,Sat,,,,
2011/11/04,Fri,1.00700,1.01880,1.02300,1.00710
2011/11/03,Thu,1.01360,1.00720,1.02180,1.00540
2011/11/02,Wed,1.01980,1.01390,1.02250,1.01050
2011/11/01,Tue,1.00010,1.01980,1.02100,0.99720
2011/10/31,Mon,0.99220,0.99950,1.00290,0.99130
2011/10/30,Sun,,,,
2011/10/29,Sat,,,,
2011/10/28,Fri,0.99150,0.99180,0.99720,0.98940
2011/10/27,Thu,1.00460,0.99050,1.00530,0.98900
2011/10/26,Wed,1.01650,1.00390,1.01790,1.00370
2011/10/25,Tue,1.00370,1.01640,1.02140,0.99890
2011/10/24,Mon,1.00950,1.00370,1.01030,1.00200
2011/10/23,Sun,,,,
2011/10/22,Sat,,,,
2011/10/21,Fri,1.01560,1.00690,1.01900,1.00650
2011/10/20,Thu,1.02020,1.01600,1.02480,1.01300
2011/10/19,Wed,1.01490,1.01920,1.02190,1.00830
2011/10/18,Tue,1.02370,1.01490,1.02660,1.01100
2011/10/17,Mon,1.01090,1.02320,1.02440,1.00420
2011/10/16,Sun,,,,
2011/10/15,Sat,,,,
2011/10/14,Fri,1.02100,1.00940,1.02370,1.00940
2011/10/13,Thu,1.01770,1.02030,1.02750,1.01610
2011/10/12,Wed,1.02940,1.01740,1.03310,1.01320
2011/10/11,Tue,1.02630,1.02850,1.03410,1.02560
2011/10/10,Mon,1.03850,1.02690,1.03890,1.02500
2011/10/09,Sun,,,,
2011/10/08,Sat,,,,
2011/10/07,Fri,1.03750,1.03940,1.04200,1.02330
2011/10/06,Thu,1.04020,1.03740,1.04840,1.03690
2011/10/05,Wed,1.05130,1.04070,1.05740,1.03940
2011/10/04,Tue,1.05430,1.05240,1.06590,1.05070
2011/10/03,Mon,1.04880,1.05450,1.05490,1.04320
2011/10/02,Sun,,,,
2011/10/01,Sat,,,,
2011/09/30,Fri,1.03660,1.04990,1.05050,1.03550
2011/09/29,Thu,1.03410,1.03550,1.04030,1.02550
2011/09/28,Wed,1.02000,1.03290,1.03400,1.01920
2011/09/27,Tue,1.02540,1.01940,1.02820,1.01410
2011/09/26,Mon,1.02800,1.02510,1.03870,1.02430
2011/09/25,Sun,,,,
2011/09/24,Sat,,,,
2011/09/23,Fri,1.02880,1.02790,1.03500,1.02250
2011/09/22,Thu,1.00740,1.02800,1.03620,1.00520
2011/09/21,Wed,0.99270,1.00750,1.00910,0.99160
2011/09/20,Tue,0.99080,0.99190,0.99500,0.98810
2011/09/19,Mon,0.98150,0.98990,0.99250,0.98050
2011/09/18,Sun,,,,
2011/09/17,Sat,,,,
2011/09/16,Fri,0.98380,0.97770,0.98630,0.97780
2011/09/15,Thu,0.99000,0.98350,0.99520,0.98280
2011/09/14,Wed,0.98600,0.99010,0.99420,0.98460
2011/09/13,Tue,0.99240,0.98610,0.99790,0.98490
2011/09/12,Mon,0.99780,0.99220,1.00280,0.99130
2011/09/11,Sun,,,,
2011/09/10,Sat,,,,
2011/09/09,Fri,0.98940,0.99670,0.99810,0.98680
2011/09/08,Thu,0.98370,0.98860,0.98990,0.98280
2011/09/07,Wed,0.99030,0.98420,0.99100,0.98300
2011/09/06,Tue,0.99040,0.99000,0.99580,0.98640
2011/09/05,Mon,0.98610,0.99010,0.99350,0.98520
2011/09/04,Sun,,,,
2011/09/03,Sat,,,,
2011/09/02,Fri,0.97660,0.98550,0.98600,0.97560
2011/09/01,Thu,0.97820,0.97590,0.97980,0.97350
2011/08/31,Wed,0.97820,0.97770,0.98040,0.97230
2011/08/30,Tue,0.97670,0.97820,0.98190,0.97570
2011/08/29,Mon,0.98080,0.97660,0.98350,0.97390
2011/08/28,Sun,,,,
2011/08/27,Sat,,,,
2011/08/26,Fri,0.98790,0.98140,0.99260,0.98080
2011/08/25,Thu,0.98740,0.98780,0.98900,0.97910
2011/08/24,Wed,0.98750,0.98730,0.99070,0.98380
2011/08/23,Tue,0.99040,0.98820,0.99120,0.98490
2011/08/22,Mon,0.99120,0.98970,0.99210,0.98270
2011/08/21,Sun,,,,
2011/08/20,Sat,,,,
2011/08/19,Fri,0.99090,0.98990,0.99280,0.98250
2011/08/18,Thu,0.98060,0.98990,0.99400,0.97990
2011/08/17,Wed,0.98230,0.98010,0.98480,0.97730
2011/08/16,Tue,0.97930,0.98180,0.98740,0.97960
2011/08/15,Mon,0.98780,0.97980,0.99080,0.97890
2011/08/14,Sun,,,,
2011/08/13,Sat,,,,
2011/08/12,Fri,0.98460,0.98690,0.99190,0.98330
2011/08/11,Thu,0.99470,0.98450,0.99700,0.98380
2011/08/10,Wed,0.97740,0.99400,0.99550,0.97660
2011/08/09,Tue,0.99350,0.98000,1.00110,0.97680
2011/08/08,Mon,0.98150,0.99270,0.99470,0.97820
2011/08/07,Sun,,,,
2011/08/06,Sat,,,,
2011/08/05,Fri,0.98080,0.98140,0.98550,0.97420
2011/08/04,Thu,0.96190,0.98060,0.98180,0.96020
2011/08/03,Wed,0.96140,0.96160,0.96490,0.95660
2011/08/02,Tue,0.95660,0.96100,0.96210,0.95470
2011/08/01,Mon,0.95490,0.95660,0.96070,0.94910
2011/07/31,Sun,,,,
2011/07/30,Sat,,,,
2011/07/29,Fri,0.94930,0.95510,0.95920,0.94850
2011/07/28,Thu,0.94930,0.94870,0.95250,0.94570
2011/07/27,Wed,0.94430,0.94910,0.95080,0.94100
2011/07/26,Tue,0.94720,0.94360,0.94770,0.94050
2011/07/25,Mon,0.94880,0.94710,0.95270,0.94320
2011/07/24,Sun,,,,
2011/07/23,Sat,,,,
2011/07/22,Fri,0.94360,0.94800,0.95310,0.94260
2011/07/21,Thu,0.94770,0.94360,0.94960,0.94220
2011/07/20,Wed,0.95020,0.94760,0.95150,0.94560
2011/07/19,Tue,0.95980,0.95000,0.96040,0.94810
2011/07/18,Mon,0.95440,0.95880,0.96370,0.95370
2011/07/17,Sun,,,,
2011/07/16,Sat,,,,
2011/07/15,Fri,0.96040,0.95350,0.96260,0.95200
2011/07/14,Thu,0.95800,0.95990,0.96180,0.95470
2011/07/13,Wed,0.96600,0.95860,0.96690,0.95710
2011/07/12,Tue,0.96890,0.96500,0.97810,0.96240
2011/07/11,Mon,0.96200,0.96820,0.96980,0.96150
2011/07/10,Sun,,,,
2011/07/09,Sat,,,,
2011/07/08,Fri,0.95900,0.96140,0.96670,0.95720
2011/07/07,Thu,0.96530,0.95860,0.96690,0.95670
2011/07/06,Wed,0.96340,0.96560,0.96970,0.96120
2011/07/05,Tue,0.96080,0.96240,0.96450,0.95930
2011/07/04,Mon,0.95940,0.96060,0.96200,0.95780
2011/07/03,Sun,,,,
2011/07/02,Sat,,,,
2011/07/01,Fri,0.96370,0.95850,0.96530,0.95790
2011/06/30,Thu,0.96960,0.96330,0.97030,0.96240
2011/06/29,Wed,0.98120,0.96980,0.98270,0.96870
2011/06/28,Tue,0.98610,0.98150,0.98880,0.98100
2011/06/27,Mon,0.98750,0.98620,0.99150,0.98570
2011/06/26,Sun,,,,
2011/06/25,Sat,,,,
2011/06/24,Fri,0.97880,0.98830,0.98890,0.97690
2011/06/23,Thu,0.97400,0.97850,0.98260,0.97130
2011/06/22,Wed,0.97180,0.97330,0.97560,0.96990
2011/06/21,Tue,0.97980,0.97170,0.98070,0.97080
2011/06/20,Mon,0.98140,0.97930,0.98520,0.97790
2011/06/19,Sun,,,,
2011/06/18,Sat,,,,
2011/06/17,Fri,0.98150,0.97930,0.98700,0.97740
2011/06/16,Thu,0.97920,0.98180,0.99000,0.97720
2011/06/15,Wed,0.96850,0.97890,0.98300,0.96700
2011/06/14,Tue,0.97600,0.96860,0.97740,0.96730
2011/06/13,Mon,0.97920,0.97610,0.98010,0.97500
2011/06/12,Sun,,,,
2011/06/11,Sat,,,,
2011/06/10,Fri,0.97320,0.97960,0.98030,0.97110
2011/06/09,Thu,0.97940,0.97330,0.98140,0.97230
2011/06/08,Wed,0.97470,0.97950,0.98230,0.97380
2011/06/07,Tue,0.98080,0.97420,0.98110,0.97300
2011/06/06,Mon,0.97820,0.98030,0.98190,0.97670
2011/06/05,Sun,,,,
2011/06/04,Sat,,,,
2011/06/03,Fri,0.97580,0.97790,0.98540,0.97450
2011/06/02,Thu,0.97760,0.97540,0.98110,0.97440
2011/06/01,Wed,0.96870,0.97730,0.97840,0.96660
2011/05/31,Tue,0.97710,0.96820,0.97720,0.96540
2011/05/30,Mon,0.97790,0.97690,0.97890,0.97490
2011/05/29,Sun,,,,
2011/05/28,Sat,,,,
2011/05/27,Fri,0.97820,0.97570,0.97990,0.97520
2011/05/26,Thu,0.97760,0.97810,0.98170,0.97550
2011/05/25,Wed,0.97670,0.97790,0.98180,0.97420
2011/05/24,Tue,0.97790,0.97640,0.97950,0.97540
2011/05/23,Mon,0.97390,0.97710,0.98120,0.97350
2011/05/22,Sun,,,,
2011/05/21,Sat,,,,
2011/05/20,Fri,0.96790,0.97390,0.97730,0.96400
2011/05/19,Thu,0.97010,0.96720,0.97160,0.96530
2011/05/18,Wed,0.97220,0.97040,0.97610,0.96960
2011/05/17,Tue,0.97530,0.97220,0.97950,0.97150
2011/05/16,Mon,0.96900,0.97520,0.97730,0.96830
2011/05/15,Sun,,,,
2011/05/14,Sat,,,,
2011/05/13,Fri,0.96290,0.96790,0.97460,0.96040
2011/05/12,Thu,0.96140,0.96220,0.96970,0.95980
2011/05/11,Wed,0.95710,0.96120,0.96400,0.95110
2011/05/10,Tue,0.96270,0.95680,0.96560,0.95620
2011/05/09,Mon,0.96610,0.96190,0.96980,0.96020
2011/05/08,Sun,,,,
2011/05/07,Sat,,,,
2011/05/06,Fri,0.96680,0.96540,0.97050,0.95710
2011/05/05,Thu,0.95900,0.96710,0.97140,0.95660
2011/05/04,Wed,0.95270,0.95830,0.96050,0.95020
2011/05/03,Tue,0.95080,0.95250,0.95440,0.94560
2011/05/02,Mon,0.94580,0.95020,0.95210,0.94460
2011/05/01,Sun,,,,
2011/04/30,Sat,,,,
2011/04/29,Fri,0.95080,0.94440,0.95510,0.94380
2011/04/28,Thu,0.94990,0.95070,0.95220,0.94640
2011/04/27,Wed,0.95130,0.95000,0.95780,0.94870
2011/04/26,Tue,0.95430,0.95150,0.95640,0.94940
2011/04/25,Mon,0.95260,0.95430,0.95630,0.95020
2011/04/24,Sun,,,,
2011/04/23,Sat,,,,
2011/04/22,Fri,0.95300,0.95450,0.95500,0.95190
2011/04/21,Thu,0.95280,0.95280,0.95400,0.94540
2011/04/20,Wed,0.95600,0.95250,0.95660,0.94950
2011/04/19,Tue,0.96430,0.95570,0.96690,0.95460
2011/04/18,Mon,0.95910,0.96420,0.97230,0.95900
2011/04/17,Sun,,,,
2011/04/16,Sat,,,,
2011/04/15,Fri,0.96100,0.95950,0.96510,0.95910
2011/04/14,Thu,0.96250,0.96050,0.96710,0.95930
2011/04/13,Wed,0.96330,0.96220,0.96570,0.95840
2011/04/12,Tue,0.95660,0.96250,0.96590,0.95560
2011/04/11,Mon,0.95540,0.95590,0.95800,0.95420
2011/04/10,Sun,,,,
2011/04/09,Sat,,,,
2011/04/08,Fri,0.95860,0.95560,0.95970,0.95240
2011/04/07,Thu,0.96070,0.95840,0.96260,0.95680
2011/04/06,Wed,0.96400,0.96010,0.96430,0.95670
2011/04/05,Tue,0.96700,0.96370,0.96950,0.96250
2011/04/04,Mon,0.96440,0.96680,0.96890,0.96150
2011/04/03,Sun,,,,
2011/04/02,Sat,,,,
2011/04/01,Fri,0.97040,0.96340,0.97070,0.96240
2011/03/31,Thu,0.97120,0.97000,0.97310,0.96830
2011/03/30,Wed,0.97460,0.97100,0.97550,0.96850
2011/03/29,Tue,0.97800,0.97390,0.97880,0.97380
2011/03/28,Mon,0.98120,0.97740,0.98250,0.97410
2011/03/27,Sun,,,,
2011/03/26,Sat,,,,
2011/03/25,Fri,0.97570,0.98040,0.98290,0.97410
2011/03/24,Thu,0.98140,0.97620,0.98270,0.97290
2011/03/23,Wed,0.98050,0.98130,0.98450,0.97890
2011/03/22,Tue,0.97820,0.98070,0.98160,0.97440
2011/03/21,Mon,0.98500,0.97800,0.98550,0.97470
2011/03/20,Sun,,,,
2011/03/19,Sat,,,,
2011/03/18,Fri,0.98520,0.98430,0.98680,0.98030
2011/03/17,Thu,0.99260,0.98540,0.99420,0.98340
2011/03/16,Wed,0.98550,0.99030,0.99690,0.98060
2011/03/15,Tue,0.97380,0.98440,0.99750,0.97330
2011/03/14,Mon,0.97250,0.97360,0.97670,0.97090
2011/03/13,Sun,,,,
2011/03/12,Sat,,,,
2011/03/11,Fri,0.97560,0.97150,0.98040,0.97030
2011/03/10,Thu,0.96860,0.97510,0.97690,0.96820
2011/03/09,Wed,0.97140,0.96860,0.97170,0.96660
2011/03/08,Tue,0.97270,0.97130,0.97500,0.97060
2011/03/07,Mon,0.97310,0.97230,0.97450,0.96990
2011/03/06,Sun,,,,
2011/03/05,Sat,,,,
2011/03/04,Fri,0.97210,0.97170,0.97450,0.96980
2011/03/03,Thu,0.97230,0.97190,0.97550,0.97140
2011/03/02,Wed,0.97450,0.97220,0.97780,0.97060
2011/03/01,Tue,0.97140,0.97400,0.97570,0.96830
2011/02/28,Mon,0.97870,0.97150,0.97920,0.97080
2011/02/27,Sun,,,,
2011/02/26,Sat,,,,
2011/02/25,Fri,0.98320,0.97760,0.98340,0.97750
2011/02/24,Thu,0.98890,0.98270,0.99030,0.98140
2011/02/23,Wed,0.99040,0.98910,0.99610,0.98570
2011/02/22,Tue,0.98260,0.98960,0.99200,0.98230
2011/02/21,Mon,0.98620,0.98250,0.98740,0.98210
2011/02/20,Sun,,,,
2011/02/19,Sat,,,,
2011/02/18,Fri,0.98480,0.98600,0.98760,0.98180
2011/02/17,Thu,0.98490,0.98450,0.98610,0.98150
2011/02/16,Wed,0.98970,0.98480,0.99060,0.98440
2011/02/15,Tue,0.98890,0.98950,0.99040,0.98480
2011/02/14,Mon,0.98890,0.98910,0.99040,0.98460
2011/02/13,Sun,,,,
2011/02/12,Sat,,,,
2011/02/11,Fri,0.99570,0.98710,0.99880,0.98620
2011/02/10,Thu,0.99380,0.99610,0.99900,0.99310
2011/02/09,Wed,0.99500,0.99340,0.99590,0.99130
2011/02/08,Tue,0.99060,0.99460,0.99790,0.98660
2011/02/07,Mon,0.98910,0.99090,0.99120,0.98350
2011/02/06,Sun,,,,
2011/02/05,Sat,,,,
2011/02/04,Fri,0.99080,0.98770,0.99360,0.98300
2011/02/03,Thu,0.98820,0.99080,0.99240,0.98540
2011/02/02,Wed,0.99080,0.98780,0.99180,0.98580
2011/02/01,Tue,1.00120,0.99030,1.00150,0.98980
2011/01/31,Mon,1.00160,1.00100,1.00590,0.99610
2011/01/30,Sun,,,,
2011/01/29,Sat,,,,
2011/01/28,Fri,0.99330,1.00010,1.00190,0.99310
2011/01/27,Thu,0.99470,0.99310,0.99880,0.99240
2011/01/26,Wed,0.99720,0.99500,0.99840,0.99350
2011/01/25,Tue,0.99410,0.99640,1.00060,0.99080
2011/01/24,Mon,0.99370,0.99350,0.99840,0.99160
2011/01/23,Sun,,,,
2011/01/22,Sat,,,,
2011/01/21,Fri,0.99710,0.99380,0.99910,0.99060
2011/01/20,Thu,0.99570,0.99660,1.00320,0.99490
2011/01/19,Wed,0.99210,0.99550,0.99680,0.98870
2011/01/18,Tue,0.98730,0.99190,0.99370,0.98300
2011/01/17,Mon,0.98820,0.98680,0.99040,0.98540
2011/01/16,Sun,,,,
2011/01/15,Sat,,,,
2011/01/14,Fri,0.98940,0.98940,0.99790,0.98840
2011/01/13,Thu,0.98660,0.98880,0.99110,0.98540
2011/01/12,Wed,0.99000,0.98590,0.99150,0.98460
2011/01/11,Tue,0.99320,0.98990,0.99520,0.98900
2011/01/10,Mon,0.99310,0.99280,0.99860,0.99110
2011/01/09,Sun,,,,
2011/01/08,Sat,,,,
2011/01/07,Fri,0.99680,0.99120,1.00060,0.98970
2011/01/06,Thu,0.99640,0.99670,0.99950,0.99190
2011/01/05,Wed,0.99860,0.99620,1.00250,0.99310
2011/01/04,Tue,0.99380,0.99890,1.00360,0.99140
2011/01/03,Mon,0.99510,0.99320,0.99520,0.98860
2011/01/02,Sun,,,,
2011/01/01,Sat,,,,
2010/12/31,Fri,1.00000,0.99670,1.00090,0.99240
2010/12/30,Thu,1.00050,0.99960,1.00250,0.99710
2010/12/29,Wed,1.00020,1.00030,1.00570,0.99690
2010/12/28,Tue,1.00710,1.00090,1.00740,0.99740
2010/12/27,Mon,1.00830,1.00660,1.01120,1.00180
2010/12/26,Sun,,,,
2010/12/25,Sat,,,,
2010/12/24,Fri,1.00910,1.00770,1.01180,1.00480
2010/12/23,Thu,1.01380,1.00920,1.01680,1.00560
2010/12/22,Wed,1.01700,1.01340,1.01810,1.01100
2010/12/21,Tue,1.01670,1.01720,1.02080,1.01470
2010/12/20,Mon,1.01250,1.01700,1.02110,1.00980
2010/12/19,Sun,,,,
2010/12/18,Sat,,,,
2010/12/17,Fri,1.00610,1.01320,1.01460,1.00370
2010/12/16,Thu,1.00420,1.00560,1.00770,1.00290
2010/12/15,Wed,1.00660,1.00400,1.00970,0.99990
2010/12/14,Tue,1.00790,1.00650,1.01120,1.00270
2010/12/13,Mon,1.00990,1.00800,1.01100,1.00250
2010/12/12,Sun,,,,
2010/12/11,Sat,,,,
2010/12/10,Fri,1.01030,1.00960,1.01170,1.00800
2010/12/09,Thu,1.01100,1.01010,1.01280,1.00640
2010/12/08,Wed,1.01190,1.01110,1.01430,1.00610
2010/12/07,Tue,1.00550,1.01170,1.01220,1.00090
2010/12/06,Mon,1.00370,1.00490,1.00850,1.00220
2010/12/05,Sun,,,,
2010/12/04,Sat,,,,
2010/12/03,Fri,1.00330,1.00360,1.00820,1.00000
2010/12/02,Thu,1.01730,1.00340,1.01910,1.00260
2010/12/01,Wed,1.02650,1.01660,1.02730,1.01390
2010/11/30,Tue,1.01830,1.02630,1.02880,1.01710
2010/11/29,Mon,1.01670,1.01780,1.02600,1.01640
2010/11/28,Sun,,,,
2010/11/27,Sat,,,,
2010/11/26,Fri,1.00960,1.02020,1.02480,1.00840
2010/11/25,Thu,1.01100,1.00940,1.01260,1.00620
2010/11/24,Wed,1.02370,1.01070,1.02490,1.00900
2010/11/23,Tue,1.01830,1.02300,1.02660,1.01660
2010/11/22,Mon,1.01660,1.01830,1.02190,1.01110
2010/11/21,Sun,,,,
2010/11/20,Sat,,,,
2010/11/19,Fri,1.02060,1.01760,1.02350,1.01540
2010/11/18,Thu,1.02460,1.02030,1.02510,1.01530
2010/11/17,Wed,1.02200,1.02520,1.02630,1.01790
2010/11/16,Tue,1.00940,1.02110,1.02560,1.00670
2010/11/15,Mon,1.01130,1.00920,1.01410,1.00540
2010/11/14,Sun,,,,
2010/11/13,Sat,,,,
2010/11/12,Fri,1.00310,1.00900,1.01470,1.00250
2010/11/11,Thu,1.00020,1.00280,1.00750,0.99740
2010/11/10,Wed,1.00740,1.00000,1.00940,0.99920
2010/11/09,Tue,1.00370,1.00710,1.00960,0.99760
2010/11/08,Mon,1.00080,1.00340,1.00590,0.99940
2010/11/07,Sun,,,,
2010/11/06,Sat,,,,
2010/11/05,Fri,1.00250,1.00030,1.00820,0.99890
2010/11/04,Thu,1.00510,1.00230,1.01220,1.00080
2010/11/03,Wed,1.00860,1.00470,1.01570,1.00460
2010/11/02,Tue,1.01550,1.00820,1.01590,1.00800
2010/11/01,Mon,1.01930,1.01570,1.02040,1.01260
2010/10/31,Sun,,,,
2010/10/30,Sat,,,,
2010/10/29,Fri,1.02100,1.01870,1.02500,1.01660
2010/10/28,Thu,1.02790,1.02060,1.02880,1.01800
2010/10/27,Wed,1.02400,1.02760,1.03410,1.02240
2010/10/26,Tue,1.01970,1.02350,1.02670,1.01720
2010/10/25,Mon,1.02570,1.01900,1.02710,1.01520
2010/10/24,Sun,,,,
2010/10/23,Sat,,,,
2010/10/22,Fri,1.02660,1.02580,1.03050,1.02210
2010/10/21,Thu,1.02130,1.02640,1.03050,1.01660
2010/10/20,Wed,1.03330,1.02130,1.03510,1.02050
2010/10/19,Tue,1.01730,1.03220,1.03750,1.01620
2010/10/18,Mon,1.01220,1.01720,1.02300,1.01170
2010/10/17,Sun,,,,
2010/10/16,Sat,,,,
2010/10/15,Fri,1.00400,1.00980,1.01410,1.00110
2010/10/14,Thu,1.00350,1.00390,1.00770,0.99750
2010/10/13,Wed,1.01010,1.00330,1.01070,1.00100
2010/10/12,Tue,1.01380,1.00970,1.01850,1.00870
2010/10/11,Mon,1.01030,1.01380,1.01530,1.00860
2010/10/10,Sun,,,,
2010/10/09,Sat,,,,
2010/10/08,Fri,1.01790,1.01070,1.02300,1.00920
2010/10/07,Thu,1.01130,1.01710,1.02140,1.00740
2010/10/06,Wed,1.01580,1.01120,1.01680,1.00610
2010/10/05,Tue,1.02370,1.01570,1.02750,1.01520
2010/10/04,Mon,1.01940,1.02300,1.02460,1.01760
2010/10/03,Sun,,,,
2010/10/02,Sat,,,,
2010/10/01,Fri,1.02950,1.02000,1.03160,1.01860
2010/09/30,Thu,1.03260,1.02870,1.03480,1.02290
2010/09/29,Wed,1.03030,1.03220,1.03430,1.02390
2010/09/28,Tue,1.02980,1.03000,1.03640,1.02840
2010/09/27,Mon,1.02460,1.02910,1.03000,1.02210
2010/09/26,Sun,,,,
2010/09/25,Sat,,,,
2010/09/24,Fri,1.03450,1.02420,1.03570,1.02230
2010/09/23,Thu,1.03050,1.03290,1.03810,1.02770
2010/09/22,Wed,1.02630,1.03000,1.03610,1.01900
2010/09/21,Tue,1.02910,1.02620,1.03330,1.02160
2010/09/20,Mon,1.03280,1.02790,1.03490,1.02590
2010/09/19,Sun,,,,
2010/09/18,Sat,,,,
2010/09/17,Fri,1.02660,1.03340,1.03530,1.02110
2010/09/16,Thu,1.02590,1.02600,1.02930,1.02370
2010/09/15,Wed,1.02760,1.02580,1.03220,1.02500
2010/09/14,Tue,1.02750,1.02720,1.03070,1.02140
2010/09/13,Mon,1.03380,1.02740,1.03470,1.02640
2010/09/12,Sun,,,,
2010/09/11,Sat,,,,
2010/09/10,Fri,1.03380,1.03700,1.03760,1.02870
2010/09/09,Thu,1.03720,1.03400,1.03970,1.03000
2010/09/08,Wed,1.04750,1.03650,1.05110,1.03440
2010/09/07,Tue,1.03530,1.04790,1.04870,1.03490
2010/09/06,Mon,1.03970,1.03540,1.04060,1.03360
2010/09/05,Sun,,,,
2010/09/04,Sat,,,,
2010/09/03,Fri,1.05280,1.03870,1.05700,1.03800
2010/09/02,Thu,1.05020,1.05300,1.05580,1.04710
2010/09/01,Wed,1.06520,1.04990,1.06590,1.04840
2010/08/31,Tue,1.06000,1.06400,1.06750,1.05740
2010/08/30,Mon,1.04930,1.06020,1.06060,1.04720
2010/08/29,Sun,,,,
2010/08/28,Sat,,,,
2010/08/27,Fri,1.05770,1.05110,1.06500,1.05050
2010/08/26,Thu,1.05970,1.05740,1.06040,1.05200
2010/08/25,Wed,1.06130,1.05940,1.06690,1.05720
2010/08/24,Tue,1.05200,1.06080,1.06650,1.05150
2010/08/23,Mon,1.04940,1.05200,1.05310,1.04430
2010/08/22,Sun,,,,
2010/08/21,Sat,,,,
2010/08/20,Fri,1.04020,1.04760,1.05150,1.03810
2010/08/19,Thu,1.02920,1.03980,1.04170,1.02440
2010/08/18,Wed,1.03250,1.02840,1.03430,1.02690
2010/08/17,Tue,1.04350,1.03230,1.04400,1.03070
2010/08/16,Mon,1.04140,1.04350,1.04670,1.03680
2010/08/15,Sun,,,,
2010/08/14,Sat,,,,
2010/08/13,Fri,1.04230,1.04230,1.04410,1.03490
2010/08/12,Thu,1.04670,1.04210,1.04960,1.04180
2010/08/11,Wed,1.03110,1.04670,1.04770,1.03020
2010/08/10,Tue,1.02740,1.03050,1.03910,1.02680
2010/08/09,Mon,1.02720,1.02700,1.03010,1.02540
2010/08/08,Sun,,,,
2010/08/07,Sat,,,,
2010/08/06,Fri,1.01690,1.02750,1.03080,1.01430
2010/08/05,Thu,1.01800,1.01670,1.01900,1.01050
2010/08/04,Wed,1.02380,1.01790,1.02730,1.01620
2010/08/03,Tue,1.02320,1.02360,1.02760,1.02180
2010/08/02,Mon,1.02910,1.02300,1.03000,1.02030
2010/08/01,Sun,,,,
2010/07/31,Sat,,,,
2010/07/30,Fri,1.03630,1.02960,1.03780,1.02620
2010/07/29,Thu,1.03850,1.03560,1.03940,1.02970
2010/07/28,Wed,1.03540,1.03820,1.03920,1.02960
2010/07/27,Tue,1.03200,1.03530,1.03970,1.02520
2010/07/26,Mon,1.03780,1.03170,1.03870,1.03010
2010/07/25,Sun,,,,
2010/07/24,Sat,,,,
2010/07/23,Fri,1.03750,1.03600,1.04370,1.03440
2010/07/22,Thu,1.04910,1.03700,1.05050,1.03530
2010/07/21,Wed,1.04340,1.04890,1.05030,1.03490
2010/07/20,Tue,1.05520,1.04260,1.05890,1.04220
2010/07/19,Mon,1.05690,1.05450,1.05830,1.04970
2010/07/18,Sun,,,,
2010/07/17,Sat,,,,
2010/07/16,Fri,1.03830,1.05760,1.05830,1.03790
2010/07/15,Thu,1.03220,1.03800,1.04440,1.02800
2010/07/14,Wed,1.03050,1.03160,1.03730,1.02860
2010/07/13,Tue,1.03670,1.03060,1.03870,1.02760
2010/07/12,Mon,1.03220,1.03680,1.03880,1.02990
2010/07/11,Sun,,,,
2010/07/10,Sat,,,,
2010/07/09,Fri,1.04270,1.03300,1.04570,1.02960
2010/07/08,Thu,1.04730,1.04300,1.04860,1.03780
2010/07/07,Wed,1.05420,1.04730,1.06080,1.04620
2010/07/06,Tue,1.06370,1.05330,1.06790,1.04840
2010/07/05,Mon,1.06230,1.06350,1.06790,1.05740
2010/07/04,Sun,,,,
2010/07/03,Sat,,,,
2010/07/02,Fri,1.05930,1.06260,1.06710,1.05550
2010/07/01,Thu,1.06390,1.05880,1.06770,1.05760
2010/06/30,Wed,1.05560,1.06420,1.06500,1.04640
2010/06/29,Tue,1.03620,1.05470,1.05790,1.03410
2010/06/28,Mon,1.03470,1.03540,1.03740,1.03180
2010/06/27,Sun,,,,
2010/06/26,Sat,,,,
2010/06/25,Fri,1.04320,1.03550,1.04440,1.03390
2010/06/24,Thu,1.03950,1.04320,1.04710,1.03740
2010/06/23,Wed,1.02940,1.03940,1.04620,1.02720
2010/06/22,Tue,1.02450,1.02900,1.02980,1.01800
2010/06/21,Mon,1.01930,1.02450,1.02620,1.01360
2010/06/20,Sun,,,,
2010/06/19,Sat,,,,
2010/06/18,Fri,1.02790,1.02150,1.03150,1.02050
2010/06/17,Thu,1.02480,1.02780,1.03400,1.02230
2010/06/16,Wed,1.02510,1.02510,1.03250,1.02220
2010/06/15,Tue,1.03390,1.02550,1.03620,1.02390
2010/06/14,Mon,1.03360,1.03400,1.03520,1.02230
2010/06/13,Sun,,,,
2010/06/12,Sat,,,,
2010/06/11,Fri,1.03030,1.03260,1.03910,1.02960
2010/06/10,Thu,1.04460,1.03040,1.04540,1.02860
2010/06/09,Wed,1.04750,1.04430,1.05190,1.03630
2010/06/08,Tue,1.06120,1.04740,1.06170,1.04690
2010/06/07,Mon,1.06180,1.06070,1.06810,1.05130
2010/06/06,Sun,,,,
2010/06/05,Sat,,,,
2010/06/04,Fri,1.04020,1.06240,1.06300,1.03660
2010/06/03,Thu,1.03840,1.03960,1.04640,1.03610
2010/06/02,Wed,1.05560,1.03870,1.05750,1.03690
2010/06/01,Tue,1.04410,1.05490,1.05640,1.04200
2010/05/31,Mon,1.05220,1.04490,1.05540,1.04120
2010/05/30,Sun,,,,
2010/05/29,Sat,,,,
2010/05/28,Fri,1.04860,1.05390,1.05630,1.04420
2010/05/27,Thu,1.07110,1.04800,1.07190,1.04780
2010/05/26,Wed,1.06610,1.07040,1.07480,1.05790
2010/05/25,Tue,1.06250,1.06590,1.08540,1.06210
2010/05/24,Mon,1.06180,1.06380,1.06610,1.05320
2010/05/23,Sun,,,,
2010/05/22,Sat,,,,
2010/05/21,Fri,1.07070,1.05910,1.07510,1.05500
2010/05/20,Thu,1.04280,1.07020,1.07210,1.04170
2010/05/19,Wed,1.04000,1.04320,1.05390,1.03850
2010/05/18,Tue,1.03200,1.04000,1.04130,1.02420
2010/05/17,Mon,1.03470,1.03100,1.04400,1.03100
2010/05/16,Sun,,,,
2010/05/15,Sat,,,,
2010/05/14,Fri,1.02070,1.03510,1.03790,1.02100
2010/05/13,Thu,1.01940,1.02050,1.02110,1.01070
2010/05/12,Wed,1.02100,1.01920,1.02480,1.01520
2010/05/11,Tue,1.02350,1.02140,1.02900,1.01490
2010/05/10,Mon,1.03340,1.02310,1.03940,1.02080
2010/05/09,Sun,,,,
2010/05/08,Sat,,,,
2010/05/07,Fri,1.05260,1.04250,1.05740,1.03390
2010/05/06,Thu,1.03090,1.05030,1.07430,1.02820
2010/05/05,Wed,1.02520,1.03090,1.03550,1.02310
2010/05/04,Tue,1.01050,1.02430,1.02590,1.01030
2010/05/03,Mon,1.01700,1.01060,1.01890,1.01010
2010/05/02,Sun,,,,
2010/05/01,Sat,,,,
2010/04/30,Fri,1.00560,1.01740,1.01830,1.00150
2010/04/29,Thu,1.00960,1.00580,1.01160,1.00130
2010/04/28,Wed,1.01710,1.00950,1.01990,1.00740
2010/04/27,Tue,1.00080,1.01720,1.01830,0.99900
2010/04/26,Mon,0.99940,1.00050,1.00250,0.99660
2010/04/25,Sun,,,,
2010/04/24,Sat,,,,
2010/04/23,Fri,1.00030,0.99950,1.00670,0.99670
2010/04/22,Thu,0.99980,1.00020,1.00410,0.99570
2010/04/21,Wed,0.99830,0.99950,1.00160,0.99290
2010/04/20,Tue,1.01460,0.99810,1.01660,0.99710
2010/04/19,Mon,1.01490,1.01450,1.02170,1.01360
2010/04/18,Sun,,,,
2010/04/17,Sat,,,,
2010/04/16,Fri,1.00210,1.01240,1.01660,0.99970
2010/04/15,Thu,0.99870,1.00180,1.00380,0.99560
2010/04/14,Wed,1.00130,0.99880,1.00230,0.99520
2010/04/13,Tue,1.00270,1.00130,1.00670,1.00040
2010/04/12,Mon,1.00400,1.00270,1.00910,1.00100
2010/04/11,Sun,,,,
2010/04/10,Sat,,,,
2010/04/09,Fri,1.00220,1.00270,1.00860,0.99900
2010/04/08,Thu,1.00600,1.00180,1.01070,1.00180
2010/04/07,Wed,1.00140,1.00520,1.00640,0.99770
2010/04/06,Tue,1.00190,1.00140,1.00500,0.99870
2010/04/05,Mon,1.00840,1.00130,1.00910,1.00100
2010/04/04,Sun,,,,
2010/04/03,Sat,,,,
2010/04/02,Fri,1.00880,1.01120,1.01320,1.00810
2010/04/01,Thu,1.01530,1.00840,1.01640,1.00660
2010/03/31,Wed,1.02000,1.01520,1.02040,1.01280
2010/03/30,Tue,1.02120,1.01960,1.02250,1.01570
2010/03/29,Mon,1.02550,1.02080,1.02740,1.01750
2010/03/28,Sun,,,,
2010/03/27,Sat,,,,
2010/03/26,Fri,1.02420,1.02700,1.03050,1.02040
2010/03/25,Thu,1.02600,1.02450,1.02640,1.01700
2010/03/24,Wed,1.01640,1.02620,1.02840,1.01570
2010/03/23,Tue,1.01850,1.01580,1.02310,1.01510
2010/03/22,Mon,1.01600,1.01780,1.02450,1.01470
2010/03/21,Sun,,,,
2010/03/20,Sat,,,,
2010/03/19,Fri,1.01430,1.01720,1.01900,1.00610
2010/03/18,Thu,1.01030,1.01460,1.01510,1.00890
2010/03/17,Wed,1.01380,1.00920,1.01490,1.00700
2010/03/16,Tue,1.01940,1.01350,1.02040,1.01350
2010/03/15,Mon,1.01770,1.01870,1.02340,1.01640
2010/03/14,Sun,,,,
2010/03/13,Sat,,,,
2010/03/12,Fri,1.02440,1.01840,1.02540,1.01550
2010/03/11,Thu,1.02560,1.02410,1.03230,1.02290
2010/03/10,Wed,1.02630,1.02560,1.02930,1.02170
2010/03/09,Tue,1.02780,1.02610,1.03220,1.02350
2010/03/08,Mon,1.02890,1.02770,1.02950,1.02510
2010/03/07,Sun,,,,
2010/03/06,Sat,,,,
2010/03/05,Fri,1.03090,1.02990,1.03330,1.02600
2010/03/04,Thu,1.03200,1.03110,1.03410,1.02700
2010/03/03,Wed,1.03600,1.03110,1.03680,1.02730
2010/03/02,Tue,1.04180,1.03600,1.04440,1.03090
2010/03/01,Mon,1.05420,1.04180,1.05750,1.04100
2010/02/28,Sun,,,,
2010/02/27,Sat,,,,
2010/02/26,Fri,1.05980,1.05280,1.06190,1.05120
2010/02/25,Thu,1.05390,1.06010,1.06810,1.05140
2010/02/24,Wed,1.05640,1.05430,1.05950,1.05110
2010/02/23,Tue,1.04290,1.05550,1.05810,1.03810
2010/02/22,Mon,1.03850,1.04280,1.04420,1.03700
2010/02/21,Sun,,,,
2010/02/20,Sat,,,,
2010/02/19,Fri,1.04370,1.03970,1.05330,1.03870
2010/02/18,Thu,1.04590,1.04130,1.05000,1.03970
2010/02/17,Wed,1.04370,1.04580,1.04720,1.04110
2010/02/16,Tue,1.04920,1.04400,1.05010,1.04090
2010/02/15,Mon,1.05140,1.04880,1.05350,1.04630
2010/02/14,Sun,,,,
2010/02/13,Sat,,,,
2010/02/12,Fri,1.05100,1.05100,1.05810,1.04880
2010/02/11,Thu,1.06300,1.05060,1.06350,1.04800
2010/02/10,Wed,1.06730,1.06280,1.07090,1.05970
2010/02/09,Tue,1.07490,1.06740,1.07770,1.06450
2010/02/08,Mon,1.06840,1.07530,1.07550,1.06560
2010/02/07,Sun,,,,
2010/02/06,Sat,,,,
2010/02/05,Fri,1.07340,1.06850,1.07820,1.06450
2010/02/04,Thu,1.06270,1.07240,1.07540,1.05960
2010/02/03,Wed,1.05810,1.06210,1.06330,1.05450
2010/02/02,Tue,1.06200,1.05790,1.06420,1.05640
2010/02/01,Mon,1.07110,1.06160,1.07230,1.06100
2010/01/31,Sun,,,,
2010/01/30,Sat,,,,
2010/01/29,Fri,1.06640,1.06960,1.07000,1.06230
2010/01/28,Thu,1.06520,1.06650,1.06690,1.05560
2010/01/27,Wed,1.06270,1.06390,1.06900,1.06080
2010/01/26,Tue,1.05780,1.06230,1.06940,1.05450
2010/01/25,Mon,1.05800,1.05810,1.06150,1.05320
2010/01/24,Sun,,,,
2010/01/23,Sat,,,,
2010/01/22,Fri,1.05170,1.05750,1.06040,1.04630
2010/01/21,Thu,1.04670,1.05190,1.05260,1.04380
2010/01/20,Wed,1.03090,1.04600,1.04910,1.03030
2010/01/19,Tue,1.02640,1.03050,1.03500,1.02480
2010/01/18,Mon,1.03030,1.02610,1.03160,1.02470
2010/01/17,Sun,,,,
2010/01/16,Sat,,,,
2010/01/15,Fri,1.02330,1.02870,1.03160,1.02310
2010/01/14,Thu,1.03060,1.02320,1.03240,1.02240
2010/01/13,Wed,1.03930,1.03070,1.04130,1.02880
2010/01/12,Tue,1.03350,1.03930,1.04160,1.03130
2010/01/11,Mon,1.02890,1.03330,1.03450,1.02520
2010/01/10,Sun,,,,
2010/01/09,Sat,,,,
2010/01/08,Fri,1.03450,1.03000,1.03870,1.02950
2010/01/07,Thu,1.03230,1.03450,1.03760,1.02910
2010/01/06,Wed,1.03880,1.03160,1.04110,1.03120
2010/01/05,Tue,1.04160,1.03940,1.04270,1.03360
2010/01/04,Mon,1.05180,1.04140,1.05210,1.03520
2010/01/03,Sun,,,,
2010/01/02,Sat,,,,
2010/01/01,Fri,1.05270,1.05170,1.05400,1.05200
2009/12/31,Thu,1.05570,1.05180,1.05630,1.04560
2009/12/30,Wed,1.04380,1.05450,1.05800,1.04250
2009/12/29,Tue,1.04260,1.04320,1.04470,1.03660
2009/12/28,Mon,1.05010,1.04300,1.05010,1.04180
2009/12/27,Sun,,,,
2009/12/26,Sat,,,,
2009/12/25,Fri,1.04950,1.04990,1.05070,1.04950
2009/12/24,Thu,1.04820,1.04970,1.05090,1.04480
2009/12/23,Wed,1.05780,1.04840,1.05830,1.04690
2009/12/22,Tue,1.06210,1.05800,1.06370,1.05400
2009/12/21,Mon,1.06660,1.06220,1.07010,1.05360
2009/12/20,Sun,,,,
2009/12/19,Sat,,,,
2009/12/18,Fri,1.07090,1.06610,1.07280,1.06280
2009/12/17,Thu,1.06100,1.07060,1.07480,1.06100
2009/12/16,Wed,1.06170,1.06100,1.06450,1.05700
2009/12/15,Tue,1.05910,1.06120,1.06540,1.05510
2009/12/14,Mon,1.06020,1.05860,1.06640,1.05660
2009/12/13,Sun,,,,
2009/12/12,Sat,,,,
2009/12/11,Fri,1.05090,1.06000,1.06240,1.04840
2009/12/10,Thu,1.05470,1.05050,1.05840,1.04790
2009/12/09,Wed,1.06350,1.05440,1.06640,1.05150
2009/12/08,Tue,1.05260,1.06340,1.06720,1.04860
2009/12/07,Mon,1.05590,1.05190,1.06510,1.04820
2009/12/06,Sun,,,,
2009/12/05,Sat,,,,
2009/12/04,Fri,1.05600,1.05740,1.05980,1.04340
2009/12/03,Thu,1.05090,1.05470,1.05850,1.04620
2009/12/02,Wed,1.04640,1.05090,1.05170,1.04310
2009/12/01,Tue,1.05580,1.04650,1.05810,1.04060
2009/11/30,Mon,1.05770,1.05540,1.06200,1.05340
2009/11/29,Sun,,,,
2009/11/28,Sat,,,,
2009/11/27,Fri,1.06000,1.06190,1.07510,1.05850
2009/11/26,Thu,1.04540,1.06060,1.06230,1.04480
2009/11/25,Wed,1.05810,1.04510,1.05890,1.04490
2009/11/24,Tue,1.05590,1.05840,1.06440,1.05530
2009/11/23,Mon,1.07020,1.05570,1.07140,1.05390
2009/11/22,Sun,,,,
2009/11/21,Sat,,,,
2009/11/20,Fri,1.06340,1.06970,1.07340,1.06140
2009/11/19,Thu,1.05450,1.06320,1.06900,1.05430
2009/11/18,Wed,1.05100,1.05390,1.05840,1.04490
2009/11/17,Tue,1.04740,1.05110,1.06200,1.04650
2009/11/16,Mon,1.05410,1.04720,1.05430,1.04260
2009/11/15,Sun,,,,
2009/11/14,Sat,,,,
2009/11/13,Fri,1.05640,1.05020,1.05700,1.04710
2009/11/12,Thu,1.04570,1.05550,1.05790,1.04160
2009/11/11,Wed,1.04970,1.04540,1.05060,1.04320
2009/11/10,Tue,1.05660,1.04950,1.06100,1.04830
2009/11/09,Mon,1.07240,1.05640,1.07450,1.05420
2009/11/08,Sun,,,,
2009/11/07,Sat,,,,
2009/11/06,Fri,1.06630,1.07410,1.07820,1.06080
2009/11/05,Thu,1.06320,1.06600,1.06840,1.06050
2009/11/04,Wed,1.06700,1.06200,1.06840,1.05950
2009/11/03,Tue,1.07750,1.06730,1.08540,1.06560
2009/11/02,Mon,1.08460,1.07780,1.08710,1.07130
2009/11/01,Sun,,,,
2009/10/31,Sat,,,,
2009/10/30,Fri,1.06660,1.08450,1.08500,1.06520
2009/10/29,Thu,1.08070,1.06700,1.08220,1.06540
2009/10/28,Wed,1.06460,1.08110,1.08140,1.06370
2009/10/27,Tue,1.06920,1.06440,1.07190,1.06270
2009/10/26,Mon,1.05260,1.06800,1.06990,1.05020
2009/10/25,Sun,,,,
2009/10/24,Sat,,,,
2009/10/23,Fri,1.04770,1.05350,1.05460,1.04480
2009/10/22,Thu,1.04310,1.04700,1.05460,1.04160
2009/10/21,Wed,1.04950,1.04260,1.05850,1.03780
2009/10/20,Tue,1.02800,1.04940,1.05280,1.02660
2009/10/19,Mon,1.03890,1.02810,1.04230,1.02780
2009/10/18,Sun,,,,
2009/10/17,Sat,,,,
2009/10/16,Fri,1.03390,1.03640,1.04370,1.02880
2009/10/15,Thu,1.02400,1.03360,1.03740,1.02060
2009/10/14,Wed,1.03190,1.02390,1.03280,1.02330
2009/10/13,Tue,1.03480,1.03170,1.03750,1.02660
2009/10/12,Mon,1.04340,1.03500,1.04540,1.03160
2009/10/11,Sun,,,,
2009/10/10,Sat,,,,
2009/10/09,Fri,1.05170,1.04240,1.05540,1.04100
2009/10/08,Thu,1.06150,1.05120,1.06330,1.05050
2009/10/07,Wed,1.05940,1.06130,1.06510,1.05270
2009/10/06,Tue,1.07040,1.05940,1.07170,1.05460
2009/10/05,Mon,1.08010,1.07040,1.08250,1.06920
2009/10/04,Sun,,,,
2009/10/03,Sat,,,,
2009/10/02,Fri,1.08380,1.07940,1.09610,1.07890
2009/10/01,Thu,1.06950,1.08360,1.08480,1.06730
2009/09/30,Wed,1.08480,1.06900,1.08570,1.06710
2009/09/29,Tue,1.08500,1.08450,1.09260,1.07930
2009/09/28,Mon,1.09110,1.08490,1.09950,1.08320
2009/09/27,Sun,,,,
2009/09/26,Sat,,,,
2009/09/25,Fri,1.08910,1.09100,1.09840,1.08600
2009/09/24,Thu,1.07570,1.08920,1.09480,1.07070
2009/09/23,Wed,1.06900,1.07500,1.07790,1.06610
2009/09/22,Tue,1.07870,1.06880,1.07910,1.06600
2009/09/21,Mon,1.06970,1.07830,1.08550,1.06780
2009/09/20,Sun,,,,
2009/09/19,Sat,,,,
2009/09/18,Fri,1.06530,1.06880,1.07700,1.06480
2009/09/17,Thu,1.06630,1.06540,1.06790,1.05920
2009/09/16,Wed,1.07270,1.06630,1.07380,1.06440
2009/09/15,Tue,1.08300,1.07240,1.08730,1.07110
2009/09/14,Mon,1.07750,1.08320,1.09280,1.07680
2009/09/13,Sun,,,,
2009/09/12,Sat,,,,
2009/09/11,Fri,1.07740,1.07650,1.07930,1.07150
2009/09/10,Thu,1.07890,1.07720,1.08820,1.07680
2009/09/09,Wed,1.07940,1.07830,1.08360,1.07460
2009/09/08,Tue,1.07800,1.07950,1.08240,1.06730
2009/09/07,Mon,1.08660,1.07740,1.08700,1.07390
2009/09/06,Sun,,,,
2009/09/05,Sat,,,,
2009/09/04,Fri,1.10200,1.08800,1.10400,1.08230
2009/09/03,Thu,1.10520,1.10230,1.10750,1.09660
2009/09/02,Wed,1.10430,1.10500,1.11050,1.10060
2009/09/01,Tue,1.09390,1.10350,1.10690,1.08710
2009/08/31,Mon,1.09170,1.09450,1.10940,1.09030
2009/08/30,Sun,,,,
2009/08/29,Sat,,,,
2009/08/28,Fri,1.08770,1.09140,1.09380,1.07910
2009/08/27,Thu,1.09810,1.08740,1.10220,1.08310
2009/08/26,Wed,1.08650,1.09770,1.10020,1.08300
2009/08/25,Tue,1.07660,1.08690,1.08730,1.07190
2009/08/24,Mon,1.08060,1.07640,1.08270,1.07260
2009/08/23,Sun,,,,
2009/08/22,Sat,,,,
2009/08/21,Fri,1.08760,1.08090,1.09450,1.07630
2009/08/20,Thu,1.09520,1.08780,1.09960,1.08640
2009/08/19,Wed,1.10160,1.09450,1.11150,1.09380
2009/08/18,Tue,1.10800,1.10130,1.11080,1.10010
2009/08/17,Mon,1.09960,1.10770,1.11270,1.09910
2009/08/16,Sun,,,,
2009/08/15,Sat,,,,
2009/08/14,Fri,1.08730,1.09800,1.10240,1.08140
2009/08/13,Thu,1.08880,1.08630,1.09110,1.07920
2009/08/12,Wed,1.10170,1.08780,1.10780,1.08480
2009/08/11,Tue,1.08830,1.10150,1.10480,1.08650
2009/08/10,Mon,1.08310,1.08820,1.09300,1.07960
2009/08/09,Sun,,,,
2009/08/08,Sat,,,,
2009/08/07,Fri,1.07790,1.08110,1.08670,1.07560
2009/08/06,Thu,1.07030,1.07770,1.08000,1.06760
2009/08/05,Wed,1.07300,1.07000,1.07860,1.06780
2009/08/04,Tue,1.06600,1.07140,1.07670,1.06320
2009/08/03,Mon,1.07700,1.06570,1.07930,1.06420
2009/08/02,Sun,,,,
2009/08/01,Sat,,,,
2009/07/31,Fri,1.08410,1.07770,1.08590,1.07630
2009/07/30,Thu,1.09000,1.08300,1.09140,1.08040
2009/07/29,Wed,1.08120,1.09080,1.09350,1.07990
2009/07/28,Tue,1.08110,1.08010,1.09070,1.07490
2009/07/27,Mon,1.08550,1.08070,1.08800,1.07780
2009/07/26,Sun,,,,
2009/07/25,Sat,,,,
2009/07/24,Fri,1.08910,1.08670,1.09250,1.07940
2009/07/23,Thu,1.10000,1.08990,1.10120,1.08400
2009/07/22,Wed,1.10390,1.09940,1.10910,1.09490
2009/07/21,Tue,1.10650,1.10380,1.11150,1.09650
2009/07/20,Mon,1.11590,1.10660,1.11610,1.10190
2009/07/19,Sun,,,,
2009/07/18,Sat,,,,
2009/07/17,Fri,1.11750,1.11330,1.12020,1.11280
2009/07/16,Thu,1.11300,1.11730,1.12270,1.11260
2009/07/15,Wed,1.13300,1.11240,1.13510,1.11160
2009/07/14,Tue,1.15070,1.13300,1.15340,1.13220
2009/07/13,Mon,1.16230,1.15130,1.16730,1.15030
2009/07/12,Sun,,,,
2009/07/11,Sat,,,,
2009/07/10,Fri,1.16200,1.16360,1.16770,1.15970
2009/07/09,Thu,1.16770,1.16170,1.16820,1.15470
2009/07/08,Wed,1.16640,1.16710,1.17260,1.15870
2009/07/07,Tue,1.15950,1.16560,1.16750,1.15430
2009/07/06,Mon,1.16190,1.15930,1.16820,1.15870
2009/07/05,Sun,,,,
2009/07/04,Sat,,,,
2009/07/03,Fri,1.16350,1.16050,1.16400,1.15620
2009/07/02,Thu,1.14940,1.16340,1.16370,1.14710
2009/07/01,Wed,1.16270,1.14830,1.16570,1.14380
2009/06/30,Tue,1.15670,1.16250,1.16410,1.15100
2009/06/29,Mon,1.15230,1.15660,1.16020,1.15080
2009/06/28,Sun,,,,
2009/06/27,Sat,,,,
2009/06/26,Fri,1.15440,1.15240,1.15660,1.14440
2009/06/25,Thu,1.15660,1.15430,1.16390,1.15250
2009/06/24,Wed,1.14980,1.15570,1.15830,1.14180
2009/06/23,Tue,1.15440,1.14960,1.15830,1.14660
2009/06/22,Mon,1.13540,1.15450,1.15570,1.13360
2009/06/21,Sun,,,,
2009/06/20,Sat,,,,
2009/06/19,Fri,1.13210,1.13510,1.13650,1.12500
2009/06/18,Thu,1.13230,1.13240,1.13660,1.12330
2009/06/17,Wed,1.13550,1.13130,1.14500,1.12750
2009/06/16,Tue,1.13290,1.13490,1.13760,1.12220
2009/06/15,Mon,1.11940,1.13220,1.13780,1.11820
2009/06/14,Sun,,,,
2009/06/13,Sat,,,,
2009/06/12,Fri,1.10310,1.11870,1.12480,1.10080
2009/06/11,Thu,1.10890,1.10230,1.11050,1.09490
2009/06/10,Wed,1.10390,1.10860,1.11650,1.09400
2009/06/09,Tue,1.11630,1.10410,1.11970,1.09820
2009/06/08,Mon,1.12030,1.11640,1.12920,1.11400
2009/06/07,Sun,,,,
2009/06/06,Sat,,,,
2009/06/05,Fri,1.09760,1.11890,1.12080,1.09630
2009/06/04,Thu,1.11230,1.09670,1.11610,1.09280
2009/06/03,Wed,1.08150,1.11280,1.11320,1.07950
2009/06/02,Tue,1.09290,1.08160,1.09740,1.07900
2009/06/01,Mon,1.09050,1.09070,1.09480,1.07840
2009/05/31,Sun,,,,
2009/05/30,Sat,,,,
2009/05/29,Fri,1.11420,1.09050,1.11600,1.08910
2009/05/28,Thu,1.12230,1.11400,1.12600,1.11070
2009/05/27,Wed,1.11630,1.12160,1.12300,1.10990
2009/05/26,Tue,1.12410,1.11590,1.13570,1.11530
2009/05/25,Mon,1.12120,1.12380,1.12830,1.11950
2009/05/24,Sun,,,,
2009/05/23,Sat,,,,
2009/05/22,Fri,1.13690,1.11940,1.13720,1.11880
2009/05/21,Thu,1.14210,1.13570,1.14840,1.13480
2009/05/20,Wed,1.15590,1.14180,1.15860,1.13630
2009/05/19,Tue,1.16350,1.15580,1.16630,1.15230
2009/05/18,Mon,1.17840,1.16270,1.18130,1.16070
2009/05/17,Sun,,,,
2009/05/16,Sat,,,,
2009/05/15,Fri,1.17000,1.17770,1.18090,1.16480
2009/05/14,Thu,1.17390,1.17000,1.17880,1.16840
2009/05/13,Wed,1.16270,1.17320,1.17780,1.15530
2009/05/12,Tue,1.16700,1.16220,1.16990,1.15390
2009/05/11,Mon,1.14980,1.16710,1.16750,1.14760
2009/05/10,Sun,,,,
2009/05/09,Sat,,,,
2009/05/08,Fri,1.16980,1.15010,1.17340,1.14900
2009/05/07,Thu,1.16680,1.16930,1.17660,1.16290
2009/05/06,Wed,1.17570,1.16710,1.18270,1.16520
2009/05/05,Tue,1.17250,1.17560,1.17920,1.16780
2009/05/04,Mon,1.18690,1.17310,1.19010,1.17230
2009/05/03,Sun,,,,
2009/05/02,Sat,,,,
2009/05/01,Fri,1.19330,1.18510,1.19540,1.18300
2009/04/30,Thu,1.20380,1.19370,1.20510,1.18620
2009/04/29,Wed,1.21960,1.20360,1.22200,1.19900
2009/04/28,Tue,1.22020,1.22040,1.22680,1.21650
2009/04/27,Mon,1.21120,1.22100,1.22190,1.20750
2009/04/26,Sun,,,,
2009/04/25,Sat,,,,
2009/04/24,Fri,1.22310,1.20920,1.22720,1.20730
2009/04/23,Thu,1.24000,1.22330,1.24180,1.22220
2009/04/22,Wed,1.23610,1.24060,1.24780,1.23280
2009/04/21,Tue,1.23870,1.23680,1.25060,1.23260
2009/04/20,Mon,1.21380,1.23860,1.23980,1.21230
2009/04/19,Sun,,,,
2009/04/18,Sat,,,,
2009/04/17,Fri,1.20860,1.21360,1.21800,1.20750
2009/04/16,Thu,1.20410,1.21000,1.21490,1.19820
2009/04/15,Wed,1.21530,1.20230,1.21870,1.20140
2009/04/14,Tue,1.22000,1.21540,1.22420,1.20620
2009/04/13,Mon,1.22540,1.21980,1.23020,1.21650
2009/04/12,Sun,,,,
2009/04/11,Sat,,,,
2009/04/10,Fri,1.22370,1.22600,1.23000,1.22360
2009/04/09,Thu,1.23610,1.22440,1.24030,1.22120
2009/04/08,Wed,1.23750,1.23550,1.24670,1.23080
2009/04/07,Tue,1.23920,1.23730,1.24850,1.23310
2009/04/06,Mon,1.22950,1.23840,1.24430,1.22240
2009/04/05,Sun,,,,
2009/04/04,Sat,,,,
2009/04/03,Fri,1.23740,1.22950,1.24580,1.22950
2009/04/02,Thu,1.25970,1.23690,1.26140,1.23370
2009/04/01,Wed,1.26120,1.26000,1.27180,1.25750
2009/03/31,Tue,1.26200,1.26070,1.26540,1.25020
2009/03/30,Mon,1.24000,1.26170,1.26500,1.23840
2009/03/29,Sun,,,,
2009/03/28,Sat,,,,
2009/03/27,Fri,1.23000,1.24180,1.24460,1.22640
2009/03/26,Thu,1.23230,1.22950,1.23380,1.22410
2009/03/25,Wed,1.23120,1.23180,1.23570,1.22210
2009/03/24,Tue,1.22280,1.22970,1.23250,1.22020
2009/03/23,Mon,1.23940,1.22350,1.24000,1.22010
2009/03/22,Sun,,,,
2009/03/21,Sat,,,,
2009/03/20,Fri,1.23960,1.24100,1.24480,1.22910
2009/03/19,Thu,1.24660,1.23950,1.25050,1.21910
2009/03/18,Wed,1.26970,1.24570,1.27530,1.24310
2009/03/17,Tue,1.27140,1.26890,1.27690,1.26760
2009/03/16,Mon,1.27270,1.27160,1.27880,1.26350
2009/03/15,Sun,,,,
2009/03/14,Sat,,,,
2009/03/13,Fri,1.27790,1.27190,1.28450,1.26260
2009/03/12,Thu,1.28510,1.27770,1.29580,1.27670
2009/03/11,Wed,1.28000,1.28500,1.29040,1.27520
2009/03/10,Tue,1.30110,1.28110,1.30160,1.27260
2009/03/09,Mon,1.28660,1.29950,1.30660,1.28170
2009/03/08,Sun,,,,
2009/03/07,Sat,,,,
2009/03/06,Fri,1.28860,1.28750,1.29130,1.27650
2009/03/05,Thu,1.27510,1.28880,1.29140,1.27230
2009/03/04,Wed,1.29210,1.27410,1.29690,1.27140
2009/03/03,Tue,1.29140,1.29310,1.29770,1.28070
2009/03/02,Mon,1.27740,1.29050,1.29180,1.27250
2009/03/01,Sun,,,,
2009/02/28,Sat,,,,
2009/02/27,Fri,1.25310,1.27290,1.27330,1.25190
2009/02/26,Thu,1.25590,1.25160,1.25810,1.23970
2009/02/25,Wed,1.24300,1.25660,1.26140,1.23990
2009/02/24,Tue,1.25100,1.24260,1.25420,1.23940
2009/02/23,Mon,1.25120,1.24980,1.25570,1.23570
2009/02/22,Sun,,,,
2009/02/21,Sat,,,,
2009/02/20,Fri,1.25870,1.25050,1.26520,1.24220
2009/02/19,Thu,1.25990,1.25890,1.26230,1.24660
2009/02/18,Wed,1.26430,1.26020,1.26580,1.25300
2009/02/17,Tue,1.24390,1.26460,1.26740,1.24150
2009/02/16,Mon,1.23760,1.24360,1.24900,1.23920
2009/02/15,Sun,,,,
2009/02/14,Sat,,,,
2009/02/13,Fri,1.24380,1.23430,1.24640,1.22810
2009/02/12,Thu,1.24200,1.24320,1.25500,1.23820
2009/02/11,Wed,1.24530,1.24150,1.25330,1.23890
2009/02/10,Tue,1.21650,1.24600,1.24940,1.21490
2009/02/09,Mon,1.22190,1.21580,1.23010,1.21310
2009/02/08,Sun,,,,
2009/02/07,Sat,,,,
2009/02/06,Fri,1.23220,1.22540,1.25420,1.22330
2009/02/05,Thu,1.23230,1.23160,1.23840,1.22270
2009/02/04,Wed,1.23080,1.23230,1.24390,1.22250
2009/02/03,Tue,1.24360,1.23110,1.25230,1.22940
2009/02/02,Mon,1.22790,1.24230,1.24670,1.22600
2009/02/01,Sun,,,,
2009/01/31,Sat,,,,
2009/01/30,Fri,1.22410,1.22670,1.24180,1.22170
2009/01/29,Thu,1.21350,1.22360,1.22460,1.20930
2009/01/28,Wed,1.22790,1.21480,1.23090,1.20260
2009/01/27,Tue,1.22390,1.22670,1.23340,1.21520
2009/01/26,Mon,1.23260,1.22260,1.23910,1.21410
2009/01/25,Sun,,,,
2009/01/24,Sat,,,,
2009/01/23,Fri,1.25330,1.23100,1.26510,1.22690
2009/01/22,Thu,1.25610,1.25320,1.27410,1.25170
2009/01/21,Wed,1.26710,1.25560,1.27670,1.25480
2009/01/20,Tue,1.25380,1.26660,1.26970,1.25300
2009/01/19,Mon,1.24550,1.25430,1.25740,1.23740
2009/01/18,Sun,,,,
2009/01/17,Sat,,,,
2009/01/16,Fri,1.25210,1.24810,1.25780,1.23160
2009/01/15,Thu,1.24850,1.25190,1.26740,1.24140
2009/01/14,Wed,1.22480,1.24770,1.24930,1.21020
2009/01/13,Tue,1.21720,1.22430,1.23400,1.21530
2009/01/12,Mon,1.18790,1.21630,1.21760,1.18730
2009/01/11,Sun,,,,
2009/01/10,Sat,,,,
2009/01/09,Fri,1.17930,1.18830,1.19700,1.17930
2009/01/08,Thu,1.19550,1.17910,1.20750,1.17710
2009/01/07,Wed,1.18350,1.19580,1.20020,1.17740
2009/01/06,Tue,1.18950,1.18450,1.20010,1.17610
2009/01/05,Mon,1.20600,1.18860,1.22260,1.18680
2009/01/04,Sun,,,,
2009/01/03,Sat,,,,
2009/01/02,Fri,1.21970,1.21490,1.22770,1.20660
2009/01/01,Thu,1.21690,1.22040,1.22260,1.21660
2008/12/31,Wed,1.21920,1.21650,1.23610,1.21070
2008/12/30,Tue,1.21930,1.21990,1.23420,1.21420
2008/12/29,Mon,1.22200,1.21770,1.22240,1.20720
2008/12/28,Sun,,,,
2008/12/27,Sat,,,,
2008/12/26,Fri,1.21500,1.22190,1.22260,1.21260
2008/12/25,Thu,1.21280,1.21640,1.22010,1.21210
2008/12/24,Wed,1.21630,1.21410,1.22120,1.20830
2008/12/23,Tue,1.21920,1.21650,1.22540,1.20490
2008/12/22,Mon,1.21550,1.21940,1.22150,1.19870
2008/12/21,Sun,,,,
2008/12/20,Sat,,,,
2008/12/19,Fri,1.20640,1.22400,1.23760,1.20300
2008/12/18,Thu,1.19410,1.20470,1.21180,1.19240
2008/12/17,Wed,1.20310,1.19580,1.21210,1.19330
2008/12/16,Tue,1.23330,1.20460,1.23780,1.19880
2008/12/15,Mon,1.24640,1.23280,1.24670,1.22310
2008/12/14,Sun,,,,
2008/12/13,Sat,,,,
2008/12/12,Fri,1.23460,1.24880,1.25160,1.22850
2008/12/11,Thu,1.25920,1.23500,1.26090,1.21580
2008/12/10,Wed,1.26490,1.25890,1.26670,1.24870
2008/12/09,Tue,1.25310,1.26520,1.27460,1.24960
2008/12/08,Mon,1.27020,1.25440,1.27560,1.24470
2008/12/07,Sun,,,,
2008/12/06,Sat,,,,
2008/12/05,Fri,1.27720,1.26980,1.30090,1.26890
2008/12/04,Thu,1.25350,1.27750,1.28000,1.25160
2008/12/03,Wed,1.25080,1.25250,1.26690,1.24430
2008/12/02,Tue,1.24620,1.25220,1.25840,1.23820
2008/12/01,Mon,1.23660,1.24370,1.25260,1.23060
2008/11/30,Sun,,,,
2008/11/29,Sat,,,,
2008/11/28,Fri,1.23130,1.23550,1.24690,1.23130
2008/11/27,Thu,1.23070,1.23170,1.23760,1.22360
2008/11/26,Wed,1.22460,1.22690,1.24150,1.21600
2008/11/25,Tue,1.23170,1.22510,1.24790,1.21260
2008/11/24,Mon,1.26760,1.22980,1.27770,1.22430
2008/11/23,Sun,,,,
2008/11/22,Sat,,,,
2008/11/21,Fri,1.29480,1.27470,1.29860,1.27440
2008/11/20,Thu,1.25360,1.29360,1.29500,1.25170
2008/11/19,Wed,1.23060,1.25360,1.25440,1.22860
2008/11/18,Tue,1.22500,1.22780,1.23860,1.21800
2008/11/17,Mon,1.23850,1.22330,1.24240,1.21120
2008/11/16,Sun,,,,
2008/11/15,Sat,,,,
2008/11/14,Fri,1.21260,1.22800,1.23180,1.20990
2008/11/13,Thu,1.23670,1.21270,1.24480,1.21070
2008/11/12,Wed,1.20590,1.23500,1.23840,1.19800
2008/11/11,Tue,1.19550,1.20500,1.20980,1.18910
2008/11/10,Mon,1.17800,1.19800,1.19930,1.16600
2008/11/09,Sun,,,,
2008/11/08,Sat,,,,
2008/11/07,Fri,1.19430,1.18860,1.20260,1.16700
2008/11/06,Thu,1.16850,1.19250,1.19400,1.16160
2008/11/05,Wed,1.15020,1.16700,1.16900,1.14660
2008/11/04,Tue,1.18080,1.15040,1.18960,1.14790
2008/11/03,Mon,1.20980,1.18150,1.21180,1.18010
2008/11/02,Sun,,,,
2008/11/01,Sat,,,,
2008/10/31,Fri,1.20100,1.21220,1.23800,1.19430
2008/10/30,Thu,1.22200,1.20130,1.22580,1.19010
2008/10/29,Wed,1.27200,1.22450,1.28720,1.21260
2008/10/28,Tue,1.29660,1.27150,1.30200,1.27170
2008/10/27,Mon,1.27780,1.29600,1.29730,1.27030
2008/10/26,Sun,,,,
2008/10/25,Sat,,,,
2008/10/24,Fri,1.24550,1.27730,1.28430,1.24360
2008/10/23,Thu,1.25430,1.24450,1.27420,1.24320
2008/10/22,Wed,1.21340,1.25430,1.26000,1.21060
2008/10/21,Tue,1.19190,1.21360,1.22100,1.19110
2008/10/20,Mon,1.18180,1.19000,1.19840,1.17400
2008/10/19,Sun,,,,
2008/10/18,Sat,,,,
2008/10/17,Fri,1.17860,1.18210,1.19330,1.17740
2008/10/16,Thu,1.19110,1.17550,1.19970,1.17570
2008/10/15,Wed,1.16220,1.19020,1.19200,1.15370
2008/10/14,Tue,1.14700,1.16150,1.16520,1.13060
2008/10/13,Mon,1.16810,1.14590,1.17980,1.14510
2008/10/12,Sun,,,,
2008/10/11,Sat,,,,
2008/10/10,Fri,1.14890,1.17300,1.21230,1.14590
2008/10/09,Thu,1.12730,1.14640,1.15070,1.12050
2008/10/08,Wed,1.10460,1.12820,1.12890,1.09970
2008/10/07,Tue,1.10180,1.10390,1.10880,1.09510
2008/10/06,Mon,1.08290,1.10220,1.10890,1.08140
2008/10/05,Sun,,,,
2008/10/04,Sat,,,,
2008/10/03,Fri,1.07920,1.08260,1.08460,1.07260
2008/10/02,Thu,1.06280,1.07980,1.08100,1.06220
2008/10/01,Wed,1.06370,1.06160,1.06590,1.05470
2008/09/30,Tue,1.04580,1.06420,1.06650,1.04410
2008/09/29,Mon,1.03510,1.04540,1.04610,1.03340
2008/09/28,Sun,,,,
2008/09/27,Sat,,,,
2008/09/26,Fri,1.03410,1.03330,1.03750,1.03150
2008/09/25,Thu,1.03850,1.03350,1.03900,1.02980
2008/09/24,Wed,1.03850,1.03860,1.03950,1.03130
2008/09/23,Tue,1.03570,1.03720,1.04010,1.03040
2008/09/22,Mon,1.04690,1.03590,1.05160,1.03150
2008/09/21,Sun,,,,
2008/09/20,Sat,,,,
2008/09/19,Fri,1.05930,1.04650,1.06690,1.04280
2008/09/18,Thu,1.07210,1.05860,1.07360,1.05770
2008/09/17,Wed,1.06990,1.07270,1.08100,1.06170
2008/09/16,Tue,1.07000,1.07080,1.07500,1.06610
2008/09/15,Mon,1.06200,1.06860,1.07520,1.05690
2008/09/14,Sun,,,,
2008/09/13,Sat,,,,
2008/09/12,Fri,1.07460,1.05980,1.07650,1.05870
2008/09/11,Thu,1.07280,1.07300,1.08240,1.07010
2008/09/10,Wed,1.07140,1.07310,1.07450,1.06570
2008/09/09,Tue,1.06550,1.07140,1.07190,1.06030
2008/09/08,Mon,1.05780,1.06560,1.07150,1.05510
2008/09/07,Sun,,,,
2008/09/06,Sat,,,,
2008/09/05,Fri,1.07040,1.06210,1.07300,1.06030
2008/09/04,Thu,1.06200,1.07120,1.07160,1.05430
2008/09/03,Wed,1.06730,1.06130,1.07800,1.05780
2008/09/02,Tue,1.06710,1.06710,1.07490,1.06600
2008/09/01,Mon,1.06190,1.06670,1.06950,1.06130
2008/08/31,Sun,,,,
2008/08/30,Sat,,,,
2008/08/29,Fri,1.05110,1.06350,1.06460,1.04700
2008/08/28,Thu,1.04680,1.05080,1.05400,1.04310
2008/08/27,Wed,1.04840,1.04680,1.04980,1.04260
2008/08/26,Tue,1.05100,1.04800,1.05630,1.04100
2008/08/25,Mon,1.04890,1.05110,1.05190,1.04400
2008/08/24,Sun,,,,
2008/08/23,Sat,,,,
2008/08/22,Fri,1.04370,1.04690,1.04900,1.04200
2008/08/21,Thu,1.06010,1.04320,1.06090,1.04230
2008/08/20,Wed,1.06120,1.06020,1.06540,1.05760
2008/08/19,Tue,1.06440,1.06040,1.06710,1.05940
2008/08/18,Mon,1.05960,1.06440,1.06490,1.05440
2008/08/17,Sun,,,,
2008/08/16,Sat,,,,
2008/08/15,Fri,1.06440,1.05890,1.06950,1.05810
2008/08/14,Thu,1.06270,1.06490,1.06570,1.05630
2008/08/13,Wed,1.06450,1.06240,1.07170,1.06140
2008/08/12,Tue,1.06930,1.06450,1.07300,1.06140
2008/08/11,Mon,1.06760,1.06900,1.07180,1.06120
2008/08/10,Sun,,,,
2008/08/09,Sat,,,,
2008/08/08,Fri,1.05300,1.06650,1.06980,1.05150
2008/08/07,Thu,1.04870,1.05290,1.05360,1.04480
2008/08/06,Wed,1.04330,1.04800,1.04960,1.04000
2008/08/05,Tue,1.03680,1.04230,1.04540,1.03610
2008/08/04,Mon,1.02700,1.03690,1.03730,1.02620
2008/08/03,Sun,,,,
2008/08/02,Sat,,,,
2008/08/01,Fri,1.02380,1.02690,1.03000,1.02270
2008/07/31,Thu,1.02340,1.02330,1.02670,1.02130
2008/07/30,Wed,1.02390,1.02260,1.02730,1.02190
2008/07/29,Tue,1.02250,1.02370,1.02750,1.02050
2008/07/28,Mon,1.01930,1.02230,1.02460,1.01740
2008/07/27,Sun,,,,
2008/07/26,Sat,,,,
2008/07/25,Fri,1.01510,1.01960,1.02080,1.01270
2008/07/24,Thu,1.01100,1.01560,1.01640,1.00760
2008/07/23,Wed,1.00810,1.01090,1.01200,1.00570
2008/07/22,Tue,0.99970,1.00770,1.01160,0.99970
2008/07/21,Mon,1.00610,0.99920,1.00740,0.99910
2008/07/20,Sun,,,,
2008/07/19,Sat,,,,
2008/07/18,Fri,1.00530,1.00560,1.00820,1.00210
2008/07/17,Thu,1.00180,1.00580,1.00820,0.99780
2008/07/16,Wed,1.00160,1.00170,1.00500,0.99960
2008/07/15,Tue,1.00660,1.00100,1.00720,0.99750
2008/07/14,Mon,1.00770,1.00630,1.01430,1.00420
2008/07/13,Sun,,,,
2008/07/12,Sat,,,,
2008/07/11,Fri,1.00860,1.00940,1.01810,1.00690
2008/07/10,Thu,1.01200,1.00900,1.01380,1.00760
2008/07/09,Wed,1.01890,1.01110,1.02000,1.00980
2008/07/08,Tue,1.01700,1.01880,1.02330,1.01560
2008/07/07,Mon,1.01850,1.01640,1.02340,1.01490
2008/07/06,Sun,,,,
2008/07/05,Sat,,,,
2008/07/04,Fri,1.01820,1.01950,1.02060,1.01400
2008/07/03,Thu,1.01180,1.01810,1.02210,1.01100
2008/07/02,Wed,1.02210,1.01160,1.02310,1.00890
2008/07/01,Tue,1.02090,1.02220,1.02420,1.01430
2008/06/30,Mon,1.01050,1.02090,1.02190,1.00620
2008/06/29,Sun,,,,
2008/06/28,Sat,,,,
2008/06/27,Fri,1.01380,1.01040,1.01430,1.00480
2008/06/26,Thu,1.00920,1.01320,1.01440,1.00810
2008/06/25,Wed,1.01170,1.00890,1.01450,1.00880
2008/06/24,Tue,1.01580,1.01180,1.01740,1.01100
2008/06/23,Mon,1.01660,1.01550,1.01940,1.01300
2008/06/22,Sun,,,,
2008/06/21,Sat,,,,
2008/06/20,Fri,1.01540,1.01650,1.01970,1.01010
2008/06/19,Thu,1.01730,1.01590,1.01900,1.01090
2008/06/18,Wed,1.01890,1.01730,1.02150,1.01660
2008/06/17,Tue,1.02420,1.01880,1.02500,1.01660
2008/06/16,Mon,1.02860,1.02440,1.03010,1.01970
2008/06/15,Sun,,,,
2008/06/14,Sat,,,,
2008/06/13,Fri,1.02400,1.02920,1.02990,1.02170
2008/06/12,Thu,1.02000,1.02390,1.02790,1.01930
2008/06/11,Wed,1.02200,1.01990,1.02480,1.01530
2008/06/10,Tue,1.02350,1.02180,1.03240,1.01960
2008/06/09,Mon,1.01860,1.02320,1.02440,1.01500
2008/06/08,Sun,,,,
2008/06/07,Sat,,,,
2008/06/06,Fri,1.01740,1.01940,1.02180,1.01620
2008/06/05,Thu,1.01700,1.01690,1.02230,1.01420
2008/06/04,Wed,1.00930,1.01700,1.01920,1.00800
2008/06/03,Tue,1.00150,1.00880,1.00980,0.99680
2008/06/02,Mon,0.99530,1.00140,1.00300,0.99280
2008/06/01,Sun,,,,
2008/05/31,Sat,,,,
2008/05/30,Fri,0.98840,0.99320,0.99820,0.98730
2008/05/29,Thu,0.98980,0.98810,0.99230,0.98240
2008/05/28,Wed,0.99380,0.98940,0.99600,0.98890
2008/05/27,Tue,0.99190,0.99440,0.99510,0.98670
2008/05/26,Mon,0.98890,0.99130,0.99350,0.98610
2008/05/25,Sun,,,,
2008/05/24,Sat,,,,
2008/05/23,Fri,0.98480,0.98940,0.99020,0.98340
2008/05/22,Thu,0.98350,0.98420,0.98770,0.98270
2008/05/21,Wed,0.99230,0.98320,0.99290,0.98190
2008/05/20,Tue,0.99160,0.99230,0.99540,0.98740
2008/05/19,Mon,0.99980,0.99140,1.00020,0.98990
2008/05/18,Sun,,,,
2008/05/17,Sat,,,,
2008/05/16,Fri,0.99990,0.99900,1.00230,0.99440
2008/05/15,Thu,1.00320,0.99940,1.00630,0.99920
2008/05/14,Wed,1.00380,1.00290,1.00700,0.99630
2008/05/13,Tue,1.00500,1.00360,1.00960,0.99860
2008/05/12,Mon,1.00590,1.00490,1.01090,1.00250
2008/05/11,Sun,,,,
2008/05/10,Sat,,,,
2008/05/09,Fri,1.01750,1.00520,1.01780,1.00460
2008/05/08,Thu,1.00960,1.01740,1.01790,1.00800
2008/05/07,Wed,1.00240,1.00950,1.01000,1.00060
2008/05/06,Tue,1.01260,1.00260,1.01470,0.99980
2008/05/05,Mon,1.01950,1.01260,1.02000,1.01200
2008/05/04,Sun,,,,
2008/05/03,Sat,,,,
2008/05/02,Fri,1.01930,1.01940,1.02440,1.01470
2008/05/01,Thu,1.00730,1.02060,1.02370,1.00610
2008/04/30,Wed,1.01300,1.00700,1.01450,1.00370
2008/04/29,Tue,1.01310,1.01290,1.01660,1.01090
2008/04/28,Mon,1.01380,1.01230,1.01850,1.00670
2008/04/27,Sun,,,,
2008/04/26,Sat,,,,
2008/04/25,Fri,1.01450,1.01370,1.02060,1.01220
2008/04/24,Thu,1.01700,1.01410,1.02130,1.01210
2008/04/23,Wed,1.00780,1.01710,1.02160,1.00600
2008/04/22,Tue,1.00580,1.00680,1.01540,1.00230
2008/04/21,Mon,1.00520,1.00550,1.00960,0.99990
2008/04/20,Sun,,,,
2008/04/19,Sat,,,,
2008/04/18,Fri,1.01050,1.00420,1.01450,1.00250
2008/04/17,Thu,1.00100,1.00980,1.01440,0.99880
2008/04/16,Wed,1.01790,1.00030,1.01880,1.00010
2008/04/15,Tue,1.01900,1.01750,1.02400,1.01640
2008/04/14,Mon,1.02690,1.01840,1.02760,1.01760
2008/04/13,Sun,,,,
2008/04/12,Sat,,,,
2008/04/11,Fri,1.01970,1.02320,1.02500,1.01320
2008/04/10,Thu,1.01870,1.01970,1.02260,1.01560
2008/04/09,Wed,1.01350,1.01880,1.02200,1.01260
2008/04/08,Tue,1.01430,1.01290,1.01760,1.01050
2008/04/07,Mon,1.00910,1.01490,1.01540,1.00400
2008/04/06,Sun,,,,
2008/04/05,Sat,,,,
2008/04/04,Fri,1.00460,1.00810,1.01050,1.00190
2008/04/03,Thu,1.01540,1.00420,1.01680,1.00270
2008/04/02,Wed,1.02210,1.01460,1.02460,1.01300
2008/04/01,Tue,1.02590,1.02230,1.03280,1.02060
2008/03/31,Mon,1.02250,1.02580,1.02940,1.01910
2008/03/30,Sun,,,,
2008/03/29,Sat,,,,
2008/03/28,Fri,1.01840,1.02240,1.02300,1.01430
2008/03/27,Thu,1.01810,1.01830,1.02350,1.01260
2008/03/26,Wed,1.01730,1.01790,1.02080,1.00940
2008/03/25,Tue,1.01710,1.01690,1.02240,1.01250
2008/03/24,Mon,1.02550,1.01730,1.03100,1.01570
2008/03/23,Sun,,,,
2008/03/22,Sat,,,,
2008/03/21,Fri,1.02400,1.02280,1.02700,1.02230
2008/03/20,Thu,1.01370,1.02420,1.02960,1.01070
2008/03/19,Wed,0.99260,1.01410,1.01760,0.98760
2008/03/18,Tue,0.99830,0.99220,0.99880,0.98930
2008/03/17,Mon,0.98860,0.99700,1.00130,0.98580
2008/03/16,Sun,,,,
2008/03/15,Sat,,,,
2008/03/14,Fri,0.98370,0.98900,0.99670,0.98150
2008/03/13,Thu,0.98960,0.98240,0.99210,0.97970
2008/03/12,Wed,0.99200,0.98950,0.99380,0.98370
2008/03/11,Tue,0.99650,0.99120,0.99740,0.98940
2008/03/10,Mon,0.98970,0.99650,0.99850,0.98560
2008/03/09,Sun,,,,
2008/03/08,Sat,,,,
2008/03/07,Fri,0.98610,0.98960,0.99250,0.97470
2008/03/06,Thu,0.98520,0.98610,0.98860,0.98180
2008/03/05,Wed,0.99430,0.98490,0.99560,0.98350
2008/03/04,Tue,0.98930,0.99360,0.99790,0.98530
2008/03/03,Mon,0.98550,0.98910,0.99350,0.98270
2008/03/02,Sun,,,,
2008/03/01,Sat,,,,
2008/02/29,Fri,0.97590,0.98430,0.98540,0.97500
2008/02/28,Thu,0.98100,0.97480,0.98240,0.97110
2008/02/27,Wed,0.98210,0.98030,0.98330,0.97600
2008/02/26,Tue,0.99560,0.98290,0.99880,0.97830
2008/02/25,Mon,1.01220,0.99510,1.01310,0.99510
2008/02/24,Sun,,,,
2008/02/23,Sat,,,,
2008/02/22,Fri,1.01120,1.01200,1.01700,1.00720
2008/02/21,Thu,1.01270,1.01090,1.01430,1.00670
2008/02/20,Wed,1.01730,1.01250,1.02000,1.01050
2008/02/19,Tue,1.00760,1.01710,1.01760,1.00210
2008/02/18,Mon,1.00860,1.00740,1.01010,1.00480
2008/02/17,Sun,,,,
2008/02/16,Sat,,,,
2008/02/15,Fri,1.00020,1.00710,1.01150,0.99200
2008/02/14,Thu,0.99700,1.00040,1.00180,0.99370
2008/02/13,Wed,1.00150,0.99720,1.00310,0.99650
2008/02/12,Tue,1.00170,1.00080,1.00460,0.99390
2008/02/11,Mon,1.00020,1.00140,1.00370,0.99560
2008/02/10,Sun,,,,
2008/02/09,Sat,,,,
2008/02/08,Fri,1.01010,0.99980,1.01070,0.99480
2008/02/07,Thu,1.00590,1.00930,1.01280,1.00440
2008/02/06,Wed,1.00720,1.00600,1.01040,1.00060
2008/02/05,Tue,0.99330,1.00680,1.00820,0.99270
2008/02/04,Mon,0.99460,0.99340,1.00150,0.99220
2008/02/03,Sun,,,,
2008/02/02,Sat,,,,
2008/02/01,Fri,1.00370,0.99260,1.00400,0.99180
2008/01/31,Thu,0.99330,1.00360,1.00890,0.99250
2008/01/30,Wed,0.99890,0.99230,1.00040,0.98730
2008/01/29,Tue,1.00440,0.99820,1.00720,0.99440
2008/01/28,Mon,1.00960,1.00420,1.01200,1.00220
2008/01/27,Sun,,,,
2008/01/26,Sat,,,,
2008/01/25,Fri,1.00440,1.00640,1.01120,1.00160
2008/01/24,Thu,1.02350,1.00310,1.02590,1.00310
2008/01/23,Wed,1.02850,1.02230,1.03190,1.02230
2008/01/22,Tue,1.03410,1.02790,1.03800,1.02060
2008/01/21,Mon,1.02620,1.03440,1.03490,1.02600
2008/01/20,Sun,,,,
2008/01/19,Sat,,,,
2008/01/18,Fri,1.02970,1.02690,1.03090,1.02170
2008/01/17,Thu,1.02530,1.02980,1.03090,1.01810
2008/01/16,Wed,1.01680,1.02410,1.02850,1.01520
2008/01/15,Tue,1.01760,1.01680,1.01990,1.01240
2008/01/14,Mon,1.01990,1.01760,1.02140,1.01470
2008/01/13,Sun,,,,
2008/01/12,Sat,,,,
2008/01/11,Fri,1.00820,1.01960,1.02230,1.00700
2008/01/10,Thu,1.01010,1.00800,1.01520,1.00520
2008/01/09,Wed,1.00580,1.00950,1.01250,1.00200
2008/01/08,Tue,1.00540,1.00660,1.00710,0.99670
2008/01/07,Mon,1.00230,1.00500,1.00820,0.99690
2008/01/06,Sun,,,,
2008/01/05,Sat,,,,
2008/01/04,Fri,0.99020,1.00340,1.00370,0.98410
2008/01/03,Thu,0.99280,0.98900,0.99680,0.98730
2008/01/02,Wed,0.99220,0.99340,0.99730,0.98610
2008/01/01,Tue,0.99620,0.99200,0.99890,0.99140
2007/12/31,Mon,0.98110,0.99640,0.99680,0.97650
2007/12/30,Sun,,,,
2007/12/29,Sat,,,,
2007/12/28,Fri,0.98160,0.98050,0.98500,0.97560
2007/12/27,Thu,0.98100,0.98050,0.98560,0.97850
2007/12/26,Wed,0.98520,0.98050,0.98680,0.98030
2007/12/25,Tue,0.98530,0.98490,0.98710,0.98310
2007/12/24,Mon,0.99180,0.98590,0.99360,0.98400
2007/12/23,Sun,,,,
2007/12/22,Sat,,,,
2007/12/21,Fri,1.00040,0.99130,1.00210,0.99110
2007/12/20,Thu,1.00290,1.00050,1.00510,0.99530
2007/12/19,Wed,1.00550,1.00270,1.00940,1.00170
2007/12/18,Tue,1.00570,1.00540,1.01430,1.00130
2007/12/17,Mon,1.01780,1.00580,1.02300,1.00260
2007/12/16,Sun,,,,
2007/12/15,Sat,,,,
2007/12/14,Fri,1.02040,1.01700,1.02490,1.01280
2007/12/13,Thu,1.01270,1.02030,1.02360,1.00940
2007/12/12,Wed,1.01440,1.01280,1.01780,1.00560
2007/12/11,Tue,1.00650,1.01500,1.01680,1.00420
2007/12/10,Mon,1.00410,1.00550,1.01190,1.00050
2007/12/09,Sun,,,,
2007/12/08,Sat,,,,
2007/12/07,Fri,1.00890,1.00460,1.01520,1.00080
2007/12/06,Thu,1.01410,1.00790,1.01970,1.00740
2007/12/05,Wed,1.01240,1.01350,1.02170,1.00860
2007/12/04,Tue,1.00010,1.01220,1.01550,0.99880
2007/12/03,Mon,0.99930,0.99990,1.00430,0.99750
2007/12/02,Sun,,,,
2007/12/01,Sat,,,,
2007/11/30,Fri,0.99770,0.99990,1.00180,0.99220
2007/11/29,Thu,0.98580,0.99690,0.99960,0.98350
2007/11/28,Wed,0.99580,0.98560,1.00020,0.98460
2007/11/27,Tue,0.99040,0.99510,1.00040,0.98210
2007/11/26,Mon,0.98740,0.98940,0.99150,0.97990
2007/11/25,Sun,,,,
2007/11/24,Sat,,,,
2007/11/23,Fri,0.98550,0.98910,0.99010,0.97990
2007/11/22,Thu,0.98740,0.98540,0.98870,0.97880
2007/11/21,Wed,0.97950,0.98800,0.99270,0.97760
2007/11/20,Tue,0.98470,0.97900,0.98670,0.97430
2007/11/19,Mon,0.97690,0.98460,0.98510,0.97050
2007/11/18,Sun,,,,
2007/11/17,Sat,,,,
2007/11/16,Fri,0.98510,0.97340,0.98890,0.97050
2007/11/15,Thu,0.96700,0.98440,0.98650,0.96060
2007/11/14,Wed,0.95950,0.96650,0.96770,0.95120
2007/11/13,Tue,0.96950,0.95950,0.97260,0.95230
2007/11/12,Mon,0.94570,0.96870,0.97070,0.94330
2007/11/11,Sun,,,,
2007/11/10,Sat,,,,
2007/11/09,Fri,0.93530,0.94300,0.94430,0.92520
2007/11/08,Thu,0.92910,0.93430,0.94070,0.92360
2007/11/07,Wed,0.92100,0.92850,0.93080,0.90590
2007/11/06,Tue,0.93340,0.92140,0.93400,0.92080
2007/11/05,Mon,0.93550,0.93290,0.93710,0.93040
2007/11/04,Sun,,,,
2007/11/03,Sat,,,,
2007/11/02,Fri,0.95120,0.93410,0.95240,0.93260
2007/11/01,Thu,0.94310,0.95090,0.95230,0.94230
2007/10/31,Wed,0.95340,0.94360,0.95670,0.94190
2007/10/30,Tue,0.95330,0.95280,0.95780,0.95140
2007/10/29,Mon,0.96140,0.95340,0.96300,0.95150
2007/10/28,Sun,,,,
2007/10/27,Sat,,,,
2007/10/26,Fri,0.96630,0.96120,0.96720,0.95900
2007/10/25,Thu,0.96860,0.96660,0.97010,0.96130
2007/10/24,Wed,0.96630,0.96820,0.97360,0.96440
2007/10/23,Tue,0.97860,0.96590,0.97920,0.96270
2007/10/22,Mon,0.96690,0.97800,0.98270,0.96610
2007/10/21,Sun,,,,
2007/10/20,Sat,,,,
2007/10/19,Fri,0.97370,0.96610,0.97570,0.96330
2007/10/18,Thu,0.97450,0.97390,0.97790,0.97180
2007/10/17,Wed,0.97880,0.97440,0.98230,0.97270
2007/10/16,Tue,0.97650,0.97900,0.98190,0.97440
2007/10/15,Mon,0.97190,0.97560,0.97800,0.97060
2007/10/14,Sun,,,,
2007/10/13,Sat,,,,
2007/10/12,Fri,0.97650,0.97100,0.98010,0.97110
2007/10/11,Thu,0.98180,0.97660,0.98300,0.97280
2007/10/10,Wed,0.98160,0.98170,0.98370,0.97910
2007/10/09,Tue,0.98650,0.98060,0.98980,0.97920
2007/10/08,Mon,0.98060,0.98580,0.98790,0.98020
2007/10/07,Sun,,,,
2007/10/06,Sat,,,,
2007/10/05,Fri,0.99680,0.98050,0.99860,0.97870
2007/10/04,Thu,0.99840,0.99640,1.00180,0.99600
2007/10/03,Wed,0.99810,0.99800,0.99940,0.99360
2007/10/02,Tue,0.99180,0.99820,1.00130,0.99140
2007/10/01,Mon,0.99340,0.99120,0.99590,0.99100
2007/09/30,Sun,,,,
2007/09/29,Sat,,,,
2007/09/28,Fri,1.00150,0.99130,1.00230,0.99130
2007/09/27,Thu,1.00420,1.00140,1.00570,0.99770
2007/09/26,Wed,1.00370,1.00420,1.00970,1.00250
2007/09/25,Tue,1.00190,1.00500,1.00670,0.99980
2007/09/24,Mon,0.99990,1.00120,1.00310,0.99680
2007/09/23,Sun,,,,
2007/09/22,Sat,,,,
2007/09/21,Fri,1.00210,1.00100,1.00600,0.99370
2007/09/20,Thu,1.01480,1.00080,1.01570,0.99920
2007/09/19,Wed,1.01340,1.01490,1.01790,1.00820
2007/09/18,Tue,1.02760,1.01330,1.02910,1.01210
2007/09/17,Mon,1.03030,1.02680,1.03140,1.02390
2007/09/16,Sun,,,,
2007/09/15,Sat,,,,
2007/09/14,Fri,1.03530,1.03050,1.03680,1.02770
2007/09/13,Thu,1.03690,1.03540,1.03820,1.03110
2007/09/12,Wed,1.04230,1.03700,1.04480,1.03530
2007/09/11,Tue,1.05190,1.04210,1.05330,1.04100
2007/09/10,Mon,1.05470,1.05110,1.05940,1.05050
2007/09/09,Sun,,,,
2007/09/08,Sat,,,,
2007/09/07,Fri,1.05200,1.05550,1.05780,1.04760
2007/09/06,Thu,1.05400,1.05170,1.05840,1.05070
2007/09/05,Wed,1.04930,1.05400,1.05700,1.04860
2007/09/04,Tue,1.05280,1.04830,1.05700,1.04810
2007/09/03,Mon,1.05570,1.05210,1.05600,1.05170
2007/09/02,Sun,,,,
2007/09/01,Sat,,,,
2007/08/31,Fri,1.05810,1.05560,1.05950,1.05060
2007/08/30,Thu,1.05910,1.05740,1.06640,1.05440
2007/08/29,Wed,1.06480,1.05900,1.06790,1.05790
2007/08/28,Tue,1.05450,1.06540,1.06560,1.05340
2007/08/27,Mon,1.05200,1.05450,1.05520,1.04700
2007/08/26,Sun,,,,
2007/08/25,Sat,,,,
2007/08/24,Fri,1.05300,1.05230,1.05700,1.04930
2007/08/23,Thu,1.06210,1.05260,1.06300,1.04740
2007/08/22,Wed,1.06320,1.06210,1.06670,1.05720
2007/08/21,Tue,1.05530,1.06380,1.06520,1.05430
2007/08/20,Mon,1.06060,1.05440,1.06270,1.05310
2007/08/19,Sun,,,,
2007/08/18,Sat,,,,
2007/08/17,Fri,1.07600,1.06010,1.07970,1.05560
2007/08/16,Thu,1.07920,1.07500,1.08680,1.06730
2007/08/15,Wed,1.06760,1.07900,1.07980,1.06740
2007/08/14,Tue,1.05430,1.06750,1.06880,1.05410
2007/08/13,Mon,1.05400,1.05390,1.05660,1.04850
2007/08/12,Sun,,,,
2007/08/11,Sat,,,,
2007/08/10,Fri,1.05810,1.05310,1.06200,1.05150
2007/08/09,Thu,1.04850,1.05830,1.06440,1.04690
2007/08/08,Wed,1.05460,1.04850,1.05680,1.04620
2007/08/07,Tue,1.05090,1.05440,1.05770,1.04910
2007/08/06,Mon,1.05670,1.05160,1.05910,1.05030
2007/08/05,Sun,,,,
2007/08/04,Sat,,,,
2007/08/03,Fri,1.05260,1.05700,1.05800,1.05010
2007/08/02,Thu,1.05600,1.05270,1.06000,1.05090
2007/08/01,Wed,1.06660,1.05580,1.06990,1.05510
2007/07/31,Tue,1.06670,1.06700,1.06860,1.05850
2007/07/30,Mon,1.06440,1.06700,1.07020,1.06390
2007/07/29,Sun,,,,
2007/07/28,Sat,,,,
2007/07/27,Fri,1.05530,1.06400,1.06500,1.05250
2007/07/26,Thu,1.04180,1.05550,1.05590,1.04040
2007/07/25,Wed,1.03650,1.04250,1.04500,1.03390
2007/07/24,Tue,1.04690,1.03570,1.04750,1.03410
2007/07/23,Mon,1.04840,1.04640,1.04860,1.04250
2007/07/22,Sun,,,,
2007/07/21,Sat,,,,
2007/07/20,Fri,1.04330,1.04850,1.05000,1.04130
2007/07/19,Thu,1.04400,1.04320,1.04670,1.04110
2007/07/18,Wed,1.04350,1.04440,1.04810,1.04000
2007/07/17,Tue,1.04390,1.04360,1.04540,1.04200
2007/07/16,Mon,1.04840,1.04370,1.04860,1.04150
2007/07/15,Sun,,,,
2007/07/14,Sat,,,,
2007/07/13,Fri,1.04550,1.04690,1.05000,1.04460
2007/07/12,Thu,1.05480,1.04560,1.05580,1.04490
2007/07/11,Wed,1.05400,1.05450,1.06140,1.05320
2007/07/10,Tue,1.04940,1.05420,1.05490,1.04780
2007/07/09,Mon,1.04930,1.04940,1.05030,1.04440
2007/07/08,Sun,,,,
2007/07/07,Sat,,,,
2007/07/06,Fri,1.05640,1.04910,1.05700,1.04620
2007/07/05,Thu,1.05790,1.05610,1.05950,1.05540
2007/07/04,Wed,1.06150,1.05710,1.06180,1.05570
2007/07/03,Tue,1.05600,1.06120,1.06370,1.05410
2007/07/02,Mon,1.06330,1.05610,1.06390,1.05260
2007/07/01,Sun,,,,
2007/06/30,Sat,,,,
2007/06/29,Fri,1.05940,1.06510,1.06610,1.04740
2007/06/28,Thu,1.07040,1.05920,1.07130,1.05740
2007/06/27,Wed,1.06980,1.07030,1.07370,1.06920
2007/06/26,Tue,1.07020,1.06930,1.07280,1.06700
2007/06/25,Mon,1.06900,1.06990,1.07360,1.06800
2007/06/24,Sun,,,,
2007/06/23,Sat,,,,
2007/06/22,Fri,1.07460,1.06950,1.07530,1.06650
2007/06/21,Thu,1.06630,1.07410,1.07610,1.06440
2007/06/20,Wed,1.06240,1.06560,1.06890,1.06180
2007/06/19,Tue,1.07110,1.06240,1.07230,1.06150
2007/06/18,Mon,1.06760,1.07170,1.07530,1.06520
2007/06/17,Sun,,,,
2007/06/16,Sat,,,,
2007/06/15,Fri,1.06840,1.06760,1.06930,1.06040
2007/06/14,Thu,1.06640,1.06860,1.06920,1.06470
2007/06/13,Wed,1.06750,1.06690,1.07410,1.06460
2007/06/12,Tue,1.05990,1.06750,1.06820,1.05900
2007/06/11,Mon,1.06140,1.05970,1.06370,1.05960
2007/06/10,Sun,,,,
2007/06/09,Sat,,,,
2007/06/08,Fri,1.06530,1.06100,1.07150,1.05940
2007/06/07,Thu,1.05820,1.06620,1.06670,1.05620
2007/06/06,Wed,1.06340,1.05770,1.06380,1.05620
2007/06/05,Tue,1.05850,1.06350,1.06400,1.05620
2007/06/04,Mon,1.06130,1.05840,1.06220,1.05490
2007/06/03,Sun,,,,
2007/06/02,Sat,,,,
2007/06/01,Fri,1.06940,1.06060,1.07120,1.05980
2007/05/31,Thu,1.07430,1.07030,1.07490,1.06650
2007/05/30,Wed,1.07370,1.07430,1.07610,1.06870
2007/05/29,Tue,1.08000,1.07370,1.08380,1.07110
2007/05/28,Mon,1.07940,1.08000,1.08140,1.07880
2007/05/27,Sun,,,,
2007/05/26,Sat,,,,
2007/05/25,Fri,1.08440,1.08060,1.08720,1.07760
2007/05/24,Thu,1.08240,1.08380,1.08550,1.08030
2007/05/23,Wed,1.08670,1.08210,1.08920,1.08130
2007/05/22,Tue,1.08460,1.08630,1.08810,1.08280
2007/05/21,Mon,1.08960,1.08430,1.09010,1.08250
2007/05/20,Sun,,,,
2007/05/19,Sat,,,,
2007/05/18,Fri,1.09980,1.08830,1.10030,1.08760
2007/05/17,Thu,1.10440,1.09940,1.10570,1.09680
2007/05/16,Wed,1.09890,1.10330,1.10640,1.09690
2007/05/15,Tue,1.10600,1.09810,1.10740,1.09640
2007/05/14,Mon,1.11050,1.10540,1.11270,1.10550
2007/05/13,Sun,,,,
2007/05/12,Sat,,,,
2007/05/11,Fri,1.11170,1.11040,1.11710,1.10910
2007/05/10,Thu,1.10530,1.11120,1.11310,1.10500
2007/05/09,Wed,1.10580,1.10560,1.10970,1.10430
2007/05/08,Tue,1.10200,1.10460,1.10610,1.10060
2007/05/07,Mon,1.10710,1.10180,1.10760,1.10060
2007/05/06,Sun,,,,
2007/05/05,Sat,,,,
2007/05/04,Fri,1.10760,1.10710,1.10850,1.10310
2007/05/03,Thu,1.10840,1.10760,1.10960,1.10540
2007/05/02,Wed,1.11110,1.10670,1.11450,1.10630
2007/05/01,Tue,1.10990,1.11100,1.11180,1.10480
2007/04/30,Mon,1.11570,1.10890,1.11990,1.10480
2007/04/29,Sun,,,,
2007/04/28,Sat,,,,
2007/04/27,Fri,1.12180,1.11680,1.12290,1.11290
2007/04/26,Thu,1.11510,1.12210,1.12260,1.11440
2007/04/25,Wed,1.12140,1.11460,1.12310,1.11360
2007/04/24,Tue,1.12220,1.12120,1.12500,1.11920
2007/04/23,Mon,1.12300,1.12150,1.12460,1.12160
2007/04/22,Sun,,,,
2007/04/21,Sat,,,,
2007/04/20,Fri,1.12960,1.12400,1.13040,1.12140
2007/04/19,Thu,1.12770,1.12960,1.13110,1.12330
2007/04/18,Wed,1.13130,1.12710,1.13420,1.12630
2007/04/17,Tue,1.13170,1.13000,1.13460,1.12860
2007/04/16,Mon,1.13670,1.13160,1.13750,1.12980
2007/04/15,Sun,,,,
2007/04/14,Sat,,,,
2007/04/13,Fri,1.13460,1.13810,1.13980,1.13270
2007/04/12,Thu,1.13910,1.13440,1.14140,1.13360
2007/04/11,Wed,1.14730,1.13860,1.14870,1.13850
2007/04/10,Tue,1.15270,1.14710,1.15320,1.14570
2007/04/09,Mon,1.15090,1.15240,1.15340,1.15010
2007/04/08,Sun,,,,
2007/04/07,Sat,,,,
2007/04/06,Fri,1.15150,1.15120,1.15370,1.14970
2007/04/05,Thu,1.15930,1.15160,1.15990,1.14860
2007/04/04,Wed,1.15890,1.15900,1.15970,1.15420
2007/04/03,Tue,1.15660,1.15840,1.16020,1.15480
2007/04/02,Mon,1.15190,1.15650,1.15730,1.15120
2007/04/01,Sun,,,,
2007/03/31,Sat,,,,
2007/03/30,Fri,1.15880,1.15300,1.15950,1.14980
2007/03/29,Thu,1.15930,1.15890,1.16170,1.15660
2007/03/28,Wed,1.15720,1.15890,1.16120,1.15570
2007/03/27,Tue,1.16110,1.15690,1.16220,1.15530
2007/03/26,Mon,1.16060,1.16150,1.16400,1.15930
2007/03/25,Sun,,,,
2007/03/24,Sat,,,,
2007/03/23,Fri,1.15740,1.16050,1.16140,1.15590
2007/03/22,Thu,1.15570,1.15710,1.15950,1.15550
2007/03/21,Wed,1.16160,1.15550,1.16350,1.15290
2007/03/20,Tue,1.17730,1.16110,1.17920,1.15980
2007/03/19,Mon,1.17720,1.17730,1.17860,1.17400
2007/03/18,Sun,,,,
2007/03/17,Sat,,,,
2007/03/16,Fri,1.17700,1.17570,1.17740,1.17110
2007/03/15,Thu,1.17650,1.17630,1.17820,1.17300
2007/03/14,Wed,1.17470,1.17650,1.17800,1.17190
2007/03/13,Tue,1.17200,1.17410,1.17570,1.16790
2007/03/12,Mon,1.17290,1.17210,1.17370,1.16800
2007/03/11,Sun,,,,
2007/03/10,Sat,,,,
2007/03/09,Fri,1.18030,1.17210,1.18120,1.17020
2007/03/08,Thu,1.17830,1.17980,1.18190,1.17640
2007/03/07,Wed,1.17680,1.17800,1.18010,1.17440
2007/03/06,Tue,1.18090,1.17600,1.18180,1.17290
2007/03/05,Mon,1.17660,1.18070,1.18280,1.17560
2007/03/04,Sun,,,,
2007/03/03,Sat,,,,
2007/03/02,Fri,1.17280,1.17700,1.17760,1.17070
2007/03/01,Thu,1.16970,1.17210,1.17520,1.16730
2007/02/28,Wed,1.16670,1.16880,1.17400,1.16560
2007/02/27,Tue,1.16050,1.16670,1.16760,1.15880
2007/02/26,Mon,1.15970,1.16070,1.16120,1.15760
2007/02/25,Sun,,,,
2007/02/24,Sat,,,,
2007/02/23,Fri,1.16160,1.15860,1.16290,1.15610
2007/02/22,Thu,1.16030,1.16110,1.16350,1.15900
2007/02/21,Wed,1.17030,1.16020,1.17150,1.15930
2007/02/20,Tue,1.16420,1.16950,1.17190,1.16330
2007/02/19,Mon,1.16370,1.16420,1.16620,1.16290
2007/02/18,Sun,,,,
2007/02/17,Sat,,,,
2007/02/16,Fri,1.16290,1.16250,1.16580,1.16190
2007/02/15,Thu,1.16520,1.16270,1.16730,1.16200
2007/02/14,Wed,1.16660,1.16480,1.16920,1.16430
2007/02/13,Tue,1.17520,1.16640,1.17710,1.16590
2007/02/12,Mon,1.17340,1.17480,1.17650,1.17060
2007/02/11,Sun,,,,
2007/02/10,Sat,,,,
2007/02/09,Fri,1.18260,1.17180,1.18530,1.17130
2007/02/08,Thu,1.18480,1.18210,1.18790,1.18190
2007/02/07,Wed,1.18230,1.18460,1.18580,1.18140
2007/02/06,Tue,1.18250,1.18230,1.18470,1.18090
2007/02/05,Mon,1.18350,1.18190,1.18670,1.18070
2007/02/04,Sun,,,,
2007/02/03,Sat,,,,
2007/02/02,Fri,1.17870,1.18470,1.18730,1.17770
2007/02/01,Thu,1.17660,1.17830,1.18060,1.17340
2007/01/31,Wed,1.18030,1.17600,1.18470,1.17490
2007/01/30,Tue,1.18250,1.18020,1.18450,1.17900
2007/01/29,Mon,1.17980,1.18260,1.18490,1.17900
2007/01/28,Sun,,,,
2007/01/27,Sat,,,,
2007/01/26,Fri,1.18250,1.17960,1.18460,1.17800
2007/01/25,Thu,1.17880,1.18300,1.18330,1.17310
2007/01/24,Wed,1.18040,1.17810,1.18380,1.17640
2007/01/23,Tue,1.18250,1.18010,1.18540,1.17870
2007/01/22,Mon,1.17260,1.18190,1.18390,1.17130
2007/01/21,Sun,,,,
2007/01/20,Sat,,,,
2007/01/19,Fri,1.17360,1.17160,1.17570,1.16980
2007/01/18,Thu,1.17300,1.17270,1.17750,1.17130
2007/01/17,Wed,1.17660,1.17270,1.17740,1.17230
2007/01/16,Tue,1.16700,1.17610,1.17780,1.16450
2007/01/15,Mon,1.16920,1.16640,1.17070,1.16590
2007/01/14,Sun,,,,
2007/01/13,Sat,,,,
2007/01/12,Fri,1.17720,1.16910,1.17830,1.16830
2007/01/11,Thu,1.17540,1.17630,1.18050,1.16920
2007/01/10,Wed,1.17630,1.17550,1.17970,1.17530
2007/01/09,Tue,1.17530,1.17620,1.17990,1.17290
2007/01/08,Mon,1.17310,1.17560,1.17870,1.17220
2007/01/07,Sun,,,,
2007/01/06,Sat,,,,
2007/01/05,Fri,1.17760,1.17250,1.17890,1.17190
2007/01/04,Thu,1.17270,1.17710,1.17800,1.17150
2007/01/03,Wed,1.16400,1.17240,1.17330,1.16370
2007/01/02,Tue,1.16580,1.16370,1.16630,1.16250
2007/01/01,Mon,1.16600,1.16570,1.16630,1.16590
2006/12/31,Sun,,,,
2006/12/30,Sat,,,,
2006/12/29,Fri,1.16030,1.16500,1.16710,1.15840
2006/12/28,Thu,1.16160,1.16010,1.16240,1.15790
2006/12/27,Wed,1.16080,1.16150,1.16410,1.16010
2006/12/26,Tue,1.15740,1.16040,1.16300,1.15710
2006/12/25,Mon,1.15780,1.15730,1.15920,1.15730
2006/12/24,Sun,,,,
2006/12/23,Sat,,,,
2006/12/22,Fri,1.15500,1.15730,1.15900,1.15200
2006/12/21,Thu,1.14890,1.15460,1.15660,1.14560
2006/12/20,Wed,1.15280,1.14870,1.15390,1.14280
2006/12/19,Tue,1.15750,1.15220,1.15810,1.15080
2006/12/18,Mon,1.15800,1.15710,1.15880,1.15320
2006/12/17,Sun,,,,
2006/12/16,Sat,,,,
2006/12/15,Fri,1.15750,1.15740,1.15910,1.15280
2006/12/14,Thu,1.15700,1.15730,1.15810,1.15340
2006/12/13,Wed,1.15240,1.15660,1.15750,1.14970
2006/12/12,Tue,1.14770,1.15210,1.15580,1.14540
2006/12/11,Mon,1.14920,1.14760,1.15080,1.14650
2006/12/10,Sun,,,,
2006/12/09,Sat,,,,
2006/12/08,Fri,1.14940,1.14880,1.15200,1.14440
2006/12/07,Thu,1.14780,1.14880,1.15050,1.14600
2006/12/06,Wed,1.14180,1.14730,1.14900,1.13950
2006/12/05,Tue,1.14040,1.14150,1.14350,1.13800
2006/12/04,Mon,1.14470,1.14060,1.14790,1.13970
2006/12/03,Sun,,,,
2006/12/02,Sat,,,,
2006/12/01,Fri,1.14170,1.14470,1.14700,1.13700
2006/11/30,Thu,1.13790,1.14130,1.14410,1.13680
2006/11/29,Wed,1.13050,1.13760,1.13900,1.12960
2006/11/28,Tue,1.13220,1.13010,1.13370,1.12860
2006/11/27,Mon,1.13210,1.13230,1.13540,1.13010
2006/11/26,Sun,,,,
2006/11/25,Sat,,,,
2006/11/24,Fri,1.14180,1.13480,1.14290,1.13060
2006/11/23,Thu,1.14090,1.14160,1.14280,1.13950
2006/11/22,Wed,1.14600,1.14020,1.14680,1.13790
2006/11/21,Tue,1.14680,1.14560,1.14960,1.14420
2006/11/20,Mon,1.14640,1.14730,1.14870,1.14200
2006/11/19,Sun,,,,
2006/11/18,Sat,,,,
2006/11/17,Fri,1.14210,1.14650,1.14770,1.14050
2006/11/16,Thu,1.13880,1.14190,1.14250,1.13640
2006/11/15,Wed,1.13780,1.13890,1.14310,1.13590
2006/11/14,Tue,1.13800,1.13740,1.14080,1.13430
2006/11/13,Mon,1.13180,1.13800,1.13990,1.13050
2006/11/12,Sun,,,,
2006/11/11,Sat,,,,
2006/11/10,Fri,1.12960,1.13150,1.13270,1.12650
2006/11/09,Thu,1.12970,1.12920,1.13360,1.12820
2006/11/08,Wed,1.12940,1.12970,1.13280,1.12660
2006/11/07,Tue,1.12950,1.12910,1.13090,1.12540
2006/11/06,Mon,1.12980,1.12950,1.13660,1.12840
2006/11/05,Sun,,,,
2006/11/04,Sat,,,,
2006/11/03,Fri,1.13340,1.12950,1.13570,1.12670
2006/11/02,Thu,1.13290,1.13380,1.13760,1.13040
2006/11/01,Wed,1.12300,1.13300,1.13550,1.12100
2006/10/31,Tue,1.12580,1.12220,1.12910,1.12000
2006/10/30,Mon,1.11950,1.12570,1.12690,1.11790
2006/10/29,Sun,,,,
2006/10/28,Sat,,,,
2006/10/27,Fri,1.12290,1.11910,1.12630,1.11770
2006/10/26,Thu,1.12390,1.12290,1.13090,1.12120
2006/10/25,Wed,1.12690,1.12340,1.12900,1.12310
2006/10/24,Tue,1.12850,1.12670,1.13260,1.12450
2006/10/23,Mon,1.12500,1.12820,1.12900,1.12420
2006/10/22,Sun,,,,
2006/10/21,Sat,,,,
2006/10/20,Fri,1.12710,1.12500,1.12900,1.12020
2006/10/19,Thu,1.13640,1.12670,1.13740,1.12630
2006/10/18,Wed,1.14120,1.13560,1.14160,1.13530
2006/10/17,Tue,1.13740,1.14080,1.14160,1.13490
2006/10/16,Mon,1.13720,1.13700,1.13950,1.13460
2006/10/15,Sun,,,,
2006/10/14,Sat,,,,
2006/10/13,Fri,1.13370,1.13730,1.13870,1.13210
2006/10/12,Thu,1.13790,1.13340,1.13890,1.13320
2006/10/11,Wed,1.13320,1.13770,1.13870,1.13300
2006/10/10,Tue,1.12340,1.13320,1.13400,1.12270
2006/10/09,Mon,1.12630,1.12270,1.12690,1.12120
2006/10/08,Sun,,,,
2006/10/07,Sat,,,,
2006/10/06,Fri,1.12520,1.12530,1.12860,1.12010
2006/10/05,Thu,1.12680,1.12540,1.12900,1.12390
2006/10/04,Wed,1.12240,1.12650,1.13090,1.12160
2006/10/03,Tue,1.11570,1.12220,1.12280,1.11470
2006/10/02,Mon,1.11760,1.11540,1.12230,1.11450
2006/10/01,Sun,,,,
2006/09/30,Sat,,,,
2006/09/29,Fri,1.11110,1.11800,1.11930,1.11010
2006/09/28,Thu,1.11150,1.11070,1.11280,1.10850
2006/09/27,Wed,1.11390,1.11110,1.11680,1.10880
2006/09/26,Tue,1.11720,1.11290,1.11860,1.11240
2006/09/25,Mon,1.11770,1.11660,1.11910,1.11420
2006/09/24,Sun,,,,
2006/09/23,Sat,,,,
2006/09/22,Fri,1.11850,1.11800,1.12090,1.11190
2006/09/21,Thu,1.12760,1.11890,1.12880,1.11630
2006/09/20,Wed,1.12750,1.12830,1.12980,1.12530
2006/09/19,Tue,1.11790,1.12710,1.12880,1.11720
2006/09/18,Mon,1.11950,1.11730,1.12260,1.11590
2006/09/17,Sun,,,,
2006/09/16,Sat,,,,
2006/09/15,Fri,1.11720,1.11930,1.12240,1.11700
2006/09/14,Thu,1.11970,1.11740,1.12050,1.11190
2006/09/13,Wed,1.12020,1.11930,1.12380,1.11700
2006/09/12,Tue,1.12150,1.11980,1.12240,1.11550
2006/09/11,Mon,1.12060,1.12140,1.12290,1.11740
2006/09/10,Sun,,,,
2006/09/09,Sat,,,,
2006/09/08,Fri,1.11020,1.12060,1.12110,1.10920
2006/09/07,Thu,1.10610,1.10980,1.11090,1.10420
2006/09/06,Wed,1.11150,1.10530,1.11400,1.10440
2006/09/05,Tue,1.10720,1.11140,1.11410,1.10660
2006/09/04,Mon,1.10420,1.10660,1.10780,1.10410
2006/09/03,Sun,,,,
2006/09/02,Sat,,,,
2006/09/01,Fri,1.10410,1.10330,1.10750,1.10310
2006/08/31,Thu,1.10920,1.10330,1.11170,1.10330
2006/08/30,Wed,1.10800,1.10890,1.11170,1.10540
2006/08/29,Tue,1.11170,1.10740,1.11290,1.10560
2006/08/28,Mon,1.10880,1.11110,1.11260,1.10620
2006/08/27,Sun,,,,
2006/08/26,Sat,,,,
2006/08/25,Fri,1.10980,1.10920,1.11080,1.10520
2006/08/24,Thu,1.11270,1.10920,1.11370,1.10730
2006/08/23,Wed,1.11570,1.11250,1.11640,1.10470
2006/08/22,Tue,1.11760,1.11540,1.12050,1.11460
2006/08/21,Mon,1.12560,1.11750,1.12600,1.11640
2006/08/20,Sun,,,,
2006/08/19,Sat,,,,
2006/08/18,Fri,1.12230,1.12440,1.12760,1.11980
2006/08/17,Thu,1.11960,1.12180,1.12360,1.11520
2006/08/16,Wed,1.12180,1.11890,1.12420,1.11420
2006/08/15,Tue,1.12760,1.12120,1.13220,1.12100
2006/08/14,Mon,1.12560,1.12640,1.12810,1.12060
2006/08/13,Sun,,,,
2006/08/12,Sat,,,,
2006/08/11,Fri,1.12720,1.12440,1.12840,1.11700
2006/08/10,Thu,1.12020,1.12690,1.12870,1.11850
2006/08/09,Wed,1.12370,1.12000,1.12560,1.11730
2006/08/08,Tue,1.11970,1.12270,1.12390,1.11800
2006/08/07,Mon,1.12710,1.11920,1.12750,1.11740
2006/08/06,Sun,,,,
2006/08/05,Sat,,,,
2006/08/04,Fri,1.12520,1.12670,1.13490,1.12310
2006/08/03,Thu,1.12660,1.12480,1.12810,1.12260
2006/08/02,Wed,1.13070,1.12660,1.13220,1.12440
2006/08/01,Tue,1.13190,1.13060,1.13740,1.12920
2006/07/31,Mon,1.13020,1.13150,1.13230,1.12190
2006/07/30,Sun,,,,
2006/07/29,Sat,,,,
2006/07/28,Fri,1.13490,1.13070,1.13740,1.12830
2006/07/27,Thu,1.13490,1.13480,1.13900,1.12860
2006/07/26,Wed,1.14180,1.13540,1.14310,1.13360
2006/07/25,Tue,1.14050,1.14140,1.14370,1.13760
2006/07/24,Mon,1.13730,1.14000,1.14610,1.13720
2006/07/23,Sun,,,,
2006/07/22,Sat,,,,
2006/07/21,Fri,1.13280,1.13750,1.13980,1.12620
2006/07/20,Thu,1.13480,1.13270,1.13550,1.12870
2006/07/19,Wed,1.13690,1.13460,1.14090,1.13130
2006/07/18,Tue,1.13630,1.13660,1.13800,1.13050
2006/07/17,Mon,1.12810,1.13600,1.13720,1.12750
2006/07/16,Sun,,,,
2006/07/15,Sat,,,,
2006/07/14,Fri,1.13130,1.12700,1.13300,1.12560
2006/07/13,Thu,1.13370,1.13040,1.13550,1.12860
2006/07/12,Wed,1.13200,1.13300,1.14030,1.13110
2006/07/11,Tue,1.12390,1.13150,1.13480,1.12230
2006/07/10,Mon,1.11400,1.12360,1.12650,1.11320
2006/07/09,Sun,,,,
2006/07/08,Sat,,,,
2006/07/07,Fri,1.11310,1.11340,1.11550,1.10840
2006/07/06,Thu,1.11250,1.11310,1.11550,1.10840
2006/07/05,Wed,1.10740,1.11230,1.11430,1.10400
2006/07/04,Tue,1.11170,1.10740,1.11320,1.10550
2006/07/03,Mon,1.11510,1.11100,1.11910,1.10860
2006/07/02,Sun,,,,
2006/07/01,Sat,,,,
2006/06/30,Fri,1.11040,1.11690,1.11820,1.10790
2006/06/29,Thu,1.12350,1.11040,1.12410,1.10940
2006/06/28,Wed,1.12350,1.12300,1.12710,1.12060
2006/06/27,Tue,1.12330,1.12310,1.12560,1.11890
2006/06/26,Mon,1.11940,1.12300,1.12520,1.11700
2006/06/25,Sun,,,,
2006/06/24,Sat,,,,
2006/06/23,Fri,1.11760,1.12220,1.12910,1.11710
2006/06/22,Thu,1.10840,1.11680,1.12050,1.10690
2006/06/21,Wed,1.11810,1.10810,1.11870,1.10300
2006/06/20,Tue,1.12030,1.11790,1.12500,1.11500
2006/06/19,Mon,1.12240,1.12030,1.12570,1.11840
2006/06/18,Sun,,,,
2006/06/17,Sat,,,,
2006/06/16,Fri,1.11180,1.12170,1.12540,1.11090
2006/06/15,Thu,1.11350,1.11170,1.11920,1.11090
2006/06/14,Wed,1.11370,1.11360,1.11770,1.10830
2006/06/13,Tue,1.10000,1.11290,1.11450,1.09690
2006/06/12,Mon,1.10660,1.09940,1.10750,1.09600
2006/06/11,Sun,,,,
2006/06/10,Sat,,,,
2006/06/09,Fri,1.12250,1.10690,1.12330,1.10490
2006/06/08,Thu,1.11290,1.12210,1.12480,1.11110
2006/06/07,Wed,1.11370,1.11200,1.11670,1.10960
2006/06/06,Tue,1.10740,1.11330,1.11760,1.10490
2006/06/05,Mon,1.10120,1.10730,1.10870,1.09760
2006/06/04,Sun,,,,
2006/06/03,Sat,,,,
2006/06/02,Fri,1.10290,1.10100,1.10580,1.09730
2006/06/01,Thu,1.10120,1.10360,1.11040,1.10000
2006/05/31,Wed,1.09850,1.10080,1.10400,1.09290
2006/05/30,Tue,1.10640,1.09830,1.10670,1.09720
2006/05/29,Mon,1.10550,1.10630,1.10770,1.10280
2006/05/28,Sun,,,,
2006/05/27,Sat,,,,
2006/05/26,Fri,1.10710,1.10690,1.11120,1.10470
2006/05/25,Thu,1.11980,1.10680,1.12320,1.10540
2006/05/24,Wed,1.12450,1.11970,1.12670,1.11790
2006/05/23,Tue,1.11490,1.12460,1.12560,1.11230
2006/05/22,Mon,1.12050,1.11430,1.12690,1.11230
2006/05/21,Sun,,,,
2006/05/20,Sat,,,,
2006/05/19,Fri,1.12020,1.11870,1.12770,1.11680
2006/05/18,Thu,1.11470,1.11980,1.12270,1.10970
2006/05/17,Wed,1.10690,1.11450,1.11530,1.10120
2006/05/16,Tue,1.11280,1.10620,1.11770,1.10610
2006/05/15,Mon,1.10900,1.11300,1.11790,1.10770
2006/05/14,Sun,,,,
2006/05/13,Sat,,,,
2006/05/12,Fri,1.10330,1.10840,1.11020,1.09950
2006/05/11,Thu,1.10100,1.10330,1.10850,1.09750
2006/05/10,Wed,1.09940,1.10100,1.10330,1.09770
2006/05/09,Tue,1.11240,1.09940,1.11680,1.09740
2006/05/08,Mon,1.10640,1.11180,1.11370,1.10230
2006/05/07,Sun,,,,
2006/05/06,Sat,,,,
2006/05/05,Fri,1.10840,1.10500,1.11110,1.10500
2006/05/04,Thu,1.10860,1.10820,1.11460,1.10510
2006/05/03,Wed,1.10670,1.10820,1.11000,1.10120
2006/05/02,Tue,1.11410,1.10650,1.11680,1.10510
2006/05/01,Mon,1.11710,1.11270,1.11910,1.11110
2006/04/30,Sun,,,,
2006/04/29,Sat,,,,
2006/04/28,Fri,1.12310,1.11680,1.12560,1.11600
2006/04/27,Thu,1.12770,1.12250,1.13170,1.12150
2006/04/26,Wed,1.13120,1.12760,1.13380,1.12500
2006/04/25,Tue,1.13710,1.13140,1.13930,1.13010
2006/04/24,Mon,1.13590,1.13640,1.14020,1.13400
2006/04/23,Sun,,,,
2006/04/22,Sat,,,,
2006/04/21,Fri,1.13930,1.13780,1.14180,1.13550
2006/04/20,Thu,1.13550,1.13920,1.14270,1.13500
2006/04/19,Wed,1.14040,1.13520,1.14220,1.13480
2006/04/18,Tue,1.14640,1.14060,1.14720,1.13970
2006/04/17,Mon,1.15110,1.14520,1.15380,1.14330
2006/04/16,Sun,,,,
2006/04/15,Sat,,,,
2006/04/14,Fri,1.15090,1.15130,1.15240,1.14890
2006/04/13,Thu,1.14710,1.15060,1.15380,1.14490
2006/04/12,Wed,1.14320,1.14670,1.14960,1.14280
2006/04/11,Tue,1.14860,1.14270,1.15000,1.14260
2006/04/10,Mon,1.14930,1.14840,1.15000,1.14470
2006/04/09,Sun,,,,
2006/04/08,Sat,,,,
2006/04/07,Fri,1.15300,1.14890,1.15660,1.14370
2006/04/06,Thu,1.16180,1.15250,1.16290,1.15170
2006/04/05,Wed,1.16330,1.16170,1.16520,1.15950
2006/04/04,Tue,1.17100,1.16260,1.17590,1.16190
2006/04/03,Mon,1.16840,1.17080,1.17740,1.16790
2006/04/02,Sun,,,,
2006/04/01,Sat,,,,
2006/03/31,Fri,1.16010,1.16780,1.16940,1.15720
2006/03/30,Thu,1.17170,1.15920,1.17330,1.15880
2006/03/29,Wed,1.17030,1.17150,1.17500,1.16900
2006/03/28,Tue,1.16900,1.17080,1.17240,1.16420
2006/03/27,Mon,1.16770,1.16820,1.17320,1.16620
2006/03/26,Sun,,,,
2006/03/25,Sat,,,,
2006/03/24,Fri,1.16520,1.16830,1.17120,1.16440
2006/03/23,Thu,1.16620,1.16450,1.17020,1.16440
2006/03/22,Wed,1.16420,1.16570,1.17250,1.16250
2006/03/21,Tue,1.16080,1.16350,1.16670,1.15800
2006/03/20,Mon,1.15880,1.15860,1.16860,1.15710
2006/03/19,Sun,,,,
2006/03/18,Sat,,,,
2006/03/17,Fri,1.15280,1.15760,1.16180,1.15170
2006/03/16,Thu,1.15450,1.15240,1.16020,1.15100
2006/03/15,Wed,1.15680,1.15410,1.15800,1.15220
2006/03/14,Tue,1.15770,1.15620,1.16180,1.15400
2006/03/13,Mon,1.16010,1.15760,1.16390,1.15650
2006/03/12,Sun,,,,
2006/03/11,Sat,,,,
2006/03/10,Fri,1.16100,1.16090,1.16510,1.15830
2006/03/09,Thu,1.15610,1.16100,1.16290,1.15260
2006/03/08,Wed,1.15010,1.15610,1.15900,1.14710
2006/03/07,Tue,1.13990,1.14970,1.15180,1.13870
2006/03/06,Mon,1.13430,1.13970,1.14180,1.13320
2006/03/05,Sun,,,,
2006/03/04,Sat,,,,
2006/03/03,Fri,1.13140,1.13460,1.13680,1.13070
2006/03/02,Thu,1.13530,1.13130,1.13740,1.12960
2006/03/01,Wed,1.13660,1.13520,1.13980,1.13330
2006/02/28,Tue,1.14040,1.13650,1.14240,1.13490
2006/02/27,Mon,1.14940,1.13990,1.15110,1.13960
2006/02/26,Sun,,,,
2006/02/25,Sat,,,,
2006/02/24,Fri,1.15290,1.14920,1.15590,1.14730
2006/02/23,Thu,1.14860,1.15270,1.15430,1.14620
2006/02/22,Wed,1.14700,1.14810,1.15130,1.14620
2006/02/21,Tue,1.14750,1.14660,1.14940,1.14480
2006/02/20,Mon,1.15060,1.14690,1.15170,1.14600
2006/02/19,Sun,,,,
2006/02/18,Sat,,,,
2006/02/17,Fri,1.15740,1.14980,1.15970,1.14940
2006/02/16,Thu,1.15750,1.15740,1.16090,1.15610
2006/02/15,Wed,1.15370,1.15820,1.15970,1.15110
2006/02/14,Tue,1.15520,1.15370,1.16150,1.15130
2006/02/13,Mon,1.15380,1.15570,1.15740,1.15280
2006/02/12,Sun,,,,
2006/02/11,Sat,,,,
2006/02/10,Fri,1.14600,1.15340,1.15620,1.14420
2006/02/09,Thu,1.14970,1.14560,1.15110,1.14370
2006/02/08,Wed,1.15360,1.14880,1.15650,1.14870
2006/02/07,Tue,1.14640,1.15320,1.15450,1.14540
2006/02/06,Mon,1.14420,1.14630,1.14790,1.14160
2006/02/05,Sun,,,,
2006/02/04,Sat,,,,
2006/02/03,Fri,1.14450,1.14530,1.15060,1.14200
2006/02/02,Thu,1.14110,1.14440,1.14660,1.13950
2006/02/01,Wed,1.13910,1.14070,1.14310,1.13810
2006/01/31,Tue,1.14640,1.13930,1.14740,1.13720
2006/01/30,Mon,1.14870,1.14660,1.15050,1.14280
2006/01/29,Sun,,,,
2006/01/28,Sat,,,,
2006/01/27,Fri,1.15030,1.14920,1.15200,1.14520
2006/01/26,Thu,1.15080,1.14860,1.15640,1.14820
2006/01/25,Wed,1.15240,1.14970,1.15390,1.14750
2006/01/24,Tue,1.14940,1.15240,1.15850,1.14870
2006/01/23,Mon,1.15360,1.14890,1.15550,1.14690
2006/01/22,Sun,,,,
2006/01/21,Sat,,,,
2006/01/20,Fri,1.16370,1.15250,1.16660,1.15170
2006/01/19,Thu,1.17060,1.16360,1.18000,1.16220
2006/01/18,Wed,1.16340,1.17070,1.17410,1.16110
2006/01/17,Tue,1.15800,1.16350,1.16580,1.15590
2006/01/16,Mon,1.15940,1.15740,1.16210,1.15680
2006/01/15,Sun,,,,
2006/01/14,Sat,,,,
2006/01/13,Fri,1.16270,1.15970,1.16420,1.15780
2006/01/12,Thu,1.15890,1.16270,1.16560,1.15600
2006/01/11,Wed,1.16520,1.15860,1.16920,1.15680
2006/01/10,Tue,1.16800,1.16550,1.17110,1.16190
2006/01/09,Mon,1.16620,1.16710,1.17520,1.16370
2006/01/08,Sun,,,,
2006/01/07,Sat,,,,
2006/01/06,Fri,1.16290,1.16510,1.17320,1.16160
2006/01/05,Thu,1.14710,1.16220,1.16550,1.14600
2006/01/04,Wed,1.15620,1.14740,1.15820,1.14510
2006/01/03,Tue,1.16420,1.15530,1.16720,1.15290
2006/01/02,Mon,1.16530,1.16560,1.16750,1.16050
2006/01/01,Sun,,,,
2005/12/31,Sat,,,,
2005/12/30,Fri,1.16470,1.16230,1.17030,1.16060
2005/12/29,Thu,1.16510,1.16420,1.16820,1.16230
2005/12/28,Wed,1.17420,1.16510,1.17510,1.16120
2005/12/27,Tue,1.16720,1.17300,1.17500,1.16500
2005/12/26,Mon,1.16750,1.16840,1.17020,1.16240
2005/12/25,Sun,,,,
2005/12/24,Sat,,,,
2005/12/23,Fri,1.16700,1.16560,1.17040,1.16350
2005/12/22,Thu,1.16660,1.16650,1.17010,1.16310
2005/12/21,Wed,1.17240,1.16730,1.17510,1.16650
2005/12/20,Tue,1.16900,1.17170,1.17590,1.16600
2005/12/19,Mon,1.15930,1.16980,1.17060,1.15780
2005/12/18,Sun,,,,
2005/12/17,Sat,,,,
2005/12/16,Fri,1.15930,1.15950,1.16010,1.15430
2005/12/15,Thu,1.15210,1.15900,1.16160,1.15070
2005/12/14,Wed,1.15080,1.15200,1.15380,1.14240
2005/12/13,Tue,1.15150,1.15110,1.15410,1.14860
2005/12/12,Mon,1.15800,1.15150,1.15920,1.14980
2005/12/11,Sun,,,,
2005/12/10,Sat,,,,
2005/12/09,Fri,1.15850,1.15700,1.16160,1.15590
2005/12/08,Thu,1.15900,1.15830,1.16320,1.15690
2005/12/07,Wed,1.15720,1.15870,1.16460,1.15610
2005/12/06,Tue,1.15730,1.15690,1.15950,1.15310
2005/12/05,Mon,1.16230,1.15650,1.16300,1.15480
2005/12/04,Sun,,,,
2005/12/03,Sat,,,,
2005/12/02,Fri,1.16560,1.16190,1.16770,1.16010
2005/12/01,Thu,1.16630,1.16440,1.17400,1.16220
2005/11/30,Wed,1.16880,1.16570,1.17010,1.16400
2005/11/29,Tue,1.16760,1.16850,1.17150,1.16550
2005/11/28,Mon,1.16910,1.16760,1.17220,1.16420
2005/11/27,Sun,,,,
2005/11/26,Sat,,,,
2005/11/25,Fri,1.17170,1.16910,1.17390,1.16720
2005/11/24,Thu,1.17170,1.17150,1.17400,1.16970
2005/11/23,Wed,1.17450,1.17180,1.17520,1.17020
2005/11/22,Tue,1.18270,1.17360,1.18620,1.17230
2005/11/21,Mon,1.18800,1.18280,1.19150,1.18090
2005/11/20,Sun,,,,
2005/11/19,Sat,,,,
2005/11/18,Fri,1.18680,1.18900,1.19320,1.18610
2005/11/17,Thu,1.19340,1.18650,1.19490,1.18520
2005/11/16,Wed,1.19240,1.19300,1.19760,1.18960
2005/11/15,Tue,1.19340,1.19230,1.19820,1.19140
2005/11/14,Mon,1.18990,1.19320,1.19760,1.18790
2005/11/13,Sun,,,,
2005/11/12,Sat,,,,
2005/11/11,Fri,1.19060,1.18940,1.19320,1.18760
2005/11/10,Thu,1.18640,1.19100,1.19190,1.17990
2005/11/09,Wed,1.18550,1.18590,1.19120,1.18240
2005/11/08,Tue,1.18670,1.18550,1.19770,1.18470
2005/11/07,Mon,1.18530,1.18650,1.19150,1.18200
2005/11/06,Sun,,,,
2005/11/05,Sat,,,,
2005/11/04,Fri,1.18220,1.18250,1.18710,1.17150
2005/11/03,Thu,1.17900,1.18120,1.18400,1.17500
2005/11/02,Wed,1.17550,1.17860,1.18270,1.17420
2005/11/01,Tue,1.18150,1.17490,1.18520,1.17330
2005/10/31,Mon,1.17760,1.18150,1.18390,1.17270
2005/10/30,Sun,,,,
2005/10/29,Sat,,,,
2005/10/28,Fri,1.17230,1.17760,1.17970,1.16890
2005/10/27,Thu,1.16960,1.17220,1.17330,1.16390
2005/10/26,Wed,1.17550,1.16950,1.17890,1.16830
2005/10/25,Tue,1.18640,1.17400,1.18850,1.17350
2005/10/24,Mon,1.18810,1.18680,1.19270,1.18460
2005/10/23,Sun,,,,
2005/10/22,Sat,,,,
2005/10/21,Fri,1.17800,1.18730,1.18860,1.17430
2005/10/20,Thu,1.17520,1.17840,1.17950,1.17060
2005/10/19,Wed,1.17730,1.17570,1.18200,1.17330
2005/10/18,Tue,1.17980,1.17720,1.18810,1.17650
2005/10/17,Mon,1.18610,1.17970,1.18660,1.17720
2005/10/16,Sun,,,,
2005/10/15,Sat,,,,
2005/10/14,Fri,1.18310,1.18630,1.18960,1.17910
2005/10/13,Thu,1.17110,1.18270,1.18520,1.16980
2005/10/12,Wed,1.17610,1.17070,1.17840,1.16820
2005/10/11,Tue,1.17590,1.17600,1.18220,1.17400
2005/10/10,Mon,1.17520,1.17610,1.17750,1.17240
2005/10/09,Sun,,,,
2005/10/08,Sat,,,,
2005/10/07,Fri,1.18060,1.17490,1.18260,1.17280
2005/10/06,Thu,1.18270,1.18020,1.18690,1.17700
2005/10/05,Wed,1.17240,1.18230,1.18450,1.17080
2005/10/04,Tue,1.16600,1.17240,1.17390,1.16360
2005/10/03,Mon,1.16240,1.16580,1.16750,1.16200
2005/10/02,Sun,,,,
2005/10/01,Sat,,,,
2005/09/30,Fri,1.17170,1.16300,1.17420,1.15850
2005/09/29,Thu,1.17420,1.17120,1.17820,1.16880
2005/09/28,Wed,1.17800,1.17410,1.18200,1.17200
2005/09/27,Tue,1.17260,1.17790,1.18110,1.16920
2005/09/26,Mon,1.17320,1.17210,1.18010,1.16900
2005/09/25,Sun,,,,
2005/09/24,Sat,,,,
2005/09/23,Fri,1.17190,1.17060,1.17590,1.16810
2005/09/22,Thu,1.16750,1.17320,1.17340,1.16220
2005/09/21,Wed,1.17010,1.16710,1.17260,1.16440
2005/09/20,Tue,1.16790,1.17010,1.17170,1.16520
2005/09/19,Mon,1.18190,1.16770,1.18330,1.16600
2005/09/18,Sun,,,,
2005/09/17,Sat,,,,
2005/09/16,Fri,1.18520,1.17850,1.18690,1.17780
2005/09/15,Thu,1.18060,1.18460,1.19000,1.17950
2005/09/14,Wed,1.18200,1.18070,1.18410,1.17780
2005/09/13,Tue,1.18730,1.18200,1.18850,1.17740
2005/09/12,Mon,1.17690,1.18660,1.18820,1.17610
2005/09/11,Sun,,,,
2005/09/10,Sat,,,,
2005/09/09,Fri,1.18140,1.17780,1.18300,1.17240
2005/09/08,Thu,1.18810,1.18120,1.18930,1.18050
2005/09/07,Wed,1.18940,1.18800,1.19400,1.18390
2005/09/06,Tue,1.18930,1.18960,1.19460,1.18510
2005/09/05,Mon,1.18850,1.18950,1.19130,1.18350
2005/09/04,Sun,,,,
2005/09/03,Sat,,,,
2005/09/02,Fri,1.18290,1.18940,1.19180,1.18170
2005/09/01,Thu,1.18800,1.18300,1.19110,1.18060
2005/08/31,Wed,1.19150,1.18830,1.19380,1.18330
2005/08/30,Tue,1.19870,1.19140,1.20330,1.18940
2005/08/29,Mon,1.19730,1.19920,1.20090,1.18940
2005/08/28,Sun,,,,
2005/08/27,Sat,,,,
2005/08/26,Fri,1.19190,1.19990,1.20090,1.19050
2005/08/25,Thu,1.19050,1.19120,1.19320,1.18610
2005/08/24,Wed,1.19730,1.19000,1.20250,1.18880
2005/08/23,Tue,1.20190,1.19750,1.20490,1.19620
2005/08/22,Mon,1.21110,1.20190,1.21340,1.20110
2005/08/21,Sun,,,,
2005/08/20,Sat,,,,
2005/08/19,Fri,1.21910,1.21100,1.22200,1.20920
2005/08/18,Thu,1.21400,1.21850,1.22210,1.21040
2005/08/17,Wed,1.19820,1.21350,1.21410,1.19810
2005/08/16,Tue,1.19970,1.19830,1.20480,1.19690
2005/08/15,Mon,1.19640,1.19910,1.20170,1.19400
2005/08/14,Sun,,,,
2005/08/13,Sat,,,,
2005/08/12,Fri,1.20130,1.19650,1.20490,1.19210
2005/08/11,Thu,1.21060,1.20100,1.21210,1.19940
2005/08/10,Wed,1.21250,1.21050,1.21700,1.20900
2005/08/09,Tue,1.21460,1.21220,1.21840,1.21140
2005/08/08,Mon,1.21650,1.21430,1.21930,1.21020
2005/08/07,Sun,,,,
2005/08/06,Sat,,,,
2005/08/05,Fri,1.21350,1.21560,1.22450,1.21180
2005/08/04,Thu,1.21640,1.21340,1.21800,1.20980
2005/08/03,Wed,1.21890,1.21600,1.21970,1.20910
2005/08/02,Tue,1.21170,1.21850,1.21930,1.20640
2005/08/01,Mon,1.22250,1.21170,1.22630,1.20870
2005/07/31,Sun,,,,
2005/07/30,Sat,,,,
2005/07/29,Fri,1.23020,1.22190,1.23210,1.22150
2005/07/28,Thu,1.23610,1.23040,1.23860,1.22890
2005/07/27,Wed,1.23040,1.23580,1.24290,1.22950
2005/07/26,Tue,1.21820,1.22990,1.23170,1.21670
2005/07/25,Mon,1.21950,1.21840,1.22180,1.21530
2005/07/24,Sun,,,,
2005/07/23,Sat,,,,
2005/07/22,Fri,1.21690,1.21700,1.22330,1.21210
2005/07/21,Thu,1.22090,1.21710,1.22500,1.21080
2005/07/20,Wed,1.22000,1.22080,1.22510,1.21390
2005/07/19,Tue,1.21630,1.21940,1.22370,1.21570
2005/07/18,Mon,1.22090,1.21650,1.22280,1.21210
2005/07/17,Sun,,,,
2005/07/16,Sat,,,,
2005/07/15,Fri,1.21270,1.22000,1.22200,1.20860
2005/07/14,Thu,1.20750,1.21340,1.21370,1.20210
2005/07/13,Wed,1.20370,1.20750,1.20850,1.20240
2005/07/12,Tue,1.21730,1.20370,1.21760,1.20200
2005/07/11,Mon,1.21910,1.21620,1.21990,1.21050
2005/07/10,Sun,,,,
2005/07/09,Sat,,,,
2005/07/08,Fri,1.22760,1.21850,1.23090,1.21710
2005/07/07,Thu,1.23580,1.22820,1.23790,1.22680
2005/07/06,Wed,1.24310,1.23560,1.24490,1.23470
2005/07/05,Tue,1.24000,1.24280,1.24660,1.23820
2005/07/04,Mon,1.24470,1.23980,1.24810,1.23920
2005/07/03,Sun,,,,
2005/07/02,Sat,,,,
2005/07/01,Fri,1.22510,1.24210,1.24350,1.22470
2005/06/30,Thu,1.22810,1.22500,1.23400,1.22350
2005/06/29,Wed,1.23230,1.22750,1.23520,1.22310
2005/06/28,Tue,1.23020,1.23210,1.23590,1.22860
2005/06/27,Mon,1.23380,1.22830,1.23780,1.22740
2005/06/26,Sun,,,,
2005/06/25,Sat,,,,
2005/06/24,Fri,1.23290,1.23280,1.23520,1.22650
2005/06/23,Thu,1.23460,1.23330,1.23820,1.22950
2005/06/22,Wed,1.23230,1.23390,1.23890,1.23150
2005/06/21,Tue,1.23530,1.23220,1.24310,1.22850
2005/06/20,Mon,1.23170,1.23530,1.23730,1.22770
2005/06/19,Sun,,,,
2005/06/18,Sat,,,,
2005/06/17,Fri,1.23610,1.22920,1.23940,1.22840
2005/06/16,Thu,1.23700,1.23620,1.24210,1.23480
2005/06/15,Wed,1.25210,1.23560,1.25400,1.23470
2005/06/14,Tue,1.25590,1.25220,1.25900,1.25130
2005/06/13,Mon,1.25060,1.25540,1.25940,1.24980
2005/06/12,Sun,,,,
2005/06/11,Sat,,,,
2005/06/10,Fri,1.25660,1.25120,1.25890,1.24500
2005/06/09,Thu,1.25120,1.25620,1.25840,1.24980
2005/06/08,Wed,1.24580,1.25090,1.25370,1.24270
2005/06/07,Tue,1.24410,1.24600,1.25130,1.24240
2005/06/06,Mon,1.24720,1.24440,1.24910,1.24330
2005/06/05,Sun,,,,
2005/06/04,Sat,,,,
2005/06/03,Fri,1.24860,1.24710,1.25100,1.24220
2005/06/02,Thu,1.24770,1.24940,1.25180,1.24550
2005/06/01,Wed,1.25470,1.24820,1.25760,1.24450
2005/05/31,Tue,1.25620,1.25400,1.26340,1.25020
2005/05/30,Mon,1.25700,1.25570,1.25990,1.25470
2005/05/29,Sun,,,,
2005/05/28,Sat,,,,
2005/05/27,Fri,1.26640,1.25400,1.26710,1.25120
2005/05/26,Thu,1.26410,1.26640,1.26970,1.26320
2005/05/25,Wed,1.25940,1.26300,1.26620,1.25750
2005/05/24,Tue,1.25840,1.25880,1.26430,1.25700
2005/05/23,Mon,1.26620,1.25720,1.26670,1.25590
2005/05/22,Sun,,,,
2005/05/21,Sat,,,,
2005/05/20,Fri,1.25880,1.26550,1.26820,1.25550
2005/05/19,Thu,1.25940,1.25830,1.26500,1.25800
2005/05/18,Wed,1.26480,1.25920,1.26700,1.25880
2005/05/17,Tue,1.26970,1.26430,1.27320,1.26290
2005/05/16,Mon,1.26540,1.26920,1.27350,1.26450
2005/05/15,Sun,,,,
2005/05/14,Sat,,,,
2005/05/13,Fri,1.25120,1.26500,1.26600,1.24990
2005/05/12,Thu,1.24770,1.25160,1.25250,1.24710
2005/05/11,Wed,1.23670,1.24750,1.25010,1.23630
2005/05/10,Tue,1.23750,1.23610,1.23900,1.23560
2005/05/09,Mon,1.24210,1.23710,1.24420,1.23650
2005/05/08,Sun,,,,
2005/05/07,Sat,,,,
2005/05/06,Fri,1.24490,1.24210,1.24810,1.23830
2005/05/05,Thu,1.24620,1.24420,1.24880,1.24280
2005/05/04,Wed,1.25260,1.24560,1.25460,1.24480
2005/05/03,Tue,1.25430,1.25290,1.25800,1.25070
2005/05/02,Mon,1.25940,1.25380,1.26370,1.25330
2005/05/01,Sun,,,,
2005/04/30,Sat,,,,
2005/04/29,Fri,1.25210,1.25890,1.26220,1.24600
2005/04/28,Thu,1.24960,1.25220,1.25420,1.24830
2005/04/27,Wed,1.24450,1.24950,1.25160,1.24200
2005/04/26,Tue,1.23710,1.24510,1.24940,1.23650
2005/04/25,Mon,1.23330,1.23650,1.24170,1.23300
2005/04/24,Sun,,,,
2005/04/23,Sat,,,,
2005/04/22,Fri,1.23940,1.23490,1.24050,1.23140
2005/04/21,Thu,1.24180,1.23900,1.24310,1.23540
2005/04/20,Wed,1.23650,1.24180,1.24540,1.23570
2005/04/19,Tue,1.24770,1.23670,1.24930,1.23660
2005/04/18,Mon,1.24560,1.24780,1.25000,1.24240
2005/04/17,Sun,,,,
2005/04/16,Sat,,,,
2005/04/15,Fri,1.24170,1.24680,1.24810,1.23950
2005/04/14,Thu,1.23810,1.24200,1.24600,1.23740
2005/04/13,Wed,1.23770,1.23770,1.23920,1.23310
2005/04/12,Tue,1.23350,1.23720,1.24250,1.23050
2005/04/11,Mon,1.22870,1.23350,1.23690,1.22370
2005/04/10,Sun,,,,
2005/04/09,Sat,,,,
2005/04/08,Fri,1.22310,1.22880,1.23210,1.22160
2005/04/07,Thu,1.22220,1.22280,1.22400,1.21750
2005/04/06,Wed,1.21840,1.22190,1.22530,1.21630
2005/04/05,Tue,1.22250,1.21830,1.22590,1.21660
2005/04/04,Mon,1.21570,1.22310,1.22340,1.21490
2005/04/03,Sun,,,,
2005/04/02,Sat,,,,
2005/04/01,Fri,1.20990,1.21430,1.21890,1.20630
2005/03/31,Thu,1.21670,1.20910,1.21770,1.20810
2005/03/30,Wed,1.21170,1.21630,1.21880,1.20560
2005/03/29,Tue,1.21820,1.21130,1.21970,1.20790
2005/03/28,Mon,1.21820,1.21860,1.22680,1.21670
2005/03/27,Sun,,,,
2005/03/26,Sat,,,,
2005/03/25,Fri,1.21530,1.21830,1.21920,1.21300
2005/03/24,Thu,1.21630,1.21550,1.22000,1.21210
2005/03/23,Wed,1.20900,1.21560,1.21840,1.20730
2005/03/22,Tue,1.21130,1.20800,1.21280,1.19820
2005/03/21,Mon,1.20320,1.21050,1.21420,1.20200
2005/03/20,Sun,,,,
2005/03/19,Sat,,,,
2005/03/18,Fri,1.20150,1.20160,1.20830,1.19970
2005/03/17,Thu,1.20460,1.20110,1.20950,1.19770
2005/03/16,Wed,1.20680,1.20520,1.20830,1.19970
2005/03/15,Tue,1.20710,1.20790,1.20910,1.19760
2005/03/14,Mon,1.20580,1.20710,1.21020,1.20310
2005/03/13,Sun,,,,
2005/03/12,Sat,,,,
2005/03/11,Fri,1.20450,1.20490,1.21170,1.20200
2005/03/10,Thu,1.20600,1.20400,1.20770,1.19930
2005/03/09,Wed,1.21380,1.20560,1.21450,1.19940
2005/03/08,Tue,1.22950,1.21400,1.23020,1.21220
2005/03/07,Mon,1.23160,1.22940,1.23550,1.22760
2005/03/06,Sun,,,,
2005/03/05,Sat,,,,
2005/03/04,Fri,1.24380,1.23100,1.24550,1.22870
2005/03/03,Thu,1.23900,1.24370,1.24970,1.23770
2005/03/02,Wed,1.24090,1.23840,1.24640,1.23800
2005/03/01,Tue,1.23350,1.24020,1.24520,1.23250
2005/02/28,Mon,1.23920,1.23310,1.23970,1.22750
2005/02/27,Sun,,,,
2005/02/26,Sat,,,,
2005/02/25,Fri,1.23940,1.23840,1.24580,1.23760
2005/02/24,Thu,1.24120,1.23880,1.25000,1.23780
2005/02/23,Wed,1.22540,1.24130,1.24600,1.22430
2005/02/22,Tue,1.23350,1.22440,1.23560,1.22330
2005/02/21,Mon,1.23200,1.23350,1.23660,1.22790
2005/02/20,Sun,,,,
2005/02/19,Sat,,,,
2005/02/18,Fri,1.22890,1.23180,1.23380,1.22740
2005/02/17,Thu,1.23690,1.22820,1.23860,1.22600
2005/02/16,Wed,1.23060,1.23640,1.24550,1.22920
2005/02/15,Tue,1.23330,1.23040,1.23740,1.22830
2005/02/14,Mon,1.23670,1.23370,1.23910,1.22880
2005/02/13,Sun,,,,
2005/02/12,Sat,,,,
2005/02/11,Fri,1.24220,1.23680,1.24380,1.23570
2005/02/10,Thu,1.24910,1.24150,1.25590,1.23840
2005/02/09,Wed,1.24680,1.24990,1.25270,1.24540
2005/02/08,Tue,1.25570,1.24630,1.25770,1.24510
2005/02/07,Mon,1.24950,1.25520,1.25870,1.24880
2005/02/06,Sun,,,,
2005/02/05,Sat,,,,
2005/02/04,Fri,1.24110,1.24780,1.25040,1.23710
2005/02/03,Thu,1.23820,1.24090,1.24630,1.23680
2005/02/02,Wed,1.23590,1.23740,1.24190,1.23080
2005/02/01,Tue,1.24070,1.23560,1.24400,1.23490
2005/01/31,Mon,1.23950,1.24030,1.24480,1.23590
2005/01/30,Sun,,,,
2005/01/29,Sat,,,,
2005/01/28,Fri,1.23780,1.23920,1.24720,1.23630
2005/01/27,Thu,1.23280,1.23820,1.24330,1.23120
2005/01/26,Wed,1.23590,1.23310,1.23890,1.22750
2005/01/25,Tue,1.22450,1.23540,1.24110,1.22150
2005/01/24,Mon,1.22140,1.22420,1.22700,1.21400
2005/01/23,Sun,,,,
2005/01/22,Sat,,,,
2005/01/21,Fri,1.23320,1.22110,1.23540,1.21820
2005/01/20,Thu,1.22720,1.23280,1.23670,1.22630
2005/01/19,Wed,1.22360,1.22750,1.23130,1.21680
2005/01/18,Tue,1.21710,1.22360,1.22640,1.21680
2005/01/17,Mon,1.21740,1.21720,1.21870,1.21220
2005/01/16,Sun,,,,
2005/01/15,Sat,,,,
2005/01/14,Fri,1.20200,1.21520,1.22160,1.20120
2005/01/13,Thu,1.20130,1.20220,1.20600,1.19930
2005/01/12,Wed,1.21850,1.20040,1.22160,1.19470
2005/01/11,Tue,1.22290,1.21800,1.22460,1.21380
2005/01/10,Mon,1.23270,1.22230,1.23410,1.21810
2005/01/09,Sun,,,,
2005/01/08,Sat,,,,
2005/01/07,Fri,1.23530,1.23100,1.23840,1.22290
2005/01/06,Thu,1.22540,1.23590,1.23970,1.22360
2005/01/05,Wed,1.22370,1.22570,1.23310,1.22000
2005/01/04,Tue,1.20730,1.22230,1.22750,1.20570
2005/01/03,Mon,1.20170,1.20770,1.21300,1.20010
2005/01/02,Sun,,,,
2005/01/01,Sat,,,,
2004/12/31,Fri,1.20460,1.20280,1.20840,1.19670
2004/12/30,Thu,1.21130,1.20430,1.21350,1.20110
2004/12/29,Wed,1.21700,1.21000,1.22120,1.20960
2004/12/28,Tue,1.21890,1.21710,1.22240,1.21370
2004/12/27,Mon,1.23070,1.21860,1.23320,1.21370
2004/12/26,Sun,,,,
2004/12/25,Sat,,,,
2004/12/24,Fri,1.23220,1.22960,1.23730,1.22740
2004/12/23,Thu,1.24150,1.23100,1.24550,1.23090
2004/12/22,Wed,1.23100,1.24170,1.24680,1.22680
2004/12/21,Tue,1.22860,1.23040,1.23150,1.22200
2004/12/20,Mon,1.22790,1.22870,1.23190,1.22380
2004/12/19,Sun,,,,
2004/12/18,Sat,,,,
2004/12/17,Fri,1.23380,1.22690,1.23710,1.22320
2004/12/16,Thu,1.22460,1.23300,1.23900,1.22280
2004/12/15,Wed,1.23570,1.22520,1.23860,1.22170
2004/12/14,Tue,1.22770,1.23530,1.24090,1.22640
2004/12/13,Mon,1.22550,1.22750,1.23400,1.21860
2004/12/12,Sun,,,,
2004/12/11,Sat,,,,
2004/12/10,Fri,1.22150,1.22520,1.23370,1.22020
2004/12/09,Thu,1.21500,1.22180,1.22810,1.21340
2004/12/08,Wed,1.20830,1.21400,1.23460,1.20740
2004/12/07,Tue,1.20010,1.20780,1.21140,1.19250
2004/12/06,Mon,1.19140,1.20050,1.20370,1.19000
2004/12/05,Sun,,,,
2004/12/04,Sat,,,,
2004/12/03,Fri,1.19420,1.19020,1.20110,1.18900
2004/12/02,Thu,1.18350,1.19310,1.19470,1.17950
2004/12/01,Wed,1.18620,1.18290,1.19230,1.18050
2004/11/30,Tue,1.18590,1.18540,1.19250,1.18400
2004/11/29,Mon,1.17750,1.18620,1.18710,1.17710
2004/11/28,Sun,,,,
2004/11/27,Sat,,,,
2004/11/26,Fri,1.17760,1.17490,1.18200,1.17160
2004/11/25,Thu,1.18000,1.17750,1.18160,1.17480
2004/11/24,Wed,1.18580,1.17990,1.18700,1.17800
2004/11/23,Tue,1.18580,1.18420,1.19130,1.18320
2004/11/22,Mon,1.19310,1.18620,1.19760,1.18230
2004/11/21,Sun,,,,
2004/11/20,Sat,,,,
2004/11/19,Fri,1.20580,1.19300,1.20690,1.19030
2004/11/18,Thu,1.19420,1.20610,1.20910,1.19050
2004/11/17,Wed,1.19610,1.19490,1.19710,1.18730
2004/11/16,Tue,1.20010,1.19590,1.20290,1.19090
2004/11/15,Mon,1.19320,1.20050,1.20490,1.19220
2004/11/14,Sun,,,,
2004/11/13,Sat,,,,
2004/11/12,Fri,1.19590,1.19210,1.19860,1.19090
2004/11/11,Thu,1.19420,1.19580,1.19980,1.19360
2004/11/10,Wed,1.19950,1.19400,1.20350,1.19270
2004/11/09,Tue,1.19450,1.19980,1.20110,1.19150
2004/11/08,Mon,1.19500,1.19360,1.19720,1.19000
2004/11/07,Sun,,,,
2004/11/06,Sat,,,,
2004/11/05,Fri,1.20710,1.19760,1.21270,1.19640
2004/11/04,Thu,1.20880,1.20700,1.21080,1.20300
2004/11/03,Wed,1.22490,1.20860,1.22850,1.20700
2004/11/02,Tue,1.22230,1.22460,1.22790,1.22130
2004/11/01,Mon,1.21800,1.22320,1.22560,1.21750
2004/10/31,Sun,,,,
2004/10/30,Sat,,,,
2004/10/29,Fri,1.22310,1.21780,1.22530,1.21680
2004/10/28,Thu,1.22580,1.22180,1.23540,1.21550
2004/10/27,Wed,1.22520,1.22540,1.22920,1.21690
2004/10/26,Tue,1.22120,1.22510,1.22800,1.21820
2004/10/25,Mon,1.23280,1.22080,1.23290,1.21710
2004/10/24,Sun,,,,
2004/10/23,Sat,,,,
2004/10/22,Fri,1.24360,1.23410,1.24490,1.23250
2004/10/21,Thu,1.24550,1.24270,1.24870,1.24080
2004/10/20,Wed,1.25880,1.24570,1.25930,1.24160
2004/10/19,Tue,1.25690,1.25900,1.26190,1.25260
2004/10/18,Mon,1.25340,1.25650,1.25870,1.25110
2004/10/17,Sun,,,,
2004/10/16,Sat,,,,
2004/10/15,Fri,1.25710,1.25330,1.26230,1.25080
2004/10/14,Thu,1.25660,1.25650,1.25960,1.25060
2004/10/13,Wed,1.25500,1.25610,1.26930,1.25440
2004/10/12,Tue,1.25510,1.25600,1.25800,1.25310
2004/10/11,Mon,1.25080,1.25460,1.25610,1.25020
2004/10/10,Sun,,,,
2004/10/09,Sat,,,,
2004/10/08,Fri,1.26100,1.25130,1.26290,1.24970
2004/10/07,Thu,1.25920,1.25990,1.26260,1.25330
2004/10/06,Wed,1.26120,1.25890,1.26660,1.25720
2004/10/05,Tue,1.27200,1.26020,1.27440,1.25970
2004/10/04,Mon,1.26240,1.27160,1.27570,1.26190
2004/10/03,Sun,,,,
2004/10/02,Sat,,,,
2004/10/01,Fri,1.26170,1.26030,1.26470,1.25980
2004/09/30,Thu,1.27060,1.26180,1.27410,1.25900
2004/09/29,Wed,1.27160,1.26990,1.27300,1.26750
2004/09/28,Tue,1.27220,1.27180,1.27710,1.26900
2004/09/27,Mon,1.27500,1.27150,1.27780,1.27080
2004/09/26,Sun,,,,
2004/09/25,Sat,,,,
2004/09/24,Fri,1.27950,1.27330,1.28170,1.27180
2004/09/23,Thu,1.28260,1.27930,1.28550,1.27580
2004/09/22,Wed,1.28710,1.28260,1.28940,1.28110
2004/09/21,Tue,1.29410,1.28650,1.29610,1.28560
2004/09/20,Mon,1.29780,1.29350,1.30260,1.29220
2004/09/19,Sun,,,,
2004/09/18,Sat,,,,
2004/09/17,Fri,1.29020,1.29760,1.30560,1.28870
2004/09/16,Thu,1.29670,1.28990,1.29770,1.28810
2004/09/15,Wed,1.29350,1.29650,1.30370,1.29300
2004/09/14,Tue,1.30180,1.29360,1.30200,1.29090
2004/09/13,Mon,1.29110,1.30120,1.30220,1.28850
2004/09/12,Sun,,,,
2004/09/11,Sat,,,,
2004/09/10,Fri,1.28810,1.29090,1.29380,1.28450
2004/09/09,Thu,1.29040,1.28700,1.29310,1.28500
2004/09/08,Wed,1.28730,1.29000,1.29440,1.28720
2004/09/07,Tue,1.29840,1.28770,1.30110,1.28540
2004/09/06,Mon,1.30030,1.29800,1.30110,1.29700
2004/09/05,Sun,,,,
2004/09/04,Sat,,,,
2004/09/03,Fri,1.30000,1.29990,1.30330,1.29630
2004/09/02,Thu,1.30720,1.29970,1.30890,1.29810
2004/09/01,Wed,1.31230,1.30710,1.31690,1.30530
2004/08/31,Tue,1.31730,1.31230,1.32510,1.31000
2004/08/30,Mon,1.31330,1.31660,1.31990,1.31280
2004/08/29,Sun,,,,
2004/08/28,Sat,,,,
2004/08/27,Fri,1.30740,1.31200,1.31500,1.30490
2004/08/26,Thu,1.30450,1.30750,1.31560,1.30360
2004/08/25,Wed,1.30730,1.30440,1.31370,1.30190
2004/08/24,Tue,1.30730,1.30670,1.30970,1.30050
2004/08/23,Mon,1.29780,1.30730,1.30890,1.29720
2004/08/22,Sun,,,,
2004/08/21,Sat,,,,
2004/08/20,Fri,1.29700,1.29750,1.30090,1.29560
2004/08/19,Thu,1.30410,1.29650,1.30520,1.29550
2004/08/18,Wed,1.30720,1.30450,1.31160,1.30120
2004/08/17,Tue,1.30660,1.30650,1.30960,1.30150
2004/08/16,Mon,1.30900,1.30630,1.31290,1.30390
2004/08/15,Sun,,,,
2004/08/14,Sat,,,,
2004/08/13,Fri,1.33120,1.30820,1.33270,1.30740
2004/08/12,Thu,1.32490,1.33090,1.33370,1.32130
2004/08/11,Wed,1.32090,1.32450,1.32640,1.31950
2004/08/10,Tue,1.31760,1.32070,1.32240,1.31280
2004/08/09,Mon,1.31150,1.31810,1.31870,1.31060
2004/08/08,Sun,,,,
2004/08/07,Sat,,,,
2004/08/06,Fri,1.31840,1.31220,1.32320,1.30740
2004/08/05,Thu,1.31590,1.31840,1.32160,1.31350
2004/08/04,Wed,1.31800,1.31590,1.32330,1.31250
2004/08/03,Tue,1.33220,1.31730,1.33480,1.31570
2004/08/02,Mon,1.33030,1.33220,1.33340,1.32540
2004/08/01,Sun,,,,
2004/07/31,Sat,,,,
2004/07/30,Fri,1.32490,1.33140,1.33250,1.31830
2004/07/29,Thu,1.32910,1.32560,1.33700,1.32330
2004/07/28,Wed,1.33240,1.32900,1.33830,1.32590
2004/07/27,Tue,1.33260,1.33240,1.33860,1.32660
2004/07/26,Mon,1.32130,1.33140,1.33460,1.31540
2004/07/25,Sun,,,,
2004/07/24,Sat,,,,
2004/07/23,Fri,1.31680,1.32130,1.32350,1.31560
2004/07/22,Thu,1.32180,1.31730,1.32590,1.31160
2004/07/21,Wed,1.31380,1.32130,1.32720,1.31180
2004/07/20,Tue,1.30830,1.31330,1.31740,1.30680
2004/07/19,Mon,1.31040,1.30690,1.31200,1.30580
2004/07/18,Sun,,,,
2004/07/17,Sat,,,,
2004/07/16,Fri,1.32360,1.31030,1.32490,1.30580
2004/07/15,Thu,1.32300,1.32330,1.32770,1.32200
2004/07/14,Wed,1.31860,1.32220,1.32350,1.31640
2004/07/13,Tue,1.31780,1.31870,1.33070,1.31630
2004/07/12,Mon,1.31770,1.31790,1.32120,1.31470
2004/07/11,Sun,,,,
2004/07/10,Sat,,,,
2004/07/09,Fri,1.31750,1.31790,1.32300,1.31400
2004/07/08,Thu,1.32140,1.31680,1.32740,1.31550
2004/07/07,Wed,1.32750,1.32120,1.32810,1.31750
2004/07/06,Tue,1.32630,1.32770,1.32870,1.31920
2004/07/05,Mon,1.32380,1.32570,1.32700,1.32040
2004/07/04,Sun,,,,
2004/07/03,Sat,,,,
2004/07/02,Fri,1.33210,1.32340,1.33620,1.32270
2004/07/01,Thu,1.33330,1.33110,1.33640,1.32560
2004/06/30,Wed,1.34530,1.33270,1.35020,1.33180
2004/06/29,Tue,1.34840,1.34500,1.34930,1.33870
2004/06/28,Mon,1.34970,1.34790,1.35340,1.34210
2004/06/27,Sun,,,,
2004/06/26,Sat,,,,
2004/06/25,Fri,1.34540,1.35030,1.35110,1.34450
2004/06/24,Thu,1.36010,1.34440,1.36180,1.34070
2004/06/23,Wed,1.35810,1.35940,1.36330,1.35370
2004/06/22,Tue,1.36520,1.35770,1.36700,1.35560
2004/06/21,Mon,1.36370,1.36500,1.36810,1.36040
2004/06/20,Sun,,,,
2004/06/19,Sat,,,,
2004/06/18,Fri,1.37180,1.36400,1.37730,1.36190
2004/06/17,Thu,1.37330,1.37140,1.37880,1.36820
2004/06/16,Wed,1.36860,1.37270,1.37850,1.36600
2004/06/15,Tue,1.37500,1.36900,1.38180,1.36680
2004/06/14,Mon,1.36580,1.37460,1.37580,1.36270
2004/06/13,Sun,,,,
2004/06/12,Sat,,,,
2004/06/11,Fri,1.36010,1.36550,1.36950,1.35870
2004/06/10,Thu,1.35950,1.35940,1.36280,1.35540
2004/06/09,Wed,1.34970,1.35910,1.36070,1.34540
2004/06/08,Tue,1.34660,1.34960,1.35030,1.33940
2004/06/07,Mon,1.35040,1.34630,1.35170,1.34320
2004/06/06,Sun,,,,
2004/06/05,Sat,,,,
2004/06/04,Fri,1.36270,1.35100,1.36510,1.34770
2004/06/03,Thu,1.36190,1.36290,1.36530,1.35680
2004/06/02,Wed,1.36810,1.36070,1.36870,1.35880
2004/06/01,Tue,1.36260,1.36710,1.37250,1.36060
2004/05/31,Mon,1.36170,1.36210,1.36450,1.35900
2004/05/30,Sun,,,,
2004/05/29,Sat,,,,
2004/05/28,Fri,1.35770,1.36230,1.36700,1.35580
2004/05/27,Thu,1.37040,1.35770,1.37190,1.35540
2004/05/26,Wed,1.37160,1.37030,1.37310,1.36280
2004/05/25,Tue,1.36990,1.37160,1.37830,1.36420
2004/05/24,Mon,1.37260,1.36950,1.37730,1.36510
2004/05/23,Sun,,,,
2004/05/22,Sat,,,,
2004/05/21,Fri,1.36720,1.37350,1.37540,1.36670
2004/05/20,Thu,1.37560,1.36730,1.38190,1.36640
2004/05/19,Wed,1.39020,1.37490,1.39210,1.37430
2004/05/18,Tue,1.39690,1.38950,1.40060,1.38850
2004/05/17,Mon,1.38900,1.39680,1.40000,1.37430
2004/05/16,Sun,,,,
2004/05/15,Sat,,,,
2004/05/14,Fri,1.39330,1.38670,1.39710,1.38700
2004/05/13,Thu,1.38720,1.39310,1.39910,1.38680
2004/05/12,Wed,1.38620,1.38690,1.39100,1.38280
2004/05/11,Tue,1.39140,1.38530,1.39220,1.38450
2004/05/10,Mon,1.38430,1.39110,1.39640,1.38390
2004/05/09,Sun,,,,
2004/05/08,Sat,,,,
2004/05/07,Fri,1.37920,1.38250,1.38700,1.37450
2004/05/06,Thu,1.37390,1.37810,1.38100,1.37020
2004/05/05,Wed,1.36950,1.37330,1.37900,1.36740
2004/05/04,Tue,1.37250,1.37000,1.37350,1.36300
2004/05/03,Mon,1.37210,1.37340,1.37710,1.36980
2004/05/02,Sun,,,,
2004/05/01,Sat,,,,
2004/04/30,Fri,1.37080,1.36970,1.37960,1.36820
2004/04/29,Thu,1.37530,1.36920,1.37660,1.36670
2004/04/28,Wed,1.35170,1.37550,1.37650,1.34910
2004/04/27,Tue,1.34910,1.35140,1.35550,1.34660
2004/04/26,Mon,1.36070,1.34800,1.36290,1.34740
2004/04/25,Sun,,,,
2004/04/24,Sat,,,,
2004/04/23,Fri,1.35570,1.36090,1.36340,1.35100
2004/04/22,Thu,1.35900,1.35540,1.36550,1.35410
2004/04/21,Wed,1.35720,1.35780,1.36380,1.35270
2004/04/20,Tue,1.34470,1.35580,1.35830,1.34430
2004/04/19,Mon,1.34590,1.34400,1.34860,1.34250
2004/04/18,Sun,,,,
2004/04/17,Sat,,,,
2004/04/16,Fri,1.34360,1.34400,1.34910,1.34020
2004/04/15,Thu,1.34470,1.34290,1.34960,1.34040
2004/04/14,Wed,1.33540,1.34400,1.35040,1.33310
2004/04/13,Tue,1.33560,1.33530,1.34160,1.33220
2004/04/12,Mon,1.32810,1.33560,1.34070,1.32610
2004/04/11,Sun,,,,
2004/04/10,Sat,,,,
2004/04/09,Fri,1.32730,1.32680,1.33000,1.32580
2004/04/08,Thu,1.30950,1.32720,1.33000,1.30850
2004/04/07,Wed,1.30880,1.30900,1.31760,1.30590
2004/04/06,Tue,1.31420,1.30900,1.31850,1.30370
2004/04/05,Mon,1.31430,1.31330,1.31830,1.31020
2004/04/04,Sun,,,,
2004/04/03,Sat,,,,
2004/04/02,Fri,1.30700,1.31540,1.31950,1.30430
2004/04/01,Thu,1.31120,1.30610,1.31940,1.30540
2004/03/31,Wed,1.30680,1.30920,1.31590,1.30090
2004/03/30,Tue,1.30850,1.30630,1.31040,1.30520
2004/03/29,Mon,1.31860,1.30830,1.32180,1.30570
2004/03/28,Sun,,,,
2004/03/27,Sat,,,,
2004/03/26,Fri,1.32950,1.31870,1.33190,1.31650
2004/03/25,Thu,1.34180,1.32940,1.34360,1.32630
2004/03/24,Wed,1.33270,1.34160,1.34360,1.33040
2004/03/23,Tue,1.33370,1.33230,1.33560,1.32910
2004/03/22,Mon,1.33400,1.33350,1.33560,1.32390
2004/03/21,Sun,,,,
2004/03/20,Sat,,,,
2004/03/19,Fri,1.32820,1.33290,1.33460,1.32580
2004/03/18,Thu,1.33840,1.32840,1.34200,1.32420
2004/03/17,Wed,1.33310,1.33800,1.34450,1.33040
2004/03/16,Tue,1.33440,1.33230,1.33550,1.32430
2004/03/15,Mon,1.33430,1.33300,1.33580,1.32720
2004/03/14,Sun,,,,
2004/03/13,Sat,,,,
2004/03/12,Fri,1.31990,1.33530,1.33900,1.31670
2004/03/11,Thu,1.32390,1.31940,1.33010,1.31840
2004/03/10,Wed,1.32380,1.32440,1.33100,1.31960
2004/03/09,Tue,1.31970,1.32410,1.32700,1.31740
2004/03/08,Mon,1.32080,1.31950,1.32750,1.31810
2004/03/07,Sun,,,,
2004/03/06,Sat,,,,
2004/03/05,Fri,1.33290,1.32160,1.33660,1.31560
2004/03/04,Thu,1.33920,1.33310,1.34320,1.33100
2004/03/03,Wed,1.34280,1.33830,1.35900,1.33690
2004/03/02,Tue,1.33820,1.34200,1.34570,1.33650
2004/03/01,Mon,1.33540,1.33810,1.34080,1.33300
2004/02/29,Sun,,,,
2004/02/28,Sat,,,,
2004/02/27,Fri,1.34190,1.33500,1.35070,1.33440
2004/02/26,Thu,1.33440,1.34260,1.34870,1.33310
2004/02/25,Wed,1.32930,1.33350,1.34100,1.32520
2004/02/24,Tue,1.33690,1.32870,1.34010,1.32620
2004/02/23,Mon,1.33760,1.33650,1.34380,1.33400
2004/02/22,Sun,,,,
2004/02/21,Sat,,,,
2004/02/20,Fri,1.33060,1.33670,1.35130,1.32780
2004/02/19,Thu,1.32390,1.32980,1.33500,1.32240
2004/02/18,Wed,1.31020,1.32360,1.32760,1.30800
2004/02/17,Tue,1.31550,1.31000,1.31760,1.30770
2004/02/16,Mon,1.31590,1.31540,1.31980,1.31420
2004/02/15,Sun,,,,
2004/02/14,Sat,,,,
2004/02/13,Fri,1.31910,1.31610,1.32360,1.30680
2004/02/12,Thu,1.31410,1.31870,1.32210,1.31250
2004/02/11,Wed,1.33120,1.31220,1.33460,1.31230
2004/02/10,Tue,1.32800,1.33030,1.33330,1.32150
2004/02/09,Mon,1.32810,1.32760,1.33150,1.32180
2004/02/08,Sun,,,,
2004/02/07,Sat,,,,
2004/02/06,Fri,1.33840,1.32520,1.34130,1.32510
2004/02/05,Thu,1.33300,1.33730,1.34010,1.32850
2004/02/04,Wed,1.33740,1.33260,1.34410,1.33150
2004/02/03,Tue,1.33840,1.33740,1.33980,1.32760
2004/02/02,Mon,1.32470,1.33640,1.34300,1.32450
2004/02/01,Sun,,,,
2004/01/31,Sat,,,,
2004/01/30,Fri,1.32970,1.32430,1.33580,1.32290
2004/01/29,Thu,1.32580,1.32930,1.33640,1.32420
2004/01/28,Wed,1.30510,1.32460,1.32720,1.30480
2004/01/27,Tue,1.31440,1.30520,1.31670,1.30370
2004/01/26,Mon,1.31440,1.31350,1.31660,1.30820
2004/01/25,Sun,,,,
2004/01/24,Sat,,,,
2004/01/23,Fri,1.29600,1.31280,1.31980,1.29370
2004/01/22,Thu,1.30060,1.29420,1.30600,1.29290
2004/01/21,Wed,1.29110,1.30090,1.30470,1.28660
2004/01/20,Tue,1.30210,1.29100,1.30360,1.28520
2004/01/19,Mon,1.29900,1.30110,1.30470,1.29860
2004/01/18,Sun,,,,
2004/01/17,Sat,,,,
2004/01/16,Fri,1.29520,1.29880,1.30280,1.29250
2004/01/15,Thu,1.28910,1.29480,1.29970,1.28710
2004/01/14,Wed,1.27400,1.28980,1.29190,1.27140
2004/01/13,Tue,1.27280,1.27070,1.27820,1.26950
2004/01/12,Mon,1.26940,1.27550,1.27670,1.26850
2004/01/11,Sun,,,,
2004/01/10,Sat,,,,
2004/01/09,Fri,1.27990,1.27050,1.28370,1.26810
2004/01/08,Thu,1.28910,1.27900,1.29570,1.27530
2004/01/07,Wed,1.28570,1.28790,1.29290,1.28390
2004/01/06,Tue,1.28200,1.28550,1.28700,1.27670
2004/01/05,Mon,1.28780,1.28000,1.28930,1.27730
2004/01/04,Sun,,,,
2004/01/03,Sat,,,,
2004/01/02,Fri,1.29650,1.28830,1.29860,1.28640
2004/01/01,Thu,1.29740,1.28280,1.29880,1.28180
2003/12/31,Wed,1.29370,1.29670,1.30000,1.28380
2003/12/30,Tue,1.31040,1.29310,1.31290,1.29080
2003/12/29,Mon,1.30970,1.31050,1.31560,1.30490
2003/12/28,Sun,,,,
2003/12/27,Sat,,,,
2003/12/26,Fri,1.30970,1.30650,1.31080,1.30350
2003/12/25,Thu,1.30770,1.30970,1.31290,1.30630
2003/12/24,Wed,1.32300,1.30600,1.32360,1.30610
2003/12/23,Tue,1.33060,1.32250,1.33240,1.31920
2003/12/22,Mon,1.33480,1.33060,1.33830,1.32810
2003/12/21,Sun,,,,
2003/12/20,Sat,,,,
2003/12/19,Fri,1.32900,1.33570,1.34240,1.32810
2003/12/18,Thu,1.32560,1.32940,1.33340,1.32230
2003/12/17,Wed,1.32750,1.32460,1.33640,1.32340
2003/12/16,Tue,1.31240,1.32710,1.32940,1.31140
2003/12/15,Mon,1.32400,1.31260,1.32610,1.31020
2003/12/14,Sun,,,,
2003/12/13,Sat,,,,
2003/12/12,Fri,1.31810,1.31580,1.32050,1.30900
2003/12/11,Thu,1.30800,1.31670,1.33040,1.30780
2003/12/10,Wed,1.30700,1.30780,1.31300,1.30480
2003/12/09,Tue,1.29840,1.30650,1.31400,1.29610
2003/12/08,Mon,1.30450,1.29800,1.30680,1.29540
2003/12/07,Sun,,,,
2003/12/06,Sat,,,,
2003/12/05,Fri,1.31120,1.30470,1.31480,1.30180
2003/12/04,Thu,1.30010,1.31040,1.31500,1.29960
2003/12/03,Wed,1.29760,1.29930,1.30210,1.29440
2003/12/02,Tue,1.30350,1.29710,1.30870,1.29530
2003/12/01,Mon,1.29970,1.30340,1.30460,1.29720
2003/11/30,Sun,,,,
2003/11/29,Sat,,,,
2003/11/28,Fri,1.30720,1.29950,1.31020,1.29310
2003/11/27,Thu,1.30410,1.30720,1.31020,1.30330
2003/11/26,Wed,1.31010,1.30290,1.31290,1.30000
2003/11/25,Tue,1.31830,1.30880,1.31990,1.30890
2003/11/24,Mon,1.30260,1.31820,1.32280,1.30150
2003/11/23,Sun,,,,
2003/11/22,Sat,,,,
2003/11/21,Fri,1.30210,1.30270,1.31030,1.30060
2003/11/20,Thu,1.30480,1.30210,1.30640,1.29900
2003/11/19,Wed,1.29880,1.30450,1.30730,1.29710
2003/11/18,Tue,1.31180,1.29760,1.31610,1.29710
2003/11/17,Mon,1.30280,1.31120,1.31560,1.29940
2003/11/16,Sun,,,,
2003/11/15,Sat,,,,
2003/11/14,Fri,1.29940,1.30210,1.30470,1.29610
2003/11/13,Thu,1.30410,1.29890,1.30530,1.29520
2003/11/12,Wed,1.31220,1.30320,1.31380,1.29800
2003/11/11,Tue,1.31270,1.31090,1.31580,1.31080
2003/11/10,Mon,1.32270,1.31270,1.32470,1.30850
2003/11/09,Sun,,,,
2003/11/08,Sat,,,,
2003/11/07,Fri,1.33900,1.32250,1.34200,1.32130
2003/11/06,Thu,1.33330,1.33800,1.34110,1.33180
2003/11/05,Wed,1.32910,1.33380,1.33460,1.32800
2003/11/04,Tue,1.33470,1.32830,1.34350,1.32820
2003/11/03,Mon,1.32000,1.33540,1.33630,1.31990
2003/11/02,Sun,,,,
2003/11/01,Sat,,,,
2003/10/31,Fri,1.31510,1.31900,1.32280,1.31360
2003/10/30,Thu,1.31140,1.31340,1.31600,1.30520
2003/10/29,Wed,1.30990,1.31190,1.31350,1.30630
2003/10/28,Tue,1.31120,1.30960,1.31720,1.30670
2003/10/27,Mon,1.30780,1.30870,1.31380,1.30530
2003/10/26,Sun,,,,
2003/10/25,Sat,,,,
2003/10/24,Fri,1.30680,1.30600,1.30930,1.30350
2003/10/23,Thu,1.30480,1.30540,1.30930,1.30370
2003/10/22,Wed,1.31620,1.30330,1.31840,1.30210
2003/10/21,Tue,1.32090,1.31630,1.32560,1.31250
2003/10/20,Mon,1.31520,1.32010,1.32240,1.31360
2003/10/19,Sun,,,,
2003/10/18,Sat,,,,
2003/10/17,Fri,1.31880,1.31440,1.32350,1.31120
2003/10/16,Thu,1.32630,1.31900,1.32760,1.31290
2003/10/15,Wed,1.32340,1.32730,1.33100,1.32230
2003/10/14,Tue,1.32010,1.32400,1.33180,1.31970
2003/10/13,Mon,1.32010,1.31950,1.32640,1.31880
2003/10/12,Sun,,,,
2003/10/11,Sat,,,,
2003/10/10,Fri,1.33880,1.32070,1.33990,1.31850
2003/10/09,Thu,1.33380,1.33850,1.34220,1.32800
2003/10/08,Wed,1.33180,1.33380,1.33540,1.32600
2003/10/07,Tue,1.34010,1.33050,1.34150,1.32700
2003/10/06,Mon,1.34620,1.34040,1.34830,1.33880
2003/10/05,Sun,,,,
2003/10/04,Sat,,,,
2003/10/03,Fri,1.34030,1.34360,1.34810,1.33710
2003/10/02,Thu,1.34660,1.33960,1.35210,1.33730
2003/10/01,Wed,1.35210,1.34500,1.35300,1.34460
2003/09/30,Tue,1.35130,1.35230,1.35550,1.34250
2003/09/29,Mon,1.35390,1.35190,1.36410,1.35100
2003/09/28,Sun,,,,
2003/09/27,Sat,,,,
2003/09/26,Fri,1.34900,1.35300,1.35860,1.34870
2003/09/25,Thu,1.34950,1.34840,1.35220,1.34470
2003/09/24,Wed,1.35630,1.35030,1.35900,1.34850
2003/09/23,Tue,1.35250,1.35660,1.35860,1.34580
2003/09/22,Mon,1.34320,1.35280,1.35440,1.33670
2003/09/21,Sun,,,,
2003/09/20,Sat,,,,
2003/09/19,Fri,1.36170,1.34820,1.36290,1.34630
2003/09/18,Thu,1.36590,1.36210,1.36850,1.35870
2003/09/17,Wed,1.36910,1.36600,1.37440,1.36400
2003/09/16,Tue,1.36630,1.36830,1.37140,1.36340
2003/09/15,Mon,1.36470,1.36640,1.37180,1.36310
2003/09/14,Sun,,,,
2003/09/13,Sat,,,,
2003/09/12,Fri,1.37080,1.36400,1.37450,1.36110
2003/09/11,Thu,1.36840,1.36980,1.37500,1.36510
2003/09/10,Wed,1.36740,1.36800,1.37180,1.36310
2003/09/09,Tue,1.37420,1.36650,1.37490,1.36220
2003/09/08,Mon,1.37190,1.37320,1.37590,1.36900
2003/09/07,Sun,,,,
2003/09/06,Sat,,,,
2003/09/05,Fri,1.37240,1.36950,1.37460,1.36510
2003/09/04,Thu,1.37960,1.37260,1.38480,1.36930
2003/09/03,Wed,1.39390,1.37850,1.39800,1.37770
2003/09/02,Tue,1.37920,1.39360,1.39500,1.37680
2003/09/01,Mon,1.38550,1.37830,1.38660,1.37610
2003/08/31,Sun,,,,
2003/08/30,Sat,,,,
2003/08/29,Fri,1.39480,1.38620,1.40150,1.38420
2003/08/28,Thu,1.40260,1.39420,1.40860,1.39370
2003/08/27,Wed,1.39430,1.40210,1.40660,1.39330
2003/08/26,Tue,1.40110,1.39410,1.40490,1.39100
2003/08/25,Mon,1.40180,1.40090,1.40350,1.39660
2003/08/24,Sun,,,,
2003/08/23,Sat,,,,
2003/08/22,Fri,1.40680,1.40050,1.41670,1.40040
2003/08/21,Thu,1.40160,1.40640,1.41150,1.40140
2003/08/20,Wed,1.39590,1.40100,1.40840,1.39310
2003/08/19,Tue,1.39180,1.39540,1.40310,1.39020
2003/08/18,Mon,1.38680,1.39180,1.39430,1.38490
2003/08/17,Sun,,,,
2003/08/16,Sat,,,,
2003/08/15,Fri,1.39360,1.38600,1.39390,1.38410
2003/08/14,Thu,1.37970,1.39330,1.39740,1.37730
2003/08/13,Wed,1.38510,1.37970,1.39050,1.37830
2003/08/12,Tue,1.38060,1.38450,1.38580,1.37890
2003/08/11,Mon,1.39150,1.38000,1.39990,1.37620
2003/08/10,Sun,,,,
2003/08/09,Sat,,,,
2003/08/08,Fri,1.39280,1.39140,1.39820,1.38930
2003/08/07,Thu,1.40430,1.39260,1.40650,1.39160
2003/08/06,Wed,1.39930,1.40390,1.40700,1.39680
2003/08/05,Tue,1.40380,1.39800,1.41170,1.39850
2003/08/04,Mon,1.40100,1.40280,1.40570,1.39920
2003/08/03,Sun,,,,
2003/08/02,Sat,,,,
2003/08/01,Fri,1.40510,1.39850,1.40950,1.39160
2003/07/31,Thu,1.40090,1.40450,1.41110,1.40010
2003/07/30,Wed,1.38700,1.40070,1.40290,1.38670
2003/07/29,Tue,1.38510,1.38680,1.38730,1.38100
2003/07/28,Mon,1.38130,1.38550,1.38690,1.37710
2003/07/27,Sun,,,,
2003/07/26,Sat,,,,
2003/07/25,Fri,1.39440,1.38070,1.39690,1.37790
2003/07/24,Thu,1.39730,1.39400,1.39980,1.39040
2003/07/23,Wed,1.41610,1.39680,1.41940,1.39350
2003/07/22,Tue,1.40600,1.41530,1.41840,1.40070
2003/07/21,Mon,1.40780,1.40550,1.41290,1.40250
2003/07/20,Sun,,,,
2003/07/19,Sat,,,,
2003/07/18,Fri,1.39730,1.40670,1.41390,1.39660
2003/07/17,Thu,1.39020,1.39700,1.40150,1.38550
2003/07/16,Wed,1.39180,1.38870,1.39780,1.38400
2003/07/15,Tue,1.37380,1.39100,1.39670,1.37250
2003/07/14,Mon,1.37630,1.37330,1.38270,1.37100
2003/07/13,Sun,,,,
2003/07/12,Sat,,,,
2003/07/11,Fri,1.38310,1.37640,1.38700,1.37320
2003/07/10,Thu,1.37430,1.38240,1.38850,1.37270
2003/07/09,Wed,1.36380,1.37370,1.37720,1.36070
2003/07/08,Tue,1.34790,1.36350,1.37130,1.34650
2003/07/07,Mon,1.34020,1.34780,1.35190,1.33730
2003/07/06,Sun,,,,
2003/07/05,Sat,,,,
2003/07/04,Fri,1.33650,1.33890,1.34200,1.33620
2003/07/03,Thu,1.33750,1.33600,1.34470,1.33330
2003/07/02,Wed,1.35240,1.33750,1.35380,1.33500
2003/07/01,Tue,1.34680,1.35220,1.35500,1.34360
2003/06/30,Mon,1.34720,1.34660,1.36230,1.34590
2003/06/29,Sun,,,,
2003/06/28,Sat,,,,
2003/06/27,Fri,1.35740,1.34790,1.35910,1.34530
2003/06/26,Thu,1.34770,1.35650,1.35770,1.34460
2003/06/25,Wed,1.35950,1.34710,1.36060,1.33860
2003/06/24,Tue,1.35860,1.35980,1.36400,1.35270
2003/06/23,Mon,1.35970,1.35820,1.36720,1.35350
2003/06/22,Sun,,,,
2003/06/21,Sat,,,,
2003/06/20,Fri,1.34430,1.35990,1.36330,1.34150
2003/06/19,Thu,1.33610,1.34390,1.35500,1.33490
2003/06/18,Wed,1.33730,1.33530,1.34540,1.33220
2003/06/17,Tue,1.34420,1.33640,1.34930,1.33560
2003/06/16,Mon,1.33420,1.34320,1.34580,1.33080
2003/06/15,Sun,,,,
2003/06/14,Sat,,,,
2003/06/13,Fri,1.34890,1.33360,1.34980,1.33350
2003/06/12,Thu,1.35110,1.34700,1.35460,1.34740
2003/06/11,Wed,1.36170,1.35100,1.36550,1.34970
2003/06/10,Tue,1.35730,1.36310,1.36740,1.35580
2003/06/09,Mon,1.35950,1.35710,1.36850,1.35520
2003/06/08,Sun,,,,
2003/06/07,Sat,,,,
2003/06/06,Fri,1.34180,1.35830,1.36230,1.33920
2003/06/05,Thu,1.36170,1.34160,1.36330,1.33860
2003/06/04,Wed,1.36520,1.36050,1.36600,1.35370
2003/06/03,Tue,1.36860,1.36420,1.37880,1.36220
2003/06/02,Mon,1.37230,1.36850,1.37770,1.36650
2003/06/01,Sun,,,,
2003/05/31,Sat,,,,
2003/05/30,Fri,1.36770,1.36630,1.37540,1.36220
2003/05/29,Thu,1.38470,1.36750,1.39150,1.36770
2003/05/28,Wed,1.37620,1.38440,1.39280,1.37260
2003/05/27,Tue,1.37290,1.37670,1.37810,1.36710
2003/05/26,Mon,1.37990,1.37210,1.38020,1.37220
2003/05/25,Sun,,,,
2003/05/24,Sat,,,,
2003/05/23,Fri,1.37280,1.37270,1.38300,1.36780
2003/05/22,Thu,1.35120,1.37250,1.37850,1.34850
2003/05/21,Wed,1.34910,1.35210,1.35570,1.34160
2003/05/20,Tue,1.36340,1.34710,1.36580,1.34380
2003/05/19,Mon,1.35580,1.36190,1.36490,1.35060
2003/05/18,Sun,,,,
2003/05/17,Sat,,,,
2003/05/16,Fri,1.38060,1.36470,1.38520,1.36230
2003/05/15,Thu,1.37440,1.38010,1.38600,1.37300
2003/05/14,Wed,1.38660,1.37310,1.39060,1.37300
2003/05/13,Tue,1.38840,1.38530,1.39400,1.38450
2003/05/12,Mon,1.39050,1.38850,1.39200,1.38420
2003/05/11,Sun,,,,
2003/05/10,Sat,,,,
2003/05/09,Fri,1.39460,1.39250,1.40190,1.38770
2003/05/08,Thu,1.39680,1.39340,1.40760,1.39070
2003/05/07,Wed,1.39270,1.39650,1.40380,1.38250
2003/05/06,Tue,1.41120,1.39190,1.41310,1.38950
2003/05/05,Mon,1.41870,1.41030,1.42090,1.40890
2003/05/04,Sun,,,,
2003/05/03,Sat,,,,
2003/05/02,Fri,1.41950,1.41920,1.42480,1.41590
2003/05/01,Thu,1.43160,1.41920,1.43180,1.41610
2003/04/30,Wed,1.44230,1.43300,1.44260,1.43100
2003/04/29,Tue,1.44760,1.44100,1.45490,1.44150
2003/04/28,Mon,1.44670,1.44770,1.45180,1.44350
2003/04/27,Sun,,,,
2003/04/26,Sat,,,,
2003/04/25,Fri,1.45500,1.44600,1.45960,1.44430
2003/04/24,Thu,1.45190,1.45570,1.46700,1.45160
2003/04/23,Wed,1.44760,1.45100,1.45460,1.44480
2003/04/22,Tue,1.45460,1.44650,1.45660,1.44290
2003/04/21,Mon,1.45080,1.45390,1.45590,1.44920
2003/04/20,Sun,,,,
2003/04/19,Sat,,,,
2003/04/18,Fri,1.45060,1.45000,1.45190,1.44720
2003/04/17,Thu,1.45470,1.45020,1.45540,1.44850
2003/04/16,Wed,1.44920,1.45460,1.45840,1.44610
2003/04/15,Tue,1.45440,1.44850,1.45810,1.44680
2003/04/14,Mon,1.45290,1.45350,1.45950,1.45130
2003/04/13,Sun,,,,
2003/04/12,Sat,,,,
2003/04/11,Fri,1.45410,1.45170,1.46070,1.44940
2003/04/10,Thu,1.46590,1.45330,1.46700,1.45270
2003/04/09,Wed,1.46820,1.46650,1.47090,1.46500
2003/04/08,Tue,1.47740,1.46740,1.48160,1.46640
2003/04/07,Mon,1.47460,1.47670,1.49440,1.47440
2003/04/06,Sun,,,,
2003/04/05,Sat,,,,
2003/04/04,Fri,1.47400,1.47170,1.47960,1.47130
2003/04/03,Thu,1.46930,1.47320,1.47940,1.46820
2003/04/02,Wed,1.47340,1.46940,1.48060,1.46850
2003/04/01,Tue,1.46780,1.47350,1.47500,1.46400
2003/03/31,Mon,1.47100,1.46760,1.47490,1.46520
2003/03/30,Sun,,,,
2003/03/29,Sat,,,,
2003/03/28,Fri,1.46320,1.47140,1.47270,1.46190
2003/03/27,Thu,1.46940,1.46300,1.46960,1.46140
2003/03/26,Wed,1.47620,1.46880,1.47740,1.46810
2003/03/25,Tue,1.48000,1.47540,1.48180,1.47320
2003/03/24,Mon,1.49140,1.47970,1.49300,1.47810
2003/03/23,Sun,,,,
2003/03/22,Sat,,,,
2003/03/21,Fri,1.48150,1.49430,1.49500,1.47910
2003/03/20,Thu,1.48320,1.48090,1.48800,1.47620
2003/03/19,Wed,1.47390,1.48200,1.48470,1.47240
2003/03/18,Tue,1.47990,1.47340,1.48750,1.47320
2003/03/17,Mon,1.47310,1.48000,1.48540,1.46630
2003/03/16,Sun,,,,
2003/03/15,Sat,,,,
2003/03/14,Fri,1.48530,1.47350,1.49000,1.47270
2003/03/13,Thu,1.47580,1.48380,1.48720,1.47550
2003/03/12,Wed,1.47150,1.47500,1.48190,1.46990
2003/03/11,Tue,1.46440,1.47140,1.47540,1.46050
2003/03/10,Mon,1.46670,1.46420,1.46750,1.46020
2003/03/09,Sun,,,,
2003/03/08,Sat,,,,
2003/03/07,Fri,1.47070,1.46560,1.47280,1.46050
2003/03/06,Thu,1.46890,1.47030,1.47510,1.46780
2003/03/05,Wed,1.47780,1.46890,1.47790,1.46830
2003/03/04,Tue,1.48440,1.47820,1.48850,1.47480
2003/03/03,Mon,1.48330,1.48360,1.48760,1.48260
2003/03/02,Sun,,,,
2003/03/01,Sat,,,,
2003/02/28,Fri,1.49370,1.48300,1.49580,1.48310
2003/02/27,Thu,1.49390,1.49350,1.49600,1.48750
2003/02/26,Wed,1.49390,1.49290,1.49730,1.49190
2003/02/25,Tue,1.49160,1.49320,1.49540,1.48740
2003/02/24,Mon,1.50490,1.49150,1.50510,1.48780
2003/02/23,Sun,,,,
2003/02/22,Sat,,,,
2003/02/21,Fri,1.50520,1.50440,1.50800,1.50310
2003/02/20,Thu,1.51200,1.50520,1.51280,1.50390
2003/02/19,Wed,1.51700,1.51190,1.51740,1.51120
2003/02/18,Tue,1.52100,1.51680,1.52420,1.51380
2003/02/17,Mon,1.52270,1.52050,1.52570,1.52050
2003/02/16,Sun,,,,
2003/02/15,Sat,,,,
2003/02/14,Fri,1.51760,1.52260,1.52440,1.51350
2003/02/13,Thu,1.53030,1.51730,1.53260,1.51620
2003/02/12,Wed,1.52900,1.52860,1.53000,1.52570
2003/02/11,Tue,1.52930,1.52940,1.53330,1.52740
2003/02/10,Mon,1.52130,1.52900,1.53210,1.52100
2003/02/09,Sun,,,,
2003/02/08,Sat,,,,
2003/02/07,Fri,1.51740,1.52040,1.52560,1.51620
2003/02/06,Thu,1.52110,1.51630,1.52690,1.51620
2003/02/05,Wed,1.51470,1.52050,1.52400,1.51250
2003/02/04,Tue,1.51650,1.51470,1.51990,1.51350
2003/02/03,Mon,1.52050,1.51710,1.52390,1.51550
2003/02/02,Sun,,,,
2003/02/01,Sat,,,,
2003/01/31,Fri,1.52830,1.52110,1.53450,1.52020
2003/01/30,Thu,1.52130,1.52800,1.53260,1.51830
2003/01/29,Wed,1.52900,1.52100,1.52960,1.51920
2003/01/28,Tue,1.52550,1.52740,1.53660,1.52420
2003/01/27,Mon,1.51890,1.52510,1.52800,1.51740
2003/01/26,Sun,,,,
2003/01/25,Sat,,,,
2003/01/24,Fri,1.52480,1.51860,1.52580,1.51800
2003/01/23,Thu,1.53140,1.52460,1.53240,1.52240
2003/01/22,Wed,1.53360,1.53060,1.53470,1.52890
2003/01/21,Tue,1.53520,1.53220,1.53710,1.53170
2003/01/20,Mon,1.53470,1.53480,1.53770,1.53260
2003/01/19,Sun,,,,
2003/01/18,Sat,,,,
2003/01/17,Fri,1.53450,1.53530,1.53650,1.53080
2003/01/16,Thu,1.53660,1.53470,1.53900,1.53180
2003/01/15,Wed,1.54060,1.53630,1.54400,1.53350
2003/01/14,Tue,1.54180,1.54030,1.54270,1.53720
2003/01/13,Mon,1.54650,1.54090,1.54670,1.53860
2003/01/12,Sun,,,,
2003/01/11,Sat,,,,
2003/01/10,Fri,1.55160,1.54460,1.55340,1.54440
2003/01/09,Thu,1.56100,1.55070,1.56170,1.55050
2003/01/08,Wed,1.56270,1.56030,1.56610,1.55900
2003/01/07,Tue,1.55990,1.56260,1.56330,1.55630
2003/01/06,Mon,1.56410,1.55880,1.56510,1.55880
2003/01/05,Sun,,,,
2003/01/04,Sat,,,,
2003/01/03,Fri,1.56740,1.56370,1.57000,1.56330
2003/01/02,Thu,1.57400,1.56700,1.57790,1.56690
2003/01/01,Wed,1.57410,1.57350,1.57620,1.57110
2002/12/31,Tue,1.57620,1.57220,1.58030,1.57190
2002/12/30,Mon,1.56800,1.57700,1.57990,1.56540
2002/12/29,Sun,,,,
2002/12/28,Sat,,,,
2002/12/27,Fri,1.55830,1.56840,1.57210,1.55800
2002/12/26,Thu,1.54770,1.55760,1.55850,1.54750
2002/12/25,Wed,1.54860,1.54730,1.55000,1.54670
2002/12/24,Tue,1.55220,1.54730,1.55250,1.54700
2002/12/23,Mon,1.55070,1.55130,1.55310,1.54750
2002/12/22,Sun,,,,
2002/12/21,Sat,,,,
2002/12/20,Fri,1.55260,1.54980,1.55570,1.54650
2002/12/19,Thu,1.55260,1.55190,1.55490,1.54550
2002/12/18,Wed,1.54810,1.55290,1.55600,1.54520
2002/12/17,Tue,1.56110,1.54830,1.56140,1.54720
2002/12/16,Mon,1.56140,1.56140,1.56440,1.55740
2002/12/15,Sun,,,,
2002/12/14,Sat,,,,
2002/12/13,Fri,1.55400,1.55980,1.56240,1.55150
2002/12/12,Thu,1.55590,1.55360,1.55760,1.55170
2002/12/11,Wed,1.56040,1.55550,1.56120,1.55280
2002/12/10,Tue,1.56230,1.56000,1.56340,1.55600
2002/12/09,Mon,1.56480,1.56250,1.56500,1.55750
2002/12/08,Sun,,,,
2002/12/07,Sat,,,,
2002/12/06,Fri,1.56200,1.56470,1.56940,1.55730
2002/12/05,Thu,1.56040,1.56110,1.56290,1.55720
2002/12/04,Wed,1.55680,1.56000,1.56250,1.55620
2002/12/03,Tue,1.55700,1.55690,1.55980,1.55390
2002/12/02,Mon,1.56310,1.55610,1.56460,1.55570
2002/12/01,Sun,,,,
2002/11/30,Sat,,,,
2002/11/29,Fri,1.57290,1.56440,1.57490,1.56310
2002/11/28,Thu,1.57300,1.57230,1.57550,1.57150
2002/11/27,Wed,1.57560,1.57200,1.57870,1.57230
2002/11/26,Tue,1.57310,1.57530,1.57590,1.56920
2002/11/25,Mon,1.57900,1.57280,1.58060,1.57160
2002/11/24,Sun,,,,
2002/11/23,Sat,,,,
2002/11/22,Fri,1.57740,1.57790,1.58210,1.57650
2002/11/21,Thu,1.58500,1.57700,1.58640,1.57710
2002/11/20,Wed,1.58400,1.58540,1.58710,1.58130
2002/11/19,Tue,1.59030,1.58370,1.59140,1.58310
2002/11/18,Mon,1.58360,1.58950,1.59200,1.57930
2002/11/17,Sun,,,,
2002/11/16,Sat,,,,
2002/11/15,Fri,1.57510,1.58370,1.58500,1.57250
2002/11/14,Thu,1.57570,1.57450,1.57840,1.57350
2002/11/13,Wed,1.57810,1.57500,1.58170,1.57310
2002/11/12,Tue,1.56990,1.57780,1.57850,1.56710
2002/11/11,Mon,1.56430,1.57010,1.57170,1.56330
2002/11/10,Sun,,,,
2002/11/09,Sat,,,,
2002/11/08,Fri,1.55680,1.56430,1.56710,1.55480
2002/11/07,Thu,1.55350,1.55620,1.55820,1.55050
2002/11/06,Wed,1.55720,1.55250,1.55940,1.55300
2002/11/05,Tue,1.55550,1.55720,1.55850,1.55410
2002/11/04,Mon,1.55750,1.55480,1.56010,1.55270
2002/11/03,Sun,,,,
2002/11/02,Sat,,,,
2002/11/01,Fri,1.56220,1.55800,1.56420,1.55420
2002/10/31,Thu,1.56640,1.55810,1.57070,1.55700
2002/10/30,Wed,1.56330,1.56530,1.56880,1.56250
2002/10/29,Tue,1.55800,1.56310,1.56650,1.55550
2002/10/28,Mon,1.56730,1.55810,1.56740,1.55590
2002/10/27,Sun,,,,
2002/10/26,Sat,,,,
2002/10/25,Fri,1.56570,1.56850,1.56930,1.56240
2002/10/24,Thu,1.56440,1.56530,1.56610,1.55950
2002/10/23,Wed,1.56840,1.56450,1.57050,1.56420
2002/10/22,Tue,1.56410,1.56750,1.56970,1.56280
2002/10/21,Mon,1.57420,1.56350,1.57500,1.56280
2002/10/20,Sun,,,,
2002/10/19,Sat,,,,
2002/10/18,Fri,1.56980,1.57320,1.57550,1.56850
2002/10/17,Thu,1.58330,1.56910,1.58480,1.56860
2002/10/16,Wed,1.58750,1.58300,1.58970,1.58150
2002/10/15,Tue,1.58570,1.58700,1.58830,1.58050
2002/10/14,Mon,1.58670,1.58560,1.58760,1.58330
2002/10/13,Sun,,,,
2002/10/12,Sat,,,,
2002/10/11,Fri,1.58960,1.58600,1.59130,1.58530
2002/10/10,Thu,1.59660,1.59000,1.59870,1.58860
2002/10/09,Wed,1.59790,1.59650,1.59950,1.59230
2002/10/08,Tue,1.59520,1.59650,1.59860,1.58790
2002/10/07,Mon,1.59200,1.59500,1.59580,1.58940
2002/10/06,Sun,,,,
2002/10/05,Sat,,,,
2002/10/04,Fri,1.59140,1.59250,1.59550,1.58610
2002/10/03,Thu,1.58900,1.59100,1.59350,1.58650
2002/10/02,Wed,1.58170,1.58850,1.59090,1.58060
2002/10/01,Tue,1.58650,1.58150,1.59080,1.57840
2002/09/30,Mon,1.57830,1.58640,1.58800,1.57510
2002/09/29,Sun,,,,
2002/09/28,Sat,,,,
2002/09/27,Fri,1.57450,1.57850,1.57940,1.57350
2002/09/26,Thu,1.57910,1.57430,1.58180,1.57350
2002/09/25,Wed,1.58700,1.57870,1.58860,1.57810
2002/09/24,Tue,1.58210,1.58620,1.59160,1.58200
2002/09/23,Mon,1.57450,1.58190,1.58600,1.57180
2002/09/22,Sun,,,,
2002/09/21,Sat,,,,
2002/09/20,Fri,1.57400,1.57220,1.57800,1.57070
2002/09/19,Thu,1.57840,1.57360,1.57850,1.57000
2002/09/18,Wed,1.58120,1.57800,1.58700,1.57750
2002/09/17,Tue,1.58160,1.58120,1.58450,1.57590
2002/09/16,Mon,1.58030,1.58130,1.58370,1.57770
2002/09/15,Sun,,,,
2002/09/14,Sat,,,,
2002/09/13,Fri,1.58670,1.57960,1.58750,1.57880
2002/09/12,Thu,1.58000,1.58690,1.58850,1.57660
2002/09/11,Wed,1.57260,1.57960,1.58150,1.57060
2002/09/10,Tue,1.56400,1.57200,1.57410,1.56260
2002/09/09,Mon,1.55930,1.56400,1.56640,1.55870
2002/09/08,Sun,,,,
2002/09/07,Sat,,,,
2002/09/06,Fri,1.57210,1.55830,1.57440,1.55860
2002/09/05,Thu,1.56630,1.57210,1.57350,1.56580
2002/09/04,Wed,1.55300,1.56660,1.57020,1.55130
2002/09/03,Tue,1.55760,1.55280,1.55780,1.55030
2002/09/02,Mon,1.55920,1.55740,1.55970,1.55510
2002/09/01,Sun,,,,
2002/08/31,Sat,,,,
2002/08/30,Fri,1.55920,1.55840,1.56200,1.55610
2002/08/29,Thu,1.55960,1.55850,1.56480,1.55480
2002/08/28,Wed,1.55380,1.55880,1.56040,1.55210
2002/08/27,Tue,1.55510,1.55350,1.55640,1.54910
2002/08/26,Mon,1.55640,1.55500,1.56080,1.55450
2002/08/25,Sun,,,,
2002/08/24,Sat,,,,
2002/08/23,Fri,1.55930,1.55600,1.56180,1.55490
2002/08/22,Thu,1.55610,1.55900,1.56250,1.55110
2002/08/21,Wed,1.56760,1.55330,1.57130,1.55360
2002/08/20,Tue,1.57390,1.56750,1.57510,1.56490
2002/08/19,Mon,1.55960,1.57380,1.57470,1.55720
2002/08/18,Sun,,,,
2002/08/17,Sat,,,,
2002/08/16,Fri,1.55910,1.55870,1.56270,1.55730
2002/08/15,Thu,1.56390,1.55850,1.56440,1.55630
2002/08/14,Wed,1.56460,1.56280,1.56800,1.55790
2002/08/13,Tue,1.57450,1.56450,1.57740,1.56150
2002/08/12,Mon,1.57260,1.57390,1.57700,1.56860
2002/08/11,Sun,,,,
2002/08/10,Sat,,,,
2002/08/09,Fri,1.57980,1.57200,1.58130,1.57020
2002/08/08,Thu,1.57720,1.57950,1.58430,1.57030
2002/08/07,Wed,1.58460,1.57700,1.59090,1.57510
2002/08/06,Tue,1.59680,1.58460,1.60490,1.58200
2002/08/05,Mon,1.58530,1.59600,1.59820,1.58110
2002/08/04,Sun,,,,
2002/08/03,Sat,,,,
2002/08/02,Fri,1.59060,1.58420,1.59220,1.58390
2002/08/01,Thu,1.58410,1.59070,1.59260,1.58170
2002/07/31,Wed,1.57490,1.58370,1.58730,1.57020
2002/07/30,Tue,1.57230,1.57470,1.57730,1.56470
2002/07/29,Mon,1.58600,1.57170,1.58690,1.56950
2002/07/28,Sun,,,,
2002/07/27,Sat,,,,
2002/07/26,Fri,1.56860,1.58650,1.58950,1.56790
2002/07/25,Thu,1.56310,1.56800,1.57500,1.56210
2002/07/24,Wed,1.58270,1.56250,1.59630,1.55910
2002/07/23,Tue,1.56410,1.58230,1.58940,1.56300
2002/07/22,Mon,1.54330,1.56400,1.56630,1.54000
2002/07/21,Sun,,,,
2002/07/20,Sat,,,,
2002/07/19,Fri,1.54490,1.54300,1.54490,1.53260
2002/07/18,Thu,1.53960,1.54480,1.54620,1.53900
2002/07/17,Wed,1.53850,1.53930,1.54580,1.53640
2002/07/16,Tue,1.53900,1.53750,1.53980,1.53140
2002/07/15,Mon,1.53260,1.53850,1.54030,1.52820
2002/07/14,Sun,,,,
2002/07/13,Sat,,,,
2002/07/12,Fri,1.52350,1.53330,1.53410,1.52200
2002/07/11,Thu,1.52010,1.52500,1.52690,1.51640
2002/07/10,Wed,1.51160,1.52000,1.52330,1.51080
2002/07/09,Tue,1.52340,1.51170,1.52690,1.51120
2002/07/08,Mon,1.52390,1.52310,1.52520,1.51600
2002/07/07,Sun,,,,
2002/07/06,Sat,,,,
2002/07/05,Fri,1.52820,1.52210,1.53430,1.52220
2002/07/04,Thu,1.53180,1.52760,1.53450,1.52740
2002/07/03,Wed,1.52690,1.53120,1.53470,1.52450
2002/07/02,Tue,1.51650,1.52620,1.53010,1.51600
2002/07/01,Mon,1.51770,1.51570,1.52000,1.51360
2002/06/30,Sun,,,,
2002/06/29,Sat,,,,
2002/06/28,Fri,1.51080,1.51850,1.52180,1.50290
2002/06/27,Thu,1.51870,1.51050,1.51950,1.50840
2002/06/26,Wed,1.51520,1.51890,1.52200,1.50790
2002/06/25,Tue,1.52100,1.51480,1.52380,1.51480
2002/06/24,Mon,1.52080,1.52050,1.52440,1.51490
2002/06/23,Sun,,,,
2002/06/22,Sat,,,,
2002/06/21,Fri,1.52780,1.52010,1.53050,1.51770
2002/06/20,Thu,1.54040,1.52730,1.54100,1.52700
2002/06/19,Wed,1.54510,1.54030,1.54540,1.53800
2002/06/18,Tue,1.54670,1.54560,1.54730,1.54200
2002/06/17,Mon,1.54630,1.54630,1.55150,1.54570
2002/06/16,Sun,,,,
2002/06/15,Sat,,,,
2002/06/14,Fri,1.53950,1.54650,1.55240,1.53920
2002/06/13,Thu,1.53560,1.53880,1.54020,1.53540
2002/06/12,Wed,1.53600,1.53490,1.53850,1.53440
2002/06/11,Tue,1.53920,1.53530,1.54130,1.53500
2002/06/10,Mon,1.53220,1.53940,1.53990,1.53190
2002/06/09,Sun,,,,
2002/06/08,Sat,,,,
2002/06/07,Fri,1.53340,1.53180,1.53380,1.52880
2002/06/06,Thu,1.53150,1.53250,1.53490,1.53030
2002/06/05,Wed,1.53150,1.53240,1.53780,1.52960
2002/06/04,Tue,1.52720,1.53120,1.53240,1.52440
2002/06/03,Mon,1.53800,1.52690,1.54030,1.52600
2002/06/02,Sun,,,,
2002/06/01,Sat,,,,
2002/05/31,Fri,1.53430,1.53250,1.53570,1.52590
2002/05/30,Thu,1.53450,1.53380,1.53830,1.53220
2002/05/29,Wed,1.53110,1.53440,1.53560,1.52800
2002/05/28,Tue,1.53320,1.53050,1.53680,1.52880
2002/05/27,Mon,1.53340,1.53280,1.53660,1.53260
2002/05/26,Sun,,,,
2002/05/25,Sat,,,,
2002/05/24,Fri,1.53560,1.53200,1.54200,1.53210
2002/05/23,Thu,1.53210,1.53560,1.53850,1.53200
2002/05/22,Wed,1.53730,1.53180,1.54080,1.53140
2002/05/21,Tue,1.54200,1.53640,1.54430,1.53500
2002/05/20,Mon,1.54650,1.54140,1.54670,1.53930
2002/05/19,Sun,,,,
2002/05/18,Sat,,,,
2002/05/17,Fri,1.55460,1.54340,1.55660,1.54150
2002/05/16,Thu,1.55690,1.55430,1.55870,1.55150
2002/05/15,Wed,1.55840,1.55650,1.56030,1.55350
2002/05/14,Tue,1.55490,1.55780,1.56290,1.55400
2002/05/13,Mon,1.55750,1.55430,1.56010,1.55400
2002/05/12,Sun,,,,
2002/05/11,Sat,,,,
2002/05/10,Fri,1.56510,1.55780,1.56600,1.55580
2002/05/09,Thu,1.56970,1.56460,1.57230,1.56460
2002/05/08,Wed,1.56740,1.56970,1.57240,1.56360
2002/05/07,Tue,1.56810,1.56660,1.57200,1.56520
2002/05/06,Mon,1.56310,1.56790,1.56940,1.56230
2002/05/05,Sun,,,,
2002/05/04,Sat,,,,
2002/05/03,Fri,1.56230,1.56560,1.56710,1.55730
2002/05/02,Thu,1.55960,1.56120,1.56480,1.55920
2002/05/01,Wed,1.56750,1.55930,1.56900,1.55640
2002/04/30,Tue,1.56690,1.56730,1.57080,1.56550
2002/04/29,Mon,1.56220,1.56650,1.56850,1.56030
2002/04/28,Sun,,,,
2002/04/27,Sat,,,,
2002/04/26,Fri,1.56500,1.56200,1.56640,1.56070
2002/04/25,Thu,1.56740,1.56470,1.56790,1.56200
2002/04/24,Wed,1.57310,1.56730,1.57440,1.56620
2002/04/23,Tue,1.57090,1.57240,1.57590,1.57040
2002/04/22,Mon,1.57160,1.57010,1.57580,1.57040
2002/04/21,Sun,,,,
2002/04/20,Sat,,,,
2002/04/19,Fri,1.57430,1.57170,1.57670,1.57040
2002/04/18,Thu,1.57530,1.57500,1.57800,1.57050
2002/04/17,Wed,1.58180,1.57440,1.58240,1.57160
2002/04/16,Tue,1.58670,1.58170,1.58920,1.57890
2002/04/15,Mon,1.58580,1.58620,1.59180,1.58460
2002/04/14,Sun,,,,
2002/04/13,Sat,,,,
2002/04/12,Fri,1.58880,1.58490,1.59020,1.58510
2002/04/11,Thu,1.59260,1.58800,1.59310,1.58630
2002/04/10,Wed,1.59570,1.59210,1.59660,1.58950
2002/04/09,Tue,1.59560,1.59530,1.59890,1.59230
2002/04/08,Mon,1.58880,1.59500,1.59740,1.58600
2002/04/07,Sun,,,,
2002/04/06,Sat,,,,
2002/04/05,Fri,1.59360,1.58910,1.59640,1.58760
2002/04/04,Thu,1.58950,1.59300,1.59500,1.58850
2002/04/03,Wed,1.59320,1.58920,1.59390,1.58730
2002/04/02,Tue,1.59840,1.59280,1.60140,1.59120
2002/04/01,Mon,1.59490,1.59760,1.60260,1.59240
2002/03/31,Sun,,,,
2002/03/30,Sat,,,,
2002/03/29,Fri,1.59340,1.59520,1.59580,1.59180
2002/03/28,Thu,1.59480,1.59240,1.59680,1.59170
2002/03/27,Wed,1.59180,1.59470,1.59660,1.58650
2002/03/26,Tue,1.58440,1.59170,1.59490,1.58240
2002/03/25,Mon,1.57720,1.58360,1.58650,1.57680
2002/03/24,Sun,,,,
2002/03/23,Sat,,,,
2002/03/22,Fri,1.57830,1.57720,1.57920,1.57390
2002/03/21,Thu,1.58000,1.57760,1.58270,1.57740
2002/03/20,Wed,1.58450,1.58000,1.58600,1.57770
2002/03/19,Tue,1.58420,1.58400,1.58610,1.58000
2002/03/18,Mon,1.58380,1.58410,1.58820,1.58350
2002/03/17,Sun,,,,
2002/03/16,Sat,,,,
2002/03/15,Fri,1.59090,1.58360,1.59340,1.58330
2002/03/14,Thu,1.59570,1.59070,1.59790,1.59080
2002/03/13,Wed,1.58600,1.59510,1.59880,1.58460
2002/03/12,Tue,1.58270,1.58500,1.58650,1.58150
2002/03/11,Mon,1.58630,1.58310,1.58790,1.58300
2002/03/10,Sun,,,,
2002/03/09,Sat,,,,
2002/03/08,Fri,1.58360,1.58630,1.58690,1.58290
2002/03/07,Thu,1.58140,1.58250,1.58430,1.57720
2002/03/06,Wed,1.58840,1.58150,1.58900,1.58000
2002/03/05,Tue,1.59060,1.58760,1.59220,1.58740
2002/03/04,Mon,1.59290,1.59020,1.59360,1.58760
2002/03/03,Sun,,,,
2002/03/02,Sat,,,,
2002/03/01,Fri,1.60200,1.59150,1.60420,1.59110
2002/02/28,Thu,1.60850,1.60100,1.60950,1.60150
2002/02/27,Wed,1.60980,1.60880,1.61170,1.60480
2002/02/26,Tue,1.60070,1.60900,1.61250,1.60050
2002/02/25,Mon,1.59660,1.60020,1.60290,1.59570
2002/02/24,Sun,,,,
2002/02/23,Sat,,,,
2002/02/22,Fri,1.59070,1.59550,1.59800,1.59020
2002/02/21,Thu,1.58880,1.59010,1.59260,1.58740
2002/02/20,Wed,1.59020,1.58850,1.59170,1.58710
2002/02/19,Tue,1.59250,1.59000,1.59410,1.58550
2002/02/18,Mon,1.58980,1.59270,1.59430,1.58920
2002/02/17,Sun,,,,
2002/02/16,Sat,,,,
2002/02/15,Fri,1.59200,1.58910,1.59340,1.58850
2002/02/14,Thu,1.59060,1.59230,1.59360,1.58700
2002/02/13,Wed,1.59160,1.59040,1.59580,1.58960
2002/02/12,Tue,1.59070,1.59110,1.59410,1.58850
2002/02/11,Mon,1.59830,1.58980,1.59860,1.58800
2002/02/10,Sun,,,,
2002/02/09,Sat,,,,
2002/02/08,Fri,1.59890,1.59750,1.60220,1.59370
2002/02/07,Thu,1.60520,1.59850,1.60890,1.59750
2002/02/06,Wed,1.59750,1.60460,1.60520,1.59620
2002/02/05,Tue,1.59720,1.59630,1.60050,1.59610
2002/02/04,Mon,1.59030,1.59620,1.59730,1.58950
2002/02/03,Sun,,,,
2002/02/02,Sat,,,,
2002/02/01,Fri,1.58830,1.58990,1.59340,1.58700
2002/01/31,Thu,1.58830,1.58580,1.59550,1.58270
2002/01/30,Wed,1.59440,1.58790,1.59530,1.58570
2002/01/29,Tue,1.60140,1.59300,1.60150,1.58370
2002/01/28,Mon,1.61060,1.59880,1.61300,1.59850
2002/01/27,Sun,,,,
2002/01/26,Sat,,,,
2002/01/25,Fri,1.60330,1.60990,1.61250,1.60220
2002/01/24,Thu,1.60220,1.60220,1.60440,1.59910
2002/01/23,Wed,1.60900,1.60110,1.61140,1.60110
2002/01/22,Tue,1.61200,1.60780,1.61380,1.60690
2002/01/21,Mon,1.61820,1.61250,1.61910,1.61080
2002/01/20,Sun,,,,
2002/01/19,Sat,,,,
2002/01/18,Fri,1.61170,1.61420,1.61520,1.60980
2002/01/17,Thu,1.59930,1.60980,1.61680,1.59800
2002/01/16,Wed,1.58890,1.59840,1.59970,1.58780
2002/01/15,Tue,1.59510,1.58870,1.59540,1.58680
2002/01/14,Mon,1.59610,1.59450,1.59860,1.59390
2002/01/13,Sun,,,,
2002/01/12,Sat,,,,
2002/01/11,Fri,1.59810,1.59640,1.60200,1.59500
2002/01/10,Thu,1.59680,1.59850,1.60480,1.59590
2002/01/09,Wed,1.59570,1.59640,1.59770,1.59330
2002/01/08,Tue,1.59880,1.59550,1.60260,1.59320
2002/01/07,Mon,1.59570,1.59880,1.59920,1.59320
2002/01/06,Sun,,,,
2002/01/05,Sat,,,,
2002/01/04,Fri,1.59820,1.59440,1.59940,1.59450
2002/01/03,Thu,1.59740,1.59770,1.59860,1.59130
2002/01/02,Wed,1.59240,1.59730,1.59910,1.59060
2002/01/01,Tue,,,,
2001/12/31,Mon,1.59000,1.59170,1.59760,1.58900
2001/12/30,Sun,,,,
2001/12/29,Sat,,,,
2001/12/28,Fri,1.59760,1.59020,1.59890,1.59000
2001/12/27,Thu,1.60110,1.59720,1.60440,1.59260
2001/12/26,Wed,1.59480,1.60060,1.60200,1.59370
2001/12/25,Tue,1.59360,1.59440,1.59590,1.59320
2001/12/24,Mon,1.58580,1.59330,1.60550,1.58490
2001/12/23,Sun,,,,
2001/12/22,Sat,,,,
2001/12/21,Fri,1.57940,1.58490,1.58610,1.57700
2001/12/20,Thu,1.57520,1.57850,1.58010,1.57390
2001/12/19,Wed,1.57400,1.57410,1.57790,1.57240
2001/12/18,Tue,1.56780,1.57350,1.57540,1.56550
2001/12/17,Mon,1.56170,1.56660,1.56690,1.55850
2001/12/16,Sun,,,,
2001/12/15,Sat,,,,
2001/12/14,Fri,1.57020,1.56090,1.57180,1.55840
2001/12/13,Thu,1.56710,1.56900,1.56940,1.56400
2001/12/12,Wed,1.57280,1.56660,1.57320,1.56400
2001/12/11,Tue,1.57840,1.57330,1.57910,1.57260
2001/12/10,Mon,1.57520,1.57810,1.57970,1.57450
2001/12/09,Sun,,,,
2001/12/08,Sat,,,,
2001/12/07,Fri,1.57300,1.57510,1.57730,1.57150
2001/12/06,Thu,1.57510,1.57240,1.57770,1.57090
2001/12/05,Wed,1.57130,1.57380,1.57530,1.56990
2001/12/04,Tue,1.57700,1.57100,1.57780,1.56940
2001/12/03,Mon,1.57300,1.57660,1.57790,1.57210
2001/12/02,Sun,,,,
2001/12/01,Sat,,,,
2001/11/30,Fri,1.58080,1.57270,1.58180,1.56980
2001/11/29,Thu,1.58430,1.58050,1.58520,1.57930
2001/11/28,Wed,1.59360,1.58390,1.59470,1.58310
2001/11/27,Tue,1.59920,1.59290,1.60020,1.59130
2001/11/26,Mon,1.59910,1.59980,1.60200,1.59740
2001/11/25,Sun,,,,
2001/11/24,Sat,,,,
2001/11/23,Fri,1.60000,1.59880,1.60100,1.59610
2001/11/22,Thu,1.60060,1.59950,1.60260,1.59850
2001/11/21,Wed,1.59490,1.60040,1.60270,1.59410
2001/11/20,Tue,1.58850,1.59480,1.59590,1.58780
2001/11/19,Mon,1.58990,1.58820,1.58990,1.58240
2001/11/18,Sun,,,,
2001/11/17,Sat,,,,
2001/11/16,Fri,1.58780,1.58900,1.59300,1.58650
2001/11/15,Thu,1.59220,1.58720,1.59280,1.58570
2001/11/14,Wed,1.59380,1.59180,1.59460,1.58770
2001/11/13,Tue,1.60320,1.59370,1.60430,1.59370
2001/11/12,Mon,1.60290,1.60260,1.60500,1.60100
2001/11/11,Sun,,,,
2001/11/10,Sat,,,,
2001/11/09,Fri,1.59890,1.60270,1.60530,1.59710
2001/11/08,Thu,1.59870,1.59900,1.59960,1.59500
2001/11/07,Wed,1.59230,1.59840,1.59940,1.58960
2001/11/06,Tue,1.59310,1.59210,1.59690,1.58920
2001/11/05,Mon,1.59130,1.59280,1.59650,1.58960
2001/11/04,Sun,,,,
2001/11/03,Sat,,,,
2001/11/02,Fri,1.59580,1.59130,1.59720,1.58990
2001/11/01,Thu,1.58880,1.59520,1.59600,1.58820
2001/10/31,Wed,1.57780,1.58840,1.58900,1.57680
2001/10/30,Tue,1.57510,1.57800,1.58010,1.57370
2001/10/29,Mon,1.57670,1.57460,1.57730,1.57340
2001/10/28,Sun,,,,
2001/10/27,Sat,,,,
2001/10/26,Fri,1.57380,1.57600,1.57850,1.57320
2001/10/25,Thu,1.57450,1.57330,1.57850,1.57260
2001/10/24,Wed,1.57240,1.57380,1.57700,1.57030
2001/10/23,Tue,1.57840,1.57180,1.58030,1.56950
2001/10/22,Mon,1.57570,1.57830,1.58060,1.57450
2001/10/21,Sun,,,,
2001/10/20,Sat,,,,
2001/10/19,Fri,1.57800,1.57430,1.57890,1.57420
2001/10/18,Thu,1.57040,1.57730,1.58020,1.56990
2001/10/17,Wed,1.56510,1.57040,1.57070,1.56270
2001/10/16,Tue,1.55800,1.56520,1.56600,1.55740
2001/10/15,Mon,1.56260,1.55750,1.56330,1.55560
2001/10/14,Sun,,,,
2001/10/13,Sat,,,,
2001/10/12,Fri,1.56500,1.56250,1.56900,1.56100
2001/10/11,Thu,1.56770,1.56440,1.57040,1.56370
2001/10/10,Wed,1.56620,1.56720,1.56950,1.56190
2001/10/09,Tue,1.56190,1.56520,1.56740,1.55780
2001/10/08,Mon,1.56240,1.56160,1.56370,1.56080
2001/10/07,Sun,,,,
2001/10/06,Sat,,,,
2001/10/05,Fri,1.56920,1.56180,1.57190,1.56080
2001/10/04,Thu,1.56880,1.56890,1.56970,1.56500
2001/10/03,Wed,1.56780,1.56850,1.56940,1.56580
2001/10/02,Tue,1.57390,1.56720,1.57470,1.56670
2001/10/01,Mon,1.57910,1.57180,1.58000,1.57220
2001/09/30,Sun,,,,
2001/09/29,Sat,,,,
2001/09/28,Fri,1.57840,1.57910,1.58120,1.57530
2001/09/27,Thu,1.57220,1.57750,1.57970,1.57130
2001/09/26,Wed,1.57030,1.57170,1.57550,1.56990
2001/09/25,Tue,1.57070,1.57000,1.57190,1.56600
2001/09/24,Mon,1.56980,1.56970,1.57200,1.56680
2001/09/23,Sun,,,,
2001/09/22,Sat,,,,
2001/09/21,Fri,1.57140,1.57100,1.57210,1.56240
2001/09/20,Thu,1.56940,1.57140,1.57300,1.56620
2001/09/19,Wed,1.57240,1.56850,1.57410,1.56620
2001/09/18,Tue,1.56980,1.57200,1.57400,1.56930
2001/09/17,Mon,1.56400,1.56980,1.57190,1.50510
2001/09/16,Sun,,,,
2001/09/15,Sat,,,,
2001/09/14,Fri,1.56640,1.56400,1.57060,1.56290
2001/09/13,Thu,1.56210,1.56590,1.56940,1.55870
2001/09/12,Wed,1.56440,1.56150,1.56570,1.55680
2001/09/11,Tue,1.56340,1.56420,1.57260,1.55850
2001/09/10,Mon,1.56610,1.56260,1.56800,1.56180
2001/09/09,Sun,,,,
2001/09/08,Sat,,,,
2001/09/07,Fri,1.55740,1.56500,1.56840,1.55600
2001/09/06,Thu,1.55660,1.55680,1.56020,1.55430
2001/09/05,Wed,1.55890,1.55610,1.56390,1.55530
2001/09/04,Tue,1.55070,1.55830,1.56130,1.54590
2001/09/03,Mon,1.55000,1.55080,1.55190,1.54900
2001/09/02,Sun,,,,
2001/09/01,Sat,,,,
2001/08/31,Fri,1.54510,1.55070,1.55200,1.54180
2001/08/30,Thu,1.54550,1.54450,1.54800,1.54370
2001/08/29,Wed,1.53930,1.54500,1.54670,1.53800
2001/08/28,Tue,1.54010,1.53880,1.54410,1.53790
2001/08/27,Mon,1.53960,1.53970,1.54400,1.53930
2001/08/26,Sun,,,,
2001/08/25,Sat,,,,
2001/08/24,Fri,1.54000,1.53870,1.54230,1.53740
2001/08/23,Thu,1.54310,1.53970,1.54420,1.53980
2001/08/22,Wed,1.54820,1.54060,1.54970,1.54110
2001/08/21,Tue,1.54490,1.54790,1.55050,1.54350
2001/08/20,Mon,1.54270,1.54470,1.54740,1.54190
2001/08/19,Sun,,,,
2001/08/18,Sat,,,,
2001/08/17,Fri,1.53770,1.54260,1.54450,1.53470
2001/08/16,Thu,1.52780,1.53740,1.53950,1.52500
2001/08/15,Wed,1.53610,1.52680,1.53710,1.52580
2001/08/14,Tue,1.53830,1.53510,1.54180,1.53510
2001/08/13,Mon,1.53990,1.53760,1.54020,1.53690
2001/08/12,Sun,,,,
2001/08/11,Sat,,,,
2001/08/10,Fri,1.53900,1.53900,1.54370,1.53800
2001/08/09,Thu,1.53450,1.53870,1.54110,1.53260
2001/08/08,Wed,1.53500,1.53370,1.53640,1.53050
2001/08/07,Tue,1.52570,1.53510,1.53590,1.52540
2001/08/06,Mon,1.53010,1.52490,1.53070,1.52350
2001/08/05,Sun,,,,
2001/08/04,Sat,,,,
2001/08/03,Fri,1.53420,1.52880,1.53690,1.52910
2001/08/02,Thu,1.53600,1.53400,1.54190,1.53280
2001/08/01,Wed,1.53370,1.53600,1.53850,1.53230
2001/07/31,Tue,1.52990,1.53300,1.53430,1.52500
2001/07/30,Mon,1.53240,1.52940,1.53470,1.52880
2001/07/29,Sun,,,,
2001/07/28,Sat,,,,
2001/07/27,Fri,1.53330,1.53120,1.53730,1.52940
2001/07/26,Thu,1.53680,1.53330,1.53870,1.53120
2001/07/25,Wed,1.54020,1.53620,1.54090,1.53550
2001/07/24,Tue,1.54460,1.53960,1.54490,1.53770
2001/07/23,Mon,1.54330,1.54460,1.54710,1.54180
2001/07/22,Sun,,,,
2001/07/21,Sat,,,,
2001/07/20,Fri,1.54090,1.54280,1.54760,1.53850
2001/07/19,Thu,1.53770,1.54020,1.54430,1.53530
2001/07/18,Wed,1.53850,1.53680,1.54200,1.53240
2001/07/17,Tue,1.53800,1.53790,1.54140,1.53450
2001/07/16,Mon,1.53660,1.53740,1.54280,1.53620
2001/07/15,Sun,,,,
2001/07/14,Sat,,,,
2001/07/13,Fri,1.52780,1.53600,1.54150,1.52700
2001/07/12,Thu,1.52650,1.52840,1.52930,1.52290
2001/07/11,Wed,1.51990,1.52550,1.52930,1.51850
2001/07/10,Tue,1.52120,1.51960,1.52400,1.51850
2001/07/09,Mon,1.52290,1.52110,1.52370,1.51720
2001/07/08,Sun,,,,
2001/07/07,Sat,,,,
2001/07/06,Fri,1.51360,1.52220,1.52360,1.51090
2001/07/05,Thu,1.51120,1.51240,1.51430,1.50740
2001/07/04,Wed,1.51110,1.51080,1.51270,1.50770
2001/07/03,Tue,1.51420,1.51060,1.51500,1.50690
2001/07/02,Mon,1.51410,1.51350,1.51660,1.51270
2001/07/01,Sun,,,,
2001/06/30,Sat,,,,
2001/06/29,Fri,1.52250,1.51420,1.52490,1.51270
2001/06/28,Thu,1.51670,1.52190,1.52720,1.51320
2001/06/27,Wed,1.51700,1.51660,1.51890,1.51010
2001/06/26,Tue,1.51780,1.51670,1.52040,1.51280
2001/06/25,Mon,1.52270,1.51710,1.52290,1.51510
2001/06/24,Sun,,,,
2001/06/23,Sat,,,,
2001/06/22,Fri,1.52230,1.52220,1.53030,1.52200
2001/06/21,Thu,1.53360,1.52270,1.53410,1.52200
2001/06/20,Wed,1.53430,1.53280,1.53770,1.52950
2001/06/19,Tue,1.53450,1.53370,1.53620,1.53050
2001/06/18,Mon,1.52410,1.53360,1.53560,1.52400
2001/06/17,Sun,,,,
2001/06/16,Sat,,,,
2001/06/15,Fri,1.52050,1.52380,1.52970,1.51870
2001/06/14,Thu,1.51730,1.52000,1.52390,1.51390
2001/06/13,Wed,1.52370,1.51630,1.52590,1.51550
2001/06/12,Tue,1.51950,1.52380,1.52760,1.51770
2001/06/11,Mon,1.51960,1.51900,1.52130,1.51530
2001/06/10,Sun,,,,
2001/06/09,Sat,,,,
2001/06/08,Fri,1.52120,1.51720,1.52290,1.51750
2001/06/07,Thu,1.52370,1.52120,1.52500,1.51910
2001/06/06,Wed,1.53090,1.52320,1.53210,1.52310
2001/06/05,Tue,1.53650,1.53080,1.53850,1.52850
2001/06/04,Mon,1.53540,1.53620,1.53730,1.52940
2001/06/03,Sun,,,,
2001/06/02,Sat,,,,
2001/06/01,Fri,1.53810,1.53620,1.53870,1.52940
2001/05/31,Thu,1.54370,1.53780,1.55140,1.53650
2001/05/30,Wed,1.53660,1.54280,1.54720,1.53450
2001/05/29,Tue,1.54350,1.53600,1.54920,1.53570
2001/05/28,Mon,1.54500,1.54340,1.54790,1.54200
2001/05/27,Sun,,,,
2001/05/26,Sat,,,,
2001/05/25,Fri,1.54660,1.54500,1.54990,1.54100
2001/05/24,Thu,1.55130,1.54600,1.55300,1.54550
2001/05/23,Wed,1.54040,1.55080,1.55390,1.54020
2001/05/22,Tue,1.53700,1.54000,1.54410,1.53540
2001/05/21,Mon,1.53260,1.53670,1.53790,1.53140
2001/05/20,Sun,,,,
2001/05/19,Sat,,,,
2001/05/18,Fri,1.53600,1.53330,1.53950,1.53150
2001/05/17,Thu,1.53920,1.53570,1.53980,1.53360
2001/05/16,Wed,1.54580,1.53860,1.54800,1.53690
2001/05/15,Tue,1.55280,1.54520,1.55630,1.54540
2001/05/14,Mon,1.54990,1.55240,1.55450,1.54820
2001/05/13,Sun,,,,
2001/05/12,Sat,,,,
2001/05/11,Fri,1.54340,1.55020,1.55230,1.53820
2001/05/10,Thu,1.53870,1.54260,1.54390,1.53640
2001/05/09,Wed,1.54270,1.53840,1.54550,1.53750
2001/05/08,Tue,1.54230,1.54170,1.54730,1.54040
2001/05/07,Mon,1.53590,1.54170,1.54270,1.53240
2001/05/06,Sun,,,,
2001/05/05,Sat,,,,
2001/05/04,Fri,1.53310,1.53480,1.53580,1.52730
2001/05/03,Thu,1.53170,1.53250,1.53540,1.52970
2001/05/02,Wed,1.53270,1.53110,1.53380,1.52870
2001/05/01,Tue,1.53520,1.53220,1.53750,1.53100
2001/04/30,Mon,1.54300,1.53480,1.54450,1.53300
2001/04/29,Sun,,,,
2001/04/28,Sat,,,,
2001/04/27,Fri,1.54310,1.54180,1.54700,1.53950
2001/04/26,Thu,1.54840,1.54220,1.55030,1.54190
2001/04/25,Wed,1.54620,1.54800,1.55230,1.53940
2001/04/24,Tue,1.54850,1.54520,1.55250,1.54520
2001/04/23,Mon,1.54540,1.54800,1.55090,1.54250
2001/04/22,Sun,,,,
2001/04/21,Sat,,,,
2001/04/20,Fri,1.54950,1.54440,1.55030,1.54230
2001/04/19,Thu,1.56950,1.54790,1.56980,1.54600
2001/04/18,Wed,1.56410,1.56370,1.57430,1.56190
2001/04/17,Tue,1.56170,1.56420,1.56470,1.55470
2001/04/16,Mon,1.56310,1.56160,1.56490,1.56000
2001/04/15,Sun,,,,
2001/04/14,Sat,,,,
2001/04/13,Fri,1.56180,1.56080,1.56370,1.56090
2001/04/12,Thu,1.56190,1.56200,1.56360,1.55610
2001/04/11,Wed,1.55520,1.56220,1.56360,1.55490
2001/04/10,Tue,1.56470,1.55530,1.56610,1.55400
2001/04/09,Mon,1.56410,1.56420,1.56590,1.56190
2001/04/08,Sun,,,,
2001/04/07,Sat,,,,
2001/04/06,Fri,1.57380,1.56420,1.57550,1.56050
2001/04/05,Thu,1.57420,1.57330,1.58030,1.57100
2001/04/04,Wed,1.57670,1.57310,1.57850,1.56650
2001/04/03,Tue,1.58100,1.57620,1.58270,1.57670
2001/04/02,Mon,1.57640,1.58080,1.58150,1.57270
2001/04/01,Sun,,,,
2001/03/31,Sat,,,,
2001/03/30,Fri,1.57340,1.57590,1.57960,1.57030
2001/03/29,Thu,1.56480,1.57330,1.57530,1.56360
2001/03/28,Wed,1.56850,1.56400,1.57360,1.56230
2001/03/27,Tue,1.55720,1.56740,1.57000,1.55530
2001/03/26,Mon,1.56430,1.55640,1.56710,1.55330
2001/03/25,Sun,,,,
2001/03/24,Sat,,,,
2001/03/23,Fri,1.57050,1.56420,1.57220,1.56370
2001/03/22,Thu,1.57050,1.57100,1.57590,1.56740
2001/03/21,Wed,1.56640,1.57480,1.57630,1.56480
2001/03/20,Tue,1.56660,1.56480,1.56720,1.55830
2001/03/19,Mon,1.56860,1.56560,1.57120,1.56340
2001/03/18,Sun,,,,
2001/03/17,Sat,,,,
2001/03/16,Fri,1.56040,1.56840,1.56940,1.55850
2001/03/15,Thu,1.55710,1.55930,1.56190,1.55520
2001/03/14,Wed,1.54370,1.55720,1.55970,1.54170
2001/03/13,Tue,1.55150,1.54350,1.55340,1.54230
2001/03/12,Mon,1.54680,1.55120,1.55240,1.54410
2001/03/11,Sun,,,,
2001/03/10,Sat,,,,
2001/03/09,Fri,1.54760,1.54680,1.55030,1.54390
2001/03/08,Thu,1.54980,1.54520,1.55160,1.54550
2001/03/07,Wed,1.53830,1.54940,1.55100,1.53760
2001/03/06,Tue,1.54660,1.53720,1.54710,1.53690
2001/03/05,Mon,1.54460,1.54700,1.54880,1.54150
2001/03/04,Sun,,,,
2001/03/03,Sat,,,,
2001/03/02,Fri,1.54750,1.54400,1.54960,1.54190
2001/03/01,Thu,1.53700,1.54710,1.54950,1.53570
2001/02/28,Wed,1.52960,1.53560,1.53690,1.52620
2001/02/27,Tue,1.52850,1.52950,1.53170,1.52490
2001/02/26,Mon,1.53700,1.52800,1.53890,1.52820
2001/02/25,Sun,,,,
2001/02/24,Sat,,,,
2001/02/23,Fri,1.53900,1.53690,1.54000,1.53650
2001/02/22,Thu,1.53640,1.53860,1.53950,1.53430
2001/02/21,Wed,1.54030,1.53590,1.54250,1.53440
2001/02/20,Tue,1.53460,1.53940,1.54070,1.53310
2001/02/19,Mon,1.53890,1.53420,1.54360,1.53280
2001/02/18,Sun,,,,
2001/02/17,Sat,,,,
2001/02/16,Fri,1.52990,1.53950,1.54150,1.52920
2001/02/15,Thu,1.52850,1.52880,1.53010,1.52520
2001/02/14,Wed,1.52220,1.52780,1.52970,1.51950
2001/02/13,Tue,1.52180,1.52120,1.52650,1.52000
2001/02/12,Mon,1.51110,1.52120,1.52250,1.51030
2001/02/11,Sun,,,,
2001/02/10,Sat,,,,
2001/02/09,Fri,1.51050,1.51020,1.51180,1.50660
2001/02/08,Thu,1.50960,1.51000,1.51400,1.50770
2001/02/07,Wed,1.51080,1.50950,1.51480,1.50750
2001/02/06,Tue,1.50760,1.51080,1.51250,1.50620
2001/02/05,Mon,1.49710,1.50680,1.50810,1.49620
2001/02/04,Sun,,,,
2001/02/03,Sat,,,,
2001/02/02,Fri,1.49420,1.49520,1.49580,1.49000
2001/02/01,Thu,1.49850,1.49320,1.50040,1.49110
2001/01/31,Wed,1.50370,1.49790,1.50470,1.49680
2001/01/30,Tue,1.50130,1.50180,1.50450,1.49710
2001/01/29,Mon,1.50570,1.50050,1.50650,1.50020
2001/01/28,Sun,,,,
2001/01/27,Sat,,,,
2001/01/26,Fri,1.50710,1.50430,1.50800,1.50100
2001/01/25,Thu,1.51250,1.50720,1.51660,1.50570
2001/01/24,Wed,1.51090,1.51220,1.51570,1.50870
2001/01/23,Tue,1.50280,1.51040,1.51170,1.50050
2001/01/22,Mon,1.51140,1.50260,1.51190,1.50230
2001/01/21,Sun,,,,
2001/01/20,Sat,,,,
2001/01/19,Fri,1.51250,1.51200,1.51530,1.50680
2001/01/18,Thu,1.51140,1.51220,1.51750,1.50840
2001/01/17,Wed,1.50630,1.51100,1.51280,1.50460
2001/01/16,Tue,1.50170,1.50610,1.50730,1.49880
2001/01/15,Mon,1.50040,1.50060,1.50800,1.50000
2001/01/14,Sun,,,,
2001/01/13,Sat,,,,
2001/01/12,Fri,1.49440,1.49960,1.50190,1.49240
2001/01/11,Thu,1.50200,1.49370,1.50280,1.49330
2001/01/10,Wed,1.49390,1.50150,1.50330,1.49350
2001/01/09,Tue,1.49500,1.49340,1.49820,1.49320
2001/01/08,Mon,1.49870,1.49350,1.49930,1.49250
2001/01/07,Sun,,,,
2001/01/06,Sat,,,,
2001/01/05,Fri,1.49850,1.49900,1.50500,1.49630
2001/01/04,Thu,1.49840,1.49770,1.50130,1.49120
2001/01/03,Wed,1.49350,1.49820,1.50010,1.49000
2001/01/02,Tue,1.49870,1.49140,1.50120,1.49050
